League,Season,Date,Time,Home,Score,Away,Attendance,Venue,Referee
La Liga,2025-2026,2025-08-15,19:00,Girona,1–3,Rayo Vallecano,12403.0,Estadi Municipal de Montilivi,Javier Alberola Rojas
La Liga,2025-2026,2025-08-15,21:30,Villarreal,2–0,Oviedo,18333.0,Estadio de la Cerámica,Alejandro Muñiz Ruiz
La Liga,2025-2026,2025-08-16,19:30,Mallorca,0–3,Barcelona,23318.0,Estadi Mallorca Son Moix,José Luis Munuera Montero
La Liga,2025-2026,2025-08-16,21:30,Alavés,2–1,Levante,12837.0,Estadio de Mendizorroza,Miguel Sesma Espinosa
La Liga,2025-2026,2025-08-16,21:30,Valencia,1–1,Real Sociedad,45333.0,Estadio de Mestalla,Jose Maria Sanchez Santos
La Liga,2025-2026,2025-08-17,17:00,Celta Vigo,0–2,Getafe,20530.0,Estadio Abanca Balaídos,Iosu Galech Apezteguia
La Liga,2025-2026,2025-08-17,19:30,Athletic Club,3–2,Sevilla,49134.0,San Mamés,Francisco Hernandez Maeso
La Liga,2025-2026,2025-08-17,21:30,Espanyol,2–1,Atlético Madrid,29612.0,RCDE Stadium,Mateo Busquets Ferrer
La Liga,2025-2026,2025-08-18,21:00,Elche,1–1,Real Betis,28585.0,Estadio Manuel Martínez Valero,Victor Garcia Verdura
La Liga,2025-2026,2025-08-19,21:00,Real Madrid,1–0,Osasuna,68407.0,Estadio Santiago Bernabéu,Adrian Cordero Vega
La Liga,2025-2026,2025-08-22,21:30,Real Betis,1–0,Alavés,54646.0,Estadio La Cartuja de Sevilla,Miguel Angel Ortiz Arias
La Liga,2025-2026,2025-08-23,17:00,Mallorca,1–1,Celta Vigo,16274.0,Estadi Mallorca Son Moix,Jose Luis Guzman Mansilla
La Liga,2025-2026,2025-08-23,19:30,Atlético Madrid,1–1,Elche,59369.0,Riyadh Air Metropolitano,César Soto Grado
La Liga,2025-2026,2025-08-23,21:30,Levante,2–3,Barcelona,23415.0,Estadio Ciudad de Valencia,Alejandro Hernandez
La Liga,2025-2026,2025-08-24,17:00,Osasuna,1–0,Valencia,21226.0,Estadio El Sadar,Jesus Gil Manzano
La Liga,2025-2026,2025-08-24,19:30,Real Sociedad,2–2,Espanyol,31616.0,Reale Arena,Alejandro Quintero Gonzalez
La Liga,2025-2026,2025-08-24,19:30,Villarreal,5–0,Girona,18195.0,Estadio de la Cerámica,Guillermo Cuadra Fernandez
La Liga,2025-2026,2025-08-24,21:30,Oviedo,0–3,Real Madrid,29758.0,Estadio Nuevo Carlos Tartiere,Ricardo De Burgos Bengoetxea
La Liga,2025-2026,2025-08-25,19:30,Athletic Club,1–0,Rayo Vallecano,48703.0,San Mamés,Juan Martinez Munuera
La Liga,2025-2026,2025-08-25,21:30,Sevilla,1–2,Getafe,36697.0,Estadio Ramón Sánchez Pizjuán,Isidro Diaz de Mera Escuderos
La Liga,2025-2026,2025-08-27,21:00,Celta Vigo,1–1,Real Betis,20302.0,Estadio Abanca Balaídos,Jesus Gil Manzano
La Liga,2025-2026,2025-08-29,19:30,Elche,2–0,Levante,26936.0,Estadio Manuel Martínez Valero,Iosu Galech Apezteguia
La Liga,2025-2026,2025-08-29,21:30,Valencia,3–0,Getafe,45449.0,Estadio de Mestalla,Francisco Hernandez Maeso
La Liga,2025-2026,2025-08-30,17:00,Alavés,1–1,Atlético Madrid,18042.0,Estadio de Mendizorroza,Victor Garcia Verdura
La Liga,2025-2026,2025-08-30,19:00,Oviedo,1–0,Real Sociedad,25688.0,Estadio Nuevo Carlos Tartiere,Adrian Cordero Vega
La Liga,2025-2026,2025-08-30,19:30,Girona,0–2,Sevilla,11305.0,Estadi Municipal de Montilivi,Miguel Angel Ortiz Arias
La Liga,2025-2026,2025-08-30,21:30,Real Madrid,2–1,Mallorca,72699.0,Estadio Santiago Bernabéu,Jose Maria Sanchez Santos
La Liga,2025-2026,2025-08-31,17:00,Celta Vigo,1–1,Villarreal,20172.0,Estadio Abanca Balaídos,Alejandro Quintero Gonzalez
La Liga,2025-2026,2025-08-31,19:00,Real Betis,1–2,Athletic Club,65222.0,Estadio La Cartuja de Sevilla,Isidro Diaz de Mera Escuderos
La Liga,2025-2026,2025-08-31,19:30,Espanyol,1–0,Osasuna,29780.0,RCDE Stadium,Miguel Sesma Espinosa
La Liga,2025-2026,2025-08-31,21:30,Rayo Vallecano,1–1,Barcelona,14438.0,Campo de Fútbol de Vallecas,Mateo Busquets Ferrer
La Liga,2025-2026,2025-09-12,21:00,Sevilla,2–2,Elche,37331.0,Estadio Ramón Sánchez Pizjuán,Javier Alberola Rojas
La Liga,2025-2026,2025-09-13,14:00,Getafe,2–0,Oviedo,8657.0,Coliseum Alfonso Pérez,Jose Luis Guzman Mansilla
La Liga,2025-2026,2025-09-13,16:15,Real Sociedad,1–2,Real Madrid,36958.0,Reale Arena,Jesus Gil Manzano
La Liga,2025-2026,2025-09-13,18:30,Athletic Club,0–1,Alavés,49136.0,San Mamés,Jose Maria Sanchez Santos
La Liga,2025-2026,2025-09-13,21:00,Atlético Madrid,2–0,Villarreal,63312.0,Riyadh Air Metropolitano,José Luis Munuera Montero
La Liga,2025-2026,2025-09-14,14:00,Celta Vigo,1–1,Girona,18862.0,Estadio Abanca Balaídos,Adrian Cordero Vega
La Liga,2025-2026,2025-09-14,16:15,Levante,2–2,Real Betis,21938.0,Estadio Ciudad de Valencia,Alejandro Muñiz Ruiz
La Liga,2025-2026,2025-09-14,18:30,Osasuna,2–0,Rayo Vallecano,20511.0,Estadio El Sadar,César Soto Grado
La Liga,2025-2026,2025-09-14,21:00,Barcelona,6–0,Valencia,5862.0,Estadi Johan Cruyff,Guillermo Cuadra Fernandez
La Liga,2025-2026,2025-09-15,21:00,Espanyol,3–2,Mallorca,26082.0,RCDE Stadium,Alejandro Hernandez
La Liga,2025-2026,2025-09-19,21:00,Real Betis,3–1,Real Sociedad,59773.0,Estadio La Cartuja de Sevilla,Mateo Busquets Ferrer
La Liga,2025-2026,2025-09-20,14:00,Girona,0–4,Levante,11048.0,Estadi Municipal de Montilivi,Alejandro Quintero Gonzalez
La Liga,2025-2026,2025-09-20,16:15,Real Madrid,2–0,Espanyol,73466.0,Estadio Santiago Bernabéu,Juan Martinez Munuera
La Liga,2025-2026,2025-09-20,18:30,Alavés,1–2,Sevilla,17525.0,Estadio de Mendizorroza,Iosu Galech Apezteguia
La Liga,2025-2026,2025-09-20,18:30,Villarreal,2–1,Osasuna,17542.0,Estadio de la Cerámica,Isidro Diaz de Mera Escuderos
La Liga,2025-2026,2025-09-20,21:00,Valencia,2–0,Athletic Club,46004.0,Estadio de Mestalla,Miguel Angel Ortiz Arias
La Liga,2025-2026,2025-09-21,14:00,Rayo Vallecano,1–1,Celta Vigo,13028.0,Campo de Fútbol de Vallecas,Victor Garcia Verdura
La Liga,2025-2026,2025-09-21,16:15,Mallorca,1–1,Atlético Madrid,21027.0,Estadi Mallorca Son Moix,Francisco Hernandez Maeso
La Liga,2025-2026,2025-09-21,18:30,Elche,1–0,Oviedo,27235.0,Estadio Manuel Martínez Valero,Miguel Sesma Espinosa
La Liga,2025-2026,2025-09-21,21:00,Barcelona,3–0,Getafe,5711.0,Estadi Johan Cruyff,Ricardo De Burgos Bengoetxea
La Liga,2025-2026,2025-09-23,19:00,Espanyol,2–2,Valencia,26802.0,RCDE Stadium,Jose Luis Guzman Mansilla
La Liga,2025-2026,2025-09-23,19:00,Athletic Club,1–1,Girona,45739.0,San Mamés,José Luis Munuera Montero
La Liga,2025-2026,2025-09-23,21:30,Levante,1–4,Real Madrid,23361.0,Estadio Ciudad de Valencia,Isidro Diaz de Mera Escuderos
La Liga,2025-2026,2025-09-23,21:30,Sevilla,1–2,Villarreal,38145.0,Estadio Ramón Sánchez Pizjuán,César Soto Grado
La Liga,2025-2026,2025-09-24,19:00,Getafe,1–1,Alavés,8005.0,Coliseum Alfonso Pérez,Alejandro Quintero Gonzalez
La Liga,2025-2026,2025-09-24,21:30,Atlético Madrid,3–2,Rayo Vallecano,54098.0,Riyadh Air Metropolitano,Alejandro Hernandez
La Liga,2025-2026,2025-09-24,21:30,Real Sociedad,1–0,Mallorca,22442.0,Reale Arena,Iosu Galech Apezteguia
La Liga,2025-2026,2025-09-25,19:30,Osasuna,1–1,Elche,19475.0,Estadio El Sadar,Adrian Cordero Vega
La Liga,2025-2026,2025-09-25,21:30,Oviedo,1–3,Barcelona,29850.0,Estadio Nuevo Carlos Tartiere,Miguel Angel Ortiz Arias
La Liga,2025-2026,2025-09-26,21:00,Girona,0–0,Espanyol,11488.0,Estadi Municipal de Montilivi,Francisco Hernandez Maeso
La Liga,2025-2026,2025-09-27,14:00,Getafe,1–1,Levante,7749.0,Coliseum Alfonso Pérez,Mateo Busquets Ferrer
La Liga,2025-2026,2025-09-27,16:15,Atlético Madrid,5–2,Real Madrid,69167.0,Riyadh Air Metropolitano,Javier Alberola Rojas
La Liga,2025-2026,2025-09-27,18:30,Mallorca,1–0,Alavés,16275.0,Estadi Mallorca Son Moix,Adrian Cordero Vega
La Liga,2025-2026,2025-09-27,21:00,Villarreal,1–0,Athletic Club,18908.0,Estadio de la Cerámica,Miguel Sesma Espinosa
La Liga,2025-2026,2025-09-28,14:00,Rayo Vallecano,0–1,Sevilla,13080.0,Campo de Fútbol de Vallecas,Jesus Gil Manzano
La Liga,2025-2026,2025-09-28,16:15,Elche,2–1,Celta Vigo,26708.0,Estadio Manuel Martínez Valero,Guillermo Cuadra Fernandez
La Liga,2025-2026,2025-09-28,18:30,Barcelona,2–1,Real Sociedad,50103.0,Estadi Olímpic Lluís Companys,Alejandro Hernandez
La Liga,2025-2026,2025-09-28,21:00,Real Betis,2–0,Osasuna,50034.0,Estadio La Cartuja de Sevilla,Victor Garcia Verdura
La Liga,2025-2026,2025-09-30,20:00,Valencia,1–2,Oviedo,40364.0,Estadio de Mestalla,Ricardo De Burgos Bengoetxea
La Liga,2025-2026,2025-10-03,21:00,Osasuna,2–1,Getafe,19895.0,Estadio El Sadar,Javier Alberola Rojas
La Liga,2025-2026,2025-10-04,14:00,Oviedo,0–2,Levante,23878.0,Estadio Nuevo Carlos Tartiere,José Luis Munuera Montero
La Liga,2025-2026,2025-10-04,16:15,Girona,2–1,Valencia,10867.0,Estadi Municipal de Montilivi,Isidro Diaz de Mera Escuderos
La Liga,2025-2026,2025-10-04,18:30,Athletic Club,2–1,Mallorca,47098.0,San Mamés,Alejandro Quintero Gonzalez
La Liga,2025-2026,2025-10-04,21:00,Real Madrid,3–1,Villarreal,75216.0,Estadio Santiago Bernabéu,Guillermo Cuadra Fernandez
La Liga,2025-2026,2025-10-05,14:00,Alavés,3–1,Elche,16203.0,Estadio de Mendizorroza,Miguel Angel Ortiz Arias
La Liga,2025-2026,2025-10-05,16:15,Sevilla,4–1,Barcelona,41040.0,Estadio Ramón Sánchez Pizjuán,Alejandro Muñiz Ruiz
La Liga,2025-2026,2025-10-05,18:30,Espanyol,1–2,Real Betis,32778.0,RCDE Stadium,Iosu Galech Apezteguia
La Liga,2025-2026,2025-10-05,18:30,Real Sociedad,0–1,Rayo Vallecano,31189.0,Reale Arena,Jose Luis Guzman Mansilla
La Liga,2025-2026,2025-10-05,21:00,Celta Vigo,1–1,Atlético Madrid,20877.0,Estadio Abanca Balaídos,César Soto Grado
La Liga,2025-2026,2025-10-17,21:00,Oviedo,0–2,Espanyol,25625.0,Estadio Nuevo Carlos Tartiere,Mateo Busquets Ferrer
La Liga,2025-2026,2025-10-18,14:00,Sevilla,1–3,Mallorca,37008.0,Estadio Ramón Sánchez Pizjuán,Victor Garcia Verdura
La Liga,2025-2026,2025-10-18,16:15,Barcelona,2–1,Girona,43172.0,Estadi Olímpic Lluís Companys,Jesus Gil Manzano
La Liga,2025-2026,2025-10-18,18:30,Villarreal,2–2,Real Betis,19238.0,Estadio de la Cerámica,Francisco Hernandez Maeso
La Liga,2025-2026,2025-10-18,21:00,Atlético Madrid,1–0,Osasuna,62884.0,Riyadh Air Metropolitano,Ricardo De Burgos Bengoetxea
La Liga,2025-2026,2025-10-19,14:00,Elche,0–0,Athletic Club,29043.0,Estadio Manuel Martínez Valero,Jose Luis Guzman Mansilla
La Liga,2025-2026,2025-10-19,16:15,Celta Vigo,1–1,Real Sociedad,19102.0,Estadio Abanca Balaídos,Juan Martinez Munuera
La Liga,2025-2026,2025-10-19,18:30,Levante,0–3,Rayo Vallecano,20312.0,Estadio Ciudad de Valencia,Miguel Sesma Espinosa
La Liga,2025-2026,2025-10-19,21:00,Getafe,0–1,Real Madrid,10090.0,Coliseum Alfonso Pérez,José Luis Munuera Montero
La Liga,2025-2026,2025-10-20,21:00,Alavés,0–0,Valencia,15564.0,Estadio de Mendizorroza,Iosu Galech Apezteguia
La Liga,2025-2026,2025-10-24,21:00,Real Sociedad,2–1,Sevilla,30965.0,Reale Arena,Adrian Cordero Vega
La Liga,2025-2026,2025-10-25,14:00,Girona,3–3,Oviedo,11120.0,Estadi Municipal de Montilivi,Alejandro Muñiz Ruiz
La Liga,2025-2026,2025-10-25,16:15,Espanyol,1–0,Elche,30820.0,RCDE Stadium,Ricardo De Burgos Bengoetxea
La Liga,2025-2026,2025-10-25,18:30,Athletic Club,0–1,Getafe,47749.0,San Mamés,Isidro Diaz de Mera Escuderos
La Liga,2025-2026,2025-10-25,21:00,Valencia,0–2,Villarreal,45560.0,Estadio de Mestalla,Javier Alberola Rojas
La Liga,2025-2026,2025-10-26,14:00,Mallorca,1–1,Levante,12964.0,Estadi Mallorca Son Moix,Miguel Angel Ortiz Arias
La Liga,2025-2026,2025-10-26,16:15,Real Madrid,2–1,Barcelona,78107.0,Estadio Santiago Bernabéu,César Soto Grado
La Liga,2025-2026,2025-10-26,18:30,Osasuna,2–3,Celta Vigo,20065.0,Estadio El Sadar,Alejandro Hernandez
La Liga,2025-2026,2025-10-26,21:00,Rayo Vallecano,1–0,Alavés,11734.0,Campo de Fútbol de Vallecas,Victor Garcia Verdura
La Liga,2025-2026,2025-10-27,21:00,Real Betis,0–2,Atlético Madrid,57537.0,Estadio La Cartuja de Sevilla,Juan Martinez Munuera
La Liga,2025-2026,2025-10-31,21:00,Getafe,2–1,Girona,7223.0,Coliseum Alfonso Pérez,Jose Maria Sanchez Santos
La Liga,2025-2026,2025-11-01,14:00,Villarreal,4–0,Rayo Vallecano,17022.0,Estadio de la Cerámica,Iosu Galech Apezteguia
La Liga,2025-2026,2025-11-01,16:15,Atlético Madrid,3–0,Sevilla,66119.0,Riyadh Air Metropolitano,Francisco Hernandez Maeso
La Liga,2025-2026,2025-11-01,18:30,Real Sociedad,3–2,Athletic Club,37685.0,Reale Arena,José Luis Munuera Montero
La Liga,2025-2026,2025-11-01,21:00,Real Madrid,4–0,Valencia,74796.0,Estadio Santiago Bernabéu,Mateo Busquets Ferrer
La Liga,2025-2026,2025-11-02,14:00,Levante,1–2,Celta Vigo,19513.0,Estadio Ciudad de Valencia,Alejandro Quintero Gonzalez
La Liga,2025-2026,2025-11-02,16:15,Alavés,2–1,Espanyol,17149.0,Estadio de Mendizorroza,Guillermo Cuadra Fernandez
La Liga,2025-2026,2025-11-02,18:30,Barcelona,3–1,Elche,44370.0,Estadi Olímpic Lluís Companys,Miguel Sesma Espinosa
La Liga,2025-2026,2025-11-02,21:00,Real Betis,3–0,Mallorca,54747.0,Estadio La Cartuja de Sevilla,Jesus Gil Manzano
La Liga,2025-2026,2025-11-03,21:00,Oviedo,0–0,Osasuna,23795.0,Estadio Nuevo Carlos Tartiere,Jose Luis Guzman Mansilla
La Liga,2025-2026,2025-11-07,21:00,Elche,1–1,Real Sociedad,26242.0,Estadio Manuel Martínez Valero,Isidro Diaz de Mera Escuderos
La Liga,2025-2026,2025-11-08,14:00,Girona,1–0,Alavés,10050.0,Estadi Municipal de Montilivi,Adrian Cordero Vega
La Liga,2025-2026,2025-11-08,16:15,Sevilla,1–0,Osasuna,35169.0,Estadio Ramón Sánchez Pizjuán,Miguel Angel Ortiz Arias
La Liga,2025-2026,2025-11-08,18:30,Atlético Madrid,3–1,Levante,60119.0,Riyadh Air Metropolitano,Jesus Gil Manzano
La Liga,2025-2026,2025-11-08,21:00,Espanyol,0–2,Villarreal,29540.0,RCDE Stadium,Alejandro Hernandez
La Liga,2025-2026,2025-11-09,14:00,Athletic Club,1–0,Oviedo,47209.0,San Mamés,César Soto Grado
La Liga,2025-2026,2025-11-09,16:15,Rayo Vallecano,0–0,Real Madrid,14468.0,Campo de Fútbol de Vallecas,Juan Martinez Munuera
La Liga,2025-2026,2025-11-09,18:30,Mallorca,1–0,Getafe,17507.0,Estadi Mallorca Son Moix,Ricardo De Burgos Bengoetxea
La Liga,2025-2026,2025-11-09,18:30,Valencia,1–1,Real Betis,45820.0,Estadio de Mestalla,Victor Garcia Verdura
La Liga,2025-2026,2025-11-09,21:00,Celta Vigo,2–4,Barcelona,21887.0,Estadio Abanca Balaídos,Javier Alberola Rojas
La Liga,2025-2026,2025-11-21,21:00,Valencia,1–0,Levante,46302.0,Estadio de Mestalla,Alejandro Muñiz Ruiz
La Liga,2025-2026,2025-11-22,14:00,Alavés,0–1,Celta Vigo,16582.0,Estadio de Mendizorroza,Juan Martinez Munuera
La Liga,2025-2026,2025-11-22,16:15,Barcelona,4–0,Athletic Club,45157.0,Spotify Camp Nou,Jose Maria Sanchez Santos
La Liga,2025-2026,2025-11-22,18:30,Osasuna,1–3,Real Sociedad,21377.0,Estadio El Sadar,Mateo Busquets Ferrer
La Liga,2025-2026,2025-11-22,21:00,Villarreal,2–1,Mallorca,16854.0,Estadio de la Cerámica,Jose Luis Guzman Mansilla
La Liga,2025-2026,2025-11-23,14:00,Oviedo,0–0,Rayo Vallecano,23684.0,Estadio Nuevo Carlos Tartiere,Alejandro Quintero Gonzalez
La Liga,2025-2026,2025-11-23,16:15,Real Betis,1–1,Girona,64268.0,Estadio La Cartuja de Sevilla,Iosu Galech Apezteguia
La Liga,2025-2026,2025-11-23,18:30,Getafe,0–1,Atlético Madrid,9783.0,Coliseum Alfonso Pérez,Guillermo Cuadra Fernandez
La Liga,2025-2026,2025-11-23,21:00,Elche,2–2,Real Madrid,31024.0,Estadio Manuel Martínez Valero,Francisco Hernandez Maeso
La Liga,2025-2026,2025-11-24,21:00,Espanyol,2–1,Sevilla,25166.0,RCDE Stadium,Miguel Sesma Espinosa
La Liga,2025-2026,2025-11-28,21:00,Getafe,1–0,Elche,7697.0,Coliseum Alfonso Pérez,Alejandro Hernandez
La Liga,2025-2026,2025-11-29,14:00,Mallorca,2–2,Osasuna,15457.0,Estadi Mallorca Son Moix,Jesus Gil Manzano
La Liga,2025-2026,2025-11-29,16:15,Barcelona,3–1,Alavés,44834.0,Spotify Camp Nou,Miguel Angel Ortiz Arias
La Liga,2025-2026,2025-11-29,18:30,Levante,0–2,Athletic Club,19848.0,Estadio Ciudad de Valencia,Adrian Cordero Vega
La Liga,2025-2026,2025-11-29,21:00,Atlético Madrid,2–0,Oviedo,61305.0,Riyadh Air Metropolitano,Victor Acosta
La Liga,2025-2026,2025-11-30,14:00,Real Sociedad,2–3,Villarreal,30140.0,Reale Arena,César Soto Grado
La Liga,2025-2026,2025-11-30,16:15,Sevilla,0–2,Real Betis,42580.0,Estadio Ramón Sánchez Pizjuán,José Luis Munuera Montero
La Liga,2025-2026,2025-11-30,18:30,Celta Vigo,0–1,Espanyol,20031.0,Estadio Abanca Balaídos,Isidro Diaz de Mera Escuderos
La Liga,2025-2026,2025-11-30,21:00,Girona,1–1,Real Madrid,14005.0,Estadi Municipal de Montilivi,Ricardo De Burgos Bengoetxea
La Liga,2025-2026,2025-12-01,21:00,Rayo Vallecano,1–1,Valencia,11267.0,Campo de Fútbol de Vallecas,Javier Alberola Rojas
La Liga,2025-2026,2025-12-02,21:00,Barcelona,3–1,Atlético Madrid,45205.0,Spotify Camp Nou,Ricardo De Burgos Bengoetxea
La Liga,2025-2026,2025-12-03,19:00,Athletic Club,0–3,Real Madrid,51313.0,San Mamés,Jesus Gil Manzano
La Liga,2025-2026,2025-12-05,21:00,Oviedo,0–0,Mallorca,23333.0,Estadio Nuevo Carlos Tartiere,Iosu Galech Apezteguia
La Liga,2025-2026,2025-12-06,14:00,Villarreal,2–0,Getafe,17089.0,Estadio de la Cerámica,Mateo Busquets Ferrer
La Liga,2025-2026,2025-12-06,16:15,Alavés,1–0,Real Sociedad,18132.0,Estadio de Mendizorroza,Javier Alberola Rojas
La Liga,2025-2026,2025-12-06,18:30,Real Betis,3–5,Barcelona,64562.0,Estadio La Cartuja de Sevilla,Francisco Hernandez Maeso
La Liga,2025-2026,2025-12-06,21:00,Athletic Club,1–0,Atlético Madrid,48904.0,San Mamés,Alejandro Muñiz Ruiz
La Liga,2025-2026,2025-12-07,14:00,Elche,3–0,Girona,23374.0,Estadio Manuel Martínez Valero,Miguel Sesma Espinosa
La Liga,2025-2026,2025-12-07,16:15,Valencia,1–1,Sevilla,44369.0,Estadio de Mestalla,Guillermo Cuadra Fernandez
La Liga,2025-2026,2025-12-07,18:30,Espanyol,1–0,Rayo Vallecano,28110.0,RCDE Stadium,Jose Maria Sanchez Santos
La Liga,2025-2026,2025-12-07,21:00,Real Madrid,0–2,Celta Vigo,74511.0,Estadio Santiago Bernabéu,Alejandro Quintero Gonzalez
La Liga,2025-2026,2025-12-08,21:00,Osasuna,2–0,Levante,18160.0,Estadio El Sadar,Jose Luis Guzman Mansilla
La Liga,2025-2026,2025-12-12,21:00,Real Sociedad,1–2,Girona,26122.0,Reale Arena,Miguel Angel Ortiz Arias
La Liga,2025-2026,2025-12-13,14:00,Atlético Madrid,2–1,Valencia,61011.0,Riyadh Air Metropolitano,César Soto Grado
La Liga,2025-2026,2025-12-13,16:15,Mallorca,3–1,Elche,16199.0,Estadi Mallorca Son Moix,José Luis Munuera Montero
La Liga,2025-2026,2025-12-13,18:30,Barcelona,2–0,Osasuna,42058.0,Spotify Camp Nou,Adrian Cordero Vega
La Liga,2025-2026,2025-12-13,21:00,Getafe,0–1,Espanyol,7443.0,Coliseum Alfonso Pérez,Jesus Gil Manzano
La Liga,2025-2026,2025-12-14,14:00,Sevilla,4–0,Oviedo,32885.0,Estadio Ramón Sánchez Pizjuán,Isidro Diaz de Mera Escuderos
La Liga,2025-2026,2025-12-14,16:15,Celta Vigo,2–0,Athletic Club,20505.0,Estadio Abanca Balaídos,Alejandro Hernandez
La Liga,2025-2026,2025-12-14,21:00,Alavés,1–2,Real Madrid,19290.0,Estadio de Mendizorroza,Victor Garcia Verdura
La Liga,2025-2026,2025-12-15,21:00,Rayo Vallecano,0–0,Real Betis,11489.0,Campo de Fútbol de Vallecas,Ricardo De Burgos Bengoetxea
La Liga,2025-2026,2025-12-19,21:00,Valencia,1–1,Mallorca,41179.0,Estadio de Mestalla,Alejandro Quintero Gonzalez
La Liga,2025-2026,2025-12-20,14:00,Oviedo,0–0,Celta Vigo,23613.0,Estadio Nuevo Carlos Tartiere,Francisco Hernandez Maeso
La Liga,2025-2026,2025-12-20,16:15,Levante,1–1,Real Sociedad,17346.0,Estadio Ciudad de Valencia,Guillermo Cuadra Fernandez
La Liga,2025-2026,2025-12-20,18:30,Osasuna,3–0,Alavés,20408.0,Estadio El Sadar,César Soto Grado
La Liga,2025-2026,2025-12-20,21:00,Real Madrid,2–0,Sevilla,72062.0,Estadio Santiago Bernabéu,Alejandro Muñiz Ruiz
La Liga,2025-2026,2025-12-21,14:00,Girona,0–3,Atlético Madrid,12363.0,Estadi Municipal de Montilivi,Jose Luis Guzman Mansilla
La Liga,2025-2026,2025-12-21,16:15,Villarreal,0–2,Barcelona,20701.0,Estadio de la Cerámica,Javier Alberola Rojas
La Liga,2025-2026,2025-12-21,18:30,Elche,4–0,Rayo Vallecano,23765.0,Estadio Manuel Martínez Valero,Adrian Cordero Vega
La Liga,2025-2026,2025-12-21,21:00,Real Betis,4–0,Getafe,54365.0,Estadio La Cartuja de Sevilla,Miguel Sesma Espinosa
La Liga,2025-2026,2025-12-22,21:00,Athletic Club,1–2,Espanyol,47856.0,San Mamés,Mateo Busquets Ferrer
La Liga,2025-2026,2026-01-02,21:00,Rayo Vallecano,1–1,Getafe,12544.0,Campo de Fútbol de Vallecas,Miguel Angel Ortiz Arias
La Liga,2025-2026,2026-01-03,14:00,Celta Vigo,4–1,Valencia,20475.0,Estadio Abanca Balaídos,Ricardo De Burgos Bengoetxea
La Liga,2025-2026,2026-01-03,16:15,Osasuna,1–1,Athletic Club,22010.0,Estadio El Sadar,José Luis Munuera Montero
La Liga,2025-2026,2026-01-03,18:30,Elche,1–3,Villarreal,27078.0,Estadio Manuel Martínez Valero,Isidro Diaz de Mera Escuderos
La Liga,2025-2026,2026-01-03,21:00,Espanyol,0–2,Barcelona,36283.0,RCDE Stadium,Victor Garcia Verdura
La Liga,2025-2026,2026-01-04,14:00,Sevilla,0–3,Levante,25303.0,Estadio Ramón Sánchez Pizjuán,Iosu Galech Apezteguia
La Liga,2025-2026,2026-01-04,16:15,Real Madrid,5–1,Real Betis,75190.0,Estadio Santiago Bernabéu,Alejandro Hernandez
La Liga,2025-2026,2026-01-04,18:30,Mallorca,1–2,Girona,16011.0,Estadi Mallorca Son Moix,Javier Alberola Rojas
La Liga,2025-2026,2026-01-04,18:30,Alavés,1–1,Oviedo,17345.0,Estadio de Mendizorroza,Jesus Gil Manzano
La Liga,2025-2026,2026-01-04,21:00,Real Sociedad,1–1,Atlético Madrid,31576.0,Reale Arena,Juan Martinez Munuera
La Liga,2025-2026,2026-01-09,21:00,Getafe,1–2,Real Sociedad,7497.0,Coliseum Alfonso Pérez,Francisco Hernandez Maeso
La Liga,2025-2026,2026-01-10,14:00,Oviedo,1–1,Real Betis,25549.0,Estadio Nuevo Carlos Tartiere,Guillermo Cuadra Fernandez
La Liga,2025-2026,2026-01-10,16:15,Villarreal,3–1,Alavés,17011.0,Estadio de la Cerámica,Alejandro Muñiz Ruiz
La Liga,2025-2026,2026-01-10,18:30,Girona,1–0,Osasuna,12059.0,Estadi Municipal de Montilivi,Alejandro Hernandez
La Liga,2025-2026,2026-01-10,21:00,Valencia,1–1,Elche,44949.0,Estadio de Mestalla,Miguel Angel Ortiz Arias
La Liga,2025-2026,2026-01-11,14:00,Rayo Vallecano,2–1,Mallorca,12223.0,Campo de Fútbol de Vallecas,Juan Martinez Munuera
La Liga,2025-2026,2026-01-11,16:15,Levante,1–1,Espanyol,20501.0,Estadio Ciudad de Valencia,César Soto Grado
La Liga,2025-2026,2026-01-12,21:00,Sevilla,0–1,Celta Vigo,31383.0,Estadio Ramón Sánchez Pizjuán,Jose Maria Sanchez Santos
La Liga,2025-2026,2026-01-16,21:00,Espanyol,0–2,Girona,28451.0,RCDE Stadium,Iosu Galech Apezteguia
La Liga,2025-2026,2026-01-17,14:00,Real Madrid,2–0,Levante,70104.0,Estadio Santiago Bernabéu,Miguel Sesma Espinosa
La Liga,2025-2026,2026-01-17,16:15,Mallorca,3–2,Athletic Club,14284.0,Estadi Mallorca Son Moix,Jose Luis Guzman Mansilla
La Liga,2025-2026,2026-01-17,18:30,Osasuna,3–2,Oviedo,20651.0,Estadio El Sadar,Alejandro Quintero Gonzalez
La Liga,2025-2026,2026-01-17,21:00,Real Betis,2–0,Villarreal,60138.0,Estadio La Cartuja de Sevilla,Victor Garcia Verdura
La Liga,2025-2026,2026-01-18,14:00,Getafe,0–1,Valencia,8361.0,Coliseum Alfonso Pérez,Isidro Diaz de Mera Escuderos
La Liga,2025-2026,2026-01-18,16:15,Atlético Madrid,1–0,Alavés,61192.0,Riyadh Air Metropolitano,Guillermo Cuadra Fernandez
La Liga,2025-2026,2026-01-18,18:30,Celta Vigo,3–0,Rayo Vallecano,20835.0,Estadio Abanca Balaídos,Mateo Busquets Ferrer
La Liga,2025-2026,2026-01-18,21:00,Real Sociedad,2–1,Barcelona,36346.0,Reale Arena,Jesus Gil Manzano
La Liga,2025-2026,2026-01-19,21:00,Elche,2–2,Sevilla,22594.0,Estadio Manuel Martínez Valero,Ricardo De Burgos Bengoetxea
La Liga,2025-2026,2026-01-23,21:00,Levante,3–2,Elche,18973.0,Estadio Ciudad de Valencia,José Luis Munuera Montero
La Liga,2025-2026,2026-01-24,14:00,Rayo Vallecano,1–3,Osasuna,12091.0,Campo de Fútbol de Vallecas,Miguel Sesma Espinosa
La Liga,2025-2026,2026-01-24,16:15,Valencia,3–2,Espanyol,44163.0,Estadio de Mestalla,Alejandro Hernandez
La Liga,2025-2026,2026-01-24,18:30,Sevilla,2–1,Athletic Club,34642.0,Estadio Ramón Sánchez Pizjuán,Francisco Hernandez Maeso
La Liga,2025-2026,2026-01-24,21:00,Villarreal,0–2,Real Madrid,20432.0,Estadio de la Cerámica,César Soto Grado
La Liga,2025-2026,2026-01-25,14:00,Atlético Madrid,3–0,Mallorca,55028.0,Riyadh Air Metropolitano,Jose Maria Sanchez Santos
La Liga,2025-2026,2026-01-25,16:15,Barcelona,3–0,Oviedo,44763.0,Spotify Camp Nou,Juan Martinez Munuera
La Liga,2025-2026,2026-01-25,18:30,Real Sociedad,3–1,Celta Vigo,29682.0,Reale Arena,Javier Alberola Rojas
La Liga,2025-2026,2026-01-25,21:00,Alavés,2–1,Real Betis,14810.0,Estadio de Mendizorroza,Miguel Angel Ortiz Arias
La Liga,2025-2026,2026-01-26,21:00,Girona,1–1,Getafe,11388.0,Estadi Municipal de Montilivi,Alejandro Quintero Gonzalez
La Liga,2025-2026,2026-01-30,21:00,Espanyol,1–2,Alavés,25881.0,RCDE Stadium,Miguel Sesma Espinosa
La Liga,2025-2026,2026-01-31,14:00,Oviedo,1–0,Girona,25085.0,Estadio Nuevo Carlos Tartiere,Javier Alberola Rojas
La Liga,2025-2026,2026-01-31,16:15,Osasuna,2–2,Villarreal,20455.0,Estadio El Sadar,Ricardo De Burgos Bengoetxea
La Liga,2025-2026,2026-01-31,18:30,Levante,0–0,Atlético Madrid,20573.0,Estadio Ciudad de Valencia,Victor Garcia Verdura
La Liga,2025-2026,2026-01-31,21:00,Elche,1–3,Barcelona,31233.0,Estadio Manuel Martínez Valero,Alejandro Muñiz Ruiz
La Liga,2025-2026,2026-02-01,14:00,Real Madrid,2–1,Rayo Vallecano,71051.0,Estadio Santiago Bernabéu,Isidro Diaz de Mera Escuderos
La Liga,2025-2026,2026-02-01,16:15,Real Betis,2–1,Valencia,57523.0,Estadio La Cartuja de Sevilla,Jose Maria Sanchez Santos
La Liga,2025-2026,2026-02-01,18:30,Getafe,0–0,Celta Vigo,7363.0,Coliseum Alfonso Pérez,Iosu Galech Apezteguia
La Liga,2025-2026,2026-02-01,21:00,Athletic Club,1–1,Real Sociedad,48020.0,San Mamés,Guillermo Cuadra Fernandez
La Liga,2025-2026,2026-02-02,21:00,Mallorca,4–1,Sevilla,15621.0,Estadi Mallorca Son Moix,César Soto Grado
La Liga,2025-2026,2026-02-06,21:00,Celta Vigo,1–2,Osasuna,18705.0,Estadio Abanca Balaídos,José Luis Munuera Montero
La Liga,2025-2026,2026-02-07,16:15,Barcelona,3–0,Mallorca,44301.0,Spotify Camp Nou,Alejandro Quintero Gonzalez
La Liga,2025-2026,2026-02-07,21:00,Real Sociedad,3–1,Elche,30187.0,Reale Arena,Jose Luis Guzman Mansilla
La Liga,2025-2026,2026-02-08,14:00,Alavés,0–2,Getafe,15960.0,Estadio de Mendizorroza,Juan Martinez Munuera
La Liga,2025-2026,2026-02-08,16:15,Athletic Club,4–2,Levante,46487.0,San Mamés,Alejandro Muñiz Ruiz
La Liga,2025-2026,2026-02-08,16:15,Sevilla,1–1,Girona,30384.0,Estadio Ramón Sánchez Pizjuán,Jesus Gil Manzano
La Liga,2025-2026,2026-02-08,18:30,Atlético Madrid,0–1,Real Betis,65210.0,Riyadh Air Metropolitano,Mateo Busquets Ferrer
La Liga,2025-2026,2026-02-08,21:00,Valencia,0–2,Real Madrid,47515.0,Estadio de Mestalla,Javier Alberola Rojas
La Liga,2025-2026,2026-02-09,21:00,Villarreal,4–1,Espanyol,16825.0,Estadio de la Cerámica,Adrian Cordero Vega
La Liga,2025-2026,2026-02-13,21:00,Elche,0–0,Osasuna,21253.0,Estadio Manuel Martínez Valero,Jose Maria Sanchez Santos
La Liga,2025-2026,2026-02-14,14:00,Espanyol,2–2,Celta Vigo,27368.0,RCDE Stadium,Guillermo Cuadra Fernandez
La Liga,2025-2026,2026-02-14,16:15,Getafe,2–1,Villarreal,7551.0,Coliseum Alfonso Pérez,Miguel Sesma Espinosa
La Liga,2025-2026,2026-02-14,18:30,Sevilla,1–1,Alavés,32846.0,Estadio Ramón Sánchez Pizjuán,Iosu Galech Apezteguia
La Liga,2025-2026,2026-02-14,21:00,Real Madrid,4–1,Real Sociedad,74176.0,Estadio Santiago Bernabéu,Francisco Hernandez Maeso
La Liga,2025-2026,2026-02-15,14:00,Oviedo,1–2,Athletic Club,25255.0,Estadio Nuevo Carlos Tartiere,Mateo Busquets Ferrer
La Liga,2025-2026,2026-02-15,16:15,Rayo Vallecano,3–0,Atlético Madrid,5335.0,Estadio Municipal de Butarque,Ricardo De Burgos Bengoetxea
La Liga,2025-2026,2026-02-15,18:30,Levante,0–2,Valencia,22967.0,Estadio Ciudad de Valencia,Miguel Angel Ortiz Arias
La Liga,2025-2026,2026-02-15,21:00,Mallorca,1–2,Real Betis,18658.0,Estadi Mallorca Son Moix,Isidro Diaz de Mera Escuderos
La Liga,2025-2026,2026-02-16,21:00,Girona,2–1,Barcelona,14043.0,Estadi Municipal de Montilivi,César Soto Grado
La Liga,2025-2026,2026-02-18,20:00,Levante,0–1,Villarreal,18153.0,Estadio Ciudad de Valencia,Juan Martinez Munuera
La Liga,2025-2026,2026-02-20,21:00,Athletic Club,2–1,Elche,46654.0,San Mamés,Alejandro Hernandez
La Liga,2025-2026,2026-02-21,14:00,Real Sociedad,3–3,Oviedo,30917.0,Reale Arena,José Luis Munuera Montero
La Liga,2025-2026,2026-02-21,16:15,Real Betis,1–1,Rayo Vallecano,59436.0,Estadio La Cartuja de Sevilla,Juan Martinez Munuera
La Liga,2025-2026,2026-02-21,18:30,Osasuna,2–1,Real Madrid,22480.0,Estadio El Sadar,Alejandro Quintero Gonzalez
La Liga,2025-2026,2026-02-21,21:00,Atlético Madrid,4–2,Espanyol,56412.0,Riyadh Air Metropolitano,Alejandro Muñiz Ruiz
La Liga,2025-2026,2026-02-22,14:00,Getafe,0–1,Sevilla,8814.0,Coliseum Alfonso Pérez,Mateo Busquets Ferrer
La Liga,2025-2026,2026-02-22,16:15,Barcelona,3–0,Levante,44936.0,Spotify Camp Nou,Javier Alberola Rojas
La Liga,2025-2026,2026-02-22,18:30,Celta Vigo,2–0,Mallorca,19689.0,Estadio Abanca Balaídos,Jose Luis Guzman Mansilla
La Liga,2025-2026,2026-02-22,21:00,Villarreal,2–1,Valencia,19233.0,Estadio de la Cerámica,Jesus Gil Manzano
La Liga,2025-2026,2026-02-23,21:00,Alavés,2–2,Girona,14117.0,Estadio de Mendizorroza,Adrian Cordero Vega
La Liga,2025-2026,2026-02-27,21:00,Levante,2–0,Alavés,17880.0,Estadio Ciudad de Valencia,Francisco Hernandez Maeso
La Liga,2025-2026,2026-02-28,14:00,Rayo Vallecano,1–1,Athletic Club,13512.0,Campo de Fútbol de Vallecas,Victor Garcia Verdura
La Liga,2025-2026,2026-02-28,16:15,Barcelona,4–1,Villarreal,44256.0,Spotify Camp Nou,Isidro Diaz de Mera Escuderos
La Liga,2025-2026,2026-02-28,18:30,Mallorca,0–1,Real Sociedad,17120.0,Estadi Mallorca Son Moix,Miguel Sesma Espinosa
La Liga,2025-2026,2026-02-28,21:00,Oviedo,0–1,Atlético Madrid,27067.0,Estadio Nuevo Carlos Tartiere,César Soto Grado
La Liga,2025-2026,2026-03-01,14:00,Elche,2–2,Espanyol,25028.0,Estadio Manuel Martínez Valero,Iosu Galech Apezteguia
La Liga,2025-2026,2026-03-01,16:15,Valencia,1–0,Osasuna,44415.0,Estadio de Mestalla,Adrian Cordero Vega
La Liga,2025-2026,2026-03-01,18:30,Real Betis,2–2,Sevilla,67447.0,Estadio La Cartuja de Sevilla,Ricardo De Burgos Bengoetxea
La Liga,2025-2026,2026-03-01,21:00,Girona,1–2,Celta Vigo,11371.0,Estadi Municipal de Montilivi,Miguel Angel Ortiz Arias
La Liga,2025-2026,2026-03-02,21:00,Real Madrid,0–1,Getafe,65104.0,Estadio Santiago Bernabéu,Alejandro Muñiz Ruiz
La Liga,2025-2026,2026-03-04,19:00,Rayo Vallecano,3–0,Oviedo,11886.0,Campo de Fútbol de Vallecas,Alejandro Hernandez
La Liga,2025-2026,2026-03-06,21:00,Celta Vigo,1–2,Real Madrid,22048.0,Estadio Abanca Balaídos,Isidro Diaz de Mera Escuderos
La Liga,2025-2026,2026-03-07,14:00,Osasuna,2–2,Mallorca,19746.0,Estadio El Sadar,Alejandro Hernandez
La Liga,2025-2026,2026-03-07,16:15,Levante,1–1,Girona,18542.0,Estadio Ciudad de Valencia,Guillermo Cuadra Fernandez
La Liga,2025-2026,2026-03-07,18:30,Atlético Madrid,3–2,Real Sociedad,60788.0,Riyadh Air Metropolitano,Adrian Cordero Vega
La Liga,2025-2026,2026-03-07,21:00,Athletic Club,0–1,Barcelona,50629.0,San Mamés,José Luis Munuera Montero
La Liga,2025-2026,2026-03-08,14:00,Villarreal,2–1,Elche,16301.0,Estadio de la Cerámica,Victor Garcia Verdura
La Liga,2025-2026,2026-03-08,16:15,Getafe,2–0,Real Betis,8757.0,Coliseum Alfonso Pérez,Francisco Hernandez Maeso
La Liga,2025-2026,2026-03-08,18:30,Sevilla,1–1,Rayo Vallecano,37178.0,Estadio Ramón Sánchez Pizjuán,Alejandro Muñiz Ruiz
La Liga,2025-2026,2026-03-08,21:00,Valencia,3–2,Alavés,41512.0,Estadio de Mestalla,Jose Luis Guzman Mansilla
La Liga,2025-2026,2026-03-09,21:00,Espanyol,1–1,Oviedo,24807.0,RCDE Stadium,Javier Alberola Rojas
La Liga,2025-2026,2026-03-13,21:00,Alavés,1–1,Villarreal,16215.0,Estadio de Mendizorroza,Alejandro Quintero Gonzalez
La Liga,2025-2026,2026-03-14,14:00,Girona,3–0,Athletic Club,8811.0,Estadi Municipal de Montilivi,Iosu Galech Apezteguia
La Liga,2025-2026,2026-03-14,16:15,Atlético Madrid,1–0,Getafe,58893.0,Riyadh Air Metropolitano,Miguel Angel Ortiz Arias
La Liga,2025-2026,2026-03-14,18:30,Oviedo,1–0,Valencia,22826.0,Estadio Nuevo Carlos Tartiere,Miguel Sesma Espinosa
La Liga,2025-2026,2026-03-14,21:00,Real Madrid,4–1,Elche,71048.0,Estadio Santiago Bernabéu,Jesus Gil Manzano
La Liga,2025-2026,2026-03-15,14:00,Mallorca,2–1,Espanyol,17879.0,Estadi Mallorca Son Moix,Ricardo De Burgos Bengoetxea
La Liga,2025-2026,2026-03-15,16:15,Barcelona,5–2,Sevilla,56483.0,Spotify Camp Nou,Juan Martinez Munuera
La Liga,2025-2026,2026-03-15,18:30,Real Betis,1–1,Celta Vigo,58689.0,Estadio La Cartuja de Sevilla,Jose Maria Sanchez Santos
La Liga,2025-2026,2026-03-15,21:00,Real Sociedad,3–1,Osasuna,30856.0,Reale Arena,Guillermo Cuadra Fernandez
La Liga,2025-2026,2026-03-16,21:00,Rayo Vallecano,1–1,Levante,10975.0,Campo de Fútbol de Vallecas,César Soto Grado
La Liga,2025-2026,2026-03-20,21:00,Villarreal,3–1,Real Sociedad,18032.0,Estadio de la Cerámica,Miguel Angel Ortiz Arias
La Liga,2025-2026,2026-03-21,14:00,Elche,2–1,Mallorca,25462.0,Estadio Manuel Martínez Valero,Javier Alberola Rojas
La Liga,2025-2026,2026-03-21,16:15,Espanyol,1–2,Getafe,27577.0,RCDE Stadium,Isidro Diaz de Mera Escuderos
La Liga,2025-2026,2026-03-21,18:30,Levante,4–2,Oviedo,19398.0,Estadio Ciudad de Valencia,Jesus Gil Manzano
La Liga,2025-2026,2026-03-21,18:30,Osasuna,1–0,Girona,20975.0,Estadio El Sadar,Jose Luis Guzman Mansilla
La Liga,2025-2026,2026-03-21,21:00,Sevilla,0–2,Valencia,35031.0,Estadio Ramón Sánchez Pizjuán,Victor Garcia Verdura
La Liga,2025-2026,2026-03-22,14:00,Barcelona,1–0,Rayo Vallecano,56812.0,Spotify Camp Nou,Adrian Cordero Vega
La Liga,2025-2026,2026-03-22,16:15,Celta Vigo,3–4,Alavés,20260.0,Estadio Abanca Balaídos,Miguel Sesma Espinosa
La Liga,2025-2026,2026-03-22,18:30,Athletic Club,2–1,Real Betis,47723.0,San Mamés,Alejandro Muñiz Ruiz
La Liga,2025-2026,2026-03-22,21:00,Real Madrid,3–2,Atlético Madrid,77964.0,Estadio Santiago Bernabéu,José Luis Munuera Montero
La Liga,2025-2026,2026-04-03,21:00,Rayo Vallecano,1–0,Elche,11182.0,Campo de Fútbol de Vallecas,José Luis Munuera Montero
La Liga,2025-2026,2026-04-04,14:00,Real Sociedad,2–0,Levante,27000.0,Reale Arena,Alejandro Muñiz Ruiz
La Liga,2025-2026,2026-04-04,16:15,Mallorca,2–1,Real Madrid,23015.0,Estadi Mallorca Son Moix,Jose Maria Sanchez Santos
La Liga,2025-2026,2026-04-04,18:30,Real Betis,0–0,Espanyol,54444.0,Estadio La Cartuja de Sevilla,Guillermo Cuadra Fernandez
La Liga,2025-2026,2026-04-04,21:00,Atlético Madrid,1–2,Barcelona,67710.0,Riyadh Air Metropolitano,Mateo Busquets Ferrer
La Liga,2025-2026,2026-04-05,14:00,Getafe,2–0,Athletic Club,7749.0,Coliseum Alfonso Pérez,Juan Martinez Munuera
La Liga,2025-2026,2026-04-05,16:15,Valencia,2–3,Celta Vigo,43764.0,Estadio de Mestalla,Iosu Galech Apezteguia
La Liga,2025-2026,2026-04-05,18:30,Oviedo,1–0,Sevilla,24921.0,Estadio Nuevo Carlos Tartiere,Alejandro Hernandez
La Liga,2025-2026,2026-04-05,21:00,Alavés,2–2,Osasuna,17736.0,Estadio de Mendizorroza,César Soto Grado
La Liga,2025-2026,2026-04-06,21:00,Girona,1–0,Villarreal,12008.0,Estadi Municipal de Montilivi,Adrian Cordero Vega
La Liga,2025-2026,2026-04-10,21:00,Real Madrid,1–1,Girona,70885.0,Estadio Santiago Bernabéu,Javier Alberola Rojas
La Liga,2025-2026,2026-04-11,14:00,Real Sociedad,3–3,Alavés,31024.0,Reale Arena,Victor Garcia Verdura
La Liga,2025-2026,2026-04-11,16:15,Elche,1–0,Valencia,27795.0,Estadio Manuel Martínez Valero,Francisco Hernandez Maeso
La Liga,2025-2026,2026-04-11,18:30,Barcelona,4–1,Espanyol,60736.0,Spotify Camp Nou,Alejandro Hernandez
La Liga,2025-2026,2026-04-11,21:00,Sevilla,2–1,Atlético Madrid,29723.0,Estadio Ramón Sánchez Pizjuán,Isidro Diaz de Mera Escuderos
La Liga,2025-2026,2026-04-12,14:00,Osasuna,1–1,Real Betis,20080.0,Estadio El Sadar,Miguel Sesma Espinosa
La Liga,2025-2026,2026-04-12,16:15,Mallorca,3–0,Rayo Vallecano,16323.0,Estadi Mallorca Son Moix,Jesus Gil Manzano
La Liga,2025-2026,2026-04-12,18:30,Celta Vigo,0–3,Oviedo,20360.0,Estadio Abanca Balaídos,Miguel Angel Ortiz Arias
La Liga,2025-2026,2026-04-12,21:00,Athletic Club,1–2,Villarreal,42891.0,San Mamés,Jose Luis Guzman Mansilla
La Liga,2025-2026,2026-04-13,21:00,Levante,1–0,Getafe,18155.0,Estadio Ciudad de Valencia,Alejandro Quintero Gonzalez
La Liga,2025-2026,2026-04-21,19:00,Mallorca,1–1,Valencia,20103.0,Estadi Mallorca Son Moix,César Soto Grado
La Liga,2025-2026,2026-04-21,19:00,Athletic Club,1–0,Osasuna,47500.0,San Mamés,Victor Garcia Verdura
La Liga,2025-2026,2026-04-21,21:30,Real Madrid,2–1,Alavés,61468.0,Estadio Santiago Bernabéu,Juan Martinez Munuera
La Liga,2025-2026,2026-04-21,21:30,Girona,2–3,Real Betis,11934.0,Estadi Municipal de Montilivi,Iosu Galech Apezteguia
La Liga,2025-2026,2026-04-22,19:00,Elche,3–2,Atlético Madrid,27587.0,Estadio Manuel Martínez Valero,Guillermo Cuadra Fernandez
La Liga,2025-2026,2026-04-22,20:00,Real Sociedad,0–1,Getafe,31464.0,Reale Arena,Mateo Busquets Ferrer
La Liga,2025-2026,2026-04-22,21:30,Barcelona,1–0,Celta Vigo,59034.0,Spotify Camp Nou,José Luis Munuera Montero
La Liga,2025-2026,2026-04-23,19:00,Levante,2–0,Sevilla,20210.0,Estadio Ciudad de Valencia,Jose Maria Sanchez Santos
La Liga,2025-2026,2026-04-23,20:00,Rayo Vallecano,1–0,Espanyol,11605.0,Campo de Fútbol de Vallecas,Adrian Cordero Vega
La Liga,2025-2026,2026-04-23,21:30,Oviedo,1–1,Villarreal,27092.0,Estadio Nuevo Carlos Tartiere,Ricardo De Burgos Bengoetxea
La Liga,2025-2026,2026-04-24,21:00,Real Betis,1–1,Real Madrid,54348.0,Estadio La Cartuja de Sevilla,César Soto Grado
La Liga,2025-2026,2026-04-25,14:00,Alavés,2–1,Mallorca,16167.0,Estadio de Mendizorroza,Javier Alberola Rojas
La Liga,2025-2026,2026-04-25,16:15,Getafe,0–2,Barcelona,9487.0,Coliseum Alfonso Pérez,Francisco Hernandez Maeso
La Liga,2025-2026,2026-04-25,18:30,Valencia,2–1,Girona,44394.0,Estadio de Mestalla,Alejandro Muñiz Ruiz
La Liga,2025-2026,2026-04-25,21:00,Atlético Madrid,3–2,Athletic Club,56598.0,Riyadh Air Metropolitano,Jesus Gil Manzano
La Liga,2025-2026,2026-04-26,14:00,Rayo Vallecano,3–3,Real Sociedad,12845.0,Campo de Fútbol de Vallecas,Jose Luis Guzman Mansilla
La Liga,2025-2026,2026-04-26,16:15,Oviedo,1–2,Elche,25615.0,Estadio Nuevo Carlos Tartiere,Jose Maria Sanchez Santos
La Liga,2025-2026,2026-04-26,18:30,Osasuna,2–1,Sevilla,20541.0,Estadio El Sadar,Miguel Angel Ortiz Arias
La Liga,2025-2026,2026-04-26,21:00,Villarreal,2–1,Celta Vigo,16895.0,Estadio de la Cerámica,Alejandro Quintero Gonzalez
La Liga,2025-2026,2026-04-27,21:00,Espanyol,0–0,Levante,25526.0,RCDE Stadium,Mateo Busquets Ferrer
La Liga,2024-2025,2024-08-15,19:00,Athletic Club,1–1,Getafe,47845.0,San Mamés,Alejandro Muñiz Ruiz
La Liga,2024-2025,2024-08-15,21:30,Real Betis,1–1,Girona,54084.0,Estadio Benito Villamarín,Miguel Angel Ortiz Arias
La Liga,2024-2025,2024-08-16,19:00,Celta Vigo,2–1,Alavés,22477.0,Estadio Abanca Balaídos,Alejandro Quintero Gonzalez
La Liga,2024-2025,2024-08-16,20:30 (21:30),Las Palmas,2–2,Sevilla,24843.0,Estadio de Gran Canaria,Francisco Hernandez Maeso
La Liga,2024-2025,2024-08-17,19:00,Osasuna,1–1,Leganés,19561.0,Estadio El Sadar,Juan Pulido
La Liga,2024-2025,2024-08-17,21:30,Valencia,1–2,Barcelona,46673.0,Estadio de Mestalla,Jose Maria Sanchez Santos
La Liga,2024-2025,2024-08-18,19:00,Real Sociedad,1–2,Rayo Vallecano,31763.0,Reale Arena,Alejandro Hernandez
La Liga,2024-2025,2024-08-18,21:30,Mallorca,1–1,Real Madrid,23010.0,Estadi Mallorca Son Moix,César Soto Grado
La Liga,2024-2025,2024-08-19,19:00,Valladolid,1–0,Espanyol,22027.0,Estadio Municipal José Zorrilla,Pablo Gonzalez
La Liga,2024-2025,2024-08-19,21:30,Villarreal,2–2,Atlético Madrid,21566.0,Estadio de la Cerámica,Guillermo Cuadra Fernandez
La Liga,2024-2025,2024-08-23,19:00,Celta Vigo,3–1,Valencia,23519.0,Estadio Abanca Balaídos,José Luis Munuera Montero
La Liga,2024-2025,2024-08-23,21:30,Sevilla,1–2,Villarreal,34004.0,Estadio Ramón Sánchez Pizjuán,Isidro Diaz de Mera Escuderos
La Liga,2024-2025,2024-08-24,17:00,Osasuna,1–0,Mallorca,19900.0,Estadio El Sadar,Adrian Cordero Vega
La Liga,2024-2025,2024-08-24,19:00,Barcelona,2–1,Athletic Club,46448.0,Estadi Olímpic Lluís Companys,Jesus Gil Manzano
La Liga,2024-2025,2024-08-24,21:30,Getafe,0–0,Rayo Vallecano,9529.0,Coliseum Alfonso Pérez,Javier Alberola Rojas
La Liga,2024-2025,2024-08-24,21:30,Espanyol,0–1,Real Sociedad,20900.0,RCDE Stadium,Mario Melero López
La Liga,2024-2025,2024-08-25,17:00,Real Madrid,3–0,Valladolid,70178.0,Estadio Santiago Bernabéu,Victor Garcia Verdura
La Liga,2024-2025,2024-08-25,19:00,Leganés,2–1,Las Palmas,10052.0,Estadio Municipal de Butarque,Ricardo De Burgos Bengoetxea
La Liga,2024-2025,2024-08-25,19:15,Alavés,0–0,Real Betis,16623.0,Estadio de Mendizorroza,Mateo Busquets Ferrer
La Liga,2024-2025,2024-08-25,21:30,Atlético Madrid,3–0,Girona,60414.0,Riyadh Air Metropolitan Stadium,Juan Martinez Munuera
La Liga,2024-2025,2024-08-26,21:30,Villarreal,4–3,Celta Vigo,19651.0,Estadio de la Cerámica,Miguel Angel Ortiz Arias
La Liga,2024-2025,2024-08-27,19:00,Mallorca,0–0,Sevilla,20470.0,Estadi Mallorca Son Moix,Alejandro Muñiz Ruiz
La Liga,2024-2025,2024-08-27,21:30,Rayo Vallecano,1–2,Barcelona,14031.0,Campo de Fútbol de Vallecas,César Soto Grado
La Liga,2024-2025,2024-08-28,19:00,Athletic Club,1–0,Valencia,48644.0,San Mamés,Pablo Gonzalez
La Liga,2024-2025,2024-08-28,19:00,Valladolid,0–0,Leganés,21764.0,Estadio Municipal José Zorrilla,Alejandro Quintero Gonzalez
La Liga,2024-2025,2024-08-28,21:30,Atlético Madrid,0–0,Espanyol,56669.0,Riyadh Air Metropolitan Stadium,Ricardo De Burgos Bengoetxea
La Liga,2024-2025,2024-08-28,21:30,Real Sociedad,1–2,Alavés,32220.0,Reale Arena,Jose Maria Sanchez Santos
La Liga,2024-2025,2024-08-29,19:00,Girona,4–0,Osasuna,13275.0,Estadi Municipal de Montilivi,Francisco Hernandez Maeso
La Liga,2024-2025,2024-08-29,20:30 (21:30),Las Palmas,1–1,Real Madrid,31192.0,Estadio de Gran Canaria,Mateo Busquets Ferrer
La Liga,2024-2025,2024-08-31,17:00,Barcelona,7–0,Valladolid,44359.0,Estadi Olímpic Lluís Companys,Isidro Diaz de Mera Escuderos
La Liga,2024-2025,2024-08-31,19:00,Athletic Club,0–1,Atlético Madrid,48617.0,San Mamés,Alejandro Hernandez
La Liga,2024-2025,2024-08-31,19:15,Espanyol,2–1,Rayo Vallecano,22405.0,RCDE Stadium,Adrian Cordero Vega
La Liga,2024-2025,2024-08-31,21:30,Valencia,1–1,Villarreal,43857.0,Estadio de Mestalla,Jesus Gil Manzano
La Liga,2024-2025,2024-08-31,21:30,Leganés,0–1,Mallorca,10482.0,Estadio Municipal de Butarque,Mario Melero López
La Liga,2024-2025,2024-09-01,17:00,Alavés,2–0,Las Palmas,16386.0,Estadio de Mendizorroza,Victor Garcia Verdura
La Liga,2024-2025,2024-09-01,17:00,Osasuna,3–2,Celta Vigo,19908.0,Estadio El Sadar,Juan Martinez Munuera
La Liga,2024-2025,2024-09-01,19:00,Sevilla,0–2,Girona,35735.0,Estadio Ramón Sánchez Pizjuán,Jose Maria Sanchez Santos
La Liga,2024-2025,2024-09-01,19:15,Getafe,0–0,Real Sociedad,10929.0,Coliseum Alfonso Pérez,José Luis Munuera Montero
La Liga,2024-2025,2024-09-01,21:30,Real Madrid,2–0,Real Betis,73072.0,Estadio Santiago Bernabéu,Javier Alberola Rojas
La Liga,2024-2025,2024-09-13,21:00,Real Betis,2–0,Leganés,48089.0,Estadio Benito Villamarín,Pablo Gonzalez
La Liga,2024-2025,2024-09-14,14:00,Mallorca,1–2,Villarreal,18303.0,Estadi Mallorca Son Moix,Ricardo De Burgos Bengoetxea
La Liga,2024-2025,2024-09-14,16:15,Espanyol,3–2,Alavés,24238.0,RCDE Stadium,Juan Pulido
La Liga,2024-2025,2024-09-14,18:30,Sevilla,1–0,Getafe,32643.0,Estadio Ramón Sánchez Pizjuán,Mateo Busquets Ferrer
La Liga,2024-2025,2024-09-14,21:00,Real Sociedad,0–2,Real Madrid,37370.0,Reale Arena,Juan Martinez Munuera
La Liga,2024-2025,2024-09-15,14:00,Celta Vigo,3–1,Valladolid,21670.0,Estadio Abanca Balaídos,Francisco Hernandez Maeso
La Liga,2024-2025,2024-09-15,16:15,Girona,1–4,Barcelona,13891.0,Estadi Municipal de Montilivi,Alejandro Muñiz Ruiz
La Liga,2024-2025,2024-09-15,17:30 (18:30),Las Palmas,2–3,Athletic Club,25908.0,Estadio de Gran Canaria,Miguel Angel Ortiz Arias
La Liga,2024-2025,2024-09-15,21:00,Atlético Madrid,3–0,Valencia,61752.0,Riyadh Air Metropolitan Stadium,César Soto Grado
La Liga,2024-2025,2024-09-16,21:00,Rayo Vallecano,3–1,Osasuna,13073.0,Campo de Fútbol de Vallecas,Alejandro Quintero Gonzalez
La Liga,2024-2025,2024-09-17,19:00,Mallorca,1–0,Real Sociedad,17132.0,Estadi Mallorca Son Moix,Adrian Cordero Vega
La Liga,2024-2025,2024-09-18,19:00,Real Betis,2–1,Getafe,48547.0,Estadio Benito Villamarín,Juan Pulido
La Liga,2024-2025,2024-09-19,19:00,Leganés,0–2,Athletic Club,8304.0,Estadio Municipal de Butarque,Francisco Hernandez Maeso
La Liga,2024-2025,2024-09-20,21:00,Alavés,2–1,Sevilla,16538.0,Estadio de Mendizorroza,Javier Alberola Rojas
La Liga,2024-2025,2024-09-21,14:00,Valladolid,0–0,Real Sociedad,21171.0,Estadio Municipal José Zorrilla,Guillermo Cuadra Fernandez
La Liga,2024-2025,2024-09-21,16:15,Osasuna,2–1,Las Palmas,19043.0,Estadio El Sadar,Isidro Diaz de Mera Escuderos
La Liga,2024-2025,2024-09-21,18:30,Valencia,2–0,Girona,40896.0,Estadio de Mestalla,Alejandro Hernandez
La Liga,2024-2025,2024-09-21,21:00,Real Madrid,4–1,Espanyol,17284.0,Estadio Santiago Bernabéu,José Luis Munuera Montero
La Liga,2024-2025,2024-09-22,14:00,Getafe,1–1,Leganés,13060.0,Coliseum Alfonso Pérez,Adrian Cordero Vega
La Liga,2024-2025,2024-09-22,16:15,Athletic Club,3–1,Celta Vigo,48737.0,San Mamés,Jose Maria Sanchez Santos
La Liga,2024-2025,2024-09-22,18:30,Villarreal,1–5,Barcelona,22048.0,Estadio de la Cerámica,Mateo Busquets Ferrer
La Liga,2024-2025,2024-09-22,21:00,Rayo Vallecano,1–1,Atlético Madrid,13646.0,Campo de Fútbol de Vallecas,Mario Melero López
La Liga,2024-2025,2024-09-23,21:00,Real Betis,1–2,Mallorca,47017.0,Estadio Benito Villamarín,Victor Garcia Verdura
La Liga,2024-2025,2024-09-24,19:00,Sevilla,2–1,Valladolid,35292.0,Estadio Ramón Sánchez Pizjuán,Juan Pulido
La Liga,2024-2025,2024-09-24,19:00,Valencia,0–0,Osasuna,40425.0,Estadio de Mestalla,Miguel Angel Ortiz Arias
La Liga,2024-2025,2024-09-24,21:00,Real Madrid,3–2,Alavés,67480.0,Estadio Santiago Bernabéu,Alejandro Muñiz Ruiz
La Liga,2024-2025,2024-09-25,19:00,Girona,0–0,Rayo Vallecano,12272.0,Estadi Municipal de Montilivi,Juan Martinez Munuera
La Liga,2024-2025,2024-09-25,21:00,Barcelona,1–0,Getafe,44407.0,Estadi Olímpic Lluís Companys,Pablo Gonzalez
La Liga,2024-2025,2024-09-26,18:00 (19:00),Las Palmas,1–1,Real Betis,22722.0,Estadio de Gran Canaria,Jose Maria Sanchez Santos
La Liga,2024-2025,2024-09-26,19:00,Espanyol,1–2,Villarreal,23147.0,RCDE Stadium,Alejandro Quintero Gonzalez
La Liga,2024-2025,2024-09-26,21:00,Celta Vigo,0–1,Atlético Madrid,21533.0,Estadio Abanca Balaídos,Victor Garcia Verdura
La Liga,2024-2025,2024-09-27,21:00,Valladolid,1–2,Mallorca,20388.0,Estadio Municipal José Zorrilla,José Luis Munuera Montero
La Liga,2024-2025,2024-09-28,14:00,Getafe,2–0,Alavés,10006.0,Coliseum Alfonso Pérez,Isidro Diaz de Mera Escuderos
La Liga,2024-2025,2024-09-28,16:15,Rayo Vallecano,1–1,Leganés,13186.0,Campo de Fútbol de Vallecas,Alejandro Muñiz Ruiz
La Liga,2024-2025,2024-09-28,18:30,Real Sociedad,3–0,Valencia,32332.0,Reale Arena,Javier Alberola Rojas
La Liga,2024-2025,2024-09-28,21:00,Osasuna,4–2,Barcelona,22322.0,Estadio El Sadar,Guillermo Cuadra Fernandez
La Liga,2024-2025,2024-09-29,14:00,Celta Vigo,1–1,Girona,21347.0,Estadio Abanca Balaídos,Ricardo De Burgos Bengoetxea
La Liga,2024-2025,2024-09-29,16:15,Athletic Club,1–1,Sevilla,48288.0,San Mamés,César Soto Grado
La Liga,2024-2025,2024-09-29,18:30,Real Betis,1–0,Espanyol,53065.0,Estadio Benito Villamarín,Alejandro Hernandez
La Liga,2024-2025,2024-09-29,21:00,Atlético Madrid,1–1,Real Madrid,70112.0,Riyadh Air Metropolitan Stadium,Mateo Busquets Ferrer
La Liga,2024-2025,2024-09-30,21:00,Villarreal,3–1,Las Palmas,18159.0,Estadio de la Cerámica,Mario Melero López
La Liga,2024-2025,2024-10-04,21:00,Leganés,0–0,Valencia,10958.0,Estadio Municipal de Butarque,Alejandro Quintero Gonzalez
La Liga,2024-2025,2024-10-05,14:00,Espanyol,2–1,Mallorca,24434.0,RCDE Stadium,Francisco Hernandez Maeso
La Liga,2024-2025,2024-10-05,16:15,Getafe,1–1,Osasuna,10670.0,Coliseum Alfonso Pérez,Jose Maria Sanchez Santos
La Liga,2024-2025,2024-10-05,17:30 (18:30),Las Palmas,0–1,Celta Vigo,21482.0,Estadio de Gran Canaria,Adrian Cordero Vega
La Liga,2024-2025,2024-10-05,18:30,Valladolid,1–2,Rayo Vallecano,21112.0,Estadio Municipal José Zorrilla,Pablo Gonzalez
La Liga,2024-2025,2024-10-05,21:00,Real Madrid,2–0,Villarreal,73842.0,Estadio Santiago Bernabéu,Guillermo Cuadra Fernandez
La Liga,2024-2025,2024-10-06,14:00,Girona,2–1,Athletic Club,13396.0,Estadi Municipal de Montilivi,Juan Pulido
La Liga,2024-2025,2024-10-06,16:15,Alavés,0–3,Barcelona,19468.0,Estadio de Mendizorroza,Miguel Angel Ortiz Arias
La Liga,2024-2025,2024-10-06,18:30,Sevilla,1–0,Real Betis,42571.0,Estadio Ramón Sánchez Pizjuán,Juan Martinez Munuera
La Liga,2024-2025,2024-10-06,21:00,Real Sociedad,1–1,Atlético Madrid,31983.0,Reale Arena,Isidro Diaz de Mera Escuderos
La Liga,2024-2025,2024-10-18,21:00,Alavés,2–3,Valladolid,16904.0,Estadio de Mendizorroza,Mario Melero López
La Liga,2024-2025,2024-10-19,14:00,Athletic Club,4–1,Espanyol,46713.0,San Mamés,Mateo Busquets Ferrer
La Liga,2024-2025,2024-10-19,16:15,Osasuna,1–2,Real Betis,21045.0,Estadio El Sadar,Alejandro Muñiz Ruiz
La Liga,2024-2025,2024-10-19,18:30,Girona,0–1,Real Sociedad,12602.0,Estadi Municipal de Montilivi,César Soto Grado
La Liga,2024-2025,2024-10-19,21:00,Celta Vigo,1–2,Real Madrid,24445.0,Estadio Abanca Balaídos,Alejandro Hernandez
La Liga,2024-2025,2024-10-20,14:00,Mallorca,1–0,Rayo Vallecano,18316.0,Estadi Mallorca Son Moix,Javier Alberola Rojas
La Liga,2024-2025,2024-10-20,16:15,Atlético Madrid,3–1,Leganés,60122.0,Riyadh Air Metropolitan Stadium,José Luis Munuera Montero
La Liga,2024-2025,2024-10-20,18:30,Villarreal,1–1,Getafe,19355.0,Estadio de la Cerámica,Victor Garcia Verdura
La Liga,2024-2025,2024-10-20,21:00,Barcelona,5–1,Sevilla,47848.0,Estadi Olímpic Lluís Companys,Ricardo De Burgos Bengoetxea
La Liga,2024-2025,2024-10-21,21:00,Valencia,2–3,Las Palmas,42453.0,Estadio de Mestalla,Jesus Gil Manzano
La Liga,2024-2025,2024-10-25,21:00,Espanyol,0–2,Sevilla,23656.0,RCDE Stadium,Miguel Angel Ortiz Arias
La Liga,2024-2025,2024-10-26,14:00,Valladolid,1–2,Villarreal,20178.0,Estadio Municipal José Zorrilla,Francisco Hernandez Maeso
La Liga,2024-2025,2024-10-26,16:15,Rayo Vallecano,1–0,Alavés,13010.0,Campo de Fútbol de Vallecas,Adrian Cordero Vega
La Liga,2024-2025,2024-10-26,17:30 (18:30),Las Palmas,1–0,Girona,21506.0,Estadio de Gran Canaria,Alejandro Quintero Gonzalez
La Liga,2024-2025,2024-10-26,21:00,Real Madrid,0–4,Barcelona,78192.0,Estadio Santiago Bernabéu,Jose Maria Sanchez Santos
La Liga,2024-2025,2024-10-27,14:00,Leganés,3–0,Celta Vigo,11358.0,Estadio Municipal de Butarque,Mario Melero López
La Liga,2024-2025,2024-10-27,16:15,Getafe,1–1,Valencia,12412.0,Coliseum Alfonso Pérez,Guillermo Cuadra Fernandez
La Liga,2024-2025,2024-10-27,18:30,Real Betis,1–0,Atlético Madrid,52621.0,Estadio Benito Villamarín,Jesus Gil Manzano
La Liga,2024-2025,2024-10-27,21:00,Real Sociedad,0–2,Osasuna,31729.0,Reale Arena,Juan Pulido
La Liga,2024-2025,2024-10-28,21:00,Mallorca,0–0,Athletic Club,19797.0,Estadi Mallorca Son Moix,Juan Martinez Munuera
La Liga,2024-2025,2024-11-01,21:00,Alavés,1–0,Mallorca,17212.0,Estadio de Mendizorroza,Pablo Gonzalez
La Liga,2024-2025,2024-11-02,14:00,Osasuna,1–0,Valladolid,20430.0,Estadio El Sadar,Victor Garcia Verdura
La Liga,2024-2025,2024-11-02,16:15,Girona,4–3,Leganés,10839.0,Estadi Municipal de Montilivi,Mateo Busquets Ferrer
La Liga,2024-2025,2024-11-03,14:00,Atlético Madrid,2–0,Las Palmas,56610.0,Riyadh Air Metropolitan Stadium,Ricardo De Burgos Bengoetxea
La Liga,2024-2025,2024-11-03,16:15,Barcelona,3–1,Espanyol,48843.0,Estadi Olímpic Lluís Companys,José Luis Munuera Montero
La Liga,2024-2025,2024-11-03,18:30,Sevilla,0–2,Real Sociedad,37619.0,Estadio Ramón Sánchez Pizjuán,Alejandro Muñiz Ruiz
La Liga,2024-2025,2024-11-03,21:00,Athletic Club,1–1,Real Betis,46898.0,San Mamés,Javier Alberola Rojas
La Liga,2024-2025,2024-11-04,21:00,Celta Vigo,1–0,Getafe,19502.0,Estadio Abanca Balaídos,Jesus Gil Manzano
La Liga,2024-2025,2024-11-08,21:00,Rayo Vallecano,1–3,Las Palmas,12978.0,Campo de Fútbol de Vallecas,Francisco Hernandez Maeso
La Liga,2024-2025,2024-11-09,14:00,Real Madrid,4–0,Osasuna,72462.0,Estadio Santiago Bernabéu,Mario Melero López
La Liga,2024-2025,2024-11-09,16:15,Villarreal,3–0,Alavés,17659.0,Estadio de la Cerámica,Alejandro Quintero Gonzalez
La Liga,2024-2025,2024-11-09,21:00,Leganés,1–0,Sevilla,11167.0,Estadio Municipal de Butarque,Juan Pulido
La Liga,2024-2025,2024-11-10,14:00,Real Betis,2–2,Celta Vigo,54015.0,Estadio Benito Villamarín,Miguel Angel Ortiz Arias
La Liga,2024-2025,2024-11-10,16:15,Mallorca,0–1,Atlético Madrid,19500.0,Estadi Mallorca Son Moix,Jose Maria Sanchez Santos
La Liga,2024-2025,2024-11-10,18:30,Valladolid,1–1,Athletic Club,23515.0,Estadio Municipal José Zorrilla,Adrian Cordero Vega
La Liga,2024-2025,2024-11-10,18:30,Getafe,0–1,Girona,10923.0,Coliseum Alfonso Pérez,Juan Martinez Munuera
La Liga,2024-2025,2024-11-10,21:00,Real Sociedad,1–0,Barcelona,36194.0,Reale Arena,Guillermo Cuadra Fernandez
La Liga,2024-2025,2024-11-22,21:00,Getafe,2–0,Valladolid,9991.0,Coliseum Alfonso Pérez,Pablo Gonzalez
La Liga,2024-2025,2024-11-23,14:00,Valencia,4–2,Real Betis,43975.0,Estadio de Mestalla,Ricardo De Burgos Bengoetxea
La Liga,2024-2025,2024-11-23,16:15,Atlético Madrid,2–1,Alavés,58910.0,Riyadh Air Metropolitan Stadium,Victor Garcia Verdura
La Liga,2024-2025,2024-11-23,17:30 (18:30),Las Palmas,2–3,Mallorca,22940.0,Estadio de Gran Canaria,Alejandro Muñiz Ruiz
La Liga,2024-2025,2024-11-23,18:30,Girona,4–1,Espanyol,12461.0,Estadi Municipal de Montilivi,Alejandro Hernandez
La Liga,2024-2025,2024-11-23,21:00,Celta Vigo,2–2,Barcelona,24573.0,Estadio Abanca Balaídos,César Soto Grado
La Liga,2024-2025,2024-11-24,14:00,Osasuna,2–2,Villarreal,19795.0,Estadio El Sadar,José Luis Munuera Montero
La Liga,2024-2025,2024-11-24,16:15,Sevilla,1–0,Rayo Vallecano,35125.0,Estadio Ramón Sánchez Pizjuán,Mateo Busquets Ferrer
La Liga,2024-2025,2024-11-24,18:30,Leganés,0–3,Real Madrid,12338.0,Estadio Municipal de Butarque,Javier Alberola Rojas
La Liga,2024-2025,2024-11-24,21:00,Athletic Club,1–0,Real Sociedad,50719.0,San Mamés,Jesus Gil Manzano
La Liga,2024-2025,2024-11-29,21:00,Mallorca,2–1,Valencia,17717.0,Estadi Mallorca Son Moix,Alejandro Quintero Gonzalez
La Liga,2024-2025,2024-11-30,14:00,Barcelona,1–2,Las Palmas,43921.0,Estadi Olímpic Lluís Companys,Adrian Cordero Vega
La Liga,2024-2025,2024-11-30,16:15,Alavés,1–1,Leganés,16881.0,Estadio de Mendizorroza,Isidro Diaz de Mera Escuderos
La Liga,2024-2025,2024-11-30,18:30,Espanyol,3–1,Celta Vigo,23792.0,RCDE Stadium,Jose Maria Sanchez Santos
La Liga,2024-2025,2024-11-30,21:00,Valladolid,0–5,Atlético Madrid,23482.0,Estadio Municipal José Zorrilla,Guillermo Cuadra Fernandez
La Liga,2024-2025,2024-12-01,14:00,Villarreal,2–2,Girona,17732.0,Estadio de la Cerámica,Miguel Angel Ortiz Arias
La Liga,2024-2025,2024-12-01,16:15,Real Madrid,2–0,Getafe,74341.0,Estadio Santiago Bernabéu,Alejandro Hernandez
La Liga,2024-2025,2024-12-01,18:30,Rayo Vallecano,1–2,Athletic Club,13639.0,Campo de Fútbol de Vallecas,Mario Melero López
La Liga,2024-2025,2024-12-01,21:00,Real Sociedad,2–0,Real Betis,28119.0,Reale Arena,Francisco Hernandez Maeso
La Liga,2024-2025,2024-12-02,21:00,Sevilla,1–1,Osasuna,31536.0,Estadio Ramón Sánchez Pizjuán,Juan Martinez Munuera
La Liga,2024-2025,2024-12-03,19:00,Mallorca,1–5,Barcelona,22352.0,Estadi Mallorca Son Moix,Jesus Gil Manzano
La Liga,2024-2025,2024-12-04,21:00,Athletic Club,2–1,Real Madrid,51364.0,San Mamés,Jose Maria Sanchez Santos
La Liga,2024-2025,2024-12-06,21:00,Celta Vigo,2–0,Mallorca,22861.0,Estadio Abanca Balaídos,Ricardo De Burgos Bengoetxea
La Liga,2024-2025,2024-12-07,13:00 (14:00),Las Palmas,2–1,Valladolid,21610.0,Estadio de Gran Canaria,Isidro Diaz de Mera Escuderos
La Liga,2024-2025,2024-12-07,16:15,Real Betis,2–2,Barcelona,51749.0,Estadio Benito Villamarín,Alejandro Muñiz Ruiz
La Liga,2024-2025,2024-12-07,18:30,Valencia,0–1,Rayo Vallecano,40968.0,Estadio de Mestalla,José Luis Munuera Montero
La Liga,2024-2025,2024-12-07,21:00,Girona,0–3,Real Madrid,13827.0,Estadi Municipal de Montilivi,Jesus Gil Manzano
La Liga,2024-2025,2024-12-08,14:00,Leganés,0–3,Real Sociedad,11312.0,Estadio Municipal de Butarque,Pablo Gonzalez
La Liga,2024-2025,2024-12-08,16:15,Athletic Club,2–0,Villarreal,47203.0,San Mamés,Victor Garcia Verdura
La Liga,2024-2025,2024-12-08,18:30,Osasuna,2–2,Alavés,18220.0,Estadio El Sadar,César Soto Grado
La Liga,2024-2025,2024-12-08,21:00,Atlético Madrid,4–3,Sevilla,60065.0,Riyadh Air Metropolitan Stadium,Javier Alberola Rojas
La Liga,2024-2025,2024-12-09,21:00,Getafe,1–0,Espanyol,7559.0,Coliseum Alfonso Pérez,Mateo Busquets Ferrer
La Liga,2024-2025,2024-12-13,21:00,Valladolid,1–0,Valencia,18449.0,Estadio Municipal José Zorrilla,Miguel Angel Ortiz Arias
La Liga,2024-2025,2024-12-14,14:00,Espanyol,0–0,Osasuna,20513.0,RCDE Stadium,Adrian Cordero Vega
La Liga,2024-2025,2024-12-14,16:15,Mallorca,2–1,Girona,15866.0,Estadi Mallorca Son Moix,Francisco Hernandez Maeso
La Liga,2024-2025,2024-12-14,18:30,Sevilla,1–0,Celta Vigo,37295.0,Estadio Ramón Sánchez Pizjuán,Jesus Gil Manzano
La Liga,2024-2025,2024-12-14,21:00,Rayo Vallecano,3–3,Real Madrid,14168.0,Campo de Fútbol de Vallecas,Juan Martinez Munuera
La Liga,2024-2025,2024-12-15,14:00,Atlético Madrid,1–0,Getafe,60169.0,Riyadh Air Metropolitan Stadium,César Soto Grado
La Liga,2024-2025,2024-12-15,16:15,Alavés,1–1,Athletic Club,19239.0,Estadio de Mendizorroza,Jose Maria Sanchez Santos
La Liga,2024-2025,2024-12-15,18:30,Real Sociedad,0–0,Las Palmas,30775.0,Reale Arena,Mario Melero López
La Liga,2024-2025,2024-12-15,18:30,Villarreal,1–2,Real Betis,18757.0,Estadio de la Cerámica,Guillermo Cuadra Fernandez
La Liga,2024-2025,2024-12-15,21:00,Barcelona,0–1,Leganés,39523.0,Estadi Olímpic Lluís Companys,Alejandro Quintero Gonzalez
La Liga,2024-2025,2024-12-18,21:30,Villarreal,1–1,Rayo Vallecano,14000.0,Estadio de la Cerámica,Alejandro Hernandez
La Liga,2024-2025,2024-12-18,21:30,Espanyol,1–1,Valencia,18122.0,RCDE Stadium,Pablo Gonzalez
La Liga,2024-2025,2024-12-20,21:00,Girona,3–0,Valladolid,9534.0,Estadi Municipal de Montilivi,Pablo Gonzalez
La Liga,2024-2025,2024-12-21,14:00,Getafe,0–1,Mallorca,9747.0,Coliseum Alfonso Pérez,José Luis Munuera Montero
La Liga,2024-2025,2024-12-21,16:15,Celta Vigo,2–0,Real Sociedad,22956.0,Estadio Abanca Balaídos,Mateo Busquets Ferrer
La Liga,2024-2025,2024-12-21,18:30,Osasuna,1–2,Athletic Club,22030.0,Estadio El Sadar,Alejandro Quintero Gonzalez
La Liga,2024-2025,2024-12-21,21:00,Barcelona,1–2,Atlético Madrid,46249.0,Estadi Olímpic Lluís Companys,Ricardo De Burgos Bengoetxea
La Liga,2024-2025,2024-12-22,14:00,Valencia,2–2,Alavés,37586.0,Estadio de Mestalla,Javier Alberola Rojas
La Liga,2024-2025,2024-12-22,16:15,Real Madrid,4–2,Sevilla,75227.0,Estadio Santiago Bernabéu,Isidro Diaz de Mera Escuderos
La Liga,2024-2025,2024-12-22,17:30 (18:30),Las Palmas,1–0,Espanyol,23743.0,Estadio de Gran Canaria,César Soto Grado
La Liga,2024-2025,2024-12-22,18:30,Leganés,2–5,Villarreal,11034.0,Estadio Municipal de Butarque,Alejandro Muñiz Ruiz
La Liga,2024-2025,2024-12-22,21:00,Real Betis,1–1,Rayo Vallecano,53121.0,Estadio Benito Villamarín,Victor Garcia Verdura
La Liga,2024-2025,2025-01-03,21:00,Valencia,1–2,Real Madrid,46420.0,Estadio de Mestalla,César Soto Grado
La Liga,2024-2025,2025-01-10,21:00,Rayo Vallecano,2–1,Celta Vigo,12955.0,Campo de Fútbol de Vallecas,Guillermo Cuadra Fernandez
La Liga,2024-2025,2025-01-11,14:00,Alavés,0–1,Girona,16454.0,Estadio de Mendizorroza,Mateo Busquets Ferrer
La Liga,2024-2025,2025-01-11,16:15,Valladolid,1–0,Real Betis,21911.0,Estadio Municipal José Zorrilla,Adrian Cordero Vega
La Liga,2024-2025,2025-01-11,18:30,Espanyol,1–1,Leganés,26606.0,RCDE Stadium,Juan Martinez Munuera
La Liga,2024-2025,2025-01-11,21:00,Sevilla,1–1,Valencia,34297.0,Estadio Ramón Sánchez Pizjuán,Francisco Hernandez Maeso
La Liga,2024-2025,2025-01-12,13:00 (14:00),Las Palmas,1–2,Getafe,23698.0,Estadio de Gran Canaria,Javier Alberola Rojas
La Liga,2024-2025,2025-01-12,16:15,Atlético Madrid,1–0,Osasuna,64801.0,Riyadh Air Metropolitan Stadium,Isidro Diaz de Mera Escuderos
La Liga,2024-2025,2025-01-13,21:00,Real Sociedad,1–0,Villarreal,20855.0,Reale Arena,César Soto Grado
La Liga,2024-2025,2025-01-17,21:00,Espanyol,2–1,Valladolid,23554.0,RCDE Stadium,Ricardo De Burgos Bengoetxea
La Liga,2024-2025,2025-01-18,14:00,Girona,1–2,Sevilla,12040.0,Estadi Municipal de Montilivi,Juan Martinez Munuera
La Liga,2024-2025,2025-01-18,16:15,Leganés,1–0,Atlético Madrid,12371.0,Estadio Municipal de Butarque,Mario Melero López
La Liga,2024-2025,2025-01-18,18:30,Real Betis,1–3,Alavés,50021.0,Estadio Benito Villamarín,Alejandro Hernandez
La Liga,2024-2025,2025-01-18,21:00,Getafe,1–1,Barcelona,15134.0,Coliseum Alfonso Pérez,Pablo Gonzalez
La Liga,2024-2025,2025-01-19,14:00,Celta Vigo,1–2,Athletic Club,22279.0,Estadio Abanca Balaídos,Miguel Angel Ortiz Arias
La Liga,2024-2025,2025-01-19,16:15,Real Madrid,4–1,Las Palmas,74808.0,Estadio Santiago Bernabéu,Alejandro Quintero Gonzalez
La Liga,2024-2025,2025-01-19,18:30,Osasuna,1–1,Rayo Vallecano,20770.0,Estadio El Sadar,Alejandro Muñiz Ruiz
La Liga,2024-2025,2025-01-19,21:00,Valencia,1–0,Real Sociedad,40791.0,Estadio de Mestalla,Victor Garcia Verdura
La Liga,2024-2025,2025-01-20,21:00,Villarreal,4–0,Mallorca,14852.0,Estadio de la Cerámica,José Luis Munuera Montero
La Liga,2024-2025,2025-01-24,20:00 (21:00),Las Palmas,1–1,Osasuna,19762.0,Estadio de Gran Canaria,Jesus Gil Manzano
La Liga,2024-2025,2025-01-25,14:00,Mallorca,0–1,Real Betis,19452.0,Estadi Mallorca Son Moix,Javier Alberola Rojas
La Liga,2024-2025,2025-01-25,16:15,Atlético Madrid,1–1,Villarreal,63596.0,Riyadh Air Metropolitan Stadium,Jose Maria Sanchez Santos
La Liga,2024-2025,2025-01-25,18:30,Sevilla,1–1,Espanyol,33602.0,Estadio Ramón Sánchez Pizjuán,Adrian Cordero Vega
La Liga,2024-2025,2025-01-25,21:00,Valladolid,0–3,Real Madrid,26025.0,Estadio Municipal José Zorrilla,Mateo Busquets Ferrer
La Liga,2024-2025,2025-01-26,14:00,Rayo Vallecano,2–1,Girona,12405.0,Campo de Fútbol de Vallecas,Isidro Diaz de Mera Escuderos
La Liga,2024-2025,2025-01-26,16:15,Real Sociedad,0–3,Getafe,30004.0,Reale Arena,Guillermo Cuadra Fernandez
La Liga,2024-2025,2025-01-26,18:30,Athletic Club,0–0,Leganés,47612.0,San Mamés,Alejandro Hernandez
La Liga,2024-2025,2025-01-26,21:00,Barcelona,7–1,Valencia,45312.0,Estadi Olímpic Lluís Companys,César Soto Grado
La Liga,2024-2025,2025-01-27,21:00,Alavés,1–1,Celta Vigo,13612.0,Estadio de Mendizorroza,Francisco Hernandez Maeso
La Liga,2024-2025,2025-01-31,21:00,Leganés,0–1,Rayo Vallecano,11432.0,Estadio Municipal de Butarque,Alejandro Quintero Gonzalez
La Liga,2024-2025,2025-02-01,14:00,Getafe,0–0,Sevilla,11730.0,Coliseum Alfonso Pérez,Ricardo De Burgos Bengoetxea
La Liga,2024-2025,2025-02-01,16:15,Villarreal,5–1,Valladolid,17032.0,Estadio de la Cerámica,Isidro Diaz de Mera Escuderos
La Liga,2024-2025,2025-02-01,18:30,Atlético Madrid,2–0,Mallorca,60710.0,Riyadh Air Metropolitan Stadium,Victor Garcia Verdura
La Liga,2024-2025,2025-02-01,21:00,Espanyol,1–0,Real Madrid,33669.0,RCDE Stadium,Alejandro Muñiz Ruiz
La Liga,2024-2025,2025-02-02,14:00,Barcelona,1–0,Alavés,42900.0,Estadi Olímpic Lluís Companys,José Luis Munuera Montero
La Liga,2024-2025,2025-02-02,16:15,Valencia,2–1,Celta Vigo,42273.0,Estadio de Mestalla,Pablo Gonzalez
La Liga,2024-2025,2025-02-02,18:30,Osasuna,2–1,Real Sociedad,21678.0,Estadio El Sadar,Miguel Angel Ortiz Arias
La Liga,2024-2025,2025-02-02,21:00,Real Betis,2–2,Athletic Club,49292.0,Estadio Benito Villamarín,Juan Martinez Munuera
La Liga,2024-2025,2025-02-03,21:00,Girona,2–1,Las Palmas,10088.0,Estadi Municipal de Montilivi,Mario Melero López
La Liga,2024-2025,2025-02-07,21:00,Rayo Vallecano,1–0,Valladolid,12286.0,Campo de Fútbol de Vallecas,Jesus Gil Manzano
La Liga,2024-2025,2025-02-08,14:00,Celta Vigo,3–2,Real Betis,22651.0,Estadio Abanca Balaídos,Mateo Busquets Ferrer
La Liga,2024-2025,2025-02-08,16:15,Athletic Club,3–0,Girona,48261.0,San Mamés,Jose Maria Sanchez Santos
La Liga,2024-2025,2025-02-08,17:30 (18:30),Las Palmas,1–2,Villarreal,22909.0,Estadio de Gran Canaria,Francisco Hernandez Maeso
La Liga,2024-2025,2025-02-08,21:00,Real Madrid,1–1,Atlético Madrid,78082.0,Estadio Santiago Bernabéu,César Soto Grado
La Liga,2024-2025,2025-02-09,14:00,Alavés,0–1,Getafe,16236.0,Estadio de Mendizorroza,Isidro Diaz de Mera Escuderos
La Liga,2024-2025,2025-02-09,16:15,Valencia,2–0,Leganés,42312.0,Estadio de Mestalla,Guillermo Cuadra Fernandez
La Liga,2024-2025,2025-02-09,18:30,Real Sociedad,2–1,Espanyol,29478.0,Reale Arena,Javier Alberola Rojas
La Liga,2024-2025,2025-02-09,21:00,Sevilla,1–4,Barcelona,38592.0,Estadio Ramón Sánchez Pizjuán,Alejandro Hernandez
La Liga,2024-2025,2025-02-10,21:00,Mallorca,1–1,Osasuna,15378.0,Estadi Mallorca Son Moix,Adrian Cordero Vega
La Liga,2024-2025,2025-02-14,21:00,Girona,1–2,Getafe,10354.0,Estadi Municipal de Montilivi,Alejandro Quintero Gonzalez
La Liga,2024-2025,2025-02-15,14:00,Leganés,3–3,Alavés,10681.0,Estadio Municipal de Butarque,Pablo Gonzalez
La Liga,2024-2025,2025-02-15,16:15,Osasuna,1–1,Real Madrid,22390.0,Estadio El Sadar,José Luis Munuera Montero
La Liga,2024-2025,2025-02-15,18:30,Atlético Madrid,1–1,Celta Vigo,64211.0,Riyadh Air Metropolitan Stadium,Juan Martinez Munuera
La Liga,2024-2025,2025-02-15,21:00,Villarreal,1–1,Valencia,19701.0,Estadio de la Cerámica,Ricardo De Burgos Bengoetxea
La Liga,2024-2025,2025-02-16,14:00,Espanyol,1–1,Athletic Club,26645.0,RCDE Stadium,Guillermo Cuadra Fernandez
La Liga,2024-2025,2025-02-16,16:15,Valladolid,0–4,Sevilla,22123.0,Estadio Municipal José Zorrilla,Javier Alberola Rojas
La Liga,2024-2025,2025-02-16,18:30,Mallorca,3–1,Las Palmas,18475.0,Estadi Mallorca Son Moix,Miguel Angel Ortiz Arias
La Liga,2024-2025,2025-02-16,21:00,Real Betis,3–0,Real Sociedad,48758.0,Estadio Benito Villamarín,Jesus Gil Manzano
La Liga,2024-2025,2025-02-17,21:00,Barcelona,1–0,Rayo Vallecano,45296.0,Estadi Olímpic Lluís Companys,Mario Melero López
La Liga,2024-2025,2025-02-21,21:00,Celta Vigo,1–0,Osasuna,22005.0,Estadio Abanca Balaídos,Jose Maria Sanchez Santos
La Liga,2024-2025,2025-02-22,14:00,Alavés,0–1,Espanyol,17068.0,Estadio de Mendizorroza,Juan Pulido
La Liga,2024-2025,2025-02-22,16:15,Rayo Vallecano,0–1,Villarreal,13373.0,Campo de Fútbol de Vallecas,Victor Garcia Verdura
La Liga,2024-2025,2025-02-22,18:30,Valencia,0–3,Atlético Madrid,46297.0,Estadio de Mestalla,Mateo Busquets Ferrer
La Liga,2024-2025,2025-02-22,20:00 (21:00),Las Palmas,0–2,Barcelona,30746.0,Estadio de Gran Canaria,Adrian Cordero Vega
La Liga,2024-2025,2025-02-23,14:00,Athletic Club,7–1,Valladolid,47715.0,San Mamés,César Soto Grado
La Liga,2024-2025,2025-02-23,16:15,Real Madrid,2–0,Girona,74028.0,Estadio Santiago Bernabéu,Guillermo Cuadra Fernandez
La Liga,2024-2025,2025-02-23,18:30,Getafe,1–2,Real Betis,13964.0,Coliseum Alfonso Pérez,Javier Alberola Rojas
La Liga,2024-2025,2025-02-23,21:00,Real Sociedad,3–0,Leganés,22533.0,Reale Arena,Francisco Hernandez Maeso
La Liga,2024-2025,2025-02-24,21:00,Sevilla,1–1,Mallorca,35424.0,Estadio Ramón Sánchez Pizjuán,Alejandro Muñiz Ruiz
La Liga,2024-2025,2025-02-28,21:00,Valladolid,1–1,Las Palmas,16024.0,Estadio Municipal José Zorrilla,Ricardo De Burgos Bengoetxea
La Liga,2024-2025,2025-03-01,14:00,Girona,2–2,Celta Vigo,11449.0,Estadi Municipal de Montilivi,Miguel Angel Ortiz Arias
La Liga,2024-2025,2025-03-01,16:15,Rayo Vallecano,1–1,Sevilla,11947.0,Campo de Fútbol de Vallecas,Pablo Gonzalez
La Liga,2024-2025,2025-03-01,18:30,Real Betis,2–1,Real Madrid,55873.0,Estadio Benito Villamarín,Alejandro Hernandez
La Liga,2024-2025,2025-03-01,21:00,Atlético Madrid,1–0,Athletic Club,63810.0,Riyadh Air Metropolitan Stadium,Jesus Gil Manzano
La Liga,2024-2025,2025-03-02,14:00,Leganés,1–0,Getafe,10311.0,Estadio Municipal de Butarque,Alejandro Muñiz Ruiz
La Liga,2024-2025,2025-03-02,16:15,Barcelona,4–0,Real Sociedad,46324.0,Estadi Olímpic Lluís Companys,Alejandro Quintero Gonzalez
La Liga,2024-2025,2025-03-02,18:30,Mallorca,1–1,Alavés,17702.0,Estadi Mallorca Son Moix,César Soto Grado
La Liga,2024-2025,2025-03-02,21:00,Osasuna,3–3,Valencia,19230.0,Estadio El Sadar,Mario Melero López
La Liga,2024-2025,2025-03-08,14:00,Celta Vigo,2–1,Leganés,17326.0,Estadio Abanca Balaídos,Isidro Diaz de Mera Escuderos
La Liga,2024-2025,2025-03-08,16:15,Alavés,1–0,Villarreal,16582.0,Estadio de Mendizorroza,Miguel Angel Ortiz Arias
La Liga,2024-2025,2025-03-08,18:30,Valencia,2–1,Valladolid,41720.0,Estadio de Mestalla,Juan Pulido
La Liga,2024-2025,2025-03-09,14:00,Getafe,2–1,Atlético Madrid,12862.0,Coliseum Alfonso Pérez,Guillermo Cuadra Fernandez
La Liga,2024-2025,2025-03-09,16:15,Real Madrid,2–1,Rayo Vallecano,74170.0,Estadio Santiago Bernabéu,Francisco Hernandez Maeso
La Liga,2024-2025,2025-03-09,18:30,Real Betis,1–0,Las Palmas,49292.0,Estadio Benito Villamarín,Jose Maria Sanchez Santos
La Liga,2024-2025,2025-03-09,18:30,Athletic Club,1–1,Mallorca,48203.0,San Mamés,Alejandro Hernandez
La Liga,2024-2025,2025-03-09,21:00,Real Sociedad,0–1,Sevilla,25478.0,Reale Arena,Victor Garcia Verdura
La Liga,2024-2025,2025-03-10,21:00,Espanyol,1–1,Girona,23997.0,RCDE Stadium,Adrian Cordero Vega
La Liga,2024-2025,2025-03-14,20:00 (21:00),Las Palmas,2–2,Alavés,17566.0,Estadio de Gran Canaria,Mario Melero López
La Liga,2024-2025,2025-03-15,14:00,Valladolid,0–1,Celta Vigo,17521.0,Estadio Municipal José Zorrilla,Victor Garcia Verdura
La Liga,2024-2025,2025-03-15,16:15,Mallorca,2–1,Espanyol,18240.0,Estadi Mallorca Son Moix,Alejandro Quintero Gonzalez
La Liga,2024-2025,2025-03-15,18:30,Villarreal,1–2,Real Madrid,20559.0,Estadio de la Cerámica,Jesus Gil Manzano
La Liga,2024-2025,2025-03-15,21:00,Girona,1–1,Valencia,10262.0,Estadi Municipal de Montilivi,José Luis Munuera Montero
La Liga,2024-2025,2025-03-16,14:00,Leganés,2–3,Real Betis,11691.0,Estadio Municipal de Butarque,César Soto Grado
La Liga,2024-2025,2025-03-16,16:15,Sevilla,0–1,Athletic Club,37016.0,Estadio Ramón Sánchez Pizjuán,Juan Pulido
La Liga,2024-2025,2025-03-16,18:30,Osasuna,1–2,Getafe,19611.0,Estadio El Sadar,Alejandro Hernandez
La Liga,2024-2025,2025-03-16,18:30,Rayo Vallecano,2–2,Real Sociedad,12364.0,Campo de Fútbol de Vallecas,Alejandro Muñiz Ruiz
La Liga,2024-2025,2025-03-16,21:00,Atlético Madrid,2–4,Barcelona,67602.0,Riyadh Air Metropolitan Stadium,Ricardo De Burgos Bengoetxea
La Liga,2024-2025,2025-03-27,21:00,Barcelona,3–0,Osasuna,42319.0,Estadi Olímpic Lluís Companys,Mateo Busquets Ferrer
La Liga,2024-2025,2025-03-29,14:00,Real Sociedad,2–1,Valladolid,28151.0,Reale Arena,Adrian Cordero Vega
La Liga,2024-2025,2025-03-29,16:15,Espanyol,1–1,Atlético Madrid,30559.0,RCDE Stadium,Javier Alberola Rojas
La Liga,2024-2025,2025-03-29,18:30,Alavés,0–2,Rayo Vallecano,18336.0,Estadio de Mendizorroza,José Luis Munuera Montero
La Liga,2024-2025,2025-03-29,21:00,Real Madrid,3–2,Leganés,73641.0,Estadio Santiago Bernabéu,Pablo Gonzalez
La Liga,2024-2025,2025-03-30,14:00,Getafe,1–2,Villarreal,11406.0,Coliseum Alfonso Pérez,Isidro Diaz de Mera Escuderos
La Liga,2024-2025,2025-03-30,16:15,Barcelona,4–1,Girona,48258.0,Estadi Olímpic Lluís Companys,Juan Pulido
La Liga,2024-2025,2025-03-30,18:30,Valencia,1–0,Mallorca,44082.0,Estadio de Mestalla,Francisco Hernandez Maeso
La Liga,2024-2025,2025-03-30,18:30,Athletic Club,0–0,Osasuna,49671.0,San Mamés,Guillermo Cuadra Fernandez
La Liga,2024-2025,2025-03-30,21:00,Real Betis,2–1,Sevilla,58538.0,Estadio Benito Villamarín,Mateo Busquets Ferrer
La Liga,2024-2025,2025-03-31,21:00,Celta Vigo,1–1,Las Palmas,18549.0,Estadio Abanca Balaídos,Juan Martinez Munuera
La Liga,2024-2025,2025-04-04,21:00,Rayo Vallecano,0–4,Espanyol,11905.0,Campo de Fútbol de Vallecas,Alejandro Hernandez
La Liga,2024-2025,2025-04-05,14:00,Girona,0–1,Alavés,11384.0,Estadi Municipal de Montilivi,Alejandro Muñiz Ruiz
La Liga,2024-2025,2025-04-05,16:15,Real Madrid,1–2,Valencia,75382.0,Estadio Santiago Bernabéu,Guillermo Cuadra Fernandez
La Liga,2024-2025,2025-04-05,18:30,Mallorca,1–2,Celta Vigo,18291.0,Estadi Mallorca Son Moix,Ricardo De Burgos Bengoetxea
La Liga,2024-2025,2025-04-05,21:00,Barcelona,1–1,Real Betis,47043.0,Estadi Olímpic Lluís Companys,Jesus Gil Manzano
La Liga,2024-2025,2025-04-06,13:00 (14:00),Las Palmas,1–3,Real Sociedad,22616.0,Estadio de Gran Canaria,Miguel Angel Ortiz Arias
La Liga,2024-2025,2025-04-06,16:15,Sevilla,1–2,Atlético Madrid,34505.0,Estadio Ramón Sánchez Pizjuán,César Soto Grado
La Liga,2024-2025,2025-04-06,18:30,Valladolid,0–4,Getafe,17737.0,Estadio Municipal José Zorrilla,Alejandro Quintero Gonzalez
La Liga,2024-2025,2025-04-06,21:00,Villarreal,0–0,Athletic Club,19158.0,Estadio de la Cerámica,Mario Melero López
La Liga,2024-2025,2025-04-07,21:00,Leganés,1–1,Osasuna,10755.0,Estadio Municipal de Butarque,Victor Garcia Verdura
La Liga,2024-2025,2025-04-11,21:00,Valencia,1–0,Sevilla,45618.0,Estadio de Mestalla,Jose Maria Sanchez Santos
La Liga,2024-2025,2025-04-12,14:00,Real Sociedad,0–2,Mallorca,29181.0,Reale Arena,José Luis Munuera Montero
La Liga,2024-2025,2025-04-12,16:15,Getafe,1–3,Las Palmas,8370.0,Coliseum Alfonso Pérez,Javier Alberola Rojas
La Liga,2024-2025,2025-04-12,18:30,Celta Vigo,0–2,Espanyol,19801.0,Estadio Abanca Balaídos,Mateo Busquets Ferrer
La Liga,2024-2025,2025-04-12,21:00,Leganés,0–1,Barcelona,12530.0,Estadio Municipal de Butarque,Francisco Hernandez Maeso
La Liga,2024-2025,2025-04-13,14:00,Osasuna,2–1,Girona,20260.0,Estadio El Sadar,Pablo Gonzalez
La Liga,2024-2025,2025-04-13,16:15,Alavés,0–1,Real Madrid,19438.0,Estadio de Mendizorroza,César Soto Grado
La Liga,2024-2025,2025-04-13,18:30,Real Betis,1–2,Villarreal,54778.0,Estadio Benito Villamarín,Juan Pulido
La Liga,2024-2025,2025-04-13,21:00,Athletic Club,3–1,Rayo Vallecano,47584.0,San Mamés,Adrian Cordero Vega
La Liga,2024-2025,2025-04-14,21:00,Atlético Madrid,4–2,Valladolid,55936.0,Riyadh Air Metropolitan Stadium,Isidro Diaz de Mera Escuderos
La Liga,2024-2025,2025-04-18,21:00,Espanyol,1–0,Getafe,25003.0,RCDE Stadium,Ricardo De Burgos Bengoetxea
La Liga,2024-2025,2025-04-19,14:00,Rayo Vallecano,1–1,Valencia,11308.0,Campo de Fútbol de Vallecas,Alejandro Quintero Gonzalez
La Liga,2024-2025,2025-04-19,16:15,Barcelona,4–3,Celta Vigo,48569.0,Estadi Olímpic Lluís Companys,Mario Melero López
La Liga,2024-2025,2025-04-19,18:30,Mallorca,0–0,Leganés,17404.0,Estadi Mallorca Son Moix,Alejandro Muñiz Ruiz
La Liga,2024-2025,2025-04-19,20:00 (21:00),Las Palmas,1–0,Atlético Madrid,27154.0,Estadio de Gran Canaria,Victor Garcia Verdura
La Liga,2024-2025,2025-04-20,14:00,Valladolid,2–3,Osasuna,12230.0,Estadio Municipal José Zorrilla,Jesus Gil Manzano
La Liga,2024-2025,2025-04-20,16:15,Villarreal,2–2,Real Sociedad,17620.0,Estadio de la Cerámica,Guillermo Cuadra Fernandez
La Liga,2024-2025,2025-04-20,18:30,Sevilla,1–1,Alavés,36436.0,Estadio Ramón Sánchez Pizjuán,Miguel Angel Ortiz Arias
La Liga,2024-2025,2025-04-20,21:00,Real Madrid,1–0,Athletic Club,72535.0,Estadio Santiago Bernabéu,Juan Martinez Munuera
La Liga,2024-2025,2025-04-21,21:00,Girona,1–3,Real Betis,12535.0,Estadi Municipal de Montilivi,Alejandro Hernandez
La Liga,2024-2025,2025-04-22,19:00,Valencia,1–1,Espanyol,42448.0,Estadio de Mestalla,Juan Pulido
La Liga,2024-2025,2025-04-22,21:30,Barcelona,1–0,Mallorca,45602.0,Estadi Olímpic Lluís Companys,Miguel Angel Ortiz Arias
La Liga,2024-2025,2025-04-23,19:00,Celta Vigo,3–0,Villarreal,19324.0,Estadio Abanca Balaídos,Javier Alberola Rojas
La Liga,2024-2025,2025-04-23,19:00,Athletic Club,1–0,Las Palmas,47724.0,San Mamés,Isidro Diaz de Mera Escuderos
La Liga,2024-2025,2025-04-23,21:30,Alavés,1–0,Real Sociedad,17049.0,Estadio de Mendizorroza,Mateo Busquets Ferrer
La Liga,2024-2025,2025-04-23,21:30,Getafe,0–1,Real Madrid,15184.0,Coliseum Alfonso Pérez,Jose Maria Sanchez Santos
La Liga,2024-2025,2025-04-24,19:00,Osasuna,1–0,Sevilla,20555.0,Estadio El Sadar,Adrian Cordero Vega
La Liga,2024-2025,2025-04-24,19:00,Leganés,1–1,Girona,11595.0,Estadio Municipal de Butarque,José Luis Munuera Montero
La Liga,2024-2025,2025-04-24,21:30,Atlético Madrid,3–0,Rayo Vallecano,49410.0,Riyadh Air Metropolitan Stadium,Pablo Gonzalez
La Liga,2024-2025,2025-04-24,21:30,Real Betis,5–1,Valladolid,46458.0,Estadio Benito Villamarín,Francisco Hernandez Maeso
La Liga,2024-2025,2025-04-27,16:15,Villarreal,1–0,Espanyol,17236.0,Estadio de la Cerámica,José Luis Munuera Montero
La Liga,2024-2025,2025-05-02,21:00,Rayo Vallecano,1–0,Getafe,11648.0,Campo de Fútbol de Vallecas,Victor Garcia Verdura
La Liga,2024-2025,2025-05-03,14:00,Alavés,0–0,Atlético Madrid,18117.0,Estadio de Mendizorroza,Juan Martinez Munuera
La Liga,2024-2025,2025-05-03,16:15,Villarreal,4–2,Osasuna,17147.0,Estadio de la Cerámica,Alejandro Quintero Gonzalez
La Liga,2024-2025,2025-05-03,17:30 (18:30),Las Palmas,2–3,Valencia,24942.0,Estadio de Gran Canaria,Ricardo De Burgos Bengoetxea
La Liga,2024-2025,2025-05-03,21:00,Valladolid,1–2,Barcelona,23967.0,Estadio Municipal José Zorrilla,Alejandro Muñiz Ruiz
La Liga,2024-2025,2025-05-04,14:00,Real Madrid,3–2,Celta Vigo,67661.0,Estadio Santiago Bernabéu,Jesus Gil Manzano
La Liga,2024-2025,2025-05-04,16:15,Sevilla,2–2,Leganés,35495.0,Estadio Ramón Sánchez Pizjuán,Alejandro Hernandez
La Liga,2024-2025,2025-05-04,18:30,Espanyol,1–2,Real Betis,29126.0,RCDE Stadium,Guillermo Cuadra Fernandez
La Liga,2024-2025,2025-05-04,21:00,Real Sociedad,0–0,Athletic Club,36058.0,Reale Arena,César Soto Grado
La Liga,2024-2025,2025-05-05,21:00,Girona,1–0,Mallorca,7721.0,Estadi Municipal de Montilivi,Mario Melero López
La Liga,2024-2025,2025-05-09,20:00 (21:00),Las Palmas,0–1,Rayo Vallecano,20577.0,Estadio de Gran Canaria,Francisco Hernandez Maeso
La Liga,2024-2025,2025-05-10,14:00,Valencia,3–0,Getafe,43357.0,Estadio de Mestalla,Adrian Cordero Vega
La Liga,2024-2025,2025-05-10,16:15,Celta Vigo,3–2,Sevilla,20281.0,Estadio Abanca Balaídos,Pablo Gonzalez
La Liga,2024-2025,2025-05-10,18:30,Mallorca,2–1,Valladolid,16018.0,Estadi Mallorca Son Moix,Juan Pulido
La Liga,2024-2025,2025-05-10,18:30,Girona,0–1,Villarreal,12011.0,Estadi Municipal de Montilivi,Isidro Diaz de Mera Escuderos
La Liga,2024-2025,2025-05-10,21:00,Atlético Madrid,4–0,Real Sociedad,59612.0,Riyadh Air Metropolitan Stadium,Jose Maria Sanchez Santos
La Liga,2024-2025,2025-05-11,14:00,Leganés,3–2,Espanyol,11669.0,Estadio Municipal de Butarque,Javier Alberola Rojas
La Liga,2024-2025,2025-05-11,16:15,Barcelona,4–3,Real Madrid,50319.0,Estadi Olímpic Lluís Companys,Alejandro Hernandez
La Liga,2024-2025,2025-05-11,18:30,Athletic Club,1–0,Alavés,47947.0,San Mamés,José Luis Munuera Montero
La Liga,2024-2025,2025-05-11,21:00,Real Betis,1–1,Osasuna,52839.0,Estadio Benito Villamarín,Miguel Angel Ortiz Arias
La Liga,2024-2025,2025-05-13,19:00,Valladolid,0–1,Girona,12664.0,Estadio Municipal José Zorrilla,Alejandro Quintero Gonzalez
La Liga,2024-2025,2025-05-13,20:00,Real Sociedad,0–1,Celta Vigo,25124.0,Reale Arena,Victor Garcia Verdura
La Liga,2024-2025,2025-05-13,21:30,Sevilla,1–0,Las Palmas,37078.0,Estadio Ramón Sánchez Pizjuán,Juan Martinez Munuera
La Liga,2024-2025,2025-05-14,19:00,Alavés,1–0,Valencia,17626.0,Estadio de Mendizorroza,Jesus Gil Manzano
La Liga,2024-2025,2025-05-14,19:00,Villarreal,3–0,Leganés,17067.0,Estadio de la Cerámica,Ricardo De Burgos Bengoetxea
La Liga,2024-2025,2025-05-14,21:30,Real Madrid,2–1,Mallorca,60753.0,Estadio Santiago Bernabéu,Javier Alberola Rojas
La Liga,2024-2025,2025-05-15,19:00,Rayo Vallecano,2–2,Real Betis,13480.0,Campo de Fútbol de Vallecas,Pablo Gonzalez
La Liga,2024-2025,2025-05-15,19:00,Osasuna,2–0,Atlético Madrid,21171.0,Estadio El Sadar,Mario Melero López
La Liga,2024-2025,2025-05-15,21:30,Getafe,0–2,Athletic Club,11564.0,Coliseum Alfonso Pérez,Guillermo Cuadra Fernandez
La Liga,2024-2025,2025-05-15,21:30,Espanyol,0–2,Barcelona,34283.0,RCDE Stadium,César Soto Grado
La Liga,2024-2025,2025-05-18,18:00 (19:00),Las Palmas,0–1,Leganés,11279.0,Estadio de Gran Canaria,Jose Maria Sanchez Santos
La Liga,2024-2025,2025-05-18,19:00,Mallorca,1–2,Getafe,18124.0,Estadi Mallorca Son Moix,Alejandro Hernandez
La Liga,2024-2025,2025-05-18,19:00,Valencia,0–1,Athletic Club,45641.0,Estadio de Mestalla,Alejandro Muñiz Ruiz
La Liga,2024-2025,2025-05-18,19:00,Atlético Madrid,4–1,Real Betis,62269.0,Riyadh Air Metropolitan Stadium,Adrian Cordero Vega
La Liga,2024-2025,2025-05-18,19:00,Osasuna,2–0,Espanyol,21131.0,Estadio El Sadar,Francisco Hernandez Maeso
La Liga,2024-2025,2025-05-18,19:00,Barcelona,2–3,Villarreal,49558.0,Estadi Olímpic Lluís Companys,José Luis Munuera Montero
La Liga,2024-2025,2025-05-18,19:00,Valladolid,0–1,Alavés,14506.0,Estadio Municipal José Zorrilla,Isidro Diaz de Mera Escuderos
La Liga,2024-2025,2025-05-18,19:00,Real Sociedad,3–2,Girona,28315.0,Reale Arena,Miguel Angel Ortiz Arias
La Liga,2024-2025,2025-05-18,19:00,Sevilla,0–2,Real Madrid,32500.0,Estadio Ramón Sánchez Pizjuán,Mateo Busquets Ferrer
La Liga,2024-2025,2025-05-18,19:00,Celta Vigo,1–2,Rayo Vallecano,21482.0,Estadio Abanca Balaídos,Juan Pulido
La Liga,2024-2025,2025-05-23,21:00,Real Betis,1–1,Valencia,51141.0,Estadio Benito Villamarín,Victor Garcia Verdura
La Liga,2024-2025,2025-05-24,16:15,Real Madrid,2–0,Real Sociedad,73186.0,Estadio Santiago Bernabéu,Mario Melero López
La Liga,2024-2025,2025-05-24,18:30,Leganés,3–0,Valladolid,11523.0,Estadio Municipal de Butarque,César Soto Grado
La Liga,2024-2025,2025-05-24,18:30,Espanyol,2–0,Las Palmas,32511.0,RCDE Stadium,Alejandro Muñiz Ruiz
La Liga,2024-2025,2025-05-24,21:00,Rayo Vallecano,0–0,Mallorca,13854.0,Campo de Fútbol de Vallecas,Ricardo De Burgos Bengoetxea
La Liga,2024-2025,2025-05-24,21:00,Alavés,1–1,Osasuna,19274.0,Estadio de Mendizorroza,Guillermo Cuadra Fernandez
La Liga,2024-2025,2025-05-24,21:00,Getafe,1–2,Celta Vigo,12862.0,Coliseum Alfonso Pérez,Juan Martinez Munuera
La Liga,2024-2025,2025-05-25,14:00,Girona,0–4,Atlético Madrid,11546.0,Estadi Municipal de Montilivi,Jesus Gil Manzano
La Liga,2024-2025,2025-05-25,16:15,Villarreal,4–2,Sevilla,17758.0,Estadio de la Cerámica,Javier Alberola Rojas
La Liga,2024-2025,2025-05-25,21:00,Athletic Club,0–3,Barcelona,50231.0,San Mamés,Pablo Gonzalez
La Liga,2023-2024,2023-08-11,19:30,Almería,0–2,Rayo Vallecano,14837.0,Power Horse Stadium,Javier Alberola Rojas
La Liga,2023-2024,2023-08-11,22:00,Sevilla,1–2,Valencia,34184.0,Estadio Ramón Sánchez Pizjuán,José María Sánchez Martínez
La Liga,2023-2024,2023-08-12,17:00,Real Sociedad,1–1,Girona,30848.0,Reale Arena,Francisco Hernandez Maeso
La Liga,2023-2024,2023-08-12,18:30 (19:30),Las Palmas,1–1,Mallorca,24100.0,Estadio de Gran Canaria,Victor Garcia Verdura
La Liga,2023-2024,2023-08-12,21:30,Athletic Club,0–2,Real Madrid,48927.0,San Mamés,Jesus Gil Manzano
La Liga,2023-2024,2023-08-13,17:00,Celta Vigo,0–2,Osasuna,20269.0,Estadio Abanca Balaídos,Pablo Gonzalez
La Liga,2023-2024,2023-08-13,19:30,Villarreal,1–2,Real Betis,17825.0,Estadio de la Cerámica,Miguel Angel Ortiz Arias
La Liga,2023-2024,2023-08-13,21:30,Getafe,0–0,Barcelona,13410.0,Coliseum Alfonso Pérez,César Soto Grado
La Liga,2023-2024,2023-08-14,19:30,Cádiz,1–0,Alavés,19306.0,Estadio Nuevo Mirandilla,Isidro Diaz de Mera Escuderos
La Liga,2023-2024,2023-08-14,21:30,Atlético Madrid,3–1,Granada,56164.0,Estadio Cívitas Metropolitano,Juan Pulido
La Liga,2023-2024,2023-08-18,19:30,Mallorca,0–1,Villarreal,17775.0,Estadi Mallorca Son Moix,Javier Alberola Rojas
La Liga,2023-2024,2023-08-18,21:30,Valencia,1–0,Las Palmas,41053.0,Estadio de Mestalla,Ignacio Iglesias Villanueva
La Liga,2023-2024,2023-08-19,17:00,Real Sociedad,1–1,Celta Vigo,30354.0,Reale Arena,Miguel Angel Ortiz Arias
La Liga,2023-2024,2023-08-19,19:30,Almería,1–3,Real Madrid,17561.0,Power Horse Stadium,José María Sánchez Martínez
La Liga,2023-2024,2023-08-19,21:30,Osasuna,0–2,Athletic Club,20704.0,Estadio El Sadar,José Luis Munuera Montero
La Liga,2023-2024,2023-08-20,19:00,Girona,3–0,Getafe,11784.0,Estadi Municipal de Montilivi,Jorge Figueroa
La Liga,2023-2024,2023-08-20,19:30,Barcelona,2–0,Cádiz,39603.0,Estadi Olímpic Lluís Companys,Alejandro Muñiz Ruiz
La Liga,2023-2024,2023-08-20,21:30,Real Betis,0–0,Atlético Madrid,51782.0,Estadio Benito Villamarín,Ricardo De Burgos Bengoetxea
La Liga,2023-2024,2023-08-21,19:00,Alavés,4–3,Sevilla,15308.0,Estadio de Mendizorroza,Guillermo Cuadra Fernandez
La Liga,2023-2024,2023-08-21,21:30,Granada,0–2,Rayo Vallecano,17338.0,Estadio Nuevo Los Cármenes,Pablo Gonzalez
La Liga,2023-2024,2023-08-25,18:30 (19:30),Las Palmas,0–0,Real Sociedad,25335.0,Estadio de Gran Canaria,Guillermo Cuadra Fernandez
La Liga,2023-2024,2023-08-25,21:30,Celta Vigo,0–1,Real Madrid,23057.0,Estadio Abanca Balaídos,Isidro Diaz de Mera Escuderos
La Liga,2023-2024,2023-08-26,19:00,Cádiz,1–1,Almería,18653.0,Estadio Nuevo Mirandilla,Victor Garcia Verdura
La Liga,2023-2024,2023-08-26,19:30,Granada,3–2,Mallorca,16368.0,Estadio Nuevo Los Cármenes,Francisco Hernandez Maeso
La Liga,2023-2024,2023-08-26,21:30,Sevilla,1–2,Girona,29304.0,Estadio Ramón Sánchez Pizjuán,Jesus Gil Manzano
La Liga,2023-2024,2023-08-27,17:30,Villarreal,3–4,Barcelona,21679.0,Estadio de la Cerámica,Alejandro Hernandez
La Liga,2023-2024,2023-08-27,19:30,Valencia,1–2,Osasuna,42474.0,Estadio de Mestalla,Juan Pulido
La Liga,2023-2024,2023-08-27,21:30,Athletic Club,4–2,Real Betis,44340.0,San Mamés,César Soto Grado
La Liga,2023-2024,2023-08-28,19:30,Getafe,1–0,Alavés,11023.0,Coliseum Alfonso Pérez,Juan Martinez Munuera
La Liga,2023-2024,2023-08-28,21:30,Rayo Vallecano,0–7,Atlético Madrid,13966.0,Estadio del Rayo Vallecano,José Luis Munuera Montero
La Liga,2023-2024,2023-09-01,19:30,Cádiz,3–1,Villarreal,18557.0,Estadio Nuevo Mirandilla,Juan Pulido
La Liga,2023-2024,2023-09-01,22:00,Almería,2–3,Celta Vigo,14196.0,Power Horse Stadium,Ricardo De Burgos Bengoetxea
La Liga,2023-2024,2023-09-02,14:00,Real Sociedad,5–3,Granada,27808.0,Reale Arena,Ignacio Iglesias Villanueva
La Liga,2023-2024,2023-09-02,16:15,Real Madrid,2–1,Getafe,66747.0,Estadio Santiago Bernabéu,Mario Melero López
La Liga,2023-2024,2023-09-02,18:30,Alavés,1–0,Valencia,16641.0,Estadio de Mendizorroza,Pablo Gonzalez
La Liga,2023-2024,2023-09-02,21:00,Real Betis,1–0,Rayo Vallecano,50619.0,Estadio Benito Villamarín,Alejandro Muñiz Ruiz
La Liga,2023-2024,2023-09-03,14:00,Girona,1–0,Las Palmas,11619.0,Estadi Municipal de Montilivi,Mateo Busquets Ferrer
La Liga,2023-2024,2023-09-03,16:15,Mallorca,0–0,Athletic Club,17043.0,Estadi Mallorca Son Moix,Jorge Figueroa
La Liga,2023-2024,2023-09-03,21:00,Osasuna,1–2,Barcelona,21966.0,Estadio El Sadar,Miguel Angel Ortiz Arias
La Liga,2023-2024,2023-09-15,21:00,Rayo Vallecano,2–0,Alavés,12116.0,Estadio del Rayo Vallecano,Victor Garcia Verdura
La Liga,2023-2024,2023-09-16,14:00,Athletic Club,3–0,Cádiz,42881.0,San Mamés,Guillermo Cuadra Fernandez
La Liga,2023-2024,2023-09-16,16:15,Valencia,3–0,Atlético Madrid,45363.0,Estadio de Mestalla,Jesus Gil Manzano
La Liga,2023-2024,2023-09-16,18:30,Celta Vigo,0–1,Mallorca,18693.0,Estadio Abanca Balaídos,José Luis Munuera Montero
La Liga,2023-2024,2023-09-16,21:00,Barcelona,5–0,Real Betis,45055.0,Estadi Olímpic Lluís Companys,José María Sánchez Martínez
La Liga,2023-2024,2023-09-17,14:00,Getafe,3–2,Osasuna,9808.0,Coliseum Alfonso Pérez,Alejandro Hernandez
La Liga,2023-2024,2023-09-17,16:15,Villarreal,2–1,Almería,18467.0,Estadio de la Cerámica,Francisco Hernandez Maeso
La Liga,2023-2024,2023-09-17,18:30,Sevilla,1–0,Las Palmas,40578.0,Estadio Ramón Sánchez Pizjuán,Juan Martinez Munuera
La Liga,2023-2024,2023-09-17,21:00,Real Madrid,2–1,Real Sociedad,70092.0,Estadio Santiago Bernabéu,César Soto Grado
La Liga,2023-2024,2023-09-18,21:00,Granada,2–4,Girona,17323.0,Estadio Nuevo Los Cármenes,Isidro Diaz de Mera Escuderos
La Liga,2023-2024,2023-09-22,21:00,Alavés,0–2,Athletic Club,19421.0,Estadio de Mendizorroza,Alejandro Muñiz Ruiz
La Liga,2023-2024,2023-09-23,14:00,Girona,5–3,Mallorca,11511.0,Estadi Municipal de Montilivi,Pablo Gonzalez
La Liga,2023-2024,2023-09-23,16:15,Osasuna,0–0,Sevilla,19670.0,Estadio El Sadar,Ignacio Iglesias Villanueva
La Liga,2023-2024,2023-09-23,18:30,Barcelona,3–2,Celta Vigo,43272.0,Estadi Olímpic Lluís Companys,Mario Melero López
La Liga,2023-2024,2023-09-23,21:00,Almería,2–2,Valencia,14266.0,Power Horse Stadium,Mateo Busquets Ferrer
La Liga,2023-2024,2023-09-24,14:00,Real Sociedad,4–3,Getafe,29568.0,Reale Arena,Juan Pulido
La Liga,2023-2024,2023-09-24,16:15,Rayo Vallecano,1–1,Villarreal,12865.0,Estadio del Rayo Vallecano,Jorge Figueroa
La Liga,2023-2024,2023-09-24,17:30 (18:30),Las Palmas,1–0,Granada,24848.0,Estadio de Gran Canaria,Ricardo De Burgos Bengoetxea
La Liga,2023-2024,2023-09-24,18:30,Real Betis,1–1,Cádiz,56087.0,Estadio Benito Villamarín,Miguel Angel Ortiz Arias
La Liga,2023-2024,2023-09-24,21:00,Atlético Madrid,3–1,Real Madrid,69082.0,Estadio Cívitas Metropolitano,Javier Alberola Rojas
La Liga,2023-2024,2023-09-26,19:00,Sevilla,5–1,Almería,35729.0,Estadio Ramón Sánchez Pizjuán,Guillermo Cuadra Fernandez
La Liga,2023-2024,2023-09-26,21:30,Mallorca,2–2,Barcelona,19939.0,Estadi Mallorca Son Moix,Alejandro Muñiz Ruiz
La Liga,2023-2024,2023-09-27,19:00,Real Madrid,2–0,Las Palmas,65017.0,Estadio Santiago Bernabéu,José Luis Munuera Montero
La Liga,2023-2024,2023-09-27,19:00,Villarreal,1–2,Girona,17188.0,Estadio de la Cerámica,José María Sánchez Martínez
La Liga,2023-2024,2023-09-27,19:00,Athletic Club,2–2,Getafe,43091.0,San Mamés,Isidro Diaz de Mera Escuderos
La Liga,2023-2024,2023-09-27,21:30,Valencia,0–1,Real Sociedad,44200.0,Estadio de Mestalla,Alejandro Hernandez
La Liga,2023-2024,2023-09-27,21:30,Cádiz,0–0,Rayo Vallecano,18505.0,Estadio Nuevo Mirandilla,Francisco Hernandez Maeso
La Liga,2023-2024,2023-09-28,19:00,Granada,1–1,Real Betis,18936.0,Estadio Nuevo Los Cármenes,Victor Garcia Verdura
La Liga,2023-2024,2023-09-28,19:00,Celta Vigo,1–1,Alavés,16852.0,Estadio Abanca Balaídos,César Soto Grado
La Liga,2023-2024,2023-09-28,21:30,Osasuna,0–2,Atlético Madrid,20192.0,Estadio El Sadar,Juan Martinez Munuera
La Liga,2023-2024,2023-09-29,21:00,Barcelona,1–0,Sevilla,41116.0,Estadi Olímpic Lluís Companys,Miguel Angel Ortiz Arias
La Liga,2023-2024,2023-09-30,14:00,Getafe,0–0,Villarreal,11255.0,Coliseum Alfonso Pérez,Mateo Busquets Ferrer
La Liga,2023-2024,2023-09-30,16:15,Rayo Vallecano,2–2,Mallorca,11991.0,Estadio del Rayo Vallecano,Mario Melero López
La Liga,2023-2024,2023-09-30,18:30,Girona,0–3,Real Madrid,14184.0,Estadi Municipal de Montilivi,Juan Pulido
La Liga,2023-2024,2023-09-30,21:00,Real Sociedad,3–0,Athletic Club,38229.0,Reale Arena,Jesus Gil Manzano
La Liga,2023-2024,2023-10-01,14:00,Almería,3–3,Granada,14264.0,Power Horse Stadium,Pablo Gonzalez
La Liga,2023-2024,2023-10-01,16:15,Alavés,0–2,Osasuna,19035.0,Estadio de Mendizorroza,Jorge Figueroa
La Liga,2023-2024,2023-10-01,21:00,Real Betis,3–0,Valencia,50163.0,Estadio Benito Villamarín,Ricardo De Burgos Bengoetxea
La Liga,2023-2024,2023-10-01,21:00,Atlético Madrid,3–2,Cádiz,53421.0,Estadio Cívitas Metropolitano,Ignacio Iglesias Villanueva
La Liga,2023-2024,2023-10-02,20:00 (21:00),Las Palmas,2–1,Celta Vigo,22472.0,Estadio de Gran Canaria,Javier Alberola Rojas
La Liga,2023-2024,2023-10-06,21:00,Athletic Club,3–0,Almería,43677.0,San Mamés,Victor Garcia Verdura
La Liga,2023-2024,2023-10-07,14:00,Cádiz,0–1,Girona,16438.0,Estadio Nuevo Mirandilla,Juan Martinez Munuera
La Liga,2023-2024,2023-10-07,16:15,Real Madrid,4–0,Osasuna,70864.0,Estadio Santiago Bernabéu,Guillermo Cuadra Fernandez
La Liga,2023-2024,2023-10-07,18:30,Mallorca,1–1,Valencia,17659.0,Estadi Mallorca Son Moix,Francisco Hernandez Maeso
La Liga,2023-2024,2023-10-07,21:00,Sevilla,2–2,Rayo Vallecano,35817.0,Estadio Ramón Sánchez Pizjuán,Isidro Diaz de Mera Escuderos
La Liga,2023-2024,2023-10-08,14:00,Villarreal,1–2,Las Palmas,16249.0,Estadio de la Cerámica,Alejandro Muñiz Ruiz
La Liga,2023-2024,2023-10-08,16:15,Atlético Madrid,2–1,Real Sociedad,65607.0,Estadio Cívitas Metropolitano,José Luis Munuera Montero
La Liga,2023-2024,2023-10-08,18:30,Alavés,1–1,Real Betis,18288.0,Estadio de Mendizorroza,Alejandro Hernandez
La Liga,2023-2024,2023-10-08,18:30,Celta Vigo,2–2,Getafe,17953.0,Estadio Abanca Balaídos,José María Sánchez Martínez
La Liga,2023-2024,2023-10-08,21:00,Granada,2–2,Barcelona,20354.0,Estadio Nuevo Los Cármenes,César Soto Grado
La Liga,2023-2024,2023-10-20,21:00,Osasuna,2–0,Granada,19739.0,Estadio El Sadar,Mateo Busquets Ferrer
La Liga,2023-2024,2023-10-21,14:00,Real Sociedad,1–0,Mallorca,31279.0,Reale Arena,Jorge Figueroa
La Liga,2023-2024,2023-10-21,16:15,Getafe,1–1,Real Betis,13926.0,Coliseum Alfonso Pérez,César Soto Grado
La Liga,2023-2024,2023-10-21,18:30,Sevilla,1–1,Real Madrid,41212.0,Estadio Ramón Sánchez Pizjuán,Ricardo De Burgos Bengoetxea
La Liga,2023-2024,2023-10-21,21:00,Celta Vigo,0–3,Atlético Madrid,20282.0,Estadio Abanca Balaídos,Guillermo Cuadra Fernandez
La Liga,2023-2024,2023-10-22,13:00 (14:00),Las Palmas,0–1,Rayo Vallecano,24548.0,Estadio de Gran Canaria,Ignacio Iglesias Villanueva
La Liga,2023-2024,2023-10-22,16:15,Girona,5–2,Almería,12884.0,Estadi Municipal de Montilivi,Miguel Angel Ortiz Arias
La Liga,2023-2024,2023-10-22,18:30,Villarreal,1–1,Alavés,17498.0,Estadio de la Cerámica,Jesus Gil Manzano
La Liga,2023-2024,2023-10-22,21:00,Barcelona,1–0,Athletic Club,38194.0,Estadi Olímpic Lluís Companys,Juan Martinez Munuera
La Liga,2023-2024,2023-10-23,21:00,Valencia,2–0,Cádiz,41647.0,Estadio de Mestalla,Pablo Gonzalez
La Liga,2023-2024,2023-10-27,21:00,Girona,1–0,Celta Vigo,12671.0,Estadi Municipal de Montilivi,Isidro Diaz de Mera Escuderos
La Liga,2023-2024,2023-10-28,14:00,Almería,1–2,Las Palmas,12132.0,Power Horse Stadium,Francisco Hernandez Maeso
La Liga,2023-2024,2023-10-28,16:15,Barcelona,1–2,Real Madrid,50112.0,Estadi Olímpic Lluís Companys,Jesus Gil Manzano
La Liga,2023-2024,2023-10-28,18:30,Mallorca,0–0,Getafe,15310.0,Estadi Mallorca Son Moix,Pablo Gonzalez
La Liga,2023-2024,2023-10-28,21:00,Cádiz,2–2,Sevilla,18886.0,Estadio Nuevo Mirandilla,César Soto Grado
La Liga,2023-2024,2023-10-29,14:00,Real Betis,2–1,Osasuna,49123.0,Estadio Benito Villamarín,José María Sánchez Martínez
La Liga,2023-2024,2023-10-29,16:15,Rayo Vallecano,2–2,Real Sociedad,12790.0,Estadio del Rayo Vallecano,Mateo Busquets Ferrer
La Liga,2023-2024,2023-10-29,18:30,Athletic Club,2–2,Valencia,46563.0,San Mamés,Jorge Figueroa
La Liga,2023-2024,2023-10-29,21:00,Atlético Madrid,2–1,Alavés,50009.0,Estadio Cívitas Metropolitano,Alejandro Muñiz Ruiz
La Liga,2023-2024,2023-10-30,21:00,Granada,2–3,Villarreal,16638.0,Estadio Nuevo Los Cármenes,Ignacio Iglesias Villanueva
La Liga,2023-2024,2023-11-03,20:00 (21:00),Las Palmas,2–1,Atlético Madrid,30080.0,Estadio de Gran Canaria,Mario Melero López
La Liga,2023-2024,2023-11-04,14:00,Osasuna,2–4,Girona,20100.0,Estadio El Sadar,José Luis Munuera Montero
La Liga,2023-2024,2023-11-04,16:15,Real Betis,2–0,Mallorca,50909.0,Estadio Benito Villamarín,Miguel Angel Ortiz Arias
La Liga,2023-2024,2023-11-04,18:30,Celta Vigo,1–1,Sevilla,19023.0,Estadio Abanca Balaídos,Alejandro Hernandez
La Liga,2023-2024,2023-11-04,21:00,Real Sociedad,0–1,Barcelona,37555.0,Reale Arena,Javier Alberola Rojas
La Liga,2023-2024,2023-11-05,14:00,Alavés,1–0,Almería,16380.0,Estadio de Mendizorroza,Juan Pulido
La Liga,2023-2024,2023-11-05,16:15,Valencia,1–0,Granada,44922.0,Estadio de Mestalla,Victor Garcia Verdura
La Liga,2023-2024,2023-11-05,18:30,Villarreal,2–3,Athletic Club,18709.0,Estadio de la Cerámica,Guillermo Cuadra Fernandez
La Liga,2023-2024,2023-11-05,21:00,Real Madrid,0–0,Rayo Vallecano,70220.0,Estadio Santiago Bernabéu,Juan Martinez Munuera
La Liga,2023-2024,2023-11-06,21:00,Getafe,1–0,Cádiz,9853.0,Coliseum Alfonso Pérez,Ricardo De Burgos Bengoetxea
La Liga,2023-2024,2023-11-10,21:00,Athletic Club,4–3,Celta Vigo,44435.0,San Mamés,Juan Pulido
La Liga,2023-2024,2023-11-11,14:00,Rayo Vallecano,1–2,Girona,13177.0,Estadio del Rayo Vallecano,Pablo Gonzalez
La Liga,2023-2024,2023-11-11,16:15,Almería,1–3,Real Sociedad,13016.0,Power Horse Stadium,Isidro Diaz de Mera Escuderos
La Liga,2023-2024,2023-11-11,18:30,Granada,1–1,Getafe,18103.0,Estadio Nuevo Los Cármenes,Alejandro Muñiz Ruiz
La Liga,2023-2024,2023-11-11,18:30,Osasuna,1–1,Las Palmas,20125.0,Estadio El Sadar,Jorge Figueroa
La Liga,2023-2024,2023-11-11,21:00,Real Madrid,5–1,Valencia,72475.0,Estadio Santiago Bernabéu,José María Sánchez Martínez
La Liga,2023-2024,2023-11-12,16:15,Barcelona,2–1,Alavés,38183.0,Estadi Olímpic Lluís Companys,Mateo Busquets Ferrer
La Liga,2023-2024,2023-11-12,18:30,Sevilla,1–1,Real Betis,42222.0,Estadio Ramón Sánchez Pizjuán,Jesus Gil Manzano
La Liga,2023-2024,2023-11-12,21:00,Atlético Madrid,3–1,Villarreal,56632.0,Estadio Cívitas Metropolitano,Francisco Hernandez Maeso
La Liga,2023-2024,2023-11-24,21:00,Alavés,3–1,Granada,15705.0,Estadio de Mendizorroza,Javier Alberola Rojas
La Liga,2023-2024,2023-11-25,14:00,Rayo Vallecano,1–1,Barcelona,14148.0,Estadio del Rayo Vallecano,José Luis Munuera Montero
La Liga,2023-2024,2023-11-25,16:15,Valencia,0–0,Celta Vigo,43375.0,Estadio de Mestalla,César Soto Grado
La Liga,2023-2024,2023-11-25,18:30,Getafe,2–1,Almería,10906.0,Coliseum Alfonso Pérez,Alejandro Hernandez
La Liga,2023-2024,2023-11-25,21:00,Atlético Madrid,1–0,Mallorca,58119.0,Estadio Cívitas Metropolitano,Juan Martinez Munuera
La Liga,2023-2024,2023-11-26,14:00,Villarreal,3–1,Osasuna,16389.0,Estadio de la Cerámica,Ricardo De Burgos Bengoetxea
La Liga,2023-2024,2023-11-26,16:15,Real Sociedad,2–1,Sevilla,33879.0,Reale Arena,Miguel Angel Ortiz Arias
La Liga,2023-2024,2023-11-26,18:30,Cádiz,0–3,Real Madrid,20325.0,Estadio Nuevo Mirandilla,Guillermo Cuadra Fernandez
La Liga,2023-2024,2023-11-26,21:00,Real Betis,1–0,Las Palmas,48132.0,Estadio Benito Villamarín,Victor Garcia Verdura
La Liga,2023-2024,2023-11-27,21:00,Girona,1–1,Athletic Club,13123.0,Estadi Municipal de Montilivi,Mario Melero López
La Liga,2023-2024,2023-11-29,21:00,Mallorca,1–1,Cádiz,13821.0,Estadi Mallorca Son Moix,Ignacio Iglesias Villanueva
La Liga,2023-2024,2023-12-01,20:00 (21:00),Las Palmas,2–0,Getafe,21912.0,Estadio de Gran Canaria,Mateo Busquets Ferrer
La Liga,2023-2024,2023-12-02,14:00,Girona,2–1,Valencia,13343.0,Estadi Municipal de Montilivi,Ignacio Iglesias Villanueva
La Liga,2023-2024,2023-12-02,16:15,Athletic Club,4–0,Rayo Vallecano,44689.0,San Mamés,Francisco Hernandez Maeso
La Liga,2023-2024,2023-12-02,18:30,Real Madrid,2–0,Granada,70685.0,Estadio Santiago Bernabéu,Pablo Gonzalez
La Liga,2023-2024,2023-12-02,21:00,Osasuna,1–1,Real Sociedad,20859.0,Estadio El Sadar,Juan Pulido
La Liga,2023-2024,2023-12-03,14:00,Mallorca,0–0,Alavés,15090.0,Estadi Mallorca Son Moix,Jorge Figueroa
La Liga,2023-2024,2023-12-03,16:15,Almería,0–0,Real Betis,14253.0,Power Horse Stadium,Alejandro Muñiz Ruiz
La Liga,2023-2024,2023-12-03,18:30,Sevilla,1–1,Villarreal,33898.0,Estadio Ramón Sánchez Pizjuán,Isidro Diaz de Mera Escuderos
La Liga,2023-2024,2023-12-03,21:00,Barcelona,1–0,Atlético Madrid,34568.0,Estadi Olímpic Lluís Companys,José María Sánchez Martínez
La Liga,2023-2024,2023-12-04,21:00,Celta Vigo,1–1,Cádiz,17302.0,Estadio Abanca Balaídos,Jesus Gil Manzano
La Liga,2023-2024,2023-12-08,21:00,Getafe,1–0,Valencia,11515.0,Coliseum Alfonso Pérez,Guillermo Cuadra Fernandez
La Liga,2023-2024,2023-12-09,14:00,Alavés,0–1,Las Palmas,15971.0,Estadio de Mendizorroza,José Luis Munuera Montero
La Liga,2023-2024,2023-12-09,16:15,Real Betis,1–1,Real Madrid,52756.0,Estadio Benito Villamarín,César Soto Grado
La Liga,2023-2024,2023-12-09,18:30,Villarreal,0–3,Real Sociedad,19344.0,Estadio de la Cerámica,Mario Melero López
La Liga,2023-2024,2023-12-09,21:00,Mallorca,1–0,Sevilla,16041.0,Estadi Mallorca Son Moix,Javier Alberola Rojas
La Liga,2023-2024,2023-12-10,14:00,Atlético Madrid,2–1,Almería,55473.0,Estadio Cívitas Metropolitano,Ricardo De Burgos Bengoetxea
La Liga,2023-2024,2023-12-10,18:30,Cádiz,1–1,Osasuna,18356.0,Estadio Nuevo Mirandilla,Juan Martinez Munuera
La Liga,2023-2024,2023-12-10,21:00,Barcelona,2–4,Girona,42848.0,Estadi Olímpic Lluís Companys,Isidro Diaz de Mera Escuderos
La Liga,2023-2024,2023-12-11,21:00,Granada,1–1,Athletic Club,12849.0,Estadio Nuevo Los Cármenes,Miguel Angel Ortiz Arias
La Liga,2023-2024,2023-12-11,21:00,Rayo Vallecano,0–0,Celta Vigo,11796.0,Estadio del Rayo Vallecano,Victor Garcia Verdura
La Liga,2023-2024,2023-12-15,21:00,Osasuna,1–0,Rayo Vallecano,18586.0,Estadio El Sadar,Ignacio Iglesias Villanueva
La Liga,2023-2024,2023-12-16,14:00,Celta Vigo,1–0,Granada,18027.0,Estadio Abanca Balaídos,José María Sánchez Martínez
La Liga,2023-2024,2023-12-16,16:15,Athletic Club,2–0,Atlético Madrid,48781.0,San Mamés,Jesus Gil Manzano
La Liga,2023-2024,2023-12-16,18:30,Sevilla,0–3,Getafe,30005.0,Estadio Ramón Sánchez Pizjuán,Juan Pulido
La Liga,2023-2024,2023-12-16,21:00,Valencia,1–1,Barcelona,46492.0,Estadio de Mestalla,Miguel Angel Ortiz Arias
La Liga,2023-2024,2023-12-17,14:00,Almería,0–0,Mallorca,11936.0,Power Horse Stadium,Pablo Gonzalez
La Liga,2023-2024,2023-12-17,16:15,Real Sociedad,0–0,Real Betis,33172.0,Reale Arena,Mateo Busquets Ferrer
La Liga,2023-2024,2023-12-17,17:30 (18:30),Las Palmas,1–1,Cádiz,25275.0,Estadio de Gran Canaria,Alejandro Muñiz Ruiz
La Liga,2023-2024,2023-12-17,21:00,Real Madrid,4–1,Villarreal,70500.0,Estadio Santiago Bernabéu,Jorge Figueroa
La Liga,2023-2024,2023-12-18,21:00,Girona,3–0,Alavés,11812.0,Estadi Municipal de Montilivi,Francisco Hernandez Maeso
La Liga,2023-2024,2023-12-19,19:00,Rayo Vallecano,0–1,Valencia,12290.0,Estadio del Rayo Vallecano,Javier Alberola Rojas
La Liga,2023-2024,2023-12-19,21:30,Atlético Madrid,3–3,Getafe,46401.0,Estadio Cívitas Metropolitano,José Luis Munuera Montero
La Liga,2023-2024,2023-12-19,21:30,Granada,0–3,Sevilla,16534.0,Estadio Nuevo Los Cármenes,Mateo Busquets Ferrer
La Liga,2023-2024,2023-12-20,19:00,Barcelona,3–2,Almería,34471.0,Estadi Olímpic Lluís Companys,Guillermo Cuadra Fernandez
La Liga,2023-2024,2023-12-20,21:30,Athletic Club,1–0,Las Palmas,39471.0,San Mamés,Juan Martinez Munuera
La Liga,2023-2024,2023-12-20,21:30,Villarreal,3–2,Celta Vigo,14687.0,Estadio de la Cerámica,César Soto Grado
La Liga,2023-2024,2023-12-21,19:00,Real Betis,1–1,Girona,51394.0,Estadio Benito Villamarín,Ricardo De Burgos Bengoetxea
La Liga,2023-2024,2023-12-21,19:00,Cádiz,0–0,Real Sociedad,17693.0,Estadio Nuevo Mirandilla,Ignacio Iglesias Villanueva
La Liga,2023-2024,2023-12-21,21:30,Mallorca,3–2,Osasuna,14192.0,Estadi Mallorca Son Moix,Mario Melero López
La Liga,2023-2024,2023-12-21,21:30,Alavés,0–1,Real Madrid,19275.0,Estadio de Mendizorroza,Isidro Diaz de Mera Escuderos
La Liga,2023-2024,2023-12-23,16:15,Atlético Madrid,1–0,Sevilla,64308.0,Estadio Cívitas Metropolitano,César Soto Grado
La Liga,2023-2024,2024-01-02,17:00,Getafe,0–2,Rayo Vallecano,11204.0,Estadio Cívitas Metropolitano,Jorge Figueroa
La Liga,2023-2024,2024-01-02,19:15,Real Sociedad,1–1,Alavés,34051.0,Reale Arena,Victor Garcia Verdura
La Liga,2023-2024,2024-01-02,21:30,Valencia,3–1,Villarreal,44973.0,Estadio de Mestalla,Jesus Gil Manzano
La Liga,2023-2024,2024-01-03,17:00,Granada,2–0,Cádiz,17732.0,Estadio Nuevo Los Cármenes,Juan Pulido
La Liga,2023-2024,2024-01-03,19:15,Real Madrid,1–0,Mallorca,72394.0,Estadio Santiago Bernabéu,Alejandro Muñiz Ruiz
La Liga,2023-2024,2024-01-03,19:15,Celta Vigo,2–1,Real Betis,21105.0,Estadio Abanca Balaídos,Miguel Angel Ortiz Arias
La Liga,2023-2024,2024-01-03,21:30,Girona,4–3,Atlético Madrid,13804.0,Estadi Municipal de Montilivi,Alejandro Hernandez
La Liga,2023-2024,2024-01-04,17:00,Osasuna,1–0,Almería,20391.0,Estadio El Sadar,César Soto Grado
La Liga,2023-2024,2024-01-04,19:15,Sevilla,0–2,Athletic Club,28366.0,Estadio Ramón Sánchez Pizjuán,José María Sánchez Martínez
La Liga,2023-2024,2024-01-04,20:30 (21:30),Las Palmas,1–2,Barcelona,31712.0,Estadio de Gran Canaria,Pablo Gonzalez
La Liga,2023-2024,2024-01-12,21:00,Sevilla,2–3,Alavés,34225.0,Estadio Ramón Sánchez Pizjuán,Alejandro Hernandez
La Liga,2023-2024,2024-01-13,13:00 (14:00),Las Palmas,3–0,Villarreal,24485.0,Estadio de Gran Canaria,Ignacio Iglesias Villanueva
La Liga,2023-2024,2024-01-13,16:15,Mallorca,1–1,Celta Vigo,21130.0,Estadi Mallorca Son Moix,Victor Garcia Verdura
La Liga,2023-2024,2024-01-13,18:30,Athletic Club,2–1,Real Sociedad,51475.0,San Mamés,José Luis Munuera Montero
La Liga,2023-2024,2024-01-13,21:00,Real Betis,1–0,Granada,50197.0,Estadio Benito Villamarín,Guillermo Cuadra Fernandez
La Liga,2023-2024,2024-01-14,14:00,Almería,0–0,Girona,12111.0,Power Horse Stadium,Mateo Busquets Ferrer
La Liga,2023-2024,2024-01-14,16:15,Cádiz,1–4,Valencia,18622.0,Estadio Nuevo Mirandilla,Isidro Diaz de Mera Escuderos
La Liga,2023-2024,2024-01-19,21:00,Alavés,1–0,Cádiz,15838.0,Estadio de Mendizorroza,Alejandro Muñiz Ruiz
La Liga,2023-2024,2024-01-20,14:00,Rayo Vallecano,0–2,Las Palmas,12477.0,Estadio del Rayo Vallecano,Mario Melero López
La Liga,2023-2024,2024-01-20,16:15,Villarreal,1–1,Mallorca,16479.0,Estadio de la Cerámica,Miguel Angel Ortiz Arias
La Liga,2023-2024,2024-01-20,18:30,Valencia,1–0,Athletic Club,45344.0,Estadio de Mestalla,Juan Pulido
La Liga,2023-2024,2024-01-20,21:00,Celta Vigo,0–1,Real Sociedad,20901.0,Estadio Abanca Balaídos,Jorge Figueroa
La Liga,2023-2024,2024-01-21,14:00,Osasuna,3–2,Getafe,18811.0,Estadio El Sadar,José María Sánchez Martínez
La Liga,2023-2024,2024-01-21,16:15,Real Madrid,3–2,Almería,72044.0,Estadio Santiago Bernabéu,Francisco Hernandez Maeso
La Liga,2023-2024,2024-01-21,18:30,Real Betis,2–4,Barcelona,53288.0,Estadio Benito Villamarín,Jesus Gil Manzano
La Liga,2023-2024,2024-01-21,21:00,Girona,5–1,Sevilla,13092.0,Estadi Municipal de Montilivi,Pablo Gonzalez
La Liga,2023-2024,2024-01-22,21:00,Granada,0–1,Atlético Madrid,18704.0,Estadio Nuevo Los Cármenes,Juan Martinez Munuera
La Liga,2023-2024,2024-01-26,21:00,Almería,0–3,Alavés,13817.0,Power Horse Stadium,Miguel Angel Ortiz Arias
La Liga,2023-2024,2024-01-27,14:00,Real Sociedad,0–0,Rayo Vallecano,32528.0,Reale Arena,Alejandro Hernandez
La Liga,2023-2024,2024-01-27,15:15 (16:15),Las Palmas,1–2,Real Madrid,32037.0,Estadio de Gran Canaria,César Soto Grado
La Liga,2023-2024,2024-01-27,18:30,Barcelona,3–5,Villarreal,46229.0,Estadi Olímpic Lluís Companys,José Luis Munuera Montero
La Liga,2023-2024,2024-01-27,21:00,Mallorca,0–1,Real Betis,20051.0,Estadi Mallorca Son Moix,Ignacio Iglesias Villanueva
La Liga,2023-2024,2024-01-28,14:00,Celta Vigo,0–1,Girona,20684.0,Estadio Abanca Balaídos,Mario Melero López
La Liga,2023-2024,2024-01-28,16:15,Cádiz,0–0,Athletic Club,18839.0,Estadio Nuevo Mirandilla,Mateo Busquets Ferrer
La Liga,2023-2024,2024-01-28,18:30,Sevilla,1–1,Osasuna,36640.0,Estadio Ramón Sánchez Pizjuán,Guillermo Cuadra Fernandez
La Liga,2023-2024,2024-01-28,21:00,Atlético Madrid,2–0,Valencia,59493.0,Estadio Cívitas Metropolitano,Ricardo De Burgos Bengoetxea
La Liga,2023-2024,2024-01-29,21:00,Getafe,2–0,Granada,10382.0,Coliseum Alfonso Pérez,Victor Garcia Verdura
La Liga,2023-2024,2024-01-31,19:00,Barcelona,1–0,Osasuna,37888.0,Estadi Olímpic Lluís Companys,Jorge Figueroa
La Liga,2023-2024,2024-01-31,21:00,Atlético Madrid,2–1,Rayo Vallecano,47003.0,Estadio Cívitas Metropolitano,César Soto Grado
La Liga,2023-2024,2024-02-01,21:00,Getafe,0–2,Real Madrid,15264.0,Coliseum Alfonso Pérez,Ricardo De Burgos Bengoetxea
La Liga,2023-2024,2024-02-02,21:00,Athletic Club,4–0,Mallorca,47061.0,San Mamés,Jorge Figueroa
La Liga,2023-2024,2024-02-03,14:00,Valencia,2–1,Almería,42877.0,Estadio de Mestalla,Alejandro Muñiz Ruiz
La Liga,2023-2024,2024-02-03,16:15,Granada,1–1,Las Palmas,17941.0,Estadio Nuevo Los Cármenes,Mateo Busquets Ferrer
La Liga,2023-2024,2024-02-03,18:30,Alavés,1–3,Barcelona,19480.0,Estadio de Mendizorroza,Juan Martinez Munuera
La Liga,2023-2024,2024-02-03,21:00,Girona,0–0,Real Sociedad,13755.0,Estadi Municipal de Montilivi,Jesus Gil Manzano
La Liga,2023-2024,2024-02-04,14:00,Villarreal,0–0,Cádiz,17183.0,Estadio de la Cerámica,Pablo Gonzalez
La Liga,2023-2024,2024-02-04,16:15,Osasuna,0–3,Celta Vigo,20030.0,Estadio El Sadar,Javier Alberola Rojas
La Liga,2023-2024,2024-02-04,18:30,Real Betis,1–1,Getafe,53336.0,Estadio Benito Villamarín,Juan Pulido
La Liga,2023-2024,2024-02-04,21:00,Real Madrid,1–1,Atlético Madrid,76732.0,Estadio Santiago Bernabéu,José María Sánchez Martínez
La Liga,2023-2024,2024-02-05,21:00,Rayo Vallecano,1–2,Sevilla,12546.0,Estadio del Rayo Vallecano,Francisco Hernandez Maeso
La Liga,2023-2024,2024-02-09,21:00,Cádiz,0–2,Real Betis,15346.0,Estadio Nuevo Mirandilla,Ricardo De Burgos Bengoetxea
La Liga,2023-2024,2024-02-10,14:00,Alavés,1–1,Villarreal,14523.0,Estadio de Mendizorroza,Mario Melero López
La Liga,2023-2024,2024-02-10,16:15,Real Sociedad,0–1,Osasuna,32905.0,Reale Arena,Isidro Diaz de Mera Escuderos
La Liga,2023-2024,2024-02-10,18:30,Real Madrid,4–0,Girona,76585.0,Estadio Santiago Bernabéu,Juan Martinez Munuera
La Liga,2023-2024,2024-02-10,20:00 (21:00),Las Palmas,2–0,Valencia,25633.0,Estadio de Gran Canaria,Guillermo Cuadra Fernandez
La Liga,2023-2024,2024-02-11,14:00,Getafe,3–2,Celta Vigo,11502.0,Coliseum Alfonso Pérez,Alejandro Hernandez
La Liga,2023-2024,2024-02-11,16:15,Mallorca,2–1,Rayo Vallecano,16735.0,Estadi Mallorca Son Moix,José Luis Munuera Montero
La Liga,2023-2024,2024-02-11,18:30,Sevilla,1–0,Atlético Madrid,31528.0,Estadio Ramón Sánchez Pizjuán,Ignacio Iglesias Villanueva
La Liga,2023-2024,2024-02-11,21:00,Barcelona,3–3,Granada,41901.0,Estadi Olímpic Lluís Companys,Miguel Angel Ortiz Arias
La Liga,2023-2024,2024-02-12,21:00,Almería,0–0,Athletic Club,12863.0,Power Horse Stadium,Victor Garcia Verdura
La Liga,2023-2024,2024-02-16,21:00,Villarreal,1–1,Getafe,16869.0,Estadio de la Cerámica,Javier Alberola Rojas
La Liga,2023-2024,2024-02-17,14:00,Atlético Madrid,5–0,Las Palmas,61196.0,Estadio Cívitas Metropolitano,Jorge Figueroa
La Liga,2023-2024,2024-02-17,16:15,Osasuna,2–0,Cádiz,19525.0,Estadio El Sadar,Francisco Hernandez Maeso
La Liga,2023-2024,2024-02-17,18:30,Celta Vigo,1–2,Barcelona,23096.0,Estadio Abanca Balaídos,Juan Pulido
La Liga,2023-2024,2024-02-17,21:00,Valencia,0–0,Sevilla,44506.0,Estadio de Mestalla,César Soto Grado
La Liga,2023-2024,2024-02-18,14:00,Rayo Vallecano,1–1,Real Madrid,14354.0,Estadio del Rayo Vallecano,Alejandro Muñiz Ruiz
La Liga,2023-2024,2024-02-18,16:15,Granada,1–1,Almería,18756.0,Estadio Nuevo Los Cármenes,Jesus Gil Manzano
La Liga,2023-2024,2024-02-18,18:30,Mallorca,1–2,Real Sociedad,18153.0,Estadi Mallorca Son Moix,Pablo Gonzalez
La Liga,2023-2024,2024-02-18,21:00,Real Betis,0–0,Alavés,43514.0,Estadio Benito Villamarín,Mateo Busquets Ferrer
La Liga,2023-2024,2024-02-19,21:00,Athletic Club,3–2,Girona,46220.0,San Mamés,José María Sánchez Martínez
La Liga,2023-2024,2024-02-23,21:00,Real Sociedad,1–3,Villarreal,30609.0,Reale Arena,Ignacio Iglesias Villanueva
La Liga,2023-2024,2024-02-24,16:15,Barcelona,4–0,Getafe,36803.0,Estadi Olímpic Lluís Companys,Alejandro Muñiz Ruiz
La Liga,2023-2024,2024-02-24,18:30,Alavés,1–1,Mallorca,16102.0,Estadio de Mendizorroza,Victor Garcia Verdura
La Liga,2023-2024,2024-02-24,21:00,Almería,2–2,Atlético Madrid,14472.0,Power Horse Stadium,Javier Alberola Rojas
La Liga,2023-2024,2024-02-25,14:00,Cádiz,2–2,Celta Vigo,18123.0,Estadio Nuevo Mirandilla,Miguel Angel Ortiz Arias
La Liga,2023-2024,2024-02-25,16:15,Real Betis,3–1,Athletic Club,53537.0,Estadio Benito Villamarín,Guillermo Cuadra Fernandez
La Liga,2023-2024,2024-02-25,17:30 (18:30),Las Palmas,1–1,Osasuna,25075.0,Estadio de Gran Canaria,José Luis Munuera Montero
La Liga,2023-2024,2024-02-25,21:00,Real Madrid,1–0,Sevilla,74969.0,Estadio Santiago Bernabéu,Isidro Diaz de Mera Escuderos
La Liga,2023-2024,2024-02-26,21:00,Girona,3–0,Rayo Vallecano,8923.0,Estadi Municipal de Montilivi,Ricardo De Burgos Bengoetxea
La Liga,2023-2024,2024-03-01,21:00,Celta Vigo,1–0,Almería,18005.0,Estadio Abanca Balaídos,José María Sánchez Martínez
La Liga,2023-2024,2024-03-02,14:00,Sevilla,3–2,Real Sociedad,35884.0,Estadio Ramón Sánchez Pizjuán,Mateo Busquets Ferrer
La Liga,2023-2024,2024-03-02,16:15,Rayo Vallecano,1–1,Cádiz,12272.0,Estadio del Rayo Vallecano,Javier Alberola Rojas
La Liga,2023-2024,2024-03-02,18:30,Getafe,3–3,Las Palmas,7623.0,Coliseum Alfonso Pérez,Pablo Gonzalez
La Liga,2023-2024,2024-03-02,21:00,Valencia,2–2,Real Madrid,47427.0,Estadio de Mestalla,Jesus Gil Manzano
La Liga,2023-2024,2024-03-03,14:00,Villarreal,5–1,Granada,15896.0,Estadio de la Cerámica,Juan Pulido
La Liga,2023-2024,2024-03-03,16:15,Atlético Madrid,2–1,Real Betis,61901.0,Estadio Cívitas Metropolitano,César Soto Grado
La Liga,2023-2024,2024-03-03,18:30,Mallorca,1–0,Girona,17769.0,Estadi Mallorca Son Moix,Francisco Hernandez Maeso
La Liga,2023-2024,2024-03-03,21:00,Athletic Club,0–0,Barcelona,50295.0,San Mamés,Alejandro Hernandez
La Liga,2023-2024,2024-03-04,21:00,Osasuna,1–0,Alavés,17215.0,Estadio El Sadar,Jorge Figueroa
La Liga,2023-2024,2024-03-08,21:00,Barcelona,1–0,Mallorca,38225.0,Estadi Olímpic Lluís Companys,Ignacio Iglesias Villanueva
La Liga,2023-2024,2024-03-09,14:00,Valencia,1–0,Getafe,37961.0,Estadio de Mestalla,Juan Pulido
La Liga,2023-2024,2024-03-09,16:15,Cádiz,2–0,Atlético Madrid,15917.0,Estadio Nuevo Mirandilla,Pablo Gonzalez
La Liga,2023-2024,2024-03-09,18:30,Granada,2–3,Real Sociedad,9214.0,Estadio Nuevo Los Cármenes,Juan Martinez Munuera
La Liga,2023-2024,2024-03-09,21:00,Girona,2–0,Osasuna,11598.0,Estadi Municipal de Montilivi,Mateo Busquets Ferrer
La Liga,2023-2024,2024-03-10,14:00,Alavés,1–0,Rayo Vallecano,16519.0,Estadio de Mendizorroza,José Luis Munuera Montero
La Liga,2023-2024,2024-03-10,15:15 (16:15),Las Palmas,0–2,Athletic Club,27316.0,Estadio de Gran Canaria,Miguel Angel Ortiz Arias
La Liga,2023-2024,2024-03-10,18:30,Real Madrid,4–0,Celta Vigo,73644.0,Estadio Santiago Bernabéu,Mario Melero López
La Liga,2023-2024,2024-03-10,21:00,Real Betis,2–3,Villarreal,47711.0,Estadio Benito Villamarín,Alejandro Hernandez
La Liga,2023-2024,2024-03-11,21:00,Almería,2–2,Sevilla,13095.0,Power Horse Stadium,Ricardo De Burgos Bengoetxea
La Liga,2023-2024,2024-03-15,21:00,Real Sociedad,2–0,Cádiz,31000.0,Reale Arena,César Soto Grado
La Liga,2023-2024,2024-03-16,14:00,Mallorca,1–0,Granada,16477.0,Estadi Mallorca Son Moix,Ricardo De Burgos Bengoetxea
La Liga,2023-2024,2024-03-16,16:15,Osasuna,2–4,Real Madrid,22430.0,Estadio El Sadar,Juan Martinez Munuera
La Liga,2023-2024,2024-03-16,18:30,Getafe,1–0,Girona,12912.0,Coliseum Alfonso Pérez,José Luis Munuera Montero
La Liga,2023-2024,2024-03-16,21:00,Athletic Club,2–0,Alavés,48257.0,San Mamés,Alejandro Muñiz Ruiz
La Liga,2023-2024,2024-03-17,14:00,Sevilla,1–2,Celta Vigo,36544.0,Estadio Ramón Sánchez Pizjuán,Francisco Hernandez Maeso
La Liga,2023-2024,2024-03-17,15:15 (16:15),Las Palmas,0–1,Almería,22865.0,Estadio de Gran Canaria,Victor Garcia Verdura
La Liga,2023-2024,2024-03-17,16:15,Villarreal,1–0,Valencia,20647.0,Estadio de la Cerámica,Jorge Figueroa
La Liga,2023-2024,2024-03-17,18:30,Rayo Vallecano,2–0,Real Betis,13264.0,Estadio del Rayo Vallecano,Juan Pulido
La Liga,2023-2024,2024-03-17,21:00,Atlético Madrid,0–3,Barcelona,68253.0,Estadio Cívitas Metropolitano,José María Sánchez Martínez
La Liga,2023-2024,2024-03-29,21:00,Cádiz,1–0,Granada,15422.0,Estadio Nuevo Mirandilla,Guillermo Cuadra Fernandez
La Liga,2023-2024,2024-03-30,14:00,Getafe,0–1,Sevilla,10139.0,Coliseum Alfonso Pérez,Ignacio Iglesias Villanueva
La Liga,2023-2024,2024-03-30,16:15,Almería,0–3,Osasuna,10565.0,Power Horse Stadium,Pablo Gonzalez
La Liga,2023-2024,2024-03-30,18:30,Valencia,0–0,Mallorca,42567.0,Estadio de Mestalla,Miguel Angel Ortiz Arias
La Liga,2023-2024,2024-03-30,21:00,Barcelona,1–0,Las Palmas,46788.0,Estadi Olímpic Lluís Companys,Mateo Busquets Ferrer
La Liga,2023-2024,2024-03-31,14:00,Celta Vigo,0–0,Rayo Vallecano,21505.0,Estadio Abanca Balaídos,Alejandro Hernandez
La Liga,2023-2024,2024-03-31,16:15,Girona,3–2,Real Betis,12774.0,Estadi Municipal de Montilivi,Jesus Gil Manzano
La Liga,2023-2024,2024-03-31,18:30,Alavés,0–1,Real Sociedad,18575.0,Estadio de Mendizorroza,Francisco Hernandez Maeso
La Liga,2023-2024,2024-03-31,21:00,Real Madrid,2–0,Athletic Club,72991.0,Estadio Santiago Bernabéu,Javier Alberola Rojas
La Liga,2023-2024,2024-04-01,21:00,Villarreal,1–2,Atlético Madrid,19679.0,Estadio de la Cerámica,Mario Melero López
La Liga,2023-2024,2024-04-04,20:00,Granada,0–1,Valencia,15107.0,Estadio Nuevo Los Cármenes,Alejandro Hernandez
La Liga,2023-2024,2024-04-12,21:00,Real Betis,2–1,Celta Vigo,48938.0,Estadio Benito Villamarín,Juan Martinez Munuera
La Liga,2023-2024,2024-04-13,14:00,Atlético Madrid,3–1,Girona,64214.0,Estadio Cívitas Metropolitano,Ricardo De Burgos Bengoetxea
La Liga,2023-2024,2024-04-13,16:15,Rayo Vallecano,0–0,Getafe,12868.0,Estadio del Rayo Vallecano,Jorge Figueroa
La Liga,2023-2024,2024-04-13,18:30,Mallorca,0–1,Real Madrid,23244.0,Estadi Mallorca Son Moix,José María Sánchez Martínez
La Liga,2023-2024,2024-04-13,21:00,Cádiz,0–1,Barcelona,19607.0,Estadio Nuevo Mirandilla,Juan Pulido
La Liga,2023-2024,2024-04-14,13:00 (14:00),Las Palmas,0–2,Sevilla,23698.0,Estadio de Gran Canaria,Alejandro Muñiz Ruiz
La Liga,2023-2024,2024-04-14,16:15,Granada,2–0,Alavés,13398.0,Estadio Nuevo Los Cármenes,Victor Garcia Verdura
La Liga,2023-2024,2024-04-14,18:30,Athletic Club,1–1,Villarreal,50061.0,San Mamés,Guillermo Cuadra Fernandez
La Liga,2023-2024,2024-04-14,21:00,Real Sociedad,2–2,Almería,26520.0,Reale Arena,Isidro Diaz de Mera Escuderos
La Liga,2023-2024,2024-04-15,21:00,Osasuna,0–1,Valencia,19480.0,Estadio El Sadar,José Luis Munuera Montero
La Liga,2023-2024,2024-04-19,21:00,Athletic Club,1–1,Granada,45917.0,San Mamés,Ignacio Iglesias Villanueva
La Liga,2023-2024,2024-04-20,14:00,Celta Vigo,4–1,Las Palmas,21256.0,Estadio Abanca Balaídos,Francisco Hernandez Maeso
La Liga,2023-2024,2024-04-20,16:15,Rayo Vallecano,2–1,Osasuna,12617.0,Estadio del Rayo Vallecano,Mario Melero López
La Liga,2023-2024,2024-04-20,18:30,Valencia,1–2,Real Betis,46371.0,Estadio de Mestalla,Mateo Busquets Ferrer
La Liga,2023-2024,2024-04-20,21:00,Girona,4–1,Cádiz,12665.0,Estadi Municipal de Montilivi,Javier Alberola Rojas
La Liga,2023-2024,2024-04-21,14:00,Getafe,1–1,Real Sociedad,12228.0,Coliseum Alfonso Pérez,Victor Garcia Verdura
La Liga,2023-2024,2024-04-21,16:15,Almería,1–2,Villarreal,10601.0,Power Horse Stadium,Miguel Angel Ortiz Arias
La Liga,2023-2024,2024-04-21,18:30,Alavés,2–0,Atlético Madrid,18719.0,Estadio de Mendizorroza,Jesus Gil Manzano
La Liga,2023-2024,2024-04-21,21:00,Real Madrid,3–2,Barcelona,77981.0,Estadio Santiago Bernabéu,César Soto Grado
La Liga,2023-2024,2024-04-22,21:00,Sevilla,2–1,Mallorca,35203.0,Estadio Ramón Sánchez Pizjuán,Alejandro Hernandez
La Liga,2023-2024,2024-04-26,21:00,Real Sociedad,0–1,Real Madrid,37109.0,Reale Arena,José Luis Munuera Montero
La Liga,2023-2024,2024-04-27,13:00 (14:00),Las Palmas,0–2,Girona,18734.0,Estadio de Gran Canaria,Jorge Figueroa
La Liga,2023-2024,2024-04-27,16:15,Almería,1–3,Getafe,7874.0,Power Horse Stadium,Guillermo Cuadra Fernandez
La Liga,2023-2024,2024-04-27,18:30,Alavés,3–0,Celta Vigo,18039.0,Estadio de Mendizorroza,Juan Pulido
La Liga,2023-2024,2024-04-27,21:00,Atlético Madrid,3–1,Athletic Club,64612.0,Estadio Cívitas Metropolitano,Juan Martinez Munuera
La Liga,2023-2024,2024-04-28,14:00,Cádiz,1–1,Mallorca,18174.0,Estadio Nuevo Mirandilla,Isidro Diaz de Mera Escuderos
La Liga,2023-2024,2024-04-28,16:15,Granada,3–0,Osasuna,13825.0,Estadio Nuevo Los Cármenes,Alejandro Muñiz Ruiz
La Liga,2023-2024,2024-04-28,18:30,Villarreal,3–0,Rayo Vallecano,17869.0,Estadio de la Cerámica,Pablo Gonzalez
La Liga,2023-2024,2024-04-28,21:00,Real Betis,1–1,Sevilla,55770.0,Estadio Benito Villamarín,José María Sánchez Martínez
La Liga,2023-2024,2024-04-29,21:00,Barcelona,4–2,Valencia,30167.0,Estadi Olímpic Lluís Companys,Ricardo De Burgos Bengoetxea
La Liga,2023-2024,2024-05-03,21:00,Getafe,0–2,Athletic Club,12149.0,Coliseum Alfonso Pérez,Jesus Gil Manzano
La Liga,2023-2024,2024-05-04,14:00,Real Sociedad,2–0,Las Palmas,29330.0,Reale Arena,Miguel Angel Ortiz Arias
La Liga,2023-2024,2024-05-04,16:15,Real Madrid,3–0,Cádiz,72654.0,Estadio Santiago Bernabéu,Ignacio Iglesias Villanueva
La Liga,2023-2024,2024-05-04,18:30,Girona,4–2,Barcelona,14090.0,Estadi Municipal de Montilivi,Alejandro Hernandez
La Liga,2023-2024,2024-05-04,21:00,Mallorca,0–1,Atlético Madrid,20519.0,Estadi Mallorca Son Moix,Javier Alberola Rojas
La Liga,2023-2024,2024-05-05,14:00,Osasuna,0–2,Real Betis,18300.0,Estadio El Sadar,Victor Garcia Verdura
La Liga,2023-2024,2024-05-05,16:15,Celta Vigo,3–2,Villarreal,19548.0,Estadio Abanca Balaídos,César Soto Grado
La Liga,2023-2024,2024-05-05,18:30,Valencia,0–1,Alavés,44643.0,Estadio de Mestalla,Mario Melero López
La Liga,2023-2024,2024-05-05,21:00,Sevilla,3–0,Granada,32658.0,Estadio Ramón Sánchez Pizjuán,Mateo Busquets Ferrer
La Liga,2023-2024,2024-05-05,21:00,Rayo Vallecano,0–1,Almería,10864.0,Estadio del Rayo Vallecano,Francisco Hernandez Maeso
La Liga,2023-2024,2024-05-10,21:00,Alavés,2–2,Girona,17906.0,Estadio de Mendizorroza,José Luis Munuera Montero
La Liga,2023-2024,2024-05-11,14:00,Mallorca,1–0,Las Palmas,16050.0,Estadi Mallorca Son Moix,Juan Martinez Munuera
La Liga,2023-2024,2024-05-11,16:15,Villarreal,3–2,Sevilla,16862.0,Estadio de la Cerámica,Isidro Diaz de Mera Escuderos
La Liga,2023-2024,2024-05-11,18:30,Granada,0–4,Real Madrid,20058.0,Estadio Nuevo Los Cármenes,Pablo Gonzalez
La Liga,2023-2024,2024-05-11,21:00,Athletic Club,2–2,Osasuna,45273.0,San Mamés,José María Sánchez Martínez
La Liga,2023-2024,2024-05-12,14:00,Cádiz,1–0,Getafe,16592.0,Estadio Nuevo Mirandilla,Ricardo De Burgos Bengoetxea
La Liga,2023-2024,2024-05-12,16:15,Atlético Madrid,1–0,Celta Vigo,63014.0,Estadio Cívitas Metropolitano,Jorge Figueroa
La Liga,2023-2024,2024-05-12,18:30,Valencia,0–0,Rayo Vallecano,42642.0,Estadio de Mestalla,Juan Pulido
La Liga,2023-2024,2024-05-12,21:00,Real Betis,3–2,Almería,48622.0,Estadio Benito Villamarín,Alejandro Muñiz Ruiz
La Liga,2023-2024,2024-05-13,21:00,Barcelona,2–0,Real Sociedad,35829.0,Estadi Olímpic Lluís Companys,Guillermo Cuadra Fernandez
La Liga,2023-2024,2024-05-14,19:30,Osasuna,1–1,Mallorca,17852.0,Estadio El Sadar,Francisco Hernandez Maeso
La Liga,2023-2024,2024-05-14,21:30,Real Madrid,5–0,Alavés,68954.0,Estadio Santiago Bernabéu,Mateo Busquets Ferrer
La Liga,2023-2024,2024-05-14,22:00,Girona,0–1,Villarreal,11440.0,Estadi Municipal de Montilivi,José María Sánchez Martínez
La Liga,2023-2024,2024-05-15,19:30,Rayo Vallecano,2–1,Granada,12738.0,Estadio del Rayo Vallecano,Isidro Diaz de Mera Escuderos
La Liga,2023-2024,2024-05-15,19:30,Sevilla,0–1,Cádiz,35805.0,Estadio Ramón Sánchez Pizjuán,Miguel Angel Ortiz Arias
La Liga,2023-2024,2024-05-15,22:00,Celta Vigo,2–1,Athletic Club,21301.0,Estadio Abanca Balaídos,Victor Garcia Verdura
La Liga,2023-2024,2024-05-15,22:00,Getafe,0–3,Atlético Madrid,13027.0,Coliseum Alfonso Pérez,Mario Melero López
La Liga,2023-2024,2024-05-16,18:30 (19:30),Las Palmas,2–2,Real Betis,22606.0,Estadio de Gran Canaria,Ignacio Iglesias Villanueva
La Liga,2023-2024,2024-05-16,21:30,Almería,0–2,Barcelona,15543.0,Power Horse Stadium,Javier Alberola Rojas
La Liga,2023-2024,2024-05-16,22:00,Real Sociedad,1–0,Valencia,25067.0,Reale Arena,César Soto Grado
La Liga,2023-2024,2024-05-18,21:00,Alavés,1–0,Getafe,18709.0,Estadio de Mendizorroza,Jorge Figueroa
La Liga,2023-2024,2024-05-19,19:00,Villarreal,4–4,Real Madrid,21671.0,Estadio de la Cerámica,Alejandro Hernandez
La Liga,2023-2024,2024-05-19,19:00,Mallorca,2–2,Almería,20573.0,Estadi Mallorca Son Moix,Ricardo De Burgos Bengoetxea
La Liga,2023-2024,2024-05-19,19:00,Cádiz,0–0,Las Palmas,18950.0,Estadio Nuevo Mirandilla,César Soto Grado
La Liga,2023-2024,2024-05-19,19:00,Real Betis,0–2,Real Sociedad,58036.0,Estadio Benito Villamarín,Juan Martinez Munuera
La Liga,2023-2024,2024-05-19,19:00,Barcelona,3–0,Rayo Vallecano,35823.0,Estadi Olímpic Lluís Companys,Jesus Gil Manzano
La Liga,2023-2024,2024-05-19,19:00,Valencia,1–3,Girona,36138.0,Estadio de Mestalla,Guillermo Cuadra Fernandez
La Liga,2023-2024,2024-05-19,19:00,Atlético Madrid,1–4,Osasuna,58401.0,Estadio Cívitas Metropolitano,Pablo Gonzalez
La Liga,2023-2024,2024-05-19,19:00,Granada,1–2,Celta Vigo,11473.0,Estadio Nuevo Los Cármenes,Javier Alberola Rojas
La Liga,2023-2024,2024-05-19,19:00,Athletic Club,2–0,Sevilla,44717.0,San Mamés,Juan Pulido
La Liga,2023-2024,2024-05-24,21:00,Girona,7–0,Granada,12813.0,Estadi Municipal de Montilivi,Alejandro Muñiz Ruiz
La Liga,2023-2024,2024-05-25,14:00,Osasuna,1–1,Villarreal,18385.0,Estadio El Sadar,Mario Melero López
La Liga,2023-2024,2024-05-25,16:15,Real Sociedad,0–2,Atlético Madrid,30678.0,Reale Arena,José María Sánchez Martínez
La Liga,2023-2024,2024-05-25,18:30,Almería,6–1,Cádiz,7558.0,Power Horse Stadium,Mateo Busquets Ferrer
La Liga,2023-2024,2024-05-25,18:30,Rayo Vallecano,0–1,Athletic Club,13090.0,Estadio del Rayo Vallecano,José Luis Munuera Montero
La Liga,2023-2024,2024-05-25,21:00,Real Madrid,0–0,Real Betis,73614.0,Estadio Santiago Bernabéu,Isidro Diaz de Mera Escuderos
La Liga,2023-2024,2024-05-26,14:00,Getafe,1–2,Mallorca,9545.0,Coliseum Alfonso Pérez,Victor Garcia Verdura
La Liga,2023-2024,2024-05-26,15:15 (16:15),Las Palmas,1–1,Alavés,23043.0,Estadio de Gran Canaria,Francisco Hernandez Maeso
La Liga,2023-2024,2024-05-26,16:15,Celta Vigo,2–2,Valencia,21878.0,Estadio Abanca Balaídos,Miguel Angel Ortiz Arias
La Liga,2023-2024,2024-05-26,21:00,Sevilla,1–2,Barcelona,34888.0,Estadio Ramón Sánchez Pizjuán,Ignacio Iglesias Villanueva
La Liga,2022-2023,2022-08-12,21:00,Osasuna,2–1,Sevilla,18536.0,Estadio El Sadar,Carlos del Cerro Grande
La Liga,2022-2023,2022-08-13,17:00,Celta Vigo,2–2,Espanyol,13859.0,Estadio de Balaídos,Miguel Angel Ortiz Arias
La Liga,2022-2023,2022-08-13,19:00,Valladolid,0–3,Villarreal,17543.0,Estadio Municipal José Zorrilla,Mario Melero López
La Liga,2022-2023,2022-08-13,21:00,Barcelona,0–0,Rayo Vallecano,81104.0,Camp Nou,Alejandro Hernandez
La Liga,2022-2023,2022-08-14,17:30,Cádiz,0–1,Real Sociedad,16570.0,Estadio Nuevo Mirandilla,Isidro Diaz de Mera Escuderos
La Liga,2022-2023,2022-08-14,19:30,Valencia,1–0,Girona,39359.0,Estadio de Mestalla,Jorge Figueroa
La Liga,2022-2023,2022-08-14,22:00,Almería,1–2,Real Madrid,14386.0,Power Horse Stadium,Juan Martinez Munuera
La Liga,2022-2023,2022-08-15,17:30,Athletic Club,0–0,Mallorca,39747.0,San Mamés,Ignacio Iglesias Villanueva
La Liga,2022-2023,2022-08-15,19:30,Getafe,0–3,Atlético Madrid,12235.0,Coliseum Alfonso Pérez,José María Sánchez Martínez
La Liga,2022-2023,2022-08-15,21:30,Real Betis,3–0,Elche,50622.0,Estadio Benito Villamarín,Guillermo Cuadra Fernandez
La Liga,2022-2023,2022-08-19,20:00,Espanyol,0–2,Rayo Vallecano,16071.0,RCDE Stadium,Jorge Figueroa
La Liga,2022-2023,2022-08-19,22:00,Sevilla,1–1,Valladolid,33991.0,Estadio Ramón Sánchez Pizjuán,Juan Pulido
La Liga,2022-2023,2022-08-20,17:30,Osasuna,2–0,Cádiz,18587.0,Estadio El Sadar,Antonio Miguel Mateu Lahoz
La Liga,2022-2023,2022-08-20,19:30,Mallorca,1–2,Real Betis,15579.0,Iberostar Estadi,Pablo Gonzalez
La Liga,2022-2023,2022-08-20,22:00,Celta Vigo,1–4,Real Madrid,15681.0,Estadio de Balaídos,Jesus Gil Manzano
La Liga,2022-2023,2022-08-21,17:30,Athletic Club,1–0,Valencia,43333.0,San Mamés,César Soto Grado
La Liga,2022-2023,2022-08-21,19:30,Atlético Madrid,0–2,Villarreal,57033.0,Estadio Cívitas Metropolitano,Ricardo De Burgos Bengoetxea
La Liga,2022-2023,2022-08-21,22:00,Real Sociedad,1–4,Barcelona,36201.0,Reale Arena,José Luis Munuera Montero
La Liga,2022-2023,2022-08-22,20:00,Elche,1–1,Almería,23361.0,Estadio Manuel Martínez Valero,Isidro Diaz de Mera Escuderos
La Liga,2022-2023,2022-08-22,22:00,Girona,3–1,Getafe,10460.0,Estadi Municipal de Montilivi,Alejandro Muñiz Ruiz
La Liga,2022-2023,2022-08-26,20:00,Girona,0–1,Celta Vigo,11329.0,Estadi Municipal de Montilivi,Carlos del Cerro Grande
La Liga,2022-2023,2022-08-26,22:00,Real Betis,1–0,Osasuna,52580.0,Estadio Benito Villamarín,Juan Martinez Munuera
La Liga,2022-2023,2022-08-27,17:30,Elche,0–1,Real Sociedad,22656.0,Estadio Manuel Martínez Valero,Ignacio Iglesias Villanueva
La Liga,2022-2023,2022-08-27,19:30,Rayo Vallecano,0–2,Mallorca,10944.0,Estadio del Rayo Vallecano,José María Sánchez Martínez
La Liga,2022-2023,2022-08-27,22:00,Almería,2–1,Sevilla,13788.0,Power Horse Stadium,Jesus Gil Manzano
La Liga,2022-2023,2022-08-28,17:30,Getafe,0–0,Villarreal,9815.0,Coliseum Alfonso Pérez,Jorge Figueroa
La Liga,2022-2023,2022-08-28,19:30,Barcelona,4–0,Valladolid,83972.0,Camp Nou,Ricardo De Burgos Bengoetxea
La Liga,2022-2023,2022-08-28,22:00,Espanyol,1–3,Real Madrid,25778.0,RCDE Stadium,Mario Melero López
La Liga,2022-2023,2022-08-29,20:00,Cádiz,0–4,Athletic Club,17029.0,Estadio Nuevo Mirandilla,Miguel Angel Ortiz Arias
La Liga,2022-2023,2022-08-29,22:00,Valencia,0–1,Atlético Madrid,43910.0,Estadio de Mestalla,Guillermo Cuadra Fernandez
La Liga,2022-2023,2022-09-02,21:00,Celta Vigo,3–0,Cádiz,14510.0,Estadio de Balaídos,Juan Pulido
La Liga,2022-2023,2022-09-03,14:00,Mallorca,1–1,Girona,13390.0,Iberostar Estadi,Isidro Diaz de Mera Escuderos
La Liga,2022-2023,2022-09-03,16:15,Real Madrid,2–1,Real Betis,58579.0,Estadio Santiago Bernabéu,José María Sánchez Martínez
La Liga,2022-2023,2022-09-03,18:30,Real Sociedad,1–1,Atlético Madrid,35366.0,Reale Arena,César Soto Grado
La Liga,2022-2023,2022-09-03,21:00,Sevilla,0–3,Barcelona,40233.0,Estadio Ramón Sánchez Pizjuán,Antonio Miguel Mateu Lahoz
La Liga,2022-2023,2022-09-04,14:00,Osasuna,2–1,Rayo Vallecano,18745.0,Estadio El Sadar,Alejandro Muñiz Ruiz
La Liga,2022-2023,2022-09-04,16:15,Athletic Club,0–1,Espanyol,41574.0,San Mamés,Juan Martinez Munuera
La Liga,2022-2023,2022-09-04,18:30,Villarreal,4–0,Elche,13915.0,Estadio Ciudad de Valencia,Miguel Angel Ortiz Arias
La Liga,2022-2023,2022-09-04,21:00,Valencia,5–1,Getafe,38725.0,Estadio de Mestalla,José Luis Munuera Montero
La Liga,2022-2023,2022-09-05,21:00,Valladolid,1–0,Almería,20260.0,Estadio Municipal José Zorrilla,Pablo Gonzalez
La Liga,2022-2023,2022-09-09,21:00,Girona,2–1,Valladolid,10053.0,Estadi Municipal de Montilivi,César Soto Grado
La Liga,2022-2023,2022-09-10,14:00,Rayo Vallecano,2–1,Valencia,12085.0,Estadio del Rayo Vallecano,Jesus Gil Manzano
La Liga,2022-2023,2022-09-10,16:15,Espanyol,2–3,Sevilla,20135.0,RCDE Stadium,Guillermo Cuadra Fernandez
La Liga,2022-2023,2022-09-10,18:30,Cádiz,0–4,Barcelona,19530.0,Estadio Nuevo Mirandilla,Carlos del Cerro Grande
La Liga,2022-2023,2022-09-10,21:00,Atlético Madrid,4–1,Celta Vigo,52247.0,Estadio Cívitas Metropolitano,Alejandro Hernandez
La Liga,2022-2023,2022-09-11,14:00,Real Madrid,4–1,Mallorca,54816.0,Estadio Santiago Bernabéu,Jorge Figueroa
La Liga,2022-2023,2022-09-11,16:15,Elche,1–4,Athletic Club,24176.0,Estadio Manuel Martínez Valero,Mario Melero López
La Liga,2022-2023,2022-09-11,18:30,Getafe,2–1,Real Sociedad,11112.0,Coliseum Alfonso Pérez,Juan Pulido
La Liga,2022-2023,2022-09-11,21:00,Real Betis,1–0,Villarreal,53276.0,Estadio Benito Villamarín,Ricardo De Burgos Bengoetxea
La Liga,2022-2023,2022-09-12,21:00,Almería,0–1,Osasuna,12397.0,Power Horse Stadium,Ignacio Iglesias Villanueva
La Liga,2022-2023,2022-09-16,21:00,Valladolid,0–1,Cádiz,20295.0,Estadio Municipal José Zorrilla,José María Sánchez Martínez
La Liga,2022-2023,2022-09-17,14:00,Mallorca,1–0,Almería,12687.0,Iberostar Estadi,Juan Martinez Munuera
La Liga,2022-2023,2022-09-17,16:15,Barcelona,3–0,Elche,85073.0,Camp Nou,Alejandro Muñiz Ruiz
La Liga,2022-2023,2022-09-17,18:30,Valencia,3–0,Celta Vigo,40965.0,Estadio de Mestalla,Pablo Gonzalez
La Liga,2022-2023,2022-09-17,21:00,Athletic Club,3–2,Rayo Vallecano,43484.0,San Mamés,Antonio Miguel Mateu Lahoz
La Liga,2022-2023,2022-09-18,14:00,Osasuna,0–2,Getafe,18255.0,Estadio El Sadar,Isidro Diaz de Mera Escuderos
La Liga,2022-2023,2022-09-18,16:15,Villarreal,1–1,Sevilla,18292.0,Estadio Ciudad de Valencia,Alejandro Hernandez
La Liga,2022-2023,2022-09-18,18:30,Real Sociedad,2–1,Espanyol,31511.0,Reale Arena,Carlos del Cerro Grande
La Liga,2022-2023,2022-09-18,18:30,Real Betis,2–1,Girona,52229.0,Estadio Benito Villamarín,Miguel Angel Ortiz Arias
La Liga,2022-2023,2022-09-18,21:00,Atlético Madrid,1–2,Real Madrid,66881.0,Estadio Cívitas Metropolitano,José Luis Munuera Montero
La Liga,2022-2023,2022-09-30,21:00,Athletic Club,4–0,Almería,42110.0,San Mamés,Juan Pulido
La Liga,2022-2023,2022-10-01,14:00,Cádiz,0–0,Villarreal,15516.0,Estadio Nuevo Mirandilla,Ignacio Iglesias Villanueva
La Liga,2022-2023,2022-10-01,16:15,Getafe,2–3,Valladolid,10958.0,Coliseum Alfonso Pérez,Alejandro Muñiz Ruiz
La Liga,2022-2023,2022-10-01,18:30,Sevilla,0–2,Atlético Madrid,37754.0,Estadio Ramón Sánchez Pizjuán,Ricardo De Burgos Bengoetxea
La Liga,2022-2023,2022-10-01,21:00,Mallorca,0–1,Barcelona,18103.0,Iberostar Estadi,Jesus Gil Manzano
La Liga,2022-2023,2022-10-02,14:00,Espanyol,2–2,Valencia,19766.0,RCDE Stadium,Valentin Pizarro
La Liga,2022-2023,2022-10-02,16:15,Celta Vigo,1–0,Real Betis,14344.0,Estadio de Balaídos,César Soto Grado
La Liga,2022-2023,2022-10-02,18:30,Girona,3–5,Real Sociedad,12217.0,Estadi Municipal de Montilivi,Mario Melero López
La Liga,2022-2023,2022-10-02,21:00,Real Madrid,1–1,Osasuna,55410.0,Estadio Santiago Bernabéu,Guillermo Cuadra Fernandez
La Liga,2022-2023,2022-10-03,21:00,Rayo Vallecano,2–1,Elche,11662.0,Estadio del Rayo Vallecano,Jorge Figueroa
La Liga,2022-2023,2022-10-07,21:00,Osasuna,1–2,Valencia,20260.0,Estadio El Sadar,Miguel Angel Ortiz Arias
La Liga,2022-2023,2022-10-08,14:00,Almería,3–1,Rayo Vallecano,10783.0,Power Horse Stadium,Pablo Gonzalez
La Liga,2022-2023,2022-10-08,16:15,Atlético Madrid,2–1,Girona,54069.0,Estadio Cívitas Metropolitano,Juan Martinez Munuera
La Liga,2022-2023,2022-10-08,18:30,Sevilla,1–1,Athletic Club,36502.0,Estadio Ramón Sánchez Pizjuán,Jesus Gil Manzano
La Liga,2022-2023,2022-10-08,21:00,Getafe,0–1,Real Madrid,14502.0,Coliseum Alfonso Pérez,Antonio Miguel Mateu Lahoz
La Liga,2022-2023,2022-10-09,14:00,Valladolid,0–0,Real Betis,22561.0,Estadio Municipal José Zorrilla,Carlos del Cerro Grande
La Liga,2022-2023,2022-10-09,16:15,Cádiz,2–2,Espanyol,16572.0,Estadio Nuevo Mirandilla,Alejandro Hernandez
La Liga,2022-2023,2022-10-09,18:30,Real Sociedad,1–0,Villarreal,32689.0,Reale Arena,César Soto Grado
La Liga,2022-2023,2022-10-09,21:00,Barcelona,1–0,Celta Vigo,81525.0,Camp Nou,José Luis Munuera Montero
La Liga,2022-2023,2022-10-10,21:00,Elche,1–1,Mallorca,12000.0,Estadio Manuel Martínez Valero,Valentin Pizarro
La Liga,2022-2023,2022-10-14,21:00,Rayo Vallecano,0–0,Getafe,13076.0,Estadio del Rayo Vallecano,Mario Melero López
La Liga,2022-2023,2022-10-15,14:00,Girona,1–1,Cádiz,9927.0,Estadi Municipal de Montilivi,Ricardo De Burgos Bengoetxea
La Liga,2022-2023,2022-10-15,16:15,Valencia,2–2,Elche,41805.0,Estadio de Mestalla,Juan Pulido
La Liga,2022-2023,2022-10-15,18:30,Mallorca,0–1,Sevilla,15300.0,Iberostar Estadi,Ignacio Iglesias Villanueva
La Liga,2022-2023,2022-10-15,21:00,Athletic Club,0–1,Atlético Madrid,48391.0,San Mamés,Jorge Figueroa
La Liga,2022-2023,2022-10-16,14:00,Celta Vigo,1–2,Real Sociedad,13101.0,Estadio de Balaídos,Guillermo Cuadra Fernandez
La Liga,2022-2023,2022-10-16,16:15,Real Madrid,3–1,Barcelona,62876.0,Estadio Santiago Bernabéu,José María Sánchez Martínez
La Liga,2022-2023,2022-10-16,18:30,Espanyol,1–0,Valladolid,17770.0,RCDE Stadium,Antonio Miguel Mateu Lahoz
La Liga,2022-2023,2022-10-16,21:00,Real Betis,3–1,Almería,46112.0,Estadio Benito Villamarín,Alejandro Muñiz Ruiz
La Liga,2022-2023,2022-10-17,21:00,Villarreal,2–0,Osasuna,9699.0,Estadio Ciudad de Valencia,Pablo Gonzalez
La Liga,2022-2023,2022-10-18,19:00,Sevilla,1–1,Valencia,37353.0,Estadio Ramón Sánchez Pizjuán,César Soto Grado
La Liga,2022-2023,2022-10-18,20:00,Getafe,2–2,Athletic Club,11395.0,Coliseum Alfonso Pérez,José Luis Munuera Montero
La Liga,2022-2023,2022-10-18,21:00,Atlético Madrid,1–1,Rayo Vallecano,46803.0,Estadio Cívitas Metropolitano,Ignacio Iglesias Villanueva
La Liga,2022-2023,2022-10-19,19:00,Cádiz,0–0,Real Betis,18505.0,Estadio Nuevo Mirandilla,Antonio Miguel Mateu Lahoz
La Liga,2022-2023,2022-10-19,19:00,Valladolid,4–1,Celta Vigo,16547.0,Estadio Municipal José Zorrilla,Valentin Pizarro
La Liga,2022-2023,2022-10-19,20:00,Real Sociedad,1–0,Mallorca,27085.0,Reale Arena,Miguel Angel Ortiz Arias
La Liga,2022-2023,2022-10-19,21:00,Elche,0–3,Real Madrid,30236.0,Estadio Manuel Martínez Valero,Jesus Gil Manzano
La Liga,2022-2023,2022-10-20,19:00,Almería,3–2,Girona,11194.0,Power Horse Stadium,Guillermo Cuadra Fernandez
La Liga,2022-2023,2022-10-20,20:00,Osasuna,1–0,Espanyol,17832.0,Estadio El Sadar,Mario Melero López
La Liga,2022-2023,2022-10-20,21:00,Barcelona,3–0,Villarreal,73261.0,Camp Nou,Carlos del Cerro Grande
La Liga,2022-2023,2022-10-22,14:00,Rayo Vallecano,5–1,Cádiz,12975.0,Estadio del Rayo Vallecano,Alejandro Muñiz Ruiz
La Liga,2022-2023,2022-10-22,16:15,Valladolid,1–0,Real Sociedad,21175.0,Estadio Municipal José Zorrilla,Jorge Figueroa
La Liga,2022-2023,2022-10-22,18:30,Valencia,1–2,Mallorca,41199.0,Estadio de Mestalla,José María Sánchez Martínez
La Liga,2022-2023,2022-10-22,21:00,Real Madrid,3–1,Sevilla,59625.0,Estadio Santiago Bernabéu,Alejandro Hernandez
La Liga,2022-2023,2022-10-23,14:00,Espanyol,2–2,Elche,17560.0,RCDE Stadium,José Luis Munuera Montero
La Liga,2022-2023,2022-10-23,16:15,Real Betis,1–2,Atlético Madrid,50179.0,Estadio Benito Villamarín,Jesus Gil Manzano
La Liga,2022-2023,2022-10-23,18:30,Girona,1–1,Osasuna,10032.0,Estadi Municipal de Montilivi,Juan Pulido
La Liga,2022-2023,2022-10-23,18:30,Villarreal,2–1,Almería,13816.0,Estadio Ciudad de Valencia,Ricardo De Burgos Bengoetxea
La Liga,2022-2023,2022-10-23,21:00,Barcelona,4–0,Athletic Club,84817.0,Camp Nou,Juan Martinez Munuera
La Liga,2022-2023,2022-10-24,21:00,Celta Vigo,1–1,Getafe,9774.0,Estadio de Balaídos,Pablo Gonzalez
La Liga,2022-2023,2022-10-28,21:00,Mallorca,1–1,Espanyol,13982.0,Iberostar Estadi,Isidro Diaz de Mera Escuderos
La Liga,2022-2023,2022-10-29,14:00,Almería,3–1,Celta Vigo,11080.0,Power Horse Stadium,Carlos del Cerro Grande
La Liga,2022-2023,2022-10-29,16:15,Cádiz,3–2,Atlético Madrid,18183.0,Estadio Nuevo Mirandilla,José María Sánchez Martínez
La Liga,2022-2023,2022-10-29,18:30,Sevilla,0–1,Rayo Vallecano,36601.0,Estadio Ramón Sánchez Pizjuán,Antonio Miguel Mateu Lahoz
La Liga,2022-2023,2022-10-29,21:00,Valencia,0–1,Barcelona,46007.0,Estadio de Mestalla,Ricardo De Burgos Bengoetxea
La Liga,2022-2023,2022-10-30,14:00,Osasuna,2–0,Valladolid,19429.0,Estadio El Sadar,Guillermo Cuadra Fernandez
La Liga,2022-2023,2022-10-30,16:15,Real Madrid,1–1,Girona,58367.0,Estadio Santiago Bernabéu,Mario Melero López
La Liga,2022-2023,2022-10-30,18:30,Athletic Club,1–0,Villarreal,46081.0,San Mamés,Miguel Angel Ortiz Arias
La Liga,2022-2023,2022-10-30,21:00,Real Sociedad,0–2,Real Betis,32435.0,Reale Arena,Ignacio Iglesias Villanueva
La Liga,2022-2023,2022-10-31,21:00,Elche,0–1,Getafe,19588.0,Estadio Manuel Martínez Valero,César Soto Grado
La Liga,2022-2023,2022-11-04,21:00,Girona,2–1,Athletic Club,11420.0,Estadi Municipal de Montilivi,Valentin Pizarro
La Liga,2022-2023,2022-11-05,14:00,Getafe,0–0,Cádiz,10554.0,Coliseum Alfonso Pérez,Alejandro Hernandez
La Liga,2022-2023,2022-11-05,16:15,Valladolid,2–1,Elche,20176.0,Estadio Municipal José Zorrilla,Ricardo De Burgos Bengoetxea
La Liga,2022-2023,2022-11-05,18:30,Celta Vigo,1–2,Osasuna,14209.0,Estadio de Balaídos,Jorge Figueroa
La Liga,2022-2023,2022-11-05,21:00,Barcelona,2–0,Almería,92605.0,Camp Nou,Pablo Gonzalez
La Liga,2022-2023,2022-11-06,14:00,Atlético Madrid,1–1,Espanyol,50007.0,Estadio Cívitas Metropolitano,Juan Pulido
La Liga,2022-2023,2022-11-06,16:15,Real Sociedad,1–1,Valencia,32773.0,Reale Arena,José Luis Munuera Montero
La Liga,2022-2023,2022-11-06,18:30,Villarreal,0–2,Mallorca,16603.0,Estadio Ciudad de Valencia,Alejandro Muñiz Ruiz
La Liga,2022-2023,2022-11-06,21:00,Real Betis,1–1,Sevilla,54034.0,Estadio Benito Villamarín,José María Sánchez Martínez
La Liga,2022-2023,2022-11-07,21:00,Rayo Vallecano,3–2,Real Madrid,14216.0,Estadio del Rayo Vallecano,Juan Martinez Munuera
La Liga,2022-2023,2022-11-08,19:00,Elche,1–2,Girona,17339.0,Estadio Manuel Martínez Valero,Pablo Gonzalez
La Liga,2022-2023,2022-11-08,20:00,Athletic Club,3–0,Valladolid,40072.0,San Mamés,Isidro Diaz de Mera Escuderos
La Liga,2022-2023,2022-11-08,21:30,Osasuna,1–2,Barcelona,21603.0,Estadio El Sadar,Jesus Gil Manzano
La Liga,2022-2023,2022-11-09,19:00,Almería,1–0,Getafe,11454.0,Power Horse Stadium,Alejandro Muñiz Ruiz
La Liga,2022-2023,2022-11-09,19:00,Sevilla,1–2,Real Sociedad,34814.0,Estadio Ramón Sánchez Pizjuán,Carlos del Cerro Grande
La Liga,2022-2023,2022-11-09,20:00,Espanyol,0–1,Villarreal,17400.0,RCDE Stadium,Ignacio Iglesias Villanueva
La Liga,2022-2023,2022-11-09,21:30,Mallorca,1–0,Atlético Madrid,14475.0,Iberostar Estadi,Mario Melero López
La Liga,2022-2023,2022-11-10,19:00,Rayo Vallecano,0–0,Celta Vigo,12419.0,Estadio del Rayo Vallecano,José Luis Munuera Montero
La Liga,2022-2023,2022-11-10,20:00,Valencia,3–0,Real Betis,39876.0,Estadio de Mestalla,Miguel Angel Ortiz Arias
La Liga,2022-2023,2022-11-10,21:30,Real Madrid,2–1,Cádiz,53190.0,Estadio Santiago Bernabéu,César Soto Grado
La Liga,2022-2023,2022-12-29,17:00,Girona,2–2,Rayo Vallecano,11451.0,Estadi Municipal de Montilivi,Jorge Figueroa
La Liga,2022-2023,2022-12-29,19:15,Real Betis,0–0,Athletic Club,53565.0,Estadio Benito Villamarín,Alejandro Hernandez
La Liga,2022-2023,2022-12-29,21:30,Atlético Madrid,2–0,Elche,48119.0,Estadio Cívitas Metropolitano,Guillermo Cuadra Fernandez
La Liga,2022-2023,2022-12-30,17:00,Getafe,2–0,Mallorca,9755.0,Coliseum Alfonso Pérez,Jason Hsu
La Liga,2022-2023,2022-12-30,19:15,Cádiz,1–1,Almería,17345.0,Estadio Nuevo Mirandilla,Juan Martinez Munuera
La Liga,2022-2023,2022-12-30,19:15,Celta Vigo,1–1,Sevilla,13653.0,Estadio de Balaídos,Ricardo De Burgos Bengoetxea
La Liga,2022-2023,2022-12-30,21:30,Valladolid,0–2,Real Madrid,25950.0,Estadio Municipal José Zorrilla,José Luis Munuera Montero
La Liga,2022-2023,2022-12-31,14:00,Barcelona,1–1,Espanyol,88095.0,Camp Nou,Antonio Miguel Mateu Lahoz
La Liga,2022-2023,2022-12-31,16:15,Villarreal,2–1,Valencia,19247.0,Estadio Ciudad de Valencia,José María Sánchez Martínez
La Liga,2022-2023,2022-12-31,16:15,Real Sociedad,2–0,Osasuna,34847.0,Reale Arena,Valentin Pizarro
La Liga,2022-2023,2023-01-06,18:30,Elche,0–1,Celta Vigo,20121.0,Estadio Manuel Martínez Valero,Miguel Angel Ortiz Arias
La Liga,2022-2023,2023-01-06,21:00,Valencia,0–1,Cádiz,39003.0,Estadio de Mestalla,Pablo Gonzalez
La Liga,2022-2023,2023-01-07,16:15,Villarreal,2–1,Real Madrid,21088.0,Estadio de la Cerámica,César Soto Grado
La Liga,2022-2023,2023-01-07,18:30,Mallorca,1–0,Valladolid,14129.0,Iberostar Estadi,Valentin Pizarro
La Liga,2022-2023,2023-01-07,21:00,Espanyol,2–2,Girona,21429.0,RCDE Stadium,Carlos del Cerro Grande
La Liga,2022-2023,2023-01-08,14:00,Almería,0–2,Real Sociedad,12020.0,Power Horse Stadium,Jason Hsu
La Liga,2022-2023,2023-01-08,16:15,Rayo Vallecano,1–2,Real Betis,13119.0,Estadio del Rayo Vallecano,Isidro Diaz de Mera Escuderos
La Liga,2022-2023,2023-01-08,18:30,Sevilla,2–1,Getafe,35389.0,Estadio Ramón Sánchez Pizjuán,Juan Martinez Munuera
La Liga,2022-2023,2023-01-08,21:00,Atlético Madrid,0–1,Barcelona,63493.0,Estadio Cívitas Metropolitano,José Luis Munuera Montero
La Liga,2022-2023,2023-01-09,21:00,Athletic Club,0–0,Osasuna,39216.0,San Mamés,Mario Melero López
La Liga,2022-2023,2023-01-13,21:00,Celta Vigo,1–1,Villarreal,13931.0,Estadio de Balaídos,Jason Hsu
La Liga,2022-2023,2023-01-14,14:00,Valladolid,0–1,Rayo Vallecano,19969.0,Estadio Municipal José Zorrilla,Mario Melero López
La Liga,2022-2023,2023-01-14,16:15,Girona,2–1,Sevilla,12035.0,Estadi Municipal de Montilivi,Valentin Pizarro
La Liga,2022-2023,2023-01-14,18:30,Osasuna,1–0,Mallorca,19887.0,Estadio El Sadar,César Soto Grado
La Liga,2022-2023,2023-01-14,21:00,Real Sociedad,3–1,Athletic Club,38296.0,Reale Arena,Guillermo Cuadra Fernandez
La Liga,2022-2023,2023-01-15,14:00,Getafe,1–2,Espanyol,10286.0,Coliseum Alfonso Pérez,Jorge Figueroa
La Liga,2022-2023,2023-01-15,16:15,Almería,1–1,Atlético Madrid,14128.0,Power Horse Stadium,José María Sánchez Martínez
La Liga,2022-2023,2023-01-16,21:00,Cádiz,1–1,Elche,17389.0,Estadio Nuevo Mirandilla,Carlos del Cerro Grande
La Liga,2022-2023,2023-01-20,21:00,Mallorca,1–0,Celta Vigo,12253.0,Iberostar Estadi,Juan Pulido
La Liga,2022-2023,2023-01-21,14:00,Rayo Vallecano,0–2,Real Sociedad,12874.0,Estadio del Rayo Vallecano,Antonio Miguel Mateu Lahoz
La Liga,2022-2023,2023-01-21,16:15,Espanyol,1–0,Real Betis,20811.0,RCDE Stadium,Pablo Gonzalez
La Liga,2022-2023,2023-01-21,18:30,Atlético Madrid,3–0,Valladolid,53253.0,Estadio Cívitas Metropolitano,Ricardo De Burgos Bengoetxea
La Liga,2022-2023,2023-01-21,21:00,Sevilla,1–0,Cádiz,37400.0,Estadio Ramón Sánchez Pizjuán,Alejandro Hernandez
La Liga,2022-2023,2023-01-22,14:00,Villarreal,1–0,Girona,15129.0,Estadio de la Cerámica,Carlos del Cerro Grande
La Liga,2022-2023,2023-01-22,16:15,Elche,1–1,Osasuna,17589.0,Estadio Manuel Martínez Valero,Alejandro Muñiz Ruiz
La Liga,2022-2023,2023-01-22,18:30,Barcelona,1–0,Getafe,79814.0,Camp Nou,Ignacio Iglesias Villanueva
La Liga,2022-2023,2023-01-22,21:00,Athletic Club,0–2,Real Madrid,49316.0,San Mamés,José María Sánchez Martínez
La Liga,2022-2023,2023-01-23,21:00,Valencia,2–2,Almería,33442.0,Estadio de Mestalla,Jesus Gil Manzano
La Liga,2022-2023,2023-01-27,21:00,Almería,3–1,Espanyol,11629.0,Power Horse Stadium,Ignacio Iglesias Villanueva
La Liga,2022-2023,2023-01-28,14:00,Cádiz,2–0,Mallorca,16117.0,Estadio Nuevo Mirandilla,Ricardo De Burgos Bengoetxea
La Liga,2022-2023,2023-01-28,16:15,Girona,0–1,Barcelona,13402.0,Estadi Municipal de Montilivi,Alejandro Muñiz Ruiz
La Liga,2022-2023,2023-01-28,18:30,Sevilla,3–0,Elche,35567.0,Estadio Ramón Sánchez Pizjuán,César Soto Grado
La Liga,2022-2023,2023-01-28,21:00,Getafe,0–1,Real Betis,11851.0,Coliseum Alfonso Pérez,Guillermo Cuadra Fernandez
La Liga,2022-2023,2023-01-29,14:00,Valladolid,1–0,Valencia,19675.0,Estadio Municipal José Zorrilla,Jorge Figueroa
La Liga,2022-2023,2023-01-29,16:15,Osasuna,0–1,Atlético Madrid,20902.0,Estadio El Sadar,Jason Hsu
La Liga,2022-2023,2023-01-29,18:30,Celta Vigo,1–0,Athletic Club,14754.0,Estadio de Balaídos,Isidro Diaz de Mera Escuderos
La Liga,2022-2023,2023-01-29,21:00,Real Madrid,0–0,Real Sociedad,58129.0,Estadio Santiago Bernabéu,Mario Melero López
La Liga,2022-2023,2023-01-30,21:00,Villarreal,0–1,Rayo Vallecano,14378.0,Estadio de la Cerámica,Juan Pulido
La Liga,2022-2023,2023-02-01,21:00,Real Betis,1–2,Barcelona,48181.0,Estadio Benito Villamarín,Ricardo De Burgos Bengoetxea
La Liga,2022-2023,2023-02-02,21:00,Real Madrid,2–0,Valencia,51926.0,Estadio Santiago Bernabéu,Jason Hsu
La Liga,2022-2023,2023-02-03,21:00,Athletic Club,4–1,Cádiz,42916.0,San Mamés,Valentin Pizarro
La Liga,2022-2023,2023-02-04,14:00,Espanyol,1–1,Osasuna,22438.0,RCDE Stadium,Jesus Gil Manzano
La Liga,2022-2023,2023-02-04,16:15,Elche,3–1,Villarreal,18421.0,Estadio Manuel Martínez Valero,José Luis Munuera Montero
La Liga,2022-2023,2023-02-04,18:30,Atlético Madrid,1–1,Getafe,56079.0,Estadio Cívitas Metropolitano,Antonio Miguel Mateu Lahoz
La Liga,2022-2023,2023-02-04,21:00,Real Betis,3–4,Celta Vigo,46595.0,Estadio Benito Villamarín,Carlos del Cerro Grande
La Liga,2022-2023,2023-02-05,14:00,Mallorca,1–0,Real Madrid,18258.0,Iberostar Estadi,Alejandro Hernandez
La Liga,2022-2023,2023-02-05,16:15,Girona,1–0,Valencia,10732.0,Estadi Municipal de Montilivi,Ignacio Iglesias Villanueva
La Liga,2022-2023,2023-02-05,18:30,Real Sociedad,0–1,Valladolid,32214.0,Reale Arena,Pablo Gonzalez
La Liga,2022-2023,2023-02-05,21:00,Barcelona,3–0,Sevilla,77987.0,Camp Nou,José María Sánchez Martínez
La Liga,2022-2023,2023-02-06,21:00,Rayo Vallecano,2–0,Almería,11783.0,Estadio del Rayo Vallecano,César Soto Grado
La Liga,2022-2023,2023-02-10,21:00,Cádiz,2–0,Girona,14873.0,Estadio Nuevo Mirandilla,Juan Pulido
La Liga,2022-2023,2023-02-11,16:15,Almería,2–3,Real Betis,14288.0,Power Horse Stadium,Jason Hsu
La Liga,2022-2023,2023-02-11,18:30,Sevilla,2–0,Mallorca,35150.0,Estadio Ramón Sánchez Pizjuán,Ignacio Iglesias Villanueva
La Liga,2022-2023,2023-02-11,21:00,Valencia,1–2,Athletic Club,36688.0,Estadio de Mestalla,César Soto Grado
La Liga,2022-2023,2023-02-12,14:00,Getafe,1–1,Rayo Vallecano,12042.0,Coliseum Alfonso Pérez,Isidro Diaz de Mera Escuderos
La Liga,2022-2023,2023-02-12,16:15,Celta Vigo,0–1,Atlético Madrid,15842.0,Estadio de Balaídos,Jorge Figueroa
La Liga,2022-2023,2023-02-12,18:30,Valladolid,0–0,Osasuna,21044.0,Estadio Municipal José Zorrilla,Guillermo Cuadra Fernandez
La Liga,2022-2023,2023-02-12,21:00,Villarreal,0–1,Barcelona,21178.0,Estadio de la Cerámica,Alejandro Hernandez
La Liga,2022-2023,2023-02-13,21:00,Espanyol,2–3,Real Sociedad,15867.0,RCDE Stadium,Alejandro Muñiz Ruiz
La Liga,2022-2023,2023-02-15,21:00,Real Madrid,4–0,Elche,44319.0,Estadio Santiago Bernabéu,Ricardo De Burgos Bengoetxea
La Liga,2022-2023,2023-02-17,21:00,Girona,6–2,Almería,8879.0,Estadi Municipal de Montilivi,Valentin Pizarro
La Liga,2022-2023,2023-02-18,14:00,Real Sociedad,1–1,Celta Vigo,29312.0,Reale Arena,Miguel Angel Ortiz Arias
La Liga,2022-2023,2023-02-18,16:15,Real Betis,2–1,Valladolid,51396.0,Estadio Benito Villamarín,Antonio Miguel Mateu Lahoz
La Liga,2022-2023,2023-02-18,18:30,Mallorca,4–2,Villarreal,13957.0,Iberostar Estadi,José María Sánchez Martínez
La Liga,2022-2023,2023-02-18,21:00,Osasuna,0–2,Real Madrid,21668.0,Estadio El Sadar,José Luis Munuera Montero
La Liga,2022-2023,2023-02-19,14:00,Elche,0–1,Espanyol,18963.0,Estadio Manuel Martínez Valero,Carlos del Cerro Grande
La Liga,2022-2023,2023-02-19,16:15,Rayo Vallecano,1–1,Sevilla,13294.0,Estadio del Rayo Vallecano,Jesus Gil Manzano
La Liga,2022-2023,2023-02-19,18:30,Atlético Madrid,1–0,Athletic Club,61617.0,Estadio Cívitas Metropolitano,Juan Martinez Munuera
La Liga,2022-2023,2023-02-19,21:00,Barcelona,2–0,Cádiz,72010.0,Camp Nou,Pablo Gonzalez
La Liga,2022-2023,2023-02-20,21:00,Getafe,1–0,Valencia,10112.0,Coliseum Alfonso Pérez,Mario Melero López
La Liga,2022-2023,2023-02-24,21:00,Elche,2–3,Real Betis,20643.0,Estadio Manuel Martínez Valero,Ignacio Iglesias Villanueva
La Liga,2022-2023,2023-02-25,14:00,Espanyol,2–1,Mallorca,21403.0,RCDE Stadium,Jason Hsu
La Liga,2022-2023,2023-02-25,16:15,Cádiz,1–0,Rayo Vallecano,16703.0,Estadio Nuevo Mirandilla,Alejandro Muñiz Ruiz
La Liga,2022-2023,2023-02-25,18:30,Real Madrid,1–1,Atlético Madrid,64721.0,Estadio Santiago Bernabéu,Jesus Gil Manzano
La Liga,2022-2023,2023-02-25,21:00,Valencia,1–0,Real Sociedad,37465.0,Estadio de Mestalla,Alejandro Hernandez
La Liga,2022-2023,2023-02-26,14:00,Athletic Club,2–3,Girona,42816.0,San Mamés,Isidro Diaz de Mera Escuderos
La Liga,2022-2023,2023-02-26,16:15,Celta Vigo,3–0,Valladolid,14755.0,Estadio de Balaídos,Ricardo De Burgos Bengoetxea
La Liga,2022-2023,2023-02-26,18:30,Almería,1–0,Barcelona,15279.0,Power Horse Stadium,Miguel Angel Ortiz Arias
La Liga,2022-2023,2023-02-26,21:00,Sevilla,2–3,Osasuna,34538.0,Estadio Ramón Sánchez Pizjuán,Juan Pulido
La Liga,2022-2023,2023-02-27,21:00,Villarreal,2–1,Getafe,13090.0,Estadio de la Cerámica,Jorge Figueroa
La Liga,2022-2023,2023-03-03,21:00,Real Sociedad,0–0,Cádiz,28733.0,Reale Arena,Antonio Miguel Mateu Lahoz
La Liga,2022-2023,2023-03-04,14:00,Getafe,3–2,Girona,9802.0,Coliseum Alfonso Pérez,Juan Martinez Munuera
La Liga,2022-2023,2023-03-04,16:15,Almería,0–2,Villarreal,13311.0,Power Horse Stadium,Pablo Gonzalez
La Liga,2022-2023,2023-03-04,18:30,Mallorca,0–1,Elche,14065.0,Iberostar Estadi,José Luis Munuera Montero
La Liga,2022-2023,2023-03-04,21:00,Atlético Madrid,6–1,Sevilla,57737.0,Estadio Cívitas Metropolitano,Guillermo Cuadra Fernandez
La Liga,2022-2023,2023-03-05,14:00,Valladolid,2–1,Espanyol,19212.0,Estadio Municipal José Zorrilla,Valentin Pizarro
La Liga,2022-2023,2023-03-05,16:15,Barcelona,1–0,Valencia,89644.0,Camp Nou,Jason Hsu
La Liga,2022-2023,2023-03-05,18:30,Rayo Vallecano,0–0,Athletic Club,12979.0,Estadio del Rayo Vallecano,Mario Melero López
La Liga,2022-2023,2023-03-05,21:00,Real Betis,0–0,Real Madrid,52212.0,Estadio Benito Villamarín,César Soto Grado
La Liga,2022-2023,2023-03-06,21:00,Osasuna,0–0,Celta Vigo,17684.0,Estadio El Sadar,José María Sánchez Martínez
La Liga,2022-2023,2023-03-10,21:00,Cádiz,2–2,Getafe,18414.0,Estadio Nuevo Mirandilla,Alejandro Hernandez
La Liga,2022-2023,2023-03-11,14:00,Real Madrid,3–1,Espanyol,59872.0,Estadio Santiago Bernabéu,Jorge Figueroa
La Liga,2022-2023,2023-03-11,16:15,Elche,1–1,Valladolid,18972.0,Estadio Manuel Martínez Valero,Isidro Diaz de Mera Escuderos
La Liga,2022-2023,2023-03-11,18:30,Celta Vigo,3–0,Rayo Vallecano,14451.0,Estadio de Balaídos,Juan Pulido
La Liga,2022-2023,2023-03-11,21:00,Valencia,1–0,Osasuna,37762.0,Estadio de Mestalla,Ignacio Iglesias Villanueva
La Liga,2022-2023,2023-03-12,14:00,Mallorca,1–1,Real Sociedad,13840.0,Iberostar Estadi,Juan Martinez Munuera
La Liga,2022-2023,2023-03-12,16:15,Sevilla,2–1,Almería,37848.0,Estadio Ramón Sánchez Pizjuán,Ricardo De Burgos Bengoetxea
La Liga,2022-2023,2023-03-12,18:30,Villarreal,1–1,Real Betis,19174.0,Estadio de la Cerámica,Miguel Angel Ortiz Arias
La Liga,2022-2023,2023-03-12,21:00,Athletic Club,0–1,Barcelona,49741.0,San Mamés,Jesus Gil Manzano
La Liga,2022-2023,2023-03-13,21:00,Girona,0–1,Atlético Madrid,12499.0,Estadi Municipal de Montilivi,Mario Melero López
La Liga,2022-2023,2023-03-17,21:00,Valladolid,1–3,Athletic Club,21707.0,Estadio Municipal José Zorrilla,Jason Hsu
La Liga,2022-2023,2023-03-18,14:00,Almería,1–1,Cádiz,12183.0,Power Horse Stadium,Carlos del Cerro Grande
La Liga,2022-2023,2023-03-18,16:15,Rayo Vallecano,2–2,Girona,12263.0,Estadio del Rayo Vallecano,Pablo Gonzalez
La Liga,2022-2023,2023-03-18,18:30,Espanyol,1–3,Celta Vigo,26231.0,RCDE Stadium,Guillermo Cuadra Fernandez
La Liga,2022-2023,2023-03-18,21:00,Atlético Madrid,3–0,Valencia,58317.0,Estadio Cívitas Metropolitano,José Luis Munuera Montero
La Liga,2022-2023,2023-03-19,14:00,Real Betis,1–0,Mallorca,50402.0,Estadio Benito Villamarín,Valentin Pizarro
La Liga,2022-2023,2023-03-19,16:15,Osasuna,0–3,Villarreal,20128.0,Estadio El Sadar,Alejandro Muñiz Ruiz
La Liga,2022-2023,2023-03-19,16:15,Real Sociedad,2–0,Elche,28496.0,Reale Arena,José María Sánchez Martínez
La Liga,2022-2023,2023-03-19,18:30,Getafe,2–0,Sevilla,12253.0,Coliseum Alfonso Pérez,Antonio Miguel Mateu Lahoz
La Liga,2022-2023,2023-03-19,21:00,Barcelona,2–1,Real Madrid,95745.0,Camp Nou,Ricardo De Burgos Bengoetxea
La Liga,2022-2023,2023-03-31,21:00,Mallorca,0–0,Osasuna,14132.0,Iberostar Estadi,Isidro Diaz de Mera Escuderos
La Liga,2022-2023,2023-04-01,14:00,Girona,2–1,Espanyol,12841.0,Estadi Municipal de Montilivi,Miguel Angel Ortiz Arias
La Liga,2022-2023,2023-04-01,16:15,Athletic Club,0–0,Getafe,43782.0,San Mamés,Ignacio Iglesias Villanueva
La Liga,2022-2023,2023-04-01,18:30,Cádiz,0–2,Sevilla,19181.0,Estadio Nuevo Mirandilla,César Soto Grado
La Liga,2022-2023,2023-04-01,21:00,Elche,0–4,Barcelona,28142.0,Estadio Manuel Martínez Valero,Carlos del Cerro Grande
La Liga,2022-2023,2023-04-02,14:00,Celta Vigo,2–2,Almería,14011.0,Estadio de Balaídos,Alejandro Hernandez
La Liga,2022-2023,2023-04-02,16:15,Real Madrid,6–0,Valladolid,59400.0,Estadio Santiago Bernabéu,Juan Pulido
La Liga,2022-2023,2023-04-02,18:30,Villarreal,2–0,Real Sociedad,18768.0,Estadio de la Cerámica,Jesus Gil Manzano
La Liga,2022-2023,2023-04-02,21:00,Atlético Madrid,1–0,Real Betis,61623.0,Estadio Cívitas Metropolitano,Juan Martinez Munuera
La Liga,2022-2023,2023-04-03,21:00,Valencia,1–1,Rayo Vallecano,39769.0,Estadio de Mestalla,Jorge Figueroa
La Liga,2022-2023,2023-04-07,21:00,Sevilla,2–2,Celta Vigo,30778.0,Estadio Ramón Sánchez Pizjuán,Valentin Pizarro
La Liga,2022-2023,2023-04-08,14:00,Osasuna,2–1,Elche,16925.0,Estadio El Sadar,Pablo Gonzalez
La Liga,2022-2023,2023-04-08,16:15,Espanyol,1–2,Athletic Club,24903.0,RCDE Stadium,José Luis Munuera Montero
La Liga,2022-2023,2023-04-08,18:30,Real Sociedad,2–0,Getafe,27606.0,Reale Arena,Mario Melero López
La Liga,2022-2023,2023-04-08,21:00,Real Madrid,2–3,Villarreal,57887.0,Estadio Santiago Bernabéu,Jason Hsu
La Liga,2022-2023,2023-04-09,14:00,Valladolid,3–3,Mallorca,18010.0,Estadio Municipal José Zorrilla,Alejandro Muñiz Ruiz
La Liga,2022-2023,2023-04-09,16:15,Real Betis,0–2,Cádiz,51555.0,Estadio Benito Villamarín,Guillermo Cuadra Fernandez
La Liga,2022-2023,2023-04-09,18:30,Almería,2–1,Valencia,14309.0,Power Horse Stadium,José María Sánchez Martínez
La Liga,2022-2023,2023-04-09,21:00,Rayo Vallecano,1–2,Atlético Madrid,13512.0,Estadio del Rayo Vallecano,Ricardo De Burgos Bengoetxea
La Liga,2022-2023,2023-04-10,21:00,Barcelona,0–0,Girona,78425.0,Camp Nou,Antonio Miguel Mateu Lahoz
La Liga,2022-2023,2023-04-14,21:00,Rayo Vallecano,2–1,Osasuna,12726.0,Estadio del Rayo Vallecano,José Luis Munuera Montero
La Liga,2022-2023,2023-04-15,14:00,Villarreal,1–2,Valladolid,14876.0,Estadio de la Cerámica,Ignacio Iglesias Villanueva
La Liga,2022-2023,2023-04-15,16:15,Athletic Club,2–0,Real Sociedad,49287.0,San Mamés,César Soto Grado
La Liga,2022-2023,2023-04-15,18:30,Real Betis,3–1,Espanyol,45313.0,Estadio Benito Villamarín,Alejandro Hernandez
La Liga,2022-2023,2023-04-15,21:00,Cádiz,0–2,Real Madrid,19833.0,Estadio Nuevo Mirandilla,Jesus Gil Manzano
La Liga,2022-2023,2023-04-16,14:00,Girona,2–0,Elche,11114.0,Estadi Municipal de Montilivi,Jorge Figueroa
La Liga,2022-2023,2023-04-16,16:15,Getafe,0–0,Barcelona,14854.0,Coliseum Alfonso Pérez,Juan Pulido
La Liga,2022-2023,2023-04-16,18:30,Atlético Madrid,2–1,Almería,59204.0,Estadio Cívitas Metropolitano,Isidro Diaz de Mera Escuderos
La Liga,2022-2023,2023-04-16,21:00,Valencia,0–2,Sevilla,39654.0,Estadio de Mestalla,Carlos del Cerro Grande
La Liga,2022-2023,2023-04-17,21:00,Celta Vigo,0–1,Mallorca,13557.0,Estadio de Balaídos,Miguel Angel Ortiz Arias
La Liga,2022-2023,2023-04-21,21:00,Espanyol,0–0,Cádiz,28512.0,RCDE Stadium,Juan Martinez Munuera
La Liga,2022-2023,2023-04-22,14:00,Osasuna,3–2,Real Betis,19723.0,Estadio El Sadar,Jason Hsu
La Liga,2022-2023,2023-04-22,16:15,Almería,1–2,Athletic Club,13271.0,Power Horse Stadium,Valentin Pizarro
La Liga,2022-2023,2023-04-22,18:30,Valladolid,1–0,Girona,21033.0,Estadio Municipal José Zorrilla,Mario Melero López
La Liga,2022-2023,2023-04-22,18:30,Real Sociedad,2–1,Rayo Vallecano,32054.0,Reale Arena,Alejandro Muñiz Ruiz
La Liga,2022-2023,2023-04-22,21:00,Real Madrid,2–0,Celta Vigo,60386.0,Estadio Santiago Bernabéu,Antonio Miguel Mateu Lahoz
La Liga,2022-2023,2023-04-23,14:00,Elche,0–2,Valencia,22129.0,Estadio Manuel Martínez Valero,Guillermo Cuadra Fernandez
La Liga,2022-2023,2023-04-23,16:15,Barcelona,1–0,Atlético Madrid,80965.0,Camp Nou,José María Sánchez Martínez
La Liga,2022-2023,2023-04-23,18:30,Mallorca,3–1,Getafe,15687.0,Iberostar Estadi,Pablo Gonzalez
La Liga,2022-2023,2023-04-23,21:00,Sevilla,2–1,Villarreal,29635.0,Estadio Ramón Sánchez Pizjuán,Ricardo De Burgos Bengoetxea
La Liga,2022-2023,2023-04-25,19:30,Cádiz,0–1,Osasuna,18008.0,Estadio Nuevo Mirandilla,Carlos del Cerro Grande
La Liga,2022-2023,2023-04-25,19:30,Girona,4–2,Real Madrid,13306.0,Estadi Municipal de Montilivi,Ignacio Iglesias Villanueva
La Liga,2022-2023,2023-04-25,22:00,Real Betis,0–0,Real Sociedad,42294.0,Estadio Benito Villamarín,Juan Martinez Munuera
La Liga,2022-2023,2023-04-26,19:30,Atlético Madrid,3–1,Mallorca,58523.0,Estadio Cívitas Metropolitano,Juan Pulido
La Liga,2022-2023,2023-04-26,19:30,Getafe,1–2,Almería,10260.0,Coliseum Alfonso Pérez,Jason Hsu
La Liga,2022-2023,2023-04-26,22:00,Rayo Vallecano,2–1,Barcelona,13657.0,Estadio del Rayo Vallecano,Jesus Gil Manzano
La Liga,2022-2023,2023-04-26,22:00,Celta Vigo,1–0,Elche,11649.0,Estadio de Balaídos,Isidro Diaz de Mera Escuderos
La Liga,2022-2023,2023-04-27,19:30,Villarreal,4–2,Espanyol,16134.0,Estadio de la Cerámica,César Soto Grado
La Liga,2022-2023,2023-04-27,19:30,Valencia,2–1,Valladolid,42023.0,Estadio de Mestalla,José Luis Munuera Montero
La Liga,2022-2023,2023-04-27,22:00,Athletic Club,0–1,Sevilla,42716.0,San Mamés,Alejandro Hernandez
La Liga,2022-2023,2023-04-28,21:00,Osasuna,0–2,Real Sociedad,21570.0,Estadio El Sadar,Valentin Pizarro
La Liga,2022-2023,2023-04-29,16:15,Elche,4–0,Rayo Vallecano,11259.0,Estadio Manuel Martínez Valero,Mario Melero López
La Liga,2022-2023,2023-04-29,18:30,Real Madrid,4–2,Almería,58036.0,Estadio Santiago Bernabéu,Guillermo Cuadra Fernandez
La Liga,2022-2023,2023-04-29,21:00,Barcelona,4–0,Real Betis,88530.0,Camp Nou,Carlos del Cerro Grande
La Liga,2022-2023,2023-04-30,14:00,Cádiz,2–1,Valencia,18650.0,Estadio Nuevo Mirandilla,Ricardo De Burgos Bengoetxea
La Liga,2022-2023,2023-04-30,16:15,Villarreal,3–1,Celta Vigo,16123.0,Estadio de la Cerámica,Pablo Gonzalez
La Liga,2022-2023,2023-04-30,18:30,Espanyol,1–0,Getafe,26953.0,RCDE Stadium,José María Sánchez Martínez
La Liga,2022-2023,2023-04-30,21:00,Valladolid,2–5,Atlético Madrid,23321.0,Estadio Municipal José Zorrilla,Antonio Miguel Mateu Lahoz
La Liga,2022-2023,2023-05-01,19:00,Mallorca,1–1,Athletic Club,16807.0,Iberostar Estadi,Jorge Figueroa
La Liga,2022-2023,2023-05-01,21:00,Sevilla,0–2,Girona,35560.0,Estadio Ramón Sánchez Pizjuán,Alejandro Muñiz Ruiz
La Liga,2022-2023,2023-05-02,19:30,Barcelona,1–0,Osasuna,76061.0,Camp Nou,Ignacio Iglesias Villanueva
La Liga,2022-2023,2023-05-02,19:30,Almería,2–1,Elche,13352.0,Power Horse Stadium,Alejandro Hernandez
La Liga,2022-2023,2023-05-02,22:00,Real Sociedad,2–0,Real Madrid,35314.0,Reale Arena,Juan Pulido
La Liga,2022-2023,2023-05-03,19:30,Valencia,1–1,Villarreal,43634.0,Estadio de Mestalla,Jesus Gil Manzano
La Liga,2022-2023,2023-05-03,22:00,Getafe,1–0,Celta Vigo,11022.0,Coliseum Alfonso Pérez,Guillermo Cuadra Fernandez
La Liga,2022-2023,2023-05-03,22:00,Atlético Madrid,5–1,Cádiz,42023.0,Estadio Cívitas Metropolitano,César Soto Grado
La Liga,2022-2023,2023-05-04,19:30,Sevilla,3–2,Espanyol,35391.0,Estadio Ramón Sánchez Pizjuán,Jason Hsu
La Liga,2022-2023,2023-05-04,19:30,Girona,2–1,Mallorca,11767.0,Estadi Municipal de Montilivi,Juan Martinez Munuera
La Liga,2022-2023,2023-05-04,22:00,Rayo Vallecano,2–1,Valladolid,11171.0,Estadio del Rayo Vallecano,Isidro Diaz de Mera Escuderos
La Liga,2022-2023,2023-05-04,22:00,Athletic Club,0–1,Real Betis,43116.0,San Mamés,Miguel Angel Ortiz Arias
La Liga,2022-2023,2023-05-12,21:00,Mallorca,1–0,Cádiz,15377.0,Iberostar Estadi,José María Sánchez Martínez
La Liga,2022-2023,2023-05-13,14:00,Real Sociedad,2–2,Girona,30027.0,Reale Arena,Jorge Figueroa
La Liga,2022-2023,2023-05-13,16:15,Osasuna,3–1,Almería,19747.0,Estadio El Sadar,Antonio Miguel Mateu Lahoz
La Liga,2022-2023,2023-05-13,18:30,Villarreal,5–1,Athletic Club,16871.0,Estadio de la Cerámica,Carlos del Cerro Grande
La Liga,2022-2023,2023-05-13,21:00,Real Madrid,1–0,Getafe,52201.0,Estadio Santiago Bernabéu,Juan Martinez Munuera
La Liga,2022-2023,2023-05-14,14:00,Celta Vigo,1–2,Valencia,14517.0,Estadio de Balaídos,César Soto Grado
La Liga,2022-2023,2023-05-14,16:15,Elche,1–0,Atlético Madrid,22174.0,Estadio Manuel Martínez Valero,Alejandro Muñiz Ruiz
La Liga,2022-2023,2023-05-14,18:30,Valladolid,0–3,Sevilla,21580.0,Estadio Municipal José Zorrilla,Miguel Angel Ortiz Arias
La Liga,2022-2023,2023-05-14,21:00,Espanyol,2–4,Barcelona,27360.0,RCDE Stadium,Ricardo De Burgos Bengoetxea
La Liga,2022-2023,2023-05-15,21:00,Real Betis,3–1,Rayo Vallecano,48143.0,Estadio Benito Villamarín,Juan Pulido
La Liga,2022-2023,2023-05-19,21:00,Cádiz,2–0,Valladolid,18938.0,Estadio Nuevo Mirandilla,Juan Martinez Munuera
La Liga,2022-2023,2023-05-20,14:00,Girona,1–2,Villarreal,11649.0,Estadi Municipal de Montilivi,Valentin Pizarro
La Liga,2022-2023,2023-05-20,16:15,Athletic Club,2–1,Celta Vigo,40759.0,San Mamés,Mario Melero López
La Liga,2022-2023,2023-05-20,18:30,Almería,3–0,Mallorca,12791.0,Power Horse Stadium,Carlos del Cerro Grande
La Liga,2022-2023,2023-05-20,18:30,Getafe,1–1,Elche,13927.0,Coliseum Alfonso Pérez,Ignacio Iglesias Villanueva
La Liga,2022-2023,2023-05-20,21:00,Barcelona,1–2,Real Sociedad,88049.0,Camp Nou,Jason Hsu
La Liga,2022-2023,2023-05-21,14:00,Rayo Vallecano,1–2,Espanyol,12142.0,Estadio del Rayo Vallecano,Alejandro Hernandez
La Liga,2022-2023,2023-05-21,16:15,Atlético Madrid,3–0,Osasuna,57012.0,Estadio Cívitas Metropolitano,Pablo Gonzalez
La Liga,2022-2023,2023-05-21,18:30,Valencia,1–0,Real Madrid,46002.0,Estadio de Mestalla,Ricardo De Burgos Bengoetxea
La Liga,2022-2023,2023-05-21,21:00,Sevilla,0–0,Real Betis,41392.0,Estadio Ramón Sánchez Pizjuán,Jesus Gil Manzano
La Liga,2022-2023,2023-05-23,19:30,Celta Vigo,1–1,Girona,14117.0,Estadio de Balaídos,Antonio Miguel Mateu Lahoz
La Liga,2022-2023,2023-05-23,19:30,Real Sociedad,1–0,Almería,31574.0,Reale Arena,Pablo Gonzalez
La Liga,2022-2023,2023-05-23,22:00,Valladolid,3–1,Barcelona,22341.0,Estadio Municipal José Zorrilla,César Soto Grado
La Liga,2022-2023,2023-05-24,19:30,Villarreal,2–0,Cádiz,15099.0,Estadio de la Cerámica,Juan Pulido
La Liga,2022-2023,2023-05-24,19:30,Elche,1–1,Sevilla,13263.0,Estadio Manuel Martínez Valero,Isidro Diaz de Mera Escuderos
La Liga,2022-2023,2023-05-24,19:30,Real Madrid,2–1,Rayo Vallecano,45811.0,Estadio Santiago Bernabéu,Jesus Gil Manzano
La Liga,2022-2023,2023-05-24,22:00,Espanyol,3–3,Atlético Madrid,25822.0,RCDE Stadium,Mario Melero López
La Liga,2022-2023,2023-05-24,22:00,Real Betis,0–1,Getafe,40289.0,Estadio Benito Villamarín,Ricardo De Burgos Bengoetxea
La Liga,2022-2023,2023-05-25,19:30,Mallorca,1–0,Valencia,14631.0,Iberostar Estadi,Alejandro Hernandez
La Liga,2022-2023,2023-05-25,21:30,Osasuna,2–0,Athletic Club,19830.0,Estadio El Sadar,Alejandro Muñiz Ruiz
La Liga,2022-2023,2023-05-27,19:00,Sevilla,1–2,Real Madrid,29856.0,Estadio Ramón Sánchez Pizjuán,César Soto Grado
La Liga,2022-2023,2023-05-28,19:00,Girona,1–2,Real Betis,12833.0,Estadi Municipal de Montilivi,Isidro Diaz de Mera Escuderos
La Liga,2022-2023,2023-05-28,19:00,Almería,0–0,Valladolid,14608.0,Power Horse Stadium,Jason Hsu
La Liga,2022-2023,2023-05-28,19:00,Barcelona,3–0,Mallorca,88775.0,Camp Nou,Jorge Figueroa
La Liga,2022-2023,2023-05-28,19:00,Atlético Madrid,2–1,Real Sociedad,56169.0,Estadio Cívitas Metropolitano,Juan Pulido
La Liga,2022-2023,2023-05-28,19:00,Rayo Vallecano,2–1,Villarreal,11085.0,Estadio del Rayo Vallecano,Ignacio Iglesias Villanueva
La Liga,2022-2023,2023-05-28,19:00,Getafe,2–1,Osasuna,13510.0,Coliseum Alfonso Pérez,Antonio Miguel Mateu Lahoz
La Liga,2022-2023,2023-05-28,19:00,Athletic Club,0–1,Elche,37807.0,San Mamés,Valentin Pizarro
La Liga,2022-2023,2023-05-28,19:00,Cádiz,1–0,Celta Vigo,19725.0,Estadio Nuevo Mirandilla,Ricardo De Burgos Bengoetxea
La Liga,2022-2023,2023-05-28,19:00,Valencia,2–2,Espanyol,44141.0,Estadio de Mestalla,Jesus Gil Manzano
La Liga,2022-2023,2023-06-04,18:30,Osasuna,2–1,Girona,22128.0,Estadio El Sadar,Miguel Angel Ortiz Arias
La Liga,2022-2023,2023-06-04,18:30,Villarreal,2–2,Atlético Madrid,18226.0,Estadio de la Cerámica,Ricardo De Burgos Bengoetxea
La Liga,2022-2023,2023-06-04,18:30,Real Madrid,1–1,Athletic Club,60781.0,Estadio Santiago Bernabéu,Isidro Diaz de Mera Escuderos
La Liga,2022-2023,2023-06-04,18:30,Real Sociedad,2–1,Sevilla,35065.0,Reale Arena,Carlos del Cerro Grande
La Liga,2022-2023,2023-06-04,18:30,Mallorca,3–0,Rayo Vallecano,14521.0,Iberostar Estadi,Antonio Miguel Mateu Lahoz
La Liga,2022-2023,2023-06-04,21:00,Valladolid,0–0,Getafe,25517.0,Estadio Municipal José Zorrilla,José Luis Munuera Montero
La Liga,2022-2023,2023-06-04,21:00,Elche,1–1,Cádiz,16585.0,Estadio Manuel Martínez Valero,Jesus Gil Manzano
La Liga,2022-2023,2023-06-04,21:00,Real Betis,1–1,Valencia,54087.0,Estadio Benito Villamarín,Jason Hsu
La Liga,2022-2023,2023-06-04,21:00,Espanyol,3–3,Almería,14213.0,RCDE Stadium,César Soto Grado
La Liga,2022-2023,2023-06-04,21:00,Celta Vigo,2–1,Barcelona,23365.0,Estadio de Balaídos,Juan Pulido
La Liga,2021-2022,2021-08-13,21:00,Valencia,1–0,Getafe,9868.0,Estadio de Mestalla,Jesus Gil Manzano
La Liga,2021-2022,2021-08-14,19:30,Cádiz,1–1,Levante,6941.0,Estadio Nuevo Mirandilla,Santiago Jaime Latre
La Liga,2021-2022,2021-08-14,19:30,Mallorca,1–1,Real Betis,6279.0,Iberostar Estadi,Antonio Miguel Mateu Lahoz
La Liga,2021-2022,2021-08-14,22:00,Alavés,1–4,Real Madrid,3968.0,Estadio de Mendizorroza,César Soto Grado
La Liga,2021-2022,2021-08-14,22:00,Osasuna,0–0,Espanyol,6715.0,Estadio El Sadar,Miguel Angel Ortiz Arias
La Liga,2021-2022,2021-08-15,17:30,Celta Vigo,1–2,Atlético Madrid,5401.0,Estadio de Balaídos,José Luis Munuera Montero
La Liga,2021-2022,2021-08-15,20:00,Barcelona,4–2,Real Sociedad,20384.0,Camp Nou,Alejandro Hernandez
La Liga,2021-2022,2021-08-15,22:15,Sevilla,3–0,Rayo Vallecano,13962.0,Estadio Ramón Sánchez Pizjuán,Isidro Diaz de Mera Escuderos
La Liga,2021-2022,2021-08-16,20:00,Villarreal,0–0,Granada,7837.0,Estadio de la Cerámica,Pablo Gonzalez
La Liga,2021-2022,2021-08-16,22:00,Elche,0–0,Athletic Club,9145.0,Estadio Manuel Martínez Valero,Adrian Cordero Vega
La Liga,2021-2022,2021-08-20,21:00,Real Betis,1–1,Cádiz,23745.0,Estadio Benito Villamarín,Valentin Pizarro
La Liga,2021-2022,2021-08-21,17:00,Alavés,0–1,Mallorca,2896.0,Estadio de Mendizorroza,Alejandro Muñiz Ruiz
La Liga,2021-2022,2021-08-21,19:30,Espanyol,0–0,Villarreal,11095.0,RCDE Stadium,Jorge Figueroa
La Liga,2021-2022,2021-08-21,19:30,Granada,1–1,Valencia,6267.0,Estadio Nuevo Los Cármenes,Carlos del Cerro Grande
La Liga,2021-2022,2021-08-21,22:00,Athletic Club,1–1,Barcelona,9394.0,San Mamés,Juan Martinez Munuera
La Liga,2021-2022,2021-08-22,17:00,Real Sociedad,1–0,Rayo Vallecano,7652.0,Estadio Municipal de Anoeta,Santiago Jaime Latre
La Liga,2021-2022,2021-08-22,19:30,Atlético Madrid,1–0,Elche,24926.0,Estadio Wanda Metropolitano,Ricardo De Burgos Bengoetxea
La Liga,2021-2022,2021-08-22,22:00,Levante,3–3,Real Madrid,9838.0,Estadio Ciudad de Valencia,Guillermo Cuadra Fernandez
La Liga,2021-2022,2021-08-23,20:00,Getafe,0–1,Sevilla,4810.0,Coliseum Alfonso Pérez,José María Sánchez Martínez
La Liga,2021-2022,2021-08-23,22:00,Osasuna,0–0,Celta Vigo,7189.0,Estadio El Sadar,Jason Hsu
La Liga,2021-2022,2021-08-27,20:00,Mallorca,1–0,Espanyol,7529.0,Iberostar Estadi,Isidro Diaz de Mera Escuderos
La Liga,2021-2022,2021-08-27,22:15,Valencia,3–0,Alavés,10627.0,Estadio de Mestalla,Miguel Angel Ortiz Arias
La Liga,2021-2022,2021-08-28,17:00,Celta Vigo,0–1,Athletic Club,5492.0,Estadio de Balaídos,Antonio Miguel Mateu Lahoz
La Liga,2021-2022,2021-08-28,19:30,Real Sociedad,1–0,Levante,7758.0,Estadio Municipal de Anoeta,José Luis Munuera Montero
La Liga,2021-2022,2021-08-28,19:30,Elche,1–1,Sevilla,10385.0,Estadio Manuel Martínez Valero,Valentin Pizarro
La Liga,2021-2022,2021-08-28,22:00,Real Betis,0–1,Real Madrid,22590.0,Estadio Benito Villamarín,Alejandro Hernandez
La Liga,2021-2022,2021-08-29,17:00,Barcelona,2–1,Getafe,26543.0,Camp Nou,Pablo Gonzalez
La Liga,2021-2022,2021-08-29,19:30,Rayo Vallecano,4–0,Granada,583.0,Estadio del Rayo Vallecano,Jesus Gil Manzano
La Liga,2021-2022,2021-08-29,19:30,Cádiz,2–3,Osasuna,7452.0,Estadio Nuevo Mirandilla,Adrian Cordero Vega
La Liga,2021-2022,2021-08-29,22:00,Atlético Madrid,2–2,Villarreal,26840.0,Estadio Wanda Metropolitano,César Soto Grado
La Liga,2021-2022,2021-09-11,18:30,Levante,1–1,Rayo Vallecano,12974.0,Estadio Ciudad de Valencia,Jason Hsu
La Liga,2021-2022,2021-09-11,21:00,Athletic Club,2–0,Mallorca,14566.0,San Mamés,Jorge Figueroa
La Liga,2021-2022,2021-09-12,14:00,Espanyol,1–2,Atlético Madrid,15321.0,RCDE Stadium,Juan Martinez Munuera
La Liga,2021-2022,2021-09-12,16:15,Osasuna,1–4,Valencia,13940.0,Estadio El Sadar,Ricardo De Burgos Bengoetxea
La Liga,2021-2022,2021-09-12,18:30,Cádiz,0–2,Real Sociedad,11826.0,Estadio Nuevo Mirandilla,Alejandro Muñiz Ruiz
La Liga,2021-2022,2021-09-12,21:00,Real Madrid,5–2,Celta Vigo,19874.0,Estadio Santiago Bernabéu,José María Sánchez Martínez
La Liga,2021-2022,2021-09-13,20:00,Getafe,0–1,Elche,6853.0,Coliseum Alfonso Pérez,Mario Melero López
La Liga,2021-2022,2021-09-13,22:00,Granada,1–2,Real Betis,10201.0,Estadio Nuevo Los Cármenes,Guillermo Cuadra Fernandez
La Liga,2021-2022,2021-09-17,21:00,Celta Vigo,1–2,Cádiz,6754.0,Estadio de Balaídos,Isidro Diaz de Mera Escuderos
La Liga,2021-2022,2021-09-18,14:00,Rayo Vallecano,3–0,Getafe,3280.0,Estadio del Rayo Vallecano,Adrian Cordero Vega
La Liga,2021-2022,2021-09-18,16:15,Atlético Madrid,0–0,Athletic Club,38798.0,Estadio Wanda Metropolitano,Jesus Gil Manzano
La Liga,2021-2022,2021-09-18,18:30,Elche,1–1,Levante,11507.0,Estadio Manuel Martínez Valero,Miguel Angel Ortiz Arias
La Liga,2021-2022,2021-09-18,21:00,Alavés,0–2,Osasuna,8176.0,Estadio de Mendizorroza,Alejandro Hernandez
La Liga,2021-2022,2021-09-19,14:00,Mallorca,0–0,Villarreal,9168.0,Iberostar Estadi,Carlos del Cerro Grande
La Liga,2021-2022,2021-09-19,16:15,Real Sociedad,0–0,Sevilla,23757.0,Estadio Municipal de Anoeta,Antonio Miguel Mateu Lahoz
La Liga,2021-2022,2021-09-19,18:30,Real Betis,2–2,Espanyol,30189.0,Estadio Benito Villamarín,César Soto Grado
La Liga,2021-2022,2021-09-19,21:00,Valencia,1–2,Real Madrid,26689.0,Estadio de Mestalla,Pablo Gonzalez
La Liga,2021-2022,2021-09-20,21:00,Barcelona,1–1,Granada,27097.0,Camp Nou,Santiago Jaime Latre
La Liga,2021-2022,2021-09-21,19:30,Getafe,1–2,Atlético Madrid,8950.0,Coliseum Alfonso Pérez,Guillermo Cuadra Fernandez
La Liga,2021-2022,2021-09-21,22:00,Levante,0–2,Celta Vigo,11989.0,Estadio Ciudad de Valencia,Jorge Figueroa
La Liga,2021-2022,2021-09-21,22:00,Athletic Club,1–2,Rayo Vallecano,16236.0,San Mamés,José Luis Munuera Montero
La Liga,2021-2022,2021-09-22,19:30,Sevilla,3–1,Valencia,23654.0,Estadio Ramón Sánchez Pizjuán,José María Sánchez Martínez
La Liga,2021-2022,2021-09-22,19:30,Espanyol,1–0,Alavés,14254.0,RCDE Stadium,Mario Melero López
La Liga,2021-2022,2021-09-22,22:00,Villarreal,4–1,Elche,8234.0,Estadio de la Cerámica,Alejandro Muñiz Ruiz
La Liga,2021-2022,2021-09-22,22:00,Real Madrid,6–1,Mallorca,20113.0,Estadio Santiago Bernabéu,Jason Hsu
La Liga,2021-2022,2021-09-23,19:30,Osasuna,1–3,Real Betis,13758.0,Estadio El Sadar,Juan Martinez Munuera
La Liga,2021-2022,2021-09-23,19:30,Granada,2–3,Real Sociedad,9552.0,Estadio Nuevo Los Cármenes,Valentin Pizarro
La Liga,2021-2022,2021-09-23,22:00,Cádiz,0–0,Barcelona,12180.0,Estadio Nuevo Mirandilla,Carlos del Cerro Grande
La Liga,2021-2022,2021-09-25,14:00,Alavés,1–0,Atlético Madrid,9836.0,Estadio de Mendizorroza,Antonio Miguel Mateu Lahoz
La Liga,2021-2022,2021-09-25,16:15,Valencia,1–1,Athletic Club,13680.0,Estadio de Mestalla,Alejandro Hernandez
La Liga,2021-2022,2021-09-25,18:30,Sevilla,2–0,Espanyol,23956.0,Estadio Ramón Sánchez Pizjuán,Pablo Gonzalez
La Liga,2021-2022,2021-09-25,21:00,Real Madrid,0–0,Villarreal,23985.0,Estadio Santiago Bernabéu,Jesus Gil Manzano
La Liga,2021-2022,2021-09-26,14:00,Mallorca,2–3,Osasuna,9359.0,Iberostar Estadi,Miguel Angel Ortiz Arias
La Liga,2021-2022,2021-09-26,16:15,Barcelona,3–0,Levante,35334.0,Camp Nou,Isidro Diaz de Mera Escuderos
La Liga,2021-2022,2021-09-26,18:30,Rayo Vallecano,3–1,Cádiz,5903.0,Estadio del Rayo Vallecano,Ricardo De Burgos Bengoetxea
La Liga,2021-2022,2021-09-26,18:30,Real Sociedad,1–0,Elche,23941.0,Estadio Municipal de Anoeta,Adrian Cordero Vega
La Liga,2021-2022,2021-09-26,21:00,Real Betis,2–0,Getafe,29825.0,Estadio Benito Villamarín,Santiago Jaime Latre
La Liga,2021-2022,2021-09-27,21:00,Celta Vigo,1–0,Granada,6375.0,Estadio de Balaídos,César Soto Grado
La Liga,2021-2022,2021-10-01,21:00,Athletic Club,1–0,Alavés,28665.0,San Mamés,Carlos del Cerro Grande
La Liga,2021-2022,2021-10-02,14:00,Osasuna,1–0,Rayo Vallecano,19238.0,Estadio El Sadar,Mario Melero López
La Liga,2021-2022,2021-10-02,16:15,Mallorca,1–0,Levante,11803.0,Iberostar Estadi,Alejandro Muñiz Ruiz
La Liga,2021-2022,2021-10-02,18:30,Cádiz,0–0,Valencia,14794.0,Estadio Nuevo Mirandilla,Valentin Pizarro
La Liga,2021-2022,2021-10-02,21:00,Atlético Madrid,2–0,Barcelona,60594.0,Estadio Wanda Metropolitano,César Soto Grado
La Liga,2021-2022,2021-10-03,14:00,Elche,1–0,Celta Vigo,11299.0,Estadio Manuel Martínez Valero,José Luis Munuera Montero
La Liga,2021-2022,2021-10-03,16:15,Espanyol,2–1,Real Madrid,23377.0,RCDE Stadium,Guillermo Cuadra Fernandez
La Liga,2021-2022,2021-10-03,18:30,Villarreal,2–0,Real Betis,16719.0,Estadio de la Cerámica,José María Sánchez Martínez
La Liga,2021-2022,2021-10-03,18:30,Getafe,1–1,Real Sociedad,8463.0,Coliseum Alfonso Pérez,Jorge Figueroa
La Liga,2021-2022,2021-10-03,21:00,Granada,1–0,Sevilla,12334.0,Estadio Nuevo Los Cármenes,Jason Hsu
La Liga,2021-2022,2021-10-16,18:30,Levante,0–0,Getafe,14551.0,Estadio Ciudad de Valencia,Mario Melero López
La Liga,2021-2022,2021-10-16,21:00,Real Sociedad,1–0,Mallorca,30831.0,Estadio Municipal de Anoeta,Pablo Gonzalez
La Liga,2021-2022,2021-10-17,14:00,Rayo Vallecano,2–1,Elche,6989.0,Estadio del Rayo Vallecano,Santiago Jaime Latre
La Liga,2021-2022,2021-10-17,16:15,Celta Vigo,0–1,Sevilla,10774.0,Estadio de Balaídos,Ricardo De Burgos Bengoetxea
La Liga,2021-2022,2021-10-17,18:30,Villarreal,1–2,Osasuna,14831.0,Estadio de la Cerámica,Adrian Cordero Vega
La Liga,2021-2022,2021-10-17,21:00,Barcelona,3–1,Valencia,47317.0,Camp Nou,Jesus Gil Manzano
La Liga,2021-2022,2021-10-18,19:00,Alavés,0–1,Real Betis,10227.0,Estadio de Mendizorroza,Miguel Angel Ortiz Arias
La Liga,2021-2022,2021-10-18,21:00,Espanyol,2–0,Cádiz,15678.0,RCDE Stadium,Antonio Miguel Mateu Lahoz
La Liga,2021-2022,2021-10-22,21:00,Osasuna,1–1,Granada,21128.0,Estadio El Sadar,Alejandro Muñiz Ruiz
La Liga,2021-2022,2021-10-23,14:00,Valencia,2–2,Mallorca,29139.0,Estadio de Mestalla,Carlos del Cerro Grande
La Liga,2021-2022,2021-10-23,16:15,Cádiz,0–2,Alavés,13790.0,Estadio Nuevo Mirandilla,Jason Hsu
La Liga,2021-2022,2021-10-23,18:30,Elche,2–2,Espanyol,13449.0,Estadio Manuel Martínez Valero,Jorge Figueroa
La Liga,2021-2022,2021-10-23,21:00,Athletic Club,2–1,Villarreal,38698.0,San Mamés,Guillermo Cuadra Fernandez
La Liga,2021-2022,2021-10-24,14:00,Sevilla,5–3,Levante,30601.0,Estadio Ramón Sánchez Pizjuán,Valentin Pizarro
La Liga,2021-2022,2021-10-24,16:15,Barcelona,1–2,Real Madrid,86422.0,Camp Nou,José María Sánchez Martínez
La Liga,2021-2022,2021-10-24,18:30,Real Betis,3–2,Rayo Vallecano,45362.0,Estadio Benito Villamarín,Ricardo De Burgos Bengoetxea
La Liga,2021-2022,2021-10-24,21:00,Atlético Madrid,2–2,Real Sociedad,50032.0,Estadio Wanda Metropolitano,José Luis Munuera Montero
La Liga,2021-2022,2021-10-25,21:00,Getafe,0–3,Celta Vigo,7630.0,Coliseum Alfonso Pérez,Juan Martinez Munuera
La Liga,2021-2022,2021-10-26,19:00,Alavés,1–0,Elche,10206.0,Estadio de Mendizorroza,Jesus Gil Manzano
La Liga,2021-2022,2021-10-26,21:00,Espanyol,1–1,Athletic Club,16196.0,RCDE Stadium,Miguel Angel Ortiz Arias
La Liga,2021-2022,2021-10-26,21:30,Villarreal,3–3,Cádiz,12190.0,Estadio de la Cerámica,Alejandro Hernandez
La Liga,2021-2022,2021-10-27,19:00,Mallorca,1–1,Sevilla,15125.0,Iberostar Estadi,Santiago Jaime Latre
La Liga,2021-2022,2021-10-27,19:00,Rayo Vallecano,1–0,Barcelona,9340.0,Estadio del Rayo Vallecano,Antonio Miguel Mateu Lahoz
La Liga,2021-2022,2021-10-27,20:00,Real Betis,4–1,Valencia,43123.0,Estadio Benito Villamarín,Isidro Diaz de Mera Escuderos
La Liga,2021-2022,2021-10-27,21:30,Real Madrid,0–0,Osasuna,35691.0,Estadio Santiago Bernabéu,César Soto Grado
La Liga,2021-2022,2021-10-28,19:00,Celta Vigo,0–2,Real Sociedad,8726.0,Estadio de Balaídos,Mario Melero López
La Liga,2021-2022,2021-10-28,20:00,Granada,1–1,Getafe,13651.0,Estadio Nuevo Los Cármenes,Adrian Cordero Vega
La Liga,2021-2022,2021-10-28,21:30,Levante,2–2,Atlético Madrid,16298.0,Estadio Ciudad de Valencia,Pablo Gonzalez
La Liga,2021-2022,2021-10-30,14:00,Elche,1–2,Real Madrid,23010.0,Estadio Manuel Martínez Valero,Ricardo De Burgos Bengoetxea
La Liga,2021-2022,2021-10-30,16:15,Sevilla,2–0,Osasuna,20335.0,Estadio Ramón Sánchez Pizjuán,Carlos del Cerro Grande
La Liga,2021-2022,2021-10-30,18:30,Valencia,2–0,Villarreal,31487.0,Estadio de Mestalla,José Luis Munuera Montero
La Liga,2021-2022,2021-10-30,21:00,Barcelona,1–1,Alavés,37278.0,Camp Nou,Jorge Figueroa
La Liga,2021-2022,2021-10-31,14:00,Cádiz,1–1,Mallorca,11790.0,Estadio Nuevo Mirandilla,Valentin Pizarro
La Liga,2021-2022,2021-10-31,16:15,Atlético Madrid,3–0,Real Betis,56838.0,Estadio Wanda Metropolitano,Jason Hsu
La Liga,2021-2022,2021-10-31,18:30,Getafe,2–1,Espanyol,4721.0,Coliseum Alfonso Pérez,Alejandro Muñiz Ruiz
La Liga,2021-2022,2021-10-31,21:00,Real Sociedad,1–1,Athletic Club,37066.0,Estadio Municipal de Anoeta,Juan Martinez Munuera
La Liga,2021-2022,2021-11-01,18:30,Rayo Vallecano,0–0,Celta Vigo,9580.0,Estadio del Rayo Vallecano,Adrian Cordero Vega
La Liga,2021-2022,2021-11-01,21:00,Levante,0–3,Granada,14512.0,Estadio Ciudad de Valencia,José María Sánchez Martínez
La Liga,2021-2022,2021-11-05,21:00,Athletic Club,0–1,Cádiz,37581.0,San Mamés,Santiago Jaime Latre
La Liga,2021-2022,2021-11-06,14:00,Espanyol,2–0,Granada,19050.0,RCDE Stadium,Isidro Diaz de Mera Escuderos
La Liga,2021-2022,2021-11-06,16:15,Celta Vigo,3–3,Barcelona,13146.0,Estadio de Balaídos,Alejandro Hernandez
La Liga,2021-2022,2021-11-06,18:30,Alavés,2–1,Levante,12176.0,Estadio de Mendizorroza,Adrian Cordero Vega
La Liga,2021-2022,2021-11-06,21:00,Real Madrid,2–1,Rayo Vallecano,43283.0,Estadio Santiago Bernabéu,Pablo Gonzalez
La Liga,2021-2022,2021-11-07,14:00,Villarreal,1–0,Getafe,13504.0,Estadio de la Cerámica,Jesus Gil Manzano
La Liga,2021-2022,2021-11-07,16:15,Valencia,3–3,Atlético Madrid,37472.0,Estadio de Mestalla,César Soto Grado
La Liga,2021-2022,2021-11-07,18:30,Mallorca,2–2,Elche,12933.0,Iberostar Estadi,Mario Melero López
La Liga,2021-2022,2021-11-07,18:30,Osasuna,0–2,Real Sociedad,21741.0,Estadio El Sadar,Miguel Angel Ortiz Arias
La Liga,2021-2022,2021-11-07,21:00,Real Betis,0–2,Sevilla,50534.0,Estadio Benito Villamarín,Antonio Miguel Mateu Lahoz
La Liga,2021-2022,2021-11-19,21:00,Levante,0–0,Athletic Club,15230.0,Estadio Ciudad de Valencia,José Luis Munuera Montero
La Liga,2021-2022,2021-11-20,14:00,Celta Vigo,1–1,Villarreal,10086.0,Estadio de Balaídos,Jason Hsu
La Liga,2021-2022,2021-11-20,16:15,Sevilla,2–2,Alavés,25208.0,Estadio Ramón Sánchez Pizjuán,Alejandro Muñiz Ruiz
La Liga,2021-2022,2021-11-20,18:30,Atlético Madrid,1–0,Osasuna,53261.0,Estadio Wanda Metropolitano,José María Sánchez Martínez
La Liga,2021-2022,2021-11-20,21:00,Barcelona,1–0,Espanyol,74418.0,Camp Nou,Carlos del Cerro Grande
La Liga,2021-2022,2021-11-21,14:00,Getafe,4–0,Cádiz,8825.0,Coliseum Alfonso Pérez,Ricardo De Burgos Bengoetxea
La Liga,2021-2022,2021-11-21,16:15,Granada,1–4,Real Madrid,17460.0,Estadio Nuevo Los Cármenes,Juan Martinez Munuera
La Liga,2021-2022,2021-11-21,18:30,Elche,0–3,Real Betis,16127.0,Estadio Manuel Martínez Valero,Valentin Pizarro
La Liga,2021-2022,2021-11-21,21:00,Real Sociedad,0–0,Valencia,28635.0,Estadio Municipal de Anoeta,Mario Melero López
La Liga,2021-2022,2021-11-22,21:00,Rayo Vallecano,3–1,Mallorca,6708.0,Estadio del Rayo Vallecano,Jorge Figueroa
La Liga,2021-2022,2021-11-26,21:00,Athletic Club,2–2,Granada,32651.0,San Mamés,Adrian Cordero Vega
La Liga,2021-2022,2021-11-27,14:00,Alavés,1–2,Celta Vigo,10093.0,Estadio de Mendizorroza,Pablo Gonzalez
La Liga,2021-2022,2021-11-27,16:15,Valencia,1–1,Rayo Vallecano,30030.0,Estadio de Mestalla,Alejandro Hernandez
La Liga,2021-2022,2021-11-27,18:30,Mallorca,0–0,Getafe,8635.0,Iberostar Estadi,Santiago Jaime Latre
La Liga,2021-2022,2021-11-27,21:00,Villarreal,1–3,Barcelona,19050.0,Estadio de la Cerámica,César Soto Grado
La Liga,2021-2022,2021-11-28,14:00,Real Betis,3–1,Levante,45012.0,Estadio Benito Villamarín,Miguel Angel Ortiz Arias
La Liga,2021-2022,2021-11-28,16:15,Espanyol,1–0,Real Sociedad,19935.0,RCDE Stadium,Antonio Miguel Mateu Lahoz
La Liga,2021-2022,2021-11-28,18:30,Cádiz,1–4,Atlético Madrid,16861.0,Estadio Nuevo Mirandilla,Jesus Gil Manzano
La Liga,2021-2022,2021-11-28,21:00,Real Madrid,2–1,Sevilla,45281.0,Estadio Santiago Bernabéu,José María Sánchez Martínez
La Liga,2021-2022,2021-11-29,21:00,Osasuna,1–1,Elche,16485.0,Estadio El Sadar,Isidro Diaz de Mera Escuderos
La Liga,2021-2022,2021-12-01,21:00,Real Madrid,1–0,Athletic Club,33627.0,Estadio Santiago Bernabéu,Isidro Diaz de Mera Escuderos
La Liga,2021-2022,2021-12-03,21:00,Granada,2–1,Alavés,13511.0,Estadio Nuevo Los Cármenes,Jason Hsu
La Liga,2021-2022,2021-12-04,14:00,Sevilla,1–0,Villarreal,30865.0,Estadio Ramón Sánchez Pizjuán,Carlos del Cerro Grande
La Liga,2021-2022,2021-12-04,16:15,Barcelona,0–1,Real Betis,66529.0,Camp Nou,Pablo Gonzalez
La Liga,2021-2022,2021-12-04,18:30,Atlético Madrid,1–2,Mallorca,51009.0,Estadio Wanda Metropolitano,Juan Martinez Munuera
La Liga,2021-2022,2021-12-04,21:00,Real Sociedad,0–2,Real Madrid,35765.0,Estadio Municipal de Anoeta,Jesus Gil Manzano
La Liga,2021-2022,2021-12-05,14:00,Rayo Vallecano,1–0,Espanyol,8679.0,Estadio del Rayo Vallecano,José Luis Munuera Montero
La Liga,2021-2022,2021-12-05,16:15,Elche,3–1,Cádiz,11879.0,Estadio Manuel Martínez Valero,Alejandro Muñiz Ruiz
La Liga,2021-2022,2021-12-05,18:30,Levante,0–0,Osasuna,15361.0,Estadio Ciudad de Valencia,Valentin Pizarro
La Liga,2021-2022,2021-12-05,21:00,Celta Vigo,1–2,Valencia,11361.0,Estadio de Balaídos,Ricardo De Burgos Bengoetxea
La Liga,2021-2022,2021-12-06,21:00,Getafe,0–0,Athletic Club,9176.0,Coliseum Alfonso Pérez,Jorge Figueroa
La Liga,2021-2022,2021-12-10,21:00,Mallorca,0–0,Celta Vigo,10655.0,Iberostar Estadi,Isidro Diaz de Mera Escuderos
La Liga,2021-2022,2021-12-11,14:00,Espanyol,4–3,Levante,15193.0,RCDE Stadium,Adrian Cordero Vega
La Liga,2021-2022,2021-12-11,16:15,Alavés,1–1,Getafe,10065.0,Estadio de Mendizorroza,César Soto Grado
La Liga,2021-2022,2021-12-11,18:30,Valencia,2–1,Elche,31662.0,Estadio de Mestalla,Santiago Jaime Latre
La Liga,2021-2022,2021-12-11,21:00,Athletic Club,0–1,Sevilla,36737.0,San Mamés,Alejandro Hernandez
La Liga,2021-2022,2021-12-12,14:00,Villarreal,2–0,Rayo Vallecano,13133.0,Estadio de la Cerámica,Mario Melero López
La Liga,2021-2022,2021-12-12,16:15,Osasuna,2–2,Barcelona,21427.0,Estadio El Sadar,Juan Martinez Munuera
La Liga,2021-2022,2021-12-12,18:30,Real Betis,4–0,Real Sociedad,52158.0,Estadio Benito Villamarín,José María Sánchez Martínez
La Liga,2021-2022,2021-12-12,21:00,Real Madrid,2–0,Atlético Madrid,51024.0,Estadio Santiago Bernabéu,Antonio Miguel Mateu Lahoz
La Liga,2021-2022,2021-12-13,21:00,Cádiz,1–1,Granada,13052.0,Estadio Nuevo Mirandilla,Miguel Angel Ortiz Arias
La Liga,2021-2022,2021-12-17,21:00,Celta Vigo,3–1,Espanyol,9526.0,Estadio de Balaídos,Valentin Pizarro
La Liga,2021-2022,2021-12-18,14:00,Rayo Vallecano,2–0,Alavés,7911.0,Estadio del Rayo Vallecano,Antonio Miguel Mateu Lahoz
La Liga,2021-2022,2021-12-18,16:15,Real Sociedad,1–3,Villarreal,29679.0,Estadio Municipal de Anoeta,Jorge Figueroa
La Liga,2021-2022,2021-12-18,18:30,Barcelona,3–2,Elche,41664.0,Camp Nou,Jason Hsu
La Liga,2021-2022,2021-12-18,21:00,Sevilla,2–1,Atlético Madrid,33241.0,Estadio Ramón Sánchez Pizjuán,Ricardo De Burgos Bengoetxea
La Liga,2021-2022,2021-12-19,14:00,Granada,4–1,Mallorca,13014.0,Estadio Nuevo Los Cármenes,Alejandro Muñiz Ruiz
La Liga,2021-2022,2021-12-19,16:15,Athletic Club,3–2,Real Betis,38002.0,San Mamés,Jesus Gil Manzano
La Liga,2021-2022,2021-12-19,18:30,Getafe,1–0,Osasuna,8126.0,Coliseum Alfonso Pérez,José Luis Munuera Montero
La Liga,2021-2022,2021-12-19,21:00,Real Madrid,0–0,Cádiz,38818.0,Estadio Santiago Bernabéu,Santiago Jaime Latre
La Liga,2021-2022,2021-12-20,21:00,Levante,3–4,Valencia,18851.0,Estadio Ciudad de Valencia,Pablo Gonzalez
La Liga,2021-2022,2021-12-21,19:00,Villarreal,5–2,Alavés,12530.0,Estadio de la Cerámica,Valentin Pizarro
La Liga,2021-2022,2021-12-21,21:30,Sevilla,1–1,Barcelona,31358.0,Estadio Ramón Sánchez Pizjuán,Carlos del Cerro Grande
La Liga,2021-2022,2021-12-22,19:00,Granada,2–1,Atlético Madrid,13304.0,Estadio Nuevo Los Cármenes,Alejandro Hernandez
La Liga,2021-2022,2021-12-22,21:30,Athletic Club,1–2,Real Madrid,42722.0,San Mamés,César Soto Grado
La Liga,2021-2022,2021-12-31,16:15,Valencia,1–2,Espanyol,29566.0,Estadio de Mestalla,José María Sánchez Martínez
La Liga,2021-2022,2022-01-02,14:00,Getafe,1–0,Real Madrid,11890.0,Coliseum Alfonso Pérez,Mario Melero López
La Liga,2021-2022,2022-01-02,16:15,Atlético Madrid,2–0,Rayo Vallecano,43029.0,Estadio Wanda Metropolitano,Jorge Figueroa
La Liga,2021-2022,2022-01-02,16:15,Elche,0–0,Granada,12160.0,Estadio Manuel Martínez Valero,Adrian Cordero Vega
La Liga,2021-2022,2022-01-02,18:30,Real Betis,0–2,Celta Vigo,41656.0,Estadio Benito Villamarín,César Soto Grado
La Liga,2021-2022,2022-01-02,18:30,Alavés,1–1,Real Sociedad,13498.0,Estadio de Mendizorroza,Carlos del Cerro Grande
La Liga,2021-2022,2022-01-02,21:00,Mallorca,0–1,Barcelona,14654.0,Iberostar Estadi,Antonio Miguel Mateu Lahoz
La Liga,2021-2022,2022-01-03,19:00,Villarreal,5–0,Levante,13462.0,Estadio de la Cerámica,Alejandro Hernandez
La Liga,2021-2022,2022-01-03,21:00,Osasuna,1–3,Athletic Club,16206.0,Estadio El Sadar,Miguel Angel Ortiz Arias
La Liga,2021-2022,2022-01-03,21:15,Cádiz,0–1,Sevilla,14342.0,Estadio Nuevo Mirandilla,Jason Hsu
La Liga,2021-2022,2022-01-08,14:00,Levante,2–0,Mallorca,13330.0,Estadio Ciudad de Valencia,Jorge Figueroa
La Liga,2021-2022,2022-01-08,16:15,Real Sociedad,1–0,Celta Vigo,27938.0,Estadio Municipal de Anoeta,Guillermo Cuadra Fernandez
La Liga,2021-2022,2022-01-08,18:30,Granada,1–1,Barcelona,14442.0,Estadio Nuevo Los Cármenes,Pablo Gonzalez
La Liga,2021-2022,2022-01-08,21:00,Real Madrid,4–1,Valencia,40617.0,Estadio Santiago Bernabéu,Alejandro Hernandez
La Liga,2021-2022,2022-01-09,14:00,Rayo Vallecano,1–1,Real Betis,8395.0,Estadio del Rayo Vallecano,Alejandro Muñiz Ruiz
La Liga,2021-2022,2022-01-09,16:15,Sevilla,1–0,Getafe,30801.0,Estadio Ramón Sánchez Pizjuán,Juan Martinez Munuera
La Liga,2021-2022,2022-01-09,18:30,Alavés,0–0,Athletic Club,14103.0,Estadio de Mendizorroza,Santiago Jaime Latre
La Liga,2021-2022,2022-01-09,18:30,Osasuna,2–0,Cádiz,16292.0,Estadio El Sadar,Ricardo De Burgos Bengoetxea
La Liga,2021-2022,2022-01-09,21:00,Villarreal,2–2,Atlético Madrid,14127.0,Estadio de la Cerámica,Jason Hsu
La Liga,2021-2022,2022-01-10,21:00,Espanyol,1–2,Elche,11870.0,RCDE Stadium,Jesus Gil Manzano
La Liga,2021-2022,2022-01-16,14:00,Elche,1–0,Villarreal,12433.0,Estadio Manuel Martínez Valero,Valentin Pizarro
La Liga,2021-2022,2022-01-18,20:00,Real Betis,4–0,Alavés,38753.0,Estadio Benito Villamarín,José María Sánchez Martínez
La Liga,2021-2022,2022-01-18,21:30,Cádiz,2–2,Espanyol,10755.0,Estadio Nuevo Mirandilla,Alejandro Muñiz Ruiz
La Liga,2021-2022,2022-01-19,19:00,Celta Vigo,2–0,Osasuna,8837.0,Estadio de Balaídos,Adrian Cordero Vega
La Liga,2021-2022,2022-01-19,21:30,Valencia,1–1,Sevilla,26049.0,Estadio de Mestalla,César Soto Grado
La Liga,2021-2022,2022-01-20,19:00,Getafe,4–2,Granada,7634.0,Coliseum Alfonso Pérez,Isidro Diaz de Mera Escuderos
La Liga,2021-2022,2022-01-21,21:00,Espanyol,1–4,Real Betis,17637.0,RCDE Stadium,Jason Hsu
La Liga,2021-2022,2022-01-22,14:00,Levante,0–2,Cádiz,14063.0,Estadio Ciudad de Valencia,César Soto Grado
La Liga,2021-2022,2022-01-22,16:15,Villarreal,3–0,Mallorca,13207.0,Estadio de la Cerámica,Miguel Angel Ortiz Arias
La Liga,2021-2022,2022-01-22,18:30,Sevilla,2–2,Celta Vigo,30059.0,Estadio Ramón Sánchez Pizjuán,José María Sánchez Martínez
La Liga,2021-2022,2022-01-22,21:00,Atlético Madrid,3–2,Valencia,44999.0,Estadio Wanda Metropolitano,Isidro Diaz de Mera Escuderos
La Liga,2021-2022,2022-01-23,14:00,Granada,0–2,Osasuna,12471.0,Estadio Nuevo Los Cármenes,Santiago Jaime Latre
La Liga,2021-2022,2022-01-23,16:15,Real Madrid,2–2,Elche,39796.0,Estadio Santiago Bernabéu,Ricardo De Burgos Bengoetxea
La Liga,2021-2022,2022-01-23,18:30,Rayo Vallecano,0–1,Athletic Club,9034.0,Estadio del Rayo Vallecano,Adrian Cordero Vega
La Liga,2021-2022,2022-01-23,18:30,Real Sociedad,0–0,Getafe,27368.0,Estadio Municipal de Anoeta,José Luis Munuera Montero
La Liga,2021-2022,2022-01-23,21:00,Alavés,0–1,Barcelona,14056.0,Estadio de Mendizorroza,Jorge Figueroa
La Liga,2021-2022,2022-02-04,21:00,Getafe,3–0,Levante,8475.0,Coliseum Alfonso Pérez,Alejandro Muñiz Ruiz
La Liga,2021-2022,2022-02-05,14:00,Elche,3–1,Alavés,12923.0,Estadio Manuel Martínez Valero,Mario Melero López
La Liga,2021-2022,2022-02-05,16:15,Mallorca,2–1,Cádiz,12226.0,Iberostar Estadi,Carlos del Cerro Grande
La Liga,2021-2022,2022-02-05,18:30,Celta Vigo,2–0,Rayo Vallecano,12546.0,Estadio de Balaídos,José Luis Munuera Montero
La Liga,2021-2022,2022-02-05,21:00,Osasuna,0–0,Sevilla,17635.0,Estadio El Sadar,Valentin Pizarro
La Liga,2021-2022,2022-02-06,14:00,Valencia,0–0,Real Sociedad,31351.0,Estadio de Mestalla,José María Sánchez Martínez
La Liga,2021-2022,2022-02-06,16:15,Barcelona,4–2,Atlético Madrid,74221.0,Camp Nou,Jesus Gil Manzano
La Liga,2021-2022,2022-02-06,18:30,Real Betis,0–2,Villarreal,44870.0,Estadio Benito Villamarín,Pablo Gonzalez
La Liga,2021-2022,2022-02-06,21:00,Real Madrid,1–0,Granada,36665.0,Estadio Santiago Bernabéu,Antonio Miguel Mateu Lahoz
La Liga,2021-2022,2022-02-07,21:00,Athletic Club,2–1,Espanyol,30753.0,San Mamés,César Soto Grado
La Liga,2021-2022,2022-02-11,21:00,Sevilla,2–0,Elche,33411.0,Estadio Ramón Sánchez Pizjuán,Miguel Angel Ortiz Arias
La Liga,2021-2022,2022-02-12,14:00,Cádiz,0–0,Celta Vigo,15635.0,Estadio Nuevo Mirandilla,Antonio Miguel Mateu Lahoz
La Liga,2021-2022,2022-02-12,16:15,Villarreal,0–0,Real Madrid,17894.0,Estadio de la Cerámica,José María Sánchez Martínez
La Liga,2021-2022,2022-02-12,18:30,Rayo Vallecano,0–3,Osasuna,8596.0,Estadio del Rayo Vallecano,Jorge Figueroa
La Liga,2021-2022,2022-02-12,21:00,Atlético Madrid,4–3,Getafe,49375.0,Estadio Wanda Metropolitano,Ricardo De Burgos Bengoetxea
La Liga,2021-2022,2022-02-13,14:00,Alavés,2–1,Valencia,12845.0,Estadio de Mendizorroza,Adrian Cordero Vega
La Liga,2021-2022,2022-02-13,16:15,Levante,2–4,Real Betis,16103.0,Estadio Ciudad de Valencia,Santiago Jaime Latre
La Liga,2021-2022,2022-02-13,18:30,Real Sociedad,2–0,Granada,29847.0,Estadio Municipal de Anoeta,Jason Hsu
La Liga,2021-2022,2022-02-13,21:00,Espanyol,2–2,Barcelona,25049.0,RCDE Stadium,Alejandro Hernandez
La Liga,2021-2022,2022-02-14,21:00,Mallorca,3–2,Athletic Club,12904.0,Iberostar Estadi,Isidro Diaz de Mera Escuderos
La Liga,2021-2022,2022-02-16,19:00,Atlético Madrid,0–1,Levante,43456.0,Estadio Wanda Metropolitano,José Luis Munuera Montero
La Liga,2021-2022,2022-02-18,21:00,Elche,2–1,Rayo Vallecano,14742.0,Estadio Manuel Martínez Valero,Alejandro Muñiz Ruiz
La Liga,2021-2022,2022-02-19,14:00,Granada,1–4,Villarreal,13389.0,Estadio Nuevo Los Cármenes,Jesus Gil Manzano
La Liga,2021-2022,2022-02-19,16:15,Osasuna,0–3,Atlético Madrid,20040.0,Estadio El Sadar,Mario Melero López
La Liga,2021-2022,2022-02-19,18:30,Cádiz,1–1,Getafe,15948.0,Estadio Nuevo Mirandilla,Jason Hsu
La Liga,2021-2022,2022-02-19,21:00,Real Madrid,3–0,Alavés,42180.0,Estadio Santiago Bernabéu,José Luis Munuera Montero
La Liga,2021-2022,2022-02-20,14:00,Espanyol,1–1,Sevilla,24897.0,RCDE Stadium,Pablo Gonzalez
La Liga,2021-2022,2022-02-20,16:15,Valencia,1–4,Barcelona,38315.0,Estadio de Mestalla,Carlos del Cerro Grande
La Liga,2021-2022,2022-02-20,18:30,Real Betis,2–1,Mallorca,48652.0,Estadio Benito Villamarín,César Soto Grado
La Liga,2021-2022,2022-02-20,21:00,Athletic Club,4–0,Real Sociedad,40698.0,San Mamés,Juan Martinez Munuera
La Liga,2021-2022,2022-02-21,21:00,Celta Vigo,1–1,Levante,9776.0,Estadio de Balaídos,Valentin Pizarro
La Liga,2021-2022,2022-02-25,21:00,Levante,3–0,Elche,14237.0,Estadio Ciudad de Valencia,Pablo Gonzalez
La Liga,2021-2022,2022-02-26,14:00,Mallorca,0–1,Valencia,14417.0,Iberostar Estadi,Jorge Figueroa
La Liga,2021-2022,2022-02-26,16:15,Getafe,2–2,Alavés,7720.0,Coliseum Alfonso Pérez,Santiago Jaime Latre
La Liga,2021-2022,2022-02-26,18:30,Rayo Vallecano,0–1,Real Madrid,9952.0,Estadio del Rayo Vallecano,Isidro Diaz de Mera Escuderos
La Liga,2021-2022,2022-02-26,21:00,Atlético Madrid,2–0,Celta Vigo,48009.0,Estadio Wanda Metropolitano,Alejandro Hernandez
La Liga,2021-2022,2022-02-27,14:00,Villarreal,5–1,Espanyol,15600.0,Estadio de la Cerámica,Ricardo De Burgos Bengoetxea
La Liga,2021-2022,2022-02-27,16:15,Sevilla,2–1,Real Betis,37250.0,Estadio Ramón Sánchez Pizjuán,Carlos del Cerro Grande
La Liga,2021-2022,2022-02-27,18:30,Real Sociedad,1–0,Osasuna,30145.0,Estadio Municipal de Anoeta,Antonio Miguel Mateu Lahoz
La Liga,2021-2022,2022-02-27,21:00,Barcelona,4–0,Athletic Club,69770.0,Camp Nou,Guillermo Cuadra Fernandez
La Liga,2021-2022,2022-02-28,21:00,Granada,0–0,Cádiz,14785.0,Estadio Nuevo Los Cármenes,José María Sánchez Martínez
La Liga,2021-2022,2022-03-02,21:00,Mallorca,0–2,Real Sociedad,11550.0,Iberostar Estadi,Mario Melero López
La Liga,2021-2022,2022-03-04,21:00,Alavés,0–0,Sevilla,13121.0,Estadio de Mendizorroza,Jason Hsu
La Liga,2021-2022,2022-03-05,14:00,Osasuna,1–0,Villarreal,16659.0,Estadio El Sadar,José Luis Munuera Montero
La Liga,2021-2022,2022-03-05,16:15,Espanyol,2–0,Getafe,18519.0,RCDE Stadium,Adrian Cordero Vega
La Liga,2021-2022,2022-03-05,18:30,Valencia,3–1,Granada,31227.0,Estadio de Mestalla,Valentin Pizarro
La Liga,2021-2022,2022-03-05,21:00,Real Madrid,4–1,Real Sociedad,52410.0,Estadio Santiago Bernabéu,Jesus Gil Manzano
La Liga,2021-2022,2022-03-06,14:00,Cádiz,2–0,Rayo Vallecano,15677.0,Estadio Nuevo Mirandilla,César Soto Grado
La Liga,2021-2022,2022-03-06,16:15,Elche,1–2,Barcelona,30146.0,Estadio Manuel Martínez Valero,Alejandro Hernandez
La Liga,2021-2022,2022-03-06,18:30,Celta Vigo,4–3,Mallorca,11320.0,Estadio de Balaídos,Miguel Angel Ortiz Arias
La Liga,2021-2022,2022-03-06,21:00,Real Betis,1–3,Atlético Madrid,44383.0,Estadio Benito Villamarín,Guillermo Cuadra Fernandez
La Liga,2021-2022,2022-03-07,21:00,Athletic Club,3–1,Levante,29485.0,San Mamés,Alejandro Muñiz Ruiz
La Liga,2021-2022,2022-03-11,21:00,Atlético Madrid,2–1,Cádiz,50573.0,Estadio Wanda Metropolitano,Pablo Gonzalez
La Liga,2021-2022,2022-03-12,14:00,Levante,1–1,Espanyol,13407.0,Estadio Ciudad de Valencia,Isidro Diaz de Mera Escuderos
La Liga,2021-2022,2022-03-12,16:15,Granada,0–1,Elche,15345.0,Estadio Nuevo Los Cármenes,Carlos del Cerro Grande
La Liga,2021-2022,2022-03-12,18:30,Villarreal,1–0,Celta Vigo,14929.0,Estadio de la Cerámica,Santiago Jaime Latre
La Liga,2021-2022,2022-03-12,21:00,Getafe,0–0,Valencia,10349.0,Coliseum Alfonso Pérez,Guillermo Cuadra Fernandez
La Liga,2021-2022,2022-03-13,14:00,Rayo Vallecano,1–1,Sevilla,9073.0,Estadio del Rayo Vallecano,Juan Martinez Munuera
La Liga,2021-2022,2022-03-13,16:15,Real Betis,1–0,Athletic Club,48876.0,Estadio Benito Villamarín,Antonio Miguel Mateu Lahoz
La Liga,2021-2022,2022-03-13,18:30,Real Sociedad,1–0,Alavés,31573.0,Estadio Municipal de Anoeta,Jorge Figueroa
La Liga,2021-2022,2022-03-13,21:00,Barcelona,4–0,Osasuna,54507.0,Camp Nou,Ricardo De Burgos Bengoetxea
La Liga,2021-2022,2022-03-14,21:00,Mallorca,0–3,Real Madrid,17191.0,Iberostar Estadi,José María Sánchez Martínez
La Liga,2021-2022,2022-03-18,21:00,Athletic Club,1–1,Getafe,37367.0,San Mamés,Jesus Gil Manzano
La Liga,2021-2022,2022-03-19,14:00,Alavés,2–3,Granada,16209.0,Estadio de Mendizorroza,Guillermo Cuadra Fernandez
La Liga,2021-2022,2022-03-19,16:15,Elche,0–1,Valencia,15780.0,Estadio Manuel Martínez Valero,Miguel Angel Ortiz Arias
La Liga,2021-2022,2022-03-19,18:30,Osasuna,3–1,Levante,19429.0,Estadio El Sadar,Jason Hsu
La Liga,2021-2022,2022-03-19,21:00,Rayo Vallecano,0–1,Atlético Madrid,10349.0,Estadio del Rayo Vallecano,José Luis Munuera Montero
La Liga,2021-2022,2022-03-20,14:00,Espanyol,1–0,Mallorca,17578.0,RCDE Stadium,Alejandro Muñiz Ruiz
La Liga,2021-2022,2022-03-20,16:15,Celta Vigo,0–0,Real Betis,13149.0,Estadio de Balaídos,Ricardo De Burgos Bengoetxea
La Liga,2021-2022,2022-03-20,16:15,Cádiz,1–0,Villarreal,13325.0,Estadio Nuevo Mirandilla,Alejandro Hernandez
La Liga,2021-2022,2022-03-20,18:30,Sevilla,0–0,Real Sociedad,24861.0,Estadio Ramón Sánchez Pizjuán,César Soto Grado
La Liga,2021-2022,2022-03-20,21:00,Real Madrid,0–4,Barcelona,60017.0,Estadio Santiago Bernabéu,Juan Martinez Munuera
La Liga,2021-2022,2022-04-02,14:00,Getafe,1–0,Mallorca,8946.0,Coliseum Alfonso Pérez,Antonio Miguel Mateu Lahoz
La Liga,2021-2022,2022-04-02,16:15,Levante,2–0,Villarreal,14908.0,Estadio Ciudad de Valencia,Adrian Cordero Vega
La Liga,2021-2022,2022-04-02,18:30,Celta Vigo,1–2,Real Madrid,15714.0,Estadio de Balaídos,Pablo Gonzalez
La Liga,2021-2022,2022-04-02,21:00,Atlético Madrid,4–1,Alavés,51467.0,Estadio Wanda Metropolitano,Mario Melero López
La Liga,2021-2022,2022-04-03,14:00,Athletic Club,2–1,Elche,34572.0,San Mamés,Jorge Figueroa
La Liga,2021-2022,2022-04-03,16:15,Real Betis,4–1,Osasuna,49103.0,Estadio Benito Villamarín,Valentin Pizarro
La Liga,2021-2022,2022-04-03,18:30,Valencia,0–0,Cádiz,32949.0,Estadio de Mestalla,Isidro Diaz de Mera Escuderos
La Liga,2021-2022,2022-04-03,18:30,Granada,2–2,Rayo Vallecano,15823.0,Estadio Nuevo Los Cármenes,Alejandro Hernandez
La Liga,2021-2022,2022-04-03,21:00,Barcelona,1–0,Sevilla,76112.0,Camp Nou,José María Sánchez Martínez
La Liga,2021-2022,2022-04-04,21:00,Real Sociedad,1–0,Espanyol,20869.0,Estadio Municipal de Anoeta,Santiago Jaime Latre
La Liga,2021-2022,2022-04-08,21:00,Sevilla,4–2,Granada,33504.0,Estadio Ramón Sánchez Pizjuán,Miguel Angel Ortiz Arias
La Liga,2021-2022,2022-04-09,14:00,Cádiz,1–2,Real Betis,18063.0,Estadio Nuevo Mirandilla,Jesus Gil Manzano
La Liga,2021-2022,2022-04-09,16:15,Mallorca,1–0,Atlético Madrid,15437.0,Iberostar Estadi,Juan Martinez Munuera
La Liga,2021-2022,2022-04-09,18:30,Villarreal,1–1,Athletic Club,16603.0,Estadio de la Cerámica,Carlos del Cerro Grande
La Liga,2021-2022,2022-04-09,21:00,Real Madrid,2–0,Getafe,50740.0,Estadio Santiago Bernabéu,César Soto Grado
La Liga,2021-2022,2022-04-10,14:00,Osasuna,1–0,Alavés,19220.0,Estadio El Sadar,Alejandro Muñiz Ruiz
La Liga,2021-2022,2022-04-10,16:15,Espanyol,1–0,Celta Vigo,18471.0,RCDE Stadium,Jason Hsu
La Liga,2021-2022,2022-04-10,18:30,Elche,1–2,Real Sociedad,17011.0,Estadio Manuel Martínez Valero,Guillermo Cuadra Fernandez
La Liga,2021-2022,2022-04-10,21:00,Levante,2–3,Barcelona,20785.0,Estadio Ciudad de Valencia,José Luis Munuera Montero
La Liga,2021-2022,2022-04-11,21:00,Rayo Vallecano,1–1,Valencia,9302.0,Estadio del Rayo Vallecano,Ricardo De Burgos Bengoetxea
La Liga,2021-2022,2022-04-15,21:00,Real Sociedad,0–0,Real Betis,28893.0,Estadio Municipal de Anoeta,Isidro Diaz de Mera Escuderos
La Liga,2021-2022,2022-04-16,14:00,Elche,3–0,Mallorca,20257.0,Estadio Manuel Martínez Valero,José María Sánchez Martínez
La Liga,2021-2022,2022-04-16,16:15,Alavés,1–0,Rayo Vallecano,10165.0,Estadio de Mendizorroza,Juan Martinez Munuera
La Liga,2021-2022,2022-04-16,18:30,Valencia,1–2,Osasuna,30148.0,Estadio de Mestalla,Mario Melero López
La Liga,2021-2022,2022-04-16,21:00,Getafe,1–2,Villarreal,9657.0,Coliseum Alfonso Pérez,Pablo Gonzalez
La Liga,2021-2022,2022-04-17,14:00,Granada,1–4,Levante,15323.0,Estadio Nuevo Los Cármenes,Valentin Pizarro
La Liga,2021-2022,2022-04-17,16:15,Atlético Madrid,2–1,Espanyol,54011.0,Estadio Wanda Metropolitano,Jorge Figueroa
La Liga,2021-2022,2022-04-17,18:30,Athletic Club,0–2,Celta Vigo,35541.0,San Mamés,Alejandro Hernandez
La Liga,2021-2022,2022-04-17,21:00,Sevilla,2–3,Real Madrid,40629.0,Estadio Ramón Sánchez Pizjuán,Guillermo Cuadra Fernandez
La Liga,2021-2022,2022-04-18,21:00,Barcelona,0–1,Cádiz,57495.0,Camp Nou,Santiago Jaime Latre
La Liga,2021-2022,2022-04-19,19:00,Mallorca,2–1,Alavés,15264.0,Iberostar Estadi,César Soto Grado
La Liga,2021-2022,2022-04-19,21:00,Real Betis,0–1,Elche,43257.0,Estadio Benito Villamarín,Jason Hsu
La Liga,2021-2022,2022-04-19,21:30,Villarreal,2–0,Valencia,13570.0,Estadio de la Cerámica,José Luis Munuera Montero
La Liga,2021-2022,2022-04-20,19:00,Atlético Madrid,0–0,Granada,43517.0,Estadio Wanda Metropolitano,Jesus Gil Manzano
La Liga,2021-2022,2022-04-20,20:00,Celta Vigo,0–2,Getafe,9934.0,Estadio de Balaídos,Santiago Jaime Latre
La Liga,2021-2022,2022-04-20,21:30,Osasuna,1–3,Real Madrid,21360.0,Estadio El Sadar,Ricardo De Burgos Bengoetxea
La Liga,2021-2022,2022-04-21,19:00,Espanyol,0–1,Rayo Vallecano,11873.0,RCDE Stadium,Antonio Miguel Mateu Lahoz
La Liga,2021-2022,2022-04-21,19:00,Levante,2–3,Sevilla,18107.0,Estadio Ciudad de Valencia,Isidro Diaz de Mera Escuderos
La Liga,2021-2022,2022-04-21,20:00,Cádiz,2–3,Athletic Club,17360.0,Estadio Nuevo Mirandilla,Valentin Pizarro
La Liga,2021-2022,2022-04-21,21:30,Real Sociedad,0–1,Barcelona,35128.0,Estadio Municipal de Anoeta,Carlos del Cerro Grande
La Liga,2021-2022,2022-04-24,21:00,Barcelona,0–1,Rayo Vallecano,57023.0,Camp Nou,Isidro Diaz de Mera Escuderos
La Liga,2021-2022,2022-04-29,21:00,Sevilla,1–1,Cádiz,37113.0,Estadio Ramón Sánchez Pizjuán,José María Sánchez Martínez
La Liga,2021-2022,2022-04-30,14:00,Alavés,2–1,Villarreal,12579.0,Estadio de Mendizorroza,Miguel Angel Ortiz Arias
La Liga,2021-2022,2022-04-30,16:15,Real Madrid,4–0,Espanyol,58686.0,Estadio Santiago Bernabéu,José Luis Munuera Montero
La Liga,2021-2022,2022-04-30,18:30,Valencia,1–1,Levante,35099.0,Estadio de Mestalla,Jorge Figueroa
La Liga,2021-2022,2022-04-30,21:00,Athletic Club,2–0,Atlético Madrid,43398.0,San Mamés,Antonio Miguel Mateu Lahoz
La Liga,2021-2022,2022-05-01,14:00,Elche,1–1,Osasuna,16305.0,Estadio Manuel Martínez Valero,Carlos del Cerro Grande
La Liga,2021-2022,2022-05-01,16:15,Granada,1–1,Celta Vigo,15036.0,Estadio Nuevo Los Cármenes,Juan Martinez Munuera
La Liga,2021-2022,2022-05-01,18:30,Rayo Vallecano,1–1,Real Sociedad,9395.0,Estadio del Rayo Vallecano,Alejandro Muñiz Ruiz
La Liga,2021-2022,2022-05-01,21:00,Barcelona,2–1,Mallorca,62789.0,Camp Nou,Pablo Gonzalez
La Liga,2021-2022,2022-05-02,21:00,Getafe,0–0,Real Betis,9916.0,Coliseum Alfonso Pérez,Adrian Cordero Vega
La Liga,2021-2022,2022-05-06,21:00,Levante,2–1,Real Sociedad,17278.0,Estadio Ciudad de Valencia,Jason Hsu
La Liga,2021-2022,2022-05-07,14:00,Mallorca,2–6,Granada,18466.0,Iberostar Estadi,Ricardo De Burgos Bengoetxea
La Liga,2021-2022,2022-05-07,16:15,Athletic Club,0–0,Valencia,41091.0,San Mamés,Isidro Diaz de Mera Escuderos
La Liga,2021-2022,2022-05-07,18:30,Cádiz,3–0,Elche,17615.0,Estadio Nuevo Mirandilla,Alejandro Hernandez
La Liga,2021-2022,2022-05-07,18:30,Celta Vigo,4–0,Alavés,10567.0,Estadio de Balaídos,Guillermo Cuadra Fernandez
La Liga,2021-2022,2022-05-07,21:00,Real Betis,1–2,Barcelona,46132.0,Estadio Benito Villamarín,Antonio Miguel Mateu Lahoz
La Liga,2021-2022,2022-05-08,14:00,Getafe,0–0,Rayo Vallecano,10125.0,Coliseum Alfonso Pérez,Mario Melero López
La Liga,2021-2022,2022-05-08,16:15,Villarreal,1–1,Sevilla,17461.0,Estadio de la Cerámica,Jesus Gil Manzano
La Liga,2021-2022,2022-05-08,18:30,Espanyol,1–1,Osasuna,18903.0,RCDE Stadium,Santiago Jaime Latre
La Liga,2021-2022,2022-05-08,21:00,Atlético Madrid,1–0,Real Madrid,63874.0,Estadio Wanda Metropolitano,César Soto Grado
La Liga,2021-2022,2022-05-10,19:00,Valencia,0–3,Real Betis,28091.0,Estadio de Mestalla,Carlos del Cerro Grande
La Liga,2021-2022,2022-05-10,20:00,Granada,1–0,Athletic Club,16638.0,Estadio Nuevo Los Cármenes,José María Sánchez Martínez
La Liga,2021-2022,2022-05-10,21:30,Barcelona,3–1,Celta Vigo,55899.0,Camp Nou,Miguel Angel Ortiz Arias
La Liga,2021-2022,2022-05-11,19:00,Osasuna,1–1,Getafe,17850.0,Estadio El Sadar,Alejandro Muñiz Ruiz
La Liga,2021-2022,2022-05-11,19:00,Alavés,2–1,Espanyol,12729.0,Estadio de Mendizorroza,Valentin Pizarro
La Liga,2021-2022,2022-05-11,20:30,Sevilla,0–0,Mallorca,33242.0,Estadio Ramón Sánchez Pizjuán,Alejandro Hernandez
La Liga,2021-2022,2022-05-11,21:30,Elche,0–2,Atlético Madrid,21266.0,Estadio Manuel Martínez Valero,Pablo Gonzalez
La Liga,2021-2022,2022-05-12,19:00,Real Sociedad,3–0,Cádiz,29014.0,Estadio Municipal de Anoeta,Juan Martinez Munuera
La Liga,2021-2022,2022-05-12,20:00,Rayo Vallecano,1–5,Villarreal,7945.0,Estadio del Rayo Vallecano,Isidro Diaz de Mera Escuderos
La Liga,2021-2022,2022-05-12,21:30,Real Madrid,6–0,Levante,38421.0,Estadio Santiago Bernabéu,Adrian Cordero Vega
La Liga,2021-2022,2022-05-14,18:30,Espanyol,1–1,Valencia,14990.0,RCDE Stadium,Alejandro Muñiz Ruiz
La Liga,2021-2022,2022-05-15,19:30,Getafe,0–0,Barcelona,13072.0,Coliseum Alfonso Pérez,Jesus Gil Manzano
La Liga,2021-2022,2022-05-15,19:30,Atlético Madrid,1–1,Sevilla,58138.0,Estadio Wanda Metropolitano,José María Sánchez Martínez
La Liga,2021-2022,2022-05-15,19:30,Celta Vigo,1–0,Elche,10773.0,Estadio de Balaídos,Mario Melero López
La Liga,2021-2022,2022-05-15,19:30,Mallorca,2–1,Rayo Vallecano,17930.0,Iberostar Estadi,José Luis Munuera Montero
La Liga,2021-2022,2022-05-15,19:30,Levante,3–1,Alavés,12438.0,Estadio Ciudad de Valencia,Guillermo Cuadra Fernandez
La Liga,2021-2022,2022-05-15,19:30,Real Betis,2–0,Granada,45016.0,Estadio Benito Villamarín,Ricardo De Burgos Bengoetxea
La Liga,2021-2022,2022-05-15,19:30,Villarreal,1–2,Real Sociedad,16689.0,Estadio de la Cerámica,Pablo Gonzalez
La Liga,2021-2022,2022-05-15,19:30,Athletic Club,2–0,Osasuna,37869.0,San Mamés,Jorge Figueroa
La Liga,2021-2022,2022-05-15,19:30,Cádiz,1–1,Real Madrid,19643.0,Estadio Nuevo Mirandilla,Antonio Miguel Mateu Lahoz
La Liga,2021-2022,2022-05-20,21:00,Real Madrid,0–0,Real Betis,52232.0,Estadio Santiago Bernabéu,Santiago Jaime Latre
La Liga,2021-2022,2022-05-20,21:00,Rayo Vallecano,2–4,Levante,8446.0,Estadio del Rayo Vallecano,Mario Melero López
La Liga,2021-2022,2022-05-21,17:30,Valencia,2–0,Celta Vigo,16189.0,Estadio de Mestalla,Adrian Cordero Vega
La Liga,2021-2022,2022-05-22,17:30,Elche,3–1,Getafe,17336.0,Estadio Manuel Martínez Valero,Guillermo Cuadra Fernandez
La Liga,2021-2022,2022-05-22,20:00,Osasuna,0–2,Mallorca,18717.0,Estadio El Sadar,César Soto Grado
La Liga,2021-2022,2022-05-22,20:00,Alavés,0–1,Cádiz,11138.0,Estadio de Mendizorroza,José María Sánchez Martínez
La Liga,2021-2022,2022-05-22,20:00,Granada,0–0,Espanyol,17951.0,Estadio Nuevo Los Cármenes,Alejandro Hernandez
La Liga,2021-2022,2022-05-22,22:00,Barcelona,0–2,Villarreal,54850.0,Camp Nou,José Luis Munuera Montero
La Liga,2021-2022,2022-05-22,22:00,Real Sociedad,1–2,Atlético Madrid,23586.0,Estadio Municipal de Anoeta,Jesus Gil Manzano
La Liga,2021-2022,2022-05-22,22:00,Sevilla,1–0,Athletic Club,31305.0,Estadio Ramón Sánchez Pizjuán,Carlos del Cerro Grande
Bundesliga,2025-2026,2025-08-22,20:30,Bayern Munich,6–0,RB Leipzig,75000.0,Allianz Arena,Florian Badstubner
Bundesliga,2025-2026,2025-08-23,15:30,Union Berlin,2–1,Stuttgart,22012.0,Stadion An der Alten Försterei,Robert Hartmann
Bundesliga,2025-2026,2025-08-23,15:30,Freiburg,1–3,Augsburg,33600.0,Europa-Park Stadion,Felix Zwayer
Bundesliga,2025-2026,2025-08-23,15:30,Heidenheim,1–3,Wolfsburg,13000.0,Voith-Arena,Benjamin Brand
Bundesliga,2025-2026,2025-08-23,15:30,Leverkusen,1–2,Hoffenheim,29390.0,BayArena,Daniel Siebert
Bundesliga,2025-2026,2025-08-23,15:30,Eintracht Frankfurt,4–1,Werder Bremen,59500.0,Deutsche Bank Park,Harm Osmers
Bundesliga,2025-2026,2025-08-23,18:30,St Pauli,3–3,Dortmund,29546.0,Millerntor-Stadion,Matthias Jollenbeck
Bundesliga,2025-2026,2025-08-24,15:30,Mainz 05,0–1,Köln,33305.0,Mewa Arena,Tobias Stieler
Bundesliga,2025-2026,2025-08-24,17:30,Gladbach,0–0,Hamburger SV,54042.0,Stadion im Borussia-Park,Sascha Stegemann
Bundesliga,2025-2026,2025-08-29,20:30,Hamburger SV,0–2,St Pauli,57000.0,Volksparkstadion,Christian Dingert
Bundesliga,2025-2026,2025-08-30,15:30,Stuttgart,1–0,Gladbach,60000.0,MHPArena,Sven Jablonski
Bundesliga,2025-2026,2025-08-30,15:30,Hoffenheim,1–3,Eintracht Frankfurt,30150.0,PreZero Arena,Timo Gerach
Bundesliga,2025-2026,2025-08-30,15:30,RB Leipzig,2–0,Heidenheim,43495.0,Red Bull Arena,Frank Willenborg
Bundesliga,2025-2026,2025-08-30,15:30,Werder Bremen,3–3,Leverkusen,42100.0,Weserstadion,Robin Braun
Bundesliga,2025-2026,2025-08-30,18:30,Augsburg,2–3,Bayern Munich,30660.0,WWK Arena,Florian Exner
Bundesliga,2025-2026,2025-08-31,15:30,Wolfsburg,1–1,Mainz 05,21893.0,Volkswagen Arena,Sören Storks
Bundesliga,2025-2026,2025-08-31,17:30,Dortmund,3–0,Union Berlin,81365.0,Signal Iduna Park,Daniel Schlager
Bundesliga,2025-2026,2025-08-31,19:30,Köln,4–1,Freiburg,50000.0,RheinEnergieSTADION,Tobias Reichel
Bundesliga,2025-2026,2025-09-12,20:30,Leverkusen,3–1,Eintracht Frankfurt,30210.0,BayArena,Deniz Aytekin
Bundesliga,2025-2026,2025-09-13,15:30,Freiburg,3–1,Stuttgart,34700.0,Europa-Park Stadion,Daniel Siebert
Bundesliga,2025-2026,2025-09-13,15:30,Wolfsburg,3–3,Köln,28917.0,Volkswagen Arena,Bastian Dankert
Bundesliga,2025-2026,2025-09-13,15:30,Mainz 05,0–1,RB Leipzig,30000.0,Mewa Arena,Sven Jablonski
Bundesliga,2025-2026,2025-09-13,15:30,Union Berlin,2–4,Hoffenheim,21732.0,Stadion An der Alten Försterei,Tobias Welz
Bundesliga,2025-2026,2025-09-13,15:30,Heidenheim,0–2,Dortmund,15000.0,Voith-Arena,Felix Zwayer
Bundesliga,2025-2026,2025-09-13,18:30,Bayern Munich,5–0,Hamburger SV,75000.0,Allianz Arena,Tobias Stieler
Bundesliga,2025-2026,2025-09-14,15:30,St Pauli,2–1,Augsburg,29546.0,Millerntor-Stadion,Harm Osmers
Bundesliga,2025-2026,2025-09-14,17:30,Gladbach,0–4,Werder Bremen,52653.0,Stadion im Borussia-Park,Matthias Jollenbeck
Bundesliga,2025-2026,2025-09-19,20:30,Stuttgart,2–0,St Pauli,60000.0,MHPArena,Sascha Stegemann
Bundesliga,2025-2026,2025-09-20,15:30,Hamburger SV,2–1,Heidenheim,57000.0,Volksparkstadion,Florian Exner
Bundesliga,2025-2026,2025-09-20,15:30,Werder Bremen,0–3,Freiburg,40500.0,Weserstadion,Timo Gerach
Bundesliga,2025-2026,2025-09-20,15:30,Augsburg,1–4,Mainz 05,29162.0,WWK Arena,Daniel Schlager
Bundesliga,2025-2026,2025-09-20,15:30,Hoffenheim,1–4,Bayern Munich,30150.0,PreZero Arena,Robert Hartmann
Bundesliga,2025-2026,2025-09-20,18:30,RB Leipzig,3–1,Köln,47117.0,Red Bull Arena,Benjamin Brand
Bundesliga,2025-2026,2025-09-21,15:30,Eintracht Frankfurt,3–4,Union Berlin,59500.0,Deutsche Bank Park,Sven Jablonski
Bundesliga,2025-2026,2025-09-21,17:30,Leverkusen,1–1,Gladbach,30210.0,BayArena,Felix Zwayer
Bundesliga,2025-2026,2025-09-21,19:30,Dortmund,1–0,Wolfsburg,81365.0,Signal Iduna Park,Daniel Siebert
Bundesliga,2025-2026,2025-09-26,20:30,Bayern Munich,4–0,Werder Bremen,75000.0,Allianz Arena,Frank Willenborg
Bundesliga,2025-2026,2025-09-27,15:30,Wolfsburg,0–1,RB Leipzig,23236.0,Volkswagen Arena,Robin Braun
Bundesliga,2025-2026,2025-09-27,15:30,Heidenheim,2–1,Augsburg,15000.0,Voith-Arena,Tobias Welz
Bundesliga,2025-2026,2025-09-27,15:30,Mainz 05,0–2,Dortmund,33305.0,Mewa Arena,Tobias Reichel
Bundesliga,2025-2026,2025-09-27,15:30,St Pauli,1–2,Leverkusen,29546.0,Millerntor-Stadion,Martin Petersen
Bundesliga,2025-2026,2025-09-27,18:30,Gladbach,4–6,Eintracht Frankfurt,54042.0,Stadion im Borussia-Park,Florian Exner
Bundesliga,2025-2026,2025-09-28,15:30,Freiburg,1–1,Hoffenheim,33700.0,Europa-Park Stadion,Bastian Dankert
Bundesliga,2025-2026,2025-09-28,17:30,Köln,1–2,Stuttgart,50000.0,RheinEnergieSTADION,Matthias Jollenbeck
Bundesliga,2025-2026,2025-09-28,19:30,Union Berlin,0–0,Hamburger SV,22012.0,Stadion An der Alten Försterei,Deniz Aytekin
Bundesliga,2025-2026,2025-10-03,20:30,Hoffenheim,0–1,Köln,30150.0,PreZero Arena,Felix Zwayer
Bundesliga,2025-2026,2025-10-04,15:30,Dortmund,1–1,RB Leipzig,81365.0,Signal Iduna Park,Sascha Stegemann
Bundesliga,2025-2026,2025-10-04,15:30,Augsburg,3–1,Wolfsburg,28200.0,WWK Arena,Benjamin Brand
Bundesliga,2025-2026,2025-10-04,15:30,Werder Bremen,1–0,St Pauli,42100.0,Weserstadion,Sören Storks
Bundesliga,2025-2026,2025-10-04,15:30,Leverkusen,2–0,Union Berlin,30210.0,BayArena,Christian Dingert
Bundesliga,2025-2026,2025-10-04,18:30,Eintracht Frankfurt,0–3,Bayern Munich,59500.0,Deutsche Bank Park,Daniel Siebert
Bundesliga,2025-2026,2025-10-05,15:30,Stuttgart,1–0,Heidenheim,60000.0,MHPArena,Tobias Stieler
Bundesliga,2025-2026,2025-10-05,17:30,Hamburger SV,4–0,Mainz 05,57000.0,Volksparkstadion,Robert Hartmann
Bundesliga,2025-2026,2025-10-05,19:30,Gladbach,0–0,Freiburg,44709.0,Stadion im Borussia-Park,Daniel Schlager
Bundesliga,2025-2026,2025-10-17,20:30,Union Berlin,3–1,Gladbach,22012.0,Stadion An der Alten Försterei,Tobias Reichel
Bundesliga,2025-2026,2025-10-18,15:30,Köln,1–1,Augsburg,50000.0,RheinEnergieSTADION,Timo Gerach
Bundesliga,2025-2026,2025-10-18,15:30,Heidenheim,2–2,Werder Bremen,15000.0,Voith-Arena,Patrick Ittrich
Bundesliga,2025-2026,2025-10-18,15:30,Mainz 05,3–4,Leverkusen,33305.0,Mewa Arena,Florian Exner
Bundesliga,2025-2026,2025-10-18,15:30,Wolfsburg,0–3,Stuttgart,26145.0,Volkswagen Arena,Florian Badstubner
Bundesliga,2025-2026,2025-10-18,15:30,RB Leipzig,2–1,Hamburger SV,47800.0,Red Bull Arena,Tobias Welz
Bundesliga,2025-2026,2025-10-18,18:30,Bayern Munich,2–1,Dortmund,75000.0,Allianz Arena,Bastian Dankert
Bundesliga,2025-2026,2025-10-19,15:30,Freiburg,2–2,Eintracht Frankfurt,34700.0,Europa-Park Stadion,Deniz Aytekin
Bundesliga,2025-2026,2025-10-19,17:30,St Pauli,0–3,Hoffenheim,29248.0,Millerntor-Stadion,Sven Jablonski
Bundesliga,2025-2026,2025-10-24,20:30,Werder Bremen,1–0,Union Berlin,42100.0,Weserstadion,Daniel Schlager
Bundesliga,2025-2026,2025-10-25,15:30,Eintracht Frankfurt,2–0,St Pauli,59500.0,Deutsche Bank Park,Robin Braun
Bundesliga,2025-2026,2025-10-25,15:30,Hamburger SV,0–1,Wolfsburg,57000.0,Volksparkstadion,Martin Petersen
Bundesliga,2025-2026,2025-10-25,15:30,Hoffenheim,3–1,Heidenheim,24127.0,PreZero Arena,Matthias Jollenbeck
Bundesliga,2025-2026,2025-10-25,15:30,Augsburg,0–6,RB Leipzig,28600.0,WWK Arena,Daniel Siebert
Bundesliga,2025-2026,2025-10-25,15:45,Gladbach,0–3,Bayern Munich,54042.0,Stadion im Borussia-Park,Sascha Stegemann
Bundesliga,2025-2026,2025-10-25,18:30,Dortmund,1–0,Köln,81365.0,Signal Iduna Park,Benjamin Brand
Bundesliga,2025-2026,2025-10-26,15:30,Leverkusen,2–0,Freiburg,30210.0,BayArena,Harm Osmers
Bundesliga,2025-2026,2025-10-26,17:30,Stuttgart,2–1,Mainz 05,59000.0,MHPArena,Felix Zwayer
Bundesliga,2025-2026,2025-10-31,20:30,Augsburg,0–1,Dortmund,30660.0,WWK Arena,Tobias Stieler
Bundesliga,2025-2026,2025-11-01,15:30,Union Berlin,0–0,Freiburg,22012.0,Stadion An der Alten Försterei,Sören Storks
Bundesliga,2025-2026,2025-11-01,15:30,RB Leipzig,3–1,Stuttgart,47800.0,Red Bull Arena,Sven Jablonski
Bundesliga,2025-2026,2025-11-01,15:30,Heidenheim,1–1,Eintracht Frankfurt,15000.0,Voith-Arena,Christian Dingert
Bundesliga,2025-2026,2025-11-01,15:30,St Pauli,0–4,Gladbach,29546.0,Millerntor-Stadion,Robert Hartmann
Bundesliga,2025-2026,2025-11-01,15:30,Mainz 05,1–1,Werder Bremen,33305.0,Mewa Arena,Florian Badstubner
Bundesliga,2025-2026,2025-11-01,18:30,Bayern Munich,3–0,Leverkusen,75000.0,Allianz Arena,Deniz Aytekin
Bundesliga,2025-2026,2025-11-02,15:30,Köln,4–1,Hamburger SV,50000.0,RheinEnergieSTADION,Daniel Schlager
Bundesliga,2025-2026,2025-11-02,17:30,Wolfsburg,2–3,Hoffenheim,19078.0,Volkswagen Arena,Frank Willenborg
Bundesliga,2025-2026,2025-11-07,20:30,Werder Bremen,2–1,Wolfsburg,40500.0,Weserstadion,Felix Zwayer
Bundesliga,2025-2026,2025-11-08,15:30,Hamburger SV,1–1,Dortmund,57000.0,Volksparkstadion,Tobias Reichel
Bundesliga,2025-2026,2025-11-08,15:30,Union Berlin,2–2,Bayern Munich,22012.0,Stadion An der Alten Försterei,Florian Exner
Bundesliga,2025-2026,2025-11-08,15:30,Hoffenheim,3–1,RB Leipzig,26561.0,PreZero Arena,Patrick Ittrich
Bundesliga,2025-2026,2025-11-08,15:30,Leverkusen,6–0,Heidenheim,29257.0,BayArena,Bastian Dankert
Bundesliga,2025-2026,2025-11-08,18:30,Gladbach,3–1,Köln,54042.0,Stadion im Borussia-Park,Deniz Aytekin
Bundesliga,2025-2026,2025-11-09,15:30,Freiburg,2–1,St Pauli,34700.0,Europa-Park Stadion,Benjamin Brand
Bundesliga,2025-2026,2025-11-09,17:30,Stuttgart,3–2,Augsburg,58500.0,MHPArena,Harm Osmers
Bundesliga,2025-2026,2025-11-09,19:30,Eintracht Frankfurt,1–0,Mainz 05,59000.0,Deutsche Bank Park,Matthias Jollenbeck
Bundesliga,2025-2026,2025-11-21,20:30,Mainz 05,1–1,Hoffenheim,28000.0,Mewa Arena,Sascha Stegemann
Bundesliga,2025-2026,2025-11-22,15:30,Wolfsburg,1–3,Leverkusen,25036.0,Volkswagen Arena,Robert Hartmann
Bundesliga,2025-2026,2025-11-22,15:30,Heidenheim,0–3,Gladbach,15000.0,Voith-Arena,Frank Willenborg
Bundesliga,2025-2026,2025-11-22,15:30,Dortmund,3–3,Stuttgart,81365.0,Signal Iduna Park,Benjamin Brand
Bundesliga,2025-2026,2025-11-22,15:30,Bayern Munich,6–2,Freiburg,75000.0,Allianz Arena,Sven Jablonski
Bundesliga,2025-2026,2025-11-22,15:30,Augsburg,1–0,Hamburger SV,30660.0,WWK Arena,Robin Braun
Bundesliga,2025-2026,2025-11-22,18:30,Köln,3–4,Eintracht Frankfurt,50000.0,RheinEnergieSTADION,Florian Badstubner
Bundesliga,2025-2026,2025-11-23,15:30,RB Leipzig,2–0,Werder Bremen,47800.0,Red Bull Arena,Martin Petersen
Bundesliga,2025-2026,2025-11-23,17:30,St Pauli,0–1,Union Berlin,29546.0,Millerntor-Stadion,Tobias Stieler
Bundesliga,2025-2026,2025-11-28,20:30,Gladbach,0–0,RB Leipzig,50029.0,Stadion im Borussia-Park,Timo Gerach
Bundesliga,2025-2026,2025-11-29,15:30,Union Berlin,1–2,Heidenheim,22012.0,Stadion An der Alten Försterei,Patrick Ittrich
Bundesliga,2025-2026,2025-11-29,15:30,Hoffenheim,3–0,Augsburg,20218.0,PreZero Arena,Christian Dingert
Bundesliga,2025-2026,2025-11-29,15:30,Bayern Munich,3–1,St Pauli,75000.0,Allianz Arena,Felix Zwayer
Bundesliga,2025-2026,2025-11-29,15:30,Werder Bremen,1–1,Köln,41800.0,Weserstadion,Bastian Dankert
Bundesliga,2025-2026,2025-11-29,18:30,Leverkusen,1–2,Dortmund,30210.0,BayArena,Tobias Welz
Bundesliga,2025-2026,2025-11-30,15:30,Hamburger SV,2–1,Stuttgart,57000.0,Volksparkstadion,Sören Storks
Bundesliga,2025-2026,2025-11-30,17:30,Eintracht Frankfurt,1–1,Wolfsburg,58000.0,Deutsche Bank Park,Harm Osmers
Bundesliga,2025-2026,2025-11-30,19:30,Freiburg,4–0,Mainz 05,33200.0,Europa-Park Stadion,Daniel Schlager
Bundesliga,2025-2026,2025-12-05,20:30,Mainz 05,0–1,Gladbach,30500.0,Mewa Arena,Benjamin Brand
Bundesliga,2025-2026,2025-12-06,15:30,Augsburg,2–0,Leverkusen,30000.0,WWK Arena,Sven Jablonski
Bundesliga,2025-2026,2025-12-06,15:30,Heidenheim,2–1,Freiburg,15000.0,Voith-Arena,Florian Exner
Bundesliga,2025-2026,2025-12-06,15:30,Stuttgart,0–5,Bayern Munich,60000.0,MHPArena,Tobias Stieler
Bundesliga,2025-2026,2025-12-06,15:30,Köln,1–1,St Pauli,50000.0,RheinEnergieSTADION,Tobias Reichel
Bundesliga,2025-2026,2025-12-06,15:30,Wolfsburg,3–1,Union Berlin,23045.0,Volkswagen Arena,Robert Schröder
Bundesliga,2025-2026,2025-12-06,18:30,RB Leipzig,6–0,Eintracht Frankfurt,47012.0,Red Bull Arena,Daniel Siebert
Bundesliga,2025-2026,2025-12-07,15:30,Hamburger SV,3–2,Werder Bremen,56100.0,Volksparkstadion,Sascha Stegemann
Bundesliga,2025-2026,2025-12-07,17:30,Dortmund,2–0,Hoffenheim,81365.0,Signal Iduna Park,Florian Badstubner
Bundesliga,2025-2026,2025-12-12,20:30,Union Berlin,3–1,RB Leipzig,22012.0,Stadion An der Alten Försterei,Daniel Schlager
Bundesliga,2025-2026,2025-12-13,15:30,St Pauli,2–1,Heidenheim,29546.0,Millerntor-Stadion,Sören Storks
Bundesliga,2025-2026,2025-12-13,15:30,Eintracht Frankfurt,1–0,Augsburg,58300.0,Deutsche Bank Park,Frank Willenborg
Bundesliga,2025-2026,2025-12-13,15:30,Hoffenheim,4–1,Hamburger SV,30150.0,PreZero Arena,Martin Petersen
Bundesliga,2025-2026,2025-12-13,15:30,Gladbach,1–3,Wolfsburg,47161.0,Stadion im Borussia-Park,Patrick Ittrich
Bundesliga,2025-2026,2025-12-13,18:30,Leverkusen,2–0,Köln,30210.0,BayArena,Harm Osmers
Bundesliga,2025-2026,2025-12-14,15:30,Freiburg,1–1,Dortmund,34700.0,Europa-Park Stadion,Felix Zwayer
Bundesliga,2025-2026,2025-12-14,17:30,Bayern Munich,2–2,Mainz 05,75000.0,Allianz Arena,Robin Braun
Bundesliga,2025-2026,2025-12-14,19:30,Werder Bremen,0–4,Stuttgart,42100.0,Weserstadion,Robert Hartmann
Bundesliga,2025-2026,2025-12-19,20:30,Dortmund,2–0,Gladbach,81365.0,Signal Iduna Park,Sven Jablonski
Bundesliga,2025-2026,2025-12-20,15:30,Stuttgart,0–0,Hoffenheim,59000.0,MHPArena,Daniel Siebert
Bundesliga,2025-2026,2025-12-20,15:30,Hamburger SV,1–1,Eintracht Frankfurt,57000.0,Volksparkstadion,Tobias Stieler
Bundesliga,2025-2026,2025-12-20,15:30,Wolfsburg,3–4,Freiburg,22045.0,Volkswagen Arena,Sascha Stegemann
Bundesliga,2025-2026,2025-12-20,15:30,Köln,0–1,Union Berlin,50000.0,RheinEnergieSTADION,Christian Dingert
Bundesliga,2025-2026,2025-12-20,15:30,Augsburg,0–0,Werder Bremen,30000.0,WWK Arena,Tobias Welz
Bundesliga,2025-2026,2025-12-20,18:30,RB Leipzig,1–3,Leverkusen,46053.0,Red Bull Arena,Benjamin Brand
Bundesliga,2025-2026,2025-12-21,15:30,Mainz 05,0–0,St Pauli,33000.0,Mewa Arena,Matthias Jollenbeck
Bundesliga,2025-2026,2025-12-21,17:30,Heidenheim,0–4,Bayern Munich,15000.0,Voith-Arena,Florian Badstubner
Bundesliga,2025-2026,2026-01-09,20:30,Eintracht Frankfurt,3–3,Dortmund,59500.0,Deutsche Bank Park,Daniel Schlager
Bundesliga,2025-2026,2026-01-10,15:30,Freiburg,2–1,Hamburger SV,34700.0,Europa-Park Stadion,Timo Gerach
Bundesliga,2025-2026,2026-01-10,15:30,Heidenheim,2–2,Köln,15000.0,Voith-Arena,Robert Schröder
Bundesliga,2025-2026,2026-01-10,15:30,Union Berlin,2–2,Mainz 05,22012.0,Stadion An der Alten Försterei,Bastian Dankert
Bundesliga,2025-2026,2026-01-10,18:30,Leverkusen,1–4,Stuttgart,30210.0,BayArena,Felix Zwayer
Bundesliga,2025-2026,2026-01-11,15:30,Gladbach,4–0,Augsburg,51050.0,Stadion im Borussia-Park,Harm Osmers
Bundesliga,2025-2026,2026-01-11,17:30,Bayern Munich,8–1,Wolfsburg,75000.0,Allianz Arena,Florian Badstubner
Bundesliga,2025-2026,2026-01-13,18:30,Stuttgart,3–2,Eintracht Frankfurt,59500.0,MHPArena,Matthias Jollenbeck
Bundesliga,2025-2026,2026-01-13,20:30,Mainz 05,2–1,Heidenheim,24500.0,Mewa Arena,Sven Jablonski
Bundesliga,2025-2026,2026-01-13,20:30,Dortmund,3–0,Werder Bremen,81365.0,Signal Iduna Park,Daniel Siebert
Bundesliga,2025-2026,2026-01-14,18:30,Wolfsburg,2–1,St Pauli,22031.0,Volkswagen Arena,Frank Willenborg
Bundesliga,2025-2026,2026-01-14,20:30,Hoffenheim,5–1,Gladbach,20750.0,PreZero Arena,Christian Dingert
Bundesliga,2025-2026,2026-01-14,20:30,RB Leipzig,2–0,Freiburg,30902.0,Red Bull Arena,Robert Hartmann
Bundesliga,2025-2026,2026-01-14,20:30,Köln,1–3,Bayern Munich,50000.0,RheinEnergieSTADION,Patrick Ittrich
Bundesliga,2025-2026,2026-01-15,20:30,Augsburg,1–1,Union Berlin,27267.0,WWK Arena,Florian Badstubner
Bundesliga,2025-2026,2026-01-16,20:30,Werder Bremen,3–3,Eintracht Frankfurt,41800.0,Weserstadion,Benjamin Brand
Bundesliga,2025-2026,2026-01-17,15:30,Hoffenheim,1–0,Leverkusen,26957.0,PreZero Arena,Daniel Schlager
Bundesliga,2025-2026,2026-01-17,15:30,Köln,2–1,Mainz 05,50000.0,RheinEnergieSTADION,Felix Zwayer
Bundesliga,2025-2026,2026-01-17,15:30,Wolfsburg,1–1,Heidenheim,19361.0,Volkswagen Arena,Tobias Welz
Bundesliga,2025-2026,2026-01-17,15:30,Dortmund,3–2,St Pauli,81365.0,Signal Iduna Park,Harm Osmers
Bundesliga,2025-2026,2026-01-17,15:30,Hamburger SV,0–0,Gladbach,57000.0,Volksparkstadion,Robert Schröder
Bundesliga,2025-2026,2026-01-17,18:30,RB Leipzig,1–5,Bayern Munich,47800.0,Red Bull Arena,Sascha Stegemann
Bundesliga,2025-2026,2026-01-18,15:30,Stuttgart,1–1,Union Berlin,59500.0,MHPArena,Deniz Aytekin
Bundesliga,2025-2026,2026-01-18,17:30,Augsburg,2–2,Freiburg,29160.0,WWK Arena,Martin Petersen
Bundesliga,2025-2026,2026-01-23,20:30,St Pauli,0–0,Hamburger SV,29546.0,Millerntor-Stadion,Tobias Welz
Bundesliga,2025-2026,2026-01-24,15:30,Leverkusen,1–0,Werder Bremen,30210.0,BayArena,Tobias Reichel
Bundesliga,2025-2026,2026-01-24,15:30,Heidenheim,0–3,RB Leipzig,14000.0,Voith-Arena,Tobias Stieler
Bundesliga,2025-2026,2026-01-24,15:30,Mainz 05,3–1,Wolfsburg,30000.0,Mewa Arena,Daniel Siebert
Bundesliga,2025-2026,2026-01-24,15:30,Bayern Munich,1–2,Augsburg,75000.0,Allianz Arena,Florian Exner
Bundesliga,2025-2026,2026-01-24,15:30,Eintracht Frankfurt,1–3,Hoffenheim,58500.0,Deutsche Bank Park,Sven Jablonski
Bundesliga,2025-2026,2026-01-24,18:30,Union Berlin,0–3,Dortmund,22012.0,Stadion An der Alten Försterei,Robert Hartmann
Bundesliga,2025-2026,2026-01-25,15:30,Gladbach,0–3,Stuttgart,48844.0,Stadion im Borussia-Park,Sören Storks
Bundesliga,2025-2026,2026-01-25,17:30,Freiburg,2–1,Köln,34700.0,Europa-Park Stadion,Bastian Dankert
Bundesliga,2025-2026,2026-01-27,20:30,Werder Bremen,0–2,Hoffenheim,39500.0,Weserstadion,Frank Willenborg
Bundesliga,2025-2026,2026-01-27,20:30,St Pauli,1–1,RB Leipzig,29147.0,Millerntor-Stadion,Florian Exner
Bundesliga,2025-2026,2026-01-30,20:30,Köln,1–0,Wolfsburg,50000.0,RheinEnergieSTADION,Martin Petersen
Bundesliga,2025-2026,2026-01-31,15:30,Augsburg,2–1,St Pauli,30660.0,WWK Arena,Sascha Stegemann
Bundesliga,2025-2026,2026-01-31,15:30,Werder Bremen,1–1,Gladbach,41800.0,Weserstadion,Felix Zwayer
Bundesliga,2025-2026,2026-01-31,15:30,RB Leipzig,1–2,Mainz 05,35487.0,Red Bull Arena,Daniel Schlager
Bundesliga,2025-2026,2026-01-31,15:30,Eintracht Frankfurt,1–3,Leverkusen,59000.0,Deutsche Bank Park,Robert Schröder
Bundesliga,2025-2026,2026-01-31,15:30,Hoffenheim,3–1,Union Berlin,19341.0,PreZero Arena,Robin Braun
Bundesliga,2025-2026,2026-01-31,18:30,Hamburger SV,2–2,Bayern Munich,57000.0,Volksparkstadion,Harm Osmers
Bundesliga,2025-2026,2026-02-01,15:30,Stuttgart,1–0,Freiburg,60000.0,MHPArena,Florian Badstubner
Bundesliga,2025-2026,2026-02-01,17:30,Dortmund,3–2,Heidenheim,81365.0,Signal Iduna Park,Matthias Jollenbeck
Bundesliga,2025-2026,2026-02-06,20:30,Union Berlin,1–1,Eintracht Frankfurt,22012.0,Stadion An der Alten Försterei,Sören Storks
Bundesliga,2025-2026,2026-02-07,15:30,Heidenheim,0–2,Hamburger SV,15000.0,Voith-Arena,Daniel Siebert
Bundesliga,2025-2026,2026-02-07,15:30,St Pauli,2–1,Stuttgart,29546.0,Millerntor-Stadion,Benjamin Brand
Bundesliga,2025-2026,2026-02-07,15:30,Mainz 05,2–0,Augsburg,31111.0,Mewa Arena,Patrick Ittrich
Bundesliga,2025-2026,2026-02-07,15:30,Wolfsburg,1–2,Dortmund,28917.0,Volkswagen Arena,Timo Gerach
Bundesliga,2025-2026,2026-02-07,15:30,Freiburg,1–0,Werder Bremen,34700.0,Europa-Park Stadion,Deniz Aytekin
Bundesliga,2025-2026,2026-02-07,18:30,Gladbach,1–1,Leverkusen,47599.0,Stadion im Borussia-Park,Christian Dingert
Bundesliga,2025-2026,2026-02-08,15:30,Köln,1–2,RB Leipzig,49000.0,RheinEnergieSTADION,Frank Willenborg
Bundesliga,2025-2026,2026-02-08,17:30,Bayern Munich,5–1,Hoffenheim,75000.0,Allianz Arena,Tobias Stieler
Bundesliga,2025-2026,2026-02-13,20:30,Dortmund,4–0,Mainz 05,81365.0,Signal Iduna Park,Tobias Welz
Bundesliga,2025-2026,2026-02-14,15:30,Hamburger SV,3–2,Union Berlin,57000.0,Volksparkstadion,Florian Badstubner
Bundesliga,2025-2026,2026-02-14,15:30,Hoffenheim,3–0,Freiburg,22679.0,PreZero Arena,Florian Exner
Bundesliga,2025-2026,2026-02-14,15:30,Eintracht Frankfurt,3–0,Gladbach,59500.0,Deutsche Bank Park,Martin Petersen
Bundesliga,2025-2026,2026-02-14,15:30,Werder Bremen,0–3,Bayern Munich,42100.0,Weserstadion,Bastian Dankert
Bundesliga,2025-2026,2026-02-14,15:30,Leverkusen,4–0,St Pauli,30210.0,BayArena,Sven Jablonski
Bundesliga,2025-2026,2026-02-14,18:30,Stuttgart,3–1,Köln,60000.0,MHPArena,Robert Hartmann
Bundesliga,2025-2026,2026-02-15,15:30,Augsburg,1–0,Heidenheim,30107.0,WWK Arena,Felix Zwayer
Bundesliga,2025-2026,2026-02-15,17:30,RB Leipzig,2–2,Wolfsburg,35787.0,Red Bull Arena,Matthias Jollenbeck
Bundesliga,2025-2026,2026-02-20,20:40,Mainz 05,1–1,Hamburger SV,33305.0,Mewa Arena,Robin Braun
Bundesliga,2025-2026,2026-02-21,15:30,Wolfsburg,2–3,Augsburg,19631.0,Volkswagen Arena,Daniel Schlager
Bundesliga,2025-2026,2026-02-21,15:30,Köln,2–2,Hoffenheim,49600.0,RheinEnergieSTADION,Robert Schröder
Bundesliga,2025-2026,2026-02-21,15:30,Bayern Munich,3–2,Eintracht Frankfurt,75000.0,Allianz Arena,Tobias Reichel
Bundesliga,2025-2026,2026-02-21,15:30,Union Berlin,1–0,Leverkusen,22012.0,Stadion An der Alten Försterei,Harm Osmers
Bundesliga,2025-2026,2026-02-21,18:30,RB Leipzig,2–2,Dortmund,47800.0,Red Bull Arena,Benjamin Brand
Bundesliga,2025-2026,2026-02-22,15:30,Freiburg,2–1,Gladbach,34700.0,Europa-Park Stadion,Daniel Siebert
Bundesliga,2025-2026,2026-02-22,17:30,St Pauli,2–1,Werder Bremen,29546.0,Millerntor-Stadion,Sören Storks
Bundesliga,2025-2026,2026-02-22,19:30,Heidenheim,3–3,Stuttgart,15000.0,Voith-Arena,Sascha Stegemann
Bundesliga,2025-2026,2026-02-27,20:30,Augsburg,2–0,Köln,30660.0,WWK Arena,Tobias Welz
Bundesliga,2025-2026,2026-02-28,15:30,Werder Bremen,2–0,Heidenheim,40000.0,Weserstadion,Florian Badstubner
Bundesliga,2025-2026,2026-02-28,15:30,Leverkusen,1–1,Mainz 05,30210.0,BayArena,Tobias Stieler
Bundesliga,2025-2026,2026-02-28,15:30,Hoffenheim,0–1,St Pauli,27786.0,PreZero Arena,Deniz Aytekin
Bundesliga,2025-2026,2026-02-28,15:30,Gladbach,1–0,Union Berlin,52488.0,Stadion im Borussia-Park,Matthias Jollenbeck
Bundesliga,2025-2026,2026-02-28,18:30,Dortmund,2–3,Bayern Munich,81365.0,Signal Iduna Park,Sven Jablonski
Bundesliga,2025-2026,2026-03-01,15:30,Stuttgart,4–0,Wolfsburg,57500.0,MHPArena,Patrick Ittrich
Bundesliga,2025-2026,2026-03-01,17:30,Eintracht Frankfurt,2–0,Freiburg,59000.0,Deutsche Bank Park,Christian Dingert
Bundesliga,2025-2026,2026-03-01,19:30,Hamburger SV,1–2,RB Leipzig,57000.0,Volksparkstadion,Bastian Dankert
Bundesliga,2025-2026,2026-03-04,20:30,Hamburger SV,0–1,Leverkusen,57000.0,Volksparkstadion,Sören Storks
Bundesliga,2025-2026,2026-03-06,20:30,Bayern Munich,4–1,Gladbach,75000.0,Allianz Arena,Robert Schröder
Bundesliga,2025-2026,2026-03-07,15:30,Wolfsburg,1–2,Hamburger SV,28917.0,Volkswagen Arena,Florian Exner
Bundesliga,2025-2026,2026-03-07,15:30,Mainz 05,2–2,Stuttgart,33305.0,Mewa Arena,Matthias Jollenbeck
Bundesliga,2025-2026,2026-03-07,15:30,Heidenheim,2–4,Hoffenheim,15000.0,Voith-Arena,Robert Hartmann
Bundesliga,2025-2026,2026-03-07,15:30,Freiburg,3–3,Leverkusen,34100.0,Europa-Park Stadion,Benjamin Brand
Bundesliga,2025-2026,2026-03-07,15:30,RB Leipzig,2–1,Augsburg,41563.0,Red Bull Arena,Martin Petersen
Bundesliga,2025-2026,2026-03-07,18:30,Köln,1–2,Dortmund,50000.0,RheinEnergieSTADION,Daniel Siebert
Bundesliga,2025-2026,2026-03-08,15:30,St Pauli,0–0,Eintracht Frankfurt,29546.0,Millerntor-Stadion,Felix Zwayer
Bundesliga,2025-2026,2026-03-08,17:30,Union Berlin,1–4,Werder Bremen,22012.0,Stadion An der Alten Försterei,Timo Gerach
Bundesliga,2025-2026,2026-03-13,20:30,Gladbach,2–0,St Pauli,49202.0,Stadion im Borussia-Park,Daniel Schlager
Bundesliga,2025-2026,2026-03-14,15:30,Hoffenheim,1–1,Wolfsburg,26252.0,PreZero Arena,Tobias Reichel
Bundesliga,2025-2026,2026-03-14,15:30,Eintracht Frankfurt,1–0,Heidenheim,58700.0,Deutsche Bank Park,Harm Osmers
Bundesliga,2025-2026,2026-03-14,15:30,Leverkusen,1–1,Bayern Munich,30210.0,BayArena,Christian Dingert
Bundesliga,2025-2026,2026-03-14,15:30,Dortmund,2–0,Augsburg,81365.0,Signal Iduna Park,Bastian Dankert
Bundesliga,2025-2026,2026-03-14,18:30,Hamburger SV,1–1,Köln,57000.0,Volksparkstadion,Tobias Welz
Bundesliga,2025-2026,2026-03-15,15:30,Werder Bremen,0–2,Mainz 05,41800.0,Weserstadion,Sascha Stegemann
Bundesliga,2025-2026,2026-03-15,17:30,Freiburg,0–1,Union Berlin,33200.0,Europa-Park Stadion,Sven Jablonski
Bundesliga,2025-2026,2026-03-15,19:30,Stuttgart,1–0,RB Leipzig,57500.0,MHPArena,Deniz Aytekin
Bundesliga,2025-2026,2026-03-20,20:30,RB Leipzig,5–0,Hoffenheim,40980.0,Red Bull Arena,Sven Jablonski
Bundesliga,2025-2026,2026-03-21,15:30,Heidenheim,3–3,Leverkusen,15000.0,Voith-Arena,Robin Braun
Bundesliga,2025-2026,2026-03-21,15:30,Wolfsburg,0–1,Werder Bremen,28917.0,Volkswagen Arena,Benjamin Brand
Bundesliga,2025-2026,2026-03-21,15:30,Köln,3–3,Gladbach,50000.0,RheinEnergieSTADION,Sören Storks
Bundesliga,2025-2026,2026-03-21,15:30,Bayern Munich,4–0,Union Berlin,75000.0,Allianz Arena,Patrick Ittrich
Bundesliga,2025-2026,2026-03-21,18:30,Dortmund,3–2,Hamburger SV,81365.0,Signal Iduna Park,Matthias Jollenbeck
Bundesliga,2025-2026,2026-03-22,15:30,Mainz 05,2–1,Eintracht Frankfurt,33305.0,Mewa Arena,Tobias Stieler
Bundesliga,2025-2026,2026-03-22,17:30,St Pauli,1–2,Freiburg,29546.0,Millerntor-Stadion,Florian Badstubner
Bundesliga,2025-2026,2026-03-22,19:30,Augsburg,2–5,Stuttgart,30660.0,WWK Arena,Felix Zwayer
Bundesliga,2025-2026,2026-04-04,15:30,Werder Bremen,1–2,RB Leipzig,41800.0,Weserstadion,Robert Hartmann
Bundesliga,2025-2026,2026-04-04,15:30,Gladbach,2–2,Heidenheim,52129.0,Stadion im Borussia-Park,Bastian Dankert
Bundesliga,2025-2026,2026-04-04,15:30,Hoffenheim,1–2,Mainz 05,30150.0,PreZero Arena,Harm Osmers
Bundesliga,2025-2026,2026-04-04,15:30,Freiburg,2–3,Bayern Munich,34700.0,Europa-Park Stadion,Daniel Siebert
Bundesliga,2025-2026,2026-04-04,15:30,Hamburger SV,1–1,Augsburg,57000.0,Volksparkstadion,Deniz Aytekin
Bundesliga,2025-2026,2026-04-04,15:30,Leverkusen,6–3,Wolfsburg,29619.0,BayArena,Martin Petersen
Bundesliga,2025-2026,2026-04-04,18:30,Stuttgart,0–2,Dortmund,60000.0,MHPArena,Robert Schröder
Bundesliga,2025-2026,2026-04-05,15:30,Union Berlin,1–1,St Pauli,22012.0,Stadion An der Alten Försterei,Tobias Welz
Bundesliga,2025-2026,2026-04-05,17:30,Eintracht Frankfurt,2–2,Köln,59300.0,Deutsche Bank Park,Florian Exner
Bundesliga,2025-2026,2026-04-10,20:30,Augsburg,2–2,Hoffenheim,28600.0,WWK Arena,Daniel Schlager
Bundesliga,2025-2026,2026-04-11,15:30,Wolfsburg,1–2,Eintracht Frankfurt,26132.0,Volkswagen Arena,Timo Gerach
Bundesliga,2025-2026,2026-04-11,15:30,RB Leipzig,1–0,Gladbach,47800.0,Red Bull Arena,Sascha Stegemann
Bundesliga,2025-2026,2026-04-11,15:30,Dortmund,0–1,Leverkusen,81365.0,Signal Iduna Park,Deniz Aytekin
Bundesliga,2025-2026,2026-04-11,15:30,Heidenheim,3–1,Union Berlin,15000.0,Voith-Arena,Christian Dingert
Bundesliga,2025-2026,2026-04-11,18:30,St Pauli,0–5,Bayern Munich,29546.0,Millerntor-Stadion,Tobias Stieler
Bundesliga,2025-2026,2026-04-12,15:30,Köln,3–1,Werder Bremen,50000.0,RheinEnergieSTADION,Tobias Reichel
Bundesliga,2025-2026,2026-04-12,17:30,Stuttgart,4–0,Hamburger SV,60000.0,MHPArena,Sven Jablonski
Bundesliga,2025-2026,2026-04-12,19:30,Mainz 05,0–1,Freiburg,30000.0,Mewa Arena,Felix Zwayer
Bundesliga,2025-2026,2026-04-17,20:30,St Pauli,1–1,Köln,29546.0,Millerntor-Stadion,Matthias Jollenbeck
Bundesliga,2025-2026,2026-04-18,15:30,Werder Bremen,3–1,Hamburger SV,40000.0,Weserstadion,Florian Exner
Bundesliga,2025-2026,2026-04-18,15:30,Leverkusen,1–2,Augsburg,29282.0,BayArena,Benjamin Brand
Bundesliga,2025-2026,2026-04-18,15:30,Hoffenheim,2–1,Dortmund,30150.0,PreZero Arena,Daniel Siebert
Bundesliga,2025-2026,2026-04-18,15:30,Union Berlin,1–2,Wolfsburg,22012.0,Stadion An der Alten Försterei,Florian Badstubner
Bundesliga,2025-2026,2026-04-18,18:30,Eintracht Frankfurt,1–3,RB Leipzig,58500.0,Deutsche Bank Park,Bastian Dankert
Bundesliga,2025-2026,2026-04-19,15:30,Freiburg,2–1,Heidenheim,33800.0,Europa-Park Stadion,Patrick Ittrich
Bundesliga,2025-2026,2026-04-19,17:30,Bayern Munich,4–2,Stuttgart,75000.0,Allianz Arena,Sören Storks
Bundesliga,2025-2026,2026-04-19,19:30,Gladbach,1–1,Mainz 05,50245.0,Stadion im Borussia-Park,Tobias Welz
Bundesliga,2025-2026,2026-04-24,20:30,RB Leipzig,3–1,Union Berlin,47800.0,Red Bull Arena,Sven Jablonski
Bundesliga,2025-2026,2026-04-25,15:30,Heidenheim,2–0,St Pauli,15000.0,Voith-Arena,Felix Zwayer
Bundesliga,2025-2026,2026-04-25,15:30,Köln,1–2,Leverkusen,50000.0,RheinEnergieSTADION,Robert Hartmann
Bundesliga,2025-2026,2026-04-25,15:30,Wolfsburg,0–0,Gladbach,27947.0,Volkswagen Arena,Tobias Stieler
Bundesliga,2025-2026,2026-04-25,15:30,Augsburg,1–1,Eintracht Frankfurt,30660.0,WWK Arena,Harm Osmers
Bundesliga,2025-2026,2026-04-25,15:30,Mainz 05,3–4,Bayern Munich,33305.0,Mewa Arena,Martin Petersen
Bundesliga,2025-2026,2026-04-25,18:30,Hamburger SV,1–2,Hoffenheim,57000.0,Volksparkstadion,Robert Schröder
Bundesliga,2025-2026,2026-04-26,15:30,Stuttgart,1–1,Werder Bremen,60000.0,MHPArena,Christian Dingert
Bundesliga,2025-2026,2026-04-26,17:30,Dortmund,4–0,Freiburg,81365.0,Signal Iduna Park,Robin Braun
Bundesliga,2024-2025,2024-08-23,20:30,Gladbach,2–3,Leverkusen,54042.0,Stadion im Borussia-Park,Robert Schröder
Bundesliga,2024-2025,2024-08-24,15:30,Hoffenheim,3–2,Holstein Kiel,18503.0,PreZero Arena,Tobias Stieler
Bundesliga,2024-2025,2024-08-24,15:30,Mainz 05,1–1,Union Berlin,31500.0,Mewa Arena,Harm Osmers
Bundesliga,2024-2025,2024-08-24,15:30,Augsburg,2–2,Werder Bremen,30660.0,WWK Arena,Sascha Stegemann
Bundesliga,2024-2025,2024-08-24,15:30,Freiburg,3–1,Stuttgart,34700.0,Europa-Park Stadion,Tobias Welz
Bundesliga,2024-2025,2024-08-24,15:30,RB Leipzig,1–0,Bochum,44611.0,Red Bull Arena,Benjamin Brand
Bundesliga,2024-2025,2024-08-24,18:30,Dortmund,2–0,Eintracht Frankfurt,81365.0,Signal Iduna Park,Felix Zwayer
Bundesliga,2024-2025,2024-08-25,15:30,Wolfsburg,2–3,Bayern Munich,30000.0,Volkswagen Arena,Daniel Siebert
Bundesliga,2024-2025,2024-08-25,17:30,St Pauli,0–2,Heidenheim,29157.0,Millerntor-Stadion,Sven Jablonski
Bundesliga,2024-2025,2024-08-30,20:30,Union Berlin,1–0,St Pauli,22012.0,Stadion An der Alten Försterei,Bastian Dankert
Bundesliga,2024-2025,2024-08-31,15:30,Werder Bremen,0–0,Dortmund,42100.0,Weserstadion,Robert Hartmann
Bundesliga,2024-2025,2024-08-31,15:30,Eintracht Frankfurt,3–1,Hoffenheim,57100.0,Deutsche Bank Park,Florian Badstubner
Bundesliga,2024-2025,2024-08-31,15:30,Bochum,0–2,Gladbach,26000.0,Vonovia Ruhrstadion,Sören Storks
Bundesliga,2024-2025,2024-08-31,15:30,Holstein Kiel,0–2,Wolfsburg,15034.0,Holstein-Stadion,Florian Exner
Bundesliga,2024-2025,2024-08-31,15:30,Stuttgart,3–3,Mainz 05,59000.0,MHPArena,Timo Gerach
Bundesliga,2024-2025,2024-08-31,18:30,Leverkusen,2–3,RB Leipzig,29615.0,BayArena,Matthias Jollenbeck
Bundesliga,2024-2025,2024-09-01,15:30,Heidenheim,4–0,Augsburg,15000.0,Voith-Arena,Martin Petersen
Bundesliga,2024-2025,2024-09-01,17:30,Bayern Munich,2–0,Freiburg,75000.0,Allianz Arena,Christian Dingert
Bundesliga,2024-2025,2024-09-13,20:30,Dortmund,4–2,Heidenheim,81365.0,Signal Iduna Park,Robert Schröder
Bundesliga,2024-2025,2024-09-14,15:30,RB Leipzig,0–0,Union Berlin,47800.0,Red Bull Arena,Sven Jablonski
Bundesliga,2024-2025,2024-09-14,15:30,Gladbach,1–3,Stuttgart,53756.0,Stadion im Borussia-Park,Felix Brych
Bundesliga,2024-2025,2024-09-14,15:30,Freiburg,2–1,Bochum,34100.0,Europa-Park Stadion,Daniel Siebert
Bundesliga,2024-2025,2024-09-14,15:30,Wolfsburg,1–2,Eintracht Frankfurt,26281.0,Volkswagen Arena,Harm Osmers
Bundesliga,2024-2025,2024-09-14,15:30,Hoffenheim,1–4,Leverkusen,30150.0,PreZero Arena,Daniel Schlager
Bundesliga,2024-2025,2024-09-14,18:30,Holstein Kiel,1–6,Bayern Munich,15034.0,Holstein-Stadion,Tobias Reichel
Bundesliga,2024-2025,2024-09-15,15:30,Augsburg,3–1,St Pauli,30660.0,WWK Arena,Felix Zwayer
Bundesliga,2024-2025,2024-09-15,17:30,Mainz 05,1–2,Werder Bremen,32000.0,Mewa Arena,Benjamin Brand
Bundesliga,2024-2025,2024-09-20,20:30,Augsburg,2–3,Mainz 05,28913.0,WWK Arena,Sören Storks
Bundesliga,2024-2025,2024-09-21,15:30,Union Berlin,2–1,Hoffenheim,21831.0,Stadion An der Alten Försterei,Matthias Jollenbeck
Bundesliga,2024-2025,2024-09-21,15:30,Bochum,2–2,Holstein Kiel,26000.0,Vonovia Ruhrstadion,Martin Petersen
Bundesliga,2024-2025,2024-09-21,15:30,Heidenheim,0–3,Freiburg,15000.0,Voith-Arena,Benjamin Brand
Bundesliga,2024-2025,2024-09-21,15:30,Werder Bremen,0–5,Bayern Munich,42100.0,Weserstadion,Bastian Dankert
Bundesliga,2024-2025,2024-09-21,18:30,Eintracht Frankfurt,2–0,Gladbach,58000.0,Deutsche Bank Park,Tobias Welz
Bundesliga,2024-2025,2024-09-22,15:30,Leverkusen,4–3,Wolfsburg,29250.0,BayArena,Sascha Stegemann
Bundesliga,2024-2025,2024-09-22,17:30,Stuttgart,5–1,Dortmund,60000.0,MHPArena,Florian Badstubner
Bundesliga,2024-2025,2024-09-22,19:30,St Pauli,0–0,RB Leipzig,29251.0,Millerntor-Stadion,Robert Hartmann
Bundesliga,2024-2025,2024-09-27,20:30,Dortmund,4–2,Bochum,81365.0,Signal Iduna Park,Felix Brych
Bundesliga,2024-2025,2024-09-28,15:30,Mainz 05,0–2,Heidenheim,31500.0,Mewa Arena,Florian Exner
Bundesliga,2024-2025,2024-09-28,15:30,Freiburg,0–3,St Pauli,34700.0,Europa-Park Stadion,Timo Gerach
Bundesliga,2024-2025,2024-09-28,15:30,RB Leipzig,4–0,Augsburg,44407.0,Red Bull Arena,Daniel Siebert
Bundesliga,2024-2025,2024-09-28,15:30,Gladbach,1–0,Union Berlin,53056.0,Stadion im Borussia-Park,Daniel Schlager
Bundesliga,2024-2025,2024-09-28,15:30,Wolfsburg,2–2,Stuttgart,27135.0,Volkswagen Arena,Sven Jablonski
Bundesliga,2024-2025,2024-09-28,18:30,Bayern Munich,1–1,Leverkusen,75000.0,Allianz Arena,Felix Zwayer
Bundesliga,2024-2025,2024-09-29,15:30,Holstein Kiel,2–4,Eintracht Frankfurt,15034.0,Holstein-Stadion,Tobias Stieler
Bundesliga,2024-2025,2024-09-29,17:30,Hoffenheim,3–4,Werder Bremen,26018.0,PreZero Arena,Tobias Reichel
Bundesliga,2024-2025,2024-10-04,20:30,Augsburg,2–1,Gladbach,30660.0,WWK Arena,Florian Badstubner
Bundesliga,2024-2025,2024-10-05,15:30,Bochum,1–3,Wolfsburg,24630.0,Vonovia Ruhrstadion,Max Burda
Bundesliga,2024-2025,2024-10-05,15:30,Union Berlin,2–1,Dortmund,22012.0,Stadion An der Alten Försterei,Tobias Reichel
Bundesliga,2024-2025,2024-10-05,15:30,Werder Bremen,0–1,Freiburg,41200.0,Weserstadion,Tobias Welz
Bundesliga,2024-2025,2024-10-05,15:30,Leverkusen,2–2,Holstein Kiel,30210.0,BayArena,Robert Hartmann
Bundesliga,2024-2025,2024-10-05,18:30,St Pauli,0–3,Mainz 05,29546.0,Millerntor-Stadion,Christian Dingert
Bundesliga,2024-2025,2024-10-06,15:30,Heidenheim,0–1,RB Leipzig,15000.0,Voith-Arena,Sascha Stegemann
Bundesliga,2024-2025,2024-10-06,17:30,Eintracht Frankfurt,3–3,Bayern Munich,58000.0,Deutsche Bank Park,Benjamin Brand
Bundesliga,2024-2025,2024-10-06,19:30,Stuttgart,1–1,Hoffenheim,58000.0,MHPArena,Harm Osmers
Bundesliga,2024-2025,2024-10-18,20:30,Dortmund,2–1,St Pauli,81365.0,Signal Iduna Park,Matthias Jollenbeck
Bundesliga,2024-2025,2024-10-19,15:30,Leverkusen,2–1,Eintracht Frankfurt,30210.0,BayArena,Felix Brych
Bundesliga,2024-2025,2024-10-19,15:30,Mainz 05,0–2,RB Leipzig,30100.0,Mewa Arena,Felix Zwayer
Bundesliga,2024-2025,2024-10-19,15:30,Freiburg,3–1,Augsburg,33500.0,Europa-Park Stadion,Bastian Dankert
Bundesliga,2024-2025,2024-10-19,15:30,Hoffenheim,3–1,Bochum,19281.0,PreZero Arena,Sören Storks
Bundesliga,2024-2025,2024-10-19,15:30,Gladbach,3–2,Heidenheim,50000.0,Stadion im Borussia-Park,Daniel Siebert
Bundesliga,2024-2025,2024-10-19,18:30,Bayern Munich,4–0,Stuttgart,75000.0,Allianz Arena,Tobias Stieler
Bundesliga,2024-2025,2024-10-20,15:30,Holstein Kiel,0–2,Union Berlin,15034.0,Holstein-Stadion,Timo Gerach
Bundesliga,2024-2025,2024-10-20,17:30,Wolfsburg,2–4,Werder Bremen,28917.0,Volkswagen Arena,Daniel Schlager
Bundesliga,2024-2025,2024-10-25,20:30,Mainz 05,1–1,Gladbach,33000.0,Mewa Arena,Martin Petersen
Bundesliga,2024-2025,2024-10-26,15:30,St Pauli,0–0,Wolfsburg,29546.0,Millerntor-Stadion,Tobias Reichel
Bundesliga,2024-2025,2024-10-26,15:30,Stuttgart,2–1,Holstein Kiel,59000.0,MHPArena,Robert Hartmann
Bundesliga,2024-2025,2024-10-26,15:30,Augsburg,2–1,Dortmund,30660.0,WWK Arena,Tobias Welz
Bundesliga,2024-2025,2024-10-26,15:30,RB Leipzig,3–1,Freiburg,45908.0,Red Bull Arena,Sven Jablonski
Bundesliga,2024-2025,2024-10-26,18:30,Werder Bremen,2–2,Leverkusen,42100.0,Weserstadion,Florian Badstubner
Bundesliga,2024-2025,2024-10-27,15:30,Bochum,0–5,Bayern Munich,26000.0,Vonovia Ruhrstadion,Florian Exner
Bundesliga,2024-2025,2024-10-27,17:30,Union Berlin,1–1,Eintracht Frankfurt,22012.0,Stadion An der Alten Försterei,Harm Osmers
Bundesliga,2024-2025,2024-10-27,19:30,Heidenheim,0–0,Hoffenheim,15000.0,Voith-Arena,Christian Dingert
Bundesliga,2024-2025,2024-11-01,20:30,Leverkusen,0–0,Stuttgart,30210.0,BayArena,Daniel Siebert
Bundesliga,2024-2025,2024-11-02,15:30,Wolfsburg,1–1,Augsburg,22654.0,Volkswagen Arena,Felix Brych
Bundesliga,2024-2025,2024-11-02,15:30,Bayern Munich,3–0,Union Berlin,75000.0,Allianz Arena,Matthias Jollenbeck
Bundesliga,2024-2025,2024-11-02,15:30,Eintracht Frankfurt,7–2,Bochum,58000.0,Deutsche Bank Park,Daniel Schlager
Bundesliga,2024-2025,2024-11-02,15:30,Holstein Kiel,1–0,Heidenheim,14405.0,Holstein-Stadion,Frank Willenborg
Bundesliga,2024-2025,2024-11-02,15:30,Hoffenheim,0–2,St Pauli,26199.0,PreZero Arena,Sascha Stegemann
Bundesliga,2024-2025,2024-11-02,18:30,Dortmund,2–1,RB Leipzig,81365.0,Signal Iduna Park,Tobias Stieler
Bundesliga,2024-2025,2024-11-03,15:30,Freiburg,0–0,Mainz 05,34400.0,Europa-Park Stadion,Benjamin Brand
Bundesliga,2024-2025,2024-11-03,17:30,Gladbach,4–1,Werder Bremen,54042.0,Stadion im Borussia-Park,Bastian Dankert
Bundesliga,2024-2025,2024-11-08,20:30,Union Berlin,0–0,Freiburg,22012.0,Stadion An der Alten Försterei,Tobias Reichel
Bundesliga,2024-2025,2024-11-09,15:30,Bochum,1–1,Leverkusen,26000.0,Vonovia Ruhrstadion,Robert Hartmann
Bundesliga,2024-2025,2024-11-09,15:30,Werder Bremen,2–1,Holstein Kiel,42100.0,Weserstadion,Sören Storks
Bundesliga,2024-2025,2024-11-09,15:30,Mainz 05,3–1,Dortmund,33000.0,Mewa Arena,Florian Badstubner
Bundesliga,2024-2025,2024-11-09,15:30,St Pauli,0–1,Bayern Munich,29546.0,Millerntor-Stadion,Timo Gerach
Bundesliga,2024-2025,2024-11-09,18:30,RB Leipzig,0–0,Gladbach,46887.0,Red Bull Arena,Christian Dingert
Bundesliga,2024-2025,2024-11-10,15:30,Augsburg,0–0,Hoffenheim,28300.0,WWK Arena,Martin Petersen
Bundesliga,2024-2025,2024-11-10,17:30,Stuttgart,2–3,Eintracht Frankfurt,60000.0,MHPArena,Felix Zwayer
Bundesliga,2024-2025,2024-11-10,19:30,Heidenheim,1–3,Wolfsburg,15000.0,Voith-Arena,Harm Osmers
Bundesliga,2024-2025,2024-11-22,20:30,Bayern Munich,3–0,Augsburg,75000.0,Allianz Arena,Daniel Schlager
Bundesliga,2024-2025,2024-11-23,15:30,Wolfsburg,1–0,Union Berlin,23861.0,Volkswagen Arena,Tobias Stieler
Bundesliga,2024-2025,2024-11-23,15:30,Leverkusen,5–2,Heidenheim,29103.0,BayArena,Bastian Dankert
Bundesliga,2024-2025,2024-11-23,15:30,Hoffenheim,4–3,RB Leipzig,28023.0,PreZero Arena,Frank Willenborg
Bundesliga,2024-2025,2024-11-23,15:30,Stuttgart,2–0,Bochum,59000.0,MHPArena,Benjamin Brand
Bundesliga,2024-2025,2024-11-23,15:30,Dortmund,4–0,Freiburg,81365.0,Signal Iduna Park,Felix Brych
Bundesliga,2024-2025,2024-11-23,18:30,Eintracht Frankfurt,1–0,Werder Bremen,58000.0,Deutsche Bank Park,Florian Badstubner
Bundesliga,2024-2025,2024-11-24,15:30,Holstein Kiel,0–3,Mainz 05,14906.0,Holstein-Stadion,Sascha Stegemann
Bundesliga,2024-2025,2024-11-24,17:30,Gladbach,2–0,St Pauli,54042.0,Stadion im Borussia-Park,Robin Braun
Bundesliga,2024-2025,2024-11-29,20:30,St Pauli,3–1,Holstein Kiel,29546.0,Millerntor-Stadion,Felix Zwayer
Bundesliga,2024-2025,2024-11-30,15:30,RB Leipzig,1–5,Wolfsburg,40000.0,Red Bull Arena,Martin Petersen
Bundesliga,2024-2025,2024-11-30,15:30,Freiburg,3–1,Gladbach,34700.0,Europa-Park Stadion,Robert Hartmann
Bundesliga,2024-2025,2024-11-30,15:30,Union Berlin,1–2,Leverkusen,22012.0,Stadion An der Alten Försterei,Christian Dingert
Bundesliga,2024-2025,2024-11-30,15:30,Werder Bremen,2–2,Stuttgart,42100.0,Weserstadion,Harm Osmers
Bundesliga,2024-2025,2024-11-30,15:30,Augsburg,1–0,Bochum,29556.0,WWK Arena,Tobias Reichel
Bundesliga,2024-2025,2024-11-30,18:30,Dortmund,1–1,Bayern Munich,81365.0,Signal Iduna Park,Sven Jablonski
Bundesliga,2024-2025,2024-12-01,15:30,Mainz 05,2–0,Hoffenheim,30400.0,Mewa Arena,Daniel Siebert
Bundesliga,2024-2025,2024-12-01,17:30,Heidenheim,0–4,Eintracht Frankfurt,15000.0,Voith-Arena,Florian Exner
Bundesliga,2024-2025,2024-12-06,20:30,Stuttgart,3–2,Union Berlin,59000.0,MHPArena,Tobias Welz
Bundesliga,2024-2025,2024-12-07,15:30,Bochum,0–1,Werder Bremen,26000.0,Vonovia Ruhrstadion,Felix Brych
Bundesliga,2024-2025,2024-12-07,15:30,Holstein Kiel,0–2,RB Leipzig,14715.0,Holstein-Stadion,Florian Badstubner
Bundesliga,2024-2025,2024-12-07,15:30,Leverkusen,2–1,St Pauli,30210.0,BayArena,Matthias Jollenbeck
Bundesliga,2024-2025,2024-12-07,15:30,Eintracht Frankfurt,2–2,Augsburg,57000.0,Deutsche Bank Park,Bastian Dankert
Bundesliga,2024-2025,2024-12-07,15:30,Bayern Munich,4–2,Heidenheim,75000.0,Allianz Arena,Sören Storks
Bundesliga,2024-2025,2024-12-07,18:30,Gladbach,1–1,Dortmund,54042.0,Stadion im Borussia-Park,Tobias Stieler
Bundesliga,2024-2025,2024-12-08,15:30,Wolfsburg,4–3,Mainz 05,20036.0,Volkswagen Arena,Timo Gerach
Bundesliga,2024-2025,2024-12-08,17:30,Hoffenheim,1–1,Freiburg,22027.0,PreZero Arena,Sven Jablonski
Bundesliga,2024-2025,2024-12-13,20:30,Freiburg,3–2,Wolfsburg,32600.0,Europa-Park Stadion,Sascha Stegemann
Bundesliga,2024-2025,2024-12-14,15:30,Augsburg,0–2,Leverkusen,29310.0,WWK Arena,Felix Zwayer
Bundesliga,2024-2025,2024-12-14,15:30,Mainz 05,2–1,Bayern Munich,33305.0,Mewa Arena,Frank Willenborg
Bundesliga,2024-2025,2024-12-14,15:30,Union Berlin,0–2,Bochum,22012.0,Stadion An der Alten Försterei,Martin Petersen
Bundesliga,2024-2025,2024-12-14,15:30,Gladbach,4–1,Holstein Kiel,52210.0,Stadion im Borussia-Park,Daniel Schlager
Bundesliga,2024-2025,2024-12-14,18:30,St Pauli,0–2,Werder Bremen,29546.0,Millerntor-Stadion,Robert Hartmann
Bundesliga,2024-2025,2024-12-15,15:30,Heidenheim,1–3,Stuttgart,15000.0,Voith-Arena,Christian Dingert
Bundesliga,2024-2025,2024-12-15,17:30,Dortmund,1–1,Hoffenheim,81365.0,Signal Iduna Park,Harm Osmers
Bundesliga,2024-2025,2024-12-15,19:30,RB Leipzig,2–1,Eintracht Frankfurt,40193.0,Red Bull Arena,Benjamin Brand
Bundesliga,2024-2025,2024-12-20,20:30,Bayern Munich,5–1,RB Leipzig,75000.0,Allianz Arena,Daniel Siebert
Bundesliga,2024-2025,2024-12-21,15:30,Werder Bremen,4–1,Union Berlin,42100.0,Weserstadion,Florian Exner
Bundesliga,2024-2025,2024-12-21,15:30,Eintracht Frankfurt,1–3,Mainz 05,58000.0,Deutsche Bank Park,Florian Badstubner
Bundesliga,2024-2025,2024-12-21,15:30,Stuttgart,0–1,St Pauli,60000.0,MHPArena,Felix Brych
Bundesliga,2024-2025,2024-12-21,15:30,Hoffenheim,1–2,Gladbach,28923.0,PreZero Arena,Bastian Dankert
Bundesliga,2024-2025,2024-12-21,15:30,Holstein Kiel,5–1,Augsburg,14830.0,Holstein-Stadion,Tobias Welz
Bundesliga,2024-2025,2024-12-21,18:30,Leverkusen,5–1,Freiburg,30210.0,BayArena,Tobias Stieler
Bundesliga,2024-2025,2024-12-22,15:30,Bochum,2–0,Heidenheim,24328.0,Vonovia Ruhrstadion,Sven Jablonski
Bundesliga,2024-2025,2024-12-22,17:30,Wolfsburg,1–3,Dortmund,28917.0,Volkswagen Arena,Matthias Jollenbeck
Bundesliga,2024-2025,2025-01-10,20:45,Dortmund,2–3,Leverkusen,81365.0,Signal Iduna Park,Tobias Stieler
Bundesliga,2024-2025,2025-01-11,15:30,Mainz 05,2–0,Bochum,32000.0,Mewa Arena,Benjamin Brand
Bundesliga,2024-2025,2025-01-11,15:30,St Pauli,0–1,Eintracht Frankfurt,29546.0,Millerntor-Stadion,Harm Osmers
Bundesliga,2024-2025,2025-01-11,15:30,Heidenheim,2–0,Union Berlin,15000.0,Voith-Arena,Robert Hartmann
Bundesliga,2024-2025,2025-01-11,15:30,Freiburg,3–2,Holstein Kiel,33700.0,Europa-Park Stadion,Sören Storks
Bundesliga,2024-2025,2025-01-11,15:30,Hoffenheim,0–1,Wolfsburg,18114.0,PreZero Arena,Christian Dingert
Bundesliga,2024-2025,2025-01-11,18:30,Gladbach,0–1,Bayern Munich,54042.0,Stadion im Borussia-Park,Felix Zwayer
Bundesliga,2024-2025,2025-01-12,15:30,RB Leipzig,4–2,Werder Bremen,47187.0,Red Bull Arena,Tobias Reichel
Bundesliga,2024-2025,2025-01-12,17:30,Augsburg,0–1,Stuttgart,30660.0,WWK Arena,Daniel Schlager
Bundesliga,2024-2025,2025-01-14,18:30,Holstein Kiel,4–2,Dortmund,15034.0,Holstein-Stadion,Martin Petersen
Bundesliga,2024-2025,2025-01-14,20:30,Wolfsburg,5–1,Gladbach,20519.0,Volkswagen Arena,Florian Badstubner
Bundesliga,2024-2025,2025-01-14,20:30,Leverkusen,1–0,Mainz 05,30210.0,BayArena,Tobias Welz
Bundesliga,2024-2025,2025-01-14,20:30,Eintracht Frankfurt,4–1,Freiburg,56500.0,Deutsche Bank Park,Sven Jablonski
Bundesliga,2024-2025,2025-01-15,18:30,Bochum,1–0,St Pauli,26000.0,Vonovia Ruhrstadion,Daniel Siebert
Bundesliga,2024-2025,2025-01-15,20:30,Union Berlin,0–2,Augsburg,21560.0,Stadion An der Alten Försterei,Frank Willenborg
Bundesliga,2024-2025,2025-01-15,20:30,Stuttgart,2–1,RB Leipzig,57500.0,MHPArena,Sascha Stegemann
Bundesliga,2024-2025,2025-01-15,20:30,Werder Bremen,3–3,Heidenheim,39350.0,Weserstadion,Matthias Jollenbeck
Bundesliga,2024-2025,2025-01-15,20:30,Bayern Munich,5–0,Hoffenheim,75000.0,Allianz Arena,Timo Gerach
Bundesliga,2024-2025,2025-01-17,20:30,Eintracht Frankfurt,2–0,Dortmund,58000.0,Deutsche Bank Park,Daniel Schlager
Bundesliga,2024-2025,2025-01-18,15:30,Stuttgart,4–0,Freiburg,60000.0,MHPArena,Felix Zwayer
Bundesliga,2024-2025,2025-01-18,15:30,Bochum,3–3,RB Leipzig,24158.0,Vonovia Ruhrstadion,Robert Hartmann
Bundesliga,2024-2025,2025-01-18,15:30,Bayern Munich,3–2,Wolfsburg,75000.0,Allianz Arena,Tobias Reichel
Bundesliga,2024-2025,2025-01-18,15:30,Holstein Kiel,1–3,Hoffenheim,13923.0,Holstein-Stadion,Felix Brych
Bundesliga,2024-2025,2025-01-18,15:30,Heidenheim,0–2,St Pauli,15000.0,Voith-Arena,Bastian Dankert
Bundesliga,2024-2025,2025-01-18,18:30,Leverkusen,3–1,Gladbach,30210.0,BayArena,Harm Osmers
Bundesliga,2024-2025,2025-01-19,15:30,Union Berlin,2–1,Mainz 05,21646.0,Stadion An der Alten Försterei,Florian Exner
Bundesliga,2024-2025,2025-01-19,17:30,Werder Bremen,0–2,Augsburg,39350.0,Weserstadion,Benjamin Brand
Bundesliga,2024-2025,2025-01-24,20:30,Wolfsburg,2–2,Holstein Kiel,22103.0,Volkswagen Arena,Sven Jablonski
Bundesliga,2024-2025,2025-01-25,15:30,Mainz 05,2–0,Stuttgart,33000.0,Mewa Arena,Tobias Stieler
Bundesliga,2024-2025,2025-01-25,15:30,RB Leipzig,2–2,Leverkusen,46793.0,Red Bull Arena,Bastian Dankert
Bundesliga,2024-2025,2025-01-25,15:30,Freiburg,1–2,Bayern Munich,34700.0,Europa-Park Stadion,Daniel Siebert
Bundesliga,2024-2025,2025-01-25,15:30,Augsburg,2–1,Heidenheim,30660.0,WWK Arena,Florian Badstubner
Bundesliga,2024-2025,2025-01-25,15:30,Dortmund,2–2,Werder Bremen,81365.0,Signal Iduna Park,Christian Dingert
Bundesliga,2024-2025,2025-01-25,18:30,Gladbach,3–0,Bochum,54042.0,Stadion im Borussia-Park,Matthias Jollenbeck
Bundesliga,2024-2025,2025-01-26,15:30,Hoffenheim,2–2,Eintracht Frankfurt,30150.0,PreZero Arena,Sascha Stegemann
Bundesliga,2024-2025,2025-01-26,17:30,St Pauli,3–0,Union Berlin,29546.0,Millerntor-Stadion,Sören Storks
Bundesliga,2024-2025,2025-01-31,20:30,Werder Bremen,1–0,Mainz 05,40500.0,Weserstadion,Martin Petersen
Bundesliga,2024-2025,2025-02-01,15:30,St Pauli,1–1,Augsburg,29546.0,Millerntor-Stadion,Tobias Reichel
Bundesliga,2024-2025,2025-02-01,15:30,Bochum,0–1,Freiburg,25900.0,Vonovia Ruhrstadion,Tobias Welz
Bundesliga,2024-2025,2025-02-01,15:30,Heidenheim,1–2,Dortmund,15000.0,Voith-Arena,Frank Willenborg
Bundesliga,2024-2025,2025-02-01,15:30,Stuttgart,1–2,Gladbach,60000.0,MHPArena,Robert Hartmann
Bundesliga,2024-2025,2025-02-01,15:30,Bayern Munich,4–3,Holstein Kiel,75000.0,Allianz Arena,Florian Exner
Bundesliga,2024-2025,2025-02-01,18:30,Union Berlin,0–0,RB Leipzig,22012.0,Stadion An der Alten Försterei,Daniel Schlager
Bundesliga,2024-2025,2025-02-02,15:30,Eintracht Frankfurt,1–1,Wolfsburg,56900.0,Deutsche Bank Park,Benjamin Brand
Bundesliga,2024-2025,2025-02-02,17:30,Leverkusen,3–1,Hoffenheim,29278.0,BayArena,Robin Braun
Bundesliga,2024-2025,2025-02-07,20:30,Bayern Munich,3–0,Werder Bremen,75000.0,Allianz Arena,Sören Storks
Bundesliga,2024-2025,2025-02-08,15:30,Wolfsburg,0–0,Leverkusen,28198.0,Volkswagen Arena,Sascha Stegemann
Bundesliga,2024-2025,2025-02-08,15:30,Hoffenheim,0–4,Union Berlin,20023.0,PreZero Arena,Tobias Stieler
Bundesliga,2024-2025,2025-02-08,15:30,Dortmund,1–2,Stuttgart,81365.0,Signal Iduna Park,Daniel Siebert
Bundesliga,2024-2025,2025-02-08,15:30,Freiburg,1–0,Heidenheim,34000.0,Europa-Park Stadion,Timo Gerach
Bundesliga,2024-2025,2025-02-08,15:30,Mainz 05,0–0,Augsburg,33000.0,Mewa Arena,Daniel Schlager
Bundesliga,2024-2025,2025-02-08,18:30,Gladbach,1–1,Eintracht Frankfurt,54042.0,Stadion im Borussia-Park,Christian Dingert
Bundesliga,2024-2025,2025-02-09,15:30,Holstein Kiel,2–2,Bochum,15034.0,Holstein-Stadion,Felix Zwayer
Bundesliga,2024-2025,2025-02-09,17:30,RB Leipzig,2–0,St Pauli,46021.0,Red Bull Arena,Florian Badstubner
Bundesliga,2024-2025,2025-02-14,20:30,Augsburg,0–0,RB Leipzig,28260.0,WWK Arena,Sascha Stegemann
Bundesliga,2024-2025,2025-02-15,15:30,Union Berlin,1–2,Gladbach,22012.0,Stadion An der Alten Försterei,Sven Jablonski
Bundesliga,2024-2025,2025-02-15,15:30,Stuttgart,1–2,Wolfsburg,58000.0,MHPArena,Tobias Welz
Bundesliga,2024-2025,2025-02-15,15:30,Bochum,2–0,Dortmund,26000.0,Vonovia Ruhrstadion,Harm Osmers
Bundesliga,2024-2025,2025-02-15,15:30,St Pauli,0–1,Freiburg,29546.0,Millerntor-Stadion,Benjamin Brand
Bundesliga,2024-2025,2025-02-15,18:30,Leverkusen,0–0,Bayern Munich,30210.0,BayArena,Daniel Siebert
Bundesliga,2024-2025,2025-02-16,15:30,Werder Bremen,1–3,Hoffenheim,39400.0,Weserstadion,Frank Willenborg
Bundesliga,2024-2025,2025-02-16,17:30,Eintracht Frankfurt,3–1,Holstein Kiel,57700.0,Deutsche Bank Park,Robert Hartmann
Bundesliga,2024-2025,2025-02-16,19:30,Heidenheim,0–2,Mainz 05,15000.0,Voith-Arena,Felix Brych
Bundesliga,2024-2025,2025-02-21,20:30,Freiburg,5–0,Werder Bremen,34700.0,Europa-Park Stadion,Max Burda
Bundesliga,2024-2025,2025-02-22,15:30,Holstein Kiel,0–2,Leverkusen,15034.0,Holstein-Stadion,Daniel Schlager
Bundesliga,2024-2025,2025-02-22,15:30,Mainz 05,2–0,St Pauli,33305.0,Mewa Arena,Felix Zwayer
Bundesliga,2024-2025,2025-02-22,15:30,Gladbach,0–3,Augsburg,51493.0,Stadion im Borussia-Park,Florian Exner
Bundesliga,2024-2025,2025-02-22,15:30,Wolfsburg,1–1,Bochum,23772.0,Volkswagen Arena,Timo Gerach
Bundesliga,2024-2025,2025-02-22,18:30,Dortmund,6–0,Union Berlin,81365.0,Signal Iduna Park,Bastian Dankert
Bundesliga,2024-2025,2025-02-23,15:30,RB Leipzig,2–2,Heidenheim,36619.0,Red Bull Arena,Martin Petersen
Bundesliga,2024-2025,2025-02-23,17:30,Bayern Munich,4–0,Eintracht Frankfurt,75000.0,Allianz Arena,Sascha Stegemann
Bundesliga,2024-2025,2025-02-23,19:30,Hoffenheim,1–1,Stuttgart,30150.0,PreZero Arena,Christian Dingert
Bundesliga,2024-2025,2025-02-28,20:30,Stuttgart,1–3,Bayern Munich,60000.0,MHPArena,Benjamin Brand
Bundesliga,2024-2025,2025-03-01,15:30,RB Leipzig,1–2,Mainz 05,41406.0,Red Bull Arena,Daniel Siebert
Bundesliga,2024-2025,2025-03-01,15:30,Heidenheim,0–3,Gladbach,15000.0,Voith-Arena,Sören Storks
Bundesliga,2024-2025,2025-03-01,15:30,Werder Bremen,1–2,Wolfsburg,41152.0,Weserstadion,Felix Brych
Bundesliga,2024-2025,2025-03-01,15:30,St Pauli,0–2,Dortmund,29546.0,Millerntor-Stadion,Tobias Stieler
Bundesliga,2024-2025,2025-03-01,15:30,Bochum,0–1,Hoffenheim,24120.0,Vonovia Ruhrstadion,Florian Badstubner
Bundesliga,2024-2025,2025-03-01,18:30,Eintracht Frankfurt,1–4,Leverkusen,58000.0,Deutsche Bank Park,Felix Zwayer
Bundesliga,2024-2025,2025-03-02,15:30,Union Berlin,0–1,Holstein Kiel,22012.0,Stadion An der Alten Försterei,Tobias Reichel
Bundesliga,2024-2025,2025-03-02,17:30,Augsburg,0–0,Freiburg,29651.0,WWK Arena,Harm Osmers
Bundesliga,2024-2025,2025-03-07,20:30,Gladbach,1–3,Mainz 05,51749.0,Stadion im Borussia-Park,Sascha Stegemann
Bundesliga,2024-2025,2025-03-08,15:30,Wolfsburg,1–1,St Pauli,28917.0,Volkswagen Arena,Robert Hartmann
Bundesliga,2024-2025,2025-03-08,15:30,Holstein Kiel,2–2,Stuttgart,15034.0,Holstein-Stadion,Bastian Dankert
Bundesliga,2024-2025,2025-03-08,15:30,Dortmund,0–1,Augsburg,81365.0,Signal Iduna Park,Deniz Aytekin
Bundesliga,2024-2025,2025-03-08,15:30,Bayern Munich,2–3,Bochum,75000.0,Allianz Arena,Christian Dingert
Bundesliga,2024-2025,2025-03-08,15:30,Leverkusen,0–2,Werder Bremen,30210.0,BayArena,Tobias Welz
Bundesliga,2024-2025,2025-03-08,18:30,Freiburg,0–0,RB Leipzig,32900.0,Europa-Park Stadion,Sven Jablonski
Bundesliga,2024-2025,2025-03-09,15:30,Eintracht Frankfurt,1–2,Union Berlin,58000.0,Deutsche Bank Park,Frank Willenborg
Bundesliga,2024-2025,2025-03-09,17:30,Hoffenheim,1–1,Heidenheim,20814.0,PreZero Arena,Daniel Schlager
Bundesliga,2024-2025,2025-03-14,20:30,St Pauli,1–0,Hoffenheim,29546.0,Millerntor-Stadion,Felix Brych
Bundesliga,2024-2025,2025-03-15,15:30,Augsburg,1–0,Wolfsburg,28351.0,WWK Arena,Martin Petersen
Bundesliga,2024-2025,2025-03-15,15:30,Werder Bremen,2–4,Gladbach,42100.0,Weserstadion,Timo Gerach
Bundesliga,2024-2025,2025-03-15,15:30,Union Berlin,1–1,Bayern Munich,22012.0,Stadion An der Alten Försterei,Florian Exner
Bundesliga,2024-2025,2025-03-15,15:30,Mainz 05,2–2,Freiburg,33305.0,Mewa Arena,Benjamin Brand
Bundesliga,2024-2025,2025-03-15,18:30,RB Leipzig,2–0,Dortmund,47800.0,Red Bull Arena,Matthias Jollenbeck
Bundesliga,2024-2025,2025-03-16,15:30,Bochum,1–3,Eintracht Frankfurt,26000.0,Vonovia Ruhrstadion,Felix Zwayer
Bundesliga,2024-2025,2025-03-16,17:30,Heidenheim,3–1,Holstein Kiel,15000.0,Voith-Arena,Harm Osmers
Bundesliga,2024-2025,2025-03-16,19:30,Stuttgart,3–4,Leverkusen,59000.0,MHPArena,Daniel Siebert
Bundesliga,2024-2025,2025-03-28,20:30,Leverkusen,3–1,Bochum,30210.0,BayArena,Sven Jablonski
Bundesliga,2024-2025,2025-03-29,15:30,Bayern Munich,3–2,St Pauli,75000.0,Allianz Arena,Florian Badstubner
Bundesliga,2024-2025,2025-03-29,15:30,Holstein Kiel,0–3,Werder Bremen,15034.0,Holstein-Stadion,Sascha Stegemann
Bundesliga,2024-2025,2025-03-29,15:30,Hoffenheim,1–1,Augsburg,21427.0,PreZero Arena,Tobias Reichel
Bundesliga,2024-2025,2025-03-29,15:30,Wolfsburg,0–1,Heidenheim,21545.0,Volkswagen Arena,Bastian Dankert
Bundesliga,2024-2025,2025-03-29,15:30,Gladbach,1–0,RB Leipzig,52358.0,Stadion im Borussia-Park,Tobias Stieler
Bundesliga,2024-2025,2025-03-29,18:30,Eintracht Frankfurt,1–0,Stuttgart,58000.0,Deutsche Bank Park,Deniz Aytekin
Bundesliga,2024-2025,2025-03-30,15:30,Freiburg,1–2,Union Berlin,34300.0,Europa-Park Stadion,Sören Storks
Bundesliga,2024-2025,2025-03-30,17:30,Dortmund,3–1,Mainz 05,81365.0,Signal Iduna Park,Daniel Schlager
Bundesliga,2024-2025,2025-04-04,20:30,Augsburg,1–3,Bayern Munich,30660.0,WWK Arena,Matthias Jollenbeck
Bundesliga,2024-2025,2025-04-05,15:30,Freiburg,1–4,Dortmund,34700.0,Europa-Park Stadion,Felix Zwayer
Bundesliga,2024-2025,2025-04-05,15:30,Mainz 05,1–1,Holstein Kiel,32500.0,Mewa Arena,Frank Willenborg
Bundesliga,2024-2025,2025-04-05,15:30,Heidenheim,0–1,Leverkusen,15000.0,Voith-Arena,Tobias Stieler
Bundesliga,2024-2025,2025-04-05,15:30,Bochum,0–4,Stuttgart,26000.0,Vonovia Ruhrstadion,Felix Brych
Bundesliga,2024-2025,2025-04-05,15:30,RB Leipzig,3–1,Hoffenheim,44478.0,Red Bull Arena,Robert Hartmann
Bundesliga,2024-2025,2025-04-05,18:30,Werder Bremen,2–0,Eintracht Frankfurt,42100.0,Weserstadion,Daniel Siebert
Bundesliga,2024-2025,2025-04-06,15:30,St Pauli,1–1,Gladbach,29546.0,Millerntor-Stadion,Christian Dingert
Bundesliga,2024-2025,2025-04-06,17:30,Union Berlin,1–0,Wolfsburg,22012.0,Stadion An der Alten Försterei,Harm Osmers
Bundesliga,2024-2025,2025-04-11,20:30,Wolfsburg,2–3,RB Leipzig,23070.0,Volkswagen Arena,Florian Exner
Bundesliga,2024-2025,2025-04-12,15:30,Gladbach,1–2,Freiburg,53981.0,Stadion im Borussia-Park,Deniz Aytekin
Bundesliga,2024-2025,2025-04-12,15:30,Bochum,1–2,Augsburg,25048.0,Vonovia Ruhrstadion,Martin Petersen
Bundesliga,2024-2025,2025-04-12,15:30,Leverkusen,0–0,Union Berlin,30210.0,BayArena,Bastian Dankert
Bundesliga,2024-2025,2025-04-12,15:30,Holstein Kiel,1–2,St Pauli,15034.0,Holstein-Stadion,Benjamin Brand
Bundesliga,2024-2025,2025-04-12,15:30,Hoffenheim,2–0,Mainz 05,30150.0,PreZero Arena,Sven Jablonski
Bundesliga,2024-2025,2025-04-12,18:30,Bayern Munich,2–2,Dortmund,75000.0,Allianz Arena,Tobias Welz
Bundesliga,2024-2025,2025-04-13,15:30,Stuttgart,1–2,Werder Bremen,60000.0,MHPArena,Daniel Schlager
Bundesliga,2024-2025,2025-04-13,17:30,Eintracht Frankfurt,3–0,Heidenheim,57500.0,Deutsche Bank Park,Timo Gerach
Bundesliga,2024-2025,2025-04-19,15:30,Heidenheim,0–4,Bayern Munich,15000.0,Voith-Arena,Frank Willenborg
Bundesliga,2024-2025,2025-04-19,15:30,Mainz 05,2–2,Wolfsburg,31500.0,Mewa Arena,Felix Zwayer
Bundesliga,2024-2025,2025-04-19,15:30,RB Leipzig,1–1,Holstein Kiel,45940.0,Red Bull Arena,Felix Brych
Bundesliga,2024-2025,2025-04-19,15:30,Freiburg,3–2,Hoffenheim,34100.0,Europa-Park Stadion,Sascha Stegemann
Bundesliga,2024-2025,2025-04-19,15:30,Werder Bremen,1–0,Bochum,42100.0,Weserstadion,Robert Schröder
Bundesliga,2024-2025,2025-04-19,18:30,Union Berlin,4–4,Stuttgart,22012.0,Stadion An der Alten Försterei,Tobias Stieler
Bundesliga,2024-2025,2025-04-20,15:30,Augsburg,0–0,Eintracht Frankfurt,30660.0,WWK Arena,Florian Badstubner
Bundesliga,2024-2025,2025-04-20,17:30,Dortmund,3–2,Gladbach,81365.0,Signal Iduna Park,Daniel Siebert
Bundesliga,2024-2025,2025-04-20,19:30,St Pauli,1–1,Leverkusen,29546.0,Millerntor-Stadion,Sören Storks
Bundesliga,2024-2025,2025-04-25,20:30,Stuttgart,0–1,Heidenheim,60000.0,MHPArena,Tobias Welz
Bundesliga,2024-2025,2025-04-26,15:30,Wolfsburg,0–1,Freiburg,23145.0,Volkswagen Arena,Sven Jablonski
Bundesliga,2024-2025,2025-04-26,15:30,Holstein Kiel,4–3,Gladbach,15034.0,Holstein-Stadion,Robert Hartmann
Bundesliga,2024-2025,2025-04-26,15:30,Leverkusen,2–0,Augsburg,29563.0,BayArena,Christian Dingert
Bundesliga,2024-2025,2025-04-26,15:30,Bayern Munich,3–0,Mainz 05,75000.0,Allianz Arena,Bastian Dankert
Bundesliga,2024-2025,2025-04-26,15:30,Hoffenheim,2–3,Dortmund,30150.0,PreZero Arena,Benjamin Brand
Bundesliga,2024-2025,2025-04-26,18:30,Eintracht Frankfurt,4–0,RB Leipzig,56500.0,Deutsche Bank Park,Matthias Jollenbeck
Bundesliga,2024-2025,2025-04-27,15:30,Bochum,1–1,Union Berlin,26000.0,Vonovia Ruhrstadion,Deniz Aytekin
Bundesliga,2024-2025,2025-04-27,17:30,Werder Bremen,0–0,St Pauli,42100.0,Weserstadion,Tobias Reichel
Bundesliga,2024-2025,2025-05-02,20:30,Heidenheim,0–0,Bochum,15000.0,Voith-Arena,Sascha Stegemann
Bundesliga,2024-2025,2025-05-03,15:30,Gladbach,4–4,Hoffenheim,52000.0,Stadion im Borussia-Park,Frank Willenborg
Bundesliga,2024-2025,2025-05-03,15:30,RB Leipzig,3–3,Bayern Munich,47800.0,Red Bull Arena,Felix Zwayer
Bundesliga,2024-2025,2025-05-03,15:30,St Pauli,0–1,Stuttgart,29546.0,Millerntor-Stadion,Florian Exner
Bundesliga,2024-2025,2025-05-03,15:30,Union Berlin,2–2,Werder Bremen,22012.0,Stadion An der Alten Försterei,Sören Storks
Bundesliga,2024-2025,2025-05-03,18:30,Dortmund,4–0,Wolfsburg,81365.0,Signal Iduna Park,Felix Brych
Bundesliga,2024-2025,2025-05-04,15:30,Augsburg,1–3,Holstein Kiel,28660.0,WWK Arena,Harm Osmers
Bundesliga,2024-2025,2025-05-04,17:30,Freiburg,2–2,Leverkusen,34700.0,Europa-Park Stadion,Daniel Siebert
Bundesliga,2024-2025,2025-05-04,19:30,Mainz 05,1–1,Eintracht Frankfurt,33305.0,Mewa Arena,Martin Petersen
Bundesliga,2024-2025,2025-05-09,20:30,Wolfsburg,2–2,Hoffenheim,20145.0,Volkswagen Arena,Matthias Jollenbeck
Bundesliga,2024-2025,2025-05-10,15:30,Bochum,1–4,Mainz 05,26000.0,Vonovia Ruhrstadion,Tobias Stieler
Bundesliga,2024-2025,2025-05-10,15:30,Union Berlin,0–3,Heidenheim,22000.0,Stadion An der Alten Försterei,Florian Badstubner
Bundesliga,2024-2025,2025-05-10,15:30,Holstein Kiel,1–2,Freiburg,15034.0,Holstein-Stadion,Robert Schröder
Bundesliga,2024-2025,2025-05-10,15:30,Werder Bremen,0–0,RB Leipzig,41000.0,Weserstadion,Bastian Dankert
Bundesliga,2024-2025,2025-05-10,18:30,Bayern Munich,2–0,Gladbach,75000.0,Allianz Arena,Sven Jablonski
Bundesliga,2024-2025,2025-05-11,15:30,Leverkusen,2–4,Dortmund,30210.0,BayArena,Deniz Aytekin
Bundesliga,2024-2025,2025-05-11,17:30,Eintracht Frankfurt,2–2,St Pauli,58000.0,Deutsche Bank Park,Christian Dingert
Bundesliga,2024-2025,2025-05-11,19:30,Stuttgart,4–0,Augsburg,59000.0,MHPArena,Timo Gerach
Bundesliga,2024-2025,2025-05-17,15:30,Freiburg,1–3,Eintracht Frankfurt,34700.0,Europa-Park Stadion,Benjamin Brand
Bundesliga,2024-2025,2025-05-17,15:30,St Pauli,0–2,Bochum,29546.0,Millerntor-Stadion,Felix Zwayer
Bundesliga,2024-2025,2025-05-17,15:30,Dortmund,3–0,Holstein Kiel,81365.0,Signal Iduna Park,Harm Osmers
Bundesliga,2024-2025,2025-05-17,15:30,Heidenheim,1–4,Werder Bremen,15000.0,Voith-Arena,Tobias Welz
Bundesliga,2024-2025,2025-05-17,15:30,RB Leipzig,2–3,Stuttgart,47800.0,Red Bull Arena,Daniel Siebert
Bundesliga,2024-2025,2025-05-17,15:30,Augsburg,1–2,Union Berlin,30660.0,WWK Arena,Felix Brych
Bundesliga,2024-2025,2025-05-17,15:30,Gladbach,0–1,Wolfsburg,53048.0,Stadion im Borussia-Park,Sascha Stegemann
Bundesliga,2024-2025,2025-05-17,15:30,Hoffenheim,0–4,Bayern Munich,30150.0,PreZero Arena,Daniel Schlager
Bundesliga,2024-2025,2025-05-17,15:30,Mainz 05,2–2,Leverkusen,33305.0,Mewa Arena,Tobias Reichel
Bundesliga,2023-2024,2023-08-18,20:30,Werder Bremen,0–4,Bayern Munich,42100.0,Wohninvest Weserstadion,Felix Zwayer
Bundesliga,2023-2024,2023-08-19,15:30,Wolfsburg,2–0,Heidenheim,22620.0,Volkswagen Arena,Florian Badstubner
Bundesliga,2023-2024,2023-08-19,15:30,Stuttgart,5–0,Bochum,53000.0,MHPArena,Daniel Siebert
Bundesliga,2023-2024,2023-08-19,15:30,Augsburg,4–4,Gladbach,30660.0,WWK Arena,Daniel Schlager
Bundesliga,2023-2024,2023-08-19,15:30,Hoffenheim,1–2,Freiburg,25890.0,PreZero Arena,Sven Jablonski
Bundesliga,2023-2024,2023-08-19,15:30,Leverkusen,3–2,RB Leipzig,29464.0,BayArena,Felix Brych
Bundesliga,2023-2024,2023-08-19,18:30,Dortmund,1–0,Köln,81365.0,Signal Iduna Park,Deniz Aytekin
Bundesliga,2023-2024,2023-08-20,15:30,Union Berlin,4–1,Mainz 05,22012.0,Stadion An der Alten Försterei,Tobias Stieler
Bundesliga,2023-2024,2023-08-20,17:30,Eintracht Frankfurt,1–0,Darmstadt 98,54000.0,Deutsche Bank Park,Harm Osmers
Bundesliga,2023-2024,2023-08-25,20:30,RB Leipzig,5–1,Stuttgart,46084.0,Red Bull Arena,Frank Willenborg
Bundesliga,2023-2024,2023-08-26,15:30,Freiburg,1–0,Werder Bremen,34700.0,Europa-Park Stadion,Benjamin Brand
Bundesliga,2023-2024,2023-08-26,15:30,Bochum,1–1,Dortmund,26000.0,Vonovia Ruhrstadion,Robert Schröder
Bundesliga,2023-2024,2023-08-26,15:30,Heidenheim,2–3,Hoffenheim,15000.0,Voith-Arena,Robert Hartmann
Bundesliga,2023-2024,2023-08-26,15:30,Köln,1–2,Wolfsburg,49500.0,RheinEnergieSTADION,Matthias Jollenbeck
Bundesliga,2023-2024,2023-08-26,15:30,Darmstadt 98,1–4,Union Berlin,17810.0,Merck-Stadion am Böllenfalltor,Patrick Ittrich
Bundesliga,2023-2024,2023-08-26,18:30,Gladbach,0–3,Leverkusen,54042.0,Stadion im Borussia-Park,Christian Dingert
Bundesliga,2023-2024,2023-08-27,15:30,Mainz 05,1–1,Eintracht Frankfurt,33305.0,Mewa Arena,Bastian Dankert
Bundesliga,2023-2024,2023-08-27,17:30,Bayern Munich,3–1,Augsburg,75000.0,Allianz Arena,Daniel Siebert
Bundesliga,2023-2024,2023-09-01,20:30,Dortmund,2–2,Heidenheim,81365.0,Signal Iduna Park,Tobias Reichel
Bundesliga,2023-2024,2023-09-02,15:30,Augsburg,2–2,Bochum,27424.0,WWK Arena,Martin Petersen
Bundesliga,2023-2024,2023-09-02,15:30,Stuttgart,5–0,Freiburg,54300.0,MHPArena,Felix Brych
Bundesliga,2023-2024,2023-09-02,15:30,Hoffenheim,3–1,Wolfsburg,17500.0,PreZero Arena,Felix Zwayer
Bundesliga,2023-2024,2023-09-02,15:30,Werder Bremen,4–0,Mainz 05,41000.0,Wohninvest Weserstadion,Robert Schröder
Bundesliga,2023-2024,2023-09-02,15:30,Leverkusen,5–1,Darmstadt 98,29653.0,BayArena,Sven Jablonski
Bundesliga,2023-2024,2023-09-02,18:30,Gladbach,1–2,Bayern Munich,54042.0,Stadion im Borussia-Park,Deniz Aytekin
Bundesliga,2023-2024,2023-09-03,15:30,Eintracht Frankfurt,1–1,Köln,54000.0,Deutsche Bank Park,Florian Badstubner
Bundesliga,2023-2024,2023-09-03,17:30,Union Berlin,0–3,RB Leipzig,22012.0,Stadion An der Alten Försterei,Daniel Schlager
Bundesliga,2023-2024,2023-09-15,20:30,Bayern Munich,2–2,Leverkusen,75000.0,Allianz Arena,Daniel Schlager
Bundesliga,2023-2024,2023-09-16,15:30,RB Leipzig,3–0,Augsburg,44746.0,Red Bull Arena,Sascha Stegemann
Bundesliga,2023-2024,2023-09-16,15:30,Wolfsburg,2–1,Union Berlin,21917.0,Volkswagen Arena,Felix Brych
Bundesliga,2023-2024,2023-09-16,15:30,Köln,1–3,Hoffenheim,49300.0,RheinEnergieSTADION,Daniel Siebert
Bundesliga,2023-2024,2023-09-16,15:30,Freiburg,2–4,Dortmund,34700.0,Europa-Park Stadion,Tobias Stieler
Bundesliga,2023-2024,2023-09-16,15:30,Mainz 05,1–3,Stuttgart,30500.0,Mewa Arena,Harm Osmers
Bundesliga,2023-2024,2023-09-16,18:30,Bochum,1–1,Eintracht Frankfurt,26000.0,Vonovia Ruhrstadion,Benjamin Brand
Bundesliga,2023-2024,2023-09-17,15:30,Heidenheim,4–2,Werder Bremen,15000.0,Voith-Arena,Patrick Ittrich
Bundesliga,2023-2024,2023-09-17,17:30,Darmstadt 98,3–3,Gladbach,17810.0,Merck-Stadion am Böllenfalltor,Timo Gerach
Bundesliga,2023-2024,2023-09-22,20:30,Stuttgart,3–1,Darmstadt 98,54000.0,MHPArena,Matthias Jollenbeck
Bundesliga,2023-2024,2023-09-23,15:30,Union Berlin,0–2,Hoffenheim,20000.0,Stadion An der Alten Försterei,Deniz Aytekin
Bundesliga,2023-2024,2023-09-23,15:30,Dortmund,1–0,Wolfsburg,81365.0,Signal Iduna Park,Sven Jablonski
Bundesliga,2023-2024,2023-09-23,15:30,Augsburg,2–1,Mainz 05,27310.0,WWK Arena,Marco Fritz
Bundesliga,2023-2024,2023-09-23,15:30,Gladbach,0–1,RB Leipzig,50122.0,Stadion im Borussia-Park,Robert Schröder
Bundesliga,2023-2024,2023-09-23,15:30,Bayern Munich,7–0,Bochum,75000.0,Allianz Arena,Robert Hartmann
Bundesliga,2023-2024,2023-09-23,18:30,Werder Bremen,2–1,Köln,42100.0,Wohninvest Weserstadion,Bastian Dankert
Bundesliga,2023-2024,2023-09-24,15:30,Leverkusen,4–1,Heidenheim,29557.0,BayArena,Christian Dingert
Bundesliga,2023-2024,2023-09-24,17:30,Eintracht Frankfurt,0–0,Freiburg,55800.0,Deutsche Bank Park,Felix Zwayer
Bundesliga,2023-2024,2023-09-29,20:30,Hoffenheim,1–3,Dortmund,30150.0,PreZero Arena,Florian Badstubner
Bundesliga,2023-2024,2023-09-30,15:30,Köln,0–2,Stuttgart,50000.0,RheinEnergieSTADION,Tobias Stieler
Bundesliga,2023-2024,2023-09-30,15:30,Wolfsburg,2–0,Eintracht Frankfurt,28323.0,Volkswagen Arena,Frank Willenborg
Bundesliga,2023-2024,2023-09-30,15:30,Bochum,1–3,Gladbach,26000.0,Vonovia Ruhrstadion,Felix Brych
Bundesliga,2023-2024,2023-09-30,15:30,Heidenheim,1–0,Union Berlin,15000.0,Voith-Arena,Sascha Stegemann
Bundesliga,2023-2024,2023-09-30,15:30,Mainz 05,0–3,Leverkusen,33305.0,Mewa Arena,Benjamin Brand
Bundesliga,2023-2024,2023-09-30,18:30,RB Leipzig,2–2,Bayern Munich,47069.0,Red Bull Arena,Marco Fritz
Bundesliga,2023-2024,2023-10-01,15:30,Darmstadt 98,4–2,Werder Bremen,17810.0,Merck-Stadion am Böllenfalltor,Martin Petersen
Bundesliga,2023-2024,2023-10-01,17:30,Freiburg,2–0,Augsburg,33134.0,Europa-Park Stadion,Harm Osmers
Bundesliga,2023-2024,2023-10-06,20:30,Gladbach,2–2,Mainz 05,51529.0,Stadion im Borussia-Park,Sven Jablonski
Bundesliga,2023-2024,2023-10-07,15:30,Augsburg,1–2,Darmstadt 98,29200.0,WWK Arena,Deniz Aytekin
Bundesliga,2023-2024,2023-10-07,15:30,Stuttgart,3–1,Wolfsburg,52000.0,MHPArena,Daniel Siebert
Bundesliga,2023-2024,2023-10-07,15:30,RB Leipzig,0–0,Bochum,44269.0,Red Bull Arena,Timo Gerach
Bundesliga,2023-2024,2023-10-07,15:30,Dortmund,4–2,Union Berlin,81365.0,Signal Iduna Park,Patrick Ittrich
Bundesliga,2023-2024,2023-10-07,18:30,Werder Bremen,2–3,Hoffenheim,41000.0,Wohninvest Weserstadion,Christian Dingert
Bundesliga,2023-2024,2023-10-08,15:30,Leverkusen,3–0,Köln,30210.0,BayArena,Felix Zwayer
Bundesliga,2023-2024,2023-10-08,17:30,Bayern Munich,3–0,Freiburg,75000.0,Allianz Arena,Robert Schröder
Bundesliga,2023-2024,2023-10-08,19:30,Eintracht Frankfurt,2–0,Heidenheim,55800.0,Deutsche Bank Park,Daniel Schlager
Bundesliga,2023-2024,2023-10-20,20:30,Dortmund,1–0,Werder Bremen,81365.0,Signal Iduna Park,Felix Brych
Bundesliga,2023-2024,2023-10-21,15:30,Wolfsburg,1–2,Leverkusen,28917.0,Volkswagen Arena,Marco Fritz
Bundesliga,2023-2024,2023-10-21,15:30,Freiburg,2–1,Bochum,33900.0,Europa-Park Stadion,Tobias Reichel
Bundesliga,2023-2024,2023-10-21,15:30,Union Berlin,0–3,Stuttgart,22012.0,Stadion An der Alten Försterei,Bastian Dankert
Bundesliga,2023-2024,2023-10-21,15:30,Darmstadt 98,1–3,RB Leipzig,17810.0,Merck-Stadion am Böllenfalltor,Harm Osmers
Bundesliga,2023-2024,2023-10-21,15:30,Hoffenheim,1–3,Eintracht Frankfurt,30150.0,PreZero Arena,Matthias Jollenbeck
Bundesliga,2023-2024,2023-10-21,18:30,Mainz 05,1–3,Bayern Munich,33305.0,Mewa Arena,Sascha Stegemann
Bundesliga,2023-2024,2023-10-22,15:30,Köln,3–1,Gladbach,50000.0,RheinEnergieSTADION,Deniz Aytekin
Bundesliga,2023-2024,2023-10-22,17:30,Heidenheim,2–5,Augsburg,15000.0,Voith-Arena,Tobias Stieler
Bundesliga,2023-2024,2023-10-27,20:30,Bochum,2–2,Mainz 05,26000.0,Vonovia Ruhrstadion,Patrick Ittrich
Bundesliga,2023-2024,2023-10-28,15:30,Stuttgart,2–3,Hoffenheim,53200.0,MHPArena,Felix Zwayer
Bundesliga,2023-2024,2023-10-28,15:30,Gladbach,2–1,Heidenheim,51541.0,Stadion im Borussia-Park,Robert Hartmann
Bundesliga,2023-2024,2023-10-28,15:30,Werder Bremen,2–0,Union Berlin,42100.0,Wohninvest Weserstadion,Tobias Stieler
Bundesliga,2023-2024,2023-10-28,15:30,Augsburg,3–2,Wolfsburg,28000.0,WWK Arena,Daniel Schlager
Bundesliga,2023-2024,2023-10-28,15:30,Bayern Munich,8–0,Darmstadt 98,75000.0,Allianz Arena,Martin Petersen
Bundesliga,2023-2024,2023-10-28,18:30,RB Leipzig,6–0,Köln,46480.0,Red Bull Arena,Benjamin Brand
Bundesliga,2023-2024,2023-10-29,15:30,Eintracht Frankfurt,3–3,Dortmund,56500.0,Deutsche Bank Park,Robert Schröder
Bundesliga,2023-2024,2023-10-29,17:30,Leverkusen,2–1,Freiburg,30210.0,BayArena,Daniel Siebert
Bundesliga,2023-2024,2023-11-03,20:30,Darmstadt 98,1–2,Bochum,17810.0,Merck-Stadion am Böllenfalltor,Marco Fritz
Bundesliga,2023-2024,2023-11-04,15:30,Freiburg,3–3,Gladbach,34700.0,Europa-Park Stadion,Felix Brych
Bundesliga,2023-2024,2023-11-04,15:30,Mainz 05,2–0,RB Leipzig,30100.0,Mewa Arena,Bastian Dankert
Bundesliga,2023-2024,2023-11-04,15:30,Köln,1–1,Augsburg,49300.0,RheinEnergieSTADION,Christian Dingert
Bundesliga,2023-2024,2023-11-04,15:30,Union Berlin,0–3,Eintracht Frankfurt,22012.0,Stadion An der Alten Försterei,Sven Jablonski
Bundesliga,2023-2024,2023-11-04,15:30,Hoffenheim,2–3,Leverkusen,30150.0,PreZero Arena,Frank Willenborg
Bundesliga,2023-2024,2023-11-04,18:30,Dortmund,0–4,Bayern Munich,81365.0,Signal Iduna Park,Deniz Aytekin
Bundesliga,2023-2024,2023-11-05,15:30,Wolfsburg,2–2,Werder Bremen,28917.0,Volkswagen Arena,Tobias Reichel
Bundesliga,2023-2024,2023-11-05,17:30,Heidenheim,2–0,Stuttgart,15000.0,Voith-Arena,Florian Badstubner
Bundesliga,2023-2024,2023-11-10,20:30,Gladbach,4–0,Wolfsburg,45308.0,Stadion im Borussia-Park,Felix Zwayer
Bundesliga,2023-2024,2023-11-11,15:30,Stuttgart,2–1,Dortmund,55000.0,MHPArena,Tobias Stieler
Bundesliga,2023-2024,2023-11-11,15:30,Augsburg,1–1,Hoffenheim,28260.0,WWK Arena,Felix Brych
Bundesliga,2023-2024,2023-11-11,15:30,Darmstadt 98,0–0,Mainz 05,17810.0,Merck-Stadion am Böllenfalltor,Daniel Siebert
Bundesliga,2023-2024,2023-11-11,15:30,Bayern Munich,4–2,Heidenheim,75000.0,Allianz Arena,Harm Osmers
Bundesliga,2023-2024,2023-11-11,18:30,Bochum,1–1,Köln,26000.0,Vonovia Ruhrstadion,Matthias Jollenbeck
Bundesliga,2023-2024,2023-11-12,15:30,Leverkusen,4–0,Union Berlin,29387.0,BayArena,Timo Gerach
Bundesliga,2023-2024,2023-11-12,17:30,Werder Bremen,2–2,Eintracht Frankfurt,42100.0,Wohninvest Weserstadion,Benjamin Brand
Bundesliga,2023-2024,2023-11-12,19:30,RB Leipzig,3–1,Freiburg,41117.0,Red Bull Arena,Patrick Ittrich
Bundesliga,2023-2024,2023-11-24,20:30,Köln,0–1,Bayern Munich,50000.0,RheinEnergieSTADION,Marco Fritz
Bundesliga,2023-2024,2023-11-25,15:30,Dortmund,4–2,Gladbach,81365.0,Signal Iduna Park,Sven Jablonski
Bundesliga,2023-2024,2023-11-25,15:30,Union Berlin,1–1,Augsburg,22012.0,Stadion An der Alten Försterei,Florian Badstubner
Bundesliga,2023-2024,2023-11-25,15:30,Freiburg,1–1,Darmstadt 98,34300.0,Europa-Park Stadion,Sascha Stegemann
Bundesliga,2023-2024,2023-11-25,15:30,Wolfsburg,2–1,RB Leipzig,25350.0,Volkswagen Arena,Robert Hartmann
Bundesliga,2023-2024,2023-11-25,15:30,Werder Bremen,0–3,Leverkusen,42100.0,Wohninvest Weserstadion,Martin Petersen
Bundesliga,2023-2024,2023-11-25,18:30,Eintracht Frankfurt,1–2,Stuttgart,58000.0,Deutsche Bank Park,Felix Brych
Bundesliga,2023-2024,2023-11-26,15:30,Heidenheim,0–0,Bochum,15000.0,Voith-Arena,Felix Zwayer
Bundesliga,2023-2024,2023-11-26,17:30,Hoffenheim,1–1,Mainz 05,22000.0,PreZero Arena,Deniz Aytekin
Bundesliga,2023-2024,2023-12-01,20:30,Darmstadt 98,0–1,Köln,17810.0,Merck-Stadion am Böllenfalltor,Patrick Ittrich
Bundesliga,2023-2024,2023-12-02,15:30,RB Leipzig,2–1,Heidenheim,44887.0,Red Bull Arena,Christian Dingert
Bundesliga,2023-2024,2023-12-02,15:30,Gladbach,2–1,Hoffenheim,49341.0,Stadion im Borussia-Park,Tobias Reichel
Bundesliga,2023-2024,2023-12-02,15:30,Bochum,3–1,Wolfsburg,24350.0,Vonovia Ruhrstadion,Robert Schröder
Bundesliga,2023-2024,2023-12-02,18:30,Stuttgart,2–0,Werder Bremen,54500.0,MHPArena,Bastian Dankert
Bundesliga,2023-2024,2023-12-03,15:30,Mainz 05,0–1,Freiburg,30300.0,Mewa Arena,Tobias Stieler
Bundesliga,2023-2024,2023-12-03,17:30,Leverkusen,1–1,Dortmund,30210.0,BayArena,Daniel Siebert
Bundesliga,2023-2024,2023-12-03,19:30,Augsburg,2–1,Eintracht Frankfurt,26107.0,WWK Arena,Harm Osmers
Bundesliga,2023-2024,2023-12-08,20:30,Hoffenheim,3–1,Bochum,16023.0,PreZero Arena,Matthias Jollenbeck
Bundesliga,2023-2024,2023-12-09,15:30,Werder Bremen,2–0,Augsburg,41000.0,Wohninvest Weserstadion,Sascha Stegemann
Bundesliga,2023-2024,2023-12-09,15:30,Heidenheim,3–2,Darmstadt 98,15000.0,Voith-Arena,Daniel Schlager
Bundesliga,2023-2024,2023-12-09,15:30,Wolfsburg,0–1,Freiburg,20146.0,Volkswagen Arena,Marco Fritz
Bundesliga,2023-2024,2023-12-09,15:30,Union Berlin,3–1,Gladbach,22012.0,Stadion An der Alten Försterei,Martin Petersen
Bundesliga,2023-2024,2023-12-09,15:30,Eintracht Frankfurt,5–1,Bayern Munich,58000.0,Deutsche Bank Park,Felix Zwayer
Bundesliga,2023-2024,2023-12-09,18:30,Dortmund,2–3,RB Leipzig,81365.0,Signal Iduna Park,Sven Jablonski
Bundesliga,2023-2024,2023-12-10,15:30,Stuttgart,1–1,Leverkusen,54500.0,MHPArena,Deniz Aytekin
Bundesliga,2023-2024,2023-12-10,17:30,Köln,0–0,Mainz 05,50000.0,RheinEnergieSTADION,Frank Willenborg
Bundesliga,2023-2024,2023-12-15,20:30,Gladbach,2–2,Werder Bremen,50660.0,Stadion im Borussia-Park,Felix Zwayer
Bundesliga,2023-2024,2023-12-16,15:30,Darmstadt 98,0–1,Wolfsburg,16900.0,Merck-Stadion am Böllenfalltor,Robert Hartmann
Bundesliga,2023-2024,2023-12-16,15:30,Augsburg,1–1,Dortmund,30660.0,WWK Arena,Matthias Jollenbeck
Bundesliga,2023-2024,2023-12-16,15:30,Mainz 05,0–1,Heidenheim,27200.0,Mewa Arena,Bastian Dankert
Bundesliga,2023-2024,2023-12-16,15:30,Bochum,3–0,Union Berlin,25300.0,Vonovia Ruhrstadion,Sven Jablonski
Bundesliga,2023-2024,2023-12-16,18:30,RB Leipzig,3–1,Hoffenheim,42946.0,Red Bull Arena,Robert Schröder
Bundesliga,2023-2024,2023-12-17,15:30,Freiburg,2–0,Köln,34700.0,Europa-Park Stadion,Harm Osmers
Bundesliga,2023-2024,2023-12-17,17:30,Leverkusen,3–0,Eintracht Frankfurt,30210.0,BayArena,Christian Dingert
Bundesliga,2023-2024,2023-12-17,19:30,Bayern Munich,3–0,Stuttgart,75000.0,Allianz Arena,Tobias Stieler
Bundesliga,2023-2024,2023-12-19,18:30,Werder Bremen,1–1,RB Leipzig,41000.0,Wohninvest Weserstadion,Tobias Reichel
Bundesliga,2023-2024,2023-12-19,20:30,Hoffenheim,3–3,Darmstadt 98,18125.0,PreZero Arena,Frank Willenborg
Bundesliga,2023-2024,2023-12-19,20:30,Dortmund,1–1,Mainz 05,80350.0,Signal Iduna Park,Marco Fritz
Bundesliga,2023-2024,2023-12-20,18:30,Union Berlin,2–0,Köln,22012.0,Stadion An der Alten Försterei,Deniz Aytekin
Bundesliga,2023-2024,2023-12-20,20:30,Stuttgart,3–0,Augsburg,53600.0,MHPArena,Daniel Siebert
Bundesliga,2023-2024,2023-12-20,20:30,Leverkusen,4–0,Bochum,30210.0,BayArena,Daniel Schlager
Bundesliga,2023-2024,2023-12-20,20:30,Eintracht Frankfurt,2–1,Gladbach,58000.0,Deutsche Bank Park,Florian Badstubner
Bundesliga,2023-2024,2023-12-20,20:30,Heidenheim,3–2,Freiburg,15000.0,Voith-Arena,Benjamin Brand
Bundesliga,2023-2024,2023-12-20,20:30,Wolfsburg,1–2,Bayern Munich,28917.0,Volkswagen Arena,Sascha Stegemann
Bundesliga,2023-2024,2024-01-12,20:30,Bayern Munich,3–0,Hoffenheim,75000.0,Allianz Arena,Benjamin Brand
Bundesliga,2023-2024,2024-01-13,15:30,Freiburg,0–0,Union Berlin,33800.0,Europa-Park Stadion,Christian Dingert
Bundesliga,2023-2024,2024-01-13,15:30,Köln,1–1,Heidenheim,50000.0,RheinEnergieSTADION,Felix Zwayer
Bundesliga,2023-2024,2024-01-13,15:30,RB Leipzig,0–1,Eintracht Frankfurt,45867.0,Red Bull Arena,Frank Willenborg
Bundesliga,2023-2024,2024-01-13,15:30,Mainz 05,1–1,Wolfsburg,24000.0,Mewa Arena,Patrick Ittrich
Bundesliga,2023-2024,2024-01-13,15:30,Augsburg,0–1,Leverkusen,30055.0,WWK Arena,Sven Jablonski
Bundesliga,2023-2024,2024-01-13,18:30,Darmstadt 98,0–3,Dortmund,17810.0,Merck-Stadion am Böllenfalltor,Deniz Aytekin
Bundesliga,2023-2024,2024-01-14,15:30,Bochum,1–1,Werder Bremen,26000.0,Vonovia Ruhrstadion,Tobias Stieler
Bundesliga,2023-2024,2024-01-14,17:30,Gladbach,3–1,Stuttgart,53429.0,Stadion im Borussia-Park,Harm Osmers
Bundesliga,2023-2024,2024-01-20,15:30,Köln,0–4,Dortmund,50000.0,RheinEnergieSTADION,Daniel Schlager
Bundesliga,2023-2024,2024-01-20,15:30,Bochum,1–0,Stuttgart,26000.0,Vonovia Ruhrstadion,Bastian Dankert
Bundesliga,2023-2024,2024-01-20,15:30,Freiburg,3–2,Hoffenheim,33600.0,Europa-Park Stadion,Sascha Stegemann
Bundesliga,2023-2024,2024-01-20,15:30,Darmstadt 98,2–2,Eintracht Frankfurt,17750.0,Merck-Stadion am Böllenfalltor,Daniel Siebert
Bundesliga,2023-2024,2024-01-20,15:30,Heidenheim,1–1,Wolfsburg,15000.0,Voith-Arena,Timo Gerach
Bundesliga,2023-2024,2024-01-20,18:30,RB Leipzig,2–3,Leverkusen,46529.0,Red Bull Arena,Matthias Jollenbeck
Bundesliga,2023-2024,2024-01-21,15:30,Bayern Munich,0–1,Werder Bremen,75000.0,Allianz Arena,Marco Fritz
Bundesliga,2023-2024,2024-01-21,17:30,Gladbach,1–2,Augsburg,44867.0,Stadion im Borussia-Park,Martin Petersen
Bundesliga,2023-2024,2024-01-24,20:30,Bayern Munich,1–0,Union Berlin,75000.0,Allianz Arena,Frank Willenborg
Bundesliga,2023-2024,2024-01-26,20:30,Eintracht Frankfurt,1–0,Mainz 05,58000.0,Deutsche Bank Park,Felix Zwayer
Bundesliga,2023-2024,2024-01-27,15:30,Stuttgart,5–2,RB Leipzig,52100.0,MHPArena,Sven Jablonski
Bundesliga,2023-2024,2024-01-27,15:30,Hoffenheim,1–1,Heidenheim,20120.0,PreZero Arena,Tobias Welz
Bundesliga,2023-2024,2024-01-27,15:30,Wolfsburg,1–1,Köln,24525.0,Volkswagen Arena,Sören Storks
Bundesliga,2023-2024,2024-01-27,15:30,Augsburg,2–3,Bayern Munich,30660.0,WWK Arena,Christian Dingert
Bundesliga,2023-2024,2024-01-27,15:30,Werder Bremen,3–1,Freiburg,41500.0,Wohninvest Weserstadion,Robert Hartmann
Bundesliga,2023-2024,2024-01-27,18:30,Leverkusen,0–0,Gladbach,30210.0,BayArena,Deniz Aytekin
Bundesliga,2023-2024,2024-01-28,15:30,Union Berlin,1–0,Darmstadt 98,21786.0,Stadion An der Alten Försterei,Harm Osmers
Bundesliga,2023-2024,2024-01-28,17:30,Dortmund,3–1,Bochum,81365.0,Signal Iduna Park,Benjamin Brand
Bundesliga,2023-2024,2024-02-02,20:30,Heidenheim,0–0,Dortmund,15000.0,Voith-Arena,Bastian Dankert
Bundesliga,2023-2024,2024-02-03,15:30,Bayern Munich,3–1,Gladbach,75000.0,Allianz Arena,Tobias Stieler
Bundesliga,2023-2024,2024-02-03,15:30,Bochum,1–1,Augsburg,24500.0,Vonovia Ruhrstadion,Patrick Ittrich
Bundesliga,2023-2024,2024-02-03,15:30,Freiburg,1–3,Stuttgart,34700.0,Europa-Park Stadion,Daniel Siebert
Bundesliga,2023-2024,2024-02-03,15:30,Mainz 05,0–1,Werder Bremen,31800.0,Mewa Arena,Benjamin Brand
Bundesliga,2023-2024,2024-02-03,15:30,Darmstadt 98,0–2,Leverkusen,17810.0,Merck-Stadion am Böllenfalltor,Tobias Reichel
Bundesliga,2023-2024,2024-02-03,18:30,Köln,2–0,Eintracht Frankfurt,50000.0,RheinEnergieSTADION,Timo Gerach
Bundesliga,2023-2024,2024-02-04,15:30,Wolfsburg,2–2,Hoffenheim,22917.0,Volkswagen Arena,Florian Badstubner
Bundesliga,2023-2024,2024-02-04,17:30,RB Leipzig,2–0,Union Berlin,44032.0,Red Bull Arena,Marco Fritz
Bundesliga,2023-2024,2024-02-07,18:30,Mainz 05,1–1,Union Berlin,26200.0,Mewa Arena,Martin Petersen
Bundesliga,2023-2024,2024-02-09,20:30,Dortmund,3–0,Freiburg,81365.0,Signal Iduna Park,Harm Osmers
Bundesliga,2023-2024,2024-02-10,15:30,Augsburg,2–2,RB Leipzig,28510.0,WWK Arena,Benjamin Brand
Bundesliga,2023-2024,2024-02-10,15:30,Gladbach,0–0,Darmstadt 98,46121.0,Stadion im Borussia-Park,Sascha Stegemann
Bundesliga,2023-2024,2024-02-10,15:30,Eintracht Frankfurt,1–1,Bochum,57500.0,Deutsche Bank Park,Sven Jablonski
Bundesliga,2023-2024,2024-02-10,15:30,Union Berlin,1–0,Wolfsburg,22000.0,Stadion An der Alten Försterei,Matthias Jollenbeck
Bundesliga,2023-2024,2024-02-10,15:30,Werder Bremen,1–2,Heidenheim,41000.0,Wohninvest Weserstadion,Robert Schröder
Bundesliga,2023-2024,2024-02-10,18:30,Leverkusen,3–0,Bayern Munich,30210.0,BayArena,Felix Zwayer
Bundesliga,2023-2024,2024-02-11,15:30,Stuttgart,3–1,Mainz 05,52005.0,MHPArena,Deniz Aytekin
Bundesliga,2023-2024,2024-02-11,17:30,Hoffenheim,1–1,Köln,23020.0,PreZero Arena,Christian Dingert
Bundesliga,2023-2024,2024-02-16,20:30,Köln,0–1,Werder Bremen,50000.0,RheinEnergieSTADION,Daniel Siebert
Bundesliga,2023-2024,2024-02-17,15:30,Mainz 05,1–0,Augsburg,24800.0,Mewa Arena,Tobias Reichel
Bundesliga,2023-2024,2024-02-17,15:30,Wolfsburg,1–1,Dortmund,28917.0,Volkswagen Arena,Martin Petersen
Bundesliga,2023-2024,2024-02-17,15:30,Hoffenheim,0–1,Union Berlin,19050.0,PreZero Arena,Robert Hartmann
Bundesliga,2023-2024,2024-02-17,15:30,Darmstadt 98,1–2,Stuttgart,17810.0,Merck-Stadion am Böllenfalltor,Tobias Welz
Bundesliga,2023-2024,2024-02-17,15:30,Heidenheim,1–2,Leverkusen,15000.0,Voith-Arena,Harm Osmers
Bundesliga,2023-2024,2024-02-17,18:30,RB Leipzig,2–0,Gladbach,44822.0,Red Bull Arena,Sören Storks
Bundesliga,2023-2024,2024-02-18,15:30,Freiburg,3–3,Eintracht Frankfurt,34700.0,Europa-Park Stadion,Tobias Stieler
Bundesliga,2023-2024,2024-02-18,17:30,Bochum,3–2,Bayern Munich,26000.0,Vonovia Ruhrstadion,Daniel Schlager
Bundesliga,2023-2024,2024-02-23,20:30,Leverkusen,2–1,Mainz 05,30210.0,BayArena,Timo Gerach
Bundesliga,2023-2024,2024-02-24,15:30,Werder Bremen,1–1,Darmstadt 98,42358.0,Wohninvest Weserstadion,Florian Badstubner
Bundesliga,2023-2024,2024-02-24,15:30,Stuttgart,1–1,Köln,54500.0,MHPArena,Patrick Ittrich
Bundesliga,2023-2024,2024-02-24,15:30,Gladbach,5–2,Bochum,53196.0,Stadion im Borussia-Park,Frank Willenborg
Bundesliga,2023-2024,2024-02-24,15:30,Union Berlin,2–2,Heidenheim,21341.0,Stadion An der Alten Försterei,Deniz Aytekin
Bundesliga,2023-2024,2024-02-24,18:30,Bayern Munich,2–1,RB Leipzig,75000.0,Allianz Arena,Sascha Stegemann
Bundesliga,2023-2024,2024-02-25,15:30,Eintracht Frankfurt,2–2,Wolfsburg,56500.0,Deutsche Bank Park,Daniel Schlager
Bundesliga,2023-2024,2024-02-25,17:30,Dortmund,2–3,Hoffenheim,81365.0,Signal Iduna Park,Marco Fritz
Bundesliga,2023-2024,2024-02-25,19:30,Augsburg,2–1,Freiburg,28894.0,WWK Arena,Bastian Dankert
Bundesliga,2023-2024,2024-03-01,20:30,Freiburg,2–2,Bayern Munich,34700.0,Europa-Park Stadion,Sven Jablonski
Bundesliga,2023-2024,2024-03-02,15:30,Bochum,1–4,RB Leipzig,24200.0,Vonovia Ruhrstadion,Harm Osmers
Bundesliga,2023-2024,2024-03-02,15:30,Darmstadt 98,0–6,Augsburg,17810.0,Merck-Stadion am Böllenfalltor,Felix Zwayer
Bundesliga,2023-2024,2024-03-02,15:30,Heidenheim,1–2,Eintracht Frankfurt,15000.0,Voith-Arena,Sören Storks
Bundesliga,2023-2024,2024-03-02,15:30,Mainz 05,1–1,Gladbach,33305.0,Mewa Arena,Robert Schröder
Bundesliga,2023-2024,2024-03-02,15:30,Union Berlin,0–2,Dortmund,22012.0,Stadion An der Alten Försterei,Christian Dingert
Bundesliga,2023-2024,2024-03-02,18:30,Wolfsburg,2–3,Stuttgart,25000.0,Volkswagen Arena,Benjamin Brand
Bundesliga,2023-2024,2024-03-03,15:30,Köln,0–2,Leverkusen,50000.0,RheinEnergieSTADION,Tobias Stieler
Bundesliga,2023-2024,2024-03-03,17:30,Hoffenheim,2–1,Werder Bremen,25000.0,PreZero Arena,Matthias Jollenbeck
Bundesliga,2023-2024,2024-03-08,20:30,Stuttgart,2–0,Union Berlin,53800.0,MHPArena,Robert Schröder
Bundesliga,2023-2024,2024-03-09,15:30,Augsburg,1–0,Heidenheim,30660.0,WWK Arena,Frank Willenborg
Bundesliga,2023-2024,2024-03-09,15:30,Bayern Munich,8–1,Mainz 05,75000.0,Allianz Arena,Patrick Ittrich
Bundesliga,2023-2024,2024-03-09,15:30,Gladbach,3–3,Köln,54042.0,Stadion im Borussia-Park,Felix Zwayer
Bundesliga,2023-2024,2024-03-09,15:30,RB Leipzig,2–0,Darmstadt 98,40000.0,Red Bull Arena,Robert Hartmann
Bundesliga,2023-2024,2024-03-09,18:30,Werder Bremen,1–2,Dortmund,42100.0,Wohninvest Weserstadion,Deniz Aytekin
Bundesliga,2023-2024,2024-03-10,15:30,Bochum,1–2,Freiburg,25594.0,Vonovia Ruhrstadion,Marco Fritz
Bundesliga,2023-2024,2024-03-10,17:30,Eintracht Frankfurt,3–1,Hoffenheim,57000.0,Deutsche Bank Park,Bastian Dankert
Bundesliga,2023-2024,2024-03-10,19:30,Leverkusen,2–0,Wolfsburg,29314.0,BayArena,Daniel Siebert
Bundesliga,2023-2024,2024-03-15,20:30,Köln,1–5,RB Leipzig,49000.0,RheinEnergieSTADION,Florian Badstubner
Bundesliga,2023-2024,2024-03-16,15:30,Wolfsburg,1–3,Augsburg,21735.0,Volkswagen Arena,Timo Gerach
Bundesliga,2023-2024,2024-03-16,15:30,Mainz 05,2–0,Bochum,33000.0,Mewa Arena,Matthias Jollenbeck
Bundesliga,2023-2024,2024-03-16,15:30,Darmstadt 98,2–5,Bayern Munich,17810.0,Merck-Stadion am Böllenfalltor,Tobias Reichel
Bundesliga,2023-2024,2024-03-16,15:30,Heidenheim,1–1,Gladbach,15000.0,Voith-Arena,Martin Petersen
Bundesliga,2023-2024,2024-03-16,15:30,Union Berlin,2–1,Werder Bremen,22012.0,Stadion An der Alten Försterei,Daniel Schlager
Bundesliga,2023-2024,2024-03-16,18:30,Hoffenheim,0–3,Stuttgart,30150.0,PreZero Arena,Sascha Stegemann
Bundesliga,2023-2024,2024-03-17,15:30,Freiburg,2–3,Leverkusen,34700.0,Europa-Park Stadion,Harm Osmers
Bundesliga,2023-2024,2024-03-17,17:30,Dortmund,3–1,Eintracht Frankfurt,81365.0,Signal Iduna Park,Tobias Stieler
Bundesliga,2023-2024,2024-03-30,15:30,Gladbach,0–3,Freiburg,53259.0,Stadion im Borussia-Park,Christian Dingert
Bundesliga,2023-2024,2024-03-30,15:30,RB Leipzig,0–0,Mainz 05,44813.0,Red Bull Arena,Frank Willenborg
Bundesliga,2023-2024,2024-03-30,15:30,Eintracht Frankfurt,0–0,Union Berlin,57100.0,Deutsche Bank Park,Marco Fritz
Bundesliga,2023-2024,2024-03-30,15:30,Werder Bremen,0–2,Wolfsburg,41500.0,Wohninvest Weserstadion,Sascha Stegemann
Bundesliga,2023-2024,2024-03-30,15:30,Leverkusen,2–1,Hoffenheim,30210.0,BayArena,Deniz Aytekin
Bundesliga,2023-2024,2024-03-30,18:30,Bayern Munich,0–2,Dortmund,75000.0,Allianz Arena,Harm Osmers
Bundesliga,2023-2024,2024-03-31,15:30,Augsburg,1–1,Köln,37660.0,WWK Arena,Sören Storks
Bundesliga,2023-2024,2024-03-31,17:30,Stuttgart,3–3,Heidenheim,60000.0,MHPArena,Felix Zwayer
Bundesliga,2023-2024,2024-03-31,19:30,Bochum,2–2,Darmstadt 98,25023.0,Vonovia Ruhrstadion,Sven Jablonski
Bundesliga,2023-2024,2024-04-05,20:30,Eintracht Frankfurt,1–1,Werder Bremen,58000.0,Deutsche Bank Park,Robert Hartmann
Bundesliga,2023-2024,2024-04-06,15:30,Heidenheim,3–2,Bayern Munich,15000.0,Voith-Arena,Robert Schröder
Bundesliga,2023-2024,2024-04-06,15:30,Köln,2–1,Bochum,50000.0,RheinEnergieSTADION,Tobias Welz
Bundesliga,2023-2024,2024-04-06,15:30,Mainz 05,4–0,Darmstadt 98,33000.0,Mewa Arena,Daniel Schlager
Bundesliga,2023-2024,2024-04-06,15:30,Freiburg,1–4,RB Leipzig,33200.0,Europa-Park Stadion,Daniel Siebert
Bundesliga,2023-2024,2024-04-06,15:30,Union Berlin,0–1,Leverkusen,22012.0,Stadion An der Alten Försterei,Benjamin Brand
Bundesliga,2023-2024,2024-04-06,18:30,Dortmund,0–1,Stuttgart,81365.0,Signal Iduna Park,Matthias Jollenbeck
Bundesliga,2023-2024,2024-04-07,15:30,Hoffenheim,3–1,Augsburg,28881.0,PreZero Arena,Florian Exner
Bundesliga,2023-2024,2024-04-07,17:30,Wolfsburg,1–3,Gladbach,26105.0,Volkswagen Arena,Bastian Dankert
Bundesliga,2023-2024,2024-04-12,20:30,Augsburg,2–0,Union Berlin,29731.0,WWK Arena,Tobias Stieler
Bundesliga,2023-2024,2024-04-13,15:30,Bochum,1–1,Heidenheim,24414.0,Vonovia Ruhrstadion,Patrick Ittrich
Bundesliga,2023-2024,2024-04-13,15:30,Mainz 05,4–1,Hoffenheim,31000.0,Mewa Arena,Felix Zwayer
Bundesliga,2023-2024,2024-04-13,15:30,Gladbach,1–2,Dortmund,54042.0,Stadion im Borussia-Park,Florian Badstubner
Bundesliga,2023-2024,2024-04-13,15:30,RB Leipzig,3–0,Wolfsburg,45858.0,Red Bull Arena,Christian Dingert
Bundesliga,2023-2024,2024-04-13,15:30,Bayern Munich,2–0,Köln,75000.0,Allianz Arena,Frank Willenborg
Bundesliga,2023-2024,2024-04-13,18:30,Stuttgart,3–0,Eintracht Frankfurt,60000.0,MHPArena,Deniz Aytekin
Bundesliga,2023-2024,2024-04-14,15:30,Darmstadt 98,0–1,Freiburg,17810.0,Merck-Stadion am Böllenfalltor,Sascha Stegemann
Bundesliga,2023-2024,2024-04-14,17:30,Leverkusen,5–0,Werder Bremen,30210.0,BayArena,Harm Osmers
Bundesliga,2023-2024,2024-04-19,20:30,Eintracht Frankfurt,3–1,Augsburg,57600.0,Deutsche Bank Park,Martin Petersen
Bundesliga,2023-2024,2024-04-20,15:30,Wolfsburg,1–0,Bochum,26327.0,Volkswagen Arena,Tobias Reichel
Bundesliga,2023-2024,2024-04-20,15:30,Heidenheim,1–2,RB Leipzig,15000.0,Voith-Arena,Tobias Welz
Bundesliga,2023-2024,2024-04-20,15:30,Köln,0–2,Darmstadt 98,50000.0,RheinEnergieSTADION,Matthias Jollenbeck
Bundesliga,2023-2024,2024-04-20,15:30,Hoffenheim,4–3,Gladbach,26078.0,PreZero Arena,Sören Storks
Bundesliga,2023-2024,2024-04-20,18:30,Union Berlin,1–5,Bayern Munich,22012.0,Stadion An der Alten Försterei,Sven Jablonski
Bundesliga,2023-2024,2024-04-21,15:30,Werder Bremen,2–1,Stuttgart,42100.0,Wohninvest Weserstadion,Robert Schröder
Bundesliga,2023-2024,2024-04-21,17:30,Dortmund,1–1,Leverkusen,81365.0,Signal Iduna Park,Daniel Siebert
Bundesliga,2023-2024,2024-04-21,19:30,Freiburg,1–1,Mainz 05,34300.0,Europa-Park Stadion,Marco Fritz
Bundesliga,2023-2024,2024-04-26,20:30,Bochum,3–2,Hoffenheim,24300.0,Vonovia Ruhrstadion,Tobias Stieler
Bundesliga,2023-2024,2024-04-27,15:30,Freiburg,1–2,Wolfsburg,32800.0,Europa-Park Stadion,Frank Willenborg
Bundesliga,2023-2024,2024-04-27,15:30,Bayern Munich,2–1,Eintracht Frankfurt,75000.0,Allianz Arena,Daniel Schlager
Bundesliga,2023-2024,2024-04-27,15:30,RB Leipzig,4–1,Dortmund,47069.0,Red Bull Arena,Deniz Aytekin
Bundesliga,2023-2024,2024-04-27,15:30,Augsburg,0–3,Werder Bremen,30660.0,WWK Arena,Tobias Welz
Bundesliga,2023-2024,2024-04-27,18:30,Leverkusen,2–2,Stuttgart,30210.0,BayArena,Felix Zwayer
Bundesliga,2023-2024,2024-04-28,15:30,Gladbach,0–0,Union Berlin,53723.0,Stadion im Borussia-Park,Sascha Stegemann
Bundesliga,2023-2024,2024-04-28,17:30,Mainz 05,1–1,Köln,33305.0,Mewa Arena,Benjamin Brand
Bundesliga,2023-2024,2024-04-28,19:30,Darmstadt 98,0–1,Heidenheim,17416.0,Merck-Stadion am Böllenfalltor,Bastian Dankert
Bundesliga,2023-2024,2024-05-03,20:30,Hoffenheim,1–1,RB Leipzig,25066.0,PreZero Arena,Harm Osmers
Bundesliga,2023-2024,2024-05-04,15:30,Werder Bremen,2–2,Gladbach,42100.0,Wohninvest Weserstadion,Timo Gerach
Bundesliga,2023-2024,2024-05-04,15:30,Stuttgart,3–1,Bayern Munich,60000.0,MHPArena,Tobias Welz
Bundesliga,2023-2024,2024-05-04,15:30,Wolfsburg,3–0,Darmstadt 98,23108.0,Volkswagen Arena,Robert Hartmann
Bundesliga,2023-2024,2024-05-04,15:30,Dortmund,5–1,Augsburg,81365.0,Signal Iduna Park,Robert Schröder
Bundesliga,2023-2024,2024-05-04,18:30,Köln,0–0,Freiburg,50000.0,RheinEnergieSTADION,Sören Storks
Bundesliga,2023-2024,2024-05-05,15:30,Union Berlin,3–4,Bochum,22012.0,Stadion An der Alten Försterei,Marco Fritz
Bundesliga,2023-2024,2024-05-05,17:30,Eintracht Frankfurt,1–5,Leverkusen,58000.0,Deutsche Bank Park,Christian Dingert
Bundesliga,2023-2024,2024-05-05,19:30,Heidenheim,1–1,Mainz 05,15000.0,Voith-Arena,Sven Jablonski
Bundesliga,2023-2024,2024-05-10,20:30,Augsburg,0–1,Stuttgart,30660.0,WWK Arena,Patrick Ittrich
Bundesliga,2023-2024,2024-05-11,15:30,RB Leipzig,1–1,Werder Bremen,47069.0,Red Bull Arena,Sascha Stegemann
Bundesliga,2023-2024,2024-05-11,15:30,Gladbach,1–1,Eintracht Frankfurt,54042.0,Stadion im Borussia-Park,Robert Schröder
Bundesliga,2023-2024,2024-05-11,15:30,Freiburg,1–1,Heidenheim,34700.0,Europa-Park Stadion,Daniel Siebert
Bundesliga,2023-2024,2024-05-11,15:30,Köln,3–2,Union Berlin,50000.0,RheinEnergieSTADION,Deniz Aytekin
Bundesliga,2023-2024,2024-05-11,18:30,Mainz 05,3–0,Dortmund,33305.0,Mewa Arena,Tobias Stieler
Bundesliga,2023-2024,2024-05-12,15:30,Darmstadt 98,0–6,Hoffenheim,17810.0,Merck-Stadion am Böllenfalltor,Florian Badstubner
Bundesliga,2023-2024,2024-05-12,17:30,Bayern Munich,2–0,Wolfsburg,75000.0,Allianz Arena,Bastian Dankert
Bundesliga,2023-2024,2024-05-12,19:30,Bochum,0–5,Leverkusen,26000.0,Vonovia Ruhrstadion,Benjamin Brand
Bundesliga,2023-2024,2024-05-18,15:30,Wolfsburg,1–3,Mainz 05,26627.0,Volkswagen Arena,Frank Willenborg
Bundesliga,2023-2024,2024-05-18,15:30,Eintracht Frankfurt,2–2,RB Leipzig,57500.0,Deutsche Bank Park,Felix Zwayer
Bundesliga,2023-2024,2024-05-18,15:30,Stuttgart,4–0,Gladbach,60000.0,MHPArena,Daniel Schlager
Bundesliga,2023-2024,2024-05-18,15:30,Union Berlin,2–1,Freiburg,22012.0,Stadion An der Alten Försterei,Christian Dingert
Bundesliga,2023-2024,2024-05-18,15:30,Dortmund,4–0,Darmstadt 98,81365.0,Signal Iduna Park,Daniel Siebert
Bundesliga,2023-2024,2024-05-18,15:30,Heidenheim,4–1,Köln,15000.0,Voith-Arena,Tobias Welz
Bundesliga,2023-2024,2024-05-18,15:30,Hoffenheim,4–2,Bayern Munich,30150.0,PreZero Arena,Marco Fritz
Bundesliga,2023-2024,2024-05-18,15:30,Werder Bremen,4–1,Bochum,42100.0,Wohninvest Weserstadion,Martin Petersen
Bundesliga,2023-2024,2024-05-18,15:30,Leverkusen,2–1,Augsburg,30210.0,BayArena,Matthias Jollenbeck
Bundesliga,2022-2023,2022-08-05,20:30,Eintracht Frankfurt,1–6,Bayern Munich,51500.0,Deutsche Bank Park,Deniz Aytekin
Bundesliga,2022-2023,2022-08-06,15:30,Bochum,1–2,Mainz 05,24110.0,Vonovia Ruhrstadion,Felix Zwayer
Bundesliga,2022-2023,2022-08-06,15:30,Augsburg,0–4,Freiburg,25310.0,WWK Arena,Bastian Dankert
Bundesliga,2022-2023,2022-08-06,15:30,Gladbach,3–1,Hoffenheim,49659.0,Stadion im Borussia-Park,Daniel Siebert
Bundesliga,2022-2023,2022-08-06,15:30,Union Berlin,3–1,Hertha BSC,22012.0,Stadion An der Alten Försterei,Marco Fritz
Bundesliga,2022-2023,2022-08-06,15:30,Wolfsburg,2–2,Werder Bremen,28015.0,Volkswagen Arena,Sascha Stegemann
Bundesliga,2022-2023,2022-08-06,18:30,Dortmund,1–0,Leverkusen,81365.0,Signal Iduna Park,Felix Brych
Bundesliga,2022-2023,2022-08-07,15:30,Stuttgart,1–1,RB Leipzig,46000.0,Mercedes-Benz Arena,Tobias Stieler
Bundesliga,2022-2023,2022-08-07,17:30,Köln,3–1,Schalke 04,50000.0,RheinEnergieSTADION,Robert Schröder
Bundesliga,2022-2023,2022-08-12,20:30,Freiburg,1–3,Dortmund,34700.0,Europa-Park Stadion,Tobias Welz
Bundesliga,2022-2023,2022-08-13,15:30,Leverkusen,1–2,Augsburg,22903.0,BayArena,Benjamin Cortus
Bundesliga,2022-2023,2022-08-13,15:30,Hoffenheim,3–2,Bochum,17005.0,PreZero Arena,Patrick Ittrich
Bundesliga,2022-2023,2022-08-13,15:30,Werder Bremen,2–2,Stuttgart,41000.0,Wohninvest Weserstadion,Robert Hartmann
Bundesliga,2022-2023,2022-08-13,15:30,RB Leipzig,2–2,Köln,49579.0,Red Bull Arena,Benjamin Brand
Bundesliga,2022-2023,2022-08-13,15:30,Hertha BSC,1–1,Eintracht Frankfurt,45000.0,Olympiastadion Berlin,Frank Willenborg
Bundesliga,2022-2023,2022-08-13,18:30,Schalke 04,2–2,Gladbach,62271.0,Veltins-Arena,Sven Jablonski
Bundesliga,2022-2023,2022-08-14,15:30,Mainz 05,0–0,Union Berlin,25009.0,Mewa Arena,Daniel Schlager
Bundesliga,2022-2023,2022-08-14,17:30,Bayern Munich,2–0,Wolfsburg,75000.0,Allianz Arena,Harm Osmers
Bundesliga,2022-2023,2022-08-19,20:30,Gladbach,1–0,Hertha BSC,48411.0,Stadion im Borussia-Park,Matthias Jollenbeck
Bundesliga,2022-2023,2022-08-20,15:30,Leverkusen,0–3,Hoffenheim,26300.0,BayArena,Tobias Reichel
Bundesliga,2022-2023,2022-08-20,15:30,Wolfsburg,0–0,Schalke 04,26959.0,Volkswagen Arena,Felix Zwayer
Bundesliga,2022-2023,2022-08-20,15:30,Stuttgart,0–1,Freiburg,47500.0,Mercedes-Benz Arena,Felix Brych
Bundesliga,2022-2023,2022-08-20,15:30,Augsburg,1–2,Mainz 05,23755.0,WWK Arena,Sascha Stegemann
Bundesliga,2022-2023,2022-08-20,15:30,Dortmund,2–3,Werder Bremen,81365.0,Signal Iduna Park,Florian Badstubner
Bundesliga,2022-2023,2022-08-20,18:30,Union Berlin,2–1,RB Leipzig,21056.0,Stadion An der Alten Försterei,Deniz Aytekin
Bundesliga,2022-2023,2022-08-21,15:30,Eintracht Frankfurt,1–1,Köln,50800.0,Deutsche Bank Park,Martin Petersen
Bundesliga,2022-2023,2022-08-21,17:30,Bochum,0–7,Bayern Munich,26000.0,Vonovia Ruhrstadion,Daniel Siebert
Bundesliga,2022-2023,2022-08-26,20:30,Freiburg,1–0,Bochum,32800.0,Europa-Park Stadion,Marco Fritz
Bundesliga,2022-2023,2022-08-27,15:30,Hoffenheim,1–0,Augsburg,17206.0,PreZero Arena,Tobias Welz
Bundesliga,2022-2023,2022-08-27,15:30,RB Leipzig,2–0,Wolfsburg,41243.0,Red Bull Arena,Bastian Dankert
Bundesliga,2022-2023,2022-08-27,15:30,Mainz 05,0–3,Leverkusen,28500.0,Mewa Arena,Christian Dingert
Bundesliga,2022-2023,2022-08-27,15:30,Schalke 04,1–6,Union Berlin,62271.0,Veltins-Arena,Robert Hartmann
Bundesliga,2022-2023,2022-08-27,15:30,Hertha BSC,0–1,Dortmund,62142.0,Olympiastadion Berlin,Tobias Stieler
Bundesliga,2022-2023,2022-08-27,18:30,Bayern Munich,1–1,Gladbach,75000.0,Allianz Arena,Daniel Schlager
Bundesliga,2022-2023,2022-08-28,15:30,Köln,0–0,Stuttgart,50000.0,RheinEnergieSTADION,Harm Osmers
Bundesliga,2022-2023,2022-08-28,17:30,Werder Bremen,3–4,Eintracht Frankfurt,41000.0,Wohninvest Weserstadion,Patrick Ittrich
Bundesliga,2022-2023,2022-09-02,20:30,Dortmund,1–0,Hoffenheim,79300.0,Signal Iduna Park,Daniel Siebert
Bundesliga,2022-2023,2022-09-03,15:30,Leverkusen,2–3,Freiburg,26853.0,BayArena,Sascha Stegemann
Bundesliga,2022-2023,2022-09-03,15:30,Wolfsburg,2–4,Köln,25654.0,Volkswagen Arena,Matthias Jollenbeck
Bundesliga,2022-2023,2022-09-03,15:30,Bochum,0–2,Werder Bremen,25800.0,Vonovia Ruhrstadion,Robert Schröder
Bundesliga,2022-2023,2022-09-03,15:30,Stuttgart,1–1,Schalke 04,47500.0,Mercedes-Benz Arena,Florian Badstubner
Bundesliga,2022-2023,2022-09-03,15:30,Union Berlin,1–1,Bayern Munich,22012.0,Stadion An der Alten Försterei,Frank Willenborg
Bundesliga,2022-2023,2022-09-03,18:30,Eintracht Frankfurt,4–0,RB Leipzig,49700.0,Deutsche Bank Park,Felix Brych
Bundesliga,2022-2023,2022-09-04,15:30,Augsburg,0–2,Hertha BSC,25789.0,WWK Arena,Harm Osmers
Bundesliga,2022-2023,2022-09-04,17:30,Gladbach,0–1,Mainz 05,51210.0,Stadion im Borussia-Park,Deniz Aytekin
Bundesliga,2022-2023,2022-09-09,20:30,Werder Bremen,0–1,Augsburg,41000.0,Wohninvest Weserstadion,Martin Petersen
Bundesliga,2022-2023,2022-09-10,15:30,Eintracht Frankfurt,0–1,Wolfsburg,49000.0,Deutsche Bank Park,Tobias Reichel
Bundesliga,2022-2023,2022-09-10,15:30,Hertha BSC,2–2,Leverkusen,40643.0,Olympiastadion Berlin,Benjamin Brand
Bundesliga,2022-2023,2022-09-10,15:30,Hoffenheim,4–1,Mainz 05,20114.0,PreZero Arena,Daniel Schlager
Bundesliga,2022-2023,2022-09-10,15:30,RB Leipzig,3–0,Dortmund,47069.0,Red Bull Arena,Sven Jablonski
Bundesliga,2022-2023,2022-09-10,15:30,Bayern Munich,2–2,Stuttgart,75000.0,Allianz Arena,Christian Dingert
Bundesliga,2022-2023,2022-09-10,18:30,Schalke 04,3–1,Bochum,62041.0,Veltins-Arena,Felix Zwayer
Bundesliga,2022-2023,2022-09-11,15:30,Köln,0–1,Union Berlin,49500.0,RheinEnergieSTADION,Benjamin Cortus
Bundesliga,2022-2023,2022-09-11,17:30,Freiburg,0–0,Gladbach,34700.0,Europa-Park Stadion,Tobias Stieler
Bundesliga,2022-2023,2022-09-16,20:30,Mainz 05,1–1,Hertha BSC,25300.0,Mewa Arena,Frank Willenborg
Bundesliga,2022-2023,2022-09-17,15:30,Dortmund,1–0,Schalke 04,81100.0,Signal Iduna Park,Felix Brych
Bundesliga,2022-2023,2022-09-17,15:30,Leverkusen,1–1,Werder Bremen,30210.0,BayArena,Tobias Welz
Bundesliga,2022-2023,2022-09-17,15:30,Stuttgart,1–3,Eintracht Frankfurt,47500.0,Mercedes-Benz Arena,Daniel Siebert
Bundesliga,2022-2023,2022-09-17,15:30,Augsburg,1–0,Bayern Munich,30660.0,WWK Arena,Marco Fritz
Bundesliga,2022-2023,2022-09-17,18:30,Gladbach,3–0,RB Leipzig,50186.0,Stadion im Borussia-Park,Patrick Ittrich
Bundesliga,2022-2023,2022-09-18,15:30,Union Berlin,2–0,Wolfsburg,22012.0,Stadion An der Alten Försterei,Robert Schröder
Bundesliga,2022-2023,2022-09-18,17:30,Bochum,1–1,Köln,25800.0,Vonovia Ruhrstadion,Bastian Dankert
Bundesliga,2022-2023,2022-09-18,19:30,Hoffenheim,0–0,Freiburg,24233.0,PreZero Arena,Deniz Aytekin
Bundesliga,2022-2023,2022-09-30,20:30,Bayern Munich,4–0,Leverkusen,75000.0,Allianz Arena,Tobias Stieler
Bundesliga,2022-2023,2022-10-01,15:30,Wolfsburg,3–2,Stuttgart,24125.0,Volkswagen Arena,Felix Zwayer
Bundesliga,2022-2023,2022-10-01,15:30,RB Leipzig,4–0,Bochum,44403.0,Red Bull Arena,Florian Badstubner
Bundesliga,2022-2023,2022-10-01,15:30,Freiburg,2–1,Mainz 05,34700.0,Europa-Park Stadion,Sven Jablonski
Bundesliga,2022-2023,2022-10-01,15:30,Köln,3–2,Dortmund,50000.0,RheinEnergieSTADION,Harm Osmers
Bundesliga,2022-2023,2022-10-01,15:30,Eintracht Frankfurt,2–0,Union Berlin,50500.0,Deutsche Bank Park,Sascha Stegemann
Bundesliga,2022-2023,2022-10-01,18:30,Werder Bremen,5–1,Gladbach,42100.0,Wohninvest Weserstadion,Matthias Jollenbeck
Bundesliga,2022-2023,2022-10-02,15:30,Hertha BSC,1–1,Hoffenheim,41653.0,Olympiastadion Berlin,Christian Dingert
Bundesliga,2022-2023,2022-10-02,17:30,Schalke 04,2–3,Augsburg,60328.0,Veltins-Arena,Daniel Schlager
Bundesliga,2022-2023,2022-10-07,20:30,Hoffenheim,1–2,Werder Bremen,25410.0,PreZero Arena,Benjamin Cortus
Bundesliga,2022-2023,2022-10-08,15:30,Mainz 05,1–1,RB Leipzig,26100.0,Mewa Arena,Felix Brych
Bundesliga,2022-2023,2022-10-08,15:30,Leverkusen,4–0,Schalke 04,30210.0,BayArena,Tobias Reichel
Bundesliga,2022-2023,2022-10-08,15:30,Bochum,3–0,Eintracht Frankfurt,24850.0,Vonovia Ruhrstadion,Martin Petersen
Bundesliga,2022-2023,2022-10-08,15:30,Augsburg,1–1,Wolfsburg,26220.0,WWK Arena,Daniel Siebert
Bundesliga,2022-2023,2022-10-08,18:30,Dortmund,2–2,Bayern Munich,81365.0,Signal Iduna Park,Deniz Aytekin
Bundesliga,2022-2023,2022-10-09,15:30,Gladbach,5–2,Köln,54042.0,Stadion im Borussia-Park,Sven Jablonski
Bundesliga,2022-2023,2022-10-09,17:30,Hertha BSC,2–2,Freiburg,40481.0,Olympiastadion Berlin,Robert Schröder
Bundesliga,2022-2023,2022-10-09,19:30,Stuttgart,0–1,Union Berlin,43250.0,Mercedes-Benz Arena,Bastian Dankert
Bundesliga,2022-2023,2022-10-14,20:30,Schalke 04,0–3,Hoffenheim,59811.0,Veltins-Arena,Florian Badstubner
Bundesliga,2022-2023,2022-10-15,15:30,Eintracht Frankfurt,5–1,Leverkusen,49700.0,Deutsche Bank Park,Frank Willenborg
Bundesliga,2022-2023,2022-10-15,15:30,Werder Bremen,0–2,Mainz 05,41000.0,Wohninvest Weserstadion,Robert Hartmann
Bundesliga,2022-2023,2022-10-15,15:30,Stuttgart,4–1,Bochum,45400.0,Mercedes-Benz Arena,Christian Dingert
Bundesliga,2022-2023,2022-10-15,15:30,Wolfsburg,2–2,Gladbach,26701.0,Volkswagen Arena,Benjamin Cortus
Bundesliga,2022-2023,2022-10-15,18:30,RB Leipzig,3–2,Hertha BSC,47069.0,Red Bull Arena,Harm Osmers
Bundesliga,2022-2023,2022-10-16,15:30,Köln,3–2,Augsburg,49000.0,RheinEnergieSTADION,Felix Zwayer
Bundesliga,2022-2023,2022-10-16,17:30,Union Berlin,2–0,Dortmund,22012.0,Stadion An der Alten Försterei,Tobias Stieler
Bundesliga,2022-2023,2022-10-16,19:30,Bayern Munich,5–0,Freiburg,75000.0,Allianz Arena,Sascha Stegemann
Bundesliga,2022-2023,2022-10-21,20:30,Mainz 05,5–0,Köln,31610.0,Mewa Arena,Matthias Jollenbeck
Bundesliga,2022-2023,2022-10-22,15:30,Dortmund,5–0,Stuttgart,81365.0,Signal Iduna Park,Daniel Schlager
Bundesliga,2022-2023,2022-10-22,15:30,Freiburg,2–0,Werder Bremen,34700.0,Europa-Park Stadion,Bastian Dankert
Bundesliga,2022-2023,2022-10-22,15:30,Leverkusen,2–2,Wolfsburg,26294.0,BayArena,Felix Brych
Bundesliga,2022-2023,2022-10-22,15:30,Augsburg,3–3,RB Leipzig,25109.0,WWK Arena,Robert Schröder
Bundesliga,2022-2023,2022-10-22,15:30,Hoffenheim,0–2,Bayern Munich,30150.0,PreZero Arena,Sven Jablonski
Bundesliga,2022-2023,2022-10-22,18:30,Gladbach,1–3,Eintracht Frankfurt,53019.0,Stadion im Borussia-Park,Daniel Siebert
Bundesliga,2022-2023,2022-10-23,15:30,Bochum,2–1,Union Berlin,25460.0,Vonovia Ruhrstadion,Deniz Aytekin
Bundesliga,2022-2023,2022-10-23,17:30,Hertha BSC,2–1,Schalke 04,60165.0,Olympiastadion Berlin,Martin Petersen
Bundesliga,2022-2023,2022-10-28,20:30,Werder Bremen,1–0,Hertha BSC,42100.0,Wohninvest Weserstadion,Tobias Reichel
Bundesliga,2022-2023,2022-10-29,15:30,Stuttgart,2–1,Augsburg,46400.0,Mercedes-Benz Arena,Tobias Stieler
Bundesliga,2022-2023,2022-10-29,15:30,Wolfsburg,4–0,Bochum,24037.0,Volkswagen Arena,Robert Hartmann
Bundesliga,2022-2023,2022-10-29,15:30,RB Leipzig,2–0,Leverkusen,45598.0,Red Bull Arena,Sven Jablonski
Bundesliga,2022-2023,2022-10-29,15:30,Bayern Munich,6–2,Mainz 05,75000.0,Allianz Arena,Felix Zwayer
Bundesliga,2022-2023,2022-10-29,18:30,Eintracht Frankfurt,1–2,Dortmund,50000.0,Deutsche Bank Park,Sascha Stegemann
Bundesliga,2022-2023,2022-10-30,15:30,Union Berlin,2–1,Gladbach,22012.0,Stadion An der Alten Försterei,Harm Osmers
Bundesliga,2022-2023,2022-10-30,17:30,Schalke 04,0–2,Freiburg,61115.0,Veltins-Arena,Christian Dingert
Bundesliga,2022-2023,2022-10-30,19:30,Köln,1–1,Hoffenheim,49000.0,RheinEnergieSTADION,Frank Willenborg
Bundesliga,2022-2023,2022-11-04,20:30,Gladbach,3–1,Stuttgart,53178.0,Stadion im Borussia-Park,Matthias Jollenbeck
Bundesliga,2022-2023,2022-11-05,15:30,Augsburg,1–2,Eintracht Frankfurt,30087.0,WWK Arena,Deniz Aytekin
Bundesliga,2022-2023,2022-11-05,15:30,Dortmund,3–0,Bochum,81365.0,Signal Iduna Park,Tobias Stieler
Bundesliga,2022-2023,2022-11-05,15:30,Mainz 05,0–3,Wolfsburg,26750.0,Mewa Arena,Daniel Siebert
Bundesliga,2022-2023,2022-11-05,15:30,Hoffenheim,1–3,RB Leipzig,23127.0,PreZero Arena,Martin Petersen
Bundesliga,2022-2023,2022-11-05,15:30,Hertha BSC,2–3,Bayern Munich,74667.0,Olympiastadion Berlin,Bastian Dankert
Bundesliga,2022-2023,2022-11-05,18:30,Werder Bremen,2–1,Schalke 04,41000.0,Wohninvest Weserstadion,Felix Brych
Bundesliga,2022-2023,2022-11-06,15:30,Leverkusen,5–0,Union Berlin,30210.0,BayArena,Robert Schröder
Bundesliga,2022-2023,2022-11-06,17:30,Freiburg,2–0,Köln,33800.0,Europa-Park Stadion,Florian Badstubner
Bundesliga,2022-2023,2022-11-08,18:30,Wolfsburg,2–0,Dortmund,28675.0,Volkswagen Arena,Christian Dingert
Bundesliga,2022-2023,2022-11-08,20:30,Bochum,2–1,Gladbach,25900.0,Vonovia Ruhrstadion,Daniel Schlager
Bundesliga,2022-2023,2022-11-08,20:30,Bayern Munich,6–1,Werder Bremen,75000.0,Allianz Arena,Robert Hartmann
Bundesliga,2022-2023,2022-11-08,20:30,Stuttgart,2–1,Hertha BSC,44500.0,Mercedes-Benz Arena,Frank Willenborg
Bundesliga,2022-2023,2022-11-09,18:30,Köln,1–2,Leverkusen,50000.0,RheinEnergieSTADION,Tobias Stieler
Bundesliga,2022-2023,2022-11-09,20:30,Eintracht Frankfurt,4–2,Hoffenheim,49000.0,Deutsche Bank Park,Felix Zwayer
Bundesliga,2022-2023,2022-11-09,20:30,Schalke 04,1–0,Mainz 05,58256.0,Veltins-Arena,Tobias Reichel
Bundesliga,2022-2023,2022-11-09,20:30,Union Berlin,2–2,Augsburg,22012.0,Stadion An der Alten Försterei,Sascha Stegemann
Bundesliga,2022-2023,2022-11-09,20:30,RB Leipzig,3–1,Freiburg,41240.0,Red Bull Arena,Harm Osmers
Bundesliga,2022-2023,2022-11-11,20:30,Gladbach,4–2,Dortmund,54042.0,Stadion im Borussia-Park,Sven Jablonski
Bundesliga,2022-2023,2022-11-12,15:30,Leverkusen,2–0,Stuttgart,30210.0,BayArena,Florian Badstubner
Bundesliga,2022-2023,2022-11-12,15:30,Werder Bremen,1–2,RB Leipzig,41500.0,Wohninvest Weserstadion,Matthias Jollenbeck
Bundesliga,2022-2023,2022-11-12,15:30,Hertha BSC,2–0,Köln,60827.0,Olympiastadion Berlin,Christian Dingert
Bundesliga,2022-2023,2022-11-12,15:30,Hoffenheim,1–2,Wolfsburg,18014.0,PreZero Arena,Daniel Schlager
Bundesliga,2022-2023,2022-11-12,15:30,Augsburg,0–1,Bochum,28011.0,WWK Arena,Felix Brych
Bundesliga,2022-2023,2022-11-12,18:30,Schalke 04,0–2,Bayern Munich,62271.0,Veltins-Arena,Felix Zwayer
Bundesliga,2022-2023,2022-11-13,15:30,Mainz 05,1–1,Eintracht Frankfurt,33305.0,Mewa Arena,Robert Schröder
Bundesliga,2022-2023,2022-11-13,17:30,Freiburg,4–1,Union Berlin,33800.0,Europa-Park Stadion,Deniz Aytekin
Bundesliga,2022-2023,2023-01-20,20:30,RB Leipzig,1–1,Bayern Munich,47069.0,Red Bull Arena,Daniel Siebert
Bundesliga,2022-2023,2023-01-21,15:30,Stuttgart,1–1,Mainz 05,45903.0,Mercedes-Benz Arena,Felix Brych
Bundesliga,2022-2023,2023-01-21,15:30,Bochum,3–1,Hertha BSC,26000.0,Vonovia Ruhrstadion,Martin Petersen
Bundesliga,2022-2023,2023-01-21,15:30,Eintracht Frankfurt,3–0,Schalke 04,50000.0,Deutsche Bank Park,Marco Fritz
Bundesliga,2022-2023,2023-01-21,15:30,Wolfsburg,6–0,Freiburg,25849.0,Volkswagen Arena,Felix Zwayer
Bundesliga,2022-2023,2023-01-21,15:30,Union Berlin,3–1,Hoffenheim,21747.0,Stadion An der Alten Försterei,Robert Hartmann
Bundesliga,2022-2023,2023-01-21,18:30,Köln,7–1,Werder Bremen,50000.0,RheinEnergieSTADION,Robert Schröder
Bundesliga,2022-2023,2023-01-22,15:30,Dortmund,4–3,Augsburg,81365.0,Signal Iduna Park,Frank Willenborg
Bundesliga,2022-2023,2023-01-22,17:30,Gladbach,2–3,Leverkusen,53336.0,Stadion im Borussia-Park,Harm Osmers
Bundesliga,2022-2023,2023-01-24,18:30,Schalke 04,1–6,RB Leipzig,56841.0,Veltins-Arena,Benjamin Cortus
Bundesliga,2022-2023,2023-01-24,20:30,Hertha BSC,0–5,Wolfsburg,29483.0,Olympiastadion Berlin,Tobias Reichel
Bundesliga,2022-2023,2023-01-24,20:30,Hoffenheim,2–2,Stuttgart,23159.0,PreZero Arena,Florian Badstubner
Bundesliga,2022-2023,2023-01-24,20:30,Bayern Munich,1–1,Köln,75000.0,Allianz Arena,Tobias Stieler
Bundesliga,2022-2023,2023-01-25,18:30,Mainz 05,1–2,Dortmund,31500.0,Mewa Arena,Sascha Stegemann
Bundesliga,2022-2023,2023-01-25,20:30,Leverkusen,2–0,Bochum,25820.0,BayArena,Timo Gerach
Bundesliga,2022-2023,2023-01-25,20:30,Augsburg,1–0,Gladbach,23158.0,WWK Arena,Daniel Schlager
Bundesliga,2022-2023,2023-01-25,20:30,Werder Bremen,1–2,Union Berlin,41500.0,Wohninvest Weserstadion,Bastian Dankert
Bundesliga,2022-2023,2023-01-25,20:30,Freiburg,1–1,Eintracht Frankfurt,34700.0,Europa-Park Stadion,Deniz Aytekin
Bundesliga,2022-2023,2023-01-27,20:30,RB Leipzig,2–1,Stuttgart,46158.0,Red Bull Arena,Felix Zwayer
Bundesliga,2022-2023,2023-01-28,15:30,Hoffenheim,1–4,Gladbach,24119.0,PreZero Arena,Benjamin Brand
Bundesliga,2022-2023,2023-01-28,15:30,Werder Bremen,2–1,Wolfsburg,41000.0,Wohninvest Weserstadion,Daniel Siebert
Bundesliga,2022-2023,2023-01-28,15:30,Mainz 05,5–2,Bochum,23300.0,Mewa Arena,Patrick Ittrich
Bundesliga,2022-2023,2023-01-28,15:30,Freiburg,3–1,Augsburg,33500.0,Europa-Park Stadion,Christian Dingert
Bundesliga,2022-2023,2023-01-28,15:30,Hertha BSC,0–2,Union Berlin,74667.0,Olympiastadion Berlin,Felix Brych
Bundesliga,2022-2023,2023-01-28,18:30,Bayern Munich,1–1,Eintracht Frankfurt,75000.0,Allianz Arena,Sven Jablonski
Bundesliga,2022-2023,2023-01-29,15:30,Schalke 04,0–0,Köln,61571.0,Veltins-Arena,Matthias Jollenbeck
Bundesliga,2022-2023,2023-01-29,17:30,Leverkusen,0–2,Dortmund,30210.0,BayArena,Tobias Welz
Bundesliga,2022-2023,2023-02-03,20:30,Augsburg,1–0,Leverkusen,27318.0,WWK Arena,Marco Fritz
Bundesliga,2022-2023,2023-02-04,15:30,Dortmund,5–1,Freiburg,81365.0,Signal Iduna Park,Robert Schröder
Bundesliga,2022-2023,2023-02-04,15:30,Bochum,5–2,Hoffenheim,23700.0,Vonovia Ruhrstadion,Bastian Dankert
Bundesliga,2022-2023,2023-02-04,15:30,Eintracht Frankfurt,3–0,Hertha BSC,49500.0,Deutsche Bank Park,Robert Hartmann
Bundesliga,2022-2023,2023-02-04,15:30,Union Berlin,2–1,Mainz 05,22012.0,Stadion An der Alten Försterei,Florian Badstubner
Bundesliga,2022-2023,2023-02-04,15:30,Köln,0–0,RB Leipzig,49200.0,RheinEnergieSTADION,Martin Petersen
Bundesliga,2022-2023,2023-02-04,18:30,Gladbach,0–0,Schalke 04,54042.0,Stadion im Borussia-Park,Deniz Aytekin
Bundesliga,2022-2023,2023-02-05,15:30,Stuttgart,0–2,Werder Bremen,47700.0,Mercedes-Benz Arena,Frank Willenborg
Bundesliga,2022-2023,2023-02-05,17:30,Wolfsburg,2–4,Bayern Munich,30000.0,Volkswagen Arena,Harm Osmers
Bundesliga,2022-2023,2023-02-10,20:30,Schalke 04,0–0,Wolfsburg,60836.0,Veltins-Arena,Benjamin Brand
Bundesliga,2022-2023,2023-02-11,15:30,Bayern Munich,3–0,Bochum,75000.0,Allianz Arena,Matthias Jollenbeck
Bundesliga,2022-2023,2023-02-11,15:30,Mainz 05,3–1,Augsburg,22200.0,Mewa Arena,Sven Jablonski
Bundesliga,2022-2023,2023-02-11,15:30,Werder Bremen,0–2,Dortmund,42100.0,Wohninvest Weserstadion,Felix Brych
Bundesliga,2022-2023,2023-02-11,15:30,Hoffenheim,1–3,Leverkusen,20619.0,PreZero Arena,Tobias Stieler
Bundesliga,2022-2023,2023-02-11,15:30,Freiburg,2–1,Stuttgart,34700.0,Europa-Park Stadion,Sascha Stegemann
Bundesliga,2022-2023,2023-02-11,18:30,RB Leipzig,1–2,Union Berlin,47069.0,Red Bull Arena,Daniel Schlager
Bundesliga,2022-2023,2023-02-12,15:30,Hertha BSC,4–1,Gladbach,40973.0,Olympiastadion Berlin,Christian Dingert
Bundesliga,2022-2023,2023-02-12,17:30,Köln,3–0,Eintracht Frankfurt,50000.0,RheinEnergieSTADION,Daniel Siebert
Bundesliga,2022-2023,2023-02-17,20:30,Augsburg,1–0,Hoffenheim,25872.0,WWK Arena,Patrick Ittrich
Bundesliga,2022-2023,2023-02-18,15:30,Gladbach,3–2,Bayern Munich,54042.0,Stadion im Borussia-Park,Tobias Welz
Bundesliga,2022-2023,2023-02-18,15:30,Wolfsburg,0–3,RB Leipzig,24831.0,Volkswagen Arena,Deniz Aytekin
Bundesliga,2022-2023,2023-02-18,15:30,Stuttgart,3–0,Köln,46850.0,Mercedes-Benz Arena,Benjamin Cortus
Bundesliga,2022-2023,2023-02-18,15:30,Bochum,0–2,Freiburg,25100.0,Vonovia Ruhrstadion,Felix Zwayer
Bundesliga,2022-2023,2023-02-18,18:30,Eintracht Frankfurt,2–0,Werder Bremen,50000.0,Deutsche Bank Park,Bastian Dankert
Bundesliga,2022-2023,2023-02-19,15:30,Union Berlin,0–0,Schalke 04,22012.0,Stadion An der Alten Försterei,Tobias Reichel
Bundesliga,2022-2023,2023-02-19,17:30,Dortmund,4–1,Hertha BSC,81365.0,Signal Iduna Park,Harm Osmers
Bundesliga,2022-2023,2023-02-19,19:30,Leverkusen,2–3,Mainz 05,27002.0,BayArena,Robert Schröder
Bundesliga,2022-2023,2023-02-24,20:30,Mainz 05,4–0,Gladbach,32500.0,Mewa Arena,Robert Hartmann
Bundesliga,2022-2023,2023-02-25,15:30,Hertha BSC,2–0,Augsburg,40522.0,Olympiastadion Berlin,Matthias Jollenbeck
Bundesliga,2022-2023,2023-02-25,15:30,Köln,0–2,Wolfsburg,49300.0,RheinEnergieSTADION,Frank Willenborg
Bundesliga,2022-2023,2023-02-25,15:30,Werder Bremen,3–0,Bochum,42100.0,Wohninvest Weserstadion,Florian Badstubner
Bundesliga,2022-2023,2023-02-25,15:30,Hoffenheim,0–1,Dortmund,30150.0,PreZero Arena,Martin Petersen
Bundesliga,2022-2023,2023-02-25,15:30,RB Leipzig,2–1,Eintracht Frankfurt,47069.0,Red Bull Arena,Felix Brych
Bundesliga,2022-2023,2023-02-25,18:30,Schalke 04,2–1,Stuttgart,62271.0,Veltins-Arena,Deniz Aytekin
Bundesliga,2022-2023,2023-02-26,15:30,Freiburg,1–1,Leverkusen,34000.0,Europa-Park Stadion,Daniel Siebert
Bundesliga,2022-2023,2023-02-26,17:30,Bayern Munich,3–0,Union Berlin,75000.0,Allianz Arena,Marco Fritz
Bundesliga,2022-2023,2023-03-03,20:30,Dortmund,2–1,RB Leipzig,81365.0,Signal Iduna Park,Sven Jablonski
Bundesliga,2022-2023,2023-03-04,15:30,Gladbach,0–0,Freiburg,52000.0,Stadion im Borussia-Park,Benjamin Brand
Bundesliga,2022-2023,2023-03-04,15:30,Augsburg,2–1,Werder Bremen,30660.0,WWK Arena,Felix Zwayer
Bundesliga,2022-2023,2023-03-04,15:30,Union Berlin,0–0,Köln,22012.0,Stadion An der Alten Försterei,Tobias Stieler
Bundesliga,2022-2023,2023-03-04,15:30,Bochum,0–2,Schalke 04,26000.0,Vonovia Ruhrstadion,Felix Brych
Bundesliga,2022-2023,2023-03-04,15:30,Mainz 05,1–0,Hoffenheim,28100.0,Mewa Arena,Sascha Stegemann
Bundesliga,2022-2023,2023-03-04,18:30,Stuttgart,1–2,Bayern Munich,47800.0,Mercedes-Benz Arena,Christian Dingert
Bundesliga,2022-2023,2023-03-05,15:30,Leverkusen,4–1,Hertha BSC,30210.0,BayArena,Patrick Ittrich
Bundesliga,2022-2023,2023-03-05,17:30,Wolfsburg,2–2,Eintracht Frankfurt,27853.0,Volkswagen Arena,Daniel Schlager
Bundesliga,2022-2023,2023-03-10,20:30,Köln,0–2,Bochum,50000.0,RheinEnergieSTADION,Tobias Welz
Bundesliga,2022-2023,2023-03-11,15:30,Bayern Munich,5–3,Augsburg,75000.0,Allianz Arena,Florian Badstubner
Bundesliga,2022-2023,2023-03-11,15:30,Eintracht Frankfurt,1–1,Stuttgart,50000.0,Deutsche Bank Park,Robert Hartmann
Bundesliga,2022-2023,2023-03-11,15:30,Hertha BSC,1–1,Mainz 05,41689.0,Olympiastadion Berlin,Benjamin Cortus
Bundesliga,2022-2023,2023-03-11,15:30,RB Leipzig,3–0,Gladbach,46687.0,Red Bull Arena,Matthias Jollenbeck
Bundesliga,2022-2023,2023-03-11,18:30,Schalke 04,2–2,Dortmund,61571.0,Veltins-Arena,Marco Fritz
Bundesliga,2022-2023,2023-03-12,15:30,Freiburg,2–1,Hoffenheim,33500.0,Europa-Park Stadion,Harm Osmers
Bundesliga,2022-2023,2023-03-12,17:30,Werder Bremen,2–3,Leverkusen,41000.0,Wohninvest Weserstadion,Deniz Aytekin
Bundesliga,2022-2023,2023-03-12,19:30,Wolfsburg,1–1,Union Berlin,23554.0,Volkswagen Arena,Robert Schröder
Bundesliga,2022-2023,2023-03-17,20:30,Gladbach,2–2,Werder Bremen,54042.0,Stadion im Borussia-Park,Tobias Reichel
Bundesliga,2022-2023,2023-03-18,15:30,Stuttgart,0–1,Wolfsburg,44900.0,Mercedes-Benz Arena,Felix Brych
Bundesliga,2022-2023,2023-03-18,15:30,Hoffenheim,3–1,Hertha BSC,25027.0,PreZero Arena,Frank Willenborg
Bundesliga,2022-2023,2023-03-18,15:30,Augsburg,1–1,Schalke 04,30660.0,WWK Arena,Daniel Schlager
Bundesliga,2022-2023,2023-03-18,15:30,Bochum,1–0,RB Leipzig,24400.0,Vonovia Ruhrstadion,Sascha Stegemann
Bundesliga,2022-2023,2023-03-18,18:30,Dortmund,6–1,Köln,81365.0,Signal Iduna Park,Daniel Siebert
Bundesliga,2022-2023,2023-03-19,15:30,Union Berlin,2–0,Eintracht Frankfurt,22012.0,Stadion An der Alten Försterei,Christian Dingert
Bundesliga,2022-2023,2023-03-19,17:30,Leverkusen,2–1,Bayern Munich,30210.0,BayArena,Tobias Stieler
Bundesliga,2022-2023,2023-03-19,19:30,Mainz 05,1–1,Freiburg,26800.0,Mewa Arena,Bastian Dankert
Bundesliga,2022-2023,2023-03-31,20:30,Eintracht Frankfurt,1–1,Bochum,51500.0,Deutsche Bank Park,Harm Osmers
Bundesliga,2022-2023,2023-04-01,15:30,Union Berlin,3–0,Stuttgart,22012.0,Stadion An der Alten Försterei,Florian Badstubner
Bundesliga,2022-2023,2023-04-01,15:30,Freiburg,1–1,Hertha BSC,34700.0,Europa-Park Stadion,Sven Jablonski
Bundesliga,2022-2023,2023-04-01,15:30,Wolfsburg,2–2,Augsburg,22107.0,Volkswagen Arena,Martin Petersen
Bundesliga,2022-2023,2023-04-01,15:30,Schalke 04,0–3,Leverkusen,62271.0,Veltins-Arena,Deniz Aytekin
Bundesliga,2022-2023,2023-04-01,15:30,RB Leipzig,0–3,Mainz 05,45597.0,Red Bull Arena,Christian Dingert
Bundesliga,2022-2023,2023-04-01,18:30,Bayern Munich,4–2,Dortmund,75000.0,Allianz Arena,Marco Fritz
Bundesliga,2022-2023,2023-04-02,15:30,Köln,0–0,Gladbach,50000.0,RheinEnergieSTADION,Felix Zwayer
Bundesliga,2022-2023,2023-04-02,17:30,Werder Bremen,1–2,Hoffenheim,42000.0,Wohninvest Weserstadion,Sascha Stegemann
Bundesliga,2022-2023,2023-04-08,15:30,Leverkusen,3–1,Eintracht Frankfurt,30210.0,BayArena,Robert Hartmann
Bundesliga,2022-2023,2023-04-08,15:30,Freiburg,0–1,Bayern Munich,34700.0,Europa-Park Stadion,Daniel Siebert
Bundesliga,2022-2023,2023-04-08,15:30,Mainz 05,2–2,Werder Bremen,33305.0,Mewa Arena,Benjamin Brand
Bundesliga,2022-2023,2023-04-08,15:30,Augsburg,1–3,Köln,30660.0,WWK Arena,Robert Schröder
Bundesliga,2022-2023,2023-04-08,15:30,Dortmund,2–1,Union Berlin,81365.0,Signal Iduna Park,Daniel Schlager
Bundesliga,2022-2023,2023-04-08,18:30,Hertha BSC,0–1,RB Leipzig,50679.0,Olympiastadion Berlin,Deniz Aytekin
Bundesliga,2022-2023,2023-04-09,15:30,Gladbach,2–0,Wolfsburg,51127.0,Stadion im Borussia-Park,Timo Gerach
Bundesliga,2022-2023,2023-04-09,17:30,Bochum,2–3,Stuttgart,26000.0,Vonovia Ruhrstadion,Frank Willenborg
Bundesliga,2022-2023,2023-04-09,19:30,Hoffenheim,2–0,Schalke 04,30150.0,PreZero Arena,Matthias Jollenbeck
Bundesliga,2022-2023,2023-04-14,20:30,Schalke 04,5–2,Hertha BSC,61981.0,Veltins-Arena,Felix Brych
Bundesliga,2022-2023,2023-04-15,15:30,Köln,1–1,Mainz 05,50000.0,RheinEnergieSTADION,Benjamin Cortus
Bundesliga,2022-2023,2023-04-15,15:30,Stuttgart,3–3,Dortmund,47300.0,Mercedes-Benz Arena,Harm Osmers
Bundesliga,2022-2023,2023-04-15,15:30,RB Leipzig,3–2,Augsburg,46058.0,Red Bull Arena,Marco Fritz
Bundesliga,2022-2023,2023-04-15,15:30,Bayern Munich,1–1,Hoffenheim,75000.0,Allianz Arena,Bastian Dankert
Bundesliga,2022-2023,2023-04-15,18:30,Eintracht Frankfurt,1–1,Gladbach,50000.0,Deutsche Bank Park,Sven Jablonski
Bundesliga,2022-2023,2023-04-16,15:30,Werder Bremen,1–2,Freiburg,42100.0,Wohninvest Weserstadion,Florian Badstubner
Bundesliga,2022-2023,2023-04-16,17:30,Union Berlin,1–1,Bochum,20000.0,Stadion An der Alten Försterei,Tobias Stieler
Bundesliga,2022-2023,2023-04-16,19:30,Wolfsburg,0–0,Leverkusen,20137.0,Volkswagen Arena,Sascha Stegemann
Bundesliga,2022-2023,2023-04-21,20:30,Augsburg,1–1,Stuttgart,30660.0,WWK Arena,Christian Dingert
Bundesliga,2022-2023,2023-04-22,15:30,Hertha BSC,2–4,Werder Bremen,74667.0,Olympiastadion Berlin,Robert Schröder
Bundesliga,2022-2023,2023-04-22,15:30,Mainz 05,3–1,Bayern Munich,33305.0,Mewa Arena,Felix Zwayer
Bundesliga,2022-2023,2023-04-22,15:30,Bochum,1–5,Wolfsburg,24834.0,Vonovia Ruhrstadion,Felix Brych
Bundesliga,2022-2023,2023-04-22,15:30,Hoffenheim,1–3,Köln,30150.0,PreZero Arena,Robin Braun
Bundesliga,2022-2023,2023-04-22,18:30,Dortmund,4–0,Eintracht Frankfurt,81365.0,Signal Iduna Park,Deniz Aytekin
Bundesliga,2022-2023,2023-04-23,15:30,Freiburg,4–0,Schalke 04,34700.0,Europa-Park Stadion,Robert Hartmann
Bundesliga,2022-2023,2023-04-23,17:30,Leverkusen,2–0,RB Leipzig,29085.0,BayArena,Daniel Schlager
Bundesliga,2022-2023,2023-04-23,19:30,Gladbach,0–1,Union Berlin,52107.0,Stadion im Borussia-Park,Martin Petersen
Bundesliga,2022-2023,2023-04-28,20:30,Bochum,1–1,Dortmund,26000.0,Vonovia Ruhrstadion,Sascha Stegemann
Bundesliga,2022-2023,2023-04-29,15:30,Köln,0–1,Freiburg,50000.0,RheinEnergieSTADION,Tobias Reichel
Bundesliga,2022-2023,2023-04-29,15:30,RB Leipzig,1–0,Hoffenheim,45294.0,Red Bull Arena,Tobias Stieler
Bundesliga,2022-2023,2023-04-29,15:30,Eintracht Frankfurt,1–1,Augsburg,50000.0,Deutsche Bank Park,Frank Willenborg
Bundesliga,2022-2023,2023-04-29,15:30,Stuttgart,2–1,Gladbach,47700.0,Mercedes-Benz Arena,Tobias Welz
Bundesliga,2022-2023,2023-04-29,15:30,Union Berlin,0–0,Leverkusen,22012.0,Stadion An der Alten Försterei,Marco Fritz
Bundesliga,2022-2023,2023-04-29,18:30,Schalke 04,2–1,Werder Bremen,61981.0,Veltins-Arena,Bastian Dankert
Bundesliga,2022-2023,2023-04-30,15:30,Bayern Munich,2–0,Hertha BSC,75000.0,Allianz Arena,Patrick Ittrich
Bundesliga,2022-2023,2023-04-30,17:30,Wolfsburg,3–0,Mainz 05,23817.0,Volkswagen Arena,Daniel Siebert
Bundesliga,2022-2023,2023-05-05,20:30,Mainz 05,2–3,Schalke 04,33305.0,Mewa Arena,Matthias Jollenbeck
Bundesliga,2022-2023,2023-05-05,20:30,Leverkusen,1–2,Köln,30210.0,BayArena,Felix Zwayer
Bundesliga,2022-2023,2023-05-06,15:30,Freiburg,0–1,RB Leipzig,32900.0,Europa-Park Stadion,Tobias Welz
Bundesliga,2022-2023,2023-05-06,15:30,Hoffenheim,3–1,Eintracht Frankfurt,30000.0,PreZero Arena,Harm Osmers
Bundesliga,2022-2023,2023-05-06,15:30,Gladbach,2–0,Bochum,53797.0,Stadion im Borussia-Park,Robert Schröder
Bundesliga,2022-2023,2023-05-06,15:30,Augsburg,1–0,Union Berlin,30660.0,WWK Arena,Florian Badstubner
Bundesliga,2022-2023,2023-05-06,15:30,Hertha BSC,2–1,Stuttgart,63443.0,Olympiastadion Berlin,Deniz Aytekin
Bundesliga,2022-2023,2023-05-06,18:30,Werder Bremen,1–2,Bayern Munich,42100.0,Wohninvest Weserstadion,Christian Dingert
Bundesliga,2022-2023,2023-05-07,17:30,Dortmund,6–0,Wolfsburg,81365.0,Signal Iduna Park,Marco Fritz
Bundesliga,2022-2023,2023-05-12,20:30,Köln,5–2,Hertha BSC,50000.0,RheinEnergieSTADION,Sven Jablonski
Bundesliga,2022-2023,2023-05-13,15:30,Bayern Munich,6–0,Schalke 04,75000.0,Allianz Arena,Robert Schröder
Bundesliga,2022-2023,2023-05-13,15:30,Bochum,3–2,Augsburg,24453.0,Vonovia Ruhrstadion,Patrick Ittrich
Bundesliga,2022-2023,2023-05-13,15:30,Wolfsburg,2–1,Hoffenheim,22617.0,Volkswagen Arena,Tobias Stieler
Bundesliga,2022-2023,2023-05-13,15:30,Union Berlin,4–2,Freiburg,22012.0,Stadion An der Alten Försterei,Marco Fritz
Bundesliga,2022-2023,2023-05-13,15:30,Eintracht Frankfurt,3–0,Mainz 05,50000.0,Deutsche Bank Park,Felix Brych
Bundesliga,2022-2023,2023-05-13,18:30,Dortmund,5–2,Gladbach,81365.0,Signal Iduna Park,Daniel Schlager
Bundesliga,2022-2023,2023-05-14,15:30,Stuttgart,1–1,Leverkusen,47500.0,Mercedes-Benz Arena,Frank Willenborg
Bundesliga,2022-2023,2023-05-14,17:30,RB Leipzig,2–1,Werder Bremen,47069.0,Red Bull Arena,Florian Badstubner
Bundesliga,2022-2023,2023-05-19,20:30,Freiburg,2–0,Wolfsburg,33300.0,Europa-Park Stadion,Bastian Dankert
Bundesliga,2022-2023,2023-05-20,15:30,Werder Bremen,1–1,Köln,41846.0,Wohninvest Weserstadion,Robert Hartmann
Bundesliga,2022-2023,2023-05-20,15:30,Hoffenheim,4–2,Union Berlin,30000.0,PreZero Arena,Christian Dingert
Bundesliga,2022-2023,2023-05-20,15:30,Schalke 04,2–2,Eintracht Frankfurt,61575.0,Veltins-Arena,Daniel Schlager
Bundesliga,2022-2023,2023-05-20,15:30,Hertha BSC,1–1,Bochum,70692.0,Olympiastadion Berlin,Felix Brych
Bundesliga,2022-2023,2023-05-20,18:30,Bayern Munich,1–3,RB Leipzig,75000.0,Allianz Arena,Deniz Aytekin
Bundesliga,2022-2023,2023-05-21,15:30,Mainz 05,1–4,Stuttgart,33305.0,Mewa Arena,Sven Jablonski
Bundesliga,2022-2023,2023-05-21,17:30,Augsburg,0–3,Dortmund,30660.0,WWK Arena,Tobias Welz
Bundesliga,2022-2023,2023-05-21,19:30,Leverkusen,2–2,Gladbach,30210.0,BayArena,Daniel Siebert
Bundesliga,2022-2023,2023-05-27,15:30,RB Leipzig,4–2,Schalke 04,47069.0,Red Bull Arena,Harm Osmers
Bundesliga,2022-2023,2023-05-27,15:30,Köln,1–2,Bayern Munich,50000.0,RheinEnergieSTADION,Sven Jablonski
Bundesliga,2022-2023,2023-05-27,15:30,Wolfsburg,1–2,Hertha BSC,26775.0,Volkswagen Arena,Benjamin Cortus
Bundesliga,2022-2023,2023-05-27,15:30,Dortmund,2–2,Mainz 05,81365.0,Signal Iduna Park,Marco Fritz
Bundesliga,2022-2023,2023-05-27,15:30,Stuttgart,1–1,Hoffenheim,47500.0,Mercedes-Benz Arena,Robert Schröder
Bundesliga,2022-2023,2023-05-27,15:30,Bochum,3–0,Leverkusen,26000.0,Vonovia Ruhrstadion,Tobias Welz
Bundesliga,2022-2023,2023-05-27,15:30,Union Berlin,1–0,Werder Bremen,22012.0,Stadion An der Alten Försterei,Patrick Ittrich
Bundesliga,2022-2023,2023-05-27,15:30,Gladbach,2–0,Augsburg,52186.0,Stadion im Borussia-Park,Matthias Jollenbeck
Bundesliga,2022-2023,2023-05-27,15:30,Eintracht Frankfurt,2–1,Freiburg,50500.0,Deutsche Bank Park,Deniz Aytekin
Bundesliga,2021-2022,2021-08-13,20:30,Gladbach,1–1,Bayern Munich,22925.0,Stadion im Borussia-Park,Marco Fritz
Bundesliga,2021-2022,2021-08-14,15:30,Arminia,0–0,Freiburg,13750.0,SchücoArena,Sven Jablonski
Bundesliga,2021-2022,2021-08-14,15:30,Augsburg,0–4,Hoffenheim,9124.0,WWK Arena,Felix Brych
Bundesliga,2021-2022,2021-08-14,15:30,Union Berlin,1–1,Leverkusen,11000.0,Stadion An der Alten Försterei,Tobias Reichel
Bundesliga,2021-2022,2021-08-14,15:30,Wolfsburg,1–0,Bochum,8536.0,Volkswagen Arena,Frank Willenborg
Bundesliga,2021-2022,2021-08-14,15:30,Stuttgart,5–1,Greuther Fürth,18109.0,Mercedes-Benz Arena,Felix Zwayer
Bundesliga,2021-2022,2021-08-14,18:30,Dortmund,5–2,Eintracht Frankfurt,25000.0,Signal Iduna Park,Tobias Stieler
Bundesliga,2021-2022,2021-08-15,15:30,Mainz 05,1–0,RB Leipzig,10500.0,Mewa Arena,Daniel Siebert
Bundesliga,2021-2022,2021-08-15,17:30,Köln,3–1,Hertha BSC,16500.0,RheinEnergieSTADION,Robert Hartmann
Bundesliga,2021-2022,2021-08-20,20:30,RB Leipzig,4–0,Stuttgart,23100.0,Red Bull Arena,Florian Badstubner
Bundesliga,2021-2022,2021-08-21,15:30,Greuther Fürth,1–1,Arminia,5890.0,Sportpark Ronhof Thomas Sommer,Daniel Schlager
Bundesliga,2021-2022,2021-08-21,15:30,Bochum,2–0,Mainz 05,12548.0,Vonovia Ruhrstadion,Patrick Ittrich
Bundesliga,2021-2022,2021-08-21,15:30,Hertha BSC,1–2,Wolfsburg,18241.0,Olympiastadion Berlin,Matthias Jollenbeck
Bundesliga,2021-2022,2021-08-21,15:30,Eintracht Frankfurt,0–0,Augsburg,22000.0,Deutsche Bank Park,Harm Osmers
Bundesliga,2021-2022,2021-08-21,15:30,Freiburg,2–1,Dortmund,10100.0,Schwarzwald-Stadion,Robert Schröder
Bundesliga,2021-2022,2021-08-21,18:30,Leverkusen,4–0,Gladbach,15105.0,BayArena,Deniz Aytekin
Bundesliga,2021-2022,2021-08-22,15:30,Hoffenheim,2–2,Union Berlin,8014.0,PreZero Arena,Sascha Stegemann
Bundesliga,2021-2022,2021-08-22,17:30,Bayern Munich,3–2,Köln,20000.0,Allianz Arena,Martin Petersen
Bundesliga,2021-2022,2021-08-27,20:30,Dortmund,3–2,Hoffenheim,25000.0,Signal Iduna Park,Felix Zwayer
Bundesliga,2021-2022,2021-08-28,15:30,Arminia,1–1,Eintracht Frankfurt,13750.0,SchücoArena,Bastian Dankert
Bundesliga,2021-2022,2021-08-28,15:30,Augsburg,1–4,Leverkusen,10582.0,WWK Arena,Benjamin Brand
Bundesliga,2021-2022,2021-08-28,15:30,Stuttgart,2–3,Freiburg,25000.0,Mercedes-Benz Arena,Frank Willenborg
Bundesliga,2021-2022,2021-08-28,15:30,Köln,2–1,Bochum,25000.0,RheinEnergieSTADION,Benjamin Cortus
Bundesliga,2021-2022,2021-08-28,15:30,Mainz 05,3–0,Greuther Fürth,11500.0,Mewa Arena,Tobias Reichel
Bundesliga,2021-2022,2021-08-28,18:30,Bayern Munich,5–0,Hertha BSC,25000.0,Allianz Arena,Sven Jablonski
Bundesliga,2021-2022,2021-08-29,15:30,Union Berlin,2–1,Gladbach,11006.0,Stadion An der Alten Försterei,Felix Brych
Bundesliga,2021-2022,2021-08-29,17:30,Wolfsburg,1–0,RB Leipzig,12058.0,Volkswagen Arena,Tobias Stieler
Bundesliga,2021-2022,2021-09-11,15:30,Hoffenheim,0–2,Mainz 05,8427.0,PreZero Arena,Marco Fritz
Bundesliga,2021-2022,2021-09-11,15:30,Freiburg,1–1,Köln,10000.0,Schwarzwald-Stadion,Harm Osmers
Bundesliga,2021-2022,2021-09-11,15:30,Greuther Fürth,0–2,Wolfsburg,9000.0,Sportpark Ronhof Thomas Sommer,Robert Hartmann
Bundesliga,2021-2022,2021-09-11,15:30,Union Berlin,0–0,Augsburg,10207.0,Stadion An der Alten Försterei,Martin Petersen
Bundesliga,2021-2022,2021-09-11,15:30,Leverkusen,3–4,Dortmund,17605.0,BayArena,Daniel Siebert
Bundesliga,2021-2022,2021-09-11,18:30,RB Leipzig,1–4,Bayern Munich,34000.0,Red Bull Arena,Deniz Aytekin
Bundesliga,2021-2022,2021-09-12,15:30,Eintracht Frankfurt,1–1,Stuttgart,25000.0,Deutsche Bank Park,Matthias Jollenbeck
Bundesliga,2021-2022,2021-09-12,17:30,Bochum,1–3,Hertha BSC,14000.0,Vonovia Ruhrstadion,Robert Schröder
Bundesliga,2021-2022,2021-09-12,19:30,Gladbach,3–1,Arminia,24500.0,Stadion im Borussia-Park,Sascha Stegemann
Bundesliga,2021-2022,2021-09-17,20:30,Hertha BSC,2–1,Greuther Fürth,21372.0,Olympiastadion Berlin,Tobias Stieler
Bundesliga,2021-2022,2021-09-18,15:30,Augsburg,1–0,Gladbach,12500.0,WWK Arena,Florian Badstubner
Bundesliga,2021-2022,2021-09-18,15:30,Arminia,0–0,Hoffenheim,13750.0,SchücoArena,Patrick Ittrich
Bundesliga,2021-2022,2021-09-18,15:30,Mainz 05,0–0,Freiburg,13500.0,Mewa Arena,Benjamin Brand
Bundesliga,2021-2022,2021-09-18,15:30,Bayern Munich,7–0,Bochum,25000.0,Allianz Arena,Tobias Welz
Bundesliga,2021-2022,2021-09-18,18:30,Köln,1–1,RB Leipzig,25000.0,RheinEnergieSTADION,Felix Brych
Bundesliga,2021-2022,2021-09-19,15:30,Stuttgart,1–3,Leverkusen,23450.0,Mercedes-Benz Arena,Benjamin Cortus
Bundesliga,2021-2022,2021-09-19,17:30,Dortmund,4–2,Union Berlin,25000.0,Signal Iduna Park,Sven Jablonski
Bundesliga,2021-2022,2021-09-19,19:30,Wolfsburg,1–1,Eintracht Frankfurt,9266.0,Volkswagen Arena,Felix Zwayer
Bundesliga,2021-2022,2021-09-24,20:30,Greuther Fürth,1–3,Bayern Munich,11740.0,Sportpark Ronhof Thomas Sommer,Robert Schröder
Bundesliga,2021-2022,2021-09-25,15:30,Hoffenheim,3–1,Wolfsburg,8523.0,PreZero Arena,Daniel Siebert
Bundesliga,2021-2022,2021-09-25,15:30,Eintracht Frankfurt,1–1,Köln,24000.0,Deutsche Bank Park,Martin Petersen
Bundesliga,2021-2022,2021-09-25,15:30,RB Leipzig,6–0,Hertha BSC,23500.0,Red Bull Arena,Sascha Stegemann
Bundesliga,2021-2022,2021-09-25,15:30,Union Berlin,1–0,Arminia,11000.0,Stadion An der Alten Försterei,Marco Fritz
Bundesliga,2021-2022,2021-09-25,15:30,Leverkusen,1–0,Mainz 05,16624.0,BayArena,Bastian Dankert
Bundesliga,2021-2022,2021-09-25,18:30,Gladbach,1–0,Dortmund,25000.0,Stadion im Borussia-Park,Deniz Aytekin
Bundesliga,2021-2022,2021-09-26,15:30,Bochum,0–0,Stuttgart,15300.0,Vonovia Ruhrstadion,Christian Dingert
Bundesliga,2021-2022,2021-09-26,17:30,Freiburg,3–0,Augsburg,14400.0,Schwarzwald-Stadion,Daniel Schlager
Bundesliga,2021-2022,2021-10-01,20:30,Köln,3–1,Greuther Fürth,40000.0,RheinEnergieSTADION,Matthias Jollenbeck
Bundesliga,2021-2022,2021-10-02,15:30,Stuttgart,3–1,Hoffenheim,24211.0,Mercedes-Benz Arena,Harm Osmers
Bundesliga,2021-2022,2021-10-02,15:30,Hertha BSC,1–2,Freiburg,18376.0,Olympiastadion Berlin,Patrick Ittrich
Bundesliga,2021-2022,2021-10-02,15:30,Wolfsburg,1–3,Gladbach,12845.0,Volkswagen Arena,Frank Willenborg
Bundesliga,2021-2022,2021-10-02,15:30,Dortmund,2–1,Augsburg,41000.0,Signal Iduna Park,Tobias Welz
Bundesliga,2021-2022,2021-10-02,18:30,RB Leipzig,3–0,Bochum,25598.0,Red Bull Arena,Robert Hartmann
Bundesliga,2021-2022,2021-10-03,15:30,Mainz 05,1–2,Union Berlin,16000.0,Mewa Arena,Tobias Stieler
Bundesliga,2021-2022,2021-10-03,17:30,Bayern Munich,1–2,Eintracht Frankfurt,25000.0,Allianz Arena,Florian Badstubner
Bundesliga,2021-2022,2021-10-03,19:30,Arminia,0–4,Leverkusen,16250.0,SchücoArena,Felix Zwayer
Bundesliga,2021-2022,2021-10-15,20:30,Hoffenheim,5–0,Köln,14309.0,PreZero Arena,Tobias Reichel
Bundesliga,2021-2022,2021-10-16,15:30,Freiburg,1–1,RB Leipzig,20000.0,Europa-Park Stadion,Daniel Siebert
Bundesliga,2021-2022,2021-10-16,15:30,Dortmund,3–1,Mainz 05,63812.0,Signal Iduna Park,Daniel Schlager
Bundesliga,2021-2022,2021-10-16,15:30,Union Berlin,2–0,Wolfsburg,11000.0,Stadion An der Alten Försterei,Sascha Stegemann
Bundesliga,2021-2022,2021-10-16,15:30,Eintracht Frankfurt,1–2,Hertha BSC,32000.0,Deutsche Bank Park,Deniz Aytekin
Bundesliga,2021-2022,2021-10-16,15:30,Greuther Fürth,0–1,Bochum,10586.0,Sportpark Ronhof Thomas Sommer,Bastian Dankert
Bundesliga,2021-2022,2021-10-16,18:30,Gladbach,1–1,Stuttgart,41608.0,Stadion im Borussia-Park,Felix Brych
Bundesliga,2021-2022,2021-10-17,15:30,Leverkusen,1–5,Bayern Munich,29542.0,BayArena,Sven Jablonski
Bundesliga,2021-2022,2021-10-17,17:30,Augsburg,1–1,Arminia,17500.0,WWK Arena,Robert Schröder
Bundesliga,2021-2022,2021-10-22,20:30,Mainz 05,4–1,Augsburg,19400.0,Mewa Arena,Robert Hartmann
Bundesliga,2021-2022,2021-10-23,15:30,Wolfsburg,0–2,Freiburg,10251.0,Volkswagen Arena,Tobias Welz
Bundesliga,2021-2022,2021-10-23,15:30,Arminia,1–3,Dortmund,25000.0,SchücoArena,Benjamin Brand
Bundesliga,2021-2022,2021-10-23,15:30,Bayern Munich,4–0,Hoffenheim,60000.0,Allianz Arena,Matthias Jollenbeck
Bundesliga,2021-2022,2021-10-23,15:30,RB Leipzig,4–1,Greuther Fürth,24758.0,Red Bull Arena,Christian Dingert
Bundesliga,2021-2022,2021-10-23,18:30,Hertha BSC,1–0,Gladbach,25000.0,Olympiastadion Berlin,Benjamin Cortus
Bundesliga,2021-2022,2021-10-24,15:30,Köln,2–2,Leverkusen,49600.0,RheinEnergieSTADION,Felix Zwayer
Bundesliga,2021-2022,2021-10-24,17:30,Stuttgart,1–1,Union Berlin,32595.0,Mercedes-Benz Arena,Florian Badstubner
Bundesliga,2021-2022,2021-10-24,19:30,Bochum,2–0,Eintracht Frankfurt,19510.0,Vonovia Ruhrstadion,Marco Fritz
Bundesliga,2021-2022,2021-10-29,20:30,Hoffenheim,2–0,Hertha BSC,8127.0,PreZero Arena,Sven Jablonski
Bundesliga,2021-2022,2021-10-30,15:30,Arminia,1–2,Mainz 05,19477.0,SchücoArena,Bastian Dankert
Bundesliga,2021-2022,2021-10-30,15:30,Union Berlin,2–5,Bayern Munich,16509.0,Stadion An der Alten Försterei,Harm Osmers
Bundesliga,2021-2022,2021-10-30,15:30,Dortmund,2–0,Köln,66709.0,Signal Iduna Park,Martin Petersen
Bundesliga,2021-2022,2021-10-30,15:30,Freiburg,3–1,Greuther Fürth,31500.0,Europa-Park Stadion,Felix Brych
Bundesliga,2021-2022,2021-10-30,15:30,Leverkusen,0–2,Wolfsburg,20132.0,BayArena,Deniz Aytekin
Bundesliga,2021-2022,2021-10-30,18:30,Eintracht Frankfurt,1–1,RB Leipzig,31000.0,Deutsche Bank Park,Daniel Schlager
Bundesliga,2021-2022,2021-10-31,15:30,Augsburg,4–1,Stuttgart,17500.0,WWK Arena,Patrick Ittrich
Bundesliga,2021-2022,2021-10-31,17:30,Gladbach,2–1,Bochum,42361.0,Stadion im Borussia-Park,Tobias Reichel
Bundesliga,2021-2022,2021-11-05,20:30,Mainz 05,1–1,Gladbach,25000.0,Mewa Arena,Robert Schröder
Bundesliga,2021-2022,2021-11-06,15:30,Bochum,2–0,Hoffenheim,19600.0,Vonovia Ruhrstadion,Frank Willenborg
Bundesliga,2021-2022,2021-11-06,15:30,Wolfsburg,1–0,Augsburg,16095.0,Volkswagen Arena,Marco Fritz
Bundesliga,2021-2022,2021-11-06,15:30,Bayern Munich,2–1,Freiburg,75000.0,Allianz Arena,Sascha Stegemann
Bundesliga,2021-2022,2021-11-06,15:30,Stuttgart,0–1,Arminia,33550.0,Mercedes-Benz Arena,Christian Dingert
Bundesliga,2021-2022,2021-11-06,18:30,RB Leipzig,2–1,Dortmund,43429.0,Red Bull Arena,Felix Zwayer
Bundesliga,2021-2022,2021-11-07,15:30,Hertha BSC,1–1,Leverkusen,22187.0,Olympiastadion Berlin,Robert Hartmann
Bundesliga,2021-2022,2021-11-07,17:30,Köln,2–2,Union Berlin,49000.0,RheinEnergieSTADION,Tobias Stieler
Bundesliga,2021-2022,2021-11-07,19:30,Greuther Fürth,1–2,Eintracht Frankfurt,10244.0,Sportpark Ronhof Thomas Sommer,Daniel Siebert
Bundesliga,2021-2022,2021-11-19,20:30,Augsburg,2–1,Bayern Munich,26000.0,WWK Arena,Daniel Siebert
Bundesliga,2021-2022,2021-11-20,15:30,Dortmund,2–1,Stuttgart,57900.0,Signal Iduna Park,Harm Osmers
Bundesliga,2021-2022,2021-11-20,15:30,Leverkusen,1–0,Bochum,22538.0,BayArena,Daniel Schlager
Bundesliga,2021-2022,2021-11-20,15:30,Hoffenheim,2–0,RB Leipzig,13233.0,PreZero Arena,Tobias Welz
Bundesliga,2021-2022,2021-11-20,15:30,Arminia,2–2,Wolfsburg,19801.0,SchücoArena,Martin Petersen
Bundesliga,2021-2022,2021-11-20,15:30,Gladbach,4–0,Greuther Fürth,38621.0,Stadion im Borussia-Park,Benjamin Brand
Bundesliga,2021-2022,2021-11-20,18:30,Union Berlin,2–0,Hertha BSC,22012.0,Stadion An der Alten Försterei,Felix Brych
Bundesliga,2021-2022,2021-11-21,15:30,Freiburg,0–2,Eintracht Frankfurt,32500.0,Europa-Park Stadion,Florian Badstubner
Bundesliga,2021-2022,2021-11-21,17:30,Mainz 05,1–1,Köln,25500.0,Mewa Arena,Deniz Aytekin
Bundesliga,2021-2022,2021-11-26,20:30,Stuttgart,2–1,Mainz 05,25000.0,Mercedes-Benz Arena,Matthias Jollenbeck
Bundesliga,2021-2022,2021-11-27,15:30,Köln,4–1,Gladbach,50000.0,RheinEnergieSTADION,Robert Schröder
Bundesliga,2021-2022,2021-11-27,15:30,Bochum,2–1,Freiburg,19700.0,Vonovia Ruhrstadion,Patrick Ittrich
Bundesliga,2021-2022,2021-11-27,15:30,Greuther Fürth,3–6,Hoffenheim,3385.0,Sportpark Ronhof Thomas Sommer,Bastian Dankert
Bundesliga,2021-2022,2021-11-27,15:30,Hertha BSC,1–1,Augsburg,14523.0,Olympiastadion Berlin,Frank Willenborg
Bundesliga,2021-2022,2021-11-27,15:30,Wolfsburg,1–3,Dortmund,13281.0,Volkswagen Arena,Sven Jablonski
Bundesliga,2021-2022,2021-11-27,18:30,Bayern Munich,1–0,Arminia,12000.0,Allianz Arena,Marco Fritz
Bundesliga,2021-2022,2021-11-28,15:30,Eintracht Frankfurt,2–1,Union Berlin,24000.0,Deutsche Bank Park,Sascha Stegemann
Bundesliga,2021-2022,2021-11-28,17:30,RB Leipzig,1–3,Leverkusen,,Red Bull Arena,Benjamin Cortus
Bundesliga,2021-2022,2021-12-03,20:30,Union Berlin,2–1,RB Leipzig,13506.0,Stadion An der Alten Försterei,Harm Osmers
Bundesliga,2021-2022,2021-12-04,15:30,Augsburg,2–3,Bochum,,WWK Arena,Deniz Aytekin
Bundesliga,2021-2022,2021-12-04,15:30,Leverkusen,7–1,Greuther Fürth,10455.0,BayArena,Tobias Reichel
Bundesliga,2021-2022,2021-12-04,15:30,Mainz 05,3–0,Wolfsburg,10000.0,Mewa Arena,Florian Badstubner
Bundesliga,2021-2022,2021-12-04,15:30,Arminia,1–1,Köln,8231.0,SchücoArena,Felix Brych
Bundesliga,2021-2022,2021-12-04,15:30,Hoffenheim,3–2,Eintracht Frankfurt,,PreZero Arena,Daniel Schlager
Bundesliga,2021-2022,2021-12-04,18:30,Dortmund,2–3,Bayern Munich,15000.0,Signal Iduna Park,Felix Zwayer
Bundesliga,2021-2022,2021-12-05,15:30,Stuttgart,2–2,Hertha BSC,395.0,Mercedes-Benz Arena,Benjamin Brand
Bundesliga,2021-2022,2021-12-05,17:30,Gladbach,0–6,Freiburg,10025.0,Stadion im Borussia-Park,Robert Hartmann
Bundesliga,2021-2022,2021-12-10,20:30,Köln,0–2,Augsburg,15000.0,RheinEnergieSTADION,Patrick Ittrich
Bundesliga,2021-2022,2021-12-11,15:30,Hertha BSC,2–0,Arminia,5000.0,Olympiastadion Berlin,Tobias Welz
Bundesliga,2021-2022,2021-12-11,15:30,Freiburg,1–2,Hoffenheim,750.0,Europa-Park Stadion,Frank Willenborg
Bundesliga,2021-2022,2021-12-11,15:30,RB Leipzig,4–1,Gladbach,,Red Bull Arena,Bastian Dankert
Bundesliga,2021-2022,2021-12-11,15:30,Bochum,1–1,Dortmund,13799.0,Vonovia Ruhrstadion,Matthias Jollenbeck
Bundesliga,2021-2022,2021-12-11,15:30,Bayern Munich,2–1,Mainz 05,,Allianz Arena,Benjamin Cortus
Bundesliga,2021-2022,2021-12-11,18:30,Wolfsburg,0–2,Stuttgart,5000.0,Volkswagen Arena,Sascha Stegemann
Bundesliga,2021-2022,2021-12-12,15:30,Greuther Fürth,1–0,Union Berlin,,Sportpark Ronhof Thomas Sommer,Sven Jablonski
Bundesliga,2021-2022,2021-12-12,17:30,Eintracht Frankfurt,5–2,Leverkusen,12000.0,Deutsche Bank Park,Marco Fritz
Bundesliga,2021-2022,2021-12-14,18:30,Stuttgart,0–5,Bayern Munich,750.0,Mercedes-Benz Arena,Robert Schröder
Bundesliga,2021-2022,2021-12-14,20:30,Arminia,2–0,Bochum,13750.0,SchücoArena,Benjamin Brand
Bundesliga,2021-2022,2021-12-14,20:30,Wolfsburg,2–3,Köln,5000.0,Volkswagen Arena,Robert Hartmann
Bundesliga,2021-2022,2021-12-14,20:30,Mainz 05,4–0,Hertha BSC,10000.0,Mewa Arena,Harm Osmers
Bundesliga,2021-2022,2021-12-15,18:30,Gladbach,2–3,Eintracht Frankfurt,10028.0,Stadion im Borussia-Park,Martin Petersen
Bundesliga,2021-2022,2021-12-15,20:30,Union Berlin,0–0,Freiburg,5000.0,Stadion An der Alten Försterei,Deniz Aytekin
Bundesliga,2021-2022,2021-12-15,20:30,Dortmund,3–0,Greuther Fürth,15000.0,Signal Iduna Park,Daniel Schlager
Bundesliga,2021-2022,2021-12-15,20:30,Augsburg,1–1,RB Leipzig,,WWK Arena,Florian Badstubner
Bundesliga,2021-2022,2021-12-15,20:30,Leverkusen,2–2,Hoffenheim,13272.0,BayArena,Tobias Stieler
Bundesliga,2021-2022,2021-12-17,20:30,Bayern Munich,4–0,Wolfsburg,,Allianz Arena,Tobias Welz
Bundesliga,2021-2022,2021-12-18,15:30,Eintracht Frankfurt,1–0,Mainz 05,15000.0,Deutsche Bank Park,Felix Brych
Bundesliga,2021-2022,2021-12-18,15:30,Greuther Fürth,0–0,Augsburg,,Sportpark Ronhof Thomas Sommer,Sascha Stegemann
Bundesliga,2021-2022,2021-12-18,15:30,RB Leipzig,0–2,Arminia,,Red Bull Arena,Frank Willenborg
Bundesliga,2021-2022,2021-12-18,15:30,Hoffenheim,1–1,Gladbach,750.0,PreZero Arena,Sven Jablonski
Bundesliga,2021-2022,2021-12-18,15:30,Bochum,0–1,Union Berlin,13500.0,Vonovia Ruhrstadion,Tobias Reichel
Bundesliga,2021-2022,2021-12-18,18:30,Hertha BSC,3–2,Dortmund,5000.0,Olympiastadion Berlin,Marco Fritz
Bundesliga,2021-2022,2021-12-19,15:30,Freiburg,2–1,Leverkusen,750.0,Europa-Park Stadion,Benjamin Cortus
Bundesliga,2021-2022,2021-12-19,17:30,Köln,1–0,Stuttgart,15000.0,RheinEnergieSTADION,Bastian Dankert
Bundesliga,2021-2022,2022-01-07,20:30,Bayern Munich,1–2,Gladbach,,Allianz Arena,Daniel Siebert
Bundesliga,2021-2022,2022-01-08,15:30,Greuther Fürth,0–0,Stuttgart,,Sportpark Ronhof Thomas Sommer,Felix Brych
Bundesliga,2021-2022,2022-01-08,15:30,Hoffenheim,3–1,Augsburg,500.0,PreZero Arena,Benjamin Cortus
Bundesliga,2021-2022,2022-01-08,15:30,RB Leipzig,4–1,Mainz 05,,Red Bull Arena,Deniz Aytekin
Bundesliga,2021-2022,2022-01-08,15:30,Leverkusen,2–2,Union Berlin,,BayArena,Matthias Jollenbeck
Bundesliga,2021-2022,2022-01-08,15:30,Freiburg,2–2,Arminia,,Europa-Park Stadion,Harm Osmers
Bundesliga,2021-2022,2022-01-08,18:30,Eintracht Frankfurt,2–3,Dortmund,250.0,Deutsche Bank Park,Robert Schröder
Bundesliga,2021-2022,2022-01-09,15:30,Hertha BSC,1–3,Köln,3000.0,Olympiastadion Berlin,Tobias Stieler
Bundesliga,2021-2022,2022-01-09,17:30,Bochum,1–0,Wolfsburg,,Vonovia Ruhrstadion,Daniel Schlager
Bundesliga,2021-2022,2022-01-14,20:30,Dortmund,5–1,Freiburg,750.0,Signal Iduna Park,Florian Badstubner
Bundesliga,2021-2022,2022-01-15,15:30,Union Berlin,2–1,Hoffenheim,3000.0,Stadion An der Alten Försterei,Martin Petersen
Bundesliga,2021-2022,2022-01-15,15:30,Köln,0–4,Bayern Munich,1000.0,RheinEnergieSTADION,Tobias Welz
Bundesliga,2021-2022,2022-01-15,15:30,Stuttgart,0–2,RB Leipzig,500.0,Mercedes-Benz Arena,Daniel Schlager
Bundesliga,2021-2022,2022-01-15,15:30,Mainz 05,1–0,Bochum,1000.0,Mewa Arena,Frank Willenborg
Bundesliga,2021-2022,2022-01-15,15:30,Wolfsburg,0–0,Hertha BSC,500.0,Volkswagen Arena,Robert Hartmann
Bundesliga,2021-2022,2022-01-15,18:30,Gladbach,1–2,Leverkusen,750.0,Stadion im Borussia-Park,Sascha Stegemann
Bundesliga,2021-2022,2022-01-16,15:30,Augsburg,1–1,Eintracht Frankfurt,,WWK Arena,Sven Jablonski
Bundesliga,2021-2022,2022-01-16,17:30,Arminia,2–2,Greuther Fürth,750.0,SchücoArena,Christian Dingert
Bundesliga,2021-2022,2022-01-21,20:30,Eintracht Frankfurt,0–2,Arminia,1000.0,Deutsche Bank Park,Tobias Reichel
Bundesliga,2021-2022,2022-01-22,15:30,Freiburg,2–0,Stuttgart,500.0,Europa-Park Stadion,Tobias Stieler
Bundesliga,2021-2022,2022-01-22,15:30,Gladbach,1–2,Union Berlin,750.0,Stadion im Borussia-Park,Felix Brych
Bundesliga,2021-2022,2022-01-22,15:30,Greuther Fürth,2–1,Mainz 05,,Sportpark Ronhof Thomas Sommer,Robert Schröder
Bundesliga,2021-2022,2022-01-22,15:30,Leverkusen,5–1,Augsburg,750.0,BayArena,Daniel Schlager
Bundesliga,2021-2022,2022-01-22,15:30,Hoffenheim,2–3,Dortmund,500.0,PreZero Arena,Deniz Aytekin
Bundesliga,2021-2022,2022-01-22,18:30,Bochum,2–2,Köln,750.0,Vonovia Ruhrstadion,Matthias Jollenbeck
Bundesliga,2021-2022,2022-01-23,15:30,RB Leipzig,2–0,Wolfsburg,1000.0,Red Bull Arena,Daniel Siebert
Bundesliga,2021-2022,2022-01-23,17:30,Hertha BSC,1–4,Bayern Munich,3000.0,Olympiastadion Berlin,Bastian Dankert
Bundesliga,2021-2022,2022-02-04,20:30,Hertha BSC,1–1,Bochum,3000.0,Olympiastadion Berlin,Marco Fritz
Bundesliga,2021-2022,2022-02-05,15:30,Augsburg,2–0,Union Berlin,7600.0,WWK Arena,Harm Osmers
Bundesliga,2021-2022,2022-02-05,15:30,Arminia,1–1,Gladbach,10000.0,SchücoArena,Benjamin Cortus
Bundesliga,2021-2022,2022-02-05,15:30,Mainz 05,2–0,Hoffenheim,6800.0,Mewa Arena,Christian Dingert
Bundesliga,2021-2022,2022-02-05,15:30,Stuttgart,2–3,Eintracht Frankfurt,10000.0,Mercedes-Benz Arena,Sascha Stegemann
Bundesliga,2021-2022,2022-02-05,15:30,Köln,1–0,Freiburg,10000.0,RheinEnergieSTADION,Felix Brych
Bundesliga,2021-2022,2022-02-05,18:30,Bayern Munich,3–2,RB Leipzig,10000.0,Allianz Arena,Sven Jablonski
Bundesliga,2021-2022,2022-02-06,15:30,Dortmund,2–5,Leverkusen,10000.0,Signal Iduna Park,Daniel Siebert
Bundesliga,2021-2022,2022-02-06,17:30,Wolfsburg,4–1,Greuther Fürth,500.0,Volkswagen Arena,Martin Petersen
Bundesliga,2021-2022,2022-02-11,20:30,RB Leipzig,3–1,Köln,15000.0,Red Bull Arena,Florian Badstubner
Bundesliga,2021-2022,2022-02-12,15:30,Freiburg,1–1,Mainz 05,10000.0,Europa-Park Stadion,Deniz Aytekin
Bundesliga,2021-2022,2022-02-12,15:30,Bochum,4–2,Bayern Munich,10000.0,Vonovia Ruhrstadion,Robert Schröder
Bundesliga,2021-2022,2022-02-12,15:30,Greuther Fürth,2–1,Hertha BSC,9000.0,Sportpark Ronhof Thomas Sommer,Daniel Schlager
Bundesliga,2021-2022,2022-02-12,15:30,Eintracht Frankfurt,0–2,Wolfsburg,10000.0,Deutsche Bank Park,Frank Willenborg
Bundesliga,2021-2022,2022-02-12,15:30,Gladbach,3–2,Augsburg,10000.0,Stadion im Borussia-Park,Tobias Welz
Bundesliga,2021-2022,2022-02-12,18:30,Leverkusen,4–2,Stuttgart,10000.0,BayArena,Felix Brych
Bundesliga,2021-2022,2022-02-13,15:30,Union Berlin,0–3,Dortmund,10000.0,Stadion An der Alten Försterei,Matthias Jollenbeck
Bundesliga,2021-2022,2022-02-13,17:30,Hoffenheim,2–0,Arminia,10000.0,PreZero Arena,Robert Hartmann
Bundesliga,2021-2022,2022-02-18,20:30,Mainz 05,3–2,Leverkusen,10000.0,Mewa Arena,Benjamin Cortus
Bundesliga,2021-2022,2022-02-19,15:30,Arminia,1–0,Union Berlin,10000.0,SchücoArena,Daniel Schlager
Bundesliga,2021-2022,2022-02-19,15:30,Wolfsburg,1–2,Hoffenheim,7145.0,Volkswagen Arena,Felix Zwayer
Bundesliga,2021-2022,2022-02-19,15:30,Augsburg,1–2,Freiburg,15000.0,WWK Arena,Daniel Siebert
Bundesliga,2021-2022,2022-02-19,15:30,Stuttgart,1–1,Bochum,20059.0,Mercedes-Benz Arena,Harm Osmers
Bundesliga,2021-2022,2022-02-19,18:30,Köln,1–0,Eintracht Frankfurt,10000.0,RheinEnergieSTADION,Christian Dingert
Bundesliga,2021-2022,2022-02-20,15:30,Bayern Munich,4–1,Greuther Fürth,25000.0,Allianz Arena,Robert Hartmann
Bundesliga,2021-2022,2022-02-20,17:30,Dortmund,6–0,Gladbach,10000.0,Signal Iduna Park,Marco Fritz
Bundesliga,2021-2022,2022-02-20,19:30,Hertha BSC,1–6,RB Leipzig,10000.0,Olympiastadion Berlin,Patrick Ittrich
Bundesliga,2021-2022,2022-02-25,20:30,Hoffenheim,2–1,Stuttgart,18099.0,PreZero Arena,Matthias Jollenbeck
Bundesliga,2021-2022,2022-02-26,15:30,Leverkusen,3–0,Arminia,10000.0,BayArena,Martin Petersen
Bundesliga,2021-2022,2022-02-26,15:30,Greuther Fürth,1–1,Köln,9200.0,Sportpark Ronhof Thomas Sommer,Robert Schörgenhofer
Bundesliga,2021-2022,2022-02-26,15:30,Gladbach,2–2,Wolfsburg,10000.0,Stadion im Borussia-Park,Tobias Reichel
Bundesliga,2021-2022,2022-02-26,15:30,Freiburg,3–0,Hertha BSC,25000.0,Europa-Park Stadion,Sven Jablonski
Bundesliga,2021-2022,2022-02-26,15:30,Union Berlin,3–1,Mainz 05,10000.0,Stadion An der Alten Försterei,Bastian Dankert
Bundesliga,2021-2022,2022-02-26,18:30,Eintracht Frankfurt,0–1,Bayern Munich,25000.0,Deutsche Bank Park,Florian Badstubner
Bundesliga,2021-2022,2022-02-27,15:30,Bochum,0–1,RB Leipzig,10000.0,Vonovia Ruhrstadion,Felix Brych
Bundesliga,2021-2022,2022-02-27,17:30,Augsburg,1–1,Dortmund,15330.0,WWK Arena,Deniz Aytekin
Bundesliga,2021-2022,2022-03-04,20:30,Arminia,0–1,Augsburg,19460.0,SchücoArena,Felix Brych
Bundesliga,2021-2022,2022-03-05,15:30,Bayern Munich,1–1,Leverkusen,25000.0,Allianz Arena,Daniel Siebert
Bundesliga,2021-2022,2022-03-05,15:30,Bochum,2–1,Greuther Fürth,19800.0,Vonovia Ruhrstadion,Daniel Schlager
Bundesliga,2021-2022,2022-03-05,15:30,Hertha BSC,1–4,Eintracht Frankfurt,25000.0,Olympiastadion Berlin,Harm Osmers
Bundesliga,2021-2022,2022-03-05,15:30,Wolfsburg,1–0,Union Berlin,15703.0,Volkswagen Arena,Patrick Ittrich
Bundesliga,2021-2022,2022-03-05,15:30,RB Leipzig,1–1,Freiburg,24758.0,Red Bull Arena,Felix Zwayer
Bundesliga,2021-2022,2022-03-05,18:30,Stuttgart,3–2,Gladbach,25000.0,Mercedes-Benz Arena,Christian Dingert
Bundesliga,2021-2022,2022-03-06,17:30,Köln,0–1,Hoffenheim,37500.0,RheinEnergieSTADION,Marco Fritz
Bundesliga,2021-2022,2022-03-12,15:30,Freiburg,3–2,Wolfsburg,25000.0,Europa-Park Stadion,Martin Petersen
Bundesliga,2021-2022,2022-03-12,15:30,Hoffenheim,1–1,Bayern Munich,25600.0,PreZero Arena,Robert Schröder
Bundesliga,2021-2022,2022-03-12,15:30,Union Berlin,1–1,Stuttgart,16509.0,Stadion An der Alten Försterei,Robert Hartmann
Bundesliga,2021-2022,2022-03-12,18:30,Gladbach,2–0,Hertha BSC,30675.0,Stadion im Borussia-Park,Florian Badstubner
Bundesliga,2021-2022,2022-03-13,15:30,Leverkusen,0–1,Köln,22658.0,BayArena,Sascha Stegemann
Bundesliga,2021-2022,2022-03-13,17:30,Dortmund,1–0,Arminia,33000.0,Signal Iduna Park,Bastian Dankert
Bundesliga,2021-2022,2022-03-13,17:30,Eintracht Frankfurt,2–1,Bochum,24000.0,Deutsche Bank Park,Marco Fritz
Bundesliga,2021-2022,2022-03-13,19:30,Greuther Fürth,1–6,RB Leipzig,9418.0,Sportpark Ronhof Thomas Sommer,Sven Jablonski
Bundesliga,2021-2022,2022-03-16,18:30,Mainz 05,0–1,Dortmund,25000.0,Mewa Arena,Sascha Stegemann
Bundesliga,2021-2022,2022-03-18,20:30,Bochum,0–2,Gladbach,,Vonovia Ruhrstadion,Benjamin Cortus
Bundesliga,2021-2022,2022-03-19,15:30,Greuther Fürth,0–0,Freiburg,9884.0,Sportpark Ronhof Thomas Sommer,Tobias Reichel
Bundesliga,2021-2022,2022-03-19,15:30,Stuttgart,3–2,Augsburg,55785.0,Mercedes-Benz Arena,Patrick Ittrich
Bundesliga,2021-2022,2022-03-19,15:30,Hertha BSC,3–0,Hoffenheim,25000.0,Olympiastadion Berlin,Daniel Schlager
Bundesliga,2021-2022,2022-03-19,15:30,Mainz 05,4–0,Arminia,25000.0,Mewa Arena,Felix Zwayer
Bundesliga,2021-2022,2022-03-19,18:30,Bayern Munich,4–0,Union Berlin,37000.0,Allianz Arena,Harm Osmers
Bundesliga,2021-2022,2022-03-20,15:30,RB Leipzig,0–0,Eintracht Frankfurt,43058.0,Red Bull Arena,Christian Dingert
Bundesliga,2021-2022,2022-03-20,17:30,Wolfsburg,0–2,Leverkusen,16554.0,Volkswagen Arena,Felix Brych
Bundesliga,2021-2022,2022-03-20,19:30,Köln,1–1,Dortmund,50000.0,RheinEnergieSTADION,Daniel Siebert
Bundesliga,2021-2022,2022-04-01,20:30,Union Berlin,1–0,Köln,22012.0,Stadion An der Alten Försterei,Florian Badstubner
Bundesliga,2021-2022,2022-04-02,15:30,Freiburg,1–4,Bayern Munich,34700.0,Europa-Park Stadion,Christian Dingert
Bundesliga,2021-2022,2022-04-02,15:30,Leverkusen,2–1,Hertha BSC,23557.0,BayArena,Matthias Jollenbeck
Bundesliga,2021-2022,2022-04-02,15:30,Arminia,1–1,Stuttgart,26011.0,SchücoArena,Patrick Ittrich
Bundesliga,2021-2022,2022-04-02,15:30,Eintracht Frankfurt,0–0,Greuther Fürth,50500.0,Deutsche Bank Park,Bastian Dankert
Bundesliga,2021-2022,2022-04-02,15:30,Hoffenheim,1–2,Bochum,15014.0,PreZero Arena,Daniel Siebert
Bundesliga,2021-2022,2022-04-02,18:30,Dortmund,1–4,RB Leipzig,81365.0,Signal Iduna Park,Marco Fritz
Bundesliga,2021-2022,2022-04-03,15:30,Augsburg,3–0,Wolfsburg,23143.0,WWK Arena,Sascha Stegemann
Bundesliga,2021-2022,2022-04-03,17:30,Gladbach,1–1,Mainz 05,44156.0,Stadion im Borussia-Park,Daniel Schlager
Bundesliga,2021-2022,2022-04-06,18:30,Augsburg,2–1,Mainz 05,18122.0,WWK Arena,Matthias Jollenbeck
Bundesliga,2021-2022,2022-04-08,20:30,Stuttgart,0–2,Dortmund,58248.0,Mercedes-Benz Arena,Harm Osmers
Bundesliga,2021-2022,2022-04-09,15:30,Wolfsburg,4–0,Arminia,22512.0,Volkswagen Arena,Benjamin Brand
Bundesliga,2021-2022,2022-04-09,15:30,Greuther Fürth,0–2,Gladbach,13900.0,Sportpark Ronhof Thomas Sommer,Tobias Stieler
Bundesliga,2021-2022,2022-04-09,15:30,Köln,3–2,Mainz 05,49800.0,RheinEnergieSTADION,Martin Petersen
Bundesliga,2021-2022,2022-04-09,15:30,Bayern Munich,1–0,Augsburg,75000.0,Allianz Arena,Patrick Ittrich
Bundesliga,2021-2022,2022-04-09,18:30,Hertha BSC,1–4,Union Berlin,74667.0,Olympiastadion Berlin,Sven Jablonski
Bundesliga,2021-2022,2022-04-10,15:30,Bochum,0–0,Leverkusen,25000.0,Vonovia Ruhrstadion,Felix Zwayer
Bundesliga,2021-2022,2022-04-10,17:30,Eintracht Frankfurt,1–2,Freiburg,47000.0,Deutsche Bank Park,Felix Brych
Bundesliga,2021-2022,2022-04-10,19:30,RB Leipzig,3–0,Hoffenheim,35112.0,Red Bull Arena,Bastian Dankert
Bundesliga,2021-2022,2022-04-16,15:30,Freiburg,3–0,Bochum,34000.0,Europa-Park Stadion,Sascha Stegemann
Bundesliga,2021-2022,2022-04-16,15:30,Augsburg,0–1,Hertha BSC,28533.0,WWK Arena,Marco Fritz
Bundesliga,2021-2022,2022-04-16,15:30,Mainz 05,0–0,Stuttgart,30128.0,Mewa Arena,Florian Badstubner
Bundesliga,2021-2022,2022-04-16,15:30,Dortmund,6–1,Wolfsburg,79200.0,Signal Iduna Park,Robert Schröder
Bundesliga,2021-2022,2022-04-16,18:30,Gladbach,1–3,Köln,54042.0,Stadion im Borussia-Park,Deniz Aytekin
Bundesliga,2021-2022,2022-04-17,15:30,Arminia,0–3,Bayern Munich,26419.0,SchücoArena,Matthias Jollenbeck
Bundesliga,2021-2022,2022-04-17,17:30,Hoffenheim,0–0,Greuther Fürth,16110.0,PreZero Arena,Felix Zwayer
Bundesliga,2021-2022,2022-04-17,17:30,Union Berlin,2–0,Eintracht Frankfurt,22000.0,Stadion An der Alten Försterei,Frank Willenborg
Bundesliga,2021-2022,2022-04-17,19:30,Leverkusen,0–1,RB Leipzig,26119.0,BayArena,Daniel Siebert
Bundesliga,2021-2022,2022-04-22,20:30,Wolfsburg,5–0,Mainz 05,19055.0,Volkswagen Arena,Harm Osmers
Bundesliga,2021-2022,2022-04-23,15:30,Freiburg,3–3,Gladbach,34700.0,Europa-Park Stadion,Benjamin Brand
Bundesliga,2021-2022,2022-04-23,15:30,Köln,3–1,Arminia,50000.0,RheinEnergieSTADION,Tobias Stieler
Bundesliga,2021-2022,2022-04-23,15:30,Eintracht Frankfurt,2–2,Hoffenheim,50500.0,Deutsche Bank Park,Sven Jablonski
Bundesliga,2021-2022,2022-04-23,15:30,RB Leipzig,1–2,Union Berlin,45770.0,Red Bull Arena,Daniel Schlager
Bundesliga,2021-2022,2022-04-23,15:30,Greuther Fürth,1–4,Leverkusen,11579.0,Sportpark Ronhof Thomas Sommer,Tobias Reichel
Bundesliga,2021-2022,2022-04-23,18:30,Bayern Munich,3–1,Dortmund,75000.0,Allianz Arena,Daniel Siebert
Bundesliga,2021-2022,2022-04-24,15:30,Bochum,0–2,Augsburg,23500.0,Vonovia Ruhrstadion,Bastian Dankert
Bundesliga,2021-2022,2022-04-24,17:30,Hertha BSC,2–0,Stuttgart,54589.0,Olympiastadion Berlin,Felix Brych
Bundesliga,2021-2022,2022-04-29,20:30,Union Berlin,1–1,Greuther Fürth,22012.0,Stadion An der Alten Försterei,Patrick Ittrich
Bundesliga,2021-2022,2022-04-30,15:30,Mainz 05,3–1,Bayern Munich,33305.0,Mewa Arena,Sascha Stegemann
Bundesliga,2021-2022,2022-04-30,15:30,Arminia,1–1,Hertha BSC,26021.0,SchücoArena,Deniz Aytekin
Bundesliga,2021-2022,2022-04-30,15:30,Dortmund,3–4,Bochum,81365.0,Signal Iduna Park,Robert Hartmann
Bundesliga,2021-2022,2022-04-30,15:30,Stuttgart,1–1,Wolfsburg,55000.0,Mercedes-Benz Arena,Sven Jablonski
Bundesliga,2021-2022,2022-04-30,15:30,Augsburg,1–4,Köln,29511.0,WWK Arena,Robert Schröder
Bundesliga,2021-2022,2022-04-30,18:30,Hoffenheim,3–4,Freiburg,23627.0,PreZero Arena,Marco Fritz
Bundesliga,2021-2022,2022-05-02,20:30,Gladbach,3–1,RB Leipzig,35324.0,Stadion im Borussia-Park,Martin Petersen
Bundesliga,2021-2022,2022-05-02,20:30,Leverkusen,2–0,Eintracht Frankfurt,26492.0,BayArena,Benjamin Cortus
Bundesliga,2021-2022,2022-05-06,20:30,Bochum,2–1,Arminia,25000.0,Vonovia Ruhrstadion,Robert Schröder
Bundesliga,2021-2022,2022-05-07,15:30,Freiburg,1–4,Union Berlin,34700.0,Europa-Park Stadion,Felix Brych
Bundesliga,2021-2022,2022-05-07,15:30,Greuther Fürth,1–3,Dortmund,16600.0,Sportpark Ronhof Thomas Sommer,Christian Dingert
Bundesliga,2021-2022,2022-05-07,15:30,Köln,0–1,Wolfsburg,50000.0,RheinEnergieSTADION,Tobias Stieler
Bundesliga,2021-2022,2022-05-07,15:30,Hoffenheim,2–4,Leverkusen,20033.0,PreZero Arena,Frank Willenborg
Bundesliga,2021-2022,2022-05-07,18:30,Hertha BSC,1–2,Mainz 05,71548.0,Olympiastadion Berlin,Patrick Ittrich
Bundesliga,2021-2022,2022-05-08,15:30,Eintracht Frankfurt,1–1,Gladbach,51500.0,Deutsche Bank Park,Felix Zwayer
Bundesliga,2021-2022,2022-05-08,17:30,Bayern Munich,2–2,Stuttgart,75000.0,Allianz Arena,Deniz Aytekin
Bundesliga,2021-2022,2022-05-08,19:30,RB Leipzig,4–0,Augsburg,37029.0,Red Bull Arena,Bastian Dankert
Bundesliga,2021-2022,2022-05-14,15:30,Leverkusen,2–1,Freiburg,30210.0,BayArena,Sven Jablonski
Bundesliga,2021-2022,2022-05-14,15:30,Gladbach,5–1,Hoffenheim,50395.0,Stadion im Borussia-Park,Harm Osmers
Bundesliga,2021-2022,2022-05-14,15:30,Stuttgart,2–1,Köln,52230.0,Mercedes-Benz Arena,Robert Schröder
Bundesliga,2021-2022,2022-05-14,15:30,Arminia,1–1,RB Leipzig,22719.0,SchücoArena,Daniel Siebert
Bundesliga,2021-2022,2022-05-14,15:30,Dortmund,2–1,Hertha BSC,80500.0,Signal Iduna Park,Tobias Stieler
Bundesliga,2021-2022,2022-05-14,15:30,Union Berlin,3–2,Bochum,22012.0,Stadion An der Alten Försterei,Marco Fritz
Bundesliga,2021-2022,2022-05-14,15:30,Wolfsburg,2–2,Bayern Munich,30000.0,Volkswagen Arena,Robert Hartmann
Bundesliga,2021-2022,2022-05-14,15:30,Mainz 05,2–2,Eintracht Frankfurt,33000.0,Mewa Arena,Martin Petersen
Bundesliga,2021-2022,2022-05-14,15:30,Augsburg,2–1,Greuther Fürth,27907.0,WWK Arena,Tobias Reichel
Premier League,2025-2026,2025-08-15,20:00 (21:00),Liverpool,4–2,Bournemouth,60315.0,Anfield,Anthony Taylor
Premier League,2025-2026,2025-08-16,12:30 (13:30),Aston Villa,0–0,Newcastle United,42526.0,Villa Park,Craig Pawson
Premier League,2025-2026,2025-08-16,15:00 (16:00),Sunderland,3–0,West Ham United,46233.0,Stadium of Light,Robert Jones
Premier League,2025-2026,2025-08-16,15:00 (16:00),Brighton,1–1,Fulham,31478.0,The American Express Stadium,Samuel Barrott
Premier League,2025-2026,2025-08-16,15:00 (16:00),Tottenham Hotspur,3–0,Burnley,61077.0,Tottenham Hotspur Stadium,Michael Oliver
Premier League,2025-2026,2025-08-16,17:30 (18:30),Wolves,0–4,Manchester City,31456.0,Molineux Stadium,Jarred Gillett
Premier League,2025-2026,2025-08-17,14:00 (15:00),Chelsea,0–0,Crystal Palace,39678.0,Stamford Bridge,Darren England
Premier League,2025-2026,2025-08-17,14:00 (15:00),Nottingham Forest,3–1,Brentford,29949.0,The City Ground,Peter Bankes
Premier League,2025-2026,2025-08-17,16:30 (17:30),Manchester Utd,0–1,Arsenal,73475.0,Old Trafford,Simon Hooper
Premier League,2025-2026,2025-08-18,20:00 (21:00),Leeds United,1–0,Everton,36820.0,Elland Road,Chris Kavanagh
Premier League,2025-2026,2025-08-22,20:00 (21:00),West Ham United,1–5,Chelsea,62462.0,London Stadium,Michael Oliver
Premier League,2025-2026,2025-08-23,12:30 (13:30),Manchester City,0–2,Tottenham Hotspur,51785.0,Etihad Stadium,Peter Bankes
Premier League,2025-2026,2025-08-23,15:00 (16:00),Bournemouth,1–0,Wolves,11070.0,Vitality Stadium,Thomas Bramall
Premier League,2025-2026,2025-08-23,15:00 (16:00),Brentford,1–0,Aston Villa,16838.0,Gtech Community Stadium,Tony Harrington
Premier League,2025-2026,2025-08-23,15:00 (16:00),Burnley,2–0,Sunderland,21285.0,Turf Moor,Michael Salisbury
Premier League,2025-2026,2025-08-23,17:30 (18:30),Arsenal,5–0,Leeds United,60110.0,Emirates Stadium,Jarred Gillett
Premier League,2025-2026,2025-08-24,14:00 (15:00),Crystal Palace,1–1,Nottingham Forest,24876.0,Selhurst Park,Anthony Taylor
Premier League,2025-2026,2025-08-24,14:00 (15:00),Everton,2–0,Brighton,51759.0,Hill Dickinson Stadium,Stuart Attwell
Premier League,2025-2026,2025-08-24,16:30 (17:30),Fulham,1–1,Manchester Utd,27512.0,Craven Cottage,Chris Kavanagh
Premier League,2025-2026,2025-08-25,20:00 (21:00),Newcastle United,2–3,Liverpool,52230.0,St James' Park,Simon Hooper
Premier League,2025-2026,2025-08-30,12:30 (13:30),Chelsea,2–0,Fulham,39745.0,Stamford Bridge,Robert Jones
Premier League,2025-2026,2025-08-30,15:00 (16:00),Wolves,2–3,Everton,30271.0,Molineux Stadium,Michael Oliver
Premier League,2025-2026,2025-08-30,15:00 (16:00),Manchester Utd,3–2,Burnley,74257.0,Old Trafford,Samuel Barrott
Premier League,2025-2026,2025-08-30,15:00 (16:00),Sunderland,2–1,Brentford,46267.0,Stadium of Light,Anthony Taylor
Premier League,2025-2026,2025-08-30,15:00 (16:00),Tottenham Hotspur,0–1,Bournemouth,61250.0,Tottenham Hotspur Stadium,Simon Hooper
Premier League,2025-2026,2025-08-30,17:30 (18:30),Leeds United,0–0,Newcastle United,36727.0,Elland Road,Peter Bankes
Premier League,2025-2026,2025-08-31,14:00 (15:00),Nottingham Forest,0–3,West Ham United,30215.0,The City Ground,Craig Pawson
Premier League,2025-2026,2025-08-31,14:00 (15:00),Brighton,2–1,Manchester City,31485.0,The American Express Stadium,Darren England
Premier League,2025-2026,2025-08-31,16:30 (17:30),Liverpool,1–0,Arsenal,60455.0,Anfield,Chris Kavanagh
Premier League,2025-2026,2025-08-31,19:00 (20:00),Aston Villa,0–3,Crystal Palace,41036.0,Villa Park,Stuart Attwell
Premier League,2025-2026,2025-09-13,12:30 (13:30),Arsenal,3–0,Nottingham Forest,60167.0,Emirates Stadium,Darren England
Premier League,2025-2026,2025-09-13,15:00 (16:00),Newcastle United,1–0,Wolves,52145.0,St James' Park,Chris Kavanagh
Premier League,2025-2026,2025-09-13,15:00 (16:00),Fulham,1–0,Leeds United,27327.0,Craven Cottage,Craig Pawson
Premier League,2025-2026,2025-09-13,15:00 (16:00),Crystal Palace,0–0,Sunderland,25154.0,Selhurst Park,Thomas Bramall
Premier League,2025-2026,2025-09-13,15:00 (16:00),Everton,0–0,Aston Villa,52114.0,Hill Dickinson Stadium,Simon Hooper
Premier League,2025-2026,2025-09-13,15:00 (16:00),Bournemouth,2–1,Brighton,11167.0,Vitality Stadium,Peter Bankes
Premier League,2025-2026,2025-09-13,17:30 (18:30),West Ham United,0–3,Tottenham Hotspur,62459.0,London Stadium,Jarred Gillett
Premier League,2025-2026,2025-09-13,20:00 (21:00),Brentford,2–2,Chelsea,16795.0,Gtech Community Stadium,Stuart Attwell
Premier League,2025-2026,2025-09-14,14:00 (15:00),Burnley,0–1,Liverpool,21678.0,Turf Moor,Michael Oliver
Premier League,2025-2026,2025-09-14,16:30 (17:30),Manchester City,3–0,Manchester Utd,52534.0,Etihad Stadium,Anthony Taylor
Premier League,2025-2026,2025-09-20,12:30 (13:30),Liverpool,2–1,Everton,60342.0,Anfield,Darren England
Premier League,2025-2026,2025-09-20,15:00 (16:00),Wolves,1–3,Leeds United,30807.0,Molineux Stadium,Anthony Taylor
Premier League,2025-2026,2025-09-20,15:00 (16:00),Brighton,2–2,Tottenham Hotspur,31488.0,The American Express Stadium,Chris Kavanagh
Premier League,2025-2026,2025-09-20,15:00 (16:00),Burnley,1–1,Nottingham Forest,21475.0,Turf Moor,Thomas Bramall
Premier League,2025-2026,2025-09-20,15:00 (16:00),West Ham United,1–2,Crystal Palace,62455.0,London Stadium,Tony Harrington
Premier League,2025-2026,2025-09-20,17:30 (18:30),Manchester Utd,2–1,Chelsea,74124.0,Old Trafford,Peter Bankes
Premier League,2025-2026,2025-09-20,20:00 (21:00),Fulham,3–1,Brentford,26113.0,Craven Cottage,Michael Oliver
Premier League,2025-2026,2025-09-21,14:00 (15:00),Bournemouth,0–0,Newcastle United,11212.0,Vitality Stadium,Robert Jones
Premier League,2025-2026,2025-09-21,14:00 (15:00),Sunderland,1–1,Aston Villa,46261.0,Stadium of Light,Samuel Barrott
Premier League,2025-2026,2025-09-21,16:30 (17:30),Arsenal,1–1,Manchester City,60161.0,Emirates Stadium,Stuart Attwell
Premier League,2025-2026,2025-09-27,12:30 (13:30),Brentford,3–1,Manchester Utd,17193.0,Gtech Community Stadium,Craig Pawson
Premier League,2025-2026,2025-09-27,15:00 (16:00),Crystal Palace,2–1,Liverpool,25118.0,Selhurst Park,Chris Kavanagh
Premier League,2025-2026,2025-09-27,15:00 (16:00),Manchester City,5–1,Burnley,52427.0,Etihad Stadium,Robert Jones
Premier League,2025-2026,2025-09-27,15:00 (16:00),Chelsea,1–3,Brighton,39597.0,Stamford Bridge,Simon Hooper
Premier League,2025-2026,2025-09-27,15:00 (16:00),Leeds United,2–2,Bournemouth,36574.0,Elland Road,Michael Oliver
Premier League,2025-2026,2025-09-27,17:30 (18:30),Nottingham Forest,0–1,Sunderland,30226.0,The City Ground,Tony Harrington
Premier League,2025-2026,2025-09-27,20:00 (21:00),Tottenham Hotspur,1–1,Wolves,60537.0,Tottenham Hotspur Stadium,Michael Salisbury
Premier League,2025-2026,2025-09-28,14:00 (15:00),Aston Villa,3–1,Fulham,40350.0,Villa Park,Andy Madley
Premier League,2025-2026,2025-09-28,16:30 (17:30),Newcastle United,1–2,Arsenal,52199.0,St James' Park,Jarred Gillett
Premier League,2025-2026,2025-09-29,20:00 (21:00),Everton,1–1,West Ham United,51890.0,Hill Dickinson Stadium,Samuel Barrott
Premier League,2025-2026,2025-10-03,20:00 (21:00),Bournemouth,3–1,Fulham,11165.0,Vitality Stadium,Simon Hooper
Premier League,2025-2026,2025-10-04,12:30 (13:30),Leeds United,1–2,Tottenham Hotspur,36703.0,Elland Road,Thomas Bramall
Premier League,2025-2026,2025-10-04,15:00 (16:00),Arsenal,2–0,West Ham United,60181.0,Emirates Stadium,John Brooks
Premier League,2025-2026,2025-10-04,15:00 (16:00),Manchester Utd,2–0,Sunderland,74004.0,Old Trafford,Stuart Attwell
Premier League,2025-2026,2025-10-04,17:30 (18:30),Chelsea,2–1,Liverpool,39538.0,Stamford Bridge,Anthony Taylor
Premier League,2025-2026,2025-10-05,14:00 (15:00),Wolves,1–1,Brighton,29504.0,Molineux Stadium,Jarred Gillett
Premier League,2025-2026,2025-10-05,14:00 (15:00),Everton,2–1,Crystal Palace,51770.0,Hill Dickinson Stadium,Michael Salisbury
Premier League,2025-2026,2025-10-05,14:00 (15:00),Aston Villa,2–1,Burnley,40308.0,Villa Park,Andrew Kitchen
Premier League,2025-2026,2025-10-05,14:00 (15:00),Newcastle United,2–0,Nottingham Forest,52189.0,St James' Park,Peter Bankes
Premier League,2025-2026,2025-10-05,16:30 (17:30),Brentford,0–1,Manchester City,17028.0,Gtech Community Stadium,Darren England
Premier League,2025-2026,2025-10-18,12:30 (13:30),Nottingham Forest,0–3,Chelsea,30495.0,The City Ground,Chris Kavanagh
Premier League,2025-2026,2025-10-18,15:00 (16:00),Sunderland,2–0,Wolves,46578.0,Stadium of Light,Robert Jones
Premier League,2025-2026,2025-10-18,15:00 (16:00),Burnley,2–0,Leeds United,21646.0,Turf Moor,Tim Robinson
Premier League,2025-2026,2025-10-18,15:00 (16:00),Brighton,2–1,Newcastle United,31620.0,The American Express Stadium,Craig Pawson
Premier League,2025-2026,2025-10-18,15:00 (16:00),Crystal Palace,3–3,Bournemouth,25125.0,Selhurst Park,Jarred Gillett
Premier League,2025-2026,2025-10-18,15:00 (16:00),Manchester City,2–0,Everton,52498.0,Etihad Stadium,Tony Harrington
Premier League,2025-2026,2025-10-18,17:30 (18:30),Fulham,0–1,Arsenal,27736.0,Craven Cottage,Anthony Taylor
Premier League,2025-2026,2025-10-19,14:00 (15:00),Tottenham Hotspur,1–2,Aston Villa,61291.0,Tottenham Hotspur Stadium,Simon Hooper
Premier League,2025-2026,2025-10-19,16:30 (17:30),Liverpool,1–2,Manchester Utd,60337.0,Anfield,Michael Oliver
Premier League,2025-2026,2025-10-20,20:00 (21:00),West Ham United,0–2,Brentford,62452.0,London Stadium,Andy Madley
Premier League,2025-2026,2025-10-24,20:00 (21:00),Leeds United,2–1,West Ham United,36788.0,Elland Road,Stuart Attwell
Premier League,2025-2026,2025-10-25,15:00 (16:00),Newcastle United,2–1,Fulham,52152.0,St James' Park,Peter Bankes
Premier League,2025-2026,2025-10-25,15:00 (16:00),Chelsea,1–2,Sunderland,39489.0,Stamford Bridge,Andy Madley
Premier League,2025-2026,2025-10-25,17:30 (18:30),Manchester Utd,4–2,Brighton,74124.0,Old Trafford,Anthony Taylor
Premier League,2025-2026,2025-10-25,20:00 (21:00),Brentford,3–2,Liverpool,17214.0,Gtech Community Stadium,Simon Hooper
Premier League,2025-2026,2025-10-26,14:00 (15:00),Arsenal,1–0,Crystal Palace,60103.0,Emirates Stadium,Thomas Bramall
Premier League,2025-2026,2025-10-26,14:00 (15:00),Aston Villa,1–0,Manchester City,41988.0,Villa Park,Michael Oliver
Premier League,2025-2026,2025-10-26,14:00 (15:00),Wolves,2–3,Burnley,29116.0,Molineux Stadium,Tony Harrington
Premier League,2025-2026,2025-10-26,14:00 (15:00),Bournemouth,2–0,Nottingham Forest,11204.0,Vitality Stadium,Samuel Barrott
Premier League,2025-2026,2025-10-26,16:30 (17:30),Everton,0–3,Tottenham Hotspur,51781.0,Hill Dickinson Stadium,Craig Pawson
Premier League,2025-2026,2025-11-01,15:00 (16:00),Crystal Palace,2–0,Brentford,25083.0,Selhurst Park,Peter Bankes
Premier League,2025-2026,2025-11-01,15:00 (16:00),Nottingham Forest,2–2,Manchester Utd,30778.0,The City Ground,Darren England
Premier League,2025-2026,2025-11-01,15:00 (16:00),Fulham,3–0,Wolves,26413.0,Craven Cottage,John Brooks
Premier League,2025-2026,2025-11-01,15:00 (16:00),Burnley,0–2,Arsenal,21538.0,Turf Moor,Chris Kavanagh
Premier League,2025-2026,2025-11-01,15:00 (16:00),Brighton,3–0,Leeds United,31512.0,The American Express Stadium,Michael Oliver
Premier League,2025-2026,2025-11-01,17:30 (18:30),Tottenham Hotspur,0–1,Chelsea,61202.0,Tottenham Hotspur Stadium,Jarred Gillett
Premier League,2025-2026,2025-11-01,20:00 (21:00),Liverpool,2–0,Aston Villa,60407.0,Anfield,Stuart Attwell
Premier League,2025-2026,2025-11-02,14:00 (15:00),West Ham United,3–1,Newcastle United,62441.0,London Stadium,Robert Jones
Premier League,2025-2026,2025-11-02,16:30 (17:30),Manchester City,3–1,Bournemouth,52387.0,Etihad Stadium,Anthony Taylor
Premier League,2025-2026,2025-11-03,20:00 (21:00),Sunderland,1–1,Everton,41476.0,Stadium of Light,Thomas Bramall
Premier League,2025-2026,2025-11-08,12:30 (13:30),Tottenham Hotspur,2–2,Manchester Utd,61210.0,Tottenham Hotspur Stadium,Samuel Barrott
Premier League,2025-2026,2025-11-08,15:00 (16:00),West Ham United,3–2,Burnley,62449.0,London Stadium,Michael Salisbury
Premier League,2025-2026,2025-11-08,15:00 (16:00),Everton,2–0,Fulham,52491.0,Hill Dickinson Stadium,Andy Madley
Premier League,2025-2026,2025-11-08,17:30 (18:30),Sunderland,2–2,Arsenal,46799.0,Stadium of Light,Craig Pawson
Premier League,2025-2026,2025-11-08,20:00 (21:00),Chelsea,3–0,Wolves,39467.0,Stamford Bridge,Andrew Kitchen
Premier League,2025-2026,2025-11-09,14:00 (15:00),Aston Villa,4–0,Bournemouth,40792.0,Villa Park,John Brooks
Premier League,2025-2026,2025-11-09,14:00 (15:00),Nottingham Forest,3–1,Leeds United,30708.0,The City Ground,Jarred Gillett
Premier League,2025-2026,2025-11-09,14:00 (15:00),Crystal Palace,0–0,Brighton,24326.0,Selhurst Park,Tim Robinson
Premier League,2025-2026,2025-11-09,14:00 (15:00),Brentford,3–1,Newcastle United,17207.0,Gtech Community Stadium,Stuart Attwell
Premier League,2025-2026,2025-11-09,16:30 (17:30),Manchester City,3–0,Liverpool,52432.0,Etihad Stadium,Chris Kavanagh
Premier League,2025-2026,2025-11-22,12:30 (13:30),Burnley,0–2,Chelsea,21499.0,Turf Moor,Peter Bankes
Premier League,2025-2026,2025-11-22,15:00 (16:00),Bournemouth,2–2,West Ham United,11216.0,Vitality Stadium,Thomas Bramall
Premier League,2025-2026,2025-11-22,15:00 (16:00),Fulham,1–0,Sunderland,27560.0,Craven Cottage,Darren England
Premier League,2025-2026,2025-11-22,15:00 (16:00),Wolves,0–2,Crystal Palace,29976.0,Molineux Stadium,Anthony Taylor
Premier League,2025-2026,2025-11-22,15:00 (16:00),Liverpool,0–3,Nottingham Forest,60419.0,Anfield,Andy Madley
Premier League,2025-2026,2025-11-22,15:00 (16:00),Brighton,2–1,Brentford,31458.0,The American Express Stadium,Chris Kavanagh
Premier League,2025-2026,2025-11-22,17:30 (18:30),Newcastle United,2–1,Manchester City,52181.0,St James' Park,Samuel Barrott
Premier League,2025-2026,2025-11-23,14:00 (15:00),Leeds United,1–2,Aston Villa,36819.0,Elland Road,Robert Jones
Premier League,2025-2026,2025-11-23,16:30 (17:30),Arsenal,4–1,Tottenham Hotspur,60345.0,Emirates Stadium,Michael Oliver
Premier League,2025-2026,2025-11-24,20:00 (21:00),Manchester Utd,0–1,Everton,74158.0,Old Trafford,Tony Harrington
Premier League,2025-2026,2025-11-29,15:00 (16:00),Sunderland,3–2,Bournemouth,46973.0,Stadium of Light,Tim Robinson
Premier League,2025-2026,2025-11-29,15:00 (16:00),Brentford,3–1,Burnley,17176.0,Gtech Community Stadium,Samuel Barrott
Premier League,2025-2026,2025-11-29,15:00 (16:00),Manchester City,3–2,Leeds United,52483.0,Etihad Stadium,Peter Bankes
Premier League,2025-2026,2025-11-29,17:30 (18:30),Everton,1–4,Newcastle United,52489.0,Hill Dickinson Stadium,Craig Pawson
Premier League,2025-2026,2025-11-29,20:00 (21:00),Tottenham Hotspur,1–2,Fulham,60546.0,Tottenham Hotspur Stadium,Stuart Attwell
Premier League,2025-2026,2025-11-30,12:00 (13:00),Crystal Palace,1–2,Manchester Utd,25189.0,Selhurst Park,Robert Jones
Premier League,2025-2026,2025-11-30,14:05 (15:05),Nottingham Forest,0–2,Brighton,30522.0,The City Ground,Michael Oliver
Premier League,2025-2026,2025-11-30,14:05 (15:05),Aston Villa,1–0,Wolves,42139.0,Villa Park,Chris Kavanagh
Premier League,2025-2026,2025-11-30,14:05 (15:05),West Ham United,0–2,Liverpool,62469.0,London Stadium,Darren England
Premier League,2025-2026,2025-11-30,16:30 (17:30),Chelsea,1–1,Arsenal,39820.0,Stamford Bridge,Anthony Taylor
Premier League,2025-2026,2025-12-02,19:30 (20:30),Bournemouth,0–1,Everton,11161.0,Vitality Stadium,Michael Salisbury
Premier League,2025-2026,2025-12-02,19:30 (20:30),Fulham,4–5,Manchester City,26700.0,Craven Cottage,Craig Pawson
Premier League,2025-2026,2025-12-02,20:15 (21:15),Newcastle United,2–2,Tottenham Hotspur,52007.0,St James' Park,Thomas Bramall
Premier League,2025-2026,2025-12-03,19:30 (20:30),Burnley,0–1,Crystal Palace,19365.0,Turf Moor,Thomas Kirk
Premier League,2025-2026,2025-12-03,19:30 (20:30),Wolves,0–1,Nottingham Forest,28646.0,Molineux Stadium,Tim Robinson
Premier League,2025-2026,2025-12-03,19:30 (20:30),Arsenal,2–0,Brentford,60110.0,Emirates Stadium,Tony Harrington
Premier League,2025-2026,2025-12-03,19:30 (20:30),Brighton,3–4,Aston Villa,31247.0,The American Express Stadium,Andy Madley
Premier League,2025-2026,2025-12-03,20:15 (21:15),Liverpool,1–1,Sunderland,60146.0,Anfield,Stuart Attwell
Premier League,2025-2026,2025-12-03,20:15 (21:15),Leeds United,3–1,Chelsea,36767.0,Elland Road,Darren England
Premier League,2025-2026,2025-12-04,20:00 (21:00),Manchester Utd,1–1,West Ham United,73938.0,Old Trafford,Andrew Kitchen
Premier League,2025-2026,2025-12-06,12:30 (13:30),Aston Villa,2–1,Arsenal,42888.0,Villa Park,Peter Bankes
Premier League,2025-2026,2025-12-06,15:00 (16:00),Newcastle United,2–1,Burnley,52041.0,St James' Park,Stuart Attwell
Premier League,2025-2026,2025-12-06,15:00 (16:00),Manchester City,3–0,Sunderland,52436.0,Etihad Stadium,Andy Madley
Premier League,2025-2026,2025-12-06,15:00 (16:00),Tottenham Hotspur,2–0,Brentford,60759.0,Tottenham Hotspur Stadium,Robert Jones
Premier League,2025-2026,2025-12-06,15:00 (16:00),Bournemouth,0–0,Chelsea,11240.0,Vitality Stadium,Michael Oliver
Premier League,2025-2026,2025-12-06,15:00 (16:00),Everton,3–0,Nottingham Forest,52501.0,Hill Dickinson Stadium,Chris Kavanagh
Premier League,2025-2026,2025-12-06,17:30 (18:30),Leeds United,3–3,Liverpool,36842.0,Elland Road,Anthony Taylor
Premier League,2025-2026,2025-12-07,14:00 (15:00),Brighton,1–1,West Ham United,31293.0,The American Express Stadium,Simon Hooper
Premier League,2025-2026,2025-12-07,16:30 (17:30),Fulham,1–2,Crystal Palace,27283.0,Craven Cottage,Samuel Barrott
Premier League,2025-2026,2025-12-08,20:00 (21:00),Wolves,1–4,Manchester Utd,30338.0,Molineux Stadium,Michael Salisbury
Premier League,2025-2026,2025-12-13,15:00 (16:00),Liverpool,2–0,Brighton,60429.0,Anfield,Craig Pawson
Premier League,2025-2026,2025-12-13,15:00 (16:00),Chelsea,2–0,Everton,39552.0,Stamford Bridge,Thomas Bramall
Premier League,2025-2026,2025-12-13,17:30 (18:30),Burnley,2–3,Fulham,19739.0,Turf Moor,Michael Oliver
Premier League,2025-2026,2025-12-13,20:00 (21:00),Arsenal,2–1,Wolves,60242.0,Emirates Stadium,Robert Jones
Premier League,2025-2026,2025-12-14,14:00 (15:00),Crystal Palace,0–3,Manchester City,25166.0,Selhurst Park,Darren England
Premier League,2025-2026,2025-12-14,14:00 (15:00),Sunderland,1–0,Newcastle United,47158.0,Stadium of Light,Peter Bankes
Premier League,2025-2026,2025-12-14,14:00 (15:00),West Ham United,2–3,Aston Villa,62447.0,London Stadium,Anthony Taylor
Premier League,2025-2026,2025-12-14,14:00 (15:00),Nottingham Forest,3–0,Tottenham Hotspur,30579.0,The City Ground,Samuel Barrott
Premier League,2025-2026,2025-12-14,16:30 (17:30),Brentford,1–1,Leeds United,17159.0,Gtech Community Stadium,John Brooks
Premier League,2025-2026,2025-12-15,20:00 (21:00),Manchester Utd,4–4,Bournemouth,73951.0,Old Trafford,Simon Hooper
Premier League,2025-2026,2025-12-20,12:30 (13:30),Newcastle United,2–2,Chelsea,52226.0,St James' Park,Andy Madley
Premier League,2025-2026,2025-12-20,15:00 (16:00),Brighton,0–0,Sunderland,31426.0,The American Express Stadium,Darren England
Premier League,2025-2026,2025-12-20,15:00 (16:00),Wolves,0–2,Brentford,27662.0,Molineux Stadium,Matt Donohue
Premier League,2025-2026,2025-12-20,15:00 (16:00),Manchester City,3–0,West Ham United,52454.0,Etihad Stadium,Paul Tierney
Premier League,2025-2026,2025-12-20,15:00 (16:00),Bournemouth,1–1,Burnley,10762.0,Vitality Stadium,Chris Kavanagh
Premier League,2025-2026,2025-12-20,17:30 (18:30),Tottenham Hotspur,1–2,Liverpool,61138.0,Tottenham Hotspur Stadium,John Brooks
Premier League,2025-2026,2025-12-20,20:00 (21:00),Everton,0–1,Arsenal,52513.0,Hill Dickinson Stadium,Samuel Barrott
Premier League,2025-2026,2025-12-20,20:00 (21:00),Leeds United,4–1,Crystal Palace,36334.0,Elland Road,Thomas Bramall
Premier League,2025-2026,2025-12-21,16:30 (17:30),Aston Villa,2–1,Manchester Utd,43157.0,Villa Park,Michael Oliver
Premier League,2025-2026,2025-12-22,20:00 (21:00),Fulham,1–0,Nottingham Forest,26647.0,Craven Cottage,Anthony Taylor
Premier League,2025-2026,2025-12-26,20:00 (21:00),Manchester Utd,1–0,Newcastle United,73996.0,Old Trafford,Anthony Taylor
Premier League,2025-2026,2025-12-27,12:30 (13:30),Nottingham Forest,1–2,Manchester City,30778.0,The City Ground,Robert Jones
Premier League,2025-2026,2025-12-27,15:00 (16:00),Liverpool,2–1,Wolves,60466.0,Anfield,Simon Hooper
Premier League,2025-2026,2025-12-27,15:00 (16:00),West Ham United,0–1,Fulham,62464.0,London Stadium,Chris Kavanagh
Premier League,2025-2026,2025-12-27,15:00 (16:00),Arsenal,2–1,Brighton,60209.0,Emirates Stadium,John Brooks
Premier League,2025-2026,2025-12-27,15:00 (16:00),Burnley,0–0,Everton,21637.0,Turf Moor,Craig Pawson
Premier League,2025-2026,2025-12-27,15:00 (16:00),Brentford,4–1,Bournemouth,17152.0,Gtech Community Stadium,Peter Bankes
Premier League,2025-2026,2025-12-27,17:30 (18:30),Chelsea,1–2,Aston Villa,39765.0,Stamford Bridge,Stuart Attwell
Premier League,2025-2026,2025-12-28,14:00 (15:00),Sunderland,1–1,Leeds United,46675.0,Stadium of Light,Tony Harrington
Premier League,2025-2026,2025-12-28,16:30 (17:30),Crystal Palace,0–1,Tottenham Hotspur,25186.0,Selhurst Park,Jarred Gillett
Premier League,2025-2026,2025-12-30,19:30 (20:30),West Ham United,2–2,Brighton,62464.0,London Stadium,Michael Salisbury
Premier League,2025-2026,2025-12-30,19:30 (20:30),Nottingham Forest,0–2,Everton,30617.0,The City Ground,Michael Oliver
Premier League,2025-2026,2025-12-30,19:30 (20:30),Burnley,1–3,Newcastle United,21020.0,Turf Moor,Robert Jones
Premier League,2025-2026,2025-12-30,19:30 (20:30),Chelsea,2–2,Bournemouth,39765.0,Stamford Bridge,Samuel Barrott
Premier League,2025-2026,2025-12-30,20:15 (21:15),Manchester Utd,1–1,Wolves,73589.0,Old Trafford,Thomas Bramall
Premier League,2025-2026,2025-12-30,20:15 (21:15),Arsenal,4–1,Aston Villa,60279.0,Emirates Stadium,Darren England
Premier League,2025-2026,2026-01-01,17:30 (18:30),Liverpool,0–0,Leeds United,60343.0,Anfield,Chris Kavanagh
Premier League,2025-2026,2026-01-01,17:30 (18:30),Crystal Palace,1–1,Fulham,25111.0,Selhurst Park,Tony Harrington
Premier League,2025-2026,2026-01-01,20:00 (21:00),Brentford,0–0,Tottenham Hotspur,17141.0,Gtech Community Stadium,Andy Madley
Premier League,2025-2026,2026-01-01,20:00 (21:00),Sunderland,0–0,Manchester City,46920.0,Stadium of Light,Jarred Gillett
Premier League,2025-2026,2026-01-03,12:30 (13:30),Aston Villa,3–1,Nottingham Forest,43039.0,Villa Park,Simon Hooper
Premier League,2025-2026,2026-01-03,15:00 (16:00),Brighton,2–0,Burnley,31373.0,The American Express Stadium,Tim Robinson
Premier League,2025-2026,2026-01-03,15:00 (16:00),Wolves,3–0,West Ham United,29874.0,Molineux Stadium,Peter Bankes
Premier League,2025-2026,2026-01-03,17:30 (18:30),Bournemouth,2–3,Arsenal,11240.0,Vitality Stadium,Chris Kavanagh
Premier League,2025-2026,2026-01-04,12:30 (13:30),Leeds United,1–1,Manchester Utd,36909.0,Elland Road,Jarred Gillett
Premier League,2025-2026,2026-01-04,15:00 (16:00),Everton,2–4,Brentford,52514.0,Hill Dickinson Stadium,Anthony Taylor
Premier League,2025-2026,2026-01-04,15:00 (16:00),Newcastle United,2–0,Crystal Palace,51979.0,St James' Park,John Brooks
Premier League,2025-2026,2026-01-04,15:00 (16:00),Tottenham Hotspur,1–1,Sunderland,60877.0,Tottenham Hotspur Stadium,Stuart Attwell
Premier League,2025-2026,2026-01-04,15:15 (16:15),Fulham,2–2,Liverpool,27547.0,Craven Cottage,Craig Pawson
Premier League,2025-2026,2026-01-04,17:30 (18:30),Manchester City,1–1,Chelsea,52471.0,Etihad Stadium,Michael Oliver
Premier League,2025-2026,2026-01-06,20:00 (21:00),West Ham United,1–2,Nottingham Forest,62429.0,London Stadium,Tony Harrington
Premier League,2025-2026,2026-01-07,19:30 (20:30),Fulham,2–1,Chelsea,26990.0,Craven Cottage,Peter Bankes
Premier League,2025-2026,2026-01-07,19:30 (20:30),Everton,1–1,Wolves,51768.0,Hill Dickinson Stadium,Thomas Kirk
Premier League,2025-2026,2026-01-07,19:30 (20:30),Manchester City,1–1,Brighton,51728.0,Etihad Stadium,Thomas Bramall
Premier League,2025-2026,2026-01-07,19:30 (20:30),Crystal Palace,0–0,Aston Villa,24841.0,Selhurst Park,Andy Madley
Premier League,2025-2026,2026-01-07,19:30 (20:30),Brentford,3–0,Sunderland,17016.0,Gtech Community Stadium,Matt Donohue
Premier League,2025-2026,2026-01-07,19:30 (20:30),Bournemouth,3–2,Tottenham Hotspur,11212.0,Vitality Stadium,Darren England
Premier League,2025-2026,2026-01-07,20:15 (21:15),Burnley,2–2,Manchester Utd,21047.0,Turf Moor,Stuart Attwell
Premier League,2025-2026,2026-01-07,20:15 (21:15),Newcastle United,4–3,Leeds United,51176.0,St James' Park,Michael Salisbury
Premier League,2025-2026,2026-01-08,20:00 (21:00),Arsenal,0–0,Liverpool,60258.0,Emirates Stadium,Anthony Taylor
Premier League,2025-2026,2026-01-17,12:30 (13:30),Manchester Utd,2–0,Manchester City,74004.0,Old Trafford,Anthony Taylor
Premier League,2025-2026,2026-01-17,15:00 (16:00),Chelsea,2–0,Brentford,39704.0,Stamford Bridge,John Brooks
Premier League,2025-2026,2026-01-17,15:00 (16:00),Liverpool,1–1,Burnley,60431.0,Anfield,Andy Madley
Premier League,2025-2026,2026-01-17,15:00 (16:00),Tottenham Hotspur,1–2,West Ham United,60857.0,Tottenham Hotspur Stadium,Jarred Gillett
Premier League,2025-2026,2026-01-17,15:00 (16:00),Sunderland,2–1,Crystal Palace,47257.0,Stadium of Light,Robert Jones
Premier League,2025-2026,2026-01-17,15:00 (16:00),Leeds United,1–0,Fulham,36300.0,Elland Road,Chris Kavanagh
Premier League,2025-2026,2026-01-17,17:30 (18:30),Nottingham Forest,0–0,Arsenal,30729.0,The City Ground,Michael Oliver
Premier League,2025-2026,2026-01-18,14:00 (15:00),Wolves,0–0,Newcastle United,29751.0,Molineux Stadium,Samuel Barrott
Premier League,2025-2026,2026-01-18,16:30 (17:30),Aston Villa,0–1,Everton,43059.0,Villa Park,Tony Harrington
Premier League,2025-2026,2026-01-19,20:00 (21:00),Brighton,1–1,Bournemouth,30172.0,The American Express Stadium,Paul Tierney
Premier League,2025-2026,2026-01-24,12:30 (13:30),West Ham United,3–1,Sunderland,62456.0,London Stadium,Thomas Bramall
Premier League,2025-2026,2026-01-24,15:00 (16:00),Burnley,2–2,Tottenham Hotspur,21618.0,Turf Moor,Peter Bankes
Premier League,2025-2026,2026-01-24,15:00 (16:00),Fulham,2–1,Brighton,27239.0,Craven Cottage,Michael Oliver
Premier League,2025-2026,2026-01-24,15:00 (16:00),Manchester City,2–0,Wolves,52469.0,Etihad Stadium,Farai Hallam
Premier League,2025-2026,2026-01-24,17:30 (18:30),Bournemouth,3–2,Liverpool,11260.0,Vitality Stadium,Michael Salisbury
Premier League,2025-2026,2026-01-25,14:00 (15:00),Brentford,0–2,Nottingham Forest,17134.0,Gtech Community Stadium,Samuel Barrott
Premier League,2025-2026,2026-01-25,14:00 (15:00),Newcastle United,0–2,Aston Villa,52134.0,St James' Park,Jarred Gillett
Premier League,2025-2026,2026-01-25,14:00 (15:00),Crystal Palace,1–3,Chelsea,25163.0,Selhurst Park,Darren England
Premier League,2025-2026,2026-01-25,16:30 (17:30),Arsenal,2–3,Manchester Utd,60296.0,Emirates Stadium,Craig Pawson
Premier League,2025-2026,2026-01-26,20:00 (21:00),Everton,1–1,Leeds United,51979.0,Hill Dickinson Stadium,Simon Hooper
Premier League,2025-2026,2026-01-31,15:00 (16:00),Wolves,0–2,Bournemouth,30161.0,Molineux Stadium,Michael Oliver
Premier League,2025-2026,2026-01-31,15:00 (16:00),Leeds United,0–4,Arsenal,36858.0,Elland Road,Stuart Attwell
Premier League,2025-2026,2026-01-31,15:00 (16:00),Brighton,1–1,Everton,31419.0,The American Express Stadium,Chris Kavanagh
Premier League,2025-2026,2026-01-31,17:30 (18:30),Chelsea,3–2,West Ham United,39361.0,Stamford Bridge,Anthony Taylor
Premier League,2025-2026,2026-01-31,20:00 (21:00),Liverpool,4–1,Newcastle United,60416.0,Anfield,Simon Hooper
Premier League,2025-2026,2026-02-01,14:00 (15:00),Aston Villa,0–1,Brentford,41415.0,Villa Park,Tim Robinson
Premier League,2025-2026,2026-02-01,14:00 (15:00),Nottingham Forest,1–1,Crystal Palace,30334.0,The City Ground,Tony Harrington
Premier League,2025-2026,2026-02-01,14:00 (15:00),Manchester Utd,3–2,Fulham,73895.0,Old Trafford,John Brooks
Premier League,2025-2026,2026-02-01,16:30 (17:30),Tottenham Hotspur,2–2,Manchester City,61337.0,Tottenham Hotspur Stadium,Robert Jones
Premier League,2025-2026,2026-02-02,20:00 (21:00),Sunderland,3–0,Burnley,46370.0,Stadium of Light,Paul Tierney
Premier League,2025-2026,2026-02-06,20:00 (21:00),Leeds United,3–1,Nottingham Forest,36835.0,Elland Road,Peter Bankes
Premier League,2025-2026,2026-02-07,12:30 (13:30),Manchester Utd,2–0,Tottenham Hotspur,73985.0,Old Trafford,Michael Oliver
Premier League,2025-2026,2026-02-07,15:00 (16:00),Arsenal,3–0,Sunderland,60312.0,Emirates Stadium,Samuel Barrott
Premier League,2025-2026,2026-02-07,15:00 (16:00),Burnley,0–2,West Ham United,21273.0,Turf Moor,Darren England
Premier League,2025-2026,2026-02-07,15:00 (16:00),Fulham,1–2,Everton,27155.0,Craven Cottage,Stuart Attwell
Premier League,2025-2026,2026-02-07,15:00 (16:00),Bournemouth,1–1,Aston Villa,11248.0,Vitality Stadium,Anthony Taylor
Premier League,2025-2026,2026-02-07,15:00 (16:00),Wolves,1–3,Chelsea,29762.0,Molineux Stadium,Jarred Gillett
Premier League,2025-2026,2026-02-07,17:30 (18:30),Newcastle United,2–3,Brentford,52032.0,St James' Park,Andy Madley
Premier League,2025-2026,2026-02-08,14:00 (15:00),Brighton,0–1,Crystal Palace,31179.0,The American Express Stadium,Thomas Bramall
Premier League,2025-2026,2026-02-08,16:30 (17:30),Liverpool,1–2,Manchester City,60336.0,Anfield,Craig Pawson
Premier League,2025-2026,2026-02-10,19:30 (20:30),Everton,1–2,Bournemouth,51793.0,Hill Dickinson Stadium,Andy Madley
Premier League,2025-2026,2026-02-10,19:30 (20:30),Chelsea,2–2,Leeds United,39253.0,Stamford Bridge,Robert Jones
Premier League,2025-2026,2026-02-10,19:30 (20:30),Tottenham Hotspur,1–2,Newcastle United,59773.0,Tottenham Hotspur Stadium,Anthony Taylor
Premier League,2025-2026,2026-02-10,20:15 (21:15),West Ham United,1–1,Manchester Utd,62473.0,London Stadium,Simon Hooper
Premier League,2025-2026,2026-02-11,19:30 (20:30),Nottingham Forest,0–0,Wolves,29921.0,The City Ground,Tim Robinson
Premier League,2025-2026,2026-02-11,19:30 (20:30),Manchester City,3–0,Fulham,50717.0,Etihad Stadium,Paul Tierney
Premier League,2025-2026,2026-02-11,19:30 (20:30),Aston Villa,1–0,Brighton,39495.0,Villa Park,Peter Bankes
Premier League,2025-2026,2026-02-11,19:40 (20:40),Crystal Palace,2–3,Burnley,24641.0,Selhurst Park,Farai Hallam
Premier League,2025-2026,2026-02-11,20:15 (21:15),Sunderland,0–1,Liverpool,47159.0,Stadium of Light,Chris Kavanagh
Premier League,2025-2026,2026-02-12,20:00 (21:00),Brentford,1–1,Arsenal,17224.0,Gtech Community Stadium,John Brooks
Premier League,2025-2026,2026-02-18,20:00 (21:00),Wolves,2–2,Arsenal,29843.0,Molineux Stadium,Paul Tierney
Premier League,2025-2026,2026-02-21,15:00 (16:00),Chelsea,1–1,Burnley,39603.0,Stamford Bridge,Lewis Smith
Premier League,2025-2026,2026-02-21,15:00 (16:00),Brentford,0–2,Brighton,17163.0,Gtech Community Stadium,Jarred Gillett
Premier League,2025-2026,2026-02-21,15:00 (16:00),Aston Villa,1–1,Leeds United,43048.0,Villa Park,Michael Oliver
Premier League,2025-2026,2026-02-21,17:30 (18:30),West Ham United,0–0,Bournemouth,62437.0,London Stadium,Samuel Barrott
Premier League,2025-2026,2026-02-21,20:00 (21:00),Manchester City,2–1,Newcastle United,52187.0,Etihad Stadium,Thomas Bramall
Premier League,2025-2026,2026-02-22,14:00 (15:00),Sunderland,1–3,Fulham,47222.0,Stadium of Light,Craig Pawson
Premier League,2025-2026,2026-02-22,14:00 (15:00),Nottingham Forest,0–1,Liverpool,30737.0,The City Ground,Anthony Taylor
Premier League,2025-2026,2026-02-22,14:00 (15:00),Crystal Palace,1–0,Wolves,24547.0,Selhurst Park,Thomas Kirk
Premier League,2025-2026,2026-02-22,16:30 (17:30),Tottenham Hotspur,1–4,Arsenal,61439.0,Tottenham Hotspur Stadium,Peter Bankes
Premier League,2025-2026,2026-02-23,20:00 (21:00),Everton,0–1,Manchester Utd,52326.0,Hill Dickinson Stadium,Darren England
Premier League,2025-2026,2026-02-27,20:00 (21:00),Wolves,2–0,Aston Villa,30197.0,Molineux Stadium,Craig Pawson
Premier League,2025-2026,2026-02-28,12:30 (13:30),Bournemouth,1–1,Sunderland,11240.0,Vitality Stadium,Jarred Gillett
Premier League,2025-2026,2026-02-28,15:00 (16:00),Burnley,3–4,Brentford,20069.0,Turf Moor,Samuel Barrott
Premier League,2025-2026,2026-02-28,15:00 (16:00),Liverpool,5–2,West Ham United,60425.0,Anfield,Tim Robinson
Premier League,2025-2026,2026-02-28,15:00 (16:00),Newcastle United,2–3,Everton,52514.0,St James' Park,Stuart Attwell
Premier League,2025-2026,2026-02-28,17:30 (18:30),Leeds United,0–1,Manchester City,36838.0,Elland Road,Peter Bankes
Premier League,2025-2026,2026-03-01,14:00 (15:00),Brighton,2–1,Nottingham Forest,31427.0,The American Express Stadium,Andy Madley
Premier League,2025-2026,2026-03-01,14:00 (15:00),Manchester Utd,2–1,Crystal Palace,73934.0,Old Trafford,Chris Kavanagh
Premier League,2025-2026,2026-03-01,14:00 (15:00),Fulham,2–1,Tottenham Hotspur,27439.0,Craven Cottage,Thomas Bramall
Premier League,2025-2026,2026-03-01,16:30 (17:30),Arsenal,2–1,Chelsea,60296.0,Emirates Stadium,Darren England
Premier League,2025-2026,2026-03-03,19:30 (20:30),Bournemouth,0–0,Brentford,11108.0,Vitality Stadium,Craig Pawson
Premier League,2025-2026,2026-03-03,19:30 (20:30),Leeds United,0–1,Sunderland,36713.0,Elland Road,Stuart Attwell
Premier League,2025-2026,2026-03-03,19:30 (20:30),Everton,2–0,Burnley,51959.0,Hill Dickinson Stadium,Tim Robinson
Premier League,2025-2026,2026-03-03,20:15 (21:15),Wolves,2–1,Liverpool,30247.0,Molineux Stadium,Thomas Bramall
Premier League,2025-2026,2026-03-04,19:30 (20:30),Brighton,0–1,Arsenal,31575.0,The American Express Stadium,Chris Kavanagh
Premier League,2025-2026,2026-03-04,19:30 (20:30),Manchester City,2–2,Nottingham Forest,51965.0,Etihad Stadium,Darren England
Premier League,2025-2026,2026-03-04,19:30 (20:30),Fulham,0–1,West Ham United,27191.0,Craven Cottage,Matt Donohue
Premier League,2025-2026,2026-03-04,19:30 (20:30),Aston Villa,1–4,Chelsea,42084.0,Villa Park,Jarred Gillett
Premier League,2025-2026,2026-03-04,20:15 (21:15),Newcastle United,2–1,Manchester Utd,52184.0,St James' Park,Peter Bankes
Premier League,2025-2026,2026-03-05,20:00 (21:00),Tottenham Hotspur,1–3,Crystal Palace,60213.0,Tottenham Hotspur Stadium,Andy Madley
Premier League,2025-2026,2026-03-14,15:00 (16:00),Sunderland,0–1,Brighton,45497.0,Stadium of Light,Thomas Kirk
Premier League,2025-2026,2026-03-14,15:00 (16:00),Burnley,0–0,Bournemouth,20281.0,Turf Moor,Peter Bankes
Premier League,2025-2026,2026-03-14,17:30 (18:30),Arsenal,2–0,Everton,60176.0,Emirates Stadium,Andy Madley
Premier League,2025-2026,2026-03-14,17:30 (18:30),Chelsea,0–1,Newcastle United,39587.0,Stamford Bridge,Paul Tierney
Premier League,2025-2026,2026-03-14,20:00 (21:00),West Ham United,1–1,Manchester City,62459.0,London Stadium,Michael Oliver
Premier League,2025-2026,2026-03-15,14:00 (15:00),Nottingham Forest,0–0,Fulham,30013.0,The City Ground,Samuel Barrott
Premier League,2025-2026,2026-03-15,14:00 (15:00),Crystal Palace,0–0,Leeds United,25155.0,Selhurst Park,Thomas Bramall
Premier League,2025-2026,2026-03-15,14:00 (15:00),Manchester Utd,3–1,Aston Villa,73997.0,Old Trafford,Anthony Taylor
Premier League,2025-2026,2026-03-15,16:30 (17:30),Liverpool,1–1,Tottenham Hotspur,60248.0,Anfield,Chris Kavanagh
Premier League,2025-2026,2026-03-16,20:00 (21:00),Brentford,2–2,Wolves,17155.0,Gtech Community Stadium,Stuart Attwell
Premier League,2025-2026,2026-03-20,20:00 (21:00),Bournemouth,2–2,Manchester Utd,11250.0,Vitality Stadium,Stuart Attwell
Premier League,2025-2026,2026-03-21,12:45 (13:45),Brighton,2–1,Liverpool,31680.0,The American Express Stadium,Darren England
Premier League,2025-2026,2026-03-21,15:00 (16:00),Fulham,3–1,Burnley,27323.0,Craven Cottage,Chris Kavanagh
Premier League,2025-2026,2026-03-21,17:30 (18:30),Everton,3–0,Chelsea,52547.0,Hill Dickinson Stadium,Samuel Barrott
Premier League,2025-2026,2026-03-21,20:00 (21:00),Leeds United,0–0,Brentford,36386.0,Elland Road,Jarred Gillett
Premier League,2025-2026,2026-03-22,12:00 (13:00),Newcastle United,1–2,Sunderland,52253.0,St James' Park,Anthony Taylor
Premier League,2025-2026,2026-03-22,14:15 (15:15),Aston Villa,2–0,West Ham United,42130.0,Villa Park,Paul Tierney
Premier League,2025-2026,2026-03-22,14:15 (15:15),Tottenham Hotspur,0–3,Nottingham Forest,61519.0,Tottenham Hotspur Stadium,Michael Oliver
Premier League,2025-2026,2026-04-10,20:00 (21:00),West Ham United,4–0,Wolves,62457.0,London Stadium,Jarred Gillett
Premier League,2025-2026,2026-04-11,12:30 (13:30),Arsenal,1–2,Bournemouth,60210.0,Emirates Stadium,Michael Oliver
Premier League,2025-2026,2026-04-11,15:00 (16:00),Burnley,0–2,Brighton,20408.0,Turf Moor,Thomas Bramall
Premier League,2025-2026,2026-04-11,15:00 (16:00),Brentford,2–2,Everton,17220.0,Gtech Community Stadium,Farai Hallam
Premier League,2025-2026,2026-04-11,17:30 (18:30),Liverpool,2–0,Fulham,60401.0,Anfield,Anthony Taylor
Premier League,2025-2026,2026-04-12,14:00 (15:00),Crystal Palace,2–1,Newcastle United,25141.0,Selhurst Park,Andy Madley
Premier League,2025-2026,2026-04-12,14:00 (15:00),Nottingham Forest,1–1,Aston Villa,30591.0,The City Ground,Michael Salisbury
Premier League,2025-2026,2026-04-12,14:00 (15:00),Sunderland,1–0,Tottenham Hotspur,47010.0,Stadium of Light,Robert Jones
Premier League,2025-2026,2026-04-12,16:30 (17:30),Chelsea,0–3,Manchester City,39552.0,Stamford Bridge,Chris Kavanagh
Premier League,2025-2026,2026-04-13,20:00 (21:00),Manchester Utd,1–2,Leeds United,73989.0,Old Trafford,Paul Tierney
Premier League,2025-2026,2026-04-18,12:30 (13:30),Brentford,0–0,Fulham,17171.0,Gtech Community Stadium,Paul Tierney
Premier League,2025-2026,2026-04-18,15:00 (16:00),Newcastle United,1–2,Bournemouth,52109.0,St James' Park,Thomas Bramall
Premier League,2025-2026,2026-04-18,15:00 (16:00),Leeds United,3–0,Wolves,36840.0,Elland Road,Farai Hallam
Premier League,2025-2026,2026-04-18,17:30 (18:30),Tottenham Hotspur,2–2,Brighton,61167.0,Tottenham Hotspur Stadium,Stuart Attwell
Premier League,2025-2026,2026-04-18,20:00 (21:00),Chelsea,0–1,Manchester Utd,39733.0,Stamford Bridge,Michael Oliver
Premier League,2025-2026,2026-04-19,14:00 (15:00),Nottingham Forest,4–1,Burnley,29458.0,The City Ground,Thomas Kirk
Premier League,2025-2026,2026-04-19,14:00 (15:00),Aston Villa,4–3,Sunderland,42599.0,Villa Park,Samuel Barrott
Premier League,2025-2026,2026-04-19,14:00 (15:00),Everton,1–2,Liverpool,52585.0,Hill Dickinson Stadium,Chris Kavanagh
Premier League,2025-2026,2026-04-19,16:30 (17:30),Manchester City,2–1,Arsenal,52523.0,Etihad Stadium,Anthony Taylor
Premier League,2025-2026,2026-04-20,20:00 (21:00),Crystal Palace,0–0,West Ham United,24974.0,Selhurst Park,Darren England
Premier League,2025-2026,2026-04-21,20:00 (21:00),Brighton,3–0,Chelsea,31220.0,The American Express Stadium,Craig Pawson
Premier League,2025-2026,2026-04-22,20:00 (21:00),Burnley,0–1,Manchester City,21259.0,Turf Moor,Andy Madley
Premier League,2025-2026,2026-04-22,20:00 (21:00),Bournemouth,2–2,Leeds United,11226.0,Vitality Stadium,Michael Salisbury
Premier League,2025-2026,2026-04-24,20:00 (21:00),Sunderland,0–5,Nottingham Forest,47132.0,Stadium of Light,Darren England
Premier League,2025-2026,2026-04-25,12:30 (13:30),Fulham,1–0,Aston Villa,27606.0,Craven Cottage,Michael Oliver
Premier League,2025-2026,2026-04-25,15:00 (16:00),Wolves,0–1,Tottenham Hotspur,31253.0,Molineux Stadium,Anthony Taylor
Premier League,2025-2026,2026-04-25,15:00 (16:00),Liverpool,3–1,Crystal Palace,60314.0,Anfield,Andy Madley
Premier League,2025-2026,2026-04-25,15:00 (16:00),West Ham United,2–1,Everton,62454.0,London Stadium,Stuart Attwell
Premier League,2025-2026,2026-04-25,17:30 (18:30),Arsenal,1–0,Newcastle United,60204.0,Emirates Stadium,Samuel Barrott
Premier League,2025-2026,2026-04-27,20:00 (21:00),Manchester Utd,2–1,Brentford,73773.0,Old Trafford,Chris Kavanagh
Premier League,2024-2025,2024-08-16,20:00 (21:00),Manchester Utd,1–0,Fulham,73297.0,Old Trafford,Robert Jones
Premier League,2024-2025,2024-08-17,12:30 (13:30),Ipswich Town,0–2,Liverpool,30014.0,Portman Road Stadium,Tim Robinson
Premier League,2024-2025,2024-08-17,15:00 (16:00),Newcastle United,1–0,Southampton,52196.0,St James' Park,Craig Pawson
Premier League,2024-2025,2024-08-17,15:00 (16:00),Everton,0–3,Brighton,39217.0,Goodison Park,Simon Hooper
Premier League,2024-2025,2024-08-17,15:00 (16:00),Nottingham Forest,1–1,Bournemouth,29763.0,The City Ground,Michael Oliver
Premier League,2024-2025,2024-08-17,15:00 (16:00),Arsenal,2–0,Wolves,60261.0,Emirates Stadium,Jarred Gillett
Premier League,2024-2025,2024-08-17,17:30 (18:30),West Ham United,1–2,Aston Villa,62463.0,London Stadium,Tony Harrington
Premier League,2024-2025,2024-08-18,14:00 (15:00),Brentford,2–1,Crystal Palace,16988.0,Gtech Community Stadium,Samuel Barrott
Premier League,2024-2025,2024-08-18,16:30 (17:30),Chelsea,0–2,Manchester City,39818.0,Stamford Bridge,Anthony Taylor
Premier League,2024-2025,2024-08-19,20:00 (21:00),Leicester City,1–1,Tottenham Hotspur,31977.0,King Power Stadium,Chris Kavanagh
Premier League,2024-2025,2024-08-24,12:30 (13:30),Brighton,2–1,Manchester Utd,31537.0,The American Express Stadium,Craig Pawson
Premier League,2024-2025,2024-08-24,15:00 (16:00),Manchester City,4–1,Ipswich Town,53147.0,Etihad Stadium,Sam Allison
Premier League,2024-2025,2024-08-24,15:00 (16:00),Southampton,0–1,Nottingham Forest,31150.0,St Mary's Stadium,Samuel Barrott
Premier League,2024-2025,2024-08-24,15:00 (16:00),Tottenham Hotspur,4–0,Everton,61357.0,Tottenham Hotspur Stadium,Anthony Taylor
Premier League,2024-2025,2024-08-24,15:00 (16:00),Fulham,2–1,Leicester City,25401.0,Craven Cottage,Darren England
Premier League,2024-2025,2024-08-24,15:00 (16:00),Crystal Palace,0–2,West Ham United,25099.0,Selhurst Park,Robert Jones
Premier League,2024-2025,2024-08-24,17:30 (18:30),Aston Villa,0–2,Arsenal,41587.0,Villa Park,Michael Oliver
Premier League,2024-2025,2024-08-25,14:00 (15:00),Wolves,2–6,Chelsea,31235.0,Molineux Stadium,Darren England
Premier League,2024-2025,2024-08-25,14:00 (15:00),Bournemouth,1–1,Newcastle United,11161.0,Vitality Stadium,David Coote
Premier League,2024-2025,2024-08-25,16:30 (17:30),Liverpool,2–0,Brentford,60017.0,Anfield,Stuart Attwell
Premier League,2024-2025,2024-08-31,12:30 (13:30),Arsenal,1–1,Brighton,60326.0,Emirates Stadium,Chris Kavanagh
Premier League,2024-2025,2024-08-31,15:00 (16:00),Ipswich Town,1–1,Fulham,29517.0,Portman Road Stadium,Lewis Smith
Premier League,2024-2025,2024-08-31,15:00 (16:00),Nottingham Forest,1–1,Wolves,29918.0,The City Ground,Simon Hooper
Premier League,2024-2025,2024-08-31,15:00 (16:00),Brentford,3–1,Southampton,16955.0,Gtech Community Stadium,Josh Smith
Premier League,2024-2025,2024-08-31,15:00 (16:00),Leicester City,1–2,Aston Villa,31725.0,King Power Stadium,David Coote
Premier League,2024-2025,2024-08-31,15:00 (16:00),Everton,2–3,Bournemouth,38805.0,Goodison Park,Stuart Attwell
Premier League,2024-2025,2024-08-31,17:30 (18:30),West Ham United,1–3,Manchester City,62469.0,London Stadium,Michael Oliver
Premier League,2024-2025,2024-09-01,13:30 (14:30),Newcastle United,2–1,Tottenham Hotspur,52211.0,St James' Park,Robert Jones
Premier League,2024-2025,2024-09-01,13:30 (14:30),Chelsea,1–1,Crystal Palace,39298.0,Stamford Bridge,Jarred Gillett
Premier League,2024-2025,2024-09-01,16:00 (17:00),Manchester Utd,0–3,Liverpool,73738.0,Old Trafford,Anthony Taylor
Premier League,2024-2025,2024-09-14,12:30 (13:30),Southampton,0–3,Manchester Utd,31144.0,St Mary's Stadium,Stuart Attwell
Premier League,2024-2025,2024-09-14,15:00 (16:00),Manchester City,2–1,Brentford,52148.0,Etihad Stadium,Darren England
Premier League,2024-2025,2024-09-14,15:00 (16:00),Liverpool,0–1,Nottingham Forest,60344.0,Anfield,Michael Oliver
Premier League,2024-2025,2024-09-14,15:00 (16:00),Crystal Palace,2–2,Leicester City,25147.0,Selhurst Park,Tony Harrington
Premier League,2024-2025,2024-09-14,15:00 (16:00),Fulham,1–1,West Ham United,26528.0,Craven Cottage,Tim Robinson
Premier League,2024-2025,2024-09-14,15:00 (16:00),Brighton,0–0,Ipswich Town,41573.0,The American Express Stadium,Samuel Barrott
Premier League,2024-2025,2024-09-14,17:30 (18:30),Aston Villa,3–2,Everton,41573.0,Villa Park,Craig Pawson
Premier League,2024-2025,2024-09-14,20:00 (21:00),Bournemouth,0–1,Chelsea,11235.0,Vitality Stadium,Anthony Taylor
Premier League,2024-2025,2024-09-15,14:00 (15:00),Tottenham Hotspur,0–1,Arsenal,61645.0,Tottenham Hotspur Stadium,Jarred Gillett
Premier League,2024-2025,2024-09-15,16:30 (17:30),Wolves,1–2,Newcastle United,30255.0,Molineux Stadium,Chris Kavanagh
Premier League,2024-2025,2024-09-21,12:30 (13:30),West Ham United,0–3,Chelsea,62473.0,London Stadium,Samuel Barrott
Premier League,2024-2025,2024-09-21,15:00 (16:00),Tottenham Hotspur,3–1,Brentford,61246.0,Tottenham Hotspur Stadium,John Brooks
Premier League,2024-2025,2024-09-21,15:00 (16:00),Aston Villa,3–1,Wolves,39978.0,Villa Park,Tim Robinson
Premier League,2024-2025,2024-09-21,15:00 (16:00),Fulham,3–1,Newcastle United,25700.0,Craven Cottage,Peter Bankes
Premier League,2024-2025,2024-09-21,15:00 (16:00),Southampton,1–1,Ipswich Town,31117.0,St Mary's Stadium,Sam Allison
Premier League,2024-2025,2024-09-21,15:00 (16:00),Leicester City,1–1,Everton,31765.0,King Power Stadium,Darren England
Premier League,2024-2025,2024-09-21,15:00 (16:00),Liverpool,3–0,Bournemouth,60347.0,Anfield,Tony Harrington
Premier League,2024-2025,2024-09-21,17:30 (18:30),Crystal Palace,0–0,Manchester Utd,25172.0,Selhurst Park,David Coote
Premier League,2024-2025,2024-09-22,14:00 (15:00),Brighton,2–2,Nottingham Forest,31444.0,The American Express Stadium,Robert Jones
Premier League,2024-2025,2024-09-22,16:30 (17:30),Manchester City,2–2,Arsenal,52846.0,Etihad Stadium,Michael Oliver
Premier League,2024-2025,2024-09-28,12:30 (13:30),Newcastle United,1–1,Manchester City,52248.0,St James' Park,Jarred Gillett
Premier League,2024-2025,2024-09-28,15:00 (16:00),Brentford,1–1,West Ham United,17050.0,Gtech Community Stadium,Simon Hooper
Premier League,2024-2025,2024-09-28,15:00 (16:00),Everton,2–1,Crystal Palace,38954.0,Goodison Park,Andy Madley
Premier League,2024-2025,2024-09-28,15:00 (16:00),Arsenal,4–2,Leicester City,60323.0,Emirates Stadium,Samuel Barrott
Premier League,2024-2025,2024-09-28,15:00 (16:00),Chelsea,4–2,Brighton,39495.0,Stamford Bridge,Peter Bankes
Premier League,2024-2025,2024-09-28,15:00 (16:00),Nottingham Forest,0–1,Fulham,30139.0,The City Ground,Josh Smith
Premier League,2024-2025,2024-09-28,17:30 (18:30),Wolves,1–2,Liverpool,31413.0,Molineux Stadium,Anthony Taylor
Premier League,2024-2025,2024-09-29,14:00 (15:00),Ipswich Town,2–2,Aston Villa,29943.0,Portman Road Stadium,Stuart Attwell
Premier League,2024-2025,2024-09-29,16:30 (17:30),Manchester Utd,0–3,Tottenham Hotspur,73587.0,Old Trafford,Chris Kavanagh
Premier League,2024-2025,2024-09-30,20:00 (21:00),Bournemouth,3–1,Southampton,11243.0,Vitality Stadium,Michael Oliver
Premier League,2024-2025,2024-10-05,12:30 (13:30),Crystal Palace,0–1,Liverpool,25185.0,Selhurst Park,Simon Hooper
Premier League,2024-2025,2024-10-05,15:00 (16:00),Brentford,5–3,Wolves,16960.0,Gtech Community Stadium,Andy Madley
Premier League,2024-2025,2024-10-05,15:00 (16:00),Leicester City,1–0,Bournemouth,31706.0,King Power Stadium,Darren England
Premier League,2024-2025,2024-10-05,15:00 (16:00),Manchester City,3–2,Fulham,53017.0,Etihad Stadium,Peter Bankes
Premier League,2024-2025,2024-10-05,15:00 (16:00),West Ham United,4–1,Ipswich Town,62467.0,London Stadium,Anthony Taylor
Premier League,2024-2025,2024-10-05,15:00 (16:00),Arsenal,3–1,Southampton,60307.0,Emirates Stadium,Tony Harrington
Premier League,2024-2025,2024-10-05,17:30 (18:30),Everton,0–0,Newcastle United,39265.0,Goodison Park,Craig Pawson
Premier League,2024-2025,2024-10-06,14:00 (15:00),Aston Villa,0–0,Manchester Utd,42682.0,Villa Park,Robert Jones
Premier League,2024-2025,2024-10-06,14:00 (15:00),Chelsea,1–1,Nottingham Forest,39501.0,Stamford Bridge,Chris Kavanagh
Premier League,2024-2025,2024-10-06,16:30 (17:30),Brighton,3–2,Tottenham Hotspur,31487.0,The American Express Stadium,David Coote
Premier League,2024-2025,2024-10-19,12:30 (13:30),Tottenham Hotspur,4–1,West Ham United,61381.0,Tottenham Hotspur Stadium,Andy Madley
Premier League,2024-2025,2024-10-19,15:00 (16:00),Fulham,1–3,Aston Villa,26743.0,Craven Cottage,Darren England
Premier League,2024-2025,2024-10-19,15:00 (16:00),Ipswich Town,0–2,Everton,29862.0,Portman Road Stadium,Michael Oliver
Premier League,2024-2025,2024-10-19,15:00 (16:00),Southampton,2–3,Leicester City,31145.0,St Mary's Stadium,Anthony Taylor
Premier League,2024-2025,2024-10-19,15:00 (16:00),Manchester Utd,2–1,Brentford,73738.0,Old Trafford,Samuel Barrott
Premier League,2024-2025,2024-10-19,15:00 (16:00),Newcastle United,0–1,Brighton,52220.0,St James' Park,Peter Bankes
Premier League,2024-2025,2024-10-19,17:30 (18:30),Bournemouth,2–0,Arsenal,11235.0,Vitality Stadium,Robert Jones
Premier League,2024-2025,2024-10-20,14:00 (15:00),Wolves,1–2,Manchester City,31319.0,Molineux Stadium,Chris Kavanagh
Premier League,2024-2025,2024-10-20,16:30 (17:30),Liverpool,2–1,Chelsea,60277.0,Anfield,John Brooks
Premier League,2024-2025,2024-10-21,20:00 (21:00),Nottingham Forest,1–0,Crystal Palace,29443.0,The City Ground,Tim Robinson
Premier League,2024-2025,2024-10-25,20:00 (21:00),Leicester City,1–3,Nottingham Forest,31879.0,King Power Stadium,Craig Pawson
Premier League,2024-2025,2024-10-26,15:00 (16:00),Brighton,2–2,Wolves,31840.0,The American Express Stadium,Michael Oliver
Premier League,2024-2025,2024-10-26,15:00 (16:00),Manchester City,1–0,Southampton,52844.0,Etihad Stadium,Tony Harrington
Premier League,2024-2025,2024-10-26,15:00 (16:00),Brentford,4–3,Ipswich Town,17109.0,Gtech Community Stadium,Lewis Smith
Premier League,2024-2025,2024-10-26,15:00 (16:00),Aston Villa,1–1,Bournemouth,42165.0,Villa Park,Chris Kavanagh
Premier League,2024-2025,2024-10-26,17:30 (18:30),Everton,1–1,Fulham,38742.0,Goodison Park,John Brooks
Premier League,2024-2025,2024-10-27,14:00 (15:00),West Ham United,2–1,Manchester Utd,62474.0,London Stadium,David Coote
Premier League,2024-2025,2024-10-27,14:00 (15:00),Chelsea,2–1,Newcastle United,39526.0,Stamford Bridge,Simon Hooper
Premier League,2024-2025,2024-10-27,14:00 (15:00),Crystal Palace,1–0,Tottenham Hotspur,25108.0,Selhurst Park,Darren England
Premier League,2024-2025,2024-10-27,16:30 (17:30),Arsenal,2–2,Liverpool,60383.0,Emirates Stadium,Anthony Taylor
Premier League,2024-2025,2024-11-02,12:30 (13:30),Newcastle United,1–0,Arsenal,52249.0,St James' Park,John Brooks
Premier League,2024-2025,2024-11-02,15:00 (16:00),Liverpool,2–1,Brighton,60331.0,Anfield,Tony Harrington
Premier League,2024-2025,2024-11-02,15:00 (16:00),Southampton,1–0,Everton,31143.0,St Mary's Stadium,Andy Madley
Premier League,2024-2025,2024-11-02,15:00 (16:00),Nottingham Forest,3–0,West Ham United,30112.0,The City Ground,Peter Bankes
Premier League,2024-2025,2024-11-02,15:00 (16:00),Ipswich Town,1–1,Leicester City,29874.0,Portman Road Stadium,Tim Robinson
Premier League,2024-2025,2024-11-02,15:00 (16:00),Bournemouth,2–1,Manchester City,11231.0,Vitality Stadium,Michael Oliver
Premier League,2024-2025,2024-11-02,17:30 (18:30),Wolves,2–2,Crystal Palace,31124.0,Molineux Stadium,Anthony Taylor
Premier League,2024-2025,2024-11-03,14:00 (15:00),Tottenham Hotspur,4–1,Aston Villa,61253.0,Tottenham Hotspur Stadium,Craig Pawson
Premier League,2024-2025,2024-11-03,16:30 (17:30),Manchester Utd,1–1,Chelsea,73813.0,Old Trafford,Robert Jones
Premier League,2024-2025,2024-11-04,20:00 (21:00),Fulham,2–1,Brentford,24931.0,Craven Cottage,Stuart Attwell
Premier League,2024-2025,2024-11-09,15:00 (16:00),West Ham United,0–0,Everton,62463.0,London Stadium,Stuart Attwell
Premier League,2024-2025,2024-11-09,15:00 (16:00),Crystal Palace,0–2,Fulham,25142.0,Selhurst Park,Michael Salisbury
Premier League,2024-2025,2024-11-09,15:00 (16:00),Wolves,2–0,Southampton,31403.0,Molineux Stadium,Thomas Bramall
Premier League,2024-2025,2024-11-09,15:00 (16:00),Brentford,3–2,Bournemouth,16587.0,Gtech Community Stadium,Darren England
Premier League,2024-2025,2024-11-09,17:30 (18:30),Brighton,2–1,Manchester City,31715.0,The American Express Stadium,Samuel Barrott
Premier League,2024-2025,2024-11-09,20:00 (21:00),Liverpool,2–0,Aston Villa,60292.0,Anfield,David Coote
Premier League,2024-2025,2024-11-10,14:00 (15:00),Tottenham Hotspur,1–2,Ipswich Town,61505.0,Tottenham Hotspur Stadium,Darren England
Premier League,2024-2025,2024-11-10,14:00 (15:00),Nottingham Forest,1–3,Newcastle United,30145.0,The City Ground,Anthony Taylor
Premier League,2024-2025,2024-11-10,14:00 (15:00),Manchester Utd,3–0,Leicester City,73829.0,Old Trafford,Peter Bankes
Premier League,2024-2025,2024-11-10,16:30 (17:30),Chelsea,1–1,Arsenal,39780.0,Stamford Bridge,Michael Oliver
Premier League,2024-2025,2024-11-23,12:30 (13:30),Leicester City,1–2,Chelsea,31880.0,King Power Stadium,Andy Madley
Premier League,2024-2025,2024-11-23,15:00 (16:00),Aston Villa,2–2,Crystal Palace,42175.0,Villa Park,Tim Robinson
Premier League,2024-2025,2024-11-23,15:00 (16:00),Fulham,1–4,Wolves,26685.0,Craven Cottage,Robert Jones
Premier League,2024-2025,2024-11-23,15:00 (16:00),Bournemouth,1–2,Brighton,11196.0,Vitality Stadium,Stuart Attwell
Premier League,2024-2025,2024-11-23,15:00 (16:00),Arsenal,3–0,Nottingham Forest,60298.0,Emirates Stadium,Simon Hooper
Premier League,2024-2025,2024-11-23,15:00 (16:00),Everton,0–0,Brentford,38915.0,Goodison Park,Chris Kavanagh
Premier League,2024-2025,2024-11-23,17:30 (18:30),Manchester City,0–4,Tottenham Hotspur,52478.0,Etihad Stadium,John Brooks
Premier League,2024-2025,2024-11-24,14:00 (15:00),Southampton,2–3,Liverpool,31278.0,St Mary's Stadium,Samuel Barrott
Premier League,2024-2025,2024-11-24,16:30 (17:30),Ipswich Town,1–1,Manchester Utd,30017.0,Portman Road Stadium,Anthony Taylor
Premier League,2024-2025,2024-11-25,20:00 (21:00),Newcastle United,0–2,West Ham United,52094.0,St James' Park,Craig Pawson
Premier League,2024-2025,2024-11-29,20:00 (21:00),Brighton,1–1,Southampton,31542.0,The American Express Stadium,Robert Jones
Premier League,2024-2025,2024-11-30,15:00 (16:00),Wolves,2–4,Bournemouth,26685.0,Molineux Stadium,Peter Bankes
Premier League,2024-2025,2024-11-30,15:00 (16:00),Nottingham Forest,1–0,Ipswich Town,30237.0,The City Ground,Tony Harrington
Premier League,2024-2025,2024-11-30,15:00 (16:00),Brentford,4–1,Leicester City,17084.0,Gtech Community Stadium,Michael Oliver
Premier League,2024-2025,2024-11-30,15:00 (16:00),Crystal Palace,1–1,Newcastle United,25101.0,Selhurst Park,Darren England
Premier League,2024-2025,2024-11-30,17:30 (18:30),West Ham United,2–5,Arsenal,62475.0,London Stadium,Anthony Taylor
Premier League,2024-2025,2024-12-01,13:30 (14:30),Manchester Utd,4–0,Everton,73817.0,Old Trafford,John Brooks
Premier League,2024-2025,2024-12-01,13:30 (14:30),Tottenham Hotspur,1–1,Fulham,61141.0,Tottenham Hotspur Stadium,Darren England
Premier League,2024-2025,2024-12-01,13:30 (14:30),Chelsea,3–0,Aston Villa,40853.0,Stamford Bridge,Stuart Attwell
Premier League,2024-2025,2024-12-01,16:00 (17:00),Liverpool,2–0,Manchester City,60248.0,Anfield,Chris Kavanagh
Premier League,2024-2025,2024-12-03,19:30 (20:30),Ipswich Town,0–1,Crystal Palace,29533.0,Portman Road Stadium,Craig Pawson
Premier League,2024-2025,2024-12-03,20:15 (21:15),Leicester City,3–1,West Ham United,30947.0,King Power Stadium,Josh Smith
Premier League,2024-2025,2024-12-04,19:30 (20:30),Newcastle United,3–3,Liverpool,52237.0,St James' Park,Andy Madley
Premier League,2024-2025,2024-12-04,19:30 (20:30),Everton,4–0,Wolves,38820.0,Goodison Park,Michael Salisbury
Premier League,2024-2025,2024-12-04,19:30 (20:30),Manchester City,3–0,Nottingham Forest,51764.0,Etihad Stadium,Michael Oliver
Premier League,2024-2025,2024-12-04,19:30 (20:30),Southampton,1–5,Chelsea,31193.0,St Mary's Stadium,Tony Harrington
Premier League,2024-2025,2024-12-04,20:15 (21:15),Arsenal,2–0,Manchester Utd,60256.0,Emirates Stadium,Samuel Barrott
Premier League,2024-2025,2024-12-04,20:15 (21:15),Aston Villa,3–1,Brentford,42148.0,Villa Park,Lewis Smith
Premier League,2024-2025,2024-12-05,19:30 (20:30),Fulham,3–1,Brighton,26368.0,Craven Cottage,Peter Bankes
Premier League,2024-2025,2024-12-05,20:15 (21:15),Bournemouth,1–0,Tottenham Hotspur,11234.0,Vitality Stadium,Simon Hooper
Premier League,2024-2025,2024-12-07,15:00 (16:00),Aston Villa,1–0,Southampton,42453.0,Villa Park,Darren England
Premier League,2024-2025,2024-12-07,15:00 (16:00),Crystal Palace,2–2,Manchester City,25142.0,Selhurst Park,Robert Jones
Premier League,2024-2025,2024-12-07,15:00 (16:00),Brentford,4–2,Newcastle United,17078.0,Gtech Community Stadium,Simon Hooper
Premier League,2024-2025,2024-12-07,17:30 (18:30),Manchester Utd,2–3,Nottingham Forest,73778.0,Old Trafford,Darren England
Premier League,2024-2025,2024-12-08,14:00 (15:00),Leicester City,2–2,Brighton,31647.0,King Power Stadium,Stuart Attwell
Premier League,2024-2025,2024-12-08,14:00 (15:00),Ipswich Town,1–2,Bournemouth,29180.0,Portman Road Stadium,Michael Salisbury
Premier League,2024-2025,2024-12-08,14:00 (15:00),Fulham,1–1,Arsenal,26954.0,Craven Cottage,Chris Kavanagh
Premier League,2024-2025,2024-12-08,16:30 (17:30),Tottenham Hotspur,3–4,Chelsea,61184.0,Tottenham Hotspur Stadium,Anthony Taylor
Premier League,2024-2025,2024-12-09,20:00 (21:00),West Ham United,2–1,Wolves,62474.0,London Stadium,John Brooks
Premier League,2024-2025,2024-12-14,15:00 (16:00),Liverpool,2–2,Fulham,60333.0,Anfield,Tony Harrington
Premier League,2024-2025,2024-12-14,15:00 (16:00),Wolves,1–2,Ipswich Town,30866.0,Molineux Stadium,Simon Hooper
Premier League,2024-2025,2024-12-14,15:00 (16:00),Newcastle United,4–0,Leicester City,52235.0,St James' Park,Thomas Bramall
Premier League,2024-2025,2024-12-14,15:00 (16:00),Arsenal,0–0,Everton,60176.0,Emirates Stadium,Craig Pawson
Premier League,2024-2025,2024-12-14,17:30 (18:30),Nottingham Forest,2–1,Aston Villa,30117.0,The City Ground,Samuel Barrott
Premier League,2024-2025,2024-12-15,14:00 (15:00),Brighton,1–3,Crystal Palace,30893.0,The American Express Stadium,Michael Oliver
Premier League,2024-2025,2024-12-15,16:30 (17:30),Manchester City,1–2,Manchester Utd,53184.0,Etihad Stadium,Anthony Taylor
Premier League,2024-2025,2024-12-15,19:00 (20:00),Southampton,0–5,Tottenham Hotspur,31090.0,St Mary's Stadium,Darren England
Premier League,2024-2025,2024-12-15,19:00 (20:00),Chelsea,2–1,Brentford,39571.0,Stamford Bridge,Peter Bankes
Premier League,2024-2025,2024-12-16,20:00 (21:00),Bournemouth,1–1,West Ham United,11204.0,Vitality Stadium,Chris Kavanagh
Premier League,2024-2025,2024-12-21,12:30 (13:30),Aston Villa,2–1,Manchester City,42345.0,Villa Park,Peter Bankes
Premier League,2024-2025,2024-12-21,15:00 (16:00),Ipswich Town,0–4,Newcastle United,29774.0,Portman Road Stadium,Stuart Attwell
Premier League,2024-2025,2024-12-21,15:00 (16:00),Brentford,0–2,Nottingham Forest,17115.0,Gtech Community Stadium,Michael Oliver
Premier League,2024-2025,2024-12-21,15:00 (16:00),West Ham United,1–1,Brighton,62460.0,London Stadium,Robert Jones
Premier League,2024-2025,2024-12-21,17:30 (18:30),Crystal Palace,1–5,Arsenal,25167.0,Selhurst Park,Simon Hooper
Premier League,2024-2025,2024-12-22,14:00 (15:00),Manchester Utd,0–3,Bournemouth,73720.0,Old Trafford,Craig Pawson
Premier League,2024-2025,2024-12-22,14:00 (15:00),Leicester City,0–3,Wolves,31818.0,King Power Stadium,Anthony Taylor
Premier League,2024-2025,2024-12-22,14:00 (15:00),Everton,0–0,Chelsea,39358.0,Goodison Park,Chris Kavanagh
Premier League,2024-2025,2024-12-22,14:00 (15:00),Fulham,0–0,Southampton,26819.0,Craven Cottage,Tim Robinson
Premier League,2024-2025,2024-12-22,16:30 (17:30),Tottenham Hotspur,3–6,Liverpool,61439.0,Tottenham Hotspur Stadium,Samuel Barrott
Premier League,2024-2025,2024-12-26,12:30 (13:30),Manchester City,1–1,Everton,55527.0,Etihad Stadium,Simon Hooper
Premier League,2024-2025,2024-12-26,15:00 (16:00),Southampton,0–1,West Ham United,31059.0,St Mary's Stadium,Lewis Smith
Premier League,2024-2025,2024-12-26,15:00 (16:00),Newcastle United,3–0,Aston Villa,52168.0,St James' Park,Anthony Taylor
Premier League,2024-2025,2024-12-26,15:00 (16:00),Nottingham Forest,1–0,Tottenham Hotspur,30200.0,The City Ground,Craig Pawson
Premier League,2024-2025,2024-12-26,15:00 (16:00),Bournemouth,0–0,Crystal Palace,11129.0,Vitality Stadium,Thomas Bramall
Premier League,2024-2025,2024-12-26,15:00 (16:00),Chelsea,1–2,Fulham,39687.0,Stamford Bridge,Samuel Barrott
Premier League,2024-2025,2024-12-26,17:30 (18:30),Wolves,2–0,Manchester Utd,31407.0,Molineux Stadium,Tony Harrington
Premier League,2024-2025,2024-12-26,20:00 (21:00),Liverpool,3–1,Leicester City,60300.0,Anfield,Darren England
Premier League,2024-2025,2024-12-27,19:30 (20:30),Brighton,0–0,Brentford,31548.0,The American Express Stadium,Andy Madley
Premier League,2024-2025,2024-12-27,20:15 (21:15),Arsenal,1–0,Ipswich Town,60271.0,Emirates Stadium,Darren England
Premier League,2024-2025,2024-12-29,14:30 (15:30),Leicester City,0–2,Manchester City,32057.0,King Power Stadium,Michael Oliver
Premier League,2024-2025,2024-12-29,15:00 (16:00),Everton,0–2,Nottingham Forest,25414.0,Goodison Park,Tony Harrington
Premier League,2024-2025,2024-12-29,15:00 (16:00),Tottenham Hotspur,2–2,Wolves,61284.0,Tottenham Hotspur Stadium,Chris Kavanagh
Premier League,2024-2025,2024-12-29,15:00 (16:00),Fulham,2–2,Bournemouth,27301.0,Craven Cottage,Robert Jones
Premier League,2024-2025,2024-12-29,15:00 (16:00),Crystal Palace,2–1,Southampton,25130.0,Selhurst Park,Michael Salisbury
Premier League,2024-2025,2024-12-29,17:15 (18:15),West Ham United,0–5,Liverpool,62476.0,London Stadium,Anthony Taylor
Premier League,2024-2025,2024-12-30,19:45 (20:45),Aston Villa,2–2,Brighton,41414.0,Villa Park,Craig Pawson
Premier League,2024-2025,2024-12-30,19:45 (20:45),Ipswich Town,2–0,Chelsea,29968.0,Portman Road Stadium,John Brooks
Premier League,2024-2025,2024-12-30,20:00 (21:00),Manchester Utd,0–2,Newcastle United,73809.0,Old Trafford,Simon Hooper
Premier League,2024-2025,2025-01-01,17:30 (18:30),Brentford,1–3,Arsenal,47190.0,Gtech Community Stadium,Peter Bankes
Premier League,2024-2025,2025-01-04,12:30 (13:30),Tottenham Hotspur,1–2,Newcastle United,61293.0,Tottenham Hotspur Stadium,Andy Madley
Premier League,2024-2025,2025-01-04,15:00 (16:00),Aston Villa,2–1,Leicester City,42386.0,Villa Park,Jarred Gillett
Premier League,2024-2025,2025-01-04,15:00 (16:00),Bournemouth,1–0,Everton,11223.0,Vitality Stadium,John Brooks
Premier League,2024-2025,2025-01-04,15:00 (16:00),Crystal Palace,1–1,Chelsea,25179.0,Selhurst Park,Tim Robinson
Premier League,2024-2025,2025-01-04,15:00 (16:00),Southampton,0–5,Brentford,31001.0,St Mary's Stadium,Stuart Attwell
Premier League,2024-2025,2025-01-04,15:00 (16:00),Manchester City,4–1,West Ham United,52737.0,Etihad Stadium,Michael Salisbury
Premier League,2024-2025,2025-01-04,17:30 (18:30),Brighton,1–1,Arsenal,31714.0,The American Express Stadium,Anthony Taylor
Premier League,2024-2025,2025-01-05,14:00 (15:00),Fulham,2–2,Ipswich Town,27042.0,Craven Cottage,Darren England
Premier League,2024-2025,2025-01-05,16:30 (17:30),Liverpool,2–2,Manchester Utd,60275.0,Anfield,Michael Oliver
Premier League,2024-2025,2025-01-06,20:00 (21:00),Wolves,0–3,Nottingham Forest,29940.0,Molineux Stadium,Peter Bankes
Premier League,2024-2025,2025-01-14,19:30 (20:30),West Ham United,3–2,Fulham,62456.0,London Stadium,Craig Pawson
Premier League,2024-2025,2025-01-14,19:30 (20:30),Chelsea,2–2,Bournemouth,39092.0,Stamford Bridge,Robert Jones
Premier League,2024-2025,2025-01-14,19:30 (20:30),Brentford,2–2,Manchester City,17048.0,Gtech Community Stadium,Anthony Taylor
Premier League,2024-2025,2025-01-14,20:00 (21:00),Nottingham Forest,1–1,Liverpool,30249.0,The City Ground,Chris Kavanagh
Premier League,2024-2025,2025-01-15,19:30 (20:30),Leicester City,0–2,Crystal Palace,29766.0,King Power Stadium,Andy Madley
Premier League,2024-2025,2025-01-15,19:30 (20:30),Everton,0–1,Aston Villa,39085.0,Goodison Park,Samuel Barrott
Premier League,2024-2025,2025-01-15,19:30 (20:30),Newcastle United,3–0,Wolves,51975.0,St James' Park,Darren England
Premier League,2024-2025,2025-01-15,20:00 (21:00),Arsenal,2–1,Tottenham Hotspur,60287.0,Emirates Stadium,Simon Hooper
Premier League,2024-2025,2025-01-16,19:30 (20:30),Ipswich Town,0–2,Brighton,29403.0,Portman Road Stadium,Tony Harrington
Premier League,2024-2025,2025-01-16,20:00 (21:00),Manchester Utd,3–1,Southampton,73722.0,Old Trafford,John Brooks
Premier League,2024-2025,2025-01-18,12:30 (13:30),Newcastle United,1–4,Bournemouth,52227.0,St James' Park,Stuart Attwell
Premier League,2024-2025,2025-01-18,15:00 (16:00),Leicester City,0–2,Fulham,31500.0,King Power Stadium,Michael Salisbury
Premier League,2024-2025,2025-01-18,15:00 (16:00),West Ham United,0–2,Crystal Palace,62469.0,London Stadium,Thomas Bramall
Premier League,2024-2025,2025-01-18,15:00 (16:00),Brentford,0–2,Liverpool,17215.0,Gtech Community Stadium,Andy Madley
Premier League,2024-2025,2025-01-18,17:30 (18:30),Arsenal,2–2,Aston Villa,60067.0,Emirates Stadium,Chris Kavanagh
Premier League,2024-2025,2025-01-19,14:00 (15:00),Everton,3–2,Tottenham Hotspur,39326.0,Goodison Park,Darren England
Premier League,2024-2025,2025-01-19,14:00 (15:00),Manchester Utd,1–3,Brighton,73758.0,Old Trafford,Peter Bankes
Premier League,2024-2025,2025-01-19,14:00 (15:00),Nottingham Forest,3–2,Southampton,30180.0,The City Ground,Anthony Taylor
Premier League,2024-2025,2025-01-19,16:30 (17:30),Ipswich Town,0–6,Manchester City,29841.0,Portman Road Stadium,Samuel Barrott
Premier League,2024-2025,2025-01-20,20:00 (21:00),Chelsea,3–1,Wolves,39221.0,Stamford Bridge,Simon Hooper
Premier League,2024-2025,2025-01-25,15:00 (16:00),Southampton,1–3,Newcastle United,31141.0,St Mary's Stadium,Samuel Barrott
Premier League,2024-2025,2025-01-25,15:00 (16:00),Brighton,0–1,Everton,31087.0,The American Express Stadium,Tim Robinson
Premier League,2024-2025,2025-01-25,15:00 (16:00),Liverpool,4–1,Ipswich Town,60420.0,Anfield,Michael Salisbury
Premier League,2024-2025,2025-01-25,15:00 (16:00),Bournemouth,5–0,Nottingham Forest,11228.0,Vitality Stadium,Craig Pawson
Premier League,2024-2025,2025-01-25,15:00 (16:00),Wolves,0–1,Arsenal,31503.0,Molineux Stadium,Michael Oliver
Premier League,2024-2025,2025-01-25,17:30 (18:30),Manchester City,3–1,Chelsea,52687.0,Etihad Stadium,John Brooks
Premier League,2024-2025,2025-01-26,14:00 (15:00),Crystal Palace,1–2,Brentford,25066.0,Selhurst Park,Tony Harrington
Premier League,2024-2025,2025-01-26,14:00 (15:00),Tottenham Hotspur,1–2,Leicester City,61295.0,Tottenham Hotspur Stadium,Robert Jones
Premier League,2024-2025,2025-01-26,16:30 (17:30),Aston Villa,1–1,West Ham United,41628.0,Villa Park,Peter Bankes
Premier League,2024-2025,2025-01-26,19:00 (20:00),Fulham,0–1,Manchester Utd,27288.0,Craven Cottage,Anthony Taylor
Premier League,2024-2025,2025-02-01,12:30 (13:30),Nottingham Forest,7–0,Brighton,30164.0,The City Ground,Simon Hooper
Premier League,2024-2025,2025-02-01,15:00 (16:00),Everton,4–0,Leicester City,39376.0,Goodison Park,Darren England
Premier League,2024-2025,2025-02-01,15:00 (16:00),Newcastle United,1–2,Fulham,52173.0,St James' Park,Chris Kavanagh
Premier League,2024-2025,2025-02-01,15:00 (16:00),Bournemouth,0–2,Liverpool,11239.0,Vitality Stadium,Darren England
Premier League,2024-2025,2025-02-01,15:00 (16:00),Ipswich Town,1–2,Southampton,29902.0,Portman Road Stadium,Michael Oliver
Premier League,2024-2025,2025-02-01,17:30 (18:30),Wolves,2–0,Aston Villa,31385.0,Molineux Stadium,Andy Madley
Premier League,2024-2025,2025-02-02,14:00 (15:00),Manchester Utd,0–2,Crystal Palace,73751.0,Old Trafford,John Brooks
Premier League,2024-2025,2025-02-02,14:00 (15:00),Brentford,0–2,Tottenham Hotspur,17154.0,Gtech Community Stadium,Jarred Gillett
Premier League,2024-2025,2025-02-02,16:30 (17:30),Arsenal,5–1,Manchester City,60355.0,Emirates Stadium,Peter Bankes
Premier League,2024-2025,2025-02-03,20:00 (21:00),Chelsea,2–1,West Ham United,39459.0,Stamford Bridge,Stuart Attwell
Premier League,2024-2025,2025-02-12,19:30 (20:30),Everton,2–2,Liverpool,39280.0,Goodison Park,Michael Oliver
Premier League,2024-2025,2025-02-14,20:00 (21:00),Brighton,3–0,Chelsea,31324.0,The American Express Stadium,Chris Kavanagh
Premier League,2024-2025,2025-02-15,12:30 (13:30),Leicester City,0–2,Arsenal,31968.0,King Power Stadium,Samuel Barrott
Premier League,2024-2025,2025-02-15,15:00 (16:00),Fulham,2–1,Nottingham Forest,27164.0,Craven Cottage,Thomas Bramall
Premier League,2024-2025,2025-02-15,15:00 (16:00),Manchester City,4–0,Newcastle United,52479.0,Etihad Stadium,Andy Madley
Premier League,2024-2025,2025-02-15,15:00 (16:00),Southampton,1–3,Bournemouth,31037.0,St Mary's Stadium,Jarred Gillett
Premier League,2024-2025,2025-02-15,15:00 (16:00),Aston Villa,1–1,Ipswich Town,42510.0,Villa Park,Robert Jones
Premier League,2024-2025,2025-02-15,15:00 (16:00),West Ham United,0–1,Brentford,62415.0,London Stadium,Darren England
Premier League,2024-2025,2025-02-15,17:30 (18:30),Crystal Palace,1–2,Everton,25108.0,Selhurst Park,Anthony Taylor
Premier League,2024-2025,2025-02-16,14:00 (15:00),Liverpool,2–1,Wolves,60248.0,Anfield,Simon Hooper
Premier League,2024-2025,2025-02-16,16:30 (17:30),Tottenham Hotspur,1–0,Manchester Utd,61383.0,Tottenham Hotspur Stadium,Peter Bankes
Premier League,2024-2025,2025-02-19,19:30 (20:30),Aston Villa,2–2,Liverpool,41910.0,Villa Park,Craig Pawson
Premier League,2024-2025,2025-02-21,20:00 (21:00),Leicester City,0–4,Brentford,31077.0,King Power Stadium,Tony Harrington
Premier League,2024-2025,2025-02-22,12:30 (13:30),Everton,2–2,Manchester Utd,39290.0,Goodison Park,Andy Madley
Premier League,2024-2025,2025-02-22,15:00 (16:00),Fulham,0–2,Crystal Palace,26777.0,Craven Cottage,Robert Jones
Premier League,2024-2025,2025-02-22,15:00 (16:00),Bournemouth,0–1,Wolves,11206.0,Vitality Stadium,Michael Salisbury
Premier League,2024-2025,2025-02-22,15:00 (16:00),Ipswich Town,1–4,Tottenham Hotspur,30003.0,Portman Road Stadium,Tim Robinson
Premier League,2024-2025,2025-02-22,15:00 (16:00),Arsenal,0–1,West Ham United,60262.0,Emirates Stadium,Craig Pawson
Premier League,2024-2025,2025-02-22,15:00 (16:00),Southampton,0–4,Brighton,30775.0,St Mary's Stadium,Darren England
Premier League,2024-2025,2025-02-22,17:30 (18:30),Aston Villa,2–1,Chelsea,42423.0,Villa Park,Michael Oliver
Premier League,2024-2025,2025-02-23,14:00 (15:00),Newcastle United,4–3,Nottingham Forest,52223.0,St James' Park,Jarred Gillett
Premier League,2024-2025,2025-02-23,16:30 (17:30),Manchester City,0–2,Liverpool,52803.0,Etihad Stadium,Anthony Taylor
Premier League,2024-2025,2025-02-25,19:30 (20:30),Brighton,2–1,Bournemouth,31138.0,The American Express Stadium,Michael Oliver
Premier League,2024-2025,2025-02-25,19:30 (20:30),Crystal Palace,4–1,Aston Villa,24712.0,Selhurst Park,Samuel Barrott
Premier League,2024-2025,2025-02-25,19:30 (20:30),Wolves,1–2,Fulham,28708.0,Molineux Stadium,Peter Bankes
Premier League,2024-2025,2025-02-25,20:15 (21:15),Chelsea,4–0,Southampton,39485.0,Stamford Bridge,Thomas Bramall
Premier League,2024-2025,2025-02-26,19:30 (20:30),Tottenham Hotspur,0–1,Manchester City,60820.0,Tottenham Hotspur Stadium,Jarred Gillett
Premier League,2024-2025,2025-02-26,19:30 (20:30),Nottingham Forest,0–0,Arsenal,30200.0,The City Ground,Andy Madley
Premier League,2024-2025,2025-02-26,19:30 (20:30),Manchester Utd,3–2,Ipswich Town,73827.0,Old Trafford,Darren England
Premier League,2024-2025,2025-02-26,19:30 (20:30),Brentford,1–1,Everton,17082.0,Gtech Community Stadium,Simon Hooper
Premier League,2024-2025,2025-02-26,20:15 (21:15),Liverpool,2–0,Newcastle United,60374.0,Anfield,Stuart Attwell
Premier League,2024-2025,2025-02-27,20:00 (21:00),West Ham United,2–0,Leicester City,62455.0,London Stadium,Anthony Taylor
Premier League,2024-2025,2025-03-08,12:30 (13:30),Nottingham Forest,1–0,Manchester City,30252.0,The City Ground,Chris Kavanagh
Premier League,2024-2025,2025-03-08,15:00 (16:00),Liverpool,3–1,Southampton,60399.0,Anfield,Lewis Smith
Premier League,2024-2025,2025-03-08,15:00 (16:00),Brighton,2–1,Fulham,31584.0,The American Express Stadium,Samuel Barrott
Premier League,2024-2025,2025-03-08,15:00 (16:00),Crystal Palace,1–0,Ipswich Town,25155.0,Selhurst Park,Simon Hooper
Premier League,2024-2025,2025-03-08,17:30 (18:30),Brentford,0–1,Aston Villa,17171.0,Gtech Community Stadium,Jarred Gillett
Premier League,2024-2025,2025-03-08,20:00 (21:00),Wolves,1–1,Everton,30738.0,Molineux Stadium,Stuart Attwell
Premier League,2024-2025,2025-03-09,14:00 (15:00),Chelsea,1–0,Leicester City,39750.0,Stamford Bridge,Tim Robinson
Premier League,2024-2025,2025-03-09,14:00 (15:00),Tottenham Hotspur,2–2,Bournemouth,61178.0,Tottenham Hotspur Stadium,John Brooks
Premier League,2024-2025,2025-03-09,16:30 (17:30),Manchester Utd,1–1,Arsenal,73812.0,Old Trafford,Anthony Taylor
Premier League,2024-2025,2025-03-10,20:00 (21:00),West Ham United,0–1,Newcastle United,62463.0,London Stadium,Michael Salisbury
Premier League,2024-2025,2025-03-15,15:00 (16:00),Everton,1–1,West Ham United,39343.0,Goodison Park,Darren England
Premier League,2024-2025,2025-03-15,15:00 (16:00),Southampton,1–2,Wolves,30950.0,St Mary's Stadium,Robert Jones
Premier League,2024-2025,2025-03-15,15:00 (16:00),Ipswich Town,2–4,Nottingham Forest,29878.0,Portman Road Stadium,Michael Salisbury
Premier League,2024-2025,2025-03-15,15:00 (16:00),Manchester City,2–2,Brighton,52471.0,Etihad Stadium,Simon Hooper
Premier League,2024-2025,2025-03-15,17:30 (18:30),Bournemouth,1–2,Brentford,11180.0,Vitality Stadium,Craig Pawson
Premier League,2024-2025,2025-03-16,13:30 (14:30),Arsenal,1–0,Chelsea,60311.0,Emirates Stadium,Chris Kavanagh
Premier League,2024-2025,2025-03-16,13:30 (14:30),Fulham,2–0,Tottenham Hotspur,27182.0,Craven Cottage,Andy Madley
Premier League,2024-2025,2025-03-16,19:00 (20:00),Leicester City,0–3,Manchester Utd,31773.0,King Power Stadium,Thomas Bramall
Premier League,2024-2025,2025-04-01,19:45 (20:45),Arsenal,2–1,Fulham,60256.0,Emirates Stadium,John Brooks
Premier League,2024-2025,2025-04-01,19:45 (20:45),Wolves,1–0,West Ham United,29587.0,Molineux Stadium,Tony Harrington
Premier League,2024-2025,2025-04-01,20:00 (21:00),Nottingham Forest,1–0,Manchester Utd,30249.0,The City Ground,Jarred Gillett
Premier League,2024-2025,2025-04-02,19:45 (20:45),Newcastle United,2–1,Brentford,52021.0,St James' Park,Peter Bankes
Premier League,2024-2025,2025-04-02,19:45 (20:45),Manchester City,2–0,Leicester City,52148.0,Etihad Stadium,Darren England
Premier League,2024-2025,2025-04-02,19:45 (20:45),Southampton,1–1,Crystal Palace,30158.0,St Mary's Stadium,Andy Madley
Premier League,2024-2025,2025-04-02,19:45 (20:45),Bournemouth,1–2,Ipswich Town,11192.0,Vitality Stadium,Robert Jones
Premier League,2024-2025,2025-04-02,19:45 (20:45),Brighton,0–3,Aston Villa,27895.0,The American Express Stadium,Stuart Attwell
Premier League,2024-2025,2025-04-02,20:00 (21:00),Liverpool,1–0,Everton,60457.0,Anfield,Samuel Barrott
Premier League,2024-2025,2025-04-03,20:00 (21:00),Chelsea,1–0,Tottenham Hotspur,39852.0,Stamford Bridge,Craig Pawson
Premier League,2024-2025,2025-04-05,12:30 (13:30),Everton,1–1,Arsenal,39316.0,Goodison Park,Darren England
Premier League,2024-2025,2025-04-05,15:00 (16:00),Crystal Palace,2–1,Brighton,24564.0,Selhurst Park,Anthony Taylor
Premier League,2024-2025,2025-04-05,15:00 (16:00),Ipswich Town,1–2,Wolves,29549.0,Portman Road Stadium,Peter Bankes
Premier League,2024-2025,2025-04-05,15:00 (16:00),West Ham United,2–2,Bournemouth,62459.0,London Stadium,Tim Robinson
Premier League,2024-2025,2025-04-05,17:30 (18:30),Aston Villa,2–1,Nottingham Forest,42743.0,Villa Park,Simon Hooper
Premier League,2024-2025,2025-04-06,14:00 (15:00),Fulham,3–2,Liverpool,27770.0,Craven Cottage,Chris Kavanagh
Premier League,2024-2025,2025-04-06,14:00 (15:00),Brentford,0–0,Chelsea,17183.0,Gtech Community Stadium,Michael Oliver
Premier League,2024-2025,2025-04-06,14:00 (15:00),Tottenham Hotspur,3–1,Southampton,60984.0,Tottenham Hotspur Stadium,Michael Salisbury
Premier League,2024-2025,2025-04-06,16:30 (17:30),Manchester Utd,0–0,Manchester City,73738.0,Old Trafford,John Brooks
Premier League,2024-2025,2025-04-07,20:00 (21:00),Leicester City,0–3,Newcastle United,30403.0,King Power Stadium,Robert Jones
Premier League,2024-2025,2025-04-12,12:30 (13:30),Manchester City,5–2,Crystal Palace,52489.0,Etihad Stadium,Jarred Gillett
Premier League,2024-2025,2025-04-12,15:00 (16:00),Brighton,2–2,Leicester City,31150.0,The American Express Stadium,Darren England
Premier League,2024-2025,2025-04-12,15:00 (16:00),Southampton,0–3,Aston Villa,30199.0,St Mary's Stadium,Thomas Bramall
Premier League,2024-2025,2025-04-12,15:00 (16:00),Nottingham Forest,0–1,Everton,30199.0,The City Ground,Craig Pawson
Premier League,2024-2025,2025-04-12,17:30 (18:30),Arsenal,1–1,Brentford,60184.0,Emirates Stadium,Simon Hooper
Premier League,2024-2025,2025-04-13,14:00 (15:00),Liverpool,2–1,West Ham United,60376.0,Anfield,Andy Madley
Premier League,2024-2025,2025-04-13,14:00 (15:00),Chelsea,2–2,Ipswich Town,39805.0,Stamford Bridge,Stuart Attwell
Premier League,2024-2025,2025-04-13,14:00 (15:00),Wolves,4–2,Tottenham Hotspur,31463.0,Molineux Stadium,Anthony Taylor
Premier League,2024-2025,2025-04-13,16:30 (17:30),Newcastle United,4–1,Manchester Utd,52252.0,St James' Park,Chris Kavanagh
Premier League,2024-2025,2025-04-14,20:00 (21:00),Bournemouth,1–0,Fulham,11195.0,Vitality Stadium,Michael Oliver
Premier League,2024-2025,2025-04-16,19:30 (20:30),Newcastle United,5–0,Crystal Palace,52197.0,St James' Park,Darren England
Premier League,2024-2025,2025-04-19,15:00 (16:00),Everton,0–2,Manchester City,39332.0,Goodison Park,Simon Hooper
Premier League,2024-2025,2025-04-19,15:00 (16:00),West Ham United,1–1,Southampton,62461.0,London Stadium,Andrew Kitchen
Premier League,2024-2025,2025-04-19,15:00 (16:00),Crystal Palace,0–0,Bournemouth,25185.0,Selhurst Park,Samuel Barrott
Premier League,2024-2025,2025-04-19,15:00 (16:00),Brentford,4–2,Brighton,17083.0,Gtech Community Stadium,Tim Robinson
Premier League,2024-2025,2025-04-19,17:30 (18:30),Aston Villa,4–1,Newcastle United,42618.0,Villa Park,Jarred Gillett
Premier League,2024-2025,2025-04-20,14:00 (15:00),Fulham,1–2,Chelsea,27712.0,Craven Cottage,Anthony Taylor
Premier League,2024-2025,2025-04-20,14:00 (15:00),Ipswich Town,0–4,Arsenal,29549.0,Portman Road Stadium,Chris Kavanagh
Premier League,2024-2025,2025-04-20,14:00 (15:00),Manchester Utd,0–1,Wolves,73819.0,Old Trafford,Robert Jones
Premier League,2024-2025,2025-04-20,16:30 (17:30),Leicester City,0–1,Liverpool,30402.0,King Power Stadium,Stuart Attwell
Premier League,2024-2025,2025-04-21,20:00 (21:00),Tottenham Hotspur,1–2,Nottingham Forest,59314.0,Tottenham Hotspur Stadium,Peter Bankes
Premier League,2024-2025,2025-04-22,20:00 (21:00),Manchester City,2–1,Aston Villa,51834.0,Etihad Stadium,Craig Pawson
Premier League,2024-2025,2025-04-23,20:00 (21:00),Arsenal,2–2,Crystal Palace,60167.0,Emirates Stadium,Michael Salisbury
Premier League,2024-2025,2025-04-26,12:30 (13:30),Chelsea,1–0,Everton,39894.0,Stamford Bridge,Chris Kavanagh
Premier League,2024-2025,2025-04-26,15:00 (16:00),Brighton,3–2,West Ham United,31499.0,The American Express Stadium,Darren England
Premier League,2024-2025,2025-04-26,15:00 (16:00),Wolves,3–0,Leicester City,31518.0,Molineux Stadium,Samuel Barrott
Premier League,2024-2025,2025-04-26,15:00 (16:00),Southampton,1–2,Fulham,28946.0,St Mary's Stadium,Tony Harrington
Premier League,2024-2025,2025-04-26,15:00 (16:00),Newcastle United,3–0,Ipswich Town,52171.0,St James' Park,Michael Salisbury
Premier League,2024-2025,2025-04-27,14:00 (15:00),Bournemouth,1–1,Manchester Utd,11241.0,Vitality Stadium,Peter Bankes
Premier League,2024-2025,2025-04-27,16:30 (17:30),Liverpool,5–1,Tottenham Hotspur,60415.0,Anfield,Thomas Bramall
Premier League,2024-2025,2025-05-01,19:30 (20:30),Nottingham Forest,0–2,Brentford,29040.0,The City Ground,Darren England
Premier League,2024-2025,2025-05-02,20:00 (21:00),Manchester City,1–0,Wolves,53282.0,Etihad Stadium,Peter Bankes
Premier League,2024-2025,2025-05-03,12:30 (13:30),Aston Villa,1–0,Fulham,42515.0,Villa Park,Robert Jones
Premier League,2024-2025,2025-05-03,15:00 (16:00),Leicester City,2–0,Southampton,31240.0,King Power Stadium,David Webb
Premier League,2024-2025,2025-05-03,15:00 (16:00),Everton,2–2,Ipswich Town,39305.0,Goodison Park,Lewis Smith
Premier League,2024-2025,2025-05-03,17:30 (18:30),Arsenal,1–2,Bournemouth,60110.0,Emirates Stadium,Jarred Gillett
Premier League,2024-2025,2025-05-04,14:00 (15:00),Brighton,1–1,Newcastle United,31580.0,The American Express Stadium,Craig Pawson
Premier League,2024-2025,2025-05-04,14:00 (15:00),West Ham United,1–1,Tottenham Hotspur,62468.0,London Stadium,Michael Oliver
Premier League,2024-2025,2025-05-04,14:00 (15:00),Brentford,4–3,Manchester Utd,18915.0,Gtech Community Stadium,Anthony Taylor
Premier League,2024-2025,2025-05-04,16:30 (17:30),Chelsea,3–1,Liverpool,39829.0,Stamford Bridge,Simon Hooper
Premier League,2024-2025,2025-05-05,20:00 (21:00),Crystal Palace,1–1,Nottingham Forest,25096.0,Selhurst Park,Andy Madley
Premier League,2024-2025,2025-05-10,15:00 (16:00),Ipswich Town,0–1,Brentford,29511.0,Portman Road Stadium,Samuel Barrott
Premier League,2024-2025,2025-05-10,15:00 (16:00),Fulham,1–3,Everton,27653.0,Craven Cottage,Darren England
Premier League,2024-2025,2025-05-10,15:00 (16:00),Wolves,0–2,Brighton,31279.0,Molineux Stadium,Michael Oliver
Premier League,2024-2025,2025-05-10,15:00 (16:00),Southampton,0–0,Manchester City,30937.0,St Mary's Stadium,Tim Robinson
Premier League,2024-2025,2025-05-10,17:30 (18:30),Bournemouth,0–1,Aston Villa,11187.0,Vitality Stadium,Stuart Attwell
Premier League,2024-2025,2025-05-11,12:00 (13:00),Newcastle United,2–0,Chelsea,52231.0,St James' Park,John Brooks
Premier League,2024-2025,2025-05-11,14:15 (15:15),Nottingham Forest,2–2,Leicester City,30245.0,The City Ground,Tony Harrington
Premier League,2024-2025,2025-05-11,14:15 (15:15),Tottenham Hotspur,0–2,Crystal Palace,60254.0,Tottenham Hotspur Stadium,Chris Kavanagh
Premier League,2024-2025,2025-05-11,14:15 (15:15),Manchester Utd,0–2,West Ham United,73804.0,Old Trafford,Jarred Gillett
Premier League,2024-2025,2025-05-11,16:30 (17:30),Liverpool,2–2,Arsenal,60324.0,Anfield,Anthony Taylor
Premier League,2024-2025,2025-05-16,19:30 (20:30),Aston Villa,2–0,Tottenham Hotspur,42239.0,Villa Park,Peter Bankes
Premier League,2024-2025,2025-05-16,20:15 (21:15),Chelsea,1–0,Manchester Utd,39849.0,Stamford Bridge,Chris Kavanagh
Premier League,2024-2025,2025-05-18,12:00 (13:00),Everton,2–0,Southampton,39201.0,Goodison Park,Michael Oliver
Premier League,2024-2025,2025-05-18,14:15 (15:15),West Ham United,1–2,Nottingham Forest,62466.0,London Stadium,Samuel Barrott
Premier League,2024-2025,2025-05-18,15:00 (16:00),Brentford,2–3,Fulham,17136.0,Gtech Community Stadium,Jarred Gillett
Premier League,2024-2025,2025-05-18,15:00 (16:00),Leicester City,2–0,Ipswich Town,31986.0,King Power Stadium,Andrew Kitchen
Premier League,2024-2025,2025-05-18,16:30 (17:30),Arsenal,1–0,Newcastle United,60160.0,Emirates Stadium,Simon Hooper
Premier League,2024-2025,2025-05-19,20:00 (21:00),Brighton,3–2,Liverpool,31611.0,The American Express Stadium,Andy Madley
Premier League,2024-2025,2025-05-20,20:00 (21:00),Manchester City,3–1,Bournemouth,52487.0,Etihad Stadium,Thomas Bramall
Premier League,2024-2025,2025-05-20,20:00 (21:00),Crystal Palace,4–2,Wolves,24766.0,Selhurst Park,David Webb
Premier League,2024-2025,2025-05-25,16:00 (17:00),Manchester Utd,2–0,Aston Villa,73839.0,Old Trafford,Thomas Bramall
Premier League,2024-2025,2025-05-25,16:00 (17:00),Ipswich Town,1–3,West Ham United,29771.0,Portman Road Stadium,Tim Robinson
Premier League,2024-2025,2025-05-25,16:00 (17:00),Wolves,1–1,Brentford,31382.0,Molineux Stadium,Craig Pawson
Premier League,2024-2025,2025-05-25,16:00 (17:00),Southampton,1–2,Arsenal,31289.0,St Mary's Stadium,Darren England
Premier League,2024-2025,2025-05-25,16:00 (17:00),Liverpool,1–1,Crystal Palace,60382.0,Anfield,Darren England
Premier League,2024-2025,2025-05-25,16:00 (17:00),Nottingham Forest,0–1,Chelsea,30263.0,The City Ground,Anthony Taylor
Premier League,2024-2025,2025-05-25,16:00 (17:00),Fulham,0–2,Manchester City,27671.0,Craven Cottage,Andy Madley
Premier League,2024-2025,2025-05-25,16:00 (17:00),Newcastle United,0–1,Everton,52221.0,St James' Park,Tony Harrington
Premier League,2024-2025,2025-05-25,16:00 (17:00),Bournemouth,2–0,Leicester City,11238.0,Vitality Stadium,Lewis Smith
Premier League,2024-2025,2025-05-25,16:00 (17:00),Tottenham Hotspur,1–4,Brighton,61449.0,Tottenham Hotspur Stadium,Robert Jones
Premier League,2023-2024,2023-08-11,20:00 (21:00),Burnley,0–3,Manchester City,21572.0,Turf Moor,Craig Pawson
Premier League,2023-2024,2023-08-12,12:30 (13:30),Arsenal,2–1,Nottingham Forest,59984.0,Emirates Stadium,Michael Oliver
Premier League,2023-2024,2023-08-12,15:00 (16:00),Everton,0–1,Fulham,39940.0,Goodison Park,Stuart Attwell
Premier League,2023-2024,2023-08-12,15:00 (16:00),Brighton,4–1,Luton Town,31872.0,The American Express Community Stadium,David Coote
Premier League,2023-2024,2023-08-12,15:00 (16:00),Sheffield United,0–1,Crystal Palace,31194.0,Bramall Lane,John Brooks
Premier League,2023-2024,2023-08-12,15:00 (16:00),Bournemouth,1–1,West Ham United,11245.0,Vitality Stadium,Peter Bankes
Premier League,2023-2024,2023-08-12,17:30 (18:30),Newcastle United,5–1,Aston Villa,52207.0,St James' Park,Andy Madley
Premier League,2023-2024,2023-08-13,14:00 (15:00),Brentford,2–2,Tottenham Hotspur,17066.0,Gtech Community Stadium,Robert Jones
Premier League,2023-2024,2023-08-13,16:30 (17:30),Chelsea,1–1,Liverpool,40096.0,Stamford Bridge,Anthony Taylor
Premier League,2023-2024,2023-08-14,20:00 (21:00),Manchester Utd,1–0,Wolves,73358.0,Old Trafford,Simon Hooper
Premier League,2023-2024,2023-08-18,19:45 (20:45),Nottingham Forest,2–1,Sheffield United,29432.0,The City Ground,Peter Bankes
Premier League,2023-2024,2023-08-19,15:00 (16:00),Wolves,1–4,Brighton,31317.0,Molineux Stadium,Andy Madley
Premier League,2023-2024,2023-08-19,15:00 (16:00),Fulham,0–3,Brentford,24236.0,Craven Cottage,Darren England
Premier League,2023-2024,2023-08-19,15:00 (16:00),Liverpool,3–1,Bournemouth,53145.0,Anfield,Thomas Bramall
Premier League,2023-2024,2023-08-19,17:30 (18:30),Tottenham Hotspur,2–0,Manchester Utd,61910.0,Tottenham Hotspur Stadium,Michael Oliver
Premier League,2023-2024,2023-08-19,20:00 (21:00),Manchester City,1–0,Newcastle United,53419.0,Etihad Stadium,Robert Jones
Premier League,2023-2024,2023-08-20,14:00 (15:00),Aston Villa,4–0,Everton,41694.0,Villa Park,Anthony Taylor
Premier League,2023-2024,2023-08-20,16:30 (17:30),West Ham United,3–1,Chelsea,62451.0,London Stadium,John Brooks
Premier League,2023-2024,2023-08-21,20:00 (21:00),Crystal Palace,0–1,Arsenal,24189.0,Selhurst Park,David Coote
Premier League,2023-2024,2023-08-25,20:00 (21:00),Chelsea,3–0,Luton Town,39893.0,Stamford Bridge,Robert Jones
Premier League,2023-2024,2023-08-26,12:30 (13:30),Bournemouth,0–2,Tottenham Hotspur,10567.0,Vitality Stadium,Tim Robinson
Premier League,2023-2024,2023-08-26,15:00 (16:00),Everton,0–1,Wolves,38851.0,Goodison Park,Craig Pawson
Premier League,2023-2024,2023-08-26,15:00 (16:00),Manchester Utd,3–2,Nottingham Forest,73595.0,Old Trafford,Stuart Attwell
Premier League,2023-2024,2023-08-26,15:00 (16:00),Brentford,1–1,Crystal Palace,16997.0,Gtech Community Stadium,Peter Bankes
Premier League,2023-2024,2023-08-26,15:00 (16:00),Arsenal,2–2,Fulham,59961.0,Emirates Stadium,Paul Tierney
Premier League,2023-2024,2023-08-26,17:30 (18:30),Brighton,1–3,West Ham United,31508.0,The American Express Community Stadium,Anthony Taylor
Premier League,2023-2024,2023-08-27,14:00 (15:00),Sheffield United,1–2,Manchester City,31336.0,Bramall Lane,Jarred Gillett
Premier League,2023-2024,2023-08-27,14:00 (15:00),Burnley,1–3,Aston Villa,21591.0,Turf Moor,Michael Salisbury
Premier League,2023-2024,2023-08-27,16:30 (17:30),Newcastle United,1–2,Liverpool,52214.0,St James' Park,John Brooks
Premier League,2023-2024,2023-09-01,20:00 (21:00),Luton Town,1–2,West Ham United,10802.0,Kenilworth Road Stadium,Paul Tierney
Premier League,2023-2024,2023-09-02,12:30 (13:30),Sheffield United,2–2,Everton,31124.0,Bramall Lane,Andy Madley
Premier League,2023-2024,2023-09-02,15:00 (16:00),Brentford,2–2,Bournemouth,16973.0,Gtech Community Stadium,Robert Madley
Premier League,2023-2024,2023-09-02,15:00 (16:00),Manchester City,5–1,Fulham,52899.0,Etihad Stadium,Michael Oliver
Premier League,2023-2024,2023-09-02,15:00 (16:00),Chelsea,0–1,Nottingham Forest,39820.0,Stamford Bridge,Tim Robinson
Premier League,2023-2024,2023-09-02,15:00 (16:00),Burnley,2–5,Tottenham Hotspur,21750.0,Turf Moor,Darren England
Premier League,2023-2024,2023-09-02,17:30 (18:30),Brighton,3–1,Newcastle United,31620.0,The American Express Community Stadium,Stuart Attwell
Premier League,2023-2024,2023-09-03,14:00 (15:00),Crystal Palace,3–2,Wolves,24741.0,Selhurst Park,Robert Jones
Premier League,2023-2024,2023-09-03,14:00 (15:00),Liverpool,3–0,Aston Villa,50109.0,Anfield,Simon Hooper
Premier League,2023-2024,2023-09-03,16:30 (17:30),Arsenal,3–1,Manchester Utd,60192.0,Emirates Stadium,Anthony Taylor
Premier League,2023-2024,2023-09-16,12:30 (13:30),Wolves,1–3,Liverpool,31257.0,Molineux Stadium,Michael Oliver
Premier League,2023-2024,2023-09-16,15:00 (16:00),Tottenham Hotspur,2–1,Sheffield United,61706.0,Tottenham Hotspur Stadium,Peter Bankes
Premier League,2023-2024,2023-09-16,15:00 (16:00),West Ham United,1–3,Manchester City,62475.0,London Stadium,Andy Madley
Premier League,2023-2024,2023-09-16,15:00 (16:00),Aston Villa,3–1,Crystal Palace,40809.0,Villa Park,Darren England
Premier League,2023-2024,2023-09-16,15:00 (16:00),Fulham,1–0,Luton Town,24467.0,Craven Cottage,Michael Salisbury
Premier League,2023-2024,2023-09-16,15:00 (16:00),Manchester Utd,1–3,Brighton,73592.0,Old Trafford,Jarred Gillett
Premier League,2023-2024,2023-09-16,17:30 (18:30),Newcastle United,1–0,Brentford,51670.0,St James' Park,Craig Pawson
Premier League,2023-2024,2023-09-17,14:00 (15:00),Bournemouth,0–0,Chelsea,10421.0,Vitality Stadium,David Coote
Premier League,2023-2024,2023-09-17,16:30 (17:30),Everton,0–1,Arsenal,39217.0,Goodison Park,Simon Hooper
Premier League,2023-2024,2023-09-18,19:45 (20:45),Nottingham Forest,1–1,Burnley,28958.0,The City Ground,Robert Jones
Premier League,2023-2024,2023-09-23,15:00 (16:00),Luton Town,1–1,Wolves,10893.0,Kenilworth Road Stadium,Josh Smith
Premier League,2023-2024,2023-09-23,15:00 (16:00),Manchester City,2–0,Nottingham Forest,53413.0,Etihad Stadium,Anthony Taylor
Premier League,2023-2024,2023-09-23,15:00 (16:00),Crystal Palace,0–0,Fulham,25072.0,Selhurst Park,Paul Tierney
Premier League,2023-2024,2023-09-23,17:30 (18:30),Brentford,1–3,Everton,16981.0,Gtech Community Stadium,Michael Oliver
Premier League,2023-2024,2023-09-23,20:00 (21:00),Burnley,0–1,Manchester Utd,21593.0,Turf Moor,Tony Harrington
Premier League,2023-2024,2023-09-24,14:00 (15:00),Chelsea,0–1,Aston Villa,39700.0,Stamford Bridge,Jarred Gillett
Premier League,2023-2024,2023-09-24,14:00 (15:00),Arsenal,2–2,Tottenham Hotspur,60156.0,Emirates Stadium,Robert Jones
Premier League,2023-2024,2023-09-24,14:00 (15:00),Liverpool,3–1,West Ham United,50136.0,Anfield,Chris Kavanagh
Premier League,2023-2024,2023-09-24,14:00 (15:00),Brighton,3–1,Bournemouth,31617.0,The American Express Community Stadium,John Brooks
Premier League,2023-2024,2023-09-24,16:30 (17:30),Sheffield United,0–8,Newcastle United,31127.0,Bramall Lane,Stuart Attwell
Premier League,2023-2024,2023-09-30,12:30 (13:30),Aston Villa,6–1,Brighton,40636.0,Villa Park,Andy Madley
Premier League,2023-2024,2023-09-30,15:00 (16:00),Manchester Utd,0–1,Crystal Palace,73428.0,Old Trafford,Chris Kavanagh
Premier League,2023-2024,2023-09-30,15:00 (16:00),Wolves,2–1,Manchester City,31415.0,Molineux Stadium,Craig Pawson
Premier League,2023-2024,2023-09-30,15:00 (16:00),West Ham United,2–0,Sheffield United,62459.0,London Stadium,Graham Scott
Premier League,2023-2024,2023-09-30,15:00 (16:00),Bournemouth,0–4,Arsenal,11193.0,Vitality Stadium,Michael Salisbury
Premier League,2023-2024,2023-09-30,15:00 (16:00),Newcastle United,2–0,Burnley,51687.0,St James' Park,Thomas Bramall
Premier League,2023-2024,2023-09-30,15:00 (16:00),Everton,1–2,Luton Town,39289.0,Goodison Park,Anthony Taylor
Premier League,2023-2024,2023-09-30,17:30 (18:30),Tottenham Hotspur,2–1,Liverpool,62001.0,Tottenham Hotspur Stadium,Simon Hooper
Premier League,2023-2024,2023-10-01,14:00 (15:00),Nottingham Forest,1–1,Brentford,29004.0,The City Ground,Paul Tierney
Premier League,2023-2024,2023-10-02,20:00 (21:00),Fulham,0–2,Chelsea,24445.0,Craven Cottage,Tim Robinson
Premier League,2023-2024,2023-10-03,19:30 (20:30),Luton Town,1–2,Burnley,10918.0,Kenilworth Road Stadium,Peter Bankes
Premier League,2023-2024,2023-10-07,12:30 (13:30),Luton Town,0–1,Tottenham Hotspur,10290.0,Kenilworth Road Stadium,John Brooks
Premier League,2023-2024,2023-10-07,15:00 (16:00),Burnley,1–4,Chelsea,21654.0,Turf Moor,Stuart Attwell
Premier League,2023-2024,2023-10-07,15:00 (16:00),Manchester Utd,2–1,Brentford,73453.0,Old Trafford,Andy Madley
Premier League,2023-2024,2023-10-07,15:00 (16:00),Everton,3–0,Bournemouth,38815.0,Goodison Park,David Coote
Premier League,2023-2024,2023-10-07,15:00 (16:00),Fulham,3–1,Sheffield United,24361.0,Craven Cottage,Samuel Barrott
Premier League,2023-2024,2023-10-07,17:30 (18:30),Crystal Palace,0–0,Nottingham Forest,25017.0,Selhurst Park,Craig Pawson
Premier League,2023-2024,2023-10-08,14:00 (15:00),West Ham United,2–2,Newcastle United,62473.0,London Stadium,Peter Bankes
Premier League,2023-2024,2023-10-08,14:00 (15:00),Wolves,1–1,Aston Villa,31425.0,Molineux Stadium,Robert Jones
Premier League,2023-2024,2023-10-08,14:00 (15:00),Brighton,2–2,Liverpool,31752.0,The American Express Community Stadium,Anthony Taylor
Premier League,2023-2024,2023-10-08,16:30 (17:30),Arsenal,1–0,Manchester City,60233.0,Emirates Stadium,Michael Oliver
Premier League,2023-2024,2023-10-21,12:30 (13:30),Liverpool,2–0,Everton,50201.0,Anfield,Craig Pawson
Premier League,2023-2024,2023-10-21,15:00 (16:00),Brentford,3–0,Burnley,17029.0,Gtech Community Stadium,Josh Smith
Premier League,2023-2024,2023-10-21,15:00 (16:00),Nottingham Forest,2–2,Luton Town,29361.0,The City Ground,Samuel Barrott
Premier League,2023-2024,2023-10-21,15:00 (16:00),Bournemouth,1–2,Wolves,11175.0,Vitality Stadium,Paul Tierney
Premier League,2023-2024,2023-10-21,15:00 (16:00),Newcastle United,4–0,Crystal Palace,52189.0,St James' Park,Tim Robinson
Premier League,2023-2024,2023-10-21,15:00 (16:00),Manchester City,2–1,Brighton,53466.0,Etihad Stadium,Robert Jones
Premier League,2023-2024,2023-10-21,17:30 (18:30),Chelsea,2–2,Arsenal,39723.0,Stamford Bridge,Chris Kavanagh
Premier League,2023-2024,2023-10-21,20:00 (21:00),Sheffield United,1–2,Manchester Utd,31543.0,Bramall Lane,Michael Oliver
Premier League,2023-2024,2023-10-22,16:30 (17:30),Aston Villa,4–1,West Ham United,41734.0,Villa Park,David Coote
Premier League,2023-2024,2023-10-23,20:00 (21:00),Tottenham Hotspur,2–0,Fulham,61286.0,Tottenham Hotspur Stadium,Anthony Taylor
Premier League,2023-2024,2023-10-27,20:00 (21:00),Crystal Palace,1–2,Tottenham Hotspur,25074.0,Selhurst Park,Andy Madley
Premier League,2023-2024,2023-10-28,12:30 (13:30),Chelsea,0–2,Brentford,39575.0,Stamford Bridge,Simon Hooper
Premier League,2023-2024,2023-10-28,15:00 (16:00),Arsenal,5–0,Sheffield United,60153.0,Emirates Stadium,Tim Robinson
Premier League,2023-2024,2023-10-28,15:00 (16:00),Bournemouth,2–1,Burnley,11152.0,Vitality Stadium,Samuel Barrott
Premier League,2023-2024,2023-10-28,17:30 (18:30),Wolves,2–2,Newcastle United,31584.0,Molineux Stadium,Anthony Taylor
Premier League,2023-2024,2023-10-29,13:00 (14:00),West Ham United,0–1,Everton,62469.0,London Stadium,Stuart Attwell
Premier League,2023-2024,2023-10-29,14:00 (15:00),Brighton,1–1,Fulham,31550.0,The American Express Community Stadium,Michael Salisbury
Premier League,2023-2024,2023-10-29,14:00 (15:00),Liverpool,3–0,Nottingham Forest,50143.0,Anfield,Chris Kavanagh
Premier League,2023-2024,2023-10-29,14:00 (15:00),Aston Villa,3–1,Luton Town,41785.0,Villa Park,John Brooks
Premier League,2023-2024,2023-10-29,15:30 (16:30),Manchester Utd,0–3,Manchester City,73502.0,Old Trafford,Paul Tierney
Premier League,2023-2024,2023-11-04,12:30 (13:30),Fulham,0–1,Manchester Utd,24415.0,Craven Cottage,John Brooks
Premier League,2023-2024,2023-11-04,15:00 (16:00),Brentford,3–2,West Ham United,17103.0,Gtech Community Stadium,Thomas Bramall
Premier League,2023-2024,2023-11-04,15:00 (16:00),Burnley,0–2,Crystal Palace,21578.0,Turf Moor,Peter Bankes
Premier League,2023-2024,2023-11-04,15:00 (16:00),Manchester City,6–1,Bournemouth,53358.0,Etihad Stadium,Craig Pawson
Premier League,2023-2024,2023-11-04,15:00 (16:00),Everton,1–1,Brighton,38683.0,Goodison Park,Tim Robinson
Premier League,2023-2024,2023-11-04,15:00 (16:00),Sheffield United,2–1,Wolves,29454.0,Bramall Lane,Robert Jones
Premier League,2023-2024,2023-11-04,17:30 (18:30),Newcastle United,1–0,Arsenal,52194.0,St James' Park,Stuart Attwell
Premier League,2023-2024,2023-11-05,14:00 (15:00),Nottingham Forest,2–0,Aston Villa,29313.0,The City Ground,Jarred Gillett
Premier League,2023-2024,2023-11-05,16:30 (17:30),Luton Town,1–1,Liverpool,11049.0,Kenilworth Road Stadium,Andy Madley
Premier League,2023-2024,2023-11-06,20:00 (21:00),Tottenham Hotspur,1–4,Chelsea,61726.0,Tottenham Hotspur Stadium,Michael Oliver
Premier League,2023-2024,2023-11-11,12:30 (13:30),Wolves,2–1,Tottenham Hotspur,31642.0,Molineux Stadium,Tim Robinson
Premier League,2023-2024,2023-11-11,15:00 (16:00),Manchester Utd,1–0,Luton Town,73599.0,Old Trafford,Graham Scott
Premier League,2023-2024,2023-11-11,15:00 (16:00),Crystal Palace,2–3,Everton,25103.0,Selhurst Park,Samuel Barrott
Premier League,2023-2024,2023-11-11,15:00 (16:00),Arsenal,3–1,Burnley,60232.0,Emirates Stadium,Michael Oliver
Premier League,2023-2024,2023-11-11,17:30 (18:30),Bournemouth,2–0,Newcastle United,11201.0,Vitality Stadium,Chris Kavanagh
Premier League,2023-2024,2023-11-12,14:00 (15:00),Aston Villa,3–1,Fulham,41608.0,Villa Park,Simon Hooper
Premier League,2023-2024,2023-11-12,14:00 (15:00),Brighton,1–1,Sheffield United,31367.0,The American Express Community Stadium,John Brooks
Premier League,2023-2024,2023-11-12,14:00 (15:00),Liverpool,3–0,Brentford,50151.0,Anfield,Paul Tierney
Premier League,2023-2024,2023-11-12,14:00 (15:00),West Ham United,3–2,Nottingham Forest,62470.0,London Stadium,Michael Salisbury
Premier League,2023-2024,2023-11-12,16:30 (17:30),Chelsea,4–4,Manchester City,39532.0,Stamford Bridge,Anthony Taylor
Premier League,2023-2024,2023-11-25,12:30 (13:30),Manchester City,1–1,Liverpool,53289.0,Etihad Stadium,Chris Kavanagh
Premier League,2023-2024,2023-11-25,15:00 (16:00),Sheffield United,1–3,Bournemouth,30208.0,Bramall Lane,Andy Madley
Premier League,2023-2024,2023-11-25,15:00 (16:00),Newcastle United,4–1,Chelsea,52227.0,St James' Park,Simon Hooper
Premier League,2023-2024,2023-11-25,15:00 (16:00),Luton Town,2–1,Crystal Palace,11029.0,Kenilworth Road Stadium,Jarred Gillett
Premier League,2023-2024,2023-11-25,15:00 (16:00),Burnley,1–2,West Ham United,21319.0,Turf Moor,Samuel Barrott
Premier League,2023-2024,2023-11-25,15:00 (16:00),Nottingham Forest,2–3,Brighton,29404.0,The City Ground,Anthony Taylor
Premier League,2023-2024,2023-11-25,17:30 (18:30),Brentford,0–1,Arsenal,17201.0,Gtech Community Stadium,Tim Robinson
Premier League,2023-2024,2023-11-26,14:00 (15:00),Tottenham Hotspur,1–2,Aston Villa,61679.0,Tottenham Hotspur Stadium,Robert Jones
Premier League,2023-2024,2023-11-26,16:30 (17:30),Everton,0–3,Manchester Utd,39257.0,Goodison Park,John Brooks
Premier League,2023-2024,2023-11-27,20:00 (21:00),Fulham,3–2,Wolves,24366.0,Craven Cottage,Michael Salisbury
Premier League,2023-2024,2023-12-02,15:00 (16:00),Arsenal,2–1,Wolves,60262.0,Emirates Stadium,Peter Bankes
Premier League,2023-2024,2023-12-02,15:00 (16:00),Brentford,3–1,Luton Town,17075.0,Gtech Community Stadium,Anthony Taylor
Premier League,2023-2024,2023-12-02,15:00 (16:00),Burnley,5–0,Sheffield United,21478.0,Turf Moor,Chris Kavanagh
Premier League,2023-2024,2023-12-02,17:30 (18:30),Nottingham Forest,0–1,Everton,29404.0,The City Ground,Paul Tierney
Premier League,2023-2024,2023-12-02,20:00 (21:00),Newcastle United,1–0,Manchester Utd,52214.0,St James' Park,Robert Jones
Premier League,2023-2024,2023-12-03,14:00 (15:00),Bournemouth,2–2,Aston Villa,11191.0,Vitality Stadium,Thomas Bramall
Premier League,2023-2024,2023-12-03,14:00 (15:00),West Ham United,1–1,Crystal Palace,62414.0,London Stadium,Michael Oliver
Premier League,2023-2024,2023-12-03,14:00 (15:00),Liverpool,4–3,Fulham,50124.0,Anfield,Stuart Attwell
Premier League,2023-2024,2023-12-03,14:00 (15:00),Chelsea,3–2,Brighton,39647.0,Stamford Bridge,Craig Pawson
Premier League,2023-2024,2023-12-03,16:30 (17:30),Manchester City,3–3,Tottenham Hotspur,53473.0,Etihad Stadium,Simon Hooper
Premier League,2023-2024,2023-12-05,19:30 (20:30),Wolves,1–0,Burnley,30439.0,Molineux Stadium,Jarred Gillett
Premier League,2023-2024,2023-12-05,20:15 (21:15),Luton Town,3–4,Arsenal,11031.0,Kenilworth Road Stadium,Samuel Barrott
Premier League,2023-2024,2023-12-06,19:30 (20:30),Sheffield United,0–2,Liverpool,31406.0,Bramall Lane,Simon Hooper
Premier League,2023-2024,2023-12-06,19:30 (20:30),Brighton,2–1,Brentford,31571.0,The American Express Community Stadium,Peter Bankes
Premier League,2023-2024,2023-12-06,19:30 (20:30),Crystal Palace,0–2,Bournemouth,25078.0,Selhurst Park,Craig Pawson
Premier League,2023-2024,2023-12-06,19:30 (20:30),Fulham,5–0,Nottingham Forest,24105.0,Craven Cottage,Josh Smith
Premier League,2023-2024,2023-12-06,20:15 (21:15),Aston Villa,1–0,Manchester City,41421.0,Villa Park,John Brooks
Premier League,2023-2024,2023-12-06,20:15 (21:15),Manchester Utd,2–1,Chelsea,73607.0,Old Trafford,Chris Kavanagh
Premier League,2023-2024,2023-12-07,19:30 (20:30),Everton,3–0,Newcastle United,38198.0,Goodison Park,Tim Robinson
Premier League,2023-2024,2023-12-07,20:15 (21:15),Tottenham Hotspur,1–2,West Ham United,61171.0,Tottenham Hotspur Stadium,Michael Salisbury
Premier League,2023-2024,2023-12-09,12:30 (13:30),Crystal Palace,1–2,Liverpool,25103.0,Selhurst Park,Andy Madley
Premier League,2023-2024,2023-12-09,15:00 (16:00),Sheffield United,1–0,Brentford,28509.0,Bramall Lane,Stuart Attwell
Premier League,2023-2024,2023-12-09,15:00 (16:00),Brighton,1–1,Burnley,31511.0,The American Express Community Stadium,Simon Hooper
Premier League,2023-2024,2023-12-09,15:00 (16:00),Wolves,1–1,Nottingham Forest,31543.0,Molineux Stadium,Samuel Barrott
Premier League,2023-2024,2023-12-09,15:00 (16:00),Manchester Utd,0–3,Bournemouth,73427.0,Old Trafford,Peter Bankes
Premier League,2023-2024,2023-12-09,17:30 (18:30),Aston Villa,1–0,Arsenal,42000.0,Villa Park,Jarred Gillett
Premier League,2023-2024,2023-12-10,14:00 (15:00),Luton Town,1–2,Manchester City,11047.0,Kenilworth Road Stadium,Tim Robinson
Premier League,2023-2024,2023-12-10,14:00 (15:00),Fulham,5–0,West Ham United,23988.0,Craven Cottage,Paul Tierney
Premier League,2023-2024,2023-12-10,14:00 (15:00),Everton,2–0,Chelsea,39280.0,Goodison Park,Michael Oliver
Premier League,2023-2024,2023-12-10,16:30 (17:30),Tottenham Hotspur,4–1,Newcastle United,61171.0,Tottenham Hotspur Stadium,Chris Kavanagh
Premier League,2023-2024,2023-12-15,20:00 (21:00),Nottingham Forest,0–2,Tottenham Hotspur,29296.0,The City Ground,Jarred Gillett
Premier League,2023-2024,2023-12-16,15:00 (16:00),Chelsea,2–0,Sheffield United,39599.0,Stamford Bridge,Andy Madley
Premier League,2023-2024,2023-12-16,15:00 (16:00),Newcastle United,3–0,Fulham,52055.0,St James' Park,Samuel Barrott
Premier League,2023-2024,2023-12-16,15:00 (16:00),Manchester City,2–2,Crystal Palace,53248.0,Etihad Stadium,Paul Tierney
Premier League,2023-2024,2023-12-16,17:30 (18:30),Burnley,0–2,Everton,21413.0,Turf Moor,Anthony Taylor
Premier League,2023-2024,2023-12-17,14:00 (15:00),West Ham United,3–0,Wolves,62455.0,London Stadium,Chris Kavanagh
Premier League,2023-2024,2023-12-17,14:00 (15:00),Arsenal,2–0,Brighton,60257.0,Emirates Stadium,Tim Robinson
Premier League,2023-2024,2023-12-17,14:00 (15:00),Brentford,1–2,Aston Villa,17034.0,Gtech Community Stadium,David Coote
Premier League,2023-2024,2023-12-17,16:30 (17:30),Liverpool,0–0,Manchester Utd,57158.0,Anfield,Michael Oliver
Premier League,2023-2024,2023-12-21,20:00 (21:00),Crystal Palace,1–1,Brighton,24171.0,Selhurst Park,John Brooks
Premier League,2023-2024,2023-12-22,20:00 (21:00),Aston Villa,1–1,Sheffield United,41651.0,Villa Park,Anthony Taylor
Premier League,2023-2024,2023-12-23,12:30 (13:30),West Ham United,2–0,Manchester Utd,64472.0,London Stadium,Simon Hooper
Premier League,2023-2024,2023-12-23,15:00 (16:00),Fulham,0–2,Burnley,23598.0,Craven Cottage,Rebecca Welch
Premier League,2023-2024,2023-12-23,15:00 (16:00),Nottingham Forest,2–3,Bournemouth,29188.0,The City Ground,Robert Jones
Premier League,2023-2024,2023-12-23,15:00 (16:00),Luton Town,1–0,Newcastle United,11042.0,Kenilworth Road Stadium,Darren England
Premier League,2023-2024,2023-12-23,15:00 (16:00),Tottenham Hotspur,2–1,Everton,61808.0,Tottenham Hotspur Stadium,Stuart Attwell
Premier League,2023-2024,2023-12-23,17:30 (18:30),Liverpool,1–1,Arsenal,57548.0,Anfield,Chris Kavanagh
Premier League,2023-2024,2023-12-24,13:00 (14:00),Wolves,2–1,Chelsea,31641.0,Molineux Stadium,David Coote
Premier League,2023-2024,2023-12-26,12:30 (13:30),Newcastle United,1–3,Nottingham Forest,52207.0,St James' Park,Chris Kavanagh
Premier League,2023-2024,2023-12-26,15:00 (16:00),Bournemouth,3–0,Fulham,11099.0,Vitality Stadium,Tim Robinson
Premier League,2023-2024,2023-12-26,15:00 (16:00),Sheffield United,2–3,Luton Town,31041.0,Bramall Lane,Sam Allison
Premier League,2023-2024,2023-12-26,17:30 (18:30),Burnley,0–2,Liverpool,21624.0,Turf Moor,Paul Tierney
Premier League,2023-2024,2023-12-26,20:00 (21:00),Manchester Utd,3–2,Aston Villa,73574.0,Old Trafford,Craig Pawson
Premier League,2023-2024,2023-12-27,19:30 (20:30),Brentford,1–4,Wolves,17109.0,Gtech Community Stadium,Andy Madley
Premier League,2023-2024,2023-12-27,19:30 (20:30),Chelsea,2–1,Crystal Palace,39618.0,Stamford Bridge,Michael Salisbury
Premier League,2023-2024,2023-12-27,20:15 (21:15),Everton,1–3,Manchester City,39327.0,Goodison Park,John Brooks
Premier League,2023-2024,2023-12-28,19:30 (20:30),Brighton,4–2,Tottenham Hotspur,31675.0,The American Express Community Stadium,Jarred Gillett
Premier League,2023-2024,2023-12-28,20:15 (21:15),Arsenal,0–2,West Ham United,60261.0,Emirates Stadium,Michael Oliver
Premier League,2023-2024,2023-12-30,12:30 (13:30),Luton Town,2–3,Chelsea,11041.0,Kenilworth Road Stadium,Paul Tierney
Premier League,2023-2024,2023-12-30,15:00 (16:00),Crystal Palace,3–1,Brentford,25472.0,Selhurst Park,Robert Jones
Premier League,2023-2024,2023-12-30,15:00 (16:00),Wolves,3–0,Everton,31639.0,Molineux Stadium,Thomas Bramall
Premier League,2023-2024,2023-12-30,15:00 (16:00),Manchester City,2–0,Sheffield United,53108.0,Etihad Stadium,David Coote
Premier League,2023-2024,2023-12-30,15:00 (16:00),Aston Villa,3–2,Burnley,41613.0,Villa Park,Stuart Attwell
Premier League,2023-2024,2023-12-30,17:30 (18:30),Nottingham Forest,2–1,Manchester Utd,29529.0,The City Ground,Tim Robinson
Premier League,2023-2024,2023-12-31,14:00 (15:00),Fulham,2–1,Arsenal,24444.0,Craven Cottage,Josh Smith
Premier League,2023-2024,2023-12-31,14:00 (15:00),Tottenham Hotspur,3–1,Bournemouth,61780.0,Tottenham Hotspur Stadium,Simon Hooper
Premier League,2023-2024,2024-01-01,20:00 (21:00),Liverpool,4–2,Newcastle United,57471.0,Anfield,Anthony Taylor
Premier League,2023-2024,2024-01-02,19:30 (20:30),West Ham United,0–0,Brighton,62462.0,London Stadium,Samuel Barrott
Premier League,2023-2024,2024-01-12,19:45 (20:45),Burnley,1–1,Luton Town,20155.0,Turf Moor,Tony Harrington
Premier League,2023-2024,2024-01-13,12:30 (13:30),Chelsea,1–0,Fulham,39643.0,Stamford Bridge,Anthony Taylor
Premier League,2023-2024,2024-01-13,17:30 (18:30),Newcastle United,2–3,Manchester City,52190.0,St James' Park,Chris Kavanagh
Premier League,2023-2024,2024-01-14,14:00 (15:00),Everton,0–0,Aston Villa,39284.0,Goodison Park,David Coote
Premier League,2023-2024,2024-01-14,16:30 (17:30),Manchester Utd,2–2,Tottenham Hotspur,73489.0,Old Trafford,John Brooks
Premier League,2023-2024,2024-01-20,12:30 (13:30),Arsenal,5–0,Crystal Palace,60284.0,Emirates Stadium,Paul Tierney
Premier League,2023-2024,2024-01-20,17:30 (18:30),Brentford,3–2,Nottingham Forest,17077.0,Gtech Community Stadium,Darren England
Premier League,2023-2024,2024-01-21,14:00 (15:00),Sheffield United,2–2,West Ham United,29164.0,Bramall Lane,Michael Salisbury
Premier League,2023-2024,2024-01-21,16:30 (17:30),Bournemouth,0–4,Liverpool,11228.0,Vitality Stadium,Andy Madley
Premier League,2023-2024,2024-01-22,19:45 (20:45),Brighton,0–0,Wolves,41505.0,The American Express Community Stadium,Craig Pawson
Premier League,2023-2024,2024-01-30,19:30 (20:30),Nottingham Forest,1–2,Arsenal,29387.0,The City Ground,Simon Hooper
Premier League,2023-2024,2024-01-30,19:45 (20:45),Luton Town,4–0,Brighton,10994.0,Kenilworth Road Stadium,Robert Jones
Premier League,2023-2024,2024-01-30,19:45 (20:45),Fulham,0–0,Everton,24376.0,Craven Cottage,Thomas Bramall
Premier League,2023-2024,2024-01-30,20:00 (21:00),Crystal Palace,3–2,Sheffield United,24781.0,Selhurst Park,Tony Harrington
Premier League,2023-2024,2024-01-30,20:15 (21:15),Aston Villa,1–3,Newcastle United,42191.0,Villa Park,John Brooks
Premier League,2023-2024,2024-01-31,19:30 (20:30),Manchester City,3–1,Burnley,52143.0,Etihad Stadium,Samuel Barrott
Premier League,2023-2024,2024-01-31,19:30 (20:30),Tottenham Hotspur,3–2,Brentford,61210.0,Tottenham Hotspur Stadium,David Coote
Premier League,2023-2024,2024-01-31,20:15 (21:15),Liverpool,4–1,Chelsea,57524.0,Anfield,Paul Tierney
Premier League,2023-2024,2024-02-01,19:30 (20:30),West Ham United,1–1,Bournemouth,62478.0,London Stadium,Tim Robinson
Premier League,2023-2024,2024-02-01,20:15 (21:15),Wolves,3–4,Manchester Utd,31641.0,Molineux Stadium,Jarred Gillett
Premier League,2023-2024,2024-02-03,12:30 (13:30),Everton,2–2,Tottenham Hotspur,39321.0,Goodison Park,Michael Oliver
Premier League,2023-2024,2024-02-03,15:00 (16:00),Burnley,2–2,Fulham,20203.0,Turf Moor,Darren England
Premier League,2023-2024,2024-02-03,15:00 (16:00),Brighton,4–1,Crystal Palace,31345.0,The American Express Community Stadium,Simon Hooper
Premier League,2023-2024,2024-02-03,15:00 (16:00),Newcastle United,4–4,Luton Town,52211.0,St James' Park,Thomas Bramall
Premier League,2023-2024,2024-02-03,17:30 (18:30),Sheffield United,0–5,Aston Villa,30187.0,Bramall Lane,Paul Tierney
Premier League,2023-2024,2024-02-04,14:00 (15:00),Chelsea,2–4,Wolves,39628.0,Stamford Bridge,Tim Robinson
Premier League,2023-2024,2024-02-04,14:00 (15:00),Bournemouth,1–1,Nottingham Forest,11200.0,Vitality Stadium,Rebecca Welch
Premier League,2023-2024,2024-02-04,14:00 (15:00),Manchester Utd,3–0,West Ham United,73612.0,Old Trafford,Andy Madley
Premier League,2023-2024,2024-02-04,16:30 (17:30),Arsenal,3–1,Liverpool,60374.0,Emirates Stadium,Anthony Taylor
Premier League,2023-2024,2024-02-05,20:00 (21:00),Brentford,1–3,Manchester City,17096.0,Gtech Community Stadium,Jarred Gillett
Premier League,2023-2024,2024-02-10,12:30 (13:30),Manchester City,2–0,Everton,52187.0,Etihad Stadium,John Brooks
Premier League,2023-2024,2024-02-10,15:00 (16:00),Wolves,0–2,Brentford,30731.0,Molineux Stadium,Simon Hooper
Premier League,2023-2024,2024-02-10,15:00 (16:00),Fulham,3–1,Bournemouth,24271.0,Craven Cottage,Darren England
Premier League,2023-2024,2024-02-10,15:00 (16:00),Tottenham Hotspur,2–1,Brighton,61445.0,Tottenham Hotspur Stadium,Samuel Barrott
Premier League,2023-2024,2024-02-10,15:00 (16:00),Liverpool,3–1,Burnley,59896.0,Anfield,Tim Robinson
Premier League,2023-2024,2024-02-10,15:00 (16:00),Luton Town,1–3,Sheffield United,11138.0,Kenilworth Road Stadium,Chris Kavanagh
Premier League,2023-2024,2024-02-10,17:30 (18:30),Nottingham Forest,2–3,Newcastle United,29451.0,The City Ground,Anthony Taylor
Premier League,2023-2024,2024-02-11,14:00 (15:00),West Ham United,0–6,Arsenal,62475.0,London Stadium,Craig Pawson
Premier League,2023-2024,2024-02-11,16:30 (17:30),Aston Villa,1–2,Manchester Utd,42185.0,Villa Park,Robert Jones
Premier League,2023-2024,2024-02-12,20:00 (21:00),Crystal Palace,1–3,Chelsea,25110.0,Selhurst Park,Michael Oliver
Premier League,2023-2024,2024-02-17,12:30 (13:30),Brentford,1–4,Liverpool,17193.0,Gtech Community Stadium,Michael Oliver
Premier League,2023-2024,2024-02-17,15:00 (16:00),Nottingham Forest,2–0,West Ham United,29490.0,The City Ground,Thomas Bramall
Premier League,2023-2024,2024-02-17,15:00 (16:00),Burnley,0–5,Arsenal,21311.0,Turf Moor,Jarred Gillett
Premier League,2023-2024,2024-02-17,15:00 (16:00),Fulham,1–2,Aston Villa,24401.0,Craven Cottage,Lewis Smith
Premier League,2023-2024,2024-02-17,15:00 (16:00),Newcastle United,2–2,Bournemouth,52224.0,St James' Park,Michael Salisbury
Premier League,2023-2024,2024-02-17,15:00 (16:00),Tottenham Hotspur,1–2,Wolves,61532.0,Tottenham Hotspur Stadium,Anthony Taylor
Premier League,2023-2024,2024-02-17,17:30 (18:30),Manchester City,1–1,Chelsea,52178.0,Etihad Stadium,Andy Madley
Premier League,2023-2024,2024-02-18,14:00 (15:00),Sheffield United,0–5,Brighton,29522.0,Bramall Lane,Stuart Attwell
Premier League,2023-2024,2024-02-18,16:30 (17:30),Luton Town,1–2,Manchester Utd,11483.0,Kenilworth Road Stadium,David Coote
Premier League,2023-2024,2024-02-19,20:00 (21:00),Everton,1–1,Crystal Palace,38164.0,Goodison Park,Paul Tierney
Premier League,2023-2024,2024-02-20,19:30 (20:30),Manchester City,1–0,Brentford,52247.0,Etihad Stadium,Darren England
Premier League,2023-2024,2024-02-21,19:30 (20:30),Liverpool,4–1,Luton Town,59713.0,Anfield,Andy Madley
Premier League,2023-2024,2024-02-24,15:00 (16:00),Aston Villa,4–2,Nottingham Forest,42131.0,Villa Park,Samuel Barrott
Premier League,2023-2024,2024-02-24,15:00 (16:00),Manchester Utd,1–2,Fulham,73487.0,Old Trafford,Michael Oliver
Premier League,2023-2024,2024-02-24,15:00 (16:00),Crystal Palace,3–0,Burnley,24042.0,Selhurst Park,Lewis Smith
Premier League,2023-2024,2024-02-24,15:00 (16:00),Brighton,1–1,Everton,41646.0,The American Express Community Stadium,Tony Harrington
Premier League,2023-2024,2024-02-24,17:30 (18:30),Bournemouth,0–1,Manchester City,11184.0,Vitality Stadium,Jarred Gillett
Premier League,2023-2024,2024-02-24,20:00 (21:00),Arsenal,4–1,Newcastle United,60298.0,Emirates Stadium,Paul Tierney
Premier League,2023-2024,2024-02-25,13:30 (14:30),Wolves,1–0,Sheffield United,30789.0,Molineux Stadium,Darren England
Premier League,2023-2024,2024-02-26,20:00 (21:00),West Ham United,4–2,Brentford,62450.0,London Stadium,Simon Hooper
Premier League,2023-2024,2024-03-02,15:00 (16:00),Brentford,2–2,Chelsea,17140.0,Gtech Community Stadium,Jarred Gillett
Premier League,2023-2024,2024-03-02,15:00 (16:00),Newcastle United,3–0,Wolves,52206.0,St James' Park,Tim Robinson
Premier League,2023-2024,2024-03-02,15:00 (16:00),Fulham,3–0,Brighton,24460.0,Craven Cottage,Simon Hooper
Premier League,2023-2024,2024-03-02,15:00 (16:00),Everton,1–3,West Ham United,39262.0,Goodison Park,Craig Pawson
Premier League,2023-2024,2024-03-02,15:00 (16:00),Tottenham Hotspur,3–1,Crystal Palace,61339.0,Tottenham Hotspur Stadium,John Brooks
Premier League,2023-2024,2024-03-02,15:00 (16:00),Nottingham Forest,0–1,Liverpool,29603.0,The City Ground,Paul Tierney
Premier League,2023-2024,2024-03-02,17:30 (18:30),Luton Town,2–3,Aston Villa,11594.0,Kenilworth Road Stadium,Michael Oliver
Premier League,2023-2024,2024-03-03,13:00 (14:00),Burnley,0–2,Bournemouth,19713.0,Turf Moor,David Coote
Premier League,2023-2024,2024-03-03,15:30 (16:30),Manchester City,3–1,Manchester Utd,53514.0,Etihad Stadium,Andy Madley
Premier League,2023-2024,2024-03-04,20:00 (21:00),Sheffield United,0–6,Arsenal,29157.0,Bramall Lane,Samuel Barrott
Premier League,2023-2024,2024-03-09,12:30 (13:30),Manchester Utd,2–0,Everton,73601.0,Old Trafford,Simon Hooper
Premier League,2023-2024,2024-03-09,15:00 (16:00),Wolves,2–1,Fulham,30860.0,Molineux Stadium,Tony Harrington
Premier League,2023-2024,2024-03-09,15:00 (16:00),Bournemouth,2–2,Sheffield United,11074.0,Vitality Stadium,Anthony Taylor
Premier League,2023-2024,2024-03-09,15:00 (16:00),Crystal Palace,1–1,Luton Town,25103.0,Selhurst Park,Sunny Singh
Premier League,2023-2024,2024-03-09,17:30 (18:30),Arsenal,2–1,Brentford,60331.0,Emirates Stadium,Robert Jones
Premier League,2023-2024,2024-03-10,13:00 (14:00),Aston Villa,0–4,Tottenham Hotspur,42310.0,Villa Park,Chris Kavanagh
Premier League,2023-2024,2024-03-10,14:00 (15:00),Brighton,1–0,Nottingham Forest,31505.0,The American Express Community Stadium,Michael Salisbury
Premier League,2023-2024,2024-03-10,14:00 (15:00),West Ham United,2–2,Burnley,62441.0,London Stadium,Darren England
Premier League,2023-2024,2024-03-10,15:45 (16:45),Liverpool,1–1,Manchester City,59947.0,Anfield,Michael Oliver
Premier League,2023-2024,2024-03-11,20:00 (21:00),Chelsea,3–2,Newcastle United,37753.0,Stamford Bridge,John Brooks
Premier League,2023-2024,2024-03-13,19:30 (20:30),Bournemouth,4–3,Luton Town,11198.0,Vitality Stadium,Sam Allison
Premier League,2023-2024,2024-03-16,15:00 (16:00),Burnley,2–1,Brentford,20431.0,Turf Moor,Darren England
Premier League,2023-2024,2024-03-16,15:00 (16:00),Luton Town,1–1,Nottingham Forest,11630.0,Kenilworth Road Stadium,Darren England
Premier League,2023-2024,2024-03-16,17:30 (18:30),Fulham,3–0,Tottenham Hotspur,24410.0,Craven Cottage,Robert Jones
Premier League,2023-2024,2024-03-17,14:00 (15:00),West Ham United,1–1,Aston Villa,62461.0,London Stadium,Jarred Gillett
Premier League,2023-2024,2024-03-30,12:30 (13:30),Newcastle United,4–3,West Ham United,52199.0,St James' Park,Robert Jones
Premier League,2023-2024,2024-03-30,15:00 (16:00),Nottingham Forest,1–1,Crystal Palace,29520.0,The City Ground,Chris Kavanagh
Premier League,2023-2024,2024-03-30,15:00 (16:00),Sheffield United,3–3,Fulham,30010.0,Bramall Lane,Tim Robinson
Premier League,2023-2024,2024-03-30,15:00 (16:00),Chelsea,2–2,Burnley,39535.0,Stamford Bridge,Darren England
Premier League,2023-2024,2024-03-30,15:00 (16:00),Tottenham Hotspur,2–1,Luton Town,61534.0,Tottenham Hotspur Stadium,Jarred Gillett
Premier League,2023-2024,2024-03-30,15:00 (16:00),Bournemouth,2–1,Everton,11207.0,Vitality Stadium,Samuel Barrott
Premier League,2023-2024,2024-03-30,17:30 (18:30),Aston Villa,2–0,Wolves,42640.0,Villa Park,Paul Tierney
Premier League,2023-2024,2024-03-30,20:00 (21:00),Brentford,1–1,Manchester Utd,17138.0,Gtech Community Stadium,Simon Hooper
Premier League,2023-2024,2024-03-31,14:00 (15:00),Liverpool,2–1,Brighton,60061.0,Anfield,David Coote
Premier League,2023-2024,2024-03-31,16:30 (17:30),Manchester City,0–0,Arsenal,52178.0,Etihad Stadium,Anthony Taylor
Premier League,2023-2024,2024-04-02,19:30 (20:30),Newcastle United,1–1,Everton,52135.0,St James' Park,Tony Harrington
Premier League,2023-2024,2024-04-02,19:30 (20:30),Nottingham Forest,3–1,Fulham,28997.0,The City Ground,Michael Oliver
Premier League,2023-2024,2024-04-02,19:45 (20:45),Bournemouth,1–0,Crystal Palace,11058.0,Vitality Stadium,Graham Scott
Premier League,2023-2024,2024-04-02,19:45 (20:45),Burnley,1–1,Wolves,21528.0,Turf Moor,Thomas Bramall
Premier League,2023-2024,2024-04-02,20:15 (21:15),West Ham United,1–1,Tottenham Hotspur,62469.0,London Stadium,John Brooks
Premier League,2023-2024,2024-04-03,19:30 (20:30),Brentford,0–0,Brighton,17024.0,Gtech Community Stadium,Andy Madley
Premier League,2023-2024,2024-04-03,19:30 (20:30),Arsenal,2–0,Luton Town,60262.0,Emirates Stadium,Craig Pawson
Premier League,2023-2024,2024-04-03,20:15 (21:15),Manchester City,4–1,Aston Villa,53422.0,Etihad Stadium,Darren England
Premier League,2023-2024,2024-04-04,19:30 (20:30),Liverpool,3–1,Sheffield United,60055.0,Anfield,Stuart Attwell
Premier League,2023-2024,2024-04-04,20:15 (21:15),Chelsea,4–3,Manchester Utd,39694.0,Stamford Bridge,Jarred Gillett
Premier League,2023-2024,2024-04-06,12:30 (13:30),Crystal Palace,2–4,Manchester City,25132.0,Selhurst Park,Paul Tierney
Premier League,2023-2024,2024-04-06,15:00 (16:00),Luton Town,2–1,Bournemouth,11797.0,Kenilworth Road Stadium,Andy Madley
Premier League,2023-2024,2024-04-06,15:00 (16:00),Everton,1–0,Burnley,39125.0,Goodison Park,Michael Oliver
Premier League,2023-2024,2024-04-06,15:00 (16:00),Wolves,1–2,West Ham United,31504.0,Molineux Stadium,Tony Harrington
Premier League,2023-2024,2024-04-06,15:00 (16:00),Aston Villa,3–3,Brentford,42118.0,Villa Park,Michael Salisbury
Premier League,2023-2024,2024-04-06,15:00 (16:00),Fulham,0–1,Newcastle United,24418.0,Craven Cottage,Sam Allison
Premier League,2023-2024,2024-04-06,17:30 (18:30),Brighton,0–3,Arsenal,31677.0,The American Express Community Stadium,John Brooks
Premier League,2023-2024,2024-04-07,15:30 (16:30),Manchester Utd,2–2,Liverpool,73501.0,Old Trafford,Anthony Taylor
Premier League,2023-2024,2024-04-07,17:30 (18:30),Sheffield United,2–2,Chelsea,28638.0,Bramall Lane,Robert Jones
Premier League,2023-2024,2024-04-07,18:00 (19:00),Tottenham Hotspur,3–1,Nottingham Forest,61098.0,Tottenham Hotspur Stadium,Simon Hooper
Premier League,2023-2024,2024-04-13,12:30 (13:30),Newcastle United,4–0,Tottenham Hotspur,52147.0,St James' Park,Tim Robinson
Premier League,2023-2024,2024-04-13,15:00 (16:00),Manchester City,5–1,Luton Town,52149.0,Etihad Stadium,John Brooks
Premier League,2023-2024,2024-04-13,15:00 (16:00),Burnley,1–1,Brighton,20687.0,Turf Moor,Simon Hooper
Premier League,2023-2024,2024-04-13,15:00 (16:00),Nottingham Forest,2–2,Wolves,29604.0,The City Ground,Craig Pawson
Premier League,2023-2024,2024-04-13,15:00 (16:00),Brentford,2–0,Sheffield United,17115.0,Gtech Community Stadium,Samuel Barrott
Premier League,2023-2024,2024-04-13,17:30 (18:30),Bournemouth,2–2,Manchester Utd,11229.0,Vitality Stadium,Tony Harrington
Premier League,2023-2024,2024-04-14,14:00 (15:00),Liverpool,0–1,Crystal Palace,60090.0,Anfield,Chris Kavanagh
Premier League,2023-2024,2024-04-14,14:00 (15:00),West Ham United,0–2,Fulham,62459.0,London Stadium,Stuart Attwell
Premier League,2023-2024,2024-04-14,16:30 (17:30),Arsenal,0–2,Aston Villa,60350.0,Emirates Stadium,David Coote
Premier League,2023-2024,2024-04-15,20:00 (21:00),Chelsea,6–0,Everton,39392.0,Stamford Bridge,Paul Tierney
Premier League,2023-2024,2024-04-20,15:00 (16:00),Sheffield United,1–4,Burnley,28964.0,Bramall Lane,Andy Madley
Premier League,2023-2024,2024-04-20,15:00 (16:00),Luton Town,1–5,Brentford,11877.0,Kenilworth Road Stadium,Jarred Gillett
Premier League,2023-2024,2024-04-20,19:30 (20:30),Wolves,0–2,Arsenal,31621.0,Molineux Stadium,Paul Tierney
Premier League,2023-2024,2024-04-21,13:30 (14:30),Everton,2–0,Nottingham Forest,39239.0,Goodison Park,Anthony Taylor
Premier League,2023-2024,2024-04-21,15:00 (16:00),Crystal Palace,5–2,West Ham United,25145.0,Selhurst Park,Graham Scott
Premier League,2023-2024,2024-04-21,15:00 (16:00),Aston Villa,3–1,Bournemouth,42189.0,Villa Park,Tim Robinson
Premier League,2023-2024,2024-04-21,16:30 (17:30),Fulham,1–3,Liverpool,24414.0,Craven Cottage,Craig Pawson
Premier League,2023-2024,2024-04-23,20:00 (21:00),Arsenal,5–0,Chelsea,60238.0,Emirates Stadium,Simon Hooper
Premier League,2023-2024,2024-04-24,19:45 (20:45),Wolves,0–1,Bournemouth,25541.0,Molineux Stadium,Stuart Attwell
Premier League,2023-2024,2024-04-24,20:00 (21:00),Everton,2–0,Liverpool,38222.0,Goodison Park,Andy Madley
Premier League,2023-2024,2024-04-24,20:00 (21:00),Manchester Utd,4–2,Sheffield United,73549.0,Old Trafford,Michael Salisbury
Premier League,2023-2024,2024-04-24,20:00 (21:00),Crystal Palace,2–0,Newcastle United,25002.0,Selhurst Park,Thomas Bramall
Premier League,2023-2024,2024-04-25,20:00 (21:00),Brighton,0–4,Manchester City,31596.0,The American Express Community Stadium,Jarred Gillett
Premier League,2023-2024,2024-04-27,12:30 (13:30),West Ham United,2–2,Liverpool,62474.0,London Stadium,Anthony Taylor
Premier League,2023-2024,2024-04-27,15:00 (16:00),Wolves,2–1,Luton Town,31531.0,Molineux Stadium,David Coote
Premier League,2023-2024,2024-04-27,15:00 (16:00),Manchester Utd,1–1,Burnley,73571.0,Old Trafford,John Brooks
Premier League,2023-2024,2024-04-27,15:00 (16:00),Fulham,1–1,Crystal Palace,24142.0,Craven Cottage,Stuart Attwell
Premier League,2023-2024,2024-04-27,15:00 (16:00),Newcastle United,5–1,Sheffield United,52196.0,St James' Park,Tony Harrington
Premier League,2023-2024,2024-04-27,17:30 (18:30),Everton,1–0,Brentford,39098.0,Goodison Park,Darren England
Premier League,2023-2024,2024-04-27,20:00 (21:00),Aston Villa,2–2,Chelsea,42354.0,Villa Park,Craig Pawson
Premier League,2023-2024,2024-04-28,14:00 (15:00),Tottenham Hotspur,2–3,Arsenal,61554.0,Tottenham Hotspur Stadium,Michael Oliver
Premier League,2023-2024,2024-04-28,14:00 (15:00),Bournemouth,3–0,Brighton,11188.0,Vitality Stadium,Paul Tierney
Premier League,2023-2024,2024-04-28,16:30 (17:30),Nottingham Forest,0–2,Manchester City,29677.0,The City Ground,Simon Hooper
Premier League,2023-2024,2024-05-02,19:30 (20:30),Chelsea,2–0,Tottenham Hotspur,39086.0,Stamford Bridge,Robert Jones
Premier League,2023-2024,2024-05-03,20:00 (21:00),Luton Town,1–1,Everton,11873.0,Kenilworth Road Stadium,Tim Robinson
Premier League,2023-2024,2024-05-04,12:30 (13:30),Arsenal,3–0,Bournemouth,60348.0,Emirates Stadium,David Coote
Premier League,2023-2024,2024-05-04,15:00 (16:00),Brentford,0–0,Fulham,17090.0,Gtech Community Stadium,Graham Scott
Premier League,2023-2024,2024-05-04,15:00 (16:00),Burnley,1–4,Newcastle United,21781.0,Turf Moor,Anthony Taylor
Premier League,2023-2024,2024-05-04,15:00 (16:00),Sheffield United,1–3,Nottingham Forest,28516.0,Bramall Lane,Chris Kavanagh
Premier League,2023-2024,2024-05-04,17:30 (18:30),Manchester City,5–1,Wolves,52439.0,Etihad Stadium,Craig Pawson
Premier League,2023-2024,2024-05-05,14:00 (15:00),Brighton,1–0,Aston Villa,31596.0,The American Express Community Stadium,Robert Jones
Premier League,2023-2024,2024-05-05,14:00 (15:00),Chelsea,5–0,West Ham United,39295.0,Stamford Bridge,Andy Madley
Premier League,2023-2024,2024-05-05,16:30 (17:30),Liverpool,4–2,Tottenham Hotspur,60075.0,Anfield,Paul Tierney
Premier League,2023-2024,2024-05-06,20:00 (21:00),Crystal Palace,4–0,Manchester Utd,25190.0,Selhurst Park,Jarred Gillett
Premier League,2023-2024,2024-05-11,12:30 (13:30),Fulham,0–4,Manchester City,24418.0,Craven Cottage,Anthony Taylor
Premier League,2023-2024,2024-05-11,15:00 (16:00),Newcastle United,1–1,Brighton,51997.0,St James' Park,Darren England
Premier League,2023-2024,2024-05-11,15:00 (16:00),Tottenham Hotspur,2–1,Burnley,61148.0,Tottenham Hotspur Stadium,Jarred Gillett
Premier League,2023-2024,2024-05-11,15:00 (16:00),Wolves,1–3,Crystal Palace,31424.0,Molineux Stadium,Thomas Bramall
Premier League,2023-2024,2024-05-11,15:00 (16:00),Bournemouth,1–2,Brentford,11154.0,Vitality Stadium,Matt Donohue
Premier League,2023-2024,2024-05-11,15:00 (16:00),Everton,1–0,Sheffield United,39221.0,Goodison Park,Stuart Attwell
Premier League,2023-2024,2024-05-11,15:00 (16:00),West Ham United,3–1,Luton Town,62475.0,London Stadium,Michael Oliver
Premier League,2023-2024,2024-05-11,17:30 (18:30),Nottingham Forest,2–3,Chelsea,29708.0,The City Ground,Tony Harrington
Premier League,2023-2024,2024-05-12,16:30 (17:30),Manchester Utd,0–1,Arsenal,73600.0,Old Trafford,Paul Tierney
Premier League,2023-2024,2024-05-13,20:00 (21:00),Aston Villa,3–3,Liverpool,42241.0,Villa Park,Simon Hooper
Premier League,2023-2024,2024-05-14,20:00 (21:00),Tottenham Hotspur,0–2,Manchester City,61065.0,Tottenham Hotspur Stadium,Chris Kavanagh
Premier League,2023-2024,2024-05-15,19:45 (20:45),Brighton,1–2,Chelsea,31555.0,The American Express Community Stadium,Michael Salisbury
Premier League,2023-2024,2024-05-15,20:00 (21:00),Manchester Utd,3–2,Newcastle United,73582.0,Old Trafford,Robert Jones
Premier League,2023-2024,2024-05-19,16:00 (17:00),Liverpool,2–0,Wolves,60059.0,Anfield,Chris Kavanagh
Premier League,2023-2024,2024-05-19,16:00 (17:00),Luton Town,2–4,Fulham,12027.0,Kenilworth Road Stadium,Matt Donohue
Premier League,2023-2024,2024-05-19,16:00 (17:00),Chelsea,2–1,Bournemouth,39724.0,Stamford Bridge,Anthony Taylor
Premier League,2023-2024,2024-05-19,16:00 (17:00),Burnley,1–2,Nottingham Forest,21109.0,Turf Moor,Graham Scott
Premier League,2023-2024,2024-05-19,16:00 (17:00),Crystal Palace,5–0,Aston Villa,25191.0,Selhurst Park,Darren England
Premier League,2023-2024,2024-05-19,16:00 (17:00),Brighton,0–2,Manchester Utd,31662.0,The American Express Community Stadium,Craig Pawson
Premier League,2023-2024,2024-05-19,16:00 (17:00),Brentford,2–4,Newcastle United,17124.0,Gtech Community Stadium,Simon Hooper
Premier League,2023-2024,2024-05-19,16:00 (17:00),Manchester City,3–1,West Ham United,55097.0,Etihad Stadium,John Brooks
Premier League,2023-2024,2024-05-19,16:00 (17:00),Arsenal,2–1,Everton,60312.0,Emirates Stadium,Michael Oliver
Premier League,2023-2024,2024-05-19,16:00 (17:00),Sheffield United,0–3,Tottenham Hotspur,29116.0,Bramall Lane,Andy Madley
Premier League,2022-2023,2022-08-05,20:00 (21:00),Crystal Palace,0–2,Arsenal,25286.0,Selhurst Park,Anthony Taylor
Premier League,2022-2023,2022-08-06,12:30 (13:30),Fulham,2–2,Liverpool,22207.0,Craven Cottage,Andy Madley
Premier League,2022-2023,2022-08-06,15:00 (16:00),Newcastle United,2–0,Nottingham Forest,52245.0,St James' Park,Simon Hooper
Premier League,2022-2023,2022-08-06,15:00 (16:00),Bournemouth,2–0,Aston Villa,11013.0,Vitality Stadium,Peter Bankes
Premier League,2022-2023,2022-08-06,15:00 (16:00),Leeds United,2–1,Wolves,36347.0,Elland Road,Robert Jones
Premier League,2022-2023,2022-08-06,15:00 (16:00),Tottenham Hotspur,4–1,Southampton,61732.0,Tottenham Hotspur Stadium,Andre Marriner
Premier League,2022-2023,2022-08-06,17:30 (18:30),Everton,0–1,Chelsea,39254.0,Goodison Park,Craig Pawson
Premier League,2022-2023,2022-08-07,14:00 (15:00),Leicester City,2–2,Brentford,31794.0,King Power Stadium,Jarred Gillett
Premier League,2022-2023,2022-08-07,14:00 (15:00),Manchester Utd,1–2,Brighton,73711.0,Old Trafford,Paul Tierney
Premier League,2022-2023,2022-08-07,16:30 (17:30),West Ham United,0–2,Manchester City,62443.0,London Stadium,Michael Oliver
Premier League,2022-2023,2022-08-13,12:30 (13:30),Aston Villa,2–1,Everton,41883.0,Villa Park,Michael Oliver
Premier League,2022-2023,2022-08-13,15:00 (16:00),Brighton,0–0,Newcastle United,31552.0,The American Express Community Stadium,Graham Scott
Premier League,2022-2023,2022-08-13,15:00 (16:00),Arsenal,4–2,Leicester City,60033.0,Emirates Stadium,Darren England
Premier League,2022-2023,2022-08-13,15:00 (16:00),Southampton,2–2,Leeds United,30815.0,St. Mary's Stadium,Tony Harrington
Premier League,2022-2023,2022-08-13,15:00 (16:00),Wolves,0–0,Fulham,31178.0,Molineux Stadium,John Brooks
Premier League,2022-2023,2022-08-13,15:00 (16:00),Manchester City,4–0,Bournemouth,53453.0,Etihad Stadium,David Coote
Premier League,2022-2023,2022-08-13,17:30 (18:30),Brentford,4–0,Manchester Utd,17051.0,Brentford Community Stadium,Stuart Attwell
Premier League,2022-2023,2022-08-14,14:00 (15:00),Nottingham Forest,1–0,West Ham United,29281.0,The City Ground,Robert Jones
Premier League,2022-2023,2022-08-14,16:30 (17:30),Chelsea,2–2,Tottenham Hotspur,39946.0,Stamford Bridge,Anthony Taylor
Premier League,2022-2023,2022-08-15,20:00 (21:00),Liverpool,1–1,Crystal Palace,52970.0,Anfield,Paul Tierney
Premier League,2022-2023,2022-08-20,12:30 (13:30),Tottenham Hotspur,1–0,Wolves,61298.0,Tottenham Hotspur Stadium,Simon Hooper
Premier League,2022-2023,2022-08-20,15:00 (16:00),Everton,1–1,Nottingham Forest,39271.0,Goodison Park,Andre Marriner
Premier League,2022-2023,2022-08-20,15:00 (16:00),Crystal Palace,3–1,Aston Villa,22012.0,Selhurst Park,Andy Madley
Premier League,2022-2023,2022-08-20,15:00 (16:00),Fulham,3–2,Brentford,21798.0,Craven Cottage,Peter Bankes
Premier League,2022-2023,2022-08-20,15:00 (16:00),Leicester City,1–2,Southampton,30850.0,King Power Stadium,Michael Salisbury
Premier League,2022-2023,2022-08-20,17:30 (18:30),Bournemouth,0–3,Arsenal,10423.0,Vitality Stadium,Craig Pawson
Premier League,2022-2023,2022-08-21,14:00 (15:00),West Ham United,0–2,Brighton,62449.0,London Stadium,Anthony Taylor
Premier League,2022-2023,2022-08-21,14:00 (15:00),Leeds United,3–0,Chelsea,36372.0,Elland Road,Stuart Attwell
Premier League,2022-2023,2022-08-21,16:30 (17:30),Newcastle United,3–3,Manchester City,52258.0,St James' Park,Jarred Gillett
Premier League,2022-2023,2022-08-22,20:00 (21:00),Manchester Utd,2–1,Liverpool,74147.0,Old Trafford,Michael Oliver
Premier League,2022-2023,2022-08-27,12:30 (13:30),Southampton,0–1,Manchester Utd,31196.0,St. Mary's Stadium,Andy Madley
Premier League,2022-2023,2022-08-27,15:00 (16:00),Brighton,1–0,Leeds United,30953.0,The American Express Community Stadium,Michael Salisbury
Premier League,2022-2023,2022-08-27,15:00 (16:00),Brentford,1–1,Everton,17009.0,Brentford Community Stadium,John Brooks
Premier League,2022-2023,2022-08-27,15:00 (16:00),Manchester City,4–2,Crystal Palace,53112.0,Etihad Stadium,Darren England
Premier League,2022-2023,2022-08-27,15:00 (16:00),Chelsea,2–1,Leicester City,39953.0,Stamford Bridge,Paul Tierney
Premier League,2022-2023,2022-08-27,15:00 (16:00),Liverpool,9–0,Bournemouth,53328.0,Anfield,Stuart Attwell
Premier League,2022-2023,2022-08-27,17:30 (18:30),Arsenal,2–1,Fulham,60164.0,Emirates Stadium,Jarred Gillett
Premier League,2022-2023,2022-08-28,14:00 (15:00),Wolves,1–1,Newcastle United,31311.0,Molineux Stadium,Peter Bankes
Premier League,2022-2023,2022-08-28,14:00 (15:00),Aston Villa,0–1,West Ham United,41796.0,Villa Park,David Coote
Premier League,2022-2023,2022-08-28,16:30 (17:30),Nottingham Forest,0–2,Tottenham Hotspur,29296.0,The City Ground,Craig Pawson
Premier League,2022-2023,2022-08-30,19:30 (20:30),Fulham,2–1,Brighton,22224.0,Craven Cottage,Thomas Bramall
Premier League,2022-2023,2022-08-30,19:30 (20:30),Crystal Palace,1–1,Brentford,25043.0,Selhurst Park,Simon Hooper
Premier League,2022-2023,2022-08-30,19:45 (20:45),Southampton,2–1,Chelsea,31542.0,St. Mary's Stadium,Michael Oliver
Premier League,2022-2023,2022-08-30,20:00 (21:00),Leeds United,1–1,Everton,36338.0,Elland Road,Darren England
Premier League,2022-2023,2022-08-31,19:30 (20:30),Bournemouth,0–0,Wolves,10113.0,Vitality Stadium,Anthony Taylor
Premier League,2022-2023,2022-08-31,19:30 (20:30),Manchester City,6–0,Nottingham Forest,53409.0,Etihad Stadium,Paul Tierney
Premier League,2022-2023,2022-08-31,19:30 (20:30),Arsenal,2–1,Aston Villa,60012.0,Emirates Stadium,Robert Jones
Premier League,2022-2023,2022-08-31,19:45 (20:45),West Ham United,1–1,Tottenham Hotspur,62450.0,London Stadium,Peter Bankes
Premier League,2022-2023,2022-08-31,20:00 (21:00),Liverpool,2–1,Newcastle United,53316.0,Anfield,Andre Marriner
Premier League,2022-2023,2022-09-01,20:00 (21:00),Leicester City,0–1,Manchester Utd,32226.0,King Power Stadium,Craig Pawson
Premier League,2022-2023,2022-09-03,12:30 (13:30),Everton,0–0,Liverpool,39240.0,Goodison Park,Anthony Taylor
Premier League,2022-2023,2022-09-03,15:00 (16:00),Tottenham Hotspur,2–1,Fulham,61641.0,Tottenham Hotspur Stadium,Stuart Attwell
Premier League,2022-2023,2022-09-03,15:00 (16:00),Nottingham Forest,2–3,Bournemouth,28720.0,The City Ground,Michael Oliver
Premier League,2022-2023,2022-09-03,15:00 (16:00),Wolves,1–0,Southampton,30546.0,Molineux Stadium,John Brooks
Premier League,2022-2023,2022-09-03,15:00 (16:00),Newcastle United,0–0,Crystal Palace,51863.0,St James' Park,Michael Salisbury
Premier League,2022-2023,2022-09-03,15:00 (16:00),Chelsea,2–1,West Ham United,39923.0,Stamford Bridge,Andy Madley
Premier League,2022-2023,2022-09-03,15:00 (16:00),Brentford,5–2,Leeds United,17092.0,Brentford Community Stadium,Robert Jones
Premier League,2022-2023,2022-09-03,17:30 (18:30),Aston Villa,1–1,Manchester City,41830.0,Villa Park,Simon Hooper
Premier League,2022-2023,2022-09-04,14:00 (15:00),Brighton,5–2,Leicester City,31185.0,The American Express Community Stadium,Tony Harrington
Premier League,2022-2023,2022-09-04,16:30 (17:30),Manchester Utd,3–1,Arsenal,73431.0,Old Trafford,Paul Tierney
Premier League,2022-2023,2022-09-16,20:00 (21:00),Nottingham Forest,2–3,Fulham,28654.0,The City Ground,Jarred Gillett
Premier League,2022-2023,2022-09-16,20:00 (21:00),Aston Villa,1–0,Southampton,40758.0,Villa Park,Tony Harrington
Premier League,2022-2023,2022-09-17,12:30 (13:30),Wolves,0–3,Manchester City,31578.0,Molineux Stadium,Anthony Taylor
Premier League,2022-2023,2022-09-17,15:00 (16:00),Newcastle United,1–1,Bournemouth,52238.0,St James' Park,Craig Pawson
Premier League,2022-2023,2022-09-17,17:30 (18:30),Tottenham Hotspur,6–2,Leicester City,61450.0,Tottenham Hotspur Stadium,Simon Hooper
Premier League,2022-2023,2022-09-18,12:00 (13:00),Brentford,0–3,Arsenal,17122.0,Brentford Community Stadium,David Coote
Premier League,2022-2023,2022-09-18,14:15 (15:15),Everton,1–0,West Ham United,39298.0,Goodison Park,Michael Oliver
Premier League,2022-2023,2022-10-01,12:30 (13:30),Arsenal,3–1,Tottenham Hotspur,60278.0,Emirates Stadium,Anthony Taylor
Premier League,2022-2023,2022-10-01,15:00 (16:00),Fulham,1–4,Newcastle United,22913.0,Craven Cottage,Darren England
Premier League,2022-2023,2022-10-01,15:00 (16:00),Liverpool,3–3,Brighton,53320.0,Anfield,Andy Madley
Premier League,2022-2023,2022-10-01,15:00 (16:00),Crystal Palace,1–2,Chelsea,25198.0,Selhurst Park,Chris Kavanagh
Premier League,2022-2023,2022-10-01,15:00 (16:00),Bournemouth,0–0,Brentford,10126.0,Vitality Stadium,Thomas Bramall
Premier League,2022-2023,2022-10-01,15:00 (16:00),Southampton,1–2,Everton,30510.0,St. Mary's Stadium,Andre Marriner
Premier League,2022-2023,2022-10-01,17:30 (18:30),West Ham United,2–0,Wolves,62444.0,London Stadium,Paul Tierney
Premier League,2022-2023,2022-10-02,14:00 (15:00),Manchester City,6–3,Manchester Utd,53475.0,Etihad Stadium,Michael Oliver
Premier League,2022-2023,2022-10-02,16:30 (17:30),Leeds United,0–0,Aston Villa,36582.0,Elland Road,Stuart Attwell
Premier League,2022-2023,2022-10-03,20:00 (21:00),Leicester City,4–0,Nottingham Forest,32202.0,King Power Stadium,Robert Jones
Premier League,2022-2023,2022-10-08,15:00 (16:00),Newcastle United,5–1,Brentford,52067.0,St James' Park,John Brooks
Premier League,2022-2023,2022-10-08,15:00 (16:00),Bournemouth,2–1,Leicester City,10272.0,Vitality Stadium,Michael Salisbury
Premier League,2022-2023,2022-10-08,15:00 (16:00),Chelsea,3–0,Wolves,39940.0,Stamford Bridge,Simon Hooper
Premier League,2022-2023,2022-10-08,15:00 (16:00),Manchester City,4–0,Southampton,53365.0,Etihad Stadium,Andy Madley
Premier League,2022-2023,2022-10-08,17:30 (18:30),Brighton,0–1,Tottenham Hotspur,31498.0,The American Express Community Stadium,Tony Harrington
Premier League,2022-2023,2022-10-09,14:00 (15:00),West Ham United,3–1,Fulham,62407.0,London Stadium,Chris Kavanagh
Premier League,2022-2023,2022-10-09,14:00 (15:00),Crystal Palace,2–1,Leeds United,25042.0,Selhurst Park,Paul Tierney
Premier League,2022-2023,2022-10-09,16:30 (17:30),Arsenal,3–2,Liverpool,60059.0,Emirates Stadium,Michael Oliver
Premier League,2022-2023,2022-10-09,19:00 (20:00),Everton,1–2,Manchester Utd,39258.0,Goodison Park,David Coote
Premier League,2022-2023,2022-10-10,20:00 (21:00),Nottingham Forest,1–1,Aston Villa,29208.0,The City Ground,Anthony Taylor
Premier League,2022-2023,2022-10-14,20:00 (21:00),Brentford,2–0,Brighton,17016.0,Brentford Community Stadium,Michael Salisbury
Premier League,2022-2023,2022-10-15,12:30 (13:30),Leicester City,0–0,Crystal Palace,31298.0,King Power Stadium,Andy Madley
Premier League,2022-2023,2022-10-15,15:00 (16:00),Fulham,2–2,Bournemouth,22541.0,Craven Cottage,Graham Scott
Premier League,2022-2023,2022-10-15,15:00 (16:00),Wolves,1–0,Nottingham Forest,31554.0,Molineux Stadium,Thomas Bramall
Premier League,2022-2023,2022-10-15,17:30 (18:30),Tottenham Hotspur,2–0,Everton,61812.0,Tottenham Hotspur Stadium,Paul Tierney
Premier League,2022-2023,2022-10-16,14:00 (15:00),Manchester Utd,0–0,Newcastle United,73726.0,Old Trafford,Craig Pawson
Premier League,2022-2023,2022-10-16,14:00 (15:00),Aston Villa,0–2,Chelsea,41754.0,Villa Park,Robert Jones
Premier League,2022-2023,2022-10-16,14:00 (15:00),Leeds United,0–1,Arsenal,36700.0,Elland Road,Chris Kavanagh
Premier League,2022-2023,2022-10-16,14:00 (15:00),Southampton,1–1,West Ham United,29159.0,St. Mary's Stadium,Peter Bankes
Premier League,2022-2023,2022-10-16,16:30 (17:30),Liverpool,1–0,Manchester City,53286.0,Anfield,Anthony Taylor
Premier League,2022-2023,2022-10-18,19:30 (20:30),Brighton,0–0,Nottingham Forest,31463.0,The American Express Community Stadium,Darren England
Premier League,2022-2023,2022-10-18,20:15 (21:15),Crystal Palace,2–1,Wolves,25125.0,Selhurst Park,David Coote
Premier League,2022-2023,2022-10-19,19:30 (20:30),Bournemouth,0–1,Southampton,10405.0,Vitality Stadium,John Brooks
Premier League,2022-2023,2022-10-19,19:30 (20:30),Newcastle United,1–0,Everton,52247.0,St James' Park,Tony Harrington
Premier League,2022-2023,2022-10-19,19:30 (20:30),Brentford,0–0,Chelsea,17118.0,Brentford Community Stadium,Jarred Gillett
Premier League,2022-2023,2022-10-19,19:30 (20:30),Liverpool,1–0,West Ham United,52982.0,Anfield,Stuart Attwell
Premier League,2022-2023,2022-10-19,20:15 (21:15),Manchester Utd,2–0,Tottenham Hotspur,73677.0,Old Trafford,Simon Hooper
Premier League,2022-2023,2022-10-20,19:30 (20:30),Fulham,3–0,Aston Villa,23508.0,Craven Cottage,Michael Oliver
Premier League,2022-2023,2022-10-20,20:15 (21:15),Leicester City,2–0,Leeds United,30814.0,King Power Stadium,Peter Bankes
Premier League,2022-2023,2022-10-22,12:30 (13:30),Nottingham Forest,1–0,Liverpool,29245.0,The City Ground,Paul Tierney
Premier League,2022-2023,2022-10-22,15:00 (16:00),Everton,3–0,Crystal Palace,38939.0,Goodison Park,Simon Hooper
Premier League,2022-2023,2022-10-22,15:00 (16:00),Manchester City,3–1,Brighton,53223.0,Etihad Stadium,Craig Pawson
Premier League,2022-2023,2022-10-22,17:30 (18:30),Chelsea,1–1,Manchester Utd,39503.0,Stamford Bridge,Stuart Attwell
Premier League,2022-2023,2022-10-23,14:00 (15:00),Wolves,0–4,Leicester City,31425.0,Molineux Stadium,Michael Oliver
Premier League,2022-2023,2022-10-23,14:00 (15:00),Aston Villa,4–0,Brentford,41693.0,Villa Park,Darren England
Premier League,2022-2023,2022-10-23,14:00 (15:00),Leeds United,2–3,Fulham,36447.0,Elland Road,Anthony Taylor
Premier League,2022-2023,2022-10-23,14:00 (15:00),Southampton,1–1,Arsenal,31145.0,St. Mary's Stadium,Robert Jones
Premier League,2022-2023,2022-10-23,16:30 (17:30),Tottenham Hotspur,1–2,Newcastle United,61726.0,Tottenham Hotspur Stadium,Jarred Gillett
Premier League,2022-2023,2022-10-24,20:00 (21:00),West Ham United,2–0,Bournemouth,62447.0,London Stadium,David Coote
Premier League,2022-2023,2022-10-29,12:30 (13:30),Leicester City,0–1,Manchester City,32223.0,King Power Stadium,Robert Jones
Premier League,2022-2023,2022-10-29,15:00 (16:00),Crystal Palace,1–0,Southampton,25130.0,Selhurst Park,Michael Salisbury
Premier League,2022-2023,2022-10-29,15:00 (16:00),Newcastle United,4–0,Aston Villa,52233.0,St James' Park,Paul Tierney
Premier League,2022-2023,2022-10-29,15:00 (16:00),Bournemouth,2–3,Tottenham Hotspur,10430.0,Vitality Stadium,Anthony Taylor
Premier League,2022-2023,2022-10-29,15:00 (16:00),Brighton,4–1,Chelsea,31746.0,The American Express Community Stadium,Andy Madley
Premier League,2022-2023,2022-10-29,15:00 (16:00),Brentford,1–1,Wolves,17051.0,Brentford Community Stadium,Robert Madley
Premier League,2022-2023,2022-10-29,17:30 (18:30),Fulham,0–0,Everton,23534.0,Craven Cottage,John Brooks
Premier League,2022-2023,2022-10-29,19:45 (20:45),Liverpool,1–2,Leeds United,53274.0,Anfield,Michael Oliver
Premier League,2022-2023,2022-10-30,14:00 (15:00),Arsenal,5–0,Nottingham Forest,60263.0,Emirates Stadium,Simon Hooper
Premier League,2022-2023,2022-10-30,16:15 (17:15),Manchester Utd,1–0,West Ham United,73682.0,Old Trafford,Chris Kavanagh
Premier League,2022-2023,2022-11-05,15:00 (16:00),Leeds United,4–3,Bournemouth,36304.0,Elland Road,Tony Harrington
Premier League,2022-2023,2022-11-05,15:00 (16:00),Wolves,2–3,Brighton,30732.0,Molineux Stadium,Graham Scott
Premier League,2022-2023,2022-11-05,15:00 (16:00),Manchester City,2–1,Fulham,52395.0,Etihad Stadium,Darren England
Premier League,2022-2023,2022-11-05,15:00 (16:00),Nottingham Forest,2–2,Brentford,28869.0,The City Ground,Andre Marriner
Premier League,2022-2023,2022-11-05,17:30 (18:30),Everton,0–2,Leicester City,39206.0,Goodison Park,David Coote
Premier League,2022-2023,2022-11-06,12:00 (13:00),Chelsea,0–1,Arsenal,40142.0,Stamford Bridge,Michael Oliver
Premier League,2022-2023,2022-11-06,14:00 (15:00),Southampton,1–4,Newcastle United,30402.0,St. Mary's Stadium,Stuart Attwell
Premier League,2022-2023,2022-11-06,14:00 (15:00),West Ham United,1–2,Crystal Palace,62451.0,London Stadium,Paul Tierney
Premier League,2022-2023,2022-11-06,14:00 (15:00),Aston Villa,3–1,Manchester Utd,42058.0,Villa Park,Anthony Taylor
Premier League,2022-2023,2022-11-06,16:30 (17:30),Tottenham Hotspur,1–2,Liverpool,62008.0,Tottenham Hotspur Stadium,Andy Madley
Premier League,2022-2023,2022-11-12,12:30 (13:30),Manchester City,1–2,Brentford,52786.0,Etihad Stadium,Peter Bankes
Premier League,2022-2023,2022-11-12,15:00 (16:00),Tottenham Hotspur,4–3,Leeds United,61667.0,Tottenham Hotspur Stadium,Michael Salisbury
Premier League,2022-2023,2022-11-12,15:00 (16:00),Nottingham Forest,1–0,Crystal Palace,29045.0,The City Ground,John Brooks
Premier League,2022-2023,2022-11-12,15:00 (16:00),West Ham United,0–2,Leicester City,62459.0,London Stadium,Jarred Gillett
Premier League,2022-2023,2022-11-12,15:00 (16:00),Liverpool,3–1,Southampton,53331.0,Anfield,Simon Hooper
Premier League,2022-2023,2022-11-12,15:00 (16:00),Bournemouth,3–0,Everton,10382.0,Vitality Stadium,Craig Pawson
Premier League,2022-2023,2022-11-12,17:30 (18:30),Newcastle United,1–0,Chelsea,52264.0,St James' Park,Robert Jones
Premier League,2022-2023,2022-11-12,19:45 (20:45),Wolves,0–2,Arsenal,34624.0,Molineux Stadium,Stuart Attwell
Premier League,2022-2023,2022-11-13,14:00 (15:00),Brighton,1–2,Aston Villa,31581.0,The American Express Community Stadium,Chris Kavanagh
Premier League,2022-2023,2022-11-13,16:30 (17:30),Fulham,1–2,Manchester Utd,24246.0,Craven Cottage,Paul Tierney
Premier League,2022-2023,2022-12-26,12:30 (13:30),Brentford,2–2,Tottenham Hotspur,17137.0,Brentford Community Stadium,David Coote
Premier League,2022-2023,2022-12-26,15:00 (16:00),Crystal Palace,0–3,Fulham,25176.0,Selhurst Park,Andy Madley
Premier League,2022-2023,2022-12-26,15:00 (16:00),Everton,1–2,Wolves,39252.0,Goodison Park,Craig Pawson
Premier League,2022-2023,2022-12-26,15:00 (16:00),Leicester City,0–3,Newcastle United,32185.0,King Power Stadium,Jarred Gillett
Premier League,2022-2023,2022-12-26,15:00 (16:00),Southampton,1–3,Brighton,31010.0,St. Mary's Stadium,Robert Jones
Premier League,2022-2023,2022-12-26,17:30 (18:30),Aston Villa,1–3,Liverpool,42085.0,Villa Park,Paul Tierney
Premier League,2022-2023,2022-12-26,20:00 (21:00),Arsenal,3–1,West Ham United,60125.0,Emirates Stadium,Michael Oliver
Premier League,2022-2023,2022-12-27,17:30 (18:30),Chelsea,2–0,Bournemouth,40046.0,Stamford Bridge,Simon Hooper
Premier League,2022-2023,2022-12-27,20:00 (21:00),Manchester Utd,3–0,Nottingham Forest,73608.0,Old Trafford,Anthony Taylor
Premier League,2022-2023,2022-12-28,20:00 (21:00),Leeds United,1–3,Manchester City,36889.0,Elland Road,Stuart Attwell
Premier League,2022-2023,2022-12-30,19:45 (20:45),West Ham United,0–2,Brentford,62467.0,London Stadium,Darren England
Premier League,2022-2023,2022-12-30,20:00 (21:00),Liverpool,2–1,Leicester City,53343.0,Anfield,Craig Pawson
Premier League,2022-2023,2022-12-31,12:30 (13:30),Wolves,0–1,Manchester Utd,31658.0,Molineux Stadium,Robert Jones
Premier League,2022-2023,2022-12-31,15:00 (16:00),Newcastle United,0–0,Leeds United,52211.0,St James' Park,Simon Hooper
Premier League,2022-2023,2022-12-31,15:00 (16:00),Fulham,2–1,Southampton,24344.0,Craven Cottage,Graham Scott
Premier League,2022-2023,2022-12-31,15:00 (16:00),Bournemouth,0–2,Crystal Palace,9972.0,Vitality Stadium,Andre Marriner
Premier League,2022-2023,2022-12-31,15:00 (16:00),Manchester City,1–1,Everton,53444.0,Etihad Stadium,Andy Madley
Premier League,2022-2023,2022-12-31,17:30 (18:30),Brighton,2–4,Arsenal,31647.0,The American Express Community Stadium,Anthony Taylor
Premier League,2022-2023,2023-01-01,14:00 (15:00),Tottenham Hotspur,0–2,Aston Villa,61651.0,Tottenham Hotspur Stadium,John Brooks
Premier League,2022-2023,2023-01-01,16:30 (17:30),Nottingham Forest,1–1,Chelsea,29229.0,The City Ground,Peter Bankes
Premier League,2022-2023,2023-01-02,17:30 (18:30),Brentford,3–1,Liverpool,17163.0,Brentford Community Stadium,Stuart Attwell
Premier League,2022-2023,2023-01-03,19:45 (20:45),Leicester City,0–1,Fulham,30813.0,King Power Stadium,Darren England
Premier League,2022-2023,2023-01-03,19:45 (20:45),Everton,1–4,Brighton,39103.0,Goodison Park,Andre Marriner
Premier League,2022-2023,2023-01-03,19:45 (20:45),Arsenal,0–0,Newcastle United,60319.0,Emirates Stadium,Andy Madley
Premier League,2022-2023,2023-01-03,20:00 (21:00),Manchester Utd,3–0,Bournemouth,73322.0,Old Trafford,Michael Salisbury
Premier League,2022-2023,2023-01-04,19:30 (20:30),Southampton,0–1,Nottingham Forest,30150.0,St. Mary's Stadium,Thomas Bramall
Premier League,2022-2023,2023-01-04,19:45 (20:45),Leeds United,2–2,West Ham United,36173.0,Elland Road,David Coote
Premier League,2022-2023,2023-01-04,20:00 (21:00),Crystal Palace,0–4,Tottenham Hotspur,25132.0,Selhurst Park,Michael Oliver
Premier League,2022-2023,2023-01-04,20:00 (21:00),Aston Villa,1–1,Wolves,39978.0,Villa Park,Jarred Gillett
Premier League,2022-2023,2023-01-05,20:00 (21:00),Chelsea,0–1,Manchester City,39998.0,Stamford Bridge,Paul Tierney
Premier League,2022-2023,2023-01-12,20:00 (21:00),Fulham,2–1,Chelsea,24460.0,Craven Cottage,David Coote
Premier League,2022-2023,2023-01-13,20:00 (21:00),Aston Villa,2–1,Leeds United,42008.0,Villa Park,Michael Oliver
Premier League,2022-2023,2023-01-14,12:30 (13:30),Manchester Utd,2–1,Manchester City,75546.0,Old Trafford,Stuart Attwell
Premier League,2022-2023,2023-01-14,15:00 (16:00),Nottingham Forest,2–0,Leicester City,29301.0,The City Ground,Paul Tierney
Premier League,2022-2023,2023-01-14,15:00 (16:00),Wolves,1–0,West Ham United,31511.0,Molineux Stadium,Simon Hooper
Premier League,2022-2023,2023-01-14,15:00 (16:00),Brighton,3–0,Liverpool,31645.0,The American Express Community Stadium,Darren England
Premier League,2022-2023,2023-01-14,15:00 (16:00),Everton,1–2,Southampton,39305.0,Goodison Park,John Brooks
Premier League,2022-2023,2023-01-14,17:30 (18:30),Brentford,2–0,Bournemouth,17031.0,Brentford Community Stadium,Jarred Gillett
Premier League,2022-2023,2023-01-15,14:00 (15:00),Newcastle United,1–0,Fulham,52247.0,St James' Park,Robert Jones
Premier League,2022-2023,2023-01-15,14:00 (15:00),Chelsea,1–0,Crystal Palace,40075.0,Stamford Bridge,Peter Bankes
Premier League,2022-2023,2023-01-15,16:30 (17:30),Tottenham Hotspur,0–2,Arsenal,61870.0,Tottenham Hotspur Stadium,Craig Pawson
Premier League,2022-2023,2023-01-18,20:00 (21:00),Crystal Palace,1–1,Manchester Utd,23343.0,Selhurst Park,Robert Jones
Premier League,2022-2023,2023-01-19,20:00 (21:00),Manchester City,4–2,Tottenham Hotspur,53088.0,Etihad Stadium,Simon Hooper
Premier League,2022-2023,2023-01-21,12:30 (13:30),Liverpool,0–0,Chelsea,53126.0,Anfield,Michael Oliver
Premier League,2022-2023,2023-01-21,15:00 (16:00),Southampton,0–1,Aston Villa,30158.0,St. Mary's Stadium,Michael Salisbury
Premier League,2022-2023,2023-01-21,15:00 (16:00),Bournemouth,1–1,Nottingham Forest,10248.0,Vitality Stadium,Andy Madley
Premier League,2022-2023,2023-01-21,15:00 (16:00),Leicester City,2–2,Brighton,32056.0,King Power Stadium,Thomas Bramall
Premier League,2022-2023,2023-01-21,15:00 (16:00),West Ham United,2–0,Everton,62470.0,London Stadium,Stuart Attwell
Premier League,2022-2023,2023-01-21,17:30 (18:30),Crystal Palace,0–0,Newcastle United,25350.0,Selhurst Park,Craig Pawson
Premier League,2022-2023,2023-01-22,14:00 (15:00),Leeds United,0–0,Brentford,36260.0,Elland Road,Peter Bankes
Premier League,2022-2023,2023-01-22,14:00 (15:00),Manchester City,3–0,Wolves,53282.0,Etihad Stadium,David Coote
Premier League,2022-2023,2023-01-22,16:30 (17:30),Arsenal,3–2,Manchester Utd,60325.0,Emirates Stadium,Anthony Taylor
Premier League,2022-2023,2023-01-23,20:00 (21:00),Fulham,0–1,Tottenham Hotspur,24190.0,Craven Cottage,Paul Tierney
Premier League,2022-2023,2023-02-03,20:00 (21:00),Chelsea,0–0,Fulham,40041.0,Stamford Bridge,Stuart Attwell
Premier League,2022-2023,2023-02-04,12:30 (13:30),Everton,1–0,Arsenal,39314.0,Goodison Park,David Coote
Premier League,2022-2023,2023-02-04,15:00 (16:00),Brentford,3–0,Southampton,17051.0,Brentford Community Stadium,Darren England
Premier League,2022-2023,2023-02-04,15:00 (16:00),Wolves,3–0,Liverpool,31664.0,Molineux Stadium,Paul Tierney
Premier League,2022-2023,2023-02-04,15:00 (16:00),Manchester Utd,2–1,Crystal Palace,73420.0,Old Trafford,Andre Marriner
Premier League,2022-2023,2023-02-04,15:00 (16:00),Aston Villa,2–4,Leicester City,42055.0,Villa Park,Darren England
Premier League,2022-2023,2023-02-04,15:00 (16:00),Brighton,1–0,Bournemouth,31600.0,The American Express Community Stadium,Craig Pawson
Premier League,2022-2023,2023-02-04,17:30 (18:30),Newcastle United,1–1,West Ham United,52256.0,St James' Park,Peter Bankes
Premier League,2022-2023,2023-02-05,14:00 (15:00),Nottingham Forest,1–0,Leeds United,29363.0,The City Ground,Robert Jones
Premier League,2022-2023,2023-02-05,16:30 (17:30),Tottenham Hotspur,1–0,Manchester City,61747.0,Tottenham Hotspur Stadium,Andy Madley
Premier League,2022-2023,2023-02-08,20:00 (21:00),Manchester Utd,2–2,Leeds United,73456.0,Old Trafford,Simon Hooper
Premier League,2022-2023,2023-02-11,12:30 (13:30),West Ham United,1–1,Chelsea,62471.0,London Stadium,Craig Pawson
Premier League,2022-2023,2023-02-11,15:00 (16:00),Arsenal,1–1,Brentford,60254.0,Emirates Stadium,Peter Bankes
Premier League,2022-2023,2023-02-11,15:00 (16:00),Leicester City,4–1,Tottenham Hotspur,32184.0,King Power Stadium,Michael Salisbury
Premier League,2022-2023,2023-02-11,15:00 (16:00),Fulham,2–0,Nottingham Forest,24244.0,Craven Cottage,Andy Madley
Premier League,2022-2023,2023-02-11,15:00 (16:00),Crystal Palace,1–1,Brighton,24827.0,Selhurst Park,Michael Oliver
Premier League,2022-2023,2023-02-11,15:00 (16:00),Southampton,1–2,Wolves,29751.0,St. Mary's Stadium,Jarred Gillett
Premier League,2022-2023,2023-02-11,17:30 (18:30),Bournemouth,1–1,Newcastle United,10419.0,Vitality Stadium,Stuart Attwell
Premier League,2022-2023,2023-02-12,14:00 (15:00),Leeds United,0–2,Manchester Utd,36919.0,Elland Road,Paul Tierney
Premier League,2022-2023,2023-02-12,16:30 (17:30),Manchester City,3–1,Aston Villa,53392.0,Etihad Stadium,Robert Jones
Premier League,2022-2023,2023-02-13,20:00 (21:00),Liverpool,2–0,Everton,53027.0,Anfield,Simon Hooper
Premier League,2022-2023,2023-02-15,19:30 (20:30),Arsenal,1–3,Manchester City,60276.0,Emirates Stadium,Anthony Taylor
Premier League,2022-2023,2023-02-18,12:30 (13:30),Aston Villa,2–4,Arsenal,42066.0,Villa Park,Simon Hooper
Premier League,2022-2023,2023-02-18,15:00 (16:00),Brighton,0–1,Fulham,31619.0,The American Express Community Stadium,Darren England
Premier League,2022-2023,2023-02-18,15:00 (16:00),Brentford,1–1,Crystal Palace,17122.0,Brentford Community Stadium,Paul Tierney
Premier League,2022-2023,2023-02-18,15:00 (16:00),Everton,1–0,Leeds United,39232.0,Goodison Park,Andy Madley
Premier League,2022-2023,2023-02-18,15:00 (16:00),Chelsea,0–1,Southampton,40152.0,Stamford Bridge,David Coote
Premier League,2022-2023,2023-02-18,15:00 (16:00),Wolves,0–1,Bournemouth,31222.0,Molineux Stadium,Michael Salisbury
Premier League,2022-2023,2023-02-18,15:00 (16:00),Nottingham Forest,1–1,Manchester City,29365.0,The City Ground,Graham Scott
Premier League,2022-2023,2023-02-18,17:30 (18:30),Newcastle United,0–2,Liverpool,52758.0,St James' Park,Anthony Taylor
Premier League,2022-2023,2023-02-19,14:00 (15:00),Manchester Utd,3–0,Leicester City,73578.0,Old Trafford,Stuart Attwell
Premier League,2022-2023,2023-02-19,16:30 (17:30),Tottenham Hotspur,2–0,West Ham United,61476.0,Tottenham Hotspur Stadium,Michael Oliver
Premier League,2022-2023,2023-02-24,20:00 (21:00),Fulham,1–1,Wolves,24399.0,Craven Cottage,Michael Oliver
Premier League,2022-2023,2023-02-25,15:00 (16:00),Leicester City,0–1,Arsenal,32227.0,King Power Stadium,Craig Pawson
Premier League,2022-2023,2023-02-25,15:00 (16:00),Everton,0–2,Aston Villa,39309.0,Goodison Park,Anthony Taylor
Premier League,2022-2023,2023-02-25,15:00 (16:00),Leeds United,1–0,Southampton,36641.0,Elland Road,Peter Bankes
Premier League,2022-2023,2023-02-25,15:00 (16:00),West Ham United,4–0,Nottingham Forest,62469.0,London Stadium,Jarred Gillett
Premier League,2022-2023,2023-02-25,17:30 (18:30),Bournemouth,1–4,Manchester City,10481.0,Vitality Stadium,Paul Tierney
Premier League,2022-2023,2023-02-25,19:45 (20:45),Crystal Palace,0–0,Liverpool,25842.0,Selhurst Park,Darren England
Premier League,2022-2023,2023-02-26,13:30 (14:30),Tottenham Hotspur,2–0,Chelsea,61613.0,Tottenham Hotspur Stadium,Stuart Attwell
Premier League,2022-2023,2023-03-01,19:45 (20:45),Arsenal,4–0,Everton,60213.0,Emirates Stadium,Michael Oliver
Premier League,2022-2023,2023-03-01,20:00 (21:00),Liverpool,2–0,Wolves,53259.0,Anfield,Paul Tierney
Premier League,2022-2023,2023-03-04,12:30 (13:30),Manchester City,2–0,Newcastle United,53419.0,Etihad Stadium,Simon Hooper
Premier League,2022-2023,2023-03-04,15:00 (16:00),Chelsea,1–0,Leeds United,39905.0,Stamford Bridge,Michael Oliver
Premier League,2022-2023,2023-03-04,15:00 (16:00),Aston Villa,1–0,Crystal Palace,41893.0,Villa Park,Craig Pawson
Premier League,2022-2023,2023-03-04,15:00 (16:00),Wolves,1–0,Tottenham Hotspur,31585.0,Molineux Stadium,Tim Robinson
Premier League,2022-2023,2023-03-04,15:00 (16:00),Brighton,4–0,West Ham United,31523.0,The American Express Community Stadium,Stuart Attwell
Premier League,2022-2023,2023-03-04,15:00 (16:00),Arsenal,3–2,Bournemouth,60222.0,Emirates Stadium,Chris Kavanagh
Premier League,2022-2023,2023-03-04,17:30 (18:30),Southampton,1–0,Leicester City,30139.0,St. Mary's Stadium,Robert Jones
Premier League,2022-2023,2023-03-05,14:00 (15:00),Nottingham Forest,2–2,Everton,29353.0,The City Ground,John Brooks
Premier League,2022-2023,2023-03-05,16:30 (17:30),Liverpool,7–0,Manchester Utd,53001.0,Anfield,Andy Madley
Premier League,2022-2023,2023-03-06,20:00 (21:00),Brentford,3–2,Fulham,17025.0,Brentford Community Stadium,Anthony Taylor
Premier League,2022-2023,2023-03-11,12:30 (13:30),Bournemouth,1–0,Liverpool,10536.0,Vitality Stadium,John Brooks
Premier League,2022-2023,2023-03-11,15:00 (16:00),Tottenham Hotspur,3–1,Nottingham Forest,61460.0,Tottenham Hotspur Stadium,Craig Pawson
Premier League,2022-2023,2023-03-11,15:00 (16:00),Everton,1–0,Brentford,39274.0,Goodison Park,Simon Hooper
Premier League,2022-2023,2023-03-11,15:00 (16:00),Leicester City,1–3,Chelsea,32170.0,King Power Stadium,Andre Marriner
Premier League,2022-2023,2023-03-11,15:00 (16:00),Leeds United,2–2,Brighton,36471.0,Elland Road,Paul Tierney
Premier League,2022-2023,2023-03-11,17:30 (18:30),Crystal Palace,0–1,Manchester City,25844.0,Selhurst Park,Robert Jones
Premier League,2022-2023,2023-03-12,14:00 (15:00),Fulham,0–3,Arsenal,24426.0,Craven Cottage,David Coote
Premier League,2022-2023,2023-03-12,14:00 (15:00),West Ham United,1–1,Aston Villa,62472.0,London Stadium,Chris Kavanagh
Premier League,2022-2023,2023-03-12,14:00 (15:00),Manchester Utd,0–0,Southampton,73439.0,Old Trafford,Anthony Taylor
Premier League,2022-2023,2023-03-12,16:30 (17:30),Newcastle United,2–1,Wolves,52240.0,St James' Park,Andy Madley
Premier League,2022-2023,2023-03-15,19:30 (20:30),Southampton,0–2,Brentford,30438.0,St. Mary's Stadium,Michael Salisbury
Premier League,2022-2023,2023-03-15,19:30 (20:30),Brighton,1–0,Crystal Palace,30933.0,The American Express Community Stadium,Peter Bankes
Premier League,2022-2023,2023-03-17,20:00 (21:00),Nottingham Forest,1–2,Newcastle United,29362.0,The City Ground,Paul Tierney
Premier League,2022-2023,2023-03-18,15:00 (16:00),Wolves,2–4,Leeds United,31570.0,Molineux Stadium,Michael Salisbury
Premier League,2022-2023,2023-03-18,15:00 (16:00),Brentford,1–1,Leicester City,17006.0,Brentford Community Stadium,Darren England
Premier League,2022-2023,2023-03-18,15:00 (16:00),Aston Villa,3–0,Bournemouth,41021.0,Villa Park,Robert Jones
Premier League,2022-2023,2023-03-18,15:00 (16:00),Southampton,3–3,Tottenham Hotspur,30157.0,St. Mary's Stadium,Simon Hooper
Premier League,2022-2023,2023-03-18,17:30 (18:30),Chelsea,2–2,Everton,40025.0,Stamford Bridge,Darren England
Premier League,2022-2023,2023-03-19,14:00 (15:00),Arsenal,4–1,Crystal Palace,60247.0,Emirates Stadium,Stuart Attwell
Premier League,2022-2023,2023-04-01,12:30 (13:30),Manchester City,4–1,Liverpool,52877.0,Etihad Stadium,Simon Hooper
Premier League,2022-2023,2023-04-01,15:00 (16:00),Arsenal,4–1,Leeds United,60283.0,Emirates Stadium,Darren England
Premier League,2022-2023,2023-04-01,15:00 (16:00),Bournemouth,2–1,Fulham,10305.0,Vitality Stadium,Peter Bankes
Premier League,2022-2023,2023-04-01,15:00 (16:00),Crystal Palace,2–1,Leicester City,25147.0,Selhurst Park,Tim Robinson
Premier League,2022-2023,2023-04-01,15:00 (16:00),Brighton,3–3,Brentford,31493.0,The American Express Community Stadium,Michael Oliver
Premier League,2022-2023,2023-04-01,15:00 (16:00),Nottingham Forest,1–1,Wolves,29368.0,The City Ground,Chris Kavanagh
Premier League,2022-2023,2023-04-01,17:30 (18:30),Chelsea,0–2,Aston Villa,40082.0,Stamford Bridge,Andy Madley
Premier League,2022-2023,2023-04-02,14:00 (15:00),West Ham United,1–0,Southampton,62498.0,London Stadium,Paul Tierney
Premier League,2022-2023,2023-04-02,16:30 (17:30),Newcastle United,2–0,Manchester Utd,52268.0,St James' Park,Stuart Attwell
Premier League,2022-2023,2023-04-03,20:00 (21:00),Everton,1–1,Tottenham Hotspur,39294.0,Goodison Park,David Coote
Premier League,2022-2023,2023-04-04,19:45 (20:45),Leeds United,2–1,Nottingham Forest,36740.0,Elland Road,Robert Jones
Premier League,2022-2023,2023-04-04,19:45 (20:45),Leicester City,1–2,Aston Villa,32087.0,King Power Stadium,Graham Scott
Premier League,2022-2023,2023-04-04,19:45 (20:45),Bournemouth,0–2,Brighton,10266.0,Vitality Stadium,Darren England
Premier League,2022-2023,2023-04-04,20:00 (21:00),Chelsea,0–0,Liverpool,40093.0,Stamford Bridge,Anthony Taylor
Premier League,2022-2023,2023-04-05,20:00 (21:00),West Ham United,1–5,Newcastle United,62481.0,London Stadium,Craig Pawson
Premier League,2022-2023,2023-04-05,20:00 (21:00),Manchester Utd,1–0,Brentford,73309.0,Old Trafford,John Brooks
Premier League,2022-2023,2023-04-08,12:30 (13:30),Manchester Utd,2–0,Everton,73509.0,Old Trafford,Michael Oliver
Premier League,2022-2023,2023-04-08,15:00 (16:00),Fulham,0–1,West Ham United,24491.0,Craven Cottage,Jarred Gillett
Premier League,2022-2023,2023-04-08,15:00 (16:00),Wolves,1–0,Chelsea,31614.0,Molineux Stadium,Peter Bankes
Premier League,2022-2023,2023-04-08,15:00 (16:00),Tottenham Hotspur,2–1,Brighton,61405.0,Tottenham Hotspur Stadium,Stuart Attwell
Premier League,2022-2023,2023-04-08,15:00 (16:00),Leicester City,0–1,Bournemouth,32094.0,King Power Stadium,David Coote
Premier League,2022-2023,2023-04-08,15:00 (16:00),Brentford,1–2,Newcastle United,17107.0,Brentford Community Stadium,Chris Kavanagh
Premier League,2022-2023,2023-04-08,15:00 (16:00),Aston Villa,2–0,Nottingham Forest,42076.0,Villa Park,Anthony Taylor
Premier League,2022-2023,2023-04-08,17:30 (18:30),Southampton,1–4,Manchester City,30963.0,St. Mary's Stadium,Robert Jones
Premier League,2022-2023,2023-04-09,14:00 (15:00),Leeds United,1–5,Crystal Palace,36427.0,Elland Road,Simon Hooper
Premier League,2022-2023,2023-04-09,16:30 (17:30),Liverpool,2–2,Arsenal,53267.0,Anfield,Paul Tierney
Premier League,2022-2023,2023-04-15,12:30 (13:30),Aston Villa,3–0,Newcastle United,42055.0,Villa Park,John Brooks
Premier League,2022-2023,2023-04-15,15:00 (16:00),Southampton,0–2,Crystal Palace,30309.0,St. Mary's Stadium,Michael Oliver
Premier League,2022-2023,2023-04-15,15:00 (16:00),Everton,1–3,Fulham,39241.0,Goodison Park,Anthony Taylor
Premier League,2022-2023,2023-04-15,15:00 (16:00),Tottenham Hotspur,2–3,Bournemouth,61369.0,Tottenham Hotspur Stadium,Andy Madley
Premier League,2022-2023,2023-04-15,15:00 (16:00),Chelsea,1–2,Brighton,40126.0,Stamford Bridge,Robert Jones
Premier League,2022-2023,2023-04-15,15:00 (16:00),Wolves,2–0,Brentford,30769.0,Molineux Stadium,Paul Tierney
Premier League,2022-2023,2023-04-15,17:30 (18:30),Manchester City,3–1,Leicester City,53329.0,Etihad Stadium,Darren England
Premier League,2022-2023,2023-04-16,14:00 (15:00),West Ham United,2–2,Arsenal,62481.0,London Stadium,David Coote
Premier League,2022-2023,2023-04-16,16:30 (17:30),Nottingham Forest,0–2,Manchester Utd,29435.0,The City Ground,Simon Hooper
Premier League,2022-2023,2023-04-17,20:00 (21:00),Leeds United,1–6,Liverpool,36657.0,Elland Road,Craig Pawson
Premier League,2022-2023,2023-04-21,20:00 (21:00),Arsenal,3–3,Southampton,60175.0,Emirates Stadium,Simon Hooper
Premier League,2022-2023,2023-04-22,12:30 (13:30),Fulham,2–1,Leeds United,24356.0,Craven Cottage,Peter Bankes
Premier League,2022-2023,2023-04-22,15:00 (16:00),Brentford,1–1,Aston Villa,17098.0,Brentford Community Stadium,Michael Salisbury
Premier League,2022-2023,2023-04-22,15:00 (16:00),Crystal Palace,0–0,Everton,25202.0,Selhurst Park,John Brooks
Premier League,2022-2023,2023-04-22,15:00 (16:00),Liverpool,3–2,Nottingham Forest,53254.0,Anfield,Michael Oliver
Premier League,2022-2023,2023-04-22,15:00 (16:00),Leicester City,2–1,Wolves,32053.0,King Power Stadium,Andy Madley
Premier League,2022-2023,2023-04-23,14:00 (15:00),Bournemouth,0–4,West Ham United,10465.0,Vitality Stadium,Anthony Taylor
Premier League,2022-2023,2023-04-23,14:00 (15:00),Newcastle United,6–1,Tottenham Hotspur,52252.0,St James' Park,David Coote
Premier League,2022-2023,2023-04-25,19:30 (20:30),Wolves,2–0,Crystal Palace,30294.0,Molineux Stadium,Robert Jones
Premier League,2022-2023,2023-04-25,19:45 (20:45),Aston Villa,1–0,Fulham,41046.0,Villa Park,Thomas Bramall
Premier League,2022-2023,2023-04-25,20:00 (21:00),Leeds United,1–1,Leicester City,36666.0,Elland Road,Paul Tierney
Premier League,2022-2023,2023-04-26,19:30 (20:30),Nottingham Forest,3–1,Brighton,28808.0,The City Ground,Jarred Gillett
Premier League,2022-2023,2023-04-26,19:45 (20:45),Chelsea,0–2,Brentford,39929.0,Stamford Bridge,Andy Madley
Premier League,2022-2023,2023-04-26,19:45 (20:45),West Ham United,1–2,Liverpool,62473.0,London Stadium,Chris Kavanagh
Premier League,2022-2023,2023-04-26,20:00 (21:00),Manchester City,4–1,Arsenal,53482.0,Etihad Stadium,Michael Oliver
Premier League,2022-2023,2023-04-27,19:45 (20:45),Southampton,0–1,Bournemouth,30414.0,St. Mary's Stadium,Darren England
Premier League,2022-2023,2023-04-27,19:45 (20:45),Everton,1–4,Newcastle United,39248.0,Goodison Park,Andre Marriner
Premier League,2022-2023,2023-04-27,20:15 (21:15),Tottenham Hotspur,2–2,Manchester Utd,61586.0,Tottenham Hotspur Stadium,Anthony Taylor
Premier League,2022-2023,2023-04-29,12:30 (13:30),Crystal Palace,4–3,West Ham United,25148.0,Selhurst Park,Craig Pawson
Premier League,2022-2023,2023-04-29,15:00 (16:00),Brentford,2–1,Nottingham Forest,17080.0,Brentford Community Stadium,Peter Bankes
Premier League,2022-2023,2023-04-29,15:00 (16:00),Brighton,6–0,Wolves,31584.0,The American Express Community Stadium,David Coote
Premier League,2022-2023,2023-04-30,14:00 (15:00),Fulham,1–2,Manchester City,24498.0,Craven Cottage,Simon Hooper
Premier League,2022-2023,2023-04-30,14:00 (15:00),Manchester Utd,1–0,Aston Villa,73592.0,Old Trafford,Jarred Gillett
Premier League,2022-2023,2023-04-30,14:00 (15:00),Newcastle United,3–1,Southampton,52234.0,St James' Park,Anthony Taylor
Premier League,2022-2023,2023-04-30,14:00 (15:00),Bournemouth,4–1,Leeds United,10434.0,Vitality Stadium,Chris Kavanagh
Premier League,2022-2023,2023-04-30,16:30 (17:30),Liverpool,4–3,Tottenham Hotspur,53275.0,Anfield,Paul Tierney
Premier League,2022-2023,2023-05-01,20:00 (21:00),Leicester City,2–2,Everton,32173.0,King Power Stadium,Michael Oliver
Premier League,2022-2023,2023-05-02,20:00 (21:00),Arsenal,3–1,Chelsea,60144.0,Emirates Stadium,Robert Jones
Premier League,2022-2023,2023-05-03,20:00 (21:00),Liverpool,1–0,Fulham,52602.0,Anfield,Stuart Attwell
Premier League,2022-2023,2023-05-03,20:00 (21:00),Manchester City,3–0,West Ham United,53305.0,Etihad Stadium,John Brooks
Premier League,2022-2023,2023-05-04,20:00 (21:00),Brighton,1–0,Manchester Utd,31577.0,The American Express Community Stadium,Andre Marriner
Premier League,2022-2023,2023-05-06,15:00 (16:00),Tottenham Hotspur,1–0,Crystal Palace,61093.0,Tottenham Hotspur Stadium,Darren England
Premier League,2022-2023,2023-05-06,15:00 (16:00),Manchester City,2–1,Leeds United,53406.0,Etihad Stadium,Andy Madley
Premier League,2022-2023,2023-05-06,15:00 (16:00),Bournemouth,1–3,Chelsea,10357.0,Vitality Stadium,John Brooks
Premier League,2022-2023,2023-05-06,15:00 (16:00),Wolves,1–0,Aston Villa,31641.0,Molineux Stadium,Stuart Attwell
Premier League,2022-2023,2023-05-06,17:30 (18:30),Liverpool,1–0,Brentford,52838.0,Anfield,Anthony Taylor
Premier League,2022-2023,2023-05-07,16:30 (17:30),Newcastle United,0–2,Arsenal,50267.0,St James' Park,Chris Kavanagh
Premier League,2022-2023,2023-05-07,19:00 (20:00),West Ham United,1–0,Manchester Utd,62477.0,London Stadium,Peter Bankes
Premier League,2022-2023,2023-05-08,15:00 (16:00),Fulham,5–3,Leicester City,24442.0,Craven Cottage,Robert Jones
Premier League,2022-2023,2023-05-08,17:30 (18:30),Brighton,1–5,Everton,31567.0,The American Express Community Stadium,Simon Hooper
Premier League,2022-2023,2023-05-08,20:00 (21:00),Nottingham Forest,4–3,Southampton,29154.0,The City Ground,Michael Oliver
Premier League,2022-2023,2023-05-13,12:30 (13:30),Leeds United,2–2,Newcastle United,36955.0,Elland Road,Simon Hooper
Premier League,2022-2023,2023-05-13,15:00 (16:00),Chelsea,2–2,Nottingham Forest,40030.0,Stamford Bridge,Paul Tierney
Premier League,2022-2023,2023-05-13,15:00 (16:00),Manchester Utd,2–0,Wolves,73570.0,Old Trafford,John Brooks
Premier League,2022-2023,2023-05-13,15:00 (16:00),Aston Villa,2–1,Tottenham Hotspur,42164.0,Villa Park,Peter Bankes
Premier League,2022-2023,2023-05-13,15:00 (16:00),Crystal Palace,2–0,Bournemouth,25034.0,Selhurst Park,Michael Salisbury
Premier League,2022-2023,2023-05-13,15:00 (16:00),Southampton,0–2,Fulham,28978.0,St. Mary's Stadium,Thomas Bramall
Premier League,2022-2023,2023-05-14,14:00 (15:00),Brentford,2–0,West Ham United,17075.0,Brentford Community Stadium,Michael Oliver
Premier League,2022-2023,2023-05-14,14:00 (15:00),Everton,0–3,Manchester City,39376.0,Goodison Park,Anthony Taylor
Premier League,2022-2023,2023-05-14,16:30 (17:30),Arsenal,0–3,Brighton,60139.0,Emirates Stadium,Andy Madley
Premier League,2022-2023,2023-05-15,20:00 (21:00),Leicester City,0–3,Liverpool,32225.0,King Power Stadium,Craig Pawson
Premier League,2022-2023,2023-05-18,19:30 (20:30),Newcastle United,4–1,Brighton,52122.0,St James' Park,Robert Jones
Premier League,2022-2023,2023-05-20,12:30 (13:30),Tottenham Hotspur,1–3,Brentford,61514.0,Tottenham Hotspur Stadium,Jarred Gillett
Premier League,2022-2023,2023-05-20,15:00 (16:00),Wolves,1–1,Everton,31684.0,Molineux Stadium,David Coote
Premier League,2022-2023,2023-05-20,15:00 (16:00),Liverpool,1–1,Aston Villa,53306.0,Anfield,John Brooks
Premier League,2022-2023,2023-05-20,15:00 (16:00),Bournemouth,0–1,Manchester Utd,10240.0,Vitality Stadium,Chris Kavanagh
Premier League,2022-2023,2023-05-20,15:00 (16:00),Fulham,2–2,Crystal Palace,24356.0,Craven Cottage,Josh Smith
Premier League,2022-2023,2023-05-20,17:30 (18:30),Nottingham Forest,1–0,Arsenal,29514.0,The City Ground,Anthony Taylor
Premier League,2022-2023,2023-05-21,13:30 (14:30),West Ham United,3–1,Leeds United,62478.0,London Stadium,Peter Bankes
Premier League,2022-2023,2023-05-21,14:00 (15:00),Brighton,3–1,Southampton,31507.0,The American Express Community Stadium,Paul Tierney
Premier League,2022-2023,2023-05-21,16:00 (17:00),Manchester City,1–0,Chelsea,53490.0,Etihad Stadium,Michael Oliver
Premier League,2022-2023,2023-05-22,20:00 (21:00),Newcastle United,0–0,Leicester City,52152.0,St James' Park,Andre Marriner
Premier League,2022-2023,2023-05-24,20:00 (21:00),Brighton,1–1,Manchester City,31388.0,The American Express Community Stadium,Simon Hooper
Premier League,2022-2023,2023-05-25,20:00 (21:00),Manchester Utd,4–1,Chelsea,73561.0,Old Trafford,Stuart Attwell
Premier League,2022-2023,2023-05-28,16:30 (17:30),Brentford,1–0,Manchester City,17120.0,Brentford Community Stadium,John Brooks
Premier League,2022-2023,2023-05-28,16:30 (17:30),Everton,1–0,Bournemouth,39201.0,Goodison Park,Stuart Attwell
Premier League,2022-2023,2023-05-28,16:30 (17:30),Crystal Palace,1–1,Nottingham Forest,25198.0,Selhurst Park,Thomas Bramall
Premier League,2022-2023,2023-05-28,16:30 (17:30),Southampton,4–4,Liverpool,31129.0,St. Mary's Stadium,Darren England
Premier League,2022-2023,2023-05-28,16:30 (17:30),Leicester City,2–1,West Ham United,32183.0,King Power Stadium,Simon Hooper
Premier League,2022-2023,2023-05-28,16:30 (17:30),Aston Villa,2–1,Brighton,,Villa Park,David Coote
Premier League,2022-2023,2023-05-28,16:30 (17:30),Leeds United,1–4,Tottenham Hotspur,36871.0,Elland Road,Anthony Taylor
Premier League,2022-2023,2023-05-28,16:30 (17:30),Arsenal,5–0,Wolves,60095.0,Emirates Stadium,Andre Marriner
Premier League,2022-2023,2023-05-28,16:30 (17:30),Manchester Utd,2–1,Fulham,73465.0,Old Trafford,Robert Jones
Premier League,2022-2023,2023-05-28,16:30 (17:30),Chelsea,1–1,Newcastle United,40130.0,Stamford Bridge,Jarred Gillett
Premier League,2021-2022,2021-08-13,20:00 (21:00),Brentford,2–0,Arsenal,16479.0,Brentford Community Stadium,Michael Oliver
Premier League,2021-2022,2021-08-14,12:30 (13:30),Manchester Utd,5–1,Leeds United,72732.0,Old Trafford,Paul Tierney
Premier League,2021-2022,2021-08-14,15:00 (16:00),Everton,3–1,Southampton,38487.0,Goodison Park,Andy Madley
Premier League,2021-2022,2021-08-14,15:00 (16:00),Leicester City,1–0,Wolves,31983.0,King Power Stadium,Craig Pawson
Premier League,2021-2022,2021-08-14,15:00 (16:00),Chelsea,3–0,Crystal Palace,38965.0,Stamford Bridge,Jonathan Moss
Premier League,2021-2022,2021-08-14,15:00 (16:00),Burnley,1–2,Brighton,16910.0,Turf Moor,David Coote
Premier League,2021-2022,2021-08-14,15:00 (16:00),Watford,3–2,Aston Villa,20051.0,Vicarage Road Stadium,Mike Dean
Premier League,2021-2022,2021-08-14,17:30 (18:30),Norwich City,0–3,Liverpool,27023.0,Carrow Road,Andre Marriner
Premier League,2021-2022,2021-08-15,14:00 (15:00),Newcastle United,2–4,West Ham United,50673.0,St. James' Park,Martin Atkinson
Premier League,2021-2022,2021-08-15,16:30 (17:30),Tottenham Hotspur,1–0,Manchester City,58262.0,Tottenham Hotspur Stadium,Anthony Taylor
Premier League,2021-2022,2021-08-21,12:30 (13:30),Liverpool,2–0,Burnley,52591.0,Anfield,Mike Dean
Premier League,2021-2022,2021-08-21,15:00 (16:00),Leeds United,2–2,Everton,36293.0,Elland Road,Darren England
Premier League,2021-2022,2021-08-21,15:00 (16:00),Crystal Palace,0–0,Brentford,23091.0,Selhurst Park,Martin Atkinson
Premier League,2021-2022,2021-08-21,15:00 (16:00),Manchester City,5–0,Norwich City,51437.0,Etihad Stadium,Graham Scott
Premier League,2021-2022,2021-08-21,15:00 (16:00),Aston Villa,2–0,Newcastle United,41964.0,Villa Park,David Coote
Premier League,2021-2022,2021-08-21,17:30 (18:30),Brighton,2–0,Watford,29485.0,The American Express Community Stadium,Anthony Taylor
Premier League,2021-2022,2021-08-22,14:00 (15:00),Wolves,0–1,Tottenham Hotspur,30368.0,Molineux Stadium,Stuart Attwell
Premier League,2021-2022,2021-08-22,14:00 (15:00),Southampton,1–1,Manchester Utd,32000.0,St. Mary's Stadium,Craig Pawson
Premier League,2021-2022,2021-08-22,16:30 (17:30),Arsenal,0–2,Chelsea,58729.0,Emirates Stadium,Paul Tierney
Premier League,2021-2022,2021-08-23,20:00 (21:00),West Ham United,4–1,Leicester City,59901.0,London Stadium,Michael Oliver
Premier League,2021-2022,2021-08-28,12:30 (13:30),Manchester City,5–0,Arsenal,52276.0,Etihad Stadium,Martin Atkinson
Premier League,2021-2022,2021-08-28,15:00 (16:00),West Ham United,2–2,Crystal Palace,59751.0,London Stadium,Stuart Attwell
Premier League,2021-2022,2021-08-28,15:00 (16:00),Norwich City,1–2,Leicester City,26765.0,Carrow Road,Robert Jones
Premier League,2021-2022,2021-08-28,15:00 (16:00),Aston Villa,1–1,Brentford,42045.0,Villa Park,Peter Bankes
Premier League,2021-2022,2021-08-28,15:00 (16:00),Newcastle United,2–2,Southampton,44017.0,St. James' Park,Paul Tierney
Premier League,2021-2022,2021-08-28,15:00 (16:00),Brighton,0–2,Everton,30548.0,The American Express Community Stadium,Jonathan Moss
Premier League,2021-2022,2021-08-28,17:30 (18:30),Liverpool,1–1,Chelsea,54000.0,Anfield,Anthony Taylor
Premier League,2021-2022,2021-08-29,14:00 (15:00),Burnley,1–1,Leeds United,20000.0,Turf Moor,Michael Oliver
Premier League,2021-2022,2021-08-29,14:00 (15:00),Tottenham Hotspur,1–0,Watford,57672.0,Tottenham Hotspur Stadium,Andre Marriner
Premier League,2021-2022,2021-08-29,16:30 (17:30),Wolves,0–1,Manchester Utd,30621.0,Molineux Stadium,Mike Dean
Premier League,2021-2022,2021-09-11,12:30 (13:30),Crystal Palace,3–0,Tottenham Hotspur,26000.0,Selhurst Park,Jonathan Moss
Premier League,2021-2022,2021-09-11,15:00 (16:00),Leicester City,0–1,Manchester City,32087.0,King Power Stadium,Paul Tierney
Premier League,2021-2022,2021-09-11,15:00 (16:00),Brentford,0–1,Brighton,16518.0,Brentford Community Stadium,Graham Scott
Premier League,2021-2022,2021-09-11,15:00 (16:00),Southampton,0–0,West Ham United,30000.0,St. Mary's Stadium,David Coote
Premier League,2021-2022,2021-09-11,15:00 (16:00),Arsenal,1–0,Norwich City,58000.0,Emirates Stadium,Michael Oliver
Premier League,2021-2022,2021-09-11,15:00 (16:00),Manchester Utd,4–1,Newcastle United,72732.0,Old Trafford,Anthony Taylor
Premier League,2021-2022,2021-09-11,15:00 (16:00),Watford,0–2,Wolves,20019.0,Vicarage Road Stadium,Peter Bankes
Premier League,2021-2022,2021-09-11,17:30 (18:30),Chelsea,3–0,Aston Villa,39969.0,Stamford Bridge,Stuart Attwell
Premier League,2021-2022,2021-09-12,16:30 (17:30),Leeds United,0–3,Liverpool,36507.0,Elland Road,Craig Pawson
Premier League,2021-2022,2021-09-13,20:00 (21:00),Everton,3–1,Burnley,30000.0,Goodison Park,Martin Atkinson
Premier League,2021-2022,2021-09-17,20:00 (21:00),Newcastle United,1–1,Leeds United,50407.0,St. James' Park,Mike Dean
Premier League,2021-2022,2021-09-18,12:30 (13:30),Wolves,0–2,Brentford,30000.0,Molineux Stadium,Darren England
Premier League,2021-2022,2021-09-18,15:00 (16:00),Norwich City,1–3,Watford,26649.0,Carrow Road,Robert Jones
Premier League,2021-2022,2021-09-18,15:00 (16:00),Burnley,0–1,Arsenal,20000.0,Turf Moor,Anthony Taylor
Premier League,2021-2022,2021-09-18,15:00 (16:00),Manchester City,0–0,Southampton,52698.0,Etihad Stadium,Jonathan Moss
Premier League,2021-2022,2021-09-18,15:00 (16:00),Liverpool,3–0,Crystal Palace,52000.0,Anfield,Andy Madley
Premier League,2021-2022,2021-09-18,17:30 (18:30),Aston Villa,3–0,Everton,41888.0,Villa Park,Craig Pawson
Premier League,2021-2022,2021-09-19,14:00 (15:00),Brighton,2–1,Leicester City,31078.0,The American Express Community Stadium,Stuart Attwell
Premier League,2021-2022,2021-09-19,14:00 (15:00),West Ham United,1–2,Manchester Utd,60000.0,London Stadium,Martin Atkinson
Premier League,2021-2022,2021-09-19,16:30 (17:30),Tottenham Hotspur,0–3,Chelsea,60059.0,Tottenham Hotspur Stadium,Paul Tierney
Premier League,2021-2022,2021-09-25,12:30 (13:30),Chelsea,0–1,Manchester City,40036.0,Stamford Bridge,Michael Oliver
Premier League,2021-2022,2021-09-25,12:30 (13:30),Manchester Utd,0–1,Aston Villa,72922.0,Old Trafford,Mike Dean
Premier League,2021-2022,2021-09-25,15:00 (16:00),Everton,2–0,Norwich City,38821.0,Goodison Park,David Coote
Premier League,2021-2022,2021-09-25,15:00 (16:00),Leeds United,1–2,West Ham United,36417.0,Elland Road,Kevin Friend
Premier League,2021-2022,2021-09-25,15:00 (16:00),Watford,1–1,Newcastle United,20650.0,Vicarage Road Stadium,Jarred Gillett
Premier League,2021-2022,2021-09-25,15:00 (16:00),Leicester City,2–2,Burnley,31650.0,King Power Stadium,Chris Kavanagh
Premier League,2021-2022,2021-09-25,17:30 (18:30),Brentford,3–3,Liverpool,16876.0,Brentford Community Stadium,Stuart Attwell
Premier League,2021-2022,2021-09-26,14:00 (15:00),Southampton,0–1,Wolves,28002.0,St. Mary's Stadium,Andy Madley
Premier League,2021-2022,2021-09-26,16:30 (17:30),Arsenal,3–1,Tottenham Hotspur,59919.0,Emirates Stadium,Craig Pawson
Premier League,2021-2022,2021-09-27,20:00 (21:00),Crystal Palace,1–1,Brighton,22975.0,Selhurst Park,Andre Marriner
Premier League,2021-2022,2021-10-02,12:30 (13:30),Manchester Utd,1–1,Everton,73128.0,Old Trafford,Michael Oliver
Premier League,2021-2022,2021-10-02,15:00 (16:00),Leeds United,1–0,Watford,36261.0,Elland Road,Simon Hooper
Premier League,2021-2022,2021-10-02,15:00 (16:00),Chelsea,3–1,Southampton,40109.0,Stamford Bridge,Martin Atkinson
Premier League,2021-2022,2021-10-02,15:00 (16:00),Wolves,2–1,Newcastle United,30483.0,Molineux Stadium,Graham Scott
Premier League,2021-2022,2021-10-02,15:00 (16:00),Burnley,0–0,Norwich City,17427.0,Turf Moor,Kevin Friend
Premier League,2021-2022,2021-10-02,17:30 (18:30),Brighton,0–0,Arsenal,31266.0,The American Express Community Stadium,Jonathan Moss
Premier League,2021-2022,2021-10-03,14:00 (15:00),West Ham United,1–2,Brentford,49940.0,London Stadium,Peter Bankes
Premier League,2021-2022,2021-10-03,14:00 (15:00),Tottenham Hotspur,2–1,Aston Villa,53076.0,Tottenham Hotspur Stadium,Chris Kavanagh
Premier League,2021-2022,2021-10-03,14:00 (15:00),Crystal Palace,2–2,Leicester City,25000.0,Selhurst Park,Anthony Taylor
Premier League,2021-2022,2021-10-03,16:30 (17:30),Liverpool,2–2,Manchester City,53102.0,Anfield,Paul Tierney
Premier League,2021-2022,2021-10-16,12:30 (13:30),Watford,0–5,Liverpool,21085.0,Vicarage Road Stadium,Jonathan Moss
Premier League,2021-2022,2021-10-16,15:00 (16:00),Aston Villa,2–3,Wolves,41951.0,Villa Park,Michael Oliver
Premier League,2021-2022,2021-10-16,15:00 (16:00),Manchester City,2–0,Burnley,52711.0,Etihad Stadium,Martin Atkinson
Premier League,2021-2022,2021-10-16,15:00 (16:00),Southampton,1–0,Leeds United,30506.0,St. Mary's Stadium,David Coote
Premier League,2021-2022,2021-10-16,15:00 (16:00),Leicester City,4–2,Manchester Utd,32219.0,King Power Stadium,Craig Pawson
Premier League,2021-2022,2021-10-16,15:00 (16:00),Norwich City,0–0,Brighton,26777.0,Carrow Road,Peter Bankes
Premier League,2021-2022,2021-10-16,17:30 (18:30),Brentford,0–1,Chelsea,16940.0,Brentford Community Stadium,Anthony Taylor
Premier League,2021-2022,2021-10-17,14:00 (15:00),Everton,0–1,West Ham United,39132.0,Goodison Park,Stuart Attwell
Premier League,2021-2022,2021-10-17,16:30 (17:30),Newcastle United,2–3,Tottenham Hotspur,52214.0,St. James' Park,Andre Marriner
Premier League,2021-2022,2021-10-18,20:00 (21:00),Arsenal,2–2,Crystal Palace,59475.0,Emirates Stadium,Mike Dean
Premier League,2021-2022,2021-10-22,20:00 (21:00),Arsenal,3–1,Aston Villa,59496.0,Emirates Stadium,Craig Pawson
Premier League,2021-2022,2021-10-23,12:30 (13:30),Chelsea,7–0,Norwich City,40113.0,Stamford Bridge,Andy Madley
Premier League,2021-2022,2021-10-23,15:00 (16:00),Southampton,2–2,Burnley,29145.0,St. Mary's Stadium,Chris Kavanagh
Premier League,2021-2022,2021-10-23,15:00 (16:00),Crystal Palace,1–1,Newcastle United,24609.0,Selhurst Park,Darren England
Premier League,2021-2022,2021-10-23,15:00 (16:00),Everton,2–5,Watford,38834.0,Goodison Park,Graham Scott
Premier League,2021-2022,2021-10-23,15:00 (16:00),Leeds United,1–1,Wolves,36475.0,Elland Road,Robert Jones
Premier League,2021-2022,2021-10-23,17:30 (18:30),Brighton,1–4,Manchester City,31215.0,The American Express Community Stadium,Kevin Friend
Premier League,2021-2022,2021-10-24,14:00 (15:00),Brentford,1–2,Leicester City,16814.0,Brentford Community Stadium,Simon Hooper
Premier League,2021-2022,2021-10-24,14:00 (15:00),West Ham United,1–0,Tottenham Hotspur,59924.0,London Stadium,Paul Tierney
Premier League,2021-2022,2021-10-24,16:30 (17:30),Manchester Utd,0–5,Liverpool,73088.0,Old Trafford,Anthony Taylor
Premier League,2021-2022,2021-10-30,12:30 (13:30),Leicester City,0–2,Arsenal,32209.0,King Power Stadium,Michael Oliver
Premier League,2021-2022,2021-10-30,15:00 (16:00),Newcastle United,0–3,Chelsea,52208.0,St. James' Park,Paul Tierney
Premier League,2021-2022,2021-10-30,15:00 (16:00),Manchester City,0–2,Crystal Palace,53014.0,Etihad Stadium,Andre Marriner
Premier League,2021-2022,2021-10-30,15:00 (16:00),Liverpool,2–2,Brighton,52598.0,Anfield,Mike Dean
Premier League,2021-2022,2021-10-30,15:00 (16:00),Burnley,3–1,Brentford,18821.0,Turf Moor,Jonathan Moss
Premier League,2021-2022,2021-10-30,15:00 (16:00),Watford,0–1,Southampton,20869.0,Vicarage Road Stadium,Peter Bankes
Premier League,2021-2022,2021-10-30,17:30 (18:30),Tottenham Hotspur,0–3,Manchester Utd,60356.0,Tottenham Hotspur Stadium,Stuart Attwell
Premier League,2021-2022,2021-10-31,14:00 (15:00),Norwich City,1–2,Leeds United,26913.0,Carrow Road,Anthony Taylor
Premier League,2021-2022,2021-10-31,16:30 (17:30),Aston Villa,1–4,West Ham United,41874.0,Villa Park,Chris Kavanagh
Premier League,2021-2022,2021-11-01,20:00 (21:00),Wolves,2–1,Everton,30617.0,Molineux Stadium,Martin Atkinson
Premier League,2021-2022,2021-11-05,20:00 (21:00),Southampton,1–0,Aston Villa,30178.0,St. Mary's Stadium,Andy Madley
Premier League,2021-2022,2021-11-06,12:30 (13:30),Manchester Utd,0–2,Manchester City,73086.0,Old Trafford,Michael Oliver
Premier League,2021-2022,2021-11-06,15:00 (16:00),Chelsea,1–1,Burnley,39798.0,Stamford Bridge,Andre Marriner
Premier League,2021-2022,2021-11-06,15:00 (16:00),Brentford,1–2,Norwich City,16837.0,Brentford Community Stadium,Jarred Gillett
Premier League,2021-2022,2021-11-06,15:00 (16:00),Crystal Palace,2–0,Wolves,24390.0,Selhurst Park,Graham Scott
Premier League,2021-2022,2021-11-06,17:30 (18:30),Brighton,1–1,Newcastle United,31267.0,The American Express Community Stadium,David Coote
Premier League,2021-2022,2021-11-07,14:00 (15:00),Arsenal,1–0,Watford,59833.0,Emirates Stadium,Kevin Friend
Premier League,2021-2022,2021-11-07,14:00 (15:00),Leeds United,1–1,Leicester City,36478.0,Elland Road,Darren England
Premier League,2021-2022,2021-11-07,14:00 (15:00),Everton,0–0,Tottenham Hotspur,39059.0,Goodison Park,Chris Kavanagh
Premier League,2021-2022,2021-11-07,16:30 (17:30),West Ham United,3–2,Liverpool,59909.0,London Stadium,Craig Pawson
Premier League,2021-2022,2021-11-20,12:30 (13:30),Leicester City,0–3,Chelsea,35497.0,King Power Stadium,Paul Tierney
Premier League,2021-2022,2021-11-20,15:00 (16:00),Burnley,3–3,Crystal Palace,18028.0,Turf Moor,Simon Hooper
Premier League,2021-2022,2021-11-20,15:00 (16:00),Aston Villa,2–0,Brighton,41925.0,Villa Park,Anthony Taylor
Premier League,2021-2022,2021-11-20,15:00 (16:00),Newcastle United,3–3,Brentford,52131.0,St. James' Park,Robert Jones
Premier League,2021-2022,2021-11-20,15:00 (16:00),Norwich City,2–1,Southampton,26885.0,Carrow Road,Martin Atkinson
Premier League,2021-2022,2021-11-20,15:00 (16:00),Watford,4–1,Manchester Utd,21087.0,Vicarage Road Stadium,Jonathan Moss
Premier League,2021-2022,2021-11-20,15:00 (16:00),Wolves,1–0,West Ham United,30667.0,Molineux Stadium,Mike Dean
Premier League,2021-2022,2021-11-20,17:30 (18:30),Liverpool,4–0,Arsenal,53092.0,Anfield,Michael Oliver
Premier League,2021-2022,2021-11-21,14:00 (15:00),Manchester City,3–0,Everton,52571.0,Etihad Stadium,Stuart Attwell
Premier League,2021-2022,2021-11-21,16:30 (17:30),Tottenham Hotspur,2–1,Leeds United,58989.0,Tottenham Hotspur Stadium,Andre Marriner
Premier League,2021-2022,2021-11-27,12:30 (13:30),Arsenal,2–0,Newcastle United,59886.0,Emirates Stadium,Stuart Attwell
Premier League,2021-2022,2021-11-27,15:00 (16:00),Liverpool,4–0,Southampton,53040.0,Anfield,Andre Marriner
Premier League,2021-2022,2021-11-27,15:00 (16:00),Norwich City,0–0,Wolves,26911.0,Carrow Road,Simon Hooper
Premier League,2021-2022,2021-11-27,15:00 (16:00),Crystal Palace,1–2,Aston Villa,25203.0,Selhurst Park,Michael Salisbury
Premier League,2021-2022,2021-11-27,17:30 (18:30),Brighton,0–0,Leeds United,31166.0,The American Express Community Stadium,Craig Pawson
Premier League,2021-2022,2021-11-28,14:00 (15:00),Manchester City,2–1,West Ham United,53245.0,Etihad Stadium,Michael Oliver
Premier League,2021-2022,2021-11-28,14:00 (15:00),Brentford,1–0,Everton,16957.0,Brentford Community Stadium,Darren England
Premier League,2021-2022,2021-11-28,14:00 (15:00),Leicester City,4–2,Watford,32020.0,King Power Stadium,Andy Madley
Premier League,2021-2022,2021-11-28,16:30 (17:30),Chelsea,1–1,Manchester Utd,40041.0,Stamford Bridge,Anthony Taylor
Premier League,2021-2022,2021-11-30,19:30 (20:30),Newcastle United,1–1,Norwich City,50757.0,St. James' Park,Andy Madley
Premier League,2021-2022,2021-11-30,20:15 (21:15),Leeds United,1–0,Crystal Palace,35558.0,Elland Road,Kevin Friend
Premier League,2021-2022,2021-12-01,19:30 (20:30),West Ham United,1–1,Brighton,59626.0,London Stadium,Chris Kavanagh
Premier League,2021-2022,2021-12-01,19:30 (20:30),Watford,1–2,Chelsea,20388.0,Vicarage Road Stadium,David Coote
Premier League,2021-2022,2021-12-01,19:30 (20:30),Southampton,2–2,Leicester City,26951.0,St. Mary's Stadium,Robert Jones
Premier League,2021-2022,2021-12-01,19:30 (20:30),Wolves,0–0,Burnley,30328.0,Molineux Stadium,John Brooks
Premier League,2021-2022,2021-12-01,20:15 (21:15),Aston Villa,1–2,Manchester City,41400.0,Villa Park,Mike Dean
Premier League,2021-2022,2021-12-01,20:15 (21:15),Everton,1–4,Liverpool,39641.0,Goodison Park,Paul Tierney
Premier League,2021-2022,2021-12-02,19:30 (20:30),Tottenham Hotspur,2–0,Brentford,54202.0,Tottenham Hotspur Stadium,Jonathan Moss
Premier League,2021-2022,2021-12-02,20:15 (21:15),Manchester Utd,3–2,Arsenal,73123.0,Old Trafford,Martin Atkinson
Premier League,2021-2022,2021-12-04,12:30 (13:30),West Ham United,3–2,Chelsea,59942.0,London Stadium,Andre Marriner
Premier League,2021-2022,2021-12-04,15:00 (16:00),Newcastle United,1–0,Burnley,51948.0,St. James' Park,Paul Tierney
Premier League,2021-2022,2021-12-04,15:00 (16:00),Southampton,1–1,Brighton,28706.0,St. Mary's Stadium,Anthony Taylor
Premier League,2021-2022,2021-12-04,15:00 (16:00),Wolves,0–1,Liverpool,30729.0,Molineux Stadium,Chris Kavanagh
Premier League,2021-2022,2021-12-04,17:30 (18:30),Watford,1–3,Manchester City,20673.0,Vicarage Road Stadium,Simon Hooper
Premier League,2021-2022,2021-12-05,14:00 (15:00),Tottenham Hotspur,3–0,Norwich City,57088.0,Tottenham Hotspur Stadium,Jarred Gillett
Premier League,2021-2022,2021-12-05,14:00 (15:00),Manchester Utd,1–0,Crystal Palace,73172.0,Old Trafford,Craig Pawson
Premier League,2021-2022,2021-12-05,14:00 (15:00),Leeds United,2–2,Brentford,35639.0,Elland Road,David Coote
Premier League,2021-2022,2021-12-05,16:30 (17:30),Aston Villa,2–1,Leicester City,41572.0,Villa Park,Michael Oliver
Premier League,2021-2022,2021-12-06,20:00 (21:00),Everton,2–1,Arsenal,38906.0,Goodison Park,Mike Dean
Premier League,2021-2022,2021-12-10,20:00 (21:00),Brentford,2–1,Watford,16861.0,Brentford Community Stadium,Michael Oliver
Premier League,2021-2022,2021-12-11,12:30 (13:30),Manchester City,1–0,Wolves,52613.0,Etihad Stadium,Jonathan Moss
Premier League,2021-2022,2021-12-11,15:00 (16:00),Liverpool,1–0,Aston Villa,53093.0,Anfield,Stuart Attwell
Premier League,2021-2022,2021-12-11,15:00 (16:00),Arsenal,3–0,Southampton,59653.0,Emirates Stadium,Jarred Gillett
Premier League,2021-2022,2021-12-11,15:00 (16:00),Chelsea,3–2,Leeds United,39959.0,Stamford Bridge,Chris Kavanagh
Premier League,2021-2022,2021-12-11,17:30 (18:30),Norwich City,0–1,Manchester Utd,27606.0,Carrow Road,Darren England
Premier League,2021-2022,2021-12-12,14:00 (15:00),Leicester City,4–0,Newcastle United,31959.0,King Power Stadium,Peter Bankes
Premier League,2021-2022,2021-12-12,14:00 (15:00),Burnley,0–0,West Ham United,18065.0,Turf Moor,Graham Scott
Premier League,2021-2022,2021-12-12,16:30 (17:30),Crystal Palace,3–1,Everton,24066.0,Selhurst Park,Andy Madley
Premier League,2021-2022,2021-12-14,19:45 (20:45),Norwich City,0–2,Aston Villa,26836.0,Carrow Road,David Coote
Premier League,2021-2022,2021-12-14,20:00 (21:00),Manchester City,7–0,Leeds United,52401.0,Etihad Stadium,Paul Tierney
Premier League,2021-2022,2021-12-15,19:30 (20:30),Crystal Palace,2–2,Southampton,22861.0,Selhurst Park,Simon Hooper
Premier League,2021-2022,2021-12-15,19:30 (20:30),Brighton,0–1,Wolves,30362.0,The American Express Community Stadium,Tony Harrington
Premier League,2021-2022,2021-12-15,20:00 (21:00),Arsenal,2–0,West Ham United,59777.0,Emirates Stadium,Anthony Taylor
Premier League,2021-2022,2021-12-16,19:45 (20:45),Chelsea,1–1,Everton,13933.0,Stamford Bridge,Michael Oliver
Premier League,2021-2022,2021-12-16,20:00 (21:00),Liverpool,3–1,Newcastle United,52951.0,Anfield,Mike Dean
Premier League,2021-2022,2021-12-18,17:30 (18:30),Leeds United,1–4,Arsenal,36166.0,Elland Road,Andre Marriner
Premier League,2021-2022,2021-12-19,14:00 (15:00),Wolves,0–0,Chelsea,30631.0,Molineux Stadium,David Coote
Premier League,2021-2022,2021-12-19,14:15 (15:15),Newcastle United,0–4,Manchester City,52127.0,St. James' Park,Martin Atkinson
Premier League,2021-2022,2021-12-19,16:30 (17:30),Tottenham Hotspur,2–2,Liverpool,45421.0,Tottenham Hotspur Stadium,Paul Tierney
Premier League,2021-2022,2021-12-26,15:00 (16:00),Tottenham Hotspur,3–0,Crystal Palace,40539.0,Tottenham Hotspur Stadium,Jonathan Moss
Premier League,2021-2022,2021-12-26,15:00 (16:00),Norwich City,0–5,Arsenal,26940.0,Carrow Road,Graham Scott
Premier League,2021-2022,2021-12-26,15:00 (16:00),West Ham United,2–3,Southampton,41027.0,London Stadium,Kevin Friend
Premier League,2021-2022,2021-12-26,15:00 (16:00),Manchester City,6–3,Leicester City,53226.0,Etihad Stadium,Chris Kavanagh
Premier League,2021-2022,2021-12-26,17:30 (18:30),Aston Villa,1–3,Chelsea,41907.0,Villa Park,Martin Atkinson
Premier League,2021-2022,2021-12-26,20:00 (21:00),Brighton,2–0,Brentford,30141.0,The American Express Community Stadium,Darren England
Premier League,2021-2022,2021-12-27,20:00 (21:00),Newcastle United,1–1,Manchester Utd,52178.0,St. James' Park,Craig Pawson
Premier League,2021-2022,2021-12-28,15:00 (16:00),Crystal Palace,3–0,Norwich City,24433.0,Selhurst Park,Paul Tierney
Premier League,2021-2022,2021-12-28,15:00 (16:00),Southampton,1–1,Tottenham Hotspur,31304.0,St. Mary's Stadium,Anthony Taylor
Premier League,2021-2022,2021-12-28,15:00 (16:00),Watford,1–4,West Ham United,20073.0,Vicarage Road Stadium,Darren England
Premier League,2021-2022,2021-12-28,20:00 (21:00),Leicester City,1–0,Liverpool,32230.0,King Power Stadium,Michael Oliver
Premier League,2021-2022,2021-12-29,19:30 (20:30),Chelsea,1–1,Brighton,40080.0,Stamford Bridge,Mike Dean
Premier League,2021-2022,2021-12-29,20:15 (21:15),Brentford,0–1,Manchester City,17009.0,Brentford Community Stadium,David Coote
Premier League,2021-2022,2021-12-30,20:15 (21:15),Manchester Utd,3–1,Burnley,73121.0,Old Trafford,Jonathan Moss
Premier League,2021-2022,2022-01-01,12:30 (13:30),Arsenal,1–2,Manchester City,59757.0,Emirates Stadium,Stuart Attwell
Premier League,2021-2022,2022-01-01,15:00 (16:00),Watford,0–1,Tottenham Hotspur,20391.0,Vicarage Road Stadium,Robert Jones
Premier League,2021-2022,2022-01-01,17:30 (18:30),Crystal Palace,2–3,West Ham United,24351.0,Selhurst Park,Darren England
Premier League,2021-2022,2022-01-02,14:00 (15:00),Brentford,2–1,Aston Villa,16876.0,Brentford Community Stadium,Craig Pawson
Premier League,2021-2022,2022-01-02,14:00 (15:00),Everton,2–3,Brighton,38203.0,Goodison Park,John Brooks
Premier League,2021-2022,2022-01-02,14:00 (15:00),Leeds United,3–1,Burnley,36083.0,Elland Road,Paul Tierney
Premier League,2021-2022,2022-01-02,16:30 (17:30),Chelsea,2–2,Liverpool,40072.0,Stamford Bridge,Anthony Taylor
Premier League,2021-2022,2022-01-03,17:30 (18:30),Manchester Utd,0–1,Wolves,73045.0,Old Trafford,Mike Dean
Premier League,2021-2022,2022-01-11,19:45 (20:45),Southampton,4–1,Brentford,27383.0,St. Mary's Stadium,Stuart Attwell
Premier League,2021-2022,2022-01-12,19:45 (20:45),West Ham United,2–0,Norwich City,59775.0,London Stadium,Simon Hooper
Premier League,2021-2022,2022-01-14,20:00 (21:00),Brighton,1–1,Crystal Palace,30675.0,The American Express Community Stadium,Robert Jones
Premier League,2021-2022,2022-01-15,12:30 (13:30),Manchester City,1–0,Chelsea,53319.0,Etihad Stadium,Craig Pawson
Premier League,2021-2022,2022-01-15,15:00 (16:00),Norwich City,2–1,Everton,26629.0,Carrow Road,Andy Madley
Premier League,2021-2022,2022-01-15,15:00 (16:00),Newcastle United,1–1,Watford,52223.0,St. James' Park,Paul Tierney
Premier League,2021-2022,2022-01-15,15:00 (16:00),Wolves,3–1,Southampton,30057.0,Molineux Stadium,Michael Salisbury
Premier League,2021-2022,2022-01-15,17:30 (18:30),Aston Villa,2–2,Manchester Utd,41968.0,Villa Park,David Coote
Premier League,2021-2022,2022-01-16,14:00 (15:00),West Ham United,2–3,Leeds United,59951.0,London Stadium,Mike Dean
Premier League,2021-2022,2022-01-16,14:00 (15:00),Liverpool,3–0,Brentford,52824.0,Anfield,Jonathan Moss
Premier League,2021-2022,2022-01-18,20:00 (21:00),Brighton,1–1,Chelsea,30880.0,The American Express Community Stadium,Kevin Friend
Premier League,2021-2022,2022-01-19,19:30 (20:30),Leicester City,2–3,Tottenham Hotspur,31986.0,King Power Stadium,Jonathan Moss
Premier League,2021-2022,2022-01-19,20:00 (21:00),Brentford,1–3,Manchester Utd,17094.0,Brentford Community Stadium,Andre Marriner
Premier League,2021-2022,2022-01-21,20:00 (21:00),Watford,0–3,Norwich City,20782.0,Vicarage Road Stadium,Mike Dean
Premier League,2021-2022,2022-01-22,12:30 (13:30),Everton,0–1,Aston Villa,38203.0,Goodison Park,Craig Pawson
Premier League,2021-2022,2022-01-22,15:00 (16:00),Brentford,1–2,Wolves,16982.0,Brentford Community Stadium,Peter Bankes
Premier League,2021-2022,2022-01-22,15:00 (16:00),Manchester Utd,1–0,West Ham United,73130.0,Old Trafford,Jonathan Moss
Premier League,2021-2022,2022-01-22,15:00 (16:00),Leeds United,0–1,Newcastle United,36405.0,Elland Road,Chris Kavanagh
Premier League,2021-2022,2022-01-22,17:30 (18:30),Southampton,1–1,Manchester City,31178.0,St. Mary's Stadium,Simon Hooper
Premier League,2021-2022,2022-01-23,14:00 (15:00),Crystal Palace,1–3,Liverpool,25002.0,Selhurst Park,Kevin Friend
Premier League,2021-2022,2022-01-23,14:00 (15:00),Arsenal,0–0,Burnley,59255.0,Emirates Stadium,David Coote
Premier League,2021-2022,2022-01-23,14:00 (15:00),Leicester City,1–1,Brighton,31231.0,King Power Stadium,Martin Atkinson
Premier League,2021-2022,2022-01-23,16:30 (17:30),Chelsea,2–0,Tottenham Hotspur,40020.0,Stamford Bridge,Paul Tierney
Premier League,2021-2022,2022-02-05,18:00 (19:00),Burnley,0–0,Watford,19527.0,Turf Moor,Craig Pawson
Premier League,2021-2022,2022-02-08,19:45 (20:45),West Ham United,1–0,Watford,59581.0,London Stadium,Martin Atkinson
Premier League,2021-2022,2022-02-08,19:45 (20:45),Newcastle United,3–1,Everton,52186.0,St. James' Park,Anthony Taylor
Premier League,2021-2022,2022-02-08,20:00 (21:00),Burnley,1–1,Manchester Utd,21233.0,Turf Moor,Mike Dean
Premier League,2021-2022,2022-02-09,19:45 (20:45),Norwich City,1–1,Crystal Palace,26652.0,Carrow Road,Paul Tierney
Premier League,2021-2022,2022-02-09,19:45 (20:45),Manchester City,2–0,Brentford,51658.0,Etihad Stadium,Darren England
Premier League,2021-2022,2022-02-09,19:45 (20:45),Tottenham Hotspur,2–3,Southampton,54012.0,Tottenham Hotspur Stadium,David Coote
Premier League,2021-2022,2022-02-09,20:00 (21:00),Aston Villa,3–3,Leeds United,41927.0,Villa Park,Jarred Gillett
Premier League,2021-2022,2022-02-10,19:45 (20:45),Wolves,0–1,Arsenal,31523.0,Molineux Stadium,Michael Oliver
Premier League,2021-2022,2022-02-10,19:45 (20:45),Liverpool,2–0,Leicester City,53050.0,Anfield,Chris Kavanagh
Premier League,2021-2022,2022-02-12,12:30 (13:30),Manchester Utd,1–1,Southampton,73084.0,Old Trafford,Stuart Attwell
Premier League,2021-2022,2022-02-12,15:00 (16:00),Everton,3–0,Leeds United,39150.0,Goodison Park,Graham Scott
Premier League,2021-2022,2022-02-12,15:00 (16:00),Brentford,0–0,Crystal Palace,16958.0,Brentford Community Stadium,Simon Hooper
Premier League,2021-2022,2022-02-12,15:00 (16:00),Watford,0–2,Brighton,20795.0,Vicarage Road Stadium,Jonathan Moss
Premier League,2021-2022,2022-02-12,17:30 (18:30),Norwich City,0–4,Manchester City,27010.0,Carrow Road,Andre Marriner
Premier League,2021-2022,2022-02-13,14:00 (15:00),Tottenham Hotspur,0–2,Wolves,56452.0,Tottenham Hotspur Stadium,Kevin Friend
Premier League,2021-2022,2022-02-13,14:00 (15:00),Newcastle United,1–0,Aston Villa,52207.0,St. James' Park,Craig Pawson
Premier League,2021-2022,2022-02-13,14:00 (15:00),Burnley,0–1,Liverpool,19563.0,Turf Moor,Martin Atkinson
Premier League,2021-2022,2022-02-13,16:30 (17:30),Leicester City,2–2,West Ham United,32061.0,King Power Stadium,Michael Oliver
Premier League,2021-2022,2022-02-15,20:15 (21:15),Manchester Utd,2–0,Brighton,73012.0,Old Trafford,Peter Bankes
Premier League,2021-2022,2022-02-19,12:30 (13:30),West Ham United,1–1,Newcastle United,59949.0,London Stadium,Chris Kavanagh
Premier League,2021-2022,2022-02-19,15:00 (16:00),Brighton,0–3,Burnley,30361.0,The American Express Community Stadium,Kevin Friend
Premier League,2021-2022,2022-02-19,15:00 (16:00),Southampton,2–0,Everton,31312.0,St. Mary's Stadium,Andy Madley
Premier League,2021-2022,2022-02-19,15:00 (16:00),Arsenal,2–1,Brentford,59249.0,Emirates Stadium,Jonathan Moss
Premier League,2021-2022,2022-02-19,15:00 (16:00),Crystal Palace,0–1,Chelsea,25109.0,Selhurst Park,David Coote
Premier League,2021-2022,2022-02-19,15:00 (16:00),Liverpool,3–1,Norwich City,53135.0,Anfield,Mike Dean
Premier League,2021-2022,2022-02-19,15:00 (16:00),Aston Villa,0–1,Watford,41936.0,Villa Park,Robert Jones
Premier League,2021-2022,2022-02-19,17:30 (18:30),Manchester City,2–3,Tottenham Hotspur,53201.0,Etihad Stadium,Anthony Taylor
Premier League,2021-2022,2022-02-20,14:00 (15:00),Leeds United,2–4,Manchester Utd,36715.0,Elland Road,Paul Tierney
Premier League,2021-2022,2022-02-20,16:30 (17:30),Wolves,2–1,Leicester City,31587.0,Molineux Stadium,Craig Pawson
Premier League,2021-2022,2022-02-23,19:30 (20:30),Burnley,1–0,Tottenham Hotspur,19488.0,Turf Moor,Graham Scott
Premier League,2021-2022,2022-02-23,19:30 (20:30),Watford,1–4,Crystal Palace,20012.0,Vicarage Road Stadium,Andre Marriner
Premier League,2021-2022,2022-02-23,19:45 (20:45),Liverpool,6–0,Leeds United,53018.0,Anfield,Michael Oliver
Premier League,2021-2022,2022-02-24,19:45 (20:45),Arsenal,2–1,Wolves,59888.0,Emirates Stadium,Martin Atkinson
Premier League,2021-2022,2022-02-25,20:00 (21:00),Southampton,2–0,Norwich City,31182.0,St. Mary's Stadium,Simon Hooper
Premier League,2021-2022,2022-02-26,12:30 (13:30),Leeds United,0–4,Tottenham Hotspur,36599.0,Elland Road,Craig Pawson
Premier League,2021-2022,2022-02-26,15:00 (16:00),Crystal Palace,1–1,Burnley,24203.0,Selhurst Park,Jonathan Moss
Premier League,2021-2022,2022-02-26,15:00 (16:00),Brighton,0–2,Aston Villa,31475.0,The American Express Community Stadium,John Brooks
Premier League,2021-2022,2022-02-26,15:00 (16:00),Manchester Utd,0–0,Watford,73152.0,Old Trafford,Kevin Friend
Premier League,2021-2022,2022-02-26,15:00 (16:00),Brentford,0–2,Newcastle United,17039.0,Brentford Community Stadium,Mike Dean
Premier League,2021-2022,2022-02-26,17:30 (18:30),Everton,0–1,Manchester City,39105.0,Goodison Park,Paul Tierney
Premier League,2021-2022,2022-02-27,14:00 (15:00),West Ham United,1–0,Wolves,59946.0,London Stadium,Anthony Taylor
Premier League,2021-2022,2022-03-01,19:45 (20:45),Burnley,0–2,Leicester City,17825.0,Turf Moor,Chris Kavanagh
Premier League,2021-2022,2022-03-05,12:30 (13:30),Leicester City,1–0,Leeds United,32236.0,King Power Stadium,David Coote
Premier League,2021-2022,2022-03-05,15:00 (16:00),Aston Villa,4–0,Southampton,41855.0,Villa Park,Peter Bankes
Premier League,2021-2022,2022-03-05,15:00 (16:00),Newcastle United,2–1,Brighton,52214.0,St. James' Park,Martin Atkinson
Premier League,2021-2022,2022-03-05,15:00 (16:00),Burnley,0–4,Chelsea,19439.0,Turf Moor,Andre Marriner
Premier League,2021-2022,2022-03-05,15:00 (16:00),Norwich City,1–3,Brentford,26887.0,Carrow Road,Anthony Taylor
Premier League,2021-2022,2022-03-05,15:00 (16:00),Wolves,0–2,Crystal Palace,31395.0,Molineux Stadium,Andy Madley
Premier League,2021-2022,2022-03-05,17:30 (18:30),Liverpool,1–0,West Ham United,59925.0,Anfield,Jonathan Moss
Premier League,2021-2022,2022-03-06,14:00 (15:00),Watford,2–3,Arsenal,21142.0,Vicarage Road Stadium,Craig Pawson
Premier League,2021-2022,2022-03-06,16:30 (17:30),Manchester City,4–1,Manchester Utd,53165.0,Etihad Stadium,Michael Oliver
Premier League,2021-2022,2022-03-07,20:00 (21:00),Tottenham Hotspur,5–0,Everton,59647.0,Tottenham Hotspur Stadium,Stuart Attwell
Premier League,2021-2022,2022-03-10,19:30 (20:30),Wolves,4–0,Watford,29658.0,Molineux Stadium,Darren England
Premier League,2021-2022,2022-03-10,19:30 (20:30),Southampton,1–2,Newcastle United,30056.0,St. Mary's Stadium,Kevin Friend
Premier League,2021-2022,2022-03-10,19:30 (20:30),Norwich City,1–3,Chelsea,26684.0,Carrow Road,Martin Atkinson
Premier League,2021-2022,2022-03-10,19:45 (20:45),Leeds United,0–3,Aston Villa,36400.0,Elland Road,Simon Hooper
Premier League,2021-2022,2022-03-12,12:30 (13:30),Brighton,0–2,Liverpool,31474.0,The American Express Community Stadium,Mike Dean
Premier League,2021-2022,2022-03-12,15:00 (16:00),Brentford,2–0,Burnley,17088.0,Brentford Community Stadium,Paul Tierney
Premier League,2021-2022,2022-03-12,17:30 (18:30),Manchester Utd,3–2,Tottenham Hotspur,73458.0,Old Trafford,Jonathan Moss
Premier League,2021-2022,2022-03-13,14:00 (15:00),Chelsea,1–0,Newcastle United,40026.0,Stamford Bridge,David Coote
Premier League,2021-2022,2022-03-13,14:00 (15:00),Everton,0–1,Wolves,39112.0,Goodison Park,Michael Oliver
Premier League,2021-2022,2022-03-13,14:00 (15:00),Leeds United,2–1,Norwich City,36321.0,Elland Road,Stuart Attwell
Premier League,2021-2022,2022-03-13,14:00 (15:00),West Ham United,2–1,Aston Villa,59957.0,London Stadium,Jarred Gillett
Premier League,2021-2022,2022-03-13,14:00 (15:00),Southampton,1–2,Watford,28863.0,St. Mary's Stadium,Graham Scott
Premier League,2021-2022,2022-03-13,16:30 (17:30),Arsenal,2–0,Leicester City,60111.0,Emirates Stadium,Anthony Taylor
Premier League,2021-2022,2022-03-14,20:00 (21:00),Crystal Palace,0–0,Manchester City,25309.0,Selhurst Park,Martin Atkinson
Premier League,2021-2022,2022-03-16,19:30 (20:30),Brighton,0–2,Tottenham Hotspur,31144.0,The American Express Community Stadium,Robert Jones
Premier League,2021-2022,2022-03-16,20:15 (21:15),Arsenal,0–2,Liverpool,59968.0,Emirates Stadium,Andre Marriner
Premier League,2021-2022,2022-03-17,19:45 (20:45),Everton,1–0,Newcastle United,39068.0,Goodison Park,Craig Pawson
Premier League,2021-2022,2022-03-18,20:00 (21:00),Wolves,2–3,Leeds United,31842.0,Molineux Stadium,Kevin Friend
Premier League,2021-2022,2022-03-19,12:30 (13:30),Aston Villa,0–1,Arsenal,41956.0,Villa Park,Andy Madley
Premier League,2021-2022,2022-03-20,14:00 (15:00),Leicester City,2–1,Brentford,31830.0,King Power Stadium,Darren England
Premier League,2021-2022,2022-03-20,16:30 (17:30),Tottenham Hotspur,3–1,West Ham United,58685.0,Tottenham Hotspur Stadium,Anthony Taylor
Premier League,2021-2022,2022-04-02,12:30 (13:30),Liverpool,2–0,Watford,53104.0,Anfield,Stuart Attwell
Premier League,2021-2022,2022-04-02,15:00 (16:00),Brighton,0–0,Norwich City,31245.0,The American Express Community Stadium,Simon Hooper
Premier League,2021-2022,2022-04-02,15:00 (16:00),Burnley,0–2,Manchester City,21249.0,Turf Moor,Craig Pawson
Premier League,2021-2022,2022-04-02,15:00 (16:00),Chelsea,1–4,Brentford,39061.0,Stamford Bridge,Andy Madley
Premier League,2021-2022,2022-04-02,15:00 (16:00),Wolves,2–1,Aston Villa,31012.0,Molineux Stadium,Darren England
Premier League,2021-2022,2022-04-02,15:00 (16:00),Leeds United,1–1,Southampton,36580.0,Elland Road,Anthony Taylor
Premier League,2021-2022,2022-04-02,17:30 (18:30),Manchester Utd,1–1,Leicester City,73444.0,Old Trafford,Andre Marriner
Premier League,2021-2022,2022-04-03,14:00 (15:00),West Ham United,2–1,Everton,59953.0,London Stadium,Michael Oliver
Premier League,2021-2022,2022-04-03,16:30 (17:30),Tottenham Hotspur,5–1,Newcastle United,57553.0,Tottenham Hotspur Stadium,Martin Atkinson
Premier League,2021-2022,2022-04-04,20:00 (21:00),Crystal Palace,3–0,Arsenal,25149.0,Selhurst Park,Paul Tierney
Premier League,2021-2022,2022-04-06,19:30 (20:30),Burnley,3–2,Everton,19830.0,Turf Moor,Mike Dean
Premier League,2021-2022,2022-04-08,20:00 (21:00),Newcastle United,1–0,Wolves,52164.0,St. James' Park,Peter Bankes
Premier League,2021-2022,2022-04-09,12:30 (13:30),Everton,1–0,Manchester Utd,39080.0,Goodison Park,Jonathan Moss
Premier League,2021-2022,2022-04-09,15:00 (16:00),Arsenal,1–2,Brighton,60112.0,Emirates Stadium,David Coote
Premier League,2021-2022,2022-04-09,15:00 (16:00),Watford,0–3,Leeds United,20957.0,Vicarage Road Stadium,Andre Marriner
Premier League,2021-2022,2022-04-09,15:00 (16:00),Southampton,0–6,Chelsea,31359.0,St. Mary's Stadium,Kevin Friend
Premier League,2021-2022,2022-04-09,17:30 (18:30),Aston Villa,0–4,Tottenham Hotspur,41949.0,Villa Park,Graham Scott
Premier League,2021-2022,2022-04-10,14:00 (15:00),Brentford,2–0,West Ham United,17032.0,Brentford Community Stadium,Martin Atkinson
Premier League,2021-2022,2022-04-10,14:00 (15:00),Norwich City,2–0,Burnley,26361.0,Carrow Road,Michael Oliver
Premier League,2021-2022,2022-04-10,14:00 (15:00),Leicester City,2–1,Crystal Palace,31896.0,King Power Stadium,Robert Jones
Premier League,2021-2022,2022-04-10,16:30 (17:30),Manchester City,2–2,Liverpool,53197.0,Etihad Stadium,Anthony Taylor
Premier League,2021-2022,2022-04-16,12:30 (13:30),Tottenham Hotspur,0–1,Brighton,58685.0,Tottenham Hotspur Stadium,Craig Pawson
Premier League,2021-2022,2022-04-16,15:00 (16:00),Watford,1–2,Brentford,21045.0,Vicarage Road Stadium,Simon Hooper
Premier League,2021-2022,2022-04-16,15:00 (16:00),Southampton,1–0,Arsenal,31465.0,St. Mary's Stadium,Peter Bankes
Premier League,2021-2022,2022-04-16,15:00 (16:00),Manchester Utd,3–2,Norwich City,73381.0,Old Trafford,Andy Madley
Premier League,2021-2022,2022-04-17,14:15 (15:15),West Ham United,1–1,Burnley,59958.0,London Stadium,Paul Tierney
Premier League,2021-2022,2022-04-17,14:15 (15:15),Newcastle United,2–1,Leicester City,52104.0,St. James' Park,Jarred Gillett
Premier League,2021-2022,2022-04-19,20:00 (21:00),Liverpool,4–0,Manchester Utd,52686.0,Anfield,Martin Atkinson
Premier League,2021-2022,2022-04-20,19:45 (20:45),Everton,1–1,Leicester City,39153.0,Goodison Park,David Coote
Premier League,2021-2022,2022-04-20,19:45 (20:45),Chelsea,2–4,Arsenal,32249.0,Stamford Bridge,Jonathan Moss
Premier League,2021-2022,2022-04-20,19:45 (20:45),Newcastle United,1–0,Crystal Palace,51938.0,St. James' Park,Tony Harrington
Premier League,2021-2022,2022-04-20,20:00 (21:00),Manchester City,3–0,Brighton,52226.0,Etihad Stadium,Mike Dean
Premier League,2021-2022,2022-04-21,19:45 (20:45),Burnley,2–0,Southampton,17384.0,Turf Moor,Stuart Attwell
Premier League,2021-2022,2022-04-23,12:30 (13:30),Arsenal,3–1,Manchester Utd,60223.0,Emirates Stadium,Craig Pawson
Premier League,2021-2022,2022-04-23,15:00 (16:00),Norwich City,0–3,Newcastle United,26910.0,Carrow Road,Chris Kavanagh
Premier League,2021-2022,2022-04-23,15:00 (16:00),Leicester City,0–0,Aston Villa,32185.0,King Power Stadium,Andy Madley
Premier League,2021-2022,2022-04-23,15:00 (16:00),Manchester City,5–1,Watford,53013.0,Etihad Stadium,Kevin Friend
Premier League,2021-2022,2022-04-23,17:30 (18:30),Brentford,0–0,Tottenham Hotspur,17072.0,Brentford Community Stadium,Martin Atkinson
Premier League,2021-2022,2022-04-24,14:00 (15:00),Chelsea,1–0,West Ham United,32231.0,Stamford Bridge,Michael Oliver
Premier League,2021-2022,2022-04-24,14:00 (15:00),Burnley,1–0,Wolves,19246.0,Turf Moor,Anthony Taylor
Premier League,2021-2022,2022-04-24,14:00 (15:00),Brighton,2–2,Southampton,31335.0,The American Express Community Stadium,Robert Jones
Premier League,2021-2022,2022-04-24,16:30 (17:30),Liverpool,2–0,Everton,53213.0,Anfield,Stuart Attwell
Premier League,2021-2022,2022-04-25,20:00 (21:00),Crystal Palace,0–0,Leeds United,25357.0,Selhurst Park,Darren England
Premier League,2021-2022,2022-04-28,19:45 (20:45),Manchester Utd,1–1,Chelsea,73564.0,Old Trafford,Mike Dean
Premier League,2021-2022,2022-04-30,12:30 (13:30),Newcastle United,0–1,Liverpool,52281.0,St. James' Park,Andre Marriner
Premier League,2021-2022,2022-04-30,15:00 (16:00),Watford,1–2,Burnley,20738.0,Vicarage Road Stadium,Craig Pawson
Premier League,2021-2022,2022-04-30,15:00 (16:00),Wolves,0–3,Brighton,31243.0,Molineux Stadium,Simon Hooper
Premier League,2021-2022,2022-04-30,15:00 (16:00),Aston Villa,2–0,Norwich City,40290.0,Villa Park,John Brooks
Premier League,2021-2022,2022-04-30,15:00 (16:00),Southampton,1–2,Crystal Palace,31359.0,St. Mary's Stadium,Jarred Gillett
Premier League,2021-2022,2022-04-30,17:30 (18:30),Leeds United,0–4,Manchester City,35771.0,Elland Road,Paul Tierney
Premier League,2021-2022,2022-05-01,14:00 (15:00),Tottenham Hotspur,3–1,Leicester City,59482.0,Tottenham Hotspur Stadium,Jonathan Moss
Premier League,2021-2022,2022-05-01,14:00 (15:00),Everton,1–0,Chelsea,39256.0,Goodison Park,Kevin Friend
Premier League,2021-2022,2022-05-01,16:30 (17:30),West Ham United,1–2,Arsenal,59959.0,London Stadium,Mike Dean
Premier League,2021-2022,2022-05-02,20:00 (21:00),Manchester Utd,3–0,Brentford,73482.0,Old Trafford,Chris Kavanagh
Premier League,2021-2022,2022-05-07,15:00 (16:00),Burnley,1–3,Aston Villa,20891.0,Turf Moor,David Coote
Premier League,2021-2022,2022-05-07,15:00 (16:00),Crystal Palace,1–0,Watford,24622.0,Selhurst Park,Graham Scott
Premier League,2021-2022,2022-05-07,15:00 (16:00),Brentford,3–0,Southampton,17051.0,Brentford Community Stadium,Michael Salisbury
Premier League,2021-2022,2022-05-07,15:00 (16:00),Chelsea,2–2,Wolves,32190.0,Stamford Bridge,Peter Bankes
Premier League,2021-2022,2022-05-07,17:30 (18:30),Brighton,4–0,Manchester Utd,31637.0,The American Express Community Stadium,Andy Madley
Premier League,2021-2022,2022-05-07,19:45 (20:45),Liverpool,1–1,Tottenham Hotspur,53177.0,Anfield,Michael Oliver
Premier League,2021-2022,2022-05-08,14:00 (15:00),Leicester City,1–2,Everton,32001.0,King Power Stadium,Craig Pawson
Premier League,2021-2022,2022-05-08,14:00 (15:00),Arsenal,2–1,Leeds United,60108.0,Emirates Stadium,Chris Kavanagh
Premier League,2021-2022,2022-05-08,14:00 (15:00),Norwich City,0–4,West Ham United,26428.0,Carrow Road,Robert Jones
Premier League,2021-2022,2022-05-08,16:30 (17:30),Manchester City,5–0,Newcastle United,53336.0,Etihad Stadium,Stuart Attwell
Premier League,2021-2022,2022-05-10,20:00 (21:00),Aston Villa,1–2,Liverpool,41919.0,Villa Park,Jonathan Moss
Premier League,2021-2022,2022-05-11,19:30 (20:30),Leeds United,0–3,Chelsea,36549.0,Elland Road,Anthony Taylor
Premier League,2021-2022,2022-05-11,19:45 (20:45),Leicester City,3–0,Norwich City,38092.0,King Power Stadium,Simon Hooper
Premier League,2021-2022,2022-05-11,19:45 (20:45),Watford,0–0,Everton,20653.0,Vicarage Road Stadium,Mike Dean
Premier League,2021-2022,2022-05-11,20:15 (21:15),Wolves,1–5,Manchester City,32000.0,Molineux Stadium,Martin Atkinson
Premier League,2021-2022,2022-05-12,19:45 (20:45),Tottenham Hotspur,3–0,Arsenal,62027.0,Tottenham Hotspur Stadium,Paul Tierney
Premier League,2021-2022,2022-05-15,12:00 (13:00),Tottenham Hotspur,1–0,Burnley,61729.0,Tottenham Hotspur Stadium,Kevin Friend
Premier League,2021-2022,2022-05-15,14:00 (15:00),Wolves,1–1,Norwich City,31219.0,Molineux Stadium,Tony Harrington
Premier League,2021-2022,2022-05-15,14:00 (15:00),Aston Villa,1–1,Crystal Palace,41136.0,Villa Park,Chris Kavanagh
Premier League,2021-2022,2022-05-15,14:00 (15:00),Watford,1–5,Leicester City,20257.0,Vicarage Road Stadium,Jarred Gillett
Premier League,2021-2022,2022-05-15,14:00 (15:00),West Ham United,2–2,Manchester City,59972.0,London Stadium,Anthony Taylor
Premier League,2021-2022,2022-05-15,14:00 (15:00),Leeds United,1–1,Brighton,36638.0,Elland Road,Mike Dean
Premier League,2021-2022,2022-05-15,16:30 (17:30),Everton,2–3,Brentford,38819.0,Goodison Park,Michael Oliver
Premier League,2021-2022,2022-05-16,20:00 (21:00),Newcastle United,2–0,Arsenal,52274.0,St. James' Park,Darren England
Premier League,2021-2022,2022-05-17,19:45 (20:45),Southampton,1–2,Liverpool,31588.0,St. Mary's Stadium,Martin Atkinson
Premier League,2021-2022,2022-05-19,19:45 (20:45),Everton,3–2,Crystal Palace,38448.0,Goodison Park,Anthony Taylor
Premier League,2021-2022,2022-05-19,20:00 (21:00),Aston Villa,1–1,Burnley,40468.0,Villa Park,Paul Tierney
Premier League,2021-2022,2022-05-19,20:00 (21:00),Chelsea,1–1,Leicester City,31478.0,Stamford Bridge,Stuart Attwell
Premier League,2021-2022,2022-05-22,16:00 (17:00),Burnley,1–2,Newcastle United,21361.0,Turf Moor,Craig Pawson
Premier League,2021-2022,2022-05-22,16:00 (17:00),Crystal Palace,1–0,Manchester Utd,25434.0,Selhurst Park,Martin Atkinson
Premier League,2021-2022,2022-05-22,16:00 (17:00),Manchester City,3–2,Aston Villa,53395.0,Etihad Stadium,Michael Oliver
Premier League,2021-2022,2022-05-22,16:00 (17:00),Brentford,1–2,Leeds United,16957.0,Brentford Community Stadium,Paul Tierney
Premier League,2021-2022,2022-05-22,16:00 (17:00),Arsenal,5–1,Everton,60201.0,Emirates Stadium,Andre Marriner
Premier League,2021-2022,2022-05-22,16:00 (17:00),Norwich City,0–5,Tottenham Hotspur,27022.0,Carrow Road,Chris Kavanagh
Premier League,2021-2022,2022-05-22,16:00 (17:00),Leicester City,4–1,Southampton,32003.0,King Power Stadium,Jonathan Moss
Premier League,2021-2022,2022-05-22,16:00 (17:00),Liverpool,3–1,Wolves,53097.0,Anfield,Anthony Taylor
Premier League,2021-2022,2022-05-22,16:00 (17:00),Brighton,3–1,West Ham United,31604.0,The American Express Community Stadium,Kevin Friend
Premier League,2021-2022,2022-05-22,16:00 (17:00),Chelsea,2–1,Watford,32089.0,Stamford Bridge,Mike Dean
Ligue 1,2025-2026,2025-08-15,20:45,Rennes,1–0,Marseille,28360.0,Roazhon Park,Jeremie Pignard
Ligue 1,2025-2026,2025-08-16,17:00,Lens,0–1,Lyon,38137.0,Stade Bollaert-Delelis,Romain Lissorgue
Ligue 1,2025-2026,2025-08-16,19:00,Monaco,3–1,Le Havre,11734.0,Stade Louis II,Ruddy Buquet
Ligue 1,2025-2026,2025-08-16,21:05,Nice,0–1,Toulouse,23212.0,Allianz Riviera,Thomas Leonard
Ligue 1,2025-2026,2025-08-17,15:00,Brest,3–3,Lille,14840.0,Stade Francis-Le Blé,Clement Turpin
Ligue 1,2025-2026,2025-08-17,17:15,Angers,1–0,Paris FC,12168.0,Stade Raymond Kopa,François Letexier
Ligue 1,2025-2026,2025-08-17,17:15,Metz,0–1,Strasbourg,25009.0,Stade Saint-Symphorien,Mathieu Vernice
Ligue 1,2025-2026,2025-08-17,17:15,Auxerre,1–0,Lorient,16090.0,Stade de l'Abbé Deschamps,Abdelatif Kherradji
Ligue 1,2025-2026,2025-08-17,20:45,Nantes,0–1,Paris Saint-Germain,34053.0,Stade de la Beaujoire - Louis Fonteneau,Benoît Bastien
Ligue 1,2025-2026,2025-08-22,20:45,Paris Saint-Germain,1–0,Angers,47401.0,Parc des Princes,Hakim Ben El Hadj Salem
Ligue 1,2025-2026,2025-08-23,17:00,Marseille,5–2,Paris FC,64074.0,Orange Vélodrome,Marc Bollengier
Ligue 1,2025-2026,2025-08-23,19:00,Nice,3–1,Auxerre,22175.0,Allianz Riviera,Jeremy Stinat
Ligue 1,2025-2026,2025-08-23,21:05,Lyon,3–0,Metz,49853.0,Groupama Stadium,Eric Wattellier
Ligue 1,2025-2026,2025-08-24,15:00,Lorient,4–0,Rennes,12343.0,Stade Yves Allainmat,Jérôme Brisard
Ligue 1,2025-2026,2025-08-24,17:15,Toulouse,2–0,Brest,23158.0,Stadium de Toulouse,Benoît Millot
Ligue 1,2025-2026,2025-08-24,17:15,Le Havre,1–2,Lens,19375.0,Stade Océane,Guillaume Paradis
Ligue 1,2025-2026,2025-08-24,17:15,Strasbourg,1–0,Nantes,22468.0,Stade de la Meinau,Bastien Dechepy
Ligue 1,2025-2026,2025-08-24,20:45,Lille,1–0,Monaco,43549.0,Decathlon Arena - Stade Pierre-Mauroy,Willy Delajod
Ligue 1,2025-2026,2025-08-29,20:45,Lens,3–1,Brest,37232.0,Stade Bollaert-Delelis,Abdelatif Kherradji
Ligue 1,2025-2026,2025-08-30,17:00,Lorient,1–7,Lille,15512.0,Stade Yves Allainmat,Romain Lissorgue
Ligue 1,2025-2026,2025-08-30,19:00,Nantes,1–0,Auxerre,28784.0,Stade de la Beaujoire - Louis Fonteneau,Stephanie Frappart
Ligue 1,2025-2026,2025-08-30,21:05,Toulouse,3–6,Paris Saint-Germain,31515.0,Stadium de Toulouse,Eric Wattellier
Ligue 1,2025-2026,2025-08-31,15:00,Angers,1–1,Rennes,11512.0,Stade Raymond Kopa,Marc Bollengier
Ligue 1,2025-2026,2025-08-31,17:15,Le Havre,3–1,Nice,16513.0,Stade Océane,Jérôme Brisard
Ligue 1,2025-2026,2025-08-31,17:15,Monaco,3–2,Strasbourg,8718.0,Stade Louis II,Benoît Bastien
Ligue 1,2025-2026,2025-08-31,17:15,Paris FC,3–2,Metz,17345.0,Stade Jean-Bouin,Gael Angoula
Ligue 1,2025-2026,2025-08-31,20:45,Lyon,1–0,Marseille,52095.0,Groupama Stadium,François Letexier
Ligue 1,2025-2026,2025-09-12,20:45,Marseille,4–0,Lorient,64098.0,Orange Vélodrome,Thomas Leonard
Ligue 1,2025-2026,2025-09-13,17:00,Nice,1–0,Nantes,20096.0,Allianz Riviera,Guillaume Paradis
Ligue 1,2025-2026,2025-09-13,21:05,Auxerre,1–2,Monaco,16703.0,Stade de l'Abbé Deschamps,Romain Lissorgue
Ligue 1,2025-2026,2025-09-14,15:00,Lille,2–1,Toulouse,42576.0,Decathlon Arena - Stade Pierre-Mauroy,Jeremy Stinat
Ligue 1,2025-2026,2025-09-14,17:15,Metz,1–1,Angers,21107.0,Stade Saint-Symphorien,Benoît Millot
Ligue 1,2025-2026,2025-09-14,17:15,Brest,1–2,Paris FC,14594.0,Stade Francis-Le Blé,Bastien Dechepy
Ligue 1,2025-2026,2025-09-14,17:15,Paris Saint-Germain,2–0,Lens,47642.0,Parc des Princes,Jeremie Pignard
Ligue 1,2025-2026,2025-09-14,17:15,Strasbourg,1–0,Le Havre,26000.0,Stade de la Meinau,Willy Delajod
Ligue 1,2025-2026,2025-09-14,20:45,Rennes,3–1,Lyon,27392.0,Roazhon Park,Ruddy Buquet
Ligue 1,2025-2026,2025-09-19,20:45,Lyon,1–0,Angers,44437.0,Groupama Stadium,Clement Turpin
Ligue 1,2025-2026,2025-09-20,17:00,Nantes,2–2,Rennes,31337.0,Stade de la Beaujoire - Louis Fonteneau,Mathieu Vernice
Ligue 1,2025-2026,2025-09-20,19:00,Brest,4–1,Nice,14158.0,Stade Francis-Le Blé,Benoît Bastien
Ligue 1,2025-2026,2025-09-20,21:05,Lens,3–0,Lille,38223.0,Stade Bollaert-Delelis,Eric Wattellier
Ligue 1,2025-2026,2025-09-21,15:00,Paris FC,2–3,Strasbourg,17912.0,Stade Jean-Bouin,François Letexier
Ligue 1,2025-2026,2025-09-21,17:15,Auxerre,1–0,Toulouse,15262.0,Stade de l'Abbé Deschamps,Marc Bollengier
Ligue 1,2025-2026,2025-09-21,17:15,Monaco,5–2,Metz,6080.0,Stade Louis II,Stephanie Frappart
Ligue 1,2025-2026,2025-09-21,17:15,Le Havre,1–1,Lorient,17483.0,Stade Océane,Abdelatif Kherradji
Ligue 1,2025-2026,2025-09-22,20:00,Marseille,1–0,Paris Saint-Germain,66190.0,Orange Vélodrome,Jérôme Brisard
Ligue 1,2025-2026,2025-09-26,20:45,Strasbourg,1–2,Marseille,23262.0,Stade de la Meinau,Jeremie Pignard
Ligue 1,2025-2026,2025-09-27,17:00,Lorient,3–1,Monaco,15561.0,Stade Yves Allainmat,Ruddy Buquet
Ligue 1,2025-2026,2025-09-27,19:00,Toulouse,2–2,Nantes,22822.0,Stadium de Toulouse,Benoît Millot
Ligue 1,2025-2026,2025-09-27,21:05,Paris Saint-Germain,2–0,Auxerre,47792.0,Parc des Princes,Thomas Leonard
Ligue 1,2025-2026,2025-09-28,15:00,Nice,1–1,Paris FC,20049.0,Allianz Riviera,Abdelatif Kherradji
Ligue 1,2025-2026,2025-09-28,17:15,Metz,0–0,Le Havre,19976.0,Stade Saint-Symphorien,Guillaume Paradis
Ligue 1,2025-2026,2025-09-28,17:15,Lille,0–1,Lyon,45287.0,Decathlon Arena - Stade Pierre-Mauroy,Mathieu Vernice
Ligue 1,2025-2026,2025-09-28,17:15,Angers,0–2,Brest,10210.0,Stade Raymond Kopa,Willy Delajod
Ligue 1,2025-2026,2025-09-28,20:45,Rennes,0–0,Lens,26414.0,Roazhon Park,Bastien Dechepy
Ligue 1,2025-2026,2025-10-03,20:45,Paris FC,2–0,Lorient,18084.0,Stade Jean-Bouin,Benoît Millot
Ligue 1,2025-2026,2025-10-04,17:00,Metz,0–3,Marseille,28300.0,Stade Saint-Symphorien,Clement Turpin
Ligue 1,2025-2026,2025-10-04,19:00,Brest,0–0,Nantes,14941.0,Stade Francis-Le Blé,Gael Angoula
Ligue 1,2025-2026,2025-10-04,21:05,Auxerre,1–2,Lens,17243.0,Stade de l'Abbé Deschamps,François Letexier
Ligue 1,2025-2026,2025-10-05,15:00,Lyon,1–2,Toulouse,51414.0,Groupama Stadium,Thomas Leonard
Ligue 1,2025-2026,2025-10-05,17:15,Strasbourg,5–0,Angers,22171.0,Stade de la Meinau,Guillaume Paradis
Ligue 1,2025-2026,2025-10-05,17:15,Monaco,2–2,Nice,8500.0,Stade Louis II,Willy Delajod
Ligue 1,2025-2026,2025-10-05,17:15,Le Havre,2–2,Rennes,17802.0,Stade Océane,Jeremie Pignard
Ligue 1,2025-2026,2025-10-05,20:45,Lille,1–1,Paris Saint-Germain,47355.0,Decathlon Arena - Stade Pierre-Mauroy,Benoît Bastien
Ligue 1,2025-2026,2025-10-17,20:45,Paris Saint-Germain,3–3,Strasbourg,47754.0,Parc des Princes,Clement Turpin
Ligue 1,2025-2026,2025-10-18,17:00,Nice,3–2,Lyon,24122.0,Allianz Riviera,Jérôme Brisard
Ligue 1,2025-2026,2025-10-18,19:00,Angers,1–1,Monaco,13423.0,Stade Raymond Kopa,Jeremy Stinat
Ligue 1,2025-2026,2025-10-18,21:05,Marseille,6–2,Le Havre,64869.0,Orange Vélodrome,Bastien Dechepy
Ligue 1,2025-2026,2025-10-19,15:00,Lens,2–1,Paris FC,33773.0,Stade Bollaert-Delelis,Gael Angoula
Ligue 1,2025-2026,2025-10-19,17:15,Rennes,2–2,Auxerre,27148.0,Roazhon Park,Eric Wattellier
Ligue 1,2025-2026,2025-10-19,17:15,Lorient,3–3,Brest,16607.0,Stade Yves Allainmat,Marc Bollengier
Ligue 1,2025-2026,2025-10-19,17:15,Toulouse,4–0,Metz,26078.0,Stadium de Toulouse,François Letexier
Ligue 1,2025-2026,2025-10-19,20:45,Nantes,0–2,Lille,29845.0,Stade de la Beaujoire - Louis Fonteneau,Thomas Leonard
Ligue 1,2025-2026,2025-10-24,20:45,Paris FC,1–2,Nantes,17522.0,Stade Jean-Bouin,Ruddy Buquet
Ligue 1,2025-2026,2025-10-25,17:00,Brest,0–3,Paris Saint-Germain,14978.0,Stade Francis-Le Blé,Jeremie Pignard
Ligue 1,2025-2026,2025-10-25,19:00,Monaco,1–0,Toulouse,7086.0,Stade Louis II,Guillaume Paradis
Ligue 1,2025-2026,2025-10-25,21:05,Lens,2–1,Marseille,38223.0,Stade Bollaert-Delelis,Stephanie Frappart
Ligue 1,2025-2026,2025-10-26,15:00,Lille,6–1,Metz,42089.0,Decathlon Arena - Stade Pierre-Mauroy,Benoît Millot
Ligue 1,2025-2026,2025-10-26,17:15,Auxerre,0–1,Le Havre,16729.0,Stade de l'Abbé Deschamps,Hakim Ben El Hadj Salem
Ligue 1,2025-2026,2025-10-26,17:15,Angers,2–0,Lorient,11682.0,Stade Raymond Kopa,Benoît Bastien
Ligue 1,2025-2026,2025-10-26,17:15,Rennes,1–2,Nice,27658.0,Roazhon Park,Marc Bollengier
Ligue 1,2025-2026,2025-10-26,20:45,Lyon,2–1,Strasbourg,49058.0,Groupama Stadium,Eric Wattellier
Ligue 1,2025-2026,2025-10-29,19:00,Metz,2–0,Lens,20618.0,Stade Saint-Symphorien,Abdelatif Kherradji
Ligue 1,2025-2026,2025-10-29,19:00,Lorient,1–1,Paris Saint-Germain,16706.0,Stade Yves Allainmat,Willy Delajod
Ligue 1,2025-2026,2025-10-29,19:00,Le Havre,1–0,Brest,18484.0,Stade Océane,Benoît Millot
Ligue 1,2025-2026,2025-10-29,19:00,Nice,2–0,Lille,22441.0,Allianz Riviera,Bastien Dechepy
Ligue 1,2025-2026,2025-10-29,21:05,Strasbourg,3–0,Auxerre,22667.0,Stade de la Meinau,Ruddy Buquet
Ligue 1,2025-2026,2025-10-29,21:05,Marseille,2–2,Angers,64599.0,Orange Vélodrome,Thomas Leonard
Ligue 1,2025-2026,2025-10-29,21:05,Nantes,3–5,Monaco,33653.0,Stade de la Beaujoire - Louis Fonteneau,Jérôme Brisard
Ligue 1,2025-2026,2025-10-29,21:05,Paris FC,3–3,Lyon,18445.0,Stade Jean-Bouin,Jeremy Stinat
Ligue 1,2025-2026,2025-10-29,21:05,Toulouse,2–2,Rennes,25484.0,Stadium de Toulouse,Clement Turpin
Ligue 1,2025-2026,2025-11-01,17:00,Paris Saint-Germain,1–0,Nice,47629.0,Parc des Princes,François Letexier
Ligue 1,2025-2026,2025-11-01,19:00,Monaco,0–1,Paris FC,10727.0,Stade Louis II,Eric Wattellier
Ligue 1,2025-2026,2025-11-01,21:05,Auxerre,0–1,Marseille,16529.0,Stade de l'Abbé Deschamps,Benoît Bastien
Ligue 1,2025-2026,2025-11-02,15:00,Rennes,4–1,Strasbourg,27658.0,Roazhon Park,Thomas Leonard
Ligue 1,2025-2026,2025-11-02,17:15,Lille,1–0,Angers,38802.0,Decathlon Arena - Stade Pierre-Mauroy,Jérôme Brisard
Ligue 1,2025-2026,2025-11-02,17:15,Nantes,0–2,Metz,27150.0,Stade de la Beaujoire - Louis Fonteneau,Gael Angoula
Ligue 1,2025-2026,2025-11-02,17:15,Lens,3–0,Lorient,37373.0,Stade Bollaert-Delelis,Jeremie Pignard
Ligue 1,2025-2026,2025-11-02,17:15,Toulouse,0–0,Le Havre,20643.0,Stadium de Toulouse,Jeremy Stinat
Ligue 1,2025-2026,2025-11-02,20:45,Brest,0–0,Lyon,14534.0,Stade Francis-Le Blé,Clement Turpin
Ligue 1,2025-2026,2025-11-07,20:45,Paris FC,0–1,Rennes,16587.0,Stade Jean-Bouin,Guillaume Paradis
Ligue 1,2025-2026,2025-11-08,17:00,Marseille,3–0,Brest,66279.0,Orange Vélodrome,Willy Delajod
Ligue 1,2025-2026,2025-11-08,19:00,Le Havre,1–1,Nantes,19747.0,Stade Océane,Romain Lissorgue
Ligue 1,2025-2026,2025-11-08,21:05,Monaco,1–4,Lens,9456.0,Stade Louis II,Bastien Dechepy
Ligue 1,2025-2026,2025-11-09,15:00,Lorient,1–1,Toulouse,15562.0,Stade Yves Allainmat,Hakim Ben El Hadj Salem
Ligue 1,2025-2026,2025-11-09,17:15,Strasbourg,2–0,Lille,29000.0,Stade de la Meinau,François Letexier
Ligue 1,2025-2026,2025-11-09,17:15,Angers,2–0,Auxerre,11428.0,Stade Raymond Kopa,Abdelatif Kherradji
Ligue 1,2025-2026,2025-11-09,17:15,Metz,2–1,Nice,20683.0,Stade Saint-Symphorien,Stephanie Frappart
Ligue 1,2025-2026,2025-11-09,20:45,Lyon,2–3,Paris Saint-Germain,58257.0,Groupama Stadium,Benoît Bastien
Ligue 1,2025-2026,2025-11-21,20:45,Nice,1–5,Marseille,27089.0,Allianz Riviera,Jeremie Pignard
Ligue 1,2025-2026,2025-11-22,17:00,Lens,1–0,Strasbourg,38211.0,Stade Bollaert-Delelis,Jérôme Brisard
Ligue 1,2025-2026,2025-11-22,19:00,Rennes,4–1,Monaco,27681.0,Roazhon Park,Hakim Ben El Hadj Salem
Ligue 1,2025-2026,2025-11-22,21:05,Paris Saint-Germain,3–0,Le Havre,47694.0,Parc des Princes,Mathieu Vernice
Ligue 1,2025-2026,2025-11-23,15:00,Auxerre,0–0,Lyon,17359.0,Stade de l'Abbé Deschamps,Thomas Leonard
Ligue 1,2025-2026,2025-11-23,17:15,Toulouse,0–1,Angers,19009.0,Stadium de Toulouse,Marc Bollengier
Ligue 1,2025-2026,2025-11-23,17:15,Brest,3–2,Metz,13938.0,Stade Francis-Le Blé,Gael Angoula
Ligue 1,2025-2026,2025-11-23,17:15,Nantes,1–1,Lorient,25967.0,Stade de la Beaujoire - Louis Fonteneau,Ruddy Buquet
Ligue 1,2025-2026,2025-11-23,20:45,Lille,4–2,Paris FC,39053.0,Decathlon Arena - Stade Pierre-Mauroy,Benoît Millot
Ligue 1,2025-2026,2025-11-28,20:45,Metz,0–1,Rennes,20291.0,Stade Saint-Symphorien,Jeremy Stinat
Ligue 1,2025-2026,2025-11-29,17:00,Monaco,1–0,Paris Saint-Germain,11546.0,Stade Louis II,Clement Turpin
Ligue 1,2025-2026,2025-11-29,19:00,Paris FC,1–1,Auxerre,15007.0,Stade Jean-Bouin,François Letexier
Ligue 1,2025-2026,2025-11-29,21:05,Marseille,2–2,Toulouse,65163.0,Orange Vélodrome,Eric Wattellier
Ligue 1,2025-2026,2025-11-30,15:00,Strasbourg,1–2,Brest,30017.0,Stade de la Meinau,Bastien Dechepy
Ligue 1,2025-2026,2025-11-30,17:15,Lorient,3–1,Nice,15648.0,Stade Yves Allainmat,Romain Lissorgue
Ligue 1,2025-2026,2025-11-30,17:15,Le Havre,0–1,Lille,20689.0,Stade Océane,Willy Delajod
Ligue 1,2025-2026,2025-11-30,17:15,Angers,1–2,Lens,12979.0,Stade Raymond Kopa,Guillaume Paradis
Ligue 1,2025-2026,2025-11-30,20:45,Lyon,3–0,Nantes,46449.0,Groupama Stadium,Abdelatif Kherradji
Ligue 1,2025-2026,2025-12-05,19:00,Brest,1–0,Monaco,14522.0,Stade Francis-Le Blé,Thomas Leonard
Ligue 1,2025-2026,2025-12-05,21:00,Lille,1–0,Marseille,48258.0,Decathlon Arena - Stade Pierre-Mauroy,Jérôme Brisard
Ligue 1,2025-2026,2025-12-06,17:00,Nantes,1–2,Lens,26654.0,Stade de la Beaujoire - Louis Fonteneau,Benoît Bastien
Ligue 1,2025-2026,2025-12-06,19:00,Toulouse,1–0,Strasbourg,22031.0,Stadium de Toulouse,Stephanie Frappart
Ligue 1,2025-2026,2025-12-06,21:05,Paris Saint-Germain,5–0,Rennes,47823.0,Parc des Princes,Marc Bollengier
Ligue 1,2025-2026,2025-12-07,15:00,Nice,0–1,Angers,17630.0,Allianz Riviera,Jeremy Stinat
Ligue 1,2025-2026,2025-12-07,17:15,Le Havre,0–0,Paris FC,17460.0,Stade Océane,Ruddy Buquet
Ligue 1,2025-2026,2025-12-07,17:15,Auxerre,3–1,Metz,15588.0,Stade de l'Abbé Deschamps,Eric Wattellier
Ligue 1,2025-2026,2025-12-07,20:45,Lorient,1–0,Lyon,16213.0,Stade Yves Allainmat,Mathieu Vernice
Ligue 1,2025-2026,2025-12-12,20:45,Angers,4–1,Nantes,14308.0,Stade Raymond Kopa,Stephanie Frappart
Ligue 1,2025-2026,2025-12-13,17:00,Rennes,3–1,Brest,27959.0,Roazhon Park,Benoît Millot
Ligue 1,2025-2026,2025-12-13,19:00,Metz,2–3,Paris Saint-Germain,28500.0,Stade Saint-Symphorien,Romain Lissorgue
Ligue 1,2025-2026,2025-12-13,21:05,Paris FC,0–3,Toulouse,15822.0,Stade Jean-Bouin,Bastien Dechepy
Ligue 1,2025-2026,2025-12-14,15:00,Lyon,1–0,Le Havre,42168.0,Groupama Stadium,Marc Bollengier
Ligue 1,2025-2026,2025-12-14,17:15,Strasbourg,0–0,Lorient,29951.0,Stade de la Meinau,Gael Angoula
Ligue 1,2025-2026,2025-12-14,17:15,Lens,2–0,Nice,37278.0,Stade Bollaert-Delelis,Willy Delajod
Ligue 1,2025-2026,2025-12-14,17:15,Auxerre,3–4,Lille,16124.0,Stade de l'Abbé Deschamps,Jeremie Pignard
Ligue 1,2025-2026,2025-12-14,20:45,Marseille,1–0,Monaco,64509.0,Orange Vélodrome,François Letexier
Ligue 1,2025-2026,2026-01-02,20:45,Toulouse,0–3,Lens,30266.0,Stadium de Toulouse,Mathieu Vernice
Ligue 1,2025-2026,2026-01-03,17:00,Monaco,1–3,Lyon,11828.0,Stade Louis II,Jérôme Brisard
Ligue 1,2025-2026,2026-01-03,19:00,Nice,1–1,Strasbourg,18365.0,Allianz Riviera,Clement Turpin
Ligue 1,2025-2026,2026-01-03,21:05,Lille,0–2,Rennes,41527.0,Decathlon Arena - Stade Pierre-Mauroy,Eric Wattellier
Ligue 1,2025-2026,2026-01-04,15:00,Marseille,0–2,Nantes,64780.0,Orange Vélodrome,Marc Bollengier
Ligue 1,2025-2026,2026-01-04,17:15,Lorient,1–1,Metz,12602.0,Stade Yves Allainmat,Guillaume Paradis
Ligue 1,2025-2026,2026-01-04,17:15,Brest,2–0,Auxerre,13772.0,Stade Francis-Le Blé,Jeremy Stinat
Ligue 1,2025-2026,2026-01-04,17:15,Le Havre,2–1,Angers,16099.0,Stade Océane,Hakim Ben El Hadj Salem
Ligue 1,2025-2026,2026-01-04,20:45,Paris Saint-Germain,2–1,Paris FC,47000.0,Parc des Princes,Benoît Bastien
Ligue 1,2025-2026,2026-01-16,19:00,Monaco,1–3,Lorient,4810.0,Stade Louis II,Willy Delajod
Ligue 1,2025-2026,2026-01-16,21:00,Paris Saint-Germain,3–0,Lille,46909.0,Parc des Princes,Jérôme Brisard
Ligue 1,2025-2026,2026-01-17,17:00,Lens,1–0,Auxerre,38083.0,Stade Bollaert-Delelis,Bastien Dechepy
Ligue 1,2025-2026,2026-01-17,19:00,Toulouse,5–1,Nice,25284.0,Stadium de Toulouse,Gael Angoula
Ligue 1,2025-2026,2026-01-17,21:05,Angers,2–5,Marseille,15266.0,Stade Raymond Kopa,Ruddy Buquet
Ligue 1,2025-2026,2026-01-18,15:00,Strasbourg,2–1,Metz,30612.0,Stade de la Meinau,Jeremie Pignard
Ligue 1,2025-2026,2026-01-18,17:15,Rennes,1–1,Le Havre,27650.0,Roazhon Park,Stephanie Frappart
Ligue 1,2025-2026,2026-01-18,17:15,Nantes,1–2,Paris FC,24768.0,Stade de la Beaujoire - Louis Fonteneau,Benoît Millot
Ligue 1,2025-2026,2026-01-18,20:45,Lyon,2–1,Brest,46046.0,Groupama Stadium,Romain Lissorgue
Ligue 1,2025-2026,2026-01-23,20:00,Auxerre,0–1,Paris Saint-Germain,17254.0,Stade de l'Abbé Deschamps,Mathieu Vernice
Ligue 1,2025-2026,2026-01-24,17:00,Rennes,0–2,Lorient,28659.0,Roazhon Park,Clement Turpin
Ligue 1,2025-2026,2026-01-24,19:00,Le Havre,0–0,Monaco,19033.0,Stade Océane,Marc Bollengier
Ligue 1,2025-2026,2026-01-24,21:05,Marseille,3–1,Lens,52673.0,Orange Vélodrome,Benoît Bastien
Ligue 1,2025-2026,2026-01-25,15:00,Nantes,1–4,Nice,23112.0,Stade de la Beaujoire - Louis Fonteneau,Hakim Ben El Hadj Salem
Ligue 1,2025-2026,2026-01-25,17:15,Paris FC,0–0,Angers,15003.0,Stade Jean-Bouin,Thomas Leonard
Ligue 1,2025-2026,2026-01-25,17:15,Metz,2–5,Lyon,28244.0,Stade Saint-Symphorien,Eric Wattellier
Ligue 1,2025-2026,2026-01-25,17:15,Brest,0–2,Toulouse,13823.0,Stade Francis-Le Blé,Guillaume Paradis
Ligue 1,2025-2026,2026-01-25,20:45,Lille,1–4,Strasbourg,38551.0,Decathlon Arena - Stade Pierre-Mauroy,Willy Delajod
Ligue 1,2025-2026,2026-01-30,20:45,Lens,1–0,Le Havre,38158.0,Stade Bollaert-Delelis,Jeremy Stinat
Ligue 1,2025-2026,2026-01-31,17:00,Paris FC,2–2,Marseille,19209.0,Stade Jean-Bouin,Jeremie Pignard
Ligue 1,2025-2026,2026-01-31,19:00,Lorient,2–1,Nantes,14237.0,Stade Yves Allainmat,Bastien Dechepy
Ligue 1,2025-2026,2026-01-31,21:05,Monaco,4–0,Rennes,5319.0,Stade Louis II,Ruddy Buquet
Ligue 1,2025-2026,2026-02-01,15:00,Lyon,1–0,Lille,56150.0,Groupama Stadium,François Letexier
Ligue 1,2025-2026,2026-02-01,17:15,Toulouse,0–0,Auxerre,23704.0,Stadium de Toulouse,Romain Lissorgue
Ligue 1,2025-2026,2026-02-01,17:15,Nice,2–2,Brest,18757.0,Allianz Riviera,Stephanie Frappart
Ligue 1,2025-2026,2026-02-01,17:15,Angers,1–0,Metz,10336.0,Stade Raymond Kopa,Benoît Millot
Ligue 1,2025-2026,2026-02-01,20:45,Strasbourg,1–2,Paris Saint-Germain,31324.0,Stade de la Meinau,Eric Wattellier
Ligue 1,2025-2026,2026-02-06,20:45,Metz,0–0,Lille,20378.0,Stade Saint-Symphorien,Guillaume Paradis
Ligue 1,2025-2026,2026-02-07,17:00,Lens,3–1,Rennes,38174.0,Stade Bollaert-Delelis,Jeremie Pignard
Ligue 1,2025-2026,2026-02-07,19:00,Brest,2–0,Lorient,14944.0,Stade Francis-Le Blé,Gael Angoula
Ligue 1,2025-2026,2026-02-07,21:05,Nantes,0–1,Lyon,30849.0,Stade de la Beaujoire - Louis Fonteneau,Mathieu Vernice
Ligue 1,2025-2026,2026-02-08,15:00,Nice,0–0,Monaco,24243.0,Allianz Riviera,Benoît Bastien
Ligue 1,2025-2026,2026-02-08,17:15,Le Havre,2–1,Strasbourg,18014.0,Stade Océane,Abdelatif Kherradji
Ligue 1,2025-2026,2026-02-08,17:15,Auxerre,0–0,Paris FC,15834.0,Stade de l'Abbé Deschamps,François Letexier
Ligue 1,2025-2026,2026-02-08,17:15,Angers,1–0,Toulouse,11237.0,Stade Raymond Kopa,Clement Turpin
Ligue 1,2025-2026,2026-02-08,20:45,Paris Saint-Germain,5–0,Marseille,47926.0,Parc des Princes,Willy Delajod
Ligue 1,2025-2026,2026-02-13,19:00,Rennes,3–1,Paris Saint-Germain,28545.0,Roazhon Park,Benoît Bastien
Ligue 1,2025-2026,2026-02-13,21:05,Monaco,3–1,Nantes,5237.0,Stade Louis II,Eric Wattellier
Ligue 1,2025-2026,2026-02-14,17:00,Marseille,2–2,Strasbourg,59238.0,Orange Vélodrome,François Letexier
Ligue 1,2025-2026,2026-02-14,19:00,Lille,1–1,Brest,44145.0,Decathlon Arena - Stade Pierre-Mauroy,Hakim Ben El Hadj Salem
Ligue 1,2025-2026,2026-02-14,21:05,Paris FC,0–5,Lens,17536.0,Stade Jean-Bouin,Bastien Dechepy
Ligue 1,2025-2026,2026-02-15,15:00,Le Havre,2–1,Toulouse,18345.0,Stade Océane,Jérôme Brisard
Ligue 1,2025-2026,2026-02-15,17:15,Lorient,2–0,Angers,13720.0,Stade Yves Allainmat,Stephanie Frappart
Ligue 1,2025-2026,2026-02-15,17:15,Metz,1–3,Auxerre,22931.0,Stade Saint-Symphorien,Marc Bollengier
Ligue 1,2025-2026,2026-02-15,20:45,Lyon,2–0,Nice,48618.0,Groupama Stadium,Thomas Leonard
Ligue 1,2025-2026,2026-02-20,20:45,Brest,2–0,Marseille,14482.0,Stade Francis-Le Blé,Romain Lissorgue
Ligue 1,2025-2026,2026-02-21,17:00,Lens,2–3,Monaco,37727.0,Stade Bollaert-Delelis,Willy Delajod
Ligue 1,2025-2026,2026-02-21,19:00,Toulouse,1–1,Paris FC,31400.0,Stadium de Toulouse,Benoît Millot
Ligue 1,2025-2026,2026-02-21,21:05,Paris Saint-Germain,3–0,Metz,7501.0,Parc des Princes,Abdelatif Kherradji
Ligue 1,2025-2026,2026-02-22,15:00,Auxerre,0–3,Rennes,15894.0,Stade de l'Abbé Deschamps,Gael Angoula
Ligue 1,2025-2026,2026-02-22,17:15,Angers,0–1,Lille,,Stade Raymond Kopa,Mathieu Vernice
Ligue 1,2025-2026,2026-02-22,17:15,Nice,3–3,Lorient,18083.0,Allianz Riviera,Jeremy Stinat
Ligue 1,2025-2026,2026-02-22,17:15,Nantes,2–0,Le Havre,23341.0,Stade de la Beaujoire - Louis Fonteneau,Jeremie Pignard
Ligue 1,2025-2026,2026-02-22,20:45,Strasbourg,3–1,Lyon,29000.0,Stade de la Meinau,Ruddy Buquet
Ligue 1,2025-2026,2026-02-27,20:45,Strasbourg,1–1,Lens,29000.0,Stade de la Meinau,Clement Turpin
Ligue 1,2025-2026,2026-02-28,17:00,Rennes,1–0,Toulouse,28060.0,Roazhon Park,Stephanie Frappart
Ligue 1,2025-2026,2026-02-28,19:00,Monaco,2–0,Angers,5186.0,Stade Louis II,Guillaume Paradis
Ligue 1,2025-2026,2026-02-28,21:05,Le Havre,0–1,Paris Saint-Germain,23569.0,Stade Océane,Marc Bollengier
Ligue 1,2025-2026,2026-03-01,15:00,Paris FC,1–0,Nice,14879.0,Stade Jean-Bouin,Hakim Ben El Hadj Salem
Ligue 1,2025-2026,2026-03-01,17:15,Lorient,2–2,Auxerre,16071.0,Stade Yves Allainmat,Ruddy Buquet
Ligue 1,2025-2026,2026-03-01,17:15,Metz,0–1,Brest,19705.0,Stade Saint-Symphorien,Jeremy Stinat
Ligue 1,2025-2026,2026-03-01,17:15,Lille,1–0,Nantes,39161.0,Decathlon Arena - Stade Pierre-Mauroy,Thomas Leonard
Ligue 1,2025-2026,2026-03-01,20:45,Marseille,3–2,Lyon,66225.0,Orange Vélodrome,Jérôme Brisard
Ligue 1,2025-2026,2026-03-06,20:45,Paris Saint-Germain,1–3,Monaco,46806.0,Parc des Princes,Ruddy Buquet
Ligue 1,2025-2026,2026-03-07,17:00,Nantes,0–1,Angers,25042.0,Stade de la Beaujoire - Louis Fonteneau,Willy Delajod
Ligue 1,2025-2026,2026-03-07,19:00,Auxerre,0–0,Strasbourg,16237.0,Stade de l'Abbé Deschamps,Jeremie Pignard
Ligue 1,2025-2026,2026-03-07,21:05,Toulouse,0–1,Marseille,31788.0,Stadium de Toulouse,Bastien Dechepy
Ligue 1,2025-2026,2026-03-08,15:00,Lens,3–0,Metz,37381.0,Stade Bollaert-Delelis,Mathieu Vernice
Ligue 1,2025-2026,2026-03-08,17:15,Lille,1–1,Lorient,42082.0,Decathlon Arena - Stade Pierre-Mauroy,Abdelatif Kherradji
Ligue 1,2025-2026,2026-03-08,17:15,Brest,2–0,Le Havre,14601.0,Stade Francis-Le Blé,Benoît Bastien
Ligue 1,2025-2026,2026-03-08,17:15,Nice,0–4,Rennes,21134.0,Allianz Riviera,Romain Lissorgue
Ligue 1,2025-2026,2026-03-08,20:45,Lyon,1–1,Paris FC,42148.0,Groupama Stadium,Eric Wattellier
Ligue 1,2025-2026,2026-03-13,20:45,Marseille,1–0,Auxerre,55766.0,Orange Vélodrome,Marc Bollengier
Ligue 1,2025-2026,2026-03-14,17:00,Lorient,2–1,Lens,15942.0,Stade Yves Allainmat,Thomas Leonard
Ligue 1,2025-2026,2026-03-14,19:00,Angers,0–2,Nice,12709.0,Stade Raymond Kopa,François Letexier
Ligue 1,2025-2026,2026-03-14,21:05,Monaco,2–0,Brest,5288.0,Stade Louis II,Jeremie Pignard
Ligue 1,2025-2026,2026-03-15,15:00,Strasbourg,0–0,Paris FC,29865.0,Stade de la Meinau,Benoît Millot
Ligue 1,2025-2026,2026-03-15,17:15,Metz,3–4,Toulouse,19760.0,Stade Saint-Symphorien,Gael Angoula
Ligue 1,2025-2026,2026-03-15,17:15,Le Havre,0–0,Lyon,22264.0,Stade Océane,Jeremy Stinat
Ligue 1,2025-2026,2026-03-15,20:45,Rennes,1–2,Lille,28219.0,Roazhon Park,Jérôme Brisard
Ligue 1,2025-2026,2026-03-20,20:45,Lens,5–1,Angers,37303.0,Stade Bollaert-Delelis,Stephanie Frappart
Ligue 1,2025-2026,2026-03-21,17:00,Toulouse,1–0,Lorient,23011.0,Stadium de Toulouse,Guillaume Paradis
Ligue 1,2025-2026,2026-03-21,19:00,Auxerre,3–0,Brest,15336.0,Stade de l'Abbé Deschamps,Thomas Leonard
Ligue 1,2025-2026,2026-03-21,21:05,Nice,0–4,Paris Saint-Germain,28815.0,Allianz Riviera,Willy Delajod
Ligue 1,2025-2026,2026-03-22,15:00,Lyon,1–2,Monaco,56039.0,Groupama Stadium,François Letexier
Ligue 1,2025-2026,2026-03-22,17:15,Rennes,0–0,Metz,28206.0,Roazhon Park,Bastien Dechepy
Ligue 1,2025-2026,2026-03-22,17:15,Marseille,1–2,Lille,59865.0,Orange Vélodrome,Benoît Bastien
Ligue 1,2025-2026,2026-03-22,17:15,Paris FC,3–2,Le Havre,15612.0,Stade Jean-Bouin,Clement Turpin
Ligue 1,2025-2026,2026-03-22,20:45,Nantes,2–3,Strasbourg,21878.0,Stade de la Beaujoire - Louis Fonteneau,Mathieu Vernice
Ligue 1,2025-2026,2026-04-03,20:45,Paris Saint-Germain,3–1,Toulouse,47710.0,Parc des Princes,Eric Wattellier
Ligue 1,2025-2026,2026-04-04,17:00,Strasbourg,3–1,Nice,29000.0,Stade de la Meinau,Thomas Leonard
Ligue 1,2025-2026,2026-04-04,19:00,Brest,3–4,Rennes,15031.0,Stade Francis-Le Blé,Marc Bollengier
Ligue 1,2025-2026,2026-04-04,21:05,Lille,3–0,Lens,48491.0,Decathlon Arena - Stade Pierre-Mauroy,François Letexier
Ligue 1,2025-2026,2026-04-05,15:00,Angers,0–0,Lyon,14674.0,Stade Raymond Kopa,Ruddy Buquet
Ligue 1,2025-2026,2026-04-05,17:15,Le Havre,1–1,Auxerre,21053.0,Stade Océane,Benoît Millot
Ligue 1,2025-2026,2026-04-05,17:15,Lorient,1–1,Paris FC,16211.0,Stade Yves Allainmat,Gael Angoula
Ligue 1,2025-2026,2026-04-05,17:15,Metz,0–0,Nantes,20591.0,Stade Saint-Symphorien,Jérôme Brisard
Ligue 1,2025-2026,2026-04-05,20:45,Monaco,2–1,Marseille,10495.0,Stade Louis II,Clement Turpin
Ligue 1,2025-2026,2026-04-10,19:00,Paris FC,4–1,Monaco,16520.0,Stade Jean-Bouin,Eric Wattellier
Ligue 1,2025-2026,2026-04-10,21:05,Marseille,3–1,Metz,63923.0,Orange Vélodrome,Stephanie Frappart
Ligue 1,2025-2026,2026-04-11,19:00,Auxerre,0–0,Nantes,17041.0,Stade de l'Abbé Deschamps,Willy Delajod
Ligue 1,2025-2026,2026-04-11,21:05,Rennes,2–1,Angers,26749.0,Roazhon Park,Mathieu Vernice
Ligue 1,2025-2026,2026-04-12,17:15,Toulouse,0–4,Lille,24568.0,Stadium de Toulouse,Hakim Ben El Hadj Salem
Ligue 1,2025-2026,2026-04-12,17:15,Nice,1–1,Le Havre,19772.0,Allianz Riviera,Abdelatif Kherradji
Ligue 1,2025-2026,2026-04-12,20:45,Lyon,2–0,Lorient,43551.0,Groupama Stadium,Benoît Bastien
Ligue 1,2025-2026,2026-04-17,20:45,Lens,3–2,Toulouse,37351.0,Stade Bollaert-Delelis,Jeremie Pignard
Ligue 1,2025-2026,2026-04-18,17:00,Lorient,2–0,Marseille,16585.0,Stade Yves Allainmat,Eric Wattellier
Ligue 1,2025-2026,2026-04-18,19:00,Angers,1–1,Le Havre,12660.0,Stade Raymond Kopa,Marc Bollengier
Ligue 1,2025-2026,2026-04-18,21:05,Lille,0–0,Nice,40159.0,Decathlon Arena - Stade Pierre-Mauroy,Bastien Dechepy
Ligue 1,2025-2026,2026-04-19,15:00,Monaco,2–2,Auxerre,8473.0,Stade Louis II,Thomas Leonard
Ligue 1,2025-2026,2026-04-19,17:15,Metz,1–3,Paris FC,19409.0,Stade Saint-Symphorien,Jeremy Stinat
Ligue 1,2025-2026,2026-04-19,17:15,Nantes,1–1,Brest,24899.0,Stade de la Beaujoire - Louis Fonteneau,Guillaume Paradis
Ligue 1,2025-2026,2026-04-19,17:15,Strasbourg,0–3,Rennes,29000.0,Stade de la Meinau,Ruddy Buquet
Ligue 1,2025-2026,2026-04-19,20:45,Paris Saint-Germain,1–2,Lyon,47926.0,Parc des Princes,Jérôme Brisard
Ligue 1,2025-2026,2026-04-22,19:00,Paris Saint-Germain,3–0,Nantes,47388.0,Parc des Princes,Clement Turpin
Ligue 1,2025-2026,2026-04-24,20:45,Brest,3–3,Lens,14550.0,Stade Francis-Le Blé,Stephanie Frappart
Ligue 1,2025-2026,2026-04-25,15:00,Lyon,3–2,Auxerre,51440.0,Groupama Stadium,Ruddy Buquet
Ligue 1,2025-2026,2026-04-25,19:00,Angers,0–3,Paris Saint-Germain,14977.0,Stade Raymond Kopa,Jeremy Stinat
Ligue 1,2025-2026,2026-04-25,21:05,Toulouse,2–2,Monaco,24750.0,Stadium de Toulouse,Clement Turpin
Ligue 1,2025-2026,2026-04-26,15:00,Lorient,2–3,Strasbourg,15674.0,Stade Yves Allainmat,Benoît Millot
Ligue 1,2025-2026,2026-04-26,17:15,Paris FC,0–1,Lille,17243.0,Stade Jean-Bouin,Mathieu Vernice
Ligue 1,2025-2026,2026-04-26,17:15,Rennes,2–1,Nantes,27576.0,Roazhon Park,Benoît Bastien
Ligue 1,2025-2026,2026-04-26,17:15,Le Havre,4–4,Metz,19162.0,Stade Océane,François Letexier
Ligue 1,2025-2026,2026-04-26,20:45,Marseille,1–1,Nice,60021.0,Orange Vélodrome,Willy Delajod
Ligue 1,2024-2025,2024-08-16,20:45,Le Havre,1–4,Paris Saint-Germain,23167.0,Stade Océane,Willy Delajod
Ligue 1,2024-2025,2024-08-17,17:00,Brest,1–5,Marseille,14962.0,Stade Francis-Le Blé,Benoît Bastien
Ligue 1,2024-2025,2024-08-17,19:00,Reims,0–2,Lille,14755.0,Stade Auguste-Delaune,Eric Wattellier
Ligue 1,2024-2025,2024-08-17,21:00,Monaco,1–0,Saint-Étienne,14250.0,Stade Louis II,Clement Turpin
Ligue 1,2024-2025,2024-08-18,15:00,Auxerre,2–1,Nice,16354.0,Stade de l'Abbé Deschamps,Romain Lissorgue
Ligue 1,2024-2025,2024-08-18,17:00,Montpellier,1–1,Strasbourg,15706.0,Stade de la Mosson-Mondial 98,Mathieu Vernice
Ligue 1,2024-2025,2024-08-18,17:00,Angers,0–1,Lens,14811.0,Stade Raymond Kopa,Thomas Leonard
Ligue 1,2024-2025,2024-08-18,17:00,Toulouse,0–0,Nantes,25491.0,Stadium de Toulouse,Jeremy Stinat
Ligue 1,2024-2025,2024-08-18,20:45,Rennes,3–0,Lyon,26026.0,Roazhon Park,Benoît Millot
Ligue 1,2024-2025,2024-08-23,20:45,Paris Saint-Germain,6–0,Montpellier,46000.0,Parc des Princes,Marc Bollengier
Ligue 1,2024-2025,2024-08-24,17:00,Lyon,0–2,Monaco,54392.0,Groupama Stadium,Stephanie Frappart
Ligue 1,2024-2025,2024-08-24,19:00,Lille,2–0,Angers,36906.0,Decathlon Arena - Stade Pierre-Mauroy,Abdelatif Kherradji
Ligue 1,2024-2025,2024-08-24,21:00,Saint-Étienne,0–2,Le Havre,16958.0,Stade Geoffroy-Guichard,Florent Batta
Ligue 1,2024-2025,2024-08-25,15:00,Lens,2–0,Brest,37435.0,Stade Bollaert-Delelis,Jeremie Pignard
Ligue 1,2024-2025,2024-08-25,17:00,Strasbourg,3–1,Rennes,19026.0,Stade de la Meinau,Eric Wattellier
Ligue 1,2024-2025,2024-08-25,17:00,Nice,1–1,Toulouse,21656.0,Allianz Riviera,Bastien Dechepy
Ligue 1,2024-2025,2024-08-25,17:00,Nantes,2–0,Auxerre,31077.0,Stade de la Beaujoire - Louis Fonteneau,Gael Angoula
Ligue 1,2024-2025,2024-08-25,20:45,Marseille,2–2,Reims,63841.0,Orange Vélodrome,Hakim Ben El Hadj Salem
Ligue 1,2024-2025,2024-08-30,20:45,Lyon,4–3,Strasbourg,43805.0,Groupama Stadium,Thomas Leonard
Ligue 1,2024-2025,2024-08-31,17:00,Brest,4–0,Saint-Étienne,14885.0,Stade Francis-Le Blé,Gael Angoula
Ligue 1,2024-2025,2024-08-31,19:00,Montpellier,1–3,Nantes,13000.0,Stade de la Mosson-Mondial 98,Benoît Millot
Ligue 1,2024-2025,2024-08-31,21:00,Toulouse,1–3,Marseille,19178.0,Stadium de Toulouse,Stephanie Frappart
Ligue 1,2024-2025,2024-09-01,15:00,Monaco,1–1,Lens,9030.0,Stade Louis II,Willy Delajod
Ligue 1,2024-2025,2024-09-01,17:00,Angers,1–4,Nice,9168.0,Stade Raymond Kopa,Jeremy Stinat
Ligue 1,2024-2025,2024-09-01,17:00,Reims,2–1,Rennes,12856.0,Stade Auguste-Delaune,Mathieu Vernice
Ligue 1,2024-2025,2024-09-01,17:00,Le Havre,3–1,Auxerre,19715.0,Stade Océane,Marc Bollengier
Ligue 1,2024-2025,2024-09-01,20:45,Lille,1–3,Paris Saint-Germain,45434.0,Decathlon Arena - Stade Pierre-Mauroy,Benoît Bastien
Ligue 1,2024-2025,2024-09-13,20:45,Saint-Étienne,1–0,Lille,23000.0,Stade Geoffroy-Guichard,François Letexier
Ligue 1,2024-2025,2024-09-14,17:00,Marseille,2–0,Nice,65803.0,Orange Vélodrome,Benoît Millot
Ligue 1,2024-2025,2024-09-14,19:00,Auxerre,0–3,Monaco,17045.0,Stade de l'Abbé Deschamps,Abdelatif Kherradji
Ligue 1,2024-2025,2024-09-14,21:00,Paris Saint-Germain,3–1,Brest,47000.0,Parc des Princes,Clement Turpin
Ligue 1,2024-2025,2024-09-15,15:00,Rennes,3–0,Montpellier,27451.0,Roazhon Park,Jeremie Pignard
Ligue 1,2024-2025,2024-09-15,17:00,Strasbourg,1–1,Angers,19135.0,Stade de la Meinau,Hakim Ben El Hadj Salem
Ligue 1,2024-2025,2024-09-15,17:00,Toulouse,2–0,Le Havre,30097.0,Stadium de Toulouse,Eric Wattellier
Ligue 1,2024-2025,2024-09-15,17:00,Nantes,1–2,Reims,29811.0,Stade de la Beaujoire - Louis Fonteneau,Willy Delajod
Ligue 1,2024-2025,2024-09-15,20:45,Lens,0–0,Lyon,38116.0,Stade Bollaert-Delelis,Bastien Dechepy
Ligue 1,2024-2025,2024-09-20,20:45,Nice,8–0,Saint-Étienne,30024.0,Allianz Riviera,Thomas Leonard
Ligue 1,2024-2025,2024-09-21,17:00,Lille,3–3,Strasbourg,39516.0,Decathlon Arena - Stade Pierre-Mauroy,Jérôme Brisard
Ligue 1,2024-2025,2024-09-21,19:00,Rennes,1–1,Lens,28500.0,Roazhon Park,Jeremy Stinat
Ligue 1,2024-2025,2024-09-21,21:00,Reims,1–1,Paris Saint-Germain,20220.0,Stade Auguste-Delaune,Jeremie Pignard
Ligue 1,2024-2025,2024-09-22,15:00,Monaco,3–1,Le Havre,6000.0,Stade Louis II,Stephanie Frappart
Ligue 1,2024-2025,2024-09-22,17:00,Angers,1–1,Nantes,16960.0,Stade Raymond Kopa,Mathieu Vernice
Ligue 1,2024-2025,2024-09-22,17:00,Brest,2–0,Toulouse,14580.0,Stade Francis-Le Blé,Florent Batta
Ligue 1,2024-2025,2024-09-22,17:00,Montpellier,3–2,Auxerre,11643.0,Stade de la Mosson-Mondial 98,Hakim Ben El Hadj Salem
Ligue 1,2024-2025,2024-09-22,20:45,Lyon,2–3,Marseille,53928.0,Groupama Stadium,Benoît Bastien
Ligue 1,2024-2025,2024-09-27,19:00,Auxerre,3–0,Brest,15381.0,Stade de l'Abbé Deschamps,Jeremy Stinat
Ligue 1,2024-2025,2024-09-27,21:00,Paris Saint-Germain,3–1,Rennes,47000.0,Parc des Princes,Hakim Ben El Hadj Salem
Ligue 1,2024-2025,2024-09-28,17:00,Lens,0–0,Nice,37301.0,Stade Bollaert-Delelis,François Letexier
Ligue 1,2024-2025,2024-09-28,19:00,Le Havre,0–3,Lille,21369.0,Stade Océane,Bastien Dechepy
Ligue 1,2024-2025,2024-09-28,21:00,Monaco,2–1,Montpellier,13065.0,Stade Louis II,Marc Bollengier
Ligue 1,2024-2025,2024-09-29,15:00,Toulouse,1–2,Lyon,30026.0,Stadium de Toulouse,Gael Angoula
Ligue 1,2024-2025,2024-09-29,17:00,Angers,1–3,Reims,8526.0,Stade Raymond Kopa,Eric Wattellier
Ligue 1,2024-2025,2024-09-29,17:00,Nantes,2–2,Saint-Étienne,34005.0,Stade de la Beaujoire - Louis Fonteneau,Abdelatif Kherradji
Ligue 1,2024-2025,2024-09-29,20:45,Strasbourg,1–0,Marseille,19790.0,Stade de la Meinau,Willy Delajod
Ligue 1,2024-2025,2024-10-04,20:45,Marseille,1–1,Angers,54568.0,Orange Vélodrome,Romain Lissorgue
Ligue 1,2024-2025,2024-10-05,17:00,Saint-Étienne,3–1,Auxerre,31445.0,Stade Geoffroy-Guichard,Mathieu Vernice
Ligue 1,2024-2025,2024-10-05,19:00,Lille,2–1,Toulouse,36947.0,Decathlon Arena - Stade Pierre-Mauroy,Clement Turpin
Ligue 1,2024-2025,2024-10-05,21:00,Rennes,1–2,Monaco,26533.0,Roazhon Park,Thomas Leonard
Ligue 1,2024-2025,2024-10-06,15:00,Lyon,2–0,Nantes,51888.0,Groupama Stadium,Marc Bollengier
Ligue 1,2024-2025,2024-10-06,17:00,Brest,2–0,Le Havre,14572.0,Stade Francis-Le Blé,Benoît Millot
Ligue 1,2024-2025,2024-10-06,17:00,Reims,4–2,Montpellier,14903.0,Stade Auguste-Delaune,Benoît Bastien
Ligue 1,2024-2025,2024-10-06,17:00,Strasbourg,2–2,Lens,19968.0,Stade de la Meinau,Stephanie Frappart
Ligue 1,2024-2025,2024-10-06,20:45,Nice,1–1,Paris Saint-Germain,30247.0,Allianz Riviera,Jérôme Brisard
Ligue 1,2024-2025,2024-10-18,20:45,Monaco,0–0,Lille,7263.0,Stade Louis II,Eric Wattellier
Ligue 1,2024-2025,2024-10-19,17:00,Brest,1–1,Rennes,15099.0,Stade Francis-Le Blé,Bastien Dechepy
Ligue 1,2024-2025,2024-10-19,19:00,Saint-Étienne,0–2,Lens,36832.0,Stade Geoffroy-Guichard,Romain Lissorgue
Ligue 1,2024-2025,2024-10-19,21:00,Paris Saint-Germain,4–2,Strasbourg,47590.0,Parc des Princes,Jeremy Stinat
Ligue 1,2024-2025,2024-10-20,15:00,Le Havre,0–4,Lyon,22490.0,Stade Océane,Abdelatif Kherradji
Ligue 1,2024-2025,2024-10-20,17:00,Auxerre,2–1,Reims,17016.0,Stade de l'Abbé Deschamps,Florent Batta
Ligue 1,2024-2025,2024-10-20,17:00,Nantes,1–1,Nice,28141.0,Stade de la Beaujoire - Louis Fonteneau,Gael Angoula
Ligue 1,2024-2025,2024-10-20,17:00,Toulouse,1–1,Angers,24107.0,Stadium de Toulouse,Willy Delajod
Ligue 1,2024-2025,2024-10-20,20:45,Montpellier,0–5,Marseille,18000.0,Stade de la Mosson-Mondial 98,Clement Turpin
Ligue 1,2024-2025,2024-10-25,20:45,Rennes,1–0,Le Havre,27130.0,Roazhon Park,Florent Batta
Ligue 1,2024-2025,2024-10-26,17:00,Angers,4–2,Saint-Étienne,13796.0,Stade Raymond Kopa,Marc Bollengier
Ligue 1,2024-2025,2024-10-26,19:00,Reims,1–2,Brest,17172.0,Stade Auguste-Delaune,Jérôme Brisard
Ligue 1,2024-2025,2024-10-26,21:00,Lens,0–2,Lille,38223.0,Stade Bollaert-Delelis,Benoît Bastien
Ligue 1,2024-2025,2024-10-27,15:00,Lyon,2–2,Auxerre,54868.0,Groupama Stadium,Jeremy Stinat
Ligue 1,2024-2025,2024-10-27,17:00,Nice,2–1,Monaco,29795.0,Allianz Riviera,Jeremie Pignard
Ligue 1,2024-2025,2024-10-27,17:00,Strasbourg,3–1,Nantes,19398.0,Stade de la Meinau,Hakim Ben El Hadj Salem
Ligue 1,2024-2025,2024-10-27,17:00,Montpellier,0–3,Toulouse,14111.0,Stade de la Mosson-Mondial 98,Thomas Leonard
Ligue 1,2024-2025,2024-10-27,20:45,Marseille,0–3,Paris Saint-Germain,66115.0,Orange Vélodrome,François Letexier
Ligue 1,2024-2025,2024-11-01,19:00,Monaco,0–1,Angers,10540.0,Stade Louis II,Abdelatif Kherradji
Ligue 1,2024-2025,2024-11-01,21:00,Lille,1–1,Lyon,45084.0,Decathlon Arena - Stade Pierre-Mauroy,Jérôme Brisard
Ligue 1,2024-2025,2024-11-02,17:00,Paris Saint-Germain,1–0,Lens,47926.0,Parc des Princes,Willy Delajod
Ligue 1,2024-2025,2024-11-02,19:00,Brest,0–1,Nice,14534.0,Stade Francis-Le Blé,Clement Turpin
Ligue 1,2024-2025,2024-11-02,21:00,Saint-Étienne,2–0,Strasbourg,33043.0,Stade Geoffroy-Guichard,Eric Wattellier
Ligue 1,2024-2025,2024-11-03,15:00,Toulouse,1–0,Reims,23769.0,Stadium de Toulouse,Mathieu Vernice
Ligue 1,2024-2025,2024-11-03,17:00,Le Havre,1–0,Montpellier,18703.0,Stade Océane,Stephanie Frappart
Ligue 1,2024-2025,2024-11-03,17:00,Auxerre,4–0,Rennes,16366.0,Stade de l'Abbé Deschamps,Gael Angoula
Ligue 1,2024-2025,2024-11-03,20:45,Nantes,1–2,Marseille,33248.0,Stade de la Beaujoire - Louis Fonteneau,Bastien Dechepy
Ligue 1,2024-2025,2024-11-08,20:45,Marseille,1–3,Auxerre,64184.0,Orange Vélodrome,Marc Bollengier
Ligue 1,2024-2025,2024-11-09,17:00,Strasbourg,1–3,Monaco,19451.0,Stade de la Meinau,Bastien Dechepy
Ligue 1,2024-2025,2024-11-09,19:00,Lens,3–2,Nantes,38202.0,Stade Bollaert-Delelis,Clement Turpin
Ligue 1,2024-2025,2024-11-09,21:00,Angers,2–4,Paris Saint-Germain,17212.0,Stade Raymond Kopa,Benoît Millot
Ligue 1,2024-2025,2024-11-10,15:00,Nice,2–2,Lille,25063.0,Allianz Riviera,Jeremy Stinat
Ligue 1,2024-2025,2024-11-10,17:00,Montpellier,3–1,Brest,12936.0,Stade de la Mosson-Mondial 98,Jeremie Pignard
Ligue 1,2024-2025,2024-11-10,17:00,Rennes,0–2,Toulouse,27525.0,Roazhon Park,Romain Lissorgue
Ligue 1,2024-2025,2024-11-10,17:00,Le Havre,0–3,Reims,19256.0,Stade Océane,Hakim Ben El Hadj Salem
Ligue 1,2024-2025,2024-11-10,20:45,Lyon,1–0,Saint-Étienne,58082.0,Groupama Stadium,Willy Delajod
Ligue 1,2024-2025,2024-11-22,19:00,Monaco,3–2,Brest,5800.0,Stade Louis II,Thomas Leonard
Ligue 1,2024-2025,2024-11-22,21:00,Paris Saint-Germain,3–0,Toulouse,47000.0,Parc des Princes,Gael Angoula
Ligue 1,2024-2025,2024-11-23,17:00,Lens,1–3,Marseille,38823.0,Stade Bollaert-Delelis,Eric Wattellier
Ligue 1,2024-2025,2024-11-23,19:00,Saint-Étienne,1–0,Montpellier,33008.0,Stade Geoffroy-Guichard,Florent Batta
Ligue 1,2024-2025,2024-11-23,21:00,Reims,1–1,Lyon,18500.0,Stade Auguste-Delaune,Stephanie Frappart
Ligue 1,2024-2025,2024-11-24,15:00,Lille,1–0,Rennes,46019.0,Decathlon Arena - Stade Pierre-Mauroy,Mathieu Vernice
Ligue 1,2024-2025,2024-11-24,17:00,Nantes,0–2,Le Havre,26936.0,Stade de la Beaujoire - Louis Fonteneau,Jérôme Brisard
Ligue 1,2024-2025,2024-11-24,17:00,Auxerre,1–0,Angers,16120.0,Stade de l'Abbé Deschamps,François Letexier
Ligue 1,2024-2025,2024-11-24,20:45,Nice,2–1,Strasbourg,18389.0,Allianz Riviera,Benoît Bastien
Ligue 1,2024-2025,2024-11-29,20:45,Reims,0–2,Lens,18555.0,Stade Auguste-Delaune,Abdelatif Kherradji
Ligue 1,2024-2025,2024-11-30,17:00,Rennes,5–0,Saint-Étienne,27586.0,Roazhon Park,Marc Bollengier
Ligue 1,2024-2025,2024-11-30,19:00,Brest,3–1,Strasbourg,14600.0,Stade Francis-Le Blé,Romain Lissorgue
Ligue 1,2024-2025,2024-11-30,21:00,Paris Saint-Germain,1–1,Nantes,47926.0,Parc des Princes,Jeremy Stinat
Ligue 1,2024-2025,2024-12-01,15:00,Montpellier,2–2,Lille,14000.0,Stade de la Mosson-Mondial 98,Benoît Millot
Ligue 1,2024-2025,2024-12-01,17:00,Toulouse,2–0,Auxerre,23525.0,Stadium de Toulouse,Hakim Ben El Hadj Salem
Ligue 1,2024-2025,2024-12-01,17:00,Lyon,4–1,Nice,59977.0,Groupama Stadium,Bastien Dechepy
Ligue 1,2024-2025,2024-12-01,17:00,Le Havre,0–1,Angers,20018.0,Stade Océane,Willy Delajod
Ligue 1,2024-2025,2024-12-01,20:45,Marseille,2–1,Monaco,64277.0,Orange Vélodrome,Clement Turpin
Ligue 1,2024-2025,2024-12-06,19:00,Lille,3–1,Brest,38128.0,Decathlon Arena - Stade Pierre-Mauroy,Benoît Bastien
Ligue 1,2024-2025,2024-12-06,21:00,Auxerre,0–0,Paris Saint-Germain,17028.0,Stade de l'Abbé Deschamps,Jeremie Pignard
Ligue 1,2024-2025,2024-12-07,17:00,Monaco,2–0,Toulouse,6868.0,Stade Louis II,Stephanie Frappart
Ligue 1,2024-2025,2024-12-07,19:00,Nice,2–1,Le Havre,21248.0,Allianz Riviera,François Letexier
Ligue 1,2024-2025,2024-12-07,21:00,Angers,0–3,Lyon,16301.0,Stade Raymond Kopa,Marc Bollengier
Ligue 1,2024-2025,2024-12-08,15:00,Lens,2–0,Montpellier,37317.0,Stade Bollaert-Delelis,Mathieu Vernice
Ligue 1,2024-2025,2024-12-08,17:00,Strasbourg,0–0,Reims,19369.0,Stade de la Meinau,Thomas Leonard
Ligue 1,2024-2025,2024-12-08,17:00,Nantes,1–0,Rennes,28418.0,Stade de la Beaujoire - Louis Fonteneau,Eric Wattellier
Ligue 1,2024-2025,2024-12-08,20:45,Saint-Étienne,0–2,Marseille,35350.0,Stade Geoffroy-Guichard,Jérôme Brisard
Ligue 1,2024-2025,2024-12-13,20:45,Toulouse,2–1,Saint-Étienne,25350.0,Stadium de Toulouse,Thomas Leonard
Ligue 1,2024-2025,2024-12-14,17:00,Marseille,1–1,Lille,64380.0,Orange Vélodrome,Willy Delajod
Ligue 1,2024-2025,2024-12-14,19:00,Auxerre,2–2,Lens,17052.0,Stade de l'Abbé Deschamps,Jeremy Stinat
Ligue 1,2024-2025,2024-12-14,21:00,Reims,0–0,Monaco,15859.0,Stade Auguste-Delaune,Romain Lissorgue
Ligue 1,2024-2025,2024-12-15,15:00,Montpellier,2–2,Nice,11612.0,Stade de la Mosson-Mondial 98,Clement Turpin
Ligue 1,2024-2025,2024-12-15,17:00,Le Havre,0–3,Strasbourg,17071.0,Stade Océane,Abdelatif Kherradji
Ligue 1,2024-2025,2024-12-15,17:00,Brest,4–1,Nantes,15019.0,Stade Francis-Le Blé,Gael Angoula
Ligue 1,2024-2025,2024-12-15,17:00,Rennes,2–0,Angers,27781.0,Roazhon Park,Hakim Ben El Hadj Salem
Ligue 1,2024-2025,2024-12-15,20:45,Paris Saint-Germain,3–1,Lyon,47000.0,Parc des Princes,Benoît Bastien
Ligue 1,2024-2025,2024-12-18,21:00,Monaco,2–4,Paris Saint-Germain,12095.0,Stade Louis II,François Letexier
Ligue 1,2024-2025,2025-01-03,21:00,Nice,3–2,Rennes,21332.0,Allianz Riviera,Jérôme Brisard
Ligue 1,2024-2025,2025-01-04,17:00,Saint-Étienne,3–1,Reims,14201.0,Stade Geoffroy-Guichard,Stephanie Frappart
Ligue 1,2024-2025,2025-01-04,19:00,Lille,1–1,Nantes,41635.0,Decathlon Arena - Stade Pierre-Mauroy,Jeremie Pignard
Ligue 1,2024-2025,2025-01-04,21:00,Lyon,1–0,Montpellier,48162.0,Groupama Stadium,Jeremy Stinat
Ligue 1,2024-2025,2025-01-05,15:00,Lens,0–1,Toulouse,37461.0,Stade Bollaert-Delelis,Hakim Ben El Hadj Salem
Ligue 1,2024-2025,2025-01-05,15:00,Strasbourg,3–1,Auxerre,19471.0,Stade de la Meinau,Florent Batta
Ligue 1,2024-2025,2025-01-05,15:00,Angers,2–0,Brest,12691.0,Stade Raymond Kopa,Benoît Millot
Ligue 1,2024-2025,2025-01-05,20:45,Marseille,5–1,Le Havre,64092.0,Orange Vélodrome,Thomas Leonard
Ligue 1,2024-2025,2025-01-10,19:00,Nantes,2–2,Monaco,25380.0,Stade de la Beaujoire - Louis Fonteneau,Marc Bollengier
Ligue 1,2024-2025,2025-01-10,21:05,Auxerre,0–0,Lille,15599.0,Stade de l'Abbé Deschamps,Gael Angoula
Ligue 1,2024-2025,2025-01-11,17:00,Brest,2–1,Lyon,14735.0,Stade Francis-Le Blé,Eric Wattellier
Ligue 1,2024-2025,2025-01-11,19:00,Reims,2–4,Nice,12270.0,Stade Auguste-Delaune,Willy Delajod
Ligue 1,2024-2025,2025-01-11,21:05,Rennes,1–2,Marseille,26837.0,Roazhon Park,Abdelatif Kherradji
Ligue 1,2024-2025,2025-01-12,15:00,Le Havre,1–2,Lens,19617.0,Stade Océane,Clement Turpin
Ligue 1,2024-2025,2025-01-12,17:15,Montpellier,1–3,Angers,11719.0,Stade de la Mosson-Mondial 98,Romain Lissorgue
Ligue 1,2024-2025,2025-01-12,17:15,Toulouse,1–2,Strasbourg,22042.0,Stadium de Toulouse,Benoît Bastien
Ligue 1,2024-2025,2025-01-12,20:45,Paris Saint-Germain,2–1,Saint-Étienne,47580.0,Parc des Princes,Benoît Millot
Ligue 1,2024-2025,2025-01-17,19:00,Montpellier,2–1,Monaco,11371.0,Stade de la Mosson-Mondial 98,Jérôme Brisard
Ligue 1,2024-2025,2025-01-17,21:05,Lille,2–1,Nice,38325.0,Decathlon Arena - Stade Pierre-Mauroy,François Letexier
Ligue 1,2024-2025,2025-01-18,17:00,Lens,1–2,Paris Saint-Germain,38120.0,Stade Bollaert-Delelis,Jeremie Pignard
Ligue 1,2024-2025,2025-01-18,19:00,Rennes,1–2,Brest,28238.0,Roazhon Park,Thomas Leonard
Ligue 1,2024-2025,2025-01-18,21:05,Lyon,0–0,Toulouse,42750.0,Groupama Stadium,Benoît Millot
Ligue 1,2024-2025,2025-01-19,15:00,Saint-Étienne,1–1,Nantes,14094.0,Stade Geoffroy-Guichard,Florent Batta
Ligue 1,2024-2025,2025-01-19,17:15,Angers,2–0,Auxerre,9938.0,Stade Raymond Kopa,Stephanie Frappart
Ligue 1,2024-2025,2025-01-19,17:15,Reims,1–1,Le Havre,11278.0,Stade Auguste-Delaune,Mathieu Vernice
Ligue 1,2024-2025,2025-01-19,20:45,Marseille,1–1,Strasbourg,61000.0,Orange Vélodrome,Bastien Dechepy
Ligue 1,2024-2025,2025-01-24,20:45,Auxerre,1–1,Saint-Étienne,16805.0,Stade de l'Abbé Deschamps,Marc Bollengier
Ligue 1,2024-2025,2025-01-25,17:00,Monaco,3–2,Rennes,5725.0,Stade Louis II,Jeremy Stinat
Ligue 1,2024-2025,2025-01-25,19:00,Strasbourg,2–1,Lille,19428.0,Stade de la Meinau,Willy Delajod
Ligue 1,2024-2025,2025-01-25,21:05,Paris Saint-Germain,1–1,Reims,47862.0,Parc des Princes,Hakim Ben El Hadj Salem
Ligue 1,2024-2025,2025-01-26,15:00,Le Havre,0–1,Brest,17898.0,Stade Océane,Romain Lissorgue
Ligue 1,2024-2025,2025-01-26,17:15,Lens,1–0,Angers,37321.0,Stade Bollaert-Delelis,Abdelatif Kherradji
Ligue 1,2024-2025,2025-01-26,17:15,Toulouse,1–2,Montpellier,28382.0,Stadium de Toulouse,Clement Turpin
Ligue 1,2024-2025,2025-01-26,17:15,Nantes,1–1,Lyon,32690.0,Stade de la Beaujoire - Louis Fonteneau,Benoît Bastien
Ligue 1,2024-2025,2025-01-26,20:45,Nice,2–0,Marseille,31017.0,Allianz Riviera,Eric Wattellier
Ligue 1,2024-2025,2025-01-31,20:45,Montpellier,0–2,Lens,15330.0,Stade de la Mosson-Mondial 98,Bastien Dechepy
Ligue 1,2024-2025,2025-02-01,17:00,Brest,2–5,Paris Saint-Germain,15040.0,Stade Francis-Le Blé,Benoît Bastien
Ligue 1,2024-2025,2025-02-01,19:00,Monaco,4–2,Auxerre,53363.0,Stade Louis II,Abdelatif Kherradji
Ligue 1,2024-2025,2025-02-01,21:05,Lille,4–1,Saint-Étienne,38924.0,Decathlon Arena - Stade Pierre-Mauroy,Eric Wattellier
Ligue 1,2024-2025,2025-02-02,15:00,Toulouse,1–1,Nice,23522.0,Stadium de Toulouse,Thomas Leonard
Ligue 1,2024-2025,2025-02-02,17:15,Reims,1–2,Nantes,12712.0,Stade Auguste-Delaune,Benoît Millot
Ligue 1,2024-2025,2025-02-02,17:15,Rennes,1–0,Strasbourg,26621.0,Roazhon Park,Stephanie Frappart
Ligue 1,2024-2025,2025-02-02,17:15,Angers,1–1,Le Havre,11267.0,Stade Raymond Kopa,Jeremie Pignard
Ligue 1,2024-2025,2025-02-02,20:45,Marseille,3–2,Lyon,66096.0,Orange Vélodrome,Jérôme Brisard
Ligue 1,2024-2025,2025-02-07,19:00,Nantes,0–2,Brest,25050.0,Stade de la Beaujoire - Louis Fonteneau,Jeremie Pignard
Ligue 1,2024-2025,2025-02-07,21:05,Paris Saint-Germain,4–1,Monaco,47926.0,Parc des Princes,Clement Turpin
Ligue 1,2024-2025,2025-02-08,17:00,Nice,2–0,Lens,22586.0,Allianz Riviera,Romain Lissorgue
Ligue 1,2024-2025,2025-02-08,19:00,Lille,1–2,Le Havre,39515.0,Decathlon Arena - Stade Pierre-Mauroy,Thomas Leonard
Ligue 1,2024-2025,2025-02-08,21:05,Saint-Étienne,0–2,Rennes,30385.0,Stade Geoffroy-Guichard,Mathieu Vernice
Ligue 1,2024-2025,2025-02-09,15:00,Lyon,4–0,Reims,43489.0,Groupama Stadium,François Letexier
Ligue 1,2024-2025,2025-02-09,17:15,Auxerre,2–2,Toulouse,15801.0,Stade de l'Abbé Deschamps,Jérôme Brisard
Ligue 1,2024-2025,2025-02-09,17:15,Strasbourg,2–0,Montpellier,19042.0,Stade de la Meinau,Jeremy Stinat
Ligue 1,2024-2025,2025-02-09,20:45,Angers,0–2,Marseille,17325.0,Stade Raymond Kopa,Hakim Ben El Hadj Salem
Ligue 1,2024-2025,2025-02-14,20:45,Brest,2–2,Auxerre,12525.0,Stade Francis-Le Blé,Bastien Dechepy
Ligue 1,2024-2025,2025-02-15,17:00,Marseille,5–1,Saint-Étienne,66199.0,Orange Vélodrome,Abdelatif Kherradji
Ligue 1,2024-2025,2025-02-15,19:00,Monaco,7–1,Nantes,6080.0,Stade Louis II,Thomas Leonard
Ligue 1,2024-2025,2025-02-15,21:05,Toulouse,0–1,Paris Saint-Germain,31703.0,Stadium de Toulouse,Willy Delajod
Ligue 1,2024-2025,2025-02-16,15:00,Montpellier,1–4,Lyon,16573.0,Stade de la Mosson-Mondial 98,Marc Bollengier
Ligue 1,2024-2025,2025-02-16,17:15,Reims,0–1,Angers,11868.0,Stade Auguste-Delaune,Florent Batta
Ligue 1,2024-2025,2025-02-16,17:15,Lens,0–2,Strasbourg,38113.0,Stade Bollaert-Delelis,Benoît Millot
Ligue 1,2024-2025,2025-02-16,17:15,Le Havre,1–3,Nice,17739.0,Stade Océane,Stephanie Frappart
Ligue 1,2024-2025,2025-02-16,20:45,Rennes,0–2,Lille,27627.0,Roazhon Park,Romain Lissorgue
Ligue 1,2024-2025,2025-02-21,20:45,Rennes,1–0,Reims,26818.0,Roazhon Park,Marc Bollengier
Ligue 1,2024-2025,2025-02-22,17:00,Lille,2–1,Monaco,44177.0,Decathlon Arena - Stade Pierre-Mauroy,Benoît Bastien
Ligue 1,2024-2025,2025-02-22,19:00,Saint-Étienne,3–3,Angers,30566.0,Stade Geoffroy-Guichard,Bastien Dechepy
Ligue 1,2024-2025,2025-02-22,21:05,Auxerre,3–0,Marseille,17183.0,Stade de l'Abbé Deschamps,Jeremy Stinat
Ligue 1,2024-2025,2025-02-23,15:00,Nantes,3–1,Lens,29000.0,Stade de la Beaujoire - Louis Fonteneau,Jérôme Brisard
Ligue 1,2024-2025,2025-02-23,17:15,Strasbourg,0–0,Brest,19108.0,Stade de la Meinau,Clement Turpin
Ligue 1,2024-2025,2025-02-23,17:15,Nice,2–0,Montpellier,18519.0,Allianz Riviera,Willy Delajod
Ligue 1,2024-2025,2025-02-23,17:15,Le Havre,1–4,Toulouse,17239.0,Stade Océane,François Letexier
Ligue 1,2024-2025,2025-02-23,20:45,Lyon,2–3,Paris Saint-Germain,57777.0,Groupama Stadium,Eric Wattellier
Ligue 1,2024-2025,2025-02-28,20:45,Monaco,3–0,Reims,5517.0,Stade Louis II,Eric Wattellier
Ligue 1,2024-2025,2025-03-01,17:00,Saint-Étienne,1–3,Nice,30070.0,Stade Geoffroy-Guichard,Jérôme Brisard
Ligue 1,2024-2025,2025-03-01,19:00,Lens,3–4,Le Havre,38167.0,Stade Bollaert-Delelis,Jeremie Pignard
Ligue 1,2024-2025,2025-03-01,21:05,Paris Saint-Germain,4–1,Lille,47838.0,Parc des Princes,François Letexier
Ligue 1,2024-2025,2025-03-02,15:00,Lyon,2–1,Brest,47804.0,Groupama Stadium,Benoît Millot
Ligue 1,2024-2025,2025-03-02,17:15,Auxerre,0–1,Strasbourg,16495.0,Stade de l'Abbé Deschamps,Mathieu Vernice
Ligue 1,2024-2025,2025-03-02,17:15,Montpellier,0–4,Rennes,11990.0,Stade de la Mosson-Mondial 98,Florent Batta
Ligue 1,2024-2025,2025-03-02,17:15,Angers,0–4,Toulouse,12758.0,Stade Raymond Kopa,Jeremy Stinat
Ligue 1,2024-2025,2025-03-02,20:45,Marseille,2–0,Nantes,64074.0,Orange Vélodrome,Stephanie Frappart
Ligue 1,2024-2025,2025-03-07,20:45,Toulouse,1–1,Monaco,25614.0,Stadium de Toulouse,Marc Bollengier
Ligue 1,2024-2025,2025-03-08,17:00,Rennes,1–4,Paris Saint-Germain,28550.0,Roazhon Park,Mathieu Vernice
Ligue 1,2024-2025,2025-03-08,19:00,Lille,1–0,Montpellier,42467.0,Decathlon Arena - Stade Pierre-Mauroy,Jeremie Pignard
Ligue 1,2024-2025,2025-03-08,21:05,Marseille,0–1,Lens,64952.0,Orange Vélodrome,Thomas Leonard
Ligue 1,2024-2025,2025-03-09,15:00,Brest,2–0,Angers,14612.0,Stade Francis-Le Blé,Abdelatif Kherradji
Ligue 1,2024-2025,2025-03-09,17:15,Nantes,0–1,Strasbourg,27645.0,Stade de la Beaujoire - Louis Fonteneau,Hakim Ben El Hadj Salem
Ligue 1,2024-2025,2025-03-09,17:15,Reims,0–2,Auxerre,15474.0,Stade Auguste-Delaune,Romain Lissorgue
Ligue 1,2024-2025,2025-03-09,17:15,Le Havre,1–1,Saint-Étienne,22239.0,Stade Océane,Clement Turpin
Ligue 1,2024-2025,2025-03-09,20:45,Nice,0–2,Lyon,23840.0,Allianz Riviera,Benoît Bastien
Ligue 1,2024-2025,2025-03-14,20:45,Nice,1–1,Auxerre,18640.0,Allianz Riviera,Abdelatif Kherradji
Ligue 1,2024-2025,2025-03-15,17:00,Nantes,1–0,Lille,28621.0,Stade de la Beaujoire - Louis Fonteneau,Benoît Millot
Ligue 1,2024-2025,2025-03-15,19:00,Angers,0–2,Monaco,11116.0,Stade Raymond Kopa,Willy Delajod
Ligue 1,2024-2025,2025-03-15,21:05,Lens,1–0,Rennes,38182.0,Stade Bollaert-Delelis,Stephanie Frappart
Ligue 1,2024-2025,2025-03-16,15:00,Lyon,4–2,Le Havre,39991.0,Groupama Stadium,Bastien Dechepy
Ligue 1,2024-2025,2025-03-16,17:15,Montpellier,0–2,Saint-Étienne,,Stade de la Mosson-Mondial 98,François Letexier
Ligue 1,2024-2025,2025-03-16,17:15,Brest,0–0,Reims,14517.0,Stade Francis-Le Blé,Jérôme Brisard
Ligue 1,2024-2025,2025-03-16,17:15,Strasbourg,2–1,Toulouse,19128.0,Stade de la Meinau,Florent Batta
Ligue 1,2024-2025,2025-03-16,20:45,Paris Saint-Germain,3–1,Marseille,47000.0,Parc des Princes,Clement Turpin
Ligue 1,2024-2025,2025-03-28,20:45,Strasbourg,4–2,Lyon,19496.0,Stade de la Meinau,Romain Lissorgue
Ligue 1,2024-2025,2025-03-29,17:00,Reims,3–1,Marseille,20213.0,Stade Auguste-Delaune,Willy Delajod
Ligue 1,2024-2025,2025-03-29,19:00,Saint-Étienne,1–6,Paris Saint-Germain,37108.0,Stade Geoffroy-Guichard,Jeremy Stinat
Ligue 1,2024-2025,2025-03-29,21:05,Monaco,2–1,Nice,11564.0,Stade Louis II,Jérôme Brisard
Ligue 1,2024-2025,2025-03-30,15:00,Toulouse,2–4,Brest,24418.0,Stadium de Toulouse,Hakim Ben El Hadj Salem
Ligue 1,2024-2025,2025-03-30,17:15,Le Havre,3–2,Nantes,20436.0,Stade Océane,Eric Wattellier
Ligue 1,2024-2025,2025-03-30,17:15,Auxerre,1–0,Montpellier,16558.0,Stade de l'Abbé Deschamps,Marc Bollengier
Ligue 1,2024-2025,2025-03-30,17:15,Angers,0–3,Rennes,11747.0,Stade Raymond Kopa,Thomas Leonard
Ligue 1,2024-2025,2025-03-30,20:45,Lille,1–0,Lens,48197.0,Decathlon Arena - Stade Pierre-Mauroy,Mathieu Vernice
Ligue 1,2024-2025,2025-04-04,20:45,Nice,1–2,Nantes,20585.0,Allianz Riviera,Hakim Ben El Hadj Salem
Ligue 1,2024-2025,2025-04-05,17:00,Paris Saint-Germain,1–0,Angers,47736.0,Parc des Princes,Marc Bollengier
Ligue 1,2024-2025,2025-04-05,19:00,Brest,2–1,Monaco,14713.0,Stade Francis-Le Blé,Thomas Leonard
Ligue 1,2024-2025,2025-04-05,21:05,Lyon,2–1,Lille,53771.0,Groupama Stadium,Eric Wattellier
Ligue 1,2024-2025,2025-04-06,15:00,Lens,1–0,Saint-Étienne,38223.0,Stade Bollaert-Delelis,Romain Lissorgue
Ligue 1,2024-2025,2025-04-06,17:15,Rennes,0–1,Auxerre,38268.0,Roazhon Park,Florent Batta
Ligue 1,2024-2025,2025-04-06,17:15,Reims,0–1,Strasbourg,16254.0,Stade Auguste-Delaune,Clement Turpin
Ligue 1,2024-2025,2025-04-06,17:15,Montpellier,0–2,Le Havre,10146.0,Stade de la Mosson-Mondial 98,Benoît Bastien
Ligue 1,2024-2025,2025-04-06,20:45,Marseille,3–2,Toulouse,64320.0,Orange Vélodrome,Jeremie Pignard
Ligue 1,2024-2025,2025-04-11,20:45,Lens,0–2,Reims,38157.0,Stade Bollaert-Delelis,François Letexier
Ligue 1,2024-2025,2025-04-12,17:00,Monaco,3–0,Marseille,13232.0,Stade Louis II,Benoît Bastien
Ligue 1,2024-2025,2025-04-12,19:00,Toulouse,1–2,Lille,26036.0,Stadium de Toulouse,Jérôme Brisard
Ligue 1,2024-2025,2025-04-12,21:05,Strasbourg,2–2,Nice,19210.0,Stade de la Meinau,Jeremie Pignard
Ligue 1,2024-2025,2025-04-13,15:00,Saint-Étienne,3–3,Brest,32834.0,Stade Geoffroy-Guichard,Abdelatif Kherradji
Ligue 1,2024-2025,2025-04-13,17:15,Angers,2–0,Montpellier,12547.0,Stade Raymond Kopa,Benoît Millot
Ligue 1,2024-2025,2025-04-13,17:15,Le Havre,1–5,Rennes,21582.0,Stade Océane,Willy Delajod
Ligue 1,2024-2025,2025-04-13,20:45,Auxerre,1–3,Lyon,17511.0,Stade de l'Abbé Deschamps,Stephanie Frappart
Ligue 1,2024-2025,2025-04-18,20:45,Rennes,2–1,Nantes,27880.0,Roazhon Park,Abdelatif Kherradji
Ligue 1,2024-2025,2025-04-19,17:00,Paris Saint-Germain,2–1,Le Havre,47113.0,Parc des Princes,Mathieu Vernice
Ligue 1,2024-2025,2025-04-19,19:00,Monaco,0–0,Strasbourg,12825.0,Stade Louis II,Eric Wattellier
Ligue 1,2024-2025,2025-04-19,21:05,Marseille,5–1,Montpellier,66312.0,Orange Vélodrome,Jérôme Brisard
Ligue 1,2024-2025,2025-04-20,15:00,Lille,3–1,Auxerre,45929.0,Decathlon Arena - Stade Pierre-Mauroy,Thomas Leonard
Ligue 1,2024-2025,2025-04-20,17:15,Nice,2–1,Angers,25088.0,Allianz Riviera,Jeremy Stinat
Ligue 1,2024-2025,2025-04-20,17:15,Reims,1–0,Toulouse,14608.0,Stade Auguste-Delaune,Marc Bollengier
Ligue 1,2024-2025,2025-04-20,17:15,Brest,1–3,Lens,15049.0,Stade Francis-Le Blé,Benoît Millot
Ligue 1,2024-2025,2025-04-20,20:45,Saint-Étienne,2–1,Lyon,40372.0,Stade Geoffroy-Guichard,François Letexier
Ligue 1,2024-2025,2025-04-22,20:45,Nantes,1–1,Paris Saint-Germain,34420.0,Stade de la Beaujoire - Louis Fonteneau,Jeremie Pignard
Ligue 1,2024-2025,2025-04-25,20:45,Paris Saint-Germain,1–3,Nice,47597.0,Parc des Princes,Willy Delajod
Ligue 1,2024-2025,2025-04-26,17:00,Strasbourg,3–1,Saint-Étienne,19603.0,Stade de la Meinau,Benoît Bastien
Ligue 1,2024-2025,2025-04-26,19:00,Le Havre,1–1,Monaco,21340.0,Stade Océane,Clement Turpin
Ligue 1,2024-2025,2025-04-26,21:05,Lyon,4–1,Rennes,51034.0,Groupama Stadium,Marc Bollengier
Ligue 1,2024-2025,2025-04-27,15:00,Angers,0–2,Lille,12865.0,Stade Raymond Kopa,Hakim Ben El Hadj Salem
Ligue 1,2024-2025,2025-04-27,17:15,Montpellier,0–0,Reims,10806.0,Stade de la Mosson-Mondial 98,Jeremie Pignard
Ligue 1,2024-2025,2025-04-27,17:15,Nantes,0–0,Toulouse,31618.0,Stade de la Beaujoire - Louis Fonteneau,Florent Batta
Ligue 1,2024-2025,2025-04-27,17:15,Lens,0–4,Auxerre,38193.0,Stade Bollaert-Delelis,Mathieu Vernice
Ligue 1,2024-2025,2025-04-27,20:45,Marseille,4–1,Brest,62130.0,Orange Vélodrome,Stephanie Frappart
Ligue 1,2024-2025,2025-05-02,20:45,Nice,1–0,Reims,24758.0,Allianz Riviera,Abdelatif Kherradji
Ligue 1,2024-2025,2025-05-03,17:00,Strasbourg,2–1,Paris Saint-Germain,19522.0,Stade de la Meinau,Hakim Ben El Hadj Salem
Ligue 1,2024-2025,2025-05-03,19:00,Toulouse,2–1,Rennes,23926.0,Stadium de Toulouse,Benoît Millot
Ligue 1,2024-2025,2025-05-03,21:05,Saint-Étienne,1–3,Monaco,35757.0,Stade Geoffroy-Guichard,Jérôme Brisard
Ligue 1,2024-2025,2025-05-04,15:00,Nantes,0–1,Angers,34556.0,Stade de la Beaujoire - Louis Fonteneau,Thomas Leonard
Ligue 1,2024-2025,2025-05-04,17:15,Auxerre,1–2,Le Havre,17194.0,Stade de l'Abbé Deschamps,Jeremie Pignard
Ligue 1,2024-2025,2025-05-04,17:15,Brest,1–0,Montpellier,13121.0,Stade Francis-Le Blé,Romain Lissorgue
Ligue 1,2024-2025,2025-05-04,17:15,Lyon,1–2,Lens,52020.0,Groupama Stadium,Jeremy Stinat
Ligue 1,2024-2025,2025-05-04,20:45,Lille,1–1,Marseille,48284.0,Decathlon Arena - Stade Pierre-Mauroy,Eric Wattellier
Ligue 1,2024-2025,2025-05-10,21:00,Brest,2–0,Lille,14556.0,Stade Francis-Le Blé,Thomas Leonard
Ligue 1,2024-2025,2025-05-10,21:00,Monaco,2–0,Lyon,13578.0,Stade Louis II,Benoît Bastien
Ligue 1,2024-2025,2025-05-10,21:00,Auxerre,1–1,Nantes,17277.0,Stade de l'Abbé Deschamps,Marc Bollengier
Ligue 1,2024-2025,2025-05-10,21:00,Angers,2–1,Strasbourg,14391.0,Stade Raymond Kopa,Clement Turpin
Ligue 1,2024-2025,2025-05-10,21:00,Montpellier,1–4,Paris Saint-Germain,16787.0,Stade de la Mosson-Mondial 98,Mathieu Vernice
Ligue 1,2024-2025,2025-05-10,21:00,Rennes,2–0,Nice,26118.0,Roazhon Park,Jeremy Stinat
Ligue 1,2024-2025,2025-05-10,21:00,Reims,0–2,Saint-Étienne,18630.0,Stade Auguste-Delaune,Eric Wattellier
Ligue 1,2024-2025,2025-05-10,21:00,Le Havre,1–3,Marseille,23831.0,Stade Océane,Willy Delajod
Ligue 1,2024-2025,2025-05-10,21:00,Toulouse,1–1,Lens,27890.0,Stadium de Toulouse,Bastien Dechepy
Ligue 1,2024-2025,2025-05-17,21:00,Saint-Étienne,2–3,Toulouse,38725.0,Stade Geoffroy-Guichard,Thomas Leonard
Ligue 1,2024-2025,2025-05-17,21:00,Paris Saint-Germain,3–1,Auxerre,47926.0,Parc des Princes,Abdelatif Kherradji
Ligue 1,2024-2025,2025-05-17,21:00,Lyon,2–0,Angers,56517.0,Groupama Stadium,Stephanie Frappart
Ligue 1,2024-2025,2025-05-17,21:00,Strasbourg,2–3,Le Havre,19280.0,Stade de la Meinau,Jérôme Brisard
Ligue 1,2024-2025,2025-05-17,21:00,Lens,4–0,Monaco,38160.0,Stade Bollaert-Delelis,François Letexier
Ligue 1,2024-2025,2025-05-17,21:00,Marseille,4–2,Rennes,57274.0,Orange Vélodrome,Jeremie Pignard
Ligue 1,2024-2025,2025-05-17,21:00,Nantes,3–0,Montpellier,34780.0,Stade de la Beaujoire - Louis Fonteneau,Clement Turpin
Ligue 1,2024-2025,2025-05-17,21:00,Nice,6–0,Brest,30298.0,Allianz Riviera,Hakim Ben El Hadj Salem
Ligue 1,2024-2025,2025-05-17,21:00,Lille,2–1,Reims,45599.0,Decathlon Arena - Stade Pierre-Mauroy,Willy Delajod
Ligue 1,2023-2024,2023-08-11,21:00,Nice,1–1,Lille,29436.0,Stade de Nice,Benoît Bastien
Ligue 1,2023-2024,2023-08-12,17:00,Marseille,2–1,Reims,63787.0,Orange Vélodrome,Eric Wattellier
Ligue 1,2023-2024,2023-08-12,21:00,Paris Saint-Germain,0–0,Lorient,47000.0,Parc des Princes,Bastien Dechepy
Ligue 1,2023-2024,2023-08-13,13:00,Brest,3–2,Lens,15085.0,Stade Francis-Le Blé,Jeremie Pignard
Ligue 1,2023-2024,2023-08-13,15:00,Montpellier,2–2,Le Havre,15852.0,Stade de la Mosson,Clement Turpin
Ligue 1,2023-2024,2023-08-13,15:00,Clermont Foot,2–4,Monaco,10453.0,Stade Gabriel Montpied,François Letexier
Ligue 1,2023-2024,2023-08-13,15:00,Nantes,1–2,Toulouse,30578.0,Stade de la Beaujoire - Louis Fonteneau,Willy Delajod
Ligue 1,2023-2024,2023-08-13,17:05,Rennes,5–1,Metz,26065.0,Roazhon Park,Jeremy Stinat
Ligue 1,2023-2024,2023-08-13,20:45,Strasbourg,2–1,Lyon,25410.0,Stade de la Meinau,Jérôme Brisard
Ligue 1,2023-2024,2023-08-18,21:00,Metz,2–2,Marseille,26661.0,Stade Saint-Symphorien,Jérôme Brisard
Ligue 1,2023-2024,2023-08-19,19:00,Lyon,1–4,Montpellier,42576.0,Groupama Stadium,Mathieu Vernice
Ligue 1,2023-2024,2023-08-19,21:00,Toulouse,1–1,Paris Saint-Germain,27332.0,Stadium Municipal,Thomas Leonard
Ligue 1,2023-2024,2023-08-20,13:00,Lille,2–0,Nantes,34356.0,Decathlon Arena - Stade Pierre-Mauroy,Pierre Gaillouste
Ligue 1,2023-2024,2023-08-20,15:00,Reims,2–0,Clermont Foot,12887.0,Stade Auguste-Delaune,Romain Lissorgue
Ligue 1,2023-2024,2023-08-20,15:00,Le Havre,1–2,Brest,19574.0,Stade Océane,Florent Batta
Ligue 1,2023-2024,2023-08-20,15:00,Lorient,1–1,Nice,15848.0,Stade du Moustoir,Hakim Ben El Hadj Salem
Ligue 1,2023-2024,2023-08-20,19:00,Monaco,3–0,Strasbourg,10100.0,Stade Louis II,Ruddy Buquet
Ligue 1,2023-2024,2023-08-20,20:45,Lens,1–1,Rennes,37233.0,Stade Bollaert-Delelis,Benoît Millot
Ligue 1,2023-2024,2023-08-25,21:00,Nantes,3–3,Monaco,28429.0,Stade de la Beaujoire - Louis Fonteneau,Jeremie Pignard
Ligue 1,2023-2024,2023-08-26,19:00,Marseille,2–0,Brest,63592.0,Orange Vélodrome,Jeremy Stinat
Ligue 1,2023-2024,2023-08-26,21:00,Paris Saint-Germain,3–1,Lens,47864.0,Parc des Princes,François Letexier
Ligue 1,2023-2024,2023-08-27,13:00,Rennes,2–2,Le Havre,28311.0,Roazhon Park,Eric Wattellier
Ligue 1,2023-2024,2023-08-27,15:00,Montpellier,1–3,Reims,14476.0,Stade de la Mosson,Marc Bollengier
Ligue 1,2023-2024,2023-08-27,15:00,Clermont Foot,0–1,Metz,9146.0,Stade Gabriel Montpied,Gael Angoula
Ligue 1,2023-2024,2023-08-27,15:00,Strasbourg,2–0,Toulouse,25090.0,Stade de la Meinau,Benoît Bastien
Ligue 1,2023-2024,2023-08-27,17:05,Lorient,4–1,Lille,15101.0,Stade du Moustoir,Willy Delajod
Ligue 1,2023-2024,2023-08-27,20:45,Nice,0–0,Lyon,28033.0,Stade de Nice,Bastien Dechepy
Ligue 1,2023-2024,2023-09-01,21:00,Nantes,1–1,Marseille,34600.0,Stade de la Beaujoire - Louis Fonteneau,Ruddy Buquet
Ligue 1,2023-2024,2023-09-02,17:00,Brest,0–0,Rennes,15021.0,Stade Francis-Le Blé,Hakim Ben El Hadj Salem
Ligue 1,2023-2024,2023-09-02,21:00,Monaco,3–0,Lens,9600.0,Stade Louis II,Willy Delajod
Ligue 1,2023-2024,2023-09-03,13:00,Toulouse,2–2,Clermont Foot,28285.0,Stadium Municipal,Florent Batta
Ligue 1,2023-2024,2023-09-03,15:00,Le Havre,3–0,Lorient,18707.0,Stade Océane,Romain Lissorgue
Ligue 1,2023-2024,2023-09-03,15:00,Metz,2–2,Reims,24272.0,Stade Saint-Symphorien,Mathieu Vernice
Ligue 1,2023-2024,2023-09-03,15:00,Lille,1–0,Montpellier,35298.0,Decathlon Arena - Stade Pierre-Mauroy,Benoît Millot
Ligue 1,2023-2024,2023-09-03,17:05,Nice,2–0,Strasbourg,20215.0,Stade de Nice,Jeremy Stinat
Ligue 1,2023-2024,2023-09-03,20:45,Lyon,1–4,Paris Saint-Germain,51657.0,Groupama Stadium,Eric Wattellier
Ligue 1,2023-2024,2023-09-15,21:00,Paris Saint-Germain,2–3,Nice,47874.0,Parc des Princes,Clement Turpin
Ligue 1,2023-2024,2023-09-16,17:00,Rennes,2–2,Lille,28178.0,Roazhon Park,Jérôme Brisard
Ligue 1,2023-2024,2023-09-16,21:00,Lens,0–1,Metz,37988.0,Stade Bollaert-Delelis,Stephanie Frappart
Ligue 1,2023-2024,2023-09-17,13:00,Lorient,2–2,Monaco,15247.0,Stade du Moustoir,Marc Bollengier
Ligue 1,2023-2024,2023-09-17,15:00,Strasbourg,2–2,Montpellier,25128.0,Stade de la Meinau,Pierre Gaillouste
Ligue 1,2023-2024,2023-09-17,15:00,Clermont Foot,0–1,Nantes,9775.0,Stade Gabriel Montpied,Thomas Leonard
Ligue 1,2023-2024,2023-09-17,15:00,Reims,1–2,Brest,12948.0,Stade Auguste-Delaune,Gael Angoula
Ligue 1,2023-2024,2023-09-17,17:05,Marseille,0–0,Toulouse,63477.0,Orange Vélodrome,François Letexier
Ligue 1,2023-2024,2023-09-17,20:45,Lyon,0–0,Le Havre,35507.0,Groupama Stadium,Benoît Bastien
Ligue 1,2023-2024,2023-09-22,21:00,Monaco,0–1,Nice,10075.0,Stade Louis II,Benoît Millot
Ligue 1,2023-2024,2023-09-23,17:00,Nantes,5–3,Lorient,30704.0,Stade de la Beaujoire - Louis Fonteneau,Florent Batta
Ligue 1,2023-2024,2023-09-23,21:00,Brest,1–0,Lyon,14636.0,Stade Francis-Le Blé,Thomas Leonard
Ligue 1,2023-2024,2023-09-24,13:00,Metz,0–1,Strasbourg,26661.0,Stade Saint-Symphorien,Clement Turpin
Ligue 1,2023-2024,2023-09-24,15:00,Le Havre,2–1,Clermont Foot,18500.0,Stade Océane,Mathieu Vernice
Ligue 1,2023-2024,2023-09-24,15:00,Lens,2–1,Toulouse,37506.0,Stade Bollaert-Delelis,Hakim Ben El Hadj Salem
Ligue 1,2023-2024,2023-09-24,17:05,Montpellier,0–0,Rennes,15430.0,Stade de la Mosson,Stephanie Frappart
Ligue 1,2023-2024,2023-09-24,20:45,Paris Saint-Germain,4–0,Marseille,47000.0,Parc des Princes,Willy Delajod
Ligue 1,2023-2024,2023-09-26,21:00,Lille,1–2,Reims,33075.0,Decathlon Arena - Stade Pierre-Mauroy,Jeremie Pignard
Ligue 1,2023-2024,2023-09-29,21:00,Strasbourg,0–1,Lens,26001.0,Stade de la Meinau,Jérôme Brisard
Ligue 1,2023-2024,2023-09-30,17:00,Clermont Foot,0–0,Paris Saint-Germain,10757.0,Stade Gabriel Montpied,Marc Bollengier
Ligue 1,2023-2024,2023-09-30,21:00,Monaco,3–2,Marseille,10200.0,Stade Louis II,Benoît Bastien
Ligue 1,2023-2024,2023-10-01,13:00,Reims,2–0,Lyon,16477.0,Stade Auguste-Delaune,François Letexier
Ligue 1,2023-2024,2023-10-01,15:00,Le Havre,0–2,Lille,21919.0,Stade Océane,Bastien Dechepy
Ligue 1,2023-2024,2023-10-01,15:00,Nice,0–0,Brest,32044.0,Stade de Nice,Romain Lissorgue
Ligue 1,2023-2024,2023-10-01,15:00,Toulouse,3–0,Metz,24770.0,Stadium Municipal,Gael Angoula
Ligue 1,2023-2024,2023-10-01,17:05,Lorient,0–3,Montpellier,13492.0,Stade du Moustoir,Jeremy Stinat
Ligue 1,2023-2024,2023-10-01,20:45,Rennes,3–1,Nantes,27313.0,Roazhon Park,Ruddy Buquet
Ligue 1,2023-2024,2023-10-06,21:00,Strasbourg,1–2,Nantes,25274.0,Stade de la Meinau,Stephanie Frappart
Ligue 1,2023-2024,2023-10-07,17:00,Metz,0–1,Nice,23160.0,Stade Saint-Symphorien,Jérôme Brisard
Ligue 1,2023-2024,2023-10-07,21:00,Reims,1–3,Monaco,19000.0,Stade Auguste-Delaune,Hakim Ben El Hadj Salem
Ligue 1,2023-2024,2023-10-08,13:00,Marseille,3–0,Le Havre,63576.0,Orange Vélodrome,Thomas Leonard
Ligue 1,2023-2024,2023-10-08,15:00,Lyon,3–3,Lorient,43100.0,Groupama Stadium,Clement Turpin
Ligue 1,2023-2024,2023-10-08,15:00,Brest,1–1,Toulouse,13549.0,Stade Francis-Le Blé,Pierre Gaillouste
Ligue 1,2023-2024,2023-10-08,17:05,Lens,1–1,Lille,37223.0,Stade Bollaert-Delelis,Benoît Millot
Ligue 1,2023-2024,2023-10-08,20:45,Rennes,1–3,Paris Saint-Germain,27734.0,Roazhon Park,Benoît Bastien
Ligue 1,2023-2024,2023-10-20,21:00,Le Havre,0–0,Lens,23590.0,Stade Océane,François Letexier
Ligue 1,2023-2024,2023-10-21,17:00,Paris Saint-Germain,3–0,Strasbourg,41261.0,Parc des Princes,Bastien Dechepy
Ligue 1,2023-2024,2023-10-21,21:00,Nice,1–0,Marseille,31423.0,Stade de Nice,Ruddy Buquet
Ligue 1,2023-2024,2023-10-22,13:00,Lorient,2–1,Rennes,16711.0,Stade du Moustoir,Gael Angoula
Ligue 1,2023-2024,2023-10-22,15:00,Nantes,2–0,Montpellier,26864.0,Stade de la Beaujoire - Louis Fonteneau,Marc Bollengier
Ligue 1,2023-2024,2023-10-22,15:00,Toulouse,1–1,Reims,23895.0,Stadium Municipal,Jeremy Stinat
Ligue 1,2023-2024,2023-10-22,15:00,Lille,1–0,Brest,34358.0,Decathlon Arena - Stade Pierre-Mauroy,Hakim Ben El Hadj Salem
Ligue 1,2023-2024,2023-10-22,17:05,Monaco,2–1,Metz,6200.0,Stade Louis II,Romain Lissorgue
Ligue 1,2023-2024,2023-10-22,20:45,Lyon,1–2,Clermont Foot,43000.0,Groupama Stadium,Willy Delajod
Ligue 1,2023-2024,2023-10-27,21:00,Clermont Foot,0–1,Nice,10800.0,Stade Gabriel Montpied,Jeremie Pignard
Ligue 1,2023-2024,2023-10-28,17:00,Reims,1–0,Lorient,14033.0,Stade Auguste-Delaune,Benoît Bastien
Ligue 1,2023-2024,2023-10-28,21:00,Lens,4–0,Nantes,38223.0,Stade Bollaert-Delelis,Pierre Gaillouste
Ligue 1,2023-2024,2023-10-29,13:00,Brest,2–3,Paris Saint-Germain,15183.0,Stade Francis-Le Blé,Jérôme Brisard
Ligue 1,2023-2024,2023-10-29,15:00,Metz,0–0,Le Havre,20718.0,Stade Saint-Symphorien,Hakim Ben El Hadj Salem
Ligue 1,2023-2024,2023-10-29,15:00,Lille,2–0,Monaco,40046.0,Decathlon Arena - Stade Pierre-Mauroy,Clement Turpin
Ligue 1,2023-2024,2023-10-29,15:00,Montpellier,3–0,Toulouse,13209.0,Stade de la Mosson,Thomas Leonard
Ligue 1,2023-2024,2023-10-29,17:05,Rennes,1–1,Strasbourg,28100.0,Roazhon Park,Florent Batta
Ligue 1,2023-2024,2023-11-03,21:00,Paris Saint-Germain,3–0,Montpellier,47647.0,Parc des Princes,Ruddy Buquet
Ligue 1,2023-2024,2023-11-04,17:00,Lorient,0–0,Lens,16599.0,Stade du Moustoir,Bastien Dechepy
Ligue 1,2023-2024,2023-11-04,21:00,Marseille,0–0,Lille,63674.0,Orange Vélodrome,Stephanie Frappart
Ligue 1,2023-2024,2023-11-05,13:00,Lyon,1–1,Metz,42040.0,Groupama Stadium,Benoît Millot
Ligue 1,2023-2024,2023-11-05,15:00,Strasbourg,0–0,Clermont Foot,25039.0,Stade de la Meinau,Jeremy Stinat
Ligue 1,2023-2024,2023-11-05,15:00,Toulouse,1–2,Le Havre,23060.0,Stadium Municipal,Marc Bollengier
Ligue 1,2023-2024,2023-11-05,15:00,Nantes,0–1,Reims,33621.0,Stade de la Beaujoire - Louis Fonteneau,Gael Angoula
Ligue 1,2023-2024,2023-11-05,17:05,Monaco,2–0,Brest,9244.0,Stade Louis II,Eric Wattellier
Ligue 1,2023-2024,2023-11-05,20:45,Nice,2–0,Rennes,22430.0,Stade de Nice,Clement Turpin
Ligue 1,2023-2024,2023-11-10,21:00,Montpellier,0–0,Nice,13452.0,Stade de la Mosson,Hakim Ben El Hadj Salem
Ligue 1,2023-2024,2023-11-11,17:00,Reims,0–3,Paris Saint-Germain,20500.0,Stade Auguste-Delaune,Willy Delajod
Ligue 1,2023-2024,2023-11-11,21:00,Le Havre,0–0,Monaco,23008.0,Stade Océane,Thomas Leonard
Ligue 1,2023-2024,2023-11-12,15:00,Clermont Foot,1–0,Lorient,9798.0,Stade Gabriel Montpied,Romain Lissorgue
Ligue 1,2023-2024,2023-11-12,15:00,Metz,3–1,Nantes,21674.0,Stade Saint-Symphorien,Florent Batta
Ligue 1,2023-2024,2023-11-12,15:00,Lille,1–1,Toulouse,34959.0,Decathlon Arena - Stade Pierre-Mauroy,Mathieu Vernice
Ligue 1,2023-2024,2023-11-12,17:05,Rennes,0–1,Lyon,28441.0,Roazhon Park,Stephanie Frappart
Ligue 1,2023-2024,2023-11-12,20:45,Lens,1–0,Marseille,38223.0,Stade Bollaert-Delelis,Benoît Bastien
Ligue 1,2023-2024,2023-11-24,21:00,Paris Saint-Germain,5–2,Monaco,47896.0,Parc des Princes,Benoît Bastien
Ligue 1,2023-2024,2023-11-25,17:00,Clermont Foot,0–3,Lens,10455.0,Stade Gabriel Montpied,Benoît Millot
Ligue 1,2023-2024,2023-11-25,21:00,Strasbourg,1–1,Marseille,25443.0,Stade de la Meinau,Jérôme Brisard
Ligue 1,2023-2024,2023-11-26,13:00,Nice,1–0,Toulouse,21849.0,Stade de Nice,François Letexier
Ligue 1,2023-2024,2023-11-26,15:00,Montpellier,1–3,Brest,12311.0,Stade de la Mosson,Pierre Gaillouste
Ligue 1,2023-2024,2023-11-26,15:00,Lorient,2–3,Metz,14469.0,Stade du Moustoir,Jeremie Pignard
Ligue 1,2023-2024,2023-11-26,15:00,Nantes,0–0,Le Havre,29346.0,Stade de la Beaujoire - Louis Fonteneau,Miguel Nogueira
Ligue 1,2023-2024,2023-11-26,17:05,Rennes,3–1,Reims,27718.0,Roazhon Park,Ruddy Buquet
Ligue 1,2023-2024,2023-11-26,20:45,Lyon,0–2,Lille,40029.0,Groupama Stadium,Eric Wattellier
Ligue 1,2023-2024,2023-11-29,19:00,Montpellier,1–1,Clermont Foot,,Stade de la Mosson,Mathieu Vernice
Ligue 1,2023-2024,2023-12-01,21:00,Reims,2–1,Strasbourg,14500.0,Stade Auguste-Delaune,Hakim Ben El Hadj Salem
Ligue 1,2023-2024,2023-12-02,17:00,Lens,3–2,Lyon,38130.0,Stade Bollaert-Delelis,Clement Turpin
Ligue 1,2023-2024,2023-12-02,21:00,Nantes,1–0,Nice,26560.0,Stade de la Beaujoire - Louis Fonteneau,Ruddy Buquet
Ligue 1,2023-2024,2023-12-03,13:00,Le Havre,0–2,Paris Saint-Germain,23718.0,Stade Océane,Bastien Dechepy
Ligue 1,2023-2024,2023-12-03,15:00,Monaco,2–0,Montpellier,4599.0,Stade Louis II,Jeremy Stinat
Ligue 1,2023-2024,2023-12-03,15:00,Brest,3–0,Clermont Foot,14324.0,Stade Francis-Le Blé,Marc Bollengier
Ligue 1,2023-2024,2023-12-03,15:00,Toulouse,1–1,Lorient,22799.0,Stadium Municipal,Thomas Leonard
Ligue 1,2023-2024,2023-12-03,17:05,Lille,2–0,Metz,38065.0,Decathlon Arena - Stade Pierre-Mauroy,Gael Angoula
Ligue 1,2023-2024,2023-12-03,20:45,Marseille,2–0,Rennes,54162.0,Orange Vélodrome,Willy Delajod
Ligue 1,2023-2024,2023-12-06,21:00,Marseille,3–0,Lyon,54238.0,Orange Vélodrome,François Letexier
Ligue 1,2023-2024,2023-12-07,20:30,Brest,1–1,Strasbourg,14569.0,Stade Francis-Le Blé,Jeremie Pignard
Ligue 1,2023-2024,2023-12-08,21:00,Montpellier,0–0,Lens,14169.0,Stade de la Mosson,Stephanie Frappart
Ligue 1,2023-2024,2023-12-09,17:00,Rennes,1–2,Monaco,26856.0,Roazhon Park,Clement Turpin
Ligue 1,2023-2024,2023-12-09,21:00,Paris Saint-Germain,2–1,Nantes,47926.0,Parc des Princes,Jérôme Brisard
Ligue 1,2023-2024,2023-12-10,13:00,Nice,2–1,Reims,24325.0,Stade de Nice,Benoît Bastien
Ligue 1,2023-2024,2023-12-10,15:00,Strasbourg,2–1,Le Havre,25173.0,Stade de la Meinau,Benoît Millot
Ligue 1,2023-2024,2023-12-10,15:00,Metz,0–1,Brest,20157.0,Stade Saint-Symphorien,Romain Lissorgue
Ligue 1,2023-2024,2023-12-10,15:00,Clermont Foot,0–0,Lille,8789.0,Stade Gabriel Montpied,Florent Batta
Ligue 1,2023-2024,2023-12-10,17:05,Lyon,3–0,Toulouse,36677.0,Groupama Stadium,Pierre Gaillouste
Ligue 1,2023-2024,2023-12-10,20:45,Lorient,2–4,Marseille,15848.0,Stade du Moustoir,Eric Wattellier
Ligue 1,2023-2024,2023-12-15,21:00,Monaco,0–1,Lyon,6000.0,Stade Louis II,Ruddy Buquet
Ligue 1,2023-2024,2023-12-16,17:00,Le Havre,3–1,Nice,21971.0,Stade Océane,Jeremie Pignard
Ligue 1,2023-2024,2023-12-16,21:00,Lens,2–0,Reims,38055.0,Stade Bollaert-Delelis,François Letexier
Ligue 1,2023-2024,2023-12-17,13:00,Nantes,0–2,Brest,30075.0,Stade de la Beaujoire - Louis Fonteneau,Benoît Millot
Ligue 1,2023-2024,2023-12-17,15:00,Toulouse,0–0,Rennes,23310.0,Stadium Municipal,Jeremy Stinat
Ligue 1,2023-2024,2023-12-17,15:00,Lorient,1–2,Strasbourg,14580.0,Stade du Moustoir,Bastien Dechepy
Ligue 1,2023-2024,2023-12-17,15:00,Metz,0–1,Montpellier,23473.0,Stade Saint-Symphorien,Marc Bollengier
Ligue 1,2023-2024,2023-12-17,17:05,Marseille,2–1,Clermont Foot,63753.0,Orange Vélodrome,Gael Angoula
Ligue 1,2023-2024,2023-12-17,20:45,Lille,1–1,Paris Saint-Germain,47993.0,Decathlon Arena - Stade Pierre-Mauroy,Willy Delajod
Ligue 1,2023-2024,2023-12-20,21:00,Lyon,1–0,Nantes,40028.0,Groupama Stadium,Benoît Bastien
Ligue 1,2023-2024,2023-12-20,21:00,Reims,1–0,Le Havre,14835.0,Stade Auguste-Delaune,Stephanie Frappart
Ligue 1,2023-2024,2023-12-20,21:00,Nice,2–0,Lens,25041.0,Stade de Nice,Hakim Ben El Hadj Salem
Ligue 1,2023-2024,2023-12-20,21:00,Paris Saint-Germain,3–1,Metz,48229.0,Parc des Princes,Ruddy Buquet
Ligue 1,2023-2024,2023-12-20,21:00,Strasbourg,2–1,Lille,25373.0,Stade de la Meinau,Clement Turpin
Ligue 1,2023-2024,2023-12-20,21:00,Toulouse,1–2,Monaco,23881.0,Stadium Municipal,Jérôme Brisard
Ligue 1,2023-2024,2023-12-20,21:00,Brest,4–0,Lorient,14544.0,Stade Francis-Le Blé,Mathieu Vernice
Ligue 1,2023-2024,2023-12-20,21:00,Montpellier,1–1,Marseille,18565.0,Stade de la Mosson,Thomas Leonard
Ligue 1,2023-2024,2023-12-20,21:00,Clermont Foot,1–3,Rennes,8840.0,Stade Gabriel Montpied,Eric Wattellier
Ligue 1,2023-2024,2024-01-12,21:00,Marseille,1–1,Strasbourg,53616.0,Orange Vélodrome,Marc Bollengier
Ligue 1,2023-2024,2024-01-13,17:00,Monaco,1–3,Reims,4231.0,Stade Louis II,François Letexier
Ligue 1,2023-2024,2024-01-13,21:00,Rennes,2–0,Nice,26689.0,Roazhon Park,Bastien Dechepy
Ligue 1,2023-2024,2024-01-14,13:00,Lille,3–0,Lorient,35204.0,Decathlon Arena - Stade Pierre-Mauroy,Pierre Gaillouste
Ligue 1,2023-2024,2024-01-14,15:00,Brest,2–0,Montpellier,12712.0,Stade Francis-Le Blé,Jeremie Pignard
Ligue 1,2023-2024,2024-01-14,15:00,Nantes,1–2,Clermont Foot,20866.0,Stade de la Beaujoire - Louis Fonteneau,Romain Lissorgue
Ligue 1,2023-2024,2024-01-14,15:00,Metz,0–1,Toulouse,21065.0,Stade Saint-Symphorien,Florent Batta
Ligue 1,2023-2024,2024-01-14,17:05,Le Havre,3–1,Lyon,23146.0,Stade Océane,Gael Angoula
Ligue 1,2023-2024,2024-01-14,20:45,Lens,0–2,Paris Saint-Germain,38200.0,Stade Bollaert-Delelis,Jérôme Brisard
Ligue 1,2023-2024,2024-01-26,21:00,Lyon,2–3,Rennes,40516.0,Groupama Stadium,Thomas Leonard
Ligue 1,2023-2024,2024-01-27,17:00,Nice,1–0,Metz,20137.0,Stade de Nice,Stephanie Frappart
Ligue 1,2023-2024,2024-01-27,21:00,Marseille,2–2,Monaco,63029.0,Orange Vélodrome,Willy Delajod
Ligue 1,2023-2024,2024-01-28,13:00,Montpellier,0–0,Lille,12575.0,Stade de la Mosson,Hakim Ben El Hadj Salem
Ligue 1,2023-2024,2024-01-28,15:00,Lorient,3–3,Le Havre,14500.0,Stade du Moustoir,Jeremy Stinat
Ligue 1,2023-2024,2024-01-28,15:00,Reims,0–0,Nantes,14388.0,Stade Auguste-Delaune,Jeremie Pignard
Ligue 1,2023-2024,2024-01-28,15:00,Clermont Foot,1–1,Strasbourg,9047.0,Stade Gabriel Montpied,Benoît Millot
Ligue 1,2023-2024,2024-01-28,17:05,Toulouse,0–2,Lens,27310.0,Stadium Municipal,Mathieu Vernice
Ligue 1,2023-2024,2024-01-28,20:45,Paris Saint-Germain,2–2,Brest,47000.0,Parc des Princes,Clement Turpin
Ligue 1,2023-2024,2024-02-02,21:00,Strasbourg,1–2,Paris Saint-Germain,25834.0,Stade de la Meinau,Ruddy Buquet
Ligue 1,2023-2024,2024-02-03,17:00,Rennes,2–1,Montpellier,24898.0,Roazhon Park,Mathieu Vernice
Ligue 1,2023-2024,2024-02-03,21:00,Nantes,0–1,Lens,34167.0,Stade de la Beaujoire - Louis Fonteneau,Florent Batta
Ligue 1,2023-2024,2024-02-04,13:00,Monaco,1–1,Le Havre,9047.0,Stade Louis II,Jérôme Brisard
Ligue 1,2023-2024,2024-02-04,15:00,Lille,4–0,Clermont Foot,38597.0,Decathlon Arena - Stade Pierre-Mauroy,Bastien Dechepy
Ligue 1,2023-2024,2024-02-04,15:00,Metz,1–2,Lorient,21044.0,Stade Saint-Symphorien,Romain Lissorgue
Ligue 1,2023-2024,2024-02-04,15:00,Reims,2–3,Toulouse,12817.0,Stade Auguste-Delaune,Pierre Gaillouste
Ligue 1,2023-2024,2024-02-04,17:05,Brest,0–0,Nice,14500.0,Stade Francis-Le Blé,Jeremy Stinat
Ligue 1,2023-2024,2024-02-04,20:45,Lyon,1–0,Marseille,46380.0,Groupama Stadium,Benoît Bastien
Ligue 1,2023-2024,2024-02-09,21:00,Marseille,1–1,Metz,62686.0,Orange Vélodrome,Hakim Ben El Hadj Salem
Ligue 1,2023-2024,2024-02-10,17:00,Lens,3–1,Strasbourg,38161.0,Stade Bollaert-Delelis,Willy Delajod
Ligue 1,2023-2024,2024-02-10,21:00,Paris Saint-Germain,3–1,Lille,47000.0,Parc des Princes,François Letexier
Ligue 1,2023-2024,2024-02-11,13:00,Le Havre,0–1,Rennes,22702.0,Stade Océane,Benoît Millot
Ligue 1,2023-2024,2024-02-11,15:00,Lorient,2–0,Reims,15096.0,Stade du Moustoir,Marc Bollengier
Ligue 1,2023-2024,2024-02-11,15:00,Toulouse,1–2,Nantes,28933.0,Stadium Municipal,Gael Angoula
Ligue 1,2023-2024,2024-02-11,15:00,Clermont Foot,1–1,Brest,8893.0,Stade Gabriel Montpied,Stephanie Frappart
Ligue 1,2023-2024,2024-02-11,17:05,Montpellier,1–2,Lyon,15519.0,Stade de la Mosson,Pierre Gaillouste
Ligue 1,2023-2024,2024-02-11,20:45,Nice,2–3,Monaco,24788.0,Stade de Nice,Eric Wattellier
Ligue 1,2023-2024,2024-02-16,21:00,Lyon,1–0,Nice,48033.0,Groupama Stadium,Clement Turpin
Ligue 1,2023-2024,2024-02-17,17:00,Lille,3–0,Le Havre,40317.0,Decathlon Arena - Stade Pierre-Mauroy,Jeremie Pignard
Ligue 1,2023-2024,2024-02-17,21:00,Nantes,0–2,Paris Saint-Germain,34038.0,Stade de la Beaujoire - Louis Fonteneau,Jérôme Brisard
Ligue 1,2023-2024,2024-02-18,13:00,Strasbourg,1–3,Lorient,25103.0,Stade de la Meinau,Thomas Leonard
Ligue 1,2023-2024,2024-02-18,15:00,Rennes,3–1,Clermont Foot,27501.0,Roazhon Park,Romain Lissorgue
Ligue 1,2023-2024,2024-02-18,15:00,Montpellier,3–0,Metz,12532.0,Stade de la Mosson,Jeremy Stinat
Ligue 1,2023-2024,2024-02-18,15:00,Monaco,1–2,Toulouse,4702.0,Stade Louis II,Benoît Bastien
Ligue 1,2023-2024,2024-02-18,17:05,Reims,1–1,Lens,20116.0,Stade Auguste-Delaune,Benoît Millot
Ligue 1,2023-2024,2024-02-18,20:45,Brest,1–0,Marseille,13800.0,Stade Francis-Le Blé,Ruddy Buquet
Ligue 1,2023-2024,2024-02-23,21:00,Metz,1–2,Lyon,27560.0,Stade Saint-Symphorien,Marc Bollengier
Ligue 1,2023-2024,2024-02-24,17:00,Lorient,0–1,Nantes,16787.0,Stade du Moustoir,Willy Delajod
Ligue 1,2023-2024,2024-02-24,21:00,Strasbourg,0–3,Brest,25140.0,Stade de la Meinau,Jérôme Brisard
Ligue 1,2023-2024,2024-02-25,13:00,Lens,2–3,Monaco,37992.0,Stade Bollaert-Delelis,François Letexier
Ligue 1,2023-2024,2024-02-25,15:00,Toulouse,3–1,Lille,24124.0,Stadium Municipal,Mathieu Vernice
Ligue 1,2023-2024,2024-02-25,15:00,Le Havre,1–2,Reims,22046.0,Stade Océane,Florent Batta
Ligue 1,2023-2024,2024-02-25,15:00,Nice,0–0,Clermont Foot,22081.0,Stade de Nice,Hakim Ben El Hadj Salem
Ligue 1,2023-2024,2024-02-25,17:05,Paris Saint-Germain,1–1,Rennes,47874.0,Parc des Princes,Bastien Dechepy
Ligue 1,2023-2024,2024-02-25,20:45,Marseille,4–1,Montpellier,61263.0,Orange Vélodrome,Jeremie Pignard
Ligue 1,2023-2024,2024-03-01,21:00,Monaco,0–0,Paris Saint-Germain,14700.0,Stade Louis II,Ruddy Buquet
Ligue 1,2023-2024,2024-03-02,17:00,Reims,0–1,Lille,16452.0,Stade Auguste-Delaune,Jeremy Stinat
Ligue 1,2023-2024,2024-03-02,21:00,Clermont Foot,1–5,Marseille,10583.0,Stade Gabriel Montpied,Thomas Leonard
Ligue 1,2023-2024,2024-03-03,13:00,Toulouse,2–1,Nice,25507.0,Stadium Municipal,Jeremie Pignard
Ligue 1,2023-2024,2024-03-03,15:00,Nantes,0–2,Metz,27132.0,Stade de la Beaujoire - Louis Fonteneau,Eric Wattellier
Ligue 1,2023-2024,2024-03-03,15:00,Montpellier,2–2,Strasbourg,11635.0,Stade de la Mosson,Stephanie Frappart
Ligue 1,2023-2024,2024-03-03,15:00,Brest,1–0,Le Havre,14718.0,Stade Francis-Le Blé,Pierre Gaillouste
Ligue 1,2023-2024,2024-03-03,17:05,Rennes,1–2,Lorient,28615.0,Roazhon Park,Benoît Bastien
Ligue 1,2023-2024,2024-03-03,20:45,Lyon,0–3,Lens,48242.0,Groupama Stadium,Jérôme Brisard
Ligue 1,2023-2024,2024-03-08,21:00,Nice,1–2,Montpellier,21819.0,Stade de Nice,Ruddy Buquet
Ligue 1,2023-2024,2024-03-09,17:00,Lorient,0–2,Lyon,16426.0,Stade du Moustoir,Mathieu Vernice
Ligue 1,2023-2024,2024-03-09,21:00,Lens,1–0,Brest,38016.0,Stade Bollaert-Delelis,Stephanie Frappart
Ligue 1,2023-2024,2024-03-10,13:00,Paris Saint-Germain,2–2,Reims,46000.0,Parc des Princes,Willy Delajod
Ligue 1,2023-2024,2024-03-10,15:00,Le Havre,1–0,Toulouse,21462.0,Stade Océane,Romain Lissorgue
Ligue 1,2023-2024,2024-03-10,15:00,Metz,1–0,Clermont Foot,22673.0,Stade Saint-Symphorien,Gael Angoula
Ligue 1,2023-2024,2024-03-10,15:00,Strasbourg,0–1,Monaco,25391.0,Stade de la Meinau,Clement Turpin
Ligue 1,2023-2024,2024-03-10,17:05,Lille,2–2,Rennes,40383.0,Decathlon Arena - Stade Pierre-Mauroy,Benoît Millot
Ligue 1,2023-2024,2024-03-10,20:45,Marseille,2–0,Nantes,56958.0,Orange Vélodrome,François Letexier
Ligue 1,2023-2024,2024-03-15,21:00,Toulouse,2–3,Lyon,28434.0,Stadium Municipal,Jeremy Stinat
Ligue 1,2023-2024,2024-03-16,17:00,Nantes,1–3,Strasbourg,29487.0,Stade de la Beaujoire - Louis Fonteneau,Jeremie Pignard
Ligue 1,2023-2024,2024-03-16,21:00,Lens,1–3,Nice,37346.0,Stade Bollaert-Delelis,Benoît Bastien
Ligue 1,2023-2024,2024-03-17,13:00,Brest,1–1,Lille,14774.0,Stade Francis-Le Blé,Clement Turpin
Ligue 1,2023-2024,2024-03-17,15:00,Clermont Foot,2–1,Le Havre,9638.0,Stade Gabriel Montpied,Marc Bollengier
Ligue 1,2023-2024,2024-03-17,15:00,Monaco,2–2,Lorient,5090.0,Stade Louis II,Bastien Dechepy
Ligue 1,2023-2024,2024-03-17,15:00,Reims,2–1,Metz,14335.0,Stade Auguste-Delaune,Hakim Ben El Hadj Salem
Ligue 1,2023-2024,2024-03-17,17:05,Rennes,2–0,Marseille,28610.0,Roazhon Park,Eric Wattellier
Ligue 1,2023-2024,2024-03-17,20:45,Montpellier,2–6,Paris Saint-Germain,19202.0,Stade de la Mosson,Florent Batta
Ligue 1,2023-2024,2024-03-29,21:00,Lille,2–1,Lens,48233.0,Decathlon Arena - Stade Pierre-Mauroy,Willy Delajod
Ligue 1,2023-2024,2024-03-30,17:00,Metz,2–5,Monaco,26661.0,Stade Saint-Symphorien,Eric Wattellier
Ligue 1,2023-2024,2024-03-30,21:00,Lyon,1–1,Reims,46097.0,Groupama Stadium,Thomas Leonard
Ligue 1,2023-2024,2024-03-31,13:00,Lorient,0–1,Brest,16745.0,Stade du Moustoir,Jérôme Brisard
Ligue 1,2023-2024,2024-03-31,15:00,Le Havre,0–2,Montpellier,20556.0,Stade Océane,Mathieu Vernice
Ligue 1,2023-2024,2024-03-31,15:00,Clermont Foot,0–3,Toulouse,10499.0,Stade Gabriel Montpied,Pierre Gaillouste
Ligue 1,2023-2024,2024-03-31,15:00,Nice,1–2,Nantes,21142.0,Stade de Nice,Bastien Dechepy
Ligue 1,2023-2024,2024-03-31,17:05,Strasbourg,2–0,Rennes,25407.0,Stade de la Meinau,Hakim Ben El Hadj Salem
Ligue 1,2023-2024,2024-03-31,20:45,Marseille,0–2,Paris Saint-Germain,66046.0,Orange Vélodrome,Benoît Bastien
Ligue 1,2023-2024,2024-04-05,21:00,Lille,3–1,Marseille,46864.0,Decathlon Arena - Stade Pierre-Mauroy,Bastien Dechepy
Ligue 1,2023-2024,2024-04-06,17:00,Lens,1–1,Le Havre,38223.0,Stade Bollaert-Delelis,François Letexier
Ligue 1,2023-2024,2024-04-06,21:00,Paris Saint-Germain,1–1,Clermont Foot,47607.0,Parc des Princes,Gael Angoula
Ligue 1,2023-2024,2024-04-07,13:00,Brest,4–3,Metz,14656.0,Stade Francis-Le Blé,Benoît Millot
Ligue 1,2023-2024,2024-04-07,15:00,Reims,0–0,Nice,14606.0,Stade Auguste-Delaune,Eric Wattellier
Ligue 1,2023-2024,2024-04-07,15:00,Toulouse,0–0,Strasbourg,23495.0,Stadium Municipal,Ruddy Buquet
Ligue 1,2023-2024,2024-04-07,15:00,Montpellier,2–0,Lorient,15234.0,Stade de la Mosson,Romain Lissorgue
Ligue 1,2023-2024,2024-04-07,17:05,Monaco,1–0,Rennes,6634.0,Stade Louis II,Stephanie Frappart
Ligue 1,2023-2024,2024-04-07,20:45,Nantes,1–3,Lyon,,Stade de la Beaujoire - Louis Fonteneau,Jérôme Brisard
Ligue 1,2023-2024,2024-04-12,21:00,Metz,2–1,Lens,23002.0,Stade Saint-Symphorien,Romain Lissorgue
Ligue 1,2023-2024,2024-04-13,17:00,Strasbourg,3–1,Reims,25000.0,Stade de la Meinau,Willy Delajod
Ligue 1,2023-2024,2024-04-13,21:00,Rennes,1–2,Toulouse,28055.0,Roazhon Park,Florent Batta
Ligue 1,2023-2024,2024-04-14,13:00,Le Havre,0–1,Nantes,23021.0,Stade Océane,Hakim Ben El Hadj Salem
Ligue 1,2023-2024,2024-04-14,15:00,Clermont Foot,1–1,Montpellier,10174.0,Stade Gabriel Montpied,Thomas Leonard
Ligue 1,2023-2024,2024-04-14,20:45,Lyon,4–3,Brest,53898.0,Groupama Stadium,Mathieu Vernice
Ligue 1,2023-2024,2024-04-19,21:00,Nice,3–0,Lorient,21067.0,Stade de Nice,Jeremy Stinat
Ligue 1,2023-2024,2024-04-20,17:00,Nantes,0–3,Rennes,25433.0,Stade de la Beaujoire - Louis Fonteneau,Willy Delajod
Ligue 1,2023-2024,2024-04-20,21:00,Lens,1–0,Clermont Foot,37495.0,Stade Bollaert-Delelis,Benoît Bastien
Ligue 1,2023-2024,2024-04-21,15:00,Reims,1–2,Montpellier,14183.0,Stade Auguste-Delaune,Pierre Gaillouste
Ligue 1,2023-2024,2024-04-21,15:00,Le Havre,0–1,Metz,21250.0,Stade Océane,Marc Bollengier
Ligue 1,2023-2024,2024-04-21,15:00,Lille,1–0,Strasbourg,40381.0,Decathlon Arena - Stade Pierre-Mauroy,Benoît Millot
Ligue 1,2023-2024,2024-04-21,17:05,Brest,0–2,Monaco,14856.0,Stade Francis-Le Blé,Ruddy Buquet
Ligue 1,2023-2024,2024-04-21,19:00,Toulouse,2–2,Marseille,30119.0,Stadium Municipal,Clement Turpin
Ligue 1,2023-2024,2024-04-21,21:00,Paris Saint-Germain,4–1,Lyon,45000.0,Parc des Princes,François Letexier
Ligue 1,2023-2024,2024-04-24,19:00,Lorient,1–4,Paris Saint-Germain,16738.0,Stade du Moustoir,Marc Bollengier
Ligue 1,2023-2024,2024-04-24,21:00,Marseille,2–2,Nice,53000.0,Orange Vélodrome,Jeremie Pignard
Ligue 1,2023-2024,2024-04-24,21:00,Monaco,1–0,Lille,9000.0,Stade Louis II,Clement Turpin
Ligue 1,2023-2024,2024-04-26,21:00,Montpellier,1–1,Nantes,17331.0,Stade de la Mosson,Jeremy Stinat
Ligue 1,2023-2024,2024-04-27,21:00,Paris Saint-Germain,3–3,Le Havre,46000.0,Parc des Princes,Willy Delajod
Ligue 1,2023-2024,2024-04-28,13:00,Metz,1–2,Lille,24728.0,Stade Saint-Symphorien,Stephanie Frappart
Ligue 1,2023-2024,2024-04-28,15:00,Strasbourg,1–3,Nice,25181.0,Stade de la Meinau,Thomas Leonard
Ligue 1,2023-2024,2024-04-28,15:00,Lorient,1–2,Toulouse,16125.0,Stade du Moustoir,Gael Angoula
Ligue 1,2023-2024,2024-04-28,15:00,Clermont Foot,4–1,Reims,8713.0,Stade Gabriel Montpied,Florent Batta
Ligue 1,2023-2024,2024-04-28,17:05,Rennes,4–5,Brest,28527.0,Roazhon Park,Benoît Bastien
Ligue 1,2023-2024,2024-04-28,19:00,Lyon,3–2,Monaco,55539.0,Groupama Stadium,Bastien Dechepy
Ligue 1,2023-2024,2024-04-28,21:00,Marseille,2–1,Lens,59490.0,Orange Vélodrome,Eric Wattellier
Ligue 1,2023-2024,2024-05-03,19:00,Toulouse,1–2,Montpellier,24559.0,Stadium Municipal,Marc Bollengier
Ligue 1,2023-2024,2024-05-03,21:00,Lens,2–0,Lorient,37561.0,Stade Bollaert-Delelis,Jeremie Pignard
Ligue 1,2023-2024,2024-05-04,15:00,Le Havre,3–1,Strasbourg,22293.0,Stade Océane,Jérôme Brisard
Ligue 1,2023-2024,2024-05-04,17:00,Monaco,4–1,Clermont Foot,7256.0,Stade Louis II,Hakim Ben El Hadj Salem
Ligue 1,2023-2024,2024-05-04,19:00,Metz,2–3,Rennes,23290.0,Stade Saint-Symphorien,Ruddy Buquet
Ligue 1,2023-2024,2024-05-04,21:00,Brest,0–0,Nantes,15159.0,Stade Francis-Le Blé,Clement Turpin
Ligue 1,2023-2024,2024-05-06,21:00,Lille,3–4,Lyon,45227.0,Decathlon Arena - Stade Pierre-Mauroy,Benoît Bastien
Ligue 1,2023-2024,2024-05-10,21:00,Brest,1–1,Reims,14633.0,Stade Francis-Le Blé,Jérôme Brisard
Ligue 1,2023-2024,2024-05-10,21:00,Nice,1–0,Le Havre,24529.0,Stade de Nice,Benoît Bastien
Ligue 1,2023-2024,2024-05-12,21:00,Marseille,3–1,Lorient,62082.0,Orange Vélodrome,Bastien Dechepy
Ligue 1,2023-2024,2024-05-12,21:00,Nantes,1–2,Lille,26529.0,Stade de la Beaujoire - Louis Fonteneau,Eric Wattellier
Ligue 1,2023-2024,2024-05-12,21:00,Rennes,1–1,Lens,28660.0,Roazhon Park,Benoît Millot
Ligue 1,2023-2024,2024-05-12,21:00,Strasbourg,2–1,Metz,25686.0,Stade de la Meinau,François Letexier
Ligue 1,2023-2024,2024-05-12,21:00,Clermont Foot,0–1,Lyon,10603.0,Stade Gabriel Montpied,Pierre Gaillouste
Ligue 1,2023-2024,2024-05-12,21:00,Montpellier,0–2,Monaco,14829.0,Stade de la Mosson,Stephanie Frappart
Ligue 1,2023-2024,2024-05-12,21:00,Paris Saint-Germain,1–3,Toulouse,47000.0,Parc des Princes,Florent Batta
Ligue 1,2023-2024,2024-05-15,21:00,Nice,1–2,Paris Saint-Germain,33818.0,Stade de Nice,Ruddy Buquet
Ligue 1,2023-2024,2024-05-15,21:00,Reims,1–0,Marseille,19020.0,Stade Auguste-Delaune,Hakim Ben El Hadj Salem
Ligue 1,2023-2024,2024-05-19,21:00,Metz,0–2,Paris Saint-Germain,28455.0,Stade Saint-Symphorien,Gael Angoula
Ligue 1,2023-2024,2024-05-19,21:00,Monaco,4–0,Nantes,7343.0,Stade Louis II,Romain Lissorgue
Ligue 1,2023-2024,2024-05-19,21:00,Toulouse,0–3,Brest,28885.0,Stadium Municipal,Jeremie Pignard
Ligue 1,2023-2024,2024-05-19,21:00,Reims,2–1,Rennes,16077.0,Stade Auguste-Delaune,Mathieu Vernice
Ligue 1,2023-2024,2024-05-19,21:00,Lyon,2–1,Strasbourg,57027.0,Groupama Stadium,Eric Wattellier
Ligue 1,2023-2024,2024-05-19,21:00,Lens,2–2,Montpellier,37433.0,Stade Bollaert-Delelis,Thomas Leonard
Ligue 1,2023-2024,2024-05-19,21:00,Le Havre,1–2,Marseille,24050.0,Stade Océane,Jeremy Stinat
Ligue 1,2023-2024,2024-05-19,21:00,Lorient,5–0,Clermont Foot,16176.0,Stade du Moustoir,Clement Turpin
Ligue 1,2023-2024,2024-05-19,21:00,Lille,2–2,Nice,45488.0,Decathlon Arena - Stade Pierre-Mauroy,Willy Delajod
Ligue 1,2022-2023,2022-08-05,21:00,Lyon,2–1,Ajaccio,48516.0,Groupama Stadium,Benoît Bastien
Ligue 1,2022-2023,2022-08-06,17:00,Strasbourg,1–2,Monaco,25359.0,Stade de la Meinau,François Letexier
Ligue 1,2022-2023,2022-08-06,21:00,Clermont Foot,0–5,Paris Saint-Germain,12203.0,Stade Gabriel Montpied,Jeremy Stinat
Ligue 1,2022-2023,2022-08-07,13:00,Toulouse,1–1,Nice,20567.0,Stadium Municipal,Johan Hamel
Ligue 1,2022-2023,2022-08-07,15:00,Angers,0–0,Nantes,12000.0,Stade Raymond Kopa,Hakim Ben El Hadj Salem
Ligue 1,2022-2023,2022-08-07,15:00,Lille,4–1,Auxerre,32292.0,Stade Pierre-Mauroy,Eric Wattellier
Ligue 1,2022-2023,2022-08-07,15:00,Montpellier,3–2,Troyes,12003.0,Stade de la Mosson,Pierre Gaillouste
Ligue 1,2022-2023,2022-08-07,15:00,Lens,3–2,Brest,37015.0,Stade Bollaert-Delelis,Thomas Leonard
Ligue 1,2022-2023,2022-08-07,17:05,Rennes,0–1,Lorient,28177.0,Roazhon Park,Bastien Dechepy
Ligue 1,2022-2023,2022-08-07,20:45,Marseille,4–1,Reims,62738.0,Orange Vélodrome,Jérôme Brisard
Ligue 1,2022-2023,2022-08-12,21:00,Nantes,1–1,Lille,30689.0,Stade de la Beaujoire - Louis Fonteneau,Bastien Dechepy
Ligue 1,2022-2023,2022-08-13,17:00,Monaco,1–1,Rennes,8000.0,Stade Louis II,Jeremie Pignard
Ligue 1,2022-2023,2022-08-13,21:00,Paris Saint-Germain,5–2,Montpellier,46000.0,Parc des Princes,Willy Delajod
Ligue 1,2022-2023,2022-08-14,15:00,Ajaccio,0–0,Lens,9070.0,Stade François Coty,Stephanie Frappart
Ligue 1,2022-2023,2022-08-14,15:00,Reims,2–4,Clermont Foot,9456.0,Stade Auguste-Delaune,Johan Hamel
Ligue 1,2022-2023,2022-08-14,15:00,Auxerre,2–2,Angers,15577.0,Stade de l'Abbé Deschamps,Ruddy Buquet
Ligue 1,2022-2023,2022-08-14,15:00,Troyes,0–3,Toulouse,6000.0,Stade de l'Aube,Marc Bollengier
Ligue 1,2022-2023,2022-08-14,17:05,Nice,1–1,Strasbourg,24707.0,Stade de Nice,Hakim Ben El Hadj Salem
Ligue 1,2022-2023,2022-08-14,20:45,Brest,1–1,Marseille,13709.0,Stade Francis-Le Blé,Jeremy Stinat
Ligue 1,2022-2023,2022-08-19,21:00,Lyon,4–1,Troyes,43000.0,Groupama Stadium,Eric Wattellier
Ligue 1,2022-2023,2022-08-20,17:00,Monaco,1–4,Lens,8700.0,Stade Louis II,Willy Delajod
Ligue 1,2022-2023,2022-08-20,21:00,Marseille,2–1,Nantes,63147.0,Orange Vélodrome,Jeremie Pignard
Ligue 1,2022-2023,2022-08-21,13:00,Strasbourg,1–1,Reims,25175.0,Stade de la Meinau,Ruddy Buquet
Ligue 1,2022-2023,2022-08-21,15:00,Angers,1–3,Brest,8735.0,Stade Raymond Kopa,Jérôme Brisard
Ligue 1,2022-2023,2022-08-21,15:00,Clermont Foot,1–0,Nice,11500.0,Stade Gabriel Montpied,Thomas Leonard
Ligue 1,2022-2023,2022-08-21,15:00,Toulouse,2–2,Lorient,23862.0,Stadium Municipal,Gustavo Correia
Ligue 1,2022-2023,2022-08-21,15:00,Montpellier,1–2,Auxerre,13137.0,Stade de la Mosson,Mathieu Vernice
Ligue 1,2022-2023,2022-08-21,17:05,Rennes,2–1,Ajaccio,27592.0,Roazhon Park,Hakim Ben El Hadj Salem
Ligue 1,2022-2023,2022-08-21,20:45,Lille,1–7,Paris Saint-Germain,47526.0,Stade Pierre-Mauroy,Clement Turpin
Ligue 1,2022-2023,2022-08-26,21:00,Ajaccio,1–3,Lille,9070.0,Stade François Coty,Thomas Leonard
Ligue 1,2022-2023,2022-08-27,17:00,Auxerre,1–0,Strasbourg,16059.0,Stade de l'Abbé Deschamps,Johan Hamel
Ligue 1,2022-2023,2022-08-27,21:00,Lens,2–1,Rennes,37848.0,Stade Bollaert-Delelis,Jérôme Brisard
Ligue 1,2022-2023,2022-08-28,13:00,Nantes,3–1,Toulouse,26574.0,Stade de la Beaujoire - Louis Fonteneau,Mathieu Vernice
Ligue 1,2022-2023,2022-08-28,15:00,Troyes,3–1,Angers,6673.0,Stade de l'Aube,Stephanie Frappart
Ligue 1,2022-2023,2022-08-28,15:00,Lorient,2–1,Clermont Foot,10591.0,Stade du Moustoir,Willy Delajod
Ligue 1,2022-2023,2022-08-28,15:00,Nice,0–3,Marseille,31418.0,Stade de Nice,François Letexier
Ligue 1,2022-2023,2022-08-28,15:00,Brest,0–7,Montpellier,11546.0,Stade Francis-Le Blé,Marc Bollengier
Ligue 1,2022-2023,2022-08-28,17:05,Reims,1–1,Lyon,14930.0,Stade Auguste-Delaune,Jeremy Stinat
Ligue 1,2022-2023,2022-08-28,20:45,Paris Saint-Germain,1–1,Monaco,46000.0,Parc des Princes,Benoît Bastien
Ligue 1,2022-2023,2022-08-31,19:00,Angers,2–4,Reims,6500.0,Stade Raymond Kopa,Jeremie Pignard
Ligue 1,2022-2023,2022-08-31,19:00,Lyon,2–1,Auxerre,38609.0,Groupama Stadium,Pierre Gaillouste
Ligue 1,2022-2023,2022-08-31,19:00,Strasbourg,1–1,Nantes,25162.0,Stade de la Meinau,Clement Turpin
Ligue 1,2022-2023,2022-08-31,19:00,Monaco,2–4,Troyes,4045.0,Stade Louis II,Ruddy Buquet
Ligue 1,2022-2023,2022-08-31,19:00,Montpellier,2–0,Ajaccio,10051.0,Stade de la Mosson,Bastien Dechepy
Ligue 1,2022-2023,2022-08-31,21:00,Lens,5–2,Lorient,37161.0,Stade Bollaert-Delelis,Benoît Bastien
Ligue 1,2022-2023,2022-08-31,21:00,Marseille,1–0,Clermont Foot,62763.0,Orange Vélodrome,Eric Wattellier
Ligue 1,2022-2023,2022-08-31,21:00,Toulouse,0–3,Paris Saint-Germain,31700.0,Stadium Municipal,Hakim Ben El Hadj Salem
Ligue 1,2022-2023,2022-08-31,21:00,Rennes,3–1,Brest,27392.0,Roazhon Park,Benoît Millot
Ligue 1,2022-2023,2022-08-31,21:00,Lille,1–2,Nice,30254.0,Stade Pierre-Mauroy,Jeremy Stinat
Ligue 1,2022-2023,2022-09-03,17:00,Auxerre,0–2,Marseille,17025.0,Stade de l'Abbé Deschamps,Willy Delajod
Ligue 1,2022-2023,2022-09-03,19:00,Lyon,5–0,Angers,39586.0,Groupama Stadium,Thomas Leonard
Ligue 1,2022-2023,2022-09-03,21:00,Nantes,0–3,Paris Saint-Germain,34406.0,Stade de la Beaujoire - Louis Fonteneau,Pierre Gaillouste
Ligue 1,2022-2023,2022-09-04,13:00,Montpellier,1–3,Lille,12215.0,Stade de la Mosson,Jérôme Brisard
Ligue 1,2022-2023,2022-09-04,15:00,Brest,1–1,Strasbourg,11003.0,Stade Francis-Le Blé,Bastien Dechepy
Ligue 1,2022-2023,2022-09-04,15:00,Ajaccio,0–1,Lorient,7000.0,Stade François Coty,Jeremy Stinat
Ligue 1,2022-2023,2022-09-04,15:00,Clermont Foot,2–0,Toulouse,10085.0,Stade Gabriel Montpied,François Letexier
Ligue 1,2022-2023,2022-09-04,15:00,Reims,1–1,Lens,15761.0,Stade Auguste-Delaune,Eric Wattellier
Ligue 1,2022-2023,2022-09-04,17:05,Troyes,1–1,Rennes,8000.0,Stade de l'Aube,Mathieu Vernice
Ligue 1,2022-2023,2022-09-04,20:45,Nice,0–1,Monaco,24125.0,Stade de Nice,Benoît Millot
Ligue 1,2022-2023,2022-09-07,19:00,Lorient,3–1,Lyon,13685.0,Stade du Moustoir,Bastien Dechepy
Ligue 1,2022-2023,2022-09-09,21:00,Lens,1–0,Troyes,37344.0,Stade Bollaert-Delelis,Hakim Ben El Hadj Salem
Ligue 1,2022-2023,2022-09-10,17:00,Paris Saint-Germain,1–0,Brest,45000.0,Parc des Princes,Jeremie Pignard
Ligue 1,2022-2023,2022-09-10,21:00,Marseille,2–1,Lille,62985.0,Orange Vélodrome,Benoît Millot
Ligue 1,2022-2023,2022-09-11,13:00,Strasbourg,0–0,Clermont Foot,25089.0,Stade de la Meinau,Marc Bollengier
Ligue 1,2022-2023,2022-09-11,15:00,Ajaccio,0–1,Nice,7068.0,Stade François Coty,Eric Wattellier
Ligue 1,2022-2023,2022-09-11,15:00,Lorient,3–2,Nantes,15081.0,Stade du Moustoir,Johan Hamel
Ligue 1,2022-2023,2022-09-11,15:00,Toulouse,1–0,Reims,21315.0,Stadium Municipal,Stephanie Frappart
Ligue 1,2022-2023,2022-09-11,15:00,Angers,2–1,Montpellier,6165.0,Stade Raymond Kopa,François Letexier
Ligue 1,2022-2023,2022-09-11,17:05,Rennes,5–0,Auxerre,27837.0,Roazhon Park,Thomas Leonard
Ligue 1,2022-2023,2022-09-11,20:45,Monaco,2–1,Lyon,7000.0,Stade Louis II,Clement Turpin
Ligue 1,2022-2023,2022-09-16,21:00,Auxerre,1–3,Lorient,14866.0,Stade de l'Abbé Deschamps,Ruddy Buquet
Ligue 1,2022-2023,2022-09-17,17:00,Montpellier,2–1,Strasbourg,10780.0,Stade de la Mosson,Jeremy Stinat
Ligue 1,2022-2023,2022-09-17,21:00,Lille,2–1,Toulouse,33635.0,Stade Pierre-Mauroy,Pierre Gaillouste
Ligue 1,2022-2023,2022-09-18,13:00,Reims,0–3,Monaco,10000.0,Stade Auguste-Delaune,Marc Bollengier
Ligue 1,2022-2023,2022-09-18,15:00,Brest,0–1,Ajaccio,11153.0,Stade Francis-Le Blé,Stephanie Frappart
Ligue 1,2022-2023,2022-09-18,15:00,Marseille,1–1,Rennes,62753.0,Orange Vélodrome,Benoît Bastien
Ligue 1,2022-2023,2022-09-18,15:00,Nice,0–1,Angers,18545.0,Stade de Nice,Bastien Dechepy
Ligue 1,2022-2023,2022-09-18,15:00,Clermont Foot,1–3,Troyes,10753.0,Stade Gabriel Montpied,Jérôme Brisard
Ligue 1,2022-2023,2022-09-18,17:05,Nantes,0–0,Lens,28854.0,Stade de la Beaujoire - Louis Fonteneau,Willy Delajod
Ligue 1,2022-2023,2022-09-18,20:45,Lyon,0–1,Paris Saint-Germain,58230.0,Groupama Stadium,François Letexier
Ligue 1,2022-2023,2022-09-30,21:00,Angers,0–3,Marseille,19000.0,Stade Raymond Kopa,Johan Hamel
Ligue 1,2022-2023,2022-10-01,17:00,Strasbourg,1–3,Rennes,25226.0,Stade de la Meinau,Eric Wattellier
Ligue 1,2022-2023,2022-10-01,21:00,Paris Saint-Germain,2–1,Nice,47000.0,Parc des Princes,Jérôme Brisard
Ligue 1,2022-2023,2022-10-02,13:00,Lorient,2–1,Lille,14916.0,Stade du Moustoir,Hakim Ben El Hadj Salem
Ligue 1,2022-2023,2022-10-02,15:00,Troyes,2–2,Reims,10164.0,Stade de l'Aube,Benoît Millot
Ligue 1,2022-2023,2022-10-02,15:00,Auxerre,1–1,Brest,14630.0,Stade de l'Abbé Deschamps,Florent Batta
Ligue 1,2022-2023,2022-10-02,15:00,Ajaccio,1–3,Clermont Foot,6610.0,Stade François Coty,Clement Turpin
Ligue 1,2022-2023,2022-10-02,15:00,Toulouse,4–2,Montpellier,21820.0,Stadium Municipal,Jeremie Pignard
Ligue 1,2022-2023,2022-10-02,17:05,Monaco,4–1,Nantes,5202.0,Stade Louis II,Thomas Leonard
Ligue 1,2022-2023,2022-10-02,20:45,Lens,1–0,Lyon,36674.0,Stade Bollaert-Delelis,Benoît Bastien
Ligue 1,2022-2023,2022-10-07,21:00,Lyon,1–1,Toulouse,41295.0,Groupama Stadium,Ruddy Buquet
Ligue 1,2022-2023,2022-10-08,17:00,Marseille,1–2,Ajaccio,63312.0,Orange Vélodrome,Willy Delajod
Ligue 1,2022-2023,2022-10-08,21:00,Reims,0–0,Paris Saint-Germain,20543.0,Stade Auguste-Delaune,Pierre Gaillouste
Ligue 1,2022-2023,2022-10-09,13:00,Montpellier,0–2,Monaco,13048.0,Stade de la Mosson,Benoît Millot
Ligue 1,2022-2023,2022-10-09,15:00,Brest,1–2,Lorient,9819.0,Stade Francis-Le Blé,Bastien Dechepy
Ligue 1,2022-2023,2022-10-09,15:00,Nice,3–2,Troyes,18053.0,Stade de Nice,Johan Hamel
Ligue 1,2022-2023,2022-10-09,15:00,Clermont Foot,2–1,Auxerre,11119.0,Stade Gabriel Montpied,Mathieu Vernice
Ligue 1,2022-2023,2022-10-09,15:00,Angers,2–3,Strasbourg,8000.0,Stade Raymond Kopa,Clement Turpin
Ligue 1,2022-2023,2022-10-09,17:05,Rennes,3–0,Nantes,27844.0,Roazhon Park,Florent Batta
Ligue 1,2022-2023,2022-10-09,20:45,Lille,1–0,Lens,48527.0,Stade Pierre-Mauroy,François Letexier
Ligue 1,2022-2023,2022-10-14,21:00,Strasbourg,0–3,Lille,25313.0,Stade de la Meinau,Jeremie Pignard
Ligue 1,2022-2023,2022-10-15,17:00,Lorient,0–0,Reims,15776.0,Stade du Moustoir,Mathieu Vernice
Ligue 1,2022-2023,2022-10-15,21:00,Lens,1–0,Montpellier,37320.0,Stade Bollaert-Delelis,Hakim Ben El Hadj Salem
Ligue 1,2022-2023,2022-10-16,13:00,Toulouse,3–2,Angers,21141.0,Stadium Municipal,Benoît Bastien
Ligue 1,2022-2023,2022-10-16,15:00,Rennes,3–2,Lyon,28152.0,Roazhon Park,Stephanie Frappart
Ligue 1,2022-2023,2022-10-16,15:00,Troyes,1–1,Ajaccio,7731.0,Stade de l'Aube,Jérôme Brisard
Ligue 1,2022-2023,2022-10-16,15:00,Auxerre,1–1,Nice,14125.0,Stade de l'Abbé Deschamps,Eric Wattellier
Ligue 1,2022-2023,2022-10-16,15:00,Nantes,4–1,Brest,25759.0,Stade de la Beaujoire - Louis Fonteneau,Marc Bollengier
Ligue 1,2022-2023,2022-10-16,17:05,Monaco,1–1,Clermont Foot,4731.0,Stade Louis II,Ruddy Buquet
Ligue 1,2022-2023,2022-10-16,20:45,Paris Saint-Germain,1–0,Marseille,47000.0,Parc des Princes,Clement Turpin
Ligue 1,2022-2023,2022-10-21,21:00,Ajaccio,0–3,Paris Saint-Germain,10000.0,Stade François Coty,Johan Hamel
Ligue 1,2022-2023,2022-10-22,17:00,Montpellier,1–2,Lyon,15339.0,Stade de la Mosson,Thomas Leonard
Ligue 1,2022-2023,2022-10-22,21:00,Marseille,0–1,Lens,56414.0,Orange Vélodrome,Benoît Millot
Ligue 1,2022-2023,2022-10-23,13:00,Angers,1–2,Rennes,11500.0,Stade Raymond Kopa,Pierre Gaillouste
Ligue 1,2022-2023,2022-10-23,15:00,Troyes,2–2,Lorient,10000.0,Stade de l'Aube,Marc Bollengier
Ligue 1,2022-2023,2022-10-23,15:00,Toulouse,2–2,Strasbourg,21622.0,Stadium Municipal,Jeremy Stinat
Ligue 1,2022-2023,2022-10-23,15:00,Reims,2–1,Auxerre,11411.0,Stade Auguste-Delaune,Hakim Ben El Hadj Salem
Ligue 1,2022-2023,2022-10-23,15:00,Clermont Foot,1–3,Brest,7275.0,Stade Gabriel Montpied,Jeremie Pignard
Ligue 1,2022-2023,2022-10-23,17:05,Nice,1–1,Nantes,20166.0,Stade de Nice,François Letexier
Ligue 1,2022-2023,2022-10-23,20:45,Lille,4–3,Monaco,35362.0,Stade Pierre-Mauroy,Willy Delajod
Ligue 1,2022-2023,2022-10-28,21:00,Lens,3–0,Toulouse,37488.0,Stade Bollaert-Delelis,Florent Batta
Ligue 1,2022-2023,2022-10-29,17:00,Paris Saint-Germain,4–3,Troyes,47000.0,Parc des Princes,Eric Wattellier
Ligue 1,2022-2023,2022-10-29,21:00,Strasbourg,2–2,Marseille,25687.0,Stade de la Meinau,Ruddy Buquet
Ligue 1,2022-2023,2022-10-30,13:00,Auxerre,1–0,Ajaccio,15092.0,Stade de l'Abbé Deschamps,Benoît Millot
Ligue 1,2022-2023,2022-10-30,15:00,Monaco,2–0,Angers,7069.0,Stade Louis II,Stephanie Frappart
Ligue 1,2022-2023,2022-10-30,15:00,Rennes,3–0,Montpellier,26617.0,Roazhon Park,Bastien Dechepy
Ligue 1,2022-2023,2022-10-30,15:00,Brest,0–0,Reims,11008.0,Stade Francis-Le Blé,Willy Delajod
Ligue 1,2022-2023,2022-10-30,15:00,Nantes,1–1,Clermont Foot,30894.0,Stade de la Beaujoire - Louis Fonteneau,Benoît Bastien
Ligue 1,2022-2023,2022-10-30,17:05,Lorient,1–2,Nice,16034.0,Stade du Moustoir,Clement Turpin
Ligue 1,2022-2023,2022-10-30,20:45,Lyon,1–0,Lille,55790.0,Groupama Stadium,Jérôme Brisard
Ligue 1,2022-2023,2022-11-04,21:00,Troyes,1–1,Auxerre,12689.0,Stade de l'Aube,Pierre Gaillouste
Ligue 1,2022-2023,2022-11-05,17:00,Ajaccio,4–2,Strasbourg,7203.0,Stade François Coty,Mathieu Vernice
Ligue 1,2022-2023,2022-11-05,21:00,Angers,1–2,Lens,11585.0,Stade Raymond Kopa,Thomas Leonard
Ligue 1,2022-2023,2022-11-06,13:00,Lorient,1–2,Paris Saint-Germain,16778.0,Stade du Moustoir,Benoît Bastien
Ligue 1,2022-2023,2022-11-06,15:00,Clermont Foot,1–1,Montpellier,10990.0,Stade Gabriel Montpied,Marc Bollengier
Ligue 1,2022-2023,2022-11-06,15:00,Nice,1–0,Brest,19035.0,Stade de Nice,Jeremy Stinat
Ligue 1,2022-2023,2022-11-06,15:00,Toulouse,0–2,Monaco,23005.0,Stadium Municipal,Benoît Millot
Ligue 1,2022-2023,2022-11-06,15:00,Reims,1–0,Nantes,11477.0,Stade Auguste-Delaune,Ruddy Buquet
Ligue 1,2022-2023,2022-11-06,17:05,Lille,1–1,Rennes,35539.0,Stade Pierre-Mauroy,Johan Hamel
Ligue 1,2022-2023,2022-11-06,20:45,Marseille,1–0,Lyon,62975.0,Orange Vélodrome,François Letexier
Ligue 1,2022-2023,2022-11-11,21:00,Lyon,1–1,Nice,57000.0,Groupama Stadium,Eric Wattellier
Ligue 1,2022-2023,2022-11-12,17:00,Lens,2–1,Clermont Foot,37519.0,Stade Bollaert-Delelis,Hakim Ben El Hadj Salem
Ligue 1,2022-2023,2022-11-12,21:00,Rennes,2–1,Toulouse,26835.0,Roazhon Park,Willy Delajod
Ligue 1,2022-2023,2022-11-13,13:00,Paris Saint-Germain,5–0,Auxerre,45000.0,Parc des Princes,Thomas Leonard
Ligue 1,2022-2023,2022-11-13,15:00,Montpellier,1–1,Reims,11778.0,Stade de la Mosson,Florent Batta
Ligue 1,2022-2023,2022-11-13,15:00,Brest,2–1,Troyes,10642.0,Stade Francis-Le Blé,Ruddy Buquet
Ligue 1,2022-2023,2022-11-13,15:00,Nantes,2–2,Ajaccio,29407.0,Stade de la Beaujoire - Louis Fonteneau,Jeremie Pignard
Ligue 1,2022-2023,2022-11-13,15:00,Lille,1–0,Angers,36360.0,Stade Pierre-Mauroy,Miguel Nogueira
Ligue 1,2022-2023,2022-11-13,17:05,Strasbourg,1–1,Lorient,25117.0,Stade de la Meinau,Pierre Gaillouste
Ligue 1,2022-2023,2022-11-13,20:45,Monaco,2–3,Marseille,10631.0,Stade Louis II,Benoît Bastien
Ligue 1,2022-2023,2022-12-28,15:00,Troyes,0–0,Nantes,9043.0,Stade de l'Aube,Stephanie Frappart
Ligue 1,2022-2023,2022-12-28,15:00,Ajaccio,1–0,Angers,7088.0,Stade François Coty,Jeremy Stinat
Ligue 1,2022-2023,2022-12-28,17:00,Auxerre,2–3,Monaco,16503.0,Stade de l'Abbé Deschamps,Marc Bollengier
Ligue 1,2022-2023,2022-12-28,19:00,Clermont Foot,0–2,Lille,13122.0,Stade Gabriel Montpied,François Letexier
Ligue 1,2022-2023,2022-12-28,21:00,Paris Saint-Germain,2–1,Strasbourg,47000.0,Parc des Princes,Clement Turpin
Ligue 1,2022-2023,2022-12-28,21:00,Brest,2–4,Lyon,14601.0,Stade Francis-Le Blé,Bastien Dechepy
Ligue 1,2022-2023,2022-12-29,17:00,Lorient,0–2,Montpellier,15963.0,Stade du Moustoir,Willy Delajod
Ligue 1,2022-2023,2022-12-29,19:00,Reims,3–1,Rennes,13262.0,Stade Auguste-Delaune,Hakim Ben El Hadj Salem
Ligue 1,2022-2023,2022-12-29,21:00,Marseille,6–1,Toulouse,61371.0,Orange Vélodrome,Jeremie Pignard
Ligue 1,2022-2023,2022-12-29,21:00,Nice,0–0,Lens,24672.0,Stade de Nice,Benoît Millot
Ligue 1,2022-2023,2023-01-01,15:00,Monaco,1–0,Brest,6150.0,Stade Louis II,Jeremy Stinat
Ligue 1,2022-2023,2023-01-01,15:00,Angers,1–2,Lorient,6000.0,Stade Raymond Kopa,Florent Batta
Ligue 1,2022-2023,2023-01-01,15:00,Toulouse,2–0,Ajaccio,25957.0,Stadium Municipal,Pierre Gaillouste
Ligue 1,2022-2023,2023-01-01,15:00,Nantes,1–0,Auxerre,23266.0,Stade de la Beaujoire - Louis Fonteneau,Benoît Bastien
Ligue 1,2022-2023,2023-01-01,17:00,Lyon,0–1,Clermont Foot,30000.0,Groupama Stadium,Stephanie Frappart
Ligue 1,2022-2023,2023-01-01,20:45,Lens,3–1,Paris Saint-Germain,38047.0,Stade Bollaert-Delelis,Jérôme Brisard
Ligue 1,2022-2023,2023-01-02,15:00,Strasbourg,2–3,Troyes,25135.0,Stade de la Meinau,Benoît Millot
Ligue 1,2022-2023,2023-01-02,17:00,Lille,1–1,Reims,31086.0,Stade Pierre-Mauroy,Eric Wattellier
Ligue 1,2022-2023,2023-01-02,19:00,Montpellier,1–2,Marseille,18971.0,Stade de la Mosson,Ruddy Buquet
Ligue 1,2022-2023,2023-01-02,21:00,Rennes,2–1,Nice,27427.0,Roazhon Park,Thomas Leonard
Ligue 1,2022-2023,2023-01-11,19:00,Nantes,0–0,Lyon,27657.0,Stade de la Beaujoire - Louis Fonteneau,Marc Bollengier
Ligue 1,2022-2023,2023-01-11,19:00,Auxerre,0–5,Toulouse,12405.0,Stade de l'Abbé Deschamps,Florent Batta
Ligue 1,2022-2023,2023-01-11,19:00,Brest,0–0,Lille,11452.0,Stade Francis-Le Blé,Mathieu Vernice
Ligue 1,2022-2023,2023-01-11,19:00,Clermont Foot,2–1,Rennes,10648.0,Stade Gabriel Montpied,Clement Turpin
Ligue 1,2022-2023,2023-01-11,19:00,Ajaccio,0–1,Reims,6648.0,Stade François Coty,Willy Delajod
Ligue 1,2022-2023,2023-01-11,21:00,Paris Saint-Germain,2–0,Angers,47000.0,Parc des Princes,Eric Wattellier
Ligue 1,2022-2023,2023-01-11,21:00,Troyes,0–2,Marseille,14222.0,Stade de l'Aube,Hakim Ben El Hadj Salem
Ligue 1,2022-2023,2023-01-11,21:00,Nice,6–1,Montpellier,17500.0,Stade de Nice,Bastien Dechepy
Ligue 1,2022-2023,2023-01-11,21:00,Strasbourg,2–2,Lens,25624.0,Stade de la Meinau,François Letexier
Ligue 1,2022-2023,2023-01-11,21:00,Lorient,2–2,Monaco,14521.0,Stade du Moustoir,Jérôme Brisard
Ligue 1,2022-2023,2023-01-14,17:00,Lens,1–0,Auxerre,38208.0,Stade Bollaert-Delelis,Willy Delajod
Ligue 1,2022-2023,2023-01-14,19:00,Marseille,3–1,Lorient,62276.0,Orange Vélodrome,Bastien Dechepy
Ligue 1,2022-2023,2023-01-14,21:00,Lyon,1–2,Strasbourg,38473.0,Groupama Stadium,Jeremy Stinat
Ligue 1,2022-2023,2023-01-15,13:00,Lille,5–1,Troyes,31254.0,Stade Pierre-Mauroy,Pierre Gaillouste
Ligue 1,2022-2023,2023-01-15,15:00,Toulouse,1–1,Brest,20637.0,Stadium Municipal,Benoît Millot
Ligue 1,2022-2023,2023-01-15,15:00,Montpellier,0–3,Nantes,10947.0,Stade de la Mosson,Thomas Leonard
Ligue 1,2022-2023,2023-01-15,15:00,Angers,1–2,Clermont Foot,12160.0,Stade Raymond Kopa,Mathieu Vernice
Ligue 1,2022-2023,2023-01-15,15:00,Reims,0–0,Nice,11383.0,Stade Auguste-Delaune,François Letexier
Ligue 1,2022-2023,2023-01-15,17:05,Monaco,7–1,Ajaccio,8000.0,Stade Louis II,Ruddy Buquet
Ligue 1,2022-2023,2023-01-15,20:45,Rennes,1–0,Paris Saint-Germain,27566.0,Roazhon Park,Benoît Bastien
Ligue 1,2022-2023,2023-01-27,21:00,Lorient,2–1,Rennes,16782.0,Stade du Moustoir,Benoît Millot
Ligue 1,2022-2023,2023-01-28,17:00,Troyes,1–1,Lens,13500.0,Stade de l'Aube,Clement Turpin
Ligue 1,2022-2023,2023-01-28,21:00,Marseille,1–1,Monaco,64502.0,Orange Vélodrome,Jeremie Pignard
Ligue 1,2022-2023,2023-01-29,13:00,Nice,1–0,Lille,22126.0,Stade de Nice,Eric Wattellier
Ligue 1,2022-2023,2023-01-29,15:00,Clermont Foot,0–0,Nantes,11015.0,Stade Gabriel Montpied,Florent Batta
Ligue 1,2022-2023,2023-01-29,15:00,Strasbourg,1–2,Toulouse,25196.0,Stade de la Meinau,Willy Delajod
Ligue 1,2022-2023,2023-01-29,15:00,Brest,4–0,Angers,12629.0,Stade Francis-Le Blé,Marc Bollengier
Ligue 1,2022-2023,2023-01-29,15:00,Auxerre,0–2,Montpellier,14206.0,Stade de l'Abbé Deschamps,Jeremy Stinat
Ligue 1,2022-2023,2023-01-29,17:05,Ajaccio,0–2,Lyon,6788.0,Stade François Coty,Thomas Leonard
Ligue 1,2022-2023,2023-01-29,20:45,Paris Saint-Germain,1–1,Reims,46000.0,Parc des Princes,Ruddy Buquet
Ligue 1,2022-2023,2023-02-01,19:00,Reims,4–2,Lorient,10746.0,Stade Auguste-Delaune,Florent Batta
Ligue 1,2022-2023,2023-02-01,19:00,Lille,0–0,Clermont Foot,32498.0,Stade Pierre-Mauroy,Jeremy Stinat
Ligue 1,2022-2023,2023-02-01,19:00,Toulouse,4–1,Troyes,17725.0,Stadium Municipal,Mathieu Vernice
Ligue 1,2022-2023,2023-02-01,19:00,Angers,1–2,Ajaccio,7255.0,Stade Raymond Kopa,Bastien Dechepy
Ligue 1,2022-2023,2023-02-01,19:00,Nantes,0–2,Marseille,34125.0,Stade de la Beaujoire - Louis Fonteneau,Willy Delajod
Ligue 1,2022-2023,2023-02-01,21:00,Lens,0–1,Nice,37437.0,Stade Bollaert-Delelis,Thomas Leonard
Ligue 1,2022-2023,2023-02-01,21:00,Monaco,3–2,Auxerre,3561.0,Stade Louis II,Eric Wattellier
Ligue 1,2022-2023,2023-02-01,21:00,Montpellier,1–3,Paris Saint-Germain,17454.0,Stade de la Mosson,Jeremie Pignard
Ligue 1,2022-2023,2023-02-01,21:00,Rennes,3–0,Strasbourg,26176.0,Roazhon Park,Marc Bollengier
Ligue 1,2022-2023,2023-02-01,21:00,Lyon,0–0,Brest,30837.0,Groupama Stadium,Ruddy Buquet
Ligue 1,2022-2023,2023-02-04,17:00,Paris Saint-Germain,2–1,Toulouse,45000.0,Parc des Princes,Bastien Dechepy
Ligue 1,2022-2023,2023-02-04,19:00,Troyes,1–3,Lyon,10240.0,Stade de l'Aube,François Letexier
Ligue 1,2022-2023,2023-02-04,21:00,Rennes,1–3,Lille,28082.0,Roazhon Park,Florent Batta
Ligue 1,2022-2023,2023-02-05,13:00,Clermont Foot,0–2,Monaco,11598.0,Stade Gabriel Montpied,Marc Bollengier
Ligue 1,2022-2023,2023-02-05,15:00,Ajaccio,0–2,Nantes,6908.0,Stade François Coty,Ruddy Buquet
Ligue 1,2022-2023,2023-02-05,15:00,Auxerre,0–0,Reims,14680.0,Stade de l'Abbé Deschamps,Pierre Gaillouste
Ligue 1,2022-2023,2023-02-05,15:00,Lorient,0–0,Angers,12705.0,Stade du Moustoir,Willy Delajod
Ligue 1,2022-2023,2023-02-05,15:00,Strasbourg,2–0,Montpellier,25028.0,Stade de la Meinau,Stephanie Frappart
Ligue 1,2022-2023,2023-02-05,17:05,Brest,1–1,Lens,11639.0,Stade Francis-Le Blé,Benoît Bastien
Ligue 1,2022-2023,2023-02-05,20:45,Marseille,1–3,Nice,65234.0,Orange Vélodrome,Clement Turpin
Ligue 1,2022-2023,2023-02-10,21:00,Nice,3–0,Ajaccio,20163.0,Stade de Nice,Stephanie Frappart
Ligue 1,2022-2023,2023-02-11,17:00,Monaco,3–1,Paris Saint-Germain,16500.0,Stade Louis II,Clement Turpin
Ligue 1,2022-2023,2023-02-11,21:00,Clermont Foot,0–2,Marseille,13576.0,Stade Gabriel Montpied,Ruddy Buquet
Ligue 1,2022-2023,2023-02-12,13:00,Toulouse,3–1,Rennes,21783.0,Stadium Municipal,Jeremy Stinat
Ligue 1,2022-2023,2023-02-12,15:00,Angers,1–1,Auxerre,7873.0,Stade Raymond Kopa,Thomas Leonard
Ligue 1,2022-2023,2023-02-12,15:00,Montpellier,3–0,Brest,12901.0,Stade de la Mosson,Florent Batta
Ligue 1,2022-2023,2023-02-12,15:00,Reims,4–0,Troyes,8115.0,Stade Auguste-Delaune,Jeremie Pignard
Ligue 1,2022-2023,2023-02-12,15:00,Lille,2–0,Strasbourg,30812.0,Stade Pierre-Mauroy,Hakim Ben El Hadj Salem
Ligue 1,2022-2023,2023-02-12,17:05,Nantes,1–0,Lorient,33579.0,Stade de la Beaujoire - Louis Fonteneau,Mathieu Vernice
Ligue 1,2022-2023,2023-02-12,20:45,Lyon,2–1,Lens,53426.0,Groupama Stadium,Eric Wattellier
Ligue 1,2022-2023,2023-02-17,21:00,Auxerre,2–1,Lyon,16396.0,Stade de l'Abbé Deschamps,Jérôme Brisard
Ligue 1,2022-2023,2023-02-18,17:00,Nice,0–0,Reims,18102.0,Stade de Nice,Marc Bollengier
Ligue 1,2022-2023,2023-02-18,21:00,Strasbourg,2–1,Angers,25062.0,Stade de la Meinau,François Letexier
Ligue 1,2022-2023,2023-02-19,13:00,Paris Saint-Germain,4–3,Lille,46000.0,Parc des Princes,Willy Delajod
Ligue 1,2022-2023,2023-02-19,15:00,Rennes,2–0,Clermont Foot,27798.0,Roazhon Park,Bastien Dechepy
Ligue 1,2022-2023,2023-02-19,15:00,Lorient,3–0,Ajaccio,12918.0,Stade du Moustoir,Eric Wattellier
Ligue 1,2022-2023,2023-02-19,15:00,Brest,1–2,Monaco,13203.0,Stade Francis-Le Blé,Hakim Ben El Hadj Salem
Ligue 1,2022-2023,2023-02-19,15:00,Troyes,0–1,Montpellier,7745.0,Stade de l'Aube,Benoît Bastien
Ligue 1,2022-2023,2023-02-19,17:05,Lens,3–1,Nantes,37984.0,Stade Bollaert-Delelis,Pierre Gaillouste
Ligue 1,2022-2023,2023-02-19,20:45,Toulouse,2–3,Marseille,29218.0,Stadium Municipal,Stephanie Frappart
Ligue 1,2022-2023,2023-02-24,21:00,Lille,2–1,Brest,30257.0,Stade Pierre-Mauroy,Pierre Gaillouste
Ligue 1,2022-2023,2023-02-25,17:00,Angers,1–3,Lyon,12031.0,Stade Raymond Kopa,Florent Batta
Ligue 1,2022-2023,2023-02-25,21:00,Montpellier,1–1,Lens,17074.0,Stade de la Mosson,Jérôme Brisard
Ligue 1,2022-2023,2023-02-26,13:00,Lorient,0–1,Auxerre,13089.0,Stade du Moustoir,Benoît Millot
Ligue 1,2022-2023,2023-02-26,15:00,Ajaccio,2–1,Troyes,5983.0,Stade François Coty,Marc Bollengier
Ligue 1,2022-2023,2023-02-26,15:00,Reims,3–0,Toulouse,12139.0,Stade Auguste-Delaune,Mathieu Vernice
Ligue 1,2022-2023,2023-02-26,15:00,Clermont Foot,1–1,Strasbourg,10221.0,Stade Gabriel Montpied,Willy Delajod
Ligue 1,2022-2023,2023-02-26,15:00,Nantes,0–1,Rennes,34467.0,Stade de la Beaujoire - Louis Fonteneau,Jeremie Pignard
Ligue 1,2022-2023,2023-02-26,17:05,Monaco,0–3,Nice,9000.0,Stade Louis II,Benoît Bastien
Ligue 1,2022-2023,2023-02-26,20:45,Marseille,0–3,Paris Saint-Germain,65894.0,Orange Vélodrome,Clement Turpin
Ligue 1,2022-2023,2023-03-03,21:00,Nice,1–1,Auxerre,21133.0,Stade de Nice,Bastien Dechepy
Ligue 1,2022-2023,2023-03-04,17:00,Lens,1–1,Lille,37974.0,Stade Bollaert-Delelis,François Letexier
Ligue 1,2022-2023,2023-03-04,21:00,Paris Saint-Germain,4–2,Nantes,47926.0,Parc des Princes,Jeremy Stinat
Ligue 1,2022-2023,2023-03-05,13:00,Troyes,2–2,Monaco,9160.0,Stade de l'Aube,Stephanie Frappart
Ligue 1,2022-2023,2023-03-05,15:00,Toulouse,0–1,Clermont Foot,20620.0,Stadium Municipal,Florent Batta
Ligue 1,2022-2023,2023-03-05,15:00,Montpellier,5–0,Angers,11664.0,Stade de la Mosson,Benoît Millot
Ligue 1,2022-2023,2023-03-05,15:00,Reims,1–0,Ajaccio,12855.0,Stade Auguste-Delaune,Pierre Gaillouste
Ligue 1,2022-2023,2023-03-05,15:00,Strasbourg,0–1,Brest,25123.0,Stade de la Meinau,Ruddy Buquet
Ligue 1,2022-2023,2023-03-05,17:05,Lyon,0–0,Lorient,38568.0,Groupama Stadium,Thomas Leonard
Ligue 1,2022-2023,2023-03-05,20:45,Rennes,0–1,Marseille,28515.0,Roazhon Park,Eric Wattellier
Ligue 1,2022-2023,2023-03-10,21:00,Lille,3–3,Lyon,40314.0,Stade Pierre-Mauroy,Benoît Bastien
Ligue 1,2022-2023,2023-03-11,17:00,Auxerre,0–0,Rennes,15695.0,Stade de l'Abbé Deschamps,Mathieu Vernice
Ligue 1,2022-2023,2023-03-11,21:00,Brest,1–2,Paris Saint-Germain,14935.0,Stade Francis-Le Blé,Marc Bollengier
Ligue 1,2022-2023,2023-03-12,13:00,Clermont Foot,0–4,Lens,12311.0,Stade Gabriel Montpied,Jeremy Stinat
Ligue 1,2022-2023,2023-03-12,15:00,Angers,0–2,Toulouse,6487.0,Stade Raymond Kopa,Pierre Gaillouste
Ligue 1,2022-2023,2023-03-12,15:00,Lorient,2–0,Troyes,13889.0,Stade du Moustoir,Clement Turpin
Ligue 1,2022-2023,2023-03-12,15:00,Nantes,2–2,Nice,33568.0,Stade de la Beaujoire - Louis Fonteneau,Willy Delajod
Ligue 1,2022-2023,2023-03-12,15:00,Ajaccio,0–1,Montpellier,6889.0,Stade François Coty,Hakim Ben El Hadj Salem
Ligue 1,2022-2023,2023-03-12,17:05,Monaco,0–1,Reims,5383.0,Stade Louis II,Thomas Leonard
Ligue 1,2022-2023,2023-03-12,20:45,Marseille,2–2,Strasbourg,63380.0,Orange Vélodrome,Jeremie Pignard
Ligue 1,2022-2023,2023-03-17,21:00,Lyon,1–1,Nantes,38880.0,Groupama Stadium,Benoît Millot
Ligue 1,2022-2023,2023-03-18,17:00,Toulouse,0–2,Lille,23006.0,Stadium Municipal,Hakim Ben El Hadj Salem
Ligue 1,2022-2023,2023-03-18,21:00,Lens,3–0,Angers,37410.0,Stade Bollaert-Delelis,Bastien Dechepy
Ligue 1,2022-2023,2023-03-19,13:00,Ajaccio,0–2,Monaco,7198.0,Stade François Coty,Jeremy Stinat
Ligue 1,2022-2023,2023-03-19,15:00,Strasbourg,2–0,Auxerre,25530.0,Stade de la Meinau,Eric Wattellier
Ligue 1,2022-2023,2023-03-19,15:00,Nice,1–1,Lorient,20762.0,Stade de Nice,Ruddy Buquet
Ligue 1,2022-2023,2023-03-19,15:00,Montpellier,2–1,Clermont Foot,13166.0,Stade de la Mosson,Pierre Gaillouste
Ligue 1,2022-2023,2023-03-19,15:00,Troyes,2–2,Brest,9012.0,Stade de l'Aube,Florent Batta
Ligue 1,2022-2023,2023-03-19,17:05,Paris Saint-Germain,0–2,Rennes,47000.0,Parc des Princes,Willy Delajod
Ligue 1,2022-2023,2023-03-19,20:45,Reims,1–2,Marseille,20479.0,Stade Auguste-Delaune,François Letexier
Ligue 1,2022-2023,2023-03-31,21:00,Marseille,1–1,Montpellier,58231.0,Orange Vélodrome,Thomas Leonard
Ligue 1,2022-2023,2023-04-01,17:00,Auxerre,1–0,Troyes,16512.0,Stade de l'Abbé Deschamps,Jérôme Brisard
Ligue 1,2022-2023,2023-04-01,21:00,Rennes,0–1,Lens,28556.0,Roazhon Park,Clement Turpin
Ligue 1,2022-2023,2023-04-02,13:00,Lille,3–1,Lorient,32862.0,Stade Pierre-Mauroy,Jeremie Pignard
Ligue 1,2022-2023,2023-04-02,15:00,Angers,1–1,Nice,6649.0,Stade Raymond Kopa,Eric Wattellier
Ligue 1,2022-2023,2023-04-02,15:00,Brest,3–1,Toulouse,12325.0,Stade Francis-Le Blé,Stephanie Frappart
Ligue 1,2022-2023,2023-04-02,15:00,Nantes,0–3,Reims,26285.0,Stade de la Beaujoire - Louis Fonteneau,Marc Bollengier
Ligue 1,2022-2023,2023-04-02,15:00,Clermont Foot,2–1,Ajaccio,9436.0,Stade Gabriel Montpied,Mathieu Vernice
Ligue 1,2022-2023,2023-04-02,17:05,Monaco,4–3,Strasbourg,5356.0,Stade Louis II,Willy Delajod
Ligue 1,2022-2023,2023-04-02,20:45,Paris Saint-Germain,0–1,Lyon,47000.0,Parc des Princes,François Letexier
Ligue 1,2022-2023,2023-04-07,21:00,Lens,2–1,Strasbourg,38223.0,Stade Bollaert-Delelis,Pierre Gaillouste
Ligue 1,2022-2023,2023-04-08,17:00,Angers,1–0,Lille,7469.0,Stade Raymond Kopa,Mathieu Vernice
Ligue 1,2022-2023,2023-04-08,21:00,Nice,0–2,Paris Saint-Germain,34456.0,Stade de Nice,Jeremie Pignard
Ligue 1,2022-2023,2023-04-09,13:00,Lyon,3–1,Rennes,45000.0,Groupama Stadium,Benoît Bastien
Ligue 1,2022-2023,2023-04-09,15:00,Montpellier,1–2,Toulouse,17283.0,Stade de la Mosson,Florent Batta
Ligue 1,2022-2023,2023-04-09,15:00,Reims,1–1,Brest,12023.0,Stade Auguste-Delaune,Benoît Millot
Ligue 1,2022-2023,2023-04-09,15:00,Ajaccio,0–3,Auxerre,6742.0,Stade François Coty,Bastien Dechepy
Ligue 1,2022-2023,2023-04-09,15:00,Troyes,0–2,Clermont Foot,7777.0,Stade de l'Aube,Jeremy Stinat
Ligue 1,2022-2023,2023-04-09,17:05,Nantes,2–2,Monaco,30050.0,Stade de la Beaujoire - Louis Fonteneau,Clement Turpin
Ligue 1,2022-2023,2023-04-09,20:45,Lorient,0–0,Marseille,16767.0,Stade du Moustoir,Willy Delajod
Ligue 1,2022-2023,2023-04-14,21:00,Toulouse,1–2,Lyon,28302.0,Stadium Municipal,François Letexier
Ligue 1,2022-2023,2023-04-15,17:00,Rennes,3–0,Reims,27936.0,Roazhon Park,Jeremy Stinat
Ligue 1,2022-2023,2023-04-15,21:00,Paris Saint-Germain,3–1,Lens,47120.0,Parc des Princes,Willy Delajod
Ligue 1,2022-2023,2023-04-16,13:00,Lille,2–1,Montpellier,34200.0,Stade Pierre-Mauroy,Jérôme Brisard
Ligue 1,2022-2023,2023-04-16,15:00,Auxerre,2–1,Nantes,15714.0,Stade de l'Abbé Deschamps,Eric Wattellier
Ligue 1,2022-2023,2023-04-16,15:00,Strasbourg,3–1,Ajaccio,25130.0,Stade de la Meinau,Stephanie Frappart
Ligue 1,2022-2023,2023-04-16,15:00,Brest,1–0,Nice,12615.0,Stade Francis-Le Blé,Benoît Bastien
Ligue 1,2022-2023,2023-04-16,15:00,Clermont Foot,2–1,Angers,10589.0,Stade Gabriel Montpied,Thomas Leonard
Ligue 1,2022-2023,2023-04-16,17:05,Monaco,3–1,Lorient,6930.0,Stade Louis II,Bastien Dechepy
Ligue 1,2022-2023,2023-04-16,20:45,Marseille,3–1,Troyes,63486.0,Orange Vélodrome,Benoît Millot
Ligue 1,2022-2023,2023-04-21,21:00,Angers,1–2,Paris Saint-Germain,16914.0,Stade Raymond Kopa,Eric Wattellier
Ligue 1,2022-2023,2023-04-22,17:00,Auxerre,1–1,Lille,16779.0,Stade de l'Abbé Deschamps,Stephanie Frappart
Ligue 1,2022-2023,2023-04-22,21:00,Lens,3–0,Monaco,38223.0,Stade Bollaert-Delelis,François Letexier
Ligue 1,2022-2023,2023-04-23,13:00,Reims,0–2,Strasbourg,13737.0,Stade Auguste-Delaune,Clement Turpin
Ligue 1,2022-2023,2023-04-23,15:00,Nice,1–2,Clermont Foot,20578.0,Stade de Nice,Benoît Millot
Ligue 1,2022-2023,2023-04-23,15:00,Ajaccio,0–0,Brest,6879.0,Stade François Coty,Jeremy Stinat
Ligue 1,2022-2023,2023-04-23,15:00,Nantes,2–2,Troyes,34082.0,Stade de la Beaujoire - Louis Fonteneau,Jeremie Pignard
Ligue 1,2022-2023,2023-04-23,15:00,Lorient,0–1,Toulouse,15948.0,Stade du Moustoir,Marc Bollengier
Ligue 1,2022-2023,2023-04-23,17:05,Montpellier,1–0,Rennes,15537.0,Stade de la Mosson,Ruddy Buquet
Ligue 1,2022-2023,2023-04-23,20:45,Lyon,1–2,Marseille,57509.0,Groupama Stadium,Jérôme Brisard
Ligue 1,2022-2023,2023-04-28,21:00,Strasbourg,1–2,Lyon,25360.0,Stade de la Meinau,Ruddy Buquet
Ligue 1,2022-2023,2023-04-29,17:00,Lille,3–0,Ajaccio,35490.0,Stade Pierre-Mauroy,François Letexier
Ligue 1,2022-2023,2023-04-30,13:00,Monaco,0–4,Montpellier,6069.0,Stade Louis II,Marc Bollengier
Ligue 1,2022-2023,2023-04-30,15:00,Rennes,4–2,Angers,28028.0,Roazhon Park,Florent Batta
Ligue 1,2022-2023,2023-04-30,15:00,Troyes,0–1,Nice,8399.0,Stade de l'Aube,Eric Wattellier
Ligue 1,2022-2023,2023-04-30,15:00,Clermont Foot,1–0,Reims,11446.0,Stade Gabriel Montpied,Stephanie Frappart
Ligue 1,2022-2023,2023-04-30,17:05,Paris Saint-Germain,1–3,Lorient,41454.0,Parc des Princes,Jérôme Brisard
Ligue 1,2022-2023,2023-04-30,20:45,Marseille,2–1,Auxerre,64532.0,Orange Vélodrome,Jeremie Pignard
Ligue 1,2022-2023,2023-05-02,21:00,Toulouse,0–1,Lens,30866.0,Stadium Municipal,Bastien Dechepy
Ligue 1,2022-2023,2023-05-03,21:00,Brest,2–0,Nantes,14470.0,Stade Francis-Le Blé,Willy Delajod
Ligue 1,2022-2023,2023-05-06,17:00,Nice,2–1,Rennes,22601.0,Stade de Nice,Willy Delajod
Ligue 1,2022-2023,2023-05-06,19:00,Reims,1–0,Lille,17911.0,Stade Auguste-Delaune,Thomas Leonard
Ligue 1,2022-2023,2023-05-06,21:00,Lens,2–1,Marseille,38220.0,Stade Bollaert-Delelis,Clement Turpin
Ligue 1,2022-2023,2023-05-07,13:00,Angers,1–2,Monaco,9223.0,Stade Raymond Kopa,Jeremy Stinat
Ligue 1,2022-2023,2023-05-07,15:00,Lorient,2–1,Brest,16338.0,Stade du Moustoir,Benoît Millot
Ligue 1,2022-2023,2023-05-07,15:00,Ajaccio,0–0,Toulouse,6735.0,Stade François Coty,Florent Batta
Ligue 1,2022-2023,2023-05-07,15:00,Nantes,0–2,Strasbourg,28563.0,Stade de la Beaujoire - Louis Fonteneau,Benoît Bastien
Ligue 1,2022-2023,2023-05-07,15:00,Auxerre,1–1,Clermont Foot,16330.0,Stade de l'Abbé Deschamps,Marc Bollengier
Ligue 1,2022-2023,2023-05-07,17:05,Lyon,5–4,Montpellier,49531.0,Groupama Stadium,Bastien Dechepy
Ligue 1,2022-2023,2023-05-07,20:45,Troyes,1–3,Paris Saint-Germain,18890.0,Stade de l'Aube,Ruddy Buquet
Ligue 1,2022-2023,2023-05-12,21:00,Lens,2–1,Reims,37701.0,Stade Bollaert-Delelis,Jeremie Pignard
Ligue 1,2022-2023,2023-05-13,17:00,Strasbourg,2–0,Nice,25147.0,Stade de la Meinau,Jeremy Stinat
Ligue 1,2022-2023,2023-05-13,21:00,Paris Saint-Germain,5–0,Ajaccio,47926.0,Parc des Princes,Pierre Gaillouste
Ligue 1,2022-2023,2023-05-14,13:00,Clermont Foot,2–1,Lyon,13191.0,Stade Gabriel Montpied,Ruddy Buquet
Ligue 1,2022-2023,2023-05-14,15:00,Toulouse,0–0,Nantes,27033.0,Stadium Municipal,Jérôme Brisard
Ligue 1,2022-2023,2023-05-14,15:00,Montpellier,1–1,Lorient,12595.0,Stade de la Mosson,Mathieu Vernice
Ligue 1,2022-2023,2023-05-14,15:00,Rennes,4–0,Troyes,27836.0,Roazhon Park,Stephanie Frappart
Ligue 1,2022-2023,2023-05-14,15:00,Brest,1–0,Auxerre,15028.0,Stade Francis-Le Blé,Eric Wattellier
Ligue 1,2022-2023,2023-05-14,17:05,Monaco,0–0,Lille,6805.0,Stade Louis II,Benoît Bastien
Ligue 1,2022-2023,2023-05-14,20:45,Marseille,3–1,Angers,63329.0,Orange Vélodrome,Benoît Millot
Ligue 1,2022-2023,2023-05-19,21:00,Lyon,3–1,Monaco,53980.0,Groupama Stadium,Benoît Millot
Ligue 1,2022-2023,2023-05-20,17:00,Nantes,0–3,Montpellier,30170.0,Stade de la Beaujoire - Louis Fonteneau,Ruddy Buquet
Ligue 1,2022-2023,2023-05-20,21:00,Lille,2–1,Marseille,47399.0,Stade Pierre-Mauroy,Jérôme Brisard
Ligue 1,2022-2023,2023-05-21,13:00,Ajaccio,0–5,Rennes,6637.0,Stade François Coty,Eric Wattellier
Ligue 1,2022-2023,2023-05-21,15:00,Nice,0–0,Toulouse,20041.0,Stade de Nice,Jeremie Pignard
Ligue 1,2022-2023,2023-05-21,15:00,Reims,2–2,Angers,11242.0,Stade Auguste-Delaune,Florent Batta
Ligue 1,2022-2023,2023-05-21,15:00,Brest,2–1,Clermont Foot,13751.0,Stade Francis-Le Blé,Bastien Dechepy
Ligue 1,2022-2023,2023-05-21,15:00,Troyes,1–1,Strasbourg,9834.0,Stade de l'Aube,Clement Turpin
Ligue 1,2022-2023,2023-05-21,17:05,Lorient,1–3,Lens,16724.0,Stade du Moustoir,Stephanie Frappart
Ligue 1,2022-2023,2023-05-21,20:45,Auxerre,1–2,Paris Saint-Germain,16682.0,Stade de l'Abbé Deschamps,Benoît Bastien
Ligue 1,2022-2023,2023-05-27,21:00,Lyon,3–0,Reims,56874.0,Groupama Stadium,Jeremy Stinat
Ligue 1,2022-2023,2023-05-27,21:00,Marseille,1–2,Brest,61732.0,Orange Vélodrome,Stephanie Frappart
Ligue 1,2022-2023,2023-05-27,21:00,Clermont Foot,2–0,Lorient,13050.0,Stade Gabriel Montpied,Florent Batta
Ligue 1,2022-2023,2023-05-27,21:00,Angers,2–1,Troyes,7419.0,Stade Raymond Kopa,Karim Abed
Ligue 1,2022-2023,2023-05-27,21:00,Strasbourg,1–1,Paris Saint-Germain,25828.0,Stade de la Meinau,Jérôme Brisard
Ligue 1,2022-2023,2023-05-27,21:00,Lens,3–0,Ajaccio,37601.0,Stade Bollaert-Delelis,Thomas Leonard
Ligue 1,2022-2023,2023-05-27,21:00,Toulouse,1–1,Auxerre,25172.0,Stadium Municipal,Mathieu Vernice
Ligue 1,2022-2023,2023-05-27,21:00,Rennes,2–0,Monaco,28344.0,Roazhon Park,Clement Turpin
Ligue 1,2022-2023,2023-05-27,21:00,Lille,2–1,Nantes,41136.0,Stade Pierre-Mauroy,Eric Wattellier
Ligue 1,2022-2023,2023-05-27,21:00,Montpellier,2–3,Nice,16340.0,Stade de la Mosson,Benoît Millot
Ligue 1,2022-2023,2023-06-03,21:00,Lorient,2–1,Strasbourg,16351.0,Stade du Moustoir,Bastien Dechepy
Ligue 1,2022-2023,2023-06-03,21:00,Ajaccio,1–0,Marseille,9500.0,Stade François Coty,Benoît Bastien
Ligue 1,2022-2023,2023-06-03,21:00,Nice,3–1,Lyon,25243.0,Stade de Nice,Eric Wattellier
Ligue 1,2022-2023,2023-06-03,21:00,Monaco,1–2,Toulouse,5670.0,Stade Louis II,Stephanie Frappart
Ligue 1,2022-2023,2023-06-03,21:00,Brest,1–2,Rennes,15143.0,Stade Francis-Le Blé,Jérôme Brisard
Ligue 1,2022-2023,2023-06-03,21:00,Auxerre,1–3,Lens,17246.0,Stade de l'Abbé Deschamps,Benoît Millot
Ligue 1,2022-2023,2023-06-03,21:00,Troyes,1–1,Lille,11006.0,Stade de l'Aube,Jeremy Stinat
Ligue 1,2022-2023,2023-06-03,21:00,Paris Saint-Germain,2–3,Clermont Foot,47926.0,Parc des Princes,Thomas Leonard
Ligue 1,2022-2023,2023-06-03,21:00,Reims,1–3,Montpellier,15036.0,Stade Auguste-Delaune,Pierre Gaillouste
Ligue 1,2022-2023,2023-06-03,21:00,Nantes,1–0,Angers,27650.0,Stade de la Beaujoire - Louis Fonteneau,Clement Turpin
Ligue 1,2021-2022,2021-08-06,21:00,Monaco,1–1,Nantes,7500.0,Stade Louis II,Antony Gautier
Ligue 1,2021-2022,2021-08-07,17:00,Lyon,1–1,Brest,29018.0,Groupama Stadium,Mikael Lesage
Ligue 1,2021-2022,2021-08-07,21:00,Troyes,1–2,Paris Saint-Germain,15248.0,Stade de l'Aube,Amaury Delerue
Ligue 1,2021-2022,2021-08-08,13:00,Rennes,1–1,Lens,22567.0,Roazhon Park,Bastien Dechepy
Ligue 1,2021-2022,2021-08-08,15:00,Saint-Étienne,1–1,Lorient,20461.0,Stade Geoffroy-Guichard,Thomas Leonard
Ligue 1,2021-2022,2021-08-08,15:00,Nice,0–0,Reims,18030.0,Stade de Nice,Johan Hamel
Ligue 1,2021-2022,2021-08-08,15:00,Strasbourg,0–2,Angers,23250.0,Stade de la Meinau,Jeremy Stinat
Ligue 1,2021-2022,2021-08-08,15:00,Bordeaux,0–2,Clermont Foot,18748.0,Stade Matmut-Atlantique,Florent Batta
Ligue 1,2021-2022,2021-08-08,17:00,Metz,3–3,Lille,15551.0,Stade Saint-Symphorien,Eric Wattellier
Ligue 1,2021-2022,2021-08-08,20:45,Montpellier,2–3,Marseille,13500.0,Stade de la Mosson,Jeremie Pignard
Ligue 1,2021-2022,2021-08-13,21:00,Lorient,1–0,Monaco,12149.0,Stade du Moustoir,Hakim Ben El Hadj Salem
Ligue 1,2021-2022,2021-08-14,17:00,Lille,0–4,Nice,30144.0,Stade Pierre-Mauroy,Jérôme Brisard
Ligue 1,2021-2022,2021-08-14,21:00,Paris Saint-Germain,4–2,Strasbourg,46962.0,Parc des Princes,Willy Delajod
Ligue 1,2021-2022,2021-08-15,13:00,Angers,3–0,Lyon,6154.0,Stade Raymond Kopa,Clement Turpin
Ligue 1,2021-2022,2021-08-15,15:00,Brest,1–1,Rennes,14271.0,Stade Francis-Le Blé,Benoît Bastien
Ligue 1,2021-2022,2021-08-15,15:00,Nantes,2–0,Metz,12054.0,Stade de la Beaujoire - Louis Fonteneau,Johan Hamel
Ligue 1,2021-2022,2021-08-15,15:00,Reims,3–3,Montpellier,8887.0,Stade Auguste-Delaune,Jeremy Stinat
Ligue 1,2021-2022,2021-08-15,15:00,Clermont Foot,2–0,Troyes,11005.0,Stade Gabriel Montpied,Romain Lissorgue
Ligue 1,2021-2022,2021-08-15,17:00,Lens,2–2,Saint-Étienne,35541.0,Stade Bollaert-Delelis,Amaury Delerue
Ligue 1,2021-2022,2021-08-15,20:45,Marseille,2–2,Bordeaux,50000.0,Orange Vélodrome,Ruddy Buquet
Ligue 1,2021-2022,2021-08-20,21:00,Brest,2–4,Paris Saint-Germain,14586.0,Stade Francis-Le Blé,Eric Wattellier
Ligue 1,2021-2022,2021-08-21,17:00,Monaco,0–2,Lens,6483.0,Stade Louis II,Jeremie Pignard
Ligue 1,2021-2022,2021-08-21,21:00,Saint-Étienne,1–1,Lille,20673.0,Stade Geoffroy-Guichard,Mikael Lesage
Ligue 1,2021-2022,2021-08-22,13:00,Lyon,3–3,Clermont Foot,34713.0,Groupama Stadium,Thomas Leonard
Ligue 1,2021-2022,2021-08-22,15:00,Montpellier,3–1,Lorient,6527.0,Stade de la Mosson,Bastien Dechepy
Ligue 1,2021-2022,2021-08-22,15:00,Metz,1–1,Reims,14799.0,Stade Saint-Symphorien,Florent Batta
Ligue 1,2021-2022,2021-08-22,15:00,Bordeaux,1–1,Angers,18281.0,Stade Matmut-Atlantique,Pierre Gaillouste
Ligue 1,2021-2022,2021-08-22,15:00,Strasbourg,1–1,Troyes,22185.0,Stade de la Meinau,Jérôme Brisard
Ligue 1,2021-2022,2021-08-22,17:00,Rennes,1–0,Nantes,27569.0,Roazhon Park,Stephanie Frappart
Ligue 1,2021-2022,2021-08-27,21:00,Nantes,0–1,Lyon,23177.0,Stade de la Beaujoire - Louis Fonteneau,Jérôme Brisard
Ligue 1,2021-2022,2021-08-28,17:00,Nice,4–0,Bordeaux,,Stade de Nice,Jeremie Pignard
Ligue 1,2021-2022,2021-08-28,21:00,Marseille,3–1,Saint-Étienne,55039.0,Orange Vélodrome,Benoît Millot
Ligue 1,2021-2022,2021-08-29,13:00,Troyes,1–2,Monaco,9866.0,Stade de l'Aube,Johan Hamel
Ligue 1,2021-2022,2021-08-29,15:00,Strasbourg,3–1,Brest,22341.0,Stade de la Meinau,Romain Lissorgue
Ligue 1,2021-2022,2021-08-29,15:00,Lens,2–2,Lorient,35029.0,Stade Bollaert-Delelis,Willy Delajod
Ligue 1,2021-2022,2021-08-29,15:00,Angers,2–0,Rennes,6473.0,Stade Raymond Kopa,Antony Gautier
Ligue 1,2021-2022,2021-08-29,15:00,Clermont Foot,2–2,Metz,11274.0,Stade Gabriel Montpied,Hakim Ben El Hadj Salem
Ligue 1,2021-2022,2021-08-29,17:00,Lille,2–1,Montpellier,28859.0,Stade Pierre-Mauroy,Amaury Delerue
Ligue 1,2021-2022,2021-08-29,20:45,Reims,0–2,Paris Saint-Germain,20525.0,Stade Auguste-Delaune,François Letexier
Ligue 1,2021-2022,2021-09-10,21:00,Lorient,2–1,Lille,10271.0,Stade du Moustoir,Clement Turpin
Ligue 1,2021-2022,2021-09-11,17:00,Paris Saint-Germain,4–0,Clermont Foot,47329.0,Parc des Princes,Mikael Lesage
Ligue 1,2021-2022,2021-09-11,21:00,Monaco,0–2,Marseille,8615.0,Stade Louis II,Stephanie Frappart
Ligue 1,2021-2022,2021-09-12,13:00,Montpellier,2–0,Saint-Étienne,10402.0,Stade de la Mosson,Benoît Bastien
Ligue 1,2021-2022,2021-09-12,15:00,Bordeaux,2–3,Lens,19763.0,Stade Matmut-Atlantique,Luís Godinho
Ligue 1,2021-2022,2021-09-12,15:00,Rennes,0–2,Reims,24486.0,Roazhon Park,Thomas Leonard
Ligue 1,2021-2022,2021-09-12,15:00,Brest,1–1,Angers,10982.0,Stade Francis-Le Blé,Jeremy Stinat
Ligue 1,2021-2022,2021-09-12,15:00,Metz,0–2,Troyes,15269.0,Stade Saint-Symphorien,Pierre Gaillouste
Ligue 1,2021-2022,2021-09-12,17:00,Nantes,0–2,Nice,14597.0,Stade de la Beaujoire - Louis Fonteneau,Benoît Millot
Ligue 1,2021-2022,2021-09-12,20:45,Lyon,3–1,Strasbourg,33267.0,Groupama Stadium,Ruddy Buquet
Ligue 1,2021-2022,2021-09-17,21:00,Strasbourg,3–0,Metz,25437.0,Stade de la Meinau,Eric Wattellier
Ligue 1,2021-2022,2021-09-18,17:00,Lens,1–0,Lille,36512.0,Stade Bollaert-Delelis,Benoît Millot
Ligue 1,2021-2022,2021-09-18,21:00,Saint-Étienne,1–2,Bordeaux,23869.0,Stade Geoffroy-Guichard,Antony Gautier
Ligue 1,2021-2022,2021-09-19,13:00,Nice,2–2,Monaco,,Stade de Nice,François Letexier
Ligue 1,2021-2022,2021-09-19,15:00,Clermont Foot,1–1,Brest,11224.0,Stade Gabriel Montpied,Bastien Dechepy
Ligue 1,2021-2022,2021-09-19,15:00,Troyes,1–1,Montpellier,7405.0,Stade de l'Aube,Florent Batta
Ligue 1,2021-2022,2021-09-19,15:00,Reims,0–0,Lorient,9443.0,Stade Auguste-Delaune,Hakim Ben El Hadj Salem
Ligue 1,2021-2022,2021-09-19,15:00,Angers,1–4,Nantes,9046.0,Stade Raymond Kopa,Amaury Delerue
Ligue 1,2021-2022,2021-09-19,17:00,Marseille,2–0,Rennes,54188.0,Orange Vélodrome,Willy Delajod
Ligue 1,2021-2022,2021-09-19,20:45,Paris Saint-Germain,2–1,Lyon,47611.0,Parc des Princes,Clement Turpin
Ligue 1,2021-2022,2021-09-22,19:00,Montpellier,3–3,Bordeaux,9585.0,Stade de la Mosson,Mikael Lesage
Ligue 1,2021-2022,2021-09-22,19:00,Rennes,6–0,Clermont Foot,24109.0,Roazhon Park,Benoît Bastien
Ligue 1,2021-2022,2021-09-22,19:00,Lille,2–1,Reims,32604.0,Stade Pierre-Mauroy,Johan Hamel
Ligue 1,2021-2022,2021-09-22,19:00,Nantes,3–1,Brest,19676.0,Stade de la Beaujoire - Louis Fonteneau,Thomas Leonard
Ligue 1,2021-2022,2021-09-22,19:00,Monaco,3–1,Saint-Étienne,3579.0,Stade Louis II,Jérôme Brisard
Ligue 1,2021-2022,2021-09-22,21:00,Lens,0–1,Strasbourg,,Stade Bollaert-Delelis,Jeremy Stinat
Ligue 1,2021-2022,2021-09-22,21:00,Metz,1–2,Paris Saint-Germain,2661.0,Stade Saint-Symphorien,Jeremie Pignard
Ligue 1,2021-2022,2021-09-22,21:00,Lorient,1–0,Nice,10687.0,Stade du Moustoir,Romain Lissorgue
Ligue 1,2021-2022,2021-09-22,21:00,Lyon,3–1,Troyes,29714.0,Groupama Stadium,Stephanie Frappart
Ligue 1,2021-2022,2021-09-22,21:00,Angers,0–0,Marseille,12458.0,Stade Raymond Kopa,Ruddy Buquet
Ligue 1,2021-2022,2021-09-25,17:00,Saint-Étienne,0–3,Nice,19980.0,Stade Geoffroy-Guichard,Amaury Delerue
Ligue 1,2021-2022,2021-09-25,19:00,Strasbourg,1–2,Lille,23762.0,Stade de la Meinau,François Letexier
Ligue 1,2021-2022,2021-09-25,21:00,Paris Saint-Germain,2–0,Montpellier,47408.0,Parc des Princes,Antony Gautier
Ligue 1,2021-2022,2021-09-25,21:00,Lyon,1–1,Lorient,36424.0,Groupama Stadium,Bastien Dechepy
Ligue 1,2021-2022,2021-09-26,13:00,Bordeaux,1–1,Rennes,16675.0,Stade Matmut-Atlantique,Hakim Ben El Hadj Salem
Ligue 1,2021-2022,2021-09-26,15:00,Brest,1–2,Metz,10398.0,Stade Francis-Le Blé,Willy Delajod
Ligue 1,2021-2022,2021-09-26,15:00,Troyes,1–1,Angers,6868.0,Stade de l'Aube,Thomas Leonard
Ligue 1,2021-2022,2021-09-26,15:00,Reims,3–1,Nantes,280.0,Stade Auguste-Delaune,Eric Wattellier
Ligue 1,2021-2022,2021-09-26,17:00,Clermont Foot,1–3,Monaco,11529.0,Stade Gabriel Montpied,Benoît Millot
Ligue 1,2021-2022,2021-09-26,20:45,Marseille,2–3,Lens,50001.0,Orange Vélodrome,Mikael Lesage
Ligue 1,2021-2022,2021-10-01,21:00,Lens,2–0,Reims,,Stade Bollaert-Delelis,Benoît Bastien
Ligue 1,2021-2022,2021-10-02,17:00,Montpellier,1–1,Strasbourg,9851.0,Stade de la Mosson,Hakim Ben El Hadj Salem
Ligue 1,2021-2022,2021-10-02,21:00,Nice,2–1,Brest,13503.0,Stade de Nice,Antonio Nobre
Ligue 1,2021-2022,2021-10-03,13:00,Rennes,2–0,Paris Saint-Germain,28092.0,Roazhon Park,Ruddy Buquet
Ligue 1,2021-2022,2021-10-03,15:00,Nantes,2–0,Troyes,15150.0,Stade de la Beaujoire - Louis Fonteneau,Jérôme Brisard
Ligue 1,2021-2022,2021-10-03,15:00,Lorient,1–1,Clermont Foot,12611.0,Stade du Moustoir,Pierre Gaillouste
Ligue 1,2021-2022,2021-10-03,15:00,Angers,3–2,Metz,3989.0,Stade Raymond Kopa,Stephanie Frappart
Ligue 1,2021-2022,2021-10-03,15:00,Monaco,3–0,Bordeaux,3667.0,Stade Louis II,Clement Turpin
Ligue 1,2021-2022,2021-10-03,17:00,Lille,2–0,Marseille,44839.0,Stade Pierre-Mauroy,Jeremie Pignard
Ligue 1,2021-2022,2021-10-03,20:45,Saint-Étienne,1–1,Lyon,33643.0,Stade Geoffroy-Guichard,François Letexier
Ligue 1,2021-2022,2021-10-15,21:00,Paris Saint-Germain,2–1,Angers,47646.0,Parc des Princes,Bastien Dechepy
Ligue 1,2021-2022,2021-10-16,17:00,Clermont Foot,1–0,Lille,11537.0,Stade Gabriel Montpied,Eric Wattellier
Ligue 1,2021-2022,2021-10-16,21:00,Lyon,2–0,Monaco,50585.0,Groupama Stadium,Amaury Delerue
Ligue 1,2021-2022,2021-10-17,13:00,Troyes,1–0,Nice,7925.0,Stade de l'Aube,Johan Hamel
Ligue 1,2021-2022,2021-10-17,15:00,Brest,1–1,Reims,9693.0,Stade Francis-Le Blé,Jeremy Stinat
Ligue 1,2021-2022,2021-10-17,15:00,Strasbourg,5–1,Saint-Étienne,25371.0,Stade de la Meinau,Mikael Lesage
Ligue 1,2021-2022,2021-10-17,15:00,Bordeaux,1–1,Nantes,39510.0,Stade Matmut-Atlantique,Willy Delajod
Ligue 1,2021-2022,2021-10-17,15:00,Metz,0–3,Rennes,15679.0,Stade Saint-Symphorien,Benoît Millot
Ligue 1,2021-2022,2021-10-17,17:00,Montpellier,1–0,Lens,12474.0,Stade de la Mosson,Florent Batta
Ligue 1,2021-2022,2021-10-17,20:45,Marseille,4–1,Lorient,57349.0,Orange Vélodrome,Antony Gautier
Ligue 1,2021-2022,2021-10-22,21:00,Saint-Étienne,2–2,Angers,19836.0,Stade Geoffroy-Guichard,Antony Gautier
Ligue 1,2021-2022,2021-10-23,17:00,Nantes,2–1,Clermont Foot,19968.0,Stade de la Beaujoire - Louis Fonteneau,Romain Lissorgue
Ligue 1,2021-2022,2021-10-23,21:00,Lille,1–1,Brest,32613.0,Stade Pierre-Mauroy,Clement Turpin
Ligue 1,2021-2022,2021-10-24,13:00,Nice,3–2,Lyon,24519.0,Stade de Nice,Jérôme Brisard
Ligue 1,2021-2022,2021-10-24,15:00,Reims,1–2,Troyes,12326.0,Stade Auguste-Delaune,Pierre Gaillouste
Ligue 1,2021-2022,2021-10-24,15:00,Lens,4–1,Metz,35673.0,Stade Bollaert-Delelis,Jeremie Pignard
Ligue 1,2021-2022,2021-10-24,15:00,Lorient,1–1,Bordeaux,11678.0,Stade du Moustoir,Thomas Leonard
Ligue 1,2021-2022,2021-10-24,15:00,Rennes,1–0,Strasbourg,27185.0,Roazhon Park,Stephanie Frappart
Ligue 1,2021-2022,2021-10-24,17:00,Monaco,3–1,Montpellier,4861.0,Stade Louis II,François Letexier
Ligue 1,2021-2022,2021-10-24,20:45,Marseille,0–0,Paris Saint-Germain,65121.0,Orange Vélodrome,Benoît Bastien
Ligue 1,2021-2022,2021-10-27,21:00,Nice,1–1,Marseille,,Stade de l'Aube (Neutral Site),Clement Turpin
Ligue 1,2021-2022,2021-10-29,21:00,Paris Saint-Germain,2–1,Lille,47874.0,Parc des Princes,Amaury Delerue
Ligue 1,2021-2022,2021-10-30,17:00,Metz,1–1,Saint-Étienne,15914.0,Stade Saint-Symphorien,Stephanie Frappart
Ligue 1,2021-2022,2021-10-30,21:00,Lyon,2–1,Lens,50373.0,Groupama Stadium,Mikael Lesage
Ligue 1,2021-2022,2021-10-31,13:00,Angers,1–2,Nice,6788.0,Stade Raymond Kopa,Willy Delajod
Ligue 1,2021-2022,2021-10-31,15:00,Montpellier,2–0,Nantes,11267.0,Stade de la Mosson,Bastien Dechepy
Ligue 1,2021-2022,2021-10-31,15:00,Troyes,2–2,Rennes,8550.0,Stade de l'Aube,Jeremy Stinat
Ligue 1,2021-2022,2021-10-31,15:00,Bordeaux,3–2,Reims,11020.0,Stade Matmut-Atlantique,Eric Wattellier
Ligue 1,2021-2022,2021-10-31,15:00,Strasbourg,4–0,Lorient,24002.0,Stade de la Meinau,Florent Batta
Ligue 1,2021-2022,2021-10-31,17:00,Brest,2–0,Monaco,12463.0,Stade Francis-Le Blé,Johan Hamel
Ligue 1,2021-2022,2021-10-31,20:45,Clermont Foot,0–1,Marseille,12240.0,Stade Gabriel Montpied,Benoît Millot
Ligue 1,2021-2022,2021-11-05,21:00,Lens,4–0,Troyes,35706.0,Stade Bollaert-Delelis,Thomas Leonard
Ligue 1,2021-2022,2021-11-06,17:00,Lille,1–1,Angers,33305.0,Stade Pierre-Mauroy,François Letexier
Ligue 1,2021-2022,2021-11-06,21:00,Bordeaux,2–3,Paris Saint-Germain,41172.0,Stade Matmut-Atlantique,Ruddy Buquet
Ligue 1,2021-2022,2021-11-07,13:00,Marseille,0–0,Metz,61539.0,Orange Vélodrome,Jérôme Brisard
Ligue 1,2021-2022,2021-11-07,15:00,Saint-Étienne,3–2,Clermont Foot,,Stade Geoffroy-Guichard,Pierre Gaillouste
Ligue 1,2021-2022,2021-11-07,15:00,Lorient,1–2,Brest,14649.0,Stade du Moustoir,Romain Lissorgue
Ligue 1,2021-2022,2021-11-07,15:00,Reims,0–0,Monaco,12080.0,Stade Auguste-Delaune,Jeremie Pignard
Ligue 1,2021-2022,2021-11-07,15:00,Nantes,2–2,Strasbourg,18853.0,Stade de la Beaujoire - Louis Fonteneau,Clement Turpin
Ligue 1,2021-2022,2021-11-07,17:00,Nice,0–1,Montpellier,20157.0,Stade de Nice,Antony Gautier
Ligue 1,2021-2022,2021-11-07,20:45,Rennes,4–1,Lyon,28222.0,Roazhon Park,Benoît Bastien
Ligue 1,2021-2022,2021-11-19,21:00,Monaco,2–2,Lille,3778.0,Stade Louis II,Willy Delajod
Ligue 1,2021-2022,2021-11-20,17:00,Paris Saint-Germain,3–1,Nantes,47777.0,Parc des Princes,Jeremy Stinat
Ligue 1,2021-2022,2021-11-20,21:00,Rennes,2–0,Montpellier,27003.0,Roazhon Park,Mikael Lesage
Ligue 1,2021-2022,2021-11-21,13:00,Brest,4–0,Lens,12462.0,Stade Francis-Le Blé,Eric Wattellier
Ligue 1,2021-2022,2021-11-21,15:00,Metz,3–3,Bordeaux,16077.0,Stade Saint-Symphorien,Benoît Millot
Ligue 1,2021-2022,2021-11-21,15:00,Strasbourg,1–1,Reims,24439.0,Stade de la Meinau,Amaury Delerue
Ligue 1,2021-2022,2021-11-21,15:00,Angers,1–0,Lorient,6971.0,Stade Raymond Kopa,Pierre Gaillouste
Ligue 1,2021-2022,2021-11-21,15:00,Troyes,0–1,Saint-Étienne,10644.0,Stade de l'Aube,Florent Batta
Ligue 1,2021-2022,2021-11-21,17:00,Clermont Foot,1–2,Nice,11683.0,Stade Gabriel Montpied,Stephanie Frappart
Ligue 1,2021-2022,2021-11-26,21:00,Lens,2–2,Angers,35713.0,Stade Bollaert-Delelis,Florent Batta
Ligue 1,2021-2022,2021-11-27,17:00,Lille,1–1,Nantes,30419.0,Stade Pierre-Mauroy,Johan Hamel
Ligue 1,2021-2022,2021-11-27,21:00,Nice,0–1,Metz,17033.0,Stade de Nice,François Letexier
Ligue 1,2021-2022,2021-11-28,13:00,Saint-Étienne,1–3,Paris Saint-Germain,24586.0,Stade Geoffroy-Guichard,Jérôme Brisard
Ligue 1,2021-2022,2021-11-28,15:00,Bordeaux,1–2,Brest,15280.0,Stade Matmut-Atlantique,Pierre Gaillouste
Ligue 1,2021-2022,2021-11-28,15:00,Reims,1–0,Clermont Foot,8420.0,Stade Auguste-Delaune,Benoît Bastien
Ligue 1,2021-2022,2021-11-28,15:00,Monaco,1–1,Strasbourg,3478.0,Stade Louis II,Antony Gautier
Ligue 1,2021-2022,2021-11-28,15:00,Lorient,0–2,Rennes,16321.0,Stade du Moustoir,Bastien Dechepy
Ligue 1,2021-2022,2021-11-28,17:00,Montpellier,0–1,Lyon,14747.0,Stade de la Mosson,Thomas Leonard
Ligue 1,2021-2022,2021-11-28,20:45,Marseille,1–0,Troyes,,Orange Vélodrome,Jeremie Pignard
Ligue 1,2021-2022,2021-12-01,19:00,Strasbourg,5–2,Bordeaux,24378.0,Stade de la Meinau,Willy Delajod
Ligue 1,2021-2022,2021-12-01,19:00,Troyes,2–0,Lorient,6506.0,Stade de l'Aube,Jeremy Stinat
Ligue 1,2021-2022,2021-12-01,19:00,Brest,1–0,Saint-Étienne,13248.0,Stade Francis-Le Blé,Mikael Lesage
Ligue 1,2021-2022,2021-12-01,19:00,Metz,1–3,Montpellier,13992.0,Stade Saint-Symphorien,Ruddy Buquet
Ligue 1,2021-2022,2021-12-01,19:00,Angers,1–3,Monaco,8267.0,Stade Raymond Kopa,Romain Lissorgue
Ligue 1,2021-2022,2021-12-01,21:00,Clermont Foot,2–2,Lens,11948.0,Stade Gabriel Montpied,Amaury Delerue
Ligue 1,2021-2022,2021-12-01,21:00,Lyon,1–2,Reims,,Groupama Stadium,Benoît Millot
Ligue 1,2021-2022,2021-12-01,21:00,Paris Saint-Germain,0–0,Nice,47502.0,Parc des Princes,Clement Turpin
Ligue 1,2021-2022,2021-12-01,21:00,Nantes,0–1,Marseille,34018.0,Stade de la Beaujoire - Louis Fonteneau,Eric Wattellier
Ligue 1,2021-2022,2021-12-01,21:00,Rennes,1–2,Lille,25392.0,Roazhon Park,Stephanie Frappart
Ligue 1,2021-2022,2021-12-04,17:00,Marseille,1–2,Brest,54413.0,Orange Vélodrome,Antony Gautier
Ligue 1,2021-2022,2021-12-04,19:00,Lille,2–1,Troyes,28286.0,Stade Pierre-Mauroy,Benoît Bastien
Ligue 1,2021-2022,2021-12-04,21:00,Lens,1–1,Paris Saint-Germain,36685.0,Stade Bollaert-Delelis,François Letexier
Ligue 1,2021-2022,2021-12-05,13:00,Saint-Étienne,0–5,Rennes,11257.0,Stade Geoffroy-Guichard,Thomas Leonard
Ligue 1,2021-2022,2021-12-05,15:00,Lorient,0–1,Nantes,16025.0,Stade du Moustoir,Ruddy Buquet
Ligue 1,2021-2022,2021-12-05,15:00,Monaco,4–0,Metz,4923.0,Stade Louis II,Bastien Dechepy
Ligue 1,2021-2022,2021-12-05,15:00,Reims,1–2,Angers,8238.0,Stade Auguste-Delaune,Johan Hamel
Ligue 1,2021-2022,2021-12-05,15:00,Montpellier,1–0,Clermont Foot,9643.0,Stade de la Mosson,Florent Batta
Ligue 1,2021-2022,2021-12-05,17:00,Nice,0–3,Strasbourg,16220.0,Stade de Nice,Jeremie Pignard
Ligue 1,2021-2022,2021-12-05,20:45,Bordeaux,2–2,Lyon,25210.0,Stade Matmut-Atlantique,Jérôme Brisard
Ligue 1,2021-2022,2021-12-10,21:00,Nantes,3–2,Lens,21890.0,Stade de la Beaujoire - Louis Fonteneau,Stephanie Frappart
Ligue 1,2021-2022,2021-12-11,17:00,Brest,0–4,Montpellier,13111.0,Stade Francis-Le Blé,Benoît Millot
Ligue 1,2021-2022,2021-12-11,21:00,Reims,2–0,Saint-Étienne,12019.0,Stade Auguste-Delaune,Pierre Gaillouste
Ligue 1,2021-2022,2021-12-12,13:00,Lille,0–0,Lyon,40248.0,Stade Pierre-Mauroy,Amaury Delerue
Ligue 1,2021-2022,2021-12-12,15:00,Angers,0–1,Clermont Foot,8149.0,Stade Raymond Kopa,Jeremy Stinat
Ligue 1,2021-2022,2021-12-12,15:00,Rennes,1–2,Nice,27892.0,Roazhon Park,Willy Delajod
Ligue 1,2021-2022,2021-12-12,15:00,Troyes,1–2,Bordeaux,7950.0,Stade de l'Aube,Romain Lissorgue
Ligue 1,2021-2022,2021-12-12,15:00,Metz,4–1,Lorient,14037.0,Stade Saint-Symphorien,Eric Wattellier
Ligue 1,2021-2022,2021-12-12,17:00,Strasbourg,0–2,Marseille,26028.0,Stade de la Meinau,Mikael Lesage
Ligue 1,2021-2022,2021-12-12,20:45,Paris Saint-Germain,2–0,Monaco,41154.0,Parc des Princes,Benoît Bastien
Ligue 1,2021-2022,2021-12-22,21:00,Saint-Étienne,0–1,Nantes,23681.0,Stade Geoffroy-Guichard,Clement Turpin
Ligue 1,2021-2022,2021-12-22,21:00,Bordeaux,2–3,Lille,39967.0,Stade Matmut-Atlantique,Mikael Lesage
Ligue 1,2021-2022,2021-12-22,21:00,Nice,2–1,Lens,22065.0,Stade de Nice,Jérôme Brisard
Ligue 1,2021-2022,2021-12-22,21:00,Marseille,1–1,Reims,55908.0,Orange Vélodrome,François Letexier
Ligue 1,2021-2022,2021-12-22,21:00,Troyes,1–1,Brest,6872.0,Stade de l'Aube,Johan Hamel
Ligue 1,2021-2022,2021-12-22,21:00,Monaco,2–1,Rennes,5354.0,Stade Louis II,Ruddy Buquet
Ligue 1,2021-2022,2021-12-22,21:00,Lorient,1–1,Paris Saint-Germain,16603.0,Stade du Moustoir,Jeremie Pignard
Ligue 1,2021-2022,2021-12-22,21:00,Lyon,1–1,Metz,34867.0,Groupama Stadium,Pierre Gaillouste
Ligue 1,2021-2022,2021-12-22,21:00,Montpellier,4–1,Angers,10990.0,Stade de la Mosson,Hugo Miguel
Ligue 1,2021-2022,2022-01-07,21:00,Bordeaux,0–1,Marseille,,Stade Matmut-Atlantique,Eric Wattellier
Ligue 1,2021-2022,2022-01-08,21:00,Lens,1–0,Rennes,5000.0,Stade Bollaert-Delelis,Benoît Bastien
Ligue 1,2021-2022,2022-01-09,13:00,Brest,0–3,Nice,5102.0,Stade Francis-Le Blé,Stephanie Frappart
Ligue 1,2021-2022,2022-01-09,15:00,Metz,0–2,Strasbourg,5000.0,Stade Saint-Symphorien,Antony Gautier
Ligue 1,2021-2022,2022-01-09,15:00,Clermont Foot,0–0,Reims,4923.0,Stade Gabriel Montpied,Romain Lissorgue
Ligue 1,2021-2022,2022-01-09,17:05,Nantes,0–0,Monaco,4133.0,Stade de la Beaujoire - Louis Fonteneau,Thomas Leonard
Ligue 1,2021-2022,2022-01-09,20:45,Lyon,1–1,Paris Saint-Germain,4977.0,Groupama Stadium,François Letexier
Ligue 1,2021-2022,2022-01-14,21:00,Nice,2–1,Nantes,5000.0,Stade de Nice,Ruddy Buquet
Ligue 1,2021-2022,2022-01-15,17:00,Saint-Étienne,1–2,Lens,5000.0,Stade Geoffroy-Guichard,François Letexier
Ligue 1,2021-2022,2022-01-15,21:00,Paris Saint-Germain,2–0,Brest,4925.0,Parc des Princes,Mikael Lesage
Ligue 1,2021-2022,2022-01-16,13:00,Rennes,6–0,Bordeaux,4951.0,Roazhon Park,Bastien Dechepy
Ligue 1,2021-2022,2022-01-16,15:00,Lorient,0–0,Angers,4387.0,Stade du Moustoir,Johan Hamel
Ligue 1,2021-2022,2022-01-16,15:00,Reims,0–1,Metz,3923.0,Stade Auguste-Delaune,Jeremie Pignard
Ligue 1,2021-2022,2022-01-16,15:00,Strasbourg,3–1,Montpellier,5217.0,Stade de la Meinau,Pierre Gaillouste
Ligue 1,2021-2022,2022-01-16,15:00,Monaco,4–0,Clermont Foot,2633.0,Stade Louis II,Jeremy Stinat
Ligue 1,2021-2022,2022-01-16,17:05,Troyes,0–1,Lyon,4224.0,Stade de l'Aube,Jérôme Brisard
Ligue 1,2021-2022,2022-01-16,20:45,Marseille,1–1,Lille,5034.0,Orange Vélodrome,Amaury Delerue
Ligue 1,2021-2022,2022-01-19,19:00,Clermont Foot,0–2,Strasbourg,4219.0,Stade Gabriel Montpied,Bastien Dechepy
Ligue 1,2021-2022,2022-01-19,19:00,Montpellier,0–1,Troyes,4943.0,Stade de la Mosson,Jeremy Stinat
Ligue 1,2021-2022,2022-01-19,19:00,Lille,3–1,Lorient,4834.0,Stade Pierre-Mauroy,Florent Batta
Ligue 1,2021-2022,2022-01-21,21:00,Lyon,1–0,Saint-Étienne,5000.0,Groupama Stadium,Antony Gautier
Ligue 1,2021-2022,2022-01-22,17:00,Brest,2–0,Lille,4358.0,Stade Francis-Le Blé,Jérôme Brisard
Ligue 1,2021-2022,2022-01-22,21:00,Lens,0–2,Marseille,5000.0,Stade Bollaert-Delelis,Stephanie Frappart
Ligue 1,2021-2022,2022-01-23,13:00,Metz,0–2,Nice,5000.0,Stade Saint-Symphorien,Amaury Delerue
Ligue 1,2021-2022,2022-01-23,15:00,Nantes,4–2,Lorient,4275.0,Stade de la Beaujoire - Louis Fonteneau,Pierre Gaillouste
Ligue 1,2021-2022,2022-01-23,15:00,Bordeaux,4–3,Strasbourg,3308.0,Stade Matmut-Atlantique,Mikael Lesage
Ligue 1,2021-2022,2022-01-23,15:00,Clermont Foot,2–1,Rennes,4535.0,Stade Gabriel Montpied,Thomas Leonard
Ligue 1,2021-2022,2022-01-23,15:00,Angers,2–1,Troyes,5000.0,Stade Raymond Kopa,Romain Lissorgue
Ligue 1,2021-2022,2022-01-23,17:05,Montpellier,3–2,Monaco,5000.0,Stade de la Mosson,Jeremie Pignard
Ligue 1,2021-2022,2022-01-23,20:45,Paris Saint-Germain,4–0,Reims,5000.0,Parc des Princes,Eric Wattellier
Ligue 1,2021-2022,2022-01-26,19:00,Angers,0–1,Saint-Étienne,,Stade Raymond Kopa,Clement Turpin
Ligue 1,2021-2022,2022-02-01,21:00,Lyon,2–1,Marseille,,Groupama Stadium,Benoît Bastien
Ligue 1,2021-2022,2022-02-04,21:00,Marseille,5–2,Angers,60000.0,Orange Vélodrome,Jeremy Stinat
Ligue 1,2021-2022,2022-02-05,17:00,Saint-Étienne,3–1,Montpellier,20000.0,Stade Geoffroy-Guichard,Thomas Leonard
Ligue 1,2021-2022,2022-02-05,21:00,Monaco,2–0,Lyon,6550.0,Stade Louis II,Ruddy Buquet
Ligue 1,2021-2022,2022-02-06,13:00,Lorient,2–0,Lens,10687.0,Stade du Moustoir,Romain Lissorgue
Ligue 1,2021-2022,2022-02-06,15:00,Troyes,0–0,Metz,7227.0,Stade de l'Aube,Pierre Gaillouste
Ligue 1,2021-2022,2022-02-06,15:00,Reims,5–0,Bordeaux,8858.0,Stade Auguste-Delaune,Antony Gautier
Ligue 1,2021-2022,2022-02-06,15:00,Nice,0–1,Clermont Foot,18022.0,Stade de Nice,Jérôme Brisard
Ligue 1,2021-2022,2022-02-06,15:00,Strasbourg,1–0,Nantes,22240.0,Stade de la Meinau,Amaury Delerue
Ligue 1,2021-2022,2022-02-06,17:00,Rennes,2–0,Brest,25409.0,Roazhon Park,Johan Hamel
Ligue 1,2021-2022,2022-02-06,20:45,Lille,1–5,Paris Saint-Germain,48437.0,Stade Pierre-Mauroy,François Letexier
Ligue 1,2021-2022,2022-02-11,21:00,Paris Saint-Germain,1–0,Rennes,47000.0,Parc des Princes,Benoît Bastien
Ligue 1,2021-2022,2022-02-12,17:00,Montpellier,0–1,Lille,11784.0,Stade de la Mosson,Stephanie Frappart
Ligue 1,2021-2022,2022-02-12,21:00,Lyon,2–0,Nice,41974.0,Groupama Stadium,Benoît Millot
Ligue 1,2021-2022,2022-02-13,13:00,Monaco,0–0,Lorient,3963.0,Stade Louis II,Bastien Dechepy
Ligue 1,2021-2022,2022-02-13,15:00,Nantes,1–0,Reims,14304.0,Stade de la Beaujoire - Louis Fonteneau,Johan Hamel
Ligue 1,2021-2022,2022-02-13,15:00,Clermont Foot,1–2,Saint-Étienne,12131.0,Stade Gabriel Montpied,Ruddy Buquet
Ligue 1,2021-2022,2022-02-13,15:00,Brest,5–1,Troyes,10600.0,Stade Francis-Le Blé,Florent Batta
Ligue 1,2021-2022,2022-02-13,15:00,Angers,0–1,Strasbourg,6521.0,Stade Raymond Kopa,Pierre Gaillouste
Ligue 1,2021-2022,2022-02-13,17:05,Lens,3–2,Bordeaux,32662.0,Stade Bollaert-Delelis,François Letexier
Ligue 1,2021-2022,2022-02-13,20:45,Metz,1–2,Marseille,25482.0,Stade Saint-Symphorien,Eric Wattellier
Ligue 1,2021-2022,2022-02-18,21:00,Lille,0–0,Metz,30384.0,Stade Pierre-Mauroy,Bastien Dechepy
Ligue 1,2021-2022,2022-02-19,17:00,Lens,1–1,Lyon,36624.0,Stade Bollaert-Delelis,Jérôme Brisard
Ligue 1,2021-2022,2022-02-19,21:00,Nantes,3–1,Paris Saint-Germain,35500.0,Stade de la Beaujoire - Louis Fonteneau,Mikael Lesage
Ligue 1,2021-2022,2022-02-20,13:00,Nice,1–0,Angers,18257.0,Stade de Nice,Romain Lissorgue
Ligue 1,2021-2022,2022-02-20,15:00,Lorient,0–1,Montpellier,10135.0,Stade du Moustoir,Jeremy Stinat
Ligue 1,2021-2022,2022-02-20,15:00,Rennes,4–1,Troyes,22967.0,Roazhon Park,Clement Turpin
Ligue 1,2021-2022,2022-02-20,15:00,Saint-Étienne,2–2,Strasbourg,24897.0,Stade Geoffroy-Guichard,Antony Gautier
Ligue 1,2021-2022,2022-02-20,15:00,Reims,1–1,Brest,9307.0,Stade Auguste-Delaune,Hakim Ben El Hadj Salem
Ligue 1,2021-2022,2022-02-20,17:05,Bordeaux,1–1,Monaco,29557.0,Stade Matmut-Atlantique,Jeremie Pignard
Ligue 1,2021-2022,2022-02-20,20:45,Marseille,0–2,Clermont Foot,53840.0,Orange Vélodrome,Willy Delajod
Ligue 1,2021-2022,2022-02-25,21:00,Montpellier,2–4,Rennes,10000.0,Stade de la Mosson,Amaury Delerue
Ligue 1,2021-2022,2022-02-26,17:00,Strasbourg,0–0,Nice,25150.0,Stade de la Meinau,Stephanie Frappart
Ligue 1,2021-2022,2022-02-26,21:00,Paris Saint-Germain,3–1,Saint-Étienne,45000.0,Parc des Princes,Pierre Gaillouste
Ligue 1,2021-2022,2022-02-27,13:00,Monaco,1–2,Reims,3982.0,Stade Louis II,Benoît Millot
Ligue 1,2021-2022,2022-02-27,15:00,Angers,1–2,Lens,9499.0,Stade Raymond Kopa,Thomas Leonard
Ligue 1,2021-2022,2022-02-27,15:00,Brest,0–1,Lorient,14050.0,Stade Francis-Le Blé,Benoît Bastien
Ligue 1,2021-2022,2022-02-27,15:00,Clermont Foot,1–1,Bordeaux,12032.0,Stade Gabriel Montpied,Eric Wattellier
Ligue 1,2021-2022,2022-02-27,15:00,Metz,0–0,Nantes,15851.0,Stade Saint-Symphorien,Florent Batta
Ligue 1,2021-2022,2022-02-27,17:05,Troyes,1–1,Marseille,16871.0,Stade de l'Aube,François Letexier
Ligue 1,2021-2022,2022-02-27,20:45,Lyon,0–1,Lille,42647.0,Groupama Stadium,Clement Turpin
Ligue 1,2021-2022,2022-03-04,21:00,Lorient,1–4,Lyon,13497.0,Stade du Moustoir,Romain Lissorgue
Ligue 1,2021-2022,2022-03-05,17:00,Lens,0–1,Brest,36305.0,Stade Bollaert-Delelis,Johan Hamel
Ligue 1,2021-2022,2022-03-05,21:00,Nice,1–0,Paris Saint-Germain,31949.0,Stade de Nice,Willy Delajod
Ligue 1,2021-2022,2022-03-06,13:00,Saint-Étienne,1–0,Metz,35706.0,Stade Geoffroy-Guichard,Jeremy Stinat
Ligue 1,2021-2022,2022-03-06,15:00,Nantes,2–0,Montpellier,21589.0,Stade de la Beaujoire - Louis Fonteneau,Hakim Ben El Hadj Salem
Ligue 1,2021-2022,2022-03-06,15:00,Rennes,2–0,Angers,27693.0,Roazhon Park,Benoît Millot
Ligue 1,2021-2022,2022-03-06,15:00,Reims,1–1,Strasbourg,10405.0,Stade Auguste-Delaune,Jeremie Pignard
Ligue 1,2021-2022,2022-03-06,15:00,Bordeaux,0–2,Troyes,20287.0,Stade Matmut-Atlantique,Ruddy Buquet
Ligue 1,2021-2022,2022-03-06,17:05,Lille,4–0,Clermont Foot,33515.0,Stade Pierre-Mauroy,Thomas Leonard
Ligue 1,2021-2022,2022-03-06,20:45,Marseille,0–1,Monaco,56510.0,Orange Vélodrome,Antony Gautier
Ligue 1,2021-2022,2022-03-11,21:00,Lille,0–0,Saint-Étienne,40146.0,Stade Pierre-Mauroy,Florent Batta
Ligue 1,2021-2022,2022-03-12,17:00,Montpellier,0–0,Nice,11658.0,Stade de la Mosson,Clement Turpin
Ligue 1,2021-2022,2022-03-12,21:00,Troyes,1–0,Nantes,7400.0,Stade de l'Aube,Stephanie Frappart
Ligue 1,2021-2022,2022-03-13,13:00,Paris Saint-Germain,3–0,Bordeaux,44000.0,Parc des Princes,François Letexier
Ligue 1,2021-2022,2022-03-13,15:00,Angers,0–1,Reims,5960.0,Stade Raymond Kopa,Mikael Lesage
Ligue 1,2021-2022,2022-03-13,15:00,Clermont Foot,0–2,Lorient,11359.0,Stade Gabriel Montpied,Bastien Dechepy
Ligue 1,2021-2022,2022-03-13,15:00,Metz,0–0,Lens,15687.0,Stade Saint-Symphorien,Amaury Delerue
Ligue 1,2021-2022,2022-03-13,15:00,Strasbourg,1–0,Monaco,25231.0,Stade de la Meinau,Eric Wattellier
Ligue 1,2021-2022,2022-03-13,17:05,Lyon,2–4,Rennes,46597.0,Groupama Stadium,Antony Gautier
Ligue 1,2021-2022,2022-03-13,20:45,Brest,1–4,Marseille,14611.0,Stade Francis-Le Blé,Ruddy Buquet
Ligue 1,2021-2022,2022-03-18,21:00,Saint-Étienne,1–1,Troyes,32193.0,Stade Geoffroy-Guichard,Romain Lissorgue
Ligue 1,2021-2022,2022-03-19,17:00,Lens,3–1,Clermont Foot,36182.0,Stade Bollaert-Delelis,Jeremy Stinat
Ligue 1,2021-2022,2022-03-19,21:00,Nantes,0–1,Lille,25977.0,Stade de la Beaujoire - Louis Fonteneau,Pierre Gaillouste
Ligue 1,2021-2022,2022-03-20,13:00,Monaco,3–0,Paris Saint-Germain,16642.0,Stade Louis II,Benoît Bastien
Ligue 1,2021-2022,2022-03-20,15:00,Lorient,0–0,Strasbourg,9806.0,Stade du Moustoir,Benoît Millot
Ligue 1,2021-2022,2022-03-20,15:00,Bordeaux,0–2,Montpellier,15000.0,Stade Matmut-Atlantique,Thomas Leonard
Ligue 1,2021-2022,2022-03-20,15:00,Angers,1–0,Brest,7734.0,Stade Raymond Kopa,Jeremie Pignard
Ligue 1,2021-2022,2022-03-20,15:00,Rennes,6–1,Metz,27966.0,Roazhon Park,Willy Delajod
Ligue 1,2021-2022,2022-03-20,17:05,Reims,0–0,Lyon,14091.0,Stade Auguste-Delaune,Johan Hamel
Ligue 1,2021-2022,2022-03-20,20:45,Marseille,2–1,Nice,64722.0,Orange Vélodrome,Jérôme Brisard
Ligue 1,2021-2022,2022-04-02,17:00,Nice,1–1,Rennes,24086.0,Stade de Nice,Benoît Bastien
Ligue 1,2021-2022,2022-04-02,19:00,Lille,0–0,Bordeaux,36351.0,Stade Pierre-Mauroy,Bastien Dechepy
Ligue 1,2021-2022,2022-04-03,13:00,Strasbourg,1–0,Lens,26005.0,Stade de la Meinau,François Letexier
Ligue 1,2021-2022,2022-04-03,15:00,Montpellier,1–2,Brest,10929.0,Stade de la Mosson,Florent Batta
Ligue 1,2021-2022,2022-04-03,15:00,Troyes,1–0,Reims,9482.0,Stade de l'Aube,Ruddy Buquet
Ligue 1,2021-2022,2022-04-03,15:00,Metz,1–2,Monaco,19812.0,Stade Saint-Symphorien,Jérôme Brisard
Ligue 1,2021-2022,2022-04-03,15:00,Saint-Étienne,2–4,Marseille,41278.0,Stade Geoffroy-Guichard,Clement Turpin
Ligue 1,2021-2022,2022-04-03,15:00,Clermont Foot,2–3,Nantes,11785.0,Stade Gabriel Montpied,Mikael Lesage
Ligue 1,2021-2022,2022-04-03,17:05,Lyon,3–2,Angers,34376.0,Groupama Stadium,Eric Wattellier
Ligue 1,2021-2022,2022-04-03,20:45,Paris Saint-Germain,5–1,Lorient,40000.0,Parc des Princes,Hakim Ben El Hadj Salem
Ligue 1,2021-2022,2022-04-08,21:00,Lorient,6–2,Saint-Étienne,15407.0,Stade du Moustoir,Ruddy Buquet
Ligue 1,2021-2022,2022-04-09,17:00,Reims,2–3,Rennes,10243.0,Stade Auguste-Delaune,Romain Lissorgue
Ligue 1,2021-2022,2022-04-09,21:00,Clermont Foot,1–6,Paris Saint-Germain,12264.0,Stade Gabriel Montpied,Eric Wattellier
Ligue 1,2021-2022,2022-04-10,13:00,Bordeaux,3–1,Metz,21652.0,Stade Matmut-Atlantique,Jeremie Pignard
Ligue 1,2021-2022,2022-04-10,15:00,Brest,1–1,Nantes,13145.0,Stade Francis-Le Blé,Johan Hamel
Ligue 1,2021-2022,2022-04-10,15:00,Monaco,2–1,Troyes,4786.0,Stade Louis II,Mikael Lesage
Ligue 1,2021-2022,2022-04-10,15:00,Angers,1–1,Lille,9286.0,Stade Raymond Kopa,Thomas Leonard
Ligue 1,2021-2022,2022-04-10,17:05,Lens,3–0,Nice,36668.0,Stade Bollaert-Delelis,Willy Delajod
Ligue 1,2021-2022,2022-04-10,19:00,Strasbourg,1–1,Lyon,26073.0,Stade de la Meinau,Clement Turpin
Ligue 1,2021-2022,2022-04-10,21:00,Marseille,2–0,Montpellier,51131.0,Orange Vélodrome,Jeremy Stinat
Ligue 1,2021-2022,2022-04-15,21:00,Rennes,2–3,Monaco,28336.0,Roazhon Park,Stephanie Frappart
Ligue 1,2021-2022,2022-04-16,17:00,Saint-Étienne,2–1,Brest,27227.0,Stade Geoffroy-Guichard,Eric Wattellier
Ligue 1,2021-2022,2022-04-16,21:00,Lille,1–2,Lens,48169.0,Stade Pierre-Mauroy,Jérôme Brisard
Ligue 1,2021-2022,2022-04-17,13:00,Nice,2–1,Lorient,17212.0,Stade de Nice,Amaury Delerue
Ligue 1,2021-2022,2022-04-17,15:00,Metz,1–1,Clermont Foot,14335.0,Stade Saint-Symphorien,Pierre Gaillouste
Ligue 1,2021-2022,2022-04-17,15:00,Troyes,1–1,Strasbourg,10000.0,Stade de l'Aube,Benoît Millot
Ligue 1,2021-2022,2022-04-17,15:00,Montpellier,0–0,Reims,10170.0,Stade de la Mosson,Antony Gautier
Ligue 1,2021-2022,2022-04-17,15:00,Nantes,1–1,Angers,25102.0,Stade de la Beaujoire - Louis Fonteneau,Bastien Dechepy
Ligue 1,2021-2022,2022-04-17,17:05,Lyon,6–1,Bordeaux,38713.0,Groupama Stadium,Florent Batta
Ligue 1,2021-2022,2022-04-17,20:45,Paris Saint-Germain,2–1,Marseille,46000.0,Parc des Princes,François Letexier
Ligue 1,2021-2022,2022-04-20,19:00,Reims,2–1,Lille,10910.0,Stade Auguste-Delaune,Hakim Ben El Hadj Salem
Ligue 1,2021-2022,2022-04-20,19:00,Troyes,0–1,Clermont Foot,7800.0,Stade de l'Aube,Jeremie Pignard
Ligue 1,2021-2022,2022-04-20,19:00,Monaco,1–0,Nice,10247.0,Stade Louis II,Benoît Millot
Ligue 1,2021-2022,2022-04-20,19:00,Bordeaux,2–2,Saint-Étienne,38515.0,Stade Matmut-Atlantique,Benoît Bastien
Ligue 1,2021-2022,2022-04-20,19:00,Lorient,1–0,Metz,13544.0,Stade du Moustoir,Mikael Lesage
Ligue 1,2021-2022,2022-04-20,21:00,Strasbourg,2–1,Rennes,25148.0,Stade de la Meinau,Willy Delajod
Ligue 1,2021-2022,2022-04-20,21:00,Angers,0–3,Paris Saint-Germain,13000.0,Stade Raymond Kopa,Johan Hamel
Ligue 1,2021-2022,2022-04-20,21:00,Lens,2–0,Montpellier,36250.0,Stade Bollaert-Delelis,Romain Lissorgue
Ligue 1,2021-2022,2022-04-20,21:00,Brest,2–1,Lyon,14028.0,Stade Francis-Le Blé,Jeremy Stinat
Ligue 1,2021-2022,2022-04-20,21:00,Marseille,3–2,Nantes,55890.0,Orange Vélodrome,Ruddy Buquet
Ligue 1,2021-2022,2022-04-23,17:00,Lyon,5–2,Montpellier,46608.0,Groupama Stadium,François Letexier
Ligue 1,2021-2022,2022-04-23,19:00,Saint-Étienne,1–4,Monaco,30018.0,Stade Geoffroy-Guichard,Bastien Dechepy
Ligue 1,2021-2022,2022-04-23,21:00,Paris Saint-Germain,1–1,Lens,47000.0,Parc des Princes,Amaury Delerue
Ligue 1,2021-2022,2022-04-24,13:00,Rennes,5–0,Lorient,28324.0,Roazhon Park,Benoît Millot
Ligue 1,2021-2022,2022-04-24,15:00,Clermont Foot,2–2,Angers,11531.0,Stade Gabriel Montpied,Stephanie Frappart
Ligue 1,2021-2022,2022-04-24,15:00,Nice,1–0,Troyes,17065.0,Stade de Nice,Hakim Ben El Hadj Salem
Ligue 1,2021-2022,2022-04-24,15:00,Metz,0–1,Brest,19874.0,Stade Saint-Symphorien,Florent Batta
Ligue 1,2021-2022,2022-04-24,15:00,Nantes,5–3,Bordeaux,30000.0,Stade de la Beaujoire - Louis Fonteneau,Clement Turpin
Ligue 1,2021-2022,2022-04-24,17:05,Lille,1–0,Strasbourg,30211.0,Stade Pierre-Mauroy,Jeremie Pignard
Ligue 1,2021-2022,2022-04-24,20:45,Reims,0–1,Marseille,20835.0,Stade Auguste-Delaune,Jérôme Brisard
Ligue 1,2021-2022,2022-04-29,21:00,Strasbourg,3–3,Paris Saint-Germain,26052.0,Stade de la Meinau,Ruddy Buquet
Ligue 1,2021-2022,2022-04-30,17:00,Lens,2–2,Nantes,36727.0,Stade Bollaert-Delelis,Thomas Leonard
Ligue 1,2021-2022,2022-04-30,21:00,Rennes,2–0,Saint-Étienne,27390.0,Roazhon Park,Jeremy Stinat
Ligue 1,2021-2022,2022-05-01,13:00,Troyes,3–0,Lille,10497.0,Stade de l'Aube,Willy Delajod
Ligue 1,2021-2022,2022-05-01,15:00,Lorient,1–2,Reims,12216.0,Stade du Moustoir,Pierre Gaillouste
Ligue 1,2021-2022,2022-05-01,15:00,Monaco,2–0,Angers,4616.0,Stade Louis II,Hakim Ben El Hadj Salem
Ligue 1,2021-2022,2022-05-01,15:00,Brest,2–0,Clermont Foot,10592.0,Stade Francis-Le Blé,Romain Lissorgue
Ligue 1,2021-2022,2022-05-01,15:00,Montpellier,2–2,Metz,10446.0,Stade de la Mosson,Clement Turpin
Ligue 1,2021-2022,2022-05-01,17:05,Bordeaux,0–1,Nice,23552.0,Stade Matmut-Atlantique,Johan Hamel
Ligue 1,2021-2022,2022-05-01,20:45,Marseille,0–3,Lyon,68784.0,Orange Vélodrome,Antony Gautier
Ligue 1,2021-2022,2022-05-06,21:00,Lille,1–2,Monaco,39088.0,Stade Pierre-Mauroy,François Letexier
Ligue 1,2021-2022,2022-05-07,17:00,Brest,0–1,Strasbourg,12093.0,Stade Francis-Le Blé,Mikael Lesage
Ligue 1,2021-2022,2022-05-08,13:00,Metz,3–2,Lyon,20405.0,Stade Saint-Symphorien,Eric Wattellier
Ligue 1,2021-2022,2022-05-08,15:00,Angers,4–1,Bordeaux,10852.0,Stade Raymond Kopa,Benoît Millot
Ligue 1,2021-2022,2022-05-08,15:00,Reims,1–2,Lens,16962.0,Stade Auguste-Delaune,Vitor Ferreira Fernandes
Ligue 1,2021-2022,2022-05-08,15:00,Clermont Foot,2–1,Montpellier,11587.0,Stade Gabriel Montpied,Benoît Bastien
Ligue 1,2021-2022,2022-05-08,17:05,Lorient,0–3,Marseille,16210.0,Stade du Moustoir,Bastien Dechepy
Ligue 1,2021-2022,2022-05-08,20:45,Paris Saint-Germain,2–2,Troyes,45000.0,Parc des Princes,Jérôme Brisard
Ligue 1,2021-2022,2022-05-11,19:00,Nice,4–2,Saint-Étienne,17704.0,Stade de Nice,Ruddy Buquet
Ligue 1,2021-2022,2022-05-11,21:00,Nantes,2–1,Rennes,26359.0,Stade de la Beaujoire - Louis Fonteneau,Antony Gautier
Ligue 1,2021-2022,2022-05-14,21:00,Nice,1–3,Lille,24232.0,Stade de Nice,Thomas Leonard
Ligue 1,2021-2022,2022-05-14,21:00,Montpellier,0–4,Paris Saint-Germain,19586.0,Stade de la Mosson,Jeremy Stinat
Ligue 1,2021-2022,2022-05-14,21:00,Troyes,1–3,Lens,19000.0,Stade de l'Aube,François Letexier
Ligue 1,2021-2022,2022-05-14,21:00,Lyon,3–2,Nantes,54404.0,Groupama Stadium,Florent Batta
Ligue 1,2021-2022,2022-05-14,21:00,Rennes,2–0,Marseille,28811.0,Roazhon Park,Benoît Bastien
Ligue 1,2021-2022,2022-05-14,21:00,Bordeaux,0–0,Lorient,23191.0,Stade Matmut-Atlantique,Ruddy Buquet
Ligue 1,2021-2022,2022-05-14,21:00,Monaco,4–2,Brest,6000.0,Stade Louis II,Jérôme Brisard
Ligue 1,2021-2022,2022-05-14,21:00,Metz,1–0,Angers,17213.0,Stade Saint-Symphorien,Jeremie Pignard
Ligue 1,2021-2022,2022-05-14,21:00,Saint-Étienne,1–2,Reims,,Stade Geoffroy-Guichard,Clement Turpin
Ligue 1,2021-2022,2022-05-14,21:00,Strasbourg,1–0,Clermont Foot,25231.0,Stade de la Meinau,Benoît Millot
Ligue 1,2021-2022,2022-05-21,21:00,Clermont Foot,1–2,Lyon,12000.0,Stade Gabriel Montpied,Mikael Lesage
Ligue 1,2021-2022,2022-05-21,21:00,Lille,2–2,Rennes,40116.0,Stade Pierre-Mauroy,Amaury Delerue
Ligue 1,2021-2022,2022-05-21,21:00,Angers,2–0,Montpellier,11249.0,Stade Raymond Kopa,Romain Lissorgue
Ligue 1,2021-2022,2022-05-21,21:00,Lorient,1–1,Troyes,15131.0,Stade du Moustoir,Johan Hamel
Ligue 1,2021-2022,2022-05-21,21:00,Lens,2–2,Monaco,37764.0,Stade Bollaert-Delelis,Benoît Bastien
Ligue 1,2021-2022,2022-05-21,21:00,Brest,2–4,Bordeaux,14484.0,Stade Francis-Le Blé,Hakim Ben El Hadj Salem
Ligue 1,2021-2022,2022-05-21,21:00,Reims,2–3,Nice,12589.0,Stade Auguste-Delaune,Eric Wattellier
Ligue 1,2021-2022,2022-05-21,21:00,Marseille,4–0,Strasbourg,63873.0,Orange Vélodrome,Stephanie Frappart
Ligue 1,2021-2022,2022-05-21,21:00,Paris Saint-Germain,5–0,Metz,45000.0,Parc des Princes,Antony Gautier
Ligue 1,2021-2022,2022-05-21,21:00,Nantes,1–1,Saint-Étienne,28636.0,Stade de la Beaujoire - Louis Fonteneau,François Letexier
Serie A,2025-2026,2025-08-23,18:30,Sassuolo,0–2,Napoli,19106.0,Mapei Stadium - Città del Tricolore,Giovanni Ayroldi
Serie A,2025-2026,2025-08-23,18:30,Genoa,0–0,Lecce,32576.0,Stadio Comunale Luigi Ferraris,Davide Massa
Serie A,2025-2026,2025-08-23,20:45,Roma,1–0,Bologna,63681.0,Stadio Olimpico,Luca Zufferli
Serie A,2025-2026,2025-08-23,20:45,Milan,1–2,Cremonese,75011.0,Stadio Giuseppe Meazza,Giuseppe Collu
Serie A,2025-2026,2025-08-24,18:30,Como,2–0,Lazio,12055.0,Stadio Giuseppe Sinigaglia,Gianluca Manganiello
Serie A,2025-2026,2025-08-24,18:30,Cagliari,1–1,Fiorentina,15723.0,Unipol Domus,Simone Sozza
Serie A,2025-2026,2025-08-24,20:45,Atalanta,1–1,Pisa,22235.0,New Balance Arena,Alberto Ruben Arena
Serie A,2025-2026,2025-08-24,20:45,Juventus,2–0,Parma,41251.0,Allianz Stadium,Matteo Marcenaro
Serie A,2025-2026,2025-08-25,18:30,Udinese,1–1,Hellas Verona,20706.0,Bluenergy Stadium,Paride Tremolada
Serie A,2025-2026,2025-08-25,20:45,Inter,5–0,Torino,72332.0,Stadio Giuseppe Meazza,Federico La Penna
Serie A,2025-2026,2025-08-29,18:30,Cremonese,3–2,Sassuolo,10300.0,Stadio Giovanni Zini,Marco Guida
Serie A,2025-2026,2025-08-29,20:45,Lecce,0–2,Milan,28227.0,Stadio Comunale Ettore Giardiniero,Livio Marinelli
Serie A,2025-2026,2025-08-30,18:30,Parma,1–1,Atalanta,17212.0,Stadio Ennio Tardini,Maurizio Mariani
Serie A,2025-2026,2025-08-30,18:30,Bologna,1–0,Como,28369.0,Stadio Renato Dall'Ara,Daniele Doveri
Serie A,2025-2026,2025-08-30,20:45,Napoli,1–0,Cagliari,50497.0,Stadio Diego Armando Maradona,Kevin Bonacina
Serie A,2025-2026,2025-08-30,20:45,Pisa,0–1,Roma,11554.0,Arena Garibaldi - Stadio Romeo Anconetan...,Giuseppe Collu
Serie A,2025-2026,2025-08-31,18:30,Torino,0–0,Fiorentina,20127.0,Stadio Olimpico Grande Torino,Rosario Abisso
Serie A,2025-2026,2025-08-31,18:30,Genoa,0–1,Juventus,33522.0,Stadio Comunale Luigi Ferraris,Daniele Chiffi
Serie A,2025-2026,2025-08-31,20:45,Inter,1–2,Udinese,70796.0,Stadio Giuseppe Meazza,Matteo Marchetti
Serie A,2025-2026,2025-08-31,20:45,Lazio,4–0,Hellas Verona,43603.0,Stadio Olimpico,Valerio Crezzini
Serie A,2025-2026,2025-09-13,15:00,Cagliari,2–0,Parma,16078.0,Unipol Domus,Francesco Fourneau
Serie A,2025-2026,2025-09-13,18:00,Juventus,4–3,Inter,41664.0,Allianz Stadium,Andrea Colombo
Serie A,2025-2026,2025-09-13,20:45,Fiorentina,1–3,Napoli,21579.0,Stadio Artemio Franchi,Luca Zufferli
Serie A,2025-2026,2025-09-14,12:30,Roma,0–1,Torino,62635.0,Stadio Olimpico,Giovanni Ayroldi
Serie A,2025-2026,2025-09-14,15:00,Atalanta,4–1,Lecce,21261.0,New Balance Arena,Gianluca Manganiello
Serie A,2025-2026,2025-09-14,15:00,Pisa,0–1,Udinese,11126.0,Arena Garibaldi - Stadio Romeo Anconetan...,Davide Massa
Serie A,2025-2026,2025-09-14,18:00,Sassuolo,1–0,Lazio,15016.0,Mapei Stadium - Città del Tricolore,Paride Tremolada
Serie A,2025-2026,2025-09-14,20:45,Milan,1–0,Bologna,69593.0,Stadio Giuseppe Meazza,Matteo Marcenaro
Serie A,2025-2026,2025-09-15,18:30,Hellas Verona,0–0,Cremonese,21406.0,Stadio Marc'Antonio Bentegodi,Alberto Ruben Arena
Serie A,2025-2026,2025-09-15,20:45,Como,1–1,Genoa,11858.0,Stadio Giuseppe Sinigaglia,Marco Piccinini
Serie A,2025-2026,2025-09-19,20:45,Lecce,1–2,Cagliari,26219.0,Stadio Comunale Ettore Giardiniero,Luca Zufferli
Serie A,2025-2026,2025-09-20,15:00,Bologna,2–1,Genoa,27976.0,Stadio Renato Dall'Ara,Giuseppe Collu
Serie A,2025-2026,2025-09-20,18:00,Hellas Verona,1–1,Juventus,27783.0,Stadio Marc'Antonio Bentegodi,Antonio Rapuano
Serie A,2025-2026,2025-09-20,20:45,Udinese,0–3,Milan,24201.0,Bluenergy Stadium,Daniele Doveri
Serie A,2025-2026,2025-09-21,12:30,Lazio,0–1,Roma,61000.0,Stadio Olimpico,Simone Sozza
Serie A,2025-2026,2025-09-21,15:00,Cremonese,0–0,Parma,13548.0,Stadio Giovanni Zini,Federico La Penna
Serie A,2025-2026,2025-09-21,15:00,Torino,0–3,Atalanta,18259.0,Stadio Olimpico Grande Torino,Andrea Colombo
Serie A,2025-2026,2025-09-21,18:00,Fiorentina,1–2,Como,21158.0,Stadio Artemio Franchi,Kevin Bonacina
Serie A,2025-2026,2025-09-21,20:45,Inter,2–1,Sassuolo,68852.0,Stadio Giuseppe Meazza,Livio Marinelli
Serie A,2025-2026,2025-09-22,20:45,Napoli,3–2,Pisa,50312.0,Stadio Diego Armando Maradona,Valerio Crezzini
Serie A,2025-2026,2025-09-27,15:00,Como,1–1,Cremonese,10534.0,Stadio Giuseppe Sinigaglia,Marco Di Bello
Serie A,2025-2026,2025-09-27,18:00,Juventus,1–1,Atalanta,40893.0,Allianz Stadium,Simone Sozza
Serie A,2025-2026,2025-09-27,20:45,Cagliari,0–2,Inter,16282.0,Unipol Domus,Marco Piccinini
Serie A,2025-2026,2025-09-28,12:30,Sassuolo,3–1,Udinese,11160.0,Mapei Stadium - Città del Tricolore,Daniele Perenzoni
Serie A,2025-2026,2025-09-28,15:00,Pisa,0–0,Fiorentina,11210.0,Arena Garibaldi - Stadio Romeo Anconetan...,Gianluca Manganiello
Serie A,2025-2026,2025-09-28,15:00,Roma,2–0,Hellas Verona,62334.0,Stadio Olimpico,Ermanno Feliciani
Serie A,2025-2026,2025-09-28,18:00,Lecce,2–2,Bologna,24548.0,Stadio Comunale Ettore Giardiniero,Francesco Fourneau
Serie A,2025-2026,2025-09-28,20:45,Milan,2–1,Napoli,73754.0,Stadio Giuseppe Meazza,Daniele Chiffi
Serie A,2025-2026,2025-09-29,18:30,Parma,2–1,Torino,17006.0,Stadio Ennio Tardini,Giuseppe Collu
Serie A,2025-2026,2025-09-29,20:45,Genoa,0–3,Lazio,30824.0,Stadio Comunale Luigi Ferraris,Giovanni Ayroldi
Serie A,2025-2026,2025-10-03,20:45,Hellas Verona,0–1,Sassuolo,21963.0,Stadio Marc'Antonio Bentegodi,Francesco Fourneau
Serie A,2025-2026,2025-10-04,15:00,Parma,0–1,Lecce,19580.0,Stadio Ennio Tardini,Daniele Doveri
Serie A,2025-2026,2025-10-04,15:00,Lazio,3–3,Torino,36000.0,Stadio Olimpico,Marco Piccinini
Serie A,2025-2026,2025-10-04,18:00,Inter,4–1,Cremonese,70750.0,Stadio Giuseppe Meazza,Ermanno Feliciani
Serie A,2025-2026,2025-10-04,20:45,Atalanta,1–1,Como,23042.0,New Balance Arena,Luca Zufferli
Serie A,2025-2026,2025-10-05,12:30,Udinese,1–1,Cagliari,18159.0,Bluenergy Stadium,Alberto Ruben Arena
Serie A,2025-2026,2025-10-05,15:00,Bologna,4–0,Pisa,27972.0,Stadio Renato Dall'Ara,Rosario Abisso
Serie A,2025-2026,2025-10-05,15:00,Fiorentina,1–2,Roma,20548.0,Stadio Artemio Franchi,Andrea Colombo
Serie A,2025-2026,2025-10-05,18:00,Napoli,2–1,Genoa,50000.0,Stadio Diego Armando Maradona,Federico La Penna
Serie A,2025-2026,2025-10-05,20:45,Juventus,0–0,Milan,41328.0,Allianz Stadium,Marco Guida
Serie A,2025-2026,2025-10-18,15:00,Pisa,0–0,Hellas Verona,11557.0,Arena Garibaldi - Stadio Romeo Anconetan...,Marco Guida
Serie A,2025-2026,2025-10-18,15:00,Lecce,0–0,Sassuolo,25307.0,Stadio Comunale Ettore Giardiniero,Valerio Crezzini
Serie A,2025-2026,2025-10-18,18:00,Torino,1–0,Napoli,26802.0,Stadio Olimpico Grande Torino,Matteo Marcenaro
Serie A,2025-2026,2025-10-18,20:45,Roma,0–1,Inter,65849.0,Stadio Olimpico,Davide Massa
Serie A,2025-2026,2025-10-19,12:30,Como,2–0,Juventus,12039.0,Stadio Giuseppe Sinigaglia,Giovanni Ayroldi
Serie A,2025-2026,2025-10-19,15:00,Cagliari,0–2,Bologna,16168.0,Unipol Domus,Matteo Marchetti
Serie A,2025-2026,2025-10-19,15:00,Genoa,0–0,Parma,30636.0,Stadio Comunale Luigi Ferraris,Simone Sozza
Serie A,2025-2026,2025-10-19,18:00,Atalanta,0–0,Lazio,22342.0,New Balance Arena,Giuseppe Collu
Serie A,2025-2026,2025-10-19,20:45,Milan,2–1,Fiorentina,71475.0,Stadio Giuseppe Meazza,Livio Marinelli
Serie A,2025-2026,2025-10-20,20:45,Cremonese,1–1,Udinese,10860.0,Stadio Giovanni Zini,Michael Fabbri
Serie A,2025-2026,2025-10-24,20:45,Milan,2–2,Pisa,72615.0,Stadio Giuseppe Meazza,Luca Zufferli
Serie A,2025-2026,2025-10-25,15:00,Udinese,3–2,Lecce,21441.0,Bluenergy Stadium,Ermanno Feliciani
Serie A,2025-2026,2025-10-25,15:00,Parma,0–0,Como,18116.0,Stadio Ennio Tardini,Daniele Chiffi
Serie A,2025-2026,2025-10-25,18:00,Napoli,3–1,Inter,54200.0,Stadio Diego Armando Maradona,Maurizio Mariani
Serie A,2025-2026,2025-10-25,20:45,Cremonese,1–1,Atalanta,11052.0,Stadio Giovanni Zini,Alberto Ruben Arena
Serie A,2025-2026,2025-10-26,12:30,Torino,2–1,Genoa,23365.0,Stadio Olimpico Grande Torino,Kevin Bonacina
Serie A,2025-2026,2025-10-26,15:00,Sassuolo,0–1,Roma,19674.0,Mapei Stadium - Città del Tricolore,Gianluca Manganiello
Serie A,2025-2026,2025-10-26,15:00,Hellas Verona,2–2,Cagliari,24344.0,Stadio Marc'Antonio Bentegodi,Federico Dionisi
Serie A,2025-2026,2025-10-26,18:00,Fiorentina,2–2,Bologna,19445.0,Stadio Artemio Franchi,Federico La Penna
Serie A,2025-2026,2025-10-26,20:45,Lazio,1–0,Juventus,54000.0,Stadio Olimpico,Andrea Colombo
Serie A,2025-2026,2025-10-28,18:30,Lecce,0–1,Napoli,25569.0,Stadio Comunale Ettore Giardiniero,Giuseppe Collu
Serie A,2025-2026,2025-10-28,20:45,Atalanta,1–1,Milan,23157.0,New Balance Arena,Daniele Doveri
Serie A,2025-2026,2025-10-29,18:30,Como,3–1,Hellas Verona,10167.0,Stadio Giuseppe Sinigaglia,Matteo Marcenaro
Serie A,2025-2026,2025-10-29,18:30,Juventus,3–1,Udinese,40034.0,Allianz Stadium,Marco Di Bello
Serie A,2025-2026,2025-10-29,18:30,Roma,2–1,Parma,61043.0,Stadio Olimpico,Valerio Crezzini
Serie A,2025-2026,2025-10-29,20:45,Genoa,0–2,Cremonese,30083.0,Stadio Comunale Luigi Ferraris,Rosario Abisso
Serie A,2025-2026,2025-10-29,20:45,Inter,3–0,Fiorentina,71096.0,Stadio Giuseppe Meazza,Simone Sozza
Serie A,2025-2026,2025-10-29,20:45,Bologna,0–0,Torino,25691.0,Stadio Renato Dall'Ara,Giovanni Ayroldi
Serie A,2025-2026,2025-10-30,18:30,Cagliari,1–2,Sassuolo,15563.0,Unipol Domus,Luca Pairetto
Serie A,2025-2026,2025-10-30,20:45,Pisa,0–0,Lazio,10101.0,Arena Garibaldi - Stadio Romeo Anconetan...,Davide Massa
Serie A,2025-2026,2025-11-01,15:00,Udinese,1–0,Atalanta,20167.0,Bluenergy Stadium,Michael Fabbri
Serie A,2025-2026,2025-11-01,18:00,Napoli,0–0,Como,52000.0,Stadio Diego Armando Maradona,Luca Zufferli
Serie A,2025-2026,2025-11-01,20:45,Cremonese,1–2,Juventus,14808.0,Stadio Giovanni Zini,Daniele Chiffi
Serie A,2025-2026,2025-11-02,12:30,Hellas Verona,1–2,Inter,26696.0,Stadio Marc'Antonio Bentegodi,Daniele Doveri
Serie A,2025-2026,2025-11-02,15:00,Torino,2–2,Pisa,20034.0,Stadio Olimpico Grande Torino,Alberto Ruben Arena
Serie A,2025-2026,2025-11-02,15:00,Fiorentina,0–1,Lecce,18184.0,Stadio Artemio Franchi,Antonio Rapuano
Serie A,2025-2026,2025-11-02,18:00,Parma,1–3,Bologna,18672.0,Stadio Ennio Tardini,Kevin Bonacina
Serie A,2025-2026,2025-11-02,20:45,Milan,1–0,Roma,75048.0,Stadio Giuseppe Meazza,Marco Guida
Serie A,2025-2026,2025-11-03,18:30,Sassuolo,1–2,Genoa,26696.0,Mapei Stadium - Città del Tricolore,Ermanno Feliciani
Serie A,2025-2026,2025-11-03,20:45,Lazio,2–0,Cagliari,35000.0,Stadio Olimpico,Juan Luca Sacchi
Serie A,2025-2026,2025-11-07,20:45,Pisa,1–0,Cremonese,10728.0,Arena Garibaldi - Stadio Romeo Anconetan...,Matteo Marcenaro
Serie A,2025-2026,2025-11-08,15:00,Lecce,0–0,Hellas Verona,24678.0,Stadio Comunale Ettore Giardiniero,Rosario Abisso
Serie A,2025-2026,2025-11-08,15:00,Como,0–0,Cagliari,11517.0,Stadio Giuseppe Sinigaglia,Ivano Pezzuto
Serie A,2025-2026,2025-11-08,18:00,Juventus,0–0,Torino,41366.0,Allianz Stadium,Luca Zufferli
Serie A,2025-2026,2025-11-08,20:45,Parma,2–2,Milan,22064.0,Stadio Ennio Tardini,Marco Di Bello
Serie A,2025-2026,2025-11-09,12:30,Atalanta,0–3,Sassuolo,21933.0,New Balance Arena,Valerio Crezzini
Serie A,2025-2026,2025-11-09,15:00,Genoa,2–2,Fiorentina,31449.0,Stadio Comunale Luigi Ferraris,Marco Guida
Serie A,2025-2026,2025-11-09,15:00,Bologna,2–0,Napoli,33174.0,Stadio Renato Dall'Ara,Daniele Chiffi
Serie A,2025-2026,2025-11-09,18:00,Roma,2–0,Udinese,61684.0,Stadio Olimpico,Giuseppe Collu
Serie A,2025-2026,2025-11-09,20:45,Inter,2–0,Lazio,71060.0,Stadio Giuseppe Meazza,Gianluca Manganiello
Serie A,2025-2026,2025-11-22,15:00,Cagliari,3–3,Genoa,15575.0,Unipol Domus,Federico La Penna
Serie A,2025-2026,2025-11-22,15:00,Udinese,0–3,Bologna,23756.0,Bluenergy Stadium,Juan Luca Sacchi
Serie A,2025-2026,2025-11-22,18:00,Fiorentina,1–1,Juventus,22346.0,Stadio Artemio Franchi,Daniele Doveri
Serie A,2025-2026,2025-11-22,20:45,Napoli,3–1,Atalanta,45000.0,Stadio Diego Armando Maradona,Marco Di Bello
Serie A,2025-2026,2025-11-23,12:30,Hellas Verona,1–2,Parma,26266.0,Stadio Marc'Antonio Bentegodi,Luca Pairetto
Serie A,2025-2026,2025-11-23,15:00,Cremonese,1–3,Roma,14666.0,Stadio Giovanni Zini,Giovanni Ayroldi
Serie A,2025-2026,2025-11-23,18:00,Lazio,2–0,Lecce,25000.0,Stadio Olimpico,Alberto Ruben Arena
Serie A,2025-2026,2025-11-23,20:45,Inter,0–1,Milan,75562.0,Stadio Giuseppe Meazza,Simone Sozza
Serie A,2025-2026,2025-11-24,18:30,Torino,1–5,Como,22188.0,Stadio Olimpico Grande Torino,Kevin Bonacina
Serie A,2025-2026,2025-11-24,20:45,Sassuolo,2–2,Pisa,9343.0,Mapei Stadium - Città del Tricolore,Davide Di Marco
Serie A,2025-2026,2025-11-28,20:45,Como,2–0,Sassuolo,10243.0,Stadio Giuseppe Sinigaglia,Matteo Marchetti
Serie A,2025-2026,2025-11-29,15:00,Parma,0–2,Udinese,17232.0,Stadio Ennio Tardini,Marco Piccinini
Serie A,2025-2026,2025-11-29,15:00,Genoa,2–1,Hellas Verona,29916.0,Stadio Comunale Luigi Ferraris,Michael Fabbri
Serie A,2025-2026,2025-11-29,18:00,Juventus,2–1,Cagliari,39282.0,Allianz Stadium,Valerio Crezzini
Serie A,2025-2026,2025-11-29,20:45,Milan,1–0,Lazio,73156.0,Stadio Giuseppe Meazza,Giuseppe Collu
Serie A,2025-2026,2025-11-30,12:30,Lecce,2–1,Torino,24776.0,Stadio Comunale Ettore Giardiniero,Maurizio Mariani
Serie A,2025-2026,2025-11-30,15:00,Pisa,0–2,Inter,12542.0,Arena Garibaldi - Stadio Romeo Anconetan...,Marco Guida
Serie A,2025-2026,2025-11-30,18:00,Atalanta,2–0,Fiorentina,21591.0,New Balance Arena,Matteo Marcenaro
Serie A,2025-2026,2025-11-30,20:45,Roma,0–1,Napoli,63937.0,Stadio Olimpico,Davide Massa
Serie A,2025-2026,2025-12-01,20:45,Bologna,1–3,Cremonese,25277.0,Stadio Renato Dall'Ara,Ermanno Feliciani
Serie A,2025-2026,2025-12-06,15:00,Sassuolo,3–1,Fiorentina,14285.0,Mapei Stadium - Città del Tricolore,Luca Pairetto
Serie A,2025-2026,2025-12-06,18:00,Inter,4–0,Como,75022.0,Stadio Giuseppe Meazza,Marco Di Bello
Serie A,2025-2026,2025-12-06,20:45,Hellas Verona,3–1,Atalanta,20949.0,Stadio Marc'Antonio Bentegodi,Maurizio Mariani
Serie A,2025-2026,2025-12-07,12:30,Cremonese,2–0,Lecce,13276.0,Stadio Giovanni Zini,Giuseppe Mucera
Serie A,2025-2026,2025-12-07,15:00,Cagliari,1–0,Roma,16255.0,Unipol Domus,Luca Zufferli
Serie A,2025-2026,2025-12-07,18:00,Lazio,1–1,Bologna,43325.0,Stadio Olimpico,Michael Fabbri
Serie A,2025-2026,2025-12-07,20:45,Napoli,2–1,Juventus,53000.0,Stadio Diego Armando Maradona,Federico La Penna
Serie A,2025-2026,2025-12-08,15:00,Pisa,0–1,Parma,11626.0,Arena Garibaldi - Stadio Romeo Anconetan...,Daniele Doveri
Serie A,2025-2026,2025-12-08,18:00,Udinese,1–2,Genoa,23356.0,Bluenergy Stadium,Fabio Maresca
Serie A,2025-2026,2025-12-08,20:45,Torino,2–3,Milan,25000.0,Stadio Olimpico Grande Torino,Daniele Chiffi
Serie A,2025-2026,2025-12-12,20:45,Lecce,1–0,Pisa,24332.0,Stadio Comunale Ettore Giardiniero,Juan Luca Sacchi
Serie A,2025-2026,2025-12-13,15:00,Torino,1–0,Cremonese,18297.0,Stadio Olimpico Grande Torino,Livio Marinelli
Serie A,2025-2026,2025-12-13,18:00,Parma,0–1,Lazio,19893.0,Stadio Ennio Tardini,Matteo Marchetti
Serie A,2025-2026,2025-12-13,20:45,Atalanta,2–1,Cagliari,21695.0,New Balance Arena,Davide Di Marco
Serie A,2025-2026,2025-12-14,12:30,Milan,2–2,Sassuolo,73446.0,Stadio Giuseppe Meazza,Valerio Crezzini
Serie A,2025-2026,2025-12-14,15:00,Udinese,1–0,Napoli,24502.0,Bluenergy Stadium,Simone Sozza
Serie A,2025-2026,2025-12-14,15:00,Fiorentina,1–2,Hellas Verona,20967.0,Stadio Artemio Franchi,Andrea Colombo
Serie A,2025-2026,2025-12-14,18:00,Genoa,1–2,Inter,30000.0,Stadio Comunale Luigi Ferraris,Daniele Doveri
Serie A,2025-2026,2025-12-14,20:45,Bologna,0–1,Juventus,30000.0,Stadio Renato Dall'Ara,Davide Massa
Serie A,2025-2026,2025-12-15,20:45,Roma,1–0,Como,60207.0,Stadio Olimpico,Ermanno Feliciani
Serie A,2025-2026,2025-12-20,18:00,Lazio,0–0,Cremonese,37000.0,Stadio Olimpico,Luca Pairetto
Serie A,2025-2026,2025-12-20,20:45,Juventus,2–1,Roma,41602.0,Allianz Stadium,Simone Sozza
Serie A,2025-2026,2025-12-21,12:30,Cagliari,2–2,Pisa,15880.0,Unipol Domus,Francesco Fourneau
Serie A,2025-2026,2025-12-21,15:00,Sassuolo,0–1,Torino,12371.0,Mapei Stadium - Città del Tricolore,Andrea Calzavara
Serie A,2025-2026,2025-12-21,18:00,Fiorentina,5–1,Udinese,18405.0,Stadio Artemio Franchi,Maurizio Mariani
Serie A,2025-2026,2025-12-21,20:45,Genoa,0–1,Atalanta,30460.0,Stadio Comunale Luigi Ferraris,Rosario Abisso
Serie A,2025-2026,2025-12-27,12:30,Parma,1–0,Fiorentina,20658.0,Stadio Ennio Tardini,Marco Guida
Serie A,2025-2026,2025-12-27,15:00,Lecce,0–3,Como,28277.0,Stadio Comunale Ettore Giardiniero,Matteo Marchetti
Serie A,2025-2026,2025-12-27,15:00,Torino,1–2,Cagliari,23218.0,Stadio Olimpico Grande Torino,Daniele Doveri
Serie A,2025-2026,2025-12-27,18:00,Udinese,1–1,Lazio,24460.0,Bluenergy Stadium,Andrea Colombo
Serie A,2025-2026,2025-12-27,20:45,Pisa,0–2,Juventus,12640.0,Arena Garibaldi - Stadio Romeo Anconetan...,Fabio Maresca
Serie A,2025-2026,2025-12-28,12:30,Milan,3–0,Hellas Verona,74618.0,Stadio Giuseppe Meazza,Michael Fabbri
Serie A,2025-2026,2025-12-28,15:00,Cremonese,0–2,Napoli,14236.0,Stadio Giovanni Zini,Maurizio Mariani
Serie A,2025-2026,2025-12-28,18:00,Bologna,1–1,Sassuolo,27832.0,Stadio Renato Dall'Ara,Juan Luca Sacchi
Serie A,2025-2026,2025-12-28,20:45,Atalanta,0–1,Inter,23243.0,New Balance Arena,Federico La Penna
Serie A,2025-2026,2025-12-29,20:45,Roma,3–1,Genoa,67785.0,Stadio Olimpico,Marco Di Bello
Serie A,2025-2026,2026-01-02,20:45,Cagliari,0–1,Milan,16412.0,Unipol Domus,Rosario Abisso
Serie A,2025-2026,2026-01-03,12:30,Como,1–0,Udinese,11914.0,Stadio Giuseppe Sinigaglia,Alberto Ruben Arena
Serie A,2025-2026,2026-01-03,15:00,Genoa,1–1,Pisa,31661.0,Stadio Comunale Luigi Ferraris,Daniele Chiffi
Serie A,2025-2026,2026-01-03,15:00,Sassuolo,1–1,Parma,12701.0,Mapei Stadium - Città del Tricolore,Ermanno Feliciani
Serie A,2025-2026,2026-01-03,18:00,Juventus,1–1,Lecce,40639.0,Allianz Stadium,Giuseppe Collu
Serie A,2025-2026,2026-01-03,20:45,Atalanta,1–0,Roma,23088.0,New Balance Arena,Michael Fabbri
Serie A,2025-2026,2026-01-04,12:30,Lazio,0–2,Napoli,45000.0,Stadio Olimpico,Davide Massa
Serie A,2025-2026,2026-01-04,15:00,Fiorentina,1–0,Cremonese,19827.0,Stadio Artemio Franchi,Federico La Penna
Serie A,2025-2026,2026-01-04,18:00,Hellas Verona,0–3,Torino,21860.0,Stadio Marc'Antonio Bentegodi,Antonio Rapuano
Serie A,2025-2026,2026-01-04,20:45,Inter,3–1,Bologna,74710.0,Stadio Giuseppe Meazza,Marco Guida
Serie A,2025-2026,2026-01-06,15:00,Pisa,0–3,Como,11202.0,Arena Garibaldi - Stadio Romeo Anconetan...,Luca Pairetto
Serie A,2025-2026,2026-01-06,18:00,Lecce,0–2,Roma,24715.0,Stadio Comunale Ettore Giardiniero,Juan Luca Sacchi
Serie A,2025-2026,2026-01-06,20:45,Sassuolo,0–3,Juventus,19488.0,Mapei Stadium - Città del Tricolore,Luca Zufferli
Serie A,2025-2026,2026-01-07,18:30,Napoli,2–2,Hellas Verona,35000.0,Stadio Diego Armando Maradona,Matteo Marchetti
Serie A,2025-2026,2026-01-07,18:30,Bologna,0–2,Atalanta,23454.0,Stadio Renato Dall'Ara,Marco Di Bello
Serie A,2025-2026,2026-01-07,20:45,Torino,1–2,Udinese,17982.0,Stadio Olimpico Grande Torino,Fabio Maresca
Serie A,2025-2026,2026-01-07,20:45,Parma,0–2,Inter,21601.0,Stadio Ennio Tardini,Andrea Colombo
Serie A,2025-2026,2026-01-07,20:45,Lazio,2–2,Fiorentina,35000.0,Stadio Olimpico,Simone Sozza
Serie A,2025-2026,2026-01-08,18:30,Cremonese,2–2,Cagliari,9886.0,Stadio Giovanni Zini,Kevin Bonacina
Serie A,2025-2026,2026-01-08,20:45,Milan,1–1,Genoa,69397.0,Stadio Giuseppe Meazza,Maurizio Mariani
Serie A,2025-2026,2026-01-10,15:00,Udinese,2–2,Pisa,23186.0,Bluenergy Stadium,Giovanni Ayroldi
Serie A,2025-2026,2026-01-10,15:00,Como,1–1,Bologna,11667.0,Stadio Giuseppe Sinigaglia,Rosario Abisso
Serie A,2025-2026,2026-01-10,18:00,Roma,2–0,Sassuolo,60713.0,Stadio Olimpico,Matteo Marcenaro
Serie A,2025-2026,2026-01-10,20:45,Atalanta,2–0,Torino,20918.0,New Balance Arena,Francesco Fourneau
Serie A,2025-2026,2026-01-11,12:30,Lecce,1–2,Parma,24587.0,Stadio Comunale Ettore Giardiniero,Livio Marinelli
Serie A,2025-2026,2026-01-11,15:00,Fiorentina,1–1,Milan,22171.0,Stadio Artemio Franchi,Davide Massa
Serie A,2025-2026,2026-01-11,18:00,Hellas Verona,0–1,Lazio,22029.0,Stadio Marc'Antonio Bentegodi,Marco Guida
Serie A,2025-2026,2026-01-11,20:45,Inter,2–2,Napoli,72567.0,Stadio Giuseppe Meazza,Daniele Doveri
Serie A,2025-2026,2026-01-12,18:30,Genoa,3–0,Cagliari,29484.0,Stadio Comunale Luigi Ferraris,Federico La Penna
Serie A,2025-2026,2026-01-12,20:45,Juventus,5–0,Cremonese,39585.0,Allianz Stadium,Ermanno Feliciani
Serie A,2025-2026,2026-01-14,18:30,Napoli,0–0,Parma,40000.0,Stadio Diego Armando Maradona,Michael Fabbri
Serie A,2025-2026,2026-01-14,20:45,Inter,1–0,Lecce,69321.0,Stadio Giuseppe Meazza,Fabio Maresca
Serie A,2025-2026,2026-01-15,18:30,Hellas Verona,2–3,Bologna,17585.0,Stadio Marc'Antonio Bentegodi,Maurizio Mariani
Serie A,2025-2026,2026-01-15,20:45,Como,1–3,Milan,11960.0,Stadio Giuseppe Sinigaglia,Marco Guida
Serie A,2025-2026,2026-01-16,20:45,Pisa,1–1,Atalanta,10372.0,Arena Garibaldi - Stadio Romeo Anconetan...,Matteo Marchetti
Serie A,2025-2026,2026-01-17,15:00,Udinese,0–1,Inter,24929.0,Bluenergy Stadium,Marco Di Bello
Serie A,2025-2026,2026-01-17,18:00,Napoli,1–0,Sassuolo,40000.0,Stadio Diego Armando Maradona,Francesco Fourneau
Serie A,2025-2026,2026-01-17,20:45,Cagliari,1–0,Juventus,16412.0,Unipol Domus,Davide Massa
Serie A,2025-2026,2026-01-18,12:30,Parma,0–0,Genoa,16433.0,Stadio Ennio Tardini,Luca Pairetto
Serie A,2025-2026,2026-01-18,15:00,Bologna,1–2,Fiorentina,27590.0,Stadio Renato Dall'Ara,Daniele Doveri
Serie A,2025-2026,2026-01-18,18:00,Torino,0–2,Roma,22138.0,Stadio Olimpico Grande Torino,Daniele Chiffi
Serie A,2025-2026,2026-01-18,20:45,Milan,1–0,Lecce,70591.0,Stadio Giuseppe Meazza,Luca Zufferli
Serie A,2025-2026,2026-01-19,18:30,Cremonese,0–0,Hellas Verona,10877.0,Stadio Giovanni Zini,Alberto Ruben Arena
Serie A,2025-2026,2026-01-19,20:45,Lazio,0–3,Como,35000.0,Stadio Olimpico,Michael Fabbri
Serie A,2025-2026,2026-01-23,20:45,Inter,6–2,Pisa,73594.0,Stadio Giuseppe Meazza,Matteo Marcenaro
Serie A,2025-2026,2026-01-24,15:00,Como,6–0,Torino,11055.0,Stadio Giuseppe Sinigaglia,Ermanno Feliciani
Serie A,2025-2026,2026-01-24,18:00,Fiorentina,1–2,Cagliari,20456.0,Stadio Artemio Franchi,Marco Guida
Serie A,2025-2026,2026-01-24,20:45,Lecce,0–0,Lazio,24435.0,Stadio Comunale Ettore Giardiniero,Daniele Chiffi
Serie A,2025-2026,2026-01-25,12:30,Sassuolo,1–0,Cremonese,11111.0,Mapei Stadium - Città del Tricolore,Giuseppe Collu
Serie A,2025-2026,2026-01-25,15:00,Atalanta,4–0,Parma,21815.0,New Balance Arena,Juan Luca Sacchi
Serie A,2025-2026,2026-01-25,15:00,Genoa,3–2,Bologna,30146.0,Stadio Comunale Luigi Ferraris,Fabio Maresca
Serie A,2025-2026,2026-01-25,18:00,Juventus,3–0,Napoli,41654.0,Allianz Stadium,Maurizio Mariani
Serie A,2025-2026,2026-01-25,20:45,Roma,1–1,Milan,63582.0,Stadio Olimpico,Andrea Colombo
Serie A,2025-2026,2026-01-26,20:45,Hellas Verona,1–3,Udinese,18720.0,Stadio Marc'Antonio Bentegodi,Gianluca Manganiello
Serie A,2025-2026,2026-01-30,20:45,Lazio,3–2,Genoa,5402.0,Stadio Olimpico,Luca Zufferli
Serie A,2025-2026,2026-01-31,15:00,Pisa,1–3,Sassuolo,10185.0,Arena Garibaldi - Stadio Romeo Anconetan...,Alberto Ruben Arena
Serie A,2025-2026,2026-01-31,18:00,Napoli,2–1,Fiorentina,40000.0,Stadio Diego Armando Maradona,Federico La Penna
Serie A,2025-2026,2026-01-31,20:45,Cagliari,4–0,Hellas Verona,15791.0,Unipol Domus,Kevin Bonacina
Serie A,2025-2026,2026-02-01,12:30,Torino,1–0,Lecce,6000.0,Stadio Olimpico Grande Torino,Simone Sozza
Serie A,2025-2026,2026-02-01,15:00,Como,0–0,Atalanta,11925.0,Stadio Giuseppe Sinigaglia,Luca Pairetto
Serie A,2025-2026,2026-02-01,18:00,Cremonese,0–2,Inter,14824.0,Stadio Giovanni Zini,Davide Massa
Serie A,2025-2026,2026-02-01,20:45,Parma,1–4,Juventus,22017.0,Stadio Ennio Tardini,Francesco Fourneau
Serie A,2025-2026,2026-02-02,20:45,Udinese,1–0,Roma,23598.0,Bluenergy Stadium,Juan Luca Sacchi
Serie A,2025-2026,2026-02-03,20:45,Bologna,0–3,Milan,30932.0,Stadio Renato Dall'Ara,Gianluca Manganiello
Serie A,2025-2026,2026-02-06,20:45,Hellas Verona,0–0,Pisa,19470.0,Stadio Marc'Antonio Bentegodi,Daniele Doveri
Serie A,2025-2026,2026-02-07,18:00,Genoa,2–3,Napoli,30748.0,Stadio Comunale Luigi Ferraris,Davide Massa
Serie A,2025-2026,2026-02-07,20:45,Fiorentina,2–2,Torino,19178.0,Stadio Artemio Franchi,Andrea Colombo
Serie A,2025-2026,2026-02-08,12:30,Bologna,0–1,Parma,24823.0,Stadio Renato Dall'Ara,Giuseppe Collu
Serie A,2025-2026,2026-02-08,15:00,Lecce,2–1,Udinese,24290.0,Stadio Comunale Ettore Giardiniero,Antonio Rapuano
Serie A,2025-2026,2026-02-08,18:00,Sassuolo,0–5,Inter,17653.0,Mapei Stadium - Città del Tricolore,Daniele Chiffi
Serie A,2025-2026,2026-02-08,20:45,Juventus,2–2,Lazio,41405.0,Allianz Stadium,Marco Guida
Serie A,2025-2026,2026-02-09,18:30,Atalanta,2–1,Cremonese,21796.0,New Balance Arena,Marco Piccinini
Serie A,2025-2026,2026-02-09,20:45,Roma,2–0,Cagliari,60334.0,Stadio Olimpico,Matteo Marcenaro
Serie A,2025-2026,2026-02-13,20:45,Pisa,1–2,Milan,12544.0,Arena Garibaldi - Stadio Romeo Anconetan...,Michael Fabbri
Serie A,2025-2026,2026-02-14,15:00,Como,1–2,Fiorentina,11387.0,Stadio Giuseppe Sinigaglia,Matteo Marchetti
Serie A,2025-2026,2026-02-14,18:00,Lazio,0–2,Atalanta,3400.0,Stadio Olimpico,Juan Luca Sacchi
Serie A,2025-2026,2026-02-14,20:45,Inter,3–2,Juventus,75515.0,Stadio Giuseppe Meazza,Federico La Penna
Serie A,2025-2026,2026-02-15,12:30,Udinese,1–2,Sassuolo,21199.0,Bluenergy Stadium,Maria Sole Ferrieri Caputi
Serie A,2025-2026,2026-02-15,15:00,Parma,2–1,Hellas Verona,17237.0,Stadio Ennio Tardini,Luca Pairetto
Serie A,2025-2026,2026-02-15,15:00,Cremonese,0–0,Genoa,13128.0,Stadio Giovanni Zini,Simone Sozza
Serie A,2025-2026,2026-02-15,18:00,Torino,1–2,Bologna,5000.0,Stadio Olimpico Grande Torino,Francesco Fourneau
Serie A,2025-2026,2026-02-15,20:45,Napoli,2–2,Roma,52000.0,Stadio Diego Armando Maradona,Andrea Colombo
Serie A,2025-2026,2026-02-16,20:45,Cagliari,0–2,Lecce,16133.0,Unipol Domus,Ermanno Feliciani
Serie A,2025-2026,2026-02-18,20:45,Milan,1–1,Como,75251.0,Stadio Giuseppe Meazza,Maurizio Mariani
Serie A,2025-2026,2026-02-20,20:45,Sassuolo,3–0,Hellas Verona,10641.0,Mapei Stadium - Città del Tricolore,Livio Marinelli
Serie A,2025-2026,2026-02-21,15:00,Juventus,0–2,Como,40822.0,Allianz Stadium,Daniele Doveri
Serie A,2025-2026,2026-02-21,18:00,Lecce,0–2,Inter,26868.0,Stadio Comunale Ettore Giardiniero,Gianluca Manganiello
Serie A,2025-2026,2026-02-21,20:45,Cagliari,0–0,Lazio,15262.0,Unipol Domus,Antonio Rapuano
Serie A,2025-2026,2026-02-22,12:30,Genoa,3–0,Torino,31534.0,Stadio Comunale Luigi Ferraris,Marco Guida
Serie A,2025-2026,2026-02-22,15:00,Atalanta,2–1,Napoli,22015.0,New Balance Arena,Daniele Chiffi
Serie A,2025-2026,2026-02-22,18:00,Milan,0–1,Parma,73017.0,Stadio Giuseppe Meazza,Marco Piccinini
Serie A,2025-2026,2026-02-22,20:45,Roma,3–0,Cremonese,59025.0,Stadio Olimpico,Marco Di Bello
Serie A,2025-2026,2026-02-23,18:30,Fiorentina,1–0,Pisa,21896.0,Stadio Artemio Franchi,Maurizio Mariani
Serie A,2025-2026,2026-02-23,20:45,Bologna,1–0,Udinese,23238.0,Stadio Renato Dall'Ara,Matteo Marcenaro
Serie A,2025-2026,2026-02-27,20:45,Parma,1–1,Cagliari,17134.0,Stadio Ennio Tardini,Luca Massimi
Serie A,2025-2026,2026-02-28,15:00,Como,3–1,Lecce,10817.0,Stadio Giuseppe Sinigaglia,Francesco Fourneau
Serie A,2025-2026,2026-02-28,18:00,Hellas Verona,1–2,Napoli,21027.0,Stadio Marc'Antonio Bentegodi,Andrea Colombo
Serie A,2025-2026,2026-02-28,20:45,Inter,2–0,Genoa,72945.0,Stadio Giuseppe Meazza,Michael Fabbri
Serie A,2025-2026,2026-03-01,12:30,Cremonese,0–2,Milan,14711.0,Stadio Giovanni Zini,Davide Massa
Serie A,2025-2026,2026-03-01,15:00,Sassuolo,2–1,Atalanta,13260.0,Mapei Stadium - Città del Tricolore,Matteo Marchetti
Serie A,2025-2026,2026-03-01,18:00,Torino,2–0,Lazio,4800.0,Stadio Olimpico Grande Torino,Rosario Abisso
Serie A,2025-2026,2026-03-01,20:45,Roma,3–3,Juventus,65870.0,Stadio Olimpico,Simone Sozza
Serie A,2025-2026,2026-03-02,18:30,Pisa,0–1,Bologna,9604.0,Arena Garibaldi - Stadio Romeo Anconetan...,Ermanno Feliciani
Serie A,2025-2026,2026-03-02,20:45,Udinese,3–0,Fiorentina,18265.0,Bluenergy Stadium,Luca Pairetto
Serie A,2025-2026,2026-03-06,20:45,Napoli,2–1,Torino,49000.0,Stadio Diego Armando Maradona,Michael Fabbri
Serie A,2025-2026,2026-03-07,15:00,Cagliari,1–2,Como,16128.0,Unipol Domus,Livio Marinelli
Serie A,2025-2026,2026-03-07,18:00,Atalanta,2–2,Udinese,22101.0,New Balance Arena,Antonio Rapuano
Serie A,2025-2026,2026-03-07,20:45,Juventus,4–0,Pisa,38252.0,Allianz Stadium,Juan Luca Sacchi
Serie A,2025-2026,2026-03-08,12:30,Lecce,2–1,Cremonese,27705.0,Stadio Comunale Ettore Giardiniero,Simone Sozza
Serie A,2025-2026,2026-03-08,15:00,Bologna,1–2,Hellas Verona,27063.0,Stadio Renato Dall'Ara,Giuseppe Mucera
Serie A,2025-2026,2026-03-08,15:00,Fiorentina,0–0,Parma,20534.0,Stadio Artemio Franchi,Luca Zufferli
Serie A,2025-2026,2026-03-08,18:00,Genoa,2–1,Roma,30758.0,Stadio Comunale Luigi Ferraris,Andrea Colombo
Serie A,2025-2026,2026-03-08,20:45,Milan,1–0,Inter,75627.0,Stadio Giuseppe Meazza,Daniele Doveri
Serie A,2025-2026,2026-03-09,20:45,Lazio,2–1,Sassuolo,2000.0,Stadio Olimpico,Alberto Ruben Arena
Serie A,2025-2026,2026-03-13,20:45,Torino,4–1,Parma,9000.0,Stadio Olimpico Grande Torino,Fabio Maresca
Serie A,2025-2026,2026-03-14,15:00,Inter,1–1,Atalanta,74364.0,Stadio Giuseppe Meazza,Gianluca Manganiello
Serie A,2025-2026,2026-03-14,18:00,Napoli,2–1,Lecce,50000.0,Stadio Diego Armando Maradona,Rosario Abisso
Serie A,2025-2026,2026-03-14,20:45,Udinese,0–1,Juventus,25022.0,Bluenergy Stadium,Maurizio Mariani
Serie A,2025-2026,2026-03-15,12:30,Hellas Verona,0–2,Genoa,22989.0,Stadio Marc'Antonio Bentegodi,Matteo Marchetti
Serie A,2025-2026,2026-03-15,15:00,Pisa,3–1,Cagliari,9749.0,Arena Garibaldi - Stadio Romeo Anconetan...,Federico La Penna
Serie A,2025-2026,2026-03-15,15:00,Sassuolo,0–1,Bologna,13403.0,Mapei Stadium - Città del Tricolore,Kevin Bonacina
Serie A,2025-2026,2026-03-15,18:00,Como,2–1,Roma,11977.0,Stadio Giuseppe Sinigaglia,Davide Massa
Serie A,2025-2026,2026-03-15,20:45,Lazio,1–0,Milan,50000.0,Stadio Olimpico,Marco Guida
Serie A,2025-2026,2026-03-16,20:45,Cremonese,1–4,Fiorentina,11030.0,Stadio Giovanni Zini,Marco Di Bello
Serie A,2025-2026,2026-03-20,18:30,Cagliari,0–1,Napoli,15620.0,Unipol Domus,Maurizio Mariani
Serie A,2025-2026,2026-03-20,20:45,Genoa,0–2,Udinese,30895.0,Stadio Comunale Luigi Ferraris,Giuseppe Collu
Serie A,2025-2026,2026-03-21,15:00,Parma,0–2,Cremonese,16284.0,Stadio Ennio Tardini,Michael Fabbri
Serie A,2025-2026,2026-03-21,18:00,Milan,3–2,Torino,73043.0,Stadio Giuseppe Meazza,Francesco Fourneau
Serie A,2025-2026,2026-03-21,20:45,Juventus,1–1,Sassuolo,39502.0,Allianz Stadium,Matteo Marchetti
Serie A,2025-2026,2026-03-22,12:30,Como,5–0,Pisa,11137.0,Stadio Giuseppe Sinigaglia,Luca Pairetto
Serie A,2025-2026,2026-03-22,15:00,Bologna,0–2,Lazio,27162.0,Stadio Renato Dall'Ara,Ermanno Feliciani
Serie A,2025-2026,2026-03-22,15:00,Atalanta,1–0,Hellas Verona,22087.0,New Balance Arena,Giovanni Ayroldi
Serie A,2025-2026,2026-03-22,18:00,Roma,1–0,Lecce,62432.0,Stadio Olimpico,Juan Luca Sacchi
Serie A,2025-2026,2026-03-22,20:45,Fiorentina,1–1,Inter,22335.0,Stadio Artemio Franchi,Andrea Colombo
Serie A,2025-2026,2026-04-04,15:00,Sassuolo,2–1,Cagliari,12304.0,Mapei Stadium - Città del Tricolore,Daniele Chiffi
Serie A,2025-2026,2026-04-04,18:00,Hellas Verona,0–1,Fiorentina,24501.0,Stadio Marc'Antonio Bentegodi,Marco Guida
Serie A,2025-2026,2026-04-04,20:45,Lazio,1–1,Parma,6000.0,Stadio Olimpico,Matteo Marcenaro
Serie A,2025-2026,2026-04-05,15:00,Cremonese,1–2,Bologna,10629.0,Stadio Giovanni Zini,Rosario Abisso
Serie A,2025-2026,2026-04-05,18:00,Pisa,0–1,Torino,10931.0,Arena Garibaldi - Stadio Romeo Anconetan...,Luca Zufferli
Serie A,2025-2026,2026-04-05,20:45,Inter,5–2,Roma,75267.0,Stadio Giuseppe Meazza,Simone Sozza
Serie A,2025-2026,2026-04-06,12:30,Udinese,0–0,Como,24347.0,Bluenergy Stadium,Fabio Maresca
Serie A,2025-2026,2026-04-06,15:00,Lecce,0–3,Atalanta,24884.0,Stadio Comunale Ettore Giardiniero,Federico La Penna
Serie A,2025-2026,2026-04-06,18:00,Juventus,2–0,Genoa,40585.0,Allianz Stadium,Davide Massa
Serie A,2025-2026,2026-04-06,20:45,Napoli,1–0,Milan,50000.0,Stadio Diego Armando Maradona,Daniele Doveri
Serie A,2025-2026,2026-04-10,20:45,Roma,3–0,Pisa,60075.0,Stadio Olimpico,Ermanno Feliciani
Serie A,2025-2026,2026-04-11,15:00,Torino,2–1,Hellas Verona,6000.0,Stadio Olimpico Grande Torino,Kevin Bonacina
Serie A,2025-2026,2026-04-11,15:00,Cagliari,1–0,Cremonese,16412.0,Unipol Domus,Daniele Doveri
Serie A,2025-2026,2026-04-11,18:00,Milan,0–3,Udinese,74675.0,Stadio Giuseppe Meazza,Matteo Marchetti
Serie A,2025-2026,2026-04-11,20:45,Atalanta,0–1,Juventus,23271.0,New Balance Arena,Fabio Maresca
Serie A,2025-2026,2026-04-12,12:30,Genoa,2–1,Sassuolo,30858.0,Stadio Comunale Luigi Ferraris,Antonio Rapuano
Serie A,2025-2026,2026-04-12,15:00,Parma,1–1,Napoli,21611.0,Stadio Ennio Tardini,Marco Di Bello
Serie A,2025-2026,2026-04-12,18:00,Bologna,2–0,Lecce,26141.0,Stadio Renato Dall'Ara,Andrea Colombo
Serie A,2025-2026,2026-04-12,20:45,Como,3–4,Inter,11975.0,Stadio Giuseppe Sinigaglia,Davide Massa
Serie A,2025-2026,2026-04-13,20:45,Fiorentina,1–0,Lazio,18259.0,Stadio Artemio Franchi,Michael Fabbri
Serie A,2025-2026,2026-04-17,18:30,Sassuolo,2–1,Como,13355.0,Mapei Stadium - Città del Tricolore,Francesco Fourneau
Serie A,2025-2026,2026-04-17,20:45,Inter,3–0,Cagliari,74209.0,Stadio Giuseppe Meazza,Matteo Marchetti
Serie A,2025-2026,2026-04-18,15:00,Udinese,0–1,Parma,23280.0,Bluenergy Stadium,Davide Di Marco
Serie A,2025-2026,2026-04-18,18:00,Napoli,0–2,Lazio,50000.0,Stadio Diego Armando Maradona,Luca Zufferli
Serie A,2025-2026,2026-04-18,20:45,Roma,1–1,Atalanta,61474.0,Stadio Olimpico,Matteo Marcenaro
Serie A,2025-2026,2026-04-19,12:30,Cremonese,0–0,Torino,12242.0,Stadio Giovanni Zini,Michael Fabbri
Serie A,2025-2026,2026-04-19,15:00,Hellas Verona,0–1,Milan,21338.0,Stadio Marc'Antonio Bentegodi,Daniele Chiffi
Serie A,2025-2026,2026-04-19,18:00,Pisa,1–2,Genoa,11535.0,Arena Garibaldi - Stadio Romeo Anconetan...,Valerio Crezzini
Serie A,2025-2026,2026-04-19,20:45,Juventus,2–0,Bologna,40516.0,Allianz Stadium,Maurizio Mariani
Serie A,2025-2026,2026-04-20,20:45,Lecce,1–1,Fiorentina,26366.0,Stadio Comunale Ettore Giardiniero,Fabio Maresca
Serie A,2025-2026,2026-04-24,20:45,Napoli,4–0,Cremonese,47000.0,Stadio Diego Armando Maradona,Daniele Doveri
Serie A,2025-2026,2026-04-25,15:00,Parma,1–0,Pisa,16280.0,Stadio Ennio Tardini,Andrea Calzavara
Serie A,2025-2026,2026-04-25,18:00,Bologna,0–2,Roma,28961.0,Stadio Renato Dall'Ara,Marco Di Bello
Serie A,2025-2026,2026-04-25,20:45,Hellas Verona,0–0,Lecce,19407.0,Stadio Marc'Antonio Bentegodi,Davide Massa
Serie A,2025-2026,2026-04-26,12:30,Fiorentina,0–0,Sassuolo,21700.0,Stadio Artemio Franchi,Livio Marinelli
Serie A,2025-2026,2026-04-26,15:00,Genoa,0–2,Como,31901.0,Stadio Comunale Luigi Ferraris,Federico La Penna
Serie A,2025-2026,2026-04-26,18:00,Torino,2–2,Inter,23000.0,Stadio Olimpico Grande Torino,Maurizio Mariani
Serie A,2025-2026,2026-04-26,20:45,Milan,0–0,Juventus,75681.0,Stadio Giuseppe Meazza,Simone Sozza
Serie A,2025-2026,2026-04-27,18:30,Cagliari,3–2,Atalanta,16260.0,Unipol Domus,Juan Luca Sacchi
Serie A,2025-2026,2026-04-27,20:45,Lazio,3–3,Udinese,4000.0,Stadio Olimpico,Kevin Bonacina
Serie A,2024-2025,2024-08-17,18:30,Genoa,2–2,Inter,33300.0,Stadio Comunale Luigi Ferraris,Ermanno Feliciani
Serie A,2024-2025,2024-08-17,18:30,Parma,1–1,Fiorentina,21384.0,Stadio Ennio Tardini,Giovanni Ayroldi
Serie A,2024-2025,2024-08-17,20:45,Empoli,0–0,Monza,7746.0,Stadio Carlo Castellani - Computer Gross...,Michael Fabbri
Serie A,2024-2025,2024-08-17,20:45,Milan,2–2,Torino,70742.0,Stadio Giuseppe Meazza,Fabio Maresca
Serie A,2024-2025,2024-08-18,18:30,Bologna,1–1,Udinese,26418.0,Stadio Renato Dall'Ara,Maria Sole Ferrieri Caputi
Serie A,2024-2025,2024-08-18,18:30,Hellas Verona,3–0,Napoli,20027.0,Stadio Marc'Antonio Bentegodi,Matteo Marchetti
Serie A,2024-2025,2024-08-18,20:45,Cagliari,0–0,Roma,16261.0,Unipol Domus,Livio Marinelli
Serie A,2024-2025,2024-08-18,20:45,Lazio,3–1,Venezia,42000.0,Stadio Olimpico,Paride Tremolada
Serie A,2024-2025,2024-08-19,18:30,Lecce,0–4,Atalanta,28719.0,Stadio Comunale Ettore Giardiniero,Davide Massa
Serie A,2024-2025,2024-08-19,20:45,Juventus,3–0,Como,40696.0,Allianz Stadium,Matteo Marcenaro
Serie A,2024-2025,2024-08-24,18:30,Udinese,2–1,Lazio,21636.0,Bluenergy Stadium,Daniele Doveri
Serie A,2024-2025,2024-08-24,18:30,Parma,2–1,Milan,21808.0,Stadio Ennio Tardini,Juan Luca Sacchi
Serie A,2024-2025,2024-08-24,20:45,Monza,0–1,Genoa,10394.0,U-Power Stadium,Maurizio Mariani
Serie A,2024-2025,2024-08-24,20:45,Inter,2–0,Lecce,70921.0,Stadio Giuseppe Meazza,Davide Di Marco
Serie A,2024-2025,2024-08-25,18:30,Torino,2–1,Atalanta,20451.0,Stadio Olimpico Grande Torino,Antonio Rapuano
Serie A,2024-2025,2024-08-25,18:30,Fiorentina,0–0,Venezia,18915.0,Stadio Artemio Franchi,Simone Sozza
Serie A,2024-2025,2024-08-25,20:45,Napoli,3–0,Bologna,45000.0,Stadio Diego Armando Maradona,Luca Pairetto
Serie A,2024-2025,2024-08-25,20:45,Roma,1–2,Empoli,67517.0,Stadio Olimpico,Luca Zufferli
Serie A,2024-2025,2024-08-26,18:30,Cagliari,1–1,Como,16365.0,Unipol Domus,Marco Di Bello
Serie A,2024-2025,2024-08-26,20:45,Hellas Verona,0–3,Juventus,29575.0,Stadio Marc'Antonio Bentegodi,Antonio Giua
Serie A,2024-2025,2024-08-30,18:30,Venezia,0–1,Torino,10652.0,Stadio Pier Luigi Penzo,Matteo Marcenaro
Serie A,2024-2025,2024-08-30,20:45,Inter,4–0,Atalanta,71745.0,Stadio Giuseppe Meazza,Matteo Marchetti
Serie A,2024-2025,2024-08-31,18:30,Lecce,1–0,Cagliari,26386.0,Stadio Comunale Ettore Giardiniero,Michael Fabbri
Serie A,2024-2025,2024-08-31,18:30,Bologna,1–1,Empoli,25960.0,Stadio Renato Dall'Ara,Livio Marinelli
Serie A,2024-2025,2024-08-31,20:45,Lazio,2–2,Milan,53000.0,Stadio Olimpico,Davide Massa
Serie A,2024-2025,2024-08-31,20:45,Napoli,2–1,Parma,50000.0,Stadio Diego Armando Maradona,Paride Tremolada
Serie A,2024-2025,2024-09-01,18:30,Genoa,0–2,Hellas Verona,30747.0,Stadio Comunale Luigi Ferraris,Giovanni Ayroldi
Serie A,2024-2025,2024-09-01,18:30,Fiorentina,2–2,Monza,18376.0,Stadio Artemio Franchi,Andrea Colombo
Serie A,2024-2025,2024-09-01,20:45,Udinese,1–0,Como,7020.0,Bluenergy Stadium,Alessandro Prontera
Serie A,2024-2025,2024-09-01,20:45,Juventus,0–0,Roma,41375.0,Allianz Stadium,Marco Guida
Serie A,2024-2025,2024-09-14,15:00,Como,2–2,Bologna,10584.0,Stadio Giuseppe Sinigaglia,Marco Piccinini
Serie A,2024-2025,2024-09-14,18:00,Empoli,0–0,Juventus,15715.0,Stadio Carlo Castellani - Computer Gross...,Marco Di Bello
Serie A,2024-2025,2024-09-14,20:45,Milan,4–0,Venezia,71273.0,Stadio Giuseppe Meazza,Davide Di Marco
Serie A,2024-2025,2024-09-15,12:30,Genoa,1–1,Roma,33009.0,Stadio Comunale Luigi Ferraris,Antonio Giua
Serie A,2024-2025,2024-09-15,15:00,Atalanta,3–2,Fiorentina,22705.0,Gewiss Stadium,Juan Luca Sacchi
Serie A,2024-2025,2024-09-15,15:00,Torino,0–0,Lecce,24277.0,Stadio Olimpico Grande Torino,Andrea Colombo
Serie A,2024-2025,2024-09-15,18:00,Cagliari,0–4,Napoli,15733.0,Unipol Domus,Federico La Penna
Serie A,2024-2025,2024-09-15,20:45,Monza,1–1,Inter,14541.0,U-Power Stadium,Luca Pairetto
Serie A,2024-2025,2024-09-16,18:30,Parma,2–3,Udinese,17586.0,Stadio Ennio Tardini,Rosario Abisso
Serie A,2024-2025,2024-09-16,20:45,Lazio,2–1,Hellas Verona,,Stadio Olimpico,Luca Zufferli
Serie A,2024-2025,2024-09-20,18:30,Cagliari,0–2,Empoli,15225.0,Unipol Domus,Simone Sozza
Serie A,2024-2025,2024-09-20,20:45,Hellas Verona,2–3,Torino,23000.0,Stadio Marc'Antonio Bentegodi,Livio Marinelli
Serie A,2024-2025,2024-09-21,15:00,Venezia,2–0,Genoa,10502.0,Stadio Pier Luigi Penzo,Matteo Marchetti
Serie A,2024-2025,2024-09-21,18:00,Juventus,0–0,Napoli,40295.0,Allianz Stadium,Daniele Doveri
Serie A,2024-2025,2024-09-21,20:45,Lecce,2–2,Parma,25503.0,Stadio Comunale Ettore Giardiniero,Marco Guida
Serie A,2024-2025,2024-09-22,12:30,Fiorentina,2–1,Lazio,19624.0,Stadio Artemio Franchi,Matteo Marcenaro
Serie A,2024-2025,2024-09-22,15:00,Monza,1–2,Bologna,9991.0,U-Power Stadium,Davide Massa
Serie A,2024-2025,2024-09-22,18:00,Roma,3–0,Udinese,63499.0,Stadio Olimpico,Ermanno Feliciani
Serie A,2024-2025,2024-09-22,20:45,Inter,1–2,Milan,75366.0,Stadio Giuseppe Meazza,Maurizio Mariani
Serie A,2024-2025,2024-09-24,20:45,Atalanta,2–3,Como,22977.0,Gewiss Stadium,Paride Tremolada
Serie A,2024-2025,2024-09-27,20:45,Milan,3–0,Lecce,71103.0,Stadio Giuseppe Meazza,Luca Zufferli
Serie A,2024-2025,2024-09-28,15:00,Udinese,2–3,Inter,24611.0,Bluenergy Stadium,Juan Luca Sacchi
Serie A,2024-2025,2024-09-28,18:00,Genoa,0–3,Juventus,26599.0,Stadio Comunale Luigi Ferraris,Andrea Colombo
Serie A,2024-2025,2024-09-28,20:45,Bologna,1–1,Atalanta,27126.0,Stadio Renato Dall'Ara,Antonio Rapuano
Serie A,2024-2025,2024-09-29,12:30,Torino,2–3,Lazio,23130.0,Stadio Olimpico Grande Torino,Simone Sozza
Serie A,2024-2025,2024-09-29,15:00,Como,3–2,Hellas Verona,9000.0,Stadio Giuseppe Sinigaglia,Antonio Giua
Serie A,2024-2025,2024-09-29,15:00,Roma,2–1,Venezia,62165.0,Stadio Olimpico,Rosario Abisso
Serie A,2024-2025,2024-09-29,18:00,Empoli,0–0,Fiorentina,13053.0,Stadio Carlo Castellani - Computer Gross...,Gianluca Aureliano
Serie A,2024-2025,2024-09-29,20:45,Napoli,2–0,Monza,50000.0,Stadio Diego Armando Maradona,Gianluca Manganiello
Serie A,2024-2025,2024-09-30,20:45,Parma,2–3,Cagliari,17718.0,Stadio Ennio Tardini,Francesco Fourneau
Serie A,2024-2025,2024-10-04,18:30,Napoli,3–1,Como,50000.0,Stadio Diego Armando Maradona,Ermanno Feliciani
Serie A,2024-2025,2024-10-04,20:45,Hellas Verona,2–1,Venezia,25979.0,Stadio Marc'Antonio Bentegodi,Marco Guida
Serie A,2024-2025,2024-10-05,15:00,Udinese,1–0,Lecce,21441.0,Bluenergy Stadium,Maurizio Mariani
Serie A,2024-2025,2024-10-05,18:00,Atalanta,5–1,Genoa,23138.0,Gewiss Stadium,Daniele Chiffi
Serie A,2024-2025,2024-10-05,20:45,Inter,3–2,Torino,73348.0,Stadio Giuseppe Meazza,Matteo Marcenaro
Serie A,2024-2025,2024-10-06,12:30,Juventus,1–1,Cagliari,40557.0,Allianz Stadium,Livio Marinelli
Serie A,2024-2025,2024-10-06,15:00,Lazio,2–1,Empoli,38000.0,Stadio Olimpico,Giovanni Ayroldi
Serie A,2024-2025,2024-10-06,15:00,Bologna,0–0,Parma,28400.0,Stadio Renato Dall'Ara,Marco Di Bello
Serie A,2024-2025,2024-10-06,18:00,Monza,1–1,Roma,12021.0,U-Power Stadium,Federico La Penna
Serie A,2024-2025,2024-10-06,20:45,Fiorentina,2–1,Milan,21923.0,Stadio Artemio Franchi,Luca Pairetto
Serie A,2024-2025,2024-10-19,15:00,Genoa,2–2,Bologna,30000.0,Stadio Comunale Luigi Ferraris,Daniele Doveri
Serie A,2024-2025,2024-10-19,15:00,Como,1–1,Parma,7000.0,Stadio Giuseppe Sinigaglia,Michael Fabbri
Serie A,2024-2025,2024-10-19,18:00,Milan,1–0,Udinese,71214.0,Stadio Giuseppe Meazza,Daniele Chiffi
Serie A,2024-2025,2024-10-19,20:45,Juventus,1–0,Lazio,40800.0,Allianz Stadium,Juan Luca Sacchi
Serie A,2024-2025,2024-10-20,12:30,Empoli,0–1,Napoli,12000.0,Stadio Carlo Castellani - Computer Gross...,Rosario Abisso
Serie A,2024-2025,2024-10-20,15:00,Venezia,0–2,Atalanta,11979.0,Stadio Pier Luigi Penzo,Luca Zufferli
Serie A,2024-2025,2024-10-20,15:00,Lecce,0–6,Fiorentina,25124.0,Stadio Comunale Ettore Giardiniero,Francesco Fourneau
Serie A,2024-2025,2024-10-20,18:00,Cagliari,3–2,Torino,16000.0,Unipol Domus,Gianluca Aureliano
Serie A,2024-2025,2024-10-20,20:45,Roma,0–1,Inter,64119.0,Stadio Olimpico,Davide Massa
Serie A,2024-2025,2024-10-21,20:45,Hellas Verona,0–3,Monza,24854.0,Stadio Marc'Antonio Bentegodi,Federico Dionisi
Serie A,2024-2025,2024-10-25,18:30,Udinese,2–0,Cagliari,21095.0,Bluenergy Stadium,Gianluca Manganiello
Serie A,2024-2025,2024-10-25,20:45,Torino,1–0,Como,23571.0,Stadio Olimpico Grande Torino,Giovanni Ayroldi
Serie A,2024-2025,2024-10-26,15:00,Napoli,1–0,Lecce,51103.0,Stadio Diego Armando Maradona,Paride Tremolada
Serie A,2024-2025,2024-10-26,20:45,Atalanta,6–1,Hellas Verona,23015.0,Gewiss Stadium,Ermanno Feliciani
Serie A,2024-2025,2024-10-27,12:30,Parma,1–1,Empoli,17802.0,Stadio Ennio Tardini,Federico La Penna
Serie A,2024-2025,2024-10-27,15:00,Lazio,3–0,Genoa,40000.0,Stadio Olimpico,Marco Piccinini
Serie A,2024-2025,2024-10-27,15:00,Monza,2–2,Venezia,10141.0,U-Power Stadium,Antonio Rapuano
Serie A,2024-2025,2024-10-27,18:00,Inter,4–4,Juventus,75000.0,Stadio Giuseppe Meazza,Marco Guida
Serie A,2024-2025,2024-10-27,20:45,Fiorentina,5–1,Roma,20440.0,Stadio Artemio Franchi,Simone Sozza
Serie A,2024-2025,2024-10-29,18:30,Lecce,1–0,Hellas Verona,23698.0,Stadio Comunale Ettore Giardiniero,Maurizio Mariani
Serie A,2024-2025,2024-10-29,18:30,Cagliari,0–2,Bologna,15977.0,Unipol Domus,Francesco Fourneau
Serie A,2024-2025,2024-10-29,20:45,Milan,0–2,Napoli,73507.0,Stadio Giuseppe Meazza,Andrea Colombo
Serie A,2024-2025,2024-10-30,18:30,Venezia,3–2,Udinese,10000.0,Stadio Pier Luigi Penzo,Davide Massa
Serie A,2024-2025,2024-10-30,18:30,Empoli,0–3,Inter,15706.0,Stadio Carlo Castellani - Computer Gross...,Matteo Marchetti
Serie A,2024-2025,2024-10-30,20:45,Atalanta,2–0,Monza,22142.0,Gewiss Stadium,Marco Piccinini
Serie A,2024-2025,2024-10-30,20:45,Juventus,2–2,Parma,40809.0,Allianz Stadium,Luca Zufferli
Serie A,2024-2025,2024-10-31,18:30,Genoa,0–1,Fiorentina,30254.0,Stadio Comunale Luigi Ferraris,Daniele Chiffi
Serie A,2024-2025,2024-10-31,20:45,Roma,1–0,Torino,60920.0,Stadio Olimpico,Michael Fabbri
Serie A,2024-2025,2024-10-31,20:45,Como,1–5,Lazio,10750.0,Stadio Giuseppe Sinigaglia,Luca Pairetto
Serie A,2024-2025,2024-11-02,15:00,Bologna,1–0,Lecce,25000.0,Stadio Renato Dall'Ara,Giuseppe Collu
Serie A,2024-2025,2024-11-02,18:00,Udinese,0–2,Juventus,24990.0,Bluenergy Stadium,Rosario Abisso
Serie A,2024-2025,2024-11-02,20:45,Monza,0–1,Milan,17000.0,U-Power Stadium,Ermanno Feliciani
Serie A,2024-2025,2024-11-03,12:30,Napoli,0–3,Atalanta,50873.0,Stadio Diego Armando Maradona,Daniele Doveri
Serie A,2024-2025,2024-11-03,15:00,Torino,0–1,Fiorentina,23326.0,Stadio Olimpico Grande Torino,Federico La Penna
Serie A,2024-2025,2024-11-03,18:00,Hellas Verona,3–2,Roma,28185.0,Stadio Marc'Antonio Bentegodi,Matteo Marcenaro
Serie A,2024-2025,2024-11-03,20:45,Inter,1–0,Venezia,66326.0,Stadio Giuseppe Meazza,Maria Sole Ferrieri Caputi
Serie A,2024-2025,2024-11-04,18:30,Empoli,1–0,Como,8102.0,Stadio Carlo Castellani - Computer Gross...,Marco Di Bello
Serie A,2024-2025,2024-11-04,18:30,Parma,0–1,Genoa,16151.0,Stadio Ennio Tardini,Marco Guida
Serie A,2024-2025,2024-11-04,20:45,Lazio,2–1,Cagliari,35000.0,Stadio Olimpico,Giovanni Ayroldi
Serie A,2024-2025,2024-11-07,20:45,Genoa,1–1,Como,30708.0,Stadio Comunale Luigi Ferraris,Antonio Rapuano
Serie A,2024-2025,2024-11-08,20:45,Lecce,1–1,Empoli,23907.0,Stadio Comunale Ettore Giardiniero,Juan Luca Sacchi
Serie A,2024-2025,2024-11-09,15:00,Venezia,1–2,Parma,10866.0,Stadio Pier Luigi Penzo,Daniele Chiffi
Serie A,2024-2025,2024-11-09,18:00,Cagliari,3–3,Milan,16271.0,Unipol Domus,Michael Fabbri
Serie A,2024-2025,2024-11-09,20:45,Juventus,2–0,Torino,41066.0,Allianz Stadium,Simone Sozza
Serie A,2024-2025,2024-11-10,12:30,Atalanta,2–1,Udinese,22884.0,Gewiss Stadium,Marco Di Bello
Serie A,2024-2025,2024-11-10,15:00,Fiorentina,3–1,Hellas Verona,22495.0,Stadio Artemio Franchi,Luca Zufferli
Serie A,2024-2025,2024-11-10,15:00,Roma,2–3,Bologna,50500.0,Stadio Olimpico,Gianluca Manganiello
Serie A,2024-2025,2024-11-10,18:00,Monza,0–1,Lazio,11706.0,U-Power Stadium,Andrea Colombo
Serie A,2024-2025,2024-11-10,20:45,Inter,1–1,Napoli,72951.0,Stadio Giuseppe Meazza,Maurizio Mariani
Serie A,2024-2025,2024-11-23,15:00,Hellas Verona,0–5,Inter,27000.0,Stadio Marc'Antonio Bentegodi,Andrea Colombo
Serie A,2024-2025,2024-11-23,18:00,Milan,0–0,Juventus,75502.0,Stadio Giuseppe Meazza,Daniele Chiffi
Serie A,2024-2025,2024-11-23,20:45,Parma,1–3,Atalanta,18790.0,Stadio Ennio Tardini,Gianluca Manganiello
Serie A,2024-2025,2024-11-24,12:30,Genoa,2–2,Cagliari,31070.0,Stadio Comunale Luigi Ferraris,Simone Sozza
Serie A,2024-2025,2024-11-24,15:00,Como,0–2,Fiorentina,8500.0,Stadio Giuseppe Sinigaglia,Matteo Marchetti
Serie A,2024-2025,2024-11-24,15:00,Torino,1–1,Monza,22000.0,Stadio Olimpico Grande Torino,Rosario Abisso
Serie A,2024-2025,2024-11-24,18:00,Napoli,1–0,Roma,51164.0,Stadio Diego Armando Maradona,Davide Massa
Serie A,2024-2025,2024-11-24,20:45,Lazio,3–0,Bologna,40000.0,Stadio Olimpico,Antonio Rapuano
Serie A,2024-2025,2024-11-25,18:30,Empoli,1–1,Udinese,1449.0,Stadio Carlo Castellani - Computer Gross...,Livio Marinelli
Serie A,2024-2025,2024-11-25,20:45,Venezia,0–1,Lecce,9448.0,Stadio Pier Luigi Penzo,Luca Pairetto
Serie A,2024-2025,2024-11-29,20:45,Cagliari,1–0,Hellas Verona,16162.0,Unipol Domus,Maurizio Mariani
Serie A,2024-2025,2024-11-30,15:00,Como,1–1,Monza,9749.0,Stadio Giuseppe Sinigaglia,Juan Luca Sacchi
Serie A,2024-2025,2024-11-30,18:00,Milan,3–0,Empoli,68725.0,Stadio Giuseppe Meazza,Federico Dionisi
Serie A,2024-2025,2024-11-30,20:45,Bologna,3–0,Venezia,24866.0,Stadio Renato Dall'Ara,Luca Massimi
Serie A,2024-2025,2024-12-01,12:30,Udinese,0–2,Genoa,21995.0,Bluenergy Stadium,Gianluca Aureliano
Serie A,2024-2025,2024-12-01,15:00,Torino,0–1,Napoli,25060.0,Stadio Olimpico Grande Torino,Michael Fabbri
Serie A,2024-2025,2024-12-01,15:00,Parma,3–1,Lazio,22885.0,Stadio Ennio Tardini,Luca Zufferli
Serie A,2024-2025,2024-12-01,20:45,Lecce,1–1,Juventus,27080.0,Stadio Comunale Ettore Giardiniero,Antonio Rapuano
Serie A,2024-2025,2024-12-02,20:45,Roma,0–2,Atalanta,55772.0,Stadio Olimpico,Marco Guida
Serie A,2024-2025,2024-12-06,18:30,Inter,3–1,Parma,71879.0,Stadio Giuseppe Meazza,Rosario Abisso
Serie A,2024-2025,2024-12-06,20:45,Atalanta,2–1,Milan,22606.0,Gewiss Stadium,Federico La Penna
Serie A,2024-2025,2024-12-07,15:00,Genoa,0–0,Torino,32363.0,Stadio Comunale Luigi Ferraris,Livio Marinelli
Serie A,2024-2025,2024-12-07,18:00,Juventus,2–2,Bologna,40748.0,Allianz Stadium,Matteo Marchetti
Serie A,2024-2025,2024-12-07,20:45,Roma,4–1,Lecce,58213.0,Stadio Olimpico,Daniele Chiffi
Serie A,2024-2025,2024-12-08,12:30,Fiorentina,1–0,Cagliari,19851.0,Stadio Artemio Franchi,Marco Piccinini
Serie A,2024-2025,2024-12-08,15:00,Hellas Verona,1–4,Empoli,23949.0,Stadio Marc'Antonio Bentegodi,Marco Di Bello
Serie A,2024-2025,2024-12-08,18:00,Venezia,2–2,Como,8026.0,Stadio Pier Luigi Penzo,Daniele Doveri
Serie A,2024-2025,2024-12-08,20:45,Napoli,0–1,Lazio,50000.0,Stadio Diego Armando Maradona,Andrea Colombo
Serie A,2024-2025,2024-12-09,20:45,Monza,1–2,Udinese,9317.0,U-Power Stadium,Gianluca Manganiello
Serie A,2024-2025,2024-12-13,20:45,Empoli,0–1,Torino,7832.0,Stadio Carlo Castellani - Computer Gross...,Kevin Bonacina
Serie A,2024-2025,2024-12-14,15:00,Cagliari,0–1,Atalanta,15985.0,Unipol Domus,Luca Pairetto
Serie A,2024-2025,2024-12-14,18:00,Udinese,1–3,Napoli,19981.0,Bluenergy Stadium,Daniele Doveri
Serie A,2024-2025,2024-12-14,20:45,Juventus,2–2,Venezia,38425.0,Allianz Stadium,Antonio Giua
Serie A,2024-2025,2024-12-15,12:30,Lecce,2–1,Monza,23663.0,Stadio Comunale Ettore Giardiniero,Maurizio Mariani
Serie A,2024-2025,2024-12-15,15:00,Parma,2–3,Hellas Verona,17003.0,Stadio Ennio Tardini,Simone Sozza
Serie A,2024-2025,2024-12-15,15:00,Bologna,1–0,Fiorentina,26000.0,Stadio Renato Dall'Ara,Michael Fabbri
Serie A,2024-2025,2024-12-15,18:00,Como,2–0,Roma,13602.0,Stadio Giuseppe Sinigaglia,Antonio Rapuano
Serie A,2024-2025,2024-12-15,20:45,Milan,0–0,Genoa,70078.0,Stadio Giuseppe Meazza,Marco Guida
Serie A,2024-2025,2024-12-16,20:45,Lazio,0–6,Inter,59000.0,Stadio Olimpico,Daniele Chiffi
Serie A,2024-2025,2024-12-20,20:45,Hellas Verona,0–1,Milan,24000.0,Stadio Marc'Antonio Bentegodi,Livio Marinelli
Serie A,2024-2025,2024-12-21,15:00,Torino,0–2,Bologna,19860.0,Stadio Olimpico Grande Torino,Marco Piccinini
Serie A,2024-2025,2024-12-21,18:00,Genoa,1–2,Napoli,33435.0,Stadio Comunale Luigi Ferraris,Federico La Penna
Serie A,2024-2025,2024-12-21,20:45,Lecce,1–2,Lazio,30000.0,Stadio Comunale Ettore Giardiniero,Gianluca Manganiello
Serie A,2024-2025,2024-12-22,12:30,Roma,5–0,Parma,62968.0,Stadio Olimpico,Marco Di Bello
Serie A,2024-2025,2024-12-22,15:00,Venezia,2–1,Cagliari,9713.0,Stadio Pier Luigi Penzo,Marco Guida
Serie A,2024-2025,2024-12-22,18:00,Atalanta,3–2,Empoli,22163.0,Gewiss Stadium,Ermanno Feliciani
Serie A,2024-2025,2024-12-22,20:45,Monza,1–2,Juventus,15479.0,U-Power Stadium,Davide Massa
Serie A,2024-2025,2024-12-23,18:30,Fiorentina,1–2,Udinese,20505.0,Stadio Artemio Franchi,Matteo Marcenaro
Serie A,2024-2025,2024-12-23,20:45,Inter,2–0,Como,73204.0,Stadio Giuseppe Meazza,Antonio Giua
Serie A,2024-2025,2024-12-28,15:00,Empoli,1–2,Genoa,12657.0,Stadio Carlo Castellani - Computer Gross...,Antonio Rapuano
Serie A,2024-2025,2024-12-28,15:00,Parma,2–1,Monza,17499.0,Stadio Ennio Tardini,Federico La Penna
Serie A,2024-2025,2024-12-28,18:00,Cagliari,0–3,Inter,16412.0,Unipol Domus,Daniele Doveri
Serie A,2024-2025,2024-12-28,20:45,Lazio,1–1,Atalanta,48000.0,Stadio Olimpico,Davide Massa
Serie A,2024-2025,2024-12-29,12:30,Udinese,2–2,Torino,23082.0,Bluenergy Stadium,Francesco Fourneau
Serie A,2024-2025,2024-12-29,15:00,Napoli,1–0,Venezia,51199.0,Stadio Diego Armando Maradona,Francesco Cosso
Serie A,2024-2025,2024-12-29,18:00,Juventus,2–2,Fiorentina,41188.0,Allianz Stadium,Maurizio Mariani
Serie A,2024-2025,2024-12-29,20:45,Milan,1–1,Roma,74283.0,Stadio Giuseppe Meazza,Michael Fabbri
Serie A,2024-2025,2024-12-30,18:30,Como,2–0,Lecce,12000.0,Stadio Giuseppe Sinigaglia,Marco Piccinini
Serie A,2024-2025,2024-12-30,20:45,Bologna,2–3,Hellas Verona,26454.0,Stadio Renato Dall'Ara,Giovanni Ayroldi
Serie A,2024-2025,2025-01-04,15:00,Venezia,1–1,Empoli,10591.0,Stadio Pier Luigi Penzo,Juan Luca Sacchi
Serie A,2024-2025,2025-01-04,18:00,Fiorentina,0–3,Napoli,21685.0,Stadio Artemio Franchi,Gianluca Manganiello
Serie A,2024-2025,2025-01-04,20:45,Hellas Verona,0–0,Udinese,23663.0,Stadio Marc'Antonio Bentegodi,Federico Dionisi
Serie A,2024-2025,2025-01-05,12:30,Monza,1–2,Cagliari,10982.0,U-Power Stadium,Marco Di Bello
Serie A,2024-2025,2025-01-05,15:00,Lecce,0–0,Genoa,26436.0,Stadio Comunale Ettore Giardiniero,Livio Marinelli
Serie A,2024-2025,2025-01-05,18:00,Torino,0–0,Parma,19744.0,Stadio Olimpico Grande Torino,Ermanno Feliciani
Serie A,2024-2025,2025-01-05,20:45,Roma,2–0,Lazio,65042.0,Stadio Olimpico,Luca Pairetto
Serie A,2024-2025,2025-01-10,20:45,Lazio,1–1,Como,40000.0,Stadio Olimpico,Paride Tremolada
Serie A,2024-2025,2025-01-11,15:00,Empoli,1–3,Lecce,9096.0,Stadio Carlo Castellani - Computer Gross...,Daniele Chiffi
Serie A,2024-2025,2025-01-11,15:00,Udinese,0–0,Atalanta,21727.0,Bluenergy Stadium,Maurizio Mariani
Serie A,2024-2025,2025-01-11,18:00,Torino,1–1,Juventus,27014.0,Stadio Olimpico Grande Torino,Michael Fabbri
Serie A,2024-2025,2025-01-11,20:45,Milan,1–1,Cagliari,69263.0,Stadio Giuseppe Meazza,Francesco Fourneau
Serie A,2024-2025,2025-01-12,12:30,Genoa,1–0,Parma,31689.0,Stadio Comunale Luigi Ferraris,Andrea Colombo
Serie A,2024-2025,2025-01-12,15:00,Venezia,0–1,Inter,12048.0,Stadio Pier Luigi Penzo,Marco Piccinini
Serie A,2024-2025,2025-01-12,18:00,Bologna,2–2,Roma,30226.0,Stadio Renato Dall'Ara,Rosario Abisso
Serie A,2024-2025,2025-01-12,20:45,Napoli,2–0,Hellas Verona,48750.0,Stadio Diego Armando Maradona,Luca Zufferli
Serie A,2024-2025,2025-01-13,20:45,Monza,2–1,Fiorentina,9153.0,U-Power Stadium,Federico Dionisi
Serie A,2024-2025,2025-01-14,18:30,Como,1–2,Milan,13602.0,Stadio Giuseppe Sinigaglia,Gianluca Manganiello
Serie A,2024-2025,2025-01-14,20:45,Atalanta,1–1,Juventus,22920.0,Gewiss Stadium,Daniele Doveri
Serie A,2024-2025,2025-01-15,20:45,Inter,2–2,Bologna,63074.0,Stadio Giuseppe Meazza,Luca Pairetto
Serie A,2024-2025,2025-01-17,20:45,Roma,3–1,Genoa,62217.0,Stadio Olimpico,Luca Zufferli
Serie A,2024-2025,2025-01-18,15:00,Bologna,3–1,Monza,23381.0,Stadio Renato Dall'Ara,Maurizio Mariani
Serie A,2024-2025,2025-01-18,18:00,Juventus,2–0,Milan,41507.0,Allianz Stadium,Davide Massa
Serie A,2024-2025,2025-01-18,20:45,Atalanta,2–3,Napoli,22874.0,Gewiss Stadium,Andrea Colombo
Serie A,2024-2025,2025-01-19,12:30,Fiorentina,1–1,Torino,19313.0,Stadio Artemio Franchi,Livio Marinelli
Serie A,2024-2025,2025-01-19,15:00,Parma,1–1,Venezia,15865.0,Stadio Ennio Tardini,Francesco Fourneau
Serie A,2024-2025,2025-01-19,15:00,Cagliari,4–1,Lecce,16306.0,Unipol Domus,Juan Luca Sacchi
Serie A,2024-2025,2025-01-19,18:00,Hellas Verona,0–3,Lazio,37000.0,Stadio Marc'Antonio Bentegodi,Michael Fabbri
Serie A,2024-2025,2025-01-19,20:45,Inter,3–1,Empoli,61230.0,Stadio Giuseppe Meazza,Ermanno Feliciani
Serie A,2024-2025,2025-01-20,20:45,Como,4–1,Udinese,9566.0,Stadio Giuseppe Sinigaglia,Francesco Cosso
Serie A,2024-2025,2025-01-24,20:45,Torino,2–0,Cagliari,18992.0,Stadio Olimpico Grande Torino,Kevin Bonacina
Serie A,2024-2025,2025-01-25,15:00,Como,1–2,Atalanta,10366.0,Stadio Giuseppe Sinigaglia,Luca Pairetto
Serie A,2024-2025,2025-01-25,18:00,Napoli,2–1,Juventus,53589.0,Stadio Diego Armando Maradona,Daniele Chiffi
Serie A,2024-2025,2025-01-25,20:45,Empoli,1–1,Bologna,10321.0,Stadio Carlo Castellani - Computer Gross...,Federico La Penna
Serie A,2024-2025,2025-01-26,12:30,Milan,3–2,Parma,72304.0,Stadio Giuseppe Meazza,Rosario Abisso
Serie A,2024-2025,2025-01-26,15:00,Udinese,1–2,Roma,23853.0,Bluenergy Stadium,Simone Sozza
Serie A,2024-2025,2025-01-26,18:00,Lecce,0–4,Inter,27223.0,Stadio Comunale Ettore Giardiniero,Livio Marinelli
Serie A,2024-2025,2025-01-26,20:45,Lazio,1–2,Fiorentina,37000.0,Stadio Olimpico,Antonio Rapuano
Serie A,2024-2025,2025-01-27,18:30,Venezia,1–1,Hellas Verona,9481.0,Stadio Pier Luigi Penzo,Gianluca Manganiello
Serie A,2024-2025,2025-01-27,20:45,Genoa,2–0,Monza,29976.0,Stadio Comunale Luigi Ferraris,Daniele Doveri
Serie A,2024-2025,2025-01-31,20:45,Parma,1–3,Lecce,18238.0,Stadio Ennio Tardini,Simone Sozza
Serie A,2024-2025,2025-02-01,15:00,Monza,0–1,Hellas Verona,11723.0,U-Power Stadium,Davide Massa
Serie A,2024-2025,2025-02-01,15:00,Udinese,3–2,Venezia,19767.0,Bluenergy Stadium,Maurizio Mariani
Serie A,2024-2025,2025-02-01,18:00,Atalanta,1–1,Torino,22547.0,Gewiss Stadium,Marco Piccinini
Serie A,2024-2025,2025-02-01,20:45,Bologna,2–0,Como,26492.0,Stadio Renato Dall'Ara,Luca Massimi
Serie A,2024-2025,2025-02-02,12:30,Juventus,4–1,Empoli,40160.0,Allianz Stadium,Luca Zufferli
Serie A,2024-2025,2025-02-02,15:00,Fiorentina,2–1,Genoa,19088.0,Stadio Artemio Franchi,Giuseppe Collu
Serie A,2024-2025,2025-02-02,18:00,Milan,1–1,Inter,75493.0,Stadio Giuseppe Meazza,Daniele Chiffi
Serie A,2024-2025,2025-02-02,20:45,Roma,1–1,Napoli,60788.0,Stadio Olimpico,Michael Fabbri
Serie A,2024-2025,2025-02-03,20:45,Cagliari,1–2,Lazio,15751.0,Unipol Domus,Gianluca Manganiello
Serie A,2024-2025,2025-02-06,20:45,Fiorentina,3–0,Inter,22351.0,Stadio Artemio Franchi,Daniele Doveri
Serie A,2024-2025,2025-02-07,20:45,Como,1–2,Juventus,10475.0,Stadio Giuseppe Sinigaglia,Rosario Abisso
Serie A,2024-2025,2025-02-08,15:00,Hellas Verona,0–5,Atalanta,20872.0,Stadio Marc'Antonio Bentegodi,Simone Sozza
Serie A,2024-2025,2025-02-08,18:00,Empoli,0–2,Milan,14691.0,Stadio Carlo Castellani - Computer Gross...,Luca Pairetto
Serie A,2024-2025,2025-02-08,20:45,Torino,1–1,Genoa,22359.0,Stadio Olimpico Grande Torino,Ermanno Feliciani
Serie A,2024-2025,2025-02-09,12:30,Venezia,0–1,Roma,9380.0,Stadio Pier Luigi Penzo,Luca Zufferli
Serie A,2024-2025,2025-02-09,15:00,Cagliari,2–1,Parma,16154.0,Unipol Domus,Marco Di Bello
Serie A,2024-2025,2025-02-09,15:00,Lazio,5–1,Monza,31540.0,Stadio Olimpico,Gianluca Aureliano
Serie A,2024-2025,2025-02-09,18:00,Lecce,0–0,Bologna,24910.0,Stadio Comunale Ettore Giardiniero,Francesco Fourneau
Serie A,2024-2025,2025-02-09,20:45,Napoli,1–1,Udinese,50938.0,Stadio Diego Armando Maradona,Livio Marinelli
Serie A,2024-2025,2025-02-10,20:45,Inter,2–1,Fiorentina,67484.0,Stadio Giuseppe Meazza,Federico La Penna
Serie A,2024-2025,2025-02-14,20:45,Bologna,3–2,Torino,24274.0,Stadio Renato Dall'Ara,Michael Fabbri
Serie A,2024-2025,2025-02-15,15:00,Atalanta,0–0,Cagliari,21485.0,Gewiss Stadium,Matteo Marchetti
Serie A,2024-2025,2025-02-15,18:00,Lazio,2–2,Napoli,42863.0,Stadio Olimpico,Davide Massa
Serie A,2024-2025,2025-02-15,20:45,Milan,1–0,Hellas Verona,69578.0,Stadio Giuseppe Meazza,Francesco Fourneau
Serie A,2024-2025,2025-02-16,12:30,Fiorentina,0–2,Como,19000.0,Stadio Artemio Franchi,Marco Piccinini
Serie A,2024-2025,2025-02-16,15:00,Monza,0–0,Lecce,11050.0,U-Power Stadium,Giuseppe Collu
Serie A,2024-2025,2025-02-16,15:00,Udinese,3–0,Empoli,19539.0,Bluenergy Stadium,Daniele Doveri
Serie A,2024-2025,2025-02-16,18:00,Parma,0–1,Roma,20559.0,Stadio Ennio Tardini,Daniele Chiffi
Serie A,2024-2025,2025-02-16,20:45,Juventus,1–0,Inter,41361.0,Allianz Stadium,Maurizio Mariani
Serie A,2024-2025,2025-02-17,20:45,Genoa,2–0,Venezia,30478.0,Stadio Comunale Luigi Ferraris,Livio Marinelli
Serie A,2024-2025,2025-02-21,20:45,Lecce,0–1,Udinese,23989.0,Stadio Comunale Ettore Giardiniero,Kevin Bonacina
Serie A,2024-2025,2025-02-22,15:00,Venezia,0–0,Lazio,8796.0,Stadio Pier Luigi Penzo,Matteo Marchetti
Serie A,2024-2025,2025-02-22,15:00,Parma,2–0,Bologna,19510.0,Stadio Ennio Tardini,Rosario Abisso
Serie A,2024-2025,2025-02-22,18:00,Torino,2–1,Milan,26868.0,Stadio Olimpico Grande Torino,Simone Sozza
Serie A,2024-2025,2025-02-22,20:45,Inter,1–0,Genoa,68271.0,Stadio Giuseppe Meazza,Marco Piccinini
Serie A,2024-2025,2025-02-23,12:30,Como,2–1,Napoli,10500.0,Stadio Giuseppe Sinigaglia,Gianluca Manganiello
Serie A,2024-2025,2025-02-23,15:00,Hellas Verona,1–0,Fiorentina,26496.0,Stadio Marc'Antonio Bentegodi,Marco Di Bello
Serie A,2024-2025,2025-02-23,18:00,Empoli,0–5,Atalanta,9176.0,Stadio Carlo Castellani - Computer Gross...,Maurizio Mariani
Serie A,2024-2025,2025-02-23,20:45,Cagliari,0–1,Juventus,16412.0,Unipol Domus,Andrea Colombo
Serie A,2024-2025,2025-02-24,20:45,Roma,4–0,Monza,56965.0,Stadio Olimpico,Fabio Maresca
Serie A,2024-2025,2025-02-27,20:45,Bologna,2–1,Milan,31784.0,Stadio Renato Dall'Ara,Maurizio Mariani
Serie A,2024-2025,2025-02-28,20:45,Fiorentina,1–0,Lecce,17383.0,Stadio Artemio Franchi,Livio Marinelli
Serie A,2024-2025,2025-03-01,15:00,Atalanta,0–0,Venezia,21991.0,Gewiss Stadium,Giuseppe Collu
Serie A,2024-2025,2025-03-01,18:00,Napoli,1–1,Inter,53851.0,Stadio Diego Armando Maradona,Daniele Doveri
Serie A,2024-2025,2025-03-01,20:45,Udinese,1–0,Parma,20430.0,Bluenergy Stadium,Fabio Maresca
Serie A,2024-2025,2025-03-02,12:30,Monza,0–2,Torino,11053.0,U-Power Stadium,Antonio Rapuano
Serie A,2024-2025,2025-03-02,15:00,Genoa,1–1,Empoli,31295.0,Stadio Comunale Luigi Ferraris,Davide Massa
Serie A,2024-2025,2025-03-02,15:00,Bologna,2–1,Cagliari,25676.0,Stadio Renato Dall'Ara,Luca Zufferli
Serie A,2024-2025,2025-03-02,18:00,Roma,2–1,Como,62125.0,Stadio Olimpico,Luca Pairetto
Serie A,2024-2025,2025-03-02,20:45,Milan,1–2,Lazio,65969.0,Stadio Giuseppe Meazza,Gianluca Manganiello
Serie A,2024-2025,2025-03-03,20:45,Juventus,2–0,Hellas Verona,36215.0,Allianz Stadium,Matteo Marchetti
Serie A,2024-2025,2025-03-07,20:45,Cagliari,1–1,Genoa,15827.0,Unipol Domus,Michael Fabbri
Serie A,2024-2025,2025-03-08,15:00,Parma,2–2,Torino,18938.0,Stadio Ennio Tardini,Francesco Fourneau
Serie A,2024-2025,2025-03-08,15:00,Como,1–1,Venezia,10080.0,Stadio Giuseppe Sinigaglia,Giovanni Ayroldi
Serie A,2024-2025,2025-03-08,18:00,Lecce,2–3,Milan,25753.0,Stadio Comunale Ettore Giardiniero,Daniele Doveri
Serie A,2024-2025,2025-03-08,20:45,Inter,3–2,Monza,66344.0,Stadio Giuseppe Meazza,Luca Zufferli
Serie A,2024-2025,2025-03-09,12:30,Hellas Verona,1–2,Bologna,24612.0,Stadio Marc'Antonio Bentegodi,Antonio Rapuano
Serie A,2024-2025,2025-03-09,15:00,Napoli,2–1,Fiorentina,51504.0,Stadio Diego Armando Maradona,Andrea Colombo
Serie A,2024-2025,2025-03-09,18:00,Empoli,0–1,Roma,12393.0,Stadio Carlo Castellani - Computer Gross...,Marco Di Bello
Serie A,2024-2025,2025-03-09,20:45,Juventus,0–4,Atalanta,40266.0,Allianz Stadium,Simone Sozza
Serie A,2024-2025,2025-03-10,20:45,Lazio,1–1,Udinese,34655.0,Stadio Olimpico,Marco Piccinini
Serie A,2024-2025,2025-03-14,20:45,Genoa,2–1,Lecce,31495.0,Stadio Comunale Luigi Ferraris,Fabio Maresca
Serie A,2024-2025,2025-03-15,15:00,Udinese,0–1,Hellas Verona,20754.0,Bluenergy Stadium,Giovanni Ayroldi
Serie A,2024-2025,2025-03-15,15:00,Monza,1–1,Parma,9251.0,U-Power Stadium,Gianluca Manganiello
Serie A,2024-2025,2025-03-15,18:00,Milan,2–1,Como,74500.0,Stadio Giuseppe Meazza,Matteo Marchetti
Serie A,2024-2025,2025-03-15,20:45,Torino,1–0,Empoli,20402.0,Stadio Olimpico Grande Torino,Daniele Chiffi
Serie A,2024-2025,2025-03-16,12:30,Venezia,0–0,Napoli,11440.0,Stadio Pier Luigi Penzo,Maurizio Mariani
Serie A,2024-2025,2025-03-16,15:00,Bologna,5–0,Lazio,30846.0,Stadio Renato Dall'Ara,Andrea Colombo
Serie A,2024-2025,2025-03-16,16:00,Roma,1–0,Cagliari,62911.0,Stadio Olimpico,Marco Piccinini
Serie A,2024-2025,2025-03-16,18:00,Fiorentina,3–0,Juventus,22253.0,Stadio Artemio Franchi,Michael Fabbri
Serie A,2024-2025,2025-03-16,20:45,Atalanta,0–2,Inter,23215.0,Gewiss Stadium,Davide Massa
Serie A,2024-2025,2025-03-29,15:00,Como,1–1,Empoli,10118.0,Stadio Giuseppe Sinigaglia,Maurizio Mariani
Serie A,2024-2025,2025-03-29,15:00,Venezia,0–1,Bologna,9864.0,Stadio Pier Luigi Penzo,Marco Di Bello
Serie A,2024-2025,2025-03-29,18:00,Juventus,1–0,Genoa,40219.0,Allianz Stadium,Antonio Rapuano
Serie A,2024-2025,2025-03-29,20:45,Lecce,0–1,Roma,27207.0,Stadio Comunale Ettore Giardiniero,Gianluca Manganiello
Serie A,2024-2025,2025-03-30,12:30,Cagliari,3–0,Monza,16319.0,Unipol Domus,Francesco Fourneau
Serie A,2024-2025,2025-03-30,15:00,Fiorentina,1–0,Atalanta,20409.0,Stadio Artemio Franchi,Daniele Doveri
Serie A,2024-2025,2025-03-30,18:00,Inter,2–1,Udinese,71924.0,Stadio Giuseppe Meazza,Daniele Chiffi
Serie A,2024-2025,2025-03-30,20:45,Napoli,2–1,Milan,52836.0,Stadio Diego Armando Maradona,Simone Sozza
Serie A,2024-2025,2025-03-31,18:30,Hellas Verona,0–0,Parma,22706.0,Stadio Marc'Antonio Bentegodi,Juan Luca Sacchi
Serie A,2024-2025,2025-03-31,20:45,Lazio,1–1,Torino,37000.0,Stadio Olimpico,Davide Massa
Serie A,2024-2025,2025-04-04,20:45,Genoa,1–0,Udinese,31243.0,Stadio Comunale Luigi Ferraris,Daniele Perenzoni
Serie A,2024-2025,2025-04-05,15:00,Monza,1–3,Como,8649.0,U-Power Stadium,Giuseppe Collu
Serie A,2024-2025,2025-04-05,18:00,Parma,2–2,Inter,22126.0,Stadio Ennio Tardini,Daniele Doveri
Serie A,2024-2025,2025-04-05,20:45,Milan,2–2,Fiorentina,72451.0,Stadio Giuseppe Meazza,Giovanni Ayroldi
Serie A,2024-2025,2025-04-06,12:30,Lecce,1–1,Venezia,25709.0,Stadio Comunale Ettore Giardiniero,Marco Piccinini
Serie A,2024-2025,2025-04-06,15:00,Empoli,0–0,Cagliari,9054.0,Stadio Carlo Castellani - Computer Gross...,Federico La Penna
Serie A,2024-2025,2025-04-06,15:00,Torino,1–1,Hellas Verona,25479.0,Stadio Olimpico Grande Torino,Kevin Bonacina
Serie A,2024-2025,2025-04-06,18:00,Atalanta,0–1,Lazio,22731.0,Gewiss Stadium,Daniele Chiffi
Serie A,2024-2025,2025-04-06,20:45,Roma,1–1,Juventus,65778.0,Stadio Olimpico,Andrea Colombo
Serie A,2024-2025,2025-04-07,20:45,Bologna,1–1,Napoli,31974.0,Stadio Renato Dall'Ara,Davide Massa
Serie A,2024-2025,2025-04-11,20:45,Udinese,0–4,Milan,24214.0,Bluenergy Stadium,Juan Luca Sacchi
Serie A,2024-2025,2025-04-12,15:00,Venezia,1–0,Monza,10001.0,Stadio Pier Luigi Penzo,Fabio Maresca
Serie A,2024-2025,2025-04-12,18:00,Inter,3–1,Cagliari,71799.0,Stadio Giuseppe Meazza,Marco Di Bello
Serie A,2024-2025,2025-04-12,20:45,Juventus,2–1,Lecce,39259.0,Allianz Stadium,Luca Zufferli
Serie A,2024-2025,2025-04-13,12:30,Atalanta,2–0,Bologna,23156.0,Gewiss Stadium,Maurizio Mariani
Serie A,2024-2025,2025-04-13,15:00,Hellas Verona,0–0,Genoa,27724.0,Stadio Marc'Antonio Bentegodi,Matteo Marchetti
Serie A,2024-2025,2025-04-13,15:00,Fiorentina,0–0,Parma,21355.0,Stadio Artemio Franchi,Gianluca Manganiello
Serie A,2024-2025,2025-04-13,18:00,Como,1–0,Torino,10658.0,Stadio Giuseppe Sinigaglia,Matteo Marcenaro
Serie A,2024-2025,2025-04-13,20:45,Lazio,1–1,Roma,63000.0,Stadio Olimpico,Simone Sozza
Serie A,2024-2025,2025-04-14,20:45,Napoli,3–0,Empoli,50898.0,Stadio Diego Armando Maradona,Michael Fabbri
Serie A,2024-2025,2025-04-19,15:00,Lecce,0–3,Como,28181.0,Stadio Comunale Ettore Giardiniero,Simone Sozza
Serie A,2024-2025,2025-04-19,18:00,Monza,0–1,Napoli,13784.0,U-Power Stadium,Federico La Penna
Serie A,2024-2025,2025-04-19,20:45,Roma,1–0,Hellas Verona,62714.0,Stadio Olimpico,Luca Pairetto
Serie A,2024-2025,2025-04-20,15:00,Empoli,2–2,Venezia,8477.0,Stadio Carlo Castellani - Computer Gross...,Davide Massa
Serie A,2024-2025,2025-04-20,18:00,Bologna,1–0,Inter,31978.0,Stadio Renato Dall'Ara,Andrea Colombo
Serie A,2024-2025,2025-04-20,20:45,Milan,0–1,Atalanta,72745.0,Stadio Giuseppe Meazza,Marco Piccinini
Serie A,2024-2025,2025-04-23,18:30,Cagliari,1–2,Fiorentina,15917.0,Unipol Domus,Livio Marinelli
Serie A,2024-2025,2025-04-23,18:30,Parma,1–0,Juventus,21108.0,Stadio Ennio Tardini,Daniele Chiffi
Serie A,2024-2025,2025-04-23,18:30,Torino,2–0,Udinese,27958.0,Stadio Olimpico Grande Torino,Giuseppe Collu
Serie A,2024-2025,2025-04-23,18:30,Genoa,0–2,Lazio,32038.0,Stadio Comunale Luigi Ferraris,Giovanni Ayroldi
Serie A,2024-2025,2025-04-27,12:30,Como,1–0,Genoa,10664.0,Stadio Giuseppe Sinigaglia,Alberto Ruben Arena
Serie A,2024-2025,2025-04-27,12:30,Venezia,0–2,Milan,12048.0,Stadio Pier Luigi Penzo,Gianluca Manganiello
Serie A,2024-2025,2025-04-27,15:00,Inter,0–1,Roma,70240.0,Stadio Giuseppe Meazza,Michael Fabbri
Serie A,2024-2025,2025-04-27,15:00,Fiorentina,2–1,Empoli,20547.0,Stadio Artemio Franchi,Antonio Rapuano
Serie A,2024-2025,2025-04-27,18:00,Juventus,2–0,Monza,40016.0,Allianz Stadium,Daniele Perenzoni
Serie A,2024-2025,2025-04-27,20:45,Napoli,2–0,Torino,51144.0,Stadio Diego Armando Maradona,Maurizio Mariani
Serie A,2024-2025,2025-04-27,20:45,Atalanta,1–1,Lecce,21875.0,Gewiss Stadium,Federico La Penna
Serie A,2024-2025,2025-04-28,18:30,Udinese,0–0,Bologna,23414.0,Bluenergy Stadium,Fabio Maresca
Serie A,2024-2025,2025-04-28,20:45,Lazio,2–2,Parma,32000.0,Stadio Olimpico,Juan Luca Sacchi
Serie A,2024-2025,2025-04-28,20:45,Hellas Verona,0–2,Cagliari,20741.0,Stadio Marc'Antonio Bentegodi,Rosario Abisso
Serie A,2024-2025,2025-05-02,20:45,Torino,1–1,Venezia,21931.0,Stadio Olimpico Grande Torino,Simone Sozza
Serie A,2024-2025,2025-05-03,15:00,Parma,0–1,Como,20132.0,Stadio Ennio Tardini,Marco Di Bello
Serie A,2024-2025,2025-05-03,15:00,Cagliari,1–2,Udinese,16099.0,Unipol Domus,Ermanno Feliciani
Serie A,2024-2025,2025-05-03,18:00,Lecce,0–1,Napoli,28403.0,Stadio Comunale Ettore Giardiniero,Davide Massa
Serie A,2024-2025,2025-05-03,20:45,Inter,1–0,Hellas Verona,70222.0,Stadio Giuseppe Meazza,Gianluca Manganiello
Serie A,2024-2025,2025-05-04,12:30,Empoli,0–1,Lazio,8787.0,Stadio Carlo Castellani - Computer Gross...,Andrea Colombo
Serie A,2024-2025,2025-05-04,15:00,Monza,0–4,Atalanta,10440.0,U-Power Stadium,Luca Pairetto
Serie A,2024-2025,2025-05-04,18:00,Roma,1–0,Fiorentina,63640.0,Stadio Olimpico,Daniele Chiffi
Serie A,2024-2025,2025-05-04,20:45,Bologna,1–1,Juventus,30846.0,Stadio Renato Dall'Ara,Daniele Doveri
Serie A,2024-2025,2025-05-05,20:45,Genoa,1–2,Milan,32081.0,Stadio Comunale Luigi Ferraris,Giuseppe Collu
Serie A,2024-2025,2025-05-09,20:45,Milan,3–1,Bologna,71076.0,Stadio Giuseppe Meazza,Livio Marinelli
Serie A,2024-2025,2025-05-10,15:00,Como,3–1,Cagliari,13602.0,Stadio Giuseppe Sinigaglia,Francesco Fourneau
Serie A,2024-2025,2025-05-10,18:00,Lazio,1–1,Juventus,56000.0,Stadio Olimpico,Davide Massa
Serie A,2024-2025,2025-05-10,20:45,Empoli,2–1,Parma,12040.0,Stadio Carlo Castellani - Computer Gross...,Michael Fabbri
Serie A,2024-2025,2025-05-11,12:30,Udinese,1–2,Monza,20845.0,Bluenergy Stadium,Valerio Crezzini
Serie A,2024-2025,2025-05-11,15:00,Hellas Verona,1–1,Lecce,27709.0,Stadio Marc'Antonio Bentegodi,Fabio Maresca
Serie A,2024-2025,2025-05-11,18:00,Torino,0–2,Inter,26537.0,Stadio Olimpico Grande Torino,Federico La Penna
Serie A,2024-2025,2025-05-11,20:45,Napoli,2–2,Genoa,51426.0,Stadio Diego Armando Maradona,Marco Piccinini
Serie A,2024-2025,2025-05-12,18:30,Venezia,2–1,Fiorentina,11000.0,Stadio Pier Luigi Penzo,Matteo Marchetti
Serie A,2024-2025,2025-05-12,20:45,Atalanta,2–1,Roma,23249.0,Gewiss Stadium,Simone Sozza
Serie A,2024-2025,2025-05-17,20:45,Genoa,2–3,Atalanta,31929.0,Stadio Comunale Luigi Ferraris,Davide Ghersini
Serie A,2024-2025,2025-05-18,20:45,Parma,0–0,Napoli,20388.0,Stadio Ennio Tardini,Daniele Doveri
Serie A,2024-2025,2025-05-18,20:45,Fiorentina,3–2,Bologna,21280.0,Stadio Artemio Franchi,Luca Zufferli
Serie A,2024-2025,2025-05-18,20:45,Cagliari,3–0,Venezia,16176.0,Unipol Domus,Luca Pairetto
Serie A,2024-2025,2025-05-18,20:45,Roma,3–1,Milan,68143.0,Stadio Olimpico,Marco Piccinini
Serie A,2024-2025,2025-05-18,20:45,Hellas Verona,1–1,Como,24344.0,Stadio Marc'Antonio Bentegodi,Rosario Abisso
Serie A,2024-2025,2025-05-18,20:45,Monza,1–3,Empoli,7472.0,U-Power Stadium,Livio Marinelli
Serie A,2024-2025,2025-05-18,20:45,Juventus,2–0,Udinese,40259.0,Allianz Stadium,Giovanni Ayroldi
Serie A,2024-2025,2025-05-18,20:45,Lecce,1–0,Torino,21726.0,Stadio Comunale Ettore Giardiniero,Antonio Rapuano
Serie A,2024-2025,2025-05-18,20:45,Inter,2–2,Lazio,71060.0,Stadio Giuseppe Meazza,Daniele Chiffi
Serie A,2024-2025,2025-05-23,20:45,Napoli,2–0,Cagliari,53000.0,Stadio Diego Armando Maradona,Federico La Penna
Serie A,2024-2025,2025-05-23,20:45,Como,0–2,Inter,10656.0,Stadio Giuseppe Sinigaglia,Davide Massa
Serie A,2024-2025,2025-05-24,18:00,Bologna,1–3,Genoa,29975.0,Stadio Renato Dall'Ara,Marco Monaldi
Serie A,2024-2025,2025-05-24,20:45,Milan,2–0,Monza,69124.0,Stadio Giuseppe Meazza,Daniele Rutella
Serie A,2024-2025,2025-05-25,20:45,Udinese,2–3,Fiorentina,20463.0,Bluenergy Stadium,Matteo Marcenaro
Serie A,2024-2025,2025-05-25,20:45,Lazio,0–1,Lecce,53000.0,Stadio Olimpico,Michael Fabbri
Serie A,2024-2025,2025-05-25,20:45,Torino,0–2,Roma,24252.0,Stadio Olimpico Grande Torino,Marco Di Bello
Serie A,2024-2025,2025-05-25,20:45,Venezia,2–3,Juventus,12048.0,Stadio Pier Luigi Penzo,Andrea Colombo
Serie A,2024-2025,2025-05-25,20:45,Atalanta,2–3,Parma,23161.0,Gewiss Stadium,Livio Marinelli
Serie A,2024-2025,2025-05-25,20:45,Empoli,1–2,Hellas Verona,14025.0,Stadio Carlo Castellani - Computer Gross...,Daniele Doveri
Serie A,2023-2024,2023-08-19,18:30,Empoli,0–1,Hellas Verona,7940.0,Stadio Carlo Castellani,Luca Massimi
Serie A,2023-2024,2023-08-19,18:30,Frosinone,1–3,Napoli,15822.0,Stadio Benito Stirpe,Matteo Marcenaro
Serie A,2023-2024,2023-08-19,20:45,Genoa,1–4,Fiorentina,33045.0,Stadio Comunale Luigi Ferraris,Giovanni Ayroldi
Serie A,2023-2024,2023-08-19,20:45,Inter,2–0,Monza,72509.0,Stadio Giuseppe Meazza,Andrea Colombo
Serie A,2023-2024,2023-08-20,18:30,Roma,2–2,Salernitana,62050.0,Stadio Olimpico,Ermanno Feliciani
Serie A,2023-2024,2023-08-20,18:30,Sassuolo,0–2,Atalanta,12298.0,Mapei Stadium - Città del Tricolore,Matteo Marchetti
Serie A,2023-2024,2023-08-20,20:45,Lecce,2–1,Lazio,29081.0,Stadio Comunale Via Del Mare,Federico Dionisi
Serie A,2023-2024,2023-08-20,20:45,Udinese,0–3,Juventus,24911.0,Bluenergy Stadium,Antonio Rapuano
Serie A,2023-2024,2023-08-21,18:30,Torino,0–0,Cagliari,20296.0,Stadio Olimpico di Torino,Francesco Cosso
Serie A,2023-2024,2023-08-21,20:45,Bologna,0–2,Milan,30203.0,Stadio Renato Dall'Ara,Luca Pairetto
Serie A,2023-2024,2023-08-26,18:30,Frosinone,2–1,Atalanta,13426.0,Stadio Benito Stirpe,Juan Luca Sacchi
Serie A,2023-2024,2023-08-26,18:30,Monza,2–0,Empoli,8155.0,U-Power Stadium,Gianluca Aureliano
Serie A,2023-2024,2023-08-26,20:45,Hellas Verona,2–1,Roma,23147.0,Stadio Marc'Antonio Bentegodi,Daniele Doveri
Serie A,2023-2024,2023-08-26,20:45,Milan,4–1,Torino,72013.0,Stadio Giuseppe Meazza,Maurizio Mariani
Serie A,2023-2024,2023-08-27,18:30,Fiorentina,2–2,Lecce,34604.0,Stadio Artemio Franchi,Maria Sole Ferrieri Caputi
Serie A,2023-2024,2023-08-27,18:30,Juventus,1–1,Bologna,36107.0,Allianz Stadium,Marco Di Bello
Serie A,2023-2024,2023-08-27,20:45,Napoli,2–0,Sassuolo,46925.0,Stadio Diego Armando Maradona,Antonio Giua
Serie A,2023-2024,2023-08-27,20:45,Lazio,0–1,Genoa,40000.0,Stadio Olimpico,Livio Marinelli
Serie A,2023-2024,2023-08-28,18:30,Salernitana,1–1,Udinese,20000.0,Stadio Arechi,Davide Massa
Serie A,2023-2024,2023-08-28,20:45,Cagliari,0–2,Inter,16412.0,Unipol Domus,Michael Fabbri
Serie A,2023-2024,2023-09-01,18:30,Sassuolo,3–1,Hellas Verona,10356.0,Mapei Stadium - Città del Tricolore,Marco Piccinini
Serie A,2023-2024,2023-09-01,20:45,Roma,1–2,Milan,61690.0,Stadio Olimpico,Antonio Rapuano
Serie A,2023-2024,2023-09-02,18:30,Udinese,0–0,Frosinone,20116.0,Bluenergy Stadium,Marco Guida
Serie A,2023-2024,2023-09-02,18:30,Bologna,2–1,Cagliari,22818.0,Stadio Renato Dall'Ara,Daniele Orsato
Serie A,2023-2024,2023-09-02,20:45,Napoli,1–2,Lazio,42000.0,Stadio Diego Armando Maradona,Andrea Colombo
Serie A,2023-2024,2023-09-02,20:45,Atalanta,3–0,Monza,14985.0,Gewiss Stadium,Matteo Marcenaro
Serie A,2023-2024,2023-09-03,18:30,Torino,1–0,Genoa,24433.0,Stadio Olimpico di Torino,Daniele Chiffi
Serie A,2023-2024,2023-09-03,18:30,Inter,4–0,Fiorentina,72739.0,Stadio Giuseppe Meazza,Matteo Marchetti
Serie A,2023-2024,2023-09-03,20:45,Lecce,2–0,Salernitana,28052.0,Stadio Comunale Via Del Mare,Luca Massimi
Serie A,2023-2024,2023-09-03,20:45,Empoli,0–2,Juventus,15702.0,Stadio Carlo Castellani,Giovanni Ayroldi
Serie A,2023-2024,2023-09-16,15:00,Juventus,3–1,Lazio,40652.0,Allianz Stadium,Fabio Maresca
Serie A,2023-2024,2023-09-16,18:00,Inter,5–1,Milan,75571.0,Stadio Giuseppe Meazza,Simone Sozza
Serie A,2023-2024,2023-09-16,20:45,Genoa,2–2,Napoli,33275.0,Stadio Comunale Luigi Ferraris,Michael Fabbri
Serie A,2023-2024,2023-09-17,12:30,Cagliari,0–0,Udinese,15121.0,Unipol Domus,Daniele Doveri
Serie A,2023-2024,2023-09-17,15:00,Monza,1–1,Lecce,13074.0,U-Power Stadium,Livio Marinelli
Serie A,2023-2024,2023-09-17,15:00,Frosinone,4–2,Sassuolo,13133.0,Stadio Benito Stirpe,Alessandro Prontera
Serie A,2023-2024,2023-09-17,18:00,Fiorentina,3–2,Atalanta,32100.0,Stadio Artemio Franchi,Luca Pairetto
Serie A,2023-2024,2023-09-17,20:45,Roma,7–0,Empoli,61443.0,Stadio Olimpico,Juan Luca Sacchi
Serie A,2023-2024,2023-09-18,18:30,Salernitana,0–3,Torino,15480.0,Stadio Arechi,Antonio Giua
Serie A,2023-2024,2023-09-18,20:45,Hellas Verona,0–0,Bologna,18863.0,Stadio Marc'Antonio Bentegodi,Federico La Penna
Serie A,2023-2024,2023-09-22,18:30,Salernitana,1–1,Frosinone,16217.0,Stadio Arechi,Marco Piccinini
Serie A,2023-2024,2023-09-22,20:45,Lecce,1–0,Genoa,27000.0,Stadio Comunale Via Del Mare,Antonio Rapuano
Serie A,2023-2024,2023-09-23,15:00,Milan,1–0,Hellas Verona,71070.0,Stadio Giuseppe Meazza,Fabio Maresca
Serie A,2023-2024,2023-09-23,18:00,Sassuolo,4–2,Juventus,20141.0,Mapei Stadium - Città del Tricolore,Andrea Colombo
Serie A,2023-2024,2023-09-23,20:45,Lazio,1–1,Monza,36000.0,Stadio Olimpico,Rosario Abisso
Serie A,2023-2024,2023-09-24,12:30,Empoli,0–1,Inter,15651.0,Stadio Carlo Castellani,Matteo Marcenaro
Serie A,2023-2024,2023-09-24,15:00,Atalanta,2–0,Cagliari,14739.0,Gewiss Stadium,Ermanno Feliciani
Serie A,2023-2024,2023-09-24,15:00,Udinese,0–2,Fiorentina,21229.0,Bluenergy Stadium,Daniele Chiffi
Serie A,2023-2024,2023-09-24,18:00,Bologna,0–0,Napoli,26621.0,Stadio Renato Dall'Ara,Giovanni Ayroldi
Serie A,2023-2024,2023-09-24,20:45,Torino,1–1,Roma,23299.0,Stadio Olimpico di Torino,Marco Guida
Serie A,2023-2024,2023-09-26,20:45,Juventus,1–0,Lecce,37498.0,Allianz Stadium,Antonio Giua
Serie A,2023-2024,2023-09-27,18:30,Empoli,1–0,Salernitana,7979.0,Stadio Carlo Castellani,Antonio Rapuano
Serie A,2023-2024,2023-09-27,18:30,Hellas Verona,0–1,Atalanta,15936.0,Stadio Marc'Antonio Bentegodi,Federico Dionisi
Serie A,2023-2024,2023-09-27,18:30,Cagliari,1–3,Milan,16348.0,Unipol Domus,Federico La Penna
Serie A,2023-2024,2023-09-27,20:45,Napoli,4–1,Udinese,45305.0,Stadio Diego Armando Maradona,Gianluca Manganiello
Serie A,2023-2024,2023-09-27,20:45,Lazio,2–0,Torino,35100.0,Stadio Olimpico,Michael Fabbri
Serie A,2023-2024,2023-09-27,20:45,Inter,1–2,Sassuolo,70864.0,Stadio Giuseppe Meazza,Luca Massimi
Serie A,2023-2024,2023-09-28,18:30,Monza,0–0,Bologna,8930.0,U-Power Stadium,Ivano Pezzuto
Serie A,2023-2024,2023-09-28,18:30,Frosinone,1–1,Fiorentina,14755.0,Stadio Benito Stirpe,Francesco Fourneau
Serie A,2023-2024,2023-09-28,20:45,Genoa,4–1,Roma,32961.0,Stadio Comunale Luigi Ferraris,Daniele Orsato
Serie A,2023-2024,2023-09-30,15:00,Lecce,0–4,Napoli,27588.0,Stadio Comunale Via Del Mare,Luca Pairetto
Serie A,2023-2024,2023-09-30,18:00,Milan,2–0,Lazio,72035.0,Stadio Giuseppe Meazza,Davide Massa
Serie A,2023-2024,2023-09-30,20:45,Salernitana,0–4,Inter,28085.0,Stadio Arechi,Rosario Abisso
Serie A,2023-2024,2023-10-01,12:30,Bologna,3–0,Empoli,23689.0,Stadio Renato Dall'Ara,Fabio Maresca
Serie A,2023-2024,2023-10-01,15:00,Udinese,2–2,Genoa,20805.0,Bluenergy Stadium,Maurizio Mariani
Serie A,2023-2024,2023-10-01,18:00,Atalanta,0–0,Juventus,14811.0,Gewiss Stadium,Daniele Chiffi
Serie A,2023-2024,2023-10-01,20:45,Roma,2–0,Frosinone,62638.0,Stadio Olimpico,Matteo Marchetti
Serie A,2023-2024,2023-10-02,18:30,Torino,0–0,Hellas Verona,19419.0,Stadio Olimpico di Torino,Ermanno Feliciani
Serie A,2023-2024,2023-10-02,18:30,Sassuolo,0–1,Monza,10165.0,Mapei Stadium - Città del Tricolore,Luca Zufferli
Serie A,2023-2024,2023-10-02,20:45,Fiorentina,3–0,Cagliari,27309.0,Stadio Artemio Franchi,Marco Di Bello
Serie A,2023-2024,2023-10-06,18:30,Empoli,0–0,Udinese,7128.0,Stadio Carlo Castellani,Michael Fabbri
Serie A,2023-2024,2023-10-06,20:45,Lecce,1–1,Sassuolo,26160.0,Stadio Comunale Via Del Mare,Juan Luca Sacchi
Serie A,2023-2024,2023-10-07,15:00,Inter,2–2,Bologna,74072.0,Stadio Giuseppe Meazza,Marco Guida
Serie A,2023-2024,2023-10-07,18:00,Juventus,2–0,Torino,38858.0,Allianz Stadium,Davide Massa
Serie A,2023-2024,2023-10-07,20:45,Genoa,0–1,Milan,33157.0,Stadio Comunale Luigi Ferraris,Marco Piccinini
Serie A,2023-2024,2023-10-08,12:30,Monza,3–0,Salernitana,12494.0,U-Power Stadium,Luca Massimi
Serie A,2023-2024,2023-10-08,15:00,Frosinone,2–1,Hellas Verona,13034.0,Stadio Benito Stirpe,Maria Sole Ferrieri Caputi
Serie A,2023-2024,2023-10-08,15:00,Lazio,3–2,Atalanta,41000.0,Stadio Olimpico,Daniele Orsato
Serie A,2023-2024,2023-10-08,18:00,Cagliari,1–4,Roma,16307.0,Unipol Domus,Simone Sozza
Serie A,2023-2024,2023-10-08,20:45,Napoli,1–3,Fiorentina,45000.0,Stadio Diego Armando Maradona,Federico La Penna
Serie A,2023-2024,2023-10-21,15:00,Hellas Verona,1–3,Napoli,20549.0,Stadio Marc'Antonio Bentegodi,Rosario Abisso
Serie A,2023-2024,2023-10-21,18:00,Torino,0–3,Inter,26193.0,Stadio Olimpico di Torino,Matteo Marchetti
Serie A,2023-2024,2023-10-21,20:45,Sassuolo,0–2,Lazio,15597.0,Mapei Stadium - Città del Tricolore,Marco Di Bello
Serie A,2023-2024,2023-10-22,12:30,Roma,1–0,Monza,62022.0,Stadio Olimpico,Giovanni Ayroldi
Serie A,2023-2024,2023-10-22,15:00,Salernitana,2–2,Cagliari,17409.0,Stadio Arechi,Daniele Chiffi
Serie A,2023-2024,2023-10-22,15:00,Bologna,2–1,Frosinone,26729.0,Stadio Renato Dall'Ara,Daniele Doveri
Serie A,2023-2024,2023-10-22,18:00,Atalanta,2–0,Genoa,14848.0,Gewiss Stadium,Livio Marinelli
Serie A,2023-2024,2023-10-22,20:45,Milan,0–1,Juventus,75676.0,Stadio Giuseppe Meazza,Maurizio Mariani
Serie A,2023-2024,2023-10-23,18:30,Udinese,1–1,Lecce,20113.0,Bluenergy Stadium,Paride Tremolada
Serie A,2023-2024,2023-10-23,20:45,Fiorentina,0–2,Empoli,43147.0,Stadio Artemio Franchi,Federico Dionisi
Serie A,2023-2024,2023-10-27,20:45,Genoa,1–0,Salernitana,31904.0,Stadio Comunale Luigi Ferraris,Davide Massa
Serie A,2023-2024,2023-10-28,15:00,Sassuolo,1–1,Bologna,16931.0,Mapei Stadium - Città del Tricolore,Antonio Giua
Serie A,2023-2024,2023-10-28,18:00,Lecce,0–1,Torino,26123.0,Stadio Comunale Via Del Mare,Gianluca Aureliano
Serie A,2023-2024,2023-10-28,20:45,Juventus,1–0,Hellas Verona,39429.0,Allianz Stadium,Ermanno Feliciani
Serie A,2023-2024,2023-10-29,12:30,Cagliari,4–3,Frosinone,15946.0,Unipol Domus,Luca Pairetto
Serie A,2023-2024,2023-10-29,15:00,Monza,1–1,Udinese,10311.0,U-Power Stadium,Alessandro Prontera
Serie A,2023-2024,2023-10-29,18:00,Inter,1–0,Roma,75573.0,Stadio Giuseppe Meazza,Fabio Maresca
Serie A,2023-2024,2023-10-29,20:45,Napoli,2–2,Milan,54000.0,Stadio Diego Armando Maradona,Daniele Orsato
Serie A,2023-2024,2023-10-30,18:30,Empoli,0–3,Atalanta,7825.0,Stadio Carlo Castellani,Luca Massimi
Serie A,2023-2024,2023-10-30,20:45,Lazio,1–0,Fiorentina,35000.0,Stadio Olimpico,Matteo Marcenaro
Serie A,2023-2024,2023-11-03,20:45,Bologna,1–0,Lazio,24178.0,Stadio Renato Dall'Ara,Federico La Penna
Serie A,2023-2024,2023-11-04,15:00,Salernitana,0–2,Napoli,16812.0,Stadio Arechi,Antonio Rapuano
Serie A,2023-2024,2023-11-04,18:00,Atalanta,1–2,Inter,14945.0,Gewiss Stadium,Simone Sozza
Serie A,2023-2024,2023-11-04,20:45,Milan,0–1,Udinese,71018.0,Stadio Giuseppe Meazza,Juan Luca Sacchi
Serie A,2023-2024,2023-11-05,12:30,Hellas Verona,1–3,Monza,17505.0,Stadio Marc'Antonio Bentegodi,Giuseppe Collu
Serie A,2023-2024,2023-11-05,15:00,Cagliari,2–1,Genoa,16412.0,Unipol Domus,Marco Guida
Serie A,2023-2024,2023-11-05,18:00,Roma,2–1,Lecce,64790.0,Stadio Olimpico,Andrea Colombo
Serie A,2023-2024,2023-11-05,20:45,Fiorentina,0–1,Juventus,38225.0,Stadio Artemio Franchi,Daniele Chiffi
Serie A,2023-2024,2023-11-06,18:30,Frosinone,2–1,Empoli,13229.0,Stadio Benito Stirpe,Gianluca Manganiello
Serie A,2023-2024,2023-11-06,20:45,Torino,2–1,Sassuolo,18000.0,Stadio Olimpico di Torino,Maria Sole Ferrieri Caputi
Serie A,2023-2024,2023-11-10,18:30,Sassuolo,2–2,Salernitana,10945.0,Mapei Stadium - Città del Tricolore,Davide Ghersini
Serie A,2023-2024,2023-11-10,20:45,Genoa,1–0,Hellas Verona,30421.0,Stadio Comunale Luigi Ferraris,Daniele Orsato
Serie A,2023-2024,2023-11-11,15:00,Lecce,2–2,Milan,26480.0,Stadio Comunale Via Del Mare,Rosario Abisso
Serie A,2023-2024,2023-11-11,18:00,Juventus,2–1,Cagliari,39892.0,Allianz Stadium,Marco Piccinini
Serie A,2023-2024,2023-11-11,20:45,Monza,1–1,Torino,11777.0,U-Power Stadium,Daniele Doveri
Serie A,2023-2024,2023-11-12,12:30,Napoli,0–1,Empoli,50500.0,Stadio Diego Armando Maradona,Alessandro Prontera
Serie A,2023-2024,2023-11-12,15:00,Fiorentina,2–1,Bologna,29750.0,Stadio Artemio Franchi,Fabio Maresca
Serie A,2023-2024,2023-11-12,15:00,Udinese,1–1,Atalanta,23100.0,Bluenergy Stadium,Gianluca Aureliano
Serie A,2023-2024,2023-11-12,18:00,Lazio,0–0,Roma,63000.0,Stadio Olimpico,Davide Massa
Serie A,2023-2024,2023-11-12,20:45,Inter,2–0,Frosinone,70816.0,Stadio Giuseppe Meazza,Federico Dionisi
Serie A,2023-2024,2023-11-25,15:00,Salernitana,2–1,Lazio,16700.0,Stadio Arechi,Alessandro Prontera
Serie A,2023-2024,2023-11-25,18:00,Atalanta,1–2,Napoli,14743.0,Gewiss Stadium,Maurizio Mariani
Serie A,2023-2024,2023-11-25,20:45,Milan,1–0,Fiorentina,73074.0,Stadio Giuseppe Meazza,Marco Di Bello
Serie A,2023-2024,2023-11-26,12:30,Cagliari,1–1,Monza,16291.0,Unipol Domus,Matteo Marchetti
Serie A,2023-2024,2023-11-26,15:00,Empoli,3–4,Sassuolo,9954.0,Stadio Carlo Castellani,Simone Sozza
Serie A,2023-2024,2023-11-26,15:00,Frosinone,2–1,Genoa,14018.0,Stadio Benito Stirpe,Luca Zufferli
Serie A,2023-2024,2023-11-26,18:00,Roma,3–1,Udinese,61015.0,Stadio Olimpico,Luca Massimi
Serie A,2023-2024,2023-11-26,20:45,Juventus,1–1,Inter,41507.0,Allianz Stadium,Marco Guida
Serie A,2023-2024,2023-11-27,18:30,Hellas Verona,2–2,Lecce,16730.0,Stadio Marc'Antonio Bentegodi,Federico La Penna
Serie A,2023-2024,2023-11-27,20:45,Bologna,2–0,Torino,20705.0,Stadio Renato Dall'Ara,Andrea Colombo
Serie A,2023-2024,2023-12-01,20:45,Monza,1–2,Juventus,15148.0,U-Power Stadium,Michael Fabbri
Serie A,2023-2024,2023-12-02,15:00,Genoa,1–1,Empoli,30747.0,Stadio Comunale Luigi Ferraris,Gianluca Aureliano
Serie A,2023-2024,2023-12-02,18:00,Lazio,1–0,Cagliari,37000.0,Stadio Olimpico,Federico Dionisi
Serie A,2023-2024,2023-12-02,20:45,Milan,3–1,Frosinone,68684.0,Stadio Giuseppe Meazza,Matteo Marchetti
Serie A,2023-2024,2023-12-03,12:30,Lecce,1–1,Bologna,24326.0,Stadio Comunale Via Del Mare,Daniele Doveri
Serie A,2023-2024,2023-12-03,15:00,Udinese,3–3,Hellas Verona,22294.0,Bluenergy Stadium,Fabio Maresca
Serie A,2023-2024,2023-12-03,15:00,Fiorentina,3–0,Salernitana,26286.0,Stadio Artemio Franchi,Paride Tremolada
Serie A,2023-2024,2023-12-03,18:00,Sassuolo,1–2,Roma,19113.0,Mapei Stadium - Città del Tricolore,Matteo Marcenaro
Serie A,2023-2024,2023-12-03,20:45,Napoli,0–3,Inter,55000.0,Stadio Diego Armando Maradona,Davide Massa
Serie A,2023-2024,2023-12-04,20:45,Torino,3–0,Atalanta,18507.0,Stadio Olimpico di Torino,Marco Piccinini
Serie A,2023-2024,2023-12-08,20:45,Juventus,1–0,Napoli,41400.0,Allianz Stadium,Daniele Orsato
Serie A,2023-2024,2023-12-09,15:00,Hellas Verona,1–1,Lazio,28311.0,Stadio Marc'Antonio Bentegodi,Giovanni Ayroldi
Serie A,2023-2024,2023-12-09,18:00,Atalanta,3–2,Milan,14907.0,Gewiss Stadium,Federico La Penna
Serie A,2023-2024,2023-12-09,20:45,Inter,4–0,Udinese,71874.0,Stadio Giuseppe Meazza,Marco Di Bello
Serie A,2023-2024,2023-12-10,12:30,Frosinone,0–0,Torino,13807.0,Stadio Benito Stirpe,Luca Massimi
Serie A,2023-2024,2023-12-10,15:00,Monza,1–0,Genoa,13283.0,U-Power Stadium,Giuseppe Collu
Serie A,2023-2024,2023-12-10,18:00,Salernitana,1–2,Bologna,16700.0,Stadio Arechi,Simone Sozza
Serie A,2023-2024,2023-12-10,20:45,Roma,1–1,Fiorentina,60932.0,Stadio Olimpico,Antonio Rapuano
Serie A,2023-2024,2023-12-11,18:30,Empoli,1–1,Lecce,7152.0,Stadio Carlo Castellani,Andrea Colombo
Serie A,2023-2024,2023-12-11,20:45,Cagliari,2–1,Sassuolo,15769.0,Unipol Domus,Maurizio Mariani
Serie A,2023-2024,2023-12-15,20:45,Genoa,1–1,Juventus,33232.0,Stadio Comunale Luigi Ferraris,Davide Massa
Serie A,2023-2024,2023-12-16,15:00,Lecce,2–1,Frosinone,23645.0,Stadio Comunale Via Del Mare,Luca Zufferli
Serie A,2023-2024,2023-12-16,18:00,Napoli,2–1,Cagliari,45000.0,Stadio Diego Armando Maradona,Matteo Marcenaro
Serie A,2023-2024,2023-12-16,20:45,Torino,1–0,Empoli,17815.0,Stadio Olimpico di Torino,Livio Marinelli
Serie A,2023-2024,2023-12-17,12:30,Milan,3–0,Monza,70538.0,Stadio Giuseppe Meazza,Gianluca Aureliano
Serie A,2023-2024,2023-12-17,15:00,Udinese,2–2,Sassuolo,20490.0,Bluenergy Stadium,Gianluca Manganiello
Serie A,2023-2024,2023-12-17,15:00,Fiorentina,1–0,Hellas Verona,26311.0,Stadio Artemio Franchi,Maria Sole Ferrieri Caputi
Serie A,2023-2024,2023-12-17,18:00,Bologna,2–0,Roma,25579.0,Stadio Renato Dall'Ara,Marco Guida
Serie A,2023-2024,2023-12-17,20:45,Lazio,0–2,Inter,59000.0,Stadio Olimpico,Fabio Maresca
Serie A,2023-2024,2023-12-18,20:45,Atalanta,4–1,Salernitana,14264.0,Gewiss Stadium,Ermanno Feliciani
Serie A,2023-2024,2023-12-22,18:30,Empoli,0–2,Lazio,8800.0,Stadio Carlo Castellani,Matteo Marchetti
Serie A,2023-2024,2023-12-22,18:30,Sassuolo,1–2,Genoa,11745.0,Mapei Stadium - Città del Tricolore,Marco Guida
Serie A,2023-2024,2023-12-22,20:45,Monza,0–1,Fiorentina,10120.0,U-Power Stadium,Juan Luca Sacchi
Serie A,2023-2024,2023-12-22,20:45,Salernitana,2–2,Milan,23467.0,Stadio Arechi,Daniele Doveri
Serie A,2023-2024,2023-12-23,12:30,Frosinone,1–2,Juventus,38225.0,Stadio Benito Stirpe,Maurizio Mariani
Serie A,2023-2024,2023-12-23,15:00,Torino,1–1,Udinese,23546.0,Stadio Olimpico di Torino,Michael Fabbri
Serie A,2023-2024,2023-12-23,15:00,Bologna,1–0,Atalanta,28082.0,Stadio Renato Dall'Ara,Antonio Rapuano
Serie A,2023-2024,2023-12-23,18:00,Inter,2–0,Lecce,72723.0,Stadio Giuseppe Meazza,Matteo Marcenaro
Serie A,2023-2024,2023-12-23,18:00,Hellas Verona,2–0,Cagliari,16716.0,Stadio Marc'Antonio Bentegodi,Daniele Orsato
Serie A,2023-2024,2023-12-23,20:45,Roma,2–0,Napoli,62141.0,Stadio Olimpico,Andrea Colombo
Serie A,2023-2024,2023-12-29,18:30,Fiorentina,1–0,Torino,32915.0,Stadio Artemio Franchi,Federico La Penna
Serie A,2023-2024,2023-12-29,18:30,Napoli,0–0,Monza,32915.0,Stadio Diego Armando Maradona,Marco Di Bello
Serie A,2023-2024,2023-12-29,20:45,Genoa,1–1,Inter,33249.0,Stadio Comunale Luigi Ferraris,Daniele Doveri
Serie A,2023-2024,2023-12-29,20:45,Lazio,3–1,Frosinone,40000.0,Stadio Olimpico,Ermanno Feliciani
Serie A,2023-2024,2023-12-30,12:30,Atalanta,1–0,Lecce,14864.0,Gewiss Stadium,Gianluca Manganiello
Serie A,2023-2024,2023-12-30,15:00,Cagliari,0–0,Empoli,16125.0,Unipol Domus,Fabio Maresca
Serie A,2023-2024,2023-12-30,15:00,Udinese,3–0,Bologna,24786.0,Bluenergy Stadium,Daniele Orsato
Serie A,2023-2024,2023-12-30,18:00,Milan,1–0,Sassuolo,70385.0,Stadio Giuseppe Meazza,Livio Marinelli
Serie A,2023-2024,2023-12-30,18:00,Hellas Verona,0–1,Salernitana,18181.0,Stadio Marc'Antonio Bentegodi,Maurizio Mariani
Serie A,2023-2024,2023-12-30,20:45,Juventus,1–0,Roma,41503.0,Allianz Stadium,Simone Sozza
Serie A,2023-2024,2024-01-05,20:45,Bologna,1–1,Genoa,25095.0,Stadio Renato Dall'Ara,Andrea Colombo
Serie A,2023-2024,2024-01-06,12:30,Inter,2–1,Hellas Verona,71691.0,Stadio Giuseppe Meazza,Michael Fabbri
Serie A,2023-2024,2024-01-06,15:00,Frosinone,2–3,Monza,13146.0,Stadio Benito Stirpe,Maria Sole Ferrieri Caputi
Serie A,2023-2024,2024-01-06,18:00,Lecce,1–1,Cagliari,25203.0,Stadio Comunale Via Del Mare,Davide Massa
Serie A,2023-2024,2024-01-06,20:45,Sassuolo,1–0,Fiorentina,15759.0,Mapei Stadium - Città del Tricolore,Rosario Abisso
Serie A,2023-2024,2024-01-07,12:30,Empoli,0–3,Milan,15009.0,Stadio Carlo Castellani,Federico La Penna
Serie A,2023-2024,2024-01-07,15:00,Torino,3–0,Napoli,23960.0,Stadio Olimpico di Torino,Maurizio Mariani
Serie A,2023-2024,2024-01-07,15:00,Udinese,1–2,Lazio,23033.0,Bluenergy Stadium,Juan Luca Sacchi
Serie A,2023-2024,2024-01-07,18:00,Salernitana,1–2,Juventus,40548.0,Stadio Arechi,Marco Guida
Serie A,2023-2024,2024-01-07,20:45,Roma,1–1,Atalanta,60022.0,Stadio Olimpico,Gianluca Aureliano
Serie A,2023-2024,2024-01-13,15:00,Genoa,0–0,Torino,33019.0,Stadio Comunale Luigi Ferraris,Antonio Giua
Serie A,2023-2024,2024-01-13,15:00,Napoli,2–1,Salernitana,35000.0,Stadio Diego Armando Maradona,Livio Marinelli
Serie A,2023-2024,2024-01-13,18:00,Hellas Verona,2–1,Empoli,28723.0,Stadio Marc'Antonio Bentegodi,Daniele Doveri
Serie A,2023-2024,2024-01-13,20:45,Monza,1–5,Inter,14670.0,U-Power Stadium,Antonio Rapuano
Serie A,2023-2024,2024-01-14,12:30,Lazio,1–0,Lecce,40000.0,Stadio Olimpico,Maria Sole Ferrieri Caputi
Serie A,2023-2024,2024-01-14,15:00,Cagliari,2–1,Bologna,15980.0,Unipol Domus,Gianluca Manganiello
Serie A,2023-2024,2024-01-14,18:00,Fiorentina,2–2,Udinese,23686.0,Stadio Artemio Franchi,Luca Pairetto
Serie A,2023-2024,2024-01-14,20:45,Milan,3–1,Roma,74198.0,Stadio Giuseppe Meazza,Marco Guida
Serie A,2023-2024,2024-01-15,20:45,Atalanta,5–0,Frosinone,14195.0,Gewiss Stadium,Alessandro Prontera
Serie A,2023-2024,2024-01-16,20:45,Juventus,3–0,Sassuolo,39005.0,Allianz Stadium,Marco Piccinini
Serie A,2023-2024,2024-01-20,18:00,Roma,2–1,Hellas Verona,61857.0,Stadio Olimpico,Juan Luca Sacchi
Serie A,2023-2024,2024-01-20,20:45,Udinese,2–3,Milan,24591.0,Bluenergy Stadium,Fabio Maresca
Serie A,2023-2024,2024-01-21,12:30,Frosinone,3–1,Cagliari,13925.0,Stadio Benito Stirpe,Federico Dionisi
Serie A,2023-2024,2024-01-21,15:00,Empoli,3–0,Monza,7650.0,Stadio Carlo Castellani,Antonio Giua
Serie A,2023-2024,2024-01-21,18:00,Salernitana,1–2,Genoa,17440.0,Stadio Arechi,Daniele Orsato
Serie A,2023-2024,2024-01-21,20:45,Lecce,0–3,Juventus,28074.0,Stadio Comunale Via Del Mare,Daniele Doveri
Serie A,2023-2024,2024-01-26,20:45,Cagliari,1–2,Torino,16196.0,Unipol Domus,Andrea Colombo
Serie A,2023-2024,2024-01-27,15:00,Atalanta,2–0,Udinese,14716.0,Gewiss Stadium,Marco Piccinini
Serie A,2023-2024,2024-01-27,18:00,Juventus,1–1,Empoli,39518.0,Allianz Stadium,Livio Marinelli
Serie A,2023-2024,2024-01-27,20:45,Milan,2–2,Bologna,71334.0,Stadio Giuseppe Meazza,Davide Massa
Serie A,2023-2024,2024-01-28,12:30,Genoa,2–1,Lecce,32152.0,Stadio Comunale Luigi Ferraris,Luca Pairetto
Serie A,2023-2024,2024-01-28,15:00,Monza,1–0,Sassuolo,9882.0,U-Power Stadium,Gianluca Manganiello
Serie A,2023-2024,2024-01-28,15:00,Hellas Verona,1–1,Frosinone,17529.0,Stadio Marc'Antonio Bentegodi,Federico La Penna
Serie A,2023-2024,2024-01-28,18:00,Lazio,0–0,Napoli,30000.0,Stadio Olimpico,Daniele Orsato
Serie A,2023-2024,2024-01-28,20:45,Fiorentina,0–1,Inter,35084.0,Stadio Artemio Franchi,Gianluca Aureliano
Serie A,2023-2024,2024-01-29,20:45,Salernitana,1–2,Roma,18038.0,Stadio Arechi,Marco Di Bello
Serie A,2023-2024,2024-02-02,20:45,Lecce,3–2,Fiorentina,24778.0,Stadio Comunale Via Del Mare,Antonio Giua
Serie A,2023-2024,2024-02-03,15:00,Empoli,0–0,Genoa,10374.0,Stadio Carlo Castellani,Ermanno Feliciani
Serie A,2023-2024,2024-02-03,15:00,Udinese,0–0,Monza,11373.0,Bluenergy Stadium,Alessandro Prontera
Serie A,2023-2024,2024-02-03,18:00,Frosinone,2–3,Milan,16050.0,Stadio Benito Stirpe,Luca Pairetto
Serie A,2023-2024,2024-02-03,20:45,Bologna,4–2,Sassuolo,20932.0,Stadio Renato Dall'Ara,Juan Luca Sacchi
Serie A,2023-2024,2024-02-04,12:30,Torino,0–0,Salernitana,24461.0,Stadio Olimpico di Torino,Daniele Chiffi
Serie A,2023-2024,2024-02-04,15:00,Napoli,2–1,Hellas Verona,44000.0,Stadio Diego Armando Maradona,Marco Piccinini
Serie A,2023-2024,2024-02-04,18:00,Atalanta,3–1,Lazio,14492.0,Gewiss Stadium,Marco Guida
Serie A,2023-2024,2024-02-04,20:45,Inter,1–0,Juventus,75547.0,Stadio Giuseppe Meazza,Fabio Maresca
Serie A,2023-2024,2024-02-05,20:45,Roma,4–0,Cagliari,61755.0,Stadio Olimpico,Matteo Marcenaro
Serie A,2023-2024,2024-02-09,20:45,Salernitana,1–3,Empoli,18511.0,Stadio Arechi,Maurizio Mariani
Serie A,2023-2024,2024-02-10,15:00,Cagliari,1–3,Lazio,16155.0,Unipol Domus,Marco Di Bello
Serie A,2023-2024,2024-02-10,18:00,Roma,2–4,Inter,65044.0,Stadio Olimpico,Marco Guida
Serie A,2023-2024,2024-02-10,20:45,Sassuolo,1–1,Torino,10955.0,Mapei Stadium - Città del Tricolore,Daniele Orsato
Serie A,2023-2024,2024-02-11,12:30,Fiorentina,5–1,Frosinone,25397.0,Stadio Artemio Franchi,Ermanno Feliciani
Serie A,2023-2024,2024-02-11,15:00,Monza,0–0,Hellas Verona,10855.0,U-Power Stadium,Davide Massa
Serie A,2023-2024,2024-02-11,15:00,Bologna,4–0,Lecce,24658.0,Stadio Renato Dall'Ara,Gianluca Manganiello
Serie A,2023-2024,2024-02-11,18:00,Genoa,1–4,Atalanta,31201.0,Stadio Comunale Luigi Ferraris,Andrea Colombo
Serie A,2023-2024,2024-02-11,20:45,Milan,1–0,Napoli,73891.0,Stadio Giuseppe Meazza,Daniele Doveri
Serie A,2023-2024,2024-02-12,20:45,Juventus,0–1,Udinese,38856.0,Allianz Stadium,Rosario Abisso
Serie A,2023-2024,2024-02-14,19:00,Bologna,2–0,Fiorentina,25684.0,Stadio Renato Dall'Ara,Daniele Chiffi
Serie A,2023-2024,2024-02-16,19:00,Torino,2–0,Lecce,22457.0,Stadio Olimpico di Torino,Giovanni Ayroldi
Serie A,2023-2024,2024-02-16,21:00,Inter,4–0,Salernitana,72609.0,Stadio Giuseppe Meazza,Marco Piccinini
Serie A,2023-2024,2024-02-17,15:00,Napoli,1–1,Genoa,47000.0,Stadio Diego Armando Maradona,Juan Luca Sacchi
Serie A,2023-2024,2024-02-17,18:00,Hellas Verona,2–2,Juventus,26000.0,Stadio Marc'Antonio Bentegodi,Marco Di Bello
Serie A,2023-2024,2024-02-17,20:45,Atalanta,3–0,Sassuolo,14474.0,Gewiss Stadium,Alessandro Prontera
Serie A,2023-2024,2024-02-18,12:30,Lazio,1–2,Bologna,37000.0,Stadio Olimpico,Fabio Maresca
Serie A,2023-2024,2024-02-18,15:00,Empoli,1–1,Fiorentina,12490.0,Stadio Carlo Castellani,Luca Pairetto
Serie A,2023-2024,2024-02-18,15:00,Udinese,1–1,Cagliari,15445.0,Bluenergy Stadium,Maurizio Mariani
Serie A,2023-2024,2024-02-18,18:00,Frosinone,0–3,Roma,16056.0,Stadio Benito Stirpe,Antonio Giua
Serie A,2023-2024,2024-02-18,20:45,Monza,4–2,Milan,14319.0,U-Power Stadium,Andrea Colombo
Serie A,2023-2024,2024-02-22,20:45,Torino,0–2,Lazio,22742.0,Stadio Olimpico di Torino,Federico La Penna
Serie A,2023-2024,2024-02-23,20:45,Bologna,2–0,Hellas Verona,26033.0,Stadio Renato Dall'Ara,Rosario Abisso
Serie A,2023-2024,2024-02-24,15:00,Sassuolo,2–3,Empoli,,Mapei Stadium - Città del Tricolore,Gianluca Aureliano
Serie A,2023-2024,2024-02-24,18:00,Salernitana,0–2,Monza,18560.0,Stadio Arechi,Michael Fabbri
Serie A,2023-2024,2024-02-24,20:45,Genoa,2–0,Udinese,31126.0,Stadio Comunale Luigi Ferraris,Francesco Fourneau
Serie A,2023-2024,2024-02-25,12:30,Juventus,3–2,Frosinone,40719.0,Allianz Stadium,Antonio Rapuano
Serie A,2023-2024,2024-02-25,15:00,Cagliari,1–1,Napoli,16382.0,Unipol Domus,Luca Pairetto
Serie A,2023-2024,2024-02-25,18:00,Lecce,0–4,Inter,27910.0,Stadio Comunale Via Del Mare,Daniele Doveri
Serie A,2023-2024,2024-02-25,20:45,Milan,1–1,Atalanta,71264.0,Stadio Giuseppe Meazza,Daniele Orsato
Serie A,2023-2024,2024-02-26,18:30,Roma,3–2,Torino,61595.0,Stadio Olimpico,Juan Luca Sacchi
Serie A,2023-2024,2024-02-26,20:45,Fiorentina,2–1,Lazio,25190.0,Stadio Artemio Franchi,Marco Guida
Serie A,2023-2024,2024-02-28,18:00,Sassuolo,1–6,Napoli,17085.0,Mapei Stadium - Città del Tricolore,Daniele Chiffi
Serie A,2023-2024,2024-02-28,20:45,Inter,4–0,Atalanta,71422.0,Stadio Giuseppe Meazza,Andrea Colombo
Serie A,2023-2024,2024-03-01,20:45,Lazio,0–1,Milan,48000.0,Stadio Olimpico,Marco Di Bello
Serie A,2023-2024,2024-03-02,15:00,Udinese,1–1,Salernitana,20189.0,Bluenergy Stadium,Gianluca Manganiello
Serie A,2023-2024,2024-03-02,18:00,Monza,1–4,Roma,14188.0,U-Power Stadium,Marco Piccinini
Serie A,2023-2024,2024-03-02,20:45,Torino,0–0,Fiorentina,22845.0,Stadio Olimpico di Torino,Matteo Marchetti
Serie A,2023-2024,2024-03-03,12:30,Hellas Verona,1–0,Sassuolo,19338.0,Stadio Marc'Antonio Bentegodi,Fabio Maresca
Serie A,2023-2024,2024-03-03,15:00,Empoli,0–1,Cagliari,11223.0,Stadio Carlo Castellani,Antonio Rapuano
Serie A,2023-2024,2024-03-03,15:00,Frosinone,1–1,Lecce,15334.0,Stadio Benito Stirpe,Marco Guida
Serie A,2023-2024,2024-03-03,18:00,Atalanta,1–2,Bologna,14931.0,Gewiss Stadium,Federico La Penna
Serie A,2023-2024,2024-03-03,20:45,Napoli,2–1,Juventus,52000.0,Stadio Diego Armando Maradona,Maurizio Mariani
Serie A,2023-2024,2024-03-04,20:45,Inter,2–1,Genoa,75421.0,Stadio Giuseppe Meazza,Giovanni Ayroldi
Serie A,2023-2024,2024-03-08,20:45,Napoli,1–1,Torino,42000.0,Stadio Diego Armando Maradona,Daniele Orsato
Serie A,2023-2024,2024-03-09,15:00,Cagliari,4–2,Salernitana,16118.0,Unipol Domus,Francesco Fourneau
Serie A,2023-2024,2024-03-09,15:00,Sassuolo,1–0,Frosinone,11189.0,Mapei Stadium - Città del Tricolore,Federico La Penna
Serie A,2023-2024,2024-03-09,18:00,Bologna,0–1,Inter,30204.0,Stadio Renato Dall'Ara,Luca Pairetto
Serie A,2023-2024,2024-03-09,20:45,Genoa,2–3,Monza,,Stadio Comunale Luigi Ferraris,Ermanno Feliciani
Serie A,2023-2024,2024-03-10,12:30,Lecce,0–1,Hellas Verona,25222.0,Stadio Comunale Via Del Mare,Daniele Chiffi
Serie A,2023-2024,2024-03-10,15:00,Milan,1–0,Empoli,70343.0,Stadio Giuseppe Meazza,Juan Luca Sacchi
Serie A,2023-2024,2024-03-10,18:00,Juventus,2–2,Atalanta,39206.0,Allianz Stadium,Marco Guida
Serie A,2023-2024,2024-03-10,20:45,Fiorentina,2–2,Roma,30438.0,Stadio Artemio Franchi,Davide Massa
Serie A,2023-2024,2024-03-11,20:45,Lazio,1–2,Udinese,34000.0,Stadio Olimpico,Gianluca Aureliano
Serie A,2023-2024,2024-03-15,20:45,Empoli,0–1,Bologna,16000.0,Stadio Carlo Castellani,Michael Fabbri
Serie A,2023-2024,2024-03-16,15:00,Udinese,0–2,Torino,21223.0,Bluenergy Stadium,Andrea Colombo
Serie A,2023-2024,2024-03-16,15:00,Monza,1–0,Cagliari,14145.0,U-Power Stadium,Matteo Marcenaro
Serie A,2023-2024,2024-03-16,18:00,Salernitana,0–1,Lecce,15376.0,Stadio Arechi,Fabio Maresca
Serie A,2023-2024,2024-03-16,20:45,Frosinone,2–3,Lazio,15780.0,Stadio Benito Stirpe,Antonio Rapuano
Serie A,2023-2024,2024-03-17,12:30,Juventus,0–0,Genoa,40098.0,Allianz Stadium,Antonio Giua
Serie A,2023-2024,2024-03-17,15:00,Hellas Verona,1–3,Milan,26165.0,Stadio Marc'Antonio Bentegodi,Maurizio Mariani
Serie A,2023-2024,2024-03-17,18:00,Roma,1–0,Sassuolo,66871.0,Stadio Olimpico,Gianluca Manganiello
Serie A,2023-2024,2024-03-17,20:45,Inter,1–1,Napoli,71551.0,Stadio Giuseppe Meazza,Federico La Penna
Serie A,2023-2024,2024-03-30,12:30,Napoli,0–3,Atalanta,50000.0,Stadio Diego Armando Maradona,Luca Pairetto
Serie A,2023-2024,2024-03-30,15:00,Torino,1–0,Monza,24286.0,Stadio Olimpico di Torino,Gianluca Aureliano
Serie A,2023-2024,2024-03-30,15:00,Genoa,1–1,Frosinone,31462.0,Stadio Comunale Luigi Ferraris,Juan Luca Sacchi
Serie A,2023-2024,2024-03-30,18:00,Lazio,1–0,Juventus,53000.0,Stadio Olimpico,Andrea Colombo
Serie A,2023-2024,2024-03-30,20:45,Fiorentina,1–2,Milan,34273.0,Stadio Artemio Franchi,Fabio Maresca
Serie A,2023-2024,2024-04-01,12:30,Bologna,3–0,Salernitana,27255.0,Stadio Renato Dall'Ara,Ermanno Feliciani
Serie A,2023-2024,2024-04-01,15:00,Sassuolo,1–1,Udinese,11512.0,Mapei Stadium - Città del Tricolore,Michael Fabbri
Serie A,2023-2024,2024-04-01,15:00,Cagliari,1–1,Hellas Verona,16285.0,Unipol Domus,Daniele Doveri
Serie A,2023-2024,2024-04-01,18:00,Lecce,0–0,Roma,29031.0,Stadio Comunale Via Del Mare,Matteo Marcenaro
Serie A,2023-2024,2024-04-01,20:45,Inter,2–0,Empoli,71551.0,Stadio Giuseppe Meazza,Federico Dionisi
Serie A,2023-2024,2024-04-05,20:45,Salernitana,2–2,Sassuolo,14036.0,Stadio Arechi,Simone Sozza
Serie A,2023-2024,2024-04-06,15:00,Milan,3–0,Lecce,71576.0,Stadio Giuseppe Meazza,Luca Massimi
Serie A,2023-2024,2024-04-06,18:00,Roma,1–0,Lazio,64513.0,Stadio Olimpico,Marco Guida
Serie A,2023-2024,2024-04-06,20:45,Empoli,3–2,Torino,8374.0,Stadio Carlo Castellani,Davide Massa
Serie A,2023-2024,2024-04-07,12:30,Frosinone,0–0,Bologna,14986.0,Stadio Benito Stirpe,Daniele Orsato
Serie A,2023-2024,2024-04-07,15:00,Monza,2–4,Napoli,13169.0,U-Power Stadium,Daniele Doveri
Serie A,2023-2024,2024-04-07,18:00,Hellas Verona,1–2,Genoa,20342.0,Stadio Marc'Antonio Bentegodi,Gianluca Manganiello
Serie A,2023-2024,2024-04-07,18:00,Cagliari,2–1,Atalanta,16342.0,Unipol Domus,Antonio Rapuano
Serie A,2023-2024,2024-04-07,20:45,Juventus,1–0,Fiorentina,37994.0,Allianz Stadium,Federico La Penna
Serie A,2023-2024,2024-04-08,20:45,Udinese,1–2,Inter,24993.0,Bluenergy Stadium,Marco Piccinini
Serie A,2023-2024,2024-04-12,20:45,Lazio,4–1,Salernitana,34000.0,Stadio Olimpico,Luca Zufferli
Serie A,2023-2024,2024-04-13,15:00,Lecce,1–0,Empoli,25957.0,Stadio Comunale Via Del Mare,Maurizio Mariani
Serie A,2023-2024,2024-04-13,18:00,Torino,0–0,Juventus,27788.0,Stadio Olimpico di Torino,Fabio Maresca
Serie A,2023-2024,2024-04-13,20:45,Bologna,0–0,Monza,26903.0,Stadio Renato Dall'Ara,Federico La Penna
Serie A,2023-2024,2024-04-14,12:30,Napoli,2–2,Frosinone,51177.0,Stadio Diego Armando Maradona,Michael Fabbri
Serie A,2023-2024,2024-04-14,15:00,Sassuolo,3–3,Milan,19199.0,Mapei Stadium - Città del Tricolore,Davide Massa
Serie A,2023-2024,2024-04-14,20:45,Inter,2–2,Cagliari,72559.0,Stadio Giuseppe Meazza,Francesco Fourneau
Serie A,2023-2024,2024-04-15,18:30,Fiorentina,1–1,Genoa,25120.0,Stadio Artemio Franchi,Davide Di Marco
Serie A,2023-2024,2024-04-15,20:45,Atalanta,2–2,Hellas Verona,14666.0,Gewiss Stadium,Juan Luca Sacchi
Serie A,2023-2024,2024-04-19,18:30,Genoa,0–1,Lazio,30697.0,Stadio Comunale Luigi Ferraris,Ermanno Feliciani
Serie A,2023-2024,2024-04-19,20:45,Cagliari,2–2,Juventus,16179.0,Unipol Domus,Marco Piccinini
Serie A,2023-2024,2024-04-20,18:00,Empoli,1–0,Napoli,12500.0,Stadio Carlo Castellani,Gianluca Manganiello
Serie A,2023-2024,2024-04-20,20:45,Hellas Verona,1–0,Udinese,27662.0,Stadio Marc'Antonio Bentegodi,Marco Guida
Serie A,2023-2024,2024-04-21,12:30,Sassuolo,0–3,Lecce,16210.0,Mapei Stadium - Città del Tricolore,Daniele Doveri
Serie A,2023-2024,2024-04-21,15:00,Torino,0–0,Frosinone,23728.0,Stadio Olimpico di Torino,Antonio Rapuano
Serie A,2023-2024,2024-04-21,18:00,Salernitana,0–2,Fiorentina,14597.0,Stadio Arechi,Matteo Marchetti
Serie A,2023-2024,2024-04-21,20:45,Monza,1–2,Atalanta,13983.0,U-Power Stadium,Antonio Giua
Serie A,2023-2024,2024-04-22,18:30,Roma,1–3,Bologna,63850.0,Stadio Olimpico,Fabio Maresca
Serie A,2023-2024,2024-04-22,20:45,Milan,1–2,Inter,75554.0,Stadio Giuseppe Meazza,Andrea Colombo
Serie A,2023-2024,2024-04-25,20:00,Udinese,1–2,Roma,24947.0,Bluenergy Stadium,Luca Pairetto
Serie A,2023-2024,2024-04-26,20:45,Frosinone,3–0,Salernitana,13728.0,Stadio Benito Stirpe,Francesco Fourneau
Serie A,2023-2024,2024-04-27,15:00,Lecce,1–1,Monza,27167.0,Stadio Comunale Via Del Mare,Alberto Santoro
Serie A,2023-2024,2024-04-27,18:00,Juventus,0–0,Milan,39845.0,Allianz Stadium,Maurizio Mariani
Serie A,2023-2024,2024-04-27,20:45,Lazio,1–0,Hellas Verona,39000.0,Stadio Olimpico,Davide Massa
Serie A,2023-2024,2024-04-28,12:30,Inter,2–0,Torino,71686.0,Stadio Giuseppe Meazza,Maria Sole Ferrieri Caputi
Serie A,2023-2024,2024-04-28,15:00,Bologna,1–1,Udinese,27396.0,Stadio Renato Dall'Ara,Juan Luca Sacchi
Serie A,2023-2024,2024-04-28,18:00,Napoli,2–2,Roma,45000.0,Stadio Diego Armando Maradona,Simone Sozza
Serie A,2023-2024,2024-04-28,18:00,Atalanta,2–0,Empoli,14614.0,Gewiss Stadium,Michael Fabbri
Serie A,2023-2024,2024-04-28,20:45,Fiorentina,5–1,Sassuolo,22575.0,Stadio Artemio Franchi,Matteo Marcenaro
Serie A,2023-2024,2024-04-29,20:45,Genoa,3–0,Cagliari,17257.0,Stadio Comunale Luigi Ferraris,Federico Dionisi
Serie A,2023-2024,2024-05-03,20:45,Torino,0–0,Bologna,23895.0,Stadio Olimpico di Torino,Simone Sozza
Serie A,2023-2024,2024-05-04,18:00,Monza,2–2,Lazio,10454.0,U-Power Stadium,Luca Pairetto
Serie A,2023-2024,2024-05-04,20:45,Sassuolo,1–0,Inter,19454.0,Mapei Stadium - Città del Tricolore,Matteo Marchetti
Serie A,2023-2024,2024-05-05,12:30,Cagliari,1–1,Lecce,16407.0,Unipol Domus,Matteo Marcenaro
Serie A,2023-2024,2024-05-05,15:00,Hellas Verona,2–1,Fiorentina,27821.0,Stadio Marc'Antonio Bentegodi,Antonio Rapuano
Serie A,2023-2024,2024-05-05,15:00,Empoli,0–0,Frosinone,13110.0,Stadio Carlo Castellani,Daniele Doveri
Serie A,2023-2024,2024-05-05,18:00,Milan,3–3,Genoa,73901.0,Stadio Giuseppe Meazza,Alessandro Prontera
Serie A,2023-2024,2024-05-05,20:45,Roma,1–1,Juventus,63996.0,Stadio Olimpico,Andrea Colombo
Serie A,2023-2024,2024-05-06,18:00,Salernitana,1–2,Atalanta,12980.0,Stadio Arechi,Ermanno Feliciani
Serie A,2023-2024,2024-05-06,20:45,Udinese,1–1,Napoli,20872.0,Bluenergy Stadium,Gianluca Aureliano
Serie A,2023-2024,2024-05-10,20:45,Frosinone,0–5,Inter,16021.0,Stadio Benito Stirpe,Antonio Giua
Serie A,2023-2024,2024-05-11,18:00,Napoli,0–2,Bologna,43000.0,Stadio Diego Armando Maradona,Luca Pairetto
Serie A,2023-2024,2024-05-11,20:45,Milan,5–1,Cagliari,70612.0,Stadio Giuseppe Meazza,Simone Sozza
Serie A,2023-2024,2024-05-12,12:30,Lazio,2–0,Empoli,54000.0,Stadio Olimpico,Gianluca Aureliano
Serie A,2023-2024,2024-05-12,15:00,Hellas Verona,1–2,Torino,25964.0,Stadio Marc'Antonio Bentegodi,Livio Marinelli
Serie A,2023-2024,2024-05-12,15:00,Genoa,2–1,Sassuolo,31412.0,Stadio Comunale Luigi Ferraris,Maurizio Mariani
Serie A,2023-2024,2024-05-12,18:00,Juventus,1–1,Salernitana,37470.0,Allianz Stadium,Alberto Santoro
Serie A,2023-2024,2024-05-12,20:45,Atalanta,2–1,Roma,14895.0,Gewiss Stadium,Marco Guida
Serie A,2023-2024,2024-05-13,18:30,Lecce,0–2,Udinese,28041.0,Stadio Comunale Via Del Mare,Davide Massa
Serie A,2023-2024,2024-05-13,20:45,Fiorentina,2–1,Monza,24376.0,Stadio Artemio Franchi,Luca Zufferli
Serie A,2023-2024,2024-05-17,20:45,Fiorentina,2–2,Napoli,32100.0,Stadio Artemio Franchi,Matteo Marchetti
Serie A,2023-2024,2024-05-18,18:00,Lecce,0–2,Atalanta,26354.0,Stadio Comunale Via Del Mare,Antonio Rapuano
Serie A,2023-2024,2024-05-18,20:45,Torino,3–1,Milan,24638.0,Stadio Olimpico di Torino,Ermanno Feliciani
Serie A,2023-2024,2024-05-19,12:30,Sassuolo,0–2,Cagliari,15548.0,Mapei Stadium - Città del Tricolore,Daniele Doveri
Serie A,2023-2024,2024-05-19,15:00,Monza,0–1,Frosinone,12306.0,U-Power Stadium,Michael Fabbri
Serie A,2023-2024,2024-05-19,15:00,Udinese,1–1,Empoli,24686.0,Bluenergy Stadium,Daniele Orsato
Serie A,2023-2024,2024-05-19,18:00,Inter,1–1,Lazio,73148.0,Stadio Giuseppe Meazza,Juan Luca Sacchi
Serie A,2023-2024,2024-05-19,20:45,Roma,1–0,Genoa,67334.0,Stadio Olimpico,Gianluca Manganiello
Serie A,2023-2024,2024-05-20,18:30,Salernitana,1–2,Hellas Verona,15998.0,Stadio Arechi,Marco Di Bello
Serie A,2023-2024,2024-05-20,20:45,Bologna,3–3,Juventus,29603.0,Stadio Renato Dall'Ara,Giovanni Ayroldi
Serie A,2023-2024,2024-05-23,20:45,Cagliari,2–3,Fiorentina,16412.0,Unipol Domus,Alessandro Prontera
Serie A,2023-2024,2024-05-24,20:45,Genoa,2–0,Bologna,32255.0,Stadio Comunale Luigi Ferraris,Alberto Santoro
Serie A,2023-2024,2024-05-25,18:00,Juventus,2–0,Monza,15148.0,Allianz Stadium,Maria Sole Ferrieri Caputi
Serie A,2023-2024,2024-05-25,20:45,Milan,3–3,Salernitana,70831.0,Stadio Giuseppe Meazza,Davide Di Marco
Serie A,2023-2024,2024-05-26,18:00,Napoli,0–0,Lecce,41000.0,Stadio Diego Armando Maradona,Federico Dionisi
Serie A,2023-2024,2024-05-26,18:00,Atalanta,3–0,Torino,14839.0,Gewiss Stadium,Simone Sozza
Serie A,2023-2024,2024-05-26,20:45,Frosinone,0–1,Udinese,16190.0,Stadio Benito Stirpe,Daniele Doveri
Serie A,2023-2024,2024-05-26,20:45,Hellas Verona,2–2,Inter,22447.0,Stadio Marc'Antonio Bentegodi,Luca Zufferli
Serie A,2023-2024,2024-05-26,20:45,Empoli,2–1,Roma,15896.0,Stadio Carlo Castellani,Davide Massa
Serie A,2023-2024,2024-05-26,20:45,Lazio,1–1,Sassuolo,56000.0,Stadio Olimpico,Paride Tremolada
Serie A,2023-2024,2024-06-02,18:00,Atalanta,2–3,Fiorentina,14851.0,Gewiss Stadium,Daniele Orsato
Serie A,2022-2023,2022-08-13,18:30,Milan,4–2,Udinese,70197.0,Stadio Giuseppe Meazza,Livio Marinelli
Serie A,2022-2023,2022-08-13,18:30,Sampdoria,0–2,Atalanta,20047.0,Stadio Comunale Luigi Ferraris,Federico Dionisi
Serie A,2022-2023,2022-08-13,20:45,Monza,1–2,Torino,10739.0,U-Power Stadium,Maurizio Mariani
Serie A,2022-2023,2022-08-13,20:45,Lecce,1–2,Inter,25353.0,Stadio Comunale Via Del Mare,Alessandro Prontera
Serie A,2022-2023,2022-08-14,18:30,Lazio,2–1,Bologna,45000.0,Stadio Olimpico,Luca Massimi
Serie A,2022-2023,2022-08-14,18:30,Fiorentina,3–2,Cremonese,34461.0,Stadio Artemio Franchi,Juan Luca Sacchi
Serie A,2022-2023,2022-08-14,20:45,Spezia,1–0,Empoli,8360.0,Stadio Alberto Picco,Daniele Chiffi
Serie A,2022-2023,2022-08-14,20:45,Salernitana,0–1,Roma,26006.0,Stadio Arechi,Simone Sozza
Serie A,2022-2023,2022-08-15,18:30,Hellas Verona,2–5,Napoli,16967.0,Stadio Marc'Antonio Bentegodi,Michael Fabbri
Serie A,2022-2023,2022-08-15,20:45,Juventus,3–0,Sassuolo,38725.0,Allianz Stadium,Antonio Rapuano
Serie A,2022-2023,2022-08-20,18:30,Udinese,0–0,Salernitana,17054.0,Dacia Arena,Gianluca Aureliano
Serie A,2022-2023,2022-08-20,18:30,Torino,0–0,Lazio,16530.0,Stadio Olimpico di Torino,Marco Piccinini
Serie A,2022-2023,2022-08-20,20:45,Sassuolo,1–0,Lecce,9219.0,Mapei Stadium - Città del Tricolore,Andrea Colombo
Serie A,2022-2023,2022-08-20,20:45,Inter,3–0,Spezia,71212.0,Stadio Giuseppe Meazza,Davide Ghersini
Serie A,2022-2023,2022-08-21,18:30,Empoli,0–0,Fiorentina,10411.0,Stadio Carlo Castellani,Matteo Marchetti
Serie A,2022-2023,2022-08-21,18:30,Napoli,4–0,Monza,36559.0,Stadio Diego Armando Maradona,Francesco Fourneau
Serie A,2022-2023,2022-08-21,20:45,Atalanta,1–1,Milan,19216.0,Gewiss Stadium,Fabio Maresca
Serie A,2022-2023,2022-08-21,20:45,Bologna,1–1,Hellas Verona,17725.0,Stadio Renato Dall'Ara,Matteo Marcenaro
Serie A,2022-2023,2022-08-22,18:30,Roma,1–0,Cremonese,60859.0,Stadio Olimpico,Luca Massimi
Serie A,2022-2023,2022-08-22,20:45,Sampdoria,0–0,Juventus,27573.0,Stadio Comunale Luigi Ferraris,Rosario Abisso
Serie A,2022-2023,2022-08-26,18:30,Monza,1–2,Udinese,9955.0,U-Power Stadium,Marco Di Bello
Serie A,2022-2023,2022-08-26,20:45,Lazio,3–1,Inter,52500.0,Stadio Olimpico,Michael Fabbri
Serie A,2022-2023,2022-08-27,18:30,Cremonese,1–2,Torino,11572.0,Stadio Giovanni Zini,Paolo Valeri
Serie A,2022-2023,2022-08-27,18:30,Juventus,1–1,Roma,41003.0,Allianz Stadium,Massimiliano Irrati
Serie A,2022-2023,2022-08-27,20:45,Milan,2–0,Bologna,70430.0,Stadio Giuseppe Meazza,Gianluca Manganiello
Serie A,2022-2023,2022-08-27,20:45,Spezia,2–2,Sassuolo,6500.0,Stadio Alberto Picco,Francesco Cosso
Serie A,2022-2023,2022-08-28,18:30,Hellas Verona,0–1,Atalanta,16106.0,Stadio Marc'Antonio Bentegodi,Alessandro Prontera
Serie A,2022-2023,2022-08-28,18:30,Salernitana,4–0,Sampdoria,19116.0,Stadio Arechi,Davide Massa
Serie A,2022-2023,2022-08-28,20:45,Fiorentina,0–0,Napoli,32286.0,Stadio Artemio Franchi,Livio Marinelli
Serie A,2022-2023,2022-08-28,20:45,Lecce,1–1,Empoli,23941.0,Stadio Comunale Via Del Mare,Alberto Santoro
Serie A,2022-2023,2022-08-30,18:30,Sassuolo,0–0,Milan,18053.0,Mapei Stadium - Città del Tricolore,Giovanni Ayroldi
Serie A,2022-2023,2022-08-30,20:45,Inter,3–1,Cremonese,70750.0,Stadio Giuseppe Meazza,Francesco Fourneau
Serie A,2022-2023,2022-08-30,20:45,Roma,3–0,Monza,60669.0,Stadio Olimpico,Marco Piccinini
Serie A,2022-2023,2022-08-31,18:30,Sampdoria,1–1,Lazio,18499.0,Stadio Comunale Luigi Ferraris,Gianluca Aureliano
Serie A,2022-2023,2022-08-31,18:30,Empoli,1–1,Hellas Verona,7269.0,Stadio Carlo Castellani,Marco Serra
Serie A,2022-2023,2022-08-31,18:30,Udinese,1–0,Fiorentina,19684.0,Dacia Arena,Maurizio Mariani
Serie A,2022-2023,2022-08-31,20:45,Napoli,1–1,Lecce,37573.0,Stadio Diego Armando Maradona,Matteo Marcenaro
Serie A,2022-2023,2022-08-31,20:45,Juventus,2–0,Spezia,35709.0,Allianz Stadium,Andrea Colombo
Serie A,2022-2023,2022-09-01,20:45,Atalanta,3–1,Torino,17928.0,Gewiss Stadium,Marco Di Bello
Serie A,2022-2023,2022-09-01,20:45,Bologna,1–1,Salernitana,19787.0,Stadio Renato Dall'Ara,Davide Ghersini
Serie A,2022-2023,2022-09-03,15:00,Fiorentina,1–1,Juventus,36550.0,Stadio Artemio Franchi,Daniele Doveri
Serie A,2022-2023,2022-09-03,18:00,Milan,3–2,Inter,75475.0,Stadio Giuseppe Meazza,Daniele Chiffi
Serie A,2022-2023,2022-09-03,20:45,Lazio,1–2,Napoli,39000.0,Stadio Olimpico,Simone Sozza
Serie A,2022-2023,2022-09-04,12:30,Cremonese,0–0,Sassuolo,9105.0,Stadio Giovanni Zini,Luca Pairetto
Serie A,2022-2023,2022-09-04,15:00,Spezia,2–2,Bologna,7555.0,Stadio Alberto Picco,Antonio Giua
Serie A,2022-2023,2022-09-04,18:00,Hellas Verona,2–1,Sampdoria,16675.0,Stadio Marc'Antonio Bentegodi,Paolo Valeri
Serie A,2022-2023,2022-09-04,20:45,Udinese,4–0,Roma,24108.0,Dacia Arena,Fabio Maresca
Serie A,2022-2023,2022-09-05,18:30,Salernitana,2–2,Empoli,18173.0,Stadio Arechi,Rosario Abisso
Serie A,2022-2023,2022-09-05,18:30,Monza,0–2,Atalanta,11970.0,U-Power Stadium,Juan Luca Sacchi
Serie A,2022-2023,2022-09-05,20:45,Torino,1–0,Lecce,19087.0,Stadio Olimpico di Torino,Manuel Volpi
Serie A,2022-2023,2022-09-10,15:00,Napoli,1–0,Spezia,32839.0,Stadio Diego Armando Maradona,Alberto Santoro
Serie A,2022-2023,2022-09-10,18:00,Inter,1–0,Torino,69134.0,Stadio Giuseppe Meazza,Giovanni Ayroldi
Serie A,2022-2023,2022-09-10,20:45,Sampdoria,1–2,Milan,23049.0,Stadio Comunale Luigi Ferraris,Michael Fabbri
Serie A,2022-2023,2022-09-11,12:30,Atalanta,1–1,Cremonese,18252.0,Gewiss Stadium,Andrea Colombo
Serie A,2022-2023,2022-09-11,15:00,Bologna,2–1,Fiorentina,18901.0,Stadio Renato Dall'Ara,Daniele Orsato
Serie A,2022-2023,2022-09-11,15:00,Lecce,1–1,Monza,23391.0,Stadio Comunale Via Del Mare,Luca Pairetto
Serie A,2022-2023,2022-09-11,15:00,Sassuolo,1–3,Udinese,8694.0,Mapei Stadium - Città del Tricolore,Giacomo Camplone
Serie A,2022-2023,2022-09-11,18:00,Lazio,2–0,Hellas Verona,38000.0,Stadio Olimpico,Massimiliano Irrati
Serie A,2022-2023,2022-09-11,20:45,Juventus,2–2,Salernitana,35097.0,Allianz Stadium,Matteo Marcenaro
Serie A,2022-2023,2022-09-12,20:45,Empoli,1–2,Roma,4560.0,Stadio Carlo Castellani,Livio Marinelli
Serie A,2022-2023,2022-09-16,20:45,Salernitana,1–2,Lecce,19488.0,Stadio Arechi,Daniele Doveri
Serie A,2022-2023,2022-09-17,15:00,Bologna,0–1,Empoli,15670.0,Stadio Renato Dall'Ara,Manuel Volpi
Serie A,2022-2023,2022-09-17,18:00,Spezia,2–1,Sampdoria,10000.0,Stadio Alberto Picco,Simone Sozza
Serie A,2022-2023,2022-09-17,20:45,Torino,0–1,Sassuolo,14822.0,Stadio Olimpico di Torino,Niccolo Baroni
Serie A,2022-2023,2022-09-18,12:30,Udinese,3–1,Inter,22475.0,Dacia Arena,Paolo Valeri
Serie A,2022-2023,2022-09-18,15:00,Cremonese,0–4,Lazio,12991.0,Stadio Giovanni Zini,Daniele Orsato
Serie A,2022-2023,2022-09-18,15:00,Monza,1–0,Juventus,12878.0,U-Power Stadium,Fabio Maresca
Serie A,2022-2023,2022-09-18,15:00,Fiorentina,2–0,Hellas Verona,32216.0,Stadio Artemio Franchi,Antonio Rapuano
Serie A,2022-2023,2022-09-18,18:00,Roma,0–1,Atalanta,61335.0,Stadio Olimpico,Daniele Chiffi
Serie A,2022-2023,2022-09-18,20:45,Milan,1–2,Napoli,72573.0,Stadio Giuseppe Meazza,Maurizio Mariani
Serie A,2022-2023,2022-10-01,15:00,Napoli,3–1,Torino,35953.0,Stadio Diego Armando Maradona,Luca Massimi
Serie A,2022-2023,2022-10-01,18:00,Inter,1–2,Roma,75389.0,Stadio Giuseppe Meazza,Davide Massa
Serie A,2022-2023,2022-10-01,20:45,Empoli,1–3,Milan,15497.0,Stadio Carlo Castellani,Gianluca Aureliano
Serie A,2022-2023,2022-10-02,12:30,Lazio,4–0,Spezia,41000.0,Stadio Olimpico,Juan Luca Sacchi
Serie A,2022-2023,2022-10-02,15:00,Sassuolo,5–0,Salernitana,15786.0,Mapei Stadium - Città del Tricolore,Maria Sole Ferrieri Caputi
Serie A,2022-2023,2022-10-02,15:00,Sampdoria,0–3,Monza,19806.0,Stadio Comunale Luigi Ferraris,Giovanni Ayroldi
Serie A,2022-2023,2022-10-02,15:00,Lecce,1–1,Cremonese,23377.0,Stadio Comunale Via Del Mare,Livio Marinelli
Serie A,2022-2023,2022-10-02,18:00,Atalanta,1–0,Fiorentina,18265.0,Gewiss Stadium,Massimiliano Irrati
Serie A,2022-2023,2022-10-02,20:45,Juventus,3–0,Bologna,34662.0,Allianz Stadium,Rosario Abisso
Serie A,2022-2023,2022-10-03,20:45,Hellas Verona,1–2,Udinese,15352.0,Stadio Marc'Antonio Bentegodi,Daniele Minelli
Serie A,2022-2023,2022-10-08,15:00,Sassuolo,1–2,Inter,17574.0,Mapei Stadium - Città del Tricolore,Simone Sozza
Serie A,2022-2023,2022-10-08,18:00,Milan,2–0,Juventus,75530.0,Stadio Giuseppe Meazza,Daniele Orsato
Serie A,2022-2023,2022-10-08,20:45,Bologna,1–1,Sampdoria,20871.0,Stadio Renato Dall'Ara,Marco Piccinini
Serie A,2022-2023,2022-10-09,12:30,Torino,1–1,Empoli,16793.0,Stadio Olimpico di Torino,Francesco Fourneau
Serie A,2022-2023,2022-10-09,15:00,Monza,2–0,Spezia,12094.0,U-Power Stadium,Daniele Perenzoni
Serie A,2022-2023,2022-10-09,15:00,Salernitana,2–1,Hellas Verona,15922.0,Stadio Arechi,Davide Ghersini
Serie A,2022-2023,2022-10-09,15:00,Udinese,2–2,Atalanta,24671.0,Dacia Arena,Daniele Doveri
Serie A,2022-2023,2022-10-09,18:00,Cremonese,1–4,Napoli,14238.0,Stadio Giovanni Zini,Rosario Abisso
Serie A,2022-2023,2022-10-09,20:45,Roma,2–1,Lecce,64018.0,Stadio Olimpico,Alessandro Prontera
Serie A,2022-2023,2022-10-10,20:45,Fiorentina,0–4,Lazio,30574.0,Stadio Artemio Franchi,Fabio Maresca
Serie A,2022-2023,2022-10-15,15:00,Empoli,1–0,Monza,7258.0,Stadio Carlo Castellani,Antonio Rapuano
Serie A,2022-2023,2022-10-15,18:00,Torino,0–1,Juventus,22269.0,Stadio Olimpico di Torino,Maurizio Mariani
Serie A,2022-2023,2022-10-15,20:45,Atalanta,2–1,Sassuolo,17772.0,Gewiss Stadium,Matteo Marcenaro
Serie A,2022-2023,2022-10-16,12:30,Inter,2–0,Salernitana,75452.0,Stadio Giuseppe Meazza,Juan Luca Sacchi
Serie A,2022-2023,2022-10-16,15:00,Spezia,2–2,Cremonese,8400.0,Stadio Alberto Picco,Gianluca Manganiello
Serie A,2022-2023,2022-10-16,15:00,Lazio,0–0,Udinese,45000.0,Stadio Olimpico,Andrea Colombo
Serie A,2022-2023,2022-10-16,18:00,Napoli,3–2,Bologna,50000.0,Stadio Diego Armando Maradona,Francesco Cosso
Serie A,2022-2023,2022-10-16,20:45,Hellas Verona,1–2,Milan,22904.0,Stadio Marc'Antonio Bentegodi,Davide Massa
Serie A,2022-2023,2022-10-17,18:30,Sampdoria,0–1,Roma,20803.0,Stadio Comunale Luigi Ferraris,Marco Di Bello
Serie A,2022-2023,2022-10-17,20:45,Lecce,1–1,Fiorentina,24925.0,Stadio Comunale Via Del Mare,Luca Massimi
Serie A,2022-2023,2022-10-21,20:45,Juventus,4–0,Empoli,37771.0,Allianz Stadium,Michael Fabbri
Serie A,2022-2023,2022-10-22,15:00,Salernitana,1–0,Spezia,17260.0,Stadio Arechi,Daniele Chiffi
Serie A,2022-2023,2022-10-22,18:00,Milan,4–1,Monza,72938.0,Stadio Giuseppe Meazza,Livio Marinelli
Serie A,2022-2023,2022-10-22,20:45,Fiorentina,3–4,Inter,36699.0,Stadio Artemio Franchi,Paolo Valeri
Serie A,2022-2023,2022-10-23,12:30,Udinese,1–2,Torino,20711.0,Dacia Arena,Matteo Marchetti
Serie A,2022-2023,2022-10-23,15:00,Bologna,2–0,Lecce,24206.0,Stadio Renato Dall'Ara,Simone Sozza
Serie A,2022-2023,2022-10-23,18:00,Atalanta,0–2,Lazio,18988.0,Gewiss Stadium,Rosario Abisso
Serie A,2022-2023,2022-10-23,20:45,Roma,0–1,Napoli,61633.0,Stadio Olimpico,Massimiliano Irrati
Serie A,2022-2023,2022-10-24,18:30,Cremonese,0–1,Sampdoria,13021.0,Stadio Giovanni Zini,Fabio Maresca
Serie A,2022-2023,2022-10-24,20:45,Sassuolo,2–1,Hellas Verona,11368.0,Mapei Stadium - Città del Tricolore,Alberto Santoro
Serie A,2022-2023,2022-10-29,15:00,Napoli,4–0,Sassuolo,45000.0,Stadio Diego Armando Maradona,Antonio Rapuano
Serie A,2022-2023,2022-10-29,18:00,Lecce,0–1,Juventus,25860.0,Stadio Comunale Via Del Mare,Daniele Chiffi
Serie A,2022-2023,2022-10-29,20:45,Inter,3–0,Sampdoria,73311.0,Stadio Giuseppe Meazza,Luca Massimi
Serie A,2022-2023,2022-10-30,12:30,Empoli,0–2,Atalanta,8740.0,Stadio Carlo Castellani,Giovanni Ayroldi
Serie A,2022-2023,2022-10-30,15:00,Cremonese,0–0,Udinese,12810.0,Stadio Giovanni Zini,Massimiliano Irrati
Serie A,2022-2023,2022-10-30,15:00,Spezia,1–2,Fiorentina,10500.0,Stadio Alberto Picco,Davide Massa
Serie A,2022-2023,2022-10-30,18:00,Lazio,1–3,Salernitana,40000.0,Stadio Olimpico,Gianluca Manganiello
Serie A,2022-2023,2022-10-30,20:45,Torino,2–1,Milan,26133.0,Stadio Olimpico di Torino,Rosario Abisso
Serie A,2022-2023,2022-10-31,18:30,Hellas Verona,1–3,Roma,24000.0,Stadio Marc'Antonio Bentegodi,Juan Luca Sacchi
Serie A,2022-2023,2022-10-31,20:45,Monza,1–2,Bologna,11388.0,U-Power Stadium,Luca Pairetto
Serie A,2022-2023,2022-11-04,20:45,Udinese,1–1,Lecce,21834.0,Dacia Arena,Francesco Fourneau
Serie A,2022-2023,2022-11-05,15:00,Empoli,1–0,Sassuolo,7834.0,Stadio Carlo Castellani,Ermanno Feliciani
Serie A,2022-2023,2022-11-05,15:00,Salernitana,2–2,Cremonese,16780.0,Stadio Arechi,Matteo Marchetti
Serie A,2022-2023,2022-11-05,18:00,Atalanta,1–2,Napoli,19363.0,Gewiss Stadium,Maurizio Mariani
Serie A,2022-2023,2022-11-05,20:45,Milan,2–1,Spezia,71099.0,Stadio Giuseppe Meazza,Michael Fabbri
Serie A,2022-2023,2022-11-06,12:30,Bologna,2–1,Torino,23168.0,Stadio Renato Dall'Ara,Antonio Giua
Serie A,2022-2023,2022-11-06,15:00,Monza,2–0,Hellas Verona,11723.0,U-Power Stadium,Francesco Cosso
Serie A,2022-2023,2022-11-06,15:00,Sampdoria,0–2,Fiorentina,19226.0,Stadio Comunale Luigi Ferraris,Livio Marinelli
Serie A,2022-2023,2022-11-06,18:00,Roma,0–1,Lazio,62847.0,Stadio Olimpico,Daniele Orsato
Serie A,2022-2023,2022-11-06,20:45,Juventus,2–0,Inter,40093.0,Allianz Stadium,Daniele Doveri
Serie A,2022-2023,2022-11-08,18:30,Spezia,1–1,Udinese,6900.0,Stadio Alberto Picco,Marco Piccinini
Serie A,2022-2023,2022-11-08,18:30,Napoli,2–0,Empoli,36000.0,Stadio Diego Armando Maradona,Luca Pairetto
Serie A,2022-2023,2022-11-08,20:45,Cremonese,0–0,Milan,14610.0,Stadio Giovanni Zini,Antonio Rapuano
Serie A,2022-2023,2022-11-09,18:30,Lecce,2–1,Atalanta,23797.0,Stadio Comunale Via Del Mare,Gianluca Aureliano
Serie A,2022-2023,2022-11-09,18:30,Sassuolo,1–1,Roma,16665.0,Mapei Stadium - Città del Tricolore,Giovanni Ayroldi
Serie A,2022-2023,2022-11-09,20:45,Inter,6–1,Bologna,69312.0,Stadio Giuseppe Meazza,Andrea Colombo
Serie A,2022-2023,2022-11-09,20:45,Fiorentina,2–1,Salernitana,27329.0,Stadio Artemio Franchi,Federico La Penna
Serie A,2022-2023,2022-11-09,20:45,Torino,2–0,Sampdoria,15593.0,Stadio Olimpico di Torino,Davide Massa
Serie A,2022-2023,2022-11-10,18:30,Hellas Verona,0–1,Juventus,21934.0,Stadio Marc'Antonio Bentegodi,Marco Di Bello
Serie A,2022-2023,2022-11-10,20:45,Lazio,1–0,Monza,36000.0,Stadio Olimpico,Alberto Santoro
Serie A,2022-2023,2022-11-11,20:45,Empoli,2–0,Cremonese,8077.0,Stadio Carlo Castellani,Federico Dionisi
Serie A,2022-2023,2022-11-12,15:00,Napoli,3–2,Udinese,51000.0,Stadio Diego Armando Maradona,Giovanni Ayroldi
Serie A,2022-2023,2022-11-12,18:00,Sampdoria,0–2,Lecce,20211.0,Stadio Comunale Luigi Ferraris,Daniele Doveri
Serie A,2022-2023,2022-11-12,20:45,Bologna,3–0,Sassuolo,20811.0,Stadio Renato Dall'Ara,Ivano Pezzuto
Serie A,2022-2023,2022-11-13,12:30,Atalanta,2–3,Inter,19353.0,Gewiss Stadium,Daniele Chiffi
Serie A,2022-2023,2022-11-13,15:00,Roma,1–1,Torino,61168.0,Stadio Olimpico,Antonio Rapuano
Serie A,2022-2023,2022-11-13,15:00,Hellas Verona,1–2,Spezia,18000.0,Stadio Marc'Antonio Bentegodi,Fabio Maresca
Serie A,2022-2023,2022-11-13,15:00,Monza,3–0,Salernitana,12372.0,U-Power Stadium,Antonio Giua
Serie A,2022-2023,2022-11-13,18:00,Milan,2–1,Fiorentina,73007.0,Stadio Giuseppe Meazza,Simone Sozza
Serie A,2022-2023,2022-11-13,20:45,Juventus,3–0,Lazio,38729.0,Allianz Stadium,Davide Massa
Serie A,2022-2023,2023-01-04,12:30,Sassuolo,1–2,Sampdoria,8000.0,Mapei Stadium - Città del Tricolore,Fabio Maresca
Serie A,2022-2023,2023-01-04,12:30,Salernitana,1–2,Milan,29541.0,Stadio Arechi,Francesco Fourneau
Serie A,2022-2023,2023-01-04,14:30,Spezia,2–2,Atalanta,7417.0,Stadio Alberto Picco,Antonio Giua
Serie A,2022-2023,2023-01-04,14:30,Torino,1–1,Hellas Verona,15000.0,Stadio Olimpico di Torino,Federico Dionisi
Serie A,2022-2023,2023-01-04,16:30,Lecce,2–1,Lazio,26084.0,Stadio Comunale Via Del Mare,Livio Marinelli
Serie A,2022-2023,2023-01-04,16:30,Roma,1–0,Bologna,62092.0,Stadio Olimpico,Alberto Santoro
Serie A,2022-2023,2023-01-04,18:30,Fiorentina,1–1,Monza,31190.0,Stadio Artemio Franchi,Ermanno Feliciani
Serie A,2022-2023,2023-01-04,18:30,Cremonese,0–1,Juventus,14896.0,Stadio Giovanni Zini,Giovanni Ayroldi
Serie A,2022-2023,2023-01-04,20:45,Udinese,1–1,Empoli,19237.0,Dacia Arena,Marco Serra
Serie A,2022-2023,2023-01-04,20:45,Inter,1–0,Napoli,75470.0,Stadio Giuseppe Meazza,Simone Sozza
Serie A,2022-2023,2023-01-07,15:00,Fiorentina,2–1,Sassuolo,29695.0,Stadio Artemio Franchi,Gianluca Manganiello
Serie A,2022-2023,2023-01-07,18:00,Juventus,1–0,Udinese,39536.0,Allianz Stadium,Matteo Marchetti
Serie A,2022-2023,2023-01-07,20:45,Monza,2–2,Inter,13622.0,U-Power Stadium,Juan Luca Sacchi
Serie A,2022-2023,2023-01-08,12:30,Salernitana,1–1,Torino,16300.0,Stadio Arechi,Andrea Colombo
Serie A,2022-2023,2023-01-08,15:00,Spezia,0–0,Lecce,7300.0,Stadio Alberto Picco,Daniele Chiffi
Serie A,2022-2023,2023-01-08,15:00,Lazio,2–2,Empoli,31000.0,Stadio Olimpico,Ivano Pezzuto
Serie A,2022-2023,2023-01-08,18:00,Sampdoria,0–2,Napoli,24490.0,Stadio Comunale Luigi Ferraris,Rosario Abisso
Serie A,2022-2023,2023-01-08,20:45,Milan,2–2,Roma,74103.0,Stadio Giuseppe Meazza,Davide Massa
Serie A,2022-2023,2023-01-09,18:30,Hellas Verona,2–0,Cremonese,3804.0,Stadio Marc'Antonio Bentegodi,Maurizio Mariani
Serie A,2022-2023,2023-01-09,20:45,Bologna,1–2,Atalanta,16953.0,Stadio Renato Dall'Ara,Marco Di Bello
Serie A,2022-2023,2023-01-13,20:45,Napoli,5–1,Juventus,60000.0,Stadio Diego Armando Maradona,Daniele Doveri
Serie A,2022-2023,2023-01-14,15:00,Cremonese,2–3,Monza,11519.0,Stadio Giovanni Zini,Davide Massa
Serie A,2022-2023,2023-01-14,18:00,Lecce,2–2,Milan,25942.0,Stadio Comunale Via Del Mare,Daniele Orsato
Serie A,2022-2023,2023-01-14,20:45,Inter,1–0,Hellas Verona,70734.0,Stadio Giuseppe Meazza,Michael Fabbri
Serie A,2022-2023,2023-01-15,12:30,Sassuolo,0–2,Lazio,10000.0,Mapei Stadium - Città del Tricolore,Luca Pairetto
Serie A,2022-2023,2023-01-15,15:00,Udinese,1–2,Bologna,20486.0,Dacia Arena,Manuel Volpi
Serie A,2022-2023,2023-01-15,15:00,Torino,0–1,Spezia,15113.0,Stadio Olimpico di Torino,Davide Ghersini
Serie A,2022-2023,2023-01-15,18:00,Atalanta,8–2,Salernitana,18499.0,Gewiss Stadium,Gianluca Aureliano
Serie A,2022-2023,2023-01-15,20:45,Roma,2–0,Fiorentina,61327.0,Stadio Olimpico,Antonio Giua
Serie A,2022-2023,2023-01-16,20:45,Empoli,1–0,Sampdoria,10364.0,Stadio Carlo Castellani,Alberto Santoro
Serie A,2022-2023,2023-01-21,15:00,Hellas Verona,2–0,Lecce,19955.0,Stadio Marc'Antonio Bentegodi,Federico La Penna
Serie A,2022-2023,2023-01-21,18:00,Salernitana,0–2,Napoli,18555.0,Stadio Arechi,Daniele Chiffi
Serie A,2022-2023,2023-01-21,20:45,Fiorentina,0–1,Torino,29281.0,Stadio Artemio Franchi,Federico Dionisi
Serie A,2022-2023,2023-01-22,12:30,Sampdoria,0–1,Udinese,18642.0,Stadio Comunale Luigi Ferraris,Maurizio Mariani
Serie A,2022-2023,2023-01-22,15:00,Monza,1–1,Sassuolo,10200.0,U-Power Stadium,Alessandro Prontera
Serie A,2022-2023,2023-01-22,18:00,Spezia,0–2,Roma,9153.0,Stadio Alberto Picco,Simone Sozza
Serie A,2022-2023,2023-01-22,20:45,Juventus,3–3,Atalanta,33565.0,Allianz Stadium,Livio Marinelli
Serie A,2022-2023,2023-01-23,18:30,Bologna,1–1,Cremonese,15587.0,Stadio Renato Dall'Ara,Matteo Marchetti
Serie A,2022-2023,2023-01-23,20:45,Inter,0–1,Empoli,65476.0,Stadio Giuseppe Meazza,Antonio Rapuano
Serie A,2022-2023,2023-01-24,20:45,Lazio,4–0,Milan,47000.0,Stadio Olimpico,Marco Di Bello
Serie A,2022-2023,2023-01-27,18:30,Bologna,2–0,Spezia,17213.0,Stadio Renato Dall'Ara,Luca Massimi
Serie A,2022-2023,2023-01-27,20:45,Lecce,1–2,Salernitana,24446.0,Stadio Comunale Via Del Mare,Davide Massa
Serie A,2022-2023,2023-01-28,15:00,Empoli,2–2,Torino,8029.0,Stadio Carlo Castellani,Matteo Marcenaro
Serie A,2022-2023,2023-01-28,18:00,Cremonese,1–2,Inter,14554.0,Stadio Giovanni Zini,Maurizio Mariani
Serie A,2022-2023,2023-01-28,20:45,Atalanta,2–0,Sampdoria,19095.0,Gewiss Stadium,Daniele Doveri
Serie A,2022-2023,2023-01-29,12:30,Milan,2–5,Sassuolo,70428.0,Stadio Giuseppe Meazza,Antonio Giua
Serie A,2022-2023,2023-01-29,15:00,Juventus,0–2,Monza,39393.0,Allianz Stadium,Gianluca Aureliano
Serie A,2022-2023,2023-01-29,18:00,Lazio,1–1,Fiorentina,43000.0,Stadio Olimpico,Andrea Colombo
Serie A,2022-2023,2023-01-29,20:45,Napoli,2–1,Roma,48791.0,Stadio Diego Armando Maradona,Daniele Orsato
Serie A,2022-2023,2023-01-30,20:45,Udinese,1–1,Hellas Verona,17276.0,Dacia Arena,Luca Pairetto
Serie A,2022-2023,2023-02-04,15:00,Cremonese,0–2,Lecce,11189.0,Stadio Giovanni Zini,Daniele Orsato
Serie A,2022-2023,2023-02-04,18:00,Roma,2–0,Empoli,60908.0,Stadio Olimpico,Federico Dionisi
Serie A,2022-2023,2023-02-04,20:45,Sassuolo,1–0,Atalanta,12611.0,Mapei Stadium - Città del Tricolore,Matteo Marcenaro
Serie A,2022-2023,2023-02-05,12:30,Spezia,0–3,Napoli,8700.0,Stadio Alberto Picco,Marco Di Bello
Serie A,2022-2023,2023-02-05,15:00,Torino,1–0,Udinese,16820.0,Stadio Olimpico di Torino,Alessandro Prontera
Serie A,2022-2023,2023-02-05,18:00,Fiorentina,1–2,Bologna,30546.0,Stadio Artemio Franchi,Luca Pairetto
Serie A,2022-2023,2023-02-05,20:45,Inter,1–0,Milan,75584.0,Stadio Giuseppe Meazza,Davide Massa
Serie A,2022-2023,2023-02-06,18:30,Hellas Verona,1–1,Lazio,20329.0,Stadio Marc'Antonio Bentegodi,Giovanni Ayroldi
Serie A,2022-2023,2023-02-06,20:45,Monza,2–2,Sampdoria,11950.0,U-Power Stadium,Daniele Chiffi
Serie A,2022-2023,2023-02-07,20:45,Salernitana,0–3,Juventus,26945.0,Stadio Arechi,Antonio Rapuano
Serie A,2022-2023,2023-02-10,20:45,Milan,1–0,Torino,68268.0,Stadio Giuseppe Meazza,Giovanni Ayroldi
Serie A,2022-2023,2023-02-11,15:00,Empoli,2–2,Spezia,7871.0,Stadio Carlo Castellani,Antonio Giua
Serie A,2022-2023,2023-02-11,18:00,Lecce,1–1,Roma,25200.0,Stadio Comunale Via Del Mare,Gianluca Aureliano
Serie A,2022-2023,2023-02-11,20:45,Lazio,0–2,Atalanta,41000.0,Stadio Olimpico,Daniele Orsato
Serie A,2022-2023,2023-02-12,12:30,Udinese,2–2,Sassuolo,20912.0,Dacia Arena,Ivano Pezzuto
Serie A,2022-2023,2023-02-12,15:00,Bologna,0–1,Monza,21692.0,Stadio Renato Dall'Ara,Luca Zufferli
Serie A,2022-2023,2023-02-12,18:00,Juventus,1–0,Fiorentina,34844.0,Allianz Stadium,Michael Fabbri
Serie A,2022-2023,2023-02-12,20:45,Napoli,3–0,Cremonese,50250.0,Stadio Diego Armando Maradona,Luca Massimi
Serie A,2022-2023,2023-02-13,18:30,Hellas Verona,1–0,Salernitana,17832.0,Stadio Marc'Antonio Bentegodi,Paolo Valeri
Serie A,2022-2023,2023-02-13,20:45,Sampdoria,0–0,Inter,21575.0,Stadio Comunale Luigi Ferraris,Fabio Maresca
Serie A,2022-2023,2023-02-17,20:45,Sassuolo,0–2,Napoli,15911.0,Mapei Stadium - Città del Tricolore,Andrea Colombo
Serie A,2022-2023,2023-02-18,15:00,Sampdoria,1–2,Bologna,18269.0,Stadio Comunale Luigi Ferraris,Massimiliano Irrati
Serie A,2022-2023,2023-02-18,18:00,Monza,0–1,Milan,14012.0,U-Power Stadium,Antonio Rapuano
Serie A,2022-2023,2023-02-18,20:45,Inter,3–1,Udinese,71248.0,Stadio Giuseppe Meazza,Federico Dionisi
Serie A,2022-2023,2023-02-19,12:30,Atalanta,1–2,Lecce,19435.0,Gewiss Stadium,Marco Piccinini
Serie A,2022-2023,2023-02-19,15:00,Fiorentina,1–1,Empoli,29663.0,Stadio Artemio Franchi,Alessandro Prontera
Serie A,2022-2023,2023-02-19,15:00,Salernitana,0–2,Lazio,14860.0,Stadio Arechi,Rosario Abisso
Serie A,2022-2023,2023-02-19,18:00,Spezia,0–2,Juventus,11767.0,Stadio Alberto Picco,Federico La Penna
Serie A,2022-2023,2023-02-19,20:45,Roma,1–0,Hellas Verona,61009.0,Stadio Olimpico,Simone Sozza
Serie A,2022-2023,2023-02-20,20:45,Torino,2–2,Cremonese,19095.0,Stadio Olimpico di Torino,Giacomo Camplone
Serie A,2022-2023,2023-02-25,18:00,Empoli,0–2,Napoli,12624.0,Stadio Carlo Castellani,Giovanni Ayroldi
Serie A,2022-2023,2023-02-25,20:45,Lecce,0–1,Sassuolo,23760.0,Stadio Comunale Via Del Mare,Niccolo Baroni
Serie A,2022-2023,2023-02-26,12:30,Bologna,1–0,Inter,28317.0,Stadio Renato Dall'Ara,Daniele Orsato
Serie A,2022-2023,2023-02-26,15:00,Salernitana,3–0,Monza,14947.0,Stadio Arechi,Livio Marinelli
Serie A,2022-2023,2023-02-26,18:00,Udinese,2–2,Spezia,20710.0,Dacia Arena,Matteo Marchetti
Serie A,2022-2023,2023-02-26,20:45,Milan,2–0,Atalanta,72203.0,Stadio Giuseppe Meazza,Maurizio Mariani
Serie A,2022-2023,2023-02-27,18:30,Hellas Verona,0–3,Fiorentina,17787.0,Stadio Marc'Antonio Bentegodi,Federico La Penna
Serie A,2022-2023,2023-02-27,20:45,Lazio,1–0,Sampdoria,35000.0,Stadio Olimpico,Andrea Colombo
Serie A,2022-2023,2023-02-28,18:30,Cremonese,2–1,Roma,11367.0,Stadio Giovanni Zini,Marco Piccinini
Serie A,2022-2023,2023-02-28,20:45,Juventus,4–2,Torino,37806.0,Allianz Stadium,Daniele Chiffi
Serie A,2022-2023,2023-03-03,20:45,Napoli,0–1,Lazio,45786.0,Stadio Diego Armando Maradona,Luca Pairetto
Serie A,2022-2023,2023-03-04,15:00,Monza,2–1,Empoli,10601.0,U-Power Stadium,Ermanno Feliciani
Serie A,2022-2023,2023-03-04,18:00,Atalanta,0–0,Udinese,18475.0,Gewiss Stadium,Davide Ghersini
Serie A,2022-2023,2023-03-04,20:45,Fiorentina,2–1,Milan,40410.0,Stadio Artemio Franchi,Marco Di Bello
Serie A,2022-2023,2023-03-05,12:30,Spezia,0–0,Hellas Verona,10020.0,Stadio Alberto Picco,Daniele Doveri
Serie A,2022-2023,2023-03-05,15:00,Sampdoria,0–0,Salernitana,20353.0,Stadio Comunale Luigi Ferraris,Davide Massa
Serie A,2022-2023,2023-03-05,18:00,Inter,2–0,Lecce,75033.0,Stadio Giuseppe Meazza,Gianluca Manganiello
Serie A,2022-2023,2023-03-05,20:45,Roma,1–0,Juventus,64213.0,Stadio Olimpico,Fabio Maresca
Serie A,2022-2023,2023-03-06,18:30,Sassuolo,3–2,Cremonese,11587.0,Mapei Stadium - Città del Tricolore,Francesco Fourneau
Serie A,2022-2023,2023-03-06,20:45,Torino,1–0,Bologna,18592.0,Stadio Olimpico di Torino,Antonio Rapuano
Serie A,2022-2023,2023-03-10,20:45,Spezia,2–1,Inter,11767.0,Stadio Alberto Picco,Livio Marinelli
Serie A,2022-2023,2023-03-11,15:00,Empoli,0–1,Udinese,7465.0,Stadio Carlo Castellani,Francesco Cosso
Serie A,2022-2023,2023-03-11,18:00,Napoli,2–0,Atalanta,50601.0,Stadio Diego Armando Maradona,Andrea Colombo
Serie A,2022-2023,2023-03-11,20:45,Bologna,0–0,Lazio,27369.0,Stadio Renato Dall'Ara,Fabio Maresca
Serie A,2022-2023,2023-03-12,12:30,Lecce,0–2,Torino,24413.0,Stadio Comunale Via Del Mare,Juan Luca Sacchi
Serie A,2022-2023,2023-03-12,15:00,Cremonese,0–2,Fiorentina,11506.0,Stadio Giovanni Zini,Matteo Marcenaro
Serie A,2022-2023,2023-03-12,15:00,Hellas Verona,1–1,Monza,18061.0,Stadio Marc'Antonio Bentegodi,Marco Piccinini
Serie A,2022-2023,2023-03-12,18:00,Roma,3–4,Sassuolo,60816.0,Stadio Olimpico,Michael Fabbri
Serie A,2022-2023,2023-03-12,20:45,Juventus,4–2,Sampdoria,35166.0,Allianz Stadium,Alessandro Prontera
Serie A,2022-2023,2023-03-13,20:45,Milan,1–1,Salernitana,71870.0,Stadio Giuseppe Meazza,Federico La Penna
Serie A,2022-2023,2023-03-17,18:30,Sassuolo,1–0,Spezia,11152.0,Mapei Stadium - Città del Tricolore,Davide Ghersini
Serie A,2022-2023,2023-03-17,20:45,Atalanta,2–1,Empoli,17864.0,Gewiss Stadium,Federico Dionisi
Serie A,2022-2023,2023-03-18,15:00,Monza,1–1,Cremonese,12797.0,U-Power Stadium,Antonio Giua
Serie A,2022-2023,2023-03-18,18:00,Salernitana,2–2,Bologna,18600.0,Stadio Arechi,Luca Pairetto
Serie A,2022-2023,2023-03-18,20:45,Udinese,3–1,Milan,24992.0,Dacia Arena,Daniele Doveri
Serie A,2022-2023,2023-03-19,12:30,Sampdoria,3–1,Hellas Verona,18228.0,Stadio Comunale Luigi Ferraris,Maurizio Mariani
Serie A,2022-2023,2023-03-19,15:00,Torino,0–4,Napoli,26058.0,Stadio Olimpico di Torino,Matteo Marchetti
Serie A,2022-2023,2023-03-19,15:00,Fiorentina,1–0,Lecce,34604.0,Stadio Artemio Franchi,Rosario Abisso
Serie A,2022-2023,2023-03-19,18:00,Lazio,1–0,Roma,62000.0,Stadio Olimpico,Davide Massa
Serie A,2022-2023,2023-03-19,20:45,Inter,0–1,Juventus,75224.0,Stadio Giuseppe Meazza,Daniele Chiffi
Serie A,2022-2023,2023-04-01,15:00,Cremonese,1–3,Atalanta,11891.0,Stadio Giovanni Zini,Livio Marinelli
Serie A,2022-2023,2023-04-01,18:00,Inter,0–1,Fiorentina,73576.0,Stadio Giuseppe Meazza,Fabio Maresca
Serie A,2022-2023,2023-04-01,20:45,Juventus,1–0,Hellas Verona,40105.0,Allianz Stadium,Matteo Marchetti
Serie A,2022-2023,2023-04-02,12:30,Bologna,3–0,Udinese,25562.0,Stadio Renato Dall'Ara,Maria Sole Ferrieri Caputi
Serie A,2022-2023,2023-04-02,15:00,Spezia,1–1,Salernitana,10723.0,Stadio Alberto Picco,Daniele Orsato
Serie A,2022-2023,2023-04-02,15:00,Monza,0–2,Lazio,14539.0,U-Power Stadium,Matteo Marcenaro
Serie A,2022-2023,2023-04-02,18:00,Roma,3–0,Sampdoria,62108.0,Stadio Olimpico,Massimiliano Irrati
Serie A,2022-2023,2023-04-02,20:45,Napoli,0–4,Milan,51466.0,Stadio Diego Armando Maradona,Antonio Rapuano
Serie A,2022-2023,2023-04-03,18:30,Empoli,1–0,Lecce,8844.0,Stadio Carlo Castellani,Michael Fabbri
Serie A,2022-2023,2023-04-03,20:45,Sassuolo,1–1,Torino,12896.0,Mapei Stadium - Città del Tricolore,Ivano Pezzuto
Serie A,2022-2023,2023-04-07,17:00,Salernitana,1–1,Inter,23702.0,Stadio Arechi,Michael Fabbri
Serie A,2022-2023,2023-04-07,19:00,Lecce,1–2,Napoli,25799.0,Stadio Comunale Via Del Mare,Gianluca Manganiello
Serie A,2022-2023,2023-04-07,21:00,Milan,0–0,Empoli,70286.0,Stadio Giuseppe Meazza,Matteo Marcenaro
Serie A,2022-2023,2023-04-08,12:30,Udinese,2–2,Monza,22658.0,Dacia Arena,Luca Massimi
Serie A,2022-2023,2023-04-08,14:30,Fiorentina,1–1,Spezia,35863.0,Stadio Artemio Franchi,Federico Dionisi
Serie A,2022-2023,2023-04-08,16:30,Atalanta,0–2,Bologna,18950.0,Gewiss Stadium,Daniele Orsato
Serie A,2022-2023,2023-04-08,16:30,Sampdoria,2–3,Cremonese,20421.0,Stadio Comunale Luigi Ferraris,Daniele Doveri
Serie A,2022-2023,2023-04-08,18:30,Torino,0–1,Roma,22142.0,Stadio Olimpico di Torino,Andrea Colombo
Serie A,2022-2023,2023-04-08,18:30,Hellas Verona,2–1,Sassuolo,23660.0,Stadio Marc'Antonio Bentegodi,Francesco Fourneau
Serie A,2022-2023,2023-04-08,20:45,Lazio,2–1,Juventus,54000.0,Stadio Olimpico,Marco Di Bello
Serie A,2022-2023,2023-04-14,18:30,Cremonese,1–0,Empoli,8966.0,Stadio Giovanni Zini,Luca Zufferli
Serie A,2022-2023,2023-04-14,20:45,Spezia,0–3,Lazio,9500.0,Stadio Alberto Picco,Massimiliano Irrati
Serie A,2022-2023,2023-04-15,15:00,Bologna,1–1,Milan,29024.0,Stadio Renato Dall'Ara,Davide Massa
Serie A,2022-2023,2023-04-15,18:00,Napoli,0–0,Hellas Verona,39216.0,Stadio Diego Armando Maradona,Federico La Penna
Serie A,2022-2023,2023-04-15,20:45,Inter,0–1,Monza,74135.0,Stadio Giuseppe Meazza,Luca Pairetto
Serie A,2022-2023,2023-04-16,12:30,Lecce,1–1,Sampdoria,22471.0,Stadio Comunale Via Del Mare,Maurizio Mariani
Serie A,2022-2023,2023-04-16,15:00,Torino,1–1,Salernitana,21122.0,Stadio Olimpico di Torino,Gianluca Aureliano
Serie A,2022-2023,2023-04-16,18:00,Sassuolo,1–0,Juventus,19566.0,Mapei Stadium - Città del Tricolore,Antonio Rapuano
Serie A,2022-2023,2023-04-16,20:45,Roma,3–0,Udinese,61015.0,Stadio Olimpico,Antonio Giua
Serie A,2022-2023,2023-04-17,20:45,Fiorentina,1–1,Atalanta,29628.0,Stadio Artemio Franchi,Marco Guida
Serie A,2022-2023,2023-04-21,20:45,Hellas Verona,2–1,Bologna,21031.0,Stadio Marc'Antonio Bentegodi,Maurizio Mariani
Serie A,2022-2023,2023-04-22,15:00,Salernitana,3–0,Sassuolo,23060.0,Stadio Arechi,Giacomo Camplone
Serie A,2022-2023,2023-04-22,18:00,Lazio,0–1,Torino,50000.0,Stadio Olimpico,Davide Ghersini
Serie A,2022-2023,2023-04-22,20:45,Sampdoria,1–1,Spezia,19181.0,Stadio Comunale Luigi Ferraris,Fabio Maresca
Serie A,2022-2023,2023-04-23,12:30,Empoli,0–3,Inter,15337.0,Stadio Carlo Castellani,Livio Marinelli
Serie A,2022-2023,2023-04-23,15:00,Udinese,3–0,Cremonese,23455.0,Dacia Arena,Francesco Fourneau
Serie A,2022-2023,2023-04-23,15:00,Monza,3–2,Fiorentina,13118.0,U-Power Stadium,Juan Luca Sacchi
Serie A,2022-2023,2023-04-23,18:00,Milan,2–0,Lecce,72614.0,Stadio Giuseppe Meazza,Daniele Chiffi
Serie A,2022-2023,2023-04-23,20:45,Juventus,0–1,Napoli,39839.0,Allianz Stadium,Michael Fabbri
Serie A,2022-2023,2023-04-24,20:45,Atalanta,3–1,Roma,19445.0,Gewiss Stadium,Massimiliano Irrati
Serie A,2022-2023,2023-04-28,18:30,Lecce,1–0,Udinese,23069.0,Stadio Comunale Via Del Mare,Matteo Marchetti
Serie A,2022-2023,2023-04-28,20:45,Spezia,0–2,Monza,9200.0,Stadio Alberto Picco,Antonio Rapuano
Serie A,2022-2023,2023-04-29,18:00,Roma,1–1,Milan,64191.0,Stadio Olimpico,Daniele Orsato
Serie A,2022-2023,2023-04-29,20:45,Torino,1–2,Atalanta,20196.0,Stadio Olimpico di Torino,Juan Luca Sacchi
Serie A,2022-2023,2023-04-30,12:30,Inter,3–1,Lazio,75500.0,Stadio Giuseppe Meazza,Marco Guida
Serie A,2022-2023,2023-04-30,15:00,Napoli,1–1,Salernitana,54726.0,Stadio Diego Armando Maradona,Matteo Marcenaro
Serie A,2022-2023,2023-04-30,15:00,Cremonese,1–1,Hellas Verona,11645.0,Stadio Giovanni Zini,Daniele Doveri
Serie A,2022-2023,2023-04-30,15:00,Sassuolo,2–1,Empoli,10267.0,Mapei Stadium - Città del Tricolore,Federico Dionisi
Serie A,2022-2023,2023-04-30,18:00,Fiorentina,5–0,Sampdoria,30602.0,Stadio Artemio Franchi,Antonio Giua
Serie A,2022-2023,2023-04-30,20:45,Bologna,1–1,Juventus,30071.0,Stadio Renato Dall'Ara,Simone Sozza
Serie A,2022-2023,2023-05-03,18:00,Atalanta,3–2,Spezia,17417.0,Gewiss Stadium,Livio Marinelli
Serie A,2022-2023,2023-05-03,18:00,Salernitana,3–3,Fiorentina,17868.0,Stadio Arechi,Ivano Pezzuto
Serie A,2022-2023,2023-05-03,18:00,Sampdoria,0–2,Torino,16865.0,Stadio Comunale Luigi Ferraris,Giacomo Camplone
Serie A,2022-2023,2023-05-03,18:00,Juventus,2–1,Lecce,33757.0,Allianz Stadium,Francesco Fourneau
Serie A,2022-2023,2023-05-03,21:00,Milan,1–1,Cremonese,68136.0,Stadio Giuseppe Meazza,Luca Pairetto
Serie A,2022-2023,2023-05-03,21:00,Lazio,2–0,Sassuolo,35000.0,Stadio Olimpico,Massimiliano Irrati
Serie A,2022-2023,2023-05-03,21:00,Hellas Verona,0–6,Inter,19409.0,Stadio Marc'Antonio Bentegodi,Daniele Orsato
Serie A,2022-2023,2023-05-03,21:00,Monza,1–1,Roma,12388.0,U-Power Stadium,Daniele Chiffi
Serie A,2022-2023,2023-05-04,20:45,Empoli,3–1,Bologna,8349.0,Stadio Carlo Castellani,Federico La Penna
Serie A,2022-2023,2023-05-04,20:45,Udinese,1–1,Napoli,24911.0,Dacia Arena,Rosario Abisso
Serie A,2022-2023,2023-05-06,15:00,Milan,2–0,Lazio,72365.0,Stadio Giuseppe Meazza,Antonio Rapuano
Serie A,2022-2023,2023-05-06,18:00,Roma,0–2,Inter,61870.0,Stadio Olimpico,Fabio Maresca
Serie A,2022-2023,2023-05-06,20:45,Cremonese,2–0,Spezia,10260.0,Stadio Giovanni Zini,Marco Guida
Serie A,2022-2023,2023-05-07,12:30,Atalanta,0–2,Juventus,19570.0,Gewiss Stadium,Daniele Doveri
Serie A,2022-2023,2023-05-07,15:00,Torino,1–1,Monza,19517.0,Stadio Olimpico di Torino,Luca Zufferli
Serie A,2022-2023,2023-05-07,18:00,Napoli,1–0,Fiorentina,46522.0,Stadio Diego Armando Maradona,Matteo Marchetti
Serie A,2022-2023,2023-05-07,20:45,Lecce,0–1,Hellas Verona,24768.0,Stadio Comunale Via Del Mare,Davide Massa
Serie A,2022-2023,2023-05-08,18:30,Udinese,2–0,Sampdoria,20430.0,Dacia Arena,Niccolo Baroni
Serie A,2022-2023,2023-05-08,18:30,Empoli,2–1,Salernitana,10760.0,Stadio Carlo Castellani,Manuel Volpi
Serie A,2022-2023,2023-05-08,20:45,Sassuolo,1–1,Bologna,13664.0,Mapei Stadium - Città del Tricolore,Maria Sole Ferrieri Caputi
Serie A,2022-2023,2023-05-12,20:45,Lazio,2–2,Lecce,40000.0,Stadio Olimpico,Fabio Maresca
Serie A,2022-2023,2023-05-13,15:00,Salernitana,1–0,Atalanta,17400.0,Stadio Arechi,Marco Piccinini
Serie A,2022-2023,2023-05-13,18:00,Spezia,2–0,Milan,11366.0,Stadio Alberto Picco,Daniele Doveri
Serie A,2022-2023,2023-05-13,20:45,Inter,4–2,Sassuolo,71246.0,Stadio Giuseppe Meazza,Matteo Marcenaro
Serie A,2022-2023,2023-05-14,12:30,Hellas Verona,0–1,Torino,19658.0,Stadio Marc'Antonio Bentegodi,Marco Di Bello
Serie A,2022-2023,2023-05-14,15:00,Fiorentina,2–0,Udinese,27383.0,Stadio Artemio Franchi,Daniele Paterna
Serie A,2022-2023,2023-05-14,15:00,Monza,2–0,Napoli,14455.0,U-Power Stadium,Francesco Cosso
Serie A,2022-2023,2023-05-14,18:00,Bologna,0–0,Roma,23824.0,Stadio Renato Dall'Ara,Daniele Orsato
Serie A,2022-2023,2023-05-14,20:45,Juventus,2–0,Cremonese,39439.0,Allianz Stadium,Daniele Chiffi
Serie A,2022-2023,2023-05-15,20:45,Sampdoria,1–1,Empoli,16867.0,Stadio Comunale Luigi Ferraris,Ermanno Feliciani
Serie A,2022-2023,2023-05-19,20:45,Sassuolo,1–2,Monza,11745.0,Mapei Stadium - Città del Tricolore,Alberto Santoro
Serie A,2022-2023,2023-05-20,15:00,Cremonese,1–5,Bologna,11140.0,Stadio Giovanni Zini,Paolo Valeri
Serie A,2022-2023,2023-05-20,18:00,Atalanta,3–1,Hellas Verona,9297.0,Gewiss Stadium,Simone Sozza
Serie A,2022-2023,2023-05-20,20:45,Milan,5–1,Sampdoria,72105.0,Stadio Giuseppe Meazza,Francesco Fourneau
Serie A,2022-2023,2023-05-21,12:30,Lecce,0–0,Spezia,26022.0,Stadio Comunale Via Del Mare,Maurizio Mariani
Serie A,2022-2023,2023-05-21,15:00,Torino,1–1,Fiorentina,20403.0,Stadio Olimpico di Torino,Luca Massimi
Serie A,2022-2023,2023-05-21,18:00,Napoli,3–1,Inter,50000.0,Stadio Diego Armando Maradona,Livio Marinelli
Serie A,2022-2023,2023-05-21,20:45,Udinese,0–1,Lazio,21834.0,Dacia Arena,Luca Pairetto
Serie A,2022-2023,2023-05-22,18:30,Roma,2–2,Salernitana,64286.0,Stadio Olimpico,Andrea Colombo
Serie A,2022-2023,2023-05-22,20:45,Empoli,4–1,Juventus,15519.0,Stadio Carlo Castellani,Giovanni Ayroldi
Serie A,2022-2023,2023-05-26,20:45,Sampdoria,2–2,Sassuolo,18430.0,Stadio Comunale Luigi Ferraris,Francesco Meraviglia
Serie A,2022-2023,2023-05-27,15:00,Salernitana,3–2,Udinese,27035.0,Stadio Arechi,Niccolo Baroni
Serie A,2022-2023,2023-05-27,15:00,Spezia,0–4,Torino,10776.0,Stadio Alberto Picco,Marco Guida
Serie A,2022-2023,2023-05-27,18:00,Fiorentina,2–1,Roma,32829.0,Stadio Artemio Franchi,Giovanni Ayroldi
Serie A,2022-2023,2023-05-27,20:45,Inter,3–2,Atalanta,72192.0,Stadio Giuseppe Meazza,Daniele Orsato
Serie A,2022-2023,2023-05-28,12:30,Hellas Verona,1–1,Empoli,22831.0,Stadio Marc'Antonio Bentegodi,Daniele Chiffi
Serie A,2022-2023,2023-05-28,15:00,Monza,0–1,Lecce,15039.0,U-Power Stadium,Daniele Doveri
Serie A,2022-2023,2023-05-28,15:00,Bologna,2–2,Napoli,27209.0,Stadio Renato Dall'Ara,Matteo Marcenaro
Serie A,2022-2023,2023-05-28,18:00,Lazio,3–2,Cremonese,64171.0,Stadio Olimpico,Antonio Giua
Serie A,2022-2023,2023-05-28,20:45,Juventus,0–1,Milan,40231.0,Allianz Stadium,Maurizio Mariani
Serie A,2022-2023,2023-06-02,20:30,Sassuolo,1–3,Fiorentina,12456.0,Mapei Stadium - Città del Tricolore,Matteo Marchetti
Serie A,2022-2023,2023-06-03,18:30,Torino,0–1,Inter,24528.0,Stadio Olimpico di Torino,Michael Fabbri
Serie A,2022-2023,2023-06-03,21:00,Cremonese,2–0,Salernitana,10308.0,Stadio Giovanni Zini,Daniele Perenzoni
Serie A,2022-2023,2023-06-03,21:00,Empoli,0–2,Lazio,11545.0,Stadio Carlo Castellani,Luca Massimi
Serie A,2022-2023,2023-06-04,18:30,Napoli,2–0,Sampdoria,55000.0,Stadio Diego Armando Maradona,Ermanno Feliciani
Serie A,2022-2023,2023-06-04,21:00,Atalanta,5–2,Monza,19389.0,Gewiss Stadium,Marco Di Bello
Serie A,2022-2023,2023-06-04,21:00,Lecce,2–3,Bologna,25816.0,Stadio Comunale Via Del Mare,Marco Piccinini
Serie A,2022-2023,2023-06-04,21:00,Milan,3–1,Hellas Verona,72102.0,Stadio Giuseppe Meazza,Paolo Valeri
Serie A,2022-2023,2023-06-04,21:00,Udinese,0–1,Juventus,23266.0,Dacia Arena,Marco Guida
Serie A,2022-2023,2023-06-04,21:00,Roma,2–1,Spezia,62242.0,Stadio Olimpico,Fabio Maresca
Serie A,2021-2022,2021-08-21,18:30,Hellas Verona,2–3,Sassuolo,5448.0,Stadio Marc'Antonio Bentegodi,Manuel Volpi
Serie A,2021-2022,2021-08-21,18:30,Inter,4–0,Genoa,27402.0,Stadio Giuseppe Meazza,Valerio Marini
Serie A,2021-2022,2021-08-21,20:45,Torino,1–2,Atalanta,3475.0,Stadio Olimpico di Torino,Daniele Chiffi
Serie A,2021-2022,2021-08-21,20:45,Empoli,1–3,Lazio,3655.0,Stadio Carlo Castellani,Simone Sozza
Serie A,2021-2022,2021-08-22,18:30,Udinese,2–2,Juventus,9660.0,Dacia Arena,Ivano Pezzuto
Serie A,2021-2022,2021-08-22,18:30,Bologna,3–2,Salernitana,8375.0,Stadio Renato Dall'Ara,Antonio Rapuano
Serie A,2021-2022,2021-08-22,20:45,Napoli,2–0,Venezia,20000.0,Stadio Diego Armando Maradona,Gianluca Aureliano
Serie A,2021-2022,2021-08-22,20:45,Roma,3–1,Fiorentina,26997.0,Stadio Olimpico,Luca Pairetto
Serie A,2021-2022,2021-08-23,18:30,Cagliari,2–2,Spezia,5387.0,Unipol Domus,Francesco Fourneau
Serie A,2021-2022,2021-08-23,20:45,Sampdoria,0–1,Milan,5000.0,Stadio Comunale Luigi Ferraris,Marco Guida
Serie A,2021-2022,2021-08-27,18:30,Udinese,3–0,Venezia,8274.0,Dacia Arena,Livio Marinelli
Serie A,2021-2022,2021-08-27,20:45,Hellas Verona,1–3,Inter,11214.0,Stadio Marc'Antonio Bentegodi,Gianluca Manganiello
Serie A,2021-2022,2021-08-28,18:30,Atalanta,0–0,Bologna,7912.0,Stadio Atleti Azzurri d'Italia,Daniele Orsato
Serie A,2021-2022,2021-08-28,18:30,Lazio,6–1,Spezia,20000.0,Stadio Olimpico,Federico Dionisi
Serie A,2021-2022,2021-08-28,20:45,Fiorentina,2–1,Torino,12592.0,Stadio Artemio Franchi,Maurizio Mariani
Serie A,2021-2022,2021-08-28,20:45,Juventus,0–1,Empoli,17584.0,Allianz Stadium,Davide Ghersini
Serie A,2021-2022,2021-08-29,18:30,Sassuolo,0–0,Sampdoria,3309.0,Mapei Stadium - Città del Tricolore,Juan Luca Sacchi
Serie A,2021-2022,2021-08-29,18:30,Genoa,1–2,Napoli,20000.0,Stadio Comunale Luigi Ferraris,Marco Di Bello
Serie A,2021-2022,2021-08-29,20:45,Milan,4–1,Cagliari,31946.0,Stadio Giuseppe Meazza,Marco Serra
Serie A,2021-2022,2021-08-29,20:45,Salernitana,0–4,Roma,12500.0,Stadio Arechi,Rosario Abisso
Serie A,2021-2022,2021-09-11,15:00,Empoli,1–2,Venezia,2511.0,Stadio Carlo Castellani,Antonio Rapuano
Serie A,2021-2022,2021-09-11,18:00,Napoli,2–1,Juventus,23500.0,Stadio Diego Armando Maradona,Massimiliano Irrati
Serie A,2021-2022,2021-09-11,20:45,Atalanta,1–2,Fiorentina,9162.0,Stadio Atleti Azzurri d'Italia,Valerio Marini
Serie A,2021-2022,2021-09-12,12:30,Sampdoria,2–2,Inter,7441.0,Stadio Comunale Luigi Ferraris,Daniele Orsato
Serie A,2021-2022,2021-09-12,15:00,Torino,4–0,Salernitana,9082.0,Stadio Olimpico di Torino,Gianluca Aureliano
Serie A,2021-2022,2021-09-12,15:00,Cagliari,2–3,Genoa,6423.0,Unipol Domus,Luca Pairetto
Serie A,2021-2022,2021-09-12,15:00,Spezia,0–1,Udinese,5162.0,Stadio Alberto Picco,Marco Guida
Serie A,2021-2022,2021-09-12,18:00,Milan,2–0,Lazio,36207.0,Stadio Giuseppe Meazza,Daniele Chiffi
Serie A,2021-2022,2021-09-12,20:45,Roma,2–1,Sassuolo,29604.0,Stadio Olimpico,Simone Sozza
Serie A,2021-2022,2021-09-13,20:45,Bologna,1–0,Hellas Verona,10218.0,Stadio Renato Dall'Ara,Ivano Pezzuto
Serie A,2021-2022,2021-09-17,20:45,Sassuolo,0–1,Torino,20000.0,Mapei Stadium - Città del Tricolore,Marco Piccinini
Serie A,2021-2022,2021-09-18,15:00,Genoa,1–2,Fiorentina,6269.0,Stadio Comunale Luigi Ferraris,Livio Marinelli
Serie A,2021-2022,2021-09-18,18:00,Inter,6–1,Bologna,35278.0,Stadio Giuseppe Meazza,Giovanni Ayroldi
Serie A,2021-2022,2021-09-18,20:45,Salernitana,0–1,Atalanta,11949.0,Stadio Arechi,Paolo Valeri
Serie A,2021-2022,2021-09-19,12:30,Empoli,0–3,Sampdoria,3064.0,Stadio Carlo Castellani,Maurizio Mariani
Serie A,2021-2022,2021-09-19,15:00,Venezia,1–2,Spezia,3688.0,Stadio Pierluigi Penzo,Rosario Abisso
Serie A,2021-2022,2021-09-19,18:00,Lazio,2–2,Cagliari,20000.0,Stadio Olimpico,Davide Ghersini
Serie A,2021-2022,2021-09-19,18:00,Hellas Verona,3–2,Roma,10148.0,Stadio Marc'Antonio Bentegodi,Fabio Maresca
Serie A,2021-2022,2021-09-19,20:45,Juventus,1–1,Milan,18785.0,Allianz Stadium,Daniele Doveri
Serie A,2021-2022,2021-09-20,20:45,Udinese,0–4,Napoli,11484.0,Dacia Arena,Gianluca Manganiello
Serie A,2021-2022,2021-09-21,18:30,Bologna,2–2,Genoa,9707.0,Stadio Renato Dall'Ara,Francesco Fourneau
Serie A,2021-2022,2021-09-21,20:45,Atalanta,2–1,Sassuolo,7353.0,Stadio Atleti Azzurri d'Italia,Davide Massa
Serie A,2021-2022,2021-09-21,20:45,Fiorentina,1–3,Inter,15927.0,Stadio Artemio Franchi,Michael Fabbri
Serie A,2021-2022,2021-09-22,18:30,Spezia,2–3,Juventus,5700.0,Stadio Alberto Picco,Gianluca Aureliano
Serie A,2021-2022,2021-09-22,18:30,Salernitana,2–2,Hellas Verona,9561.0,Stadio Arechi,Massimiliano Irrati
Serie A,2021-2022,2021-09-22,20:45,Cagliari,0–2,Empoli,7226.0,Unipol Domus,Marco Di Bello
Serie A,2021-2022,2021-09-22,20:45,Milan,2–0,Venezia,26185.0,Stadio Giuseppe Meazza,Ivano Pezzuto
Serie A,2021-2022,2021-09-23,18:30,Torino,1–1,Lazio,8646.0,Stadio Olimpico di Torino,Rosario Abisso
Serie A,2021-2022,2021-09-23,18:30,Sampdoria,0–4,Napoli,4596.0,Stadio Comunale Luigi Ferraris,Paolo Valeri
Serie A,2021-2022,2021-09-23,20:45,Roma,1–0,Udinese,29593.0,Stadio Olimpico,Antonio Rapuano
Serie A,2021-2022,2021-09-25,15:00,Spezia,1–2,Milan,3618.0,Stadio Alberto Picco,Gianluca Manganiello
Serie A,2021-2022,2021-09-25,18:00,Inter,2–2,Atalanta,36517.0,Stadio Giuseppe Meazza,Fabio Maresca
Serie A,2021-2022,2021-09-25,20:45,Genoa,3–3,Hellas Verona,13478.0,Stadio Comunale Luigi Ferraris,Daniele Doveri
Serie A,2021-2022,2021-09-26,12:30,Juventus,3–2,Sampdoria,15381.0,Allianz Stadium,Giovanni Ayroldi
Serie A,2021-2022,2021-09-26,15:00,Sassuolo,1–0,Salernitana,5177.0,Mapei Stadium - Città del Tricolore,Antonio Giua
Serie A,2021-2022,2021-09-26,15:00,Empoli,4–2,Bologna,5022.0,Stadio Carlo Castellani,Piero Giacomelli
Serie A,2021-2022,2021-09-26,15:00,Udinese,0–1,Fiorentina,7208.0,Dacia Arena,Davide Ghersini
Serie A,2021-2022,2021-09-26,18:00,Lazio,3–2,Roma,32000.0,Stadio Olimpico,Marco Guida
Serie A,2021-2022,2021-09-26,20:45,Napoli,2–0,Cagliari,20000.0,Stadio Diego Armando Maradona,Marco Piccinini
Serie A,2021-2022,2021-09-27,20:45,Venezia,1–1,Torino,4888.0,Stadio Pierluigi Penzo,Lorenzo Maggioni
Serie A,2021-2022,2021-10-01,20:45,Cagliari,1–1,Venezia,8135.0,Unipol Domus,Manuel Volpi
Serie A,2021-2022,2021-10-02,15:00,Salernitana,1–0,Genoa,10077.0,Stadio Arechi,Maurizio Mariani
Serie A,2021-2022,2021-10-02,18:00,Torino,0–1,Juventus,12073.0,Stadio Olimpico di Torino,Paolo Valeri
Serie A,2021-2022,2021-10-02,20:45,Sassuolo,1–2,Inter,10400.0,Mapei Stadium - Città del Tricolore,Luca Pairetto
Serie A,2021-2022,2021-10-03,12:30,Bologna,3–0,Lazio,12975.0,Stadio Renato Dall'Ara,Davide Massa
Serie A,2021-2022,2021-10-03,15:00,Hellas Verona,4–0,Spezia,8398.0,Stadio Marc'Antonio Bentegodi,Giacomo Camplone
Serie A,2021-2022,2021-10-03,15:00,Sampdoria,3–3,Udinese,4292.0,Stadio Comunale Luigi Ferraris,Daniele Orsato
Serie A,2021-2022,2021-10-03,18:00,Roma,2–0,Empoli,31946.0,Stadio Olimpico,Giovanni Ayroldi
Serie A,2021-2022,2021-10-03,18:00,Fiorentina,1–2,Napoli,15264.0,Stadio Artemio Franchi,Simone Sozza
Serie A,2021-2022,2021-10-03,20:45,Atalanta,2–3,Milan,9363.0,Stadio Atleti Azzurri d'Italia,Marco Di Bello
Serie A,2021-2022,2021-10-16,15:00,Spezia,2–1,Salernitana,6023.0,Stadio Alberto Picco,Davide Massa
Serie A,2021-2022,2021-10-16,18:00,Lazio,3–1,Inter,42000.0,Stadio Olimpico,Massimiliano Irrati
Serie A,2021-2022,2021-10-16,20:45,Milan,3–2,Hellas Verona,40128.0,Stadio Giuseppe Meazza,Alessandro Prontera
Serie A,2021-2022,2021-10-17,12:30,Cagliari,3–1,Sampdoria,9923.0,Unipol Domus,Matteo Marchetti
Serie A,2021-2022,2021-10-17,15:00,Udinese,1–1,Bologna,10627.0,Dacia Arena,Rosario Abisso
Serie A,2021-2022,2021-10-17,15:00,Empoli,1–4,Atalanta,6214.0,Stadio Carlo Castellani,Marco Serra
Serie A,2021-2022,2021-10-17,15:00,Genoa,2–2,Sassuolo,10370.0,Stadio Comunale Luigi Ferraris,Daniele Chiffi
Serie A,2021-2022,2021-10-17,18:00,Napoli,1–0,Torino,27579.0,Stadio Diego Armando Maradona,Juan Luca Sacchi
Serie A,2021-2022,2021-10-17,20:45,Juventus,1–0,Roma,20239.0,Allianz Stadium,Daniele Orsato
Serie A,2021-2022,2021-10-18,20:45,Venezia,1–0,Fiorentina,8043.0,Stadio Pierluigi Penzo,Luca Massimi
Serie A,2021-2022,2021-10-22,18:30,Torino,3–2,Genoa,9881.0,Stadio Olimpico di Torino,Piero Giacomelli
Serie A,2021-2022,2021-10-22,20:45,Sampdoria,2–1,Spezia,7493.0,Stadio Comunale Luigi Ferraris,Michael Fabbri
Serie A,2021-2022,2021-10-23,15:00,Salernitana,2–4,Empoli,11142.0,Stadio Arechi,Daniele Doveri
Serie A,2021-2022,2021-10-23,18:00,Sassuolo,3–1,Venezia,4482.0,Mapei Stadium - Città del Tricolore,Antonio Di Martino
Serie A,2021-2022,2021-10-23,20:45,Bologna,2–4,Milan,22167.0,Stadio Renato Dall'Ara,Paolo Valeri
Serie A,2021-2022,2021-10-24,12:30,Atalanta,1–1,Udinese,9951.0,Stadio Atleti Azzurri d'Italia,Livio Marinelli
Serie A,2021-2022,2021-10-24,15:00,Fiorentina,3–0,Cagliari,20290.0,Stadio Artemio Franchi,Antonio Rapuano
Serie A,2021-2022,2021-10-24,15:00,Hellas Verona,4–1,Lazio,13953.0,Stadio Marc'Antonio Bentegodi,Marco Piccinini
Serie A,2021-2022,2021-10-24,18:00,Roma,0–0,Napoli,47801.0,Stadio Olimpico,Davide Massa
Serie A,2021-2022,2021-10-24,20:45,Inter,1–1,Juventus,56532.0,Stadio Giuseppe Meazza,Maurizio Mariani
Serie A,2021-2022,2021-10-26,18:30,Venezia,1–2,Salernitana,5103.0,Stadio Pierluigi Penzo,Marco Di Bello
Serie A,2021-2022,2021-10-26,18:30,Spezia,1–1,Genoa,7283.0,Stadio Alberto Picco,Simone Sozza
Serie A,2021-2022,2021-10-26,20:45,Milan,1–0,Torino,35929.0,Stadio Giuseppe Meazza,Gianluca Aureliano
Serie A,2021-2022,2021-10-27,18:30,Udinese,1–1,Hellas Verona,8751.0,Dacia Arena,Matteo Marchetti
Serie A,2021-2022,2021-10-27,18:30,Juventus,1–2,Sassuolo,18288.0,Allianz Stadium,Juan Luca Sacchi
Serie A,2021-2022,2021-10-27,18:30,Sampdoria,1–3,Atalanta,5462.0,Stadio Comunale Luigi Ferraris,Alessandro Prontera
Serie A,2021-2022,2021-10-27,20:45,Lazio,1–0,Fiorentina,7000.0,Stadio Olimpico,Giovanni Ayroldi
Serie A,2021-2022,2021-10-27,20:45,Cagliari,1–2,Roma,8547.0,Unipol Domus,Ivano Pezzuto
Serie A,2021-2022,2021-10-27,20:45,Empoli,0–2,Inter,9335.0,Stadio Carlo Castellani,Daniele Chiffi
Serie A,2021-2022,2021-10-28,20:45,Napoli,3–0,Bologna,20000.0,Stadio Diego Armando Maradona,Marco Serra
Serie A,2021-2022,2021-10-30,15:00,Atalanta,2–2,Lazio,11981.0,Stadio Atleti Azzurri d'Italia,Marco Guida
Serie A,2021-2022,2021-10-30,18:00,Hellas Verona,2–1,Juventus,22314.0,Stadio Marc'Antonio Bentegodi,Livio Marinelli
Serie A,2021-2022,2021-10-30,20:45,Torino,3–0,Sampdoria,13137.0,Stadio Olimpico di Torino,Francesco Fourneau
Serie A,2021-2022,2021-10-31,12:30,Inter,2–0,Udinese,48076.0,Stadio Giuseppe Meazza,Juan Luca Sacchi
Serie A,2021-2022,2021-10-31,15:00,Sassuolo,1–2,Empoli,3539.0,Mapei Stadium - Città del Tricolore,Luca Massimi
Serie A,2021-2022,2021-10-31,15:00,Genoa,0–0,Venezia,7920.0,Stadio Comunale Luigi Ferraris,Maurizio Mariani
Serie A,2021-2022,2021-10-31,15:00,Fiorentina,3–0,Spezia,19511.0,Stadio Artemio Franchi,Antonio Giua
Serie A,2021-2022,2021-10-31,18:00,Salernitana,0–1,Napoli,17043.0,Stadio Arechi,Michael Fabbri
Serie A,2021-2022,2021-10-31,20:45,Roma,1–2,Milan,51001.0,Stadio Olimpico,Fabio Maresca
Serie A,2021-2022,2021-11-01,20:45,Bologna,2–0,Cagliari,10126.0,Stadio Renato Dall'Ara,Davide Massa
Serie A,2021-2022,2021-11-05,20:45,Empoli,2–2,Genoa,5631.0,Stadio Carlo Castellani,Luca Pairetto
Serie A,2021-2022,2021-11-06,15:00,Spezia,1–0,Torino,6953.0,Stadio Alberto Picco,Daniele Orsato
Serie A,2021-2022,2021-11-06,18:00,Juventus,1–0,Fiorentina,6953.0,Allianz Stadium,Simone Sozza
Serie A,2021-2022,2021-11-06,20:45,Cagliari,1–2,Atalanta,6976.0,Unipol Domus,Marco Piccinini
Serie A,2021-2022,2021-11-07,12:30,Venezia,3–2,Roma,8263.0,Stadio Pierluigi Penzo,Gianluca Aureliano
Serie A,2021-2022,2021-11-07,15:00,Udinese,3–2,Sassuolo,8322.0,Dacia Arena,Federico Dionisi
Serie A,2021-2022,2021-11-07,15:00,Sampdoria,1–2,Bologna,5694.0,Stadio Comunale Luigi Ferraris,Gianluca Manganiello
Serie A,2021-2022,2021-11-07,18:00,Lazio,3–0,Salernitana,25000.0,Stadio Olimpico,Antonio Rapuano
Serie A,2021-2022,2021-11-07,18:00,Napoli,1–1,Hellas Verona,28000.0,Stadio Diego Armando Maradona,Giovanni Ayroldi
Serie A,2021-2022,2021-11-07,20:45,Milan,1–1,Inter,56608.0,Stadio Giuseppe Meazza,Daniele Doveri
Serie A,2021-2022,2021-11-20,15:00,Atalanta,5–2,Spezia,10744.0,Stadio Atleti Azzurri d'Italia,Rosario Abisso
Serie A,2021-2022,2021-11-20,18:00,Lazio,0–2,Juventus,45000.0,Stadio Olimpico,Marco Di Bello
Serie A,2021-2022,2021-11-20,20:45,Fiorentina,4–3,Milan,32567.0,Stadio Artemio Franchi,Marco Guida
Serie A,2021-2022,2021-11-21,12:30,Sassuolo,2–2,Cagliari,4135.0,Mapei Stadium - Città del Tricolore,Niccolo Baroni
Serie A,2021-2022,2021-11-21,15:00,Bologna,0–1,Venezia,15255.0,Stadio Renato Dall'Ara,Daniele Chiffi
Serie A,2021-2022,2021-11-21,15:00,Salernitana,0–2,Sampdoria,11849.0,Stadio Arechi,Piero Giacomelli
Serie A,2021-2022,2021-11-21,18:00,Inter,3–2,Napoli,56649.0,Stadio Giuseppe Meazza,Paolo Valeri
Serie A,2021-2022,2021-11-21,20:45,Genoa,0–2,Roma,14667.0,Stadio Comunale Luigi Ferraris,Massimiliano Irrati
Serie A,2021-2022,2021-11-22,18:30,Hellas Verona,2–1,Empoli,13797.0,Stadio Marc'Antonio Bentegodi,Matteo Gariglio
Serie A,2021-2022,2021-11-22,20:45,Torino,2–1,Udinese,7034.0,Stadio Olimpico di Torino,Ivano Pezzuto
Serie A,2021-2022,2021-11-26,20:45,Cagliari,1–1,Salernitana,9700.0,Unipol Domus,Daniele Doveri
Serie A,2021-2022,2021-11-27,15:00,Sampdoria,3–1,Hellas Verona,6813.0,Stadio Comunale Luigi Ferraris,Lorenzo Maggioni
Serie A,2021-2022,2021-11-27,15:00,Empoli,2–1,Fiorentina,7878.0,Stadio Carlo Castellani,Juan Luca Sacchi
Serie A,2021-2022,2021-11-27,18:00,Juventus,0–1,Atalanta,29886.0,Allianz Stadium,Giovanni Ayroldi
Serie A,2021-2022,2021-11-27,20:45,Venezia,0–2,Inter,8303.0,Stadio Pierluigi Penzo,Livio Marinelli
Serie A,2021-2022,2021-11-28,12:30,Udinese,0–0,Genoa,11537.0,Dacia Arena,Francesco Meraviglia
Serie A,2021-2022,2021-11-28,15:00,Spezia,0–1,Bologna,6265.0,Stadio Alberto Picco,Luca Massimi
Serie A,2021-2022,2021-11-28,15:00,Milan,1–3,Sassuolo,52824.0,Stadio Giuseppe Meazza,Gianluca Manganiello
Serie A,2021-2022,2021-11-28,18:00,Roma,1–0,Torino,46728.0,Stadio Olimpico,Daniele Chiffi
Serie A,2021-2022,2021-11-28,20:45,Napoli,4–0,Lazio,36000.0,Stadio Diego Armando Maradona,Daniele Orsato
Serie A,2021-2022,2021-11-30,18:30,Fiorentina,3–1,Sampdoria,17913.0,Stadio Artemio Franchi,Federico Dionisi
Serie A,2021-2022,2021-11-30,18:30,Atalanta,4–0,Venezia,8667.0,Stadio Atleti Azzurri d'Italia,Alberto Santoro
Serie A,2021-2022,2021-11-30,20:45,Hellas Verona,0–0,Cagliari,12188.0,Stadio Marc'Antonio Bentegodi,Matteo Marcenaro
Serie A,2021-2022,2021-11-30,20:45,Salernitana,0–2,Juventus,19500.0,Stadio Arechi,Francesco Fourneau
Serie A,2021-2022,2021-12-01,18:30,Inter,2–0,Spezia,30076.0,Stadio Giuseppe Meazza,Davide Ghersini
Serie A,2021-2022,2021-12-01,18:30,Bologna,1–0,Roma,15780.0,Stadio Renato Dall'Ara,Luca Pairetto
Serie A,2021-2022,2021-12-01,20:45,Sassuolo,2–2,Napoli,8192.0,Mapei Stadium - Città del Tricolore,Ivano Pezzuto
Serie A,2021-2022,2021-12-01,20:45,Genoa,0–3,Milan,14000.0,Stadio Comunale Luigi Ferraris,Juan Luca Sacchi
Serie A,2021-2022,2021-12-02,18:30,Torino,2–2,Empoli,7002.0,Stadio Olimpico di Torino,Andrea Colombo
Serie A,2021-2022,2021-12-02,20:45,Lazio,4–4,Udinese,7000.0,Stadio Olimpico,Marco Piccinini
Serie A,2021-2022,2021-12-04,15:00,Milan,2–0,Salernitana,43609.0,Stadio Giuseppe Meazza,Antonio Giua
Serie A,2021-2022,2021-12-04,18:00,Roma,0–3,Inter,51185.0,Stadio Olimpico,Marco Di Bello
Serie A,2021-2022,2021-12-04,20:45,Napoli,2–3,Atalanta,30000.0,Stadio Diego Armando Maradona,Maurizio Mariani
Serie A,2021-2022,2021-12-05,12:30,Bologna,2–3,Fiorentina,18175.0,Stadio Renato Dall'Ara,Massimiliano Irrati
Serie A,2021-2022,2021-12-05,15:00,Spezia,2–2,Sassuolo,4987.0,Stadio Alberto Picco,Fabio Maresca
Serie A,2021-2022,2021-12-05,15:00,Venezia,3–4,Hellas Verona,7608.0,Stadio Pierluigi Penzo,Alessandro Prontera
Serie A,2021-2022,2021-12-05,18:00,Sampdoria,1–3,Lazio,5883.0,Stadio Comunale Luigi Ferraris,Michael Fabbri
Serie A,2021-2022,2021-12-05,20:45,Juventus,2–0,Genoa,18458.0,Allianz Stadium,Daniele Chiffi
Serie A,2021-2022,2021-12-06,18:30,Empoli,3–1,Udinese,4808.0,Stadio Carlo Castellani,Daniele Paterna
Serie A,2021-2022,2021-12-06,20:45,Cagliari,1–1,Torino,8799.0,Unipol Domus,Luca Massimi
Serie A,2021-2022,2021-12-10,20:45,Genoa,1–3,Sampdoria,,Stadio Comunale Luigi Ferraris,Daniele Doveri
Serie A,2021-2022,2021-12-11,15:00,Fiorentina,4–0,Salernitana,18579.0,Stadio Artemio Franchi,Davide Ghersini
Serie A,2021-2022,2021-12-11,18:00,Venezia,1–1,Juventus,8350.0,Stadio Pierluigi Penzo,Paolo Valeri
Serie A,2021-2022,2021-12-11,20:45,Udinese,1–1,Milan,16385.0,Dacia Arena,Francesco Fourneau
Serie A,2021-2022,2021-12-12,12:30,Torino,2–1,Bologna,6562.0,Stadio Olimpico di Torino,Federico Dionisi
Serie A,2021-2022,2021-12-12,15:00,Hellas Verona,1–2,Atalanta,15000.0,Stadio Marc'Antonio Bentegodi,Juan Luca Sacchi
Serie A,2021-2022,2021-12-12,18:00,Sassuolo,2–1,Lazio,5100.0,Mapei Stadium - Città del Tricolore,Simone Sozza
Serie A,2021-2022,2021-12-12,18:00,Napoli,0–1,Empoli,20000.0,Stadio Diego Armando Maradona,Livio Marinelli
Serie A,2021-2022,2021-12-12,20:45,Inter,4–0,Cagliari,33712.0,Stadio Giuseppe Meazza,Matteo Marchetti
Serie A,2021-2022,2021-12-13,20:45,Roma,2–0,Spezia,44844.0,Stadio Olimpico,Alessandro Prontera
Serie A,2021-2022,2021-12-17,18:30,Lazio,3–1,Genoa,6000.0,Stadio Olimpico,Luca Pairetto
Serie A,2021-2022,2021-12-17,20:45,Salernitana,0–5,Inter,18000.0,Stadio Arechi,Maurizio Mariani
Serie A,2021-2022,2021-12-18,15:00,Atalanta,1–4,Roma,14469.0,Stadio Atleti Azzurri d'Italia,Massimiliano Irrati
Serie A,2021-2022,2021-12-18,18:00,Bologna,0–2,Juventus,22394.0,Stadio Renato Dall'Ara,Daniele Orsato
Serie A,2021-2022,2021-12-18,20:45,Cagliari,0–4,Udinese,7864.0,Unipol Domus,Fabio Maresca
Serie A,2021-2022,2021-12-19,12:30,Fiorentina,2–2,Sassuolo,21514.0,Stadio Artemio Franchi,Marco Serra
Serie A,2021-2022,2021-12-19,15:00,Spezia,1–1,Empoli,5414.0,Stadio Alberto Picco,Manuel Volpi
Serie A,2021-2022,2021-12-19,18:00,Torino,1–0,Hellas Verona,6202.0,Stadio Olimpico di Torino,Michael Fabbri
Serie A,2021-2022,2021-12-19,18:00,Sampdoria,1–1,Venezia,5735.0,Stadio Comunale Luigi Ferraris,Rosario Abisso
Serie A,2021-2022,2021-12-19,20:45,Milan,0–1,Napoli,54647.0,Stadio Giuseppe Meazza,Davide Massa
Serie A,2021-2022,2021-12-21,20:45,Genoa,0–0,Atalanta,6000.0,Stadio Comunale Luigi Ferraris,Paolo Valeri
Serie A,2021-2022,2021-12-21,20:45,Juventus,2–0,Cagliari,11197.0,Allianz Stadium,Federico Dionisi
Serie A,2021-2022,2021-12-22,16:30,Sassuolo,0–3,Bologna,4763.0,Mapei Stadium - Città del Tricolore,Michael Fabbri
Serie A,2021-2022,2021-12-22,16:30,Venezia,1–3,Lazio,7894.0,Stadio Pierluigi Penzo,Fabio Maresca
Serie A,2021-2022,2021-12-22,18:30,Hellas Verona,1–1,Fiorentina,14001.0,Stadio Marc'Antonio Bentegodi,Daniele Doveri
Serie A,2021-2022,2021-12-22,18:30,Inter,1–0,Torino,41413.0,Stadio Giuseppe Meazza,Marco Guida
Serie A,2021-2022,2021-12-22,18:30,Roma,1–1,Sampdoria,49400.0,Stadio Olimpico,Piero Giacomelli
Serie A,2021-2022,2021-12-22,20:45,Napoli,0–1,Spezia,25000.0,Stadio Diego Armando Maradona,Luca Massimi
Serie A,2021-2022,2021-12-22,20:45,Empoli,2–4,Milan,10596.0,Stadio Carlo Castellani,Marco Di Bello
Serie A,2021-2022,2022-01-06,12:30,Sampdoria,1–2,Cagliari,3188.0,Stadio Comunale Luigi Ferraris,Giacomo Camplone
Serie A,2021-2022,2022-01-06,14:30,Lazio,3–3,Empoli,23000.0,Stadio Olimpico,Antonio Giua
Serie A,2021-2022,2022-01-06,14:30,Spezia,1–2,Hellas Verona,3250.0,Stadio Alberto Picco,Maurizio Mariani
Serie A,2021-2022,2022-01-06,16:30,Sassuolo,1–1,Genoa,4696.0,Mapei Stadium - Città del Tricolore,Gianluca Manganiello
Serie A,2021-2022,2022-01-06,18:30,Milan,3–1,Roma,35870.0,Stadio Giuseppe Meazza,Daniele Chiffi
Serie A,2021-2022,2022-01-06,20:45,Juventus,1–1,Napoli,19301.0,Allianz Stadium,Simone Sozza
Serie A,2021-2022,2022-01-09,12:30,Venezia,0–3,Milan,5000.0,Stadio Pierluigi Penzo,Massimiliano Irrati
Serie A,2021-2022,2022-01-09,14:30,Empoli,1–5,Sassuolo,4081.0,Stadio Carlo Castellani,Manuel Volpi
Serie A,2021-2022,2022-01-09,16:30,Udinese,2–6,Atalanta,8679.0,Dacia Arena,Michael Fabbri
Serie A,2021-2022,2022-01-09,16:30,Napoli,1–0,Sampdoria,9000.0,Stadio Diego Armando Maradona,Marco Di Bello
Serie A,2021-2022,2022-01-09,18:30,Genoa,0–1,Spezia,8000.0,Stadio Comunale Luigi Ferraris,Marco Guida
Serie A,2021-2022,2022-01-09,18:30,Roma,3–4,Juventus,33178.0,Stadio Olimpico,Davide Massa
Serie A,2021-2022,2022-01-09,20:45,Hellas Verona,1–2,Salernitana,3106.0,Stadio Marc'Antonio Bentegodi,Federico Dionisi
Serie A,2021-2022,2022-01-09,20:45,Inter,2–1,Lazio,29471.0,Stadio Giuseppe Meazza,Luca Pairetto
Serie A,2021-2022,2022-01-10,17:00,Torino,4–0,Fiorentina,3545.0,Stadio Olimpico di Torino,Livio Marinelli
Serie A,2021-2022,2022-01-11,20:45,Cagliari,2–1,Bologna,5583.0,Unipol Domus,Davide Ghersini
Serie A,2021-2022,2022-01-15,15:00,Sampdoria,1–2,Torino,2549.0,Stadio Comunale Luigi Ferraris,Luca Massimi
Serie A,2021-2022,2022-01-15,18:00,Salernitana,0–3,Lazio,2559.0,Stadio Arechi,Rosario Abisso
Serie A,2021-2022,2022-01-15,20:45,Juventus,2–0,Udinese,5000.0,Allianz Stadium,Antonio Giua
Serie A,2021-2022,2022-01-16,12:30,Sassuolo,2–4,Hellas Verona,3843.0,Mapei Stadium - Città del Tricolore,Alessandro Prontera
Serie A,2021-2022,2022-01-16,15:00,Venezia,1–1,Empoli,3805.0,Stadio Pierluigi Penzo,Piero Giacomelli
Serie A,2021-2022,2022-01-16,18:00,Roma,1–0,Cagliari,5000.0,Stadio Olimpico,Lorenzo Maggioni
Serie A,2021-2022,2022-01-16,20:45,Atalanta,0–0,Inter,5000.0,Stadio Atleti Azzurri d'Italia,Davide Massa
Serie A,2021-2022,2022-01-17,18:30,Bologna,0–2,Napoli,5000.0,Stadio Renato Dall'Ara,Livio Marinelli
Serie A,2021-2022,2022-01-17,18:30,Milan,1–2,Spezia,5000.0,Stadio Giuseppe Meazza,Marco Serra
Serie A,2021-2022,2022-01-17,20:45,Fiorentina,6–0,Genoa,5000.0,Stadio Artemio Franchi,Fabio Maresca
Serie A,2021-2022,2022-01-21,20:45,Hellas Verona,2–1,Bologna,4286.0,Stadio Marc'Antonio Bentegodi,Matteo Gariglio
Serie A,2021-2022,2022-01-22,15:00,Genoa,0–0,Udinese,5000.0,Stadio Comunale Luigi Ferraris,Daniele Doveri
Serie A,2021-2022,2022-01-22,18:00,Inter,2–1,Venezia,5000.0,Stadio Giuseppe Meazza,Matteo Marchetti
Serie A,2021-2022,2022-01-22,20:45,Lazio,0–0,Atalanta,4000.0,Stadio Olimpico,Simone Sozza
Serie A,2021-2022,2022-01-23,12:30,Cagliari,1–1,Fiorentina,5000.0,Unipol Domus,Gianluca Aureliano
Serie A,2021-2022,2022-01-23,15:00,Spezia,1–0,Sampdoria,5000.0,Stadio Alberto Picco,Gianluca Manganiello
Serie A,2021-2022,2022-01-23,15:00,Napoli,4–1,Salernitana,3000.0,Stadio Diego Armando Maradona,Luca Pairetto
Serie A,2021-2022,2022-01-23,15:00,Torino,1–1,Sassuolo,5000.0,Stadio Olimpico di Torino,Francesco Fourneau
Serie A,2021-2022,2022-01-23,18:00,Empoli,2–4,Roma,4920.0,Stadio Carlo Castellani,Michael Fabbri
Serie A,2021-2022,2022-01-23,20:45,Milan,0–0,Juventus,5000.0,Stadio Giuseppe Meazza,Marco Di Bello
Serie A,2021-2022,2022-02-05,15:00,Roma,0–0,Genoa,29863.0,Stadio Olimpico,Rosario Abisso
Serie A,2021-2022,2022-02-05,18:00,Inter,1–2,Milan,37918.0,Stadio Giuseppe Meazza,Marco Guida
Serie A,2021-2022,2022-02-05,20:45,Fiorentina,0–3,Lazio,17181.0,Stadio Artemio Franchi,Daniele Orsato
Serie A,2021-2022,2022-02-06,12:30,Atalanta,1–2,Cagliari,7868.0,Stadio Atleti Azzurri d'Italia,Alessandro Prontera
Serie A,2021-2022,2022-02-06,15:00,Sampdoria,4–0,Sassuolo,6232.0,Stadio Comunale Luigi Ferraris,Fabio Maresca
Serie A,2021-2022,2022-02-06,15:00,Bologna,0–0,Empoli,10349.0,Stadio Renato Dall'Ara,Francesco Cosso
Serie A,2021-2022,2022-02-06,15:00,Venezia,0–2,Napoli,5554.0,Stadio Pierluigi Penzo,Maurizio Mariani
Serie A,2021-2022,2022-02-06,18:00,Udinese,2–0,Torino,9837.0,Dacia Arena,Antonio Rapuano
Serie A,2021-2022,2022-02-06,20:45,Juventus,2–0,Hellas Verona,17016.0,Allianz Stadium,Luca Massimi
Serie A,2021-2022,2022-02-07,20:45,Salernitana,2–2,Spezia,10668.0,Stadio Arechi,Paolo Valeri
Serie A,2021-2022,2022-02-12,15:00,Lazio,3–0,Bologna,22000.0,Stadio Olimpico,Marco Piccinini
Serie A,2021-2022,2022-02-12,18:00,Napoli,1–1,Inter,27000.0,Stadio Diego Armando Maradona,Daniele Doveri
Serie A,2021-2022,2022-02-12,20:45,Torino,1–2,Venezia,6681.0,Stadio Olimpico di Torino,Antonio Giua
Serie A,2021-2022,2022-02-13,12:30,Milan,1–0,Sampdoria,35710.0,Stadio Giuseppe Meazza,Daniele Chiffi
Serie A,2021-2022,2022-02-13,15:00,Empoli,1–1,Cagliari,4787.0,Stadio Carlo Castellani,Federico Dionisi
Serie A,2021-2022,2022-02-13,15:00,Hellas Verona,4–0,Udinese,11713.0,Stadio Marc'Antonio Bentegodi,Andrea Colombo
Serie A,2021-2022,2022-02-13,15:00,Genoa,1–1,Salernitana,13742.0,Stadio Comunale Luigi Ferraris,Marco Di Bello
Serie A,2021-2022,2022-02-13,18:00,Sassuolo,2–2,Roma,9282.0,Mapei Stadium - Città del Tricolore,Marco Guida
Serie A,2021-2022,2022-02-13,20:45,Atalanta,1–1,Juventus,9731.0,Stadio Atleti Azzurri d'Italia,Maurizio Mariani
Serie A,2021-2022,2022-02-14,20:45,Spezia,1–2,Fiorentina,5400.0,Stadio Alberto Picco,Matteo Marchetti
Serie A,2021-2022,2022-02-18,20:45,Juventus,1–1,Torino,20132.0,Allianz Stadium,Davide Massa
Serie A,2021-2022,2022-02-19,15:00,Sampdoria,2–0,Empoli,9069.0,Stadio Comunale Luigi Ferraris,Antonio Rapuano
Serie A,2021-2022,2022-02-19,18:00,Roma,2–2,Hellas Verona,34777.0,Stadio Olimpico,Luca Pairetto
Serie A,2021-2022,2022-02-19,20:45,Salernitana,2–2,Milan,18449.0,Stadio Arechi,Michael Fabbri
Serie A,2021-2022,2022-02-20,12:30,Fiorentina,1–0,Atalanta,18056.0,Stadio Artemio Franchi,Daniele Doveri
Serie A,2021-2022,2022-02-20,15:00,Venezia,1–1,Genoa,7566.0,Stadio Pierluigi Penzo,Daniele Orsato
Serie A,2021-2022,2022-02-20,18:00,Inter,0–2,Sassuolo,28324.0,Stadio Giuseppe Meazza,Francesco Fourneau
Serie A,2021-2022,2022-02-20,20:45,Udinese,1–1,Lazio,10799.0,Dacia Arena,Luca Massimi
Serie A,2021-2022,2022-02-21,19:00,Cagliari,1–1,Napoli,12063.0,Unipol Domus,Maurizio Mariani
Serie A,2021-2022,2022-02-21,21:00,Bologna,2–1,Spezia,12050.0,Stadio Renato Dall'Ara,Livio Marinelli
Serie A,2021-2022,2022-02-25,18:45,Milan,1–1,Udinese,44588.0,Stadio Giuseppe Meazza,Matteo Marchetti
Serie A,2021-2022,2022-02-25,21:00,Genoa,0–0,Inter,14314.0,Stadio Comunale Luigi Ferraris,Daniele Chiffi
Serie A,2021-2022,2022-02-26,15:00,Salernitana,1–1,Bologna,13289.0,Stadio Arechi,Giovanni Ayroldi
Serie A,2021-2022,2022-02-26,18:00,Empoli,2–3,Juventus,11890.0,Stadio Carlo Castellani,Fabio Maresca
Serie A,2021-2022,2022-02-26,20:45,Sassuolo,2–1,Fiorentina,8952.0,Mapei Stadium - Città del Tricolore,Alessandro Prontera
Serie A,2021-2022,2022-02-27,12:35,Torino,1–2,Cagliari,10231.0,Stadio Olimpico di Torino,Manuel Volpi
Serie A,2021-2022,2022-02-27,15:05,Hellas Verona,3–1,Venezia,14298.0,Stadio Marc'Antonio Bentegodi,Juan Luca Sacchi
Serie A,2021-2022,2022-02-27,18:05,Spezia,0–1,Roma,8107.0,Stadio Alberto Picco,Michael Fabbri
Serie A,2021-2022,2022-02-27,20:50,Lazio,1–2,Napoli,25000.0,Stadio Olimpico,Marco Di Bello
Serie A,2021-2022,2022-02-28,20:50,Atalanta,4–0,Sampdoria,10245.0,Stadio Atleti Azzurri d'Italia,Simone Sozza
Serie A,2021-2022,2022-03-04,20:45,Inter,5–0,Salernitana,46287.0,Stadio Giuseppe Meazza,Livio Marinelli
Serie A,2021-2022,2022-03-05,15:00,Udinese,2–1,Sampdoria,12405.0,Dacia Arena,Massimiliano Irrati
Serie A,2021-2022,2022-03-05,18:00,Roma,1–0,Atalanta,42303.0,Stadio Olimpico,Davide Massa
Serie A,2021-2022,2022-03-05,20:45,Cagliari,0–3,Lazio,10873.0,Unipol Domus,Fabio Maresca
Serie A,2021-2022,2022-03-06,12:30,Genoa,0–0,Empoli,14935.0,Stadio Comunale Luigi Ferraris,Gianluca Aureliano
Serie A,2021-2022,2022-03-06,15:00,Bologna,0–0,Torino,17575.0,Stadio Renato Dall'Ara,Luca Massimi
Serie A,2021-2022,2022-03-06,15:00,Venezia,1–4,Sassuolo,5732.0,Stadio Pierluigi Penzo,Luca Pairetto
Serie A,2021-2022,2022-03-06,15:00,Fiorentina,1–1,Hellas Verona,23491.0,Stadio Artemio Franchi,Gianluca Manganiello
Serie A,2021-2022,2022-03-06,18:00,Juventus,1–0,Spezia,26475.0,Allianz Stadium,Francesco Fourneau
Serie A,2021-2022,2022-03-06,20:45,Napoli,0–1,Milan,42000.0,Stadio Diego Armando Maradona,Daniele Orsato
Serie A,2021-2022,2022-03-12,15:00,Salernitana,2–2,Sassuolo,10249.0,Stadio Arechi,Luca Massimi
Serie A,2021-2022,2022-03-12,15:00,Spezia,2–0,Cagliari,7180.0,Stadio Alberto Picco,Daniele Orsato
Serie A,2021-2022,2022-03-12,18:00,Sampdoria,1–3,Juventus,16644.0,Stadio Comunale Luigi Ferraris,Paolo Valeri
Serie A,2021-2022,2022-03-12,20:45,Milan,1–0,Empoli,48801.0,Stadio Giuseppe Meazza,Daniele Chiffi
Serie A,2021-2022,2022-03-13,12:30,Fiorentina,1–0,Bologna,22635.0,Stadio Artemio Franchi,Juan Luca Sacchi
Serie A,2021-2022,2022-03-13,15:00,Hellas Verona,1–2,Napoli,18782.0,Stadio Marc'Antonio Bentegodi,Daniele Doveri
Serie A,2021-2022,2022-03-13,18:00,Udinese,1–1,Roma,15114.0,Dacia Arena,Marco Di Bello
Serie A,2021-2022,2022-03-13,18:00,Atalanta,0–0,Genoa,9140.0,Stadio Atleti Azzurri d'Italia,Rosario Abisso
Serie A,2021-2022,2022-03-13,20:45,Torino,1–1,Inter,15363.0,Stadio Olimpico di Torino,Marco Guida
Serie A,2021-2022,2022-03-14,20:45,Lazio,1–0,Venezia,18000.0,Stadio Olimpico,Gianluca Manganiello
Serie A,2021-2022,2022-03-18,18:45,Sassuolo,4–1,Spezia,6130.0,Mapei Stadium - Città del Tricolore,Manuel Volpi
Serie A,2021-2022,2022-03-18,21:00,Genoa,1–0,Torino,14961.0,Stadio Comunale Luigi Ferraris,Maurizio Mariani
Serie A,2021-2022,2022-03-19,15:00,Napoli,2–1,Udinese,37363.0,Stadio Diego Armando Maradona,Francesco Fourneau
Serie A,2021-2022,2022-03-19,18:00,Inter,1–1,Fiorentina,54988.0,Stadio Giuseppe Meazza,Daniele Chiffi
Serie A,2021-2022,2022-03-19,20:45,Cagliari,0–1,Milan,12309.0,Unipol Domus,Marco Di Bello
Serie A,2021-2022,2022-03-20,12:30,Venezia,0–2,Sampdoria,7591.0,Stadio Pierluigi Penzo,Daniele Orsato
Serie A,2021-2022,2022-03-20,15:00,Empoli,1–1,Hellas Verona,5445.0,Stadio Carlo Castellani,Matteo Marcenaro
Serie A,2021-2022,2022-03-20,15:00,Juventus,2–0,Salernitana,29186.0,Allianz Stadium,Giovanni Ayroldi
Serie A,2021-2022,2022-03-20,18:00,Roma,3–0,Lazio,51932.0,Stadio Olimpico,Massimiliano Irrati
Serie A,2021-2022,2022-03-20,20:45,Bologna,0–1,Atalanta,1323.0,Stadio Renato Dall'Ara,Fabio Maresca
Serie A,2021-2022,2022-04-02,15:00,Spezia,1–0,Venezia,7993.0,Stadio Alberto Picco,Daniele Doveri
Serie A,2021-2022,2022-04-02,18:00,Lazio,2–1,Sassuolo,15000.0,Stadio Olimpico,Antonio Rapuano
Serie A,2021-2022,2022-04-02,20:45,Salernitana,0–1,Torino,8650.0,Stadio Arechi,Marco Piccinini
Serie A,2021-2022,2022-04-03,12:30,Fiorentina,1–0,Empoli,22407.0,Stadio Artemio Franchi,Luca Massimi
Serie A,2021-2022,2022-04-03,15:00,Udinese,5–1,Cagliari,12215.0,Dacia Arena,Rosario Abisso
Serie A,2021-2022,2022-04-03,15:00,Atalanta,1–3,Napoli,17709.0,Stadio Atleti Azzurri d'Italia,Marco Di Bello
Serie A,2021-2022,2022-04-03,18:00,Sampdoria,0–1,Roma,16465.0,Stadio Comunale Luigi Ferraris,Gianluca Manganiello
Serie A,2021-2022,2022-04-03,20:45,Juventus,0–1,Inter,40093.0,Allianz Stadium,Massimiliano Irrati
Serie A,2021-2022,2022-04-04,18:30,Hellas Verona,1–0,Genoa,14993.0,Stadio Marc'Antonio Bentegodi,Francesco Fourneau
Serie A,2021-2022,2022-04-04,20:45,Milan,0–0,Bologna,68136.0,Stadio Giuseppe Meazza,Livio Marinelli
Serie A,2021-2022,2022-04-09,15:00,Empoli,0–0,Spezia,5265.0,Stadio Carlo Castellani,Giovanni Ayroldi
Serie A,2021-2022,2022-04-09,18:00,Inter,2–0,Hellas Verona,61325.0,Stadio Giuseppe Meazza,Livio Marinelli
Serie A,2021-2022,2022-04-09,20:45,Cagliari,1–2,Juventus,13437.0,Unipol Domus,Daniele Chiffi
Serie A,2021-2022,2022-04-10,12:30,Genoa,1–4,Lazio,16756.0,Stadio Comunale Luigi Ferraris,Gianluca Manganiello
Serie A,2021-2022,2022-04-10,15:00,Venezia,1–2,Udinese,10459.0,Stadio Pierluigi Penzo,Marco Guida
Serie A,2021-2022,2022-04-10,15:00,Sassuolo,2–1,Atalanta,7842.0,Mapei Stadium - Città del Tricolore,Juan Luca Sacchi
Serie A,2021-2022,2022-04-10,15:00,Napoli,2–3,Fiorentina,50000.0,Stadio Diego Armando Maradona,Maurizio Mariani
Serie A,2021-2022,2022-04-10,18:00,Roma,2–1,Salernitana,64266.0,Stadio Olimpico,Manuel Volpi
Serie A,2021-2022,2022-04-10,20:45,Torino,0–0,Milan,23472.0,Stadio Olimpico di Torino,Daniele Doveri
Serie A,2021-2022,2022-04-11,20:45,Bologna,2–0,Sampdoria,15783.0,Stadio Renato Dall'Ara,Luca Pairetto
Serie A,2021-2022,2022-04-15,19:00,Spezia,1–3,Inter,11382.0,Stadio Alberto Picco,Fabio Maresca
Serie A,2021-2022,2022-04-15,21:00,Milan,2–0,Genoa,70259.0,Stadio Giuseppe Meazza,Daniele Chiffi
Serie A,2021-2022,2022-04-16,12:30,Cagliari,1–0,Sassuolo,14689.0,Unipol Domus,Davide Massa
Serie A,2021-2022,2022-04-16,14:30,Udinese,4–1,Empoli,15226.0,Dacia Arena,Matteo Marchetti
Serie A,2021-2022,2022-04-16,14:30,Sampdoria,1–2,Salernitana,14908.0,Stadio Comunale Luigi Ferraris,Paolo Valeri
Serie A,2021-2022,2022-04-16,16:30,Fiorentina,1–0,Venezia,31627.0,Stadio Artemio Franchi,Rosario Abisso
Serie A,2021-2022,2022-04-16,18:30,Juventus,1–1,Bologna,36107.0,Allianz Stadium,Juan Luca Sacchi
Serie A,2021-2022,2022-04-16,20:45,Lazio,1–1,Torino,25000.0,Stadio Olimpico,Alessandro Prontera
Serie A,2021-2022,2022-04-18,19:00,Napoli,1–1,Roma,41822.0,Stadio Diego Armando Maradona,Marco Di Bello
Serie A,2021-2022,2022-04-18,21:00,Atalanta,1–2,Hellas Verona,14537.0,Stadio Atleti Azzurri d'Italia,Marco Piccinini
Serie A,2021-2022,2022-04-20,18:45,Udinese,0–1,Salernitana,12362.0,Dacia Arena,Simone Sozza
Serie A,2021-2022,2022-04-23,15:00,Venezia,1–3,Atalanta,6132.0,Stadio Pierluigi Penzo,Francesco Fourneau
Serie A,2021-2022,2022-04-23,15:00,Torino,2–1,Spezia,8333.0,Stadio Olimpico di Torino,Davide Ghersini
Serie A,2021-2022,2022-04-23,18:00,Inter,3–1,Roma,74947.0,Stadio Giuseppe Meazza,Simone Sozza
Serie A,2021-2022,2022-04-23,20:45,Hellas Verona,1–1,Sampdoria,16188.0,Stadio Marc'Antonio Bentegodi,Giovanni Ayroldi
Serie A,2021-2022,2022-04-24,12:30,Salernitana,2–1,Fiorentina,20920.0,Stadio Arechi,Davide Massa
Serie A,2021-2022,2022-04-24,15:00,Bologna,2–2,Udinese,15922.0,Stadio Renato Dall'Ara,Alberto Santoro
Serie A,2021-2022,2022-04-24,15:00,Empoli,3–2,Napoli,10245.0,Stadio Carlo Castellani,Livio Marinelli
Serie A,2021-2022,2022-04-24,18:00,Genoa,1–0,Cagliari,17257.0,Stadio Comunale Luigi Ferraris,Paolo Valeri
Serie A,2021-2022,2022-04-24,20:45,Lazio,1–2,Milan,25000.0,Stadio Olimpico,Marco Guida
Serie A,2021-2022,2022-04-25,20:45,Sassuolo,1–2,Juventus,20000.0,Mapei Stadium - Città del Tricolore,Fabio Maresca
Serie A,2021-2022,2022-04-27,18:00,Fiorentina,0–4,Udinese,22067.0,Stadio Artemio Franchi,Ivano Pezzuto
Serie A,2021-2022,2022-04-27,20:15,Atalanta,4–4,Torino,,Stadio Atleti Azzurri d'Italia,Rosario Abisso
Serie A,2021-2022,2022-04-27,20:15,Bologna,2–1,Inter,26034.0,Stadio Renato Dall'Ara,Daniele Doveri
Serie A,2021-2022,2022-04-30,15:00,Cagliari,1–2,Hellas Verona,16267.0,Unipol Domus,Daniele Orsato
Serie A,2021-2022,2022-04-30,15:00,Napoli,6–1,Sassuolo,20000.0,Stadio Diego Armando Maradona,Antonio Rapuano
Serie A,2021-2022,2022-04-30,18:00,Sampdoria,1–0,Genoa,30136.0,Stadio Comunale Luigi Ferraris,Fabio Maresca
Serie A,2021-2022,2022-04-30,20:45,Spezia,3–4,Lazio,8750.0,Stadio Alberto Picco,Luca Pairetto
Serie A,2021-2022,2022-05-01,12:30,Juventus,2–1,Venezia,39203.0,Allianz Stadium,Alessandro Prontera
Serie A,2021-2022,2022-05-01,15:00,Milan,1–0,Fiorentina,71542.0,Stadio Giuseppe Meazza,Paolo Valeri
Serie A,2021-2022,2022-05-01,15:00,Empoli,1–3,Torino,8416.0,Stadio Carlo Castellani,Francesco Cosso
Serie A,2021-2022,2022-05-01,18:00,Udinese,1–2,Inter,20910.0,Dacia Arena,Daniele Chiffi
Serie A,2021-2022,2022-05-01,20:45,Roma,0–0,Bologna,62988.0,Stadio Olimpico,Michael Fabbri
Serie A,2021-2022,2022-05-02,20:45,Atalanta,1–1,Salernitana,17011.0,Stadio Atleti Azzurri d'Italia,Marco Guida
Serie A,2021-2022,2022-05-05,18:00,Salernitana,2–1,Venezia,22200.0,Stadio Arechi,Maurizio Mariani
Serie A,2021-2022,2022-05-06,18:45,Inter,4–2,Empoli,69959.0,Stadio Giuseppe Meazza,Gianluca Manganiello
Serie A,2021-2022,2022-05-06,21:00,Genoa,2–1,Juventus,18762.0,Stadio Comunale Luigi Ferraris,Simone Sozza
Serie A,2021-2022,2022-05-07,15:00,Torino,0–1,Napoli,14619.0,Stadio Olimpico di Torino,Alessandro Prontera
Serie A,2021-2022,2022-05-07,18:00,Sassuolo,1–1,Udinese,7460.0,Mapei Stadium - Città del Tricolore,Matteo Marcenaro
Serie A,2021-2022,2022-05-07,20:45,Lazio,2–0,Sampdoria,31000.0,Stadio Olimpico,Davide Massa
Serie A,2021-2022,2022-05-08,12:30,Spezia,1–3,Atalanta,9000.0,Stadio Alberto Picco,Fabio Maresca
Serie A,2021-2022,2022-05-08,15:00,Venezia,4–3,Bologna,6674.0,Stadio Pierluigi Penzo,Livio Marinelli
Serie A,2021-2022,2022-05-08,18:00,Salernitana,1–1,Cagliari,28048.0,Stadio Arechi,Marco Di Bello
Serie A,2021-2022,2022-05-08,20:45,Hellas Verona,1–3,Milan,30154.0,Stadio Marc'Antonio Bentegodi,Daniele Doveri
Serie A,2021-2022,2022-05-09,20:45,Fiorentina,2–0,Roma,29580.0,Stadio Artemio Franchi,Marco Guida
Serie A,2021-2022,2022-05-14,15:00,Empoli,1–1,Salernitana,7000.0,Stadio Carlo Castellani,Davide Massa
Serie A,2021-2022,2022-05-14,18:00,Hellas Verona,0–1,Torino,24001.0,Stadio Marc'Antonio Bentegodi,Giacomo Camplone
Serie A,2021-2022,2022-05-14,18:00,Udinese,2–3,Spezia,20950.0,Dacia Arena,Gianluca Aureliano
Serie A,2021-2022,2022-05-14,20:45,Roma,1–1,Venezia,63243.0,Stadio Olimpico,Simone Sozza
Serie A,2021-2022,2022-05-15,12:30,Bologna,1–3,Sassuolo,19794.0,Stadio Renato Dall'Ara,Davide Ghersini
Serie A,2021-2022,2022-05-15,15:00,Napoli,3–0,Genoa,54000.0,Stadio Diego Armando Maradona,Michael Fabbri
Serie A,2021-2022,2022-05-15,18:00,Milan,2–0,Atalanta,73304.0,Stadio Giuseppe Meazza,Daniele Orsato
Serie A,2021-2022,2022-05-15,20:45,Cagliari,1–3,Inter,15443.0,Unipol Domus,Daniele Doveri
Serie A,2021-2022,2022-05-16,18:30,Sampdoria,4–1,Fiorentina,21331.0,Stadio Comunale Luigi Ferraris,Maurizio Mariani
Serie A,2021-2022,2022-05-16,20:45,Juventus,2–2,Lazio,40515.0,Allianz Stadium,Giovanni Ayroldi
Serie A,2021-2022,2022-05-20,20:45,Torino,0–3,Roma,16730.0,Stadio Olimpico di Torino,Massimiliano Irrati
Serie A,2021-2022,2022-05-21,17:15,Genoa,0–1,Bologna,17768.0,Stadio Comunale Luigi Ferraris,Gianpiero Miele
Serie A,2021-2022,2022-05-21,20:45,Atalanta,0–1,Empoli,17654.0,Stadio Atleti Azzurri d'Italia,Rosario Abisso
Serie A,2021-2022,2022-05-21,20:45,Lazio,3–3,Hellas Verona,50000.0,Stadio Olimpico,Andrea Colombo
Serie A,2021-2022,2022-05-21,20:45,Fiorentina,2–0,Juventus,34831.0,Stadio Artemio Franchi,Daniele Chiffi
Serie A,2021-2022,2022-05-22,12:30,Spezia,0–3,Napoli,10000.0,Stadio Alberto Picco,Matteo Marchetti
Serie A,2021-2022,2022-05-22,18:00,Inter,3–0,Sampdoria,71109.0,Stadio Giuseppe Meazza,Marco Di Bello
Serie A,2021-2022,2022-05-22,18:00,Sassuolo,0–3,Milan,21584.0,Mapei Stadium - Città del Tricolore,Daniele Doveri
Serie A,2021-2022,2022-05-22,21:00,Salernitana,0–4,Udinese,29739.0,Stadio Arechi,Daniele Orsato
Serie A,2021-2022,2022-05-22,21:00,Venezia,0–0,Cagliari,5654.0,Stadio Pierluigi Penzo,Fabio Maresca
