Club,Manager,Nommé,Départ,PPM
Ajaccio,Anthony Lippini,2025-09-09,2026-05-03,-
Ajaccio,Thierry Debès,2025-01-04,2025-08-18,"1,59"
Ajaccio,Mathieu Chabert,2024-07-01,2025-01-04,"0,83"
Ajaccio,Olivier Pantaloni,2014-11-06,2024-06-30,"1,30"
Ajaccio,Thierry Debès,2014-10-18,2014-11-06,"1,50"
Ajaccio,Christian Bracconi,2013-11-03,2014-10-18,"0,85"
Ajaccio,Fabrizio Ravanelli,2013-06-07,2013-11-02,"0,58"
Ajaccio,Albert Emon,2013-01-02,2013-05-28,"1,05"
Ajaccio,Alex Dupont,2012-06-22,2012-12-17,"1,11"
Ajaccio,Olivier Pantaloni,2009-02-23,2012-06-13,"1,36"
Ajaccio,José Pasqualetti,2008-09-01,2009-02-23,"1,13"
Ajaccio,Gernot Rohr,2007-07-01,2008-08-30,"1,41"
Ajaccio,Ruud Krol,2006-07-01,2007-06-30,"1,25"
Ajaccio,José Pasqualetti,2006-01-12,2006-06-30,"1,00"
Ajaccio,Oliver Pantoni,2006-01-11,2006-01-12,-
Ajaccio,Rolland Courbis,2004-10-26,2006-01-11,"1,13"
Ajaccio,Dominique Bijotat,2002-07-01,2004-09-21,"0,98"
Ajaccio,Rolland Courbis,2001-07-01,2003-06-30,"1,79"
Ajaccio,Baptiste Gentili,1994-07-01,2001-06-30,"1,27"
Ajaccio,Baptiste Gentili,1992-07-01,1994-06-30,-
Ajaccio,Jules Accorsi,1974-07-01,1975-06-30,-
Ajaccio,Louis Hon,1973-07-01,1974-06-30,"1,00"
Ajaccio,André Mori,1972-07-01,1973-06-30,"0,83"
Ajaccio,Antoine Cuissard,1971-07-01,1972-06-30,"1,24"
Ajaccio,Louis Hon,1970-07-01,1971-06-30,"1,44"
Ajaccio,Alberto Muro,1965-07-01,1970-06-30,"1,25"
Ajaccio,Ernst Stojaspal,1962-07-01,1963-06-30,-
Alavés,Quique Sánchez Flores,2026-03-03,2026-05-03,"1,13"
Alavés,Eduardo Coudet,2024-12-02,2026-03-03,"1,22"
Alavés,Luis García,2022-07-01,2024-12-02,"1,48"
Alavés,Julio Velázquez,2022-04-05,2022-06-30,"1,13"
Alavés,José Luis Mendilibar,2021-12-28,2022-04-04,"0,58"
Alavés,Javier Calleja,2021-04-05,2021-12-28,"1,14"
Alavés,Abelardo,2021-01-12,2021-04-05,"0,42"
Alavés,Pablo Machín,2020-08-05,2021-01-12,"1,20"
Alavés,Juan Muñiz,2020-07-05,2020-07-20,"1,00"
Alavés,Asier Garitano,2019-07-01,2020-07-05,"1,00"
Alavés,Abelardo,2017-12-01,2019-06-30,"1,42"
Alavés,Javi Cabello,2017-11-27,2017-12-01,"3,00"
Alavés,Giovanni De Biasi,2017-09-22,2017-11-27,"1,00"
Alavés,Javi Cabello,2017-09-18,2017-09-22,"0,00"
Alavés,Luis Zubeldía,2017-07-01,2017-09-18,"0,00"
Alavés,Mauricio Pellegrino,2016-07-01,2017-06-30,"1,51"
Alavés,José Bordalás,2015-07-01,2016-06-30,"1,77"
Alavés,Alberto López,2014-03-24,2015-06-30,"1,35"
Alavés,Juan Carlos Mandiá,2013-12-04,2014-03-24,"1,13"
Alavés,Natxo González,2012-06-15,2013-12-03,"1,80"
Alavés,José Carlos Granero,2011-10-18,2012-06-08,"1,59"
Alavés,Luis de la Fuente,2011-07-13,2011-10-17,"1,45"
Alavés,Miguel Ángel Álvarez Tomé,2010-06-01,2011-06-28,"1,65"
Alavés,Iñaki Ocenda,2010-02-02,2010-06-01,"1,93"
Alavés,Javi Pereira,2009-07-01,2010-02-01,"1,38"
Alavés,Javi López,2009-02-09,2009-06-30,"1,00"
Alavés,Manix Mandiola,2008-12-23,2009-02-08,"0,67"
Alavés,José María Salmerón,2008-02-27,2008-12-23,"1,24"
Alavés,Julio Bañuelos,2008-02-19,2008-02-26,"1,00"
Alavés,Josu Uribe,2007-07-01,2008-02-18,"1,00"
Alavés,Quique Yagüe,2007-04-10,2007-06-30,"1,20"
Alavés,Mario Luna,2007-03-05,2007-04-10,"0,40"
Alavés,José Alberto Garmendia,2007-03-01,2007-03-04,"1,00"
Alavés,Fabri González,2007-01-08,2007-02-28,"1,44"
Alavés,Chuchi Cos,2006-09-06,2007-01-08,"1,60"
Alavés,Julio Bañuelos,2006-07-01,2006-09-06,"0,50"
Alavés,Mario Luna,2006-02-17,2006-06-30,"1,13"
Alavés,Juan Carlos Oliva,2006-01-11,2006-02-16,"2,00"
Alavés,Chuchi Cos,2005-08-19,2006-01-10,"0,67"
Alavés,Rafael Monfort Llopis,2005-07-07,2005-08-18,-
Alavés,Chuchi Cos,2004-07-01,2005-07-06,"1,81"
Alavés,Pepe Mel,2003-07-01,2004-06-30,"1,69"
Alavés,Txutxi Aranguren,2003-04-28,2003-06-30,"0,71"
Alavés,Mané,1997-07-01,2003-04-28,"1,33"
Alavés,Marco Antonio Boronat,1997-02-17,1997-06-30,"1,60"
Alavés,Txutxi Aranguren,1994-07-01,1997-02-17,"1,47"
Alavés,José Antonio Irulegui,1993-07-01,1994-06-30,-
Alavés,Luis Costa,1992-07-01,1993-06-30,-
Alavés,Luis María Astorga,1990-07-01,1991-12-23,"1,25"
Alavés,Alberto Uriona,1986-07-01,1987-06-30,-
Alavés,Nando Yosu,1985-07-01,1986-06-30,"0,50"
Alavés,Neme,1984-12-04,1985-06-30,-
Alavés,José Antonio Naya,1984-11-13,1984-11-26,-
Alavés,Mané,1984-07-01,1985-06-30,-
Alavés,José Antonio Naya,1984-01-10,1984-06-30,-
Alavés,Luis María Astorga,1982-10-12,1983-06-30,"0,67"
Alavés,Txutxi Aranguren,1978-07-01,1980-06-30,"1,00"
Alavés,Joseíto,1976-07-01,1978-06-30,"1,75"
Alavés,Abdallah Ben Barek,1975-07-01,1976-06-30,"1,00"
Alavés,Ignacio Eizaguirre,1974-11-01,1975-03-31,"1,50"
Alavés,Román Galarraga,1973-07-01,1974-10-28,"0,00"
Alavés,Koldo Aguirre,1972-07-01,1973-06-30,-
Alavés,Ferenc Puskás,1968-07-01,1969-06-30,-
Alavés,Luis Urquiri,1965-07-01,1966-06-30,-
Alavés,Juan José Urquizu,1963-07-01,1964-01-06,"0,00"
Alavés,Román Galarraga,1961-07-01,1963-06-30,"0,25"
Alavés,Manuel Echezarreta,1959-02-24,1960-06-30,"0,50"
Alavés,Rafael Iriondo,1958-07-01,1959-03-01,"0,50"
Alavés,Luis Urquiri,1956-07-01,1958-06-30,"1,50"
Alavés,Manuel Echezarreta,1953-07-01,1956-06-30,"1,10"
Alavés,Antonio Alsúa,1953-02-28,1953-06-30,"0,00"
Alavés,Patxi Gamborena,1940-07-01,1941-06-30,-
Alavés,Baltasar Albéniz,1938-07-01,1940-04-30,"0,00"
Alavés,Amadeo García,1932-07-01,1939-06-30,"1,32"
Alavés,Ramón Encinas,1931-07-01,1932-06-30,"0,89"
Alavés,Francisco Baonza,1929-07-01,1931-06-30,"1,10"
Alavés,Amadeo García,1926-07-01,1927-06-30,-
Almería,Rubi,2024-07-01,2026-05-03,"1,72"
Almería,Pepe Mel,2024-03-13,2024-06-30,"1,10"
Almería,Gaizka Garitano,2023-10-08,2024-03-13,"0,48"
Almería,Alberto Lasarte,2023-09-29,2023-10-08,"0,50"
Almería,Vicente Moreno,2023-07-01,2023-09-29,"0,29"
Almería,Rubi,2021-04-28,2023-06-30,"1,52"
Almería,José Gomes,2020-07-27,2021-04-27,"1,72"
Almería,Mário Silva,2020-06-28,2020-07-27,"1,14"
Almería,Guti,2019-11-05,2020-06-27,"1,45"
Almería,Pedro Emanuel,2019-08-04,2019-11-04,"1,71"
Almería,Óscar Fernández,2019-07-01,2019-08-03,-
Almería,Fran Fernández,2018-04-24,2019-06-30,"1,46"
Almería,Lucas Alcaraz,2017-11-16,2018-04-24,"1,23"
Almería,Luis Miguel Ramis,2017-03-15,2017-11-13,"1,21"
Almería,Fernando Soriano,2016-07-01,2017-02-26,"0,89"
Almería,Fernando Soriano,2016-05-18,2016-06-30,"2,00"
Almería,Néstor Gorosito,2015-12-23,2016-05-17,"1,30"
Almería,Joan Carrillo,2015-10-19,2015-12-21,"0,55"
Almería,Sergi Barjuan,2015-04-06,2015-10-03,"1,00"
Almería,Juan Ignacio Martínez,2014-12-13,2015-04-05,"1,12"
Almería,Miguel Rivera,2014-12-10,2014-12-12,"0,00"
Almería,Francisco Rodríguez,2013-07-01,2014-12-09,"1,02"
Almería,Javi Gracia,2012-07-01,2013-06-30,"1,86"
Almería,Esteban Vigo,2012-04-04,2012-06-11,"1,64"
Almería,Lucas Alcaraz,2011-07-01,2012-04-04,"1,71"
Almería,Luis Zubeldía,2011-06-01,2011-06-17,-
Almería,Roberto Olabe,2011-04-05,2011-06-01,"0,50"
Almería,José Luis Oltra,2010-11-25,2011-04-05,"1,21"
Almería,Edu Pons,2010-11-20,2010-11-25,"0,00"
Almería,Juanma Lillo,2009-12-24,2010-11-20,"1,17"
Almería,Hugo Sánchez,2008-12-22,2009-12-21,"1,07"
Almería,Gonzalo Arconada,2008-07-01,2008-12-21,"1,22"
Almería,Unai Emery,2006-07-01,2008-06-30,"1,62"
Almería,Paco Flores,2005-04-08,2006-06-30,"1,58"
Almería,Fabri González,2005-02-16,2005-04-04,"0,00"
Almería,Alfonsín,2005-01-14,2005-02-13,"2,00"
Almería,Fernando Castro,2004-07-01,2005-01-10,"1,23"
Almería,Luis Ángel Duque,2004-02-01,2004-04-05,"1,00"
Almería,Alfonsín,2004-01-31,2004-04-30,-
Almería,Juan Casuco,2001-01-14,2004-01-25,"1,48"
Almería,José María Salmerón,1999-05-04,2001-01-13,-
Almería,Ramón Blanco,1998-12-13,1999-05-02,"0,00"
Almería,Floro Garrido,1998-11-10,1998-12-08,"0,00"
Almería,Lucas Alcaraz,1998-07-01,1998-11-08,-
Almería,José Moreno,1997-07-01,1998-04-07,-
Almería,Pedro Braojos,1997-03-01,1997-06-30,"2,00"
Almería,Uli Stielike,1996-12-02,1997-02-24,"0,60"
Almería,Gonzalo Hurtado,1996-07-01,1996-11-18,"0,40"
Almería,Esteban Vigo,1996-03-04,1996-06-30,"0,50"
Almería,Quique Hernández,1995-11-12,1996-03-04,"0,67"
Almería,José Cayuela,1995-04-08,1996-04-28,"2,00"
Almería,José Enrique Díaz,1994-07-01,1995-04-03,-
Almería,Rogelio Palomo,1994-01-04,1994-06-30,-
Almería,Pedro Buenaventura,1993-07-01,1994-06-30,"0,00"
Almería,Antonio Oviedo,1991-07-01,1992-06-30,-
Angers,Alexandre Dujeux,2023-03-07,2026-05-03,"1,31"
Angers,Abdel Bouhazama,2022-11-28,2023-03-07,"0,57"
Angers,Gérald Baticle,2021-05-27,2022-11-23,"0,91"
Angers,Stéphane Moulin,2011-07-01,2021-05-24,"1,38"
Angers,Jean-Louis Garcia,2006-07-01,2011-05-31,"1,50"
Angers,Jacky Lemée,2005-12-17,2006-06-30,"1,37"
Angers,Stéphane Paille,2005-07-01,2005-12-17,"1,15"
Angers,Noël Tosi,2004-08-19,2005-06-30,"1,05"
Angers,Roberto Morinini,2004-07-01,2004-08-19,-
Angers,Noël Tosi,2004-02-03,2004-06-30,"1,56"
Angers,Jacky Bonnevay,2003-08-01,2004-02-02,"0,96"
Angers,Eric Guérit,2002-07-01,2003-08-27,"1,50"
Angers,Stéphane Mottin,2001-01-01,2002-06-30,"1,00"
Angers,Jean-Paul Rabier,2000-07-01,2001-06-30,-
Angers,Denis Goavec,1999-07-01,2001-06-30,"0,83"
Angers,Jean-Yves Chay,1997-07-01,1997-12-11,-
Angers,André Guesdon,1995-01-01,1996-06-30,"1,00"
Angers,Alain de Martigny,1993-11-25,1994-12-31,"0,86"
Angers,Hervé Gauthier,1988-07-01,1993-11-29,"1,46"
Angers,Pierre Garcia,1987-07-01,1988-06-30,"1,53"
Angers,Henri Atamaniuk,1984-11-01,1987-06-30,"1,11"
Angers,Elie Fruchart,1981-12-01,1984-06-30,"1,13"
Angers,René Cédolin,1981-07-01,1981-12-01,"1,20"
Angers,Elie Fruchart,1979-07-01,1981-06-30,"1,00"
Angers,Aimé Mignot,1976-07-01,1979-06-30,"1,31"
Angers,Velibor Vasovic,1975-01-01,1976-06-30,"1,80"
Angers,Pancho Gonzalès,1973-07-01,1975-01-01,"1,29"
Angers,Ladislas Nagy,1971-01-01,1973-06-30,"1,49"
Angers,Lucien Leduc,1969-11-06,1970-12-21,"1,42"
Angers,Louis Hon,1968-07-01,1969-11-05,"1,78"
Angers,Antoine Pasquini,1962-10-07,1968-06-30,"1,38"
Angers,Karel Michlowski,1960-07-01,1962-10-04,"1,35"
Angers,Maurice Blondel,1957-07-01,1960-06-30,"1,47"
Angers,Walter Presch,1956-07-01,1957-06-30,"1,39"
Angers,Karel Michlowski,1953-02-11,1956-06-30,"1,67"
Angers,Jean Grégoire,1951-07-01,1953-02-11,"0,00"
Angers,Camille Cottin,1949-07-01,1951-06-30,-
Arminia,Mitch Kniat,2023-07-01,2026-05-03,"1,62"
Arminia,Uwe Koschinat,2023-03-09,2023-06-30,"1,00"
Arminia,Daniel Scherning,2022-08-18,2023-03-07,"1,05"
Arminia,Uli Forte,2022-07-01,2022-08-17,"0,60"
Arminia,Marco Kostmann,2022-04-20,2022-06-30,"0,50"
Arminia,Ilia Gruev,2022-03-12,2022-03-14,"0,00"
Arminia,Frank Kramer,2021-03-02,2022-04-20,"1,07"
Arminia,Uwe Neuhaus,2018-12-10,2021-03-01,"1,60"
Arminia,Jeff Saibene,2017-03-20,2018-12-10,"1,29"
Arminia,Carsten Rump,2017-03-14,2017-03-20,"3,00"
Arminia,Jürgen Kramny,2016-11-15,2017-03-14,"1,07"
Arminia,Carsten Rump,2016-11-07,2016-11-13,-
Arminia,Carsten Rump,2016-10-23,2016-11-06,"2,00"
Arminia,Rüdiger Rehm,2016-07-01,2016-10-22,"0,73"
Arminia,Norbert Meier,2014-02-24,2016-06-30,"1,61"
Arminia,Stefan Krämer,2011-11-03,2014-02-23,"1,76"
Arminia,Marco Kostmann,2011-10-06,2011-11-02,-
Arminia,Marco Kostmann,2011-09-20,2011-10-05,-
Arminia,Stefan Krämer,2011-09-20,2011-11-02,"2,00"
Arminia,Markus von Ahlen,2011-07-01,2011-09-20,"0,67"
Arminia,Ewald Lienen,2010-11-08,2011-06-30,"0,70"
Arminia,Christian Ziege,2010-07-01,2010-11-06,"0,54"
Arminia,Frank Eulberg,2010-03-30,2010-06-08,"1,17"
Arminia,Detlev Dammeier,2010-03-11,2010-03-30,"1,00"
Arminia,Thomas Gerstner,2009-07-01,2010-03-11,"1,70"
Arminia,Jörg Berger,2009-05-19,2009-05-24,"1,00"
Arminia,Michael Frontzeck,2008-01-01,2009-05-17,"0,87"
Arminia,Detlev Dammeier,2007-12-11,2007-12-15,"3,00"
Arminia,Ernst Middendorp,2007-03-14,2007-12-10,"1,37"
Arminia,Frank Geideck,2007-02-12,2007-03-13,"0,75"
Arminia,Thomas von Heesen,2005-05-12,2007-02-11,"1,20"
Arminia,Frank Geideck,2005-05-11,2005-06-30,"0,50"
Arminia,Uwe Rapolder,2004-03-01,2005-05-11,"1,53"
Arminia,Thomas von Heesen,2004-02-17,2004-03-01,"2,00"
Arminia,Benno Möhlmann,2000-10-22,2004-02-17,"1,35"
Arminia,Frank Geideck,2000-10-16,2000-10-22,"1,00"
Arminia,Hermann Gerland,1999-07-01,2000-10-16,"1,15"
Arminia,Thomas von Heesen,1998-08-17,1999-06-30,"2,03"
Arminia,Ernst Middendorp,1994-08-24,1998-08-17,"1,47"
Arminia,Wolfgang Sidka,1994-07-01,1994-08-25,"1,75"
Arminia,Theo Schneider,1994-02-01,1994-06-30,"1,58"
Arminia,Ingo Peter,1992-07-01,1994-02-01,"1,86"
Arminia,Fritz Grösche,1991-07-01,1992-06-30,"2,00"
Arminia,Franz Raschid,1990-10-02,1991-06-30,"1,88"
Arminia,Ernst Middendorp,1988-04-19,1990-10-01,"1,91"
Arminia,Hannes Scholz,1988-04-12,1988-04-18,"0,00"
Arminia,Joachim Krug,1987-09-15,1988-04-11,"1,07"
Arminia,Fritz Fuchs,1986-11-03,1987-09-14,"1,24"
Arminia,Horst Franz,1986-02-03,1986-10-28,"1,07"
Arminia,Gerd Roggensack,1984-03-23,1986-02-02,"1,31"
Arminia,Karl-Heinz Feldkamp,1983-07-01,1984-03-22,"1,39"
Arminia,Horst Köppel,1982-07-01,1983-06-30,"1,33"
Arminia,Horst Franz,1980-12-01,1982-06-01,"1,33"
Arminia,Willi Nolting,1980-10-21,1980-11-30,"0,40"
Arminia,Hans-Dieter Tippenhauer,1979-10-14,1980-11-19,"1,97"
Arminia,Otto Rehhagel,1978-10-10,1979-10-11,"1,46"
Arminia,Milovan Beljin,1978-07-01,1978-10-08,"0,78"
Arminia,Karl-Heinz Feldkamp,1976-07-01,1978-06-30,"1,85"
Arminia,Erhard Ahmann,1974-07-01,1976-06-30,"1,66"
Arminia,Rudolf Faßnacht,1974-01-01,1974-06-30,"1,47"
Arminia,Willi Nolting,1973-10-13,1973-12-31,"0,75"
Arminia,Harry Garstecki,1973-09-01,1973-09-30,"0,80"
Arminia,Norbert Lessle,1973-02-01,1973-10-11,"1,00"
Arminia,Willi Nolting,1972-10-01,1973-02-01,"1,12"
Arminia,Jan Notermans,1972-02-01,1972-09-30,"1,14"
Arminia,Hellmut Meidt,1972-01-01,1972-01-31,-
Arminia,Egon Piechaczek,1969-11-01,1971-12-21,"1,38"
Arminia,Hans Wendlandt,1966-07-01,1969-10-31,"1,75"
Arminia,Robert Gebhardt,1965-07-01,1966-06-30,"1,29"
Arminia,Hellmut Meidt,1963-04-01,1965-06-30,"1,45"
Arminia,Josef Rasselnberg,1961-03-20,1961-06-30,-
Arminia,Arthur Gruber,1958-07-05,1961-03-19,-
Arminia,Otto Westphal,1955-07-01,1957-06-30,-
Arminia,Klaus Dondorf,1953-07-01,1955-06-30,-
Arminia,Hellmut Meidt,1951-07-01,1953-06-30,-
Arminia,Fritz Kaiser,1950-07-01,1951-06-30,-
Arminia,Friedrich Otto,1949-07-01,1950-06-30,"0,73"
Arminia,Karl Wunderlich,1947-07-01,1948-06-30,-
Arminia,Ferdinand Swatosch,1946-07-01,1947-06-30,-
Arminia,Karl Wunderlich,1942-07-01,1945-06-30,-
Arminia,Otto Kranefeld,1940-07-01,1942-06-30,-
Arminia,Ferdinand Swatosch,1939-07-01,1940-06-30,-
Arminia,Ewald Höning,1937-07-01,1938-12-31,"1,50"
Arminia,Karl Willnecker,1935-07-01,1938-06-30,-
Arminia,Frantisek Zoubek,1926-01-01,1933-06-30,"3,00"
Arminia,Georg Wellhöfer,1924-11-01,1926-06-30,-
Arminia,Frantisek Zoubek,1924-07-01,1924-10-01,-
Arminia,Georg Wellhöfer,1923-07-01,1924-06-30,-
Arminia,Frantisek Zoubek,1922-07-01,1923-06-30,"0,50"
Arsenal,Mikel Arteta,2019-12-22,2026-05-03,"2,01"
Arsenal,Freddie Ljungberg,2019-11-29,2019-12-21,"1,00"
Arsenal,Unai Emery,2018-07-01,2019-11-29,"1,85"
Arsenal,Arsène Wenger,1996-10-01,2018-06-30,"1,95"
Arsenal,Pat Rice,1996-09-16,1996-09-30,"2,25"
Arsenal,Stewart Houston,1996-08-12,1996-09-13,"1,00"
Arsenal,Bruce Rioch,1995-07-01,1996-06-30,"1,72"
Arsenal,Stewart Houston,1995-02-21,1995-06-15,"1,32"
Arsenal,George Graham,1986-05-14,1995-02-21,"1,76"
Arsenal,Steve Burtenshaw,1986-03-25,1986-05-14,"1,00"
Arsenal,Don Howe,1983-12-16,1986-03-22,"1,66"
Arsenal,Terry Neill,1976-07-09,1983-12-16,"1,63"
Arsenal,Bertie Mee,1966-06-20,1976-05-04,"1,58"
Arsenal,Billy Wright,1962-07-01,1966-06-30,"1,39"
Arsenal,George Swindin,1958-07-01,1962-04-30,"1,42"
Arsenal,Jack Crayston,1956-10-24,1958-05-01,"1,49"
Arsenal,Tom Whittaker,1947-06-02,1956-10-24,"1,64"
Arsenal,George Allison,1934-06-01,1947-06-01,"1,62"
Arsenal,Joe Shaw,1934-01-06,1934-05-28,"1,91"
Arsenal,Herbert Chapman,1925-06-11,1934-01-06,"1,70"
Arsenal,Leslie Knighton,1919-05-01,1925-06-01,"1,09"
Arsenal,George Morrell,1908-02-01,1915-05-01,"1,07"
Arsenal,Phil Kelso,1904-07-01,1908-06-30,"1,31"
Arsenal,Harry Bradshaw,1899-07-01,1904-03-30,"1,50"
Arsenal,Thomas Mitchell,1897-06-30,1898-06-30,"0,50"
Aston Villa,Unai Emery,2022-11-01,2026-05-03,"1,82"
Aston Villa,Aaron Danks,2022-10-21,2022-10-31,"1,50"
Aston Villa,Steven Gerrard,2021-11-11,2022-10-20,"1,18"
Aston Villa,Dean Smith,2018-10-10,2021-11-07,"1,41"
Aston Villa,Kevin MacDonald,2018-10-04,2018-10-10,"0,00"
Aston Villa,Steve Bruce,2016-10-12,2018-10-03,"1,60"
Aston Villa,Steve Clarke,2016-10-04,2016-10-12,-
Aston Villa,Roberto Di Matteo,2016-07-01,2016-10-03,"0,83"
Aston Villa,Eric Black,2016-03-30,2016-06-03,"0,14"
Aston Villa,Rémi Garde,2015-11-03,2016-03-29,"0,70"
Aston Villa,Kevin MacDonald,2015-10-26,2015-11-02,"0,00"
Aston Villa,Tim Sherwood,2015-02-16,2015-10-25,"1,14"
Aston Villa,Andy Marshall,2015-02-11,2015-02-15,-
Aston Villa,Scott Marshall,2015-02-11,2015-02-15,"3,00"
Aston Villa,Paul Lambert,2012-06-02,2015-02-11,"1,11"
Aston Villa,Alex McLeish,2011-06-17,2012-05-14,"1,05"
Aston Villa,Gérard Houllier,2010-09-09,2011-06-01,"1,33"
Aston Villa,Kevin MacDonald,2010-08-09,2010-09-09,"1,40"
Aston Villa,Martin O'Neill,2006-08-04,2010-08-09,"1,59"
Aston Villa,Roy Aitken,2006-07-20,2006-08-04,-
Aston Villa,David O'Leary,2003-05-20,2006-07-20,"1,34"
Aston Villa,Graham Taylor,2002-02-05,2003-06-30,"1,16"
Aston Villa,John Deehan,2002-01-24,2002-02-05,-
Aston Villa,Stuart Gray,2002-01-24,2002-02-05,"1,00"
Aston Villa,John Gregory,1998-02-25,2002-01-23,"1,59"
Aston Villa,Brian Little,1994-11-25,1998-02-24,"1,51"
Aston Villa,Ron Atkinson,1991-07-07,1994-11-10,"1,52"
Aston Villa,Jozef Venglos,1990-07-22,1991-05-28,"1,29"
Aston Villa,Graham Taylor,1987-07-01,1990-07-30,"1,54"
Aston Villa,Billy McNeill,1986-09-01,1987-05-31,"0,95"
Aston Villa,Graham Turner,1984-07-16,1986-09-14,"1,18"
Aston Villa,Tony Barton,1982-02-10,1984-06-18,"1,55"
Aston Villa,Ron Saunders,1974-06-04,1982-02-09,"1,57"
Aston Villa,Vic Crowe,1970-01-19,1974-06-03,"1,19"
Aston Villa,Tommy Docherty,1968-12-01,1970-01-19,"1,38"
Aston Villa,Tommy Cummings,1967-07-01,1968-11-01,"0,25"
Aston Villa,Dick Taylor,1964-07-01,1967-05-31,"1,14"
Aston Villa,Joe Mercer,1958-12-01,1964-07-31,"1,52"
Aston Villa,Eric Houghton,1953-09-01,1958-11-30,"1,32"
Aston Villa,George Martin,1950-12-01,1953-08-01,"1,42"
Aston Villa,Alex Massie,1945-07-01,1950-06-30,"1,43"
Aston Villa,Jimmy Hogan,1936-11-01,1939-06-30,"1,33"
Aston Villa,Jimmy McMullan,1934-06-01,1936-10-01,"1,21"
Aston Villa,W. J. Smith,1926-08-01,1934-05-31,"1,61"
Aston Villa,George Ramsay,1886-06-26,1926-06-30,"1,61"
Atalanta,Raffaele Palladino,2025-11-11,2026-05-03,"1,61"
Atalanta,Ivan Juric,2025-06-06,2025-11-10,"1,33"
Atalanta,Gian Piero Gasperini,2016-07-01,2025-06-01,"1,79"
Atalanta,Edoardo Reja,2015-03-04,2016-06-14,"1,17"
Atalanta,Stefano Colantuono,2010-06-14,2015-03-04,"1,38"
Atalanta,Bortolo Mutti,2010-01-11,2010-06-10,"1,10"
Atalanta,Valter Bonacina,2010-01-07,2010-01-10,"0,00"
Atalanta,Antonio Conte,2009-09-21,2010-01-07,"0,93"
Atalanta,Angelo Gregucci,2009-07-01,2009-09-21,"0,60"
Atalanta,Luigi Delneri,2007-07-01,2009-06-30,"1,24"
Atalanta,Stefano Colantuono,2005-07-01,2007-06-30,"1,69"
Atalanta,Delio Rossi,2004-12-06,2005-06-30,"1,12"
Atalanta,Andrea Mandorlini,2003-06-12,2004-12-06,"1,49"
Atalanta,Giancarlo Finardi,2003-04-21,2003-06-30,"1,43"
Atalanta,Giovanni Vavassori,1999-07-01,2003-04-20,"1,42"
Atalanta,Bortolo Mutti,1998-07-01,1999-06-30,"1,70"
Atalanta,Emiliano Mondonico,1994-07-01,1998-06-30,"1,32"
Atalanta,Cesare Prandelli,1993-11-01,1994-06-30,"0,73"
Atalanta,Francesco Guidolin,1993-07-01,1993-10-31,"1,17"
Atalanta,Marcello Lippi,1992-07-01,1993-06-30,"1,47"
Atalanta,Bruno Giorgi,1991-02-02,1992-06-30,"1,36"
Atalanta,Pierluigi Frosio,1990-07-01,1991-02-02,"1,27"
Atalanta,Emiliano Mondonico,1987-07-01,1990-06-30,"1,45"
Atalanta,Nedo Sonetti,1983-07-01,1987-06-30,"1,32"
Atalanta,Ottavio Bianchi,1981-07-01,1983-06-30,"1,50"
Atalanta,Giulio Corsini,1981-01-19,1981-06-30,"0,95"
Atalanta,Bruno Bolchi,1980-07-01,1981-01-19,"1,27"
Atalanta,Battista Rota,1976-07-01,1980-06-30,"1,34"
Atalanta,Gianfranco Leoncini,1976-06-06,1976-06-30,"3,00"
Atalanta,Giancarlo Cadè,1975-07-01,1976-05-31,"1,15"
Atalanta,Angelo Piccioli,1974-11-18,1975-06-30,"1,41"
Atalanta,Heriberto Herrera,1973-11-19,1974-11-18,"1,14"
Atalanta,Giulio Corsini,1970-07-01,1973-11-19,"1,36"
Atalanta,Battista Rota,1970-04-17,1970-06-30,"1,11"
Atalanta,Renato Gei,1969-12-14,1970-04-17,"1,18"
Atalanta,Corrado Viciani,1969-07-01,1969-12-14,"1,00"
Atalanta,Carlo Ceresoli †,1969-04-28,1964-06-30,-
Atalanta,Stefano Angeleri,1968-07-01,1969-06-30,"0,92"
Atalanta,Paolo Tabanelli,1967-07-01,1968-04-14,"1,19"
Atalanta,Stefano Angeleri,1965-10-10,1967-06-30,"1,22"
Atalanta,Ettore Puricelli,1965-07-01,1965-10-05,"0,83"
Atalanta,Ferruccio Valcareggi,1964-07-01,1965-06-30,"1,16"
Atalanta,Carlo Ceresoli †,1964-02-08,1964-06-30,"0,87"
Atalanta,Carlo Alberto Quario,1963-07-01,1964-02-03,"1,23"
Atalanta,Paolo Tabanelli,1962-07-01,1963-06-30,"1,56"
Atalanta,Ferruccio Valcareggi,1959-07-01,1962-06-30,"1,30"
Atalanta,Karl Adamek,1957-12-13,1959-06-30,"1,62"
Atalanta,Giuseppe Bonomi,1957-12-07,1957-12-12,-
Atalanta,Carlo Rigotti,1957-07-01,1957-12-06,"0,83"
Atalanta,Luigi Bonizzoni,1954-07-01,1957-04-15,"1,10"
Atalanta,Francesco Simonetti,1954-02-05,1954-06-30,"1,69"
Atalanta,Luigi Ferrero,1952-07-01,1954-01-31,"1,08"
Atalanta,Carlo Ceresoli †,1951-10-19,1952-06-30,"1,29"
Atalanta,Denis Neville,1951-01-08,1951-10-14,"1,00"
Atalanta,Luigi Tentorio,1951-01-07,1951-01-07,"3,00"
Atalanta,Giovanni Varglien,1949-07-01,1950-12-31,"1,36"
Atalanta,Carlo Carcano,1949-03-13,1949-06-30,"1,73"
Atalanta,Ivo Fiorentini,1946-11-12,1949-03-07,"1,26"
Atalanta,Luis Monti,1946-01-13,1946-11-24,"1,18"
Atalanta,Giuseppe Meazza,1945-11-25,1946-01-13,"0,86"
Atalanta,János Nehadoma,1941-07-01,1945-11-25,"1,16"
Atalanta,Ivo Fiorentini,1939-07-01,1941-06-30,"1,34"
Atalanta,Ottavio Barbieri,1937-07-01,1938-06-30,"0,79"
Atalanta,Imre Payer,1935-07-01,1937-06-30,-
Atalanta,Angelo Mattea,1933-07-01,1935-06-30,-
Atalanta,Imre Payer,1933-01-01,1934-06-30,-
Atalanta,Giuseppe Viola,1930-07-01,1933-02-05,-
Atalanta,Enrico Tirabassi,1929-03-10,1929-06-30,"0,64"
Atalanta,Imre Payer,1928-07-01,1929-03-09,"1,00"
Athletic Club,Ernesto Valverde,2022-07-01,2026-06-30,"1,64"
Athletic Club,Marcelino,2021-01-04,2022-06-30,"1,49"
Athletic Club,Gaizka Garitano,2018-12-05,2021-01-03,"1,55"
Athletic Club,Eduardo Berizzo,2018-07-01,2018-12-04,"0,93"
Athletic Club,Cuco Ziganda,2017-07-01,2018-06-30,"1,26"
Athletic Club,Ernesto Valverde,2013-07-01,2017-06-30,"1,64"
Athletic Club,Marcelo Bielsa,2011-07-13,2013-06-30,"1,42"
Athletic Club,Joaquín Caparrós,2007-07-01,2011-06-30,"1,37"
Athletic Club,Mané,2006-11-28,2007-06-18,"1,23"
Athletic Club,Félix Sarriugarte,2006-07-08,2006-11-27,"0,62"
Athletic Club,Javier Clemente,2005-10-31,2006-07-06,"1,35"
Athletic Club,José Luis Mendilibar,2005-06-22,2005-10-31,"0,69"
Athletic Club,Ernesto Valverde,2003-07-01,2005-06-30,"1,46"
Athletic Club,Jupp Heynckes,2001-07-01,2003-06-30,"1,46"
Athletic Club,Txetxu Rojo,2000-07-01,2001-06-30,"1,10"
Athletic Club,Luis Fernandez,1996-07-01,2000-06-30,"1,49"
Athletic Club,José Mari Amorrortu,1996-03-18,1996-06-30,"1,27"
Athletic Club,Dragoslav Stepanovic,1995-07-01,1996-03-17,"1,22"
Athletic Club,José Mari Amorrortu,1995-03-20,1995-06-30,"1,77"
Athletic Club,Javier Irureta,1994-07-01,1995-03-19,"1,37"
Athletic Club,Jupp Heynckes,1992-07-01,1994-06-30,"1,54"
Athletic Club,Txutxi Aranguren,1992-02-25,1992-06-30,"1,25"
Athletic Club,Iñaki Sáez,1991-03-18,1992-02-24,"1,39"
Athletic Club,Javier Clemente,1990-07-01,1991-03-17,"1,29"
Athletic Club,Txetxu Rojo,1989-11-13,1990-06-30,"1,22"
Athletic Club,Howard Kendall,1987-07-01,1989-11-11,"1,56"
Athletic Club,José Ángel Iribar,1986-07-01,1987-06-30,"1,35"
Athletic Club,Iñaki Sáez,1986-01-20,1986-06-30,"1,60"
Athletic Club,Javier Clemente,1981-07-01,1986-01-20,"1,81"
Athletic Club,Iñaki Sáez,1980-09-15,1981-06-30,"1,49"
Athletic Club,Helmut Senekowitsch,1979-07-01,1980-09-14,"1,34"
Athletic Club,Koldo Aguirre,1976-07-01,1979-06-30,"1,52"
Athletic Club,Rafael Iriondo,1974-07-01,1976-06-30,"1,46"
Athletic Club,Misa Pavic,1972-07-01,1974-06-30,"1,47"
Athletic Club,Salvador Artigas,1971-11-14,1972-06-30,"1,71"
Athletic Club,Ronnie Allen,1969-07-01,1971-11-14,"1,53"
Athletic Club,Rafael Iriondo,1968-10-22,1969-06-30,"1,60"
Athletic Club,Piru Gaínza,1965-07-01,1968-10-20,"1,43"
Athletic Club,Antonio Barrios,1964-07-01,1965-06-30,"1,51"
Athletic Club,Juan Otxoantezana,1963-07-01,1964-06-30,"1,37"
Athletic Club,Ángel Zubieta,1962-07-01,1963-06-30,"1,24"
Athletic Club,Juan Antonio Ipiña,1961-01-01,1962-06-30,"1,40"
Athletic Club,Martim Francisco,1958-07-01,1960-12-19,"1,72"
Athletic Club,Baltasar Albéniz,1957-07-01,1958-06-30,"1,73"
Athletic Club,Ferdinand Daucik,1954-07-01,1957-06-30,"2,00"
Athletic Club,Antonio Barrios,1952-07-01,1954-06-30,"1,54"
Athletic Club,José Iraragorri,1949-07-01,1952-06-30,"1,73"
Athletic Club,Harry Bagge,1947-11-11,1949-06-30,"1,63"
Athletic Club,Juan José Urquizu,1940-07-01,1947-11-10,"1,74"
Athletic Club,Roberto Echevarría,1939-07-01,1940-06-30,"1,76"
Athletic Club,William Garbutt,1936-01-26,1937-01-01,"1,64"
Athletic Club,José María Olabarria,1935-07-01,1936-01-25,"2,20"
Athletic Club,Patricio Caicedo,1933-07-01,1935-06-30,"1,68"
Athletic Club,Fred Pentland,1929-07-01,1933-06-30,"2,14"
Athletic Club,Máximo Royo,1928-07-01,1929-06-30,"1,40"
Athletic Club,Lippo Hertzka,1926-07-01,1928-06-30,"1,50"
Athletic Club,Ralph Kirby,1925-09-10,1926-05-01,-
Athletic Club,Fred Pentland,1922-07-01,1925-06-30,"3,00"
Atlético Madrid,Diego Simeone,2011-12-23,2026-05-03,"1,98"
Atlético Madrid,Gregorio Manzano,2011-06-10,2011-12-22,"1,57"
Atlético Madrid,Quique Sánchez Flores,2009-10-26,2011-05-23,"1,46"
Atlético Madrid,Santi Denia,2009-10-24,2009-10-25,"1,00"
Atlético Madrid,Abel Resino,2009-02-04,2009-10-23,"1,61"
Atlético Madrid,Javier Aguirre,2006-07-01,2009-02-02,"1,63"
Atlético Madrid,Pepe Murcia,2006-01-12,2006-06-30,"1,57"
Atlético Madrid,Carlos Bianchi,2005-07-01,2006-01-12,"1,24"
Atlético Madrid,César Ferrando,2004-05-31,2005-05-31,"1,44"
Atlético Madrid,Gregorio Manzano,2003-07-23,2004-05-20,"1,40"
Atlético Madrid,Luis Aragonés,2001-07-01,2003-06-30,"1,60"
Atlético Madrid,Carlos Cantarero,2001-04-29,2001-06-30,"2,44"
Atlético Madrid,Marcos Alonso,2000-10-02,2001-04-29,"1,86"
Atlético Madrid,Fernando Zambrano,2000-05-15,2000-10-02,"1,17"
Atlético Madrid,Radomir Antić,2000-03-04,2000-05-15,"0,62"
Atlético Madrid,Claudio Ranieri,1999-07-01,2000-03-03,"1,49"
Atlético Madrid,Radomir Antić,1999-03-24,1999-06-30,"1,06"
Atlético Madrid,Carlos Sánchez Aguiar,1999-02-15,1999-03-23,"1,44"
Atlético Madrid,Arrigo Sacchi,1998-07-01,1999-02-14,"1,67"
Atlético Madrid,Radomir Antić,1995-07-01,1998-06-30,"1,79"
Atlético Madrid,Carlos Sánchez Aguiar,1995-06-10,1995-06-30,"2,00"
Atlético Madrid,Alfio Basile,1995-02-26,1995-06-30,"1,38"
Atlético Madrid,Jorge D'Alessandro,1994-11-01,1995-02-20,"1,44"
Atlético Madrid,Francisco Maturana,1994-07-01,1994-11-01,"0,78"
Atlético Madrid,Jorge D'Alessandro,1994-03-21,1994-06-30,"2,00"
Atlético Madrid,Iselin Ovejero,1994-02-25,1994-03-21,"0,25"
Atlético Madrid,José Luis Romero,1994-01-17,1994-02-24,"1,00"
Atlético Madrid,Emilio Cruz,1993-11-11,1994-01-17,"0,80"
Atlético Madrid,Cacho Heredia,1993-10-20,1993-11-10,"1,75"
Atlético Madrid,Jair Pereira,1993-09-05,1993-10-19,"1,33"
Atlético Madrid,Cacho Heredia,1993-04-16,1993-06-30,"1,50"
Atlético Madrid,Iselin Ovejero,1993-02-22,1993-04-15,"3,00"
Atlético Madrid,José Pastoriza,1993-02-09,1993-03-22,"1,75"
Atlético Madrid,Iselin Ovejero,1993-02-02,1993-02-09,"1,50"
Atlético Madrid,Iselin Ovejero,1991-06-11,1991-06-30,"2,25"
Atlético Madrid,Luis Aragonés,1991-01-01,1993-02-02,"1,86"
Atlético Madrid,Tomislav Ivic,1990-09-04,1991-06-11,"1,71"
Atlético Madrid,Iselin Ovejero,1990-08-01,1990-09-04,"1,00"
Atlético Madrid,Joaquín Peiró,1990-03-05,1990-06-30,"1,80"
Atlético Madrid,Antonio Briones,1990-03-04,1990-03-05,"1,00"
Atlético Madrid,Javier Clemente,1989-07-01,1990-02-27,"1,77"
Atlético Madrid,Antonio Briones,1989-06-15,1989-06-30,"2,00"
Atlético Madrid,Colin Addison,1989-01-29,1989-06-15,"1,60"
Atlético Madrid,Ron Atkinson,1988-10-17,1989-01-28,"2,00"
Atlético Madrid,Antonio Briones,1988-10-07,1988-10-16,"3,00"
Atlético Madrid,José María Maguregui,1988-07-01,1988-10-06,"1,00"
Atlético Madrid,Antonio Briones,1988-04-17,1988-06-30,"2,00"
Atlético Madrid,José Ufarte,1988-03-24,1988-04-12,"1,00"
Atlético Madrid,César Menotti,1987-07-01,1988-03-20,"1,79"
Atlético Madrid,Luis Aragonés,1987-02-03,1987-06-30,"1,52"
Atlético Madrid,Jesús Martinez Jayo,1986-11-10,1987-02-03,"1,31"
Atlético Madrid,Vicente Miera,1986-07-01,1986-11-09,"1,65"
Atlético Madrid,Luis Aragonés,1982-07-01,1986-06-30,"1,79"
Atlético Madrid,José Luis García Traid,1981-11-17,1982-06-30,"1,55"
Atlético Madrid,Carriega,1981-07-01,1981-11-17,"1,23"
Atlético Madrid,José Luis García Traid,1980-07-01,1981-06-30,"1,71"
Atlético Madrid,Marcel Domingo,1980-03-30,1980-06-30,"1,27"
Atlético Madrid,Jesús Martinez Jayo,1980-03-18,1980-03-25,"0,00"
Atlético Madrid,Luis Aragonés,1979-07-01,1980-03-17,"1,15"
Atlético Madrid,Ferenc Szusza,1978-11-17,1979-06-30,"1,52"
Atlético Madrid,Luis Aragonés,1978-10-10,1978-11-07,"1,67"
Atlético Madrid,Héctor Núñez,1978-07-01,1978-10-10,"1,40"
Atlético Madrid,Luis Aragonés,1974-11-26,1978-06-30,"1,70"
Atlético Madrid,Juan Carlos Lorenzo,1973-07-01,1974-11-24,"1,56"
Atlético Madrid,Max Merkel,1971-11-06,1973-06-30,"1,88"
Atlético Madrid,Marcel Domingo,1969-07-01,1971-11-01,"1,85"
Atlético Madrid,Miguel González,1968-03-22,1969-06-30,"1,32"
Atlético Madrid,Otto Glória,1966-08-01,1968-03-17,"1,68"
Atlético Madrid,Domingo Balmanya,1965-07-01,1966-08-01,"2,08"
Atlético Madrid,Otto Bumbel,1964-07-01,1965-06-30,"2,07"
Atlético Madrid,Sabino Barinaga,1964-01-06,1964-05-01,"1,63"
Atlético Madrid,Adrián Escudero,1964-01-02,1964-01-05,"3,00"
Atlético Madrid,Tinte,1962-07-01,1964-01-01,"1,44"
Atlético Madrid,José Villalonga,1959-10-19,1962-06-30,"1,89"
Atlético Madrid,Ferdinand Daucik,1957-07-01,1959-10-18,"1,66"
Atlético Madrid,Antonio Barrios,1955-07-01,1957-06-30,"1,52"
Atlético Madrid,Jacinto Quincoces,1954-07-01,1955-06-30,"1,33"
Atlético Madrid,Benito Díaz,1953-10-18,1954-06-30,"1,56"
Atlético Madrid,Ramón Colón,1953-01-30,1953-10-15,"1,32"
Atlético Madrid,Helenio Herrera,1949-07-01,1953-01-26,"1,68"
Atlético Madrid,Lino Taioli,1948-05-01,1949-06-30,"1,89"
Atlético Madrid,Emilio Vidal,1946-07-01,1948-04-30,"1,75"
Atlético Madrid,Ricardo Zamora,1940-12-02,1946-06-30,"1,62"
Atlético Madrid,Ramón Lafuente,1940-05-20,1940-12-02,"1,90"
Atlético Madrid,Ricardo Zamora,1939-07-01,1940-06-30,"2,00"
Atlético Madrid,Josep Samitier,1935-12-22,1936-06-30,"1,13"
Atlético Madrid,Martín Marculeta,1935-11-19,1935-12-16,"0,00"
Atlético Madrid,Fred Pentland,1933-07-01,1935-11-17,"1,41"
Atlético Madrid,Arcadio Arteaga,1933-03-21,1933-06-30,-
Atlético Madrid,Rudolf Jeny,1930-06-25,1932-01-06,-
Atlético Madrid,Ángel Romo,1929-07-01,1930-06-30,"0,94"
Atlético Madrid,Fred Pentland,1927-07-01,1929-06-30,"1,30"
Atlético Madrid,Fred Pentland,1925-07-01,1926-06-30,"0,00"
Auxerre,Christophe Pélissier,2022-10-26,2026-05-03,"1,32"
Auxerre,Michel Padovani,2022-10-11,2022-10-25,"0,50"
Auxerre,Jean-Marc Furlan,2019-07-01,2022-10-11,"1,58"
Auxerre,Cédric Daury,2019-03-18,2019-06-30,"0,89"
Auxerre,Pablo Correa,2018-01-01,2019-03-18,"1,33"
Auxerre,David Carré,2017-12-09,2017-12-20,"0,00"
Auxerre,Francis Gillot,2017-06-01,2017-12-09,"1,19"
Auxerre,Cédric Daury,2016-10-07,2017-05-31,"1,34"
Auxerre,David Carré,2016-09-26,2016-10-06,-
Auxerre,Viorel Moldovan,2016-06-20,2016-09-26,"1,09"
Auxerre,Jean-Luc Vannuchi,2014-03-17,2016-06-30,"1,49"
Auxerre,Bernard Casoni,2012-12-03,2014-03-17,"1,41"
Auxerre,Jean-Guy Wallemme,2012-03-18,2012-12-02,"1,23"
Auxerre,Laurent Fournier,2011-06-08,2012-03-18,"0,94"
Auxerre,Jean Fernandez,2006-07-01,2011-06-02,"1,43"
Auxerre,Jacques Santini,2005-07-01,2006-05-17,"1,51"
Auxerre,Alain Fiard,2001-11-24,2002-01-22,"1,33"
Auxerre,Guy Roux,2001-07-01,2005-06-30,"1,71"
Auxerre,Daniel Rolland,2000-07-01,2001-06-30,"1,46"
Auxerre,Guy Roux,1961-07-01,2000-06-30,"1,59"
Barcelona,Hansi Flick,2024-07-01,2026-05-03,"2,37"
Barcelona,Xavi,2021-11-06,2024-06-30,"2,07"
Barcelona,Sergi Barjuan,2021-10-28,2021-11-07,"1,67"
Barcelona,Ronald Koeman,2020-08-19,2021-10-28,"1,96"
Barcelona,Quique Setién,2020-01-13,2020-08-17,"2,08"
Barcelona,Ernesto Valverde,2017-07-01,2020-01-13,"2,23"
Barcelona,Luis Enrique,2014-07-01,2017-06-30,"2,41"
Barcelona,Tata Martino,2013-07-23,2014-06-30,"2,22"
Barcelona,Tito Vilanova,2013-04-01,2013-07-19,"2,08"
Barcelona,Jordi Roura,2013-01-24,2013-03-31,"1,93"
Barcelona,Tito Vilanova,2012-07-01,2013-01-23,"2,52"
Barcelona,Pep Guardiola,2008-07-01,2012-06-30,"2,36"
Barcelona,Frank Rijkaard,2003-07-01,2008-06-30,"1,99"
Barcelona,Radomir Antić,2003-02-03,2003-06-30,"1,83"
Barcelona,Toño de la Cruz,2003-01-29,2003-02-02,"0,00"
Barcelona,Louis van Gaal,2002-07-01,2003-01-28,"1,77"
Barcelona,Carles Rexach,2001-04-24,2002-06-30,"1,68"
Barcelona,Lorenzo Serra Ferrer,2000-07-01,2001-04-23,"1,75"
Barcelona,Louis van Gaal,1997-07-01,2000-05-20,"1,88"
Barcelona,Sir Bobby Robson,1996-07-14,1997-06-30,"2,15"
Barcelona,Carles Rexach,1996-05-18,1996-06-30,"2,00"
Barcelona,Johan Cruyff,1991-04-12,1996-06-30,"1,90"
Barcelona,Carles Rexach,1991-03-01,1991-04-12,"2,13"
Barcelona,Johan Cruyff,1988-07-01,1991-03-01,"2,06"
Barcelona,Luis Aragonés,1987-09-23,1988-05-04,"1,66"
Barcelona,Terry Venables,1984-06-01,1987-09-20,"1,84"
Barcelona,César Menotti,1983-03-08,1984-05-31,"1,93"
Barcelona,José Luis Romero,1983-03-04,1983-03-07,"1,00"
Barcelona,Udo Lattek,1981-07-01,1983-03-03,"1,86"
Barcelona,Helenio Herrera,1980-11-06,1981-06-30,"2,17"
Barcelona,László Kubala,1980-07-01,1980-11-05,"1,62"
Barcelona,Helenio Herrera,1980-03-06,1980-06-30,"1,69"
Barcelona,Joaquim Rifé,1979-04-18,1980-03-06,"1,54"
Barcelona,Lucien Muller,1978-07-01,1979-04-18,"1,66"
Barcelona,Rinus Michels,1976-07-01,1978-06-30,"1,78"
Barcelona,Laureano Ruiz,1976-04-01,1976-06-30,"1,60"
Barcelona,Hennes Weisweiler,1975-07-01,1976-03-30,"1,80"
Barcelona,Rinus Michels,1971-07-01,1975-06-30,"1,78"
Barcelona,Vic Buckingham,1970-01-01,1971-06-30,"1,81"
Barcelona,Josep Seguer,1969-10-15,1969-12-28,"1,54"
Barcelona,Salvador Artigas,1967-07-01,1969-10-15,"1,79"
Barcelona,Roque Olsen,1965-07-01,1967-06-30,"1,86"
Barcelona,Vicenç Sasot,1964-10-16,1965-06-30,"1,56"
Barcelona,César Rodríguez,1963-07-01,1964-10-15,"1,92"
Barcelona,Josep Gonzalvo,1963-01-08,1963-06-30,"1,54"
Barcelona,László Kubala,1961-11-25,1963-01-07,"1,83"
Barcelona,Lluís Miró,1961-07-01,1961-11-20,"1,67"
Barcelona,Enrique Orizaola,1961-01-12,1961-06-30,"1,32"
Barcelona,Ljubisa Brocic,1960-07-01,1961-01-12,"1,87"
Barcelona,Enric Rabassa,1960-05-01,1960-06-30,"2,50"
Barcelona,Helenio Herrera,1958-04-25,1960-04-30,"2,37"
Barcelona,Domingo Balmanya,1956-07-01,1958-04-20,"1,93"
Barcelona,Josep Samitier,1956-05-25,1956-06-30,"1,00"
Barcelona,Ferenc Plattkó,1955-07-01,1956-05-20,"2,20"
Barcelona,Sandro Puppo,1954-08-01,1955-06-30,"1,85"
Barcelona,Ferdinand Daucik,1950-07-01,1954-06-30,"1,93"
Barcelona,Ramón Llorens,1950-01-23,1950-06-30,"1,82"
Barcelona,Enrique Fernández,1947-07-01,1950-01-22,"1,87"
Barcelona,Josep Samitier,1944-07-01,1947-06-30,"1,89"
Barcelona,Juan José Nogués,1942-02-01,1944-06-30,"1,81"
Barcelona,Ramón Guzmán,1941-07-01,1942-01-25,"0,93"
Barcelona,José Planas,1940-03-20,1941-06-30,"1,69"
Barcelona,Patrick O'Connell,1935-07-01,1940-03-17,"1,38"
Barcelona,Ferenc Plattkó,1934-07-01,1935-06-30,"1,52"
Barcelona,Ramón Zabalo,1934-02-20,1934-06-30,"1,63"
Barcelona,Richard Kohn,1933-09-27,1934-02-19,"1,31"
Barcelona,Jack Greenwell,1931-07-01,1933-06-30,"1,69"
Barcelona,James Bellamy,1929-03-26,1931-06-30,"1,87"
Barcelona,Romà Forns,1926-12-01,1929-03-25,"1,92"
Barcelona,Richard Kohn,1926-02-01,1926-11-30,"3,00"
Barcelona,Ralph Kirby,1924-12-01,1925-09-09,"2,38"
Barcelona,Imre Pozsonyi,1924-05-01,1924-11-30,-
Barcelona,Alf Spouncer,1923-10-12,1924-06-30,"1,88"
Barcelona,Imre Pozsonyi,1923-08-01,1923-10-11,-
Barcelona,Jack Greenwell,1917-07-01,1923-08-31,"2,46"
Barcelona,Jack Greenwell,1913-01-15,1917-06-30,"1,29"
Barcelona,Jack Alderson,1912-12-30,1913-01-15,-
Barcelona,B. Barren,1912-09-01,1912-12-29,-
Barcelona,Billy Lambe,1912-01-01,1912-08-31,"3,00"
Bochum,Uwe Rösler,2025-10-06,2026-05-03,"1,54"
Bochum,David Siebers,2025-09-16,2025-10-05,"0,00"
Bochum,Dieter Hecking,2024-11-04,2025-09-15,"0,97"
Bochum,Murat Ural,2024-10-21,2024-11-03,-
Bochum,Markus Feldhoff,2024-10-21,2024-11-03,"0,00"
Bochum,Peter Zeidler,2024-07-01,2024-10-20,"0,13"
Bochum,Heiko Butscher,2024-04-09,2024-06-30,"1,25"
Bochum,Thomas Letsch,2022-09-22,2024-04-08,"1,09"
Bochum,Heiko Butscher,2022-09-12,2022-09-21,"1,00"
Bochum,Thomas Reis,2019-09-06,2022-09-12,"1,53"
Bochum,Robin Dutt,2018-02-12,2019-08-26,"1,37"
Bochum,Heiko Butscher,2018-02-08,2018-02-11,"3,00"
Bochum,Jens Rasiejewski,2017-12-08,2018-02-07,"0,60"
Bochum,Jens Rasiejewski,2017-10-10,2017-12-07,"1,25"
Bochum,Ismail Atalan,2017-07-11,2017-10-09,"1,30"
Bochum,Gertjan Verbeek,2014-12-22,2017-07-11,"1,40"
Bochum,Frank Heinemann,2014-12-09,2014-12-22,"1,00"
Bochum,Peter Neururer,2013-04-08,2014-12-09,"1,30"
Bochum,Karsten Neitzel,2012-11-06,2013-04-08,"1,06"
Bochum,Karsten Neitzel,2012-10-25,2012-11-05,"2,00"
Bochum,Andreas Bergmann,2011-09-15,2012-10-27,"1,17"
Bochum,Friedhelm Funkel,2010-07-01,2011-09-14,"1,62"
Bochum,Dariusz Wosz,2010-04-29,2010-06-30,"0,00"
Bochum,Heiko Herrlich,2009-10-27,2010-04-29,"0,91"
Bochum,Frank Heinemann,2009-09-21,2009-10-27,"0,80"
Bochum,Marcel Koller,2005-07-01,2009-09-20,"1,36"
Bochum,Peter Neururer,2001-12-04,2005-06-30,"1,44"
Bochum,Bernard Dietz,2001-07-01,2001-12-03,"1,69"
Bochum,Rolf Schafstall,2001-02-13,2001-06-30,"0,69"
Bochum,Ralf Zumdick,2000-01-01,2001-02-13,"1,49"
Bochum,Bernard Dietz,1999-10-25,1999-12-31,"2,11"
Bochum,Ernst Middendorp,1999-07-01,1999-10-24,"1,27"
Bochum,Klaus Toppmöller,1994-11-09,1999-06-30,"1,38"
Bochum,Jürgen Gelsdorf,1992-11-03,1995-06-30,"1,38"
Bochum,Holger Osieck,1991-07-01,1992-11-02,"1,00"
Bochum,Rolf Schafstall,1991-04-22,1991-06-30,"1,14"
Bochum,Reinhard Saftig,1989-07-01,1991-04-22,"1,23"
Bochum,Franz-Josef Tenhagen,1988-07-01,1989-06-30,"1,05"
Bochum,Hermann Gerland,1986-07-01,1988-06-30,"1,28"
Bochum,Rolf Schafstall,1981-07-01,1986-06-30,"1,30"
Bochum,Helmuth Johannsen,1979-07-01,1981-06-30,"1,38"
Bochum,Heinz Höher,1972-07-01,1979-06-30,"1,32"
Bochum,Hermann Eppenhoff,1967-07-01,1972-06-30,"1,97"
Bochum,Hubert Schieth,1963-07-01,1967-06-30,"1,54"
Bochum,Hermann Lindemann,1961-07-01,1963-06-30,"0,33"
Bochum,Fritz Silken,1960-07-01,1961-06-30,"1,13"
Bochum,Herbert Widmayer,1956-07-01,1960-06-30,"1,28"
Bochum,Emil Melcher,1953-03-01,1956-06-30,"1,15"
Bochum,Elmar Rösch,1950-07-01,1951-06-30,-
Bochum,Georg Hochgesang,1949-07-01,1950-06-30,-
Bochum,Erwin Schneider,1945-07-01,1946-06-30,-
Bochum,Georg Hochgesang,1937-07-01,1939-06-30,-
Bologna,Vincenzo Italiano,2024-06-05,2026-05-03,"1,57"
Bologna,Thiago Motta,2022-09-12,2024-06-30,"1,68"
Bologna,Luca Vigiani,2022-09-07,2022-09-12,"3,00"
Bologna,Sinisa Mihajlovic,2019-01-28,2022-09-06,"1,25"
Bologna,Filippo Inzaghi,2018-07-01,2019-01-28,"0,83"
Bologna,Roberto Donadoni,2015-10-28,2018-06-30,"1,13"
Bologna,Delio Rossi,2015-05-04,2015-10-28,"0,89"
Bologna,Diego López,2014-07-01,2015-05-04,"1,58"
Bologna,Davide Ballardini,2014-01-08,2014-06-30,"0,70"
Bologna,Stefano Pioli,2011-10-04,2014-01-07,"1,28"
Bologna,Pierpaolo Bisoli,2011-05-26,2011-10-04,"0,67"
Bologna,Alberto Malesani,2010-09-01,2011-05-26,"1,25"
Bologna,Paolo Magnani,2010-08-29,2010-08-31,"1,00"
Bologna,Franco Colomba,2009-10-21,2010-08-29,"1,20"
Bologna,Giuseppe Papadopulo,2009-04-14,2009-10-20,"1,06"
Bologna,Sinisa Mihajlovic,2008-11-03,2009-04-14,"0,91"
Bologna,Daniele Arrigoni,2007-07-01,2008-11-03,"1,80"
Bologna,Luca Cecconi,2007-04-15,2007-06-30,"1,50"
Bologna,Renzo Ulivieri,2006-02-01,2007-04-14,"1,76"
Bologna,Andrea Mandorlini,2005-11-09,2006-03-05,"1,29"
Bologna,Renzo Ulivieri,2005-07-01,2005-11-01,"1,33"
Bologna,Carlo Mazzone,2003-07-01,2005-06-30,"1,10"
Bologna,Francesco Guidolin,1999-10-30,2003-06-22,"1,29"
Bologna,Sergio Buso,1999-07-01,1999-10-26,"1,42"
Bologna,Carlo Mazzone,1998-07-01,1999-06-30,"1,57"
Bologna,Renzo Ulivieri,1994-07-01,1998-06-30,"1,74"
Bologna,Edoardo Reja,1993-11-29,1994-06-30,"1,88"
Bologna,Alberto Zaccheroni,1993-07-01,1993-11-29,"1,23"
Bologna,Romano Fogli,1993-05-03,1993-06-30,"1,50"
Bologna,Aldo Cerantola,1993-02-28,1993-05-02,"0,44"
Bologna,Eugenio Bersellini,1992-07-01,1993-02-27,"1,08"
Bologna,Nedo Sonetti,1991-11-17,1992-06-30,"1,22"
Bologna,Luigi Maifredi,1991-07-01,1991-11-16,"1,15"
Bologna,Luigi Radice,1990-10-28,1991-06-30,"0,95"
Bologna,Francesco Scoglio,1990-07-01,1990-10-22,"1,20"
Bologna,Luigi Maifredi,1987-07-01,1990-06-30,"1,40"
Bologna,Giovan Battista Fabbri,1987-04-15,1987-06-30,"1,78"
Bologna,Vincenzo Guerini,1986-07-01,1987-04-14,"1,20"
Bologna,Carlo Mazzone,1985-07-01,1986-06-30,"1,47"
Bologna,Bruno Pace,1984-10-16,1985-06-30,"1,18"
Bologna,Pietro Santin,1984-07-01,1984-10-16,"1,10"
Bologna,Giancarlo Cadè,1983-07-01,1984-06-30,"1,60"
Bologna,Cesarino Cervellati,1983-03-05,1983-06-30,"1,06"
Bologna,Paolo Carosi,1982-11-09,1983-03-05,"1,14"
Bologna,Alfredo Magni,1982-07-01,1982-11-09,"1,29"
Bologna,Francesco Liguori,1982-03-15,1982-06-30,"0,88"
Bologna,Tarcisio Burgnich,1981-07-01,1982-03-15,"1,04"
Bologna,Luigi Radice,1980-07-01,1981-06-30,"1,63"
Bologna,Marino Perani,1979-07-01,1980-06-30,"1,29"
Bologna,Cesarino Cervellati,1979-02-20,1979-06-30,"1,45"
Bologna,Marino Perani,1979-01-09,1979-02-20,"0,50"
Bologna,Bruno Pesaola,1977-07-01,1979-01-09,"1,00"
Bologna,Cesarino Cervellati,1977-01-09,1977-06-30,"1,46"
Bologna,Gustavo Giagnoni,1976-07-01,1977-01-09,"1,13"
Bologna,Bruno Pesaola,1972-07-01,1976-06-30,"1,35"
Bologna,Cesarino Cervellati,1972-02-14,1972-06-30,"1,12"
Bologna,Edmondo Fabbri,1969-07-01,1972-02-14,"1,43"
Bologna,Cesarino Cervellati,1968-01-01,1969-09-30,"1,38"
Bologna,Luis Carniglia,1965-10-04,1967-12-31,"1,88"
Bologna,Manlio Scopigno,1965-07-01,1965-10-04,"1,17"
Bologna,Fulvio Bernardini,1961-07-01,1965-06-30,"1,77"
Bologna,Federico Allasio,1959-07-01,1961-06-30,"1,31"
Bologna,Ljubomir Bencic,1958-07-01,1959-06-30,-
Bologna,Alfredo Foni,1958-07-01,1959-06-30,"1,24"
Bologna,Dr. György Sárosi,1957-11-11,1958-06-30,"1,64"
Bologna,Ljubomir Bencic,1957-07-01,1957-10-28,"0,75"
Bologna,Aldo Campatelli,1956-01-30,1957-06-30,"1,61"
Bologna,Giuseppe Viani,1952-07-01,1956-01-30,"1,46"
Bologna,Gyula Lelovics,1952-06-04,1952-06-30,"2,33"
Bologna,Giuseppe Galluzzi,1951-11-05,1952-06-03,"0,96"
Bologna,Raffaele Sansone,1951-06-10,1951-06-30,"1,50"
Bologna,Ted Crawford,1949-12-14,1951-05-27,"1,41"
Bologna,Anton Cargnelli,1948-07-01,1949-12-12,"1,15"
Bologna,Gyula Lelovics,1947-07-01,1948-06-30,"1,42"
Bologna,Giuseppe Viola,1946-07-01,1947-06-30,"1,43"
Bologna,Angelo Schiavio,1946-01-14,1946-06-30,"1,54"
Bologna,Alexander Popovich,1945-07-01,1946-01-13,"1,33"
Bologna,Mario Montesanto,1942-07-01,1943-06-30,"1,42"
Bologna,Hermann Felsner,1938-10-10,1942-06-30,"1,75"
Bologna,Árpád Weisz,1935-01-28,1938-10-10,"1,69"
Bologna,Lajos Kovács,1934-01-21,1935-01-27,"1,54"
Bologna,Bernardo Perin,1933-11-26,1934-01-14,"1,71"
Bologna,Angelo Schiavio,1933-07-01,1934-06-30,-
Bologna,Achille Gama,1933-04-23,1933-11-19,"1,60"
Bologna,József Nagy,1932-07-01,1932-12-31,"1,75"
Bologna,Gyula Lelovics,1931-01-12,1932-06-30,"2,07"
Bologna,Hermann Felsner,1920-07-01,1931-01-12,"1,92"
Bordeaux,Rio Mavuba,2026-03-29,2026-05-03,"2,40"
Bordeaux,Bruno Irles,2024-08-28,2026-03-29,"1,87"
Bordeaux,Albert Riera,2023-10-12,2024-07-28,"1,50"
Bordeaux,David Guion,2022-02-17,2023-10-07,"1,51"
Bordeaux,Jaroslav Plasil,2022-02-07,2022-02-16,"0,00"
Bordeaux,Vladimir Petkovic,2021-07-28,2022-02-07,"0,92"
Bordeaux,Jean-Louis Gasset,2020-08-10,2021-07-27,"1,15"
Bordeaux,Paulo Sousa,2019-03-08,2020-08-10,"1,21"
Bordeaux,Ricardo Gomes,2018-10-03,2018-11-30,"1,33"
Bordeaux,Eric Bedouet,2018-08-17,2019-03-08,"1,29"
Bordeaux,Gustavo Poyet,2018-01-20,2018-08-17,"1,95"
Bordeaux,Eric Bedouet,2018-01-18,2018-01-20,"3,00"
Bordeaux,Jocelyn Gourvennec,2016-07-01,2018-01-18,"1,45"
Bordeaux,Ulrich Ramé,2016-03-14,2016-06-30,"1,50"
Bordeaux,Willy Sagnol,2014-07-01,2016-03-14,"1,50"
Bordeaux,Francis Gillot,2011-06-06,2014-05-11,"1,51"
Bordeaux,Eric Bedouet,2011-05-08,2011-06-05,"1,50"
Bordeaux,Jean Tigana,2010-05-25,2011-05-08,"1,34"
Bordeaux,Laurent Blanc,2007-07-01,2010-05-20,"1,96"
Bordeaux,Ricardo Gomes,2005-07-01,2007-06-30,"1,66"
Bordeaux,Eric Bedouet,2005-05-16,2005-06-01,"1,00"
Bordeaux,Michel Pavon,2003-10-24,2005-06-13,"1,33"
Bordeaux,Élie Baup,1997-12-20,2003-10-24,"1,72"
Bordeaux,Guy Stéphan,1997-07-01,1997-12-20,"1,43"
Bordeaux,Rolland Courbis,1996-07-01,1997-06-30,"1,76"
Bordeaux,Gernot Rohr,1996-02-04,1996-06-30,"1,21"
Bordeaux,Slavoljub Muslin,1995-07-01,1996-02-03,"1,52"
Bordeaux,Eric Guérit,1995-04-01,1995-06-30,"2,00"
Bordeaux,Toni,1994-07-01,1995-03-23,"1,46"
Bordeaux,Rolland Courbis,1992-07-01,1994-06-30,"1,81"
Bordeaux,Gérard Gili,1990-09-20,1991-06-30,"1,35"
Bordeaux,Gernot Rohr,1990-09-01,1992-06-30,"2,20"
Bordeaux,Raymond Goethals,1989-07-01,1990-08-05,"1,91"
Bordeaux,Didier Couécou,1989-02-01,1989-06-30,"1,27"
Bordeaux,Aimé Jacquet,1980-07-01,1989-02-01,"1,81"
Bordeaux,Raymond Goethals,1979-10-22,1980-06-30,"1,69"
Bordeaux,Luis Carniglia,1978-07-01,1979-10-22,"1,28"
Bordeaux,Christian Montès,1977-07-01,1978-06-30,"1,16"
Bordeaux,Christian Montès,1976-12-01,1977-06-30,"1,59"
Bordeaux,André Menaut,1974-02-15,1976-12-01,"1,36"
Bordeaux,Pierre Phélipon,1972-07-01,1974-02-14,"1,21"
Bordeaux,André Gérard,1970-07-01,1972-06-30,"1,34"
Bordeaux,Pierre Danzelle,1970-03-05,1970-06-30,"0,83"
Bordeaux,Jean-Pierre Bakrim,1967-07-01,1970-03-04,"1,79"
Bordeaux,Salvador Artigas,1960-07-01,1967-06-30,"1,65"
Bordeaux,Camille Libar,1957-07-01,1960-06-30,"0,86"
Bordeaux,André Gérard,1947-07-01,1957-06-30,"1,72"
Bordeaux,Maurice Bunyan,1945-07-01,1947-06-30,"1,55"
Bordeaux,Benito Díaz,1937-07-01,1942-06-30,-
Bordeaux,Kálmán Székány,1933-07-01,1935-06-30,-
Bournemouth,Marco Rose,2026-07-01,2026-05-03,-
Bournemouth,Andoni Iraola,2023-07-01,2026-06-30,"1,43"
Bournemouth,Gary O'Neil,2022-11-28,2023-06-19,"0,92"
Bournemouth,Gary O'Neil,2022-08-30,2022-11-27,"1,33"
Bournemouth,Scott Parker,2021-07-01,2022-08-30,"1,82"
Bournemouth,Jonathan Woodgate,2021-02-04,2021-06-30,"1,78"
Bournemouth,Jason Tindall,2020-08-08,2021-02-03,"1,65"
Bournemouth,Eddie Howe,2012-10-14,2020-08-01,"1,43"
Bournemouth,Dennis Rofe,2012-10-03,2012-10-14,"3,00"
Bournemouth,Paul Groves,2012-03-25,2012-10-03,"0,90"
Bournemouth,Lee Bradbury,2011-01-16,2012-03-25,"1,32"
Bournemouth,Eddie Howe,2008-12-31,2011-01-15,"1,67"
Bournemouth,Jimmy Quinn,2008-09-02,2008-12-30,"1,28"
Bournemouth,Kevin Bond,2006-10-12,2008-09-01,"1,16"
Bournemouth,Stuart Murdoch,2006-09-09,2006-10-12,"0,83"
Bournemouth,Sean O'Driscoll,2000-08-19,2006-09-08,"1,32"
Bournemouth,Mel Machin,1994-09-01,2000-08-18,"1,35"
Bournemouth,Tony Pulis,1992-06-09,1994-08-05,"1,33"
Bournemouth,Harry Redknapp,1983-09-30,1992-06-30,"1,00"
Bournemouth,Don Megson,1983-03-01,1983-09-29,-
Bournemouth,David Webb,1980-12-01,1982-06-30,"0,00"
Bournemouth,Alec Stock,1979-07-01,1980-06-30,-
Bournemouth,Trevor Hartley,1974-07-01,1975-01-01,-
Bournemouth,John Benson,1975-01-23,1978-01-01,-
Bournemouth,John Bond,1970-07-01,1973-11-26,"0,00"
Bournemouth,Freddie Cox,1965-12-18,1970-06-30,"0,75"
Bournemouth,Reg Flewin,1963-09-01,1965-06-30,"3,00"
Bournemouth,Bill McGarry,1961-03-01,1963-06-30,"0,00"
Bournemouth,Don Welsh,1958-07-01,1961-02-28,-
Bournemouth,Freddie Cox,1956-07-01,1958-06-30,"0,00"
Bournemouth,Charlie Bell,1936-07-01,1939-06-30,-
Bournemouth,Bob Crompton,1935-07-01,1936-01-31,-
Bournemouth,Billy Birrell,1930-07-01,1935-06-30,-
Bournemouth,Frank Richards,1928-06-01,1930-06-30,-
Bournemouth,Leslie Knighton,1925-07-01,1928-06-30,-
Brentford,Keith Andrews,2025-07-01,2026-05-03,"1,57"
Brentford,Thomas Frank,2018-10-16,2025-06-30,"1,51"
Brentford,Dean Smith,2015-12-01,2018-10-09,"1,44"
Brentford,Lee Carsley,2015-09-28,2015-11-30,"1,70"
Brentford,Marinus Dijkhuizen,2015-07-01,2015-09-28,"0,89"
Brentford,Mark Warburton,2013-12-10,2015-06-14,"1,77"
Brentford,Alan Kernaghan,2013-12-07,2013-12-10,"0,00"
Brentford,Uwe Rösler,2011-06-10,2013-12-07,"1,64"
Brentford,Nicky Forster,2011-03-02,2011-06-30,"1,20"
Brentford,Nicky Forster,2011-02-03,2011-03-01,"2,33"
Brentford,Andy Scott,2007-12-11,2011-02-02,"1,52"
Brentford,Terry Butcher,2007-04-24,2007-12-11,"0,92"
Brentford,Alan Reeves,2006-12-21,2007-04-10,-
Brentford,Scott Fitzgerald,2006-11-18,2007-04-10,"0,71"
Brentford,Leroy Rosenior,2006-06-14,2006-11-18,"1,00"
Brentford,Martin Allen,2004-03-18,2006-05-30,"1,59"
Brentford,Garry Thompson,2004-03-14,2004-03-18,"1,00"
Brentford,Wally Downes,2002-06-28,2004-03-14,"1,09"
Brentford,Steve Coppell,2001-05-08,2002-06-05,"1,79"
Brentford,Ray Lewington,2000-11-20,2001-05-07,"1,30"
Brentford,Ron Noades,1998-07-01,2000-11-20,"1,16"
Brentford,Micky Adams,1997-11-05,1998-06-30,"1,13"
Brentford,Eddie May,1997-08-12,1997-11-05,"1,05"
Brentford,David Webb,1993-07-01,1997-06-30,"1,39"
Brentford,Phil Holder,1990-08-24,1993-05-11,"0,87"
Brentford,Steve Perryman,1987-01-01,1990-08-15,"1,67"
Brentford,Frank McLintock,1984-02-09,1987-01-01,"0,75"
Brentford,Frank Blunstone,1984-02-02,1984-02-09,-
Brentford,Fred Callaghan,1980-03-01,1984-02-02,"0,57"
Brentford,Bill Dodgin Jr.,1976-07-01,1980-06-30,-
Brentford,John Docherty,1975-01-20,1976-09-07,-
Brentford,Frank Blunstone,1969-12-01,1973-07-11,"0,00"
Brentford,Jimmy Sirrel,1967-07-01,1969-10-31,-
Brentford,Jimmy Sirrel,1967-02-01,1967-06-30,-
Brentford,Billy Gray,1966-05-02,1967-03-14,-
Brentford,Malky MacDonald,1957-07-01,1965-02-02,"0,50"
Brentford,Bill Dodgin Sr.,1953-10-30,1957-06-30,"0,00"
Brentford,Tommy Lawton,1953-01-02,1953-09-07,"1,25"
Brentford,Jimmy Bain,1952-08-01,1953-01-01,"0,50"
Brentford,Jackie Gibbons,1949-02-01,1952-06-30,"0,50"
Brentford,Harry Curtis,1926-05-01,1949-02-01,"1,30"
Brentford,Dick Molyneux,1903-07-01,1906-06-30,-
Brest,Éric Roy,2023-01-03,2026-05-03,"1,51"
Brest,Bruno Grougi,2022-10-11,2023-01-03,"1,00"
Brest,Michel Der Zakarian,2021-06-22,2022-10-11,"1,18"
Brest,Olivier Dall'Oglio,2019-05-31,2021-05-31,"1,17"
Brest,Jean-Marc Furlan,2016-07-01,2019-06-30,"1,76"
Brest,Alex Dupont,2013-05-30,2016-06-30,"1,43"
Brest,Corentin Martins,2013-04-03,2013-05-27,"0,00"
Brest,Landry Chauvin,2012-05-31,2013-04-02,"0,97"
Brest,Corentin Martins,2012-04-26,2012-05-30,"1,60"
Brest,Alex Dupont,2009-05-06,2012-04-26,"1,32"
Brest,Gérald Baticle,2008-11-02,2009-05-06,"1,21"
Brest,Corentin Martins,2008-10-11,2008-11-02,-
Brest,Pascal Janin,2007-01-24,2008-10-11,"1,37"
Brest,Thierry Goudet,2006-03-18,2006-12-19,"0,97"
Brest,Albert Rust,2003-07-01,2006-03-06,"1,56"
Brest,Sylvain Matrisciano,2002-07-01,2003-06-30,"1,50"
Brest,Pascal Robert,1997-07-01,1999-06-30,-
Brest,Denis Goavec,1995-07-01,1997-06-30,"0,00"
Brest,Pierre Garcia,1994-07-01,1995-06-30,"0,00"
Brest,Ivica Todorov,1993-12-10,1994-06-30,-
Brest,Christian-Jacques Castellan,1991-12-03,1991-12-26,-
Brest,Yvon Le Roux,1991-07-01,1993-06-30,-
Brest,Slavoljub Muslin,1988-07-01,1992-06-30,"1,63"
Brest,Bernard Maligorne,1987-07-01,1988-06-30,"1,13"
Brest,Raymond Keruzoré,1986-07-01,1987-06-30,"1,42"
Brest,Robert Dewilder,1984-07-01,1986-06-30,"1,27"
Brest,Dusan Nenkovic,1982-07-01,1984-06-30,"1,18"
Brest,Alain de Martigny,1976-07-01,1982-07-01,"1,45"
Brest,Armand Fouillen,1974-07-01,1976-02-10,"0,79"
Brighton,Fabian Hürzeler,2024-07-01,2026-05-03,"1,59"
Brighton,Roberto De Zerbi,2022-09-18,2024-06-30,"1,51"
Brighton,Andrew Crofts,2022-09-08,2022-09-17,-
Brighton,Graham Potter,2019-05-20,2022-09-07,"1,28"
Brighton,Chris Hughton,2014-12-31,2019-05-13,"1,50"
Brighton,Nathan Jones,2014-12-23,2014-12-31,"2,00"
Brighton,Sami Hyypiä,2014-06-06,2014-12-22,"1,08"
Brighton,Óscar García,2013-07-01,2014-06-30,"1,49"
Brighton,Gustavo Poyet,2009-11-10,2013-06-23,"1,65"
Brighton,Martin Hinshelwood,2009-11-02,2009-11-09,"1,00"
Brighton,Russell Slade,2009-03-06,2009-11-01,"1,10"
Brighton,Dean White,2009-02-22,2009-03-05,"0,50"
Brighton,Micky Adams,2008-07-01,2009-02-21,"1,24"
Brighton,Dean Wilkins,2006-09-10,2008-05-07,"1,35"
Brighton,Mark McGhee,2003-10-28,2006-09-08,"1,11"
Brighton,Bob Booker,2003-10-10,2003-10-23,"1,00"
Brighton,Steve Coppell,2002-10-07,2003-10-08,"1,39"
Brighton,Martin Hinshelwood,2002-07-15,2002-10-16,"0,50"
Brighton,Peter Taylor,2001-10-17,2002-05-31,"1,91"
Brighton,Martin Hinshelwood,2001-10-10,2001-10-17,-
Brighton,Bob Booker,2001-10-10,2001-10-17,"3,00"
Brighton,Micky Adams,1999-04-12,2001-10-09,"1,35"
Brighton,Jeff Wood,1999-01-23,1999-04-12,-
Brighton,Brian Horton,1998-02-26,1999-01-21,"0,50"
Brighton,Steve Gritt,1996-12-11,1998-02-25,"1,33"
Brighton,Jimmy Case,1995-11-21,1996-12-04,"0,25"
Brighton,Liam Brady,1993-12-15,1995-11-20,"1,17"
Brighton,Barry Lloyd,1987-01-05,1993-12-04,"1,20"
Brighton,Alan Mullery,1986-07-01,1987-01-04,-
Brighton,Chris Cattlin,1983-10-01,1986-04-30,"0,77"
Brighton,Jimmy Melia,1982-12-10,1983-10-19,"1,03"
Brighton,Mike Bailey,1981-07-01,1982-12-06,"1,19"
Brighton,Alan Mullery,1976-07-16,1981-06-30,"1,18"
Brighton,Peter Taylor,1974-07-20,1976-07-16,-
Brighton,Brian Clough,1973-11-01,1974-07-20,-
Brighton,Pat Saward,1970-07-01,1973-10-31,"1,50"
Brighton,Freddie Goodwin,1968-07-01,1970-06-30,"1,50"
Brighton,Archie Macaulay,1963-04-01,1968-09-30,-
Brighton,George Curtis,1961-07-01,1963-06-30,"0,43"
Brighton,Billy Lane,1951-07-01,1961-06-30,"0,92"
Brighton,Don Welsh,1947-11-01,1951-03-04,-
Brighton,Charlie Webb,1919-07-01,1947-10-31,"0,00"
Brighton,Jack Robson,1908-07-01,1914-06-30,"3,00"
Brighton,Frank Scott-Walford,1906-08-02,1908-06-30,-
Brighton,Frank Scott-Walford,1905-07-01,1906-04-01,-
BTSV,Lars Kornetka,2026-03-11,2026-05-03,"1,14"
BTSV,Heiner Backhaus,2025-07-01,2026-03-10,"1,00"
BTSV,Marc Pfitzner,2025-05-19,2025-06-30,"2,00"
BTSV,Daniel Scherning,2023-11-07,2025-05-19,"1,16"
BTSV,Marc Pfitzner,2023-10-23,2023-11-06,"0,00"
BTSV,Jens Härtel,2023-07-01,2023-10-22,"0,45"
BTSV,Michael Schiele,2021-06-06,2023-06-09,"1,41"
BTSV,Daniel Meyer,2020-07-10,2021-05-27,"0,92"
BTSV,Marco Antwerpen,2019-11-18,2020-07-07,"1,70"
BTSV,Christian Flüthmann,2019-07-01,2019-11-17,"1,75"
BTSV,André Schubert,2018-10-10,2019-06-30,"1,37"
BTSV,Henrik Pedersen,2018-07-01,2018-10-10,"0,79"
BTSV,Torsten Lieberknecht,2008-05-12,2018-05-14,"1,49"
BTSV,Benno Möhlmann,2007-07-01,2008-05-12,"1,35"
BTSV,Dietmar Demuth,2007-03-20,2007-06-30,"0,88"
BTSV,Willi Reimann,2006-11-14,2007-03-20,"0,71"
BTSV,Djuradj Vasic,2006-10-15,2006-11-14,"0,00"
BTSV,Willi Kronhardt,2006-10-05,2006-10-14,"3,00"
BTSV,Michael Krüger,2004-03-15,2006-10-04,"1,60"
BTSV,Wolfgang Loos,2004-03-02,2004-03-15,"0,50"
BTSV,Uwe Reinders,2002-10-25,2004-03-02,"1,28"
BTSV,Peter Vollmann,2001-07-01,2002-10-20,"1,55"
BTSV,Uwe Hain,2001-05-18,2001-06-30,"0,00"
BTSV,Reinhold Fanz,1999-07-01,2001-05-17,"1,79"
BTSV,Uwe Hain,1999-04-16,1999-06-30,"2,00"
BTSV,Wolfgang Sandhowe,1998-11-23,1999-04-15,"1,18"
BTSV,Dirk Holdorf,1998-11-10,1998-11-23,"2,33"
BTSV,Michael Lorkowski,1997-07-01,1998-11-09,"2,35"
BTSV,Benno Möhlmann,1995-10-24,1997-06-30,"2,20"
BTSV,Heinz-Günter Scheil,1995-09-25,1995-10-23,"1,33"
BTSV,Jan Olsson,1994-07-01,1995-09-24,"1,33"
BTSV,Wolf-Rüdiger Krause,1993-07-01,1994-06-30,"1,73"
BTSV,Ulrich Maslo,1992-10-14,1993-06-30,"1,46"
BTSV,Werner Fuchs,1991-03-29,1992-10-10,"1,25"
BTSV,Joachim Streich,1990-07-01,1991-03-28,"1,25"
BTSV,Uwe Reinders,1987-07-01,1990-06-30,"1,71"
BTSV,Gerd Roggensack,1986-07-01,1987-06-30,"1,10"
BTSV,Willibert Kremer,1985-07-01,1986-03-14,"1,27"
BTSV,Heinz Patzig,1985-04-16,1985-06-30,"0,75"
BTSV,Aleksandar Ristic,1983-07-01,1985-04-15,"1,26"
BTSV,Heinz Patzig,1983-04-24,1983-06-30,"0,83"
BTSV,Ulrich Maslo,1979-10-14,1983-04-23,"1,50"
BTSV,Heinz Lucas,1979-03-27,1979-10-08,"1,50"
BTSV,Werner Olk,1978-07-01,1979-03-21,"1,34"
BTSV,Branko Zebec,1974-07-06,1978-06-30,"1,53"
BTSV,Otto Knefler,1970-07-01,1974-06-30,"1,64"
BTSV,Helmuth Johannsen,1963-07-01,1970-06-30,"1,40"
BTSV,Hans-Georg Vogel,1961-07-01,1963-06-30,"1,71"
BTSV,Hermann Lindemann,1960-07-01,1961-06-30,"1,27"
BTSV,Kurt Baluses,1956-07-01,1960-06-30,"1,53"
BTSV,Edmund Conen,1952-07-01,1956-06-30,"1,49"
BTSV,Hans-Georg Vogel,1949-07-01,1952-06-30,"1,30"
BTSV,Woldemar Gerschler,1948-07-01,1949-06-30,"1,68"
BTSV,Georg Knöpfle,1937-07-01,1948-06-30,"1,68"
BTSV,Ferdinand Fabra,1933-06-30,1934-05-31,-
Burnley,Mike Jackson,2026-04-30,2026-05-03,"0,00"
Burnley,Scott Parker,2024-07-05,2026-04-30,"1,50"
Burnley,Vincent Kompany,2022-07-01,2024-06-30,"1,53"
Burnley,Mike Jackson,2022-04-15,2022-06-30,"1,38"
Burnley,Sean Dyche,2012-10-30,2022-04-15,"1,34"
Burnley,Terry Pashley,2012-10-16,2012-10-28,"2,00"
Burnley,Eddie Howe,2011-01-16,2012-10-12,"1,42"
Burnley,Stuart Gray,2010-12-30,2011-01-15,"1,75"
Burnley,Brian Laws,2010-01-13,2010-12-29,"1,09"
Burnley,Martin Dobson,2010-01-10,2010-01-13,-
Burnley,Owen Coyle,2007-11-22,2010-01-08,"1,53"
Burnley,Steve Davis,2007-11-09,2007-11-21,"3,00"
Burnley,Steve Cotterill,2004-06-03,2007-11-08,"1,28"
Burnley,Stan Ternent,1998-06-02,2004-06-03,"1,44"
Burnley,Chris Waddle,1997-07-01,1998-06-30,"1,12"
Burnley,Adrian Heath,1996-03-07,1997-06-27,"1,43"
Burnley,Clive Middlemass,1996-02-01,1996-03-06,-
Burnley,Jimmy Mullen,1991-10-01,1996-02-01,"0,71"
Burnley,Frank Casper,1989-01-01,1991-10-01,"0,00"
Burnley,Brian Miller,1986-07-01,1989-01-01,"1,33"
Burnley,John Benson,1984-08-01,1985-06-22,"0,00"
Burnley,John Bond,1983-06-14,1984-08-01,-
Burnley,Frank Casper,1983-01-19,1983-06-13,"2,25"
Burnley,Brian Miller,1979-10-17,1983-01-18,"1,33"
Burnley,Harry Potts,1977-02-20,1979-10-16,"1,16"
Burnley,Joe Brown,1976-01-07,1977-02-20,"1,05"
Burnley,Jimmy Adamson,1970-02-22,1976-01-15,"1,21"
Burnley,Harry Potts,1958-02-01,1970-02-21,"1,56"
Burnley,Billy Dougall,1957-07-01,1958-01-31,"1,56"
Burnley,Alan Brown,1954-07-01,1957-06-30,"1,44"
Burnley,Frank Hill,1948-10-01,1954-06-30,"1,40"
Burnley,Cliff Britton,1945-10-17,1948-09-20,"1,71"
Burnley,Tom Bromilow,1932-10-01,1935-07-01,"0,00"
Burnley,Albert Pickles,1925-01-01,1932-08-31,"1,29"
Burnley,John Haworth,1910-07-01,1924-12-04,"1,57"
Burnley,Ernest Mangnall,1900-03-01,1903-10-09,"1,50"
Burnley,Harry Bradshaw,1894-07-01,1899-06-30,"2,40"
Cádiz,Imanol Idiakez,2026-04-22,2026-05-03,"0,50"
Cádiz,Sergio González,2026-03-09,2026-04-22,"0,43"
Cádiz,Gaizka Garitano,2024-12-08,2026-03-09,"1,36"
Cádiz,Paco López,2024-07-01,2024-12-08,"1,05"
Cádiz,Mauricio Pellegrino,2024-01-24,2024-06-30,"1,06"
Cádiz,Sergio González,2022-01-11,2024-01-20,"1,07"
Cádiz,Álvaro Cervera,2016-04-18,2022-01-11,"1,48"
Cádiz,Claudio Barragán,2014-11-24,2016-04-18,"1,72"
Cádiz,Antonio Calderón,2014-03-19,2014-11-24,"1,93"
Cádiz,Raúl Agné,2012-12-10,2014-03-18,"1,60"
Cádiz,Ramón Blanco,2012-11-20,2012-12-10,"0,00"
Cádiz,Alberto Monteagudo,2012-07-13,2012-11-19,"1,23"
Cádiz,José González,2010-11-17,2012-07-13,"1,87"
Cádiz,Risto Vidakovic,2010-07-09,2010-11-14,"1,75"
Cádiz,Víctor Espárrago,2010-01-10,2010-06-30,"1,35"
Cádiz,Javi Gracia,2008-07-01,2010-01-09,"1,68"
Cádiz,Julián Rubio,2008-05-27,2008-06-30,"1,00"
Cádiz,Raúl Procopio,2008-04-06,2008-05-27,"1,00"
Cádiz,Antonio Calderón,2007-10-11,2008-04-06,"1,18"
Cádiz,José González,2007-10-08,2007-10-14,-
Cádiz,Mariano García Remón,2007-07-01,2007-10-08,"0,80"
Cádiz,José González,2006-11-06,2007-06-30,"1,44"
Cádiz,Oli,2006-07-01,2006-11-05,"1,10"
Cádiz,Víctor Espárrago,2004-07-01,2006-05-19,"1,14"
Cádiz,José González,2002-07-01,2004-06-30,"1,38"
Cádiz,José Enrique Díaz,2001-12-13,2002-04-13,-
Cádiz,Pepe Escalante,2001-07-01,2001-10-29,"0,00"
Cádiz,Carlos Orúe,2000-07-01,2001-06-30,"1,50"
Cádiz,Emilio Cruz,2000-03-28,2000-06-30,-
Cádiz,Chico Linares,1999-07-01,1999-12-19,-
Cádiz,Jordi Gonzalvo,1998-11-06,1999-06-30,"2,00"
Cádiz,Ismael Díaz,1998-07-01,1998-09-21,"0,00"
Cádiz,Ramón Blanco,1996-12-16,1998-06-30,"1,00"
Cádiz,Juan Carlos Álvarez,1996-07-01,1996-12-15,-
Cádiz,Chico Linares,1995-10-20,1996-06-30,-
Cádiz,Francisco Chaparro,1995-07-01,1995-10-20,-
Cádiz,Cacho Heredia,1994-07-01,1995-06-30,-
Cádiz,Marcelino,1994-01-10,1994-06-30,"0,29"
Cádiz,José Antonio Naya,1993-11-23,1994-01-09,"0,33"
Cádiz,Hugo Vaca,1993-10-07,1993-11-22,"0,67"
Cádiz,Colin Addison,1993-07-01,1993-10-06,-
Cádiz,Ramón Blanco,1993-01-18,1993-06-30,"0,75"
Cádiz,José Luis Romero,1992-07-01,1993-01-18,"0,63"
Cádiz,Ramón Blanco,1991-04-08,1992-06-30,"1,08"
Cádiz,Héctor Veira,1990-07-01,1991-04-08,"0,77"
Cádiz,Colin Addison,1990-03-18,1990-06-30,"1,88"
Cádiz,Ramón Blanco,1990-03-13,1990-03-18,"1,00"
Cádiz,David Vidal,1988-10-17,1990-03-12,"1,09"
Cádiz,Helmut Senekowitsch,1988-07-01,1988-10-16,"0,29"
Cádiz,Víctor Espárrago,1987-07-01,1988-06-30,"1,26"
Cádiz,David Vidal,1987-06-08,1987-06-30,"0,75"
Cádiz,Dragoljub Milosevic,1987-03-17,1987-06-08,"0,64"
Cádiz,Manolo Cardo,1986-07-01,1987-03-16,"0,97"
Cádiz,David Vidal,1986-04-22,1986-06-30,"0,50"
Cádiz,Paquito García,1985-07-01,1986-04-21,"1,03"
Cádiz,Joanet,1983-12-18,1985-06-30,"1,36"
Cádiz,Luis Escarti,1983-12-16,1983-12-18,"0,00"
Cádiz,Dragoljub Milosevic,1980-07-01,1983-12-16,"1,11"
Cádiz,Roque Olsen,1978-07-01,1980-06-30,"1,33"
Cádiz,Mariano Moreno,1977-12-01,1978-06-30,"0,78"
Cádiz,Luis Escarti,1977-11-06,1977-11-20,"1,33"
Cádiz,Enrique Mateos,1977-08-01,1977-11-01,"0,88"
Cádiz,Juan Arza,1975-10-14,1976-03-01,"1,00"
Cádiz,Sabino Barinaga,1974-07-01,1975-10-05,"1,75"
Cádiz,Domingo Balmanya,1972-07-01,1974-06-30,"0,00"
Cádiz,José Antonio Naya,1972-02-21,1972-06-30,"0,00"
Cádiz,Ferdinand Daucik,1971-10-31,1971-12-05,"0,00"
Cádiz,Leon Lasa,1969-07-01,1971-05-23,"1,75"
Cádiz,Julio Vilariño,1966-07-01,1969-06-30,-
Cádiz,José Valera,1963-12-22,1965-06-30,-
Cádiz,Diego Villalonga,1960-02-01,1960-06-30,-
Cádiz,Julián Arcas,1958-12-01,1959-06-30,-
Cádiz,José Sierra,1958-07-01,1958-11-10,-
Cádiz,Santiago Núñez,1956-07-01,1958-06-30,-
Cádiz,Diego Villalonga,1954-07-01,1956-06-30,"0,50"
Cádiz,Higinio Ortúzar,1952-07-01,1953-06-30,-
Cádiz,Teodoro Mauri,1942-07-01,1942-12-14,-
Cádiz,José Quirante,1941-07-01,1942-06-30,-
Cádiz,Santiago Núñez,1940-11-19,1941-01-27,-
Cádiz,Santiago Núñez,1939-07-01,1940-06-30,-
Cagliari,Fabio Pisacane,2025-06-11,2026-05-03,"1,13"
Cagliari,Davide Nicola,2024-07-05,2025-06-04,"1,02"
Cagliari,Claudio Ranieri,2023-01-01,2024-06-30,"1,35"
Cagliari,Roberto Muzzi,2022-12-20,2022-12-31,"3,00"
Cagliari,Fabio Liverani,2022-07-01,2022-12-20,"1,25"
Cagliari,Alessandro Agostini,2022-05-03,2022-05-23,"0,67"
Cagliari,Walter Mazzarri,2021-09-15,2022-05-02,"0,88"
Cagliari,Leonardo Semplici,2021-02-22,2021-09-14,"1,37"
Cagliari,Eusebio Di Francesco,2020-08-03,2021-02-22,"0,81"
Cagliari,Walter Zenga,2020-03-03,2020-08-02,"1,00"
Cagliari,Rolando Maran,2018-07-01,2020-03-03,"1,23"
Cagliari,Diego López,2017-10-18,2018-06-30,"1,06"
Cagliari,Massimo Rastelli,2015-06-12,2017-10-17,"1,59"
Cagliari,Gianluca Festa,2015-04-21,2015-06-12,"1,86"
Cagliari,Zdenek Zeman,2015-03-09,2015-04-21,"0,20"
Cagliari,Gianfranco Zola,2014-12-25,2015-03-09,"0,73"
Cagliari,Zdenek Zeman,2014-07-01,2014-12-23,"1,00"
Cagliari,Ivo Pulga,2014-04-07,2014-06-30,"1,17"
Cagliari,Diego López,2013-07-01,2014-04-07,"0,97"
Cagliari,Ivo Pulga,2012-10-03,2013-06-30,"1,41"
Cagliari,Massimo Ficcadenti,2012-03-11,2012-10-03,"0,94"
Cagliari,Davide Ballardini,2011-11-09,2012-03-11,"1,00"
Cagliari,Massimo Ficcadenti,2011-08-16,2011-11-08,"1,45"
Cagliari,Roberto Donadoni,2010-11-16,2011-08-12,"1,26"
Cagliari,Pierpaolo Bisoli,2010-06-23,2010-11-15,"1,08"
Cagliari,Giorgio Melis,2010-04-13,2010-06-23,"0,80"
Cagliari,Massimiliano Allegri,2008-07-01,2010-04-13,"1,30"
Cagliari,Davide Ballardini,2007-12-25,2008-05-27,"1,45"
Cagliari,Nedo Sonetti,2007-11-13,2007-12-24,"0,57"
Cagliari,Marco Giampaolo,2007-02-26,2007-11-13,"1,12"
Cagliari,Franco Colomba,2006-12-19,2007-02-26,"0,88"
Cagliari,Marco Giampaolo,2006-07-01,2006-12-17,"1,16"
Cagliari,Nedo Sonetti,2005-11-11,2006-06-13,"1,21"
Cagliari,Davide Ballardini,2005-09-15,2005-11-08,"0,44"
Cagliari,Daniele Arrigoni,2005-08-29,2005-09-15,"1,00"
Cagliari,Attilio Tesser,2005-07-01,2005-08-29,"2,25"
Cagliari,Daniele Arrigoni,2004-07-01,2005-06-30,"1,24"
Cagliari,Edoardo Reja,2003-11-24,2004-06-30,"2,00"
Cagliari,Gian Piero Ventura,2002-09-12,2003-11-24,"1,45"
Cagliari,Nedo Sonetti,2001-12-20,2002-06-30,"1,62"
Cagliari,Giulio Nuciari,2001-10-15,2001-12-17,"1,13"
Cagliari,Antonio Sala,2001-07-01,2001-10-15,"0,73"
Cagliari,Giuseppe Materazzi,2001-03-01,2001-06-30,"1,00"
Cagliari,Gianfranco Bellotto,2000-07-01,2001-03-01,"1,48"
Cagliari,Renzo Ulivieri,1999-10-01,2000-06-30,"1,05"
Cagliari,Óscar Tabárez,1999-07-01,1999-09-30,"0,25"
Cagliari,Gian Piero Ventura,1997-07-01,1999-06-30,"1,41"
Cagliari,Carlo Mazzone,1996-10-23,1997-06-30,"1,10"
Cagliari,Roberto Clagluna,1996-07-01,1996-10-23,"0,80"
Cagliari,Gregorio Pérez,1996-07-01,1996-10-23,"1,50"
Cagliari,Bruno Giorgi,1996-02-18,1996-06-30,"1,31"
Cagliari,Giovanni Trapattoni,1995-07-01,1996-02-13,"1,32"
Cagliari,Angelo Pereni,1994-07-01,1995-06-30,-
Cagliari,Óscar Tabárez,1994-07-01,1995-06-30,"1,39"
Cagliari,Bruno Giorgi,1993-09-05,1994-06-30,"1,40"
Cagliari,Luigi Radice,1993-07-01,1993-09-05,"0,00"
Cagliari,Carlo Mazzone,1991-10-09,1993-06-30,"1,37"
Cagliari,Massimo Giacomini,1991-07-01,1991-10-08,"0,50"
Cagliari,Claudio Ranieri,1988-07-01,1991-06-30,"1,47"
Cagliari,Mario Tiddia,1987-11-16,1988-06-30,"1,36"
Cagliari,Enzo Robotti,1987-07-01,1987-11-16,"0,57"
Cagliari,Gustavo Giagnoni,1986-02-10,1987-06-30,"1,23"
Cagliari,Renzo Ulivieri,1984-10-15,1986-02-10,"1,13"
Cagliari,Fernando Veneranda,1984-07-01,1984-10-15,"0,90"
Cagliari,Mario Tiddia,1983-07-01,1984-06-30,"1,16"
Cagliari,Gustavo Giagnoni,1982-07-01,1983-06-30,"1,11"
Cagliari,Paolo Carosi,1981-07-01,1982-06-30,"1,12"
Cagliari,Mario Tiddia,1978-01-09,1981-06-30,"1,46"
Cagliari,Lauro Toneatto,1976-07-01,1978-01-08,"1,45"
Cagliari,Mario Tiddia,1975-12-09,1976-06-30,"0,95"
Cagliari,Luis Suárez,1975-07-01,1975-12-08,"0,42"
Cagliari,Luigi Radice,1974-12-09,1975-06-30,"1,14"
Cagliari,Giuseppe Chiappella,1973-07-01,1974-12-09,"0,98"
Cagliari,Edmondo Fabbri,1972-07-01,1973-06-30,"1,29"
Cagliari,Manlio Scopigno,1968-07-01,1972-06-30,"1,69"
Cagliari,Ettore Puricelli,1967-07-01,1968-06-30,"1,31"
Cagliari,Manlio Scopigno,1966-07-01,1967-06-30,"1,51"
Cagliari,Arturo Silvestri,1961-07-01,1966-06-30,"1,49"
Cagliari,Carlo Rigotti,1960-04-10,1961-06-30,"1,44"
Cagliari,Stefano Perati,1958-07-01,1960-04-03,"1,26"
Cagliari,Piero Andreoli,1957-11-18,1958-06-30,"1,04"
Cagliari,Mariolino Congiu,1957-11-10,1957-11-11,"3,00"
Cagliari,Silvio Piola,1957-01-14,1957-11-04,"0,96"
Cagliari,Raoul Bortoletto,1957-01-13,1957-01-14,"3,00"
Cagliari,Carlo Rigotti,1956-07-01,1957-01-06,"1,43"
Cagliari,Silvio Piola,1954-11-22,1956-06-30,"1,52"
Cagliari,Carlo Alberto Quario,1954-07-01,1954-11-22,"1,00"
Cagliari,Vincenzo Soro,1954-04-04,1954-06-30,"1,56"
Cagliari,Ottavio Morgia,1954-03-07,1954-03-28,"1,75"
Cagliari,Federico Allasio,1952-07-01,1954-02-28,"1,57"
Cagliari,Róbert Winkler,1948-07-01,1949-06-30,-
Cagliari,Raffaele D'Aquino,1946-07-01,1948-06-30,"0,83"
Cagliari,Róbert Winkler,1938-07-01,1940-06-30,"2,00"
Cagliari,Ferenc Molnár,1934-07-01,1936-06-30,-
Cagliari,András Kuttik,1932-07-01,1934-06-30,-
Cagliari,Ernő Erbstein,1930-07-01,1932-06-30,-
Cagliari,Róbert Winkler,1929-07-01,1930-06-30,-
Cagliari,Róbert Winkler,1928-07-01,1929-06-30,-
Celta Vigo,Claudio Giráldez,2024-03-12,2026-05-03,"1,52"
Celta Vigo,Rafael Benítez,2023-07-01,2024-03-12,"1,09"
Celta Vigo,Carlos Carvalhal,2022-11-02,2023-06-30,"1,31"
Celta Vigo,Eduardo Coudet,2020-11-12,2022-11-02,"1,33"
Celta Vigo,Óscar García,2019-11-04,2020-11-09,"1,08"
Celta Vigo,Fran Escribá,2019-03-03,2019-11-03,"1,04"
Celta Vigo,Miguel Cardoso,2018-11-12,2019-03-03,"0,73"
Celta Vigo,Antonio Mohamed,2018-07-01,2018-11-12,"1,15"
Celta Vigo,Juan Carlos Unzué,2017-07-01,2018-06-30,"1,33"
Celta Vigo,Eduardo Berizzo,2014-07-01,2017-06-30,"1,48"
Celta Vigo,Luis Enrique,2013-07-01,2014-06-30,"1,30"
Celta Vigo,Abel Resino,2013-02-18,2013-06-08,"1,21"
Celta Vigo,Paco Herrera,2010-06-20,2013-02-18,"1,58"
Celta Vigo,Eusebio,2009-03-03,2010-06-20,"1,27"
Celta Vigo,Pepe Murcia,2008-07-01,2009-03-01,"1,33"
Celta Vigo,Alejandro Menéndez,2008-05-12,2008-06-30,"1,25"
Celta Vigo,Antonio López,2008-03-12,2008-05-12,"0,89"
Celta Vigo,Juan Ramón López Caro,2007-10-08,2008-03-11,"1,30"
Celta Vigo,Hristo Stoichkov,2007-04-11,2007-10-08,"1,29"
Celta Vigo,Fernando Vázquez,2004-06-08,2007-04-09,"1,44"
Celta Vigo,Félix Carnero,2004-05-14,2004-06-08,"0,00"
Celta Vigo,Radomir Antić,2004-01-29,2004-03-29,"0,64"
Celta Vigo,Miguel Ángel Lotina,2002-07-01,2004-01-26,"1,41"
Celta Vigo,Víctor Fernández,1998-07-01,2002-06-30,"1,61"
Celta Vigo,Javier Irureta,1997-07-01,1998-06-30,"1,70"
Celta Vigo,Fernando Castro,1995-10-16,1997-06-30,"1,35"
Celta Vigo,Carlos Aimar,1994-07-01,1995-10-16,"1,12"
Celta Vigo,Txetxu Rojo,1991-01-15,1994-06-30,"1,45"
Celta Vigo,José María Maguregui,1990-03-13,1991-01-15,"1,00"
Celta Vigo,Delfín Álvarez,1989-12-12,1990-03-13,"0,75"
Celta Vigo,José Novoa,1988-07-01,1989-12-12,"1,28"
Celta Vigo,Pepe Villar,1988-03-29,1988-06-30,"1,13"
Celta Vigo,José María Maguregui,1987-07-01,1988-03-29,"1,47"
Celta Vigo,Colin Addison,1986-07-01,1987-06-30,"2,50"
Celta Vigo,Pepe Villar,1986-03-11,1986-06-30,"0,88"
Celta Vigo,José Luis García Traid,1985-11-26,1986-03-11,"0,53"
Celta Vigo,Félix Carnero,1984-03-20,1985-11-26,"0,78"
Celta Vigo,Carriega,1983-07-01,1984-03-20,"0,50"
Celta Vigo,Misa Pavic,1980-07-01,1983-06-30,"0,97"
Celta Vigo,Juan Arza,1980-04-10,1980-06-30,-
Celta Vigo,Carmelo Cedrún,1979-10-25,1980-04-07,"1,00"
Celta Vigo,Laureano Ruiz,1978-07-01,1979-06-30,"1,06"
Celta Vigo,José María Maguregui,1977-11-08,1978-06-30,-
Celta Vigo,Pepe Villar,1977-11-01,1977-11-08,-
Celta Vigo,Carmelo Cedrún,1975-12-01,1977-06-30,"1,18"
Celta Vigo,Mariano Moreno,1974-07-01,1975-11-10,"1,17"
Celta Vigo,Juan Arza,1973-07-01,1974-06-30,"1,24"
Celta Vigo,Juan Aretio,1973-04-12,1973-06-30,"1,67"
Celta Vigo,Pedro Dellacha,1972-09-03,1973-04-08,"1,04"
Celta Vigo,Juan Arza,1970-03-10,1972-06-30,"1,39"
Celta Vigo,Pepe Villar,1970-03-03,1970-03-10,"0,00"
Celta Vigo,Roque Olsen,1969-07-01,1970-03-02,"1,30"
Celta Vigo,Ignacio Eizaguirre,1967-07-01,1969-06-30,"1,50"
Celta Vigo,César Rodríguez,1966-07-01,1967-03-12,"3,00"
Celta Vigo,Rafa Yunta,1965-07-01,1966-06-30,"1,33"
Celta Vigo,Joseíto,1963-07-01,1965-06-30,"1,50"
Celta Vigo,Ignacio Eizaguirre,1962-07-01,1963-06-30,"0,75"
Celta Vigo,Juan Aretio,1962-01-22,1962-06-30,-
Celta Vigo,Louis Hon,1961-07-01,1962-01-22,-
Celta Vigo,Yayo Sanz,1960-07-01,1961-06-30,"0,50"
Celta Vigo,Ricardo Zamora,1960-04-18,1960-06-30,"0,50"
Celta Vigo,Baltasar Albéniz,1959-10-11,1960-04-17,"1,00"
Celta Vigo,Lluís Miró,1959-01-18,1959-06-30,"0,46"
Celta Vigo,Luis Pasarín,1957-07-01,1959-01-11,"1,14"
Celta Vigo,Alejandro Scopelli,1956-07-01,1957-06-30,"1,09"
Celta Vigo,Luis Urquiri,1955-07-01,1956-06-30,"1,30"
Celta Vigo,Ricardo Zamora,1953-12-07,1955-06-30,"1,42"
Celta Vigo,José Iraragorri,1953-07-15,1953-12-06,"0,83"
Celta Vigo,Luis Urquiri,1953-05-25,1953-07-12,"1,57"
Celta Vigo,Armando Márquez,1953-02-22,1953-05-25,"1,46"
Celta Vigo,Odilo Bravo,1952-07-01,1953-02-15,"0,95"
Celta Vigo,Roberto Ozores,1951-12-10,1952-06-30,"1,35"
Celta Vigo,Luis Pasarín,1949-07-01,1951-12-09,"1,46"
Celta Vigo,Ricardo Zamora,1946-07-01,1949-06-30,"1,43"
Celta Vigo,Armando Márquez,1945-12-16,1946-03-31,"1,47"
Celta Vigo,Károly Plattkó,1944-07-01,1945-12-10,"1,07"
Celta Vigo,Baltasar Albéniz,1941-07-01,1944-06-30,"1,18"
Celta Vigo,Joaquín Cárdenes,1940-07-01,1941-06-30,"1,04"
Celta Vigo,Ricardo Comesaña,1939-07-01,1940-06-30,"1,35"
Celta Vigo,Ferenc Plattkó,1938-01-01,1938-02-14,-
Celta Vigo,Ricardo Comesaña,1935-07-01,1936-06-30,-
Celta Vigo,José María Peña,1932-07-01,1935-06-30,"1,50"
Celta Vigo,José Planas,1931-07-01,1932-06-30,"1,50"
Celta Vigo,Ramón Encinas,1928-07-01,1931-06-30,-
Celta Vigo,Andrés Balsa,1925-07-01,1927-06-30,"2,00"
Chelsea,Calum McFarlane,2026-04-22,2026-06-30,"3,00"
Chelsea,Liam Rosenior,2026-01-08,2026-04-22,"1,52"
Chelsea,Calum McFarlane,2026-01-01,2026-01-07,"0,50"
Chelsea,Enzo Maresca,2024-07-01,2026-01-01,"1,97"
Chelsea,Mauricio Pochettino,2023-07-01,2024-06-30,"1,78"
Chelsea,Frank Lampard,2023-04-06,2023-06-30,"0,45"
Chelsea,Bruno Saltor,2023-04-03,2023-04-05,"1,00"
Chelsea,Graham Potter,2022-09-08,2023-04-02,"1,42"
Chelsea,Thomas Tuchel,2021-01-26,2022-09-07,"2,08"
Chelsea,Frank Lampard,2019-07-04,2021-01-25,"1,75"
Chelsea,Maurizio Sarri,2018-07-14,2019-06-30,"2,08"
Chelsea,Antonio Conte,2016-07-01,2018-07-13,"2,12"
Chelsea,Guus Hiddink,2015-12-21,2016-06-30,"1,52"
Chelsea,José Mourinho,2013-07-01,2015-12-17,"1,96"
Chelsea,Rafael Benítez,2012-11-22,2013-06-30,"1,96"
Chelsea,Roberto Di Matteo,2012-07-01,2012-11-21,"1,76"
Chelsea,Roberto Di Matteo,2012-03-04,2012-06-30,"2,19"
Chelsea,André Villas-Boas,2011-07-01,2012-03-04,"1,75"
Chelsea,Carlo Ancelotti,2009-07-01,2011-06-30,"2,03"
Chelsea,Guus Hiddink,2009-02-11,2009-06-30,"2,41"
Chelsea,Luiz Felipe Scolari,2008-07-01,2009-02-09,"1,94"
Chelsea,Avram Grant,2007-09-20,2008-05-24,"2,22"
Chelsea,José Mourinho,2004-07-01,2007-09-20,"2,22"
Chelsea,Claudio Ranieri,2000-09-18,2004-06-30,"1,84"
Chelsea,Graham Rix,2000-09-13,2000-09-17,"1,50"
Chelsea,Gianluca Vialli,1998-02-13,2000-09-12,"1,88"
Chelsea,Ruud Gullit,1996-07-01,1998-02-12,"1,73"
Chelsea,Glenn Hoddle,1993-07-01,1996-06-30,"1,36"
Chelsea,David Webb,1993-02-16,1993-06-30,"1,46"
Chelsea,Ian Porterfield,1991-07-01,1993-02-15,"1,34"
Chelsea,Bobby Campbell,1988-03-06,1991-05-12,"1,61"
Chelsea,John Hollins,1985-07-01,1988-03-06,"1,36"
Chelsea,John Neal,1981-05-28,1985-06-11,"1,53"
Chelsea,Bobby Gould,1981-04-01,1981-06-30,-
Chelsea,Sir Geoff Hurst,1979-09-13,1981-04-23,"1,76"
Chelsea,Danny Blanchflower,1978-12-14,1979-09-11,"0,73"
Chelsea,Ken Shellito,1977-07-07,1978-12-13,"0,97"
Chelsea,Eddie McCreadie,1975-04-17,1977-07-01,"1,33"
Chelsea,Ron Suart,1974-10-03,1975-04-16,"1,00"
Chelsea,Ron Suart,1967-10-06,1967-10-23,"0,50"
Chelsea,Dave Sexton,1967-10-01,1974-10-03,"1,59"
Chelsea,Tommy Docherty,1962-06-01,1967-10-01,"1,68"
Chelsea,Tommy Docherty,1961-10-01,1962-05-31,"0,88"
Chelsea,Ted Drake,1952-07-01,1961-09-30,"1,33"
Chelsea,Billy Birrell,1939-04-19,1952-05-31,"1,20"
Chelsea,Leslie Knighton,1933-05-08,1939-04-19,"1,26"
Chelsea,David Calderhead,1907-07-01,1933-06-30,"1,43"
Chelsea,John Tait Robertson,1905-07-01,1906-06-30,-
Clermont Foot,Grégory Proment,2025-07-01,2026-05-03,"1,00"
Clermont Foot,Grégory Proment,2025-05-11,2025-06-30,"1,50"
Clermont Foot,Sébastien Mazeyrat,2025-04-07,2025-05-10,"1,20"
Clermont Foot,Laurent Batlles,2024-10-30,2025-04-07,"1,00"
Clermont Foot,Emmanuel Gas,2024-10-28,2024-10-30,"3,00"
Clermont Foot,Sébastien Bichard,2024-07-01,2024-10-28,"0,90"
Clermont Foot,Pascal Gastien,2017-09-01,2024-06-30,"1,38"
Clermont Foot,Corinne Diacre,2014-06-28,2017-08-30,"1,39"
Clermont Foot,Helena Costa,2014-05-07,2014-06-24,-
Clermont Foot,Régis Brouard,2012-06-07,2014-05-31,"1,15"
Clermont Foot,Michel Der Zakarian,2009-07-01,2012-05-30,"1,44"
Clermont Foot,Didier Ollé-Nicolle,2006-07-01,2009-06-30,"1,63"
Clermont Foot,Marc Collat,2005-07-01,2006-05-25,"1,00"
Clermont Foot,Dominique Bijotat,2005-06-01,2005-07-06,-
Clermont Foot,Olivier Chavanon,2004-02-02,2005-06-30,"1,19"
Clermont Foot,Hubert Velud,2001-07-01,2004-02-02,"1,19"
Clermont Foot,Albert Rust,2000-07-01,2001-06-30,"1,50"
Clermont Foot,René Le Lamer,1999-07-01,2000-06-30,-
Clermont Foot,Thierry Coutard,1996-07-01,1999-06-30,-
Clermont Foot,René Gardien,1989-01-01,1990-06-30,"1,00"
Clermont Foot,Andrzej Szarmach,1987-07-01,1989-01-01,"0,91"
Como,Cesc Fàbregas,2024-07-19,2026-05-03,"1,55"
Como,Osian Roberts,2023-12-20,2024-07-18,"2,00"
Como,Cesc Fàbregas,2023-11-13,2023-12-19,"2,00"
Como,Moreno Longo,2022-09-20,2023-11-13,"1,44"
Como,Giacomo Gattuso,2020-12-01,2022-09-08,"1,43"
Como,Marco Banchini,2018-07-29,2020-12-01,"1,88"
Como,Antonio Andreucci,2017-08-01,2018-06-30,"2,14"
Como,Mark Iuliano,2017-05-26,2017-06-30,-
Como,Fabio Gallo,2016-07-01,2017-05-26,"1,55"
Como,Stefano Cuoghi,2016-03-13,2016-06-30,"0,91"
Como,Gianluca Festa,2015-11-01,2016-03-13,"0,80"
Como,Carlo Sabatini,2015-01-13,2015-10-31,"1,50"
Como,Giovanni Colella,2013-02-24,2015-01-11,"1,55"
Como,Silvio Paolucci,2012-06-20,2013-02-24,"1,31"
Como,Ernestino Ramella,2012-03-14,2012-06-20,"0,88"
Como,Vincenzo Chiarenza,2012-02-17,2012-03-14,"0,00"
Como,Giuseppe Manari,2012-01-17,2012-02-17,"1,00"
Como,Ernestino Ramella,2011-06-17,2012-01-17,"1,38"
Como,Carlo Garavaglia,2010-07-09,2011-06-17,"1,43"
Como,Oscar Brevi,2009-10-20,2010-06-30,"1,41"
Como,Stefano Di Chiara,2009-02-17,2009-10-19,"1,43"
Como,Corrado Cotta,2008-07-01,2009-06-30,"1,59"
Como,Ninni Corda,2007-07-01,2008-06-30,-
Como,Ernestino Ramella,2007-02-26,2007-06-30,-
Como,Giacomo Gattuso,2005-07-01,2006-06-30,-
Como,Simone Boldini,2004-11-30,2005-06-30,"1,00"
Como,Roberto Galia,2004-04-23,2004-11-24,"0,48"
Como,Eugenio Fascetti,2002-11-28,2004-04-23,"0,83"
Como,Loris Dominissini,2000-02-28,2002-11-27,"1,81"
Como,Gianpiero Marini,1999-11-08,2000-02-28,"1,20"
Como,Walter De Vecchi,1999-07-15,1999-11-08,"1,23"
Como,Gian Piero Trainini,1998-07-01,1999-07-15,"1,72"
Como,Giancarlo Centi,1998-03-10,1998-06-30,"1,00"
Como,Mario Beretta,1997-12-01,1998-03-02,"0,82"
Como,Enrico Catuzzi,1997-10-06,1997-12-01,"1,57"
Como,Mario Beretta,1997-07-01,1997-10-06,"1,63"
Como,Gianpiero Marini,1996-12-31,1997-06-30,"1,44"
Como,Alessandro Scanziani,1995-07-01,1996-12-31,"1,31"
Como,Marco Tardelli,1993-06-26,1995-06-13,"1,20"
Como,Tarcisio Burgnich,1992-12-07,1993-06-30,"1,63"
Como,Andrea Valdinoci,1992-07-01,1992-12-07,"1,07"
Como,Pierluigi Frosio,1991-07-01,1992-06-30,"1,65"
Como,Eugenio Bersellini,1990-07-01,1991-06-30,"1,68"
Como,Giovanni Galeone,1989-11-06,1990-03-30,"0,67"
Como,Giampiero Vitali,1989-07-01,1989-11-06,"1,08"
Como,Angelo Pereni,1989-04-11,1989-06-30,"0,50"
Como,Rino Marchesi,1988-07-01,1989-04-10,"1,13"
Como,Tarcisio Burgnich,1988-01-05,1988-06-30,"1,18"
Como,Aldo Agroppi,1987-07-01,1988-01-04,"1,11"
Como,Emiliano Mondonico,1986-07-01,1987-06-30,"1,09"
Como,Rino Marchesi,1985-11-11,1986-06-30,"1,46"
Como,Roberto Clagluna,1985-07-01,1985-11-11,"1,07"
Como,Ottavio Bianchi,1984-07-01,1985-06-30,"1,09"
Como,Tarcisio Burgnich,1982-07-01,1984-06-30,"1,51"
Como,Gianni Seghedoni,1982-01-16,1982-06-30,"0,69"
Como,Giuseppe Marchioro,1978-07-01,1982-01-11,"1,45"
Como,Narciso Pezzotti,1978-02-27,1978-06-30,"1,07"
Como,Luis Suárez,1977-12-05,1978-02-27,"1,18"
Como,Gennaro Rambone,1977-07-01,1977-12-04,"0,71"
Como,Osvaldo Bagnoli,1976-01-15,1977-06-30,"1,28"
Como,Beniamino Cancian,1975-07-01,1976-06-11,"0,93"
Como,Giuseppe Marchioro,1973-07-01,1975-06-30,"1,58"
Como,Eugenio Bersellini,1971-07-01,1973-06-30,"1,38"
Como,Gino Giaroli,1971-03-14,1971-06-30,"1,50"
Como,Maino Neri,1970-07-01,1971-03-07,"1,11"
Como,Maino Neri,1969-11-02,1970-06-30,"1,32"
Como,Roberto Lerici,1969-07-01,1969-10-26,"0,40"
Como,Franco Viviani,1967-07-01,1969-06-30,"1,77"
Como,Mario Trezzi,1965-07-01,1967-06-30,"1,79"
Como,Viani II,1963-07-01,1965-06-30,"1,66"
Como,Giulio Cappelli,1961-12-17,1963-06-30,"1,14"
Como,Giuseppe Baldini,1960-07-01,1961-12-10,"1,24"
Como,Hugo Lamanna,1958-07-01,1960-06-30,"1,41"
Como,Hugo Lamanna,1953-07-01,1960-06-30,"1,46"
Como,Luigi Bonizzoni,1953-01-23,1953-11-01,"1,47"
Como,Róbert Winkler,1952-03-15,1953-01-22,"1,28"
Como,Alfredo Mazzoni,1951-07-01,1952-03-14,"0,91"
Como,Mario Varglien,1948-07-01,1951-06-30,"1,67"
Como,Róbert Winkler,1947-07-01,1948-06-30,-
Como,Giuseppe Viola,1947-07-01,1948-06-30,"1,62"
Como,Eraldo Monzeglio,1946-07-01,1947-06-30,"1,38"
Como,Giovanni Rebuffo,1945-07-01,1946-06-30,-
Como,Adolfo Baloncieri,1932-07-01,1934-06-30,-
Como,Guido Ara,1927-07-01,1929-06-30,-
Cremonese,Marco Giampaolo,2026-03-18,2026-05-03,"0,80"
Cremonese,Davide Nicola,2025-07-02,2026-03-18,"0,80"
Cremonese,Giovanni Stroppa,2024-11-11,2025-06-13,"1,72"
Cremonese,Eugenio Corini,2024-10-09,2024-11-11,"1,40"
Cremonese,Giovanni Stroppa,2023-09-19,2024-10-08,"1,69"
Cremonese,Davide Ballardini,2023-01-15,2023-09-18,"1,20"
Cremonese,Massimiliano Alvini,2022-06-09,2023-01-14,"0,65"
Cremonese,Fabio Pecchia,2021-01-07,2022-05-21,"1,70"
Cremonese,Pierpaolo Bisoli,2020-03-05,2021-01-07,"1,29"
Cremonese,Massimo Rastelli,2020-01-08,2020-03-04,"0,67"
Cremonese,Marco Baroni,2019-10-08,2020-01-08,"1,17"
Cremonese,Massimo Rastelli,2018-11-05,2019-10-08,"1,51"
Cremonese,Andrea Mandorlini,2018-04-24,2018-11-04,"1,06"
Cremonese,Attilio Tesser,2016-05-31,2018-04-23,"1,57"
Cremonese,Fabio Rossitto,2016-01-27,2016-05-30,"1,75"
Cremonese,Fulvio Pea,2015-06-21,2016-01-26,"1,33"
Cremonese,Marco Giampaolo,2014-11-17,2015-06-14,"1,42"
Cremonese,Mario Montorfano,2014-07-01,2014-11-17,"1,19"
Cremonese,Davide Dionigi,2014-03-12,2014-06-30,"1,44"
Cremonese,Vincenzo Torrente,2013-06-05,2014-03-11,"1,55"
Cremonese,Giuseppe Scienza,2012-09-26,2013-06-03,"1,59"
Cremonese,Oscar Brevi,2011-06-07,2012-09-25,"1,56"
Cremonese,Mario Montorfano,2011-04-11,2011-06-07,"1,00"
Cremonese,Leonardo Acori,2010-10-26,2011-04-11,"1,16"
Cremonese,Marco Baroni,2010-06-23,2010-10-25,"1,33"
Cremonese,Roberto Venturato,2009-03-26,2010-06-21,"1,79"
Cremonese,Emiliano Mondonico,2008-12-17,2009-03-26,"1,00"
Cremonese,Ivo Iaconi,2008-07-01,2008-12-16,"1,18"
Cremonese,Emiliano Mondonico,2007-07-01,2008-06-30,"1,71"
Cremonese,Giorgio Roselli,2006-12-27,2007-06-08,"1,47"
Cremonese,Corrado Verdelli,2006-07-01,2006-12-27,"1,00"
Cremonese,Gianni Dellacasa,2005-10-24,2006-06-30,"0,77"
Cremonese,Giovanni Della Casa,2005-07-01,2006-06-30,-
Cremonese,Giorgio Roselli,2003-07-01,2005-10-23,"1,72"
Cremonese,Claudio Maselli,2002-07-01,2003-06-30,"1,47"
Cremonese,Mario Montorfano,2001-07-01,2002-06-30,"1,21"
Cremonese,Giuseppe Galderisi,2000-07-01,2001-06-30,"1,38"
Cremonese,Giuseppe Papadopulo,2000-01-01,2000-06-30,"1,25"
Cremonese,Gian Piero Trainini,1999-07-15,2000-01-01,"0,82"
Cremonese,Gaetano Salvemini,1999-01-11,1999-06-30,"0,29"
Cremonese,Giancarlo Finardi,1999-01-07,1999-01-11,"0,00"
Cremonese,Gianpiero Marini,1997-07-01,1999-01-07,"1,39"
Cremonese,Nedo Sonetti,1996-11-09,1997-06-30,"0,90"
Cremonese,Fausto Silipo,1996-07-01,1996-11-09,"1,08"
Cremonese,Luigi Simoni,1992-07-01,1996-06-30,"1,24"
Cremonese,Gustavo Giagnoni,1991-03-02,1992-06-30,"1,00"
Cremonese,Tarcisio Burgnich,1989-07-01,1991-03-02,"1,06"
Cremonese,Bruno Mazzia,1986-07-01,1989-06-30,"1,43"
Cremonese,Emiliano Mondonico,1982-04-26,1986-06-30,"1,31"
Cremonese,Guido Vincenzi,1980-07-01,1982-06-30,"1,40"
Cremonese,Guido Vincenzi,1979-07-01,1982-06-30,"1,44"
Cremonese,Giovanni Galeone,1978-07-01,1978-12-31,"1,33"
Cremonese,Guido Settembrino,1978-04-09,1978-06-30,"1,40"
Cremonese,Stefano Angeleri,1976-07-01,1978-04-02,"1,43"
Cremonese,Battista Rota,1970-07-01,1976-06-30,"1,39"
Cremonese,Manlio Bacigalupo,1967-07-01,1969-06-30,"1,05"
Cremonese,Carlo Facchini,1966-07-01,1967-06-30,"0,25"
Cremonese,Giovanni Persico,1966-01-17,1966-06-30,"1,25"
Cremonese,Teodoro Zanini,1965-07-01,1966-01-16,"1,00"
Cremonese,Sergio Realini,1963-07-01,1965-06-30,"1,00"
Cremonese,Danilo Ravani,1963-07-01,1964-06-30,-
Cremonese,Enzo Bellini,1962-07-01,1963-06-30,"1,00"
Cremonese,Giacomo Mari,1960-07-01,1961-06-30,"1,50"
Cremonese,Guido Dossena,1951-02-04,1951-06-30,"0,85"
Cremonese,? Mazzolari,1951-01-14,1951-01-28,"0,67"
Cremonese,Jozsef Banas,1949-07-01,1951-06-30,"1,19"
Cremonese,Renato Bodini,1948-07-01,1951-06-30,"1,27"
Cremonese,Mario Villini,1947-07-01,1948-06-30,"1,54"
Cremonese,Italo Defendi,1947-07-01,1946-12-31,-
Cremonese,Pietro Pasinati,1947-01-01,1947-06-30,"1,40"
Cremonese,Renato Bodini,1943-07-01,1944-06-30,-
Cremonese,Luigi Miconi,1942-07-01,1943-06-30,"1,45"
Cremonese,Cesare Cassanelli,1937-07-01,1937-12-31,-
Cremonese,Italo Defendi,1935-07-01,1938-06-30,-
Cremonese,Jozsef Banas,1933-07-01,1935-06-30,-
Cremonese,Armand Halmos,1931-07-01,1932-02-28,-
Cremonese,Secondo Talamazzini,1930-02-18,1930-06-30,"0,65"
Cremonese,József Gulyás,1928-07-01,1929-06-30,"1,57"
Cremonese,Eugen Payer,1924-07-01,1927-06-30,"1,47"
Cremonese,Giovan Battista Traverso,1923-07-01,1924-06-30,"1,27"
Cremonese,Attilio Tornetti,1922-07-01,1923-06-30,"1,41"
Crystal Palace,Oliver Glasner,2024-02-20,2026-06-30,"1,60"
Crystal Palace,Ray Lewington,2024-02-19,2024-02-19,"1,00"
Crystal Palace,Patrick McCarthy,2024-02-19,2024-02-20,-
Crystal Palace,Roy Hodgson,2023-03-21,2024-02-19,"1,21"
Crystal Palace,Patrick McCarthy,2023-03-17,2023-03-20,"0,00"
Crystal Palace,Patrick Vieira,2021-07-04,2023-03-17,"1,22"
Crystal Palace,Roy Hodgson,2017-09-12,2021-06-30,"1,22"
Crystal Palace,Frank de Boer,2017-07-01,2017-09-11,"0,60"
Crystal Palace,Sam Allardyce,2016-12-23,2017-05-23,"1,25"
Crystal Palace,Alan Pardew,2015-01-03,2016-12-22,"1,36"
Crystal Palace,Keith Millen,2014-12-27,2015-01-02,"1,00"
Crystal Palace,Neil Warnock,2014-08-27,2014-12-27,"0,88"
Crystal Palace,Keith Millen,2014-08-15,2014-08-27,"1,00"
Crystal Palace,Tony Pulis,2013-11-24,2014-08-14,"1,46"
Crystal Palace,Keith Millen,2013-10-24,2013-11-23,"1,00"
Crystal Palace,Ian Holloway,2012-11-04,2013-10-23,"1,22"
Crystal Palace,Curtis Fleming,2012-11-01,2012-11-06,"3,00"
Crystal Palace,Lennie Lawrence,2012-10-23,2012-10-31,"2,00"
Crystal Palace,Dougie Freedman,2011-01-02,2012-10-23,"1,37"
Crystal Palace,George Burley,2010-07-01,2011-01-01,"0,96"
Crystal Palace,Paul Hart,2010-03-02,2010-06-30,"1,07"
Crystal Palace,Neil Warnock,2007-10-11,2010-02-28,"1,40"
Crystal Palace,Peter Taylor,2006-07-01,2007-10-08,"1,27"
Crystal Palace,Iain Dowie,2003-12-22,2006-05-22,"1,44"
Crystal Palace,Kit Symons,2003-11-03,2003-12-21,"1,33"
Crystal Palace,Steve Kember,2003-04-18,2003-11-03,"1,26"
Crystal Palace,Trevor Francis,2001-11-30,2003-04-18,"1,36"
Crystal Palace,Steve Kember,2001-11-03,2001-11-30,"0,80"
Crystal Palace,Steve Bruce,2001-06-01,2001-11-02,"2,00"
Crystal Palace,Steve Kember,2001-04-29,2001-05-31,"3,00"
Crystal Palace,Alan Smith,2000-08-01,2001-04-29,"1,16"
Crystal Palace,Steve Coppell,1999-01-15,2000-08-01,"1,17"
Crystal Palace,Attilio Lombardo,1999-01-15,1999-06-30,-
Crystal Palace,Terry Venables,1998-06-04,1999-01-15,"1,24"
Crystal Palace,Ray Lewington,1998-04-29,1998-05-10,"1,33"
Crystal Palace,Attilio Lombardo,1998-03-13,1998-04-29,"0,86"
Crystal Palace,Ron Noades,1997-07-01,1998-06-30,-
Crystal Palace,Steve Coppell,1997-02-28,1998-03-13,"1,15"
Crystal Palace,Dave Bassett,1996-02-08,1997-02-27,"1,55"
Crystal Palace,Steve Coppell,1995-06-08,1996-02-08,"1,50"
Crystal Palace,Alan Smith,1993-06-03,1995-05-15,"1,26"
Crystal Palace,Steve Coppell,1984-08-03,1993-05-17,"1,36"
Crystal Palace,Alan Mullery,1982-07-01,1984-05-14,"0,75"
Crystal Palace,Steve Kember,1981-11-10,1982-06-01,"0,33"
Crystal Palace,Dario Gradi,1981-02-01,1981-11-10,"0,36"
Crystal Palace,Malcolm Allison,1980-12-01,1981-01-31,"0,67"
Crystal Palace,Ernie Walley,1980-10-03,1980-12-04,"0,92"
Crystal Palace,Terry Venables,1976-06-10,1980-10-01,"0,98"
Crystal Palace,Malcolm Allison,1973-03-31,1976-05-19,"1,08"
Crystal Palace,Bert Head,1966-04-01,1973-03-27,"0,94"
Crystal Palace,Dick Graham,1962-11-15,1966-01-20,"0,50"
Crystal Palace,Arthur Rowe,1960-04-15,1962-11-30,"0,00"
Crystal Palace,George Smith,1958-07-01,1960-04-14,-
Crystal Palace,Cyril Spiers,1954-09-02,1958-06-30,-
Crystal Palace,Charlie Slade,1950-01-01,1950-12-31,-
Crystal Palace,Jack Butler,1947-07-01,1949-06-30,-
Crystal Palace,George Irwin,1939-07-01,1947-05-01,"0,50"
Crystal Palace,Tom Bromilow,1937-01-01,1939-07-01,-
Crystal Palace,Tom Bromilow,1935-07-01,1936-07-01,-
Crystal Palace,Jack Tresadern,1930-10-01,1935-06-01,-
Crystal Palace,Edmund Goodman,1907-07-01,1925-06-30,"0,00"
Crystal Palace,Adrian Birch,1905-07-01,1914-06-30,-
Crystal Palace,Jack Robson,1905-07-01,1907-06-30,"2,33"
Darmstadt 98,Florian Kohfeldt,2024-09-07,2026-05-03,"1,51"
Darmstadt 98,Torsten Lieberknecht,2021-07-01,2024-09-01,"1,38"
Darmstadt 98,Markus Anfang,2020-07-01,2021-05-31,"1,54"
Darmstadt 98,Dimitrios Grammozis,2019-02-24,2020-06-30,"1,60"
Darmstadt 98,Kai Schmitz,2019-02-19,2019-02-24,"3,00"
Darmstadt 98,Dirk Schuster,2017-12-11,2019-02-18,"1,24"
Darmstadt 98,Torsten Frings,2016-12-28,2017-12-09,"0,97"
Darmstadt 98,Ramon Berndroth,2016-12-06,2016-12-27,"0,00"
Darmstadt 98,Norbert Meier,2016-07-01,2016-12-05,"0,73"
Darmstadt 98,Dirk Schuster,2012-12-28,2016-06-30,"1,60"
Darmstadt 98,Jürgen Seeberger,2012-09-05,2012-12-17,"0,77"
Darmstadt 98,Kosta Runjaić,2010-03-23,2012-09-03,"1,49"
Darmstadt 98,Zivojin Juskic,2009-04-20,2010-03-20,"0,80"
Darmstadt 98,Gerhard Kleppinger,2006-10-06,2009-04-19,"1,55"
Darmstadt 98,Gino Lettieri,2006-07-01,2006-10-06,"0,82"
Darmstadt 98,Bruno Labbadia,2003-07-01,2006-06-30,"1,92"
Darmstadt 98,Zivojin Juskic,2003-04-09,2003-06-30,"1,33"
Darmstadt 98,Hans Werner Moser,2002-06-01,2003-04-09,"1,11"
Darmstadt 98,Michael Müller,2002-04-24,2002-06-30,"0,25"
Darmstadt 98,Michael Feichtenbeiner,2000-05-27,2002-04-23,"1,49"
Darmstadt 98,Eckhard Krautzun,1999-10-04,2000-06-30,"1,57"
Darmstadt 98,Wolfgang Uschek,1999-10-01,1999-10-03,"1,00"
Darmstadt 98,Slavko Petrovic,1998-07-01,1999-09-30,"1,15"
Darmstadt 98,Lothar Buchmann,1996-10-17,1998-05-17,"1,13"
Darmstadt 98,Martin Bremer,1996-10-11,1996-10-16,"0,00"
Darmstadt 98,Max Reichenberger,1996-05-03,1996-10-10,"1,06"
Darmstadt 98,Gerhard Kleppinger,1993-07-01,1996-05-02,"1,10"
Darmstadt 98,Aleksander Mandziara,1992-09-22,1993-06-30,"1,14"
Darmstadt 98,Gernot Lutz,1992-09-03,1992-09-20,"0,50"
Darmstadt 98,Jürgen Baier,1992-09-01,1992-09-02,"0,00"
Darmstadt 98,Rainer Scholz,1991-11-06,1992-07-31,"1,32"
Darmstadt 98,Jürgen Sparwasser,1990-07-01,1991-11-05,"1,12"
Darmstadt 98,Uwe Ebert,1990-04-08,1990-06-30,"1,43"
Darmstadt 98,Uwe Klimaschefski,1990-04-01,1990-04-07,"0,00"
Darmstadt 98,Dieter Renner,1989-07-05,1990-03-31,"1,14"
Darmstadt 98,Eckhard Krautzun,1989-03-01,1989-07-05,"1,82"
Darmstadt 98,Uwe Ebert,1988-12-01,1989-02-26,"1,00"
Darmstadt 98,Rainer Scholz,1988-10-31,1989-01-31,-
Darmstadt 98,Werner Olk,1988-07-01,1988-11-17,"0,76"
Darmstadt 98,Klaus Schlappner,1987-07-01,1988-06-30,"1,60"
Darmstadt 98,Eckhard Krautzun,1986-09-09,1987-06-30,"1,82"
Darmstadt 98,Udo Klug,1984-09-26,1986-08-23,"1,45"
Darmstadt 98,Lothar Kleim,1984-03-14,1984-09-25,"1,20"
Darmstadt 98,Timo Zahnleiter,1983-07-01,1984-03-15,"1,15"
Darmstadt 98,Manfred Krafft,1982-03-22,1983-06-30,"1,40"
Darmstadt 98,Werner Olk,1980-01-19,1982-03-14,"1,67"
Darmstadt 98,Jörg Berger,1979-07-01,1980-01-18,"1,56"
Darmstadt 98,Klaus Schlappner,1979-04-18,1979-06-30,"1,29"
Darmstadt 98,Lothar Buchmann,1976-11-14,1979-04-11,"1,63"
Darmstadt 98,Udo Klug,1971-07-01,1976-11-09,"1,50"
Darmstadt 98,Wolfgang Solz,1970-10-16,1971-06-30,-
Darmstadt 98,Heinz Lucas,1968-07-01,1970-06-30,"2,33"
Darmstadt 98,Radoslav Momirski,1967-07-01,1968-06-30,-
Darmstadt 98,Hermann Schmidtmer,1966-11-01,1967-06-30,-
Darmstadt 98,Albert Thalheimer,1966-02-02,1966-10-31,-
Darmstadt 98,Ernst Lehner,1961-07-01,1966-02-01,"1,24"
Darmstadt 98,Lothar Schröder,1952-03-01,1953-06-30,"1,50"
Darmstadt 98,Bohuslav Snopek,1950-09-19,1951-06-30,"0,97"
Darmstadt 98,Adam Keck,1945-07-01,1950-09-14,"1,50"
Darmstadt 98,Bill Townley,1929-07-01,1930-06-30,-
Dresden,Thomas Stamm,2024-07-01,2026-05-03,"1,50"
Dresden,Heiko Scholz,2024-04-20,2024-06-30,"2,17"
Dresden,Markus Anfang,2022-07-01,2024-04-20,"1,76"
Dresden,Guerino Capretti,2022-03-02,2022-06-30,"0,58"
Dresden,Alexander Schmidt,2021-04-26,2022-03-01,"1,41"
Dresden,Markus Kauczinski,2019-12-10,2021-04-25,"1,59"
Dresden,Cristian Fiél,2019-02-24,2019-12-02,"1,11"
Dresden,Maik Walpurgis,2018-09-11,2019-02-24,"1,15"
Dresden,Cristian Fiél,2018-08-23,2018-09-10,"0,00"
Dresden,Uwe Neuhaus,2015-07-01,2018-08-22,"1,59"
Dresden,Peter Németh,2015-02-17,2015-06-30,"1,29"
Dresden,Stefan Böger,2014-07-01,2015-02-16,"1,62"
Dresden,Olaf Janßen,2013-09-04,2014-06-30,"1,04"
Dresden,Steffen Menze,2013-08-19,2013-09-04,"0,50"
Dresden,Peter Pacult,2012-12-18,2013-08-18,"1,24"
Dresden,Steffen Menze,2012-12-09,2012-12-18,"1,00"
Dresden,Ralf Loose,2011-04-12,2012-12-09,"1,34"
Dresden,Matthias Maucksch,2009-10-04,2011-04-12,"1,50"
Dresden,Ruud Kaiser,2008-07-01,2009-10-04,"1,22"
Dresden,Eduard Geyer,2007-09-25,2008-06-10,"1,59"
Dresden,Norbert Meier,2006-09-09,2007-09-24,"1,32"
Dresden,Tom Stohn,2006-09-04,2006-09-10,-
Dresden,Peter Pacult,2005-12-28,2006-09-05,"1,71"
Dresden,Sven Köhler,2005-12-15,2005-12-28,-
Dresden,Christoph Franke,2001-07-01,2005-12-15,"1,68"
Dresden,Meinhard Hemp,2001-03-14,2001-06-30,"1,33"
Dresden,Cor Pot,2000-03-09,2001-03-13,"1,94"
Dresden,Colin Bell,1999-04-03,2000-03-08,"1,18"
Dresden,Rolf Schafstall,1999-02-02,1999-03-30,"1,33"
Dresden,Damian Halata,1998-12-08,1999-02-01,"0,00"
Dresden,Werner Voigt,1998-04-01,1998-12-07,"1,42"
Dresden,Hartmut Schade,1996-09-24,1998-03-31,"1,69"
Dresden,Udo Schmuck,1996-04-16,1996-09-23,"1,73"
Dresden,Hans-Jürgen Kreische,1995-07-01,1996-04-15,"1,93"
Dresden,Ralf Minge,1995-03-24,1995-06-30,"0,50"
Dresden,Horst Hrubesch,1994-11-19,1995-02-24,"0,40"
Dresden,Sigfried Held,1993-07-01,1994-11-18,"1,33"
Dresden,Ralf Minge,1993-04-21,1993-06-30,"0,88"
Dresden,Klaus Sammer,1992-07-01,1993-04-19,"1,07"
Dresden,Helmut Schulte,1991-07-01,1992-06-30,"1,27"
Dresden,Reinhard Häfner,1990-04-04,1991-06-30,"1,75"
Dresden,Eduard Geyer,1986-07-01,1990-04-03,"1,90"
Dresden,Klaus Sammer,1983-07-01,1986-06-30,"1,81"
Dresden,Gerhard Prautzsch,1978-06-04,1983-06-30,"1,89"
Dresden,Walter Fritzsch,1969-07-01,1978-06-03,"1,81"
Dresden,Kurt Kresse,1968-03-17,1969-06-29,-
Dresden,Manfred Fuchs,1966-07-01,1968-03-31,"1,42"
Dresden,Manfred Fuchs,1966-06-01,1968-03-16,"2,00"
Dresden,Helmut Petzold,1957-01-01,1966-05-31,"1,45"
Dresden,Rolf Kukowitsch,1956-07-01,1956-12-31,-
Dresden,Heinz Werner,1955-01-01,1956-06-30,"1,00"
Dresden,János Gyarmati,1953-07-01,1954-03-31,"1,59"
Dresden,Paul Döring,1952-03-01,1953-07-05,"1,98"
Dresden,Rolf Kukowitsch,1951-09-24,1952-02-22,"1,68"
Dresden,Fritz Sack,1950-07-01,1951-09-23,"1,79"
Düsseldorf,Alexander Ende,2026-04-13,2026-05-03,"1,00"
Düsseldorf,Markus Anfang,2025-10-06,2026-04-12,"0,95"
Düsseldorf,Daniel Thioune,2022-02-08,2025-10-06,"1,72"
Düsseldorf,Christian Preußer,2021-07-01,2022-02-07,"1,00"
Düsseldorf,Uwe Rösler,2020-01-29,2021-06-30,"1,45"
Düsseldorf,Friedhelm Funkel,2016-03-14,2020-01-29,"1,40"
Düsseldorf,Marco Kurz,2015-12-23,2016-03-13,"0,57"
Düsseldorf,Peter Hermann,2015-12-10,2015-12-22,"0,50"
Düsseldorf,Peter Hermann,2015-11-24,2015-12-09,"3,00"
Düsseldorf,Frank Kramer,2015-07-01,2015-11-23,"0,94"
Düsseldorf,Taşkın Aksoy,2015-02-23,2015-06-30,"1,00"
Düsseldorf,Oliver Reck,2014-03-31,2015-02-23,"1,66"
Düsseldorf,Lorenz-Günther Köstner,2014-01-01,2014-06-13,"1,00"
Düsseldorf,Oliver Reck,2013-11-30,2013-12-31,"2,00"
Düsseldorf,Michael Büskens,2013-07-01,2013-11-30,"1,12"
Düsseldorf,Norbert Meier,2008-01-01,2013-05-27,"1,60"
Düsseldorf,Wolf Werner,2007-11-13,2007-12-31,"1,00"
Düsseldorf,Uwe Weidemann,2004-11-28,2007-11-12,"1,66"
Düsseldorf,Massimo Morales,2003-07-01,2004-11-15,"1,74"
Düsseldorf,Uwe Weidemann,2003-05-05,2003-06-30,"1,00"
Düsseldorf,Slavko Petrovic,2002-07-01,2003-05-05,"1,58"
Düsseldorf,Stefan Emmerling,2002-04-03,2002-06-30,"0,86"
Düsseldorf,Tim Kamp,2001-04-10,2002-04-02,"1,09"
Düsseldorf,Uwe Fuchs,2001-01-24,2001-04-09,"1,67"
Düsseldorf,Aleksandar Ristic,2000-07-01,2001-01-22,"0,79"
Düsseldorf,Tim Kamp,2000-05-18,2000-06-30,"3,00"
Düsseldorf,Jürgen Gelsdorf,1999-07-01,2000-06-30,"1,39"
Düsseldorf,Peter Neururer,1999-04-20,1999-06-30,"0,88"
Düsseldorf,Klaus Allofs,1998-07-01,1999-04-19,"0,93"
Düsseldorf,Enver Maric,1998-04-28,1998-06-30,"2,25"
Düsseldorf,Ulrich Maslo,1997-09-16,1998-04-27,"1,50"
Düsseldorf,Rudolf Wojtowicz,1996-11-24,1997-09-15,"0,85"
Düsseldorf,Aleksandar Ristic,1992-08-17,1996-11-24,"1,45"
Düsseldorf,Rudolf Wojtowicz,1992-08-11,1992-08-16,"3,00"
Düsseldorf,Hans-Jürgen Gede,1992-01-24,1992-03-26,"0,57"
Düsseldorf,Horst Köppel,1992-01-01,1992-08-10,"0,50"
Düsseldorf,Rolf Schafstall,1991-08-28,1992-01-23,"1,24"
Düsseldorf,Josef Hickersberger,1990-12-17,1991-08-28,"1,00"
Düsseldorf,Aleksandar Ristic,1987-07-01,1990-12-15,"1,57"
Düsseldorf,Gerd Meyer,1987-04-03,1987-06-30,"0,92"
Düsseldorf,Dieter Brei,1985-04-15,1987-04-02,"1,27"
Düsseldorf,Willibert Kremer,1982-10-26,1985-04-14,"1,20"
Düsseldorf,Jörg Berger,1981-07-01,1982-10-25,"0,94"
Düsseldorf,Heinz Höher,1980-12-08,1981-06-30,"1,18"
Düsseldorf,Otto Rehhagel,1979-10-12,1980-12-05,"1,61"
Düsseldorf,Hans-Dieter Tippenhauer,1978-07-01,1979-10-09,"1,56"
Düsseldorf,Dietrich Weise,1976-07-01,1978-06-30,"1,51"
Düsseldorf,Sepp Piontek,1975-07-01,1976-04-14,"1,36"
Düsseldorf,Manfred Krafft,1975-04-23,1976-04-15,"2,17"
Düsseldorf,Heinz Lucas,1970-07-01,1975-04-20,"1,72"
Düsseldorf,Otto Knefler,1968-07-01,1970-06-30,"1,84"
Düsseldorf,Bernd Oles,1967-12-19,1968-06-30,"1,29"
Düsseldorf,Ernst Melchior,1967-07-01,1967-12-19,"1,43"
Düsseldorf,Kuno Klötzer,1963-07-01,1967-06-08,"1,79"
Düsseldorf,Jupp Derwall,1962-07-01,1964-06-30,"1,11"
Düsseldorf,Fritz Pliska,1960-07-01,1962-06-30,"1,50"
Düsseldorf,Theo Breuer,1960-01-20,1960-06-30,"1,91"
Düsseldorf,Hermann Lindemann,1957-07-01,1960-01-19,"1,42"
Düsseldorf,Kuno Klötzer,1953-07-01,1957-06-30,"1,51"
Düsseldorf,Heinrich Körner,1951-10-01,1953-06-30,"1,35"
Düsseldorf,Paul Janes,1950-07-01,1951-09-30,"1,31"
Düsseldorf,Theo Breuer,1949-01-01,1949-06-30,"1,25"
Düsseldorf,Karl Flink,1948-07-01,1948-12-31,"1,08"
Düsseldorf,Georg Hochgesang,1946-03-01,1948-06-30,"1,38"
Düsseldorf,Heinrich Körner,1939-01-01,1942-06-30,"1,67"
Düsseldorf,Karl Höger,1935-07-01,1937-06-30,"1,71"
Düsseldorf,Karl Flink,1934-07-01,1935-06-30,"3,00"
Düsseldorf,Heinrich Körner,1931-07-01,1934-06-30,"3,00"
Düsseldorf,Heinrich Körner,1925-09-01,1928-05-01,"0,00"
Düsseldorf,Heinrich Körner,1924-06-01,1925-01-01,-
Elche,Eder Sarabia,2024-07-01,2026-05-03,"1,58"
Elche,Sebastián Beccacece,2023-03-21,2024-06-30,"1,38"
Elche,Pablo Machín,2022-11-17,2023-03-20,"0,86"
Elche,Sergio Mantecón,2022-11-07,2022-11-16,"1,50"
Elche,Jorge Almirón,2022-10-12,2022-11-07,"0,40"
Elche,Alberto Gallego,2022-10-05,2022-10-12,"1,00"
Elche,Francisco Rodríguez,2021-11-30,2022-10-04,"1,18"
Elche,Pablo Manusovich,2021-11-25,2021-11-29,-
Elche,Sergio Mantecón,2021-11-25,2021-11-29,"1,00"
Elche,Fran Escribá,2021-02-14,2021-11-21,"0,94"
Elche,Jorge Almirón,2020-08-26,2021-02-12,"1,00"
Elche,Pacheta,2018-02-27,2020-08-25,"1,52"
Elche,Josico,2017-11-20,2018-02-27,"1,46"
Elche,Vicente Mir,2017-07-01,2017-11-13,"1,94"
Elche,Vicente Parras,2017-04-29,2017-06-15,"0,00"
Elche,Alberto Toril,2016-07-01,2017-04-29,"1,18"
Elche,Rubén Baraja,2015-07-12,2016-06-30,"1,33"
Elche,Fran Escribá,2012-07-01,2015-06-30,"1,34"
Elche,César Ferrando,2012-04-10,2012-06-12,"1,00"
Elche,José Bordalás,2009-10-05,2012-04-07,"1,58"
Elche,Claudio Barragán,2008-10-12,2009-10-04,"1,25"
Elche,David Vidal,2007-01-08,2008-10-13,"1,37"
Elche,Luis García,2006-07-01,2007-01-08,"0,77"
Elche,Julián Rubio,2006-01-30,2006-06-30,"0,89"
Elche,Josu Uribe,2004-07-01,2006-01-30,"1,19"
Elche,José Antonio Lico,2004-05-17,2004-06-30,"3,00"
Elche,Oscar Ruggeri,2003-12-22,2004-05-16,"1,80"
Elche,José Antonio Lico,2003-12-16,2003-12-21,-
Elche,Carlos Cantarero,2003-07-01,2003-12-15,"1,00"
Elche,Julián Rubio,2001-07-01,2003-06-02,"1,64"
Elche,Jorge D'Alessandro,2000-12-21,2001-04-16,"1,25"
Elche,Felipe Mesones,2000-07-01,2000-12-18,"0,75"
Elche,Jorge D'Alessandro,2000-01-25,2000-06-30,"0,88"
Elche,Bartolomé Plaza,1998-07-01,2000-01-09,"1,00"
Elche,Delfín Álvarez,1998-05-04,1998-06-30,-
Elche,José Manuel Rielo,1998-02-09,1998-05-03,"0,75"
Elche,Ciriaco Cano,1997-04-18,1998-02-09,"0,62"
Elche,Fabri González,1996-07-01,1996-12-03,-
Elche,Felipe Mesones,1995-07-01,1996-06-30,-
Elche,Juan Carlos Lezcano,1995-05-09,1995-06-30,-
Elche,Quique Hernández,1994-07-01,1995-05-08,-
Elche,Crispi,1993-07-01,1994-02-07,"1,50"
Elche,Julián Rubio,1993-07-01,1994-06-30,-
Elche,José Antonio Lico,1992-07-01,1993-06-30,-
Elche,Gustavo Silva,1990-11-27,1991-06-30,-
Elche,José Antonio Lico,1990-04-12,1990-11-26,"1,00"
Elche,Evaristo Carrió,1989-12-19,1990-04-05,"1,40"
Elche,Luis Costa,1989-07-01,1989-12-19,"1,67"
Elche,Juan Carlos Lezcano,1989-04-04,1989-06-30,"0,27"
Elche,José Antonio Lico,1989-04-01,1989-04-02,"0,00"
Elche,László Kubala,1988-11-20,1989-03-26,"0,61"
Elche,Felipe Mesones,1987-07-01,1988-11-07,"1,25"
Elche,Carlos Bonet,1987-03-27,1987-06-30,-
Elche,Delfín Álvarez,1986-09-12,1987-03-27,"1,33"
Elche,Carlos Bonet,1986-03-17,1986-09-12,"2,00"
Elche,Roque Olsen,1985-07-01,1986-03-17,"1,00"
Elche,Carlos Bonet,1985-01-02,1985-06-30,"1,11"
Elche,Antonio Ruiz,1984-07-01,1985-01-02,"0,72"
Elche,Roque Olsen,1984-01-23,1984-06-30,"0,50"
Elche,Cayetano Ré,1983-03-22,1984-01-23,"1,50"
Elche,Carriega,1982-07-01,1983-03-22,"0,75"
Elche,Felipe Mesones,1981-07-01,1982-06-30,"1,50"
Elche,Evaristo Carrió,1980-10-20,1981-06-30,"2,00"
Elche,Héctor Rial,1980-07-01,1980-10-20,"0,00"
Elche,Arsenio Iglesias,1979-11-19,1980-06-30,"3,00"
Elche,Juan Carlos Lezcano,1979-11-12,1979-11-18,-
Elche,Heriberto Herrera,1978-12-17,1979-11-11,"1,00"
Elche,Moruca,1978-07-01,1978-12-11,-
Elche,Juan Carlos Lezcano,1978-03-21,1978-06-30,"1,00"
Elche,Roque Olsen,1977-07-01,1978-03-20,"1,15"
Elche,Felipe Mesones,1976-07-01,1977-06-30,"1,29"
Elche,Marcel Domingo,1975-11-01,1976-06-30,"1,11"
Elche,Néstor Rossi,1974-07-01,1975-10-27,"1,29"
Elche,Roque Olsen,1971-07-01,1974-06-30,"1,21"
Elche,José Manuel Llopis,1971-04-12,1971-06-30,"3,00"
Elche,Otto Bumbel,1970-11-22,1971-02-28,"0,57"
Elche,Salvador Artigas,1970-07-01,1970-11-20,"0,78"
Elche,Otto Bumbel,1970-02-01,1970-04-19,"1,30"
Elche,Roque Máspoli,1968-07-01,1970-01-26,"1,19"
Elche,Ferdinand Daucik,1968-01-10,1968-06-30,"1,88"
Elche,Alfredo di Stéfano,1967-07-01,1968-01-08,"0,80"
Elche,Otto Bumbel,1965-07-01,1967-06-30,"1,32"
Elche,Martim Francisco,1964-11-22,1965-06-30,"1,67"
Elche,José Gabriel Torres,1964-11-02,1964-11-21,"3,00"
Elche,Rosendo Hernández,1964-07-01,1964-10-26,"1,00"
Elche,Heriberto Herrera,1963-07-01,1964-06-30,"1,53"
Elche,Otto Bumbel,1962-12-01,1963-06-30,"1,50"
Elche,Juan Ramón,1961-07-01,1962-11-30,"1,12"
Elche,Miguel Bertral,1961-02-11,1961-06-30,"1,83"
Elche,Antonio Barrios,1960-07-01,1961-02-05,"0,75"
Elche,César Rodríguez,1957-07-01,1960-06-30,"1,31"
Elche,Ramón Balaguer,1949-07-01,1950-06-30,-
Elche,Hilario Marrero,1942-11-23,1943-06-30,-
Elche,Antonin Fivebr,1927-07-01,1928-06-30,-
Elversberg,Vincent Wagner,2025-07-01,2026-05-03,"1,82"
Elversberg,Horst Steffen,2018-10-29,2025-06-30,"1,96"
Elversberg,Roland Seitz,2018-03-11,2018-10-28,"1,55"
Elversberg,Karsten Neitzel,2017-07-01,2018-03-11,"1,68"
Elversberg,Michael Wiesinger,2015-07-01,2017-06-30,"2,03"
Elversberg,Stefan Minkwitz,2015-05-07,2015-06-30,"2,00"
Elversberg,Willi Kronhardt,2014-07-01,2015-05-07,"1,90"
Elversberg,Roland Seitz,2014-04-14,2014-06-30,"0,75"
Elversberg,Dietmar Hirsch,2013-09-02,2014-04-14,"1,21"
Elversberg,Jens Kiefer,2011-09-26,2013-08-24,"1,47"
Elversberg,Günter Erhardt,2009-10-07,2011-09-26,"1,38"
Elversberg,Djuradj Vasic,2008-03-11,2009-10-06,"1,21"
Elversberg,Brent Goulet,2004-04-12,2008-03-10,"1,35"
Elversberg,Gerd Schwickert,2003-04-14,2004-04-11,"1,41"
Elversberg,Bernd Eichmann,2002-09-02,2003-04-14,"0,82"
Elversberg,Frank Holzer,2002-09-02,2003-04-14,"2,25"
Elversberg,Klaus Scheer,2001-07-01,2002-09-01,"1,32"
Elversberg,Frank Holzer,2001-04-09,2001-06-30,"1,63"
Elversberg,Neale Marmon,1996-12-01,2001-04-08,"1,47"
Elversberg,Günter Herrmann,1996-09-21,1996-11-30,"0,44"
Elversberg,Joachim Brehmer,1996-07-01,1996-09-20,"0,38"
Elversberg,Jürgen Fuhrmann,1993-07-01,1994-06-30,-
Elversberg,Günter Schmalz,1986-09-23,1987-06-30,"1,08"
Elversberg,Heinz Nitze,1986-07-01,1986-09-22,"0,44"
Elversberg,Günter Schmalz,1985-07-01,1986-06-30,"0,97"
Elversberg,Manfred Klein,1985-04-01,1985-06-30,"1,13"
Elversberg,Lothar Morgenthal,1985-02-26,1985-03-31,"0,60"
Elversberg,Hans-Günter Müller,1984-07-01,1985-02-25,"0,95"
Elversberg,Lothar Morgenthal,1984-04-10,1984-06-30,"1,67"
Elversberg,Jürgen Fuhrmann,1982-07-01,1984-04-09,"1,32"
Elversberg,Jürgen Fuhrmann,1975-07-01,1981-06-30,"0,00"
Empoli,Fabio Caserta,2026-03-10,2026-05-03,"1,13"
Empoli,Alessio Dionisi,2025-10-16,2026-03-10,"1,05"
Empoli,Guido Pagliuca,2025-06-16,2025-10-13,"1,33"
Empoli,Roberto D'Aversa,2024-07-02,2025-06-16,"0,98"
Empoli,Davide Nicola,2024-01-15,2024-07-02,"1,28"
Empoli,Aurelio Andreazzoli,2023-09-19,2024-01-15,"0,81"
Empoli,Paolo Zanetti,2022-06-06,2023-09-19,"0,98"
Empoli,Aurelio Andreazzoli,2021-06-21,2022-06-01,"1,15"
Empoli,Alessio Dionisi,2020-08-19,2021-06-15,"1,95"
Empoli,Pasquale Marino,2020-01-26,2020-08-11,"1,72"
Empoli,Roberto Muzzi,2019-11-14,2020-01-26,"0,70"
Empoli,Cristian Bucchi,2019-06-18,2019-11-12,"1,64"
Empoli,Aurelio Andreazzoli,2019-03-13,2019-06-30,"1,45"
Empoli,Giuseppe Iachini,2018-11-06,2019-03-13,"1,00"
Empoli,Aurelio Andreazzoli,2017-12-17,2018-11-05,"1,74"
Empoli,Vincenzo Vivarini,2017-07-01,2017-12-17,"1,50"
Empoli,Giovanni Martusciello,2016-07-01,2017-06-30,"0,88"
Empoli,Marco Giampaolo,2015-06-15,2016-06-30,"1,18"
Empoli,Maurizio Sarri,2012-07-01,2015-06-30,"1,52"
Empoli,Alfredo Aglietti,2012-02-12,2012-06-18,"1,56"
Empoli,Guido Carboni,2011-11-20,2012-02-12,"0,73"
Empoli,Giuseppe Pillon,2011-10-02,2011-11-20,"1,00"
Empoli,Alfredo Aglietti,2010-06-06,2011-10-02,"1,36"
Empoli,Salvatore Campilongo,2009-06-16,2010-05-30,"1,38"
Empoli,Silvio Baldini,2008-05-27,2009-06-16,"1,65"
Empoli,Luigi Cagni,2008-04-01,2008-06-30,"1,43"
Empoli,Alberto Malesani,2007-11-26,2008-03-31,"0,95"
Empoli,Luigi Cagni,2006-01-21,2007-11-26,"1,32"
Empoli,Roberto Rovani,2004-07-01,2005-06-30,-
Empoli,Mario Somma,2004-07-01,2006-01-19,"1,47"
Empoli,Attilio Perotti,2003-10-20,2004-06-30,"1,00"
Empoli,Daniele Baldini,2003-07-01,2003-10-20,"0,29"
Empoli,Silvio Baldini,1999-12-01,2003-05-21,"1,54"
Empoli,Elio Gustinetti,1999-07-01,1999-11-30,"1,32"
Empoli,Corrado Orrico,1999-02-15,1999-06-30,"0,38"
Empoli,Mauro Sandreani,1998-09-01,1999-02-15,"0,78"
Empoli,Luigi Delneri,1998-07-01,1998-09-01,-
Empoli,Luciano Spalletti,1995-07-01,1998-06-30,"1,57"
Empoli,Piero Pelagotti,1995-07-01,1996-06-30,-
Empoli,Walter Nicoletti,1995-03-06,1995-06-30,"1,27"
Empoli,Francesco D'Arrigo,1994-07-01,1995-03-06,"1,13"
Empoli,Luciano Spalletti,1994-04-18,1994-06-30,"1,13"
Empoli,Adriano Lombardi,1994-01-23,1994-04-17,"0,82"
Empoli,Ettore Donati,1993-07-01,1994-01-17,"1,00"
Empoli,Walter Nicoletti,1992-07-01,1993-06-30,"1,52"
Empoli,Francesco Guidolin,1991-07-01,1992-06-30,"1,44"
Empoli,Giampiero Vitali,1991-01-14,1991-06-30,"1,50"
Empoli,Vincenzo Montefusco,1989-12-11,1991-01-14,"1,66"
Empoli,Ferdinando Donati,1989-07-01,1990-06-30,"1,46"
Empoli,Luigi Simoni,1988-07-01,1989-05-15,"1,00"
Empoli,Gaetano Salvemini,1985-07-01,1988-06-30,"1,25"
Empoli,Vincenzo Guerini,1983-07-01,1985-06-30,"1,15"
Empoli,Giampiero Vitali,1982-07-01,1983-06-30,"1,45"
Empoli,Narciso Pezzotti,1981-07-01,1982-06-30,"1,06"
Empoli,Gaetano Salvemini,1978-07-01,1981-06-30,"1,35"
Empoli,Renzo Melani,1977-07-01,1978-06-30,-
Empoli,Giampiero Vitali,1977-07-01,1978-06-30,"1,19"
Empoli,Bruno Giorgi,1976-07-01,1977-06-30,"0,94"
Empoli,Renzo Ulivieri,1973-07-01,1976-06-30,"1,12"
Empoli,Maurizio Bruno,1972-07-01,1974-06-30,"1,50"
Empoli,Sergio Castelletti,1971-07-01,1972-06-30,"1,19"
Empoli,Francesco Lamberti,1970-07-01,1971-06-30,"1,13"
Empoli,Enzo Riccomini,1969-07-01,1970-06-30,"1,37"
Empoli,Sergio Cervato,1968-07-01,1970-06-30,"1,26"
Empoli,Tito Corsi,1967-07-01,1968-06-30,"1,07"
Empoli,Benito Lorenzi,1966-07-01,1967-06-30,-
Empoli,Mario Castaldi,1965-07-01,1966-06-30,"1,38"
Empoli,Franco Grillone,1964-07-01,1965-06-30,"1,38"
Empoli,Natale Faccenda,1963-07-01,1964-06-30,"1,69"
Empoli,Viani II,1953-07-01,1955-06-30,-
Empoli,Piero Andreoli,1952-07-01,1953-06-30,-
Empoli,Renato Tori,1950-07-01,1951-06-30,-
Empoli,Renzo Magli,1949-07-01,1950-06-30,"1,17"
Empoli,Renato Tori,1948-07-01,1949-06-30,"1,32"
Empoli,Enrico Crotti,1946-07-01,1947-06-30,"1,67"
Empoli,Enrico Colombari,1939-07-01,1940-06-30,-
Empoli,Antonio Vojak,1937-07-01,1939-06-30,-
Empoli,Ernst Guzsik,1923-07-01,1925-06-30,-
Erzgebirge Aue,Enrico Kern,2026-04-05,2026-05-03,-
Erzgebirge Aue,Khvicha Shubitidze,2026-04-05,2026-06-30,"1,50"
Erzgebirge Aue,Christoph Dabrowski,2026-02-03,2026-04-05,"0,50"
Erzgebirge Aue,Jens Härtel,2025-01-02,2026-01-31,"1,23"
Erzgebirge Aue,Jörg Emmerich,2024-12-02,2024-12-31,"2,00"
Erzgebirge Aue,Pavel Dotchev,2022-12-07,2024-12-01,"1,57"
Erzgebirge Aue,Carsten Müller,2022-09-21,2022-12-07,"1,70"
Erzgebirge Aue,Timo Rost,2022-07-01,2022-09-20,"0,30"
Erzgebirge Aue,Pavel Dotchev,2021-11-17,2022-06-30,"0,71"
Erzgebirge Aue,Pavel Dotchev,2021-11-01,2021-11-16,"3,00"
Erzgebirge Aue,Marc Hensel,2021-10-07,2022-02-23,-
Erzgebirge Aue,Carsten Müller,2021-10-06,2021-10-31,"1,33"
Erzgebirge Aue,Marc Hensel,2021-09-21,2021-10-07,"0,50"
Erzgebirge Aue,Aleksey Shpilevskiy,2021-07-01,2021-09-19,"0,38"
Erzgebirge Aue,Marc Hensel,2021-05-13,2021-06-30,"1,50"
Erzgebirge Aue,Dirk Schuster,2019-08-26,2021-05-28,"1,27"
Erzgebirge Aue,Marc Hensel,2019-08-19,2019-08-25,"1,00"
Erzgebirge Aue,André Meyer,2019-07-29,2019-08-07,-
Erzgebirge Aue,Daniel Meyer,2018-07-01,2019-08-19,"1,26"
Erzgebirge Aue,Hannes Drews,2017-09-07,2018-06-30,"1,25"
Erzgebirge Aue,Robin Lenk,2017-08-15,2017-09-07,"2,00"
Erzgebirge Aue,Thomas Letsch,2017-07-01,2017-08-14,"0,00"
Erzgebirge Aue,Domenico Tedesco,2017-03-08,2017-06-30,"1,82"
Erzgebirge Aue,Robin Lenk,2017-02-28,2017-03-07,"1,00"
Erzgebirge Aue,Pavel Dotchev,2015-07-01,2017-02-28,"1,56"
Erzgebirge Aue,Tomislav Stipic,2014-09-09,2015-05-27,"1,16"
Erzgebirge Aue,Falko Götz,2013-04-29,2014-09-02,"1,09"
Erzgebirge Aue,Karsten Baumann,2012-02-22,2013-04-28,"1,13"
Erzgebirge Aue,Rico Schmitt,2008-04-21,2012-02-21,"1,53"
Erzgebirge Aue,Roland Seitz,2008-01-01,2008-04-20,"0,83"
Erzgebirge Aue,Gerd Schädlich,1999-07-01,2007-12-31,"1,46"
Erzgebirge Aue,Holger Erler,1999-03-09,1999-06-30,"3,00"
Erzgebirge Aue,Lutz Lindemann,1999-03-09,1999-06-30,"1,20"
Erzgebirge Aue,Frank Lieberam,1998-07-01,1999-03-08,"1,65"
Erzgebirge Aue,Lutz Lindemann,1996-04-27,1998-06-30,"1,82"
Erzgebirge Aue,Ralf Minge,1995-07-01,1996-04-26,"1,69"
Erzgebirge Aue,Lutz Lindemann,1992-04-01,1995-06-30,"1,61"
Erzgebirge Aue,Andreas Langer,1992-03-22,1992-03-31,-
Erzgebirge Aue,Heinz Eisengrein,1991-07-01,1992-03-21,"2,12"
Erzgebirge Aue,Klaus Toppmöller,1990-11-28,1991-06-30,"2,56"
Erzgebirge Aue,Jürgen Escher,1990-01-01,1990-11-27,"1,27"
Erzgebirge Aue,Ulrich Schulze,1988-07-01,1989-11-27,"1,26"
Erzgebirge Aue,Jürgen Escher,1988-04-23,1988-06-30,"2,20"
Erzgebirge Aue,Hans-Joachim Speth,1986-01-01,1988-04-16,"1,39"
Erzgebirge Aue,Konrad Schaller,1985-10-13,1985-12-31,"1,17"
Erzgebirge Aue,Harald Fischer,1985-07-01,1985-10-12,"0,87"
Erzgebirge Aue,Hans-Ulrich Thomale,1981-07-01,1985-06-30,"1,29"
Erzgebirge Aue,Manfred Fuchs,1977-07-01,1981-06-30,"1,05"
Erzgebirge Aue,Bringfried Müller,1971-07-23,1977-06-30,"1,16"
Erzgebirge Aue,Gerhard Hofmann,1967-11-10,1971-06-30,"1,32"
Erzgebirge Aue,Bringfried Müller,1965-07-01,1967-11-10,"0,50"
Erzgebirge Aue,Armin Günther,1962-03-10,1965-06-30,-
Erzgebirge Aue,Manfred Fuchs,1960-07-01,1962-03-31,"1,00"
Erzgebirge Aue,Gerhard Hofmann,1958-09-01,1960-06-30,"1,92"
Erzgebirge Aue,Günter Horst,1958-06-01,1958-08-31,"1,50"
Erzgebirge Aue,Fritz Gödicke,1955-08-01,1958-05-31,"1,93"
Erzgebirge Aue,Karl Dittes,1952-07-01,1955-07-31,"1,77"
Erzgebirge Aue,Walter Fritzsch,1950-07-01,1952-06-30,"1,74"
Erzgebirge Aue,Kurt Gogsch,1946-07-01,1950-06-30,-
Espanyol,Manolo González,2024-03-12,2026-05-03,"1,25"
Espanyol,Luis Miguel Ramis,2023-11-06,2024-03-12,"1,56"
Espanyol,Luis García,2023-04-04,2023-11-05,"1,42"
Espanyol,Diego Martínez,2022-07-01,2023-04-03,"1,16"
Espanyol,Luis Blanco,2022-05-13,2022-06-30,"1,00"
Espanyol,Vicente Moreno,2020-08-04,2022-05-13,"1,61"
Espanyol,Francisco Rufete,2020-06-27,2020-07-20,"0,14"
Espanyol,Abelardo,2019-12-27,2020-06-27,"1,18"
Espanyol,Pablo Machín,2019-10-07,2019-12-23,"1,00"
Espanyol,David Gallego,2019-07-01,2019-10-07,"1,56"
Espanyol,Rubi,2018-07-01,2019-06-30,"1,39"
Espanyol,David Gallego,2018-04-21,2018-05-21,"2,60"
Espanyol,Quique Sánchez Flores,2016-07-01,2018-04-20,"1,30"
Espanyol,Constantin Gâlcă,2015-12-14,2016-05-27,"1,12"
Espanyol,Sergio González,2014-07-01,2015-12-14,"1,29"
Espanyol,Javier Aguirre,2012-12-01,2014-05-29,"1,22"
Espanyol,Raúl Longhi,2012-11-27,2012-11-30,"0,00"
Espanyol,Mauricio Pochettino,2009-01-20,2012-11-26,"1,22"
Espanyol,Mané,2008-12-01,2009-01-20,"0,75"
Espanyol,Tintín Márquez,2008-06-03,2008-11-30,"1,07"
Espanyol,Ernesto Valverde,2006-07-01,2008-06-30,"1,40"
Espanyol,Miguel Ángel Lotina,2004-06-10,2006-05-26,"1,44"
Espanyol,Luis Fernandez,2003-11-04,2004-06-10,"1,36"
Espanyol,Javier Clemente,2002-12-18,2003-11-04,"1,12"
Espanyol,Ramón Moya,2002-10-20,2002-12-17,"1,00"
Espanyol,Juande Ramos,2002-07-01,2002-10-07,"0,33"
Espanyol,Paco Flores,2000-01-17,2002-06-30,"1,34"
Espanyol,Miguel Ángel Brindisi,1998-10-19,2000-01-17,"1,44"
Espanyol,Marcelo Bielsa,1998-07-01,1998-10-19,"1,00"
Espanyol,José Antonio Camacho,1997-07-01,1998-06-30,"1,39"
Espanyol,Paco Flores,1997-03-11,1997-06-30,"1,67"
Espanyol,Vicente Miera,1997-01-13,1997-03-10,"0,92"
Espanyol,Pepe Carcelén,1996-07-01,1996-10-31,"1,50"
Espanyol,José Antonio Camacho,1993-07-01,1996-06-30,"1,69"
Espanyol,Juanjo Díaz,1993-06-01,1993-06-30,"0,20"
Espanyol,José Novoa,1992-07-01,1993-06-01,"1,15"
Espanyol,Javier Clemente,1992-01-21,1992-06-30,"1,70"
Espanyol,Jaime Sabaté,1991-11-04,1992-01-20,"0,67"
Espanyol,Ljupko Petrovic,1991-07-01,1991-11-03,"1,00"
Espanyol,Luis Aragonés,1990-07-01,1991-06-30,"1,30"
Espanyol,Juanjo Díaz,1990-01-01,1990-06-30,"1,43"
Espanyol,Joanet,1989-07-01,1990-01-01,"1,57"
Espanyol,Raúl Longhi,1989-04-10,1989-04-18,"3,00"
Espanyol,Javier Clemente,1986-07-01,1989-02-27,"1,30"
Espanyol,Xabier Azkargorta,1983-09-13,1986-06-30,"1,34"
Espanyol,Misa Pavic,1983-07-01,1983-09-13,"0,00"
Espanyol,José María Maguregui,1980-07-01,1983-06-30,"1,35"
Espanyol,Vicente Miera,1980-01-07,1980-06-30,"1,11"
Espanyol,José Antonio Irulegui,1978-07-01,1979-12-31,"1,35"
Espanyol,Heriberto Herrera,1978-01-01,1978-06-30,"1,30"
Espanyol,José Santamaría,1971-07-01,1977-12-18,"1,47"
Espanyol,Ferdinand Daucik,1970-07-01,1971-06-30,"1,10"
Espanyol,Rafael Iriondo,1970-02-10,1970-06-30,"1,50"
Espanyol,Fernando Riera,1969-07-01,1970-02-08,-
Espanyol,Antonio Argilés,1968-10-13,1969-04-20,"1,19"
Espanyol,Jenő Kalmár,1966-07-01,1968-10-06,"1,55"
Espanyol,José Espada,1966-02-27,1966-06-30,"0,50"
Espanyol,Fernando Argila,1965-07-01,1966-02-20,"1,24"
Espanyol,László Kubala,1964-07-01,1965-06-30,"1,21"
Espanyol,Pere Solé,1963-12-29,1964-06-30,"1,38"
Espanyol,Alejandro Scopelli,1963-07-01,1964-06-30,-
Espanyol,Heriberto Herrera,1962-07-01,1963-06-30,"1,57"
Espanyol,Julián Arcas,1961-12-10,1962-06-30,"1,58"
Espanyol,Ricardo Zamora,1961-11-21,1961-12-07,"0,33"
Espanyol,José Luis Saso,1961-07-01,1961-11-20,"1,13"
Espanyol,Ricardo Zamora,1961-02-25,1961-06-30,"1,25"
Espanyol,Alejandro Scopelli,1961-01-14,1961-02-20,"2,17"
Espanyol,Ernesto Pons,1960-07-01,1961-01-09,"1,06"
Espanyol,Antonio Barrios,1959-07-01,1960-06-30,"1,37"
Espanyol,Marcel Domingo,1958-07-01,1959-06-30,"1,33"
Espanyol,Elemér Berkessy,1957-08-01,1958-06-30,"1,30"
Espanyol,Ricardo Zamora,1955-07-01,1957-06-30,"1,45"
Espanyol,Odilo Bravo,1955-01-01,1955-04-03,"1,00"
Espanyol,José Espada,1954-12-26,1955-06-30,"1,81"
Espanyol,Alejandro Scopelli,1952-07-01,1954-12-19,"1,52"
Espanyol,Juan José Nogués,1950-02-14,1952-06-30,"1,44"
Espanyol,Patricio Caicedo,1949-07-01,1950-02-12,"1,10"
Espanyol,José Espada,1947-07-01,1949-06-30,"1,31"
Espanyol,José Planas,1947-01-08,1947-06-30,"1,08"
Espanyol,Crisanto Bosch,1945-12-14,1947-01-07,"1,10"
Espanyol,Baltasar Albéniz,1944-07-01,1945-12-31,"1,20"
Espanyol,Crisanto Bosch,1943-12-01,1944-06-30,"1,50"
Espanyol,Pere Solé,1943-04-06,1943-12-05,"0,83"
Espanyol,Patricio Caicedo,1935-11-25,1943-04-05,"1,37"
Espanyol,Harry Lowe,1935-07-01,1935-11-24,"2,00"
Espanyol,Patricio Caicedo,1930-07-01,1933-06-30,"1,32"
Espanyol,Jack Greenwell,1927-07-01,1930-06-30,"1,56"
Espanyol,Paco Bru,1924-07-01,1926-06-30,-
Espanyol,Victor Gibson,1911-07-01,1912-06-30,-
Everton,David Moyes,2025-01-11,2026-05-03,"1,42"
Everton,Leighton Baines,2025-01-09,2025-01-10,"3,00"
Everton,Sean Dyche,2023-01-30,2025-01-09,"1,23"
Everton,Leighton Baines,2023-01-24,2023-01-29,-
Everton,Paul Tait,2023-01-24,2023-01-29,-
Everton,Frank Lampard,2022-01-31,2023-01-23,"1,00"
Everton,Duncan Ferguson,2022-01-18,2022-01-30,"0,00"
Everton,Rafael Benítez,2021-07-01,2022-01-16,"1,14"
Everton,Carlo Ancelotti,2019-12-22,2021-06-30,"1,60"
Everton,Duncan Ferguson,2019-12-05,2019-12-21,"1,25"
Everton,Marco Silva,2018-07-01,2019-12-05,"1,38"
Everton,Sam Allardyce,2017-11-30,2018-05-16,"1,42"
Everton,David Unsworth,2017-10-24,2017-11-30,"0,88"
Everton,Ronald Koeman,2016-07-01,2017-10-23,"1,48"
Everton,David Unsworth,2016-05-12,2016-06-13,"3,00"
Everton,Roberto Martínez,2013-07-01,2016-05-12,"1,56"
Everton,David Moyes,2002-03-14,2013-06-30,"1,54"
Everton,Walter Smith,1998-08-15,2002-03-10,"1,23"
Everton,Howard Kendall,1997-06-27,1998-05-10,"1,10"
Everton,Dave Watson,1997-03-01,1997-06-30,"0,86"
Everton,Joe Royle,1994-11-10,1997-03-27,"1,50"
Everton,Mike Walker,1994-01-07,1994-11-08,"0,83"
Everton,Jimmy Gabriel,1993-12-08,1994-01-03,"0,14"
Everton,Howard Kendall,1990-11-10,1993-12-04,"1,35"
Everton,Jimmy Gabriel,1990-11-02,1990-11-04,"3,00"
Everton,Colin Harvey,1987-06-19,1990-10-30,"1,56"
Everton,Howard Kendall,1982-07-01,1987-06-18,"1,92"
Everton,Howard Kendall,1981-05-31,1982-06-30,"1,48"
Everton,Gordon Lee,1977-02-01,1981-05-04,"1,47"
Everton,Steve Burtenshaw,1977-01-10,1977-01-30,"0,50"
Everton,Billy Bingham,1973-08-25,1977-01-08,"1,42"
Everton,Tommy Eggleston,1973-04-12,1973-05-28,"1,00"
Everton,Harry Catterick,1961-04-22,1973-04-12,"1,64"
Everton,Johnny Carey,1958-10-01,1961-04-15,"1,45"
Everton,Ian Buchan,1956-02-01,1958-09-30,"1,20"
Everton,Cliff Britton,1948-09-21,1956-02-24,"1,27"
Everton,Theo Kelly,1935-10-30,1948-10-10,"1,44"
Everton,Thomas McIntosh,1919-07-01,1935-10-29,"1,35"
Everton,Will Cuff,1901-08-01,1918-05-31,"1,60"
Everton,Dick Molyneux,1889-07-01,1901-06-30,"1,56"
Everton,William Barclay,1888-08-01,1889-05-31,"1,14"
Fiorentina,Paolo Vanoli,2025-11-07,2026-05-03,"1,41"
Fiorentina,Daniele Galloppa,2025-11-04,2025-11-07,"0,00"
Fiorentina,Stefano Pioli,2025-07-12,2025-11-04,"1,14"
Fiorentina,Raffaele Palladino,2024-07-01,2025-05-30,"1,70"
Fiorentina,Vincenzo Italiano,2021-07-01,2024-06-04,"1,67"
Fiorentina,Giuseppe Iachini,2021-03-24,2021-06-30,"1,10"
Fiorentina,Cesare Prandelli,2020-11-09,2021-03-23,"1,04"
Fiorentina,Giuseppe Iachini,2019-12-23,2020-11-09,"1,48"
Fiorentina,Vincenzo Montella,2019-04-10,2019-12-21,"0,93"
Fiorentina,Stefano Pioli,2017-07-01,2019-04-09,"1,43"
Fiorentina,Paulo Sousa,2015-06-21,2017-06-30,"1,62"
Fiorentina,Vincenzo Montella,2012-07-01,2015-06-30,"1,80"
Fiorentina,Vincenzo Guerini,2012-05-03,2012-06-11,"2,00"
Fiorentina,Delio Rossi,2011-11-08,2012-05-02,"1,18"
Fiorentina,Sinisa Mihajlovic,2010-06-04,2011-11-07,"1,38"
Fiorentina,Cesare Prandelli,2005-07-01,2010-06-03,"1,70"
Fiorentina,Dino Zoff,2005-01-25,2005-06-30,"1,00"
Fiorentina,Sergio Buso,2004-10-25,2005-01-25,"1,47"
Fiorentina,Emiliano Mondonico,2004-02-10,2004-10-25,"1,76"
Fiorentina,Alberto Cavasin,2002-10-29,2004-02-10,"1,76"
Fiorentina,Pietro Vierchowod,2002-08-11,2002-10-29,"1,44"
Fiorentina,Luciano Chiarugi,2002-04-01,2002-06-30,"0,00"
Fiorentina,Ottavio Bianchi,2002-01-14,2002-03-31,"0,64"
Fiorentina,Roberto Mancini,2001-02-26,2002-01-14,"1,02"
Fiorentina,Luciano Chiarugi,2001-02-25,2001-03-06,"0,00"
Fiorentina,Fatih Terim,2000-07-01,2001-02-25,"1,46"
Fiorentina,Giovanni Trapattoni,1998-07-01,2000-06-30,"1,63"
Fiorentina,Alberto Malesani,1997-07-01,1998-06-30,"1,73"
Fiorentina,Claudio Ranieri,1993-07-01,1997-06-30,"1,62"
Fiorentina,Luciano Chiarugi,1993-05-01,1993-06-30,"1,20"
Fiorentina,Aldo Agroppi,1993-01-06,1993-04-30,"0,80"
Fiorentina,Luigi Radice,1991-10-06,1993-01-06,"1,37"
Fiorentina,Sebastião Lazaroni,1990-07-01,1991-10-06,"1,28"
Fiorentina,Francesco Graziani,1990-04-26,1990-06-30,"1,33"
Fiorentina,Bruno Giorgi,1989-07-01,1990-04-25,"1,18"
Fiorentina,Sergio Santarini,1987-07-01,1989-06-30,"3,00"
Fiorentina,Sven-Göran Eriksson,1987-07-01,1989-06-30,"1,42"
Fiorentina,Eugenio Bersellini,1986-07-01,1987-06-30,"1,16"
Fiorentina,Aldo Agroppi,1985-07-01,1986-06-30,"1,54"
Fiorentina,Ferruccio Valcareggi,1984-12-03,1985-06-30,"1,32"
Fiorentina,Giancarlo De Sisti,1981-01-26,1984-12-03,"1,69"
Fiorentina,Paolo Carosi,1978-07-01,1981-01-26,"1,40"
Fiorentina,Giuseppe Chiappella,1978-01-30,1978-06-30,"1,40"
Fiorentina,Mario Mazzoni,1977-12-19,1978-01-30,"1,20"
Fiorentina,Carlo Mazzone,1975-07-01,1977-12-19,"1,39"
Fiorentina,Mario Mazzoni,1975-05-19,1976-06-30,"1,86"
Fiorentina,Nereo Rocco,1974-07-01,1975-05-19,"1,42"
Fiorentina,Luigi Radice,1973-07-01,1974-06-30,"1,36"
Fiorentina,Nils Liedholm,1971-07-01,1973-06-30,"1,65"
Fiorentina,Bruno Pesaola,1968-07-01,1971-01-25,"1,74"
Fiorentina,Luigi Ferrero,1967-12-17,1968-06-30,-
Fiorentina,Giuseppe Chiappella,1963-10-24,1967-12-10,"1,71"
Fiorentina,Ferruccio Valcareggi,1962-07-01,1963-10-24,"1,53"
Fiorentina,Giuseppe Chiappella,1961-01-23,1961-06-30,"1,82"
Fiorentina,Nándor Hidegkuti,1960-10-24,1962-06-30,"1,87"
Fiorentina,Lajos Czeizler,1960-07-01,1960-10-24,"1,43"
Fiorentina,Luis Carniglia,1959-07-01,1960-06-30,"2,05"
Fiorentina,Lajos Czeizler,1958-07-01,1959-05-09,"2,10"
Fiorentina,Luigi Ferrero,1958-07-01,1959-06-30,"1,82"
Fiorentina,Fulvio Bernardini,1953-01-19,1958-06-07,"1,77"
Fiorentina,Renzo Magli,1951-11-17,1952-06-30,"1,72"
Fiorentina,Luigi Ferrero,1947-07-01,1951-11-16,"1,51"
Fiorentina,Imre Senkey,1947-02-02,1947-06-30,"1,11"
Fiorentina,Renzo Magli,1947-01-19,1947-01-26,"0,00"
Fiorentina,Guido Ara,1946-07-01,1947-01-13,"1,25"
Fiorentina,Giuseppe Bigogno,1945-07-01,1946-06-30,"1,65"
Fiorentina,Giuseppe Galluzzi,1940-01-22,1945-06-30,"1,42"
Fiorentina,Rudolf Soutschek,1938-07-01,1940-01-22,"1,29"
Fiorentina,Ferenc Molnár,1938-02-13,1938-06-30,"0,55"
Fiorentina,Ottavio Baccani,1937-07-01,1938-02-06,"0,62"
Fiorentina,Guido Ara,1934-07-01,1937-06-30,"1,49"
Fiorentina,József Ging,1933-11-19,1934-06-30,"1,38"
Fiorentina,William Rady,1933-07-01,1933-11-12,"1,33"
Fiorentina,Hermann Felsner,1931-07-01,1933-06-30,"1,62"
Fiorentina,Gyula Feldmann,1930-07-01,1931-06-30,-
Fiorentina,Károly Csapkay,1926-07-01,1930-06-30,"0,57"
Frosinone,Massimiliano Alvini,2025-07-02,2026-05-03,"2,08"
Frosinone,Paolo Bianco,2025-02-18,2025-06-30,"1,67"
Frosinone,Leandro Greco,2024-10-22,2025-02-17,"1,00"
Frosinone,Vincenzo Vivarini,2024-07-01,2024-10-22,"0,60"
Frosinone,Eusebio Di Francesco,2023-07-01,2024-06-25,"1,05"
Frosinone,Fabio Grosso,2021-03-23,2023-06-30,"1,74"
Frosinone,Alessandro Nesta,2019-07-01,2021-03-22,"1,39"
Frosinone,Marco Baroni,2018-12-19,2019-06-02,"0,77"
Frosinone,Moreno Longo,2017-06-14,2018-12-19,"1,35"
Frosinone,Pasquale Marino,2016-07-01,2017-05-29,"1,70"
Frosinone,Roberto Stellone,2012-06-14,2016-06-30,"1,47"
Frosinone,Eugenio Corini,2011-11-30,2012-06-07,"1,30"
Frosinone,Carlo Sabatini,2011-07-01,2011-11-28,"1,29"
Frosinone,Salvatore Campilongo,2011-01-08,2011-06-30,"0,90"
Frosinone,Guido Carboni,2010-04-25,2011-01-08,"1,14"
Frosinone,Francesco Moriero,2009-07-01,2010-04-25,"1,29"
Frosinone,Piero Braglia,2008-07-05,2009-06-30,"1,23"
Frosinone,Alberto Cavasin,2007-07-01,2008-06-05,"1,30"
Frosinone,Ivo Iaconi,2005-07-01,2007-06-30,"1,35"
Frosinone,Dino Pagliari,2004-07-01,2005-06-30,"1,55"
Frosinone,Daniele Arrigoni,2003-10-29,2004-06-30,"2,12"
Frosinone,Francesco Giorgini,2003-07-01,2003-10-28,"1,22"
Frosinone,Giovanni Pagliari,2002-07-01,2003-06-30,"1,35"
Frosinone,Leonardo Bitetto,2002-07-01,2002-10-09,-
Frosinone,Massimo Silva,2002-07-01,2003-06-30,-
Frosinone,Ignazio Arcoleo,2002-02-26,2002-06-30,-
Frosinone,Stefano Sanderra,2000-07-01,2002-02-26,"1,48"
Frosinone,Claudio Di Pucchio,1998-07-01,1999-06-30,"0,97"
Frosinone,Carlo Ripari,1997-07-01,1998-06-30,"0,96"
Frosinone,Bruno Giordano,1997-07-01,1997-11-01,"1,13"
Frosinone,Roberto Sorrentino,1996-07-01,1997-06-30,"1,22"
Frosinone,Alberto Mari,1995-07-01,1996-06-30,"1,64"
Frosinone,Luciano Vescovi,1994-07-01,1995-06-30,"1,24"
Frosinone,Antonio Antonucci,1991-07-01,1992-06-30,-
Frosinone,Rosario Rivellino,1989-07-01,1990-06-30,"1,56"
Frosinone,Enzo Robotti,1987-07-01,1989-06-30,"1,38"
Frosinone,Alberto Mari,1986-07-01,1989-06-30,"1,09"
Frosinone,Umberto Mannocci,1984-07-01,1985-06-30,-
Frosinone,Mario Santececca,1983-07-01,1986-06-30,"1,50"
Frosinone,Mario Facco,1982-07-01,1983-06-30,"1,18"
Frosinone,Alberto Mari,1981-07-01,1982-06-30,"1,10"
Frosinone,Umberto Mannocci,1978-07-01,1979-06-30,-
Frosinone,Umberto Mannocci,1977-07-01,1978-06-30,-
Frosinone,Enzo Benedetti,1974-07-01,1975-06-30,"1,13"
Frosinone,Feliciano Orazi,1972-07-01,1973-06-30,"1,29"
Frosinone,Umberto Mannocci,1972-07-01,1974-06-30,-
Frosinone,Luciano Lupi,1971-07-01,1972-06-30,-
Frosinone,Umberto De Angelis,1966-07-01,1967-06-30,-
Frosinone,Mario Genta,1956-07-01,1958-06-30,-
Fulham,Marco Silva,2021-07-01,2026-05-03,"1,55"
Fulham,Scott Parker,2019-02-28,2021-06-30,"1,30"
Fulham,Claudio Ranieri,2018-11-14,2019-02-28,"0,71"
Fulham,Slavisa Jokanovic,2015-12-27,2018-11-14,"1,57"
Fulham,Stuart Gray,2015-12-08,2015-12-27,"0,50"
Fulham,Peter Grant,2015-11-08,2015-12-08,"0,67"
Fulham,Kit Symons,2014-09-18,2015-11-08,"1,33"
Fulham,Felix Magath,2014-02-14,2014-09-18,"0,80"
Fulham,René Meulensteen,2013-12-01,2014-02-14,"0,88"
Fulham,Martin Jol,2011-06-07,2013-12-01,"1,27"
Fulham,Mark Hughes,2010-07-29,2011-06-02,"1,35"
Fulham,Ray Lewington,2010-07-01,2010-07-29,-
Fulham,Roy Hodgson,2007-12-28,2010-06-30,"1,41"
Fulham,Billy McKinlay,2007-12-21,2007-12-28,"0,50"
Fulham,Lawrie Sanchez,2007-04-11,2007-12-21,"0,83"
Fulham,Chris Coleman,2003-04-18,2007-04-10,"1,29"
Fulham,Jean Tigana,2000-07-01,2003-04-17,"1,64"
Fulham,Karl-Heinz Riedle,2000-04-01,2000-06-30,"1,57"
Fulham,Paul Bracewell,1999-07-01,2000-03-29,"1,62"
Fulham,Kevin Keegan,1998-05-07,1999-06-30,"2,12"
Fulham,Ray Wilkins,1997-09-25,1998-05-07,"1,61"
Fulham,Micky Adams,1996-03-01,1997-09-25,"1,06"
Fulham,Ian Branfoot,1994-07-01,1996-02-19,"1,43"
Fulham,Ray Lewington,1994-03-28,1994-06-30,"1,00"
Fulham,Don Mackay,1991-12-27,1994-03-28,"1,37"
Fulham,Ray Lewington,1991-11-30,1991-12-27,"1,50"
Fulham,Alan Dicks,1990-07-09,1991-11-30,"1,08"
Fulham,Ray Lewington,1986-07-01,1990-06-30,"1,27"
Fulham,Ray Harford,1984-04-22,1986-06-30,"1,30"
Fulham,Malcolm Macdonald,1980-11-06,1984-04-22,"1,52"
Fulham,Ted Drake,1980-10-22,1980-11-06,"1,33"
Fulham,Bobby Campbell,1976-12-15,1980-10-22,"1,10"
Fulham,Alec Stock,1972-07-01,1976-12-15,"1,35"
Fulham,Bill Dodgin Jr.,1968-12-08,1972-06-30,"1,44"
Fulham,Johnny Haynes,1968-11-18,1968-12-08,"1,00"
Fulham,Sir Bobby Robson,1968-01-27,1968-11-18,"0,80"
Fulham,Vic Buckingham,1965-01-21,1968-01-01,"1,17"
Fulham,Bedford Jezzard,1958-07-01,1965-01-20,"1,34"
Fulham,Dug Livingstone,1956-02-15,1958-06-30,"1,63"
Fulham,Frank Osborne,1953-10-18,1956-02-15,"1,44"
Fulham,Bill Dodgin Sr.,1949-07-01,1953-10-18,"1,13"
Fulham,Frank Osborne,1948-09-06,1949-06-30,"1,92"
Fulham,Jack Peart,1935-07-01,1948-09-03,"1,40"
Fulham,Joe Edelston,1934-12-20,1935-06-30,"1,42"
Fulham,Jimmy Hogan,1934-07-01,1934-12-20,"1,53"
Fulham,Joe Edelston,1934-02-04,1934-06-30,"0,79"
Fulham,James McIntyre,1931-04-20,1934-02-04,"1,52"
Fulham,Ned Liddell,1929-07-01,1931-04-20,"1,75"
Fulham,Joe Bradshaw,1926-04-15,1929-06-30,"1,15"
Fulham,Andy Ducat,1924-07-01,1926-04-15,"1,21"
Fulham,Phil Kelso,1909-07-01,1924-06-30,"1,41"
Fulham,Harry Bradshaw,1904-04-01,1909-06-30,"1,61"
Genoa,Daniele De Rossi,2025-11-06,2026-05-03,"1,31"
Genoa,Domenico Criscito,2025-11-01,2025-11-05,-
Genoa,Roberto Murgita,2025-11-01,2025-11-05,"3,00"
Genoa,Patrick Vieira,2024-11-20,2025-11-01,"1,14"
Genoa,Alberto Gilardino,2022-12-06,2024-11-19,"1,51"
Genoa,Alexander Blessin,2022-01-19,2022-12-06,"1,36"
Genoa,Abdoulay Konko,2022-01-16,2022-01-19,"0,00"
Genoa,Andriy Shevchenko,2021-11-07,2022-01-15,"0,55"
Genoa,Davide Ballardini,2020-12-21,2021-11-06,"1,21"
Genoa,Rolando Maran,2020-08-26,2020-12-21,"0,87"
Genoa,Davide Nicola,2019-12-28,2020-08-26,"1,27"
Genoa,Thiago Motta,2019-10-22,2019-12-28,"0,90"
Genoa,Aurelio Andreazzoli,2019-07-01,2019-10-22,"0,89"
Genoa,Cesare Prandelli,2018-12-07,2019-06-30,"0,96"
Genoa,Ivan Juric,2018-10-09,2018-12-06,"0,38"
Genoa,Davide Ballardini,2017-11-06,2018-10-09,"1,47"
Genoa,Ivan Juric,2017-04-10,2017-11-05,"0,80"
Genoa,Andrea Mandorlini,2017-02-20,2017-04-10,"0,67"
Genoa,Ivan Juric,2016-07-01,2017-02-19,"1,11"
Genoa,Gian Piero Gasperini,2013-09-29,2016-06-30,"1,33"
Genoa,Fabio Liverani,2013-07-01,2013-09-29,"0,57"
Genoa,Davide Ballardini,2013-01-21,2013-06-30,"1,24"
Genoa,Luigi Delneri,2012-10-22,2013-01-21,"0,62"
Genoa,Luigi De Canio,2012-04-23,2012-10-22,"1,07"
Genoa,Alberto Malesani,2012-04-02,2012-04-23,"0,67"
Genoa,Pasquale Marino,2011-12-22,2012-04-02,"0,87"
Genoa,Alberto Malesani,2011-06-19,2011-12-22,"1,50"
Genoa,Davide Ballardini,2010-11-08,2011-06-04,"1,43"
Genoa,Gian Piero Gasperini,2006-07-10,2010-11-08,"1,55"
Genoa,Giovanni Vavassori,2006-05-02,2006-06-30,"1,40"
Genoa,Attilio Perotti,2006-03-07,2006-04-28,"1,75"
Genoa,Giovanni Vavassori,2005-07-31,2006-03-04,"1,83"
Genoa,Francesco Guidolin,2005-07-01,2005-07-31,-
Genoa,Serse Cosmi,2004-08-26,2005-06-30,"1,79"
Genoa,Luigi De Canio,2003-09-21,2004-06-30,"1,28"
Genoa,Roberto Donadoni,2003-07-01,2003-09-21,"0,60"
Genoa,Vincenzo Torrente,2002-09-22,2003-06-30,"1,60"
Genoa,Rino Lavezzini,2002-09-22,2003-06-30,"0,97"
Genoa,Claudio Onofri,2002-03-04,2002-09-23,"1,18"
Genoa,Edoardo Reja,2001-12-29,2002-03-04,"0,50"
Genoa,Francesco Scoglio,2001-02-27,2001-12-29,"1,54"
Genoa,Claudio Onofri,2001-02-14,2001-02-27,"3,00"
Genoa,Bruno Bolchi,2001-02-01,2001-02-14,"0,00"
Genoa,Guido Carboni,2000-10-04,2000-11-05,"1,25"
Genoa,Alfredo Magni,2000-10-04,2000-11-05,-
Genoa,Bruno Bolchi,2000-02-20,2000-10-04,"1,54"
Genoa,Delio Rossi,1999-07-01,2000-02-14,"1,23"
Genoa,Luigi Cagni,1998-10-04,1999-06-30,"1,27"
Genoa,Giuseppe Pillon,1998-07-01,1998-09-28,"0,88"
Genoa,Tarcisio Burgnich,1998-01-01,1998-06-30,"1,61"
Genoa,Claudio Maselli,1997-09-29,1997-12-31,"1,30"
Genoa,Gaetano Salvemini,1997-07-01,1997-09-29,"0,89"
Genoa,Attilio Perotti,1996-07-01,1997-06-30,"1,60"
Genoa,Gaetano Salvemini,1996-04-01,1996-06-30,"1,50"
Genoa,Luigi Radice,1995-07-01,1996-02-25,"1,32"
Genoa,Claudio Maselli,1995-03-20,1995-06-30,"1,18"
Genoa,Giuseppe Marchioro,1994-11-21,1995-03-19,"1,14"
Genoa,Francesco Scoglio,1993-12-22,1994-11-20,"1,48"
Genoa,Claudio Maselli,1993-03-01,1993-12-20,"1,07"
Genoa,Luigi Maifredi,1992-11-09,1993-03-01,"0,92"
Genoa,Bruno Giorgi,1992-07-01,1992-11-09,"1,07"
Genoa,Osvaldo Bagnoli,1990-07-01,1992-06-30,"1,43"
Genoa,Francesco Scoglio,1988-07-01,1990-06-30,"1,41"
Genoa,Attilio Perotti,1988-01-25,1989-06-30,"1,11"
Genoa,Luigi Simoni,1987-07-01,1988-01-25,"1,08"
Genoa,Attilio Perotti,1986-05-12,1987-06-30,"1,40"
Genoa,Tarcisio Burgnich,1984-07-01,1986-05-12,"1,35"
Genoa,Luigi Simoni,1980-07-01,1984-06-30,"1,24"
Genoa,Gianni Di Marzio,1979-07-01,1980-06-30,"1,33"
Genoa,Gianni Bui,1979-04-22,1979-06-30,"1,50"
Genoa,Ettore Puricelli,1978-11-27,1979-04-15,"1,17"
Genoa,Pietro Maroso,1978-07-01,1978-11-27,"1,00"
Genoa,Luigi Simoni,1975-02-03,1978-06-30,"1,26"
Genoa,Guido Vincenzi,1974-07-01,1975-02-02,"1,18"
Genoa,Arturo Silvestri,1970-07-01,1974-06-30,"1,53"
Genoa,Ermelindo Bonilauri,1970-03-22,1970-06-30,"0,92"
Genoa,Maurizio Bruno,1969-12-14,1970-03-15,"1,00"
Genoa,Franco Viviani,1969-07-01,1969-12-07,"0,79"
Genoa,Aldo Campatelli,1968-12-23,1969-01-20,"1,25"
Genoa,Maurizio Bruno,1968-11-10,1969-06-30,"1,31"
Genoa,Aldo Campatelli,1967-12-11,1968-11-04,"1,33"
Genoa,Livio Fongaro,1967-07-01,1967-12-10,"0,79"
Genoa,Paolo Tabanelli,1967-02-05,1967-06-30,"1,47"
Genoa,Giorgio Ghezzi,1966-04-10,1967-01-22,"1,26"
Genoa,Giuseppe Viani,1965-07-01,1966-04-04,"1,43"
Genoa,Luigi Bonizzoni,1965-07-01,1966-04-04,-
Genoa,Paulo Amaral,1964-08-02,1964-11-09,"0,89"
Genoa,Renato Gei,1961-07-01,1963-03-18,"1,63"
Genoa,Angelo Rosso,1961-03-12,1961-06-30,"1,29"
Genoa,Annibale Frossi,1960-04-18,1961-03-13,"1,28"
Genoa,Jesse Carver,1959-10-26,1960-04-18,"0,73"
Genoa,Gipo Poggi,1959-07-01,1959-10-12,"1,20"
Genoa,Annibale Frossi,1958-02-17,1959-06-30,"1,53"
Genoa,Renzo Magli,1957-07-01,1958-02-17,"0,81"
Genoa,Renzo Magli,1955-07-01,1956-06-30,"1,32"
Genoa,Ermelindo Bonilauri,1955-05-25,1955-06-30,"1,00"
Genoa,Dr. György Sárosi,1953-07-01,1955-05-25,"1,15"
Genoa,Giacinto Ellena,1952-02-18,1953-06-30,"1,62"
Genoa,Imre Senkey,1951-07-01,1952-02-17,"1,73"
Genoa,Manlio Bacigalupo,1949-12-11,1951-06-30,"1,13"
Genoa,Federico Allasio,1948-02-15,1949-06-30,"1,43"
Genoa,William Garbutt,1946-07-01,1948-02-09,"1,24"
Genoa,Ottavio Barbieri,1946-03-17,1946-06-30,"1,50"
Genoa,Giuseppe Viola,1945-12-03,1946-03-11,"0,71"
Genoa,Guido Ara,1941-07-01,1945-12-03,"1,60"
Genoa,Ottavio Barbieri,1940-07-01,1941-06-30,"1,26"
Genoa,William Garbutt,1937-07-01,1940-06-30,"1,71"
Genoa,Hermann Felsner,1936-07-01,1937-06-30,"1,74"
Genoa,György Orth,1935-07-01,1936-06-30,"1,19"
Genoa,Vittorio Faroppa,1934-07-01,1935-06-30,-
Genoa,Renzo De Vecchi,1934-07-01,1935-06-30,-
Genoa,József Nagy,1933-07-01,1934-06-30,"0,94"
Genoa,Karl Rumbold,1932-07-01,1933-06-30,"1,38"
Genoa,Guillermo Stábile,1931-07-01,1932-06-30,-
Genoa,Luigi Burlando,1931-07-01,1932-01-03,"1,21"
Genoa,Geza Szekany,1930-07-01,1931-06-30,"1,94"
Genoa,Renzo De Vecchi,1927-07-01,1930-06-30,"1,92"
Genoa,William Garbutt,1919-07-01,1927-06-30,"2,08"
Genoa,William Garbutt,1912-07-01,1915-06-30,-
Genoa,James Spensley,1906-07-01,1907-06-30,-
Genoa,Karl Senft,1903-07-01,1905-06-30,-
Genoa,James Spensley,1897-04-10,1903-06-30,-
Getafe,José Bordalás,2023-04-29,2026-05-03,"1,29"
Getafe,Quique Sánchez Flores,2021-10-06,2023-04-27,"1,18"
Getafe,Míchel,2021-07-01,2021-10-04,"0,13"
Getafe,José Bordalás,2016-09-27,2021-06-30,"1,46"
Getafe,Juan Esnáider,2016-04-12,2016-09-26,"1,00"
Getafe,Fran Escribá,2015-07-01,2016-04-11,"0,91"
Getafe,Pablo Franco,2015-02-27,2015-06-30,"0,79"
Getafe,Quique Sánchez Flores,2015-01-05,2015-02-26,"1,18"
Getafe,Cosmin Contra,2014-03-11,2015-01-05,"1,28"
Getafe,Luis García,2011-06-08,2014-03-10,"1,16"
Getafe,Míchel,2009-04-27,2011-06-08,"1,38"
Getafe,Víctor Muñoz,2008-07-01,2009-04-27,"1,00"
Getafe,Michael Laudrup,2007-07-02,2008-06-30,"1,53"
Getafe,Bernd Schuster,2005-07-01,2007-07-08,"1,40"
Getafe,Quique Sánchez Flores,2004-07-01,2005-05-30,"1,25"
Getafe,Josu Uribe,2003-07-01,2004-06-30,"1,64"
Getafe,Pepe Mel,2003-01-21,2003-06-30,"1,11"
Getafe,Felines,2001-07-01,2003-01-19,"0,70"
Getafe,Gonzalo Hurtado,2000-12-21,2001-06-30,"0,80"
Getafe,Manolo Cano,2000-12-11,2000-12-21,"0,33"
Getafe,Juanjo Enríquez,2000-07-01,2000-12-10,"0,93"
Getafe,Santiago Prado,1998-07-01,2000-06-30,"1,12"
Getafe,Luis Ángel Duque,1995-12-22,1997-04-27,"0,90"
Getafe,Chato González,1995-09-22,1995-12-21,"1,00"
Getafe,Emilio Cruz,1995-07-01,1995-09-18,"0,00"
Getafe,Joaquín Salmerón,1995-05-16,1995-06-30,"1,50"
Getafe,Luis Sánchez Duque,1993-07-01,1995-05-08,"0,77"
Getafe,Fernando Sierra,1989-07-01,1993-06-30,"0,50"
Getafe,Eduardo Caturla,1987-07-01,1989-03-20,"2,50"
Getafe,Felines,1981-07-01,1982-06-30,-
Girona,Míchel,2021-07-09,2026-05-03,"1,46"
Girona,Francisco Rodríguez,2020-07-01,2021-06-30,"1,75"
Girona,Josep Lluís Martí,2019-10-28,2020-06-30,"1,58"
Girona,Juan Carlos Moreno,2019-10-21,2019-10-28,"1,00"
Girona,Juan Carlos Unzué,2019-07-01,2019-10-21,"1,33"
Girona,Eusebio,2018-07-01,2019-06-30,"0,98"
Girona,Pablo Machín,2014-03-10,2018-06-30,"1,59"
Girona,Javi López,2013-12-19,2014-03-09,"0,82"
Girona,Ricardo Rodríguez,2013-07-05,2013-12-18,"1,29"
Girona,Rubi,2012-06-08,2013-06-30,"1,60"
Girona,Javi Salamero,2012-03-25,2012-06-06,"2,08"
Girona,Josu Uribe,2012-01-16,2012-03-25,"0,80"
Girona,Raúl Agné,2010-07-21,2012-01-15,"1,14"
Girona,Narcís Julià,2009-10-27,2010-06-30,"1,36"
Girona,Cristóbal Parralo,2009-07-01,2009-10-26,"0,91"
Girona,Miquel Olmo,2009-06-02,2009-06-30,"0,33"
Girona,Javi Salamero,2009-05-17,2009-06-01,"3,00"
Girona,Raúl Agné,2007-07-01,2009-05-18,"1,43"
Girona,Ricardo Rodríguez,2007-02-06,2007-04-26,-
Girona,Joan Carrillo,2006-07-03,2007-02-05,-
Girona,Domènec Torrent,2005-03-29,2006-06-30,-
Girona,Josep María Nogués,2004-10-11,2005-03-27,"3,00"
Girona,Tato Abadía,2003-07-01,2004-10-11,"3,00"
Girona,Narcís Julià,2003-06-06,2003-06-30,-
Girona,Josep Moratalla,2002-07-01,2003-06-06,-
Girona,Peio Bengoetxea,1999-11-16,1999-12-31,-
Girona,Pere Gratacós,1997-07-01,1999-11-15,-
Girona,Alfonso Muñoz,1993-07-01,1995-06-30,-
Girona,Paco Martínez,1993-01-23,1993-06-30,-
Girona,Pep Mercader,1992-07-01,1993-01-10,"0,50"
Girona,Xavi Agustí,1988-07-01,1992-06-30,"0,00"
Girona,Manel Casanova,1988-03-12,1988-04-22,-
Girona,Alfonso Muñoz,1987-07-01,1988-03-07,-
Girona,Waldo Ramos,1985-07-01,1986-06-30,-
Girona,Alfonso Muñoz,1982-07-01,1985-06-30,-
Girona,Emilio Aldecoa,1982-01-01,1982-06-30,-
Girona,Pepe Pinto,1980-04-11,1980-06-30,"3,00"
Girona,Vicenç Sasot,1979-01-20,1980-04-07,"1,20"
Girona,Gerard Gatell,1977-07-01,1978-12-18,"1,00"
Girona,Emilio Aldecoa,1974-07-01,1976-06-30,-
Girona,Vicenç Sasot,1972-07-01,1974-06-30,-
Girona,Manuel Martín,1969-07-01,1972-06-30,-
Girona,Emilio Aldecoa,1967-07-01,1968-06-30,-
Girona,Dagoberto Moll,1965-07-01,1966-06-30,-
Girona,Emilio Aldecoa,1959-07-01,1960-06-30,-
Girona,Ricardo Gallart,1958-11-08,1959-06-30,"0,00"
Girona,Burset,1958-07-01,1958-11-03,"0,00"
Girona,Pedro Medina,1957-11-30,1958-06-30,"1,50"
Girona,Patricio Caicedo,1957-07-01,1957-11-17,-
Girona,Emilio Aldecoa,1955-07-01,1957-06-30,"0,50"
Girona,Enrique Bescós,1954-07-01,1955-06-30,-
Girona,Pedro Medina,1953-03-14,1953-06-30,-
Girona,José Espada,1952-11-15,1953-03-09,-
Girona,Domingo Balmanya,1952-01-01,1952-11-10,-
Girona,Enrique Bescós,1951-07-01,1952-06-30,-
Girona,José Sastre,1950-07-01,1951-06-30,-
Girona,Hilario Marrero,1949-07-01,1950-06-30,"0,00"
Girona,Károly Plattkó,1948-07-01,1949-06-30,"1,20"
Girona,Cristóbal Martí,1942-07-01,1943-01-11,"0,00"
Girona,José Luis Zabala,1941-04-12,1942-06-30,-
Girona,Pere Solé,1940-04-01,1940-06-30,-
Girona,Paco Bru,1937-07-01,1939-06-30,-
Girona,Emilio Sampere,1936-07-01,1937-06-30,-
Girona,José Luis Zabala,1934-07-01,1936-06-30,"1,50"
Granada,Pacheta,2025-05-14,2026-05-03,"1,36"
Granada,Fran Escribá,2024-09-23,2025-05-14,"1,64"
Granada,Guillermo Abascal,2024-07-01,2024-09-21,"1,00"
Granada,José Ramón Sandoval,2024-03-19,2024-06-30,"0,70"
Granada,Alexander Medina,2023-11-27,2024-03-19,"0,50"
Granada,Paco López,2022-11-09,2023-11-26,"1,43"
Granada,Aitor Karanka,2022-04-18,2022-11-08,"1,48"
Granada,Rubén Torrecilla,2022-03-07,2022-04-17,"0,80"
Granada,Robert Moreno,2021-07-01,2022-03-06,"0,97"
Granada,Diego Martínez,2018-07-01,2021-06-30,"1,62"
Granada,Miguel Ángel Portugal,2018-05-01,2018-06-30,"1,20"
Granada,Pedro Morilla,2018-03-19,2018-04-30,"1,00"
Granada,José Luis Oltra,2017-07-01,2018-03-19,"1,53"
Granada,Tony Adams,2017-04-10,2017-06-30,"0,00"
Granada,Lucas Alcaraz,2016-10-19,2017-04-10,"0,84"
Granada,Lluís Planagumà,2016-09-28,2016-10-03,"0,00"
Granada,Paco Jémez,2016-07-01,2016-09-28,"0,33"
Granada,José González,2016-02-22,2016-06-30,"1,46"
Granada,José Ramón Sandoval,2015-05-01,2016-02-21,"1,00"
Granada,Abel Resino,2015-01-19,2015-05-01,"0,73"
Granada,Joseba Aguado,2015-01-16,2015-01-19,"0,00"
Granada,Joaquín Caparrós,2014-07-01,2015-01-16,"0,82"
Granada,Lucas Alcaraz,2013-01-30,2014-06-30,"1,16"
Granada,Juan Anquela,2012-06-18,2013-01-30,"1,00"
Granada,Abel Resino,2012-01-25,2012-06-30,"1,21"
Granada,Fabri González,2010-03-23,2012-01-22,"1,54"
Granada,Miguel Ángel Álvarez Tomé,2009-07-01,2010-01-01,"1,94"
Granada,Pedro Braojos,2008-10-27,2009-06-30,"1,50"
Granada,Óscar Cano,2007-07-01,2008-10-01,"1,14"
Granada,José Víctor Rodríguez,2007-01-30,2007-06-30,"3,00"
Granada,Josip Visnjic,2006-07-01,2007-06-30,-
Granada,José Víctor Rodríguez,2006-02-28,2006-06-30,-
Granada,Ramón Blanco,2001-12-09,2002-06-30,-
Granada,Antonio López,2001-07-01,2001-09-01,-
Granada,José Moreno,2001-02-16,2001-06-30,-
Granada,Lalo,2000-12-19,2001-02-12,"0,00"
Granada,Ismael Díaz,2000-07-01,2000-11-27,-
Granada,Felipe Mesones,1999-12-28,2000-06-30,-
Granada,Francisco Chaparro,1998-07-01,1999-12-28,"3,00"
Granada,Juanjo Enríquez,1998-03-20,1998-06-30,"1,50"
Granada,Lucas Alcaraz,1995-10-20,1998-02-22,"3,00"
Granada,Crispi,1995-07-01,1995-10-16,-
Granada,José Víctor Rodríguez,1994-12-20,1995-07-01,-
Granada,José Antonio Barrios,1994-07-01,1994-12-12,-
Granada,Nando Yosu,1992-07-01,1994-06-30,-
Granada,Juan Corbacho,1991-07-01,1992-02-17,-
Granada,José Enrique Díaz,1989-07-01,1990-05-05,-
Granada,Crispi,1989-04-01,1989-04-17,-
Granada,Lalo,1989-03-28,1989-06-30,-
Granada,Pachín,1988-11-24,1988-03-27,-
Granada,Lalo,1988-07-01,1988-10-31,-
Granada,Manuel Ruiz Sosa,1988-02-16,1988-06-30,"1,33"
Granada,Joaquín Peiró,1985-07-01,1988-02-16,"1,40"
Granada,José Antonio Naya,1984-12-04,1985-03-04,"0,00"
Granada,Nando Yosu,1984-07-01,1984-11-27,-
Granada,Felipe Mesones,1983-07-01,1984-06-30,"1,17"
Granada,Manuel Ruiz Sosa,1982-07-01,1983-06-30,-
Granada,Lalo,1981-07-01,1981-11-05,-
Granada,Antonio Ruiz,1981-07-01,1982-06-30,-
Granada,Paco Gento,1981-07-01,1981-01-05,-
Granada,Joseíto,1981-01-07,1981-06-30,"2,00"
Granada,Abdallah Ben Barek,1978-07-01,1980-06-30,"0,75"
Granada,Vavá,1977-01-04,1978-03-06,"1,25"
Granada,Héctor Núñez,1976-07-01,1976-12-10,"2,00"
Granada,Miguel Muñoz,1975-07-01,1976-06-30,"1,03"
Granada,Joseíto,1973-07-01,1975-06-30,"1,31"
Granada,Pasieguito,1972-07-01,1973-06-30,"1,12"
Granada,Joseíto,1970-07-01,1972-06-30,"1,38"
Granada,Manolo Ibáñez,1970-05-15,1970-05-24,-
Granada,Néstor Rossi,1969-07-01,1970-06-30,"1,13"
Granada,Marcel Domingo,1968-07-01,1969-06-30,"1,33"
Granada,Joseíto,1967-07-01,1968-06-30,-
Granada,Manolo Ibáñez,1967-06-24,1967-06-26,-
Granada,Ignacio Eizaguirre,1966-07-01,1967-06-30,"0,97"
Granada,Jenő Kalmár,1965-07-01,1966-06-30,"1,40"
Granada,Ignacio Eizaguirre,1964-01-06,1964-04-26,-
Granada,Álvaro Pérez,1962-07-01,1963-06-30,"0,00"
Granada,Heriberto Herrera,1961-07-01,1962-06-30,-
Granada,Francisco Trinchant,1961-01-07,1961-06-30,"0,67"
Granada,Fernando Argila,1960-07-01,1961-01-02,"0,80"
Granada,Jenő Kalmár,1959-02-22,1960-06-30,"1,33"
Granada,José Manuel González,1959-02-08,1959-02-15,"1,50"
Granada,Alejandro Scopelli,1957-07-01,1959-02-01,"1,14"
Granada,Luis Pasarín,1957-03-17,1957-06-30,-
Granada,Antonio Carmona Ros,1957-03-01,1957-03-03,-
Granada,Álvaro Pérez,1956-01-22,1957-02-24,"1,00"
Granada,Manolo Ibáñez,1955-07-01,1956-01-16,"0,00"
Granada,Lelé,1954-07-01,1955-06-30,"0,70"
Granada,Adolfo Bracero,1953-12-22,1954-06-30,-
Granada,Manolo Ibáñez,1952-07-01,1953-12-21,"0,50"
Granada,José Espada,1951-10-14,1952-06-30,-
Granada,Gaspar Rubio,1950-07-01,1950-12-04,-
Granada,Antonio Conde,1946-07-01,1947-04-07,"2,00"
Granada,Emilio Vidal,1945-01-05,1945-06-30,"1,32"
Granada,István Plattkó,1943-07-01,1944-12-31,"1,27"
Granada,Paco Bru,1941-07-01,1943-06-30,"1,31"
Granada,Lippo Hertzka,1935-01-01,1935-12-23,-
Greuther Fürth,Heiko Vogel,2025-12-01,2026-05-03,"1,17"
Greuther Fürth,Thomas Kleine,2025-07-01,2025-11-30,"1,00"
Greuther Fürth,Thomas Kleine,2025-05-06,2025-06-30,"2,00"
Greuther Fürth,Jan Siewert,2024-11-12,2025-05-05,"1,10"
Greuther Fürth,Leonhard Haas,2024-10-22,2024-11-11,"0,75"
Greuther Fürth,Alexander Zorniger,2022-10-24,2024-10-21,"1,45"
Greuther Fürth,Rainer Widmayer,2022-10-16,2022-10-23,"0,00"
Greuther Fürth,Marc Schneider,2022-07-01,2022-10-15,"0,77"
Greuther Fürth,Stefan Leitl,2019-02-05,2022-06-30,"1,24"
Greuther Fürth,Damir Buric,2017-09-10,2019-02-04,"1,24"
Greuther Fürth,Mirko Dickhaut,2017-08-29,2017-09-09,"1,00"
Greuther Fürth,János Radoki,2016-12-22,2017-08-28,"1,17"
Greuther Fürth,János Radoki,2016-11-22,2016-12-21,"1,75"
Greuther Fürth,Stefan Ruthenbeck,2015-07-01,2016-11-21,"1,32"
Greuther Fürth,Michael Büskens,2015-02-23,2015-06-30,"0,83"
Greuther Fürth,Frank Kramer,2013-03-12,2015-02-22,"1,44"
Greuther Fürth,Ludwig Preis,2013-02-21,2013-03-11,"0,67"
Greuther Fürth,Michael Büskens,2009-12-27,2013-02-20,"1,58"
Greuther Fürth,Benno Möhlmann,2008-07-01,2009-12-20,"1,53"
Greuther Fürth,Bruno Labbadia,2007-07-01,2008-06-30,"1,53"
Greuther Fürth,Benno Möhlmann,2004-02-18,2007-06-30,"1,60"
Greuther Fürth,Thomas Kost,2003-12-30,2004-02-17,"0,25"
Greuther Fürth,Werner Dreßel,2003-11-06,2003-12-29,"1,71"
Greuther Fürth,Eugen Hach,2001-10-30,2003-11-05,"1,63"
Greuther Fürth,Werner Dreßel,2001-10-27,2001-10-29,"0,00"
Greuther Fürth,Paul Hesselbach,2001-08-20,2001-10-26,"2,00"
Greuther Fürth,Uwe Erkenbrecher,2000-11-20,2001-08-19,"1,68"
Greuther Fürth,Paul Hesselbach,2000-10-22,2000-11-19,"1,40"
Greuther Fürth,Benno Möhlmann,1997-10-15,2000-10-21,"1,46"
Greuther Fürth,Armin Veh,1996-07-01,1997-10-14,"1,90"
Greuther Fürth,Bertram Beierlorzer,1995-04-10,1996-06-30,"1,72"
Greuther Fürth,Günter Gerling,1989-07-01,1995-04-09,"1,71"
Greuther Fürth,Paul Hesselbach,1987-03-01,1989-06-30,-
Greuther Fürth,Lothar Kleim,1986-07-01,1987-02-28,-
Greuther Fürth,Günter Gerling,1983-07-01,1986-06-30,"2,00"
Greuther Fürth,Franz Brungs,1982-07-01,1983-06-30,"1,05"
Greuther Fürth,Lothar Kleim,1981-11-23,1982-06-30,"1,15"
Greuther Fürth,Hans-Dieter Roos,1981-07-01,1981-11-15,"0,94"
Greuther Fürth,Heinz Lucas,1981-03-01,1981-06-30,"1,43"
Greuther Fürth,Dieter Schulte,1980-07-01,1981-02-28,"1,19"
Greuther Fürth,Hannes Baldauf,1977-07-01,1980-06-30,"1,65"
Greuther Fürth,Hans Cieslarczyk,1975-07-01,1977-06-30,"1,41"
Greuther Fürth,Fred Hoffmann,1974-07-01,1975-06-30,"1,18"
Greuther Fürth,Heinz Elzner,1972-02-29,1974-06-30,"1,33"
Greuther Fürth,Fred Hoffmann,1968-07-01,1971-06-30,"1,45"
Greuther Fürth,Robert Gebhardt,1966-07-01,1968-06-30,"0,00"
Greuther Fürth,Zeljko Cajkovski,1964-07-01,1965-06-30,"1,53"
Greuther Fürth,Jenö Vincze,1961-07-01,1964-06-30,"1,27"
Greuther Fürth,Horst Schade,1959-07-01,1961-06-30,"1,23"
Greuther Fürth,Jenö Csaknády,1957-07-01,1959-06-30,"1,61"
Greuther Fürth,Hans Schmidt,1955-07-01,1957-06-30,"1,30"
Greuther Fürth,Willi Hahnemann,1953-07-01,1955-05-31,"1,25"
Greuther Fürth,Hans Krauß,1952-02-19,1953-06-30,"1,52"
Greuther Fürth,Ferdinand Fabra,1951-06-30,1952-02-18,"1,36"
Greuther Fürth,Helmut Schneider,1948-07-01,1951-06-30,"1,86"
Greuther Fürth,Hans Krauß,1947-12-01,1948-07-31,"1,36"
Greuther Fürth,Erich Koch,1947-05-15,1947-12-02,"1,13"
Greuther Fürth,Heinz Carolin,1947-03-17,1947-05-05,"1,29"
Greuther Fürth,Ludwig Philipp,1947-02-01,1947-03-17,"1,33"
Greuther Fürth,Alwin Riemke,1947-01-01,1947-01-31,"0,33"
Greuther Fürth,Hans Hagen,1946-05-01,1946-12-31,"1,24"
Greuther Fürth,Rudolf Schurmann,1946-02-01,1946-04-30,"0,00"
Greuther Fürth,Hans Hagen,1939-03-01,1946-01-31,"0,70"
Greuther Fürth,Alwin Riemke,1937-07-01,1939-02-28,"1,50"
Greuther Fürth,Lony Seiderer,1934-04-01,1936-03-31,"1,67"
Greuther Fürth,Hans Hagen,1933-07-01,1934-03-31,-
Greuther Fürth,Ludwig Jäckel,1932-03-01,1932-03-31,-
Greuther Fürth,Ernst Reim,1932-04-01,1933-06-30,-
Greuther Fürth,Bill Townley,1930-08-31,1932-03-01,"1,50"
Greuther Fürth,Bill Townley,1926-04-30,1927-08-31,"2,40"
Greuther Fürth,Josef Müller,1925-07-01,1927-06-30,-
Greuther Fürth,Adolf Riebe,1925-01-01,1925-10-31,-
Greuther Fürth,Lajos Bányai,1922-07-01,1924-06-30,"1,50"
Greuther Fürth,Hans Ruff,1917-07-01,1922-05-31,-
Greuther Fürth,Karl Burger,1914-07-01,1917-06-30,-
Greuther Fürth,Bill Townley,1914-03-31,1914-04-30,-
Greuther Fürth,Karl Burger,1913-12-01,1914-03-31,-
Greuther Fürth,Bill Townley,1911-04-08,1913-11-30,-
Greuther Fürth,Karl Burger,1908-03-01,1911-04-30,-
Greuther Fürth,Fritz Servas,1904-07-01,1906-06-30,-
Hamburger SV,Merlin Polzin,2024-12-23,2026-05-03,"1,37"
Hamburger SV,Merlin Polzin,2024-11-25,2024-12-22,"2,00"
Hamburger SV,Steffen Baumgart,2024-02-20,2024-11-24,"1,59"
Hamburger SV,Merlin Polzin,2024-02-12,2024-02-19,"1,00"
Hamburger SV,Tim Walter,2021-07-01,2024-02-12,"1,82"
Hamburger SV,Horst Hrubesch,2021-05-04,2021-06-30,"2,00"
Hamburger SV,Daniel Thioune,2020-07-06,2021-05-03,"1,63"
Hamburger SV,Dieter Hecking,2019-07-01,2020-06-30,"1,58"
Hamburger SV,Hannes Wolf,2018-10-23,2019-06-30,"1,68"
Hamburger SV,Christian Titz,2018-03-13,2018-10-23,"1,79"
Hamburger SV,Bernd Hollerbach,2018-01-22,2018-03-12,"0,43"
Hamburger SV,Markus Gisdol,2016-09-25,2018-01-21,"1,12"
Hamburger SV,Bruno Labbadia,2015-04-15,2016-09-25,"1,20"
Hamburger SV,Peter Knäbel,2015-03-22,2015-04-14,"0,00"
Hamburger SV,Josef Zinnbauer,2014-09-16,2015-03-22,"1,00"
Hamburger SV,Mirko Slomka,2014-02-17,2014-09-15,"0,89"
Hamburger SV,Bert van Marwijk,2013-09-25,2014-02-15,"0,88"
Hamburger SV,Rodolfo Cardoso,2013-09-17,2013-09-24,"1,50"
Hamburger SV,Thorsten Fink,2011-10-17,2013-09-17,"1,28"
Hamburger SV,Frank Arnesen,2011-10-10,2011-10-16,"3,00"
Hamburger SV,Rodolfo Cardoso,2011-10-03,2011-10-09,-
Hamburger SV,Rodolfo Cardoso,2011-09-19,2011-10-02,"1,50"
Hamburger SV,Michael Oenning,2011-03-13,2011-09-19,"0,80"
Hamburger SV,Armin Veh,2010-07-01,2011-03-13,"1,48"
Hamburger SV,Ricardo Moniz,2010-04-26,2010-06-30,"1,33"
Hamburger SV,Bruno Labbadia,2009-07-01,2010-04-26,"1,63"
Hamburger SV,Martin Jol,2008-07-01,2009-06-30,"1,92"
Hamburger SV,Huub Stevens,2007-02-02,2008-06-30,"1,85"
Hamburger SV,Thomas Doll,2004-10-18,2007-02-01,"1,65"
Hamburger SV,Klaus Toppmöller,2003-10-23,2004-10-17,"1,35"
Hamburger SV,Kurt Jara,2001-10-04,2003-10-22,"1,51"
Hamburger SV,Holger Hieronymus,2001-09-18,2001-10-03,"0,50"
Hamburger SV,Frank Pagelsdorf,1997-07-01,2001-09-17,"1,40"
Hamburger SV,Ralf Schehr,1997-05-19,1997-06-30,"2,00"
Hamburger SV,Felix Magath,1995-10-06,1997-05-18,"1,49"
Hamburger SV,Benno Möhlmann,1992-09-23,1995-10-05,"1,28"
Hamburger SV,Egon Coordes,1992-03-12,1992-09-21,"1,05"
Hamburger SV,Gerd-Volker Schock,1990-01-05,1992-03-10,"1,45"
Hamburger SV,Willi Reimann,1987-11-11,1990-01-04,"1,62"
Hamburger SV,Josip Skoblar,1987-07-01,1987-11-09,"1,41"
Hamburger SV,Ernst Happel,1981-07-01,1987-06-30,"1,86"
Hamburger SV,Aleksandar Ristic,1981-01-01,1981-06-30,"1,68"
Hamburger SV,Branko Zebec,1978-07-01,1980-12-18,"2,06"
Hamburger SV,Özcan Arkoç,1977-10-28,1978-06-30,"1,20"
Hamburger SV,Rudi Gutendorf,1977-07-01,1977-10-27,"1,78"
Hamburger SV,Kuno Klötzer,1973-07-01,1977-06-30,"1,74"
Hamburger SV,Klaus-Dieter Ochs,1970-07-01,1973-06-30,"1,41"
Hamburger SV,Georg Knöpfle,1968-07-01,1970-06-30,"1,47"
Hamburger SV,Kurt Koch,1967-07-01,1968-06-30,"1,43"
Hamburger SV,Josef Schneider,1966-04-18,1967-06-30,"1,33"
Hamburger SV,Georg Gawliczek,1964-05-03,1966-04-17,"1,36"
Hamburger SV,Martin Wilke,1962-07-01,1964-05-07,"1,82"
Hamburger SV,Günter Mahlmann,1956-07-01,1962-06-30,"2,13"
Hamburger SV,Martin Wilke,1954-07-01,1956-06-30,"2,12"
Hamburger SV,Georg Knöpfle,1949-07-01,1954-06-30,"1,95"
Hamburger SV,Hans Tauchert,1945-07-01,1949-06-30,"2,25"
Hamburger SV,Karl Höger,1944-07-01,1945-06-30,-
Hamburger SV,Otto Rohwedder,1943-07-01,1944-09-30,-
Hamburger SV,Otto Rohwedder,1942-05-01,1943-04-30,"1,50"
Hamburger SV,Jonny Schulz,1939-07-01,1942-04-30,"1,86"
Hamburger SV,Hans Lang,1935-07-01,1939-06-30,"1,63"
Hamburger SV,Georg Hochgesang,1934-11-01,1934-11-30,-
Hamburger SV,Albert Wilhelm Turner,1932-07-01,1933-04-30,-
Hamburger SV,Gyula Kertész,1931-01-01,1932-06-30,"1,80"
Hamburger SV,Carl Mattheides,1929-07-01,1930-12-31,-
Hamburger SV,Rudi Agte,1927-11-16,1929-01-31,"3,00"
Hamburger SV,Adolf Riebe,1926-07-01,1927-11-15,"1,50"
Hamburger SV,Albert Wilhelm Turner,1925-12-01,1926-06-30,"2,00"
Hamburger SV,Jack Burton,1925-07-01,1925-11-30,-
Hamburger SV,Rudi Agte,1923-07-01,1925-06-30,"1,50"
Hamburger SV,Albert Wilhelm Turner,1922-07-01,1923-06-30,"2,50"
Hamburger SV,Lajos Bányai,1922-01-01,1922-04-30,-
Hamburger SV,Richard Girulatis,1921-04-16,1921-12-31,"0,00"
Hamburger SV,Albert Wilhelm Turner,1920-07-01,1921-04-30,-
Hamburger SV,Rudi Agte,1919-07-01,1920-06-30,-
Hannover 96,Christian Titz,2025-07-01,2026-05-03,"1,76"
Hannover 96,Lars Barlemann,2025-04-23,2025-06-30,"2,00"
Hannover 96,André Breitenreiter,2024-12-29,2025-04-22,"1,23"
Hannover 96,Stefan Leitl,2022-07-01,2024-12-28,"1,42"
Hannover 96,Christoph Dabrowski,2021-12-21,2022-06-30,"1,39"
Hannover 96,Christoph Dabrowski,2021-12-01,2021-12-20,"2,00"
Hannover 96,Jan Zimmermann,2021-07-01,2021-11-29,"1,18"
Hannover 96,Kenan Kocak,2019-11-14,2021-06-30,"1,39"
Hannover 96,Asif Saric,2019-11-03,2019-11-13,"0,00"
Hannover 96,Mirko Slomka,2019-07-01,2019-11-02,"1,08"
Hannover 96,Thomas Doll,2019-01-28,2019-06-30,"0,67"
Hannover 96,André Breitenreiter,2017-03-20,2019-01-27,"1,17"
Hannover 96,Daniel Stendel,2016-07-01,2017-03-20,"1,86"
Hannover 96,Daniel Stendel,2016-04-04,2016-06-30,"1,33"
Hannover 96,Thomas Schaaf,2016-01-01,2016-04-03,"0,27"
Hannover 96,Michael Frontzeck,2015-04-20,2015-12-21,"1,04"
Hannover 96,Tayfun Korkut,2014-01-01,2015-04-20,"1,17"
Hannover 96,Mirko Slomka,2010-01-19,2013-12-27,"1,47"
Hannover 96,Andreas Bergmann,2009-08-20,2010-01-19,"1,00"
Hannover 96,Dieter Hecking,2006-09-08,2009-08-19,"1,34"
Hannover 96,Michael Schjønberg,2006-09-01,2006-09-07,-
Hannover 96,Peter Neururer,2005-11-09,2006-08-30,"1,00"
Hannover 96,Ewald Lienen,2004-03-09,2005-11-09,"1,35"
Hannover 96,Ralf Rangnick,2001-07-01,2004-03-07,"1,57"
Hannover 96,Stanislav Levy,2001-04-24,2001-06-30,"1,50"
Hannover 96,Horst Ehrmantraut,2000-02-21,2001-04-23,"1,42"
Hannover 96,Branko Ivankovic,1999-07-01,2000-02-20,"1,19"
Hannover 96,Franz Gerber,1999-01-01,1999-06-30,"2,06"
Hannover 96,Reinhold Fanz,1996-07-01,1998-12-21,"2,17"
Hannover 96,Jürgen Stoffregen,1996-03-26,1996-06-30,"1,17"
Hannover 96,Egon Coordes,1995-07-01,1996-03-25,"1,00"
Hannover 96,Milos Djelmas,1995-05-31,1995-06-18,"0,50"
Hannover 96,Peter Neururer,1994-11-07,1995-05-30,"1,40"
Hannover 96,Stefan Mertesacker,1994-10-31,1994-11-06,"1,00"
Hannover 96,Rolf Schafstall,1993-11-09,1994-10-30,"1,31"
Hannover 96,Eberhard Vogel,1992-07-01,1993-11-08,"1,36"
Hannover 96,Michael Lorkowski,1990-10-17,1992-06-30,"1,60"
Hannover 96,Hans-Dieter Schmidt,1990-07-01,1992-06-30,"0,00"
Hannover 96,Michael Krüger,1989-09-13,1990-09-30,"1,38"
Hannover 96,Slobodan Cendic,1989-07-01,1989-08-31,"0,58"
Hannover 96,Reinhard Saftig,1989-03-22,1989-06-19,"0,58"
Hannover 96,Hans Siemensmeyer,1988-09-19,1989-03-21,"0,93"
Hannover 96,Jürgen Wähling,1986-07-01,1988-09-19,"1,48"
Hannover 96,Helmut Kalthoff,1986-03-18,1986-06-30,"0,58"
Hannover 96,Jörg Berger,1986-01-13,1986-03-17,"0,00"
Hannover 96,Jürgen Rynio,1985-11-22,1986-01-12,"0,75"
Hannover 96,Werner Biskup,1983-10-25,1985-11-21,"1,55"
Hannover 96,Gerd Bohnsack,1982-12-10,1983-10-24,"1,18"
Hannover 96,Diethelm Ferner,1979-07-01,1982-12-14,"1,73"
Hannover 96,Toni Burghardt,1978-07-01,1979-06-30,"1,15"
Hannover 96,Helmut Kronsbein,1976-12-16,1978-06-30,"1,64"
Hannover 96,Hannes Baldauf,1976-01-15,1976-12-31,"1,31"
Hannover 96,Hannes Baldauf,1976-01-15,1976-12-13,"1,31"
Hannover 96,Helmut Kronsbein,1974-03-13,1976-01-14,"1,58"
Hannover 96,Hannes Baldauf,1973-03-05,1974-03-12,"1,17"
Hannover 96,Hannes Baldauf,1973-03-01,1974-03-12,"1,17"
Hannover 96,Hans Hipp,1971-11-18,1973-03-01,"1,39"
Hannover 96,Helmuth Johannsen,1970-07-01,1971-11-13,"1,04"
Hannover 96,Hans Pilz,1970-01-02,1970-06-30,"1,36"
Hannover 96,Zlatko Cajkovski,1968-07-01,1969-12-08,"1,31"
Hannover 96,Karl Heinz Mülhausen,1968-02-13,1968-06-30,"1,17"
Hannover 96,Horst Buhtz,1966-07-01,1968-02-12,"1,38"
Hannover 96,Hannes Kirk,1966-04-29,1966-05-29,"1,25"
Hannover 96,Helmut Kronsbein,1963-07-01,1966-04-28,"1,66"
Hannover 96,Heinz Lucas,1962-07-01,1963-06-30,"1,30"
Hannover 96,Hannes Kirk,1961-12-31,1962-03-31,"0,82"
Hannover 96,Günter Grothkopp,1959-07-01,1962-06-30,"1,45"
Hannover 96,Fritz Silken,1958-07-01,1959-06-30,"1,41"
Hannover 96,Kuno Klötzer,1957-07-01,1958-06-30,"1,27"
Hannover 96,Helmut Kronsbein,1952-07-01,1957-06-30,"1,70"
Hannover 96,Emil Izsó,1951-07-01,1952-06-30,"1,30"
Hannover 96,Paul Slopianka-Hoppe,1951-01-01,1951-06-30,"1,69"
Hannover 96,Christian Bieritz,1950-12-01,1950-12-31,"1,00"
Hannover 96,Robert Fuchs,1947-11-01,1950-11-30,"1,24"
Hannover 96,Willy Tillmann,1947-10-15,1947-10-31,"0,00"
Hannover 96,Fritz Pölsterl,1946-10-01,1947-06-30,-
Hannover 96,Robert Fuchs,1932-07-01,1946-09-30,"1,90"
Hansa Rostock,Daniel Brinkmann,2024-11-02,2026-05-03,"1,86"
Hansa Rostock,Marcus Rabenhorst,2024-10-24,2024-11-02,"3,00"
Hansa Rostock,Simon Pesch,2024-10-24,2024-11-02,-
Hansa Rostock,Bernd Hollerbach,2024-06-23,2024-10-24,"1,14"
Hansa Rostock,Mersad Selimbegovic,2023-12-18,2024-06-30,"0,82"
Hansa Rostock,Uwe Speidel,2023-12-14,2023-12-17,"0,00"
Hansa Rostock,Alois Schwartz,2023-03-22,2023-12-13,"1,33"
Hansa Rostock,Patrick Glöckner,2022-11-07,2023-03-20,"0,80"
Hansa Rostock,Jens Härtel,2019-01-09,2022-11-06,"1,58"
Hansa Rostock,Pavel Dotchev,2017-07-01,2019-01-03,"1,67"
Hansa Rostock,Uwe Ehlers,2017-05-14,2017-06-30,"1,50"
Hansa Rostock,Christian Brand,2015-12-07,2017-05-13,"1,51"
Hansa Rostock,Karsten Baumann,2014-12-09,2015-12-05,"1,33"
Hansa Rostock,Peter Vollmann,2014-07-01,2014-12-07,"1,21"
Hansa Rostock,Dirk Lottner,2014-04-16,2014-06-30,"1,25"
Hansa Rostock,Robert Roelofsen,2014-04-03,2014-04-15,"0,00"
Hansa Rostock,Andreas Bergmann,2013-07-01,2014-04-02,"1,38"
Hansa Rostock,Marc Fascher,2012-09-05,2013-06-30,"1,13"
Hansa Rostock,Michael Hartmann,2012-09-03,2012-09-04,-
Hansa Rostock,Wolfgang Wolf,2011-12-06,2012-09-03,"0,96"
Hansa Rostock,Peter Vollmann,2010-07-01,2011-12-05,"1,56"
Hansa Rostock,Marco Kostmann,2010-03-16,2010-06-30,"1,00"
Hansa Rostock,Thomas Finck,2010-02-22,2010-03-17,"0,50"
Hansa Rostock,Andreas Zachhuber,2009-03-08,2010-02-22,"1,26"
Hansa Rostock,Dieter Eilts,2008-11-21,2009-03-06,"0,45"
Hansa Rostock,Juri Schlünz,2008-11-10,2008-11-21,"0,00"
Hansa Rostock,Frank Pagelsdorf,2005-08-15,2008-11-10,"1,38"
Hansa Rostock,Jörg Berger,2004-11-17,2005-08-14,"0,92"
Hansa Rostock,Juri Schlünz,2003-10-15,2004-11-14,"1,28"
Hansa Rostock,Wolfgang Funkel,2003-10-07,2003-10-14,-
Hansa Rostock,Armin Veh,2002-01-03,2003-10-06,"1,13"
Hansa Rostock,Juri Schlünz,2001-12-02,2002-01-02,"2,00"
Hansa Rostock,Friedhelm Funkel,2000-09-19,2001-12-01,"1,09"
Hansa Rostock,Juri Schlünz,2000-09-07,2000-09-19,"2,00"
Hansa Rostock,Andreas Zachhuber,1999-03-06,2000-09-06,"1,32"
Hansa Rostock,Ewald Lienen,1997-07-01,1999-03-06,"1,22"
Hansa Rostock,Frank Pagelsdorf,1994-07-01,1997-06-30,"1,48"
Hansa Rostock,Jürgen Heinsch,1993-07-01,1994-06-30,"1,46"
Hansa Rostock,Horst Hrubesch,1993-01-04,1993-06-26,"1,32"
Hansa Rostock,Erich Rutemöller,1992-03-07,1992-12-31,"1,32"
Hansa Rostock,Uwe Reinders,1990-07-01,1992-03-06,"1,62"
Hansa Rostock,Werner Voigt,1986-07-01,1990-06-30,"1,24"
Hansa Rostock,Claus Kreul,1985-07-01,1986-06-30,"1,04"
Hansa Rostock,Jürgen Heinsch,1982-01-01,1985-06-30,"1,29"
Hansa Rostock,Harry Nippert,1980-07-01,1981-12-31,"1,00"
Hansa Rostock,Rudi Schneider,1980-01-01,1980-06-30,-
Hansa Rostock,Jürgen Heinsch,1979-12-16,1979-12-31,-
Hansa Rostock,Helmut Hergesell,1975-03-10,1979-12-16,"0,88"
Hansa Rostock,Heinz Werner,1973-07-01,1975-03-09,"1,50"
Hansa Rostock,Dr. Horst Saß,1969-07-01,1973-06-30,"1,50"
Hansa Rostock,Lothar Wiesner,1969-05-11,1969-06-30,"0,00"
Hansa Rostock,Gerhard Gläser,1965-07-01,1969-05-10,"1,83"
Hansa Rostock,Walter Fritzsch,1959-08-10,1965-04-30,"1,31"
Hansa Rostock,Heinz Krügel,1957-01-01,1959-08-10,"1,75"
Hansa Rostock,Lothar Wiesner,1956-10-01,1956-12-31,"1,83"
Hansa Rostock,Erich Dietel,1956-05-02,1956-10-01,"0,94"
Hansa Rostock,Willi Möhring,1956-04-01,1956-05-01,"0,80"
Hansa Rostock,Oswald Pfau,1954-11-01,1956-03-31,"1,62"
Heidenheim,Frank Schmidt,2007-09-17,2026-05-03,"1,60"
Heidenheim,Dieter Märkle,2005-01-01,2007-09-17,"2,15"
Heidenheim,Axel Grimmeisen,2004-11-30,2004-12-31,"0,00"
Heidenheim,Marcus Sorg,2004-07-01,2004-11-30,"1,59"
Heidenheim,Helmut Dietterle,2003-07-01,2004-06-30,-
Heidenheim,Manfred Römer,1979-07-01,1981-06-30,"0,00"
Heidenheim,Heinz Eyrainer,1979-01-16,1979-06-30,-
Heidenheim,Fritz Millinger,1975-07-01,1978-09-13,-
Hellas Verona,Paolo Sammarco,2026-02-03,2026-05-03,"0,50"
Hellas Verona,Paolo Zanetti,2024-06-13,2026-02-02,"0,84"
Hellas Verona,Marco Baroni,2023-07-01,2024-06-10,"1,03"
Hellas Verona,Marco Zaffaroni,2022-12-03,2023-06-30,"1,21"
Hellas Verona,Salvatore Bocchetti,2022-10-13,2022-12-02,"0,00"
Hellas Verona,Gabriele Cioffi,2022-06-14,2022-10-11,"0,50"
Hellas Verona,Igor Tudor,2021-09-14,2022-05-28,"1,47"
Hellas Verona,Eusebio Di Francesco,2021-06-07,2021-09-14,"0,75"
Hellas Verona,Ivan Juric,2019-07-01,2021-05-28,"1,23"
Hellas Verona,Alfredo Aglietti,2019-05-02,2019-06-30,"1,86"
Hellas Verona,Fabio Grosso,2018-06-21,2019-05-01,"1,44"
Hellas Verona,Fabio Pecchia,2016-07-01,2018-06-30,"1,29"
Hellas Verona,Luigi Delneri,2015-12-01,2016-06-30,"0,96"
Hellas Verona,Andrea Mandorlini,2010-11-09,2015-11-30,"1,58"
Hellas Verona,Giuseppe Giannini,2010-06-22,2010-11-08,"1,14"
Hellas Verona,Giovanni Vavassori,2010-05-10,2010-06-21,"1,25"
Hellas Verona,Gian Marco Remondina,2008-06-12,2010-05-10,"1,54"
Hellas Verona,Davide Pellegrini,2008-02-27,2008-06-12,"1,82"
Hellas Verona,Maurizio Sarri,2007-12-31,2008-02-27,"0,20"
Hellas Verona,Davide Pellegrini,2007-10-09,2007-12-31,"1,00"
Hellas Verona,Franco Colomba,2007-07-01,2007-10-08,"0,33"
Hellas Verona,Gian Piero Ventura,2006-12-25,2007-06-30,"1,46"
Hellas Verona,Massimo Ficcadenti,2004-07-20,2006-12-24,"1,19"
Hellas Verona,Sergio Maddè,2003-12-24,2004-06-30,"1,35"
Hellas Verona,Valter Salvioni,2003-07-01,2003-12-23,"1,00"
Hellas Verona,Alberto Malesani,2001-07-04,2003-06-10,"1,19"
Hellas Verona,Attilio Perotti,2000-07-01,2001-06-30,"1,11"
Hellas Verona,Cesare Prandelli,1998-07-01,2000-06-30,"1,53"
Hellas Verona,Sergio Maddè,1998-04-04,1998-06-30,"1,82"
Hellas Verona,Luigi Cagni,1996-07-01,1998-04-04,"1,03"
Hellas Verona,Attilio Perotti,1995-07-01,1996-06-30,"1,62"
Hellas Verona,Franco Fontana,1993-07-01,1994-06-30,"1,26"
Hellas Verona,Bortolo Mutti,1993-07-01,1995-06-30,"1,20"
Hellas Verona,Edoardo Reja,1992-07-01,1993-06-30,"1,21"
Hellas Verona,Nils Liedholm,1992-03-29,1992-06-30,"0,56"
Hellas Verona,Mario Corso,1992-03-16,1992-06-30,-
Hellas Verona,Eugenio Fascetti,1990-07-01,1992-03-16,"1,38"
Hellas Verona,Osvaldo Bagnoli,1981-07-01,1990-06-30,"1,50"
Hellas Verona,Giancarlo Cadè,1980-07-01,1981-06-30,"0,98"
Hellas Verona,Fernando Veneranda,1979-07-01,1980-06-30,"1,21"
Hellas Verona,Giuseppe Chiappella,1978-11-13,1979-06-30,"0,57"
Hellas Verona,Guido Tavellin,1978-07-01,1979-06-30,-
Hellas Verona,Luigi Mascalaito,1978-07-01,1978-11-13,"0,73"
Hellas Verona,Ferruccio Valcareggi,1975-07-01,1978-06-30,"1,18"
Hellas Verona,Luigi Mascalaito,1975-03-10,1975-06-30,"1,44"
Hellas Verona,Giancarlo Cadè,1972-07-01,1975-03-10,"1,27"
Hellas Verona,Ugo Pozzan,1971-07-01,1972-06-30,"0,91"
Hellas Verona,Renato Lucchi,1969-07-01,1970-11-30,"1,00"
Hellas Verona,Giancarlo Cadè,1968-07-01,1969-06-30,"1,24"
Hellas Verona,Ugo Pozzan,1967-07-01,1968-06-30,"1,63"
Hellas Verona,Nils Liedholm,1967-01-23,1968-06-30,"1,55"
Hellas Verona,Ugo Pozzan,1966-11-20,1967-01-15,"1,38"
Hellas Verona,Omero Tognon,1965-07-01,1967-06-30,"1,21"
Hellas Verona,Giancarlo Cadè,1964-07-01,1965-06-30,"1,18"
Hellas Verona,Bruno Biagini,1964-05-24,1964-06-30,"1,40"
Hellas Verona,Carlo Facchini,1962-12-02,1964-05-17,"1,59"
Hellas Verona,Guido Tavellin,1962-07-01,1962-11-25,"1,42"
Hellas Verona,Bruno Biagini,1961-07-01,1962-06-30,"1,48"
Hellas Verona,Romolo Bizzotto,1960-10-02,1961-06-30,"1,22"
Hellas Verona,Aldo Olivieri,1959-11-05,1960-09-26,"1,33"
Hellas Verona,Guido Tavellin,1959-01-25,1960-06-30,"1,46"
Hellas Verona,Viani II,1958-07-01,1959-01-18,"1,29"
Hellas Verona,Luigi Bonizzoni,1958-05-06,1958-06-30,-
Hellas Verona,Angelo Piccioli,1955-12-25,1958-05-05,"1,44"
Hellas Verona,Federico Allasio,1955-02-06,1955-12-11,"1,21"
Hellas Verona,Angelo Piccioli,1954-10-11,1955-02-01,"0,92"
Hellas Verona,Luigi Ferrero,1954-02-04,1954-10-11,"1,05"
Hellas Verona,Luigi Rossetto,1953-07-01,1954-01-31,"1,67"
Hellas Verona,Gyula Lelovics,1953-03-23,1953-06-30,"2,00"
Hellas Verona,Alfredo Mazzoni,1950-07-01,1951-06-30,"1,43"
Hellas Verona,Angelo Piccioli,1950-01-17,1953-03-23,"1,34"
Hellas Verona,László Székely,1949-11-08,1950-01-16,"0,82"
Hellas Verona,Bruno Biagini,1947-07-01,1949-11-06,"1,56"
Hellas Verona,János Vanicsek,1946-07-01,1947-06-30,"1,44"
Hellas Verona,János Vanicsek,1936-07-01,1938-06-30,"0,00"
Hellas Verona,Imre Janos Bekey,1933-07-01,1934-06-30,-
Hellas Verona,Rudolf Stanzel,1932-07-01,1933-06-30,-
Hellas Verona,András Kuttik,1929-07-01,1931-11-24,-
Hellas Verona,Alessandro Bascheni,1928-07-01,1929-06-30,"1,17"
Hellas Verona,Imre Janos Bekey,1927-12-27,1928-06-30,"0,50"
Hellas Verona,Aldo Fagiuoli,1926-07-01,1928-06-30,"1,00"
Hellas Verona,Imre Schoffer,1925-07-01,1926-06-30,"1,67"
Hellas Verona,Ferenc Molnár,1924-07-01,1925-06-30,"1,09"
Hellas Verona,A Friedmann,1921-07-01,1924-06-30,"1,45"
Hertha BSC,Stefan Leitl,2025-02-17,2026-05-03,"1,58"
Hertha BSC,Cristian Fiél,2024-07-01,2025-02-16,"1,24"
Hertha BSC,Pál Dárdai,2023-04-16,2024-06-30,"1,45"
Hertha BSC,Sandro Schwarz,2022-07-01,2023-04-16,"0,76"
Hertha BSC,Felix Magath,2022-03-14,2022-06-30,"1,11"
Hertha BSC,Tayfun Korkut,2021-11-29,2022-03-13,"0,64"
Hertha BSC,Pál Dárdai,2021-01-25,2021-11-29,"1,23"
Hertha BSC,Bruno Labbadia,2020-04-09,2021-01-24,"1,07"
Hertha BSC,Alexander Nouri,2020-02-12,2020-04-08,"1,25"
Hertha BSC,Jürgen Klinsmann,2019-11-27,2020-02-11,"1,20"
Hertha BSC,Ante Covic,2019-07-01,2019-11-27,"1,21"
Hertha BSC,Pál Dárdai,2015-02-05,2019-06-30,"1,38"
Hertha BSC,Jos Luhukay,2012-07-01,2015-02-05,"1,53"
Hertha BSC,Otto Rehhagel,2012-02-19,2012-06-30,"0,86"
Hertha BSC,René Tretschok,2012-02-12,2012-02-18,"0,00"
Hertha BSC,Michael Skibbe,2011-12-27,2012-02-12,"0,00"
Hertha BSC,Rainer Widmayer,2011-12-19,2011-12-26,"3,00"
Hertha BSC,Markus Babbel,2010-07-01,2011-12-18,"1,87"
Hertha BSC,Friedhelm Funkel,2009-10-03,2010-06-30,"0,94"
Hertha BSC,Karsten Heine,2009-09-28,2009-10-03,"0,00"
Hertha BSC,Lucien Favre,2007-07-01,2009-09-28,"1,48"
Hertha BSC,Karsten Heine,2007-04-10,2007-06-30,"1,50"
Hertha BSC,Falko Götz,2004-07-01,2007-04-10,"1,49"
Hertha BSC,Hans Meyer,2004-01-03,2004-06-30,"1,53"
Hertha BSC,Andreas Thom,2003-12-04,2003-12-23,"0,67"
Hertha BSC,Huub Stevens,2002-07-01,2003-12-04,"1,48"
Hertha BSC,Falko Götz,2002-02-07,2002-06-30,"2,15"
Hertha BSC,Jürgen Röber,1996-01-01,2002-02-06,"1,59"
Hertha BSC,Karsten Heine,1994-03-24,1995-12-31,"1,31"
Hertha BSC,Uwe Reinders,1993-10-21,1994-03-23,"0,83"
Hertha BSC,Günter Sebert,1992-08-21,1993-10-20,"1,65"
Hertha BSC,Bernd Stange,1991-07-01,1992-08-20,"1,32"
Hertha BSC,Karsten Heine,1991-05-28,1991-06-30,"1,00"
Hertha BSC,Peter Neururer,1991-03-13,1991-05-28,"0,17"
Hertha BSC,Pál Csernai,1990-11-13,1991-03-12,"1,00"
Hertha BSC,Werner Fuchs,1988-10-13,1990-11-13,"1,51"
Hertha BSC,Jürgen Sundermann,1986-04-19,1988-10-08,"1,41"
Hertha BSC,Rudi Gutendorf,1986-01-01,1986-04-18,"0,85"
Hertha BSC,Hans Eder,1985-11-11,1985-12-31,"1,00"
Hertha BSC,Uwe Kliemann,1984-07-01,1985-12-03,"1,15"
Hertha BSC,Hans Eder,1984-05-26,1984-06-30,"0,00"
Hertha BSC,Martin Luppen,1983-07-01,1984-05-25,"1,39"
Hertha BSC,Georg Gawliczek,1981-12-09,1983-12-10,"1,30"
Hertha BSC,Uwe Klimaschefski,1980-07-01,1981-12-08,"2,09"
Hertha BSC,Helmut Kronsbein,1979-12-27,1980-06-30,"1,42"
Hertha BSC,Hans Eder,1979-10-28,1979-12-26,"0,86"
Hertha BSC,Kuno Klötzer,1977-07-01,1979-10-27,"1,54"
Hertha BSC,Georg Keßler,1974-07-17,1977-06-30,"1,66"
Hertha BSC,Hans Eder,1974-07-10,1974-07-16,-
Hertha BSC,Dettmar Cramer,1974-07-01,1974-07-09,-
Hertha BSC,Hans Eder,1974-03-14,1974-06-30,"1,11"
Hertha BSC,Helmut Kronsbein,1966-07-01,1974-03-13,"1,54"
Hertha BSC,Gerhard Schulte,1965-03-09,1966-06-30,"2,26"
Hertha BSC,Josef Schneider,1963-07-01,1965-03-09,"1,13"
Hertha BSC,Johannes Sobek,1959-07-01,1963-06-30,"2,06"
Hertha BSC,Gerhard Graf,1958-07-01,1959-06-30,"1,88"
Hertha BSC,Helmuth Krüger,1955-07-01,1958-06-30,"1,46"
Hertha BSC,Paul Gehlhaar,1953-07-01,1955-06-30,"1,41"
Hertha BSC,Josef Schneider,1951-01-15,1953-06-30,"1,31"
Hertha BSC,Helmut Schön,1950-07-01,1951-01-01,"1,62"
Hertha BSC,Hans Sauerwein,1938-07-01,1944-06-30,"1,44"
Hertha BSC,Willi Knesebeck,1935-07-01,1938-06-30,"1,36"
Hertha BSC,Heiner Schuldt,1930-07-01,1932-06-30,"3,00"
Hertha BSC,Richard Girulatis,1929-02-01,1929-11-30,"2,00"
Hertha BSC,Alexander Popovich,1925-07-01,1926-06-30,"2,25"
Hertha BSC,Karl Tewes,1924-07-01,1925-06-30,"2,00"
Hertha BSC,Richard Kohn,1923-07-01,1924-06-30,-
Holstein Kiel,Tim Walter,2026-02-25,2026-05-03,"1,89"
Holstein Kiel,Marcel Rapp,2021-10-04,2026-02-24,"1,34"
Holstein Kiel,Dirk Bremser,2021-09-20,2021-10-04,"1,50"
Holstein Kiel,Ole Werner,2019-10-24,2021-09-20,"1,58"
Holstein Kiel,Ole Werner,2019-09-16,2019-10-23,"1,50"
Holstein Kiel,André Schubert,2019-07-01,2019-09-15,"1,14"
Holstein Kiel,Tim Walter,2018-07-01,2019-06-30,"1,49"
Holstein Kiel,Markus Anfang,2016-08-31,2018-06-30,"1,71"
Holstein Kiel,Ole Werner,2016-08-17,2016-08-30,"3,00"
Holstein Kiel,Karsten Neitzel,2013-07-01,2016-08-16,"1,46"
Holstein Kiel,Thorsten Gutzeit,2010-07-01,2013-06-06,"2,03"
Holstein Kiel,Christian Wück,2009-10-06,2010-06-30,"0,96"
Holstein Kiel,Torsten Fröhling,2009-09-17,2009-10-05,"2,00"
Holstein Kiel,Falko Götz,2009-01-10,2009-09-16,"1,60"
Holstein Kiel,Michael Bauer,2008-12-16,2008-12-23,"3,00"
Holstein Kiel,Peter Vollmann,2007-02-26,2008-12-15,"1,97"
Holstein Kiel,Stefan Böger,2006-10-25,2007-02-26,"0,90"
Holstein Kiel,Klaus Thomforde,2006-10-02,2006-10-24,"0,50"
Holstein Kiel,Frank Neubarth,2004-07-01,2006-10-02,"1,52"
Holstein Kiel,Peter Vollmann,2004-02-26,2004-06-30,"1,20"
Holstein Kiel,Gerd-Volker Schock,2003-09-11,2004-02-25,"1,54"
Holstein Kiel,Hans-Werner Moors,2002-09-16,2003-09-09,"1,29"
Holstein Kiel,Daniel Jurgeleit,2002-08-10,2002-09-15,"0,33"
Holstein Kiel,Gerd-Volker Schock,2000-07-01,2002-06-30,"1,73"
Holstein Kiel,Michael Lorkowski,1999-07-01,2000-06-30,"1,50"
Holstein Kiel,Thorsten Haas,1999-07-01,2000-06-30,-
Holstein Kiel,Dieter Bollow,1997-07-01,1999-06-30,"1,21"
Holstein Kiel,Jens Martens,1995-10-25,1997-06-30,"0,91"
Holstein Kiel,Harry Witt,1995-07-01,1995-10-23,"1,17"
Holstein Kiel,Horst Kratzert,1995-04-12,1995-06-30,"1,43"
Holstein Kiel,Ulf Paetau,1995-02-28,1995-04-10,"1,67"
Holstein Kiel,Michael Krüger,1994-07-01,1995-02-27,"1,14"
Holstein Kiel,Dr. Bernd Brexendorf,1992-07-01,1994-06-30,"1,53"
Holstein Kiel,Ulf Paetau,1992-02-18,1992-06-30,"1,42"
Holstein Kiel,Wlodzimierz Zemojtel,1991-10-19,1992-02-17,"1,73"
Holstein Kiel,Wolf-Waldemar Penning,1991-07-01,1991-10-18,"0,90"
Holstein Kiel,Hans-Gerd Schildt,1989-07-01,1991-06-30,"1,71"
Holstein Kiel,Wlodzimierz Zemojtel,1988-10-23,1989-06-30,"1,90"
Holstein Kiel,Michael Lorkowski,1986-07-01,1988-10-22,"1,71"
Holstein Kiel,Peter Siegel,1985-07-01,1986-06-30,"1,12"
Holstein Kiel,Werner Bannasch,1984-12-04,1985-06-30,"1,47"
Holstein Kiel,Dieter Wendlandt,1984-08-27,1984-12-03,"1,00"
Holstein Kiel,Emanuel von Soden,1981-07-01,1984-08-26,"1,49"
Holstein Kiel,Heinz Stickel,1981-04-29,1981-06-30,"1,80"
Holstein Kiel,Helmut Richert,1980-12-31,1981-04-28,"0,73"
Holstein Kiel,Peter Arnold,1980-12-05,1980-12-19,"0,00"
Holstein Kiel,Gerhard Prokop,1979-11-20,1980-12-04,"1,28"
Holstein Kiel,Özcan Arkoç,1979-07-01,1979-11-06,"0,93"
Holstein Kiel,Kuno Böge,1978-07-01,1979-06-30,"1,32"
Holstein Kiel,Gerd Koll,1976-07-01,1978-06-30,"1,50"
Holstein Kiel,Werner Bannasch,1974-02-17,1976-06-30,"1,00"
Holstein Kiel,Walter Hollstein,1974-02-10,1974-02-17,"3,00"
Holstein Kiel,Edgar Preuß,1972-07-01,1974-02-15,"1,00"
Holstein Kiel,Hans-Peter Ehlers,1968-07-01,1972-06-30,"1,53"
Holstein Kiel,Rudolf Faßnacht,1966-03-16,1968-06-30,"1,81"
Holstein Kiel,Hellmut Meidt,1965-07-01,1966-02-28,"1,62"
Holstein Kiel,Helmut Ullmann,1964-07-01,1965-05-15,"2,38"
Holstein Kiel,Erich Wolf,1961-07-01,1964-06-30,"1,77"
Holstein Kiel,Helmuth Johannsen,1954-07-01,1961-06-30,"1,40"
Holstein Kiel,Hans Tauchert,1952-07-01,1954-06-30,"1,43"
Holstein Kiel,Paul Gräf,1952-04-01,1952-04-06,"0,00"
Holstein Kiel,Alfred Beimel,1950-04-01,1952-03-31,"1,71"
Holstein Kiel,Josef Kretschmann,1948-07-01,1950-04-01,"1,30"
Holstein Kiel,Hans Tauchert,1948-01-01,1948-06-30,"1,18"
Holstein Kiel,Franz Linken,1947-07-01,1947-12-31,"0,70"
Holstein Kiel,Ferdinand Fabra,1931-12-31,1933-05-31,"1,50"
Ingolstadt,Sabrina Wittmann,2024-06-05,2026-05-03,"1,40"
Ingolstadt,Sabrina Wittmann,2024-05-02,2024-06-04,"2,00"
Ingolstadt,Michael Köllner,2023-04-06,2024-05-02,"1,58"
Ingolstadt,Guerino Capretti,2023-02-01,2023-04-04,"0,40"
Ingolstadt,Rüdiger Rehm,2021-12-08,2023-01-31,"1,33"
Ingolstadt,André Schubert,2021-09-27,2021-12-08,"0,33"
Ingolstadt,Roberto Pätzold,2021-07-01,2021-09-25,"0,78"
Ingolstadt,Tomas Oral,2020-03-11,2021-06-30,"1,78"
Ingolstadt,Jeff Saibene,2019-07-01,2020-03-09,"1,55"
Ingolstadt,Tomas Oral,2019-04-02,2019-06-30,"2,11"
Ingolstadt,Jens Keller,2018-12-02,2019-04-02,"0,92"
Ingolstadt,Roberto Pätzold,2018-11-26,2018-12-01,"0,00"
Ingolstadt,Alexander Nouri,2018-09-24,2018-11-26,"0,38"
Ingolstadt,Stefan Leitl,2017-09-22,2018-09-22,"1,28"
Ingolstadt,Stefan Leitl,2017-08-23,2017-09-21,"1,75"
Ingolstadt,Maik Walpurgis,2016-11-12,2017-08-22,"1,18"
Ingolstadt,Michael Henke,2016-11-08,2016-11-11,-
Ingolstadt,Markus Kauczinski,2016-07-01,2016-11-06,"0,42"
Ingolstadt,Ralph Hasenhüttl,2013-10-07,2016-06-30,"1,48"
Ingolstadt,Michael Henke,2013-09-30,2013-10-06,"3,00"
Ingolstadt,Marco Kurz,2013-07-01,2013-09-30,"0,91"
Ingolstadt,Tomas Oral,2011-11-10,2013-06-30,"1,27"
Ingolstadt,Benno Möhlmann,2010-11-07,2011-11-09,"1,15"
Ingolstadt,Michael Wiesinger,2009-11-10,2010-11-06,"1,39"
Ingolstadt,Horst Köppel,2009-04-26,2009-11-09,"1,27"
Ingolstadt,Michael Wiesinger,2009-04-22,2009-04-26,"0,00"
Ingolstadt,Thorsten Fink,2008-01-05,2009-04-21,"1,34"
Ingolstadt,Jürgen Press,2004-07-01,2008-01-01,"1,81"
Inter,Cristian Chivu,2025-06-09,2026-05-03,"2,11"
Inter,Simone Inzaghi,2021-07-01,2025-06-04,"2,14"
Inter,Antonio Conte,2019-07-01,2021-06-30,"2,11"
Inter,Luciano Spalletti,2017-07-01,2019-06-30,"1,80"
Inter,Stefano Vecchi,2017-05-10,2017-06-30,"2,00"
Inter,Stefano Pioli,2016-11-08,2017-05-09,"1,67"
Inter,Stefano Vecchi,2016-11-01,2016-11-07,"1,50"
Inter,Frank de Boer,2016-08-09,2016-11-01,"1,21"
Inter,Roberto Mancini,2014-11-14,2016-08-08,"1,64"
Inter,Walter Mazzarri,2013-07-01,2014-11-14,"1,66"
Inter,Andrea Stramaccioni,2012-03-26,2013-06-30,"1,60"
Inter,Claudio Ranieri,2011-09-22,2012-03-26,"1,60"
Inter,Gian Piero Gasperini,2011-07-01,2011-09-21,"0,20"
Inter,Leonardo,2010-12-24,2011-06-24,"2,16"
Inter,Rafael Benítez,2010-07-01,2010-12-23,"1,68"
Inter,José Mourinho,2008-07-01,2010-06-30,"2,12"
Inter,Roberto Mancini,2004-07-07,2008-06-30,"2,12"
Inter,Alberto Zaccheroni,2003-10-20,2004-06-30,"1,56"
Inter,Corrado Verdelli,2003-10-19,2003-10-22,"0,00"
Inter,Héctor Cúper,2001-07-01,2003-10-17,"1,84"
Inter,Marco Tardelli,2000-10-07,2001-06-30,"1,44"
Inter,Marcello Lippi,1999-07-01,2000-10-01,"1,69"
Inter,Roy Hodgson,1999-04-27,1999-06-30,"1,00"
Inter,Luciano Castellini,1999-03-21,1999-04-27,"1,00"
Inter,Mircea Lucescu,1999-01-01,1999-03-21,"0,94"
Inter,Luigi Simoni,1997-07-01,1998-11-30,"2,01"
Inter,Luciano Castellini,1997-05-19,1997-06-30,"2,00"
Inter,Roy Hodgson,1995-10-16,1997-05-23,"1,70"
Inter,Luis Suárez,1995-09-25,1995-10-16,"1,33"
Inter,Ottavio Bianchi,1994-07-01,1995-09-25,"1,59"
Inter,Gianpiero Marini,1994-02-13,1994-06-30,"1,11"
Inter,Osvaldo Bagnoli,1992-07-01,1994-02-13,"1,78"
Inter,Luis Suárez,1992-01-26,1992-06-30,"1,11"
Inter,Corrado Orrico,1991-06-18,1992-01-20,"1,45"
Inter,Giovanni Trapattoni,1986-07-01,1991-06-30,"1,88"
Inter,Mario Corso,1985-11-11,1986-06-30,"1,53"
Inter,Ilario Castagner,1984-07-01,1985-11-10,"1,83"
Inter,Luigi Radice,1983-07-01,1984-06-30,"1,49"
Inter,Rino Marchesi,1982-07-01,1983-06-30,"1,64"
Inter,Eugenio Bersellini,1977-07-01,1982-06-30,"1,69"
Inter,Giuseppe Chiappella,1975-07-01,1977-06-30,"1,72"
Inter,Luis Suárez,1974-07-01,1975-06-30,"1,42"
Inter,Enea Masiero,1974-02-05,1974-06-30,"1,61"
Inter,Helenio Herrera,1973-07-01,1974-02-05,"1,79"
Inter,Enea Masiero,1973-03-31,1973-06-30,"1,85"
Inter,Giovanni Invernizzi,1970-11-11,1973-03-31,"1,85"
Inter,Heriberto Herrera,1969-07-01,1970-11-11,"1,71"
Inter,Alfredo Foni,1968-07-01,1969-06-30,"1,61"
Inter,Helenio Herrera,1960-07-01,1968-06-30,"1,95"
Inter,Camillo Achilli,1960-03-16,1960-06-30,"1,25"
Inter,Aldo Campatelli,1959-07-01,1960-03-07,"1,69"
Inter,Frank Pedersen,1959-03-12,1959-06-30,"2,07"
Inter,Giuseppe Bigogno,1958-07-01,1959-03-11,"2,04"
Inter,Jesse Carver,1957-07-01,1958-06-30,"1,26"
Inter,Giuseppe Meazza,1957-05-06,1957-06-30,"0,75"
Inter,Annibale Frossi,1957-03-18,1957-05-06,"1,33"
Inter,Luigi Ferrero,1956-07-01,1957-03-18,"1,46"
Inter,Giuseppe Meazza,1955-12-28,1956-06-30,"1,67"
Inter,Aldo Campatelli,1955-07-01,1955-12-26,"1,58"
Inter,Alfredo Foni,1952-07-01,1955-06-30,"1,82"
Inter,Aldo Olivieri,1950-07-01,1952-06-30,"2,05"
Inter,Giulio Cappelli,1949-07-01,1950-06-30,"1,84"
Inter,David Astley,1948-05-23,1949-06-30,"1,95"
Inter,Carlo Carcano,1948-03-22,1948-05-27,"0,57"
Inter,Giuseppe Meazza,1947-01-05,1948-03-22,"1,49"
Inter,Carlo Carcano,1945-06-01,1947-01-05,"1,63"
Inter,Giovanni Ferrari,1942-07-01,1944-06-30,"1,58"
Inter,Ferenc Molnár,1942-04-26,1942-06-30,"1,13"
Inter,Ivo Fiorentini,1941-07-01,1942-05-04,"1,04"
Inter,Giuseppe Peruchetti,1940-07-01,1941-06-30,"1,58"
Inter,Anton Cargnelli,1938-07-01,1940-06-30,"1,94"
Inter,Armando Castellazzi,1936-07-01,1938-06-30,"1,71"
Inter,Albino Carraro,1936-04-12,1936-06-30,"2,17"
Inter,Gyula Feldmann,1934-07-01,1936-03-29,"1,67"
Inter,Árpád Weisz,1932-07-01,1934-06-30,"1,92"
Inter,István Tóth-Potya,1931-07-01,1932-06-30,"1,56"
Inter,Árpád Weisz,1929-07-01,1931-06-30,"1,80"
Inter,Giuseppe Viola,1928-07-01,1929-06-30,"1,80"
Inter,Árpád Weisz,1926-07-01,1928-06-30,"1,93"
Inter,Paolo Scheidler,1924-07-01,1926-06-30,"1,60"
Inter,Bob Spottiswood,1922-07-01,1924-06-30,"1,52"
Inter,Nino Resegotti,1919-07-01,1920-06-30,-
Inter,Virgilio Fossati,1909-01-01,1915-06-30,-
Ipswich Town,Kieran McKenna,2021-12-20,2026-05-03,"1,70"
Ipswich Town,John McGreal,2021-12-06,2021-12-19,"0,50"
Ipswich Town,Paul Cook,2021-03-02,2021-12-04,"1,30"
Ipswich Town,Matt Gill,2021-02-28,2021-03-02,"3,00"
Ipswich Town,Paul Lambert,2018-10-28,2021-02-28,"1,24"
Ipswich Town,Bryan Klug,2018-10-26,2018-10-28,"0,00"
Ipswich Town,Paul Hurst,2018-05-30,2018-10-25,"0,60"
Ipswich Town,Bryan Klug,2018-04-11,2018-05-29,"1,00"
Ipswich Town,Mick McCarthy,2012-11-01,2018-04-10,"1,40"
Ipswich Town,Chris Hutchings,2012-10-25,2012-10-31,"0,00"
Ipswich Town,Paul Jewell,2011-01-13,2012-10-24,"1,24"
Ipswich Town,Ian McParland,2011-01-07,2011-01-12,"1,50"
Ipswich Town,Roy Keane,2009-04-23,2011-01-06,"1,37"
Ipswich Town,Jim Magilton,2006-07-01,2009-04-22,"1,40"
Ipswich Town,Joe Royle,2002-10-28,2006-05-11,"1,54"
Ipswich Town,Tony Mowbray,2002-10-11,2002-10-28,"1,00"
Ipswich Town,George Burley,1994-12-28,2002-10-11,"1,62"
Ipswich Town,Paul Goddard,1994-12-05,1994-12-28,"0,67"
Ipswich Town,John Lyall,1990-05-11,1994-12-05,"1,20"
Ipswich Town,John Duncan,1987-07-01,1990-05-08,"1,41"
Ipswich Town,Bobby Ferguson,1982-08-19,1987-05-17,"1,25"
Ipswich Town,Sir Bobby Robson,1969-01-18,1982-05-17,"1,55"
Ipswich Town,Cyril Lea,1968-11-24,1969-01-12,"1,29"
Ipswich Town,Bill McGarry,1964-10-05,1968-11-23,"1,05"
Ipswich Town,Jimmy Forsyth,1964-09-09,1964-10-04,"0,00"
Ipswich Town,Jackie Milburn,1963-05-01,1964-09-08,"0,85"
Ipswich Town,Sir Alf Ramsey,1955-08-01,1963-04-30,"1,46"
Ipswich Town,Stephen Wright,1938-07-01,1939-06-30,-
Ipswich Town,Scott Duncan,1937-07-01,1955-06-30,"1,29"
Jahn Regensburg,Sascha Hildmann,2026-03-31,2026-05-03,"1,67"
Jahn Regensburg,Munier Raychouni,2026-03-10,2026-03-30,"1,33"
Jahn Regensburg,Michael Wimmer,2025-07-01,2026-03-09,"1,32"
Jahn Regensburg,Munier Raychouni,2025-05-08,2025-06-30,"0,50"
Jahn Regensburg,Andreas Patz,2024-10-27,2025-05-08,"0,96"
Jahn Regensburg,Joe Enochs,2023-05-10,2024-10-26,"1,43"
Jahn Regensburg,Mersad Selimbegovic,2019-07-01,2023-05-09,"1,15"
Jahn Regensburg,Achim Beierlorzer,2017-07-01,2019-06-30,"1,41"
Jahn Regensburg,Heiko Herrlich,2016-01-01,2017-06-30,"1,67"
Jahn Regensburg,Christian Brand,2014-11-18,2015-12-06,"1,51"
Jahn Regensburg,Marcus Jahn,2014-11-10,2014-11-17,-
Jahn Regensburg,Ilija Dzepina,2014-11-10,2014-11-17,-
Jahn Regensburg,Alexander Schmidt,2014-05-30,2014-11-10,"0,90"
Jahn Regensburg,Thomas Stratos,2013-06-11,2014-06-30,"1,27"
Jahn Regensburg,Franciszek Smuda,2013-01-02,2013-06-10,"0,40"
Jahn Regensburg,Franz Gerber,2012-11-04,2013-01-01,"0,57"
Jahn Regensburg,Oscar Corrochano,2012-07-01,2012-11-04,"0,69"
Jahn Regensburg,Markus Weinzierl,2008-11-24,2012-06-30,"1,42"
Jahn Regensburg,Thomas Kristl,2008-07-01,2008-11-24,"0,75"
Jahn Regensburg,Günter Güttler,2006-04-09,2008-06-20,"1,63"
Jahn Regensburg,Dariusz Pasieka,2005-09-21,2006-04-09,"1,35"
Jahn Regensburg,Mario Basler,2004-07-01,2005-09-19,"1,19"
Jahn Regensburg,Günter Brandl,2004-01-01,2004-06-30,"1,06"
Jahn Regensburg,Günter Brandl,2003-11-18,2003-12-31,"1,33"
Jahn Regensburg,Ingo Peter,2003-07-01,2003-11-17,"1,36"
Jahn Regensburg,Günter Sebert,2001-07-01,2003-06-30,"1,79"
Jahn Regensburg,Jürgen Press,2000-05-19,2000-05-21,"3,00"
Jahn Regensburg,Roland Seitz,1998-07-01,1998-12-31,-
Jahn Regensburg,Karsten Wettberg,1998-07-01,2001-06-30,"1,73"
Jahn Regensburg,Josef Schuderer,1997-06-13,1997-06-15,-
Jahn Regensburg,Johann Biederer,1996-04-24,1996-06-30,"0,43"
Jahn Regensburg,Walter Schwabenbauer,1995-09-27,1996-04-23,"1,06"
Jahn Regensburg,Horst Eberl,1995-09-06,1995-09-26,"0,33"
Jahn Regensburg,Klaus Sturm,1995-07-01,1995-09-05,"1,00"
Jahn Regensburg,Josef Beller,1994-03-15,1995-06-30,"1,13"
Jahn Regensburg,Aki Schmidt,1993-09-03,1994-03-14,"0,62"
Jahn Regensburg,Klaus Täuber,1992-10-01,1993-09-02,"1,21"
Jahn Regensburg,Hans Meichel,1992-09-25,1992-09-30,"0,00"
Jahn Regensburg,Thomas Hufsky,1992-09-16,1992-09-24,"1,33"
Jahn Regensburg,Karsten Wettberg,1992-07-01,1992-09-15,"0,71"
Jahn Regensburg,Aki Schmidt,1990-11-07,1992-06-30,"1,54"
Jahn Regensburg,Hans Meichel,1990-10-30,1990-11-06,"0,00"
Jahn Regensburg,Josef Schuderer,1990-07-01,1990-10-29,"1,47"
Jahn Regensburg,Hannes Baldauf,1985-07-01,1988-06-30,-
Jahn Regensburg,Helmut Richert,1976-01-16,1977-06-30,"0,83"
Jahn Regensburg,Aki Schmidt,1975-07-01,1976-01-13,"0,95"
Jahn Regensburg,Bernd Oles,1973-07-01,1974-06-30,"0,00"
Jahn Regensburg,Georg Wurzer,1972-03-01,1972-06-30,-
Jahn Regensburg,Heinz Elzner,1970-07-01,1972-01-31,"1,00"
Jahn Regensburg,Aki Schmidt,1968-07-01,1970-06-30,"2,00"
Jahn Regensburg,Franz Binder,1966-07-01,1968-12-31,"0,00"
Jahn Regensburg,Georg Mayer,1961-01-30,1961-06-30,"0,78"
Jahn Regensburg,Karl Durspekt,1960-11-12,1961-01-29,"0,22"
Jahn Regensburg,Georg Mayer,1960-10-17,1960-11-07,"0,50"
Jahn Regensburg,Georg Bayerer,1960-07-01,1960-10-17,"0,40"
Jahn Regensburg,Hans Jakob,1959-07-01,1960-06-30,-
Jahn Regensburg,Béla Sárosi,1957-07-01,1958-06-30,"0,73"
Jahn Regensburg,Josef Uridil,1954-07-01,1957-06-30,"1,25"
Jahn Regensburg,Franz Binder,1952-07-01,1954-06-30,"1,52"
Jahn Regensburg,Franz Strehle,1948-07-01,1950-06-30,"1,00"
Jahn Regensburg,Hermann Polenski,1922-07-01,1923-06-30,-
Juventus,Luciano Spalletti,2025-10-30,2026-05-03,"1,91"
Juventus,Massimo Brambilla,2025-10-27,2025-10-30,"3,00"
Juventus,Igor Tudor,2025-03-23,2025-10-27,"1,58"
Juventus,Thiago Motta,2024-07-01,2025-03-23,"1,67"
Juventus,Paolo Montero,2024-05-19,2024-06-30,"2,00"
Juventus,Massimiliano Allegri,2021-07-01,2024-05-17,"1,84"
Juventus,Andrea Pirlo,2020-08-08,2021-06-30,"2,15"
Juventus,Maurizio Sarri,2019-07-01,2020-08-08,"2,12"
Juventus,Massimiliano Allegri,2014-07-16,2019-06-30,"2,27"
Juventus,Angelo Alessio,2012-10-16,2012-12-09,"1,89"
Juventus,Massimo Carrera,2012-07-01,2012-10-15,"2,56"
Juventus,Antonio Conte,2011-07-01,2014-07-15,"2,26"
Juventus,Luigi Delneri,2010-05-19,2011-05-31,"1,58"
Juventus,Alberto Zaccheroni,2010-01-29,2010-05-19,"1,38"
Juventus,Ciro Ferrara,2009-05-19,2010-01-28,"1,61"
Juventus,Claudio Ranieri,2007-07-01,2009-05-18,"1,83"
Juventus,Giancarlo Corradini,2007-05-26,2007-06-30,"0,00"
Juventus,Didier Deschamps,2006-07-10,2007-05-26,"2,33"
Juventus,Fabio Capello,2004-07-01,2006-07-04,"2,17"
Juventus,Marcello Lippi,2001-07-01,2004-05-28,"1,94"
Juventus,Carlo Ancelotti,1999-02-07,2001-06-30,"1,95"
Juventus,Marcello Lippi,1994-07-01,1999-02-07,"1,96"
Juventus,Giovanni Trapattoni,1991-07-01,1994-06-30,"1,87"
Juventus,Luigi Maifredi,1990-07-01,1991-06-30,"1,65"
Juventus,Dino Zoff,1988-07-01,1990-06-30,"1,86"
Juventus,Rino Marchesi,1986-07-01,1988-06-30,"1,75"
Juventus,Giovanni Trapattoni,1976-07-01,1986-05-03,"1,92"
Juventus,Carlo Parola,1974-07-01,1976-06-30,"1,97"
Juventus,Cestmir Vycpalek,1971-02-12,1974-06-30,"1,84"
Juventus,Armando Picchi,1970-07-01,1971-02-14,"2,00"
Juventus,Ercole Rabitti,1969-10-23,1970-06-30,"1,76"
Juventus,Luis Carniglia,1969-07-01,1969-10-23,"1,58"
Juventus,Heriberto Herrera,1964-07-01,1969-06-30,"1,75"
Juventus,Ercole Rabitti,1964-03-23,1964-06-30,"1,50"
Juventus,Eraldo Monzeglio,1963-10-01,1964-06-30,"1,51"
Juventus,Paulo Amaral,1962-07-01,1963-09-30,"1,93"
Juventus,Carlo Parola,1961-09-07,1962-06-30,"1,30"
Juventus,Július Korostelev,1961-07-21,1961-09-07,"0,50"
Juventus,Carlo Parola,1959-07-01,1961-06-30,"2,22"
Juventus,Ljubisa Brocic,1957-07-01,1958-11-19,"2,12"
Juventus,Sandro Puppo,1955-07-01,1957-04-15,"1,16"
Juventus,George Raynor,1954-01-01,1954-10-18,-
Juventus,Aldo Olivieri,1953-07-01,1955-06-30,"1,75"
Juventus,Dr. György Sárosi,1951-11-23,1953-06-30,"2,00"
Juventus,Luigi Bertolini,1951-07-01,1951-11-23,"2,50"
Juventus,Jesse Carver,1949-07-01,1951-06-30,"2,20"
Juventus,William Chalmers,1949-03-20,1949-06-30,"1,70"
Juventus,Teobaldo Depetrini,1949-03-06,1949-03-13,"2,00"
Juventus,William Chalmers,1948-04-11,1949-02-20,"1,72"
Juventus,Renato Cesarini,1946-07-01,1948-04-26,"1,83"
Juventus,Felice Borel,1942-07-01,1946-06-30,-
Juventus,Virginio Rosetta,1942-07-01,1943-06-30,"1,75"
Juventus,Luis Monti,1942-01-28,1942-06-30,"1,75"
Juventus,Giovanni Ferrari,1941-07-01,1942-01-28,"1,56"
Juventus,Federico Munerati,1940-11-03,1941-06-30,"1,39"
Juventus,Umberto Calligaris,1939-07-01,1940-10-27,"1,79"
Juventus,Virginio Rosetta,1935-06-08,1939-06-30,"1,63"
Juventus,Carlo Bigatto,1934-12-10,1935-06-08,"2,05"
Juventus,Carlo Carcano,1930-07-01,1934-12-09,"2,24"
Juventus,Willie Aitken,1928-07-01,1930-06-30,"1,82"
Juventus,Giuseppe Viola,1926-07-28,1928-06-30,"2,02"
Juventus,Jenő Károly,1923-07-01,1926-07-28,"1,93"
Juventus,Guido Debernardi,1921-07-01,1922-06-30,"3,00"
Juventus,Corrado Corradino,1921-07-01,1923-06-30,"1,41"
Juventus,Domenico Donna †,1900-07-01,1911-06-30,-
Kaiserslautern,Torsten Lieberknecht,2025-04-23,2026-05-03,"1,55"
Kaiserslautern,Markus Anfang,2024-07-01,2025-04-22,"1,53"
Kaiserslautern,Friedhelm Funkel,2024-02-14,2024-06-30,"1,40"
Kaiserslautern,Dimitrios Grammozis,2023-12-03,2024-02-13,"1,13"
Kaiserslautern,Oliver Schäfer,2023-11-30,2023-12-02,"0,00"
Kaiserslautern,Dirk Schuster,2022-05-11,2023-11-30,"1,38"
Kaiserslautern,Marco Antwerpen,2021-02-01,2022-05-10,"1,57"
Kaiserslautern,Jeff Saibene,2020-10-02,2021-01-30,"1,14"
Kaiserslautern,Boris Schommers,2019-09-19,2020-09-29,"1,60"
Kaiserslautern,Sascha Hildmann,2018-12-06,2019-09-16,"1,55"
Kaiserslautern,Michael Frontzeck,2018-02-01,2018-12-01,"1,47"
Kaiserslautern,Jeff Strasser,2017-09-27,2018-01-31,"0,91"
Kaiserslautern,Manfred Paula,2017-09-21,2017-09-26,"0,00"
Kaiserslautern,Norbert Meier,2017-01-03,2017-09-20,"1,08"
Kaiserslautern,Tayfun Korkut,2016-07-01,2016-12-27,"1,06"
Kaiserslautern,Konrad Fünfstück,2015-09-23,2016-05-20,"1,33"
Kaiserslautern,Kosta Runjaić,2013-09-16,2015-09-23,"1,65"
Kaiserslautern,Oliver Schäfer,2013-08-29,2013-09-15,"0,50"
Kaiserslautern,Franco Foda,2012-07-01,2013-08-28,"1,66"
Kaiserslautern,Krasimir Balakov,2012-03-22,2012-05-18,"0,38"
Kaiserslautern,Marco Kurz,2009-06-18,2012-03-19,"1,48"
Kaiserslautern,Alois Schwartz,2009-05-05,2009-06-17,"0,75"
Kaiserslautern,Milan Sasic,2008-02-12,2009-05-04,"1,57"
Kaiserslautern,Kjetil Rekdal,2007-07-01,2008-02-09,"0,90"
Kaiserslautern,Wolfgang Funkel,2007-04-11,2007-06-30,"1,50"
Kaiserslautern,Wolfgang Wolf,2005-11-21,2007-04-10,"1,37"
Kaiserslautern,Michael Henke,2005-07-01,2005-11-19,"1,00"
Kaiserslautern,Hans Werner Moser,2005-04-06,2005-06-30,"0,86"
Kaiserslautern,Kurt Jara,2004-02-03,2005-04-05,"1,33"
Kaiserslautern,Eric Gerets,2002-09-04,2004-02-02,"1,21"
Kaiserslautern,Karl-Heinz Emig,2002-08-27,2002-09-03,"3,00"
Kaiserslautern,Andreas Brehme,2000-10-06,2002-08-26,"1,57"
Kaiserslautern,Reinhard Stumpf,2000-10-06,2002-07-01,-
Kaiserslautern,Otto Rehhagel,1996-07-20,2000-10-01,"1,71"
Kaiserslautern,Eckhard Krautzun,1996-03-27,1996-06-30,"1,50"
Kaiserslautern,Friedel Rausch,1993-07-01,1996-03-23,"1,71"
Kaiserslautern,Rainer Zobel,1992-07-01,1993-06-30,"1,45"
Kaiserslautern,Karl-Heinz Feldkamp,1990-02-28,1992-06-30,"1,80"
Kaiserslautern,Gerd Roggensack,1989-07-01,1990-02-25,"1,35"
Kaiserslautern,Sepp Stabel,1987-11-12,1989-06-30,"1,41"
Kaiserslautern,Hannes Bongartz,1985-07-01,1987-11-11,"1,36"
Kaiserslautern,Manfred Krafft,1983-11-02,1985-06-30,"1,30"
Kaiserslautern,Ernst Diehl,1983-10-27,1983-10-31,"0,00"
Kaiserslautern,Dietrich Weise,1983-07-01,1983-10-26,"1,20"
Kaiserslautern,Ernst Diehl,1983-03-22,1983-06-30,"1,80"
Kaiserslautern,Rudolf Kröner,1982-07-01,1983-03-21,"1,67"
Kaiserslautern,Karl-Heinz Feldkamp,1978-07-01,1982-06-30,"1,77"
Kaiserslautern,Erich Ribbeck,1973-07-01,1978-06-30,"1,53"
Kaiserslautern,Dietrich Weise,1971-03-11,1973-06-30,"1,37"
Kaiserslautern,Gyula Lóránt,1969-07-01,1971-03-09,"1,29"
Kaiserslautern,Dietrich Weise,1969-05-07,1969-06-30,"1,33"
Kaiserslautern,Egon Piechaczek,1968-03-05,1969-05-06,"1,39"
Kaiserslautern,Otto Knefler,1967-07-01,1968-03-04,"0,88"
Kaiserslautern,Gyula Lóránt,1965-07-01,1967-06-30,"1,28"
Kaiserslautern,Werner Liebrich,1965-02-28,1965-06-30,"1,00"
Kaiserslautern,Günter Brocker,1961-07-01,1965-02-27,"1,59"
Kaiserslautern,Richard Schneider,1950-07-01,1961-06-30,"2,19"
Kaiserslautern,Kuno Krügel,1949-07-01,1950-06-30,"2,53"
Kaiserslautern,Fritz Walter,1945-07-01,1949-10-16,"2,47"
Kaiserslautern,Karl Berndt,1938-07-01,1944-06-30,"1,50"
Kaiserslautern,Alexander Thury,1936-07-01,1937-06-30,-
Kaiserslautern,Karl Berndt,1934-07-01,1936-06-30,-
Kaiserslautern,Otto Schwab,1930-07-01,1934-06-30,-
Kaiserslautern,Alexander Thury,1925-07-01,1929-06-30,-
Kaiserslautern,Ferenc Kónya,1921-07-01,1922-06-30,-
Karlsruher,Christian Eichner,2020-02-19,2026-06-30,"1,44"
Karlsruher,Christian Eichner,2020-02-03,2020-02-18,"0,33"
Karlsruher,Alois Schwartz,2017-08-29,2020-02-02,"1,81"
Karlsruher,Christian Eichner,2017-08-20,2017-08-28,-
Karlsruher,Zlatan Bajramovic,2017-08-20,2017-08-28,"2,00"
Karlsruher,Marc-Patrick Meister,2017-04-05,2017-08-20,"0,54"
Karlsruher,Mirko Slomka,2016-12-22,2017-04-04,"0,80"
Karlsruher,Lukas Kwasniok,2016-12-05,2016-12-21,"1,00"
Karlsruher,Tomas Oral,2016-07-01,2016-12-04,"0,75"
Karlsruher,Markus Kauczinski,2012-03-27,2016-06-30,"1,64"
Karlsruher,Jörn Andersen,2011-11-06,2012-03-26,"0,62"
Karlsruher,Markus Kauczinski,2011-10-31,2011-11-06,"3,00"
Karlsruher,Rainer Scharinger,2011-03-02,2011-10-31,"0,88"
Karlsruher,Uwe Rapolder,2010-11-22,2011-03-01,"1,18"
Karlsruher,Markus Kauczinski,2010-11-01,2010-11-21,"0,67"
Karlsruher,Markus Schupp,2009-09-03,2010-10-31,"1,19"
Karlsruher,Markus Kauczinski,2009-08-19,2009-09-03,"1,50"
Karlsruher,Edmund Becker,2005-01-13,2009-08-19,"1,45"
Karlsruher,Reinhold Fanz,2004-12-28,2005-01-05,-
Karlsruher,Lorenz-Günther Köstner,2002-10-01,2004-12-11,"1,27"
Karlsruher,Marco Pezzaiuoli,2002-09-27,2002-09-30,"1,00"
Karlsruher,Stefan Kuntz,2000-07-01,2002-09-25,"1,39"
Karlsruher,Marco Pezzaiuoli,2000-04-18,2000-06-30,"1,14"
Karlsruher,Joachim Löw,1999-10-25,2000-04-19,"0,56"
Karlsruher,Guido Buchwald,1999-10-16,1999-10-24,"0,00"
Karlsruher,Rainer Ulrich,1998-08-27,1999-10-15,"1,63"
Karlsruher,Jörg Berger,1998-03-25,1998-08-26,"1,00"
Karlsruher,Winfried Schäfer,1986-07-01,1998-03-25,"1,49"
Karlsruher,Rainer Ulrich,1986-03-31,1986-05-31,"1,00"
Karlsruher,Lothar Buchmann,1985-03-26,1986-04-25,"1,43"
Karlsruher,Werner Olk,1983-07-01,1985-03-22,"1,64"
Karlsruher,Lothar Strehlau,1983-02-01,1983-06-30,"0,71"
Karlsruher,Horst Franz,1982-07-01,1983-01-31,"0,85"
Karlsruher,Max Merkel,1981-11-27,1982-06-30,"1,09"
Karlsruher,Manfred Krafft,1978-07-01,1981-11-26,"1,67"
Karlsruher,Walter Baureis,1978-04-16,1978-06-30,"1,50"
Karlsruher,Rolf Schafstall,1977-10-27,1978-04-30,"1,50"
Karlsruher,Bernd Hoss,1977-07-01,1977-10-26,"2,33"
Karlsruher,Carl-Heinz Rühl,1973-07-01,1977-06-30,"1,41"
Karlsruher,Heinz Baas,1971-05-22,1973-06-30,"1,17"
Karlsruher,Kurt Baluses,1968-07-01,1971-05-21,"1,74"
Karlsruher,Bernhard Termath,1968-02-19,1968-06-30,"0,90"
Karlsruher,Herbert Widmayer,1968-02-09,1968-02-18,"0,00"
Karlsruher,Georg Gawliczek,1967-10-25,1968-02-08,"0,42"
Karlsruher,Paul Frantz,1966-11-02,1967-10-24,"0,82"
Karlsruher,Werner Roth,1965-10-19,1966-11-01,"1,18"
Karlsruher,Helmut Schneider,1965-01-28,1965-10-18,"0,90"
Karlsruher,Kurt Sommerlatt,1962-07-01,1965-01-26,"1,24"
Karlsruher,Eduard Frühwirth,1959-07-01,1962-06-30,"1,75"
Karlsruher,Ludwig Janda,1956-07-01,1959-06-30,"1,78"
Karlsruher,Adolf Patek,1953-07-01,1956-06-30,"1,79"
Karlsruher,Friedel Moser,1953-05-01,1953-06-30,-
Karlsruher,Friedrich Moser,1953-04-15,1953-06-30,"0,00"
Karlsruher,Hans Hipp,1952-07-01,1953-04-12,"1,75"
Karlsruher,Robert Kraft,1949-07-01,1950-06-30,-
Karlsruher,Karl Wegele,1932-07-01,1938-06-30,-
Karlsruher,Eugen Link,1930-07-01,1932-06-30,-
Karlsruher,Franz Gyoergy,1919-07-01,1920-06-30,-
Karlsruher,Arthur Beier,1913-07-01,1914-06-30,-
Karlsruher,Arthur Archer,1912-12-01,1913-06-30,-
Karlsruher,Arthur Beier,1904-01-01,1912-11-30,-
Köln,René Wagner,2026-03-23,2026-05-03,"1,20"
Köln,Lukas Kwasniok,2025-07-01,2026-03-22,"1,00"
Köln,Friedhelm Funkel,2025-05-05,2025-06-30,"3,00"
Köln,Gerhard Struber,2024-07-01,2025-05-05,"1,78"
Köln,Timo Schultz,2024-01-04,2024-06-30,"0,94"
Köln,Steffen Baumgart,2021-07-01,2023-12-31,"1,27"
Köln,Friedhelm Funkel,2021-04-12,2021-06-30,"1,63"
Köln,Markus Gisdol,2019-11-19,2021-04-11,"1,07"
Köln,André Pawlak,2019-11-10,2019-11-18,-
Köln,Manfred Schmid,2019-11-09,2019-11-18,-
Köln,Achim Beierlorzer,2019-07-01,2019-11-09,"0,77"
Köln,André Pawlak,2019-04-28,2019-06-30,"1,33"
Köln,Markus Anfang,2018-07-01,2019-04-27,"1,88"
Köln,Stefan Ruthenbeck,2017-12-19,2018-06-30,"0,89"
Köln,Stefan Ruthenbeck,2017-12-03,2017-12-18,"0,75"
Köln,Peter Stöger,2013-07-01,2017-12-03,"1,40"
Köln,Holger Stanislawski,2012-07-01,2013-06-30,"1,62"
Köln,Frank Schaefer,2012-04-12,2012-06-30,"0,25"
Köln,Ståle Solbakken,2011-07-01,2012-04-12,"1,00"
Köln,Volker Finke,2011-04-27,2011-06-30,"3,00"
Köln,Frank Schaefer,2010-10-24,2011-04-27,"1,38"
Köln,Zvonimir Soldo,2009-07-01,2010-10-24,"1,15"
Köln,Christoph Daum,2006-11-27,2009-06-30,"1,40"
Köln,Holger Gehrke,2006-11-10,2006-11-26,"1,33"
Köln,Hanspeter Latour,2006-01-03,2006-11-09,"1,30"
Köln,Uwe Rapolder,2005-07-01,2005-12-18,"0,67"
Köln,Huub Stevens,2004-07-01,2005-06-30,"1,94"
Köln,Marcel Koller,2003-11-02,2004-06-30,"0,67"
Köln,Jos Luhukay,2003-10-31,2003-11-01,"0,00"
Köln,Friedhelm Funkel,2002-02-14,2003-10-30,"1,62"
Köln,Christoph John,2002-01-28,2002-02-14,"0,75"
Köln,Ewald Lienen,1999-07-01,2002-01-28,"1,49"
Köln,Bernd Schuster,1998-07-01,1999-06-30,"1,29"
Köln,Lorenz-Günther Köstner,1997-10-02,1998-06-30,"1,12"
Köln,Peter Neururer,1996-04-01,1997-09-30,"1,38"
Köln,Stephan Engels,1995-08-27,1996-03-31,"1,00"
Köln,Morten Olsen,1993-04-29,1995-08-26,"1,42"
Köln,Wolfgang Jerat,1993-02-28,1993-04-28,"1,11"
Köln,Jörg Berger,1991-09-10,1993-02-28,"1,43"
Köln,Hannes Linßen,1991-09-04,1991-09-09,"0,00"
Köln,Udo Lattek,1991-08-24,1991-09-03,"1,00"
Köln,Erich Rutemöller,1990-07-01,1991-08-23,"1,56"
Köln,Christoph Daum,1986-09-23,1990-06-30,"1,80"
Köln,Georg Keßler,1986-02-07,1986-09-22,"1,18"
Köln,Hannes Löhr,1983-08-24,1986-02-06,"1,61"
Köln,Rolf Herings,1980-10-14,1980-10-16,"0,00"
Köln,Rinus Michels,1980-10-14,1983-08-23,"1,71"
Köln,Karl-Heinz Heddergott,1980-04-16,1980-10-13,"1,45"
Köln,Hennes Weisweiler,1976-07-01,1980-04-15,"1,87"
Köln,Georg Stollenwerk,1976-01-01,1976-06-30,"1,65"
Köln,Zlatko Cajkovski,1973-09-17,1975-12-13,"1,74"
Köln,Rudi Schlott,1972-07-01,1973-09-16,"1,63"
Köln,Rolf Herings,1972-04-05,1972-06-30,"1,91"
Köln,Gyula Lóránt,1971-07-01,1972-04-04,"1,69"
Köln,Ernst Ocwirk,1970-07-01,1971-06-30,"1,50"
Köln,Hans Merkle,1968-07-01,1970-06-30,"1,60"
Köln,Willi Multhaup,1966-07-01,1968-06-30,"1,63"
Köln,Georg Knöpfle,1963-07-01,1966-06-30,"1,85"
Köln,Zlatko Cajkovski,1961-07-01,1963-06-30,"2,07"
Köln,Oswald Pfau,1959-07-01,1961-06-30,"1,96"
Köln,Péter Szabó,1958-07-01,1959-06-30,"1,64"
Köln,Hennes Weisweiler,1955-07-01,1958-06-30,"1,72"
Köln,Kurt Baluses,1954-07-01,1955-06-30,"1,41"
Köln,Karl Winkler,1953-05-18,1954-06-30,"1,84"
Köln,Helmut Schneider,1952-07-01,1953-05-17,"2,06"
Köln,Hennes Weisweiler,1948-07-01,1952-06-30,"1,69"
Köln,Karl Flink,1948-03-13,1948-06-30,-
Las Palmas,Luis García,2025-07-01,2026-05-03,"1,66"
Las Palmas,Diego Martínez,2024-10-08,2025-06-30,"1,09"
Las Palmas,Luis Carrión,2024-07-01,2024-10-08,"0,33"
Las Palmas,Xavier García Pimienta,2022-01-24,2024-06-30,"1,49"
Las Palmas,Pepe Mel,2019-03-05,2022-01-23,"1,35"
Las Palmas,Paco Herrera,2018-11-17,2019-03-04,"1,14"
Las Palmas,Manolo Jiménez,2018-07-01,2018-11-16,"1,47"
Las Palmas,Paco Jémez,2018-01-01,2018-06-30,"0,52"
Las Palmas,Paquito,2017-12-01,2017-12-31,"1,00"
Las Palmas,Pako Ayestarán,2017-09-28,2017-11-30,"0,44"
Las Palmas,Manolo Márquez,2017-07-03,2017-09-26,"1,00"
Las Palmas,Quique Setién,2015-10-19,2017-06-30,"1,23"
Las Palmas,Paco Herrera,2014-07-04,2015-10-19,"1,67"
Las Palmas,Josico,2014-05-26,2014-07-03,"1,83"
Las Palmas,Sergio Lobera,2012-06-17,2014-05-26,"1,54"
Las Palmas,Juan Manuel Rodríguez,2011-02-27,2012-06-17,"1,46"
Las Palmas,Paco Jémez,2010-04-13,2011-02-26,"1,08"
Las Palmas,Sergije Kresic,2009-06-17,2010-04-12,"1,18"
Las Palmas,Paco Castellano,2009-05-25,2009-06-17,"0,67"
Las Palmas,Javi Vidales,2008-12-03,2009-05-25,"1,21"
Las Palmas,Juan Manuel Rodríguez,2007-11-01,2008-12-03,"0,50"
Las Palmas,Juan Rodríguez,2007-10-28,2008-12-03,"1,46"
Las Palmas,Juanito Rodríguez,2006-10-02,2007-10-28,"1,06"
Las Palmas,Carlos Sánchez Aguiar,2006-07-01,2006-10-01,"1,00"
Las Palmas,Juanito Rodríguez,2006-03-21,2008-06-30,"1,19"
Las Palmas,Josip Visnjic,2005-07-01,2006-03-19,"1,50"
Las Palmas,Carlos Sánchez Aguiar,2004-11-29,2005-06-30,"1,79"
Las Palmas,David Amaral,2004-07-01,2004-11-28,"1,13"
Las Palmas,Tino Luis Cabrera,2004-04-19,2004-06-30,"1,22"
Las Palmas,Henri Stambouli,2004-04-12,2004-04-19,"0,00"
Las Palmas,David Vidal,2003-12-14,2004-04-04,"1,07"
Las Palmas,Juan Manuel Rodríguez,2003-07-01,2003-12-14,"1,00"
Las Palmas,Tino Luis Cabrera,2003-04-05,2003-04-11,-
Las Palmas,Josu Uribe,2002-07-12,2003-06-30,"1,49"
Las Palmas,Fernando Vázquez,2001-07-01,2002-06-30,"1,08"
Las Palmas,Sergije Kresic,1999-07-01,2001-06-30,"1,47"
Las Palmas,Juan Antonio Quintana,1999-05-03,1999-06-30,"1,86"
Las Palmas,Paco Castellano,1998-07-01,1999-05-03,"1,51"
Las Palmas,Mariano García Remón,1997-07-01,1998-06-30,"1,73"
Las Palmas,Paco Castellano,1997-01-26,1997-06-30,"1,43"
Las Palmas,Ángel Cappa,1996-10-14,1997-01-26,"1,44"
Las Palmas,Pacuco Rosales,1995-07-01,1996-10-13,"1,13"
Las Palmas,Paco Castellano,1994-10-26,1995-06-30,"1,25"
Las Palmas,Marco Antonio Boronat,1994-07-01,1994-10-24,-
Las Palmas,Iñaki Sáez,1993-07-01,1994-06-30,"0,50"
Las Palmas,Álvaro Pérez,1992-07-01,1993-06-30,-
Las Palmas,José Manuel León,1992-04-20,1992-06-30,"0,50"
Las Palmas,Joanet,1992-02-10,1992-04-20,"0,00"
Las Palmas,Roque Olsen,1991-11-11,1992-02-10,"1,50"
Las Palmas,Germán Dévora,1991-11-04,1991-11-11,"1,00"
Las Palmas,Miguel Ángel Brindisi,1991-07-01,1991-11-04,"0,00"
Las Palmas,Roque Olsen,1991-01-28,1991-06-30,"1,45"
Las Palmas,Manolo Cardo,1990-07-01,1991-01-28,"1,00"
Las Palmas,Paquito García,1989-07-01,1990-06-30,"1,38"
Las Palmas,Germán Dévora,1989-02-27,1989-06-30,"3,00"
Las Palmas,Álvaro Pérez,1988-07-01,1989-02-27,"0,67"
Las Palmas,Roque Olsen,1988-01-08,1988-06-30,"1,27"
Las Palmas,Germán Dévora,1987-03-02,1988-01-04,"1,29"
Las Palmas,Ferenc Kovács,1986-07-01,1987-03-02,"1,00"
Las Palmas,José Antonio Ruiz Caballero,1986-01-14,1986-06-30,"1,25"
Las Palmas,Germán Dévora,1985-12-10,1986-01-13,"1,00"
Las Palmas,Pepe Alzate,1985-07-01,1985-12-09,"0,93"
Las Palmas,Roque Olsen,1984-07-01,1985-06-30,"2,14"
Las Palmas,Germán Dévora,1984-05-14,1984-06-30,"2,29"
Las Palmas,Héctor Núñez,1983-07-01,1984-05-14,"0,78"
Las Palmas,José Manuel León,1983-03-08,1983-06-30,"1,45"
Las Palmas,Walter Skocik,1982-07-01,1983-03-07,"0,93"
Las Palmas,Heriberto Herrera,1982-02-05,1982-06-30,"1,25"
Las Palmas,José Manuel León,1980-10-20,1982-01-31,"1,24"
Las Palmas,Antonio Ruiz,1979-07-01,1980-10-20,"1,17"
Las Palmas,Miguel Muñoz,1977-07-01,1979-06-30,"1,37"
Las Palmas,Roque Olsen,1976-07-01,1977-06-30,"1,50"
Las Palmas,Heriberto Herrera,1975-07-01,1976-06-30,"1,25"
Las Palmas,Pierre Sinibaldi,1971-07-01,1975-06-30,"1,39"
Las Palmas,Héctor Rial,1970-11-01,1971-04-18,"0,91"
Las Palmas,Rosendo Hernández,1970-02-01,1970-10-25,"1,16"
Las Palmas,Luis Molowny,1967-04-09,1970-01-26,"1,62"
Las Palmas,Juan Otxoantezana,1966-09-11,1967-04-02,"1,00"
Las Palmas,Vicente Dauder,1963-07-01,1966-06-30,"1,25"
Las Palmas,Rosendo Hernández,1962-07-01,1963-06-30,-
Las Palmas,Paco Campos,1962-01-09,1962-06-30,-
Las Palmas,Luis Molowny,1960-02-07,1960-06-30,"0,70"
Las Palmas,Marcel Domingo,1959-07-01,1960-01-31,"0,61"
Las Palmas,Luis Jesús Navarro,1959-02-01,1959-06-30,"1,46"
Las Palmas,Baltasar Albéniz,1958-07-01,1959-01-25,"1,00"
Las Palmas,Luis Molowny,1957-12-08,1958-06-30,"1,14"
Las Palmas,José Urbieta,1957-07-01,1957-12-07,"1,00"
Las Palmas,Satur Grech,1954-01-13,1957-06-30,"1,18"
Las Palmas,Luis Valle,1954-01-01,1954-01-11,-
Las Palmas,Luis Jesús Navarro,1953-07-01,1953-12-28,"0,50"
Las Palmas,Patricio Caicedo,1952-10-12,1953-06-30,"1,00"
Las Palmas,Luis Valle,1951-05-10,1952-09-28,"1,38"
Lazio,Maurizio Sarri,2025-06-02,2026-05-03,"1,53"
Lazio,Marco Baroni,2024-07-01,2025-06-02,"1,81"
Lazio,Igor Tudor,2024-03-18,2024-06-05,"1,91"
Lazio,Giovanni Martusciello,2024-03-13,2024-03-18,"3,00"
Lazio,Maurizio Sarri,2021-07-01,2024-03-13,"1,64"
Lazio,Simone Inzaghi,2016-07-08,2021-06-30,"1,79"
Lazio,Marcelo Bielsa,2016-07-06,2016-07-08,-
Lazio,Simone Inzaghi,2016-04-04,2016-06-30,"1,71"
Lazio,Stefano Pioli,2014-07-01,2016-04-03,"1,67"
Lazio,Edoardo Reja,2014-01-04,2014-06-12,"1,60"
Lazio,Vladimir Petkovic,2012-07-01,2014-01-04,"1,67"
Lazio,Edoardo Reja,2010-02-10,2012-06-02,"1,66"
Lazio,Davide Ballardini,2009-07-01,2010-02-09,"1,09"
Lazio,Delio Rossi,2005-07-01,2009-06-30,"1,52"
Lazio,Giuseppe Papadopulo,2004-12-28,2005-06-30,"1,30"
Lazio,Domenico Caso,2004-07-01,2004-12-22,"1,08"
Lazio,Roberto Mancini,2002-07-01,2004-07-06,"1,75"
Lazio,Alberto Zaccheroni,2001-10-01,2002-06-30,"1,69"
Lazio,Dino Zoff,2001-01-01,2001-09-30,"1,82"
Lazio,Sven-Göran Eriksson,1997-07-01,2000-12-31,"1,96"
Lazio,Dino Zoff,1997-01-28,1997-06-30,"2,00"
Lazio,Zdenek Zeman,1994-07-01,1997-01-27,"1,75"
Lazio,Dino Zoff,1990-07-01,1994-06-30,"1,49"
Lazio,Giuseppe Materazzi,1988-07-01,1990-06-30,"1,19"
Lazio,Eugenio Fascetti,1986-07-01,1988-06-30,"1,54"
Lazio,Luigi Simoni,1985-07-01,1986-06-30,"1,30"
Lazio,Roberto Lovati,1985-02-25,1985-06-30,"0,50"
Lazio,Giancarlo Oddi,1985-02-25,1985-06-30,-
Lazio,Juan Carlos Lorenzo,1984-09-24,1985-02-25,"0,67"
Lazio,Paolo Carosi,1983-12-13,1984-09-24,"1,20"
Lazio,Juan Carlos Morrone,1983-05-09,1983-12-13,"1,00"
Lazio,Roberto Lovati,1983-05-09,1983-06-30,"1,60"
Lazio,Roberto Clagluna,1982-01-25,1983-05-09,"1,40"
Lazio,Ilario Castagner,1980-07-01,1982-01-25,"1,45"
Lazio,Roberto Lovati,1978-03-27,1980-06-30,"1,31"
Lazio,Luís Vinício,1976-07-01,1978-03-27,"1,27"
Lazio,Tommaso Maestrelli,1975-12-01,1976-06-30,"1,14"
Lazio,Giulio Corsini,1975-07-01,1975-12-01,"1,13"
Lazio,Tommaso Maestrelli,1971-07-01,1975-06-30,"1,73"
Lazio,Roberto Lovati,1971-05-30,1971-06-30,-
Lazio,Juan Carlos Lorenzo,1968-07-01,1971-05-30,"1,31"
Lazio,Roberto Lovati,1968-02-19,1968-06-30,"1,12"
Lazio,Renato Gei,1967-07-01,1968-02-19,"1,20"
Lazio,Maino Neri,1966-11-13,1967-06-30,"0,97"
Lazio,Umberto Mannocci,1964-07-01,1966-11-07,"1,14"
Lazio,Roberto Lovati,1962-10-14,1963-06-30,-
Lazio,Juan Carlos Lorenzo,1962-10-14,1964-06-30,"1,44"
Lazio,Carlo Facchini,1962-03-25,1962-10-07,"1,41"
Lazio,Roberto Lovati,1962-02-11,1962-03-18,"0,83"
Lazio,Paolo Todeschini,1961-07-01,1962-02-02,"1,68"
Lazio,Jesse Carver,1961-01-09,1961-06-30,"1,04"
Lazio,Fulvio Bernardini,1958-06-07,1960-12-05,"1,26"
Lazio,Milovan Ciric,1957-07-01,1958-02-03,"1,11"
Lazio,Alfredo Monza,1957-07-01,1959-06-30,"1,27"
Lazio,Jesse Carver,1956-01-10,1957-06-30,"1,67"
Lazio,Luigi Ferrero,1955-07-01,1956-01-10,"1,29"
Lazio,George Raynor,1954-11-01,1955-06-30,"1,37"
Lazio,Federico Allasio,1954-07-01,1954-11-01,"0,57"
Lazio,Mario Sperone,1953-07-01,1954-03-15,"1,17"
Lazio,Alfredo Notti,1953-03-22,1953-06-30,"1,00"
Lazio,Giuseppe Bigogno,1951-07-01,1953-03-17,"1,46"
Lazio,Mario Sperone,1948-11-15,1951-06-30,"1,63"
Lazio,Orlando Tognotti,1948-02-15,1948-11-14,"1,03"
Lazio,Anton Cargnelli,1946-02-11,1948-02-09,"1,25"
Lazio,Salvatore Gualtieri,1945-07-01,1946-02-16,"0,93"
Lazio,Alexander Popovich,1941-07-01,1943-06-30,"1,48"
Lazio,Ferenc Molnár,1940-11-17,1941-06-30,"1,39"
Lazio,Géza Kertész,1939-07-01,1940-11-10,"1,46"
Lazio,Luigi Allemandi,1939-02-26,1939-06-30,"0,75"
Lazio,Giuseppe Viola,1936-07-01,1939-02-20,"1,58"
Lazio,Walter Alt,1934-05-15,1936-06-30,"1,44"
Lazio,Karl Stürmer,1932-07-01,1934-04-29,"1,30"
Lazio,Cesare Migliorini,1931-05-05,1931-06-08,"2,00"
Lazio,Amilcar Barbuy,1930-07-01,1932-06-30,"1,16"
Lazio,Pietro Piselli,1929-10-21,1930-03-31,"1,00"
Lazio,Ferenc Molnár,1929-07-01,1929-10-21,"1,33"
Lazio,Ferenc Molnár,1930-03-31,1931-05-04,"1,29"
Lazio,Franz Sedlacek,1927-08-18,1929-06-30,"1,47"
Lazio,Dezso Kozsegy,1924-07-01,1925-06-30,"1,93"
Lazio,Guido Baccani,1921-07-01,1924-06-30,"1,95"
Le Havre,Didier Digard,2024-07-01,2026-05-03,"0,97"
Le Havre,Luka Elsner,2022-06-20,2024-06-30,"1,49"
Le Havre,Paul Le Guen,2019-07-01,2022-06-30,"1,32"
Le Havre,Oswald Tanchot,2016-10-04,2019-05-28,"1,57"
Le Havre,Bob Bradley,2015-11-10,2016-10-03,"1,69"
Le Havre,Christophe Revault,2015-09-28,2015-11-11,"2,60"
Le Havre,Thierry Goudet,2014-12-28,2015-09-28,"1,40"
Le Havre,Philippe Bizeul,2014-12-10,2014-12-27,"0,00"
Le Havre,Erick Mombaerts,2012-12-22,2014-12-10,"1,38"
Le Havre,Christophe Revault,2012-11-13,2012-12-22,"2,57"
Le Havre,Cédric Daury,2009-06-10,2012-11-12,"1,28"
Le Havre,Frédéric Hantz,2008-12-18,2009-05-31,"0,74"
Le Havre,Jean-Marc Nobilo,2007-07-01,2008-12-17,"1,59"
Le Havre,Thierry Uvenard,2005-04-01,2007-05-20,"1,47"
Le Havre,Philippe Hinschberger,2004-07-01,2005-04-02,"1,14"
Le Havre,Jean-François Domergue,2000-12-01,2004-06-30,"1,41"
Le Havre,Joel Beaujouan,2000-07-01,2000-11-30,"1,41"
Le Havre,Francis Smerecki,1999-06-06,2000-06-30,"1,00"
Le Havre,Joel Beaujouan,1998-10-18,1999-06-05,"1,25"
Le Havre,Denis Troch,1997-07-01,1998-10-17,"1,15"
Le Havre,René Exbrayat,1996-07-01,1997-06-30,"1,10"
Le Havre,Guy David,1993-07-01,1996-06-30,"1,21"
Le Havre,Pierre Mankowski,1988-07-01,1993-06-30,"1,59"
Le Havre,Didier Notheaux,1983-07-01,1988-06-30,"1,43"
Le Havre,Yves Herbet,1982-07-01,1983-06-30,"1,82"
Le Havre,Léonce Lavagne,1976-07-01,1982-07-01,"1,69"
Le Havre,Edmond Baraffe,1974-07-01,1976-06-30,-
Le Havre,Léonce Lavagne,1972-07-01,1974-07-01,-
Le Havre,Max Schirschin,1968-07-01,1971-06-30,"0,33"
Le Havre,Arie de Vroet,1963-07-01,1964-06-30,"1,00"
Le Havre,Lucien Jasseron,1957-07-01,1962-06-30,"1,42"
Le Havre,Théo Bisson,1956-07-01,1957-06-30,"0,00"
Le Havre,Edmond Delfour,1954-07-01,1955-06-30,"2,25"
Le Havre,René Bihel,1953-07-01,1954-06-30,"1,10"
Le Havre,Alexander Schwartz,1952-07-01,1953-06-30,"1,21"
Le Havre,Jules Bigot,1949-07-01,1952-06-30,"1,60"
Le Havre,Jean Cornilli,1946-07-01,1948-06-30,"0,73"
Le Havre,Sid Kimpton,1945-07-01,1946-06-30,"0,00"
Le Havre,Josef Schneider,1936-07-01,1939-06-30,"1,39"
Le Havre,Sid Kimpton,1923-09-19,1926-06-30,-
Lecce,Eusebio Di Francesco,2025-06-26,2026-05-03,"0,95"
Lecce,Marco Giampaolo,2024-11-11,2025-06-10,"0,96"
Lecce,Luca Gotti,2024-03-13,2024-11-09,"1,04"
Lecce,Roberto D'Aversa,2023-06-27,2024-03-11,"0,93"
Lecce,Marco Baroni,2021-07-01,2023-06-27,"1,41"
Lecce,Eugenio Corini,2020-08-22,2021-05-22,"1,57"
Lecce,Fabio Liverani,2017-09-17,2020-08-19,"1,57"
Lecce,Primo Maragliulo,2017-09-12,2017-09-17,"3,00"
Lecce,Roberto Rizzo,2017-04-24,2017-09-10,"1,25"
Lecce,Pasquale Padalino,2016-07-01,2017-04-24,"1,98"
Lecce,Piero Braglia,2015-10-12,2016-06-30,"1,94"
Lecce,Antonino Asta,2015-07-06,2015-10-12,"1,13"
Lecce,Alberto Bollini,2015-02-04,2015-07-03,"1,87"
Lecce,Dino Pagliari,2014-12-27,2015-02-03,"1,60"
Lecce,Franco Lerda,2013-09-24,2014-12-27,"1,83"
Lecce,Francesco Moriero,2013-07-01,2013-09-24,"0,86"
Lecce,Elio Gustinetti,2013-05-14,2013-06-30,"1,25"
Lecce,Antonio Toma,2013-01-21,2013-05-14,"2,00"
Lecce,Franco Lerda,2012-06-24,2013-01-21,"1,84"
Lecce,Serse Cosmi,2011-12-04,2012-06-24,"1,12"
Lecce,Eusebio Di Francesco,2011-06-24,2011-12-04,"0,57"
Lecce,Luigi De Canio,2009-03-09,2011-06-01,"1,36"
Lecce,Mario Beretta,2008-07-01,2009-03-09,"0,82"
Lecce,Giuseppe Papadopulo,2007-01-04,2008-06-30,"1,85"
Lecce,Zdenek Zeman,2006-07-01,2007-01-04,"1,05"
Lecce,Roberto Rizzo,2006-01-24,2006-06-30,"0,94"
Lecce,Franco Paleari,2006-01-23,2006-06-30,-
Lecce,Silvio Baldini,2005-09-27,2006-01-23,"0,75"
Lecce,Angelo Gregucci,2005-07-01,2005-09-26,"0,17"
Lecce,Zdenek Zeman,2004-07-01,2005-06-30,"1,19"
Lecce,Delio Rossi,2002-01-29,2004-06-30,"1,28"
Lecce,Alberto Cavasin,1999-07-01,2002-01-28,"1,14"
Lecce,Nedo Sonetti,1998-02-20,1999-06-30,"1,51"
Lecce,Angelo Pereni,1998-02-02,1998-02-16,"0,00"
Lecce,Cesare Prandelli,1997-07-01,1998-02-02,"0,79"
Lecce,Gian Piero Ventura,1995-07-01,1997-06-30,"1,71"
Lecce,Piero Lenzi,1995-01-30,1995-06-30,"0,56"
Lecce,Edoardo Reja,1994-11-16,1995-01-30,"0,89"
Lecce,Luciano Spinosi,1994-07-01,1994-11-15,"0,79"
Lecce,Rino Marchesi,1993-11-20,1994-06-30,"0,39"
Lecce,Nedo Sonetti,1993-07-01,1993-11-20,"0,62"
Lecce,Bruno Bolchi,1992-07-01,1993-06-30,"1,63"
Lecce,Alberto Bigon,1992-03-01,1992-06-30,"1,64"
Lecce,Aldo Sensibile,1992-01-19,1992-02-29,"0,33"
Lecce,Alberto Bigon,1991-07-01,1992-01-18,"1,41"
Lecce,Zbigniew Boniek,1990-07-01,1991-06-30,"1,05"
Lecce,Carlo Mazzone,1987-04-19,1990-06-30,"1,44"
Lecce,Pietro Santin,1986-07-01,1987-06-30,"1,21"
Lecce,Eugenio Fascetti,1983-07-01,1986-06-30,"1,30"
Lecce,Mario Corso,1982-07-01,1983-06-30,"1,21"
Lecce,Gianni Di Marzio,1980-11-10,1982-06-30,"1,27"
Lecce,Bruno Mazzia,1979-07-01,1980-11-10,"1,04"
Lecce,Pietro Santin,1978-07-01,1979-06-30,"1,43"
Lecce,Lamberto Giorgis,1977-07-01,1978-06-30,"1,33"
Lecce,Antonio Renna,1975-10-20,1977-06-30,"1,73"
Lecce,Nicola Chiricallo,1974-07-01,1975-06-30,"1,68"
Lecce,Giacomo Losi,1973-07-01,1974-06-30,"1,89"
Lecce,Giuseppe Corradi,1971-07-01,1973-06-30,"1,96"
Lecce,Eugenio Bersellini,1969-04-14,1971-06-30,"1,48"
Lecce,Ottorino Dugini,1968-07-01,1969-04-13,"1,83"
Lecce,Gianni Seghedoni,1967-01-01,1968-06-30,"1,53"
Lecce,Ambrogio Alfonso,1966-07-01,1967-04-30,"1,23"
Lecce,Gino Vianello,1965-07-01,1966-06-30,"1,12"
Lecce,Ambrogio Alfonso,1964-07-01,1965-06-30,"1,24"
Lecce,Piero Andreoli,1962-12-10,1964-06-30,"1,27"
Lecce,Ulisse Giunchi,1962-07-01,1962-12-09,"1,25"
Lecce,Dino Bovoli,1960-07-01,1962-06-30,"1,42"
Lecce,Ambrogio Alfonso,1959-07-01,1960-06-30,-
Lecce,Gino Vianello,1958-07-01,1959-06-30,"2,00"
Lecce,Ambrogio Alfonso,1956-07-01,1958-06-30,-
Lecce,Gino Vianello,1953-07-01,1954-06-30,-
Lecce,Cesare Migliorini,1949-07-01,1950-06-30,-
Lecce,Mario Magnozzi,1948-12-13,1949-05-30,"0,86"
Lecce,Guido Dossena,1947-07-01,1947-12-22,"1,50"
Lecce,Raffaele Costantino,1947-07-01,1949-06-30,"1,72"
Lecce,Ferenc Híres,1945-07-01,1946-06-30,-
Lecce,Alferio Cubi,1939-07-01,1941-06-30,-
Lecce,Giovanni Rebuffo,1938-07-01,1939-06-30,"0,00"
Lecce,Pietro Piselli,1930-07-01,1931-06-30,-
Leeds United,Daniel Farke,2023-07-04,2026-05-03,"1,81"
Leeds United,Sam Allardyce,2023-05-03,2023-06-30,"0,25"
Leeds United,Javi Gracia,2023-02-24,2023-05-02,"0,92"
Leeds United,Michael Skubala,2023-02-07,2023-02-23,"0,33"
Leeds United,Jesse Marsch,2022-02-28,2023-02-06,"1,16"
Leeds United,Marcelo Bielsa,2018-07-01,2022-02-27,"1,61"
Leeds United,Paul Heckingbottom,2018-02-06,2018-06-01,"1,00"
Leeds United,Thomas Christiansen,2017-06-15,2018-02-04,"1,51"
Leeds United,Garry Monk,2016-07-01,2017-05-25,"1,70"
Leeds United,Steve Evans,2015-10-20,2016-05-31,"1,42"
Leeds United,Uwe Rösler,2015-05-20,2015-10-19,"0,92"
Leeds United,Neil Redfearn,2014-11-01,2015-06-10,"1,21"
Leeds United,Darko Milanic,2014-09-22,2014-10-25,"0,50"
Leeds United,Neil Redfearn,2014-08-29,2014-09-22,"2,33"
Leeds United,Dave Hockaday,2014-06-19,2014-08-28,"1,00"
Leeds United,Nigel Gibbs,2014-01-31,2014-02-02,"3,00"
Leeds United,Brian McDermott,2013-04-12,2014-05-30,"1,28"
Leeds United,Neil Redfearn,2013-04-02,2013-04-11,"0,00"
Leeds United,Neil Warnock,2012-02-19,2013-04-01,"1,34"
Leeds United,Neil Redfearn,2012-02-02,2012-02-18,"1,50"
Leeds United,Simon Grayson,2008-12-23,2012-02-01,"1,73"
Leeds United,Gary McAllister,2008-01-29,2008-12-21,"1,69"
Leeds United,Dennis Wise,2006-10-24,2008-01-28,"1,48"
Leeds United,David Geddis,2006-10-23,2006-10-24,-
Leeds United,John Carver,2006-09-21,2006-10-23,"0,60"
Leeds United,Kevin Blackwell,2004-07-01,2006-09-20,"1,47"
Leeds United,Eddie Gray,2003-11-10,2004-05-31,"0,93"
Leeds United,Peter Reid,2003-03-21,2003-11-12,"1,09"
Leeds United,Terry Venables,2002-07-08,2003-03-21,"1,31"
Leeds United,David O'Leary,1998-10-01,2002-06-27,"1,72"
Leeds United,George Graham,1996-09-10,1998-10-01,"1,47"
Leeds United,Howard Wilkinson,1988-10-12,1996-09-09,"1,59"
Leeds United,Billy Bremner,1985-10-11,1988-09-28,"1,45"
Leeds United,Eddie Gray,1982-07-04,1985-10-11,"1,16"
Leeds United,Allan Clarke,1980-10-01,1982-06-24,"1,26"
Leeds United,Jimmy Adamson,1978-11-16,1980-09-30,"1,34"
Leeds United,Jock Stein,1978-07-31,1978-09-30,"1,38"
Leeds United,Jimmy Armfield,1974-10-04,1978-07-03,"1,59"
Leeds United,Maurice Lindley,1974-09-14,1974-10-03,"1,20"
Leeds United,Brian Clough,1974-07-30,1974-09-12,"0,71"
Leeds United,Don Revie,1961-03-01,1974-07-03,"1,89"
Leeds United,Jack Taylor,1959-05-01,1961-02-28,"1,04"
Leeds United,Bill Lambton,1958-12-01,1959-03-31,"1,22"
Leeds United,Willis Edwards,1957-07-01,1959-06-30,"1,27"
Leeds United,Raich Carter,1953-05-01,1958-05-31,"1,43"
Leeds United,Frank Buckley,1948-05-01,1953-04-14,"1,00"
Leeds United,Willis Edwards,1947-07-01,1948-06-30,"1,50"
Leeds United,Billy Hampson,1935-04-01,1947-04-30,"1,20"
Leeds United,Dick Ray,1927-07-01,1935-03-05,"1,34"
Leeds United,Arthur Fairclough,1920-02-01,1927-05-01,"1,04"
Leeds United,Dick Ray,1919-10-01,1920-01-31,-
Leganés,Igor Oca,2025-12-05,2026-05-03,"1,09"
Leganés,Paco López,2025-07-01,2025-12-04,"1,17"
Leganés,Borja Jiménez,2023-07-01,2025-06-30,"1,48"
Leganés,Carlos Martínez,2023-04-04,2023-06-30,"1,63"
Leganés,Imanol Idiakez,2022-07-01,2023-04-03,"1,14"
Leganés,Mehdi Nafti,2021-10-31,2022-06-30,"1,56"
Leganés,Asier Garitano,2021-01-26,2021-10-30,"1,36"
Leganés,Josep Lluís Martí,2020-08-03,2021-01-26,"1,67"
Leganés,Javier Aguirre,2019-11-04,2020-07-20,"1,33"
Leganés,Luis Cembranos,2019-10-21,2019-11-04,"1,00"
Leganés,Mauricio Pellegrino,2018-07-01,2019-10-21,"1,06"
Leganés,Asier Garitano,2013-06-28,2018-06-30,"1,43"
Leganés,Pablo Alfaro,2012-06-28,2013-06-28,"1,78"
Leganés,Víctor Fernández,2012-04-17,2012-06-28,"2,50"
Leganés,Carlos Orúe,2011-11-16,2012-02-16,"1,36"
Leganés,Miguel Álvarez,2011-06-20,2011-11-15,"0,93"
Leganés,Rafa Muñoz,2011-01-18,2011-02-21,"0,00"
Leganés,Miguel Rivera,2010-07-06,2011-01-17,"1,73"
Leganés,Agustin Vara,2010-03-22,2010-05-19,"2,50"
Leganés,Luis Ángel Duque,2009-07-01,2010-03-22,"1,18"
Leganés,Agustin Vara,2009-05-05,2009-06-30,"0,67"
Leganés,David Gordo,2007-07-01,2009-05-04,"1,55"
Leganés,Santiago Prado,2006-03-25,2007-06-30,"3,00"
Leganés,Luis Ángel Duque,2005-09-17,2006-04-21,"1,00"
Leganés,Paco Gutiérrez,2004-07-01,2005-02-06,"0,00"
Leganés,Víctor Hugo Marchesini,2004-01-18,2004-02-04,-
Leganés,Carlos Aimar,2003-07-01,2004-01-18,"0,57"
Leganés,Enrique Martín,2002-11-10,2003-06-30,"1,30"
Leganés,Carlos Sánchez Aguiar,2001-11-12,2002-11-12,"1,20"
Leganés,Ciriaco Cano,2001-07-01,2001-11-09,"1,17"
Leganés,Enrique Martín,1999-10-11,2001-06-30,"1,34"
Leganés,Luis Sánchez Duque,1998-07-01,1999-06-30,"1,12"
Leganés,Pedro Braojos,1997-07-01,1998-06-30,"1,33"
Leganés,Luis Sánchez Duque,1995-07-01,1997-06-30,"1,41"
Leganés,Luis Ángel Duque,1989-07-01,1995-06-30,"0,90"
Leganés,José Antonio Segura,1981-11-10,1982-10-11,"0,00"
Leganés,Antonio Briones,1980-07-01,1981-04-20,-
Leganés,Jaime Sendino,1978-07-01,1980-01-21,-
Leicester City,Gary Rowett,2026-02-18,2026-05-03,"1,00"
Leicester City,Andy King,2026-01-25,2026-02-17,"0,00"
Leicester City,Martí Cifuentes,2025-07-15,2026-01-25,"1,32"
Leicester City,Ruud van Nistelrooy,2024-12-01,2025-06-27,"0,67"
Leicester City,Ben Dawson,2024-11-25,2024-11-30,"0,00"
Leicester City,Steve Cooper,2024-07-01,2024-11-24,"1,07"
Leicester City,Enzo Maresca,2023-07-01,2024-06-30,"2,11"
Leicester City,Dean Smith,2023-04-11,2023-06-30,"1,13"
Leicester City,Mike Stowell,2023-04-03,2023-04-10,-
Leicester City,Adam Sadler,2023-04-03,2023-04-10,"0,00"
Leicester City,Brendan Rodgers,2019-02-27,2023-04-02,"1,59"
Leicester City,Adam Sadler,2019-02-24,2019-02-26,-
Leicester City,Mike Stowell,2019-02-24,2019-02-26,"3,00"
Leicester City,Claude Puel,2017-10-25,2019-02-24,"1,33"
Leicester City,Michael Appleton,2017-10-17,2017-10-25,"3,00"
Leicester City,Craig Shakespeare,2017-03-12,2017-10-17,"1,38"
Leicester City,Craig Shakespeare,2017-02-24,2017-03-11,"3,00"
Leicester City,Claudio Ranieri,2015-07-13,2017-02-23,"1,59"
Leicester City,Nigel Pearson,2011-11-15,2015-06-30,"1,61"
Leicester City,Jon Rudkin,2011-10-25,2011-11-14,-
Leicester City,Mike Stowell,2011-10-25,2011-11-14,"1,00"
Leicester City,Sven-Göran Eriksson,2010-10-02,2011-10-24,"1,55"
Leicester City,Paulo Sousa,2010-07-05,2010-10-01,"1,17"
Leicester City,Chris Powell,2009-07-01,2010-06-30,"1,00"
Leicester City,Nigel Pearson,2008-07-01,2010-06-29,"1,82"
Leicester City,Ian Holloway,2007-11-22,2008-06-30,"1,09"
Leicester City,Frank Burrows,2007-10-24,2007-11-22,"1,00"
Leicester City,Gary Megson,2007-09-13,2007-10-24,"1,44"
Leicester City,Jon Rudkin,2007-08-29,2007-09-13,-
Leicester City,Martin Allen,2007-05-25,2007-08-29,"1,75"
Leicester City,Nigel Worthington,2007-04-11,2007-06-30,"1,20"
Leicester City,Rob Kelly,2006-01-25,2007-04-10,"1,15"
Leicester City,Craig Levein,2004-11-01,2006-01-25,"1,21"
Leicester City,Howard Wilkinson,2004-10-12,2004-10-30,-
Leicester City,Dave Bassett,2004-10-11,2004-10-31,"1,00"
Leicester City,Micky Adams,2002-04-08,2004-10-10,"1,45"
Leicester City,Dave Bassett,2001-10-10,2002-04-06,"0,71"
Leicester City,Garry Parker,2001-09-30,2001-10-10,"0,00"
Leicester City,Peter Taylor,2000-06-12,2001-09-30,"1,22"
Leicester City,Martin O'Neill,1995-12-21,2000-05-31,"1,45"
Leicester City,Mark McGhee,1994-12-15,1995-12-07,"1,14"
Leicester City,Kevin MacDonald,1994-11-22,1994-12-14,"1,00"
Leicester City,Brian Little,1991-05-30,1994-11-22,"1,18"
Leicester City,Gordon Lee,1991-01-30,1991-05-29,"1,00"
Leicester City,David Pleat,1987-12-25,1991-01-20,"1,11"
Leicester City,Bryan Hamilton,1986-07-01,1987-12-31,"0,93"
Leicester City,Gordon Milne,1982-08-01,1986-06-30,"1,20"
Leicester City,Jock Wallace Jr.,1978-07-01,1982-06-30,"1,19"
Leicester City,Ian MacFarlane,1978-04-06,1978-06-30,"0,60"
Leicester City,Frank McLintock,1977-06-09,1978-04-05,"0,65"
Leicester City,Jimmy Bloomfield,1971-07-01,1977-06-30,"1,27"
Leicester City,Frank O'Farrell,1969-01-01,1971-06-08,"1,33"
Leicester City,Matt Gillies,1958-11-08,1968-11-30,"1,36"
Leicester City,Dave Halliday,1955-06-01,1958-10-25,"1,14"
Leicester City,Norman Bullock,1949-12-01,1955-02-01,"1,16"
Leicester City,John Duncan,1946-03-01,1949-10-11,"0,75"
Leicester City,Tom Bromilow,1939-08-01,1945-05-01,-
Leicester City,Frank Womack,1936-10-01,1939-05-01,"1,12"
Leicester City,Peter Hodge,1932-03-13,1934-07-31,"1,23"
Leicester City,Willie Orr,1926-07-01,1932-01-18,"1,46"
Leicester City,Peter Hodge,1919-09-06,1926-05-31,"1,28"
Leicester City,David Gardner,1919-07-01,1932-06-30,"1,56"
Leicester City,Louis Ford,1914-07-01,1915-06-30,-
Leicester City,Andy Aitken,1909-07-01,1911-06-30,"1,21"
Leicester City,James Blessington,1907-07-01,1909-06-30,"0,75"
Leicester City,George Johnson,1898-07-01,1907-01-01,-
Leicester City,Henry Jackson,1895-07-01,1897-06-30,-
Lens,Pierre Sage,2025-07-01,2026-05-03,"2,19"
Lens,Will Still,2024-07-01,2025-06-30,"1,49"
Lens,Franck Haise,2020-02-25,2024-06-30,"1,71"
Lens,Philippe Montanier,2018-05-22,2020-02-25,"1,73"
Lens,Eric Sikora,2017-08-20,2018-05-18,"1,41"
Lens,Alain Casanova,2016-07-01,2017-08-20,"1,60"
Lens,Antoine Kombouaré,2013-06-25,2016-06-30,"1,35"
Lens,Eric Sikora,2012-09-24,2013-06-25,"1,44"
Lens,Jean-Louis Garcia,2011-06-01,2012-09-24,"1,27"
Lens,Ladislau Bölöni,2011-01-02,2011-05-31,"0,90"
Lens,Jean-Guy Wallemme,2008-05-27,2011-01-02,"1,47"
Lens,Jean-Pierre Papin,2007-08-25,2008-06-30,"1,26"
Lens,Guy Roux,2007-07-01,2007-08-26,"1,00"
Lens,Francis Gillot,2005-01-24,2007-05-28,"1,61"
Lens,Joël Muller,2001-11-15,2005-01-24,"1,47"
Lens,Georges Tournay,2001-02-09,2001-06-30,"1,00"
Lens,Rolland Courbis,2000-07-01,2001-02-08,"1,23"
Lens,François Brisson,1999-10-01,2000-06-30,"1,47"
Lens,Daniel Leclercq,1997-07-01,1999-10-01,"1,77"
Lens,Roger Lemerre,1997-03-17,1997-06-30,"1,67"
Lens,Slavoljub Muslin,1996-07-01,1997-03-11,"1,14"
Lens,Patrice Bergues,1992-12-02,1996-06-30,"1,59"
Lens,Arnaud Dos Santos,1990-07-01,1992-11-30,"1,38"
Lens,Marcel Husson,1989-10-15,1990-06-30,"1,39"
Lens,Philippe Redon,1989-07-01,1989-10-15,"1,50"
Lens,Jean Parisseaux,1988-09-01,1989-06-30,"0,53"
Lens,Arnold Sowinski,1988-05-01,1988-08-30,"0,93"
Lens,Joachim Marx,1985-07-01,1988-06-30,"1,45"
Lens,Gérard Houllier,1982-07-01,1985-06-30,"1,47"
Lens,Jean Sérafin,1981-07-01,1982-06-30,"1,18"
Lens,Arnold Sowinski,1979-07-01,1981-06-30,"1,31"
Lens,Roger Lemerre,1978-07-01,1979-06-30,"2,02"
Lens,Arnold Sowinski,1969-07-01,1978-06-30,"1,59"
Lens,Elie Fruchart,1962-07-01,1969-06-30,"1,41"
Lens,Jules Bigot,1959-01-01,1962-06-30,"1,57"
Lens,Karel Michlowski,1956-07-01,1959-01-01,"1,60"
Lens,Anton Marek,1953-07-01,1956-06-30,"1,55"
Lens,Ladislav Dupal,1950-07-01,1953-06-30,"1,26"
Lens,Anton Marek,1945-07-01,1947-06-30,"1,36"
Lens,John Galbraith,1939-07-01,1940-06-30,-
Lens,József Eisenhoffer,1938-10-01,1939-06-30,"1,20"
Lens,John Galbraith,1936-07-01,1938-06-30,"1,25"
Lens,Robert De Veen,1934-07-01,1935-06-30,-
Levante,Luís Castro,2025-12-20,2026-05-03,"1,28"
Levante,Álvaro del Moral,2025-11-30,2025-12-19,"1,00"
Levante,Julián Calero,2024-07-01,2025-11-30,"1,57"
Levante,Felipe Miñambres,2024-02-19,2024-06-30,"1,33"
Levante,Javier Calleja,2022-10-17,2024-02-19,"1,68"
Levante,Felipe Miñambres,2022-10-11,2022-10-16,"3,00"
Levante,Mehdi Nafti,2022-07-01,2022-10-10,"1,11"
Levante,Alessio Lisci,2021-12-07,2022-06-30,"1,17"
Levante,Alessio Lisci,2021-11-30,2021-12-06,"2,00"
Levante,Javi Pereira,2021-10-07,2021-11-29,"0,43"
Levante,Paco López,2018-03-05,2021-10-03,"1,31"
Levante,Juan Muñiz,2016-07-01,2018-03-04,"1,51"
Levante,Rubi,2015-10-27,2016-06-30,"0,87"
Levante,Lucas Alcaraz,2014-10-22,2015-10-26,"1,00"
Levante,José Luis Mendilibar,2014-07-01,2014-10-21,"0,63"
Levante,Joaquín Caparrós,2013-07-01,2014-05-27,"1,25"
Levante,Juan Ignacio Martínez,2011-07-01,2013-06-20,"1,37"
Levante,Luis García,2008-07-21,2011-06-07,"1,46"
Levante,José Moreno,2008-04-17,2008-06-30,"0,67"
Levante,Giovanni De Biasi,2007-10-10,2008-04-16,"0,86"
Levante,Abel Resino,2007-01-21,2007-10-08,"0,79"
Levante,Juan Ramón López Caro,2006-07-06,2007-01-15,"1,21"
Levante,Mané,2005-11-01,2006-06-30,"1,84"
Levante,José Luis Oltra,2005-05-02,2005-10-31,"1,13"
Levante,Bernd Schuster,2004-07-01,2005-05-01,"1,03"
Levante,Manolo Preciado,2003-07-11,2004-06-30,"1,91"
Levante,José Gómez,2003-05-20,2003-06-30,"1,33"
Levante,Carlos Cantarero,2002-02-08,2003-05-19,"1,38"
Levante,José Gómez,2002-01-27,2002-02-08,"0,00"
Levante,José Balaguer,2001-10-23,2002-01-27,"2,33"
Levante,José Carlos Granero,2000-07-01,2001-10-22,"1,35"
Levante,José Balaguer,1998-03-17,2000-06-30,"1,33"
Levante,Txutxi Aranguren,1998-01-19,1998-03-16,"0,75"
Levante,Roberto Álvarez,1997-11-25,1998-01-19,"0,50"
Levante,José Enrique Díaz,1997-09-17,1997-11-24,"0,83"
Levante,Emilio Cruz,1997-07-01,1997-09-14,-
Levante,Mané,1996-07-01,1997-06-30,"1,73"
Levante,Carlos Simón,1995-07-01,1996-06-30,"1,50"
Levante,Juande Ramos,1994-07-01,1995-06-30,-
Levante,Jordi Gonzalvo,1994-02-19,1994-06-30,-
Levante,José Enrique Díaz,1993-07-01,1994-02-14,-
Levante,Juan Muñoz,1992-07-01,1993-06-30,-
Levante,Luis Costa,1992-01-13,1992-06-30,-
Levante,Toni Aparicio,1991-11-05,1992-01-13,-
Levante,José Martínez,1991-02-01,1991-11-04,"0,33"
Levante,José Antonio Irulegui,1990-11-20,1991-01-28,"0,00"
Levante,Antal Dunai,1990-07-01,1990-11-19,"0,00"
Levante,José Martínez,1990-03-20,1990-06-30,"1,25"
Levante,Roberto Álvarez,1988-07-01,1990-03-18,"1,67"
Levante,Pachín,1987-11-24,1988-06-30,-
Levante,Quique Hernández,1987-07-01,1987-11-22,-
Levante,Alfonso Nebot,1987-04-06,1987-06-30,-
Levante,Josu Ortuondo,1986-07-01,1987-04-06,-
Levante,Juan Muñoz,1985-07-01,1986-06-30,"3,00"
Levante,Pachín,1984-12-25,1985-06-30,-
Levante,Evaristo Carrió,1984-07-01,1985-12-24,-
Levante,José Martínez,1982-07-01,1984-06-30,-
Levante,Roberto Gil,1981-10-20,1982-06-30,-
Levante,Antonio Calpe,1981-10-04,1981-10-23,-
Levante,Vicente Piquer,1981-09-13,1981-10-03,-
Levante,Todor Veselinovic,1981-08-02,1981-08-29,-
Levante,Joaquim Rifé,1981-03-24,1981-06-30,"0,73"
Levante,Pachín,1979-07-01,1981-03-23,"1,25"
Levante,José Antonio Naya,1977-11-29,1979-06-30,"2,00"
Levante,Vicente Dauder,1977-07-01,1977-11-28,"3,00"
Levante,Álvaro Pérez,1977-04-09,1977-06-30,"3,00"
Levante,Ramón Miralles,1976-07-01,1977-04-04,-
Levante,Dagoberto Moll,1975-09-12,1976-06-30,-
Levante,Ferdinand Daucik,1975-09-03,1975-09-11,-
Levante,Juan Carlos Barral,1975-07-01,1975-08-19,-
Levante,Ferdinand Daucik,1974-10-01,1975-06-30,"1,50"
Levante,Juan Navarro,1974-01-24,1974-10-01,-
Levante,Héctor Núñez,1973-11-06,1974-01-22,"1,50"
Levante,José Juncosa,1972-05-28,1973-11-05,-
Levante,Álvaro Pérez,1967-11-12,1968-06-30,-
Levante,Enrique Orizaola,1964-07-01,1965-06-30,"0,91"
Levante,Quique Martín,1963-01-20,1964-06-30,"1,26"
Levante,Ramón Balaguer,1963-01-08,1963-01-14,-
Levante,Lelé,1960-07-01,1963-01-06,-
Levante,Álvaro Pérez,1957-12-01,1959-06-30,"0,50"
Levante,Juan José Urquizu,1956-12-15,1957-11-25,-
Levante,Ramón Balaguer,1950-07-01,1951-06-30,-
Levante,Antonio Bonet,1948-07-01,1949-12-19,"0,75"
Levante,Antonin Fivebr,1931-07-01,1933-06-30,-
Lille,Bruno Génésio,2024-07-01,2026-05-03,"1,71"
Lille,Paulo Fonseca,2022-07-01,2024-06-30,"1,79"
Lille,Jocelyn Gourvennec,2021-07-05,2022-06-16,"1,47"
Lille,Christophe Galtier,2017-12-29,2021-06-30,"1,74"
Lille,Fernando Da Cruz,2017-11-22,2017-12-29,"1,17"
Lille,Marcelo Bielsa,2017-07-01,2017-11-22,"1,07"
Lille,Franck Passi,2017-02-14,2017-06-30,"1,53"
Lille,Patrick Collot,2016-11-23,2017-02-13,"1,47"
Lille,Frédéric Antonetti,2015-11-22,2016-11-22,"1,53"
Lille,Patrick Collot,2015-11-12,2015-11-22,"1,00"
Lille,Hervé Renard,2015-05-26,2015-11-11,"1,14"
Lille,René Girard,2013-07-01,2015-06-30,"1,58"
Lille,Rudi Garcia,2008-07-01,2013-06-30,"1,77"
Lille,Claude Puel,2002-07-01,2008-06-30,"1,51"
Lille,Vahid Halilhodzic,1998-09-01,2002-06-30,"1,75"
Lille,Thierry Froger,1997-07-01,1998-09-15,"1,46"
Lille,Charles Samoy,1997-03-01,1997-06-30,-
Lille,Hervé Gauthier,1997-03-01,1997-06-30,"0,42"
Lille,Jean-Michel Cavalli,1995-09-02,1997-04-15,"1,27"
Lille,Jean-Michel Cavalli,1994-07-01,1995-09-01,"0,50"
Lille,Jean Fernandez,1994-07-01,1995-08-20,"1,19"
Lille,Pierre Mankowski,1993-07-01,1994-06-30,"1,03"
Lille,Henryk Kasperczak,1993-03-01,1993-06-30,"0,92"
Lille,Bruno Metsu,1992-07-01,1993-02-28,"0,96"
Lille,Jacques Santini,1989-07-01,1992-06-30,"1,25"
Lille,Georges Heylens,1984-07-01,1989-06-30,"1,31"
Lille,Arnaud Dos Santos,1982-07-01,1984-06-30,"1,29"
Lille,José Arribas,1977-07-01,1982-06-30,"1,45"
Lille,Charles Samoy,1976-11-01,1977-06-30,"0,79"
Lille,Georges Peyroche,1973-09-15,1976-11-01,"1,59"
Lille,René Gardien,1970-07-01,1973-06-30,"1,55"
Lille,Daniel Langrand,1966-04-01,1969-06-30,"1,18"
Lille,Jules Bigot,1963-07-01,1966-06-30,"1,27"
Lille,Jean Baratte,1961-07-01,1962-06-30,"1,00"
Lille,Jules Vandooren,1959-07-01,1961-06-30,"1,78"
Lille,André Cheuva,1946-07-01,1958-12-01,"1,66"
Lille,Bill Berry,1944-07-01,1946-06-30,"1,33"
Liverpool,Arne Slot,2024-07-01,2026-05-03,"1,95"
Liverpool,Jürgen Klopp,2015-10-08,2024-06-30,"2,07"
Liverpool,Brendan Rodgers,2012-07-01,2015-10-04,"1,77"
Liverpool,Kenny Dalglish,2011-01-08,2012-05-16,"1,68"
Liverpool,Roy Hodgson,2010-07-01,2011-01-07,"1,52"
Liverpool,Rafael Benítez,2004-07-01,2010-06-30,"1,90"
Liverpool,Gérard Houllier,1998-11-12,2004-06-30,"1,80"
Liverpool,Roy Evans,1994-01-28,1998-11-11,"1,79"
Liverpool,Graeme Souness,1991-04-16,1994-01-28,"1,54"
Liverpool,Ronnie Moran,1991-02-22,1991-04-15,"1,30"
Liverpool,Kenny Dalglish,1985-05-30,1991-02-21,"2,07"
Liverpool,Joe Fagan,1983-07-01,1985-05-29,"1,91"
Liverpool,Bob Paisley,1974-07-26,1983-06-30,"1,97"
Liverpool,Bill Shankly,1959-12-14,1974-07-12,"1,81"
Liverpool,Phil Taylor,1956-05-05,1959-11-17,"1,73"
Liverpool,Don Welsh,1951-03-05,1956-05-04,"1,29"
Liverpool,George Kay,1936-08-06,1951-01-30,"1,42"
Liverpool,George Patterson,1928-03-07,1936-08-06,"1,35"
Liverpool,Matt McQueen,1923-02-13,1928-02-15,"1,44"
Liverpool,David Ashworth,1919-12-17,1922-12-29,"1,77"
Liverpool,George Patterson,1918-09-14,1919-12-17,"1,18"
Liverpool,Tom Watson,1896-08-17,1915-05-06,"1,49"
Liverpool,John McKenna,1892-03-15,1896-08-16,"0,80"
Liverpool,William Barclay,1892-03-15,1896-07-01,-
Lorient,Olivier Pantaloni,2024-07-01,2026-06-30,"1,77"
Lorient,Régis Le Bris,2022-06-27,2024-06-30,"1,18"
Lorient,Christophe Pélissier,2019-05-29,2022-06-26,"1,29"
Lorient,Mickaël Landreau,2017-05-30,2019-05-28,"1,69"
Lorient,Bernard Casoni,2016-11-08,2017-05-29,"1,16"
Lorient,Franck Haise,2016-10-23,2016-11-07,"0,50"
Lorient,Sylvain Ripoll,2014-07-01,2016-10-23,"1,20"
Lorient,Christian Gourcuff,2003-07-01,2014-06-30,"1,37"
Lorient,Ángel Marcos,2001-07-01,2001-12-01,"0,94"
Lorient,Yvon Pouliquen,2001-07-01,2003-06-30,"1,64"
Lorient,Christian Gourcuff,1991-07-01,2001-06-30,"1,33"
Lorient,Alain Thiboult,1988-03-01,1990-06-30,"0,98"
Lorient,Michel Le Calloc'h,1986-07-01,1988-03-01,"0,84"
Lorient,Christian Gourcuff,1982-07-01,1986-06-30,"1,08"
Lorient,Louis Hon,1976-07-01,1978-01-01,"1,18"
Lorient,Jean Vincent,1972-07-01,1976-06-30,"1,03"
Lorient,Emile Rummelhardt,1969-07-01,1971-06-30,"0,25"
Lorient,Antoine Cuissard,1967-07-01,1969-01-01,-
Lorient,Antoine Cuissard,1959-07-01,1960-01-01,-
Lorient,Marcel Lisiero,1948-07-01,1951-06-30,-
Lorient,Jean Snella,1946-07-01,1948-06-30,-
Luton Town,Jack Wilshere,2025-10-13,2026-05-03,"1,77"
Luton Town,Alex Lawless,2025-10-07,2025-10-12,"0,00"
Luton Town,Matt Bloomfield,2025-01-14,2025-10-06,"1,30"
Luton Town,Paul Trollope,2025-01-10,2025-01-14,"0,00"
Luton Town,Rob Edwards,2022-11-17,2025-01-09,"1,18"
Luton Town,Mick Harford,2022-11-10,2022-11-16,"1,00"
Luton Town,Nathan Jones,2020-05-28,2022-11-09,"1,49"
Luton Town,Mick Harford,2020-04-24,2020-05-28,-
Luton Town,Graeme Jones,2019-05-07,2020-04-24,"1,00"
Luton Town,Mick Harford,2019-01-10,2019-05-05,"2,00"
Luton Town,Nathan Jones,2016-01-06,2019-01-08,"1,82"
Luton Town,Andy Awford,2015-12-17,2016-01-06,"1,00"
Luton Town,John Still,2013-02-26,2015-12-17,"1,65"
Luton Town,Alan Neilson,2013-02-19,2013-02-26,"0,00"
Luton Town,Paul Buckle,2012-04-07,2013-02-19,"1,72"
Luton Town,Paul Carden,2012-04-01,2012-04-07,-
Luton Town,Alan Neilson,2012-04-01,2012-04-07,"0,00"
Luton Town,Gary Brabin,2011-03-28,2012-03-30,"1,69"
Luton Town,Richard Money,2009-10-30,2011-03-28,"1,85"
Luton Town,Alan Neilson,2009-10-01,2009-10-30,"2,50"
Luton Town,Mick Harford,2008-01-16,2009-10-01,"1,21"
Luton Town,Kevin Blackwell,2007-03-27,2008-01-16,"1,36"
Luton Town,Brian Stein,2007-03-16,2007-03-27,"0,00"
Luton Town,Mike Newell,2003-06-23,2007-03-15,"1,48"
Luton Town,Joe Kinnear,2001-02-09,2003-05-23,"1,29"
Luton Town,Lil Fuccillo,2000-11-16,2001-02-07,"0,64"
Luton Town,Ricky Hill,2000-07-10,2000-11-15,"0,74"
Luton Town,Lennie Lawrence,1995-12-21,2000-07-04,"1,34"
Luton Town,Terry Westley,1995-07-03,1995-12-18,"0,65"
Luton Town,David Pleat,1991-07-01,1995-06-30,"0,99"
Luton Town,Jimmy Ryan,1990-01-01,1991-06-30,"1,10"
Luton Town,Ray Harford,1987-07-01,1990-01-31,"1,32"
Luton Town,John Moore,1986-06-03,1987-06-15,"1,57"
Luton Town,David Pleat,1978-01-25,1986-05-15,"1,29"
Luton Town,Harry Haslam,1972-05-05,1978-01-22,"1,15"
Luton Town,Alec Stock,1968-07-01,1972-06-30,"1,13"
Luton Town,Allan Brown,1966-11-04,1968-12-17,-
Luton Town,George Martin,1965-07-01,1966-06-30,-
Luton Town,Bill Harvey,1962-07-24,1964-11-21,"0,11"
Luton Town,Jack Crompton,1962-07-01,1962-07-08,-
Luton Town,Sam Bartram,1960-07-18,1962-06-14,"1,31"
Luton Town,Syd Owen,1958-10-01,1960-06-30,"0,95"
Luton Town,Dally Duncan,1947-06-13,1958-10-16,"1,32"
Luton Town,George Martin,1938-07-01,1947-04-30,"1,50"
Luton Town,Neil McBain,1938-06-01,1939-06-01,"1,50"
Luton Town,Ned Liddell,1936-07-01,1938-02-01,"3,00"
Luton Town,George Kay,1929-12-01,1931-05-31,-
Luton Town,John McCartney,1927-09-14,1929-12-21,-
Lyon,Paulo Fonseca,2025-01-31,2026-05-03,"1,92"
Lyon,Jorge Maciel,2025-01-28,2025-01-30,"1,00"
Lyon,Pierre Sage,2023-11-30,2025-01-28,"1,93"
Lyon,Fabio Grosso,2023-09-18,2023-11-30,"0,71"
Lyon,Jean-François Vulliez,2023-09-11,2023-09-17,"1,00"
Lyon,Laurent Blanc,2022-10-09,2023-09-11,"1,65"
Lyon,Peter Bosz,2021-05-29,2022-10-09,"1,67"
Lyon,Rudi Garcia,2019-10-14,2021-05-24,"1,88"
Lyon,Sylvinho,2019-07-01,2019-10-07,"1,18"
Lyon,Bruno Génésio,2015-12-24,2019-06-30,"1,84"
Lyon,Hubert Fournier,2014-07-01,2015-12-23,"1,67"
Lyon,Rémi Garde,2011-06-21,2014-06-30,"1,75"
Lyon,Claude Puel,2008-07-01,2011-06-20,"1,74"
Lyon,Alain Perrin,2007-07-01,2008-06-30,"2,07"
Lyon,Gérard Houllier,2005-07-01,2007-05-25,"2,15"
Lyon,Paul Le Guen,2002-07-01,2005-06-30,"1,90"
Lyon,Jacques Santini,2000-07-01,2002-06-30,"1,87"
Lyon,Bernard Lacombe,1996-12-02,2000-06-30,"1,81"
Lyon,Guy Stéphan,1995-07-01,1996-11-01,"1,42"
Lyon,Jean Tigana,1993-07-01,1995-06-30,"1,67"
Lyon,Raymond Domenech,1988-07-01,1993-06-30,"1,39"
Lyon,Marcel Le Borgne,1988-03-06,1988-06-30,"1,87"
Lyon,Denis Papastratides,1987-10-15,1988-03-06,"1,86"
Lyon,Robert Nouzaret,1985-07-01,1987-10-15,"1,81"
Lyon,Robert Herbin,1983-02-22,1985-06-30,"1,58"
Lyon,Vladimir Kovacevic,1981-11-22,1983-02-22,"1,12"
Lyon,Jean-Pierre Destrumelle,1980-07-01,1981-11-22,"1,40"
Lyon,Aimé Jacquet,1976-02-07,1980-06-30,"1,28"
Lyon,Aimé Mignot,1968-07-01,1976-02-07,"1,51"
Lyon,Louis Hon,1966-07-01,1968-06-30,"1,35"
Lyon,Lucien Jasseron,1962-07-01,1966-06-30,"1,51"
Lyon,Manuel Fernández,1961-07-01,1962-06-30,"1,32"
Lyon,Gaby Robert,1959-07-01,1961-06-30,"1,17"
Lyon,Lucien Troupel,1955-07-01,1959-06-30,"1,48"
Lyon,Julien Darui,1954-12-16,1955-06-30,"1,55"
Lyon,Oscar Heisserer,1950-07-01,1954-12-15,"1,07"
Lyon,Gules Limbeck,1933-07-01,1934-01-15,-
Magdeburg,Pascal Ibold,2025-11-03,2026-05-03,-
Magdeburg,Petrik Sander,2025-11-03,2026-05-03,"1,32"
Magdeburg,Pascal Ibold,2025-10-12,2025-11-02,-
Magdeburg,Petrik Sander,2025-10-12,2025-11-02,"1,75"
Magdeburg,Markus Fiedler,2025-07-01,2025-10-12,"0,67"
Magdeburg,Christian Titz,2021-02-12,2025-06-30,"1,59"
Magdeburg,Matthias Mincu,2021-02-09,2021-02-12,-
Magdeburg,Thomas Hoßmang,2020-07-08,2021-02-09,"0,91"
Magdeburg,Thomas Hoßmang,2020-06-10,2020-07-07,"1,43"
Magdeburg,Claus-Dieter Wollitz,2020-01-01,2020-06-10,"0,91"
Magdeburg,Stefan Krämer,2019-07-01,2019-12-22,"1,36"
Magdeburg,Michael Oenning,2018-11-14,2019-06-30,"1,05"
Magdeburg,Jens Härtel,2014-07-01,2018-11-12,"1,78"
Magdeburg,Andreas Petersen,2012-07-01,2014-06-30,"1,64"
Magdeburg,Carsten Müller,2012-05-03,2012-06-30,"0,33"
Magdeburg,Detlef Ullrich,2012-03-20,2012-05-03,"1,14"
Magdeburg,Ronny Thielemann,2011-10-25,2012-03-20,"0,79"
Magdeburg,Wolfgang Sandhowe,2011-03-17,2011-10-25,"1,24"
Magdeburg,Ruud Kaiser,2010-07-01,2011-03-17,"1,04"
Magdeburg,Carsten Müller,2010-03-23,2010-06-30,"1,64"
Magdeburg,Steffen Baumgart,2009-04-01,2010-03-23,"1,42"
Magdeburg,Paul Linz,2007-12-11,2009-03-31,"1,83"
Magdeburg,Dirk Heyne,2003-04-23,2007-12-09,"1,79"
Magdeburg,Martin Hoffmann,2002-07-01,2003-04-22,"1,14"
Magdeburg,Joachim Steffens,2001-10-31,2002-06-30,"1,60"
Magdeburg,Eberhard Vogel,2000-07-01,2001-10-30,"1,93"
Magdeburg,Jürgen Görlitz,1999-11-15,2000-06-30,"1,50"
Magdeburg,Hans-Dieter Schmidt,1996-09-17,1999-11-15,"1,45"
Magdeburg,Karl Herdle,1996-03-05,1996-09-17,"1,23"
Magdeburg,Martin Hoffmann,1994-07-01,1996-03-03,"1,20"
Magdeburg,Frank Engel,1993-12-03,1994-06-30,"1,81"
Magdeburg,Martin Hoffmann,1993-11-22,1993-12-03,"3,00"
Magdeburg,Jürgen Pommerenke,1992-11-01,1993-11-22,"1,63"
Magdeburg,Wolfgang Grobe,1992-03-24,1992-10-31,"1,52"
Magdeburg,Joachim Streich,1991-07-01,1992-03-23,"2,00"
Magdeburg,Siegmund Mewes,1990-07-01,1991-06-30,"1,21"
Magdeburg,Joachim Streich,1985-07-01,1990-06-30,"1,47"
Magdeburg,Claus Kreul,1982-04-12,1985-06-30,"1,57"
Magdeburg,Klaus Urbanczyk,1976-07-01,1982-04-11,"1,83"
Magdeburg,Heinz Krügel,1966-08-21,1976-06-19,"1,56"
Magdeburg,Ernst Kümmel,1962-07-01,1965-12-31,"1,70"
Magdeburg,Fritz Wittenbecher,1958-05-12,1962-06-30,"1,71"
Magdeburg,Hans Manthey,1956-10-04,1958-05-12,"1,76"
Mallorca,Martín Demichelis,2026-03-01,2026-05-03,"1,75"
Mallorca,Gustavo Siviero,2026-02-24,2026-02-28,"0,00"
Mallorca,Jagoba Arrasate,2024-07-01,2026-02-23,"1,15"
Mallorca,Javier Aguirre,2022-03-24,2024-06-30,"1,35"
Mallorca,Luis García,2020-08-06,2022-03-22,"1,58"
Mallorca,Vicente Moreno,2017-07-01,2020-08-03,"1,50"
Mallorca,Sergi Barjuan,2017-04-04,2017-06-30,"1,40"
Mallorca,Javier Olaizola,2016-12-07,2017-04-04,"0,80"
Mallorca,Fernando Vázquez,2016-01-18,2016-12-06,"1,28"
Mallorca,Pepe Gálvez,2015-11-30,2016-01-17,"0,33"
Mallorca,Albert Ferrer,2015-06-20,2015-11-30,"0,94"
Mallorca,Miquel Soler,2015-02-10,2015-06-20,"1,17"
Mallorca,Valeriy Karpin,2014-08-12,2015-02-10,"1,08"
Mallorca,Miquel Soler,2014-07-11,2014-08-12,-
Mallorca,Javier Olaizola,2014-05-20,2014-06-30,"1,67"
Mallorca,Lluís Carreras,2014-02-25,2014-05-19,"0,83"
Mallorca,José Luis Oltra,2013-07-01,2014-02-24,"1,29"
Mallorca,Gregorio Manzano,2013-02-05,2013-06-30,"1,19"
Mallorca,Joaquín Caparrós,2011-10-03,2013-02-04,"1,14"
Mallorca,Miguel Ángel Nadal,2011-09-28,2011-10-03,"1,00"
Mallorca,Michael Laudrup,2010-07-02,2011-09-28,"1,15"
Mallorca,Gregorio Manzano,2006-02-15,2010-05-19,"1,49"
Mallorca,Héctor Cúper,2004-11-02,2006-02-13,"1,00"
Mallorca,Tomeu Llompart,2004-10-26,2004-11-02,-
Mallorca,Benito Floro,2004-07-01,2004-10-24,"0,63"
Mallorca,Luis Aragonés,2003-10-14,2004-06-30,"1,40"
Mallorca,Tomeu Llompart,2003-10-01,2003-10-07,"1,00"
Mallorca,Jaime Pacheco,2003-07-01,2003-09-30,"1,43"
Mallorca,Gregorio Manzano,2002-07-01,2003-07-23,"1,49"
Mallorca,Tomeu Llompart,2002-04-30,2002-06-30,"2,00"
Mallorca,Sergije Kresic,2001-10-19,2002-04-29,"1,15"
Mallorca,Bernd Krauss,2001-07-01,2001-10-17,"1,13"
Mallorca,Luis Aragonés,2000-07-01,2001-06-30,"1,91"
Mallorca,Fernando Vázquez,1999-09-01,2000-06-30,"1,48"
Mallorca,Mario Gómez,1999-07-01,1999-08-31,"0,50"
Mallorca,Héctor Cúper,1997-07-01,1999-06-30,"1,71"
Mallorca,Tomeu Llompart,1997-04-22,1997-06-30,"1,75"
Mallorca,Víctor Muñoz,1996-01-26,1997-04-21,"2,10"
Mallorca,Mané,1995-11-01,1996-01-26,"1,43"
Mallorca,José Antonio Irulegui,1995-04-10,1995-10-30,"1,00"
Mallorca,Nando Pons,1994-11-18,1995-04-10,"1,36"
Mallorca,Jaume Bauzà,1993-06-18,1994-11-07,"1,29"
Mallorca,Lorenzo Serra Ferrer,1989-01-02,1993-06-14,"1,24"
Mallorca,Ivan Brzic,1988-07-01,1989-01-02,"1,40"
Mallorca,Lucien Muller,1988-03-06,1988-06-30,"0,87"
Mallorca,Lorenzo Serra Ferrer,1985-10-22,1988-03-01,"1,19"
Mallorca,Joanet,1985-07-01,1985-10-21,-
Mallorca,Manolo Villanova,1984-07-01,1985-06-30,"0,67"
Mallorca,Marcel Domingo,1983-11-27,1984-06-30,"1,18"
Mallorca,Lorenzo Serra Ferrer,1983-11-11,1983-11-22,"0,00"
Mallorca,Koldo Aguirre,1983-07-01,1983-11-11,"0,42"
Mallorca,Lucien Muller,1982-01-01,1983-06-30,"1,33"
Mallorca,Juan Carlos Forneris,1981-12-23,1981-12-31,-
Mallorca,Antonio Oviedo,1979-09-01,1981-12-22,"2,33"
Mallorca,Andrés Quetglas,1979-01-14,1979-06-30,-
Mallorca,Juan Carlos Forneris,1977-12-03,1978-06-30,"0,50"
Mallorca,Luis Costa,1976-07-01,1977-06-30,-
Mallorca,César Rodríguez,1973-10-06,1975-01-19,"0,50"
Mallorca,Juan Carlos Forneris,1973-01-27,1973-06-30,"1,00"
Mallorca,José Luis Saso,1972-04-03,1973-01-21,"0,50"
Mallorca,Otto Bumbel,1971-11-14,1972-04-03,"3,00"
Mallorca,Juan Carlos Forneris,1970-11-09,1971-11-01,"3,00"
Mallorca,José Luis Saso,1970-07-01,1970-11-08,"1,00"
Mallorca,Sabino Barinaga,1969-11-30,1970-06-30,"1,21"
Mallorca,Juan Carlos Forneris,1969-11-22,1969-11-29,"3,00"
Mallorca,Sergio Rodríguez,1969-03-01,1969-11-16,"0,30"
Mallorca,Juan Carlos Forneris,1969-02-08,1969-02-17,-
Mallorca,Vicenç Sasot,1968-07-01,1969-02-28,-
Mallorca,Turró,1968-03-25,1968-06-30,-
Mallorca,Juan Carlos Lorenzo,1968-02-06,1968-03-24,-
Mallorca,Vicente Dauder,1967-07-01,1968-02-04,-
Mallorca,Joseíto,1966-07-01,1967-06-30,"2,00"
Mallorca,Héctor Rial,1965-12-13,1966-06-30,"1,00"
Mallorca,Andrés Quetglas,1965-12-06,1965-12-12,"1,00"
Mallorca,César Rodríguez,1964-09-13,1965-12-05,"1,25"
Mallorca,Juan Ramón,1964-07-01,1965-01-11,-
Mallorca,José Manuel Llopis,1963-07-01,1964-06-30,"1,50"
Mallorca,José Luis Saso,1962-01-28,1963-06-30,"1,20"
Mallorca,Turró,1962-01-20,1962-01-22,"1,00"
Mallorca,Satur Grech,1961-07-01,1962-01-15,"1,37"
Mallorca,José Luis Saso,1961-01-01,1961-06-30,"1,69"
Mallorca,Turró,1960-12-17,1960-12-19,"0,00"
Mallorca,Juan Carlos Lorenzo,1958-07-01,1960-12-12,"1,06"
Mallorca,Miguel Gual,1957-07-01,1958-06-30,-
Mallorca,István Plattkó,1955-07-01,1956-06-30,-
Mallorca,Satur Grech,1953-09-20,1954-01-10,-
Mallorca,Satur Grech,1949-07-01,1953-06-30,-
Mallorca,Teodoro Mauri,1948-07-01,1949-06-30,-
Mallorca,Cristóbal Martí,1946-10-10,1948-06-30,"1,00"
Mallorca,Patricio Caicedo,1945-07-01,1947-01-01,"1,40"
Mallorca,Cristóbal Martí,1943-07-01,1944-06-30,-
Mallorca,José Prat,1941-07-01,1942-06-30,-
Mallorca,Ramón Guzmán,1935-07-01,1938-06-30,-
Mallorca,Jack Greenwell,1930-07-01,1931-06-30,-
Manchester City,Pep Guardiola,2016-07-01,2026-05-03,"2,27"
Manchester City,Manuel Pellegrini,2013-07-01,2016-06-30,"1,99"
Manchester City,Brian Kidd,2013-05-13,2013-05-19,"1,50"
Manchester City,Roberto Mancini,2009-12-19,2013-06-30,"1,97"
Manchester City,Mark Hughes,2008-06-04,2009-12-19,"1,64"
Manchester City,Sven-Göran Eriksson,2007-07-06,2008-06-02,"1,51"
Manchester City,Stuart Pearce,2005-03-11,2007-05-14,"1,25"
Manchester City,Kevin Keegan,2001-05-24,2005-03-10,"1,53"
Manchester City,Joe Royle,1998-02-18,2001-05-21,"1,57"
Manchester City,Frank Clark,1996-12-29,1998-02-17,"1,25"
Manchester City,Phil Neal,1996-11-08,1996-12-29,"0,70"
Manchester City,Steve Coppell,1996-10-06,1996-11-08,"1,17"
Manchester City,Asa Hartford,1996-08-28,1996-09-07,"1,50"
Manchester City,Alan Ball,1995-07-02,1996-08-27,"1,08"
Manchester City,Brian Horton,1993-08-28,1995-05-16,"1,25"
Manchester City,Tony Book,1993-08-26,1993-08-28,"1,00"
Manchester City,Peter Reid,1990-11-15,1993-08-26,"1,54"
Manchester City,Howard Kendall,1989-12-06,1990-11-05,"1,46"
Manchester City,Tony Book,1989-11-29,1989-12-05,"0,00"
Manchester City,Mel Machin,1987-05-01,1989-11-30,"1,57"
Manchester City,Jimmy Frizzell,1986-09-21,1987-05-30,"0,86"
Manchester City,Billy McNeill,1983-06-30,1986-08-31,"1,16"
Manchester City,John Benson,1983-02-03,1983-06-07,"0,65"
Manchester City,John Bond,1980-10-17,1983-02-03,"1,51"
Manchester City,Tony Book,1980-10-09,1980-10-16,"0,00"
Manchester City,Malcolm Allison,1979-07-16,1980-10-01,"1,14"
Manchester City,Tony Book,1974-04-12,1979-01-01,"1,57"
Manchester City,Ron Saunders,1973-11-22,1974-04-12,"1,18"
Manchester City,Tony Book,1973-10-23,1973-11-21,"1,25"
Manchester City,Johnny Hart,1973-03-30,1973-10-22,"1,60"
Manchester City,Malcolm Allison,1971-10-07,1973-03-29,"1,50"
Manchester City,Joe Mercer,1965-07-13,1971-10-06,"1,54"
Manchester City,George Poyser,1963-07-12,1965-04-01,"1,56"
Manchester City,Les McDowall,1950-06-01,1963-06-30,"1,29"
Manchester City,Jock Thomson,1947-11-01,1950-05-31,"1,22"
Manchester City,Wilf Wild,1947-08-01,1947-10-31,"1,21"
Manchester City,Samuel Cowan,1946-12-02,1947-06-30,"1,33"
Manchester City,Wilf Wild,1932-03-14,1946-12-01,"1,46"
Manchester City,Peter Hodge,1926-04-26,1932-03-12,"1,49"
Manchester City,Albert Alexander,1925-11-15,1926-04-25,"1,13"
Manchester City,David Ashworth,1924-07-01,1925-11-01,"1,12"
Manchester City,Ernest Mangnall,1912-09-10,1924-06-30,"1,29"
Manchester City,Harry Newbould,1906-07-31,1912-07-31,"0,82"
Manchester City,Sam Ormerod,1895-08-01,1902-06-30,"0,92"
Manchester City,Lawrence Furniss,1889-07-01,1893-08-01,-
Manchester Utd,Michael Carrick,2026-01-13,2026-06-30,"2,29"
Manchester Utd,Darren Fletcher,2026-01-05,2026-01-13,"0,50"
Manchester Utd,Ruben Amorim,2024-11-11,2026-01-05,"1,43"
Manchester Utd,Ruud van Nistelrooy,2024-10-28,2024-11-11,"2,50"
Manchester Utd,Erik ten Hag,2022-07-01,2024-10-28,"1,84"
Manchester Utd,Ralf Rangnick,2021-12-03,2022-05-31,"1,45"
Manchester Utd,Michael Carrick,2021-11-21,2021-12-03,"2,33"
Manchester Utd,Ole Gunnar Solskjaer,2019-03-28,2021-11-21,"1,79"
Manchester Utd,Ole Gunnar Solskjaer,2018-12-19,2019-03-28,"2,32"
Manchester Utd,José Mourinho,2016-07-01,2018-12-18,"1,97"
Manchester Utd,Louis van Gaal,2014-07-14,2016-05-23,"1,81"
Manchester Utd,Ryan Giggs,2014-04-23,2014-06-30,"1,75"
Manchester Utd,David Moyes,2013-07-01,2014-04-22,"1,73"
Manchester Utd,Alex Ferguson,1986-11-06,2013-06-30,"2,02"
Manchester Utd,Ron Atkinson,1981-06-09,1986-11-06,"1,74"
Manchester Utd,Jack Crompton,1981-03-31,1981-05-31,-
Manchester Utd,Dave Sexton,1977-07-14,1981-04-01,"1,50"
Manchester Utd,Tommy Docherty,1972-12-22,1977-07-04,"1,55"
Manchester Utd,Frank O'Farrell,1971-06-08,1972-12-19,"1,41"
Manchester Utd,Sir Matt Busby,1970-12-29,1971-06-08,"1,71"
Manchester Utd,Wilf McGuinness,1969-08-09,1970-12-29,"1,47"
Manchester Utd,Jimmy Murphy,1958-02-07,1958-06-30,"0,83"
Manchester Utd,Sir Matt Busby,1945-10-01,1969-06-30,"1,74"
Manchester Utd,Walter Crickmer,1937-11-09,1945-02-15,"1,17"
Manchester Utd,Scott Duncan,1932-07-01,1937-06-30,"1,24"
Manchester Utd,Walter Crickmer,1931-11-09,1932-07-12,-
Manchester Utd,Herbert Bamlett,1927-04-13,1931-11-09,"1,15"
Manchester Utd,Lal Hilditch,1926-10-01,1927-04-01,"1,19"
Manchester Utd,John Chapman,1921-10-01,1926-10-01,"1,33"
Manchester Utd,Jack Robson,1914-12-28,1921-10-31,"1,25"
Manchester Utd,John Bentley,1912-10-28,1914-12-28,"2,00"
Manchester Utd,Ernest Mangnall,1903-10-10,1912-09-09,"1,65"
Manchester Utd,Alf Albut,1889-07-01,1900-05-26,"0,00"
Marseille,Habib Beye,2026-02-18,2026-05-03,"1,18"
Marseille,Jacques Abardonado,2026-02-11,2026-02-17,"1,00"
Marseille,Roberto De Zerbi,2024-07-01,2026-02-11,"1,81"
Marseille,Jean-Louis Gasset,2024-02-20,2024-06-30,"1,58"
Marseille,Gennaro Gattuso,2023-09-27,2024-02-20,"1,46"
Marseille,Jacques Abardonado,2023-09-20,2023-09-26,"0,50"
Marseille,Marcelino,2023-07-01,2023-09-20,"1,29"
Marseille,Igor Tudor,2022-07-04,2023-06-30,"1,83"
Marseille,Jorge Sampaoli,2021-03-08,2022-07-01,"1,90"
Marseille,Nasser Larguet,2021-02-03,2021-03-07,"1,11"
Marseille,André Villas-Boas,2019-07-01,2021-02-02,"1,67"
Marseille,Rudi Garcia,2016-10-20,2019-06-30,"1,68"
Marseille,Franck Passi,2016-04-19,2016-10-19,"1,53"
Marseille,Míchel,2015-08-19,2016-04-19,"1,48"
Marseille,Franck Passi,2015-08-09,2015-08-18,"0,00"
Marseille,Marcelo Bielsa,2014-07-01,2015-08-10,"1,68"
Marseille,José Anigo,2013-12-09,2014-06-30,"1,50"
Marseille,Élie Baup,2012-07-04,2013-12-07,"1,58"
Marseille,Didier Deschamps,2009-07-01,2012-07-02,"1,77"
Marseille,Eric Gerets,2007-09-25,2009-06-30,"1,74"
Marseille,Albert Emon,2006-06-20,2007-09-25,"1,60"
Marseille,Jean Fernandez,2005-07-01,2006-06-30,"1,74"
Marseille,Philippe Troussier,2004-11-28,2005-06-01,"1,30"
Marseille,José Anigo,2004-01-14,2004-11-22,"1,46"
Marseille,Alain Perrin,2002-07-01,2004-01-14,"1,64"
Marseille,Albert Emon,2001-12-10,2002-06-30,"1,33"
Marseille,Tomislav Ivic,2001-08-31,2001-11-30,"1,55"
Marseille,Albert Emon,2001-08-25,2001-08-30,"0,00"
Marseille,José Anigo,2001-07-25,2001-08-24,"0,50"
Marseille,Tomislav Ivic,2001-04-09,2001-07-25,"1,75"
Marseille,Javier Clemente,2000-11-27,2001-04-03,"1,20"
Marseille,Albert Emon,2000-11-19,2000-11-25,"0,00"
Marseille,Abel Braga,2000-07-01,2000-11-17,"1,13"
Marseille,Bernard Casoni,1999-11-25,2000-06-30,"1,04"
Marseille,Rolland Courbis,1997-07-01,1999-11-24,"1,74"
Marseille,Gérard Gili,1995-09-06,1997-07-06,"1,73"
Marseille,Luka Peruzovic,1994-12-16,1995-06-30,-
Marseille,Henri Stambouli,1994-12-16,1995-09-15,"1,94"
Marseille,Gérard Gili,1994-11-22,1994-12-15,"2,00"
Marseille,Marc Bourrier,1993-07-01,1994-12-15,"1,90"
Marseille,Raymond Goethals,1992-11-16,1993-06-30,"2,18"
Marseille,Jean Fernandez,1992-07-01,1992-11-30,"1,75"
Marseille,Raymond Goethals,1991-11-01,1992-06-30,"2,14"
Marseille,Tomislav Ivic,1991-07-01,1991-09-28,"2,15"
Marseille,Raymond Goethals,1991-01-01,1991-06-30,"2,04"
Marseille,Franz Beckenbauer,1990-09-01,1990-12-31,"1,88"
Marseille,Gérard Gili,1988-07-25,1990-08-31,"2,05"
Marseille,Gérard Banide,1986-07-01,1988-07-24,"1,72"
Marseille,Zarko Olarevic,1985-07-01,1986-06-30,"1,33"
Marseille,Pierre Cahuzac,1984-10-09,1985-06-30,"1,17"
Marseille,Zarko Olarevic,1984-10-04,1984-10-09,"3,00"
Marseille,Roland Gransart,1981-04-14,1984-10-04,"1,81"
Marseille,Albert Batteux,1980-07-01,1981-03-01,"1,54"
Marseille,Jean Robin,1980-02-04,1980-09-01,"0,80"
Marseille,Jules Zvunka,1978-12-13,1980-02-04,"1,34"
Marseille,Ivan Marković,1977-07-01,1978-12-13,"1,49"
Marseille,Jules Zvunka,1977-02-01,1977-06-30,"1,38"
Marseille,José Arribas,1976-07-01,1977-02-01,"1,24"
Marseille,Jules Zvunka,1974-02-16,1976-06-30,"1,64"
Marseille,Fernando Riera,1973-12-02,1974-02-16,"1,40"
Marseille,Joseph Bonnel,1973-08-13,1973-11-17,"1,39"
Marseille,Mario Zatelli,1973-03-01,1973-08-11,"1,60"
Marseille,Kurt Linder,1972-07-01,1973-02-28,"1,76"
Marseille,Mario Zatelli,1972-04-01,1972-06-30,"2,21"
Marseille,Lucien Leduc,1971-01-01,1972-03-31,"2,06"
Marseille,Mario Zatelli,1968-11-15,1970-12-01,"1,80"
Marseille,Robert Domergue,1966-07-01,1968-11-15,"1,35"
Marseille,Mario Zatelli,1964-07-01,1966-06-30,"1,50"
Marseille,Jean Robin,1963-07-01,1964-06-30,"0,00"
Marseille,Lluís Miró,1962-12-01,1963-06-30,"1,22"
Marseille,Otto Glória,1962-02-01,1962-05-31,"1,50"
Marseille,Lucien Troupel,1959-07-01,1962-01-30,"1,44"
Marseille,Louis Maurer,1958-07-01,1959-06-30,"0,73"
Marseille,József Zilisy,1958-02-14,1958-06-30,"1,64"
Marseille,Jean Robin,1956-02-01,1958-02-14,"1,49"
Marseille,Roger Rolhion,1954-07-01,1956-01-31,"1,35"
Marseille,Henri Roessler,1950-07-01,1954-06-30,"1,34"
Marseille,Auguste Jordan,1949-07-01,1950-06-30,"1,41"
Marseille,József Zilisy,1947-07-01,1949-06-30,"1,81"
Marseille,Jules Dewaquez,1946-07-01,1947-06-30,"1,62"
Marseille,Paul Wartel,1945-01-01,1946-06-30,"0,00"
Marseille,Joseph Gonzales,1944-07-01,1944-12-31,-
Marseille,Joseph Gonzales,1942-07-01,1943-06-30,-
Marseille,József Eisenhoffer,1939-07-01,1941-06-30,"0,00"
Marseille,Vilmos Kohut,1938-07-01,1939-06-30,"1,13"
Marseille,József Eisenhoffer,1935-07-01,1938-09-30,"1,65"
Marseille,Vinzenz Dittrich,1933-07-01,1935-06-30,"1,87"
Marseille,Peter Farmer,1930-07-01,1931-06-30,-
Marseille,Charlie Bell,1930-07-01,1932-12-31,-
Marseille,Victor Gibson,1925-07-01,1929-06-30,-
Marseille,Peter Farmer,1923-07-01,1924-06-30,-
Metz,Benoît Tavenot,2026-01-20,2026-05-03,"0,29"
Metz,Stéphane Le Mignan,2024-07-04,2026-01-20,"1,55"
Metz,Ladislau Bölöni,2022-06-16,2024-07-04,"1,38"
Metz,Frédéric Antonetti,2020-10-13,2022-06-09,"1,04"
Metz,Vincent Hognon,2018-12-14,2020-10-12,"1,50"
Metz,Frédéric Antonetti,2018-05-24,2019-06-30,"2,27"
Metz,Frédéric Hantz,2017-10-28,2018-05-20,"0,94"
Metz,José Pinot,2017-10-22,2017-10-29,"1,50"
Metz,Philippe Hinschberger,2015-12-23,2017-10-22,"1,23"
Metz,José Riga,2015-07-01,2015-12-23,"1,57"
Metz,Albert Cartier,2012-07-01,2015-06-17,"1,57"
Metz,José Pinot,2012-05-18,2012-06-30,"1,00"
Metz,Dominique Bijotat,2010-06-04,2012-05-17,"1,14"
Metz,Joël Muller,2010-04-18,2010-06-03,"1,40"
Metz,Yvon Pouliquen,2007-12-24,2010-04-18,"1,51"
Metz,Francis De Taddeo,2006-07-01,2007-12-23,"1,46"
Metz,Joël Muller,2005-07-01,2006-06-30,"0,78"
Metz,Jean Fernandez,2002-07-01,2005-06-30,"1,38"
Metz,Gilbert Gress,2002-01-01,2002-06-30,"0,89"
Metz,Francis De Taddeo,2001-12-08,2001-12-31,"1,50"
Metz,Albert Cartier,2000-12-27,2001-11-30,"1,25"
Metz,Henri Depireux,1989-07-01,1989-12-01,"0,50"
Metz,Joël Muller,1989-07-01,2000-12-27,"1,44"
Metz,Marcel Husson,1984-07-01,1989-06-30,"1,45"
Metz,Jean Snella,1979-07-01,1980-06-30,-
Metz,Henryk Kasperczak,1979-12-01,1984-06-30,"1,30"
Metz,Marc Rastoll,1978-07-01,1979-12-01,"1,46"
Metz,Georges Huart,1975-01-12,1978-06-30,"1,58"
Metz,Georges Huart,1974-07-01,1974-10-18,"1,42"
Metz,René Vernier,1972-07-01,1974-12-22,"1,18"
Metz,Georges Zvunka,1971-12-15,1972-06-30,"1,19"
Metz,Jacques Favre,1971-07-01,1971-12-15,"1,17"
Metz,René Fuchs,1970-05-21,1971-06-30,"1,49"
Metz,Pierre Flamion,1968-07-01,1970-05-21,"1,49"
Metz,Max Schirschin,1966-07-01,1968-06-30,"1,48"
Metz,Jacques Favre,1963-07-01,1966-06-30,"1,00"
Metz,Gyula Nagy,1959-07-01,1963-06-30,"1,28"
Metz,Robert Lacoste,1958-10-01,1959-06-30,"1,83"
Metz,Marcel Tomazover,1958-03-09,1958-06-30,"1,80"
Metz,Jacques Favre,1955-07-01,1958-01-01,"1,13"
Metz,Emile Rummelhardt,1952-07-01,1955-01-01,"1,26"
Metz,Élie Rous,1951-07-01,1952-06-30,"1,49"
Metz,Émile Veinante,1950-07-01,1951-06-30,"1,50"
Metz,Charles Fosset,1947-07-01,1949-06-30,"1,27"
Metz,Edward Magner,1946-07-01,1947-06-30,"1,45"
Metz,György Orth,1938-07-01,1939-06-30,"1,33"
Metz,Sid Kimpton,1938-07-01,1938-12-31,"3,00"
Metz,Edward Magner,1937-07-01,1938-06-30,"1,56"
Metz,Ferdinand Fridthum,1936-07-01,1937-06-30,"1,55"
Metz,Peter Fabian,1934-07-01,1936-06-30,"1,54"
Metz,Willy Stejskal,1932-07-01,1933-06-30,"1,00"
Milan,Massimiliano Allegri,2025-07-01,2026-05-03,"1,87"
Milan,Sérgio Conceição,2024-12-30,2025-06-30,"1,71"
Milan,Paulo Fonseca,2024-07-01,2024-12-30,"1,75"
Milan,Stefano Pioli,2019-10-09,2024-06-30,"1,88"
Milan,Marco Giampaolo,2019-07-01,2019-10-08,"1,29"
Milan,Gennaro Gattuso,2017-11-28,2019-05-28,"1,75"
Milan,Vincenzo Montella,2016-07-01,2017-11-27,"1,75"
Milan,Cristian Brocchi,2016-04-13,2016-06-30,"1,14"
Milan,Sinisa Mihajlovic,2015-06-16,2016-04-12,"1,76"
Milan,Filippo Inzaghi,2014-07-01,2015-06-30,"1,38"
Milan,Clarence Seedorf,2014-01-16,2014-06-30,"1,59"
Milan,Mauro Tassotti,2014-01-13,2014-01-16,"3,00"
Milan,Massimiliano Allegri,2010-07-01,2014-01-13,"1,81"
Milan,Leonardo,2009-07-01,2010-05-17,"1,71"
Milan,Carlo Ancelotti,2001-11-07,2009-06-30,"1,94"
Milan,Fatih Terim,2001-07-01,2001-11-05,"2,08"
Milan,Mauro Tassotti,2001-03-12,2001-06-30,"1,58"
Milan,Alberto Zaccheroni,1998-07-01,2001-03-12,"1,65"
Milan,Fabio Capello,1997-07-01,1998-06-30,"1,41"
Milan,Arrigo Sacchi,1996-12-01,1997-06-30,"1,17"
Milan,Óscar Tabárez,1996-07-01,1996-12-01,"1,41"
Milan,Fabio Capello,1991-07-01,1996-06-30,"2,02"
Milan,Arrigo Sacchi,1987-07-01,1991-06-30,"1,96"
Milan,Fabio Capello,1987-04-05,1987-06-30,"1,71"
Milan,Nils Liedholm,1984-07-01,1987-04-05,"1,52"
Milan,Italo Galbiati,1984-03-26,1984-06-30,"1,38"
Milan,Ilario Castagner,1982-07-01,1984-03-26,"1,79"
Milan,Italo Galbiati,1982-01-25,1982-06-30,"1,47"
Milan,Luigi Radice,1981-07-01,1982-01-24,"1,13"
Milan,Italo Galbiati,1981-06-15,1981-06-30,"0,00"
Milan,Massimo Giacomini,1979-07-01,1981-06-15,"1,70"
Milan,Nils Liedholm,1977-07-01,1979-06-30,"1,84"
Milan,Nereo Rocco,1977-02-07,1977-06-30,"1,57"
Milan,Giuseppe Marchioro,1976-07-01,1977-02-06,"1,40"
Milan,Giovanni Trapattoni,1975-10-02,1976-05-30,"1,78"
Milan,Gustavo Giagnoni,1974-07-01,1975-10-01,"1,77"
Milan,Giovanni Trapattoni,1974-04-08,1974-06-30,"1,11"
Milan,Cesare Maldini,1973-12-10,1974-04-08,"1,52"
Milan,Nereo Rocco,1973-07-01,1973-12-10,"1,62"
Milan,Cesare Maldini,1972-07-01,1973-06-30,"2,26"
Milan,Nereo Rocco,1967-07-01,1972-06-30,"1,89"
Milan,Arturo Silvestri,1966-07-01,1967-06-30,"1,60"
Milan,Giovanni Cattozzo,1966-03-07,1966-06-30,"0,91"
Milan,Nils Liedholm,1964-03-03,1966-03-07,"1,90"
Milan,Luis Carniglia,1963-07-01,1964-03-03,"1,87"
Milan,Nereo Rocco,1961-07-01,1963-06-30,"1,95"
Milan,Paolo Todeschini,1960-07-01,1961-06-30,"1,83"
Milan,Luigi Bonizzoni,1958-07-01,1960-06-30,"1,87"
Milan,Giuseppe Viani,1956-07-04,1958-06-30,"1,72"
Milan,Ettore Puricelli,1955-02-15,1956-07-03,"1,71"
Milan,Béla Guttmann,1953-11-09,1955-02-15,"1,95"
Milan,Mario Sperone,1952-07-01,1953-06-01,"1,76"
Milan,Lajos Czeizler,1949-07-01,1952-06-30,"2,13"
Milan,Giuseppe Bigogno,1946-07-01,1949-06-30,"1,82"
Milan,Adolfo Baloncieri,1945-07-01,1946-06-30,"1,66"
Milan,Mario Magnozzi,1941-07-01,1943-06-30,"1,38"
Milan,Guido Ara,1940-07-01,1941-06-30,"1,53"
Milan,Giuseppe Viola,1939-07-01,1940-01-29,"1,56"
Milan,Jozsef Banas,1937-07-01,1940-06-30,"1,34"
Milan,Hermann Felsner,1937-07-01,1938-10-10,"1,58"
Milan,William Garbutt,1936-12-06,1937-06-30,"1,81"
Milan,Adolfo Baloncieri,1934-07-01,1936-12-05,"1,28"
Milan,Giuseppe Viola,1933-07-01,1934-06-30,"1,32"
Milan,Jozsef Banas,1931-07-01,1933-06-30,"1,43"
Milan,Engelbert König,1928-07-01,1931-06-30,"1,46"
Milan,Herbert Burgess,1926-07-01,1928-06-30,"1,66"
Milan,Vittorio Pozzo,1924-07-01,1926-01-29,"1,31"
Milan,Heinrich Oppenheim,1922-07-01,1924-06-30,"1,36"
Milan,Guido Moda,1915-07-01,1922-06-30,"1,09"
Milan,Giovanni Camperio,1908-07-01,1911-06-30,-
Milan,Daniele Angeloni,1906-07-01,1907-06-30,-
Milan,Daniele Angeloni,1906-07-01,1907-06-30,-
Milan,Herbert Kilpin,1899-12-16,1906-06-30,-
Monaco,Sébastien Pocognoli,2025-10-11,2026-05-03,"1,58"
Monaco,Adi Hütter,2023-07-04,2025-10-10,"1,77"
Monaco,Philippe Clement,2022-01-03,2023-06-04,"1,73"
Monaco,Stéphane Nado,2022-01-01,2022-01-02,"3,00"
Monaco,Niko Kovac,2020-07-19,2022-01-01,"1,95"
Monaco,Robert Moreno,2019-12-28,2020-07-18,"1,38"
Monaco,Leonardo Jardim,2019-01-27,2019-12-27,"1,41"
Monaco,Franck Passi,2019-01-25,2019-01-27,"0,00"
Monaco,Thierry Henry,2018-10-13,2019-01-24,"0,95"
Monaco,Leonardo Jardim,2014-07-01,2018-10-11,"1,85"
Monaco,Claudio Ranieri,2012-07-01,2014-05-20,"2,07"
Monaco,Marco Simone,2011-09-12,2012-05-19,"1,50"
Monaco,Laurent Banide,2011-01-10,2011-09-11,"1,12"
Monaco,Guy Lacombe,2009-07-01,2011-01-10,"1,40"
Monaco,Ricardo Gomes,2007-07-01,2009-06-20,"1,26"
Monaco,Laurent Banide,2006-10-23,2007-06-30,"1,56"
Monaco,Ladislau Bölöni,2006-07-01,2006-10-23,"0,91"
Monaco,Francesco Guidolin,2005-10-04,2006-06-01,"1,50"
Monaco,Jean Petit,2005-09-20,2005-10-05,"2,50"
Monaco,Didier Deschamps,2001-07-01,2005-09-19,"1,70"
Monaco,Claude Puel,1999-01-13,2001-06-30,"1,72"
Monaco,Jean Tigana,1995-07-01,1999-01-13,"1,85"
Monaco,Gérard Banide,1995-02-08,1995-06-30,"1,71"
Monaco,Jean Petit,1994-09-15,1994-09-18,-
Monaco,Jean-Luc Ettori,1994-09-15,1995-02-08,"1,84"
Monaco,Arsène Wenger,1987-07-01,1994-09-17,"1,75"
Monaco,Ștefan Kovács,1986-07-01,1987-06-30,"1,67"
Monaco,Lucien Muller,1983-07-01,1986-06-30,"1,73"
Monaco,Gérard Banide,1979-07-01,1983-06-30,"1,81"
Monaco,Lucien Leduc,1977-01-01,1979-06-30,"1,81"
Monaco,Armand Forchério,1976-01-01,1977-01-01,"1,51"
Monaco,Alberto Muro,1974-07-01,1976-01-01,"1,30"
Monaco,Rubén Bravo,1972-07-01,1974-06-30,"1,70"
Monaco,Jean Luciano,1970-07-01,1972-06-30,"1,53"
Monaco,Robert Domergue,1969-07-01,1970-06-30,-
Monaco,Louis Pirroni,1969-01-01,1969-06-30,"1,21"
Monaco,Pierre Sinibaldi,1966-07-01,1969-01-01,"1,19"
Monaco,Louis Pirroni,1965-01-01,1966-06-30,"1,32"
Monaco,Roger Courtois,1963-07-01,1965-01-01,"1,51"
Monaco,Lucien Leduc,1958-07-01,1963-06-30,"1,81"
Monaco,Louis Pirroni,1958-01-01,1958-06-30,"1,75"
Monaco,Anton Marek,1956-07-01,1958-01-01,"1,67"
Monaco,Ladislav Dupal,1953-07-01,1956-06-30,"1,37"
Monaco,Angelo Grizzetti,1952-07-01,1953-06-30,"1,67"
Monaco,Alexander Schwartz,1950-07-01,1952-06-30,"2,00"
Montpellier,Zoumana Camara,2025-04-08,2026-05-03,"1,43"
Montpellier,Jean-Louis Gasset,2024-10-22,2025-04-07,"0,52"
Montpellier,Michel Der Zakarian,2023-02-08,2024-10-20,"1,34"
Montpellier,Romain Pitau,2022-10-17,2023-02-07,"0,67"
Montpellier,Olivier Dall'Oglio,2021-06-01,2022-10-17,"1,17"
Montpellier,Michel Der Zakarian,2017-05-23,2021-05-24,"1,49"
Montpellier,Jean-Louis Gasset,2017-01-30,2017-05-23,"1,00"
Montpellier,Frédéric Hantz,2016-01-26,2017-01-30,"1,29"
Montpellier,Pascal Baills,2015-12-27,2016-01-26,"0,60"
Montpellier,Rolland Courbis,2013-12-09,2015-12-22,"1,31"
Montpellier,Jean Fernandez,2013-07-01,2013-12-05,"0,88"
Montpellier,René Girard,2009-07-01,2013-06-30,"1,59"
Montpellier,Rolland Courbis,2007-04-29,2009-06-30,"1,63"
Montpellier,Jean-François Domergue,2004-08-29,2007-04-24,"1,40"
Montpellier,Robert Nouzaret,2004-02-10,2004-08-29,"0,72"
Montpellier,Gérard Bernardet,2002-11-01,2004-02-10,"1,04"
Montpellier,Michel Mézy,1999-11-30,2002-11-01,"1,31"
Montpellier,Jean-Louis Gasset,1998-07-01,1999-11-30,"1,31"
Montpellier,Michel Mézy,1994-11-01,1998-06-30,"1,49"
Montpellier,Gérard Gili,1992-07-01,1994-11-21,"1,39"
Montpellier,Henryk Kasperczak,1990-07-01,1992-06-30,"1,43"
Montpellier,Michel Mézy,1990-02-12,1990-06-30,"2,00"
Montpellier,Aimé Jacquet,1989-07-01,1990-02-11,"1,04"
Montpellier,Pierre Mosca,1987-07-01,1989-06-30,"1,46"
Montpellier,Michel Mézy,1985-07-01,1987-06-30,"1,86"
Montpellier,Robert Nouzaret,1983-07-01,1985-06-30,"1,62"
Montpellier,Jacques Bonnet,1982-01-01,1983-06-30,"1,55"
Montpellier,Kader Firoud,1980-07-01,1982-06-30,"1,38"
Montpellier,Robert Nouzaret,1976-07-01,1980-06-30,"1,52"
Montpellier,Hervé Mirouze,1970-07-01,1974-06-30,"0,57"
Montpellier,Roger Rolhion,1968-07-01,1969-06-30,"0,00"
Montpellier,Hervé Mirouze,1958-07-01,1963-06-30,"1,20"
Montpellier,Marcel Tomazover,1954-07-01,1956-06-30,"1,22"
Montpellier,Julien Darui,1953-07-01,1954-06-30,-
Montpellier,Luis Cazorro,1952-07-01,1953-06-30,"0,94"
Montpellier,Georges Winckelmans,1948-07-01,1950-06-30,"1,09"
Montpellier,Jules Dewaquez,1936-07-01,1937-06-30,-
Montpellier,René Dedieu,1935-07-01,1936-06-30,-
Montpellier,René Dedieu,1927-07-01,1933-06-30,"1,78"
Montpellier,Victor Gibson,1924-07-01,1925-06-30,-
Monza,Paolo Bianco,2025-07-01,2026-05-03,"1,97"
Monza,Alessandro Nesta,2025-02-10,2025-06-30,"0,36"
Monza,Salvatore Bocchetti,2024-12-23,2025-02-10,"0,43"
Monza,Alessandro Nesta,2024-07-01,2024-12-23,"0,80"
Monza,Raffaele Palladino,2022-09-13,2024-06-30,"1,36"
Monza,Giovanni Stroppa,2021-07-01,2022-09-13,"1,66"
Monza,Cristian Brocchi,2018-10-22,2021-05-28,"1,85"
Monza,Marco Zaffaroni,2016-05-24,2018-10-22,"1,91"
Monza,Alessio Del Piano,2016-03-11,2016-05-24,"1,29"
Monza,Valter Salvioni,2016-01-07,2016-03-08,"1,00"
Monza,Alessio Del Piano,2015-07-06,2016-01-06,"1,47"
Monza,Fulvio Pea,2014-06-12,2015-06-12,"1,26"
Monza,Antonino Asta,2012-06-29,2014-05-09,"1,74"
Monza,Riccardo Monguzzi,2012-05-09,2012-06-22,"0,00"
Monza,Gianfranco Motta,2011-03-30,2012-05-09,"1,13"
Monza,Corrado Verdelli,2010-11-20,2011-03-30,"0,56"
Monza,Vitale Tammaro,2010-10-25,2010-11-20,"1,50"
Monza,Alessio De Petrillo,2010-06-24,2010-10-25,"1,00"
Monza,Roberto Cevoli,2009-06-26,2010-06-03,"1,25"
Monza,Giuliano Sonzogni,2008-12-26,2009-06-26,"1,12"
Monza,Dario Marcolin,2008-07-01,2008-12-22,"1,16"
Monza,Giovanni Pagliari,2007-07-01,2008-06-30,"1,41"
Monza,Giuliano Sonzogni,2005-07-01,2007-06-30,"1,61"
Monza,Antonio Sala,2005-02-03,2005-06-30,"1,73"
Monza,Gian Piero Trainini,2004-06-22,2005-02-02,"1,33"
Monza,Massimo Pedrazzini,2003-10-15,2004-06-21,"1,30"
Monza,Oscar Piantoni,2002-10-28,2004-06-30,"1,64"
Monza,Romano Cazzaniga,2002-01-29,2002-03-25,"0,43"
Monza,Roberto Antonelli,2001-12-15,2002-01-28,"0,17"
Monza,Romano Cazzaniga,2001-10-30,2001-12-10,"1,00"
Monza,Simone Boldini,2001-07-01,2002-10-28,"0,96"
Monza,Gaetano Salvemini,2001-01-25,2001-04-24,"1,08"
Monza,Roberto Antonelli,1999-07-01,2001-01-15,"1,40"
Monza,Pierluigi Frosio,1998-03-08,2000-02-26,"1,18"
Monza,Bruno Bolchi,1997-10-05,1998-03-07,"1,11"
Monza,Luigi Radice,1997-03-19,1997-10-05,"1,50"
Monza,Giorgio Rumignani,1996-07-28,1997-03-18,"1,57"
Monza,Simone Boldini,1994-07-01,1996-06-30,"1,50"
Monza,Nedo Sonetti,1993-11-22,1994-06-30,"0,81"
Monza,Gian Piero Trainini,1991-05-05,1993-11-20,"1,18"
Monza,Franco Varrella,1990-07-01,1991-05-05,"1,34"
Monza,Pierluigi Frosio,1987-07-01,1990-06-30,"1,17"
Monza,Antonio Pasinato,1986-07-01,1987-06-30,"1,38"
Monza,Paolo Carosi,1986-01-06,1986-06-30,"0,76"
Monza,Alfredo Magni,1983-12-01,1986-01-05,"1,20"
Monza,Andrea Valdinoci,1983-07-01,1984-06-30,-
Monza,Guido Mazzetti,1982-11-14,1983-12-04,"1,34"
Monza,Franco Fontana,1981-04-19,1982-11-08,"1,47"
Monza,Lamberto Giorgis,1980-11-20,1981-04-18,"0,90"
Monza,Sergio Carpanesi,1980-07-01,1980-11-16,"0,57"
Monza,Alfredo Magni,1975-01-20,1980-06-30,"1,67"
Monza,Mario David,1973-11-27,1975-06-30,"1,68"
Monza,Gino Pivatelli,1973-07-01,1973-11-26,"1,45"
Monza,Franco Viviani,1971-07-01,1973-06-30,"0,98"
Monza,Luigi Radice,1969-07-01,1971-06-30,"1,40"
Monza,Nils Liedholm,1968-07-01,1969-06-30,"1,19"
Monza,Bruno Dazzi,1968-02-25,1968-10-20,"1,24"
Monza,Luigi Radice,1966-07-01,1968-02-18,"1,75"
Monza,Bruno Dazzi,1966-06-05,1966-06-30,"1,00"
Monza,Vincenzo Rigamonti,1965-05-09,1966-05-29,"1,21"
Monza,Vittorio Malagoli,1964-03-22,1965-05-02,"1,20"
Monza,Hugo Lamanna,1963-07-01,1964-03-15,"0,89"
Monza,Hugo Lamanna,1960-07-01,1963-06-30,"1,36"
Monza,Attilio Kossovel,1959-07-01,1960-06-30,"1,17"
Monza,Manlio Cipolla,1959-05-03,1959-06-30,"1,83"
Monza,Pietro Rava,1958-07-01,1959-04-26,"1,41"
Monza,Bruno Arcari,1956-12-16,1958-06-30,"1,56"
Monza,Eraldo Monzeglio,1956-07-01,1956-12-06,"1,10"
Monza,Pietro Rava,1955-07-01,1956-06-30,"1,76"
Monza,Carlo Alberto Quario,1954-12-12,1955-06-30,"1,29"
Monza,Fioravante Baldi,1954-07-01,1954-11-21,"0,70"
Monza,Fioravante Baldi,1953-12-10,1954-11-15,"1,10"
Monza,Emiliano Zafferri,1953-11-29,1953-12-06,"0,00"
Monza,Annibale Frossi,1951-07-01,1953-06-30,"1,39"
Monza,Annibale Frossi,1949-07-01,1953-11-23,"1,45"
Monza,Oreste Barale,1948-07-01,1949-06-30,-
Monza,Luigi Bonizzoni,1947-07-01,1948-06-30,-
Monza,Alessandro Scarioni,1939-07-01,1940-06-30,"0,00"
Monza,Leopoldo Conti,1938-07-01,1939-07-01,-
Monza,Leopoldo Conti,1935-07-01,1935-07-01,-
Nantes,Vahid Halilhodzic,2026-03-10,2026-05-03,"0,86"
Nantes,Ahmed Kantari,2025-12-11,2026-03-10,"0,75"
Nantes,Luís Castro,2025-07-01,2025-12-11,"0,73"
Nantes,Antoine Kombouaré,2024-03-17,2025-05-20,"1,07"
Nantes,Jocelyn Gourvennec,2023-11-29,2024-03-17,"0,87"
Nantes,Pierre Aristouy,2023-05-09,2023-11-29,"1,12"
Nantes,Antoine Kombouaré,2021-02-11,2023-05-09,"1,41"
Nantes,Raymond Domenech,2020-12-26,2021-02-10,"0,50"
Nantes,Patrick Collot,2020-12-08,2020-12-26,"0,50"
Nantes,Christian Gourcuff,2019-08-08,2020-12-08,"1,24"
Nantes,Vahid Halilhodzic,2018-10-02,2019-08-02,"1,54"
Nantes,Miguel Cardoso,2018-06-13,2018-10-02,"0,75"
Nantes,Claudio Ranieri,2017-07-01,2018-06-30,"1,34"
Nantes,Sérgio Conceição,2016-12-08,2017-06-30,"1,69"
Nantes,Philippe Mao,2016-12-02,2016-12-08,"0,00"
Nantes,René Girard,2016-07-01,2016-12-02,"1,00"
Nantes,Michel Der Zakarian,2012-05-31,2016-06-30,"1,43"
Nantes,Landry Chauvin,2011-05-31,2012-05-30,"1,39"
Nantes,Philippe Anziani,2011-03-07,2011-05-30,"1,25"
Nantes,Baptiste Gentili,2010-02-21,2011-03-06,"1,21"
Nantes,Jean-Marc Furlan,2009-12-03,2010-02-20,"0,78"
Nantes,Gernot Rohr,2009-07-01,2009-12-03,"1,33"
Nantes,Élie Baup,2008-09-02,2009-06-30,"1,00"
Nantes,Christian Larièpe,2008-08-27,2008-09-02,"0,00"
Nantes,Michel Der Zakarian,2007-02-12,2008-08-26,"1,52"
Nantes,Georges Eo,2006-09-20,2007-02-12,"1,29"
Nantes,Serge Le Dizet,2005-01-03,2006-09-20,"1,27"
Nantes,Loïc Amisse,2003-06-05,2005-01-02,"1,55"
Nantes,Ángel Marcos,2001-12-28,2003-06-30,"1,49"
Nantes,Raynald Denoueix,1997-07-01,2001-12-27,"1,58"
Nantes,Jean-Claude Suaudeau,1991-02-02,1997-06-30,"1,62"
Nantes,Miroslav Blazevic,1988-07-01,1991-02-02,"1,44"
Nantes,Jean-Claude Suaudeau,1982-03-12,1988-06-30,"1,75"
Nantes,Jean Vincent,1976-07-01,1982-03-03,"1,93"
Nantes,José Arribas,1960-07-01,1976-06-30,"1,64"
Nantes,Karel Michlowski,1959-09-01,1960-06-30,"0,00"
Nantes,Ladislav Dupal,1956-07-01,1959-09-01,"0,57"
Nantes,Émile Veinante,1951-07-01,1955-02-05,"2,25"
Nantes,Aimé Nuic,1943-07-01,1946-09-15,-
Napoli,Antonio Conte,2024-07-01,2026-05-03,"1,99"
Napoli,Francesco Calzona,2024-02-19,2024-06-30,"1,13"
Napoli,Walter Mazzarri,2023-11-14,2024-02-19,"1,24"
Napoli,Rudi Garcia,2023-07-01,2023-11-14,"1,75"
Napoli,Luciano Spalletti,2021-07-01,2023-06-30,"2,10"
Napoli,Gennaro Gattuso,2019-12-11,2021-06-30,"1,89"
Napoli,Carlo Ancelotti,2018-07-01,2019-12-10,"1,82"
Napoli,Maurizio Sarri,2015-07-01,2018-07-13,"2,16"
Napoli,Rafael Benítez,2013-07-01,2015-06-30,"1,87"
Napoli,Walter Mazzarri,2009-10-06,2013-05-20,"1,74"
Napoli,Roberto Donadoni,2009-03-10,2009-10-05,"1,11"
Napoli,Edoardo Reja,2005-01-16,2009-03-10,"1,74"
Napoli,Gian Piero Ventura,2004-09-09,2005-01-16,"1,42"
Napoli,Luigi Simoni,2003-11-10,2004-06-30,"1,30"
Napoli,Andrea Agostinelli,2003-06-19,2003-11-09,"1,21"
Napoli,Franco Colomba,2003-03-11,2003-06-13,"1,54"
Napoli,Francesco Scoglio,2002-12-23,2003-03-11,"1,33"
Napoli,Franco Colomba,2002-06-13,2002-12-16,"0,89"
Napoli,Luigi De Canio,2001-07-01,2002-06-30,"1,56"
Napoli,Emiliano Mondonico,2000-11-15,2001-05-23,"1,16"
Napoli,Zdenek Zeman,2000-07-01,2000-11-15,"0,38"
Napoli,Walter Novellino,1999-07-01,2000-06-30,"1,67"
Napoli,Vincenzo Montefusco,1999-05-24,1999-06-30,"1,00"
Napoli,Renzo Ulivieri,1998-07-01,1999-05-24,"1,32"
Napoli,Vincenzo Montefusco,1998-02-09,1998-06-30,"0,47"
Napoli,Giovanni Galeone,1997-11-25,1998-02-08,"0,30"
Napoli,Carlo Mazzone,1997-10-19,1997-11-24,"0,75"
Napoli,Bortolo Mutti,1997-07-01,1997-10-19,"1,00"
Napoli,Vincenzo Montefusco,1997-04-30,1997-06-30,"1,25"
Napoli,Luigi Simoni,1996-07-01,1997-04-30,"1,41"
Napoli,Vujadin Boskov,1994-10-18,1996-06-30,"1,34"
Napoli,Vincenzo Guerini,1994-07-01,1994-10-17,"1,64"
Napoli,Marcello Lippi,1993-07-01,1994-06-30,"1,36"
Napoli,Ottavio Bianchi,1992-11-22,1993-06-30,"1,30"
Napoli,Claudio Ranieri,1991-07-01,1992-11-22,"1,65"
Napoli,Alberto Bigon,1989-07-01,1991-06-30,"1,77"
Napoli,Ottavio Bianchi,1985-07-01,1989-06-30,"1,98"
Napoli,Rino Marchesi,1984-03-22,1985-06-30,"1,55"
Napoli,Pietro Santin,1983-07-01,1984-06-30,"0,92"
Napoli,Bruno Pesaola,1982-11-29,1983-06-30,"1,35"
Napoli,Massimo Giacomini,1982-07-01,1982-11-29,"1,26"
Napoli,Rino Marchesi,1980-07-01,1982-06-30,"1,67"
Napoli,Angelo Sormani,1980-04-06,1980-06-30,"0,75"
Napoli,Luís Vinício,1978-10-09,1980-04-06,"1,32"
Napoli,Gianni Di Marzio,1977-07-01,1978-10-09,"1,49"
Napoli,Bruno Pesaola,1976-07-01,1977-06-30,"1,48"
Napoli,Alberto Delfrati,1976-06-23,1976-06-30,"2,00"
Napoli,Luís Vinício,1973-07-01,1976-06-23,"1,73"
Napoli,Giuseppe Chiappella,1969-04-14,1973-06-30,"1,46"
Napoli,Giuseppe Chiappella,1968-07-01,1969-02-03,"1,22"
Napoli,Egidio Di Costanzo,1968-07-01,1969-06-30,"1,36"
Napoli,Bruno Pesaola,1964-07-01,1968-06-30,"1,75"
Napoli,Giovanni Molino,1964-03-15,1964-06-30,"1,29"
Napoli,Roberto Lerici,1963-07-01,1964-03-08,"1,38"
Napoli,Eraldo Monzeglio,1962-07-01,1963-06-30,-
Napoli,Bruno Pesaola,1962-01-29,1963-06-30,"1,47"
Napoli,Fioravante Baldi,1961-07-01,1962-01-29,"1,32"
Napoli,Attila Sallustro,1961-05-23,1961-06-30,"0,00"
Napoli,Amedeo Amadei,1959-10-11,1961-05-23,"1,08"
Napoli,Annibale Frossi,1959-07-01,1959-10-10,"1,20"
Napoli,Amedeo Amadei,1956-01-25,1959-06-30,"1,34"
Napoli,Eraldo Monzeglio,1949-07-01,1956-01-23,"1,61"
Napoli,Luigi De Manes,1949-02-14,1949-07-01,"1,44"
Napoli,Felice Borel,1948-07-01,1949-02-14,"1,36"
Napoli,Arnaldo Sentimenti,1948-01-25,1948-07-04,"1,45"
Napoli,Giovanni Vecchina,1947-11-02,1948-01-18,"0,82"
Napoli,Raffaele Sansone,1945-07-01,1947-10-26,"1,41"
Napoli,Luigi De Manes,1944-07-01,1945-06-30,-
Napoli,Paulo Innocenti,1943-01-18,1943-06-30,"1,78"
Napoli,Antonio Vojak,1940-07-01,1943-01-17,"1,26"
Napoli,Adolfo Baloncieri,1939-07-01,1940-06-30,"1,13"
Napoli,Paolo Iodice,1939-02-05,1939-06-30,"1,79"
Napoli,Eugen Payer,1938-01-09,1939-01-29,"1,12"
Napoli,Angelo Mattea,1936-07-01,1938-01-03,"1,20"
Napoli,Károly Csapkay,1935-07-01,1936-06-30,"1,36"
Napoli,William Garbutt,1929-07-01,1935-06-30,"1,58"
Napoli,Giovanni Terrile,1929-01-01,1929-06-30,"2,33"
Napoli,Otto Fischer,1928-07-01,1928-12-31,-
Napoli,Giovanni Terrile,1928-01-01,1928-06-30,-
Napoli,Ferenc Molnár,1927-10-28,1928-03-31,-
Napoli,Bino Skasa,1926-11-10,1927-03-31,-
Newcastle United,Eddie Howe,2021-11-08,2026-05-03,"1,70"
Newcastle United,Graeme Jones,2021-10-20,2021-11-07,"0,67"
Newcastle United,Steve Bruce,2019-07-17,2021-10-20,"1,15"
Newcastle United,Rafael Benítez,2016-03-11,2019-06-30,"1,48"
Newcastle United,Steve McClaren,2015-06-10,2016-03-11,"0,87"
Newcastle United,John Carver,2014-12-31,2015-06-09,"0,65"
Newcastle United,Alan Pardew,2010-12-09,2015-01-02,"1,38"
Newcastle United,Peter Beardsley,2010-12-06,2010-12-08,-
Newcastle United,Chris Hughton,2009-07-01,2010-12-06,"1,91"
Newcastle United,Alan Shearer,2009-04-02,2009-06-30,"0,63"
Newcastle United,Chris Hughton,2009-02-12,2009-04-01,"0,33"
Newcastle United,Joe Kinnear,2008-09-26,2009-02-11,"1,00"
Newcastle United,Chris Hughton,2008-09-05,2008-09-25,"0,00"
Newcastle United,Kevin Keegan,2008-01-16,2008-09-04,"1,14"
Newcastle United,Nigel Pearson,2008-01-09,2008-01-16,"1,50"
Newcastle United,Sam Allardyce,2007-05-15,2008-01-09,"1,25"
Newcastle United,Glenn Roeder,2006-02-02,2007-05-06,"1,60"
Newcastle United,Graeme Souness,2004-09-07,2006-02-02,"1,52"
Newcastle United,John Carver,2004-08-29,2004-09-12,"3,00"
Newcastle United,Sir Bobby Robson,1999-09-01,2004-08-29,"1,65"
Newcastle United,Steve Clarke,1999-08-28,1999-08-30,"0,00"
Newcastle United,Ruud Gullit,1998-08-27,1999-08-28,"1,29"
Newcastle United,Kenny Dalglish,1997-01-14,1998-08-27,"1,44"
Newcastle United,Terry McDermott,1997-01-08,1997-01-14,"1,00"
Newcastle United,Kevin Keegan,1992-02-05,1997-01-08,"1,85"
Newcastle United,Osvaldo Ardiles,1991-03-26,1992-02-05,"1,02"
Newcastle United,Jim Smith,1988-12-04,1991-03-26,"1,42"
Newcastle United,Colin Suggett,1988-10-11,1988-12-03,"0,89"
Newcastle United,Willie McFaul,1985-08-12,1988-10-10,"1,30"
Newcastle United,Jack Charlton,1984-08-14,1985-08-10,"1,25"
Newcastle United,Arthur Cox,1980-09-05,1984-05-24,"1,53"
Newcastle United,Joe Harvey,1980-08-29,1980-09-04,"1,50"
Newcastle United,Bill McGarry,1977-11-18,1980-08-28,"1,21"
Newcastle United,Richard Dinnis,1977-02-02,1977-11-09,"1,15"
Newcastle United,Gordon Lee,1975-06-12,1977-01-30,"1,50"
Newcastle United,Joe Harvey,1962-07-01,1975-06-30,"1,40"
Newcastle United,Norman Smith,1961-10-01,1962-06-30,"1,26"
Newcastle United,Charlie Mitten,1958-07-01,1961-10-18,"1,29"
Newcastle United,Stan Seymour,1956-01-01,1958-06-30,"1,13"
Newcastle United,Dug Livingstone,1954-07-01,1956-06-30,"1,51"
Newcastle United,Stan Seymour,1950-12-01,1954-12-31,"1,43"
Newcastle United,George Martin,1947-05-01,1950-11-30,"1,73"
Newcastle United,Stan Seymour,1939-09-01,1947-04-30,"1,70"
Newcastle United,Tom Mather,1935-07-01,1939-08-31,"1,49"
Newcastle United,Andy Cunningham,1930-01-02,1935-06-30,"1,43"
Newcastle United,Frank Watt,1895-08-01,1930-01-01,"1,58"
Nice,Claude Puel,2025-12-29,2026-05-03,"1,32"
Nice,Franck Haise,2024-07-01,2025-12-29,"1,27"
Nice,Francesco Farioli,2023-07-01,2024-06-30,"1,68"
Nice,Didier Digard,2023-01-10,2023-06-30,"1,76"
Nice,Lucien Favre,2022-07-01,2023-01-09,"1,27"
Nice,Christophe Galtier,2021-07-01,2022-06-30,"1,84"
Nice,Adrian Ursea,2020-12-04,2021-05-24,"1,27"
Nice,Patrick Vieira,2018-07-01,2020-12-04,"1,42"
Nice,Lucien Favre,2016-07-01,2018-06-30,"1,54"
Nice,Claude Puel,2012-05-23,2016-06-30,"1,43"
Nice,René Marsiglia,2011-11-16,2012-05-21,"1,28"
Nice,Éric Roy,2010-03-09,2011-11-15,"1,33"
Nice,Didier Ollé-Nicolle,2009-07-01,2010-03-08,"0,90"
Nice,Frédéric Antonetti,2005-07-01,2009-06-30,"1,40"
Nice,Gernot Rohr,2002-07-01,2005-04-25,"1,28"
Nice,Valter Salvioni,2000-07-01,2002-06-30,"1,41"
Nice,Guy David,1999-01-07,2000-06-30,"1,42"
Nice,Victor Zvunka,1998-07-01,1999-01-10,"0,88"
Nice,Silvester Takac,1998-04-01,1998-06-30,"1,67"
Nice,Michel Renquin,1997-10-30,1998-06-30,"0,82"
Nice,Silvester Takac,1996-12-01,1997-10-31,"1,84"
Nice,Daniel Sanchez,1996-08-01,1996-12-12,"0,62"
Nice,Albert Emon,1992-11-01,1996-08-01,"1,39"
Nice,Jean-Noël Huck,1990-12-31,1992-11-01,"1,31"
Nice,Jean Fernandez,1990-07-01,1990-12-31,"1,05"
Nice,Carlos Bianchi,1989-10-15,1990-06-30,"1,11"
Nice,Pierre Alonzo,1989-07-01,1989-10-15,"0,93"
Nice,Nenad Bjekovic,1987-07-01,1989-06-30,"1,49"
Nice,Jean Sérafin,1982-07-01,1987-06-30,"1,72"
Nice,Marcel Domingo,1981-07-01,1982-06-30,"0,81"
Nice,Vlatko Markovic,1980-07-01,1981-07-31,"1,05"
Nice,Léon Rossi,1979-07-01,1980-06-30,"1,18"
Nice,Albert Batteux,1979-02-01,1979-06-30,"1,39"
Nice,Koczur Ferry,1978-07-01,1979-02-01,"1,00"
Nice,Léon Rossi,1977-02-01,1978-06-30,"1,68"
Nice,Jean-Marc Guillou,1976-11-01,1977-01-31,"1,73"
Nice,Vlatko Markovic,1974-07-01,1976-11-01,"1,52"
Nice,Jean Snella,1971-10-09,1974-06-30,"1,60"
Nice,Léon Rossi,1969-01-01,1971-10-31,"1,21"
Nice,Pancho Gonzalès,1964-07-01,1969-01-01,"1,43"
Nice,Numa Andoire,1962-07-01,1964-06-30,"1,17"
Nice,Jean Luciano,1957-07-01,1962-06-30,"1,54"
Nice,Luis Carniglia,1955-07-01,1957-04-15,"1,57"
Nice,Bill Berry,1953-07-01,1955-06-30,"1,54"
Nice,Mario Zatelli,1952-07-01,1953-06-30,"1,27"
Nice,Numa Andoire,1950-12-07,1953-01-12,"1,95"
Nice,Émile Veinante,1949-07-01,1950-06-30,"1,63"
Nice,Anton Marek,1947-07-01,1949-06-30,"1,44"
Nice,Giovanni Lardi,1946-12-18,1947-06-30,-
Nice,Josep Samitier,1938-07-01,1939-06-30,-
Nice,Ricardo Zamora,1937-07-01,1938-06-30,"0,50"
Nice,Charlie Bell,1933-07-01,1934-06-30,"0,80"
Nice,Giovanni Lardi,1932-07-01,1932-10-05,-
Nürnberg,Miroslav Klose,2024-07-01,2026-05-03,"1,37"
Nürnberg,Cristian Fiél,2023-06-02,2024-06-30,"1,24"
Nürnberg,Dieter Hecking,2023-02-20,2023-06-01,"1,21"
Nürnberg,Markus Weinzierl,2022-10-04,2023-02-20,"1,38"
Nürnberg,Robert Klauß,2020-07-30,2022-10-03,"1,35"
Nürnberg,Marek Mintál,2020-06-29,2020-07-29,-
Nürnberg,Michael Wiesinger,2020-06-29,2020-07-29,"1,50"
Nürnberg,Jens Keller,2019-11-13,2020-06-28,"1,10"
Nürnberg,Marek Mintál,2019-11-06,2019-11-13,"0,00"
Nürnberg,Damir Canadi,2019-05-19,2019-11-05,"1,21"
Nürnberg,Boris Schommers,2019-02-28,2019-06-30,"0,55"
Nürnberg,Boris Schommers,2019-02-12,2019-02-27,"0,50"
Nürnberg,Michael Köllner,2017-07-01,2019-02-12,"1,38"
Nürnberg,Michael Köllner,2017-03-07,2017-06-30,"1,18"
Nürnberg,Alois Schwartz,2016-07-01,2017-03-07,"1,28"
Nürnberg,René Weiler,2014-11-12,2016-06-30,"1,72"
Nürnberg,Valérien Ismaël,2014-07-01,2014-11-10,"1,00"
Nürnberg,Roger Prinzen,2014-04-23,2014-06-30,"0,00"
Nürnberg,Gertjan Verbeek,2013-10-22,2014-04-23,"0,91"
Nürnberg,Roger Prinzen,2013-10-07,2013-10-21,"1,00"
Nürnberg,Armin Reutershahn,2013-01-01,2013-10-07,-
Nürnberg,Michael Wiesinger,2012-12-24,2013-10-07,"1,12"
Nürnberg,Dieter Hecking,2009-12-22,2012-12-24,"1,33"
Nürnberg,Michael Oenning,2008-09-05,2009-12-21,"1,45"
Nürnberg,Michael Oenning,2008-08-29,2008-09-04,"1,00"
Nürnberg,Thomas von Heesen,2008-02-12,2008-08-28,"1,10"
Nürnberg,Hans Meyer,2005-11-09,2008-02-11,"1,45"
Nürnberg,Dieter Lieberwirth,2005-11-01,2005-11-08,"0,00"
Nürnberg,Wolfgang Wolf,2003-04-30,2005-10-31,"1,31"
Nürnberg,Klaus Augenthaler,2000-03-02,2003-04-30,"1,40"
Nürnberg,Thomas Brunner,2000-02-19,2000-03-02,"1,00"
Nürnberg,Friedel Rausch,1999-01-01,2000-02-18,"1,39"
Nürnberg,Thomas Brunner,1998-12-01,1998-12-31,"0,33"
Nürnberg,Willi Reimann,1998-07-01,1998-11-30,"1,00"
Nürnberg,Felix Magath,1997-09-01,1998-06-30,"1,93"
Nürnberg,Willi Entenmann,1996-05-01,1997-08-30,"1,92"
Nürnberg,Hermann Gerland,1995-07-01,1996-04-30,"1,35"
Nürnberg,Günter Sebert,1994-12-01,1995-06-30,"1,12"
Nürnberg,Rainer Zobel,1994-01-03,1994-12-31,"1,13"
Nürnberg,Dieter Renner,1993-11-10,1994-01-02,"0,80"
Nürnberg,Willi Entenmann,1991-07-01,1993-11-09,"1,36"
Nürnberg,Arie Haan,1990-07-01,1991-06-30,"1,16"
Nürnberg,Dieter Lieberwirth,1990-04-10,1990-06-30,"1,43"
Nürnberg,Hermann Gerland,1988-07-01,1990-04-09,"1,15"
Nürnberg,Heinz Höher,1984-01-01,1988-06-30,"1,38"
Nürnberg,Fritz Popp,1983-12-07,1983-12-31,"0,00"
Nürnberg,Rudolf Kröner,1983-10-26,1983-12-06,"0,20"
Nürnberg,Udo Klug,1981-09-09,1983-10-25,"1,30"
Nürnberg,Heinz Elzner,1981-06-01,1981-09-08,"0,50"
Nürnberg,Fred Hoffmann,1981-05-27,1981-06-30,"1,67"
Nürnberg,Fritz Popp,1981-03-04,1981-05-26,"1,00"
Nürnberg,Horst Heese,1980-07-01,1981-03-03,"1,23"
Nürnberg,Robert Gebhardt,1979-08-19,1980-06-30,"2,28"
Nürnberg,Jef Vliers,1979-07-01,1979-08-18,"0,33"
Nürnberg,Robert Gebhardt,1978-12-21,1979-06-30,"1,33"
Nürnberg,Werner Kern,1978-05-26,1978-12-20,"0,95"
Nürnberg,Horst Buhtz,1976-07-01,1978-05-19,"1,90"
Nürnberg,Hans Tilkowski,1973-07-01,1976-06-30,"1,75"
Nürnberg,Zlatko Cajkovski,1971-12-06,1973-06-30,"0,00"
Nürnberg,Fritz Langner,1971-08-02,1971-12-05,"3,00"
Nürnberg,Thomas Barthel,1970-07-01,1971-06-30,"1,18"
Nürnberg,Kuno Klötzer,1969-04-12,1970-06-30,"2,17"
Nürnberg,Robert Körner,1969-03-25,1969-04-12,"1,00"
Nürnberg,Max Merkel,1967-01-03,1969-03-24,"1,56"
Nürnberg,Jenö Vincze,1966-11-08,1966-12-31,"0,40"
Nürnberg,Jenö Csaknády,1965-07-01,1966-11-07,"1,48"
Nürnberg,Gunther Baumann,1964-07-01,1965-06-30,"1,53"
Nürnberg,Jenö Csaknády,1963-11-01,1964-06-30,"1,32"
Nürnberg,Herbert Widmayer,1960-07-01,1963-10-30,"2,12"
Nürnberg,Franz Binder,1954-07-01,1960-06-30,"1,76"
Nürnberg,Anton Kugler,1952-09-29,1954-06-30,"1,63"
Nürnberg,Alwin Riemke,1951-07-01,1952-09-29,"1,81"
Nürnberg,Hans Schmidt,1950-01-01,1951-06-30,"1,88"
Nürnberg,Lorenz Polster,1949-01-01,1949-12-30,"1,21"
Nürnberg,Josef Schmitt,1947-07-01,1949-06-30,"2,11"
Nürnberg,Karl Michalke,1946-07-01,1947-06-30,"2,33"
Nürnberg,Alwin Riemke,1945-07-01,1946-06-30,"2,00"
Nürnberg,Hans Schmidt,1941-10-01,1945-09-30,"1,88"
Nürnberg,Alwin Riemke,1939-07-01,1941-06-30,"2,00"
Nürnberg,György Orth,1936-07-01,1938-06-30,"2,00"
Nürnberg,Alfréd Schaffer,1934-01-01,1935-06-30,"2,00"
Nürnberg,Anton Kugler,1932-07-01,1933-12-31,-
Nürnberg,Jenő Konrád,1930-07-01,1932-06-30,"2,00"
Nürnberg,Hans Tauchert,1928-07-01,1929-06-30,"3,00"
Nürnberg,Fred Spiksley,1927-01-01,1927-06-30,"3,00"
Nürnberg,Izidor Kürschner,1920-07-01,1921-06-30,"3,00"
Nürnberg,Alfréd Schaffer,1919-07-01,1920-02-28,-
Nürnberg,Fred Spiksley,1913-07-01,1914-06-30,-
Osasuna,Alessio Lisci,2025-07-01,2026-05-03,"1,34"
Osasuna,Vicente Moreno,2024-07-01,2025-06-30,"1,49"
Osasuna,Jagoba Arrasate,2018-07-01,2024-06-30,"1,46"
Osasuna,Diego Martínez,2017-07-01,2018-06-30,"1,52"
Osasuna,Petar Vasiljevic,2017-01-05,2017-06-30,"0,70"
Osasuna,Joaquín Caparrós,2016-11-08,2017-01-05,"0,38"
Osasuna,Enrique Martín,2015-05-05,2016-11-07,"1,48"
Osasuna,José Manuel Mateo,2015-02-28,2015-05-04,"0,60"
Osasuna,Jan Urban,2014-07-03,2015-02-28,"1,11"
Osasuna,Javi Gracia,2013-09-04,2014-06-30,"1,05"
Osasuna,José Luis Mendilibar,2011-02-14,2013-09-03,"1,23"
Osasuna,José Antonio Camacho,2008-10-13,2011-02-14,"1,13"
Osasuna,Cuco Ziganda,2006-05-23,2008-10-13,"1,27"
Osasuna,Javier Aguirre,2002-07-01,2006-06-30,"1,39"
Osasuna,Miguel Ángel Lotina,1999-07-01,2002-06-30,"1,24"
Osasuna,Enrique Martín,1997-05-05,1999-06-30,"1,42"
Osasuna,Miguel Sola,1997-03-03,1997-05-05,"0,63"
Osasuna,Pedro Maria Zabalza,1996-11-04,1997-03-03,"1,18"
Osasuna,Rafael Benítez,1996-07-01,1996-11-04,"0,78"
Osasuna,Paquito García,1995-07-01,1996-06-30,"1,50"
Osasuna,Manuel Andrés Los Arcos,1995-03-13,1995-06-30,"1,50"
Osasuna,Txetxu Rojo,1994-07-01,1995-03-12,"1,20"
Osasuna,Enrique Martín,1993-12-20,1994-06-30,"0,91"
Osasuna,Pedro Maria Zabalza,1986-10-27,1993-12-20,"1,32"
Osasuna,Ivan Brzic,1983-07-01,1986-10-27,"1,17"
Osasuna,Pepe Alzate,1979-07-01,1983-06-30,"1,25"
Osasuna,García Verdugo,1977-07-01,1979-06-30,"2,00"
Osasuna,Pachín,1976-07-01,1977-06-30,-
Osasuna,Pepe Alzate,1976-04-18,1976-06-30,-
Osasuna,Antonio Barrios,1973-11-25,1974-03-10,-
Osasuna,Moruca,1972-07-01,1973-11-06,"0,00"
Osasuna,Pedro Eguiluz,1971-07-01,1972-06-30,-
Osasuna,Baltasar Albéniz,1970-07-01,1971-06-30,-
Osasuna,Juan Otxoantezana,1969-07-01,1970-06-30,-
Osasuna,Julio Martialay,1966-12-06,1967-10-30,"0,50"
Osasuna,Luis Aranaz,1964-03-02,1965-12-20,"1,00"
Osasuna,Miguel Gual,1963-12-01,1965-02-28,"0,80"
Osasuna,Baltasar Albéniz,1963-07-01,1963-11-30,"0,50"
Osasuna,Enrique Orizaola,1962-07-01,1963-06-30,"1,10"
Osasuna,Miguel Gual,1960-04-26,1962-06-30,"1,23"
Osasuna,Jesús Salvatierra,1960-03-22,1960-04-25,"1,50"
Osasuna,Ignacio Eizaguirre,1959-07-01,1960-03-20,"0,77"
Osasuna,Sabino Barinaga,1957-07-01,1959-06-30,"1,50"
Osasuna,Baltasar Albéniz,1955-01-01,1957-06-30,"1,46"
Osasuna,Tomás Arnanz,1952-07-01,1954-12-27,"1,37"
Osasuna,Cuqui Bienzobas,1950-07-01,1952-06-30,-
Osasuna,José María Peña,1948-07-01,1949-06-30,-
Osasuna,Emilio Urdiroz,1945-01-01,1945-06-30,-
Osasuna,Emilio Urdiroz,1942-10-17,1944-06-30,"0,00"
Osasuna,Juanín,1941-07-01,1941-11-02,-
Osasuna,Ramón Urrizalqui,1940-07-01,1943-06-30,"1,20"
Osasuna,Baltasar Albéniz,1940-05-01,1940-06-30,"0,00"
Osasuna,José María Peña,1938-07-01,1939-06-30,-
Osasuna,Emilio Urdiroz,1932-07-01,1936-06-30,"1,07"
Osnabrück,Timo Schultz,2025-06-17,2026-05-03,"2,05"
Osnabrück,Marco Antwerpen,2024-12-12,2025-05-30,"1,68"
Osnabrück,Pit Reimers,2024-09-25,2024-12-09,"0,90"
Osnabrück,Maniyel Nergiz,2024-09-23,2024-09-24,-
Osnabrück,Tim Danneberg,2024-09-23,2024-09-24,"0,00"
Osnabrück,Uwe Koschinat,2023-11-27,2024-09-22,"1,04"
Osnabrück,Martin Heck,2023-11-14,2023-11-26,"0,00"
Osnabrück,Tim Danneberg,2023-11-14,2023-11-26,-
Osnabrück,Tobias Schweinsteiger,2022-08-29,2023-11-14,"1,60"
Osnabrück,Tim Danneberg,2022-08-18,2022-08-28,"1,00"
Osnabrück,Daniel Scherning,2021-07-01,2022-08-17,"1,58"
Osnabrück,Markus Feldhoff,2021-03-03,2021-06-30,"1,08"
Osnabrück,Florian Fulland,2021-02-15,2021-03-02,"0,00"
Osnabrück,Marco Grote,2020-07-22,2021-02-15,"1,09"
Osnabrück,Daniel Thioune,2017-11-08,2020-07-05,"1,46"
Osnabrück,Daniel Thioune,2017-10-05,2017-11-07,"0,60"
Osnabrück,Joe Enochs,2015-09-03,2017-10-04,"1,51"
Osnabrück,Joe Enochs,2015-08-24,2015-09-02,"3,00"
Osnabrück,Maik Walpurgis,2013-07-01,2015-08-24,"1,43"
Osnabrück,Alexander Ukrow,2013-05-14,2013-06-30,"2,00"
Osnabrück,Claus-Dieter Wollitz,2012-01-01,2013-05-13,"1,82"
Osnabrück,Uwe Fuchs,2011-07-01,2011-12-08,"1,25"
Osnabrück,Heiko Flottmann,2011-04-11,2011-06-30,"0,71"
Osnabrück,Joe Enochs,2011-03-22,2011-04-11,"1,00"
Osnabrück,Karsten Baumann,2009-07-01,2011-03-21,"1,45"
Osnabrück,Claus-Dieter Wollitz,2004-07-01,2009-06-30,"1,40"
Osnabrück,Thorsten Haas,2004-04-07,2004-06-30,"0,71"
Osnabrück,Frank Pagelsdorf,2003-06-18,2004-04-07,"0,82"
Osnabrück,Jürgen Gelsdorf,2000-11-28,2003-06-30,"1,61"
Osnabrück,Lothar Gans,2000-09-28,2000-11-27,"1,13"
Osnabrück,Michael Lorkowski,2000-07-01,2000-09-27,"0,14"
Osnabrück,Lothar Gans,2000-02-14,2000-06-30,"2,21"
Osnabrück,Klaus Baumanns,2000-01-30,2000-01-30,"3,00"
Osnabrück,Wolfgang Sidka,1999-07-01,2000-02-13,"2,00"
Osnabrück,Lothar Gans,1998-10-23,1998-11-07,"2,33"
Osnabrück,Gerd-Volker Schock,1998-07-01,1999-06-07,"2,09"
Osnabrück,Hans-Werner Moors,1997-10-22,1998-06-30,"1,90"
Osnabrück,Gerd-Volker Schock,1997-10-17,1997-10-21,"3,00"
Osnabrück,Herbert Mühlenberg,1995-11-26,1997-10-16,"1,84"
Osnabrück,Heiko Flottmann,1994-11-16,1995-11-25,"1,73"
Osnabrück,Werner Biskup,1993-07-01,1995-02-28,"1,81"
Osnabrück,Hans-Dieter Schmidt,1993-05-03,1993-06-30,"1,67"
Osnabrück,Hubert Hüring,1992-07-01,1993-05-02,"1,14"
Osnabrück,Ulrich Sude,1991-08-20,1992-06-30,"1,43"
Osnabrück,Rolf Grünther,1990-10-23,1991-08-19,"1,34"
Osnabrück,Roland Koch,1990-07-01,1990-10-20,"1,00"
Osnabrück,Friedel Hoppe,1990-05-03,1990-06-30,"1,33"
Osnabrück,Rolf Schafstall,1989-07-01,1990-05-02,"1,31"
Osnabrück,Hans-Werner Moors,1988-07-26,1989-06-30,"1,33"
Osnabrück,Antun Rudinski,1987-09-07,1988-07-26,"1,41"
Osnabrück,Friedel Hoppe,1987-08-30,1987-09-06,-
Osnabrück,Rolf Grünther,1985-08-14,1987-08-30,"1,44"
Osnabrück,Erhard Ahmann,1984-02-15,1985-08-13,"1,92"
Osnabrück,Gerd-Volker Schock,1983-11-23,1984-02-22,"0,57"
Osnabrück,Carl-Heinz Rühl,1981-12-07,1983-11-06,"1,31"
Osnabrück,Bernd Hoss,1981-07-01,1981-11-29,"1,47"
Osnabrück,Werner Biskup,1980-07-01,1981-06-30,"1,80"
Osnabrück,Gerd Bohnsack,1979-07-01,1980-06-30,"1,53"
Osnabrück,Helmut Kalthoff,1979-04-08,1979-06-30,"0,00"
Osnabrück,Radoslav Momirski,1978-03-02,1979-04-07,"1,38"
Osnabrück,Reinhard Roder,1977-07-01,1978-03-01,"0,89"
Osnabrück,Eduard Sausmikat,1977-04-21,1977-06-30,"1,50"
Osnabrück,Siegfried Melzig,1976-07-01,1977-04-20,"1,68"
Osnabrück,Reinhold Ertel,1975-07-01,1975-06-30,-
Osnabrück,Helmut Kalthoff,1975-05-06,1975-06-30,"1,50"
Osnabrück,Klaus-Dieter Ochs,1973-07-01,1975-05-05,"1,70"
Osnabrück,Erwin Türk,1971-07-01,1973-06-30,"1,09"
Osnabrück,Fritz Langner,1970-07-01,1971-06-30,"1,25"
Osnabrück,Walter Komorowski,1970-06-15,1970-06-30,"0,00"
Osnabrück,Radoslav Momirski,1968-07-01,1970-06-14,"2,08"
Osnabrück,Hans-Wilhelm Loßmann,1967-07-01,1968-06-30,"1,42"
Osnabrück,Hellmut Meidt,1966-03-01,1967-06-30,"1,44"
Osnabrück,Karl-Heinz Marotzke,1964-07-01,1966-01-31,"1,31"
Osnabrück,Walter Komorowski,1963-10-23,1964-06-30,"1,73"
Osnabrück,Emil Izsó,1962-07-01,1963-09-30,"1,19"
Osnabrück,Hellmut Meidt,1957-07-01,1962-06-30,"1,64"
Osnabrück,Willy Thiele,1957-04-01,1957-06-30,"2,33"
Osnabrück,Paul Bornefeld,1954-07-01,1957-03-01,"1,32"
Osnabrück,Walter Hollstein,1952-04-01,1954-06-30,"1,44"
Osnabrück,Rudolph Prokoph,1951-07-01,1952-04-30,"2,00"
Osnabrück,Fred Harthaus,1950-05-01,1951-06-30,"1,53"
Osnabrück,Richard Oehme,1950-03-01,1950-05-07,"2,25"
Osnabrück,Herbert Widmayer,1948-07-01,1950-02-28,"1,95"
Osnabrück,Kurt Schmitt,1947-07-01,1948-06-30,"1,61"
Osnabrück,Erich Borchmeyer,1945-07-01,1946-06-30,-
Osnabrück,Walter Hollstein,1938-07-01,1945-06-30,"1,00"
Osnabrück,Fritz Voss,1932-07-01,1938-06-30,-
Osnabrück,Karl Willnecker,1930-07-01,1932-06-30,"0,00"
Osnabrück,Karl Schrenk,1924-07-01,1927-06-30,-
Oviedo,Guillermo Almada,2025-12-16,2026-05-03,"1,00"
Oviedo,Luis Carrión,2025-10-09,2025-12-14,"0,44"
Oviedo,Veljko Paunovic,2025-03-26,2025-10-09,"1,68"
Oviedo,Javier Calleja,2024-07-06,2025-03-25,"1,55"
Oviedo,Luis Carrión,2023-09-21,2024-06-30,"1,69"
Oviedo,Álvaro Cervera,2022-10-18,2023-09-21,"1,45"
Oviedo,Bolo,2022-07-01,2022-10-18,"0,91"
Oviedo,Cuco Ziganda,2020-02-18,2022-06-30,"1,46"
Oviedo,Javi Rozada,2019-09-16,2020-02-18,"1,17"
Oviedo,Sergio Egea,2019-04-22,2019-09-15,"0,92"
Oviedo,Juan Anquela,2017-07-01,2019-04-22,"1,49"
Oviedo,Fernando Hierro,2016-07-01,2017-06-30,"1,42"
Oviedo,David Generelo,2016-03-17,2016-06-07,"1,00"
Oviedo,Sergio Egea,2014-07-06,2016-03-14,"1,86"
Oviedo,Roberto Robles,2014-02-17,2014-06-30,"1,14"
Oviedo,José Carlos Granero,2013-03-11,2014-02-17,"1,47"
Oviedo,Félix Sarriugarte,2012-07-16,2013-03-10,"1,70"
Oviedo,Pacheta,2011-02-15,2012-06-30,"1,78"
Oviedo,José Manuel Martínez,2010-11-08,2011-02-14,"1,00"
Oviedo,Pichi Lucas,2009-10-13,2010-11-07,"1,58"
Oviedo,Julio Raúl González,2008-07-01,2009-09-28,"1,30"
Oviedo,Lobo Carrasco,2007-07-01,2008-05-26,-
Oviedo,Ismael Díaz,2006-04-04,2007-06-30,"0,00"
Oviedo,Toño Velázquez,2006-03-05,2007-02-18,"1,75"
Oviedo,Antonio Rivas,2003-04-13,2006-03-01,"1,25"
Oviedo,Miguel Sánchez,2003-03-04,2003-04-13,"0,33"
Oviedo,Vicente González-Villamil,2002-10-28,2003-03-03,"0,80"
Oviedo,Enrique Marigil,2001-07-01,2002-10-28,"1,30"
Oviedo,Radomir Antić,2000-07-01,2001-06-30,"1,05"
Oviedo,Luis Aragonés,1999-07-01,2000-06-30,"1,12"
Oviedo,Fernando Vázquez,1998-07-01,1999-06-30,"1,13"
Oviedo,Óscar Tabárez,1997-07-01,1998-06-30,"1,08"
Oviedo,Juanma Lillo,1996-07-01,1997-04-18,"1,14"
Oviedo,Ivan Brzic,1995-07-01,1996-06-30,"1,11"
Oviedo,Radomir Antić,1993-02-15,1995-06-30,"1,37"
Oviedo,Julio Marigil,1993-02-01,1993-02-08,"0,00"
Oviedo,Javier Irureta,1989-07-01,1993-02-08,"1,36"
Oviedo,Vicente Miera,1987-07-01,1989-06-30,"1,20"
Oviedo,Antonio Ruiz,1986-07-01,1986-11-17,"0,50"
Oviedo,José Luis Romero,1984-07-01,1986-06-30,"1,75"
Oviedo,Luis Costa,1983-07-01,1984-06-30,"0,88"
Oviedo,José Víctor Rodríguez,1981-07-01,1982-01-04,-
Oviedo,Nando Yosu,1979-07-01,1981-06-30,"0,83"
Oviedo,José Luis Diestro,1979-01-30,1979-06-30,-
Oviedo,Lalo,1978-07-01,1979-01-29,-
Oviedo,Sabino Barinaga,1978-03-12,1978-06-30,-
Oviedo,Manuel Ruiz Sosa,1977-07-01,1978-03-06,-
Oviedo,Vicente Miera,1974-07-01,1976-06-30,"1,18"
Oviedo,Sabino Barinaga,1973-01-07,1974-06-30,"1,09"
Oviedo,Eduardo Toba,1971-07-01,1972-12-31,"0,89"
Oviedo,Julio Marigil,1970-09-21,1970-09-28,-
Oviedo,Pedro Eguiluz,1969-07-01,1969-11-01,-
Oviedo,Juan Otxoantezana,1967-07-01,1968-02-12,"3,00"
Oviedo,Juan Aretio,1966-07-01,1967-06-30,"2,33"
Oviedo,José Luis Diestro,1965-01-19,1965-06-30,"1,00"
Oviedo,Quique Martín,1964-07-01,1965-01-17,"0,83"
Oviedo,Eduardo Toba,1964-01-20,1964-06-30,"1,27"
Oviedo,Enrique Orizaola,1963-07-01,1964-01-19,"1,12"
Oviedo,Juan Otxoantezana,1962-07-01,1963-06-30,"1,60"
Oviedo,Álvaro Pérez,1961-10-20,1962-06-30,"1,41"
Oviedo,Enrique Rubio,1961-10-13,1961-10-21,"3,00"
Oviedo,Fernando Argila,1961-03-19,1961-10-13,"1,21"
Oviedo,Herrerita,1961-03-07,1961-03-18,-
Oviedo,Sabino Barinaga,1960-07-01,1961-03-06,"1,04"
Oviedo,Fernando Argila,1959-11-16,1960-06-30,"1,55"
Oviedo,Luis Pasarín,1959-07-01,1959-11-15,"1,75"
Oviedo,Abel Picabéa,1957-07-01,1959-06-30,"1,45"
Oviedo,Fernando Argila,1957-02-11,1957-06-30,"3,00"
Oviedo,Eduardo Toba,1956-07-01,1957-02-10,"1,00"
Oviedo,Luis Pasarín,1955-10-02,1956-06-30,"1,75"
Oviedo,Óscar Álvarez,1955-07-01,1955-09-26,-
Oviedo,Domingo Balmanya,1954-07-01,1955-06-30,"1,67"
Oviedo,Luis Urquiri,1953-07-01,1954-06-30,"1,00"
Oviedo,Luis Urquiri,1951-07-01,1953-05-04,"1,28"
Oviedo,Patricio Caicedo,1950-07-01,1951-06-30,"0,00"
Oviedo,Juan José Urquizu,1948-07-01,1950-06-30,"1,13"
Oviedo,Patxi Gamborena,1947-07-01,1948-06-30,"1,23"
Oviedo,Manuel Meana,1942-05-19,1947-06-30,"1,52"
Oviedo,Herrerita,1942-03-03,1942-05-18,"0,50"
Oviedo,Óscar Álvarez,1941-07-01,1942-03-02,"1,23"
Oviedo,Cristóbal Martí,1940-11-04,1941-06-30,"1,11"
Oviedo,Herrerita,1940-07-01,1940-11-03,"1,50"
Oviedo,José María Peña,1935-07-01,1936-06-30,"1,82"
Oviedo,Emilio Sampere,1933-07-01,1935-06-30,"1,67"
Oviedo,Vicente Tonijuán,1931-07-01,1933-06-30,"3,00"
Oviedo,Patrick O'Connell,1929-07-01,1931-06-30,-
Oviedo,Antonin Fivebr,1928-07-01,1929-06-30,"0,00"
Oviedo,Fred Pentland,1926-07-01,1927-06-30,-
Paderborn 07,Ralf Kettemann,2025-07-01,2026-05-03,"1,76"
Paderborn 07,Lukas Kwasniok,2021-07-01,2025-06-30,"1,57"
Paderborn 07,Steffen Baumgart,2017-04-16,2021-06-30,"1,62"
Paderborn 07,Stefan Emmerling,2016-12-06,2017-04-16,"1,06"
Paderborn 07,Florian Fulland,2016-11-21,2016-12-06,"0,50"
Paderborn 07,René Müller,2016-03-03,2016-11-20,"1,21"
Paderborn 07,Stefan Effenberg,2015-10-13,2016-03-02,"0,80"
Paderborn 07,René Müller,2015-10-06,2015-10-12,-
Paderborn 07,Markus Gellhaus,2015-07-01,2015-10-06,"0,91"
Paderborn 07,André Breitenreiter,2013-07-01,2015-06-30,"1,35"
Paderborn 07,René Müller,2013-05-06,2013-06-30,"1,50"
Paderborn 07,Stephan Schmidt,2012-07-09,2013-05-05,"1,18"
Paderborn 07,Roger Schmidt,2011-07-01,2012-06-30,"1,78"
Paderborn 07,André Schubert,2009-05-13,2011-06-30,"1,38"
Paderborn 07,Pavel Dotchev,2008-02-09,2009-05-13,"1,58"
Paderborn 07,Holger Fach,2007-01-03,2008-02-08,"1,03"
Paderborn 07,Roland Seitz,2006-09-05,2006-12-30,"1,13"
Paderborn 07,Markus Gellhaus,2006-08-12,2006-09-04,"1,33"
Paderborn 07,Jos Luhukay,2005-07-01,2006-08-11,"1,31"
Paderborn 07,Pavel Dotchev,2003-02-17,2005-06-30,"1,80"
Paderborn 07,Uwe Erkenbrecher,2001-12-03,2003-02-10,"1,53"
Paderborn 07,Markus Gellhaus,2001-07-01,2001-12-02,"0,86"
Paderborn 07,Günther Rybarczyk,1999-12-27,2001-06-30,"2,16"
Paderborn 07,Marco Kostmann,1999-10-29,1999-12-23,"0,57"
Paderborn 07,Marco Kostmann,1999-10-13,1999-10-28,"2,00"
Paderborn 07,Fritz Grösche,1999-07-01,1999-10-12,"1,25"
Paderborn 07,Günther Rybarczyk,1993-07-01,1999-06-30,"1,59"
Paderborn 07,Bernd Gorski,1991-07-01,1993-06-30,"1,65"
Paderborn 07,Wolfgang Schlichthaber,1989-07-01,1991-06-30,"1,63"
Paderborn 07,Michael Lameck,1988-07-01,1989-06-30,"1,30"
Paderborn 07,Lothar Senk,1987-07-01,1988-06-30,"1,30"
Paderborn 07,Horst Wohlers,1986-07-01,1987-06-30,"1,43"
Paderborn 07,Rolf Otte-Imkamp,1973-07-01,1974-06-30,-
Paris FC,Antoine Kombouaré,2026-02-23,2026-05-03,"2,00"
Paris FC,Stéphane Gilli,2023-07-01,2026-02-22,"1,60"
Paris FC,Thierry Laurey,2021-06-20,2023-06-30,"1,70"
Paris FC,René Girard,2020-01-06,2021-06-18,"1,57"
Paris FC,Stéphane Gilli,2019-12-30,2020-01-06,"3,00"
Paris FC,Mehmed Bazdarevic,2018-06-15,2019-12-30,"1,42"
Paris FC,Fabien Mercadal,2017-06-21,2018-06-08,"1,60"
Paris FC,Réginald Ray,2016-07-01,2017-06-30,"1,50"
Paris FC,Jean-Luc Vasseur,2015-11-29,2016-06-20,"0,77"
Paris FC,Denis Renaud,2015-07-01,2015-11-28,"0,76"
Paris FC,Christophe Taine,2013-07-01,2015-06-01,"1,69"
Paris FC,Gaston Diamé,2013-02-21,2013-06-30,"1,53"
Paris FC,Alexandre Monier,2012-10-05,2013-02-21,"0,80"
Paris FC,Olivier Guillou,2012-06-21,2012-10-05,"0,80"
Paris FC,Alain Mboma,2011-07-01,2012-06-30,"1,26"
Paris FC,Jean-Luc Vannuchi,2009-09-28,2011-06-30,"1,43"
Paris FC,Jean-Marc Pilorget,2008-05-21,2009-09-28,"1,42"
Paris FC,Jean-Guy Wallemme,2007-07-01,2008-05-27,"1,33"
Paris FC,Patrick Parizon,2004-07-01,2004-10-01,-
Paris FC,Jean-Marc Pilorget,2004-07-01,2007-05-02,"1,41"
Paris FC,Philippe Lemaître,2002-07-01,2004-06-30,-
Paris FC,Robert Buigues,1999-11-01,2002-06-30,-
Paris FC,Jean-Pierre Carayon,1999-07-01,1999-11-01,-
Paris FC,Delio Onnis,1992-11-01,1995-04-01,-
Paris FC,Hubert Velud,1992-11-01,1999-06-30,"1,50"
Paris FC,Pierre Lechantre,1986-01-01,1992-06-30,-
Paris FC,Alberto Muro,1981-01-01,1982-06-30,"1,24"
Paris FC,Roger Lemerre,1979-07-01,1981-09-30,"1,42"
Paris FC,Robert Vicot,1976-07-01,1979-07-01,"1,43"
Paris FC,Antoine Dalla Cieca,1973-01-01,1978-06-30,"1,20"
Paris FC,Louis Hon,1972-07-01,1972-12-31,"0,83"
Paris Saint-Germain,Luis Enrique,2023-07-05,2026-05-03,"2,27"
Paris Saint-Germain,Christophe Galtier,2022-07-05,2023-06-30,"2,16"
Paris Saint-Germain,Mauricio Pochettino,2021-01-02,2022-07-05,"2,15"
Paris Saint-Germain,Thomas Tuchel,2018-07-01,2020-12-29,"2,35"
Paris Saint-Germain,Unai Emery,2016-07-01,2018-06-30,"2,42"
Paris Saint-Germain,Laurent Blanc,2013-06-25,2016-06-22,"2,36"
Paris Saint-Germain,Carlo Ancelotti,2012-01-01,2013-06-30,"2,13"
Paris Saint-Germain,Antoine Kombouaré,2009-07-01,2011-12-29,"1,66"
Paris Saint-Germain,Paul Le Guen,2007-01-15,2009-06-30,"1,63"
Paris Saint-Germain,Guy Lacombe,2005-12-27,2007-01-15,"1,35"
Paris Saint-Germain,Laurent Fournier,2005-02-09,2005-12-27,"1,61"
Paris Saint-Germain,Vahid Halilhodzic,2003-07-01,2005-02-08,"1,69"
Paris Saint-Germain,Luis Fernandez,2000-12-03,2003-06-30,"1,63"
Paris Saint-Germain,Philippe Bergeroo,1999-03-15,2000-12-03,"1,61"
Paris Saint-Germain,Artur Jorge,1998-10-09,1999-03-14,"1,23"
Paris Saint-Germain,Alain Giresse,1998-07-01,1998-10-23,"1,25"
Paris Saint-Germain,Ricardo Gomes,1996-07-01,1998-06-30,"1,76"
Paris Saint-Germain,Luis Fernandez,1994-07-01,1996-06-30,"2,03"
Paris Saint-Germain,Artur Jorge,1991-07-01,1994-06-30,"1,92"
Paris Saint-Germain,Henri Michel,1990-07-01,1991-06-30,"1,39"
Paris Saint-Germain,Tomislav Ivic,1988-07-01,1990-06-30,"1,67"
Paris Saint-Germain,Erick Mombaerts,1987-10-25,1988-06-30,"1,18"
Paris Saint-Germain,Gérard Houllier,1985-07-01,1987-10-25,"1,62"
Paris Saint-Germain,Christian Coste,1985-04-04,1985-07-01,"1,40"
Paris Saint-Germain,Georges Peyroche,1984-04-06,1985-04-04,"1,38"
Paris Saint-Germain,Lucien Leduc,1983-07-01,1984-04-06,"1,66"
Paris Saint-Germain,Georges Peyroche,1979-11-01,1983-06-30,"1,75"
Paris Saint-Germain,Pierre Alonzo,1979-10-07,1979-11-15,"2,00"
Paris Saint-Germain,Velibor Vasovic,1978-11-04,1979-10-07,"1,26"
Paris Saint-Germain,Pierre Alonzo,1978-08-23,1978-11-01,"1,20"
Paris Saint-Germain,Jean-Michel Larqué,1977-07-01,1978-08-23,"1,29"
Paris Saint-Germain,Ilija Pantelic,1977-05-22,1977-06-30,-
Paris Saint-Germain,Pierre Alonzo,1977-05-15,1977-06-30,"2,20"
Paris Saint-Germain,Velibor Vasovic,1976-07-01,1977-05-22,"1,58"
Paris Saint-Germain,Just Fontaine,1973-07-01,1976-06-30,"1,57"
Paris Saint-Germain,Robert Vicot,1972-07-01,1975-09-09,"0,00"
Paris Saint-Germain,Pierre Phélipon,1970-07-01,1972-06-30,"1,51"
Parma,Carlos Cuesta,2025-07-01,2026-05-03,"1,26"
Parma,Cristian Chivu,2025-02-18,2025-06-09,"1,23"
Parma,Fabio Pecchia,2022-06-02,2025-02-17,"1,55"
Parma,Giuseppe Iachini,2021-11-23,2022-05-17,"1,28"
Parma,Enzo Maresca,2021-05-27,2021-11-23,"1,21"
Parma,Roberto D'Aversa,2021-01-07,2021-05-24,"0,35"
Parma,Fabio Liverani,2020-08-28,2021-01-07,"1,00"
Parma,Roberto D'Aversa,2016-12-03,2020-08-23,"1,51"
Parma,Stefano Morrone,2016-11-22,2016-12-03,"0,50"
Parma,Luigi Apolloni,2015-07-03,2016-11-22,"2,20"
Parma,Roberto Donadoni,2012-01-09,2015-06-22,"1,27"
Parma,Franco Colomba,2011-04-05,2012-01-09,"1,38"
Parma,Pasquale Marino,2010-06-02,2011-04-03,"1,06"
Parma,Francesco Guidolin,2008-09-30,2010-05-24,"1,63"
Parma,Luigi Cagni,2008-07-01,2008-09-30,"1,13"
Parma,Andrea Manzo,2008-05-12,2008-06-30,"0,00"
Parma,Héctor Cúper,2008-03-11,2008-05-12,"0,90"
Parma,Domenico Di Carlo,2007-07-01,2008-03-10,"0,89"
Parma,Claudio Ranieri,2007-02-13,2007-06-30,"1,50"
Parma,Stefano Pioli,2006-07-01,2007-02-12,"1,06"
Parma,Mario Beretta,2005-07-12,2006-06-05,"1,28"
Parma,Pietro Carmignani,2004-12-15,2005-06-30,"1,34"
Parma,Silvio Baldini,2004-07-01,2004-12-13,"0,90"
Parma,Cesare Prandelli,2002-07-01,2004-06-30,"1,62"
Parma,Pietro Carmignani,2001-12-17,2002-06-30,"1,52"
Parma,Daniel Passarella,2001-11-06,2001-12-17,"0,80"
Parma,Renzo Ulivieri,2001-02-01,2001-10-31,"1,67"
Parma,Arrigo Sacchi,2001-01-09,2001-02-01,"1,67"
Parma,Alberto Malesani,1998-07-01,2001-01-08,"1,76"
Parma,Carlo Ancelotti,1996-07-01,1998-06-30,"1,76"
Parma,Nevio Scala,1989-07-01,1996-06-30,"1,67"
Parma,Giampiero Vitali,1987-10-01,1989-06-30,"1,24"
Parma,Pietro Carmignani,1987-07-01,1988-06-30,-
Parma,Zdenek Zeman,1987-07-01,1987-10-26,"1,67"
Parma,Arrigo Sacchi,1985-07-01,1987-06-30,"1,62"
Parma,Pietro Carmignani,1985-01-07,1985-06-30,"1,08"
Parma,Marino Perani,1983-07-01,1985-01-06,"1,50"
Parma,Giancarlo Danova,1981-07-01,1983-06-30,"1,24"
Parma,Domenico Rosati,1980-02-17,1980-06-30,"0,88"
Parma,Cesare Maldini,1979-03-26,1980-02-11,"1,26"
Parma,Graziano Landoni,1978-07-01,1979-06-30,"1,64"
Parma,Gianni Corelli,1977-07-01,1978-06-30,"1,68"
Parma,Tito Corsi,1977-07-01,1977-06-30,-
Parma,Giovanni Meregalli,1975-07-01,1976-06-30,"1,63"
Parma,Renato Gei,1975-05-19,1975-06-30,"1,20"
Parma,Giorgio Sereni,1972-07-01,1975-05-18,"1,42"
Parma,Stefano Angeleri,1970-07-01,1971-06-30,"1,45"
Parma,Dante Boni,1965-11-08,1966-06-30,"1,10"
Parma,Ivano Corghi,1965-07-01,1965-11-07,"0,29"
Parma,Bruno Arcari,1965-11-23,1965-06-30,-
Parma,Bruno Dazzi,1964-11-22,1965-06-30,"0,00"
Parma,Arnaldo Sentimenti,1963-12-08,1964-06-30,"1,33"
Parma,Bruno Dazzi,1963-10-13,1963-12-01,"0,43"
Parma,Ugo Canforini,1963-01-20,1963-10-06,"1,28"
Parma,Mario Genta,1960-04-10,1963-01-13,"1,15"
Parma,Guido Mazzetti,1958-07-01,1960-04-03,"1,06"
Parma,Cestmir Vycpalek,1956-11-01,1958-06-30,"1,03"
Parma,Gino Giuberti,1956-07-01,1956-10-28,"0,86"
Parma,Ivo Fiorentini,1955-07-01,1956-06-30,"1,12"
Parma,Ivo Fiorentini,1954-07-01,1956-06-30,"1,16"
Parma,Carlo Alberto Quario,1953-07-01,1954-06-30,-
Parma,Paolo Tabanelli,1951-07-01,1953-06-30,-
Parma,Giovanni Mazzoni,1950-07-01,1951-06-30,-
Parma,Renato Cattaneo,1948-07-01,1949-06-30,"1,07"
Parma,Vinzenz Dittrich,1948-06-21,1948-07-12,"1,33"
Parma,Giovanni Mazzoni,1948-01-01,1948-06-21,"1,45"
Parma,Bruno Dentelli,1947-07-01,1947-12-30,"1,50"
Parma,Renato Cattaneo,1946-07-01,1947-06-30,"1,34"
Parma,Italo Defendi,1942-07-01,1943-06-30,-
Parma,Armand Halmos,1930-07-01,1931-06-30,-
Parma,Karl Achatzi,1925-07-01,1926-06-30,"0,67"
Parma,Guido Ara,1923-07-01,1924-06-30,-
Pisa,Oscar Hiljemark,2026-02-03,2026-05-03,"0,33"
Pisa,Alberto Gilardino,2025-07-01,2026-02-01,"0,68"
Pisa,Filippo Inzaghi,2024-07-03,2025-06-13,"1,98"
Pisa,Alberto Aquilani,2023-06-29,2024-06-18,"1,18"
Pisa,Luca D'Angelo,2022-09-19,2023-06-02,"1,41"
Pisa,Rolando Maran,2022-07-01,2022-09-19,"0,29"
Pisa,Luca D'Angelo,2018-06-24,2022-06-14,"1,60"
Pisa,Mario Petrone,2018-03-26,2018-06-30,"1,29"
Pisa,Michele Pazienza,2017-10-19,2018-03-26,"1,64"
Pisa,Carmine Gautieri,2017-06-14,2017-10-19,"1,58"
Pisa,Gennaro Gattuso,2016-09-02,2017-06-30,"0,91"
Pisa,Gianluca Colonnello,2016-08-01,2016-09-01,"3,00"
Pisa,Gennaro Gattuso,2015-08-20,2016-07-31,"1,88"
Pisa,Giancarlo Favarin,2015-06-08,2015-08-20,"1,50"
Pisa,Christian Amoroso,2015-03-25,2015-06-08,"1,50"
Pisa,Giuseppe Pillon,2015-03-16,2015-03-23,"0,00"
Pisa,Piero Braglia,2014-07-01,2015-03-16,"1,70"
Pisa,Leonardo Menichini,2014-03-23,2014-06-06,"1,86"
Pisa,Francesco Cozza,2013-12-23,2014-03-22,"1,73"
Pisa,Dino Pagliari,2013-03-19,2013-12-23,"1,77"
Pisa,Alessandro Pane,2012-02-14,2013-03-19,"1,69"
Pisa,Dino Pagliari,2011-02-21,2012-02-13,"1,50"
Pisa,Leonardo Semplici,2010-11-30,2011-02-21,"1,10"
Pisa,Stefano Garuti,2010-02-01,2010-06-30,-
Pisa,Stefano Cuoghi,2009-11-02,2010-11-29,"1,24"
Pisa,Paolo Indiani,2009-07-01,2009-11-01,-
Pisa,Bruno Giordano,2009-04-19,2009-06-30,"0,86"
Pisa,Gian Piero Ventura,2007-07-02,2009-04-20,"1,41"
Pisa,Piero Braglia,2006-07-01,2007-06-20,"1,71"
Pisa,Manuele Domenicali,2006-04-10,2006-05-04,"0,33"
Pisa,Ferruccio Mariani,2005-10-04,2006-04-10,"1,29"
Pisa,Manuele Domenicali,2005-06-23,2005-10-04,"0,88"
Pisa,Ivo Iaconi,2005-01-31,2005-06-01,"1,50"
Pisa,Marco Masi,2004-11-14,2005-01-16,"1,00"
Pisa,Antonio Cabrini,2004-02-12,2004-11-18,"1,61"
Pisa,Giovanni Simonelli,2002-11-30,2004-06-30,"1,55"
Pisa,Corrado Benedetti,2001-10-25,2002-11-30,"1,41"
Pisa,Guido Carboni,2001-07-01,2001-10-25,"0,50"
Pisa,Francesco D'Arrigo,1998-07-01,2001-06-30,"1,59"
Pisa,Roberto Clagluna,1997-07-01,1998-06-30,"1,24"
Pisa,Luciano Filippi,1997-04-19,1997-06-30,"1,00"
Pisa,Luciano Filippi,1996-07-01,1996-12-23,"1,53"
Pisa,Franco Vannini,1996-07-01,1997-06-30,"1,29"
Pisa,Eugenio Bersellini,1994-02-07,1994-06-30,"1,24"
Pisa,Walter Nicoletti,1993-08-17,1994-02-07,"1,17"
Pisa,Giorgio Rumignani,1993-07-01,1993-08-17,-
Pisa,Vincenzo Montefusco,1992-07-01,1993-02-08,"1,33"
Pisa,Ilario Castagner,1991-09-16,1992-06-30,"1,46"
Pisa,Mircea Lucescu,1990-07-01,1991-03-11,"1,04"
Pisa,Luca Giannini,1989-07-01,1991-09-16,"1,50"
Pisa,Lamberto Giorgis,1989-04-29,1989-06-30,"0,89"
Pisa,Luca Giannini,1989-03-14,1989-04-28,"1,00"
Pisa,Bruno Bolchi,1988-07-01,1989-03-13,"1,03"
Pisa,Giuseppe Materazzi,1987-07-01,1988-06-30,"1,28"
Pisa,Luigi Simoni,1986-07-01,1987-06-30,"1,49"
Pisa,Vincenzo Guerini,1985-07-01,1986-04-21,"1,26"
Pisa,Luigi Simoni,1984-07-01,1985-06-30,"1,69"
Pisa,Bruno Pace,1984-02-20,1984-06-30,"0,70"
Pisa,Luís Vinício,1983-10-10,1984-02-20,"1,07"
Pisa,Bruno Pace,1983-07-01,1983-10-10,"0,50"
Pisa,Luís Vinício,1982-07-01,1983-06-30,"1,23"
Pisa,Aldo Agroppi,1981-07-01,1982-06-30,"1,50"
Pisa,Lauro Toneatto,1980-07-01,1981-06-30,"1,17"
Pisa,Giuseppe Chiappella,1980-01-14,1980-06-30,"1,24"
Pisa,Sergio Carpanesi,1979-11-04,1980-01-13,"1,70"
Pisa,Pierluigi Meciani,1979-07-01,1979-10-28,"0,45"
Pisa,Gianni Seghedoni,1978-12-04,1979-04-23,"1,71"
Pisa,Giampiero Vitali,1978-07-01,1978-11-27,"1,67"
Pisa,Giuseppe Corradi,1977-07-01,1978-06-30,"1,53"
Pisa,Giuseppe Corradi,1977-07-01,1978-06-30,"1,53"
Pisa,Giampaolo Piaceri,1976-07-01,1977-06-30,"1,50"
Pisa,Graziano Landoni,1975-10-01,1977-06-30,"1,09"
Pisa,Enzo Robotti,1973-07-01,1975-06-30,"1,33"
Pisa,Ugo Pozzan,1973-07-01,1974-06-30,-
Pisa,Roberto Balestri,1972-07-01,1973-06-30,"1,21"
Pisa,Luciano Filippelli,1972-07-01,1973-06-30,-
Pisa,Omero Tognon,1971-07-01,1971-11-29,"0,92"
Pisa,Umberto Mannocci,1970-07-01,1971-06-30,"1,00"
Pisa,Giuseppe Corradi,1970-05-03,1970-06-30,"1,14"
Pisa,Lauro Toneatto,1969-07-01,1970-04-26,"1,32"
Pisa,Renato Lucchi,1967-04-10,1969-06-30,"1,34"
Pisa,Umberto Pinardi,1964-07-01,1967-04-09,"1,37"
Pisa,Cesare Meucci,1963-07-01,1964-06-30,"1,62"
Pisa,Guglielmo Trevisan,1962-11-25,1963-06-30,"1,06"
Pisa,Mario Nicolini,1962-10-16,1962-11-26,"1,33"
Pisa,Július Korostelev,1962-07-01,1962-10-15,"1,00"
Pisa,Piero Andreoli,1960-07-01,1962-06-30,"1,58"
Pisa,Umberto Mannocci,1956-07-01,1960-06-30,"2,25"
Pisa,Guido Masetti,1953-07-01,1954-06-30,-
Pisa,Cesare Migliorini,1952-07-01,1953-06-30,-
Pisa,Mario Nicolini,1951-04-15,1952-06-30,"1,21"
Pisa,József Ging,1950-12-03,1951-04-08,"1,39"
Pisa,Giovanni Garbo,1950-04-30,1950-11-26,"1,19"
Pisa,Luis Monti,1949-07-01,1950-04-23,"1,33"
Pisa,Pal Szalay,1948-07-01,1948-11-01,"1,43"
Pisa,Cesare Migliorini,1947-07-01,1948-06-30,"1,88"
Pisa,Angelo Pasolini,1947-07-07,1947-07-14,-
Pisa,Giuseppe Forlivesi,1946-07-01,1947-07-07,"1,23"
Pisa,József Ging,1941-07-01,1943-06-30,"1,56"
Pisa,Károly Csapkay,1938-07-01,1938-12-31,-
Pisa,Angelo Pasolini,1938-07-01,1939-06-30,-
Pisa,György Orth,1934-07-01,1935-06-30,-
Pisa,Manlio Mattiello,1925-07-01,1926-06-30,"0,17"
Pisa,József Ging,1921-07-01,1925-06-30,"1,59"
Preußen Münster,Alois Schwartz,2026-03-24,2026-05-03,"0,60"
Preußen Münster,Kieran Schulze-Marmeling,2026-03-16,2026-03-24,"0,00"
Preußen Münster,Alexander Ende,2025-07-01,2026-03-16,"0,96"
Preußen Münster,Kieran Schulze-Marmeling,2025-04-28,2025-06-30,-
Preußen Münster,Christian Pander,2025-04-28,2025-06-30,"2,33"
Preußen Münster,Sascha Hildmann,2020-01-01,2025-04-27,"1,85"
Preußen Münster,Arne Barez,2019-12-01,2019-12-26,"1,00"
Preußen Münster,Sven Hübscher,2019-07-01,2019-12-01,"0,84"
Preußen Münster,Marco Antwerpen,2017-12-12,2019-06-30,"1,53"
Preußen Münster,Benno Möhlmann,2016-10-16,2017-12-10,"1,31"
Preußen Münster,Cihan Tasdelen,2016-10-04,2016-10-15,"2,00"
Preußen Münster,Horst Steffen,2015-12-24,2016-10-04,"1,04"
Preußen Münster,Ralf Loose,2013-09-15,2015-12-19,"1,55"
Preußen Münster,Carsten Gockel,2013-09-05,2013-09-14,"0,00"
Preußen Münster,Pavel Dotchev,2012-01-24,2013-09-05,"1,75"
Preußen Münster,Marc Fascher,2010-03-21,2012-01-23,"1,80"
Preußen Münster,Roger Schmidt,2007-07-01,2010-03-19,"1,88"
Preußen Münster,Carsten Gockel,2007-04-06,2007-06-30,"0,00"
Preußen Münster,Georg Kreß,2006-07-01,2007-04-06,"1,85"
Preußen Münster,Hans-Werner Moors,2005-12-19,2006-06-30,"1,44"
Preußen Münster,Stefan Grädler,2005-11-21,2005-12-19,"0,00"
Preußen Münster,Colin Bell,2005-07-01,2005-11-20,"0,94"
Preußen Münster,Hans-Werner Moors,2003-11-11,2005-06-30,"1,45"
Preußen Münster,Peter Vollmann,2002-12-19,2003-11-10,"1,10"
Preußen Münster,Dietmar Wiese,2002-11-21,2002-12-19,"0,67"
Preußen Münster,Neale Marmon,2002-01-01,2002-11-20,"1,17"
Preußen Münster,Stefan Grädler,1999-11-02,2001-12-27,"1,47"
Preußen Münster,Klaus Berge,1999-09-25,1999-11-01,"1,00"
Preußen Münster,Hans-Werner Moors,1998-07-01,1999-09-24,"1,44"
Preußen Münster,Peter Vollmann,1996-07-01,1998-06-30,"1,51"
Preußen Münster,Alfons Weusthof,1995-08-29,1996-06-30,"1,38"
Preußen Münster,Bernd Kipp,1995-08-15,1995-09-02,"2,33"
Preußen Münster,Fritz Bischoff,1994-07-01,1995-08-14,"1,28"
Preußen Münster,Ernst Mareczek,1994-05-10,1994-06-30,"2,67"
Preußen Münster,Hans-Werner Moors,1991-07-01,1994-05-11,"1,99"
Preußen Münster,Siegfried Melzig,1991-04-25,1991-06-30,"0,57"
Preußen Münster,Gerd Roggensack,1990-07-01,1991-04-24,"1,15"
Preußen Münster,Ernst Mareczek,1990-03-08,1990-06-30,"1,54"
Preußen Münster,Elmar Müller,1989-07-01,1990-03-08,"1,16"
Preußen Münster,Helmut Horsch,1986-07-01,1989-06-30,"2,02"
Preußen Münster,Günther Exner,1985-07-01,1986-06-30,"1,50"
Preußen Münster,Ernst Mareczek,1982-07-01,1985-06-30,"2,10"
Preußen Münster,Zoltán Varga,1981-07-01,1981-12-31,"0,00"
Preußen Münster,Rudolf Faßnacht,1981-01-13,1981-06-30,"1,21"
Preußen Münster,Günther Exner,1980-07-01,1981-01-12,"1,13"
Preußen Münster,Werner Biskup,1977-04-07,1980-06-30,"1,62"
Preußen Münster,Rudolf Faßnacht,1975-09-10,1977-02-22,"1,73"
Preußen Münster,Detlev Brüggemann,1975-07-01,1975-09-03,"1,40"
Preußen Münster,Hans-Werner Moors,1975-04-01,1975-06-30,"2,20"
Preußen Münster,Werner Olk,1974-07-01,1975-03-30,"1,32"
Preußen Münster,Günter Wellerdieck,1974-03-18,1974-06-30,"1,33"
Preußen Münster,Slobodan Cendic,1972-07-01,1974-03-18,"1,37"
Preußen Münster,Aki Schmidt,1970-12-11,1972-06-30,"1,35"
Preußen Münster,Richard Schneider,1969-01-01,1970-12-10,"1,29"
Preußen Münster,Rudolf Schnippe,1968-09-17,1968-12-31,"1,00"
Preußen Münster,Bert Trautmann,1967-07-01,1968-09-16,"1,10"
Preußen Münster,Prvoslav Mihajlovic,1967-01-01,1967-06-30,"1,53"
Preußen Münster,Richard Schneider,1961-07-01,1966-06-30,"1,36"
Preußen Münster,Kuno Klötzer,1958-07-01,1961-06-30,"1,34"
Preußen Münster,Günter Hentschke,1956-07-01,1958-06-30,"1,25"
Preußen Münster,Paul Böhm,1954-07-01,1956-06-30,"1,28"
Preußen Münster,Ludwig Tretter,1953-07-01,1954-06-30,"1,47"
Preußen Münster,Willi Multhaup,1951-05-01,1953-06-30,"1,47"
Preußen Münster,Ferdinand Fabra,1950-06-30,1951-03-31,"1,96"
Preußen Münster,Willi Multhaup,1949-07-01,1950-06-30,"1,30"
Preußen Münster,Rudolph Prokoph,1948-07-01,1949-06-30,"1,42"
Rayo Vallecano,Iñigo Pérez,2024-02-14,2026-05-03,"1,44"
Rayo Vallecano,Francisco Rodríguez,2023-07-01,2024-02-13,"1,22"
Rayo Vallecano,Andoni Iraola,2020-08-06,2023-06-30,"1,46"
Rayo Vallecano,Paco Jémez,2019-03-19,2020-07-31,"1,39"
Rayo Vallecano,Míchel,2017-02-21,2019-03-18,"1,40"
Rayo Vallecano,Rubén Baraja,2016-11-07,2017-02-20,"1,00"
Rayo Vallecano,José Ramón Sandoval,2016-06-27,2016-11-06,"1,20"
Rayo Vallecano,Paco Jémez,2012-06-22,2016-06-30,"1,18"
Rayo Vallecano,José Ramón Sandoval,2010-06-20,2012-06-22,"1,52"
Rayo Vallecano,Felipe Miñambres,2010-02-15,2010-06-20,"1,22"
Rayo Vallecano,Pepe Mel,2006-07-01,2010-02-15,"1,69"
Rayo Vallecano,Míchel,2005-07-01,2006-06-30,"1,33"
Rayo Vallecano,Carlos Orúe,2004-07-01,2005-06-30,"0,67"
Rayo Vallecano,Txetxu Rojo,2004-02-15,2005-06-30,"0,50"
Rayo Vallecano,Jorge D'Alessandro,2003-11-10,2004-02-15,"0,75"
Rayo Vallecano,Jose Luis Martin,2003-11-03,2003-11-10,"0,00"
Rayo Vallecano,Julen Lopetegui,2003-07-01,2003-11-03,"0,50"
Rayo Vallecano,Antonio Iriondo,2003-04-14,2003-06-30,"0,56"
Rayo Vallecano,Gustavo Benítez,2003-01-27,2003-04-14,"0,90"
Rayo Vallecano,Jose Luis Martin,2003-01-20,2003-01-27,"0,00"
Rayo Vallecano,Fernando Vázquez,2002-07-01,2003-01-20,"1,00"
Rayo Vallecano,Gregorio Manzano,2001-10-01,2002-06-30,"1,56"
Rayo Vallecano,Andoni Goikoetxea,2001-07-01,2001-10-01,"0,00"
Rayo Vallecano,Juande Ramos,1998-07-01,2001-06-30,"1,45"
Rayo Vallecano,Josu Ortuondo,1998-03-16,1998-06-30,"1,50"
Rayo Vallecano,Máximo Hernández,1998-03-09,1998-03-16,-
Rayo Vallecano,Josu Ortuondo,1997-07-01,1998-03-09,"1,31"
Rayo Vallecano,Máximo Hernández,1997-03-23,1997-06-30,"1,20"
Rayo Vallecano,Fernando Zambrano,1997-02-17,1997-03-17,"0,75"
Rayo Vallecano,Paquito García,1996-07-01,1997-02-16,"1,21"
Rayo Vallecano,Fernando Zambrano,1996-05-06,1996-06-30,"1,80"
Rayo Vallecano,Marcos Alonso,1995-10-16,1996-05-06,"1,10"
Rayo Vallecano,Paco Baena,1995-10-12,1995-10-16,"1,00"
Rayo Vallecano,Pedro Maria Zabalza,1995-07-01,1995-10-09,"0,43"
Rayo Vallecano,Paquito García,1994-11-19,1995-06-30,"1,80"
Rayo Vallecano,Paco Baena,1994-11-01,1994-11-10,"3,00"
Rayo Vallecano,David Vidal,1994-02-07,1994-10-30,"0,91"
Rayo Vallecano,Fernando Zambrano,1993-11-04,1994-02-07,"1,14"
Rayo Vallecano,Felines,1993-07-08,1993-11-01,"1,00"
Rayo Vallecano,José Antonio Camacho,1992-01-27,1993-06-30,"1,30"
Rayo Vallecano,Eusebio Ríos,1990-07-01,1992-01-26,"1,29"
Rayo Vallecano,Emilio Cruz,1990-01-28,1990-06-30,"0,56"
Rayo Vallecano,Manuel Peñalva,1990-01-16,1990-01-27,"1,00"
Rayo Vallecano,Felines,1987-07-01,1990-01-15,"1,11"
Rayo Vallecano,Héctor Núñez,1985-07-01,1987-06-30,"1,63"
Rayo Vallecano,Eduardo Caturla,1984-07-01,1985-06-30,-
Rayo Vallecano,Antonio Ruiz,1983-11-06,1984-06-30,"1,25"
Rayo Vallecano,Máximo Hernández,1983-07-01,1983-10-24,"1,75"
Rayo Vallecano,Juanjo Santos,1982-07-01,1983-06-30,"0,50"
Rayo Vallecano,Manuel Peñalva,1981-02-16,1982-06-30,"0,75"
Rayo Vallecano,Chato González,1980-07-01,1981-12-15,"1,62"
Rayo Vallecano,Rafael Iriondo,1980-02-05,1980-06-30,"0,94"
Rayo Vallecano,Felines,1980-01-28,1980-02-04,"0,00"
Rayo Vallecano,Héctor Núñez,1979-07-01,1980-01-27,"1,10"
Rayo Vallecano,Chato González,1978-07-01,1979-06-30,"1,08"
Rayo Vallecano,Héctor Núñez,1977-07-01,1978-06-30,"1,42"
Rayo Vallecano,García Verdugo,1976-07-01,1977-06-30,"2,00"
Rayo Vallecano,José Antonio Olmedo,1976-02-23,1976-06-30,-
Rayo Vallecano,Alfredo di Stéfano,1975-07-01,1976-02-22,"1,00"
Rayo Vallecano,Héctor Núñez,1974-07-01,1975-06-30,"1,50"
Rayo Vallecano,José Antonio Olmedo,1973-01-02,1974-06-30,"0,00"
Rayo Vallecano,Manuel Martín,1972-07-01,1972-12-31,"3,00"
Rayo Vallecano,Enrique Orizaola,1971-02-21,1972-06-30,"1,33"
Rayo Vallecano,Manuel Peñalva,1969-07-01,1971-02-15,"3,00"
Rayo Vallecano,José Antonio Olmedo,1967-07-01,1969-06-30,"1,50"
Rayo Vallecano,Pedro Eguiluz,1964-07-01,1967-06-30,"1,50"
Rayo Vallecano,Ramón Colón,1959-07-01,1960-06-30,"1,60"
Rayo Vallecano,Heriberto Herrera,1959-02-01,1959-06-30,"1,62"
Rayo Vallecano,Lino Taioli,1958-11-29,1959-01-26,"1,50"
Rayo Vallecano,Ramón Colón,1956-07-01,1958-06-30,"0,75"
Real Betis,Manuel Pellegrini,2020-08-01,2026-05-03,"1,67"
Real Betis,Alexis Trujillo,2020-06-21,2020-07-19,"0,88"
Real Betis,Rubi,2019-07-01,2020-06-21,"1,21"
Real Betis,Quique Setién,2017-07-01,2019-06-30,"1,48"
Real Betis,Alexis Trujillo,2017-05-09,2017-06-30,"1,00"
Real Betis,Víctor Sánchez,2016-11-12,2017-05-09,"1,07"
Real Betis,Gustavo Poyet,2016-05-11,2016-11-11,"1,00"
Real Betis,Juan Merino,2016-01-12,2016-05-10,"1,16"
Real Betis,Pepe Mel,2014-12-23,2016-01-11,"1,63"
Real Betis,Juan Merino,2014-11-26,2014-12-22,"2,00"
Real Betis,Julio Velázquez,2014-07-01,2014-11-25,"1,69"
Real Betis,Gabriel Calderón,2014-01-20,2014-06-16,"0,95"
Real Betis,Juan Carlos Garrido,2013-12-03,2014-01-19,"0,90"
Real Betis,Pepe Mel,2010-07-12,2013-12-02,"1,51"
Real Betis,Víctor Fernández,2010-01-26,2010-07-12,"1,95"
Real Betis,Antonio Tapia,2009-06-09,2010-01-25,"1,36"
Real Betis,Josep María Nogués,2009-04-07,2009-06-09,"1,22"
Real Betis,Francisco Chaparro,2007-12-03,2009-04-07,"1,33"
Real Betis,Héctor Cúper,2007-07-14,2007-12-02,"0,79"
Real Betis,Francisco Chaparro,2007-06-10,2007-06-30,"3,00"
Real Betis,Luis Fernandez,2006-12-27,2007-06-10,"1,04"
Real Betis,Javier Irureta,2006-06-12,2006-12-22,"0,88"
Real Betis,Lorenzo Serra Ferrer,2004-08-10,2006-06-01,"1,37"
Real Betis,Víctor Fernández,2002-07-01,2004-08-09,"1,50"
Real Betis,Juande Ramos,2001-07-01,2002-06-30,"1,55"
Real Betis,Luis del Sol,2001-03-20,2001-06-30,"1,33"
Real Betis,Fernando Vázquez,2000-07-01,2001-03-19,"1,47"
Real Betis,Faruk Hadzibegic,2000-05-01,2000-06-30,"2,00"
Real Betis,Guus Hiddink,2000-02-01,2000-05-01,"0,69"
Real Betis,Carlos Griguol,1999-07-01,2000-01-31,"1,13"
Real Betis,Javier Clemente,1998-10-27,1999-06-30,"1,39"
Real Betis,Vicente Cantatore,1998-08-26,1998-10-26,"0,90"
Real Betis,António Oliveira,1998-07-01,1998-08-26,-
Real Betis,Luis Aragonés,1997-07-01,1998-06-30,"1,54"
Real Betis,Lorenzo Serra Ferrer,1994-02-28,1997-06-30,"1,79"
Real Betis,Sergije Kresic,1993-07-01,1994-02-28,"1,64"
Real Betis,José Ramón Esnaola,1993-03-19,1993-06-30,"1,60"
Real Betis,Jorge D'Alessandro,1992-07-01,1993-03-15,"1,50"
Real Betis,Jorge D'Alessandro,1992-07-01,1993-03-15,"1,50"
Real Betis,Felipe Mesones,1992-02-02,1992-06-30,"1,63"
Real Betis,Jozef Jarabinsky,1991-07-01,1992-01-27,"1,50"
Real Betis,José Ramón Esnaola,1991-03-12,1991-06-30,"0,92"
Real Betis,José Luis Romero,1990-10-15,1991-03-11,"0,84"
Real Betis,Julio Cardeñosa,1990-04-16,1990-10-15,"0,80"
Real Betis,Juan Corbacho,1989-07-01,1990-04-15,"1,42"
Real Betis,Pedro Buenaventura,1989-05-15,1989-06-30,"1,00"
Real Betis,Cayetano Ré,1988-12-13,1989-05-15,"1,18"
Real Betis,Pedro Buenaventura,1988-12-01,1988-12-13,"1,00"
Real Betis,Eusebio Ríos,1988-07-01,1988-11-30,"0,69"
Real Betis,Pedro Buenaventura,1988-02-09,1988-06-30,"1,53"
Real Betis,John Mortimore,1987-07-01,1988-02-09,"1,00"
Real Betis,Luis del Sol,1986-03-10,1987-06-30,"1,57"
Real Betis,Carriega,1985-03-10,1986-03-09,"1,33"
Real Betis,Pepe Alzate,1983-07-01,1985-03-04,"1,45"
Real Betis,Marcel Domingo,1983-01-02,1983-06-30,"1,25"
Real Betis,Antal Dunai,1982-07-01,1983-01-01,"0,94"
Real Betis,Pedro Buenaventura,1982-02-23,1982-06-30,"1,86"
Real Betis,Rafael Iriondo,1981-09-24,1982-03-23,"1,46"
Real Betis,Luis Aragonés,1981-07-01,1981-09-20,"0,00"
Real Betis,Helmut Senekowitsch,1980-07-01,1980-09-30,"1,50"
Real Betis,Carriega,1979-09-23,1981-06-30,"1,53"
Real Betis,Leon Lasa,1979-04-09,1979-09-16,"0,00"
Real Betis,José Luis García Traid,1978-07-01,1979-04-24,-
Real Betis,Rafael Iriondo,1976-11-02,1978-06-30,"1,44"
Real Betis,Ferenc Szusza,1971-12-22,1976-11-01,"1,33"
Real Betis,Esteban Areta,1971-12-18,1971-12-31,"0,00"
Real Betis,Antonio Barrios,1969-11-14,1971-12-12,"1,27"
Real Betis,Miguel González,1969-07-01,1969-11-10,-
Real Betis,Ferdinand Daucik,1968-11-11,1969-04-20,-
Real Betis,Sabino Barinaga,1968-01-21,1968-11-10,"0,93"
Real Betis,José Valera,1967-11-11,1968-01-20,"1,00"
Real Betis,César Rodríguez,1967-07-01,1967-11-10,"0,86"
Real Betis,Antonio Barrios,1967-01-22,1967-06-30,"3,00"
Real Betis,José Valera,1967-01-09,1967-01-22,"3,00"
Real Betis,Luis Belló,1966-07-01,1967-01-09,"3,00"
Real Betis,Ernesto Pons,1965-12-07,1966-06-30,"1,35"
Real Betis,Martim Francisco,1965-09-05,1965-12-05,"0,58"
Real Betis,Ernesto Pons,1965-03-21,1965-06-30,"1,60"
Real Betis,Andrés Aranda,1965-03-02,1964-03-08,-
Real Betis,Rosendo Hernández,1965-01-26,1965-03-01,"0,00"
Real Betis,Louis Hon,1964-07-01,1965-01-25,"1,14"
Real Betis,Domingo Balmanya,1963-07-01,1964-06-30,"1,73"
Real Betis,Ernesto Pons,1962-12-01,1963-06-30,"1,43"
Real Betis,Ferdinand Daucik,1960-07-01,1962-11-18,"1,37"
Real Betis,Sabino Barinaga,1959-11-28,1960-06-30,"1,80"
Real Betis,Enrique Fernández,1959-09-13,1959-11-15,"1,10"
Real Betis,Josep Seguer,1959-04-21,1959-06-30,"0,00"
Real Betis,Antonio Barrios,1957-07-01,1959-06-30,"1,48"
Real Betis,Carlos Iturraspe,1956-10-22,1957-06-30,-
Real Betis,José Valera,1955-07-01,1956-10-21,"1,00"
Real Betis,Sabino Barinaga,1954-07-02,1955-06-30,-
Real Betis,Francisco Gómez,1954-07-01,1955-06-30,-
Real Betis,José Quirante,1947-07-01,1948-06-30,-
Real Betis,Pere Solé,1945-07-01,1946-06-30,"1,50"
Real Betis,Andrés Aranda,1943-07-01,1944-12-11,"0,00"
Real Betis,Francisco Gómez,1943-01-01,1943-06-30,"0,46"
Real Betis,Cesáreo Baragaño,1942-07-01,1942-12-28,"0,46"
Real Betis,Patrick O'Connell,1940-07-01,1942-06-30,-
Real Betis,Andrés Aranda,1939-07-01,1940-06-30,"1,05"
Real Betis,Andrés Aranda,1935-07-01,1936-06-30,"1,32"
Real Betis,Charlie Slade,1935-01-01,1935-12-31,-
Real Betis,Patrick O'Connell,1932-07-01,1935-06-30,"1,67"
Real Betis,Emilio Sampere,1930-07-01,1932-06-30,"1,00"
Real Betis,Joan Armet,1928-07-01,1930-06-30,"0,50"
Real Madrid,Álvaro Arbeloa,2026-01-13,2026-05-03,"1,91"
Real Madrid,Xabi Alonso,2025-06-01,2026-01-12,"2,24"
Real Madrid,Carlo Ancelotti,2021-07-01,2025-05-25,"2,25"
Real Madrid,Zinédine Zidane,2019-03-11,2021-06-30,"2,04"
Real Madrid,Santiago Solari,2018-11-13,2019-03-11,"2,00"
Real Madrid,Santiago Solari,2018-10-29,2018-11-12,"3,00"
Real Madrid,Julen Lopetegui,2018-07-01,2018-10-29,"1,43"
Real Madrid,Zinédine Zidane,2016-01-04,2018-06-30,"2,30"
Real Madrid,Rafael Benítez,2015-07-01,2016-01-04,"2,24"
Real Madrid,Carlo Ancelotti,2013-07-01,2015-06-30,"2,36"
Real Madrid,José Mourinho,2010-07-01,2013-06-30,"2,30"
Real Madrid,Manuel Pellegrini,2009-07-01,2010-06-30,"2,35"
Real Madrid,Juande Ramos,2008-12-10,2009-06-30,"2,04"
Real Madrid,Bernd Schuster,2007-07-09,2008-12-09,"1,88"
Real Madrid,Fabio Capello,2006-07-06,2007-06-30,"1,92"
Real Madrid,Juan Ramón López Caro,2005-12-04,2006-06-30,"1,85"
Real Madrid,Vanderlei Luxemburgo,2005-01-01,2005-12-04,"2,02"
Real Madrid,Mariano García Remón,2004-09-20,2004-12-30,"2,00"
Real Madrid,José Antonio Camacho,2004-07-01,2004-09-19,"2,00"
Real Madrid,Carlos Queiroz,2003-07-01,2004-06-30,"1,92"
Real Madrid,Vicente del Bosque,1999-11-17,2003-06-30,"1,87"
Real Madrid,John Toshack,1999-02-24,1999-11-17,"1,75"
Real Madrid,Guus Hiddink,1998-08-01,1999-02-24,"1,83"
Real Madrid,José Antonio Camacho,1998-07-01,1998-07-22,-
Real Madrid,Jupp Heynckes,1997-07-01,1998-06-30,"1,75"
Real Madrid,Fabio Capello,1996-07-01,1997-06-30,"2,19"
Real Madrid,Arsenio Iglesias,1996-01-25,1996-06-30,"1,70"
Real Madrid,Vicente del Bosque,1996-01-23,1996-01-24,"3,00"
Real Madrid,Jorge Valdano,1994-07-01,1996-01-22,"1,72"
Real Madrid,Vicente del Bosque,1994-03-08,1994-06-30,"1,42"
Real Madrid,Benito Floro,1992-07-01,1994-03-07,"1,93"
Real Madrid,Leo Beenhakker,1992-02-01,1992-06-30,"1,75"
Real Madrid,Radomir Antić,1991-03-26,1992-01-27,"2,22"
Real Madrid,Ramón Grosso,1991-03-21,1991-03-25,"1,00"
Real Madrid,Alfredo di Stéfano,1990-11-24,1991-03-20,"1,43"
Real Madrid,John Toshack,1989-07-01,1990-11-23,"2,16"
Real Madrid,Leo Beenhakker,1986-07-01,1989-06-30,"2,15"
Real Madrid,Luis Molowny,1985-04-16,1986-06-30,"2,00"
Real Madrid,Amancio,1984-11-01,1985-04-11,"1,56"
Real Madrid,Alfredo di Stéfano,1982-07-01,1984-06-30,"1,94"
Real Madrid,Luis Molowny,1982-03-29,1982-06-30,"2,17"
Real Madrid,Vujadin Boskov,1979-08-03,1982-03-28,"1,96"
Real Madrid,Luis Molowny,1977-09-07,1979-06-30,"1,99"
Real Madrid,Miljan Miljanic,1974-07-01,1977-09-05,"1,77"
Real Madrid,Luis Molowny,1974-01-15,1974-06-30,"1,63"
Real Madrid,Miguel Muñoz,1960-04-17,1974-01-13,"1,98"
Real Madrid,Manuel Fleitas Solich,1959-08-05,1960-04-12,"2,21"
Real Madrid,Luis Carniglia,1959-04-14,1959-06-30,"1,92"
Real Madrid,Miguel Muñoz,1959-02-21,1959-04-13,"1,89"
Real Madrid,Luis Carniglia,1957-07-01,1959-02-19,"2,28"
Real Madrid,José Villalonga,1954-12-10,1957-06-30,"2,04"
Real Madrid,Enrique Fernández,1953-07-01,1954-12-05,"2,00"
Real Madrid,Juan Antonio Ipiña,1952-07-01,1953-06-30,"1,86"
Real Madrid,Héctor Scarone,1951-03-18,1952-06-30,"1,77"
Real Madrid,Baltasar Albéniz,1950-11-04,1951-03-12,"1,44"
Real Madrid,Mike Keeping,1948-01-27,1950-11-01,"1,60"
Real Madrid,Baltasar Albéniz,1948-01-13,1948-01-26,-
Real Madrid,Jacinto Quincoces,1947-07-01,1948-01-25,"1,12"
Real Madrid,Baltasar Albéniz,1946-07-01,1947-06-30,"1,69"
Real Madrid,Jacinto Quincoces,1945-07-01,1946-06-30,"1,83"
Real Madrid,Ramón Encinas,1942-11-20,1945-06-30,"1,79"
Real Madrid,Joan Armet,1941-07-01,1942-12-14,"1,65"
Real Madrid,Paco Bru,1939-07-01,1941-06-30,"1,73"
Real Madrid,Paco Bru,1933-12-12,1936-06-30,"2,03"
Real Madrid,Robert Firth,1932-07-01,1934-06-30,"2,22"
Real Madrid,Lippo Hertzka,1930-04-01,1932-06-30,"1,78"
Real Madrid,José Quirante,1928-07-01,1930-03-31,"1,86"
Real Madrid,José Ángel Berraondo,1927-07-01,1929-02-01,"1,50"
Real Madrid,Santiago Bernabéu,1926-07-01,1927-06-30,-
Real Madrid,Juan de Cárcer,1920-07-01,1926-06-30,"0,00"
Real Madrid,Arthur Johnson,1910-07-01,1920-06-30,"1,40"
Real Sociedad,Pellegrino Matarazzo,2025-12-21,2026-05-03,"1,95"
Real Sociedad,Ion Ansotegi,2025-12-14,2025-12-20,"2,00"
Real Sociedad,Sergio Francisco,2025-07-01,2025-12-14,"1,22"
Real Sociedad,Imanol Alguacil,2018-12-27,2025-06-30,"1,64"
Real Sociedad,Asier Garitano,2018-07-01,2018-12-26,"1,21"
Real Sociedad,Imanol Alguacil,2018-03-19,2018-06-30,"1,78"
Real Sociedad,Eusebio,2015-11-09,2018-03-18,"1,44"
Real Sociedad,David Moyes,2014-11-10,2015-11-09,"1,21"
Real Sociedad,Asier Santana,2014-11-04,2014-11-10,"3,00"
Real Sociedad,Jagoba Arrasate,2013-07-01,2014-11-03,"1,41"
Real Sociedad,Philippe Montanier,2011-07-01,2013-06-30,"1,46"
Real Sociedad,Martín Lasarte,2009-07-01,2011-05-24,"1,43"
Real Sociedad,Juanma Lillo,2008-04-03,2009-06-30,"1,64"
Real Sociedad,José Eizmendi,2008-01-22,2008-04-02,"1,40"
Real Sociedad,Chris Coleman,2007-07-04,2008-01-16,"1,48"
Real Sociedad,Miguel Ángel Lotina,2006-10-26,2007-06-23,"1,13"
Real Sociedad,José Mari Bakero,2006-03-23,2006-10-26,"0,82"
Real Sociedad,Gonzalo Arconada,2006-01-31,2006-03-23,"0,75"
Real Sociedad,José Mari Amorrortu,2004-06-02,2006-01-30,"1,16"
Real Sociedad,Raynald Denoueix,2002-07-01,2004-06-02,"1,54"
Real Sociedad,Roberto Olabe,2002-03-12,2002-06-30,"1,89"
Real Sociedad,John Toshack,2000-12-22,2002-03-11,"1,17"
Real Sociedad,Periko Alonso,2000-10-24,2000-12-21,"0,64"
Real Sociedad,Javier Clemente,1999-10-26,2000-10-23,"1,16"
Real Sociedad,Bernd Krauss,1997-07-01,1999-10-25,"1,54"
Real Sociedad,Javier Irureta,1995-11-28,1997-06-30,"1,56"
Real Sociedad,Salva Iriarte,1994-11-22,1995-11-27,"1,32"
Real Sociedad,John Toshack,1991-07-01,1994-11-21,"1,33"
Real Sociedad,Javier Expósito,1991-01-15,1991-06-30,"1,32"
Real Sociedad,Marco Antonio Boronat,1989-05-09,1991-01-14,"1,38"
Real Sociedad,John Toshack,1985-07-01,1989-05-08,"1,64"
Real Sociedad,Alberto Ormaetxea,1978-07-01,1985-06-30,"1,64"
Real Sociedad,José Antonio Irulegui,1976-01-06,1978-06-30,"1,38"
Real Sociedad,Andoni Elizondo,1974-07-01,1976-01-05,"1,24"
Real Sociedad,Rafael Iriondo,1972-07-01,1974-06-30,"1,46"
Real Sociedad,Andoni Elizondo,1971-10-05,1972-06-30,"1,48"
Real Sociedad,Ángel Segurola,1970-07-01,1971-10-04,"1,28"
Real Sociedad,Andoni Elizondo,1966-07-01,1970-06-30,"1,37"
Real Sociedad,Román Galarraga,1964-07-01,1966-06-30,"1,94"
Real Sociedad,Antonio Barrios,1963-07-01,1964-06-30,"1,71"
Real Sociedad,Pedro Torres,1962-07-01,1963-06-30,"1,79"
Real Sociedad,Joseba Elizondo,1962-01-10,1962-06-30,"1,50"
Real Sociedad,Baltasar Albéniz,1960-07-01,1962-01-07,"1,13"
Real Sociedad,Joseba Elizondo,1960-05-01,1960-06-30,"1,40"
Real Sociedad,Salvador Artigas,1955-07-01,1960-06-30,"1,19"
Real Sociedad,José Urbieta,1951-07-01,1955-06-30,"1,27"
Real Sociedad,Benito Díaz,1942-07-01,1951-06-30,"1,54"
Real Sociedad,Patxi Gamborena,1941-12-02,1942-06-30,"0,44"
Real Sociedad,Sebastián Silveti,1939-07-01,1941-12-01,"2,08"
Real Sociedad,Martín Marculeta,1938-07-01,1939-06-30,"0,50"
Real Sociedad,Harry Lowe,1930-07-01,1935-06-30,"1,22"
Real Sociedad,Benito Díaz,1926-07-01,1930-06-30,"1,42"
Real Sociedad,Lippo Hertzka,1922-07-01,1926-06-30,"1,89"
Real Sociedad,José Ángel Berraondo,1918-07-01,1923-06-30,"0,00"
Real Sociedad,José Ángel Berraondo,1912-07-01,1914-06-30,"0,67"
Real Sociedad,José Ángel Berraondo,1908-07-01,1909-06-30,"3,00"
Reims,Karel Geraerts,2025-07-01,2026-05-03,"1,74"
Reims,Samba Diawara,2025-02-03,2025-06-30,"1,05"
Reims,Luka Elsner,2024-07-01,2025-02-03,"1,27"
Reims,Samba Diawara,2024-05-02,2024-06-30,"2,33"
Reims,Will Still,2022-10-13,2024-05-02,"1,44"
Reims,Óscar García,2021-06-23,2022-10-13,"1,18"
Reims,Sébastien Desmazeau,2018-07-01,2019-03-30,-
Reims,David Guion,2017-05-22,2021-05-25,"1,57"
Reims,Michel Der Zakarian,2016-07-01,2017-05-22,"1,41"
Reims,David Guion,2016-04-23,2016-06-30,"1,00"
Reims,Olivier Guégan,2015-04-07,2016-04-23,"1,02"
Reims,Jean-Luc Vasseur,2014-07-01,2015-04-07,"1,12"
Reims,Hubert Fournier,2010-07-01,2014-06-30,"1,34"
Reims,Marc Collat,2009-07-01,2010-05-24,"1,80"
Reims,Luis Fernandez,2008-12-25,2009-06-11,"1,20"
Reims,Didier Tholot,2008-07-01,2008-12-25,"0,67"
Reims,Thierry Froger,2005-07-01,2007-06-30,"1,29"
Reims,Ladislas Lozano,2003-07-01,2005-04-11,"1,53"
Reims,Denis Goavec,2002-07-01,2003-06-30,"0,81"
Reims,Marc Collat,2000-10-01,2002-12-20,"1,30"
Reims,Manuel Abreu,1995-07-01,2000-09-30,"0,00"
Reims,Tony Giannetta,1994-07-01,1995-06-30,-
Reims,Pierre Phélipon,1991-07-01,1992-06-30,-
Reims,Didier Notheaux,1990-07-01,1991-06-30,"1,47"
Reims,Jacky Lemée,1989-07-01,1990-06-30,"1,37"
Reims,Michel Rouquette,1988-07-01,1989-06-30,-
Reims,Dominique Bathenay,1988-07-01,1989-06-30,"1,23"
Reims,Pierre Phélipon,1987-07-01,1988-06-30,"1,65"
Reims,Carlos Bianchi,1985-07-01,1988-06-30,"1,75"
Reims,Carlos Bianchi,1985-03-01,1985-06-30,"0,91"
Reims,Pierre Phélipon,1982-07-01,1985-06-30,"1,87"
Reims,Robert Jonquet,1980-07-01,1981-06-30,-
Reims,Léon Desmenez,1980-07-01,1982-06-30,"1,50"
Reims,René Vernier,1979-07-01,1980-09-01,"1,67"
Reims,Claude Prosdocimi,1979-01-25,1979-06-30,"0,68"
Reims,Pierre Flamion,1978-10-01,1978-12-31,"0,55"
Reims,Jean-Claude D'Arménia,1978-01-01,1978-10-01,"1,15"
Reims,Pierre Flamion,1975-07-01,1978-01-01,"1,43"
Reims,Michel Leblond,1975-01-01,1975-06-30,"0,92"
Reims,Léon Desmenez,1974-07-01,1975-03-14,"1,59"
Reims,Lucien Leduc,1972-09-23,1974-06-30,"1,60"
Reims,Célestin Oliver,1972-07-01,1972-09-22,"0,57"
Reims,Léon Desmenez,1971-07-01,1972-06-30,"1,17"
Reims,Elie Fruchart,1969-07-01,1972-06-30,"1,39"
Reims,Emile Rummelhardt,1967-07-01,1969-06-30,"1,00"
Reims,Claude Prosdocimi,1967-04-28,1967-06-30,"1,57"
Reims,Robert Jonquet,1964-07-01,1967-04-28,"1,20"
Reims,Jean Prouff,1963-07-01,1964-06-30,"1,17"
Reims,Camille Cottin,1963-03-19,1964-06-30,"2,18"
Reims,Albert Batteux,1950-07-01,1963-03-18,"1,84"
Reims,Henri Roessler,1945-07-01,1950-06-30,"1,89"
Reims,Sarkis Garabedian,1944-07-01,1945-06-30,-
Reims,Jules Vandooren,1941-07-01,1943-06-30,"0,00"
Reims,Valère De Besvekony,1937-07-01,1938-06-30,"1,50"
Reims,Sarkis Garabedian,1936-07-01,1937-06-30,"3,00"
Reims,Willie Aitken,1934-07-01,1936-06-30,-
Rennes,Franck Haise,2026-02-18,2026-05-03,"2,44"
Rennes,Sébastien Tambouret,2026-02-09,2026-02-17,"3,00"
Rennes,Habib Beye,2025-01-30,2026-02-09,"1,56"
Rennes,Jorge Sampaoli,2024-11-11,2025-01-30,"0,90"
Rennes,Sébastien Tambouret,2024-11-07,2024-11-11,"0,00"
Rennes,Julien Stéphan,2023-11-19,2024-11-07,"1,54"
Rennes,Bruno Génésio,2021-03-04,2023-11-19,"1,73"
Rennes,Philippe Bizeul,2021-03-01,2021-03-03,"0,00"
Rennes,Julien Stéphan,2018-12-04,2021-03-01,"1,55"
Rennes,Sabri Lamouchi,2017-11-08,2018-12-03,"1,44"
Rennes,Christian Gourcuff,2016-07-01,2017-11-07,"1,35"
Rennes,Rolland Courbis,2016-01-20,2016-09-11,"1,24"
Rennes,Philippe Montanier,2013-07-01,2016-01-20,"1,42"
Rennes,Frédéric Antonetti,2009-07-01,2013-06-30,"1,47"
Rennes,Guy Lacombe,2007-12-17,2009-06-30,"1,72"
Rennes,Pierre Dréossi,2006-07-01,2007-12-16,"1,40"
Rennes,Ladislau Bölöni,2003-07-01,2006-06-30,"1,46"
Rennes,Vahid Halilhodzic,2002-10-14,2003-06-30,"1,38"
Rennes,Philippe Bergeroo,2002-07-01,2002-10-13,"0,50"
Rennes,Christian Gourcuff,2001-07-01,2002-06-30,"1,34"
Rennes,Paul Le Guen,1998-07-01,2001-06-30,"1,50"
Rennes,Guy David,1997-07-01,1998-06-30,"1,05"
Rennes,Yves Colleu,1996-07-01,1997-06-30,"1,11"
Rennes,Michel Le Milinaire,1993-07-01,1996-06-21,"1,47"
Rennes,Didier Notheaux,1991-07-01,1993-06-30,"1,37"
Rennes,Raymond Keruzoré,1987-07-01,1991-06-30,"1,47"
Rennes,Patrick Rampillon,1987-01-01,1987-07-01,"0,33"
Rennes,Pierre Mosca,1984-07-01,1986-12-31,"1,44"
Rennes,Jean Vincent,1982-07-01,1984-06-30,"1,47"
Rennes,Pierre Garcia,1979-07-01,1982-06-30,"1,77"
Rennes,Alain Jubert,1978-01-14,1979-06-30,"1,32"
Rennes,Claude Dubaële,1976-07-01,1978-01-14,"0,95"
Rennes,Antoine Cuissard,1975-02-01,1976-06-30,"1,60"
Rennes,René Cédolin,1971-11-14,1975-02-01,"1,37"
Rennes,Jean Prouff,1964-07-01,1971-11-14,"1,43"
Rennes,Antoine Cuissard,1961-07-01,1964-06-30,"1,31"
Rennes,Henri Guérin,1955-07-01,1961-06-30,"1,25"
Rennes,Salvador Artigas,1952-07-01,1955-06-30,"1,04"
Rennes,Franz Pleyer,1945-07-01,1952-06-30,"1,28"
Rennes,Jean Batmale,1942-07-01,1945-06-30,-
Rennes,Jean Batmale,1936-07-01,1941-06-30,"1,21"
Rennes,Josef Schneider,1933-06-01,1936-06-30,"1,23"
Rennes,Kálmán Székány,1932-07-01,1933-06-30,"1,38"
Roma,Gian Piero Gasperini,2025-06-06,2026-05-03,"1,73"
Roma,Claudio Ranieri,2024-11-14,2025-06-30,"2,03"
Roma,Ivan Juric,2024-09-18,2024-11-10,"1,25"
Roma,Daniele De Rossi,2024-01-16,2024-09-18,"1,70"
Roma,José Mourinho,2021-07-01,2024-01-16,"1,70"
Roma,Paulo Fonseca,2019-07-01,2021-06-30,"1,76"
Roma,Claudio Ranieri,2019-03-08,2019-06-30,"1,83"
Roma,Eusebio Di Francesco,2017-06-13,2019-03-07,"1,79"
Roma,Luciano Spalletti,2016-01-14,2017-06-30,"2,15"
Roma,Rudi Garcia,2013-07-01,2016-01-13,"1,84"
Roma,Aurelio Andreazzoli,2013-02-02,2013-06-30,"1,82"
Roma,Zdenek Zeman,2012-07-01,2013-02-02,"1,65"
Roma,Luis Enrique,2011-07-01,2012-05-10,"1,39"
Roma,Vincenzo Montella,2011-02-21,2011-06-30,"1,56"
Roma,Claudio Ranieri,2009-09-01,2011-02-20,"1,87"
Roma,Luciano Spalletti,2005-07-01,2009-08-31,"1,86"
Roma,Bruno Conti,2005-03-14,2005-06-17,"0,80"
Roma,Luigi Delneri,2004-09-29,2005-03-14,"1,32"
Roma,Ezio Sella,2004-09-26,2004-09-29,"0,00"
Roma,Rudi Völler,2004-08-30,2004-09-25,"0,80"
Roma,Cesare Prandelli,2004-07-01,2004-08-27,-
Roma,Fabio Capello,1999-07-01,2004-06-30,"1,78"
Roma,Zdenek Zeman,1997-07-01,1999-06-06,"1,65"
Roma,Ezio Sella,1997-04-08,1997-06-30,-
Roma,Nils Liedholm,1997-04-08,1997-06-30,"0,63"
Roma,Carlos Bianchi,1996-07-01,1997-04-08,"1,45"
Roma,Carlo Mazzone,1993-07-01,1996-06-30,"1,59"
Roma,Vujadin Boskov,1992-07-01,1993-06-30,"1,46"
Roma,Ottavio Bianchi,1990-07-01,1992-06-30,"1,64"
Roma,Luigi Radice,1989-07-01,1990-06-30,"1,68"
Roma,Angelo Sormani,1989-03-20,1989-06-30,"0,00"
Roma,Nils Liedholm,1989-03-20,1989-06-30,"1,58"
Roma,Luciano Spinosi,1989-02-19,1989-03-20,"0,50"
Roma,Nils Liedholm,1987-05-13,1989-02-19,"1,61"
Roma,Angelo Sormani,1985-07-01,1989-02-19,"1,50"
Roma,Roberto Clagluna,1984-07-01,1985-06-30,-
Roma,Sven-Göran Eriksson,1984-07-01,1987-05-04,"1,69"
Roma,Nils Liedholm,1979-07-01,1984-06-30,"1,85"
Roma,Ferruccio Valcareggi,1978-11-07,1979-06-30,"1,25"
Roma,Gustavo Giagnoni,1977-07-01,1978-11-05,"1,30"
Roma,Nils Liedholm,1973-11-26,1977-06-30,"1,41"
Roma,Manlio Scopigno,1973-07-01,1973-11-26,"1,10"
Roma,Helenio Herrera,1971-07-01,1973-04-10,"1,44"
Roma,Helenio Herrera,1968-07-01,1971-04-05,"1,39"
Roma,Oronzo Pugliese,1965-07-01,1968-06-30,"1,24"
Roma,Juan Carlos Lorenzo,1964-07-01,1966-06-30,"1,23"
Roma,Lluís Miró,1963-11-18,1964-06-30,"1,44"
Roma,Naim Kryeziu,1963-11-16,1963-11-18,"3,00"
Roma,Alfredo Foni,1962-10-30,1963-11-04,"1,65"
Roma,Luis Carniglia,1961-07-01,1962-10-30,"1,78"
Roma,Alfredo Foni,1959-07-01,1961-06-30,"1,55"
Roma,Gunnar Nordahl,1959-03-23,1959-06-30,"1,58"
Roma,Dr. György Sárosi,1958-11-03,1959-03-23,-
Roma,Gunnar Nordahl,1957-11-20,1958-11-03,"1,47"
Roma,Alec Stock,1957-07-01,1957-11-20,"1,64"
Roma,Guido Masetti,1957-05-01,1957-06-30,"0,60"
Roma,Dr. György Sárosi,1955-07-01,1957-05-06,"1,33"
Roma,Jesse Carver,1953-11-02,1955-06-30,"1,47"
Roma,Mario Varglien,1952-07-01,1953-12-11,"1,46"
Roma,Giuseppe Viani,1951-07-01,1952-06-30,"1,97"
Roma,Guido Masetti,1951-05-13,1951-06-30,"2,00"
Roma,Pietro Serantoni,1950-12-24,1951-04-29,"1,00"
Roma,Adolfo Baloncieri,1950-07-01,1950-12-18,"0,67"
Roma,Luigi Brunella,1950-05-14,1950-06-30,"1,33"
Roma,Fulvio Bernardini,1949-07-01,1950-05-08,"1,11"
Roma,Luigi Brunella,1948-03-21,1949-06-30,"1,19"
Roma,Imre Senkey,1947-07-01,1948-03-14,"1,16"
Roma,Giovanni Degni,1945-07-01,1947-06-30,"1,37"
Roma,Guido Masetti,1943-07-01,1945-06-30,-
Roma,Géza Kertész,1942-12-13,1943-06-30,"1,36"
Roma,Alfréd Schaffer,1940-04-22,1942-12-07,"1,63"
Roma,Guido Ara,1937-07-01,1940-04-22,"1,51"
Roma,Luigi Barbesino,1933-07-01,1937-06-30,"1,60"
Roma,Lajos Kovács,1932-11-06,1933-06-25,"1,64"
Roma,Janos Baar,1931-11-22,1932-10-23,"1,53"
Roma,Johann Baar,1931-11-01,1932-09-30,-
Roma,Herbert Burgess,1929-11-24,1931-11-29,"1,84"
Roma,Guido Baccani,1929-10-06,1929-11-17,"1,14"
Roma,William Garbutt,1927-07-01,1929-06-30,"1,62"
Saint-Étienne,Philippe Montanier,2026-02-01,2026-05-03,"1,92"
Saint-Étienne,Eirik Horneland,2025-01-01,2026-01-31,"1,33"
Saint-Étienne,Laurent Huard,2024-12-14,2024-12-31,"0,00"
Saint-Étienne,Olivier Dall'Oglio,2023-12-12,2024-12-16,"1,56"
Saint-Étienne,Laurent Huard,2023-12-06,2023-12-11,"0,00"
Saint-Étienne,Laurent Batlles,2022-07-01,2023-12-06,"1,46"
Saint-Étienne,Pascal Dupraz,2021-12-14,2022-06-30,"1,08"
Saint-Étienne,Julien Sablé,2021-12-06,2021-12-14,"0,00"
Saint-Étienne,Claude Puel,2019-10-04,2021-12-05,"1,15"
Saint-Étienne,Ghislain Printant,2019-06-06,2019-10-04,"0,90"
Saint-Étienne,Jean-Louis Gasset,2017-12-20,2019-06-30,"1,73"
Saint-Étienne,Julien Sablé,2017-11-15,2017-12-19,"0,33"
Saint-Étienne,Óscar García,2017-06-15,2017-11-15,"1,38"
Saint-Étienne,Christophe Galtier,2009-12-16,2017-06-30,"1,56"
Saint-Étienne,Alain Perrin,2008-11-11,2009-12-15,"1,18"
Saint-Étienne,Laurent Roussey,2007-07-01,2008-11-10,"1,40"
Saint-Étienne,Ivan Hasek,2006-07-01,2007-06-30,"1,31"
Saint-Étienne,Élie Baup,2004-06-07,2006-06-30,"1,32"
Saint-Étienne,Frédéric Antonetti,2001-10-09,2004-06-30,"1,58"
Saint-Étienne,Alain Michel,2001-07-01,2001-10-09,"1,00"
Saint-Étienne,Jean-Guy Wallemme,2001-01-05,2001-06-30,"0,00"
Saint-Étienne,Rudi Garcia,2001-01-05,2001-06-30,"1,19"
Saint-Étienne,John Toshack,2000-10-01,2000-12-21,"1,17"
Saint-Étienne,Gérard Soler,2000-09-24,2000-10-01,"0,00"
Saint-Étienne,Robert Nouzaret,1998-07-01,2000-09-30,"1,53"
Saint-Étienne,Pierre Repellini,1997-07-01,1998-06-30,"1,21"
Saint-Étienne,Pierre Mankowski,1996-06-22,1997-06-30,"1,16"
Saint-Étienne,Dominique Bathenay,1996-03-01,1996-06-30,"0,70"
Saint-Étienne,Maxime Bossis,1996-02-25,1996-03-01,"1,00"
Saint-Étienne,Élie Baup,1994-07-01,1996-02-27,"0,99"
Saint-Étienne,Jacques Santini,1992-07-01,1994-06-30,"1,43"
Saint-Étienne,Christian Sarramagna,1990-07-01,1992-06-30,"1,32"
Saint-Étienne,Robert Herbin,1987-07-01,1990-06-30,"1,36"
Saint-Étienne,Henryk Kasperczak,1984-07-01,1987-06-30,"1,65"
Saint-Étienne,Jean Djorkaeff,1983-07-01,1984-06-30,"1,05"
Saint-Étienne,Guy Briet,1983-01-01,1983-06-30,"1,33"
Saint-Étienne,Robert Herbin,1972-07-01,1983-01-01,"1,85"
Saint-Étienne,Albert Batteux,1967-07-01,1972-06-30,"2,03"
Saint-Étienne,Jean Snella,1963-07-01,1967-06-30,"1,73"
Saint-Étienne,François Wicart,1962-03-26,1963-06-30,"1,62"
Saint-Étienne,Henri Guérin,1961-07-01,1962-06-30,"1,29"
Saint-Étienne,François Wicart,1960-11-15,1961-06-30,"1,77"
Saint-Étienne,René Vernier,1959-07-01,1960-11-15,"1,38"
Saint-Étienne,Jean Snella,1950-07-01,1959-06-30,"1,59"
Saint-Étienne,Ignaz Tax,1943-07-01,1950-06-20,"1,45"
Saint-Étienne,Teddy Duckworth,1938-04-07,1941-06-30,"1,33"
Saint-Étienne,Teddy Duckworth,1935-07-01,1936-06-30,-
Saint-Étienne,Harold Rivers,1934-07-01,1935-06-30,"0,00"
Salernitana,Serse Cosmi,2026-02-24,2026-05-03,"1,90"
Salernitana,Giuseppe Raffaele,2025-07-02,2026-02-23,"1,72"
Salernitana,Pasquale Marino,2025-04-07,2025-06-30,"1,50"
Salernitana,Roberto Breda,2025-01-03,2025-04-07,"1,00"
Salernitana,Stefano Colantuono,2024-11-11,2024-12-30,"0,71"
Salernitana,Giovanni Martusciello,2024-07-03,2024-11-11,"1,07"
Salernitana,Andrea Sottil,2024-06-20,2024-07-02,-
Salernitana,Stefano Colantuono,2024-03-19,2024-06-02,"0,33"
Salernitana,Fabio Liverani,2024-02-11,2024-03-19,"0,20"
Salernitana,Filippo Inzaghi,2023-10-10,2024-02-11,"0,72"
Salernitana,Paulo Sousa,2023-02-15,2023-10-10,"1,08"
Salernitana,Davide Nicola,2022-02-15,2023-02-15,"1,03"
Salernitana,Stefano Colantuono,2021-10-17,2022-02-15,"0,56"
Salernitana,Fabrizio Castori,2020-08-10,2021-10-17,"1,61"
Salernitana,Gian Piero Ventura,2019-06-30,2020-08-01,"1,38"
Salernitana,Leonardo Menichini,2019-05-09,2019-06-30,"2,00"
Salernitana,Angelo Gregucci,2018-12-20,2019-05-06,"0,90"
Salernitana,Stefano Colantuono,2017-12-12,2018-12-18,"1,24"
Salernitana,Alberto Bollini,2016-12-01,2017-12-11,"1,35"
Salernitana,Giuseppe Sannino,2016-07-10,2016-11-30,"1,17"
Salernitana,Leonardo Menichini,2016-02-02,2016-06-30,"1,40"
Salernitana,Vincenzo Torrente,2015-06-22,2016-02-02,"1,07"
Salernitana,Leonardo Menichini,2014-08-18,2015-06-20,"2,05"
Salernitana,Mario Somma,2014-06-01,2014-08-18,"0,00"
Salernitana,Angelo Gregucci,2014-01-27,2014-05-28,"1,71"
Salernitana,Carlo Perrone,2013-10-21,2014-01-27,"1,47"
Salernitana,Stefano Sanderra,2013-07-18,2013-10-21,"1,33"
Salernitana,Carlo Perrone,2012-09-20,2013-07-17,"2,27"
Salernitana,Giuseppe Galderisi,2012-07-20,2012-09-20,"0,80"
Salernitana,Carlo Perrone,2011-07-26,2012-06-30,"2,00"
Salernitana,Roberto Breda,2010-07-01,2011-06-22,"1,65"
Salernitana,Ersilio Cerone,2009-12-01,2010-06-30,"0,36"
Salernitana,Gianluca Grassadonia,2009-11-01,2010-03-14,"0,88"
Salernitana,Marco Cari,2009-09-20,2009-11-01,"0,71"
Salernitana,Fabio Brini,2009-04-05,2009-09-19,"1,13"
Salernitana,Fabrizio Castori,2009-01-24,2009-04-05,"1,17"
Salernitana,Bortolo Mutti,2008-12-07,2009-01-24,"0,80"
Salernitana,Fabrizio Castori,2008-07-01,2008-12-06,"1,33"
Salernitana,Fabio Brini,2008-02-04,2008-05-24,"1,71"
Salernitana,Andrea Agostinelli,2007-05-18,2008-02-03,"1,86"
Salernitana,Gianfranco Bellotto,2007-01-15,2007-05-17,"1,12"
Salernitana,Raffaele Novelli,2006-06-09,2007-01-15,"1,39"
Salernitana,Stefano Cuoghi,2005-11-22,2006-06-09,"1,75"
Salernitana,Maurizio Costantini,2005-07-01,2005-11-22,"1,08"
Salernitana,Angelo Gregucci,2004-10-11,2005-06-30,"1,37"
Salernitana,Vincenzo Marino,2004-10-07,2004-10-09,-
Salernitana,Aldo Ammazzalorso,2004-06-15,2004-10-07,"1,36"
Salernitana,Stefano Pioli,2003-07-01,2004-06-30,"1,22"
Salernitana,Franco Varrella,2002-12-29,2003-06-30,"0,50"
Salernitana,Zdenek Zeman,2001-07-01,2002-12-29,"1,17"
Salernitana,Francesco Oddo,2001-03-27,2001-06-30,"1,30"
Salernitana,Nedo Sonetti,2000-12-12,2001-03-27,"1,00"
Salernitana,Francesco Oddo,2000-07-01,2000-12-12,"1,33"
Salernitana,Luigi Cagni,2000-04-02,2000-06-30,"1,30"
Salernitana,Adriano Cadregari,2000-03-26,2000-04-01,"0,00"
Salernitana,Luigi Cagni,1999-10-04,2000-03-25,"1,59"
Salernitana,Adriano Cadregari,1999-07-01,1999-10-03,"1,55"
Salernitana,Francesco Oddo,1999-03-25,1999-06-30,"1,88"
Salernitana,Delio Rossi,1997-07-01,1999-03-25,"1,43"
Salernitana,Franco Varrella,1997-02-01,1997-06-30,"1,21"
Salernitana,Franco Colomba,1995-07-01,1997-01-26,"1,34"
Salernitana,Delio Rossi,1993-07-01,1995-06-30,"1,71"
Salernitana,Giuliano Sonzogni,1992-07-01,1993-06-30,"1,47"
Salernitana,Tarcisio Burgnich,1992-02-25,1992-06-30,"1,31"
Salernitana,Giovanni Simonelli,1991-09-01,1992-02-24,"0,86"
Salernitana,Giancarlo Ansaloni,1989-07-01,1991-06-30,"1,40"
Salernitana,Lamberto Leonardi,1988-07-01,1989-06-30,"1,19"
Salernitana,Antonio Pasinato,1988-07-01,1989-06-30,"1,50"
Salernitana,Roberto Clagluna,1988-02-22,1988-06-30,"1,18"
Salernitana,Claudio Tobia,1987-07-01,1988-02-22,"1,43"
Salernitana,Carlo Soldo,1987-07-01,1988-06-30,-
Salernitana,Mario Russo,1986-07-01,1987-06-30,"1,21"
Salernitana,Giorgio Sereni,1985-07-01,1986-06-30,"1,44"
Salernitana,Gian Piero Ghio,1984-07-01,1985-06-30,"1,32"
Salernitana,Mario Facco,1983-07-01,1984-06-30,"1,32"
Salernitana,Marino Perani,1983-02-07,1983-06-30,"1,33"
Salernitana,Francisco Lojacono,1982-07-01,1983-06-30,"1,24"
Salernitana,Romano Mattè,1981-11-03,1982-06-30,"1,80"
Salernitana,Luigi Gigante,1981-10-26,1981-11-02,"3,00"
Salernitana,Antonio Giammarinaro,1981-07-01,1981-10-26,"1,33"
Salernitana,Lamberto Leonardi,1980-07-01,1981-06-30,"1,53"
Salernitana,Luigi Gigante,1980-04-03,1980-06-09,"0,75"
Salernitana,Antonio Giammarinaro,1979-07-01,1980-04-02,"1,50"
Salernitana,Domenico Rosati,1978-07-01,1979-06-30,"1,41"
Salernitana,Carlo Facchin,1977-07-01,1978-06-30,"1,56"
Salernitana,Enea Masiero,1977-11-07,1978-01-30,"1,18"
Salernitana,Carlo Regalia,1976-07-01,1977-06-30,"1,32"
Salernitana,Massimo Giacomini,1975-10-13,1975-12-23,"0,90"
Salernitana,Ettore Recagni,1974-07-01,1975-06-30,"1,34"
Salernitana,Franco Viviani,1973-07-01,1974-06-30,"1,32"
Salernitana,Nicola Chiricallo,1972-07-01,1973-06-30,"1,50"
Salernitana,Giancarlo Vitali,1971-07-01,1972-06-30,"1,58"
Salernitana,Domenico Rosati,1970-07-01,1971-06-30,"1,84"
Salernitana,Guido Gratton,1969-09-24,1970-06-30,-
Salernitana,Antonio Pasinato,1969-09-07,1969-09-23,-
Salernitana,Renato Piacentini,1969-07-01,1969-09-06,-
Salernitana,Pietro Magni,1968-10-01,1969-06-30,"1,17"
Salernitana,Rinaldo Settembrino,1967-07-01,1968-09-30,-
Salernitana,Oscar Montez,1967-05-14,1967-06-30,"0,00"
Salernitana,Domenico Rosati,1965-07-01,1967-05-07,"1,09"
Salernitana,Rudolf Hiden,1965-04-05,1965-06-30,"1,40"
Salernitana,Riccardo Carapellese,1965-01-04,1965-04-04,"0,83"
Salernitana,Rudolf Hiden,1963-07-01,1965-01-03,"1,53"
Salernitana,Ulisse Giunchi,1963-07-01,1963-06-30,-
Salernitana,Pietro Pasinati,1962-07-01,1962-12-31,"1,53"
Salernitana,Gyula Zsengellér,1962-03-13,1962-06-30,"1,70"
Salernitana,Ettore Puricelli,1960-07-01,1960-12-05,"1,00"
Salernitana,Pietro Piselli,1960-03-15,1960-03-27,-
Salernitana,Paolo Todeschini,1956-07-01,1957-04-09,-
Salernitana,Mario Saracino,1955-12-11,1956-06-30,"0,88"
Salernitana,Antonio Valese,1955-07-01,1955-12-04,"0,20"
Salernitana,Mario Saracino,1954-12-19,1955-06-30,"1,39"
Salernitana,Enrico Carpitelli,1953-01-25,1954-12-12,"1,16"
Salernitana,Carlo Ceresoli †,1952-07-01,1953-01-18,"1,12"
Salernitana,Rudolf Hiden,1951-07-01,1952-06-30,"1,32"
Salernitana,Walter Crociani,1950-07-01,1951-06-30,"1,38"
Salernitana,Arnaldo Sentimenti,1950-03-26,1950-06-30,"1,36"
Salernitana,Pietro Piselli,1948-07-01,1950-03-19,"1,47"
Salernitana,Giuseppe Viani,1946-07-01,1948-06-30,"1,44"
Salernitana,Vittorio Mosele,1945-07-01,1946-06-30,"0,89"
Salernitana,Giuseppe Viani,1941-07-01,1943-06-30,-
Salernitana,Ferenc Híres,1940-07-01,1941-06-30,"0,00"
Salernitana,Ferenc Híres,1935-07-01,1938-06-30,"1,00"
Salernitana,Armand Halmos,1935-07-01,1936-06-30,-
Salernitana,Imre Schoffer,1934-07-01,1935-06-30,-
Salernitana,Ivo Fiorentini,1932-07-01,1933-06-30,-
Salernitana,Mario Belloni,1924-07-01,1925-09-30,"0,00"
Salernitana,Alfonso Guasco,1923-07-01,1924-06-30,"0,40"
Salernitana,Mario Toledo,1921-07-01,1922-06-30,"0,00"
Sampdoria,Attilio Lombardo,2026-03-09,2026-05-03,"1,75"
Sampdoria,Angelo Gregucci,2025-10-19,2026-03-09,"1,19"
Sampdoria,Massimo Donati,2025-07-13,2025-10-18,"0,56"
Sampdoria,Alberico Evani,2025-04-07,2025-06-30,"1,88"
Sampdoria,Leonardo Semplici,2024-12-11,2025-04-07,"0,88"
Sampdoria,Andrea Sottil,2024-08-30,2024-12-09,"1,36"
Sampdoria,Andrea Pirlo,2023-07-01,2024-08-29,"1,42"
Sampdoria,Dejan Stanković,2022-10-06,2023-06-30,"0,63"
Sampdoria,Marco Giampaolo,2022-01-19,2022-10-02,"0,84"
Sampdoria,Felice Tufano,2022-01-17,2022-01-19,"0,00"
Sampdoria,Roberto D'Aversa,2021-07-04,2022-01-17,"1,08"
Sampdoria,Claudio Ranieri,2019-10-12,2021-06-30,"1,31"
Sampdoria,Eusebio Di Francesco,2019-06-22,2019-10-07,"0,75"
Sampdoria,Marco Giampaolo,2016-07-04,2019-06-15,"1,41"
Sampdoria,Vincenzo Montella,2015-11-15,2016-06-30,"0,89"
Sampdoria,Walter Zenga,2015-06-11,2015-11-10,"1,36"
Sampdoria,Sinisa Mihajlovic,2013-11-20,2015-06-11,"1,49"
Sampdoria,Francesco Pedone,2013-11-12,2013-11-20,-
Sampdoria,Delio Rossi,2012-12-17,2013-11-11,"1,09"
Sampdoria,Ciro Ferrara,2012-07-02,2012-12-17,"1,00"
Sampdoria,Giuseppe Iachini,2011-11-14,2012-06-30,"1,77"
Sampdoria,Gianluca Atzori,2011-06-09,2011-11-13,"1,47"
Sampdoria,Alberto Cavasin,2011-03-07,2011-06-09,"0,50"
Sampdoria,Domenico Di Carlo,2010-05-26,2011-03-07,"1,11"
Sampdoria,Luigi Delneri,2009-07-01,2010-05-17,"1,75"
Sampdoria,Walter Mazzarri,2007-05-31,2009-06-01,"1,45"
Sampdoria,Walter Novellino,2002-07-01,2007-06-30,"1,48"
Sampdoria,Gianfranco Bellotto,2001-09-19,2002-06-30,"1,29"
Sampdoria,Luigi Cagni,2000-07-01,2001-09-19,"1,63"
Sampdoria,Gian Piero Ventura,1999-07-01,2000-06-30,"1,67"
Sampdoria,Luciano Spalletti,1999-02-01,1999-06-30,"1,40"
Sampdoria,Giorgio Veneri,1998-12-14,1999-02-01,"0,50"
Sampdoria,David Platt,1998-12-14,1999-02-01,-
Sampdoria,Luciano Spalletti,1998-07-01,1998-12-14,"1,26"
Sampdoria,Vujadin Boskov,1997-11-20,1998-06-30,"1,42"
Sampdoria,César Menotti,1997-07-01,1997-11-20,"1,00"
Sampdoria,Sven-Göran Eriksson,1992-07-01,1997-06-30,"1,56"
Sampdoria,Vujadin Boskov,1986-07-01,1992-06-30,"1,75"
Sampdoria,Eugenio Bersellini,1984-07-01,1986-06-30,"1,64"
Sampdoria,Renzo Ulivieri,1981-10-15,1984-06-30,"1,53"
Sampdoria,Enzo Riccomini,1980-07-01,1981-10-15,"1,33"
Sampdoria,Lauro Toneatto,1979-11-04,1980-06-30,"1,42"
Sampdoria,Lamberto Giorgis,1978-10-23,1979-10-29,"1,18"
Sampdoria,Giorgio Canali,1977-07-01,1978-10-22,"1,25"
Sampdoria,Eugenio Bersellini,1975-07-01,1977-06-30,"1,03"
Sampdoria,Guido Vincenzi,1973-07-01,1974-06-30,"0,93"
Sampdoria,Giulio Corsini,1973-07-01,1975-06-30,"0,92"
Sampdoria,Heriberto Herrera,1971-07-01,1973-06-30,"1,10"
Sampdoria,Fulvio Bernardini,1966-07-01,1971-06-30,"1,24"
Sampdoria,Giuseppe Baldini,1965-01-31,1966-06-30,"1,06"
Sampdoria,Ernst Ocwirk,1962-11-05,1965-01-25,"1,24"
Sampdoria,Eraldo Monzeglio,1958-07-01,1962-03-05,"1,42"
Sampdoria,Renato Gei,1958-07-01,1960-06-30,"1,50"
Sampdoria,Adolfo Baloncieri,1958-02-17,1958-06-30,"1,82"
Sampdoria,Bill Dodgin Sr.,1957-07-01,1958-02-17,"0,95"
Sampdoria,Ugo Amoretti,1957-05-18,1957-06-30,"1,50"
Sampdoria,Pietro Rava,1956-07-01,1957-05-18,"1,37"
Sampdoria,Lajos Czeizler,1954-11-01,1957-02-18,-
Sampdoria,Paolo Tabanelli,1953-07-01,1956-06-30,"1,34"
Sampdoria,Ivo Fiorentini,1952-11-14,1953-06-30,"1,38"
Sampdoria,Gipo Poggi,1952-07-01,1952-11-14,"0,50"
Sampdoria,Alfredo Foni,1951-07-01,1952-06-30,"1,50"
Sampdoria,Gipo Poggi,1951-04-15,1951-06-30,"2,00"
Sampdoria,Giuseppe Galluzzi,1950-07-01,1951-04-01,"0,97"
Sampdoria,Adolfo Baloncieri,1947-07-01,1950-06-30,"1,31"
Sampdoria,Giovanni Rebuffo,1947-04-23,1947-06-30,"1,50"
Sampdoria,Giuseppe Galluzzi,1946-07-01,1947-04-23,"1,31"
Sandhausen,Kevin Stotz,2026-03-31,2026-05-03,"2,40"
Sandhausen,Olaf Janßen,2025-07-01,2026-03-31,"1,55"
Sandhausen,Dennis Diekmeier,2025-04-07,2025-06-30,-
Sandhausen,Gerhard Kleppinger,2025-04-07,2025-06-30,"0,75"
Sandhausen,Kenan Kocak,2024-12-28,2025-04-06,"0,62"
Sandhausen,Sreto Ristic,2024-07-01,2024-12-21,"1,57"
Sandhausen,Gerhard Kleppinger,2024-05-13,2024-06-30,"2,00"
Sandhausen,Jens Keller,2023-10-23,2024-05-13,"1,61"
Sandhausen,Danny Galm,2023-07-01,2023-10-22,"1,67"
Sandhausen,Gerhard Kleppinger,2023-04-10,2023-06-18,"1,00"
Sandhausen,Tomas Oral,2023-02-20,2023-04-10,"0,33"
Sandhausen,Alois Schwartz,2021-09-22,2023-02-19,"1,22"
Sandhausen,Gerhard Kleppinger,2021-07-01,2021-09-21,"0,57"
Sandhausen,Stefan Kulovits,2021-07-01,2021-09-21,"0,00"
Sandhausen,Gerhard Kleppinger,2021-02-15,2021-06-30,"1,23"
Sandhausen,Stefan Kulovits,2021-02-15,2021-06-30,-
Sandhausen,Michael Schiele,2020-11-26,2021-02-15,"0,71"
Sandhausen,Uwe Koschinat,2018-10-16,2020-11-24,"1,24"
Sandhausen,Kenan Kocak,2016-07-04,2018-10-08,"1,21"
Sandhausen,Alois Schwartz,2013-07-01,2016-06-30,"1,28"
Sandhausen,Hans-Jürgen Boysen,2012-11-20,2013-06-30,"0,85"
Sandhausen,Gerd Dais,2011-02-14,2012-11-19,"1,49"
Sandhausen,Pavel Dotchev,2010-09-13,2011-02-14,"0,82"
Sandhausen,Frank Leicht,2010-02-25,2010-09-13,"0,91"
Sandhausen,Gerd Dais,2005-10-01,2010-02-23,"1,68"
Sandhausen,Günter Sebert,2003-09-17,2005-09-30,"1,59"
Sandhausen,Rainer Scharinger,2002-10-18,2003-09-16,"1,47"
Sandhausen,Willi Entenmann,2002-07-01,2002-10-17,"1,60"
Sandhausen,Hans-Jürgen Boysen,2001-04-12,2002-06-30,"1,84"
Sandhausen,Ralf Köhnlein,2000-11-09,2001-04-11,"2,00"
Sandhausen,Werner Habiger,2000-07-01,2000-11-08,"1,71"
Sandhausen,Willi Entenmann,1999-07-01,2000-06-30,"3,00"
Sandhausen,Günther Birkle,1998-07-01,1999-06-30,"1,00"
Sandhausen,Rüdiger Menges,1996-07-01,1997-06-30,-
Sandhausen,Hans-Jürgen Boysen,1994-07-01,1996-06-30,"1,03"
Sandhausen,Slobodan Jovanic,1991-07-01,1994-06-30,"1,52"
Sandhausen,Wolfgang Reinhard,1991-05-04,1991-06-30,-
Sandhausen,Stephan Groß,1989-01-16,1991-05-03,"1,82"
Sandhausen,Heiner Ueberle,1987-12-14,1989-01-15,-
Sandhausen,Wolfgang Reinhard,1987-12-01,1987-12-13,-
Sandhausen,Harry Griesbeck,1987-07-01,1987-11-30,-
Sandhausen,Slobodan Jovanic,1983-07-01,1987-06-30,"1,05"
Sandhausen,Reinhold Fanz,1983-07-01,1984-06-30,-
Sandhausen,Werner Ludwig,1982-03-01,1982-05-30,-
Sandhausen,Rudi Dielmann,1981-07-01,1982-03-15,-
Sandhausen,Werner Ludwig,1980-07-01,1981-06-30,"0,00"
Sandhausen,Klaus Sinn,1977-03-05,1979-06-30,"1,50"
Sandhausen,Emil Kühnle,1974-07-01,1977-03-04,"3,00"
Sassuolo,Fabio Grosso,2024-06-03,2026-05-03,"1,79"
Sassuolo,Davide Ballardini,2024-03-01,2024-06-03,"0,83"
Sassuolo,Emiliano Bigica,2024-02-25,2024-03-01,"0,00"
Sassuolo,Alessio Dionisi,2021-07-01,2024-02-25,"1,16"
Sassuolo,Roberto De Zerbi,2018-07-01,2021-06-30,"1,38"
Sassuolo,Giuseppe Iachini,2017-11-27,2018-06-05,"1,35"
Sassuolo,Cristian Bucchi,2017-06-20,2017-11-27,"0,93"
Sassuolo,Eusebio Di Francesco,2014-03-03,2017-06-12,"1,37"
Sassuolo,Alberto Malesani,2014-01-29,2014-03-03,"0,00"
Sassuolo,Eusebio Di Francesco,2012-06-19,2014-01-28,"1,61"
Sassuolo,Fulvio Pea,2011-06-09,2012-06-10,"1,83"
Sassuolo,Paolo Mandelli,2011-05-09,2011-06-09,"2,00"
Sassuolo,Angelo Gregucci,2010-10-03,2011-05-09,"1,15"
Sassuolo,Daniele Arrigoni,2010-06-26,2010-10-03,"1,25"
Sassuolo,Stefano Pioli,2009-07-01,2010-06-30,"1,62"
Sassuolo,Andrea Mandorlini,2008-07-07,2009-06-12,"1,47"
Sassuolo,Massimiliano Allegri,2007-07-17,2008-06-30,"1,83"
Sassuolo,Gian Marco Remondina,2005-07-01,2007-06-30,"1,71"
Sassuolo,Giuseppe Brucato,2004-07-01,2005-06-30,"1,47"
Sassuolo,Cristiano Bergodi,2003-11-25,2004-06-30,"1,04"
Sassuolo,Cesare Maestroni,2002-07-01,2003-01-13,"0,84"
Sassuolo,Paolo Magnoni,2001-07-01,2002-06-30,-
Sassuolo,Gianni Balugani,2001-07-01,2004-06-30,"0,87"
Sassuolo,Daniele Simeoni,2000-07-01,2001-06-30,-
Sassuolo,Paolo Magnani,2000-07-01,2002-03-26,"1,17"
Sassuolo,Gianni Balugani,1999-07-01,2000-06-30,"1,24"
Sassuolo,Stefano Garuti,1998-07-01,1999-06-30,"1,24"
Sassuolo,Roberto Cesati,1996-12-01,1997-06-30,-
Sassuolo,Gianni Seghedoni,1994-07-01,1995-06-30,-
Sassuolo,Raffaello Vernacchia,1989-07-01,1990-06-30,"0,91"
Sassuolo,Gianni Seghedoni,1989-07-01,1990-06-30,-
Sassuolo,Guido Mammi,1988-07-01,1989-06-30,"1,52"
Sassuolo,Giancarlo Magrini,1987-07-01,1988-06-30,"1,17"
Sassuolo,Ezio Primo Galbiati,1986-07-01,1987-06-30,"1,19"
Sassuolo,Aurelio Dotti,1984-07-01,1986-06-30,"1,26"
Schalke 04,Miron Muslic,2025-05-31,2026-05-03,"2,06"
Schalke 04,Jakob Fimpel,2025-05-03,2025-05-30,"0,00"
Schalke 04,Kees van Wonderen,2024-10-06,2025-05-03,"1,20"
Schalke 04,Jakob Fimpel,2024-09-21,2024-10-05,"2,00"
Schalke 04,Karel Geraerts,2023-10-09,2024-09-21,"1,30"
Schalke 04,Matthias Kreutzer,2023-09-27,2023-10-08,"0,00"
Schalke 04,Thomas Reis,2022-10-27,2023-09-27,"1,13"
Schalke 04,Matthias Kreutzer,2022-10-20,2022-10-26,"0,00"
Schalke 04,Frank Kramer,2022-07-01,2022-10-19,"0,75"
Schalke 04,Michael Büskens,2022-03-07,2022-06-30,"2,63"
Schalke 04,Dimitrios Grammozis,2021-03-02,2022-03-06,"1,34"
Schalke 04,Christian Gross,2020-12-27,2021-02-28,"0,45"
Schalke 04,Huub Stevens,2020-12-18,2020-12-26,"1,50"
Schalke 04,Manuel Baum,2020-09-30,2020-12-18,"0,64"
Schalke 04,David Wagner,2019-07-01,2020-09-27,"1,20"
Schalke 04,Huub Stevens,2019-03-14,2019-06-30,"1,00"
Schalke 04,Domenico Tedesco,2017-07-01,2019-03-14,"1,57"
Schalke 04,Markus Weinzierl,2016-07-01,2017-06-30,"1,52"
Schalke 04,André Breitenreiter,2015-07-01,2016-06-30,"1,59"
Schalke 04,Roberto Di Matteo,2014-10-07,2015-06-30,"1,48"
Schalke 04,Jens Keller,2012-12-16,2014-10-07,"1,63"
Schalke 04,Huub Stevens,2011-09-27,2012-12-16,"1,84"
Schalke 04,Seppo Eichkorn,2011-09-22,2011-09-27,"3,00"
Schalke 04,Ralf Rangnick,2011-03-21,2011-09-22,"1,52"
Schalke 04,Seppo Eichkorn,2011-03-16,2011-03-20,"0,00"
Schalke 04,Felix Magath,2009-07-01,2011-03-16,"1,80"
Schalke 04,Michael Büskens,2009-04-01,2009-06-30,"1,44"
Schalke 04,Fred Rutten,2008-07-01,2009-03-26,"1,54"
Schalke 04,Michael Büskens,2008-04-14,2008-06-30,"2,67"
Schalke 04,Mirko Slomka,2006-01-04,2008-04-13,"1,81"
Schalke 04,Oliver Reck,2005-12-12,2006-01-04,"0,00"
Schalke 04,Ralf Rangnick,2004-09-28,2005-12-12,"1,92"
Schalke 04,Eddy Achterberg,2004-09-15,2004-09-28,"2,25"
Schalke 04,Jupp Heynckes,2003-07-01,2004-09-15,"1,72"
Schalke 04,Marc Wilmots,2003-03-26,2003-06-30,"1,25"
Schalke 04,Frank Neubarth,2002-07-01,2003-03-25,"1,59"
Schalke 04,Huub Stevens,1996-10-09,2002-06-30,"1,57"
Schalke 04,Hubert Neu,1996-10-04,1996-10-08,"0,00"
Schalke 04,Jörg Berger,1993-10-11,1996-10-03,"1,47"
Schalke 04,Helmut Schulte,1993-01-18,1993-10-10,"1,10"
Schalke 04,Udo Lattek,1992-07-01,1993-01-17,"1,21"
Schalke 04,Klaus Fischer,1992-04-30,1992-06-30,"1,50"
Schalke 04,Aleksandar Ristic,1991-01-16,1992-04-29,"1,48"
Schalke 04,Klaus Fischer,1990-11-14,1991-01-15,"1,20"
Schalke 04,Peter Neururer,1989-04-11,1990-11-13,"1,75"
Schalke 04,Helmut Kremers,1989-04-07,1989-04-10,"3,00"
Schalke 04,Diethelm Ferner,1988-09-20,1989-04-06,"1,32"
Schalke 04,Horst Franz,1987-12-29,1988-09-18,"0,85"
Schalke 04,Rolf Schafstall,1986-07-01,1987-12-07,"1,15"
Schalke 04,Diethelm Ferner,1983-07-01,1986-06-30,"1,62"
Schalke 04,Jürgen Sundermann,1983-01-24,1983-06-30,"1,00"
Schalke 04,Rudi Assauer,1983-01-21,1983-01-23,"1,00"
Schalke 04,Sigfried Held,1981-07-01,1983-01-20,"1,53"
Schalke 04,Heinz Redepenning,1981-05-27,1981-06-30,"0,00"
Schalke 04,Rudi Assauer,1981-05-27,1981-06-30,"0,50"
Schalke 04,Fahrudin Jusufi,1980-04-21,1981-05-26,"0,92"
Schalke 04,Dietmar Schwager,1979-12-05,1980-04-22,"1,59"
Schalke 04,Gyula Lóránt,1979-03-19,1979-12-04,"1,40"
Schalke 04,Ivica Horvat,1978-07-01,1979-03-17,"1,25"
Schalke 04,Ulrich Maslo,1977-12-21,1978-06-30,"1,25"
Schalke 04,Friedel Rausch,1976-03-10,1977-12-20,"1,73"
Schalke 04,Max Merkel,1975-07-01,1976-03-09,"1,40"
Schalke 04,Ivica Horvat,1971-07-01,1975-06-30,"1,66"
Schalke 04,Slobodan Cendic,1970-09-08,1971-06-30,"1,60"
Schalke 04,Rudi Gutendorf,1968-11-22,1970-09-07,"1,59"
Schalke 04,Günter Brocker,1967-11-18,1968-11-17,"1,37"
Schalke 04,Karl-Heinz Marotzke,1967-07-01,1967-11-13,"0,89"
Schalke 04,Fritz Langner,1964-04-26,1967-06-30,"1,19"
Schalke 04,Georg Gawliczek,1960-07-01,1964-04-25,"1,67"
Schalke 04,Nándor Lengyel,1959-07-01,1960-06-30,"1,63"
Schalke 04,Eduard Frühwirth,1954-07-01,1959-06-30,"1,67"
Schalke 04,Fritz Szepan,1949-07-01,1954-06-30,"1,77"
Schalke 04,Ferdinand Swatosch,1948-11-01,1949-06-30,"1,07"
Schalke 04,Theo Langl,1948-07-01,1948-11-30,"0,89"
Schalke 04,Willi Schäfer,1947-11-04,1948-06-30,"1,56"
Schalke 04,Ernst Kuzorra,1946-12-01,1947-09-30,"1,00"
Schalke 04,Otto Faist,1938-10-26,1942-06-30,"2,43"
Schalke 04,Hans Schmidt,1933-07-01,1938-07-31,"2,38"
Schalke 04,Kurt Otto,1932-07-20,1933-06-30,"2,25"
Schalke 04,Hans Sauerwein,1931-08-01,1932-06-30,"2,00"
Schalke 04,Kurt Otto,1929-08-11,1930-06-30,"1,50"
Schalke 04,Gustav Wieser,1928-05-25,1929-06-30,"1,00"
Schalke 04,Heinz Ludewig,1925-04-03,1927-06-30,"0,00"
Sevilla,Luis García,2026-03-24,2026-05-03,"0,75"
Sevilla,Matías Almeyda,2025-07-01,2026-03-23,"1,16"
Sevilla,Joaquín Caparrós,2025-04-13,2025-06-30,"0,71"
Sevilla,Xavier García Pimienta,2024-07-01,2025-04-13,"1,24"
Sevilla,Quique Sánchez Flores,2023-12-18,2024-06-30,"1,36"
Sevilla,Diego Alonso,2023-10-10,2023-12-16,"0,79"
Sevilla,José Luis Mendilibar,2023-03-21,2023-10-08,"1,50"
Sevilla,Jorge Sampaoli,2022-10-06,2023-03-20,"1,45"
Sevilla,Julen Lopetegui,2019-07-01,2022-10-06,"1,85"
Sevilla,Joaquín Caparrós,2019-03-15,2019-06-30,"1,73"
Sevilla,Pablo Machín,2018-07-01,2019-03-15,"1,74"
Sevilla,Joaquín Caparrós,2018-04-29,2018-06-30,"2,50"
Sevilla,Vincenzo Montella,2017-12-30,2018-04-28,"1,43"
Sevilla,Eduardo Berizzo,2017-07-01,2017-12-22,"1,78"
Sevilla,Jorge Sampaoli,2016-07-01,2017-05-31,"1,75"
Sevilla,Unai Emery,2013-01-14,2016-06-30,"1,78"
Sevilla,Míchel,2012-02-07,2013-01-14,"1,45"
Sevilla,Marcelino,2011-06-07,2012-02-06,"1,33"
Sevilla,Gregorio Manzano,2010-09-27,2011-05-25,"1,65"
Sevilla,Antonio Álvarez,2010-03-25,2010-09-26,"1,52"
Sevilla,Manolo Jiménez,2007-10-27,2010-03-23,"1,77"
Sevilla,Juande Ramos,2005-07-01,2007-10-25,"1,98"
Sevilla,Joaquín Caparrós,2000-07-01,2005-06-30,"1,57"
Sevilla,Juan Carlos Álvarez,2000-03-07,2000-06-30,"0,45"
Sevilla,Marcos Alonso,1999-01-04,2000-03-06,"1,32"
Sevilla,Fernando Castro,1998-01-18,1999-01-04,"1,58"
Sevilla,Juan Carlos Álvarez,1997-12-22,1998-01-18,"1,33"
Sevilla,Vicente Miera,1997-10-06,1997-12-22,"1,21"
Sevilla,Julián Rubio,1997-02-24,1997-10-06,"1,39"
Sevilla,Carlos Bilardo,1997-02-10,1997-02-24,"1,00"
Sevilla,José Antonio Camacho,1996-07-01,1997-02-03,"1,00"
Sevilla,Víctor Espárrago,1996-01-25,1996-06-30,"1,24"
Sevilla,Juan Carlos Álvarez,1995-10-15,1996-01-25,"1,00"
Sevilla,Toni,1995-07-01,1995-10-15,"1,00"
Sevilla,Luis Aragonés,1993-07-01,1995-06-30,"1,55"
Sevilla,Carlos Bilardo,1992-07-01,1993-06-30,"1,58"
Sevilla,Víctor Espárrago,1991-07-01,1992-06-30,"1,19"
Sevilla,Vicente Cantatore,1989-07-01,1991-06-30,"1,50"
Sevilla,Roque Olsen,1989-03-13,1989-06-30,"1,54"
Sevilla,Xabier Azkargorta,1987-07-01,1989-02-02,"1,32"
Sevilla,Jock Wallace Jr.,1986-07-01,1987-06-30,"1,20"
Sevilla,Manolo Cardo,1981-12-08,1986-06-30,"1,45"
Sevilla,Miguel Muñoz,1979-07-01,1981-12-06,"1,42"
Sevilla,Carriega,1976-07-01,1979-06-30,"1,39"
Sevilla,Roque Olsen,1974-07-01,1976-06-30,"1,30"
Sevilla,Enrique Buqué,1974-05-09,1974-06-30,-
Sevilla,Santos Bedoya,1973-12-18,1974-05-06,-
Sevilla,Ernst Happel,1973-08-01,1973-12-17,-
Sevilla,Salvador Artigas,1973-02-11,1973-05-27,"3,00"
Sevilla,Juan Arza,1972-07-01,1973-02-05,"1,00"
Sevilla,Vic Buckingham,1972-07-01,1972-09-30,-
Sevilla,Vic Buckingham,1972-03-05,1972-05-14,"0,90"
Sevilla,Fernando Guillamón,1972-03-01,1972-03-06,"0,00"
Sevilla,Dan Georgiadis,1971-09-05,1972-02-27,"1,17"
Sevilla,Max Merkel,1969-07-01,1971-06-30,"1,52"
Sevilla,Juan Arza,1968-02-01,1969-06-30,"0,93"
Sevilla,Antonio Barrios,1967-07-01,1968-01-29,"0,72"
Sevilla,Juan Arza,1967-04-20,1967-06-30,"3,00"
Sevilla,Sabino Barinaga,1966-07-01,1967-01-01,"0,94"
Sevilla,Juan Arza,1966-03-01,1966-06-30,"2,00"
Sevilla,Ignacio Eizaguirre,1965-07-01,1966-02-27,"1,04"
Sevilla,Ferdinand Daucik,1964-07-01,1965-06-30,"1,23"
Sevilla,Otto Bumbel,1963-07-01,1964-06-30,"1,22"
Sevilla,José María Busto,1963-04-07,1963-06-30,"2,00"
Sevilla,Antonio Barrios,1961-03-11,1963-04-01,"1,33"
Sevilla,Diego Villalonga,1961-03-01,1961-03-10,"1,00"
Sevilla,Lluís Miró,1959-07-01,1961-03-01,"1,48"
Sevilla,Guillermo Campanal,1959-05-01,1959-06-30,"1,50"
Sevilla,Juan Antonio Ipiña,1958-11-06,1959-06-30,"1,55"
Sevilla,Jenő Kalmár,1958-07-01,1958-10-31,"0,57"
Sevilla,Diego Villalonga,1958-01-01,1958-06-30,"1,41"
Sevilla,Satur Grech,1957-07-01,1957-12-31,"0,95"
Sevilla,Helenio Herrera,1953-07-15,1957-06-30,"1,69"
Sevilla,Guillermo Campanal,1949-07-01,1953-06-30,"1,58"
Sevilla,Patricio Caicedo,1947-07-01,1949-06-30,"1,47"
Sevilla,Ramón Encinas,1945-07-01,1947-06-30,"1,74"
Sevilla,Patrick O'Connell,1942-07-01,1945-06-30,"1,60"
Sevilla,Pepe Brand,1942-03-23,1942-06-30,"0,50"
Sevilla,Victoriano Santos,1941-07-01,1942-03-22,"1,52"
Sevilla,Pepe Brand,1939-05-01,1941-06-30,"1,77"
Sevilla,Ramón Encinas,1933-07-01,1936-06-30,"1,37"
Sevilla,José Quirante,1931-07-01,1932-06-30,"1,50"
Sevilla,Lippo Hertzka,1928-07-01,1930-03-31,"0,71"
Sevilla,Charlie O'Hagan,1923-07-01,1924-06-30,-
Sheffield United,Chris Wilder,2025-09-15,2026-05-03,"1,43"
Sheffield United,Rubén Sellés,2025-07-01,2025-09-14,"0,00"
Sheffield United,Chris Wilder,2023-12-05,2025-06-18,"1,47"
Sheffield United,Paul Heckingbottom,2021-11-25,2023-12-05,"1,65"
Sheffield United,Slavisa Jokanovic,2021-07-01,2021-11-25,"1,32"
Sheffield United,Paul Heckingbottom,2021-03-13,2021-06-30,"0,82"
Sheffield United,Chris Wilder,2016-05-12,2021-03-12,"1,59"
Sheffield United,Nigel Adkins,2015-06-02,2016-05-12,"1,50"
Sheffield United,Nigel Clough,2013-10-23,2015-05-25,"1,72"
Sheffield United,Chris Morgan,2013-10-11,2013-10-23,"1,33"
Sheffield United,David Weir,2013-06-10,2013-10-11,"0,62"
Sheffield United,Chris Morgan,2013-04-10,2013-06-09,"1,14"
Sheffield United,Danny Wilson,2011-05-27,2013-04-10,"1,83"
Sheffield United,Micky Adams,2010-12-30,2011-05-10,"0,71"
Sheffield United,John Carver,2010-12-14,2010-12-30,"1,00"
Sheffield United,Gary Speed,2010-08-17,2010-12-14,"1,17"
Sheffield United,Kevin Blackwell,2008-02-15,2010-08-14,"1,56"
Sheffield United,Bryan Robson,2007-05-22,2008-02-14,"1,42"
Sheffield United,Neil Warnock,1999-12-02,2007-05-15,"1,54"
Sheffield United,Russell Slade,1999-11-23,1999-12-01,"1,00"
Sheffield United,Adrian Heath,1999-07-01,1999-11-22,"1,18"
Sheffield United,Steve Bruce,1998-07-02,1999-05-17,"1,50"
Sheffield United,Steve Thompson,1998-03-10,1998-07-02,"1,36"
Sheffield United,Russell Slade,1998-03-03,1998-03-09,"0,00"
Sheffield United,Nigel Spackman,1997-07-01,1998-03-02,"1,79"
Sheffield United,Howard Kendall,1995-12-12,1997-06-27,"1,59"
Sheffield United,Dave Bassett,1988-01-21,1995-12-12,"1,22"
Sheffield United,Billy McEwan,1986-03-27,1988-01-02,"1,83"
Sheffield United,Ian Porterfield,1981-07-01,1986-03-27,"1,23"
Sheffield United,Harry Haslam,1978-01-23,1981-05-31,"1,25"
Sheffield United,Jimmy Sirrel,1975-10-21,1977-09-27,"0,80"
Sheffield United,Ken Furphy,1973-12-09,1975-10-06,"1,29"
Sheffield United,John Harris,1969-07-01,1973-11-25,"1,42"
Sheffield United,Arthur Rowley,1968-07-11,1969-08-06,"1,40"
Sheffield United,John Harris,1959-04-20,1968-06-30,"1,33"
Sheffield United,Joe Mercer,1955-08-01,1958-11-30,"1,09"
Sheffield United,Reg Freeman,1952-08-01,1955-08-04,"1,26"
Sheffield United,David Steele,1934-07-01,1936-06-30,"3,00"
Sheffield United,Teddy Davison,1932-06-01,1952-08-01,"1,29"
Sheffield United,John Nicholson,1889-07-01,1932-04-01,"1,39"
Southampton,Tonda Eckert,2025-12-05,2026-05-03,"2,06"
Southampton,Tonda Eckert,2025-11-03,2025-12-04,"2,40"
Southampton,Will Still,2025-07-01,2025-11-02,"1,13"
Southampton,Simon Rusk,2025-04-07,2025-05-31,"0,29"
Southampton,Ivan Juric,2024-12-23,2025-04-07,"0,44"
Southampton,Simon Rusk,2024-12-15,2024-12-22,"0,50"
Southampton,Russell Martin,2023-07-01,2024-12-15,"1,58"
Southampton,Rubén Sellés,2023-02-24,2023-06-30,"0,44"
Southampton,Rubén Sellés,2023-02-13,2023-02-23,"3,00"
Southampton,Nathan Jones,2022-11-10,2023-02-12,"1,07"
Southampton,Rubén Sellés,2022-11-08,2022-11-09,"3,00"
Southampton,Ralph Hasenhüttl,2018-12-06,2022-11-07,"1,26"
Southampton,Kelvin Davis,2018-12-03,2018-12-05,"0,00"
Southampton,Mark Hughes,2018-03-14,2018-12-03,"0,96"
Southampton,Mauricio Pellegrino,2017-07-01,2018-03-12,"1,09"
Southampton,Claude Puel,2016-07-01,2017-06-14,"1,38"
Southampton,Ronald Koeman,2014-07-01,2016-06-30,"1,64"
Southampton,Mauricio Pochettino,2013-01-18,2014-06-30,"1,45"
Southampton,Nigel Adkins,2010-09-13,2013-01-18,"1,82"
Southampton,Dean Wilkins,2010-08-31,2010-09-12,"0,00"
Southampton,Alan Pardew,2009-07-01,2010-08-30,"1,92"
Southampton,Mark Wotte,2009-01-24,2009-06-30,"1,06"
Southampton,Jan Poortvliet,2008-07-01,2009-01-23,"1,00"
Southampton,Nigel Pearson,2008-02-18,2008-05-29,"1,14"
Southampton,John Gorman,2008-01-24,2008-02-18,"0,67"
Southampton,Jason Dodd,2008-01-22,2008-02-17,-
Southampton,George Burley,2005-12-23,2008-01-23,"1,55"
Southampton,Dennis Wise,2005-12-02,2005-12-23,-
Southampton,Dave Bassett,2005-12-02,2005-12-23,-
Southampton,Harry Redknapp,2004-12-08,2005-12-03,"1,19"
Southampton,Steve Wigley,2004-08-18,2004-12-08,"0,88"
Southampton,Paul Sturrock,2004-03-04,2004-08-23,"1,31"
Southampton,Gordon Strachan,2001-10-01,2004-02-13,"1,35"
Southampton,Stuart Gray,2001-03-30,2001-10-21,"1,00"
Southampton,Glenn Hoddle,2000-01-01,2001-03-28,"1,47"
Southampton,Dave Jones,1997-06-23,2000-01-27,"1,17"
Southampton,Graeme Souness,1996-07-03,1997-06-01,"1,19"
Southampton,Dave Merrington,1995-07-14,1996-06-14,"1,21"
Southampton,Lawrie McMenemy,1995-07-02,1995-07-14,-
Southampton,Alan Ball,1994-01-20,1995-06-30,"1,34"
Southampton,John Mortimore,1994-01-11,1994-01-19,"1,50"
Southampton,Ian Branfoot,1991-06-11,1994-01-10,"1,17"
Southampton,Chris Nicholl,1985-07-12,1991-05-22,"1,27"
Southampton,Lawrie McMenemy,1973-11-18,1985-06-01,"1,49"
Southampton,Ted Bates,1955-09-01,1973-12-31,"1,21"
Southampton,George Roughton,1952-03-01,1955-09-01,"1,00"
Southampton,Bill Dodgin Sr.,1946-07-01,1949-06-30,"1,67"
Southampton,George Kay,1931-06-01,1936-06-15,"1,00"
Southampton,James McIntyre,1919-07-01,1924-06-30,"2,00"
Southampton,Ernest Arnfield,1912-08-01,1919-05-31,-
Southampton,Ernest Arnfield,1897-08-01,1911-05-31,"1,17"
Spezia,Luca D'Angelo,2026-03-23,2026-05-03,"0,80"
Spezia,Roberto Donadoni,2025-11-04,2026-03-23,"1,10"
Spezia,Luca D'Angelo,2023-11-15,2025-11-04,"1,44"
Spezia,Massimiliano Alvini,2023-07-06,2023-11-15,"0,87"
Spezia,Leonardo Semplici,2023-02-23,2023-06-30,"0,75"
Spezia,Fabrizio Lorieri,2023-02-16,2023-02-22,"0,00"
Spezia,Luca Gotti,2022-07-01,2023-02-15,"1,00"
Spezia,Thiago Motta,2021-07-08,2022-06-30,"0,98"
Spezia,Vincenzo Italiano,2019-07-01,2021-06-30,"1,37"
Spezia,Pasquale Marino,2018-06-20,2019-05-30,"1,38"
Spezia,Fabio Gallo,2017-06-14,2018-06-30,"1,27"
Spezia,Domenico Di Carlo,2015-11-23,2017-06-30,"1,57"
Spezia,Nenad Bjelica,2014-07-01,2015-11-22,"1,52"
Spezia,Devis Mangia,2013-12-16,2014-06-23,"1,46"
Spezia,Giovanni Stroppa,2013-07-01,2013-12-14,"1,57"
Spezia,Luigi Cagni,2013-02-23,2013-06-30,"1,27"
Spezia,Gianluca Atzori,2013-01-05,2013-02-23,"0,80"
Spezia,Michele Serena,2011-10-05,2013-01-04,"1,76"
Spezia,Elio Gustinetti,2011-06-20,2011-10-04,"1,00"
Spezia,Salvo Fulvio D'Adderio,2011-03-15,2011-05-23,"1,75"
Spezia,Alessandro Pane,2010-09-20,2011-03-15,"1,38"
Spezia,Salvo Fulvio D'Adderio,2009-10-15,2010-09-20,"1,74"
Spezia,Attilio Lombardo,2009-07-01,2009-10-15,"1,44"
Spezia,Marco Rossi,2008-07-01,2009-06-30,-
Spezia,Antonio Soda,2005-07-08,2008-06-30,"1,19"
Spezia,Loris Dominissini,2005-02-15,2005-06-30,"1,29"
Spezia,Marco Alessandrini,2003-12-27,2005-02-14,"1,63"
Spezia,Paolo Stringara,2003-07-13,2003-12-27,"1,25"
Spezia,Walter Nicoletti,2003-01-27,2003-06-30,"1,62"
Spezia,Roberto Bosco,2003-01-24,2003-01-27,"3,00"
Spezia,Antonio Sassarini,2002-09-07,2003-06-30,"1,00"
Spezia,Stefano Cuoghi,2002-09-02,2003-01-19,"1,21"
Spezia,Fabio Brini,2002-07-01,2002-09-07,"0,00"
Spezia,Andrea Mandorlini,1999-07-01,2002-06-05,"1,91"
Spezia,Luciano Filippi,1997-07-01,1999-06-30,"1,53"
Spezia,Antonio Sassarini,1997-04-25,1997-06-30,"0,75"
Spezia,Gian Piero Ghio,1997-02-03,1997-04-21,"0,60"
Spezia,Roberto Galbiati,1996-07-01,1997-06-30,"0,62"
Spezia,Sergio Carpanesi,1995-11-21,1996-10-07,"1,03"
Spezia,Fabrizio Gorin,1995-09-26,1995-11-20,"1,00"
Spezia,Claudio Onofri,1994-04-25,1995-09-25,"1,24"
Spezia,Francesco Paolo Specchia,1993-07-01,1994-06-30,"0,83"
Spezia,Adriano Cadregari,1993-07-01,1994-01-17,"0,94"
Spezia,Claudio Onofri,1992-07-01,1993-06-30,"1,09"
Spezia,Giuseppe Savoldi,1991-07-01,1992-06-30,"3,00"
Spezia,Ferruccio Mazzola,1990-07-01,1992-06-30,"1,14"
Spezia,Sergio Carpanesi,1987-07-01,1990-06-30,"1,38"
Spezia,Gian Piero Ventura,1986-07-01,1986-12-08,"0,75"
Spezia,Sergio Carpanesi,1985-07-01,1986-06-30,"1,65"
Spezia,Ezio Primo Galbiati,1983-07-01,1985-06-30,"1,05"
Spezia,Evaristo Malavasi,1982-07-01,1983-11-18,-
Spezia,Osvaldo Motto,1982-07-01,1983-06-30,"1,06"
Spezia,Enzo Robotti,1980-12-22,1982-03-17,"1,30"
Spezia,Roberto Mazzanti,1979-07-01,1981-06-30,"1,43"
Spezia,Francesco Scoglio,1977-07-01,1978-06-30,"1,42"
Spezia,Nedo Sonetti,1976-07-01,1979-03-12,"1,19"
Spezia,Giuseppe Corradi,1973-07-01,1976-06-30,"1,23"
Spezia,Gianni Corelli,1971-07-01,1973-06-30,"1,13"
Spezia,Feliciano Orazi,1970-07-01,1971-06-30,"1,26"
Spezia,Evaristo Malavasi,1969-07-01,1970-06-30,"1,29"
Spezia,Libero Salvetti,1968-12-23,1969-06-30,"1,16"
Spezia,Adriano Zecca,1968-07-01,1968-12-22,-
Spezia,Evaristo Malavasi,1966-07-01,1968-06-30,"1,73"
Spezia,Franco Grillone,1963-07-01,1964-06-30,-
Spezia,Sergio Bertoni,1950-07-01,1951-06-30,"1,25"
Spezia,Luigi Scarabello,1949-07-01,1950-06-30,"1,67"
Spezia,Alberto Macchi,1948-07-01,1949-06-30,"1,20"
Spezia,Ottavio Barbieri,1946-07-01,1948-06-30,"1,61"
Spezia,Ottavio Barbieri,1942-12-14,1943-06-30,"1,27"
Spezia,Giuseppe Rossetti,1942-07-01,1942-12-13,"2,22"
Spezia,Italo Zamberletti,1942-01-26,1942-06-30,"1,67"
Spezia,Cesare Cassanelli,1940-07-01,1942-01-26,"1,29"
Spezia,János Nehadoma,1939-07-01,1940-11-11,"3,00"
Spezia,Giuseppe Viola,1939-03-06,1939-06-30,-
Spezia,Gino Rossetti,1938-07-01,1939-06-30,-
Spezia,Vilmos Wilhelm,1931-07-01,1935-06-30,-
Spezia,Falcone,1924-07-01,1925-06-30,"0,73"
Spezia,Giuseppe Viola,1922-07-01,1924-06-30,"1,09"
Spezia,Ferenc Molnár,1921-07-01,1922-06-30,"0,86"
St Pauli,Alexander Blessin,2024-07-01,2026-05-03,"0,97"
St Pauli,Fabian Hürzeler,2022-12-22,2024-06-30,"2,16"
St Pauli,Fabian Hürzeler,2022-12-06,2022-12-21,-
St Pauli,Timo Schultz,2020-07-12,2022-12-06,"1,45"
St Pauli,Jos Luhukay,2019-04-11,2020-06-30,"1,12"
St Pauli,Markus Kauczinski,2017-12-08,2019-04-10,"1,43"
St Pauli,Olaf Janßen,2017-07-01,2017-12-07,"1,18"
St Pauli,Ewald Lienen,2014-12-16,2017-06-30,"1,42"
St Pauli,Thomas Meggle,2014-09-03,2014-12-16,"0,69"
St Pauli,Roland Vrabec,2013-12-21,2014-09-03,"1,20"
St Pauli,Roland Vrabec,2013-11-06,2013-12-20,"2,00"
St Pauli,Michael Frontzeck,2012-10-07,2013-11-06,"1,38"
St Pauli,Thomas Meggle,2012-09-26,2012-10-07,"0,50"
St Pauli,André Schubert,2011-07-01,2012-09-26,"1,65"
St Pauli,Holger Stanislawski,2008-07-01,2011-06-30,"1,36"
St Pauli,Holger Stanislawski,2007-07-06,2008-06-30,-
St Pauli,André Trulsen,2007-07-01,2008-06-30,"1,25"
St Pauli,Holger Stanislawski,2006-11-20,2007-07-06,"2,00"
St Pauli,Andreas Bergmann,2004-03-29,2006-11-20,"1,58"
St Pauli,Franz Gerber,2002-12-29,2004-03-28,"1,17"
St Pauli,Joachim Philipkowski,2002-08-20,2002-12-16,"0,71"
St Pauli,Dietmar Demuth,2000-03-15,2002-08-19,"1,18"
St Pauli,Willi Reimann,1999-02-01,2000-03-14,"1,38"
St Pauli,Gerhard Kleppinger,1997-11-28,1999-01-31,"1,49"
St Pauli,Eckhard Krautzun,1997-07-01,1997-11-27,"1,13"
St Pauli,Klaus-Peter Nemet,1997-04-21,1997-06-30,"0,00"
St Pauli,Ulrich Maslo,1994-07-18,1997-04-20,"1,35"
St Pauli,Seppo Eichkorn,1992-09-23,1994-06-30,"1,51"
St Pauli,Michael Lorkowski,1992-07-01,1992-09-22,"1,06"
St Pauli,Seppo Eichkorn,1992-04-13,1992-06-30,"2,50"
St Pauli,Seppo Eichkorn,1992-03-29,1992-04-12,"0,50"
St Pauli,Horst Wohlers,1991-02-20,1992-03-29,"1,25"
St Pauli,Helmut Schulte,1987-11-11,1991-02-19,"1,25"
St Pauli,Willi Reimann,1986-07-01,1987-11-10,"1,74"
St Pauli,Michael Lorkowski,1982-03-21,1986-06-30,"1,83"
St Pauli,Kuno Böge,1979-10-16,1982-03-20,"1,79"
St Pauli,Sepp Piontek,1978-07-01,1979-06-30,"1,51"
St Pauli,Diethelm Ferner,1976-07-01,1978-06-30,"1,29"
St Pauli,Jockel Krause,1974-07-01,1976-06-30,"1,54"
St Pauli,Karl Heinz Mülhausen,1972-07-01,1974-06-30,"1,92"
St Pauli,Edgar Preuß,1971-07-01,1972-06-30,"1,18"
St Pauli,Erwin Türk,1968-07-01,1971-06-30,"1,81"
St Pauli,Heinz Hempel,1967-07-01,1968-06-30,"1,97"
St Pauli,Jockel Krause,1965-07-01,1967-06-30,"1,90"
St Pauli,Otto Coors,1964-07-01,1965-06-30,"1,85"
St Pauli,Otto Westphal,1963-07-01,1964-06-30,"1,88"
St Pauli,Heinz Hempel,1952-10-01,1963-06-30,"1,51"
St Pauli,Hans Appel,1952-07-01,1952-09-30,-
St Pauli,Walter Risse,1950-07-01,1952-06-30,"1,75"
St Pauli,Fred Harthaus,1948-07-01,1950-04-30,"1,90"
St Pauli,Woldemar Gerschler,1948-01-01,1948-06-30,"2,06"
St Pauli,Hans Sauerwein,1945-07-01,1947-12-31,"2,55"
St Pauli,Josef Müller,1937-07-01,1938-06-30,"0,00"
Strasbourg,Gary O'Neil,2026-01-07,2026-05-03,"1,65"
Strasbourg,Liam Rosenior,2024-07-25,2026-01-07,"1,75"
Strasbourg,Patrick Vieira,2023-07-02,2024-07-18,"1,26"
Strasbourg,Frédéric Antonetti,2023-02-13,2023-06-30,"1,47"
Strasbourg,Mathieu Le Scornet,2023-01-09,2023-02-13,"1,17"
Strasbourg,Julien Stéphan,2021-05-28,2023-01-09,"1,33"
Strasbourg,Thierry Laurey,2016-07-01,2021-05-24,"1,41"
Strasbourg,Jacky Duguépéroux,2014-03-29,2016-06-30,"1,81"
Strasbourg,François Keller,2011-07-01,2014-03-29,"1,53"
Strasbourg,Laurent Fournier,2010-06-09,2011-06-07,"1,96"
Strasbourg,Pascal Janin,2009-08-13,2010-06-08,"1,11"
Strasbourg,Gilbert Gress,2009-07-01,2009-08-12,"0,00"
Strasbourg,Jean-Marc Furlan,2007-07-01,2009-06-30,"1,29"
Strasbourg,Jean-Pierre Papin,2006-07-01,2007-06-30,"1,86"
Strasbourg,Fred Lipka,2005-07-01,2008-06-30,"1,25"
Strasbourg,Jacky Duguépéroux,2004-10-05,2006-06-30,"1,28"
Strasbourg,Antoine Kombouaré,2003-07-01,2004-10-03,"0,96"
Strasbourg,Ivan Hasek,2001-07-01,2003-06-30,"1,48"
Strasbourg,Yvon Pouliquen,2000-11-27,2001-06-30,"1,39"
Strasbourg,Claude Le Roy,1999-11-01,2000-11-26,"1,33"
Strasbourg,Pierre Mankowski,1998-07-15,1999-10-31,"1,14"
Strasbourg,René Girard,1998-01-01,1998-06-30,"0,93"
Strasbourg,Jacky Duguépéroux,1995-03-28,1997-12-31,"1,57"
Strasbourg,Daniel Jeandupeux,1994-07-01,1995-06-30,"1,49"
Strasbourg,Gilbert Gress,1991-07-01,1994-06-30,"1,49"
Strasbourg,Léonard Specht,1989-07-01,1991-06-30,"1,81"
Strasbourg,Gérard Banide,1988-10-01,1989-08-01,"1,11"
Strasbourg,Henryk Kasperczak,1987-07-01,1988-09-30,"1,74"
Strasbourg,Robert Herbin,1986-09-01,1987-06-30,"1,73"
Strasbourg,Didier Six,1986-07-01,1986-12-31,"1,00"
Strasbourg,Francis Piasecki,1985-12-01,1986-09-01,"1,29"
Strasbourg,Jean-Noël Huck,1985-03-01,1985-12-01,"0,97"
Strasbourg,Jürgen Sundermann,1983-07-01,1985-03-06,"1,24"
Strasbourg,Roger Lemerre,1981-12-01,1983-06-30,"1,20"
Strasbourg,Raymond Hild,1980-09-01,1981-12-01,"1,48"
Strasbourg,Gilbert Gress,1977-07-01,1980-09-24,"1,75"
Strasbourg,Alexander Schwartz,1976-11-01,1977-06-30,"2,22"
Strasbourg,Paul Frantz,1975-11-01,1976-06-30,"0,96"
Strasbourg,Hennie Hollink,1974-07-01,1975-11-01,"1,47"
Strasbourg,Robert Domergue,1973-11-01,1974-06-30,"1,43"
Strasbourg,Casimir Novotarski,1971-07-01,1973-10-31,"1,58"
Strasbourg,Paul Frantz,1971-04-28,1971-06-30,"1,67"
Strasbourg,Jenö Csaknády,1971-01-31,1971-04-27,"0,79"
Strasbourg,Paco Mateo,1970-10-06,1971-01-31,"1,44"
Strasbourg,Paul Frantz,1968-03-01,1970-10-06,"1,30"
Strasbourg,René Hauss,1967-05-01,1968-03-01,"1,18"
Strasbourg,Walter Presch,1966-07-01,1967-06-30,"1,54"
Strasbourg,Paul Frantz,1964-07-01,1967-06-30,"1,48"
Strasbourg,Robert Jonquet,1961-12-01,1964-06-30,"1,31"
Strasbourg,Émile Veinante,1960-07-01,1961-12-01,"1,47"
Strasbourg,Josef Humpal,1958-07-01,1960-06-30,"1,17"
Strasbourg,Jean Avellaneda,1956-07-01,1957-06-30,"1,13"
Strasbourg,Albert Feyermuth,1956-04-10,1956-06-30,"1,50"
Strasbourg,Oscar Heisserer,1955-07-01,1956-04-03,"1,18"
Strasbourg,Josef Humpal,1952-07-01,1955-06-30,"1,63"
Strasbourg,Secundo Pascual,1952-04-15,1952-06-30,"0,25"
Strasbourg,Charles Nicolas,1949-07-01,1952-06-30,"1,22"
Strasbourg,Émile Veinante,1948-07-01,1949-06-30,"1,06"
Strasbourg,Kaj Andrup,1947-07-01,1948-06-30,"1,29"
Strasbourg,Émile Veinante,1945-07-01,1947-06-30,"2,06"
Strasbourg,Karl Rumbold,1938-07-01,1940-06-30,"1,14"
Strasbourg,Josef Blum,1935-07-01,1938-06-30,"1,68"
Strasbourg,Fritz Kerr,1934-07-01,1935-06-30,"2,27"
Strasbourg,Robert Fischer,1933-07-01,1934-06-30,"1,50"
Sunderland,Régis Le Bris,2024-07-01,2026-05-03,"1,51"
Sunderland,Mike Dodds,2024-02-19,2024-06-30,"0,69"
Sunderland,Michael Beale,2023-12-18,2024-02-19,"1,17"
Sunderland,Mike Dodds,2023-12-04,2023-12-18,"2,00"
Sunderland,Tony Mowbray,2022-08-30,2023-12-04,"1,46"
Sunderland,Alex Neil,2022-02-11,2022-08-27,"1,88"
Sunderland,Mike Dodds,2022-02-02,2022-02-10,"0,00"
Sunderland,Lee Johnson,2020-12-05,2022-01-30,"1,83"
Sunderland,Andrew Taylor,2020-11-30,2020-12-04,"1,00"
Sunderland,Phil Parkinson,2019-10-17,2020-11-29,"1,46"
Sunderland,James Fowler,2019-10-09,2019-10-16,-
Sunderland,Jack Ross,2018-05-25,2019-10-08,"1,91"
Sunderland,Chris Coleman,2017-11-19,2018-04-29,"0,79"
Sunderland,Billy McKinlay,2017-11-02,2017-11-12,-
Sunderland,Robbie Stockdale,2017-11-02,2017-11-19,"0,50"
Sunderland,Simon Grayson,2017-07-01,2017-11-01,"0,89"
Sunderland,David Moyes,2016-07-23,2017-05-22,"0,72"
Sunderland,Sam Allardyce,2015-10-09,2016-07-21,"1,16"
Sunderland,Dick Advocaat,2015-03-17,2015-10-04,"0,95"
Sunderland,Gustavo Poyet,2013-10-08,2015-03-16,"1,23"
Sunderland,Kevin Ball,2013-09-23,2013-10-07,"1,00"
Sunderland,Paolo Di Canio,2013-03-31,2013-09-22,"0,92"
Sunderland,Martin O'Neill,2011-12-05,2013-03-30,"1,26"
Sunderland,Eric Black,2011-12-01,2011-12-04,"0,00"
Sunderland,Steve Bruce,2009-07-01,2011-11-30,"1,16"
Sunderland,Ricky Sbragia,2008-12-04,2009-05-24,"0,96"
Sunderland,Roy Keane,2006-09-01,2008-12-04,"1,45"
Sunderland,Niall Quinn,2006-07-01,2006-08-31,"0,50"
Sunderland,Kevin Ball,2006-03-06,2006-05-08,"0,50"
Sunderland,Mick McCarthy,2003-03-12,2006-03-06,"1,43"
Sunderland,Howard Wilkinson,2002-10-10,2003-03-10,"0,85"
Sunderland,Peter Reid,1995-03-29,2002-10-07,"1,57"
Sunderland,Mick Buxton,1993-11-26,1995-03-29,"0,33"
Sunderland,Terry Butcher,1993-02-05,1993-11-26,"0,25"
Sunderland,Malcolm Crosby,1991-12-30,1993-02-01,"1,08"
Sunderland,Denis Smith,1987-07-01,1991-12-30,"1,04"
Sunderland,Bob Stokoe,1987-04-17,1987-05-18,-
Sunderland,Lawrie McMenemy,1985-06-08,1987-04-16,"1,10"
Sunderland,Len Ashurst,1984-03-04,1985-05-23,"1,14"
Sunderland,Alan Durban,1981-06-01,1984-03-02,"1,14"
Sunderland,Mick Docherty,1981-04-14,1981-05-31,"1,50"
Sunderland,Billy Elliott,1978-12-13,1979-05-24,"1,78"
Sunderland,Jimmy Adamson,1976-11-30,1978-10-25,"1,33"
Sunderland,Ian MacFarlane,1976-10-17,1976-11-29,"1,00"
Sunderland,Ken Knighton,1979-06-07,1981-04-13,"1,40"
Sunderland,Bob Stokoe,1972-11-29,1976-10-16,"1,51"
Sunderland,Billy Elliott,1972-11-01,1972-11-23,-
Sunderland,Alan Brown,1968-02-09,1972-11-01,"1,00"
Sunderland,Ian McColl,1965-08-01,1968-02-08,"1,16"
Sunderland,Alan Brown,1957-08-01,1964-06-30,"1,63"
Sunderland,Bill Murray,1939-03-24,1957-06-26,"1,34"
Sunderland,John Cochrane,1928-05-21,1939-03-03,"1,49"
Sunderland,Bob Kyle,1905-08-01,1928-05-05,"1,56"
Sunderland,Alex Mackie,1899-08-01,1905-04-30,"1,77"
Sunderland,Tom Watson,1888-07-01,1896-06-30,"2,00"
Torino,Roberto D'Aversa,2026-02-23,2026-05-03,"1,56"
Torino,Marco Baroni,2025-07-01,2026-02-23,"1,20"
Torino,Paolo Vanoli,2024-07-01,2025-06-05,"1,18"
Torino,Ivan Juric,2021-07-01,2024-06-30,"1,40"
Torino,Davide Nicola,2021-01-19,2021-05-28,"1,20"
Torino,Marco Giampaolo,2020-08-07,2021-01-18,"0,90"
Torino,Moreno Longo,2020-02-04,2020-08-07,"0,81"
Torino,Walter Mazzarri,2018-01-04,2020-02-04,"1,53"
Torino,Sinisa Mihajlovic,2016-05-25,2018-01-04,"1,45"
Torino,Gian Piero Ventura,2011-06-06,2016-06-25,"1,47"
Torino,Franco Lerda,2011-03-20,2011-06-06,"1,70"
Torino,Giuseppe Papadopulo,2011-03-09,2011-03-20,"0,00"
Torino,Franco Lerda,2010-06-17,2011-03-09,"1,38"
Torino,Stefano Colantuono,2010-01-10,2010-06-13,"1,84"
Torino,Mario Beretta,2009-11-29,2010-01-10,"0,80"
Torino,Stefano Colantuono,2009-06-15,2009-11-29,"1,44"
Torino,Giancarlo Camolese,2009-03-24,2009-06-01,"1,11"
Torino,Walter Novellino,2008-12-08,2009-03-24,"0,94"
Torino,Giovanni De Biasi,2008-04-16,2008-12-08,"1,09"
Torino,Walter Novellino,2007-07-01,2008-04-15,"1,11"
Torino,Giovanni De Biasi,2007-02-26,2007-06-30,"1,29"
Torino,Alberto Zaccheroni,2006-09-07,2007-02-26,"0,92"
Torino,Giovanni De Biasi,2005-09-01,2006-09-07,"1,79"
Torino,Paolo Stringara,2005-08-13,2005-09-01,-
Torino,Daniele Arrigoni,2005-07-01,2005-08-10,-
Torino,Renato Zaccarelli,2005-06-01,2005-06-30,"2,50"
Torino,Ezio Rossi,2003-07-01,2005-05-31,"1,52"
Torino,Giacomo Ferri,2003-04-06,2003-06-30,"0,33"
Torino,Renato Zaccarelli,2003-02-25,2003-04-06,"1,20"
Torino,Renzo Ulivieri,2002-10-26,2003-02-24,"0,63"
Torino,Renato Zaccarelli,2002-10-25,2002-10-28,"0,00"
Torino,Giancarlo Camolese,2000-10-30,2002-10-25,"1,56"
Torino,Luigi Simoni,2000-07-01,2000-10-30,"1,53"
Torino,Emiliano Mondonico,1998-07-01,2000-06-30,"1,42"
Torino,Edoardo Reja,1997-10-07,1998-06-30,"1,67"
Torino,Graeme Souness,1997-07-05,1997-10-07,"1,44"
Torino,Giancarlo Camolese,1997-07-01,1997-10-07,"0,00"
Torino,Lido Vieri,1997-04-09,1997-06-30,"0,90"
Torino,Mauro Sandreani,1996-07-01,1997-04-07,"1,47"
Torino,Lido Vieri,1996-03-26,1996-06-30,"0,50"
Torino,Francesco Scoglio,1995-12-09,1996-03-25,"1,07"
Torino,Nedo Sonetti,1994-10-02,1995-12-09,"1,16"
Torino,Lido Vieri,1994-09-18,1994-09-25,"3,00"
Torino,Rosario Rampanti,1994-07-01,1994-09-18,"1,50"
Torino,Emiliano Mondonico,1990-07-01,1994-06-30,"1,53"
Torino,Eugenio Fascetti,1989-07-01,1990-06-30,"1,85"
Torino,Sergio Vatta,1989-05-23,1989-06-30,"1,40"
Torino,Claudio Sala,1988-12-13,1989-05-22,"0,95"
Torino,Luigi Radice,1984-07-01,1988-12-12,"1,50"
Torino,Eugenio Bersellini,1982-07-01,1984-06-30,"1,50"
Torino,Massimo Giacomini,1981-07-01,1982-06-30,"1,25"
Torino,Romano Cazzaniga,1981-03-02,1981-06-30,"0,88"
Torino,Ercole Rabitti,1980-02-05,1981-03-01,"1,65"
Torino,Luigi Radice,1975-07-01,1980-02-04,"1,82"
Torino,Edmondo Fabbri,1974-03-04,1975-06-30,"1,68"
Torino,Gustavo Giagnoni,1971-07-01,1974-03-04,"1,54"
Torino,Beniamino Cancian,1971-06-01,1971-06-30,"3,00"
Torino,Giancarlo Cadè,1969-07-01,1971-05-31,"1,41"
Torino,Edmondo Fabbri,1967-07-01,1969-06-30,"1,53"
Torino,Nereo Rocco,1963-07-01,1967-06-30,"1,47"
Torino,Giacinto Ellena,1962-12-31,1963-06-30,"1,54"
Torino,Benjamín Santos,1960-07-01,1963-06-30,"1,26"
Torino,Giacinto Ellena,1960-05-16,1960-06-30,"1,20"
Torino,Imre Senkey,1959-07-01,1960-05-15,"1,86"
Torino,Giacinto Ellena,1959-01-14,1959-06-30,"1,00"
Torino,Quinto Bertoloni,1958-12-26,1959-01-12,"0,00"
Torino,Federico Allasio,1958-07-01,1958-12-23,"1,14"
Torino,Fioravante Baldi,1958-03-03,1958-06-30,"1,67"
Torino,Blagoje Marjanović,1957-02-18,1958-03-03,"1,51"
Torino,Fioravante Baldi,1956-07-01,1957-01-14,"1,07"
Torino,Annibale Frossi,1953-11-30,1956-06-30,"1,36"
Torino,Oberdan Ussello,1953-11-02,1953-11-30,"1,00"
Torino,Luigi Miconi,1953-07-01,1954-06-30,-
Torino,Jesse Carver,1952-12-23,1953-11-01,"1,18"
Torino,Oberdan Ussello,1952-03-31,1952-12-23,"1,16"
Torino,Mario Sperone,1951-07-01,1952-03-31,"1,19"
Torino,Giuseppe Bigogno,1949-07-01,1951-06-30,"1,28"
Torino,Oberdan Ussello,1949-05-04,1949-06-30,"3,00"
Torino,Leslie Lievesley,1948-07-01,1949-05-04,"2,15"
Torino,Ernő Erbstein,1948-07-01,1949-05-04,-
Torino,Mario Sperone,1947-07-01,1948-06-30,"2,35"
Torino,Luigi Ferrero,1945-07-01,1947-06-30,"2,36"
Torino,Antonio Janni,1942-12-30,1944-06-30,"2,40"
Torino,András Kuttik,1942-07-01,1942-12-29,"2,07"
Torino,Anton Cargnelli,1940-07-01,1942-06-30,"1,60"
Torino,Angelo Mattea,1940-01-08,1940-06-30,"1,47"
Torino,András Kuttik,1939-07-01,1940-01-08,"1,60"
Torino,Ignác Molnár,1938-12-20,1939-06-30,"1,48"
Torino,Ernő Erbstein,1938-07-01,1938-12-20,"2,18"
Torino,Mario Sperone,1938-01-17,1938-06-30,"1,28"
Torino,Gyula Feldmann,1936-07-01,1938-01-17,"1,73"
Torino,Anton Cargnelli,1934-07-01,1936-06-30,"1,61"
Torino,Eugen Payer,1933-11-12,1934-06-30,"1,20"
Torino,Augusto Rangone,1933-05-22,1933-11-06,"1,00"
Torino,Franz Hansl,1932-07-01,1933-05-21,"1,54"
Torino,Giuseppe Aliberti,1931-07-01,1932-06-30,"1,50"
Torino,Vittorio Morelli di Popoli,1930-07-01,1931-06-30,"1,47"
Torino,Karl Stürmer,1929-11-17,1930-07-06,"1,57"
Torino,Anton Cargnelli,1927-07-01,1929-11-11,"2,11"
Torino,Imre Schoffer,1926-07-01,1927-06-30,"2,17"
Torino,Heinrich Bachmann,1925-01-01,1925-06-30,-
Torino,Peter Farmer,1924-07-01,1925-06-30,"1,50"
Torino,Karl Stürmer,1922-07-01,1924-06-30,"2,00"
Torino,Francesco Mosso,1922-04-08,1922-06-30,"1,00"
Torino,Vittorio Pozzo,1912-07-01,1922-04-03,"1,22"
Tottenham Hotspur,Roberto De Zerbi,2026-03-31,2026-05-03,"1,75"
Tottenham Hotspur,Bruno Saltor,2026-03-29,2026-03-30,-
Tottenham Hotspur,Igor Tudor,2026-02-14,2026-03-29,"0,57"
Tottenham Hotspur,Thomas Frank,2025-07-01,2026-02-11,"1,29"
Tottenham Hotspur,Ange Postecoglou,2023-07-01,2025-06-06,"1,53"
Tottenham Hotspur,Ryan Mason,2023-04-24,2023-06-30,"1,17"
Tottenham Hotspur,Cristian Stellini,2023-03-26,2023-04-24,"1,00"
Tottenham Hotspur,Antonio Conte,2021-11-02,2023-03-26,"1,78"
Tottenham Hotspur,Nuno Espírito Santo,2021-07-01,2021-11-01,"1,65"
Tottenham Hotspur,Ryan Mason,2021-04-20,2021-06-30,"1,71"
Tottenham Hotspur,José Mourinho,2019-11-20,2021-04-19,"1,77"
Tottenham Hotspur,Mauricio Pochettino,2014-07-01,2019-11-19,"1,84"
Tottenham Hotspur,Tim Sherwood,2013-12-23,2014-05-13,"1,65"
Tottenham Hotspur,Tim Sherwood,2013-12-17,2013-12-23,"1,50"
Tottenham Hotspur,André Villas-Boas,2012-07-03,2013-12-16,"1,91"
Tottenham Hotspur,Harry Redknapp,2008-10-26,2012-06-14,"1,73"
Tottenham Hotspur,Juande Ramos,2007-10-26,2008-10-27,"1,35"
Tottenham Hotspur,Martin Jol,2004-11-08,2007-10-25,"1,62"
Tottenham Hotspur,Jacques Santini,2004-08-01,2004-11-06,"1,46"
Tottenham Hotspur,David Pleat,2003-09-21,2004-06-03,"1,38"
Tottenham Hotspur,Glenn Hoddle,2001-04-02,2003-09-20,"1,35"
Tottenham Hotspur,David Pleat,2001-03-16,2001-04-02,"3,00"
Tottenham Hotspur,George Graham,1998-10-01,2001-03-16,"1,46"
Tottenham Hotspur,David Pleat,1998-09-07,1998-10-01,"1,83"
Tottenham Hotspur,Christian Gross,1997-11-24,1998-09-05,"1,27"
Tottenham Hotspur,Gerry Francis,1994-11-15,1997-11-19,"1,43"
Tottenham Hotspur,Steve Perryman,1994-11-01,1994-11-15,"0,00"
Tottenham Hotspur,Osvaldo Ardiles,1993-06-19,1994-11-01,"1,22"
Tottenham Hotspur,Ray Clemence,1992-05-27,1993-06-19,-
Tottenham Hotspur,Doug Livermore,1992-05-27,1993-06-19,"1,57"
Tottenham Hotspur,Peter Shreeves,1991-07-23,1992-05-15,"1,37"
Tottenham Hotspur,Terry Venables,1987-11-28,1991-06-30,"1,49"
Tottenham Hotspur,Trevor Hartley,1987-10-02,1987-11-27,-
Tottenham Hotspur,Doug Livermore,1987-10-02,1987-11-27,"0,56"
Tottenham Hotspur,David Pleat,1986-05-16,1987-10-01,"1,85"
Tottenham Hotspur,Peter Shreeves,1984-06-25,1986-05-13,"1,64"
Tottenham Hotspur,Keith Burkinshaw,1976-07-14,1984-05-31,"1,53"
Tottenham Hotspur,Terry Neill,1974-07-01,1976-06-30,"1,26"
Tottenham Hotspur,Bill Nicholson,1958-10-11,1974-06-30,"1,71"
Tottenham Hotspur,Jimmy Anderson,1955-04-19,1958-10-11,"1,63"
Tottenham Hotspur,Arthur Rowe,1949-05-01,1955-04-18,"1,54"
Tottenham Hotspur,Joe Hulme,1946-05-01,1949-05-01,"1,15"
Tottenham Hotspur,Peter McWilliam,1938-07-01,1942-06-30,"2,25"
Tottenham Hotspur,Jack Tresadern,1935-06-01,1938-04-01,"1,17"
Tottenham Hotspur,Percy Smith,1930-01-04,1935-04-30,"1,32"
Tottenham Hotspur,Billy Minter,1927-02-28,1929-11-20,"1,30"
Tottenham Hotspur,Peter McWilliam,1912-12-21,1927-01-31,"1,29"
Tottenham Hotspur,Fred Kirkham,1907-04-18,1908-07-27,-
Tottenham Hotspur,John Cameron,1899-03-01,1907-03-01,"1,25"
Tottenham Hotspur,Frank Brettell,1898-07-01,1899-06-30,-
Toulouse,Carles Martínez,2023-07-01,2026-06-30,"1,34"
Toulouse,Philippe Montanier,2021-06-23,2023-06-30,"1,80"
Toulouse,Patrice Garande,2020-06-22,2021-06-02,"1,91"
Toulouse,Denis Zanko,2020-01-05,2020-06-22,"0,11"
Toulouse,Antoine Kombouaré,2019-10-14,2020-01-05,"0,46"
Toulouse,Alain Casanova,2018-06-25,2019-10-10,"1,04"
Toulouse,Mickaël Debève,2018-01-22,2018-05-30,"1,21"
Toulouse,Pascal Dupraz,2016-03-01,2018-01-22,"1,22"
Toulouse,Dominique Arribagé,2015-03-20,2016-02-28,"1,09"
Toulouse,Alain Casanova,2008-05-30,2015-03-16,"1,34"
Toulouse,Élie Baup,2006-07-01,2008-05-30,"1,25"
Toulouse,Erick Mombaerts,2001-07-01,2006-06-30,"1,42"
Toulouse,Robert Nouzaret,2000-10-01,2001-06-30,"1,19"
Toulouse,Alain Giresse,1999-01-26,2000-10-09,"1,37"
Toulouse,Guy Lacombe,1998-07-01,1999-01-25,"0,78"
Toulouse,Alain Giresse,1995-11-01,1998-06-30,"1,43"
Toulouse,Rolland Courbis,1994-07-01,1995-11-01,"1,77"
Toulouse,Jean-Luc Ruty,1994-01-14,1994-06-30,"0,67"
Toulouse,Serge Delmas,1992-09-20,1994-01-14,"1,19"
Toulouse,Victor Zvunka,1991-07-01,1992-09-01,"1,25"
Toulouse,Pierre Mosca,1989-07-01,1991-06-30,"1,17"
Toulouse,Jacques Santini,1985-07-01,1989-06-30,"1,48"
Toulouse,Daniel Jeandupeux,1984-02-01,1985-06-30,"1,39"
Toulouse,Pierre Cahuzac,1979-07-01,1984-02-01,"1,62"
Toulouse,Just Fontaine,1978-07-01,1979-06-30,"1,35"
Toulouse,Ángel Marcos,1977-07-01,1978-06-30,"1,16"
Toulouse,Richard Boucher,1976-07-01,1977-06-30,"1,49"
Toulouse,Émile Daniel,1975-07-01,1976-06-30,"1,46"
Toulouse,Richard Boucher,1974-09-01,1975-06-30,"0,50"
Toulouse,Paul Orsatti,1974-07-01,1974-09-01,"0,00"
Toulouse,Richard Boucher,1973-07-01,1974-06-30,"1,43"
Toulouse,José Farias,1970-07-01,1972-04-01,"0,20"
Toulouse,Raoul Duteil,1937-07-01,1938-06-30,-
Troyes,Stéphane Dumont,2024-08-12,2026-05-03,"1,75"
Troyes,David Guion,2023-12-06,2024-08-06,"1,05"
Troyes,Alou Diarra,2023-11-28,2023-12-05,"3,00"
Troyes,Patrick Kisnorbo,2022-11-23,2023-11-26,"0,58"
Troyes,Claude Robin,2022-11-08,2022-11-22,"0,00"
Troyes,Bruno Irles,2022-01-03,2022-11-08,"1,06"
Troyes,Laurent Batlles,2019-06-14,2021-12-30,"1,63"
Troyes,Rui Almeida,2018-05-30,2019-06-08,"1,82"
Troyes,Jean-Louis Garcia,2016-07-01,2018-05-22,"1,30"
Troyes,Mohamed Bradja,2016-02-04,2016-06-30,"0,47"
Troyes,Claude Robin,2015-12-08,2016-02-03,"1,22"
Troyes,Jean-Marc Furlan,2010-06-23,2015-12-03,"1,41"
Troyes,Patrick Rémy,2009-07-01,2010-06-22,"1,93"
Troyes,Claude Robin,2009-04-27,2009-06-18,"1,00"
Troyes,Ludovic Batelli,2008-07-01,2009-04-27,"1,11"
Troyes,Denis Troch,2007-07-01,2008-06-30,"1,46"
Troyes,Jean-Marc Furlan,2004-07-01,2007-06-30,"1,25"
Troyes,Faruk Hadzibegic,2003-01-03,2004-06-30,"1,20"
Troyes,Serge Romano,2002-12-21,2003-01-02,-
Troyes,Jacky Bonnevay,2002-07-01,2002-12-18,"0,96"
Troyes,Alain Perrin,1993-07-01,2002-06-30,"1,45"
Troyes,Pierre Flamion,1992-07-01,1993-06-30,-
Troyes,Jean-Louis Coustillet,1988-07-01,1992-06-30,"0,00"
Troyes,Gérard Grégoire,1979-03-03,1979-06-30,"0,56"
Troyes,Paul Jurilli,1978-07-01,1979-03-03,"1,08"
Troyes,René Cédolin,1975-07-01,1978-06-30,"1,14"
Troyes,Pierre Flamion,1971-07-01,1975-06-30,"1,23"
Troyes,René Pleimelding,1970-07-01,1971-06-30,"0,80"
Troyes,Roger Courtois,1952-07-01,1963-06-30,"1,04"
Troyes,Robert Lacoste,1947-07-01,1952-06-30,"1,86"
Troyes,Emile Rummelhardt,1946-06-30,1947-06-30,-
Troyes,Charles Nicolas,1945-07-01,1946-06-30,-
Troyes,Raoul Duteil,1943-07-01,1944-06-30,-
Udinese,Kosta Runjaić,2024-07-01,2026-05-03,"1,30"
Udinese,Fabio Cannavaro,2024-04-22,2024-06-08,"1,50"
Udinese,Gabriele Cioffi,2023-10-25,2024-04-22,"0,92"
Udinese,Andrea Sottil,2022-06-07,2023-10-24,"1,16"
Udinese,Gabriele Cioffi,2021-12-07,2022-06-07,"1,42"
Udinese,Luca Gotti,2019-11-01,2021-12-07,"1,15"
Udinese,Igor Tudor,2019-03-20,2019-11-01,"1,33"
Udinese,Davide Nicola,2018-11-13,2019-03-20,"1,07"
Udinese,Julio Velázquez,2018-07-01,2018-11-13,"0,69"
Udinese,Igor Tudor,2018-04-24,2018-06-30,"1,75"
Udinese,Massimo Oddo,2017-11-21,2018-04-24,"1,00"
Udinese,Luigi Delneri,2016-10-03,2017-11-21,"1,20"
Udinese,Giuseppe Iachini,2016-07-01,2016-10-03,"0,88"
Udinese,Luigi De Canio,2016-03-14,2016-06-30,"1,00"
Udinese,Stefano Colantuono,2015-06-04,2016-03-14,"1,13"
Udinese,Andrea Stramaccioni,2014-07-01,2015-06-04,"1,15"
Udinese,Francesco Guidolin,2010-06-01,2014-06-30,"1,53"
Udinese,Pasquale Marino,2010-02-21,2010-05-28,"1,53"
Udinese,Giovanni De Biasi,2009-12-22,2010-02-21,"1,09"
Udinese,Pasquale Marino,2007-07-01,2009-12-22,"1,52"
Udinese,Alberto Malesani,2007-01-16,2007-06-30,"1,21"
Udinese,Giovanni Galeone,2006-03-20,2007-01-16,"1,41"
Udinese,Roberto Sensini,2006-02-10,2006-03-20,"1,00"
Udinese,Loris Dominissini,2006-02-10,2006-03-20,"0,43"
Udinese,Serse Cosmi,2005-07-01,2006-02-10,"1,22"
Udinese,Luciano Spalletti,2002-07-01,2005-06-30,"1,57"
Udinese,Gian Piero Ventura,2001-12-12,2002-06-30,"1,05"
Udinese,Roy Hodgson,2001-07-01,2001-12-10,"1,53"
Udinese,Luciano Spalletti,2001-03-19,2001-06-30,"0,91"
Udinese,Luigi De Canio,1999-07-01,2001-03-19,"1,56"
Udinese,Francesco Guidolin,1998-07-01,1999-06-30,"1,55"
Udinese,Alberto Zaccheroni,1995-07-01,1998-06-30,"1,55"
Udinese,Giovanni Galeone,1994-11-27,1995-06-30,"2,00"
Udinese,Adriano Fedele,1993-09-29,1994-06-30,"1,09"
Udinese,Azeglio Vicini,1993-07-01,1993-09-29,"1,00"
Udinese,Alberto Bigon,1992-07-01,1993-06-30,"1,19"
Udinese,Adriano Fedele,1992-02-26,1992-06-30,"1,50"
Udinese,Francesco Scoglio,1991-07-01,1992-02-26,"1,46"
Udinese,Adriano Buffoni,1990-11-12,1991-06-30,"1,61"
Udinese,Rino Marchesi,1990-01-01,1990-10-29,"1,07"
Udinese,Bruno Mazzia,1989-07-01,1989-12-31,"0,88"
Udinese,Nedo Sonetti,1987-12-20,1989-06-30,"1,49"
Udinese,Velibor Milutinovic,1987-10-12,1987-12-15,"1,00"
Udinese,Marino Lombardo,1987-07-01,1988-06-30,-
Udinese,Massimo Giacomini,1987-07-01,1987-10-12,"1,10"
Udinese,Giancarlo De Sisti,1986-01-20,1987-06-30,"1,18"
Udinese,Luís Vinício,1984-07-01,1986-01-20,"1,24"
Udinese,Enzo Ferrari,1981-02-09,1984-06-30,"1,38"
Udinese,Gustavo Giagnoni,1980-10-06,1981-02-09,"0,83"
Udinese,Enzo Ferrari,1980-09-29,1980-10-06,"1,00"
Udinese,Marino Perani,1980-07-01,1980-09-29,"1,14"
Udinese,Dino D'Alessi,1980-03-07,1980-06-30,"1,30"
Udinese,Corrado Orrico,1979-07-01,1980-03-06,"1,07"
Udinese,Massimo Giacomini,1977-07-01,1979-06-30,"2,01"
Udinese,Livio Fongaro,1976-07-01,1977-06-30,"1,83"
Udinese,Humberto Rosa,1975-07-01,1976-06-30,"1,58"
Udinese,Massimo Giacomini,1973-07-01,1974-06-30,"1,71"
Udinese,Sergio Manente,1973-07-01,1975-06-30,"1,61"
Udinese,Luigi Comuzzi,1971-07-01,1973-06-30,"1,73"
Udinese,Paolo Tabanelli,1969-11-17,1971-06-30,"1,32"
Udinese,Stefanino De Stefano,1969-11-02,1969-11-16,-
Udinese,Oscar Montez,1969-07-01,1969-11-01,-
Udinese,Luigi Comuzzi,1967-11-27,1969-06-30,"1,61"
Udinese,Umberto Pinardi,1967-07-01,1967-11-26,"3,00"
Udinese,Giuseppe Bigogno,1967-07-01,1968-06-30,"1,50"
Udinese,Luigi Comuzzi,1965-07-08,1967-06-30,"1,65"
Udinese,Severino Feruglio,1964-07-01,1965-06-30,"1,33"
Udinese,Armando Segato,1963-10-07,1964-06-30,"1,00"
Udinese,Alberto Eliani,1962-07-01,1963-10-06,"1,09"
Udinese,Alfredo Foni,1961-11-13,1962-06-30,"0,83"
Udinese,Sergio Manente,1961-10-10,1961-11-12,"0,50"
Udinese,Luigi Bonizzoni,1960-11-21,1961-10-09,"1,10"
Udinese,Giuseppe Bigogno,1959-10-26,1960-11-21,"1,00"
Udinese,Severino Feruglio,1958-12-09,1959-10-25,"1,07"
Udinese,Luigi Miconi,1958-07-01,1959-06-30,"0,67"
Udinese,Giuseppe Bigogno,1953-07-01,1958-06-30,"1,51"
Udinese,Aldo Olivieri,1952-07-01,1953-09-30,"1,21"
Udinese,Marcello Vecchiet,1952-04-30,1951-06-30,-
Udinese,Guido Testolina,1950-07-01,1952-04-30,"1,16"
Udinese,Aldo Olivieri,1948-07-01,1950-06-30,"1,98"
Udinese,Elio Loschi,1948-01-01,1948-06-30,"1,68"
Udinese,Roman Schramseis,1947-07-01,1947-12-31,"1,00"
Udinese,Vittorio Faroppa,1946-07-01,1947-06-30,"1,43"
Udinese,Ferenc Molnár,1942-07-01,1943-06-30,"1,40"
Udinese,Luigi Miconi,1941-07-01,1942-06-30,"1,41"
Udinese,Eugen Payer,1939-07-01,1940-06-30,-
Udinese,Luigi Miconi,1937-07-01,1938-06-30,-
Udinese,Emerich Hermann,1934-07-01,1937-06-30,-
Udinese,Eugen Payer,1929-07-01,1930-06-30,-
Udinese,Imre Payer,1929-07-01,1931-06-30,-
Udinese,Lajos Czeizler,1927-07-01,1928-06-30,-
Udinese,György Hlavay,1925-07-01,1926-06-30,-
Udinese,Gyorgy Kanyaurek,1922-07-01,1923-06-30,"0,27"
Udinese,József Ging,1920-07-01,1921-06-30,-
Ulm,Pavel Dotchev,2025-11-16,2026-06-30,"0,83"
Ulm,Oliver Unsöld,2025-11-12,2025-11-15,-
Ulm,Moritz Glasbrenner,2025-10-08,2025-11-10,"0,00"
Ulm,Moritz Glasbrenner,2025-09-18,2025-10-07,"1,75"
Ulm,Robert Lechleiter,2025-03-11,2025-09-18,"1,37"
Ulm,Thomas Wörle,2021-07-01,2025-03-11,"1,88"
Ulm,Holger Bachthaler,2018-07-01,2021-06-30,"1,89"
Ulm,Tobias Flitsch,2017-08-14,2018-06-30,"1,66"
Ulm,Stephan Baierl,2014-07-01,2017-08-15,"1,75"
Ulm,Oliver Unsöld,2013-10-19,2014-06-30,"0,69"
Ulm,Herbert Zanker,2013-10-18,2014-04-15,"2,00"
Ulm,Paul Sauter,2012-11-13,2013-10-18,"1,16"
Ulm,Stephan Baierl,2012-07-01,2012-11-13,"1,31"
Ulm,Paul Sauter,2011-07-01,2012-06-30,"2,22"
Ulm,Janusz Góra,2010-12-01,2011-06-30,-
Ulm,Ralf Becker,2009-10-15,2010-12-01,"1,58"
Ulm,Manfred Paula,2009-07-01,2009-09-23,"1,25"
Ulm,Markus Gisdol,2008-07-01,2009-06-30,"1,56"
Ulm,Paul Sauter,2007-09-07,2008-06-30,"2,20"
Ulm,Marcus Sorg,2004-12-01,2007-09-04,"2,12"
Ulm,Dieter Märkle,2003-09-29,2004-11-30,"1,93"
Ulm,Stefan Anderl,2002-12-10,2003-09-28,"1,77"
Ulm,Peter Reder,2002-11-20,2002-12-09,"2,00"
Ulm,Harry Brobeil,2001-07-01,2002-11-18,"1,76"
Ulm,Peter Assion,2001-03-21,2001-06-30,"1,13"
Ulm,Hermann Gerland,2000-10-31,2001-03-21,"0,94"
Ulm,Peter Assion,2000-09-20,2000-10-31,"1,40"
Ulm,Martin Andermatt,1999-03-31,2000-09-19,"1,24"
Ulm,Rolf Baumann,1999-03-17,1999-03-30,"1,00"
Ulm,Ralf Rangnick,1997-01-01,1999-03-16,"1,70"
Ulm,Martin Gröh,1995-10-29,1996-12-31,"1,90"
Ulm,Bernd Hoffmann,1995-07-01,1995-10-28,"1,46"
Ulm,Rainer Ulrich,1994-07-01,1995-06-30,"1,92"
Ulm,Paul Sauter,1990-07-01,1994-06-30,"1,81"
Ulm,Klaus Toppmöller,1988-04-19,1989-02-28,"1,11"
Ulm,Werner Nickel,1985-07-01,1988-04-18,"1,27"
Ulm,Walter Modick,1985-04-20,1985-06-30,-
Ulm,Walter Kubanczyk,1985-04-18,1985-06-30,"0,50"
Ulm,Fritz Fuchs,1984-12-10,1985-04-15,"0,50"
Ulm,Hannes Baldauf,1984-07-01,1984-12-09,"0,95"
Ulm,Paul Sauter,1982-07-01,1984-06-30,"1,17"
Ulm,Werner Kern,1981-07-01,1983-06-30,"2,00"
Ulm,Jörg Berger,1980-03-12,1981-06-30,"1,62"
Ulm,Klaus-Peter Jendrosch,1977-07-01,1980-03-11,"1,26"
Ulm,Klaus Niemuth,1974-07-01,1977-06-30,"0,00"
Ulm,Fritz Schollmeyer,1970-07-01,1971-06-30,-
Ulm,Ludwig Tretter,1948-09-01,1948-10-11,-
Valencia,Carlos Corberán,2024-12-25,2026-05-03,"1,44"
Valencia,Rubén Baraja,2023-02-14,2024-12-23,"1,26"
Valencia,Voro,2023-01-31,2023-02-13,"0,00"
Valencia,Gennaro Gattuso,2022-07-01,2023-01-30,"1,18"
Valencia,José Bordalás,2021-07-01,2022-06-03,"1,46"
Valencia,Voro,2021-05-03,2021-06-30,"1,75"
Valencia,Javi Gracia,2020-07-27,2021-05-03,"1,18"
Valencia,Voro,2020-06-29,2020-07-20,"1,17"
Valencia,Albert Celades,2019-09-11,2020-06-29,"1,44"
Valencia,Marcelino,2017-07-01,2019-09-11,"1,79"
Valencia,Voro,2017-01-01,2017-06-30,"1,36"
Valencia,Cesare Prandelli,2016-10-03,2016-12-30,"1,20"
Valencia,Voro,2016-09-20,2016-10-02,"2,00"
Valencia,Pako Ayestarán,2016-03-30,2016-09-20,"0,83"
Valencia,Gary Neville,2015-12-08,2016-03-30,"1,32"
Valencia,Voro,2015-11-29,2015-12-06,"2,00"
Valencia,Nuno Espírito Santo,2014-07-01,2015-11-29,"1,81"
Valencia,Juan Antonio Pizzi,2014-01-01,2014-07-02,"1,48"
Valencia,Nico Estévez,2013-12-16,2013-12-26,"1,50"
Valencia,Miroslav Djukic,2013-06-20,2013-12-16,"1,50"
Valencia,Ernesto Valverde,2012-12-07,2013-06-30,"1,83"
Valencia,Voro,2012-12-01,2012-12-06,"0,00"
Valencia,Mauricio Pellegrino,2012-07-01,2012-12-02,"1,70"
Valencia,Unai Emery,2008-07-01,2012-06-30,"1,72"
Valencia,Voro,2008-04-21,2008-05-20,"2,40"
Valencia,Ronald Koeman,2007-11-05,2008-04-21,"1,24"
Valencia,Óscar Fernández,2007-10-29,2007-11-04,"0,00"
Valencia,Quique Sánchez Flores,2005-07-01,2007-10-29,"1,76"
Valencia,Antonio López,2005-02-27,2005-06-30,"1,43"
Valencia,Claudio Ranieri,2004-07-01,2005-02-25,"1,50"
Valencia,Rafael Benítez,2001-07-01,2004-06-30,"1,91"
Valencia,Héctor Cúper,1999-07-01,2001-06-30,"1,72"
Valencia,Claudio Ranieri,1997-09-20,1999-06-30,"1,76"
Valencia,Jorge Valdano,1996-11-25,1997-09-15,"1,22"
Valencia,José Manuel Rielo,1996-11-17,1996-11-25,"0,00"
Valencia,Luis Aragonés,1995-07-01,1996-11-17,"1,83"
Valencia,José Manuel Rielo,1995-05-28,1995-06-30,"1,40"
Valencia,Carlos Alberto Parreira,1994-08-01,1995-05-01,"1,51"
Valencia,Guus Hiddink,1994-03-26,1994-06-30,"1,44"
Valencia,José Manuel Rielo,1994-03-07,1994-03-21,"3,00"
Valencia,Héctor Núñez,1993-12-21,1994-03-07,"1,08"
Valencia,Paco Real,1993-11-20,1993-12-20,"0,80"
Valencia,Guus Hiddink,1991-07-01,1993-11-18,"1,73"
Valencia,Víctor Espárrago,1988-07-01,1991-06-30,"1,66"
Valencia,Roberto Gil,1988-03-22,1988-06-30,"1,11"
Valencia,Alfredo di Stéfano,1986-01-29,1988-03-21,"1,06"
Valencia,Óscar Valdez,1985-07-01,1986-01-26,"1,00"
Valencia,Roberto Gil,1984-02-07,1985-06-30,"1,27"
Valencia,Paquito García,1983-07-01,1984-02-07,"1,24"
Valencia,Koldo Aguirre,1983-03-08,1983-06-30,"1,20"
Valencia,Miljan Miljanic,1982-11-02,1983-03-07,"1,00"
Valencia,Manuel Mestre,1982-01-05,1982-11-01,"1,39"
Valencia,Pasieguito,1980-07-01,1982-01-03,"1,68"
Valencia,Alfredo di Stéfano,1979-07-01,1980-06-30,"1,58"
Valencia,Pasieguito,1979-04-08,1979-06-02,"1,82"
Valencia,Marcel Domingo,1977-07-01,1979-04-01,"1,59"
Valencia,Manuel Mestre,1977-03-01,1977-06-30,"1,23"
Valencia,Pasieguito,1977-02-27,1977-02-27,"1,00"
Valencia,Heriberto Herrera,1976-07-01,1977-02-21,"1,67"
Valencia,Manuel Mestre,1975-09-22,1976-06-30,"1,32"
Valencia,Dragoljub Milosevic,1975-04-08,1975-09-22,"1,20"
Valencia,Milovan Ciric,1974-09-07,1975-04-06,"1,30"
Valencia,Alfredo di Stéfano,1970-07-01,1974-06-30,"1,60"
Valencia,Enrique Buqué,1969-10-14,1970-06-30,"1,77"
Valencia,Joseíto,1968-10-15,1969-10-13,"1,25"
Valencia,Mundo,1968-09-15,1968-10-13,"1,29"
Valencia,Mundo,1966-07-01,1968-06-30,"1,67"
Valencia,Sabino Barinaga,1965-07-01,1966-06-30,"1,38"
Valencia,Mundo,1964-01-14,1965-06-30,"1,80"
Valencia,Pasieguito,1963-07-01,1963-12-31,"1,44"
Valencia,Alejandro Scopelli,1962-07-01,1963-06-30,"1,55"
Valencia,Domingo Balmanya,1960-07-01,1962-06-30,"1,56"
Valencia,Otto Bumbel,1959-09-14,1960-06-30,"1,30"
Valencia,Jacinto Quincoces,1959-01-01,1959-09-13,"1,44"
Valencia,Lluís Miró,1956-07-01,1959-01-01,"1,42"
Valencia,Carlos Iturraspe,1954-07-01,1956-06-30,"1,55"
Valencia,Jacinto Quincoces,1948-07-01,1954-06-30,"1,76"
Valencia,Luis Pasarín,1946-07-01,1948-06-30,"1,85"
Valencia,Eduardo Cubells,1943-04-15,1946-06-30,"1,66"
Valencia,Ramón Encinas,1939-07-01,1942-06-30,"1,78"
Valencia,Andrés Balsa,1935-07-01,1936-06-30,"1,30"
Valencia,Antonin Fivebr,1934-07-01,1935-06-30,"1,32"
Valencia,Jack Greenwell,1933-07-01,1934-06-30,"1,35"
Valencia,Randolph Galloway,1931-07-01,1933-06-30,"1,00"
Valencia,Antonin Fivebr,1929-07-01,1931-06-30,"1,75"
Valencia,James Donnelly,1927-07-01,1929-06-30,"1,50"
Valencia,Antonin Fivebr,1923-07-01,1927-06-30,"1,00"
Valladolid,Fran Escribá,2026-02-16,2026-05-03,"1,36"
Valladolid,Luis Tevenet,2025-12-23,2026-02-15,"0,57"
Valladolid,Sisi González,2025-12-16,2025-12-22,"0,00"
Valladolid,Guillermo Almada,2025-07-08,2025-12-16,"1,26"
Valladolid,Álvaro Rubio,2025-02-17,2025-06-30,"0,07"
Valladolid,Diego Cocca,2024-12-14,2025-02-17,"0,38"
Valladolid,Álvaro Rubio,2024-12-02,2024-12-14,"2,00"
Valladolid,Paulo Pezzolano,2023-04-04,2024-12-01,"1,39"
Valladolid,Pacheta,2021-07-01,2023-04-03,"1,61"
Valladolid,Sergio González,2018-04-10,2021-06-30,"1,18"
Valladolid,Luis César Sampedro,2017-07-01,2018-04-09,"1,50"
Valladolid,Paco Herrera,2016-07-01,2017-06-30,"1,52"
Valladolid,Alberto López,2016-04-26,2016-06-30,"0,86"
Valladolid,Miguel Ángel Portugal,2015-10-21,2016-04-24,"1,38"
Valladolid,Gaizka Garitano,2015-07-06,2015-10-21,"0,90"
Valladolid,Rubi,2014-06-03,2015-06-30,"1,69"
Valladolid,Juan Ignacio Martínez,2013-06-20,2014-05-21,"0,93"
Valladolid,Miroslav Djukic,2011-07-06,2013-06-19,"1,58"
Valladolid,Abel Resino,2010-12-05,2011-06-30,"1,62"
Valladolid,Javi Torres Gómez,2010-11-29,2010-12-05,"1,00"
Valladolid,Antonio Gómez,2010-07-01,2010-11-29,"1,59"
Valladolid,Antonio Gómez,2010-07-01,2010-11-29,-
Valladolid,Javier Clemente,2010-04-06,2010-06-23,"1,50"
Valladolid,Onésimo Sánchez,2010-02-01,2010-04-06,"0,60"
Valladolid,José Luis Mendilibar,2006-06-20,2010-02-01,"1,40"
Valladolid,Alfredo Merino,2006-02-21,2006-06-20,"0,86"
Valladolid,Marcos Alonso,2005-03-28,2006-02-20,"1,53"
Valladolid,Sergije Kresic,2004-07-01,2005-03-28,"1,54"
Valladolid,Antonio Sánchez Santos,2004-04-28,2004-06-30,"1,00"
Valladolid,Fernando Vázquez,2003-07-01,2004-04-26,"1,09"
Valladolid,Pepe Moré,2001-04-03,2003-06-30,"1,31"
Valladolid,Francisco Ferraro,2000-07-01,2001-04-02,"1,10"
Valladolid,Gregorio Manzano,1999-07-01,2000-06-30,"1,35"
Valladolid,Sergije Kresic,1997-09-28,1999-06-30,"1,32"
Valladolid,Antonio Sánchez Santos,1997-09-15,1997-09-28,"0,00"
Valladolid,Vicente Cantatore,1996-02-03,1997-09-14,"1,45"
Valladolid,Antonio Sánchez Santos,1996-01-26,1996-02-03,"3,00"
Valladolid,Rafael Benítez,1995-07-03,1996-01-25,"0,86"
Valladolid,Antonio Sánchez Santos,1995-05-23,1995-06-30,"1,50"
Valladolid,Fernando Redondo,1995-03-21,1995-05-23,"0,50"
Valladolid,Pepe Moré,1994-12-06,1995-03-20,"1,29"
Valladolid,Víctor Espárrago,1994-07-01,1994-12-05,"0,77"
Valladolid,Pepe Moré,1993-12-21,1994-06-30,"1,08"
Valladolid,Felipe Mesones,1993-01-25,1993-12-20,"1,53"
Valladolid,José Luis Saso,1992-09-28,1993-01-25,"1,94"
Valladolid,Marco Antonio Boronat,1992-07-01,1992-09-27,"0,67"
Valladolid,Javier Yepes,1992-04-11,1992-06-30,"0,67"
Valladolid,Francisco Maturana,1990-07-01,1992-04-06,"1,17"
Valladolid,Fernando Redondo,1990-02-16,1990-06-30,"1,00"
Valladolid,Pepe Moré,1989-11-02,1990-02-16,"0,94"
Valladolid,Josip Skoblar,1989-07-01,1989-11-02,"1,54"
Valladolid,Vicente Cantatore,1987-07-01,1989-06-30,"1,45"
Valladolid,José Pérez García,1987-05-14,1987-06-30,"1,67"
Valladolid,Antonio Sánchez Santos,1987-05-05,1987-05-12,"0,00"
Valladolid,Xabier Azkargorta,1986-09-01,1987-05-05,"1,28"
Valladolid,Vicente Cantatore,1985-07-01,1986-09-01,"1,26"
Valladolid,Fernando Redondo,1984-03-13,1985-06-30,"1,33"
Valladolid,José Luis García Traid,1982-11-12,1984-03-12,"1,20"
Valladolid,Santiago Llorente,1982-11-09,1982-11-11,"0,00"
Valladolid,Felipe Mesones,1982-07-01,1982-11-08,"0,40"
Valladolid,Paquito García,1980-07-01,1982-06-30,"1,26"
Valladolid,Eusebio Ríos,1979-07-01,1980-06-30,"2,00"
Valladolid,Pachín,1978-07-01,1979-06-30,"1,50"
Valladolid,Paquito García,1977-07-01,1978-06-30,-
Valladolid,José Luis Saso,1976-12-14,1977-06-30,"3,00"
Valladolid,Luis Aloy,1976-07-01,1977-12-13,"0,00"
Valladolid,Héctor Núñez,1975-07-01,1976-06-30,"2,00"
Valladolid,Rudi Gutendorf,1975-01-05,1975-06-30,"3,00"
Valladolid,Fernando Redondo,1974-07-01,1974-12-17,"0,00"
Valladolid,Gustavo Biosca,1973-07-01,1974-03-18,-
Valladolid,José María Martín,1972-07-01,1973-06-30,"0,50"
Valladolid,José Luis Saso,1969-12-09,1970-05-18,-
Valladolid,José Antonio Olmedo,1969-07-01,1969-12-08,-
Valladolid,Enrique Orizaola,1968-11-01,1969-06-30,-
Valladolid,Antonio Barrios,1968-07-01,1968-10-20,-
Valladolid,Enrique Orizaola,1967-10-22,1968-06-30,"1,75"
Valladolid,José Luis Molinuevo,1967-07-01,1967-10-16,-
Valladolid,Emilio Aldecoa,1966-10-01,1967-01-23,"0,00"
Valladolid,Antoni Ramallets,1965-11-01,1966-06-30,-
Valladolid,Antonio Barrios,1965-07-01,1965-10-31,-
Valladolid,Jenő Kalmár,1964-10-12,1965-04-04,-
Valladolid,Ángel Zubieta,1964-07-01,1965-10-11,-
Valladolid,Francisco Lesmes,1963-10-15,1964-06-30,"1,00"
Valladolid,Ángel Zubieta,1963-07-01,1963-10-13,"0,40"
Valladolid,Antoni Ramallets,1962-07-02,1963-06-30,"1,59"
Valladolid,Heriberto Herrera,1962-01-01,1962-06-30,"1,50"
Valladolid,Manuel Soler,1961-12-19,1962-06-30,-
Valladolid,Francisco Lesmes,1961-03-04,1961-12-18,"1,64"
Valladolid,Pedro Eguiluz,1960-11-05,1961-02-27,"1,06"
Valladolid,José Luis Saso,1958-02-01,1960-10-31,"1,20"
Valladolid,Rafa Yunta,1956-07-01,1958-01-26,"1,19"
Valladolid,Lluís Miró,1953-07-01,1956-06-30,"1,30"
Valladolid,José Iraragorri,1952-07-01,1953-06-30,"1,17"
Valladolid,Juan Antonio Ipiña,1950-07-01,1952-06-30,"1,43"
Valladolid,Antonio Barrios,1949-07-01,1950-06-30,"1,39"
Valladolid,Helenio Herrera,1948-07-01,1949-06-30,"1,23"
Valladolid,Antonio Barrios,1945-07-01,1948-06-30,"3,00"
Valladolid,Ferenc Plattkó,1945-07-01,1946-06-30,-
Valladolid,José Planas,1943-12-21,1944-06-30,-
Valladolid,István Plattkó,1941-07-01,1943-06-30,"1,50"
Valladolid,Károly Plattkó,1941-07-01,1943-06-30,"0,75"
Valladolid,Juanín,1940-07-01,1941-06-30,"0,75"
Valladolid,Károly Plattkó,1939-07-01,1940-01-01,-
Valladolid,István Plattkó,1933-07-01,1936-06-30,-
Valladolid,István Plattkó,1928-07-01,1930-06-30,-
Venezia,Giovanni Stroppa,2025-07-01,2026-05-03,"2,13"
Venezia,Eusebio Di Francesco,2024-06-26,2025-06-26,"0,74"
Venezia,Paolo Vanoli,2022-11-07,2024-06-20,"1,71"
Venezia,Andrea Soncin,2022-11-01,2022-11-07,"0,00"
Venezia,Ivan Javorcic,2022-06-09,2022-10-31,"0,75"
Venezia,Andrea Soncin,2022-04-27,2022-06-09,"1,00"
Venezia,Paolo Zanetti,2020-08-14,2022-04-27,"1,25"
Venezia,Alessio Dionisi,2019-07-03,2020-08-14,"1,33"
Venezia,Serse Cosmi,2019-03-05,2019-06-30,"0,92"
Venezia,Walter Zenga,2018-10-12,2019-03-05,"1,16"
Venezia,Stefano Vecchi,2018-07-01,2018-10-12,"0,57"
Venezia,Filippo Inzaghi,2016-07-01,2018-06-30,"1,83"
Venezia,Giancarlo Favarin,2015-11-24,2016-06-06,"2,24"
Venezia,Paolo Favaretto,2015-07-27,2015-11-24,"2,27"
Venezia,Michele Serena,2014-10-22,2015-06-09,"1,34"
Venezia,Alessandro Dal Canto,2013-07-03,2014-10-19,"1,26"
Venezia,Stefano Sottili,2013-01-15,2013-06-30,"2,21"
Venezia,Diego Zanin,2012-07-17,2013-01-15,"1,24"
Venezia,Giancarlo Favarin,2012-01-17,2012-06-30,"1,93"
Venezia,David Sassarini,2011-07-14,2012-01-16,"2,21"
Venezia,Gianluca Luppi,2011-04-13,2011-06-30,-
Venezia,Dmitriy Balashov,2011-03-08,2011-08-01,-
Venezia,Enrico Cunico,2010-07-01,2011-04-13,-
Venezia,Paolo Favaretto,2009-07-01,2010-06-30,-
Venezia,Michele Serena,2009-02-24,2009-06-30,"1,46"
Venezia,Stefano Cuoghi,2008-11-10,2009-02-24,"0,83"
Venezia,Michele Serena,2008-03-11,2008-11-10,"0,84"
Venezia,Salvo Fulvio D'Adderio,2007-09-10,2008-03-11,"1,48"
Venezia,Paolo Favaretto,2007-09-01,2007-09-10,"2,00"
Venezia,Giancarlo Corradini,2007-07-01,2007-08-30,"0,00"
Venezia,Nello Di Costanzo,2005-10-04,2007-06-17,"1,82"
Venezia,Andrea Manzo,2005-04-24,2005-10-04,"0,77"
Venezia,Ezio Glerean,2005-01-17,2005-04-24,"1,00"
Venezia,Julio Ribas,2004-07-01,2005-01-17,"0,67"
Venezia,Angelo Gregucci,2003-07-01,2004-06-30,"1,21"
Venezia,Gianfranco Bellotto,2002-07-01,2003-06-30,"1,24"
Venezia,Alfredo Magni,2001-10-17,2002-06-30,"0,61"
Venezia,Sergio Buso,2001-10-01,2001-10-17,"1,00"
Venezia,Cesare Prandelli,2000-07-01,2001-10-09,"1,62"
Venezia,Francesco Oddo,2000-02-07,2000-06-30,"0,71"
Venezia,Luciano Spalletti,1999-11-29,2000-02-07,"1,11"
Venezia,Giuseppe Materazzi,1999-11-01,1999-11-29,"0,33"
Venezia,Luciano Spalletti,1999-07-01,1999-11-01,"0,90"
Venezia,Walter Novellino,1997-07-01,1999-06-30,"1,49"
Venezia,Gianfranco Bellotto,1997-04-07,1997-06-30,"1,40"
Venezia,Franco Fontana,1996-09-16,1997-04-07,"1,25"
Venezia,Walter De Vecchi,1996-09-16,1997-04-07,"0,50"
Venezia,Ennio Gazzetta,1996-07-01,1997-06-30,-
Venezia,Gianfranco Bellotto,1995-10-21,1996-09-16,"1,33"
Venezia,Giuseppe Marchioro,1995-07-01,1995-10-21,"0,80"
Venezia,Gabriele Geretto,1995-04-09,1995-06-30,"1,67"
Venezia,Gian Piero Ventura,1994-12-15,1995-04-10,"1,20"
Venezia,Gabriele Geretto,1994-11-28,1994-12-15,"1,50"
Venezia,Luigi Maifredi,1994-09-12,1994-11-28,"1,10"
Venezia,Gian Piero Ventura,1994-07-01,1994-09-12,"1,00"
Venezia,Pietro Maroso,1993-07-01,1994-06-30,"1,44"
Venezia,Alberto Zaccheroni,1993-04-11,1993-06-30,"0,44"
Venezia,Pietro Maroso,1993-02-22,1993-04-11,"1,50"
Venezia,Alberto Zaccheroni,1992-03-30,1993-02-22,"1,42"
Venezia,Rino Marchesi,1992-01-20,1992-03-30,"1,44"
Venezia,Alberto Zaccheroni,1990-07-01,1992-01-20,"1,38"
Venezia,Giuseppe Sabadini,1990-03-20,1990-06-30,"1,40"
Venezia,Antonio Pasinato,1989-07-01,1990-03-19,"1,63"
Venezia,Giovan Battista Fabbri,1988-10-04,1989-06-30,"1,37"
Venezia,Aldo Cerantola,1988-07-01,1988-10-03,"0,00"
Venezia,Ferruccio Mazzola,1987-07-01,1988-06-30,"1,84"
Venezia,Massimo Giacomini,1986-07-01,1987-06-30,"1,21"
Venezia,Ezio Volpi,1986-07-01,1987-06-30,-
Venezia,Dino D'Alessi,1985-07-01,1986-06-30,"1,26"
Venezia,Carlo Facchin,1984-07-01,1985-06-30,"1,29"
Venezia,Gianni Rossi,1983-07-01,1984-06-30,"1,46"
Venezia,Paolo Ferrario,1981-07-01,1983-06-30,"1,75"
Venezia,Dino D'Alessi,1980-07-01,1981-06-30,"1,18"
Venezia,Beniamino Cancian,1979-07-01,1980-06-30,"1,38"
Venezia,Mario Ardizzon,1976-07-01,1977-06-30,"0,74"
Venezia,Luciano Lupi,1975-07-01,1976-06-30,"1,32"
Venezia,Cesare Meucci,1974-07-01,1975-06-30,"1,29"
Venezia,Ezio Volpi,1973-07-01,1974-06-30,"1,57"
Venezia,Cesare Meucci,1972-07-01,1973-06-30,"1,82"
Venezia,Sergio Manente,1971-07-01,1972-06-30,"1,42"
Venezia,Enrico Radio,1970-07-01,1971-06-30,"1,47"
Venezia,Giorgio Sereni,1969-12-01,1970-06-30,-
Venezia,Carlo Alberto Quario,1968-07-01,1969-11-30,"1,16"
Venezia,Armando Segato,1968-03-20,1968-06-30,"1,20"
Venezia,Roberto Lerici,1968-02-04,1968-05-19,"0,67"
Venezia,Armando Segato,1965-07-01,1968-01-29,"1,20"
Venezia,Camillo Achilli,1964-02-01,1965-06-30,"1,15"
Venezia,Sandro Puppo,1963-07-01,1964-02-23,"1,09"
Venezia,Carlo Alberto Quario,1960-07-01,1963-06-30,"1,30"
Venezia,Giovanni Costanzo,1959-07-01,1960-06-30,"1,09"
Venezia,Carlo Alberto Quario,1957-07-01,1959-06-30,"1,57"
Venezia,Lucien Leduc,1956-07-01,1957-06-30,"1,65"
Venezia,Carlo Alberto Quario,1955-07-01,1959-06-30,"1,57"
Venezia,Giuseppe Antonini,1953-07-01,1954-06-30,-
Venezia,Guido Testolina,1952-07-01,1953-06-30,-
Venezia,Mario Villini,1951-10-14,1952-06-30,"1,30"
Venezia,Sandro Puppo,1951-01-08,1951-11-08,"1,18"
Venezia,Felice Arienti,1950-07-01,1951-01-07,"1,47"
Venezia,Ivo Fiorentini,1949-10-10,1950-06-30,"0,64"
Venezia,Astro Galli,1949-10-09,1949-10-10,"0,00"
Venezia,Mario Villini,1948-07-01,1949-06-30,"1,69"
Venezia,Giuseppe Girani,1947-07-01,1948-06-30,-
Venezia,Alfredo Foni,1947-07-01,1948-06-30,"1,65"
Venezia,Nereo Marini,1946-07-01,1947-06-30,"1,00"
Venezia,Giuseppe Girani,1945-07-01,1946-06-30,"0,50"
Venezia,János Vanicsek,1943-02-07,1943-06-30,"1,56"
Venezia,Giovanni Rebuffo,1940-11-11,1943-02-01,"1,52"
Venezia,Giuseppe Girani,1939-03-13,1940-11-11,"1,22"
Venezia,Giovanni Rebuffo,1937-07-01,1938-06-30,-
Venezia,Károly Csapkay,1937-07-01,1938-06-30,-
Venezia,Jozsef Banas,1935-07-01,1937-06-30,"2,00"
Venezia,Imre Janos Bekey,1934-07-01,1935-06-30,-
Venezia,Rudolf Stanzel,1929-07-01,1930-06-30,-
Venezia,Antal Mally,1928-07-01,1929-06-30,"1,17"
Venezia,Franz Sedlacek,1925-07-01,1928-06-30,-
Venezia,Imre Payer,1921-07-01,1923-06-30,-
Villarreal,Marcelino,2023-11-13,2026-05-03,"1,73"
Villarreal,Miguel Ángel Tena,2023-11-10,2023-11-12,"0,00"
Villarreal,Pacheta,2023-09-09,2023-11-10,"1,50"
Villarreal,Miguel Ángel Tena,2023-09-05,2023-09-08,-
Villarreal,Quique Setién,2022-10-26,2023-09-05,"1,54"
Villarreal,Unai Emery,2020-07-23,2022-10-25,"1,78"
Villarreal,Javier Calleja,2019-01-29,2020-07-20,"1,64"
Villarreal,Luis García,2018-12-10,2019-01-29,"0,89"
Villarreal,Javier Calleja,2017-09-25,2018-12-10,"1,43"
Villarreal,Fran Escribá,2016-08-11,2017-09-25,"1,59"
Villarreal,Marcelino,2013-01-15,2016-08-10,"1,72"
Villarreal,Julio Velázquez,2012-07-01,2013-01-13,"1,45"
Villarreal,Manolo Preciado,2012-06-06,2012-06-06,-
Villarreal,Miguel Ángel Lotina,2012-03-19,2012-06-01,"1,27"
Villarreal,José Francisco Molina,2011-12-22,2012-03-18,"1,09"
Villarreal,Juan Carlos Garrido,2010-01-31,2011-12-21,"1,50"
Villarreal,Ernesto Valverde,2009-07-01,2010-01-31,"1,44"
Villarreal,Manuel Pellegrini,2004-07-07,2009-06-30,"1,72"
Villarreal,Paquito García,2004-02-24,2004-06-30,"1,63"
Villarreal,Benito Floro,2002-09-16,2004-02-23,"1,43"
Villarreal,Paquito García,2002-09-12,2002-09-16,"0,00"
Villarreal,Víctor Muñoz,2000-07-01,2002-09-02,"1,34"
Villarreal,Paquito García,1999-10-04,2000-06-30,"1,13"
Villarreal,Joaquín Caparrós,1999-07-01,1999-10-04,"1,00"
Villarreal,Paquito García,1999-05-31,1999-06-30,"1,00"
Villarreal,José Antonio Irulegui,1997-01-27,1999-05-31,"1,14"
Villarreal,Javier Subirats,1996-07-01,1997-01-27,"0,50"
Villarreal,David Vidal,1995-11-05,1996-06-30,"0,82"
Villarreal,Fidel Uriarte,1995-02-27,1995-10-29,"1,18"
Villarreal,Carlos Simón,1993-03-15,1995-02-26,"0,96"
Villarreal,Osman Bendezu,1992-07-01,1993-03-15,"1,38"
Villarreal,Julio Raúl González,1990-07-01,1991-01-01,-
Villarreal,Juan Carlos Rodríguez,1989-07-01,1990-05-28,-
Villarreal,Benito Floro,1988-07-01,1989-06-30,-
Villarreal,Luiche,1986-07-01,1988-06-30,"0,00"
Villarreal,Josep Seguer,1978-04-01,1980-06-30,-
Villarreal,Rey,1974-07-01,1975-06-30,-
Villarreal,Lalo,1972-01-25,1973-06-30,"1,00"
Villarreal,Álvaro Pérez,1971-03-01,1972-01-16,"1,00"
Villarreal,Rey,1969-07-01,1971-03-01,"1,33"
Watford,Edward Still,2026-02-09,2026-05-03,"0,87"
Watford,Charlie Daniels,2026-02-01,2026-02-09,"0,50"
Watford,Javi Gracia,2025-10-08,2026-02-01,"1,48"
Watford,Paulo Pezzolano,2025-05-13,2025-10-08,"1,20"
Watford,Tom Cleverley,2024-04-24,2025-05-06,"1,27"
Watford,Tom Cleverley,2024-03-10,2024-04-23,"1,14"
Watford,Valérien Ismaël,2023-07-01,2024-03-09,"1,20"
Watford,Chris Wilder,2023-03-07,2023-05-10,"1,09"
Watford,Slaven Bilic,2022-09-26,2023-03-07,"1,42"
Watford,Rob Edwards,2022-07-01,2022-09-26,"1,27"
Watford,Roy Hodgson,2022-01-25,2022-06-30,"0,50"
Watford,Claudio Ranieri,2021-10-04,2022-01-24,"0,50"
Watford,Xisco Muñoz,2020-12-20,2021-10-03,"1,86"
Watford,Vladimir Ivic,2020-08-15,2020-12-19,"1,68"
Watford,Hayden Mullins,2020-07-19,2020-07-27,"0,00"
Watford,Nigel Pearson,2019-12-09,2020-07-19,"1,18"
Watford,Hayden Mullins,2019-12-02,2019-12-08,"0,50"
Watford,Quique Sánchez Flores,2019-09-07,2019-12-01,"0,83"
Watford,Javi Gracia,2018-01-21,2019-09-07,"1,32"
Watford,Marco Silva,2017-07-01,2018-01-21,"1,12"
Watford,Walter Mazzarri,2016-07-01,2017-05-22,"1,05"
Watford,Quique Sánchez Flores,2015-07-01,2016-06-30,"1,30"
Watford,Slavisa Jokanovic,2014-10-07,2015-06-30,"1,89"
Watford,Billy McKinlay,2014-09-29,2014-10-07,"2,00"
Watford,Óscar García,2014-09-02,2014-09-29,"1,25"
Watford,Giuseppe Sannino,2013-12-18,2014-08-31,"1,50"
Watford,Gianfranco Zola,2012-07-08,2013-12-16,"1,52"
Watford,Sean Dyche,2011-07-01,2012-07-03,"1,37"
Watford,Malky Mackay,2009-07-01,2011-06-30,"1,25"
Watford,Brendan Rodgers,2008-11-24,2009-06-30,"1,45"
Watford,Malky Mackay,2008-11-04,2008-11-24,"1,50"
Watford,Aidy Boothroyd,2005-03-29,2008-11-03,"1,40"
Watford,Ray Lewington,2002-07-11,2005-03-28,"1,29"
Watford,Gianluca Vialli,2001-07-01,2002-06-14,"1,37"
Watford,Graham Taylor,1997-04-14,2001-06-30,"1,42"
Watford,Kenny Jackett,1996-07-01,1997-04-13,"1,52"
Watford,Graham Taylor,1996-02-21,1996-06-30,"0,00"
Watford,Glenn Roeder,1993-07-01,1996-02-20,"0,96"
Watford,Steve Perryman,1990-11-27,1993-07-31,"0,71"
Watford,Colin Lee,1990-03-01,1990-11-27,"0,25"
Watford,Steve Harrison,1988-01-01,1990-03-31,"0,97"
Watford,Dave Bassett,1987-06-18,1988-01-11,"0,75"
Watford,Graham Taylor,1977-07-01,1987-06-30,"1,48"
Watford,Mike Keen,1973-06-01,1977-04-01,"0,00"
Watford,George Kirby,1971-07-01,1973-05-31,"0,00"
Watford,Ken Furphy,1968-07-01,1971-06-30,"1,00"
Watford,Ken Furphy,1964-07-01,1968-06-30,"0,50"
Watford,Bill McGarry,1963-07-01,1964-10-31,-
Watford,Ron Burgess,1959-02-01,1963-06-30,-
Watford,Neil McBain,1956-08-01,1959-02-01,-
Watford,Haydn Green,1951-07-01,1952-10-01,-
Watford,Ron Gray,1950-03-01,1951-08-01,-
Watford,Neil McBain,1931-07-01,1937-08-01,"1,33"
Watford,Neil McBain,1929-07-01,1931-06-30,-
Watford,Harry Kent,1910-05-01,1926-05-01,"0,00"
Watford,John Goodall,1903-05-01,1910-05-01,-
Wehen Wiesbaden,Daniel Scherning,2025-11-10,2026-05-03,"1,54"
Wehen Wiesbaden,Frank Steinmetz,2025-10-26,2025-11-09,"2,00"
Wehen Wiesbaden,Nils Döring,2024-06-19,2025-10-25,"1,48"
Wehen Wiesbaden,Nils Döring,2024-04-29,2024-06-18,"0,20"
Wehen Wiesbaden,Markus Kauczinski,2021-11-08,2024-04-28,"1,46"
Wehen Wiesbaden,Nils Döring,2021-10-25,2021-11-07,"2,00"
Wehen Wiesbaden,Mike Krannich,2021-10-25,2021-11-07,-
Wehen Wiesbaden,Rüdiger Rehm,2017-02-13,2021-10-25,"1,63"
Wehen Wiesbaden,Christian Hock,2017-02-06,2017-02-13,"1,00"
Wehen Wiesbaden,Torsten Fröhling,2016-03-14,2017-02-06,"1,27"
Wehen Wiesbaden,Christian Hock,2016-03-07,2016-03-13,"0,00"
Wehen Wiesbaden,Sven Demandt,2015-07-01,2016-03-07,"1,19"
Wehen Wiesbaden,Christian Hock,2015-04-28,2015-06-30,"0,80"
Wehen Wiesbaden,Christian Hock,2015-04-12,2015-04-27,"2,00"
Wehen Wiesbaden,Marc Kienle,2013-10-28,2015-04-12,"1,44"
Wehen Wiesbaden,Bernd Heemsoth,2013-10-22,2013-10-27,"1,00"
Wehen Wiesbaden,Peter Vollmann,2012-02-16,2013-10-21,"1,37"
Wehen Wiesbaden,Gino Lettieri,2010-02-09,2012-02-15,"1,50"
Wehen Wiesbaden,Hans Werner Moser,2009-07-01,2010-02-08,"1,13"
Wehen Wiesbaden,Sandro Schwarz,2009-03-23,2009-06-30,"1,11"
Wehen Wiesbaden,Wolfgang Frank,2008-12-19,2009-03-23,"0,60"
Wehen Wiesbaden,Christian Hock,2008-07-01,2008-12-18,"1,05"
Wehen Wiesbaden,Christian Hock,2007-07-01,2008-06-30,"1,25"
Wehen Wiesbaden,Djuradj Vasic,2007-07-01,2007-08-20,"1,33"
Wehen Wiesbaden,Christian Hock,2006-10-16,2007-06-30,"2,16"
Wehen Wiesbaden,Djuradj Vasic,2002-11-04,2006-10-13,"1,67"
Wehen Wiesbaden,Gerd Schwickert,2000-05-07,2002-11-03,"1,38"
Wehen Wiesbaden,Werner Orf,1999-11-01,2000-05-06,"1,27"
Wehen Wiesbaden,Martin Hohmann,1998-07-01,1999-10-30,"1,39"
Wehen Wiesbaden,Bruno Hübner,1998-05-12,1998-06-30,"2,00"
Wehen Wiesbaden,Manfred Petz,1997-07-01,1998-05-12,"1,03"
Wehen Wiesbaden,Bruno Hübner,1995-06-02,1997-06-30,"1,50"
Wehen Wiesbaden,Max Reichenberger,1994-10-10,1995-06-02,"0,70"
Wehen Wiesbaden,Robert Jung,1993-02-18,1994-10-10,"0,50"
Wehen Wiesbaden,Heinz Wulf,1992-07-01,1993-02-11,"0,00"
Wehen Wiesbaden,Karlheinz Kühn,1991-11-06,1992-06-30,-
Wehen Wiesbaden,Hermann Hummels,1991-01-08,1991-11-05,-
Wehen Wiesbaden,Klaus Fischer,1990-08-11,1990-12-30,-
Wehen Wiesbaden,Herbert Dörenberg,1989-07-01,1990-06-30,-
Wehen Wiesbaden,Horst Hülß,1985-07-01,1988-06-30,-
Werder Bremen,Daniel Thioune,2026-02-04,2026-05-03,"1,08"
Werder Bremen,Horst Steffen,2025-07-01,2026-02-01,"0,90"
Werder Bremen,Ole Werner,2021-11-28,2025-05-27,"1,44"
Werder Bremen,Christian Brand,2021-11-23,2021-11-27,"0,00"
Werder Bremen,Danijel Zenkovic,2021-11-20,2021-11-27,"1,00"
Werder Bremen,Markus Anfang,2021-06-01,2021-11-19,"1,36"
Werder Bremen,Thomas Schaaf,2021-05-16,2021-05-31,"0,00"
Werder Bremen,Florian Kohfeldt,2017-11-10,2021-05-16,"1,34"
Werder Bremen,Florian Kohfeldt,2017-10-31,2017-11-09,"0,00"
Werder Bremen,Alexander Nouri,2016-10-02,2017-10-30,"1,30"
Werder Bremen,Alexander Nouri,2016-09-19,2016-10-01,"1,33"
Werder Bremen,Viktor Skrypnyk,2014-10-26,2016-09-18,"1,31"
Werder Bremen,Robin Dutt,2013-07-01,2014-10-25,"1,02"
Werder Bremen,Wolfgang Rolff,2013-05-15,2013-05-25,"0,00"
Werder Bremen,Thomas Schaaf,1999-05-10,2013-05-15,"1,65"
Werder Bremen,Felix Magath,1998-10-22,1999-05-08,"1,31"
Werder Bremen,Wolfgang Sidka,1997-08-20,1998-10-22,"1,58"
Werder Bremen,Hans-Jürgen Dörner,1996-01-14,1997-08-20,"1,55"
Werder Bremen,Aad de Mos,1995-07-01,1996-01-09,"1,27"
Werder Bremen,Otto Rehhagel,1981-04-01,1995-06-30,"1,84"
Werder Bremen,Kuno Klötzer,1980-07-01,1981-04-01,"2,15"
Werder Bremen,Fritz Langner,1980-02-21,1980-06-30,"1,07"
Werder Bremen,Rudi Assauer,1980-01-29,1980-02-20,"0,00"
Werder Bremen,Wolfgang Weber,1978-07-01,1980-01-28,"1,33"
Werder Bremen,Fred Schulz,1977-12-20,1978-06-30,"1,42"
Werder Bremen,Hans Tilkowski,1976-07-01,1977-12-19,"1,44"
Werder Bremen,Otto Rehhagel,1976-02-29,1976-06-30,"1,31"
Werder Bremen,Herbert Burdenski,1975-07-01,1976-02-28,"1,09"
Werder Bremen,Sepp Piontek,1972-07-01,1975-06-30,"1,26"
Werder Bremen,Fritz Langner,1972-05-08,1972-06-30,"0,83"
Werder Bremen,Sepp Piontek,1971-10-25,1972-05-07,"1,46"
Werder Bremen,Willi Multhaup,1971-09-28,1971-10-24,"1,50"
Werder Bremen,Robert Gebhardt,1970-07-01,1971-09-28,"1,33"
Werder Bremen,Hans Tilkowski,1970-03-17,1970-06-30,"1,64"
Werder Bremen,Fritz Rebell,1969-07-01,1970-03-16,"1,05"
Werder Bremen,Richard Ackerschott,1968-10-12,1968-10-19,-
Werder Bremen,Richard Ackerschott,1968-03-02,1968-03-02,"3,00"
Werder Bremen,Fritz Langner,1967-09-09,1969-06-30,"1,57"
Werder Bremen,Günter Brocker,1965-07-01,1967-09-04,"1,55"
Werder Bremen,Willi Multhaup,1963-07-01,1965-06-30,"1,54"
Werder Bremen,Georg Knöpfle,1958-07-01,1963-06-30,"2,02"
Werder Bremen,Fred Schulz,1953-07-01,1958-06-30,"1,57"
Werder Bremen,Josef Kretschmann,1951-07-01,1953-06-30,"1,63"
Werder Bremen,Georg Schuller,1950-07-01,1951-06-30,"1,59"
Werder Bremen,Hugo Scharmann,1949-12-05,1950-06-30,"1,94"
Werder Bremen,Arthur Schütz,1949-07-01,1949-12-04,"1,42"
Werder Bremen,Hugo Scharmann,1948-07-01,1949-06-30,"1,23"
Werder Bremen,Karl Höger,1947-07-01,1948-06-30,"1,71"
Werder Bremen,Hugo Scharmann,1941-07-01,1944-06-30,"2,17"
Werder Bremen,Josef Müller,1938-07-01,1939-06-30,"1,50"
Werder Bremen,Erich Stindl,1937-07-01,1938-06-30,-
Werder Bremen,Walter Hollstein,1935-04-01,1937-06-30,"2,00"
Werder Bremen,Josef Müller,1932-07-01,1934-10-31,"1,17"
Werder Bremen,Ferenc Kónya,1922-07-01,1924-06-30,-
West Ham United,Nuno Espírito Santo,2025-09-27,2026-05-03,"1,24"
West Ham United,Graham Potter,2025-01-09,2025-09-27,"0,92"
West Ham United,Julen Lopetegui,2024-07-01,2025-01-08,"1,18"
West Ham United,David Moyes,2019-12-29,2024-06-30,"1,53"
West Ham United,Manuel Pellegrini,2018-07-01,2019-12-28,"1,30"
West Ham United,David Moyes,2017-11-07,2018-05-16,"1,19"
West Ham United,Slaven Bilic,2015-07-01,2017-11-06,"1,43"
West Ham United,Sam Allardyce,2011-07-01,2015-06-30,"1,39"
West Ham United,Kevin Keen,2011-05-15,2011-05-31,"0,00"
West Ham United,Avram Grant,2010-07-01,2011-05-15,"1,21"
West Ham United,Gianfranco Zola,2008-09-11,2010-05-11,"1,11"
West Ham United,Alan Curbishley,2006-12-13,2008-09-03,"1,38"
West Ham United,Alan Pardew,2003-10-20,2006-12-11,"1,46"
West Ham United,Sir Trevor Brooking,2003-08-24,2003-10-20,"2,18"
West Ham United,Sir Trevor Brooking,2003-04-24,2003-05-12,"2,33"
West Ham United,Glenn Roeder,2001-07-01,2003-08-20,"1,23"
West Ham United,Harry Redknapp,1994-08-01,2001-05-09,"1,37"
West Ham United,Billy Bonds,1990-02-23,1994-08-10,"1,40"
West Ham United,Lou Macari,1989-07-03,1990-02-18,"1,38"
West Ham United,John Lyall,1974-08-16,1989-06-05,"1,32"
West Ham United,Ron Greenwood,1961-04-01,1974-08-16,"1,34"
West Ham United,Ted Fenton,1950-08-01,1961-03-31,"1,47"
West Ham United,Charlie Paynter,1932-11-01,1950-08-01,"1,11"
West Ham United,Syd King,1902-04-30,1932-11-09,"1,32"
Wolves,Rob Edwards,2025-11-12,2026-05-03,"0,81"
Wolves,Jamie Collins,2025-11-02,2025-11-11,"0,00"
Wolves,Vítor Pereira,2024-12-19,2025-11-02,"1,24"
Wolves,Gary O'Neil,2023-08-09,2024-12-15,"1,13"
Wolves,Julen Lopetegui,2022-11-14,2023-08-08,"1,30"
Wolves,Steve Davis,2022-10-03,2022-11-13,"0,88"
Wolves,Bruno Lage,2021-07-01,2022-10-02,"1,29"
Wolves,Nuno Espírito Santo,2017-07-01,2021-06-30,"1,68"
Wolves,Paul Lambert,2016-11-05,2017-05-30,"1,42"
Wolves,Rob Edwards,2016-10-25,2016-11-04,"1,00"
Wolves,Walter Zenga,2016-08-01,2016-10-25,"1,29"
Wolves,Kenny Jackett,2013-05-31,2016-07-29,"1,67"
Wolves,Dean Saunders,2013-01-07,2013-05-07,"1,00"
Wolves,Ståle Solbakken,2012-05-11,2013-01-05,"1,23"
Wolves,Terry Connor,2012-02-13,2012-06-30,"0,31"
Wolves,Mick McCarthy,2006-07-01,2012-02-13,"1,40"
Wolves,Glenn Hoddle,2004-12-08,2006-07-01,"1,51"
Wolves,Stuart Gray,2004-11-01,2004-12-07,"1,43"
Wolves,Dave Jones,2001-01-03,2004-11-01,"1,44"
Wolves,John Ward,2000-12-19,2001-01-02,"2,25"
Wolves,Colin Lee,1998-11-15,2000-12-18,"1,45"
Wolves,Mark McGhee,1995-12-13,1998-11-05,"1,51"
Wolves,Bobby Downes,1995-11-15,1995-12-12,"1,40"
Wolves,Graham Taylor,1994-03-22,1995-11-14,"1,54"
Wolves,Graham Turner,1986-10-07,1994-03-16,"1,56"
Wolves,Brian Little,1986-08-16,1986-10-06,-
Wolves,Bill McGarry,1985-09-04,1985-11-04,-
Wolves,Tommy Docherty,1984-06-08,1985-07-04,"1,50"
Wolves,Jim Barron,1984-05-01,1984-05-31,"1,00"
Wolves,Graham Hawkins,1982-08-04,1984-04-25,"0,67"
Wolves,Ian Greaves,1982-02-02,1982-08-03,"1,00"
Wolves,John Barnwell,1978-11-15,1982-01-14,"1,40"
Wolves,Sammy Chung,1976-06-19,1978-11-08,"1,16"
Wolves,Bill McGarry,1968-11-23,1976-05-13,"1,38"
Wolves,Ronnie Allen,1965-09-19,1968-11-01,"1,10"
Wolves,Andy Beattie,1964-08-01,1965-07-31,"1,47"
Wolves,Stan Cullis,1948-07-01,1964-09-18,"1,63"
Wolves,Ted Vizard,1944-04-01,1948-06-30,"1,72"
Wolves,Frank Buckley,1927-07-01,1944-03-15,"1,45"
Wolves,George Jobey,1922-09-01,1925-06-30,"1,33"
Wolves,Jack Addenbrooke,1885-08-01,1922-06-01,"1,57"
Nottingham Forest,Vítor Pereira,2026-02-15,2026-05-03,"1,67"
Nottingham Forest,Sean Dyche,2025-10-21,2026-02-12,"1,40"
Nottingham Forest,Ange Postecoglou,2025-09-09,2025-10-18,"0,25"
Nottingham Forest,Nuno Espírito Santo,2023-12-20,2025-09-09,"1,48"
Nottingham Forest,Steve Cooper,2021-09-21,2023-12-19,"1,44"
Nottingham Forest,Steven Reid,2021-09-16,2021-09-20,"3,00"
Nottingham Forest,Chris Hughton,2020-10-06,2021-09-16,"1,11"
Nottingham Forest,Sabri Lamouchi,2019-07-01,2020-10-06,"1,38"
Nottingham Forest,Martin O'Neill,2019-01-15,2019-06-30,"1,42"
Nottingham Forest,Simon Ireland,2019-01-11,2019-01-14,"0,00"
Nottingham Forest,Aitor Karanka,2018-01-08,2019-01-11,"1,33"
Nottingham Forest,Gary Brazil,2017-12-31,2018-01-07,"2,00"
Nottingham Forest,Mark Warburton,2017-03-14,2017-12-31,"1,30"
Nottingham Forest,Gary Brazil,2017-01-15,2017-03-13,"1,18"
Nottingham Forest,Philippe Montanier,2016-06-27,2017-01-14,"1,10"
Nottingham Forest,Paul Williams,2016-03-13,2016-05-12,"1,00"
Nottingham Forest,Dougie Freedman,2015-02-02,2016-03-13,"1,28"
Nottingham Forest,Stuart Pearce,2014-07-01,2015-02-01,"1,25"
Nottingham Forest,Gary Brazil,2014-03-25,2014-06-30,"0,89"
Nottingham Forest,Billy Davies,2013-02-10,2014-03-24,"1,63"
Nottingham Forest,Rob Kelly,2013-02-06,2013-02-09,"0,00"
Nottingham Forest,Alex McLeish,2012-12-28,2013-02-05,"0,71"
Nottingham Forest,Sean O'Driscoll,2012-07-19,2012-12-26,"1,50"
Nottingham Forest,Steve Cotterill,2011-10-14,2012-07-12,"1,16"
Nottingham Forest,Rob Kelly,2011-10-03,2011-10-13,-
Nottingham Forest,Steve McClaren,2011-07-01,2011-10-02,"1,08"
Nottingham Forest,Billy Davies,2009-01-01,2011-06-13,"1,55"
Nottingham Forest,John Pemberton,2008-12-27,2009-01-03,"3,00"
Nottingham Forest,Colin Calderwood,2006-07-01,2008-12-26,"1,57"
Nottingham Forest,Frank Barlow,2006-02-16,2006-05-31,"2,15"
Nottingham Forest,Gary Megson,2005-01-10,2006-02-16,"1,16"
Nottingham Forest,Mick Harford,2004-12-16,2005-01-09,"1,17"
Nottingham Forest,Joe Kinnear,2004-02-10,2004-12-16,"1,36"
Nottingham Forest,Paul Hart,2001-07-12,2004-02-07,"1,32"
Nottingham Forest,David Platt,1999-07-01,2001-06-30,"1,32"
Nottingham Forest,Ron Atkinson,1999-01-11,1999-05-16,"1,00"
Nottingham Forest,Micky Adams,1999-01-05,1999-01-11,"0,00"
Nottingham Forest,Dave Bassett,1997-05-08,1999-01-05,"1,59"
Nottingham Forest,Stuart Pearce,1996-12-20,1997-06-30,"1,25"
Nottingham Forest,Frank Clark,1993-05-12,1996-12-19,"1,55"
Nottingham Forest,Brian Clough,1975-01-03,1993-05-08,"1,66"
Nottingham Forest,Allan Brown,1973-11-19,1975-01-03,"0,83"
Nottingham Forest,Dave Mackay,1972-11-02,1973-10-22,"1,33"
Nottingham Forest,Matt Gillies,1969-01-01,1972-10-14,"1,07"
Nottingham Forest,Johnny Carey,1963-07-01,1968-12-27,"1,38"
Nottingham Forest,Andy Beattie,1960-07-01,1963-06-30,"1,27"
Nottingham Forest,Billy Walker,1939-03-01,1960-06-01,"1,32"
Nottingham Forest,Noel Watson,1931-07-01,1936-06-30,"1,18"
Nottingham Forest,Stan Hardy,1930-08-01,1931-06-30,"0,00"
Nottingham Forest,Bob Masters,1912-07-01,1925-05-31,"0,50"
Nottingham Forest,Teddy Earp,1909-08-01,1912-05-31,"1,50"
Nottingham Forest,Harry Hallam,1897-07-01,1909-05-31,"1,50"
Norwich City,Philippe Clement,2025-11-18,2026-05-03,"1,82"
Norwich City,Ryan Garry,2025-11-09,2025-11-17,-
Norwich City,Liam Manning,2025-07-01,2025-11-08,"0,71"
Norwich City,Jack Wilshere,2025-04-22,2025-05-04,"2,00"
Norwich City,Johannes Hoff Thorup,2024-07-01,2025-04-22,"1,19"
Norwich City,David Wagner,2023-01-06,2024-05-17,"1,47"
Norwich City,Allan Russell,2022-12-28,2023-01-05,"0,50"
Norwich City,Dean Smith,2021-11-15,2022-12-27,"1,09"
Norwich City,Daniel Farke,2017-07-01,2021-11-06,"1,50"
Norwich City,Alan Irvine,2017-03-10,2017-06-30,"1,70"
Norwich City,Alex Neil,2015-01-09,2017-03-10,"1,44"
Norwich City,Neil Adams,2014-04-06,2015-01-05,"1,28"
Norwich City,Chris Hughton,2012-06-07,2014-04-06,"1,16"
Norwich City,Paul Lambert,2009-08-19,2012-06-01,"1,76"
Norwich City,Ian Butterworth,2009-08-15,2009-08-18,"0,50"
Norwich City,Bryan Gunn,2009-01-21,2009-08-14,"1,00"
Norwich City,Bryan Gunn,2009-01-16,2009-01-20,"3,00"
Norwich City,Glenn Roeder,2007-10-30,2009-01-14,"1,15"
Norwich City,Jim Duffy,2007-10-09,2007-10-30,"0,00"
Norwich City,Peter Grant,2006-10-16,2007-10-08,"1,21"
Norwich City,Martin Hunter,2006-10-02,2006-10-15,"1,00"
Norwich City,Nigel Worthington,2001-01-02,2006-10-01,"1,44"
Norwich City,Nigel Worthington,2000-12-04,2001-01-01,"1,50"
Norwich City,Bryan Hamilton,2000-04-01,2000-12-04,"1,07"
Norwich City,Bruce Rioch,1998-07-01,2000-03-13,"1,29"
Norwich City,John Faulkner,1998-05-01,1998-06-30,"3,00"
Norwich City,Mike Walker,1996-07-01,1998-04-30,"1,24"
Norwich City,Gary Megson,1995-12-21,1996-06-30,"0,20"
Norwich City,Paul Franklin,1995-12-17,1995-12-20,"3,00"
Norwich City,Martin O'Neill,1995-07-01,1995-12-17,"2,00"
Norwich City,Gary Megson,1995-04-09,1995-06-30,-
Norwich City,John Deehan,1994-01-07,1995-04-09,"1,08"
Norwich City,Mike Walker,1992-07-01,1994-01-06,"1,59"
Norwich City,David Williams,1992-05-01,1992-06-30,-
Norwich City,Dave Stringer,1987-11-09,1992-05-01,"1,36"
Norwich City,Ken Brown,1980-11-01,1987-11-09,"1,28"
Norwich City,John Bond,1973-11-27,1980-10-16,"1,14"
Norwich City,Ron Saunders,1969-07-01,1973-11-16,"1,08"
Norwich City,Ron Ashman,1963-07-01,1966-05-31,"0,89"
Norwich City,Ron Ashman,1962-12-01,1963-06-30,"1,50"
Norwich City,George Swindin,1962-05-01,1962-10-29,"1,50"
Norwich City,Willie Reid,1961-12-14,1962-06-30,"1,38"
Norwich City,Archie Macaulay,1957-04-01,1961-09-30,"1,00"
Norwich City,Norman Low,1950-05-01,1955-04-30,-
Norwich City,Cyril Spiers,1946-07-01,1947-12-01,-
Norwich City,Charlie O'Hagan,1920-07-01,1921-06-30,-
Norwich City,Frank Buckley,1919-08-01,1920-06-30,-
Augsburg,Manuel Baum,2025-12-01,2026-05-04,"1,50"
Augsburg,Sandro Wagner,2025-07-01,2025-12-01,"0,93"
Augsburg,Jess Thorup,2023-10-15,2025-05-23,"1,32"
Augsburg,Enrico Maassen,2022-07-01,2023-10-09,"0,95"
Augsburg,Markus Weinzierl,2021-04-26,2022-06-30,"1,16"
Augsburg,Heiko Herrlich,2020-03-10,2021-04-26,"1,07"
Augsburg,Martin Schmidt,2019-04-09,2020-03-09,"1,06"
Augsburg,Manuel Baum,2016-12-28,2019-04-09,"1,12"
Augsburg,Manuel Baum,2016-12-14,2016-12-27,"2,00"
Augsburg,Dirk Schuster,2016-07-01,2016-12-14,"1,06"
Augsburg,Markus Weinzierl,2012-07-01,2016-06-30,"1,30"
Augsburg,Jos Luhukay,2009-04-14,2012-06-30,"1,61"
Augsburg,Holger Fach,2008-04-18,2009-04-13,"1,15"
Augsburg,Ralf Loose,2007-10-01,2008-04-16,"1,30"
Augsburg,Rainer Hörgl,2004-09-27,2007-09-25,"1,82"
Augsburg,Armin Veh,2003-10-13,2004-09-26,"1,45"
Augsburg,Ernst Middendorp,2002-07-01,2003-09-28,"1,58"
Augsburg,Gino Lettieri,2000-07-01,2002-06-30,"2,07"
Augsburg,Hans-Jürgen Boysen,2000-01-01,2000-06-30,"1,43"
Augsburg,Heiner Schuhmann,1999-12-02,1999-12-31,"3,00"
Augsburg,Alfons Higl,1999-07-01,1999-11-30,"1,21"
Augsburg,Gerd Schwickert,1998-07-01,1999-06-30,"1,12"
Augsburg,Helmut Riedl,1998-04-19,1998-06-30,"1,40"
Augsburg,Hubert Müller,1997-01-01,1998-04-18,"1,25"
Augsburg,Helmut Riedl,1996-09-25,1996-12-31,"1,10"
Augsburg,Karsten Wettberg,1995-07-01,1996-09-24,"1,17"
Augsburg,Helmut Riedl,1995-05-07,1995-06-30,"0,20"
Augsburg,Armin Veh,1990-07-01,1995-06-30,"1,71"
Augsburg,Gernot Fuchs,1990-05-01,1990-05-31,-
Augsburg,Dieter Schatzschneider,1990-01-22,1990-04-30,-
Augsburg,Jimmy Hartwig,1989-10-05,1989-12-06,-
Augsburg,Helmut Haller,1989-02-25,1989-10-04,"0,50"
Augsburg,Hans Greben,1988-03-01,1989-02-28,"0,00"
Augsburg,Paul Sauter,1984-07-01,1986-06-30,"0,00"
Augsburg,Hannes Baldauf,1982-07-01,1984-06-30,"1,10"
Augsburg,Heinz Elzner,1980-07-01,1981-03-31,"1,00"
Augsburg,Heiner Schuhmann,1981-03-31,1981-05-31,"0,56"
Augsburg,Heiner Schuhmann,1979-07-01,1980-06-30,"1,00"
Augsburg,Hans Cieslarczyk,1979-01-01,1979-06-30,"1,05"
Augsburg,Werner Sterzik,1978-06-30,1978-11-30,"1,00"
Augsburg,Heiner Schuhmann,1978-05-16,1978-06-30,"1,50"
Augsburg,Werner Olk,1977-07-01,1978-05-15,"1,26"
Augsburg,Max Merkel,1976-10-25,1977-06-30,"1,57"
Augsburg,Gerd Menne,1975-12-11,1976-11-01,"1,34"
Augsburg,Volker Kottmann,1975-07-01,1975-12-31,"1,00"
Augsburg,Milovan Beljin,1974-07-01,1975-06-30,"1,33"
Augsburg,Kurt Schwarzhuber,1971-12-01,1973-06-30,"0,50"
Augsburg,Slobodan Cendic,1971-10-16,1971-12-15,-
Augsburg,Fritz Schollmeyer,1964-07-01,1967-06-30,-
Augsburg,Karl-Heinz Spikofski,1963-07-01,1964-06-30,"0,97"
Augsburg,Hans Hipp,1961-07-01,1963-06-30,"0,98"
Augsburg,Robert Gebhardt,1960-07-01,1961-06-30,"0,00"
Augsburg,Karl Striebinger,1959-01-01,1959-12-31,"1,31"
Augsburg,Ernst Reitermaier,1957-07-01,1958-12-31,"0,93"
Augsburg,Fritz Rebell,1956-07-01,1957-06-30,"1,03"
Augsburg,Hans Hipp,1953-07-01,1956-06-30,"1,30"
Augsburg,Karl Sesta,1952-07-01,1953-06-30,"1,32"
Augsburg,Karl Striebinger,1951-07-01,1952-06-30,-
Augsburg,Sepp Pöttinger,1949-11-02,1951-06-30,"1,16"
Augsburg,Ludwig Tretter,1949-02-15,1949-10-31,"1,16"
Augsburg,Georg Ertl,1948-07-01,1949-02-14,"0,74"
Augsburg,Karl Huiras,1946-07-01,1947-06-30,"1,11"
Augsburg,Karl Weber,1945-07-01,1945-12-31,"0,50"
Augsburg,Konrad Heidkamp,1937-07-01,1939-06-30,-
Leverkusen,Kasper Hjulmand,2025-09-08,2026-05-04,"1,80"
Leverkusen,Erik ten Hag,2025-07-01,2025-09-01,"1,33"
Leverkusen,Xabi Alonso,2022-10-05,2025-05-31,"2,14"
Leverkusen,Gerardo Seoane,2021-07-01,2022-10-05,"1,57"
Leverkusen,Hannes Wolf,2021-03-23,2021-06-30,"1,50"
Leverkusen,Peter Bosz,2018-12-23,2021-03-23,"1,79"
Leverkusen,Heiko Herrlich,2017-07-01,2018-12-23,"1,72"
Leverkusen,Tayfun Korkut,2017-03-06,2017-06-30,"1,00"
Leverkusen,Roger Schmidt,2014-07-01,2017-03-05,"1,70"
Leverkusen,Sascha Lewandowski,2014-04-06,2014-06-30,"2,60"
Leverkusen,Sami Hyypiä,2013-07-01,2014-04-05,"1,63"
Leverkusen,Sascha Lewandowski,2012-04-01,2013-06-30,"1,96"
Leverkusen,Sami Hyypiä,2012-04-01,2013-06-30,"0,00"
Leverkusen,Robin Dutt,2011-07-01,2012-04-01,"1,35"
Leverkusen,Jupp Heynckes,2009-07-01,2011-06-30,"1,87"
Leverkusen,Bruno Labbadia,2008-07-01,2009-06-30,"1,60"
Leverkusen,Michael Skibbe,2005-10-09,2008-05-21,"1,49"
Leverkusen,Rudi Völler,2005-09-16,2005-10-08,"1,40"
Leverkusen,Klaus Augenthaler,2003-05-13,2005-09-16,"1,71"
Leverkusen,Thomas Hörster,2003-02-16,2003-05-12,"0,88"
Leverkusen,Klaus Toppmöller,2001-06-27,2003-02-16,"1,67"
Leverkusen,Berti Vogts,2000-11-14,2001-05-20,"1,44"
Leverkusen,Rudi Völler,2000-10-21,2000-11-13,"2,43"
Leverkusen,Christoph Daum,1996-07-01,2000-10-23,"1,77"
Leverkusen,Peter Hermann,1996-05-14,1996-06-30,"1,00"
Leverkusen,Peter Hermann,1996-04-28,1996-05-13,"0,75"
Leverkusen,Erich Ribbeck,1995-04-10,1996-04-28,"1,56"
Leverkusen,Peter Hermann,1995-04-06,1995-04-10,"3,00"
Leverkusen,Dragoslav Stepanovic,1993-05-04,1995-04-07,"1,62"
Leverkusen,Reinhard Saftig,1991-07-01,1993-05-04,"1,66"
Leverkusen,Peter Hermann,1991-05-31,1991-06-30,-
Leverkusen,Jürgen Gelsdorf,1989-04-13,1991-05-30,"1,44"
Leverkusen,Rinus Michels,1988-07-01,1989-04-13,"1,32"
Leverkusen,Erich Ribbeck,1985-07-01,1988-06-30,"1,56"
Leverkusen,Dettmar Cramer,1982-07-01,1985-06-30,"1,28"
Leverkusen,Gerhard Kentschke,1981-11-23,1982-06-30,"0,90"
Leverkusen,Willibert Kremer,1976-04-01,1981-11-22,"1,51"
Leverkusen,Radoslav Momirski,1976-02-11,1976-03-29,"1,00"
Leverkusen,Manfred Rummel,1974-07-01,1976-02-10,"1,12"
Leverkusen,Friedhelm Renno,1973-09-01,1974-06-30,"3,00"
Leverkusen,Gero Bisanz,1972-07-01,1973-09-01,"0,73"
Leverkusen,Theo Kirchberg,1965-07-01,1972-06-30,"1,39"
Leverkusen,Fritz Pliska,1962-07-01,1965-06-30,"1,21"
Leverkusen,Erich Garske,1960-07-01,1962-03-31,"3,00"
Leverkusen,Theo Kirchberg,1959-07-01,1960-06-30,-
Leverkusen,Edmund Conen,1957-07-01,1960-06-30,-
Leverkusen,Emil Melcher,1956-07-01,1957-06-30,"0,00"
Leverkusen,Josef Kretschmann,1953-07-01,1956-06-30,"1,30"
Leverkusen,Franz Strehle,1951-07-01,1953-06-30,"1,35"
Leverkusen,Raymond Schwab,1950-07-01,1952-06-30,-
Leverkusen,Lorenz Polster,1950-01-01,1950-06-30,-
Leverkusen,Theo Kirchberg,1949-07-01,1949-12-31,-
Leverkusen,Karl Winkler,1948-09-28,1949-06-30,-
Leverkusen,Richard Job,1946-07-01,1948-06-30,-
Leverkusen,Karl Winkler,1941-07-01,1945-06-30,-
Leverkusen,Paul Bornefeld,1939-07-01,1941-06-30,-
Bayern Munich,Vincent Kompany,2024-07-01,2026-05-04,"2,40"
Bayern Munich,Thomas Tuchel,2023-03-24,2024-06-30,"1,95"
Bayern Munich,Julian Nagelsmann,2021-07-01,2023-03-24,"2,31"
Bayern Munich,Hansi Flick,2019-11-03,2021-06-30,"2,53"
Bayern Munich,Niko Kovac,2018-07-01,2019-11-03,"2,26"
Bayern Munich,Jupp Heynckes,2017-10-09,2018-06-30,"2,49"
Bayern Munich,Willy Sagnol,2017-09-29,2017-10-08,"1,00"
Bayern Munich,Carlo Ancelotti,2016-07-01,2017-09-28,"2,28"
Bayern Munich,Pep Guardiola,2013-07-01,2016-06-30,"2,41"
Bayern Munich,Jupp Heynckes,2011-07-01,2013-06-30,"2,43"
Bayern Munich,Andries Jonker,2011-04-11,2011-06-30,"2,60"
Bayern Munich,Louis van Gaal,2009-07-01,2011-04-10,"2,03"
Bayern Munich,Jupp Heynckes,2009-04-27,2009-06-30,"2,60"
Bayern Munich,Jürgen Klinsmann,2008-07-01,2009-04-27,"1,95"
Bayern Munich,Ottmar Hitzfeld,2007-01-31,2008-06-30,"2,07"
Bayern Munich,Felix Magath,2004-07-01,2007-01-31,"2,13"
Bayern Munich,Ottmar Hitzfeld,1998-07-01,2004-06-30,"2,06"
Bayern Munich,Giovanni Trapattoni,1996-07-01,1998-06-30,"2,07"
Bayern Munich,Klaus Augenthaler,1996-05-16,1996-06-30,"1,00"
Bayern Munich,Franz Beckenbauer,1996-04-28,1996-05-15,"1,80"
Bayern Munich,Otto Rehhagel,1995-07-01,1996-04-27,"2,05"
Bayern Munich,Giovanni Trapattoni,1994-07-01,1995-06-30,"1,50"
Bayern Munich,Franz Beckenbauer,1993-12-28,1994-06-30,"2,07"
Bayern Munich,Erich Ribbeck,1992-03-12,1993-12-27,"1,76"
Bayern Munich,Sören Lerby,1991-10-09,1992-03-11,"1,18"
Bayern Munich,Jupp Heynckes,1987-07-01,1991-10-08,"1,94"
Bayern Munich,Udo Lattek,1983-07-01,1987-06-30,"2,11"
Bayern Munich,Reinhard Saftig,1983-05-17,1983-06-30,"1,33"
Bayern Munich,Pál Csernai,1978-12-12,1983-05-16,"1,98"
Bayern Munich,Gyula Lóránt,1977-12-02,1978-12-10,"1,37"
Bayern Munich,Dettmar Cramer,1975-01-16,1977-11-27,"1,61"
Bayern Munich,Udo Lattek,1970-03-13,1975-01-02,"2,06"
Bayern Munich,Branko Zebec,1968-07-01,1970-03-12,"1,95"
Bayern Munich,Zlatko Cajkovski,1963-07-01,1968-06-30,"1,94"
Bayern Munich,Helmut Schneider,1961-07-01,1963-06-30,"1,80"
Bayern Munich,Adolf Patek,1958-07-01,1961-06-30,"1,68"
Bayern Munich,Herbert Moll,1958-02-03,1958-06-30,"1,86"
Bayern Munich,Willibald Hahn,1956-07-01,1958-02-03,"1,39"
Bayern Munich,Herbert Moll,1955-02-22,1956-06-30,"0,22"
Bayern Munich,Jakob Streitle,1954-12-14,1955-02-21,"1,29"
Bayern Munich,Georg Knöpfle,1954-07-01,1954-12-13,"0,71"
Bayern Munich,Georg Bayerer,1953-07-01,1954-06-30,"1,23"
Bayern Munich,Max Schäfer,1951-07-01,1953-06-30,"1,37"
Bayern Munich,Konrad Heidkamp,1950-11-23,1951-06-30,"1,52"
Bayern Munich,David Davison,1950-07-01,1950-11-17,"1,17"
Bayern Munich,Alwin Riemke,1948-07-01,1950-06-30,"1,39"
Bayern Munich,Franz Dietl,1947-07-01,1948-06-30,"1,87"
Bayern Munich,Sepp Pöttinger,1946-07-01,1947-06-30,"1,27"
Bayern Munich,Richard Högg,1945-07-01,1946-06-30,"1,75"
Bayern Munich,Alfréd Schaffer,1944-07-01,1945-06-30,-
Bayern Munich,Konrad Heidkamp,1943-07-01,1944-06-30,"0,00"
Bayern Munich,Ludwig Goldbrunner,1938-07-01,1943-06-30,"1,50"
Bayern Munich,Heinrich Körner,1937-07-01,1938-06-30,-
Bayern Munich,Dr. Richard Michalke,1936-07-01,1937-06-30,-
Bayern Munich,Ludwig Hofmann,1934-07-01,1935-10-02,"0,00"
Bayern Munich,Hans Tauchert,1933-07-01,1934-06-30,-
Bayern Munich,Richard Kohn,1930-07-01,1933-05-31,"3,00"
Bayern Munich,Kálmán Konrád,1928-07-01,1930-06-30,"2,25"
Bayern Munich,Leó Weisz,1926-07-01,1928-06-30,"0,00"
Bayern Munich,James Mac Pherson jr.,1925-07-01,1926-06-30,"0,00"
Bayern Munich,Izidor Kürschner,1920-07-01,1921-06-30,-
Bayern Munich,Bill Townley,1919-07-01,1921-06-30,-
Bayern Munich,Bill Townley,1914-07-01,1915-06-30,-
Bayern Munich,Bill Townley,1913-11-30,1914-03-31,-
Bayern Munich,Charles Griffiths,1911-08-16,1912-04-06,-
Bayern Munich,Georg Hoer,1909-07-01,1911-06-30,-
Bayern Munich,Thomas Taylor,1906-07-01,1909-06-30,-
Bayern Munich,Dr. Willem Hesselink,1902-07-01,1905-06-30,-
Dortmund,Niko Kovac,2025-02-02,2026-05-04,"1,94"
Dortmund,Mike Tullberg,2025-01-22,2025-02-02,"2,33"
Dortmund,Nuri Şahin,2024-07-01,2025-01-22,"1,48"
Dortmund,Edin Terzic,2022-07-01,2024-06-30,"1,93"
Dortmund,Marco Rose,2021-07-01,2022-05-20,"1,85"
Dortmund,Edin Terzic,2020-12-29,2021-06-30,"2,00"
Dortmund,Edin Terzic,2020-12-13,2020-12-28,"2,00"
Dortmund,Lucien Favre,2018-07-01,2020-12-13,"2,01"
Dortmund,Peter Stöger,2017-12-10,2018-06-30,"1,58"
Dortmund,Peter Bosz,2017-07-01,2017-12-09,"1,25"
Dortmund,Thomas Tuchel,2015-07-01,2017-06-30,"2,12"
Dortmund,Jürgen Klopp,2008-07-01,2015-06-30,"1,91"
Dortmund,Thomas Doll,2007-03-13,2008-06-30,"1,45"
Dortmund,Jürgen Röber,2006-12-19,2007-03-12,"0,75"
Dortmund,Bert van Marwijk,2004-07-01,2006-12-18,"1,44"
Dortmund,Matthias Sammer,2000-07-01,2004-06-30,"1,72"
Dortmund,Udo Lattek,2000-04-14,2000-06-30,"1,60"
Dortmund,Bernd Krauss,2000-02-06,2000-04-13,"0,38"
Dortmund,Michael Skibbe,1998-07-01,2000-02-04,"1,60"
Dortmund,Nevio Scala,1997-07-01,1998-06-30,"1,46"
Dortmund,Ottmar Hitzfeld,1991-07-01,1997-06-30,"1,86"
Dortmund,Horst Köppel,1988-07-01,1991-06-30,"1,60"
Dortmund,Reinhard Saftig,1986-04-21,1988-06-30,"1,43"
Dortmund,Pál Csernai,1985-07-01,1986-04-20,"1,24"
Dortmund,Erich Ribbeck,1984-10-28,1985-06-30,"1,36"
Dortmund,Reinhard Saftig,1984-10-25,1984-10-27,"3,00"
Dortmund,Timo Konietzka,1984-07-01,1984-10-24,"0,91"
Dortmund,Horst Franz,1983-11-16,1984-06-30,"1,45"
Dortmund,Hans-Dieter Tippenhauer,1983-11-01,1983-11-15,"0,50"
Dortmund,Helmut Witte,1983-10-23,1983-10-31,"0,00"
Dortmund,Ulrich Maslo,1983-07-01,1983-10-23,"0,92"
Dortmund,Helmut Witte,1983-04-06,1983-06-30,"0,75"
Dortmund,Karl-Heinz Feldkamp,1982-07-01,1983-04-05,"1,88"
Dortmund,Branko Zebec,1981-07-01,1982-06-30,"1,76"
Dortmund,Rolf Bock,1981-05-11,1981-06-30,"1,25"
Dortmund,Udo Lattek,1979-07-01,1981-05-10,"1,56"
Dortmund,Ulrich Maslo,1979-04-30,1979-06-30,"1,60"
Dortmund,Carl-Heinz Rühl,1978-07-01,1979-04-29,"1,26"
Dortmund,Otto Rehhagel,1976-06-15,1978-04-30,"1,41"
Dortmund,Horst Buhtz,1976-02-01,1976-06-14,"2,06"
Dortmund,Otto Knefler,1974-07-01,1976-02-01,"1,74"
Dortmund,Dieter Kurrat,1974-02-15,1974-06-30,"1,09"
Dortmund,János Bédl,1973-07-01,1974-02-14,"1,74"
Dortmund,Max Michallek,1973-04-30,1973-06-30,"1,50"
Dortmund,Detlev Brüggemann,1973-03-01,1973-04-30,"1,25"
Dortmund,Herbert Burdenski,1972-01-03,1973-02-28,"1,38"
Dortmund,Horst Witzler,1970-07-01,1971-12-21,"0,98"
Dortmund,Helmut Bracht,1970-05-16,1970-06-30,"1,50"
Dortmund,Hermann Lindemann,1969-03-21,1970-05-15,"1,48"
Dortmund,Helmut Schneider,1968-12-17,1969-03-17,"0,78"
Dortmund,Oswald Pfau,1968-04-18,1968-12-16,"1,22"
Dortmund,Heinz Murach,1966-07-01,1968-04-10,"1,43"
Dortmund,Willi Multhaup,1965-07-01,1966-06-30,"2,00"
Dortmund,Hermann Eppenhoff,1961-07-01,1965-06-30,"1,75"
Dortmund,Max Merkel,1958-07-01,1961-07-31,"1,71"
Dortmund,Hans Tauchert,1957-08-01,1958-06-30,"1,60"
Dortmund,Helmut Schneider,1955-07-01,1957-06-30,"2,09"
Dortmund,Hans Schmidt,1951-08-01,1955-06-30,"1,70"
Dortmund,Josef Kretschmann,1950-04-01,1951-06-30,"1,75"
Dortmund,Eduard Havlicek,1948-08-01,1950-06-30,"2,19"
Dortmund,Ferdinand Fabra,1947-02-28,1948-06-30,"2,07"
Dortmund,Fritz Thelen,1946-01-10,1946-07-31,-
Dortmund,Wilhelm Sevcik,1938-07-01,1939-06-30,-
Dortmund,Ferdinand Swatosch,1936-07-01,1938-06-30,"2,00"
Dortmund,Fritz Thelen,1935-09-01,1936-05-31,-
Dortmund,Ernst Kuzorra,1935-07-01,1935-08-31,-
Dortmund,Anton Cargnelli,1923-07-01,1923-12-31,-
Gladbach,Eugen Polanski,2025-11-18,2026-05-04,"1,13"
Gladbach,Eugen Polanski,2025-09-15,2025-11-17,"1,38"
Gladbach,Gerardo Seoane,2023-06-06,2025-09-15,"1,22"
Gladbach,Daniel Farke,2022-07-01,2023-06-02,"1,28"
Gladbach,Adi Hütter,2021-07-01,2022-06-30,"1,38"
Gladbach,Marco Rose,2019-07-01,2021-06-30,"1,61"
Gladbach,Dieter Hecking,2016-12-21,2019-06-30,"1,54"
Gladbach,André Schubert,2015-11-13,2016-12-21,"1,41"
Gladbach,André Schubert,2015-09-21,2015-11-12,"2,18"
Gladbach,Lucien Favre,2011-02-14,2015-09-20,"1,65"
Gladbach,Michael Frontzeck,2009-07-01,2011-02-13,"1,05"
Gladbach,Hans Meyer,2008-10-18,2009-05-28,"1,04"
Gladbach,Christian Ziege,2008-10-05,2008-10-18,"1,00"
Gladbach,Jos Luhukay,2007-02-03,2008-10-05,"1,42"
Gladbach,Jupp Heynckes,2006-07-01,2007-02-02,"0,90"
Gladbach,Jörn Andersen,2006-05-15,2006-06-30,-
Gladbach,Horst Köppel,2005-05-18,2006-05-14,"1,22"
Gladbach,Horst Köppel,2005-04-19,2005-05-17,"1,50"
Gladbach,Dick Advocaat,2004-11-02,2005-04-18,"1,00"
Gladbach,Horst Köppel,2004-10-28,2004-11-01,"3,00"
Gladbach,Holger Fach,2003-09-21,2004-10-27,"1,23"
Gladbach,Ewald Lienen,2003-03-02,2003-09-21,"1,44"
Gladbach,Hans Meyer,1999-09-07,2003-03-01,"1,50"
Gladbach,Manfred Stefes,1999-09-01,1999-09-06,-
Gladbach,Rainer Bonhof,1998-11-10,1999-08-31,"0,57"
Gladbach,Friedel Rausch,1998-04-01,1998-11-09,"1,11"
Gladbach,Norbert Meier,1997-12-01,1998-03-31,"0,91"
Gladbach,Hannes Bongartz,1996-12-19,1997-11-29,"1,31"
Gladbach,Bernd Krauss,1991-11-06,1996-12-07,"1,62"
Gladbach,Jürgen Gelsdorf,1991-10-03,1992-11-05,"1,23"
Gladbach,Bernd Krauss,1991-09-25,1991-10-07,"1,50"
Gladbach,Gerd Vom Bruch,1989-11-22,1991-09-25,"1,38"
Gladbach,Wolf Werner,1987-07-01,1989-11-21,"1,28"
Gladbach,Jupp Heynckes,1979-07-01,1987-06-30,"1,69"
Gladbach,Udo Lattek,1975-07-01,1979-06-30,"1,76"
Gladbach,Hennes Weisweiler,1964-04-27,1975-06-30,"1,84"
Gladbach,Fritz Langner,1962-07-01,1964-04-25,"1,44"
Gladbach,Bernd Oles,1960-07-01,1962-06-30,"1,31"
Gladbach,Fritz Pliska,1957-07-01,1960-06-30,"1,19"
Gladbach,Klaus Dondorf,1955-07-01,1957-06-30,"0,77"
Gladbach,Fritz Silken,1953-07-01,1955-06-30,"1,20"
Gladbach,Fritz Pliska,1951-07-01,1953-06-30,"0,93"
Gladbach,Werner Sottong,1950-07-01,1951-06-30,"1,06"
Gladbach,Paul Pohl,1950-07-01,1951-06-30,-
Eintracht Frankfurt,Albert Riera,2026-02-02,2026-05-04,"1,33"
Eintracht Frankfurt,Dennis Schmitt,2026-01-18,2026-02-01,"0,00"
Eintracht Frankfurt,Dino Toppmöller,2023-07-01,2026-01-18,"1,55"
Eintracht Frankfurt,Oliver Glasner,2021-07-01,2023-06-30,"1,51"
Eintracht Frankfurt,Adi Hütter,2018-07-01,2021-06-30,"1,65"
Eintracht Frankfurt,Niko Kovac,2016-03-08,2018-06-30,"1,54"
Eintracht Frankfurt,Armin Veh,2015-07-01,2016-03-06,"1,00"
Eintracht Frankfurt,Thomas Schaaf,2014-07-01,2015-05-26,"1,28"
Eintracht Frankfurt,Armin Veh,2011-07-01,2014-06-30,"1,60"
Eintracht Frankfurt,Christoph Daum,2011-03-23,2011-05-16,"0,43"
Eintracht Frankfurt,Michael Skibbe,2009-07-01,2011-03-22,"1,33"
Eintracht Frankfurt,Friedhelm Funkel,2004-07-01,2009-06-30,"1,35"
Eintracht Frankfurt,Willi Reimann,2002-07-01,2004-05-27,"1,41"
Eintracht Frankfurt,Armin Kraaz,2002-03-08,2002-05-28,"1,29"
Eintracht Frankfurt,Martin Andermatt,2001-06-01,2002-03-08,"1,68"
Eintracht Frankfurt,Friedel Rausch,2001-04-03,2001-05-19,"0,86"
Eintracht Frankfurt,Rolf Dohmen,2001-01-30,2001-04-02,"1,13"
Eintracht Frankfurt,Felix Magath,1999-12-27,2001-01-29,"1,35"
Eintracht Frankfurt,Jörg Berger,1999-04-18,1999-12-19,"1,08"
Eintracht Frankfurt,Reinhold Fanz,1998-12-22,1999-04-19,"0,67"
Eintracht Frankfurt,Bernhard Lippert,1998-12-09,1999-01-10,"0,50"
Eintracht Frankfurt,Horst Ehrmantraut,1996-12-18,1998-12-08,"1,64"
Eintracht Frankfurt,Rudi Bommer,1996-12-08,1996-12-31,-
Eintracht Frankfurt,Dragoslav Stepanovic,1996-04-01,1996-12-07,"0,93"
Eintracht Frankfurt,Karl-Heinz Körbel,1995-04-03,1996-03-30,"1,31"
Eintracht Frankfurt,Jupp Heynckes,1994-07-01,1995-04-02,"1,32"
Eintracht Frankfurt,Karl-Heinz Körbel,1994-04-03,1994-06-30,"1,40"
Eintracht Frankfurt,Klaus Toppmöller,1993-07-01,1994-04-10,"1,56"
Eintracht Frankfurt,Horst Heese,1993-03-31,1993-06-30,"1,45"
Eintracht Frankfurt,Dragoslav Stepanovic,1991-04-14,1993-03-30,"1,81"
Eintracht Frankfurt,Jörg Berger,1988-12-18,1991-04-13,"1,48"
Eintracht Frankfurt,Pál Csernai,1988-09-15,1988-12-12,"1,43"
Eintracht Frankfurt,Karl-Heinz Feldkamp,1987-07-01,1988-09-14,"1,33"
Eintracht Frankfurt,Timo Zahnleiter,1986-12-04,1987-06-30,"0,74"
Eintracht Frankfurt,Dietrich Weise,1983-10-30,1986-12-03,"1,22"
Eintracht Frankfurt,Klaus Mank,1983-10-22,1983-10-29,"0,50"
Eintracht Frankfurt,Jürgen Grabowski,1983-10-18,1983-10-29,-
Eintracht Frankfurt,Branko Zebec,1982-09-19,1983-10-17,"1,13"
Eintracht Frankfurt,Helmut Senekowitsch,1982-07-01,1982-09-17,"0,50"
Eintracht Frankfurt,Lothar Buchmann,1980-07-01,1982-06-30,"1,66"
Eintracht Frankfurt,Friedel Rausch,1979-01-08,1980-06-30,"1,53"
Eintracht Frankfurt,Udo Klug,1978-11-06,1979-01-07,"1,75"
Eintracht Frankfurt,Otto Knefler,1978-07-01,1978-11-06,"2,15"
Eintracht Frankfurt,Dettmar Cramer,1977-12-09,1978-06-30,"1,53"
Eintracht Frankfurt,Jürgen Grabowski,1977-12-01,1977-12-08,"2,00"
Eintracht Frankfurt,Gyula Lóránt,1976-11-09,1977-11-30,"1,93"
Eintracht Frankfurt,Hans-Dieter Roos,1976-07-01,1976-11-08,"1,14"
Eintracht Frankfurt,Dietrich Weise,1973-07-01,1976-06-30,"1,82"
Eintracht Frankfurt,Erich Ribbeck,1968-07-01,1973-06-30,"1,43"
Eintracht Frankfurt,Alexander Schwartz,1965-07-01,1968-06-30,"1,61"
Eintracht Frankfurt,Ivica Horvat,1964-04-18,1965-06-30,"1,49"
Eintracht Frankfurt,Paul Oßwald,1958-07-01,1964-04-17,"2,02"
Eintracht Frankfurt,Adolf Patek,1956-07-01,1958-06-30,"1,70"
Eintracht Frankfurt,Kurt Windmann,1950-07-01,1956-06-30,"1,61"
Eintracht Frankfurt,Walter Hollstein,1949-01-01,1950-06-30,"1,09"
Eintracht Frankfurt,Bernhard Kellerhoff,1948-02-01,1948-12-31,"1,41"
Eintracht Frankfurt,Willi Treml,1947-06-02,1948-01-31,"1,58"
Eintracht Frankfurt,Emil Melcher,1946-07-01,1947-06-30,"1,58"
Eintracht Frankfurt,Wilhelm Pfeiffer,1945-07-01,1945-12-10,"0,33"
Eintracht Frankfurt,Paul Oßwald,1935-07-01,1938-06-30,"1,88"
Eintracht Frankfurt,Willi Spreng,1933-07-01,1935-06-30,-
Eintracht Frankfurt,Paul Oßwald,1928-07-01,1933-08-31,"1,91"
Eintracht Frankfurt,Gustav Wieser,1927-05-29,1928-06-18,-
Eintracht Frankfurt,Friedel Egly,1926-07-01,1927-06-30,-
Eintracht Frankfurt,Maurice Parry,1925-03-23,1926-02-01,-
Eintracht Frankfurt,Izidor Kürschner,1921-07-01,1922-06-30,-
Eintracht Frankfurt,Albert John,1919-07-01,1920-06-30,-
Eintracht Frankfurt,Paul Gilly-Goldberger,1911-02-01,1912-06-30,-
Freiburg,Julian Schuster,2024-07-01,2026-05-04,"1,64"
Freiburg,Christian Streich,2011-12-29,2024-06-30,"1,45"
Freiburg,Marcus Sorg,2011-07-01,2011-12-29,"0,72"
Freiburg,Robin Dutt,2007-07-01,2011-06-30,"1,50"
Freiburg,Volker Finke,1991-07-01,2007-06-30,"1,44"
Freiburg,Eckhard Krautzun,1990-07-01,1991-06-30,"1,41"
Freiburg,Bernd Hoss,1989-12-01,1990-06-30,"1,00"
Freiburg,Uwe Ehret,1989-08-27,1989-11-26,"1,25"
Freiburg,Lorenz-Günther Köstner,1989-07-01,1989-08-31,"2,14"
Freiburg,Uwe Ehret,1989-04-09,1989-06-30,"1,80"
Freiburg,Fritz Fuchs,1989-01-01,1989-04-08,"1,11"
Freiburg,Jörg Berger,1986-07-01,1988-12-17,"1,41"
Freiburg,Horst Zick,1986-03-23,1986-06-30,"1,75"
Freiburg,Kurt Rettenberger,1986-02-28,1986-05-31,-
Freiburg,Josef Becker,1986-01-25,1986-03-22,"0,25"
Freiburg,Antun Rudinski,1984-07-01,1985-11-30,"1,24"
Freiburg,Fritz Fuchs,1983-07-01,1984-06-30,"1,48"
Freiburg,Werner Olk,1982-07-01,1983-06-30,"1,41"
Freiburg,Lutz Hangartner,1981-07-01,1982-06-30,"1,20"
Freiburg,Karl-Heinz Bente,1981-02-14,1981-06-30,"1,36"
Freiburg,Horst Zick,1981-01-25,1981-02-13,-
Freiburg,Norbert Wagner,1980-07-01,1981-02-10,"1,62"
Freiburg,Heinz Baas,1978-09-30,1979-06-30,"1,22"
Freiburg,Manfred Brief,1972-07-01,1978-09-30,"1,93"
Freiburg,Edgar Heilbrunner,1969-07-01,1972-06-30,-
Freiburg,Hans Diehl,1964-07-01,1969-06-30,-
Freiburg,Hans Faber,1963-07-01,1964-06-30,-
Freiburg,Hans Roggow,1960-07-01,1963-06-30,-
Freiburg,Josef Pojar,1931-05-23,1934-01-25,-
Hoffenheim,Christian Ilzer,2024-11-15,2026-05-04,"1,40"
Hoffenheim,Pellegrino Matarazzo,2023-02-08,2024-11-11,"1,28"
Hoffenheim,André Breitenreiter,2022-07-01,2023-02-06,"1,14"
Hoffenheim,Sebastian Hoeneß,2020-08-02,2022-06-30,"1,42"
Hoffenheim,Marcel Rapp,2020-06-25,2020-06-30,"3,00"
Hoffenheim,Matthias Kaltenbach,2020-06-09,2020-06-30,-
Hoffenheim,Marcel Rapp,2020-06-09,2020-06-24,"2,00"
Hoffenheim,Alfred Schreuder,2019-07-01,2020-06-09,"1,48"
Hoffenheim,Julian Nagelsmann,2016-02-11,2019-06-30,"1,53"
Hoffenheim,Huub Stevens,2015-10-26,2016-02-10,"0,80"
Hoffenheim,Markus Gisdol,2013-04-02,2015-10-26,"1,34"
Hoffenheim,Marco Kurz,2013-01-01,2013-04-01,"0,80"
Hoffenheim,Frank Kramer,2012-12-04,2012-12-17,"0,00"
Hoffenheim,Markus Babbel,2012-02-10,2012-12-03,"0,97"
Hoffenheim,Holger Stanislawski,2011-07-01,2012-02-09,"1,38"
Hoffenheim,Marco Pezzaiuoli,2011-01-02,2011-06-30,"1,00"
Hoffenheim,Ralf Rangnick,2006-07-01,2011-01-01,"1,69"
Hoffenheim,Alfred Schön,2006-05-24,2006-06-30,"3,00"
Hoffenheim,Lorenz-Günther Köstner,2006-01-10,2006-05-21,"1,43"
Hoffenheim,Roland Dickgießer,2005-11-19,2005-12-23,"2,00"
Hoffenheim,Hansi Flick,2000-07-01,2005-11-19,"1,59"
Hoffenheim,Rico Weigand,1999-08-31,2000-03-12,-
Hoffenheim,Günther Hillenbrand,1999-03-15,1999-09-30,-
Hoffenheim,Raimund Lietzau,1998-07-01,1999-03-14,-
Mainz 05,Urs Fischer,2025-12-07,2026-05-04,"1,68"
Mainz 05,Benjamin Hoffmann,2025-12-03,2025-12-06,"0,00"
Mainz 05,Bo Henriksen,2024-02-13,2025-12-03,"1,43"
Mainz 05,Jan Siewert,2023-12-22,2024-02-12,"0,40"
Mainz 05,Jan Siewert,2023-11-03,2023-12-21,"1,00"
Mainz 05,Bo Svensson,2021-01-04,2023-11-02,"1,38"
Mainz 05,Jan Siewert,2020-12-28,2021-01-03,"0,00"
Mainz 05,Jan-Moritz Lichte,2020-09-28,2020-12-28,"0,50"
Mainz 05,Achim Beierlorzer,2019-11-18,2020-09-28,"1,19"
Mainz 05,Jan-Moritz Lichte,2019-11-10,2019-11-18,-
Mainz 05,Sandro Schwarz,2017-07-01,2019-11-10,"1,14"
Mainz 05,Martin Schmidt,2015-02-17,2017-05-22,"1,32"
Mainz 05,Kasper Hjulmand,2014-07-01,2015-02-17,"1,04"
Mainz 05,Thomas Tuchel,2009-08-04,2014-06-30,"1,43"
Mainz 05,Jörn Andersen,2008-07-01,2009-08-03,"1,88"
Mainz 05,Jürgen Klopp,2001-02-28,2008-06-30,"1,50"
Mainz 05,Eckhard Krautzun,2000-11-21,2001-02-28,"0,67"
Mainz 05,Manfred Lorenz,2000-11-15,2000-11-21,"1,00"
Mainz 05,René Vandereycken,2000-07-01,2000-11-14,"1,07"
Mainz 05,Dirk Karkuth,2000-04-18,2000-06-30,"1,86"
Mainz 05,Wolfgang Frank,1998-04-09,2000-04-17,"1,44"
Mainz 05,Dietmar Constantini,1997-08-24,1998-04-09,"1,10"
Mainz 05,Manfred Lorenz,1997-08-23,1997-09-15,"0,50"
Mainz 05,Reinhard Saftig,1997-03-11,1997-08-23,"1,58"
Mainz 05,Manfred Lorenz,1997-03-03,1997-03-10,"3,00"
Mainz 05,Wolfgang Frank,1995-09-25,1997-03-02,"1,51"
Mainz 05,Manfred Lorenz,1995-09-14,1995-09-23,"1,00"
Mainz 05,Horst Franz,1995-04-18,1995-09-13,"1,06"
Mainz 05,Hermann Hummels,1994-10-20,1995-04-17,"0,94"
Mainz 05,Josip Kuze,1992-07-01,1994-10-15,"1,36"
Mainz 05,Robert Jung,1989-02-14,1992-06-30,"1,64"
Mainz 05,Horst Hülß,1988-07-01,1989-02-13,"1,00"
Mainz 05,Horst-Dieter Strich,1984-07-01,1988-06-30,"1,90"
Mainz 05,Lothar Emmerich,1983-03-20,1984-05-20,"1,49"
Mainz 05,Herbert Dörenberg,1980-07-01,1983-03-14,"1,62"
Mainz 05,Horst Hülß,1976-01-16,1980-06-30,"1,08"
Mainz 05,Gerd Higi,1975-12-05,1975-12-31,"1,67"
Mainz 05,Gerd Menne,1974-10-15,1975-12-07,"1,28"
Mainz 05,Gerd Higi,1974-09-24,1974-10-14,"1,00"
Mainz 05,Uwe Klimaschefski,1974-07-01,1974-09-21,"1,56"
Mainz 05,Bernd Hoss,1971-07-01,1974-06-30,"1,79"
Mainz 05,Erich Gehbauer,1969-07-01,1971-06-30,"1,42"
Mainz 05,Karl-Heinz Wettig,1968-03-12,1969-06-30,"1,07"
Mainz 05,Erich Bäumler,1967-07-01,1968-03-10,"1,77"
Mainz 05,Walter Sonnenberger,1967-01-01,1967-06-30,"1,40"
Mainz 05,Kurt Zaro,1966-07-01,1966-12-31,"1,91"
Mainz 05,Heinz Baas,1959-07-01,1966-06-30,"1,34"
Mainz 05,Josef Kretschmann,1957-07-01,1959-06-30,"1,33"
Mainz 05,Gerd Higi,1955-01-01,1957-06-30,"1,25"
Mainz 05,Emil Izsó,1953-06-30,1955-12-31,"1,22"
Mainz 05,Georg Bayerer,1952-07-01,1953-06-30,"1,40"
Mainz 05,Hans Geiger,1950-10-09,1952-06-30,"1,21"
Mainz 05,Dr. Berno Wischmann,1950-07-01,1950-10-08,"0,00"
Mainz 05,Albert Heitz,1948-07-01,1950-06-30,"0,00"
Mainz 05,Helmut Schneider,1946-07-01,1948-06-30,-
Mainz 05,Paul Oßwald,1934-07-01,1935-06-30,-
Mainz 05,Julius Etz,1932-07-01,1933-06-30,-
RB Leipzig,Ole Werner,2025-07-01,2026-05-04,"1,97"
RB Leipzig,Zsolt Löw,2025-03-30,2025-06-30,"1,13"
RB Leipzig,Marco Rose,2022-09-08,2025-03-30,"1,85"
RB Leipzig,Domenico Tedesco,2021-12-09,2022-09-07,"1,87"
RB Leipzig,Achim Beierlorzer,2021-12-05,2021-12-09,"3,00"
RB Leipzig,Jesse Marsch,2021-07-01,2021-12-05,"1,25"
RB Leipzig,Julian Nagelsmann,2019-07-01,2021-06-30,"1,94"
RB Leipzig,Ralf Rangnick,2018-07-09,2019-06-30,"1,92"
RB Leipzig,Ralph Hasenhüttl,2016-07-01,2018-05-16,"1,69"
RB Leipzig,Ralf Rangnick,2015-07-01,2016-06-30,"1,94"
RB Leipzig,Achim Beierlorzer,2015-02-11,2015-06-30,"1,40"
RB Leipzig,Alexander Zorniger,2012-07-03,2015-02-11,"2,04"
RB Leipzig,Peter Pacult,2011-07-01,2012-07-03,"2,11"
RB Leipzig,Tomas Oral,2010-07-01,2011-06-30,"1,88"
RB Leipzig,Tino Vogel,2009-07-01,2010-06-30,"2,67"
Union Berlin,Marie-Louise Eta,2026-04-12,2026-06-30,"0,33"
Union Berlin,Steffen Baumgart,2025-01-02,2026-04-11,"1,22"
Union Berlin,Bo Svensson,2024-07-01,2024-12-27,"1,13"
Union Berlin,Marco Grote,2024-05-06,2024-06-30,"1,50"
Union Berlin,Nenad Bjelica,2023-11-27,2024-05-06,"1,09"
Union Berlin,Marco Grote,2023-11-15,2023-11-26,"1,00"
Union Berlin,Urs Fischer,2018-07-01,2023-11-15,"1,53"
Union Berlin,André Hofschneider,2017-12-05,2018-06-30,"1,17"
Union Berlin,Jens Keller,2016-07-01,2017-12-04,"1,70"
Union Berlin,André Hofschneider,2016-03-04,2016-06-30,"1,90"
Union Berlin,André Hofschneider,2016-02-23,2016-03-03,"1,50"
Union Berlin,Sascha Lewandowski,2015-09-01,2016-03-04,"1,35"
Union Berlin,Norbert Düwel,2014-07-01,2015-08-31,"1,24"
Union Berlin,Uwe Neuhaus,2007-06-20,2014-06-30,"1,48"
Union Berlin,Christian Schreier,2006-04-06,2007-06-30,"1,65"
Union Berlin,Georgi Vasilev,2005-12-10,2006-04-05,"2,00"
Union Berlin,Frank Lieberam,2004-12-20,2005-12-09,"1,40"
Union Berlin,Lothar Hamann,2004-12-10,2004-12-19,"0,00"
Union Berlin,Holger Wortmann,2004-12-10,2004-12-19,-
Union Berlin,Werner Voigt,2004-09-28,2004-12-09,"0,67"
Union Berlin,Frank Wormuth,2004-07-01,2004-09-27,"0,64"
Union Berlin,Aleksandar Ristic,2004-03-25,2004-06-30,"0,56"
Union Berlin,Mirko Votava,2002-11-06,2004-03-24,"1,26"
Union Berlin,Ivan Tishanski,2002-10-13,2002-11-05,"0,50"
Union Berlin,Georgi Vasilev,1999-07-01,2002-10-12,"1,91"
Union Berlin,Fritz Fuchs,1998-09-30,1999-06-01,"1,76"
Union Berlin,Ingo Weniger,1998-01-02,1998-09-30,"1,32"
Union Berlin,Frank Vogel,1997-09-26,1997-12-14,"2,22"
Union Berlin,Frank Vogel,1997-05-16,1997-06-30,"2,00"
Union Berlin,Karsten Heine,1996-04-11,1997-09-25,"1,80"
Union Berlin,Frank Vogel,1996-03-25,1996-04-10,"1,00"
Union Berlin,Eckhard Krautzun,1995-10-03,1996-03-24,"2,00"
Union Berlin,Hans Meyer,1995-01-26,1995-10-02,"2,11"
Union Berlin,Frank Engel,1994-07-01,1995-01-25,"1,89"
Union Berlin,Frank Pagelsdorf,1992-07-01,1994-06-30,"2,46"
Union Berlin,Gerhard Körner,1992-06-04,1992-06-30,"0,00"
Union Berlin,Werner Voigt,1990-07-01,1992-06-30,"2,21"
Union Berlin,Gerd Struppert,1990-04-10,1990-06-30,"2,00"
Union Berlin,Karsten Heine,1988-01-01,1990-04-09,"1,32"
Union Berlin,Karl Schäffner,1984-07-01,1987-12-31,"1,18"
Union Berlin,Karl-Heinz Burwieck,1983-10-01,1984-06-30,"0,70"
Union Berlin,Harry Nippert,1982-07-19,1983-09-30,"0,74"
Union Berlin,Detlef Schwarz,1978-11-04,1978-12-09,-
Union Berlin,Heinz Werner,1976-01-01,1982-07-18,"1,07"
Union Berlin,Dieter Fietz,1974-07-01,1975-11-29,-
Union Berlin,Ulrich Prüfke,1972-07-01,1974-06-30,-
Union Berlin,Harald Seeger,1970-07-01,1972-06-30,-
Union Berlin,Fritz Gödicke,1969-07-01,1970-06-30,-
Union Berlin,Werner Schwenzfeier,1966-01-20,1966-06-30,"1,83"
Union Berlin,Erich Bolz,1957-01-01,1958-12-31,"1,50"
Union Berlin,Willi Oelgardt,1952-12-01,1955-06-30,"1,39"
Union Berlin,Kurt Hallex,1951-01-01,1952-12-31,"1,32"
Union Berlin,Herbert Raddatz,1950-07-01,1950-12-31,"0,71"
Stuttgart,Sebastian Hoeneß,2023-04-03,2026-05-04,"1,83"
Stuttgart,Bruno Labbadia,2022-12-05,2023-04-03,"0,75"
Stuttgart,Michael Wimmer,2022-10-11,2022-12-05,"1,71"
Stuttgart,Pellegrino Matarazzo,2019-12-30,2022-10-10,"1,22"
Stuttgart,Tim Walter,2019-07-01,2019-12-23,"1,85"
Stuttgart,Nico Willig,2019-05-06,2019-06-30,"1,50"
Stuttgart,Nico Willig,2019-04-21,2019-05-05,"1,50"
Stuttgart,Markus Weinzierl,2018-10-09,2019-04-20,"0,70"
Stuttgart,Andreas Hinkel,2018-10-07,2018-10-09,-
Stuttgart,Tayfun Korkut,2018-01-30,2018-10-07,"1,64"
Stuttgart,Hannes Wolf,2016-09-21,2018-01-28,"1,60"
Stuttgart,Olaf Janßen,2016-09-15,2016-09-21,"3,00"
Stuttgart,Jos Luhukay,2016-07-01,2016-09-15,"1,80"
Stuttgart,Jürgen Kramny,2015-12-21,2016-06-30,"1,00"
Stuttgart,Jürgen Kramny,2015-11-24,2015-12-20,"1,60"
Stuttgart,Alexander Zorniger,2015-07-01,2015-11-24,"1,07"
Stuttgart,Huub Stevens,2014-11-25,2015-06-30,"1,23"
Stuttgart,Armin Veh,2014-07-01,2014-11-24,"0,69"
Stuttgart,Huub Stevens,2014-03-10,2014-06-30,"1,20"
Stuttgart,Thomas Schneider,2013-08-27,2014-03-09,"0,91"
Stuttgart,Bruno Labbadia,2010-12-13,2013-08-26,"1,46"
Stuttgart,Jens Keller,2010-10-14,2010-12-11,"1,38"
Stuttgart,Christian Gross,2009-12-06,2010-10-13,"1,86"
Stuttgart,Markus Babbel,2008-11-23,2009-12-06,"1,56"
Stuttgart,Rainer Widmayer,2008-11-23,2009-06-30,"1,50"
Stuttgart,Armin Veh,2006-02-10,2008-11-23,"1,66"
Stuttgart,Giovanni Trapattoni,2005-07-01,2006-02-09,"1,55"
Stuttgart,Matthias Sammer,2004-07-01,2005-06-02,"1,77"
Stuttgart,Felix Magath,2001-02-24,2004-05-22,"1,73"
Stuttgart,Ralf Rangnick,1999-05-03,2001-02-23,"1,44"
Stuttgart,Rainer Adrion,1999-01-17,1999-05-03,"1,09"
Stuttgart,Rainer Adrion,1999-01-01,1999-01-16,-
Stuttgart,Wolfgang Rolff,1998-12-05,1998-12-31,"1,33"
Stuttgart,Winfried Schäfer,1998-07-01,1998-12-04,"1,38"
Stuttgart,Joachim Löw,1996-09-21,1998-06-30,"1,76"
Stuttgart,Joachim Löw,1996-08-14,1996-09-20,"2,67"
Stuttgart,Rolf Fringer,1995-07-01,1996-08-14,"1,30"
Stuttgart,Jürgen Sundermann,1995-04-25,1995-06-30,"1,00"
Stuttgart,Jürgen Röber,1993-12-15,1995-04-25,"1,50"
Stuttgart,Christoph Daum,1990-11-22,1993-12-09,"1,61"
Stuttgart,Willi Entenmann,1990-03-27,1990-11-19,"1,17"
Stuttgart,Arie Haan,1987-07-01,1990-03-26,"1,69"
Stuttgart,Egon Coordes,1986-07-01,1987-06-30,"1,26"
Stuttgart,Willi Entenmann,1986-03-05,1986-06-30,"2,33"
Stuttgart,Otto Baric,1985-07-01,1986-03-04,"1,61"
Stuttgart,Helmut Benthaus,1982-07-01,1985-06-30,"1,78"
Stuttgart,Jürgen Sundermann,1980-07-01,1982-06-30,"1,75"
Stuttgart,Lothar Buchmann,1979-07-01,1980-06-30,"1,84"
Stuttgart,Jürgen Sundermann,1976-07-01,1979-06-30,"1,92"
Stuttgart,Karl Bögelein,1976-04-01,1976-06-30,"1,20"
Stuttgart,István Sztáni,1975-07-01,1976-03-29,"1,43"
Stuttgart,Albert Sing,1974-12-14,1975-06-30,"1,00"
Stuttgart,Fritz Millinger,1974-12-02,1974-12-13,"3,00"
Stuttgart,Hermann Eppenhoff,1972-07-01,1974-12-01,"1,37"
Stuttgart,Karl Bögelein,1972-04-01,1972-06-30,"2,00"
Stuttgart,Branko Zebec,1970-07-01,1972-04-18,"1,28"
Stuttgart,Franz Seybold,1969-07-01,1970-06-30,"1,38"
Stuttgart,Gunther Baumann,1967-07-01,1969-06-30,"1,45"
Stuttgart,Albert Sing,1966-12-07,1967-06-30,"1,52"
Stuttgart,Rudi Gutendorf,1965-03-08,1966-12-06,"1,17"
Stuttgart,Franz Seybold,1965-02-25,1965-03-07,"1,50"
Stuttgart,Kurt Baluses,1960-07-01,1965-02-24,"1,46"
Stuttgart,Georg Wurzer,1947-08-01,1960-06-30,"1,70"
Stuttgart,Fritz Teufel,1945-07-01,1947-06-30,"1,75"
Stuttgart,Sepp Pöttinger,1939-07-01,1941-06-30,"0,00"
Stuttgart,Karl Becker,1939-03-01,1939-04-30,-
Stuttgart,Lony Seiderer,1936-04-01,1939-03-18,"1,80"
Stuttgart,Emil Gröner,1934-07-01,1935-06-30,-
Stuttgart,Fritz Teufel,1933-07-01,1936-06-30,"1,88"
Stuttgart,Emil Fritz,1931-07-01,1933-06-30,-
Stuttgart,Emil Fritz,1929-07-01,1930-06-30,-
Wolfsburg,Dieter Hecking,2026-03-08,2026-05-04,"0,86"
Wolfsburg,Daniel Bauer,2025-12-20,2026-03-08,"0,45"
Wolfsburg,Daniel Bauer,2025-11-09,2025-12-19,"1,75"
Wolfsburg,Paul Simonis,2025-07-01,2025-11-09,"0,92"
Wolfsburg,Daniel Bauer,2025-05-04,2025-06-30,"2,00"
Wolfsburg,Ralph Hasenhüttl,2024-03-17,2025-05-04,"1,36"
Wolfsburg,Niko Kovac,2022-07-01,2024-03-17,"1,30"
Wolfsburg,Florian Kohfeldt,2021-10-26,2022-05-15,"1,14"
Wolfsburg,Michael Frontzeck,2021-10-24,2021-10-26,-
Wolfsburg,Mark van Bommel,2021-07-01,2021-10-24,"1,15"
Wolfsburg,Oliver Glasner,2019-07-01,2021-06-30,"1,67"
Wolfsburg,Bruno Labbadia,2018-02-20,2019-06-30,"1,52"
Wolfsburg,Martin Schmidt,2017-09-18,2018-02-19,"1,18"
Wolfsburg,Andries Jonker,2017-02-27,2017-09-18,"1,47"
Wolfsburg,Valérien Ismaël,2016-11-06,2017-02-26,"1,00"
Wolfsburg,Valérien Ismaël,2016-10-17,2016-11-05,"1,50"
Wolfsburg,Dieter Hecking,2013-01-01,2016-10-17,"1,75"
Wolfsburg,Lorenz-Günther Köstner,2012-10-25,2012-12-31,"1,82"
Wolfsburg,Felix Magath,2011-03-18,2012-10-25,"1,23"
Wolfsburg,Pierre Littbarski,2011-02-07,2011-03-18,"0,60"
Wolfsburg,Steve McClaren,2010-07-01,2011-02-07,"1,21"
Wolfsburg,Lorenz-Günther Köstner,2010-01-25,2010-06-30,"1,62"
Wolfsburg,Armin Veh,2009-07-01,2010-01-25,"1,26"
Wolfsburg,Felix Magath,2007-06-15,2009-06-30,"1,86"
Wolfsburg,Klaus Augenthaler,2005-12-29,2007-05-19,"1,16"
Wolfsburg,Holger Fach,2005-07-01,2005-12-19,"1,28"
Wolfsburg,Eric Gerets,2004-04-04,2005-05-28,"1,34"
Wolfsburg,Jürgen Röber,2003-03-04,2004-04-04,"1,42"
Wolfsburg,Wolfgang Wolf,1998-03-23,2003-03-04,"1,45"
Wolfsburg,Uwe Erkenbrecher,1998-03-18,1998-03-22,"0,00"
Wolfsburg,Willi Reimann,1995-10-23,1998-03-15,"1,48"
Wolfsburg,Gerd Roggensack,1995-04-06,1995-10-22,"1,15"
Wolfsburg,Eckhard Krautzun,1993-02-16,1995-04-05,"1,62"
Wolfsburg,Dieter Winter,1993-02-09,1993-02-15,-
Wolfsburg,Uwe Erkenbrecher,1991-07-01,1993-02-10,"1,68"
Wolfsburg,Ernst Menzel,1990-07-01,1991-06-30,"2,12"
Wolfsburg,Horst Hrubesch,1988-07-01,1990-06-30,"1,64"
Wolfsburg,Wolf-Rüdiger Krause,1984-07-01,1988-06-30,"1,64"
Wolfsburg,Imre Farkasinszky,1983-10-22,1984-06-30,"1,29"
Wolfsburg,Wilfried Kemmer,1979-04-30,1983-10-20,"1,65"
Wolfsburg,Henk van Meteren,1978-12-04,1979-04-29,-
Wolfsburg,Imre Farkasinszky,1978-03-05,1978-12-02,"1,33"
Wolfsburg,Radoslav Momirski,1976-12-02,1978-03-04,"0,65"
Wolfsburg,Paul Kietzmann,1975-04-29,1976-11-28,"0,76"
Wolfsburg,Günther Brockmeyer,1975-04-24,1975-04-28,-
Wolfsburg,Fritz Schollmeyer,1975-01-17,1975-04-23,"0,64"
Wolfsburg,Imre Farkasinszky,1966-07-01,1975-01-16,"1,63"
Wolfsburg,Ludwig Lachner,1963-07-01,1966-06-30,"1,38"
Wolfsburg,Curt Reicherdt,1960-07-01,1963-06-30,"0,00"
Wolfsburg,Imre Farkasinszky,1958-11-01,1959-06-30,"0,63"
Wolfsburg,Walter Risse,1957-07-01,1958-10-31,"1,31"
Wolfsburg,Ludwig Lachner,1957-04-01,1957-06-30,"1,60"
Wolfsburg,Josef Kretschmann,1956-07-01,1957-04-01,"1,08"
Wolfsburg,Ernst Sontow,1955-07-01,1956-06-30,"1,10"
Wolfsburg,Ludwig Lachner,1951-09-01,1955-06-30,"1,23"
