Équipe,Domicile_General_Buts,Domicile_General_Tirs pm,Domicile_General_Possession%,Domicile_General_PassesRéussies%,Domicile_General_AériensGagnés,Domicile_General_Note,Domicile_General_Cartons_J,Domicile_General_Cartons_R,Exterieur_General_Buts,Exterieur_General_Tirs pm,Exterieur_General_Possession%,Exterieur_General_PassesRéussies%,Exterieur_General_AériensGagnés,Exterieur_General_Note,Exterieur_General_Cartons_J,Exterieur_General_Cartons_R,Domicile_Defense_Tirs pm,Domicile_Defense_Tacles pm,Domicile_Defense_Interceptions pm,Domicile_Defense_Fautes pm,Domicile_Defense_Hors-jeux pm,Domicile_Defense_Note,Exterieur_Defense_Tirs pm,Exterieur_Defense_Tacles pm,Exterieur_Defense_Interceptions pm,Exterieur_Defense_Fautes pm,Exterieur_Defense_Hors-jeux pm,Exterieur_Defense_Note,Domicile_Attaque_Tirs pm,Domicile_Attaque_Tirs CA pm,Domicile_Attaque_Dribbles pm,Domicile_Attaque_Fautes subies pm,Domicile_Attaque_Note,Exterieur_Attaque_Tirs pm,Exterieur_Attaque_Tirs CA pm,Exterieur_Attaque_Dribbles pm,Exterieur_Attaque_Fautes subies pm,Exterieur_Attaque_Note,Domicile_xG_Pour_xG,Domicile_xG_Pour_Buts*,Domicile_xG_Pour_xGDiff,Domicile_xG_Pour_Tirs,Domicile_xG_Pour_xG/Tir,Domicile_xG_Pour_Note,Domicile_xG_Contre_xG,Domicile_xG_Contre_Buts*,Domicile_xG_Contre_xGDiff,Domicile_xG_Contre_Tirs,Domicile_xG_Contre_xG/Tir,Domicile_xG_Contre_Note,Exterieur_xG_Pour_xG,Exterieur_xG_Pour_Buts*,Exterieur_xG_Pour_xGDiff,Exterieur_xG_Pour_Tirs,Exterieur_xG_Pour_xG/Tir,Exterieur_xG_Pour_Note,Exterieur_xG_Contre_xG,Exterieur_xG_Contre_Buts*,Exterieur_xG_Contre_xGDiff,Exterieur_xG_Contre_Tirs,Exterieur_xG_Contre_xG/Tir,Exterieur_xG_Contre_Note,Domicile_TypesButs_Pour_Dans Le Jeu,Domicile_TypesButs_Pour_Contre-Attaque,Domicile_TypesButs_Pour_Coup de Pied Arrêté,Domicile_TypesButs_Pour_Penalty,Domicile_TypesButs_Pour_Contre son Camp,Domicile_TypesButs_Contre_Dans Le Jeu,Domicile_TypesButs_Contre_Contre-Attaque,Domicile_TypesButs_Contre_Coup de Pied Arrêté,Domicile_TypesButs_Contre_Penalty,Domicile_TypesButs_Contre_Contre son Camp,Exterieur_TypesButs_Pour_Dans Le Jeu,Exterieur_TypesButs_Pour_Contre-Attaque,Exterieur_TypesButs_Pour_Coup de Pied Arrêté,Exterieur_TypesButs_Pour_Penalty,Exterieur_TypesButs_Pour_Contre son Camp,Exterieur_TypesButs_Contre_Dans Le Jeu,Exterieur_TypesButs_Contre_Contre-Attaque,Exterieur_TypesButs_Contre_Coup de Pied Arrêté,Exterieur_TypesButs_Contre_Penalty,Exterieur_TypesButs_Contre_Contre son Camp,Domicile_TypesPasses_Pour_Centres pm,Domicile_TypesPasses_Pour_Ballons Profondeur pm,Domicile_TypesPasses_Pour_Longs Ballons pm,Domicile_TypesPasses_Pour_Passes Courtes pm,Domicile_TypesPasses_Contre_Centres pm,Domicile_TypesPasses_Contre_Ballons Profondeur pm,Domicile_TypesPasses_Contre_Longs Ballons pm,Domicile_TypesPasses_Contre_Passes Courtes pm,Exterieur_TypesPasses_Pour_Centres pm,Exterieur_TypesPasses_Pour_Ballons Profondeur pm,Exterieur_TypesPasses_Pour_Longs Ballons pm,Exterieur_TypesPasses_Pour_Passes Courtes pm,Exterieur_TypesPasses_Contre_Centres pm,Exterieur_TypesPasses_Contre_Ballons Profondeur pm,Exterieur_TypesPasses_Contre_Longs Ballons pm,Exterieur_TypesPasses_Contre_Passes Courtes pm,Domicile_CausesCartons_Fautes,Domicile_CausesCartons_Comportement Antisportif,Domicile_CausesCartons_Simulation,Domicile_CausesCartons_Autre,Exterieur_CausesCartons_Fautes,Exterieur_CausesCartons_Comportement Antisportif,Exterieur_CausesCartons_Simulation,Exterieur_CausesCartons_Autre,Domicile_CotésUtilisés_Côté Gauche,Domicile_CotésUtilisés_Milieu du terrain,Domicile_CotésUtilisés_Côté Droit,Exterieur_CotésUtilisés_Côté Gauche,Exterieur_CotésUtilisés_Milieu du terrain,Exterieur_CotésUtilisés_Côté Droit,Domicile_DirectionsTirs_Pour_Côté Gauche,Domicile_DirectionsTirs_Pour_Tentatives du milieu,Domicile_DirectionsTirs_Pour_Côté Droit,Domicile_DirectionsTirs_Contre_Côté Gauche,Domicile_DirectionsTirs_Contre_Tentatives du milieu,Domicile_DirectionsTirs_Contre_Côté Droit,Exterieur_DirectionsTirs_Pour_Côté Gauche,Exterieur_DirectionsTirs_Pour_Tentatives du milieu,Exterieur_DirectionsTirs_Pour_Côté Droit,Exterieur_DirectionsTirs_Contre_Côté Gauche,Exterieur_DirectionsTirs_Contre_Tentatives du milieu,Exterieur_DirectionsTirs_Contre_Côté Droit,Domicile_ZoneTirs_Pour_Dans 6 Mètres,Domicile_ZoneTirs_Pour_Dans 18 Mètres,Domicile_ZoneTirs_Pour_Extérieur Surface,Domicile_ZoneTirs_Contre_Dans 6 Mètres,Domicile_ZoneTirs_Contre_Dans 18 Mètres,Domicile_ZoneTirs_Contre_Extérieur Surface,Exterieur_ZoneTirs_Pour_Dans 6 Mètres,Exterieur_ZoneTirs_Pour_Dans 18 Mètres,Exterieur_ZoneTirs_Pour_Extérieur Surface,Exterieur_ZoneTirs_Contre_Dans 6 Mètres,Exterieur_ZoneTirs_Contre_Dans 18 Mètres,Exterieur_ZoneTirs_Contre_Extérieur Surface,Domicile_ZoneAction_30 mètres défensifs,Domicile_ZoneAction_Milieu,Domicile_ZoneAction_30 Mètres Adverses,Exterieur_ZoneAction_30 mètres défensifs,Exterieur_ZoneAction_Milieu,Exterieur_ZoneAction_30 Mètres Adverses,Domicile_Detailed_Shots_Total,Domicile_Detailed_Shots_EnDehorsSurface,Domicile_Detailed_Shots_SixMètres,Domicile_Detailed_Shots_SurfaceRéparation,Domicile_Detailed_Shots_Note,Domicile_Detailed_Goals_Total,Domicile_Detailed_Goals_SixMètres,Domicile_Detailed_Goals_SurfaceRéparation,Domicile_Detailed_Goals_EnDehorsSurface,Domicile_Detailed_Goals_Note,Domicile_Detailed_Passes_Total,Domicile_Detailed_Passes_LBRéu,Domicile_Detailed_Passes_LBRat,Domicile_Detailed_Passes_PaCRéu,Domicile_Detailed_Passes_PaCRat,Domicile_Detailed_Passes_Note,Domicile_Detailed_Key-passes_Total,Domicile_Detailed_Key-passes_Long,Domicile_Detailed_Key-passes_Court,Domicile_Detailed_Key-passes_Note,Domicile_Detailed_Assists_Centre,Domicile_Detailed_Assists_Corner,Domicile_Detailed_Assists_EnProfondeur,Domicile_Detailed_Assists_Coup franc,Domicile_Detailed_Assists_Touche,Domicile_Detailed_Assists_Autre,Domicile_Detailed_Assists_Total,Domicile_Detailed_Assists_Note,Domicile_Detailed_Dribbles_Ratés,Domicile_Detailed_Dribbles_Réussis,Domicile_Detailed_Dribbles_Total Dribbles,Domicile_Detailed_Dribbles_Note,Domicile_Detailed_Tackles_TotalTacles,Domicile_Detailed_Tackles_DribblesSubis,Domicile_Detailed_Tackles_TotalTaclesTentés,Domicile_Detailed_Tackles_Note,Domicile_Detailed_Interception_Total,Domicile_Detailed_Interception_Note,Domicile_Detailed_Clearances_Total,Domicile_Detailed_Clearances_Note,Domicile_Detailed_Blocks_TirsContrés,Domicile_Detailed_Blocks_CentresContrés,Domicile_Detailed_Blocks_PassesContrées,Domicile_Detailed_Blocks_Note,Domicile_Detailed_Offsides_SignaléHorsJeu,Domicile_Detailed_Offsides_Note,Domicile_Detailed_Fouls_Subies,Domicile_Detailed_Fouls_Commises,Domicile_Detailed_Fouls_Note,Domicile_Detailed_Cards_Jaune,Domicile_Detailed_Cards_Rou,Domicile_Detailed_Cards_Note,Domicile_Detailed_Saves_Total,Domicile_Detailed_Saves_SixMètres,Domicile_Detailed_Saves_SurfaceReparation,Domicile_Detailed_Saves_EnDehorsSurface,Domicile_Detailed_Saves_Note,Domicile_Detailed_Possession-loss_ControlesRatés,Domicile_Detailed_Possession-loss_Dépossédé,Domicile_Detailed_Possession-loss_Note,Domicile_Detailed_Aerial_Total,Domicile_Detailed_Aerial_Gagnés,Domicile_Detailed_Aerial_Perdus,Domicile_Detailed_Aerial_Note,Exterieur_Detailed_Shots_Total,Exterieur_Detailed_Shots_EnDehorsSurface,Exterieur_Detailed_Shots_SixMètres,Exterieur_Detailed_Shots_SurfaceRéparation,Exterieur_Detailed_Shots_Note,Exterieur_Detailed_Goals_Total,Exterieur_Detailed_Goals_SixMètres,Exterieur_Detailed_Goals_SurfaceRéparation,Exterieur_Detailed_Goals_EnDehorsSurface,Exterieur_Detailed_Goals_Note,Exterieur_Detailed_Passes_Total,Exterieur_Detailed_Passes_LBRéu,Exterieur_Detailed_Passes_LBRat,Exterieur_Detailed_Passes_PaCRéu,Exterieur_Detailed_Passes_PaCRat,Exterieur_Detailed_Passes_Note,Exterieur_Detailed_Key-passes_Total,Exterieur_Detailed_Key-passes_Long,Exterieur_Detailed_Key-passes_Court,Exterieur_Detailed_Key-passes_Note,Exterieur_Detailed_Assists_Centre,Exterieur_Detailed_Assists_Corner,Exterieur_Detailed_Assists_EnProfondeur,Exterieur_Detailed_Assists_Coup franc,Exterieur_Detailed_Assists_Touche,Exterieur_Detailed_Assists_Autre,Exterieur_Detailed_Assists_Total,Exterieur_Detailed_Assists_Note,Exterieur_Detailed_Dribbles_Ratés,Exterieur_Detailed_Dribbles_Réussis,Exterieur_Detailed_Dribbles_Total Dribbles,Exterieur_Detailed_Dribbles_Note,Exterieur_Detailed_Tackles_TotalTacles,Exterieur_Detailed_Tackles_DribblesSubis,Exterieur_Detailed_Tackles_TotalTaclesTentés,Exterieur_Detailed_Tackles_Note,Exterieur_Detailed_Interception_Total,Exterieur_Detailed_Interception_Note,Exterieur_Detailed_Clearances_Total,Exterieur_Detailed_Clearances_Note,Exterieur_Detailed_Blocks_TirsContrés,Exterieur_Detailed_Blocks_CentresContrés,Exterieur_Detailed_Blocks_PassesContrées,Exterieur_Detailed_Blocks_Note,Exterieur_Detailed_Offsides_SignaléHorsJeu,Exterieur_Detailed_Offsides_Note,Exterieur_Detailed_Fouls_Subies,Exterieur_Detailed_Fouls_Commises,Exterieur_Detailed_Fouls_Note,Exterieur_Detailed_Cards_Jaune,Exterieur_Detailed_Cards_Rou,Exterieur_Detailed_Cards_Note,Exterieur_Detailed_Saves_Total,Exterieur_Detailed_Saves_SixMètres,Exterieur_Detailed_Saves_SurfaceReparation,Exterieur_Detailed_Saves_EnDehorsSurface,Exterieur_Detailed_Saves_Note,Exterieur_Detailed_Possession-loss_ControlesRatés,Exterieur_Detailed_Possession-loss_Dépossédé,Exterieur_Detailed_Possession-loss_Note,Exterieur_Detailed_Aerial_Total,Exterieur_Detailed_Aerial_Gagnés,Exterieur_Detailed_Aerial_Perdus,Exterieur_Detailed_Aerial_Note,Championnat,Saison
Brest,25,15.9,0.564,0.825,19.4,6.79,40,1,28,12.6,0.516,0.812,16.1,6.72,40,4,9.4,17.8,9.2,12.0,0.9,6.79,11.5,22.1,9.7,12.4,1.1,6.72,15.9,5.2,9.8,12.8,6.79,12.6,5.0,9.4,12.1,6.72,29.53,25.0,-4.53,270.0,0.11,6.79,16.45,14.0,-2.45,160.0,0.1,6.79,20.32,26.0,5.68,215.0,0.09,6.72,24.09,20.0,-4.09,195.0,0.12,6.72,16,0,6,3,0,8,3,3,0,0,15,2,8,1,2,12,0,6,2,0,25,1,72,436,13,1,54,344,22,1,73,374,18,1,48,374,29,4,0,8,32,4,0,10,0.38,0.24,0.38,0.38,0.24,0.38,0.14,0.71,0.14,0.19,0.63,0.18,0.1,0.71,0.19,0.21,0.69,0.11,0.08,0.55,0.37,0.03,0.53,0.44,0.07,0.57,0.36,0.1,0.58,0.31,0.25,0.47,0.29,0.28,0.44,0.28,15.9,5.9,1.3,8.7,6.79,1.5,0.2,1.1,0.1,6.79,502.4,38.5,32.6,375.9,55.5,6.79,11.9,2.2,9.8,6.79,0.4,0.1,0.0,0.1,0.0,0.5,0.9,6.79,11.5,9.8,21.3,6.79,17.8,10.8,28.6,6.79,9.2,6.79,16.8,6.79,2.9,1.2,7.9,6.79,0.9,6.79,12.8,12.0,6.79,2.4,0.1,6.79,2.6,0.0,1.6,1.0,6.79,17.0,7.9,6.79,34.5,19.4,15.1,6.79,12.6,4.6,0.9,7.2,6.72,1.6,0.2,0.8,0.5,6.72,442.7,40.3,31.1,319.2,52.1,6.72,9.1,1.9,7.2,6.72,0.3,0.1,0.0,0.1,0.0,0.7,1.0,6.72,9.9,9.4,19.3,6.72,22.1,13.3,35.4,6.72,9.7,6.72,18.7,6.72,2.9,1.9,8.9,6.72,1.1,6.72,12.1,12.4,6.72,2.4,0.2,6.72,3.2,0.2,1.9,1.2,6.72,16.5,7.7,6.72,31.6,16.1,15.5,6.72,Ligue_1,2023-2024
Clermont Foot,14,12.9,0.495,0.818,11.5,6.5,25,4,12,10.1,0.481,0.817,11.9,6.44,35,2,13.1,16.6,10.2,11.9,1.4,6.5,18.6,17.6,10.2,11.4,1.6,6.44,12.9,4.3,6.9,12.5,6.5,10.1,3.3,7.9,12.7,6.44,22.57,14.0,-8.57,219.0,0.1,6.5,26.9,27.0,0.1,222.0,0.12,6.5,16.63,12.0,-4.63,171.0,0.1,6.44,37.53,32.0,-5.53,317.0,0.12,6.44,6,1,2,5,0,20,2,3,2,0,7,1,3,1,0,19,4,4,5,1,18,2,57,399,16,1,54,413,15,1,62,400,22,2,54,437,22,1,0,6,26,1,0,10,0.39,0.26,0.34,0.4,0.27,0.33,0.22,0.61,0.17,0.18,0.65,0.17,0.2,0.64,0.16,0.16,0.71,0.12,0.04,0.55,0.41,0.09,0.58,0.33,0.04,0.55,0.41,0.09,0.55,0.36,0.28,0.46,0.26,0.32,0.46,0.23,12.9,5.2,0.5,7.1,6.5,0.8,0.1,0.7,0.0,6.5,452.1,25.9,31.0,343.9,51.2,6.5,9.2,2.4,6.9,6.5,0.2,0.1,0.1,0.0,0.0,0.3,0.5,6.5,8.8,6.9,15.6,6.5,16.6,9.5,26.1,6.5,10.2,6.5,15.6,6.5,2.5,1.1,6.8,6.5,1.4,6.5,12.5,11.9,6.5,1.5,0.2,6.5,4.4,0.2,2.8,1.4,6.5,14.5,7.8,6.5,23.2,11.5,11.7,6.5,10.1,4.1,0.4,5.5,6.44,0.7,0.1,0.5,0.1,6.44,456.4,28.4,32.3,344.4,51.3,6.44,7.4,0.9,6.4,6.44,0.1,0.1,0.0,0.0,0.0,0.4,0.5,6.44,10.2,7.9,18.2,6.44,17.6,9.4,26.9,6.44,10.2,6.44,21.5,6.44,5.2,1.6,8.0,6.44,1.6,6.44,12.7,11.4,6.44,2.1,0.1,6.44,4.6,0.3,2.5,1.8,6.44,14.8,8.1,6.44,24.9,11.9,12.9,6.44,Ligue_1,2023-2024
Le Havre,18,13.4,0.455,0.803,14.4,6.6,30,1,16,9.5,0.427,0.783,14.9,6.48,32,5,11.4,16.5,9.9,12.5,1.6,6.6,15.6,16.4,11.5,12.9,1.4,6.48,13.4,4.7,7.9,11.0,6.6,9.5,2.6,7.4,10.6,6.48,25.62,18.0,-7.62,227.0,0.11,6.6,23.7,18.0,-5.7,194.0,0.12,6.6,13.45,15.0,1.55,161.0,0.08,6.48,30.39,25.0,-5.39,265.0,0.11,6.48,14,0,1,3,0,12,2,3,1,1,9,0,3,3,1,15,2,7,1,1,18,1,50,368,17,1,53,453,14,1,53,346,19,2,52,483,21,2,0,8,31,2,0,7,0.36,0.25,0.38,0.41,0.23,0.36,0.18,0.67,0.15,0.15,0.67,0.18,0.25,0.55,0.2,0.18,0.68,0.14,0.1,0.55,0.35,0.09,0.58,0.34,0.04,0.54,0.42,0.07,0.58,0.34,0.26,0.46,0.28,0.3,0.46,0.24,13.4,4.7,1.4,7.3,6.6,1.1,0.1,0.8,0.2,6.6,413.5,20.4,28.6,311.7,52.8,6.6,10.2,1.8,8.4,6.6,0.2,0.1,0.0,0.0,0.0,0.5,0.7,6.6,8.3,7.9,16.2,6.6,16.5,8.2,24.7,6.6,9.9,6.6,16.4,6.6,3.2,1.0,6.2,6.6,1.6,6.6,11.0,12.5,6.6,1.8,0.1,6.6,2.9,0.4,1.5,0.9,6.6,13.0,8.6,6.6,28.3,14.4,13.9,6.6,9.5,3.9,0.4,5.2,6.48,0.9,0.1,0.7,0.1,6.48,394.4,21.9,30.8,286.8,54.9,6.48,6.9,1.1,5.8,6.48,0.2,0.0,0.0,0.1,0.0,0.5,0.6,6.48,10.9,7.4,18.2,6.48,16.4,8.8,25.2,6.48,11.5,6.48,20.4,6.48,4.1,1.6,7.8,6.48,1.4,6.48,10.6,12.9,6.48,1.9,0.3,6.48,3.9,0.3,2.4,1.2,6.48,13.6,8.1,6.48,30.2,14.9,15.4,6.48,Ligue_1,2023-2024
Lens,27,16.6,0.523,0.839,14.5,6.68,28,2,18,12.4,0.53,0.837,12.8,6.58,49,2,10.5,15.5,8.6,12.6,1.9,6.68,12.8,17.1,8.9,13.6,2.5,6.58,16.6,6.1,7.6,12.5,6.68,12.4,4.3,5.6,12.5,6.58,38.55,27.0,-11.55,283.0,0.14,6.68,22.79,17.0,-5.79,178.0,0.13,6.68,22.33,18.0,-4.33,211.0,0.11,6.58,26.68,19.0,-7.68,217.0,0.12,6.58,19,2,2,4,0,10,1,3,3,1,12,0,4,2,0,12,1,3,3,0,24,1,44,443,14,1,57,394,19,2,46,447,15,1,55,384,18,5,0,7,36,7,0,9,0.3,0.27,0.43,0.34,0.26,0.4,0.2,0.67,0.13,0.15,0.69,0.16,0.24,0.66,0.1,0.15,0.71,0.14,0.1,0.62,0.28,0.09,0.56,0.35,0.08,0.55,0.37,0.08,0.56,0.35,0.23,0.44,0.33,0.25,0.47,0.28,16.6,4.7,1.6,10.4,6.68,1.6,0.4,1.0,0.2,6.68,482.4,22.9,20.8,381.6,57.1,6.68,12.1,1.6,10.5,6.68,0.2,0.1,0.1,0.0,0.0,0.7,0.9,6.68,8.1,7.6,15.8,6.68,15.5,8.3,23.8,6.68,8.6,6.68,17.1,6.68,2.9,0.9,9.5,6.68,1.9,6.68,12.5,12.6,6.68,1.6,0.1,6.68,2.6,0.2,1.8,0.7,6.68,16.3,10.2,6.68,25.9,14.5,11.5,6.68,12.4,4.6,1.0,6.8,6.58,1.1,0.2,0.6,0.2,6.58,487.4,21.5,23.7,386.2,55.9,6.58,9.5,1.4,8.2,6.58,0.3,0.1,0.2,0.0,0.0,0.3,0.8,6.58,7.2,5.6,12.9,6.58,17.1,8.1,25.2,6.58,8.9,6.58,13.6,6.58,3.7,1.1,7.0,6.58,2.5,6.58,12.5,13.6,6.58,2.9,0.1,6.58,3.4,0.3,2.1,1.0,6.58,14.7,8.5,6.58,24.9,12.8,12.1,6.58,Ligue_1,2023-2024
Lille,34,14.0,0.558,0.853,11.6,6.84,30,2,18,11.9,0.584,0.866,10.1,6.63,35,1,8.4,16.4,9.1,11.2,1.6,6.84,10.9,18.5,8.1,10.9,1.1,6.63,14.0,6.0,9.6,14.8,6.84,11.9,4.0,10.1,14.0,6.63,34.49,34.0,-0.49,238.0,0.14,6.84,16.39,14.0,-2.39,143.0,0.11,6.84,19.5,16.0,-3.5,203.0,0.1,6.63,22.69,18.0,-4.69,186.0,0.12,6.63,22,0,10,2,0,11,0,2,1,0,10,0,6,0,2,13,2,1,2,2,16,1,48,468,15,2,55,352,15,1,48,504,15,1,51,341,24,1,0,7,32,2,0,3,0.34,0.29,0.37,0.34,0.29,0.37,0.11,0.73,0.16,0.13,0.66,0.21,0.21,0.58,0.21,0.16,0.66,0.18,0.13,0.53,0.34,0.08,0.52,0.4,0.05,0.54,0.4,0.08,0.59,0.33,0.24,0.46,0.3,0.26,0.46,0.27,14.0,4.9,1.8,7.4,6.84,2.0,0.6,1.1,0.4,6.84,511.9,24.1,23.6,412.4,51.7,6.84,9.9,1.2,8.7,6.84,0.4,0.1,0.1,0.1,0.0,0.6,1.2,6.84,10.3,9.6,19.9,6.84,16.4,8.3,24.7,6.84,9.1,6.84,16.2,6.84,2.1,1.0,7.8,6.84,1.6,6.84,14.8,11.2,6.84,1.8,0.1,6.84,2.4,0.2,1.2,1.0,6.84,13.2,9.4,6.84,22.3,11.6,10.6,6.84,11.9,4.8,0.6,6.5,6.63,1.1,0.3,0.5,0.1,6.63,548.2,24.8,22.8,449.9,50.7,6.63,9.1,1.0,8.1,6.63,0.1,0.0,0.1,0.1,0.0,0.4,0.6,6.63,9.9,10.1,20.1,6.63,18.5,9.5,28.0,6.63,8.1,6.63,15.9,6.63,2.6,1.2,6.2,6.63,1.1,6.63,14.0,10.9,6.63,2.1,0.1,6.63,3.2,0.1,1.8,1.4,6.63,14.3,8.8,6.63,20.1,10.1,10.0,6.63,Ligue_1,2023-2024
Lorient,26,11.8,0.465,0.834,12.6,6.65,28,0,17,9.9,0.452,0.836,11.9,6.45,37,1,15.1,16.9,9.7,12.4,1.8,6.65,16.2,14.7,10.1,11.4,1.5,6.45,11.8,4.3,11.1,12.1,6.65,9.9,3.8,8.9,12.4,6.45,22.65,25.0,2.35,201.0,0.11,6.65,26.45,30.0,3.55,256.0,0.1,6.65,16.48,16.0,-0.48,168.0,0.1,6.45,31.85,35.0,3.15,276.0,0.12,6.45,20,3,1,1,1,17,3,7,3,0,16,0,0,0,1,21,2,7,5,1,19,1,49,395,19,1,52,461,15,1,47,400,24,1,51,485,25,2,0,1,30,0,0,8,0.4,0.24,0.36,0.38,0.26,0.37,0.21,0.64,0.15,0.18,0.7,0.13,0.2,0.62,0.18,0.14,0.69,0.17,0.07,0.59,0.34,0.06,0.54,0.4,0.06,0.54,0.4,0.07,0.59,0.35,0.29,0.45,0.26,0.32,0.45,0.23,11.8,4.1,0.8,6.9,6.65,1.5,0.4,0.9,0.2,6.65,438.5,24.4,23.5,341.2,49.4,6.65,8.6,1.8,6.9,6.65,0.2,0.0,0.2,0.1,0.0,0.5,0.9,6.65,10.5,11.1,21.6,6.65,16.9,8.2,25.2,6.65,9.7,6.65,20.0,6.65,4.2,1.6,7.5,6.65,1.8,6.65,12.1,12.4,6.65,1.6,0.0,6.65,4.2,0.2,2.1,1.9,6.65,15.4,8.8,6.65,23.8,12.6,11.2,6.65,9.9,4.0,0.6,5.3,6.45,1.0,0.2,0.6,0.1,6.45,441.5,22.6,23.8,346.4,48.7,6.45,7.5,1.1,6.5,6.45,0.2,0.0,0.1,0.0,0.0,0.5,0.7,6.45,10.1,8.9,19.1,6.45,14.7,8.2,22.9,6.45,10.1,6.45,24.6,6.45,3.4,1.8,7.9,6.45,1.5,6.45,12.4,11.4,6.45,2.2,0.1,6.45,4.1,0.2,2.6,1.4,6.45,16.1,9.7,6.45,24.6,11.9,12.7,6.45,Ligue_1,2023-2024
Lyon,25,14.1,0.519,0.84,12.1,6.63,30,4,24,11.9,0.514,0.841,11.6,6.63,24,2,13.5,16.1,9.3,12.9,1.9,6.63,13.7,15.6,8.6,12.1,1.2,6.63,14.1,5.4,11.0,10.5,6.63,11.9,4.8,11.1,11.1,6.63,30.75,24.0,-6.75,240.0,0.13,6.63,25.45,29.0,3.55,229.0,0.11,6.63,21.24,24.0,2.76,203.0,0.1,6.63,28.04,25.0,-3.04,233.0,0.12,6.63,13,2,5,4,1,15,6,6,2,0,15,2,7,0,0,18,0,5,2,1,17,2,49,444,17,2,48,408,16,2,52,442,18,1,49,415,24,4,0,7,18,1,0,7,0.35,0.27,0.38,0.34,0.27,0.39,0.15,0.7,0.16,0.2,0.63,0.17,0.21,0.65,0.14,0.19,0.66,0.15,0.13,0.58,0.29,0.06,0.52,0.42,0.08,0.57,0.35,0.06,0.58,0.36,0.26,0.45,0.29,0.29,0.44,0.27,14.1,4.2,1.8,8.1,6.63,1.5,0.4,0.9,0.1,6.63,488.5,25.6,23.6,384.8,54.5,6.63,10.7,1.3,9.4,6.63,0.1,0.0,0.1,0.0,0.0,0.6,0.8,6.63,11.2,11.0,22.2,6.63,16.1,8.5,24.6,6.63,9.3,6.63,13.9,6.63,3.9,1.1,6.0,6.63,1.9,6.63,10.5,12.9,6.63,1.8,0.2,6.63,3.3,0.2,1.6,1.4,6.63,15.2,10.4,6.63,23.1,12.1,11.0,6.63,11.9,4.2,0.9,6.8,6.63,1.4,0.5,0.8,0.1,6.63,489.6,26.4,25.0,385.5,52.8,6.63,9.0,1.1,7.9,6.63,0.3,0.1,0.0,0.0,0.0,0.8,1.1,6.63,10.4,11.1,21.4,6.63,15.6,10.8,26.4,6.63,8.6,6.63,17.4,6.63,3.0,1.2,7.2,6.63,1.2,6.63,11.1,12.1,6.63,1.4,0.1,6.63,3.5,0.1,2.2,1.1,6.63,15.6,10.3,6.63,22.6,11.6,10.9,6.63,Ligue_1,2023-2024
Marseille,31,14.2,0.526,0.845,10.5,6.78,22,3,21,14.1,0.546,0.841,11.8,6.59,35,2,10.4,18.4,9.8,9.5,1.8,6.78,11.6,17.2,9.8,12.5,2.3,6.59,14.2,5.2,7.5,11.9,6.78,14.1,4.1,7.8,13.2,6.59,32.62,29.0,-3.62,242.0,0.13,6.78,15.27,13.0,-2.27,177.0,0.09,6.78,24.07,21.0,-3.07,239.0,0.1,6.59,24.06,27.0,2.94,198.0,0.12,6.59,20,2,3,4,2,8,2,3,0,0,15,3,3,0,0,14,1,9,3,1,20,1,47,430,17,1,49,382,22,1,49,452,16,0,52,366,19,3,0,4,29,2,0,7,0.35,0.27,0.38,0.34,0.27,0.39,0.13,0.75,0.13,0.17,0.62,0.21,0.16,0.69,0.15,0.2,0.61,0.19,0.1,0.55,0.35,0.04,0.6,0.36,0.06,0.59,0.35,0.09,0.59,0.33,0.26,0.44,0.3,0.27,0.44,0.3,14.2,5.1,1.4,7.8,6.78,1.8,0.8,0.7,0.2,6.78,473.0,21.9,24.8,378.0,48.4,6.78,9.9,1.4,8.5,6.78,0.2,0.0,0.1,0.1,0.0,0.7,1.1,6.78,8.1,7.5,15.6,6.78,18.4,8.2,26.5,6.78,9.8,6.78,17.3,6.78,3.2,1.5,7.8,6.78,1.8,6.78,11.9,9.5,6.78,1.3,0.2,6.78,2.3,0.0,1.5,0.8,6.78,14.7,9.0,6.78,21.6,10.5,11.1,6.78,14.1,4.9,0.8,8.3,6.59,1.2,0.2,0.9,0.2,6.59,496.0,22.5,25.5,394.9,53.1,6.59,10.6,2.1,8.5,6.59,0.4,0.1,0.0,0.0,0.0,0.5,0.8,6.59,8.9,7.8,16.6,6.59,17.2,9.2,26.4,6.59,9.8,6.59,17.7,6.59,2.6,1.6,7.8,6.59,2.3,6.59,13.2,12.5,6.59,2.1,0.1,6.59,3.1,0.2,2.1,0.8,6.59,13.4,8.8,6.59,22.8,11.8,10.9,6.59,Ligue_1,2023-2024
Metz,17,10.8,0.366,0.758,13.2,6.5,28,3,18,8.7,0.329,0.758,10.8,6.55,27,0,12.5,16.2,10.2,12.3,1.5,6.5,17.9,16.9,10.3,12.4,1.2,6.55,10.8,3.4,9.2,11.9,6.5,8.7,3.4,7.8,10.1,6.55,16.45,17.0,0.55,184.0,0.09,6.5,23.43,27.0,3.57,213.0,0.11,6.5,18.59,18.0,-0.59,148.0,0.13,6.55,34.27,31.0,-3.27,305.0,0.11,6.55,12,2,1,2,0,17,2,5,3,0,10,2,4,2,0,23,0,5,3,0,19,0,57,278,20,1,52,540,15,0,60,237,23,1,42,569,20,3,0,8,22,2,0,3,0.37,0.23,0.39,0.36,0.23,0.41,0.16,0.67,0.17,0.15,0.67,0.18,0.16,0.7,0.14,0.19,0.67,0.14,0.03,0.56,0.42,0.05,0.56,0.39,0.07,0.57,0.36,0.08,0.58,0.34,0.28,0.48,0.25,0.32,0.46,0.21,10.8,4.5,0.3,6.0,6.5,1.0,0.1,0.6,0.2,6.5,331.1,24.2,32.3,226.6,47.9,6.5,7.9,1.6,6.2,6.5,0.2,0.0,0.1,0.0,0.0,0.6,0.8,6.5,10.9,9.2,20.2,6.5,16.2,7.5,23.6,6.5,10.2,6.5,21.2,6.5,3.4,1.5,8.9,6.5,1.5,6.5,11.9,12.3,6.5,1.6,0.2,6.5,2.5,0.1,1.4,1.0,6.5,15.1,8.5,6.5,29.9,13.2,16.7,6.5,8.7,3.1,0.6,5.0,6.55,1.1,0.3,0.6,0.1,6.55,291.9,25.9,33.1,195.5,37.5,6.55,5.9,1.0,4.9,6.55,0.4,0.1,0.1,0.0,0.0,0.2,0.6,6.55,10.5,7.8,18.4,6.55,16.9,8.8,25.6,6.55,10.3,6.55,25.6,6.55,4.1,2.1,8.1,6.55,1.2,6.55,10.1,12.4,6.55,1.6,0.0,6.55,5.2,0.2,3.5,1.5,6.55,14.8,7.2,6.55,25.9,10.8,15.2,6.55,Ligue_1,2023-2024
Monaco,30,16.3,0.555,0.836,11.0,6.84,31,2,38,14.1,0.525,0.818,12.9,6.77,41,6,9.9,20.3,12.1,14.9,2.1,6.84,13.2,18.8,11.1,13.4,2.2,6.77,16.3,6.3,9.1,12.2,6.84,14.1,6.1,8.6,11.3,6.77,30.66,29.0,-1.66,278.0,0.11,6.84,17.29,12.0,-5.29,168.0,0.1,6.84,29.63,37.0,7.37,240.0,0.12,6.77,27.6,28.0,0.4,225.0,0.12,6.77,18,3,7,1,1,10,0,2,0,2,31,4,1,1,1,15,3,5,5,0,16,2,48,469,13,2,56,360,14,2,49,441,21,2,56,380,26,1,0,8,36,1,0,12,0.36,0.29,0.35,0.36,0.3,0.34,0.14,0.73,0.13,0.19,0.65,0.15,0.18,0.68,0.14,0.15,0.66,0.19,0.04,0.64,0.32,0.05,0.56,0.38,0.1,0.61,0.3,0.09,0.6,0.32,0.23,0.44,0.32,0.25,0.45,0.29,16.3,5.2,0.7,10.4,6.84,1.8,0.2,1.2,0.3,6.84,512.9,25.3,23.0,403.7,60.9,6.84,11.6,1.6,9.9,6.84,0.5,0.2,0.1,0.1,0.0,0.5,1.1,6.84,8.9,9.1,17.9,6.84,20.3,10.8,31.1,6.84,12.1,6.84,13.1,6.84,1.9,0.6,10.7,6.84,2.1,6.84,12.2,14.9,6.84,1.8,0.1,6.84,2.9,0.1,1.8,1.1,6.84,18.0,8.7,6.84,22.4,11.0,11.4,6.84,14.1,4.2,1.4,8.6,6.77,2.2,0.9,1.2,0.1,6.77,485.8,23.2,25.6,374.1,62.9,6.77,10.2,1.7,8.5,6.77,0.3,0.0,0.2,0.0,0.0,1.1,1.5,6.77,8.3,8.6,16.9,6.77,18.8,10.6,29.4,6.77,11.1,6.77,20.4,6.77,3.1,0.9,8.9,6.77,2.2,6.77,11.3,13.4,6.77,2.4,0.4,6.77,3.6,0.2,2.1,1.4,6.77,15.8,10.4,6.77,25.5,12.9,12.6,6.77,Ligue_1,2023-2024
Montpellier,20,15.8,0.458,0.787,14.2,6.64,31,3,23,10.4,0.427,0.79,11.4,6.62,36,2,14.8,15.3,9.1,13.4,1.7,6.64,16.9,21.1,9.0,12.1,1.5,6.62,15.8,5.1,8.5,13.2,6.64,10.4,4.6,8.7,13.1,6.62,29.88,19.0,-10.88,268.0,0.11,6.64,25.41,22.0,-3.41,252.0,0.1,6.64,19.99,22.0,2.01,176.0,0.11,6.62,31.41,23.0,-8.41,288.0,0.11,6.62,6,4,4,5,1,12,2,7,1,1,11,6,3,2,1,17,1,2,3,2,21,1,61,339,17,1,52,427,14,1,62,323,22,2,47,465,27,1,0,7,30,2,0,6,0.32,0.24,0.44,0.36,0.24,0.4,0.17,0.62,0.21,0.21,0.59,0.2,0.2,0.64,0.16,0.18,0.65,0.18,0.07,0.55,0.38,0.07,0.52,0.42,0.06,0.54,0.4,0.07,0.59,0.34,0.28,0.44,0.28,0.32,0.44,0.23,15.8,6.0,1.0,8.8,6.64,1.2,0.3,0.8,0.1,6.64,394.3,28.3,31.6,282.1,52.4,6.64,10.8,2.5,8.2,6.64,0.1,0.1,0.2,0.0,0.0,0.4,0.7,6.64,8.2,8.5,16.8,6.64,15.3,10.3,25.6,6.64,9.1,6.64,20.4,6.64,4.4,1.4,8.1,6.64,1.7,6.64,13.2,13.4,6.64,1.8,0.2,6.64,3.2,0.2,1.8,1.2,6.64,16.7,8.4,6.64,29.2,14.2,15.0,6.64,10.4,4.2,0.6,5.6,6.62,1.4,0.2,1.1,0.1,6.62,379.0,28.4,33.1,271.1,46.4,6.62,7.2,1.5,5.7,6.62,0.2,0.1,0.1,0.0,0.0,0.6,0.8,6.62,11.1,8.7,19.8,6.62,21.1,12.1,33.2,6.62,9.0,6.62,22.5,6.62,5.1,1.4,7.6,6.62,1.5,6.62,13.1,12.1,6.62,2.1,0.1,6.62,4.2,0.2,2.5,1.5,6.62,16.3,8.8,6.62,23.3,11.4,11.9,6.62,Ligue_1,2023-2024
Nantes,17,12.1,0.442,0.819,12.2,6.52,29,2,13,10.4,0.446,0.813,11.6,6.48,39,1,13.5,16.7,9.6,11.6,1.2,6.52,11.6,17.5,9.9,14.7,1.8,6.48,12.1,4.5,6.9,11.8,6.52,10.4,3.5,6.0,10.2,6.48,21.08,17.0,-4.08,205.0,0.1,6.52,29.77,30.0,0.23,230.0,0.13,6.52,18.73,13.0,-5.73,176.0,0.11,6.48,27.8,25.0,-2.8,198.0,0.14,6.48,8,1,5,3,0,21,3,3,3,0,9,0,3,1,0,13,4,2,6,0,21,1,56,363,17,1,57,481,16,2,53,357,20,1,51,460,21,2,0,8,28,3,0,9,0.44,0.21,0.35,0.41,0.22,0.37,0.22,0.61,0.17,0.17,0.67,0.16,0.25,0.6,0.15,0.15,0.69,0.17,0.06,0.63,0.31,0.09,0.58,0.33,0.06,0.56,0.38,0.09,0.6,0.31,0.28,0.45,0.28,0.29,0.47,0.24,12.1,3.7,0.7,7.6,6.52,1.0,0.2,0.8,0.1,6.52,414.0,26.1,29.0,312.8,46.1,6.52,8.6,1.4,7.2,6.52,0.2,0.1,0.0,0.0,0.0,0.3,0.5,6.52,7.6,6.9,14.5,6.52,16.7,11.0,27.7,6.52,9.6,6.52,18.5,6.52,3.1,0.6,7.4,6.52,1.2,6.52,11.8,11.6,6.52,1.7,0.1,6.52,3.6,0.2,2.4,1.1,6.52,17.1,7.1,6.52,24.5,12.2,12.3,6.52,10.4,3.9,0.6,5.8,6.48,0.8,0.2,0.4,0.2,6.48,404.9,21.9,30.7,307.3,45.0,6.48,7.6,0.8,6.8,6.48,0.2,0.1,0.1,0.0,0.0,0.2,0.5,6.48,7.0,6.0,13.0,6.48,17.5,7.7,25.2,6.48,9.9,6.48,21.5,6.48,2.9,1.8,6.6,6.48,1.8,6.48,10.2,14.7,6.48,2.3,0.1,6.48,2.3,0.4,1.2,0.8,6.48,13.5,7.9,6.48,24.8,11.6,13.2,6.48,Ligue_1,2023-2024
Nice,21,14.5,0.523,0.87,10.4,6.71,29,3,19,12.5,0.526,0.864,12.1,6.58,33,1,9.6,16.6,8.5,11.0,1.8,6.71,11.9,15.1,8.6,12.6,1.3,6.58,14.5,4.6,12.8,10.9,6.71,12.5,4.8,9.1,11.1,6.58,28.75,20.0,-8.75,247.0,0.12,6.71,17.09,10.0,-7.09,163.0,0.1,6.71,24.56,19.0,-5.56,212.0,0.12,6.58,21.09,18.0,-3.09,202.0,0.1,6.58,10,2,4,4,1,7,0,1,2,1,14,1,2,2,0,13,1,1,3,0,20,1,35,455,13,2,51,400,16,1,41,478,15,1,56,409,20,4,0,8,25,1,0,8,0.36,0.28,0.36,0.37,0.29,0.34,0.11,0.69,0.2,0.23,0.65,0.12,0.12,0.73,0.16,0.18,0.62,0.2,0.08,0.58,0.34,0.04,0.58,0.38,0.1,0.57,0.33,0.04,0.56,0.4,0.27,0.44,0.29,0.28,0.46,0.26,14.5,5.0,1.2,8.4,6.71,1.2,0.3,0.8,0.1,6.71,484.9,16.9,18.2,405.0,44.9,6.71,9.9,1.6,8.3,6.71,0.2,0.1,0.1,0.1,0.0,0.5,0.7,6.71,11.7,12.8,24.5,6.71,16.6,6.8,23.4,6.71,8.5,6.71,13.1,6.71,2.7,1.2,8.4,6.71,1.8,6.71,10.9,11.0,6.71,1.7,0.2,6.71,2.2,0.1,1.4,0.8,6.71,15.4,9.8,6.71,20.3,10.4,9.9,6.71,12.5,4.1,1.2,7.1,6.58,1.1,0.4,0.6,0.1,6.58,513.9,18.0,22.3,426.1,47.6,6.58,9.2,1.6,7.6,6.58,0.2,0.1,0.0,0.0,0.0,0.5,0.6,6.58,10.7,9.1,19.8,6.58,15.1,6.1,21.2,6.58,8.6,6.58,14.1,6.58,3.8,1.6,8.0,6.58,1.3,6.58,11.1,12.6,6.58,1.9,0.1,6.58,2.3,0.1,1.4,0.9,6.58,17.1,10.3,6.58,23.9,12.1,11.8,6.58,Ligue_1,2023-2024
Paris Saint-Germain,42,15.7,0.677,0.901,8.2,6.81,21,1,39,14.5,0.637,0.893,8.2,7.03,28,2,9.0,16.9,7.6,9.9,1.8,6.81,15.3,17.5,8.1,10.8,1.3,7.03,15.7,5.6,11.1,11.2,6.81,14.5,6.1,12.5,10.1,7.03,33.12,39.0,5.88,267.0,0.12,6.81,15.03,22.0,6.97,153.0,0.1,6.81,36.21,39.0,2.79,246.0,0.15,7.03,31.42,11.0,-20.42,260.0,0.12,7.03,30,1,5,3,3,17,1,3,1,0,24,7,4,4,0,7,0,1,3,0,18,2,37,678,11,1,49,290,12,2,44,610,19,1,46,316,15,1,0,7,15,3,0,12,0.33,0.27,0.4,0.36,0.26,0.38,0.19,0.61,0.2,0.18,0.61,0.21,0.24,0.59,0.17,0.16,0.68,0.17,0.09,0.57,0.34,0.07,0.55,0.39,0.04,0.63,0.33,0.07,0.61,0.32,0.22,0.45,0.33,0.29,0.44,0.27,15.7,5.4,1.5,8.9,6.81,2.5,0.6,1.4,0.3,6.81,711.9,23.4,13.3,618.0,57.2,6.81,12.7,1.3,11.4,6.81,0.2,0.0,0.2,0.1,0.0,1.1,1.6,6.81,13.5,11.1,24.6,6.81,16.9,8.9,25.8,6.81,7.6,6.81,10.8,6.81,1.9,0.9,6.6,6.81,1.8,6.81,11.2,9.9,6.81,1.2,0.1,6.81,2.1,0.0,1.4,0.8,6.81,14.8,8.8,6.81,16.8,8.2,8.6,6.81,14.5,4.8,0.6,9.1,7.03,2.3,0.2,1.5,0.6,7.03,649.6,25.9,17.2,554.4,52.1,7.03,12.3,1.5,10.8,7.03,0.1,0.1,0.4,0.1,0.0,1.4,1.9,7.03,10.8,12.5,23.3,7.03,17.5,9.9,27.4,7.03,8.1,7.03,17.6,7.03,4.5,1.1,7.4,7.03,1.3,7.03,10.1,10.8,7.03,1.6,0.1,7.03,4.6,0.5,2.9,1.2,7.03,13.1,8.2,7.03,15.8,8.2,7.5,7.03,Ligue_1,2023-2024
Reims,19,12.6,0.516,0.825,11.8,6.65,32,0,23,11.8,0.488,0.803,12.0,6.55,34,3,11.6,18.8,9.2,12.5,2.3,6.65,14.1,18.9,10.9,13.6,2.6,6.55,12.6,4.1,10.5,10.2,6.65,11.8,3.8,8.9,8.9,6.55,24.39,17.0,-7.39,214.0,0.11,6.65,22.33,18.0,-4.33,198.0,0.11,6.65,23.91,23.0,-0.91,201.0,0.12,6.55,26.53,28.0,1.47,239.0,0.11,6.55,10,1,4,2,2,9,4,3,2,0,16,1,5,1,0,16,3,5,4,1,21,2,59,394,17,2,57,371,15,1,55,374,21,1,51,393,30,0,0,2,30,3,0,6,0.36,0.24,0.4,0.36,0.25,0.38,0.18,0.69,0.13,0.24,0.61,0.16,0.11,0.73,0.16,0.18,0.61,0.21,0.09,0.58,0.32,0.08,0.56,0.36,0.08,0.57,0.35,0.09,0.6,0.32,0.26,0.44,0.3,0.3,0.44,0.25,12.6,4.1,1.2,7.4,6.65,1.1,0.4,0.5,0.1,6.65,447.9,29.8,28.1,339.7,50.3,6.65,9.6,1.7,7.9,6.65,0.2,0.1,0.0,0.0,0.0,0.5,0.8,6.65,11.6,10.5,22.1,6.65,18.8,8.8,27.6,6.65,9.2,6.65,17.2,6.65,3.8,1.4,7.1,6.65,2.3,6.65,10.2,12.5,6.65,1.9,0.0,6.65,2.6,0.1,1.6,0.9,6.65,16.3,9.5,6.65,23.5,11.8,11.8,6.65,11.8,4.1,0.9,6.8,6.55,1.4,0.3,0.8,0.2,6.55,422.4,24.4,28.8,314.9,54.3,6.55,9.0,1.6,7.4,6.55,0.3,0.1,0.1,0.0,0.0,0.5,0.9,6.55,7.9,8.9,16.8,6.55,18.9,9.9,28.8,6.55,10.9,6.55,20.5,6.55,4.1,1.1,8.5,6.55,2.6,6.55,8.9,13.6,6.55,2.0,0.2,6.55,2.8,0.2,1.6,0.9,6.55,17.6,8.1,6.55,23.7,12.0,11.7,6.55,Ligue_1,2023-2024
Rennes,34,15.6,0.512,0.849,12.1,6.7,32,1,19,13.0,0.53,0.836,11.8,6.61,34,3,11.2,15.6,9.5,11.2,1.1,6.7,11.7,15.3,9.8,13.8,1.0,6.61,15.6,5.5,10.8,13.8,6.7,13.0,4.5,9.8,11.9,6.61,33.31,34.0,0.69,266.0,0.13,6.7,20.45,25.0,4.55,191.0,0.11,6.7,20.11,19.0,-1.11,221.0,0.09,6.61,21.55,18.0,-3.55,199.0,0.11,6.61,23,0,5,6,0,18,0,7,0,1,11,1,3,4,0,12,1,2,3,2,16,1,48,427,16,1,54,401,16,1,52,437,18,1,53,376,19,7,0,7,27,2,0,8,0.41,0.25,0.34,0.4,0.27,0.33,0.19,0.61,0.2,0.21,0.64,0.16,0.2,0.57,0.23,0.16,0.68,0.16,0.07,0.61,0.32,0.08,0.62,0.29,0.04,0.58,0.38,0.09,0.54,0.37,0.27,0.44,0.3,0.27,0.44,0.3,15.6,5.1,1.1,9.5,6.7,2.0,0.5,1.4,0.1,6.7,470.8,26.1,21.2,373.6,49.8,6.7,11.3,2.2,9.1,6.7,0.1,0.0,0.0,0.1,0.0,0.8,0.9,6.7,10.2,10.8,21.0,6.7,15.6,6.4,22.0,6.7,9.5,6.7,16.0,6.7,3.0,1.2,7.9,6.7,1.1,6.7,13.8,11.2,6.7,1.9,0.1,6.7,2.8,0.1,2.0,0.8,6.7,14.6,10.6,6.7,24.5,12.1,12.4,6.7,13.0,5.0,0.5,7.5,6.61,1.1,0.1,0.9,0.1,6.61,484.1,26.9,24.1,377.9,55.1,6.61,9.4,1.2,8.1,6.61,0.1,0.0,0.0,0.0,0.0,0.6,0.8,6.61,9.7,9.8,19.5,6.61,15.3,8.1,23.4,6.61,9.8,6.61,17.9,6.61,3.2,1.8,7.7,6.61,1.0,6.61,11.9,13.8,6.61,2.0,0.2,6.61,3.3,0.1,1.9,1.3,6.61,14.8,9.0,6.61,25.2,11.8,13.5,6.61,Ligue_1,2023-2024
Strasbourg,22,12.3,0.445,0.828,11.6,6.61,33,2,16,9.3,0.44,0.819,11.0,6.48,24,0,12.2,19.5,10.5,13.2,1.1,6.61,12.3,16.9,9.9,13.9,1.0,6.48,12.3,4.1,9.8,12.5,6.61,9.3,3.2,8.9,11.8,6.48,24.09,20.0,-4.09,209.0,0.12,6.61,21.37,22.0,0.63,207.0,0.1,6.61,18.7,16.0,-2.7,158.0,0.12,6.48,25.89,25.0,-0.89,209.0,0.12,6.48,12,3,4,1,2,16,1,3,2,1,9,1,4,2,0,20,1,2,2,2,18,1,48,358,16,2,50,462,14,1,52,357,18,2,50,471,27,4,0,5,13,3,0,8,0.32,0.27,0.41,0.36,0.27,0.37,0.16,0.67,0.18,0.19,0.65,0.16,0.09,0.7,0.21,0.13,0.69,0.18,0.11,0.55,0.34,0.04,0.66,0.3,0.08,0.51,0.41,0.1,0.59,0.31,0.27,0.45,0.28,0.3,0.45,0.25,12.3,4.2,1.3,6.8,6.61,1.3,0.6,0.5,0.1,6.61,401.3,23.2,24.1,309.1,44.9,6.61,9.4,1.8,7.6,6.61,0.4,0.1,0.1,0.1,0.0,0.2,0.8,6.61,10.4,9.8,20.2,6.61,19.5,7.2,26.7,6.61,10.5,6.61,17.6,6.61,3.4,1.1,8.5,6.61,1.1,6.61,12.5,13.2,6.61,1.9,0.1,6.61,2.5,0.0,1.8,0.7,6.61,12.6,8.5,6.61,23.2,11.6,11.6,6.61,9.3,3.8,0.8,4.7,6.48,0.9,0.3,0.6,0.1,6.48,406.4,23.8,28.6,308.9,45.1,6.48,7.1,1.0,6.1,6.48,0.1,0.1,0.1,0.0,0.0,0.4,0.6,6.48,8.5,8.9,17.4,6.48,16.9,8.4,25.3,6.48,9.9,6.48,20.8,6.48,3.4,1.4,8.6,6.48,1.0,6.48,11.8,13.9,6.48,1.4,0.0,6.48,2.1,0.0,1.5,0.6,6.48,16.1,9.9,6.48,24.8,11.0,13.8,6.48,Ligue_1,2023-2024
Toulouse,21,13.1,0.495,0.825,13.8,6.59,31,1,21,10.6,0.469,0.806,14.8,6.63,44,0,11.5,17.2,8.9,14.3,1.6,6.59,15.8,18.8,8.4,15.2,1.4,6.63,13.1,4.6,8.6,12.5,6.59,10.6,3.5,8.4,13.9,6.63,24.21,21.0,-3.21,223.0,0.11,6.59,20.19,25.0,4.81,196.0,0.1,6.59,21.29,21.0,-0.29,181.0,0.12,6.63,29.81,21.0,-8.81,269.0,0.11,6.63,13,2,3,3,0,15,1,6,3,0,9,2,7,3,0,12,3,5,1,0,18,1,47,410,15,1,50,420,13,1,51,380,20,1,51,431,30,1,0,2,32,1,0,11,0.37,0.25,0.38,0.37,0.25,0.38,0.17,0.68,0.15,0.16,0.67,0.17,0.18,0.61,0.2,0.14,0.68,0.17,0.08,0.61,0.32,0.06,0.63,0.31,0.06,0.61,0.33,0.1,0.55,0.35,0.25,0.45,0.3,0.29,0.45,0.26,13.1,4.2,1.0,7.9,6.59,1.2,0.4,0.9,0.0,6.59,453.8,22.4,24.2,352.0,55.2,6.59,9.9,1.6,8.3,6.59,0.2,0.1,0.1,0.0,0.0,0.7,1.1,6.59,9.8,8.6,18.5,6.59,17.2,9.2,26.4,6.59,8.9,6.59,17.2,6.59,3.6,0.9,8.3,6.59,1.6,6.59,12.5,14.3,6.59,1.8,0.1,6.59,2.4,0.1,1.5,0.8,6.59,15.1,7.3,6.59,25.8,13.8,12.0,6.59,10.6,3.5,0.6,6.5,6.63,1.2,0.3,0.8,0.2,6.63,429.3,23.6,27.6,322.2,55.9,6.63,7.8,1.4,6.5,6.63,0.2,0.1,0.0,0.1,0.0,0.5,0.7,6.63,8.0,8.4,16.4,6.63,18.8,10.4,29.1,6.63,8.4,6.63,23.0,6.63,5.1,1.4,8.4,6.63,1.4,6.63,13.9,15.2,6.63,2.6,0.0,6.63,3.1,0.3,1.6,1.2,6.63,14.4,8.4,6.63,28.3,14.8,13.5,6.63,Ligue_1,2023-2024
Angers,18,9.1,0.41,0.82,11.2,6.49,25,1,14,9.5,0.399,0.81,9.6,6.5,25,1,14.5,19.1,10.3,10.9,1.8,6.49,13.9,17.6,9.5,11.5,2.2,6.5,9.1,3.1,7.7,11.6,6.49,9.5,2.7,6.9,11.8,6.5,19.25,17.0,-2.25,155.0,0.12,6.49,33.14,33.0,-0.14,246.0,0.13,6.49,19.69,14.0,-5.69,162.0,0.12,6.5,29.53,20.0,-9.53,237.0,0.12,6.5,6,4,4,3,1,19,4,8,2,0,7,1,4,2,0,14,1,3,2,0,18,2,44,342,19,2,42,521,16,1,46,323,23,1,40,515,15,3,0,8,18,0,0,8,0.46,0.22,0.32,0.43,0.22,0.34,0.25,0.64,0.11,0.15,0.75,0.1,0.17,0.64,0.19,0.16,0.66,0.18,0.08,0.54,0.37,0.07,0.63,0.3,0.1,0.56,0.35,0.11,0.51,0.37,0.3,0.45,0.24,0.34,0.44,0.22,9.1,3.4,0.8,4.9,6.49,1.1,0.3,0.6,0.1,6.49,380.8,18.4,24.6,293.9,43.8,6.49,6.2,0.9,5.3,6.49,0.2,0.1,0.0,0.1,0.0,0.4,0.6,6.49,10.9,7.7,18.6,6.49,19.1,9.1,28.2,6.49,10.3,6.49,22.5,6.49,3.2,1.4,7.1,6.49,1.8,6.49,11.6,10.9,6.49,1.5,0.1,6.49,4.5,0.2,3.2,1.1,6.49,14.2,9.1,6.49,24.2,11.2,13.0,6.49,9.5,3.3,0.9,5.3,6.5,0.8,0.2,0.4,0.2,6.5,362.5,18.6,26.6,275.1,42.2,6.5,6.5,1.4,5.1,6.5,0.2,0.1,0.0,0.0,0.0,0.2,0.4,6.5,10.5,6.9,17.5,6.5,17.6,9.3,26.9,6.5,9.5,6.5,27.9,6.5,3.6,1.8,7.5,6.5,2.2,6.5,11.8,11.5,6.5,1.5,0.1,6.5,3.6,0.3,1.9,1.4,6.5,14.8,8.4,6.5,22.2,9.6,12.6,6.5,Ligue_1,2024-2025
Auxerre,24,11.8,0.413,0.793,12.5,6.74,32,1,24,10.6,0.434,0.8,12.3,6.54,35,3,11.4,19.8,10.1,11.1,1.1,6.74,15.3,18.8,10.5,12.7,1.8,6.54,11.8,4.4,8.0,10.8,6.74,10.6,4.6,7.2,10.5,6.54,23.36,24.0,0.64,200.0,0.12,6.74,24.78,16.0,-8.78,193.0,0.13,6.74,19.56,23.0,3.44,180.0,0.11,6.54,37.85,32.0,-5.85,260.0,0.15,6.54,14,2,5,3,0,10,0,5,1,1,9,7,6,1,1,15,6,6,5,2,16,1,61,314,19,2,45,491,16,1,56,334,20,4,44,462,27,2,0,4,27,3,0,9,0.4,0.23,0.37,0.39,0.23,0.38,0.19,0.64,0.17,0.14,0.69,0.18,0.2,0.61,0.19,0.16,0.72,0.12,0.09,0.58,0.34,0.13,0.56,0.3,0.07,0.58,0.35,0.06,0.66,0.28,0.29,0.44,0.27,0.31,0.45,0.24,11.8,4.0,1.0,6.8,6.74,1.4,0.3,0.8,0.3,6.74,369.8,27.8,32.5,265.4,44.1,6.74,9.3,2.0,7.3,6.74,0.4,0.1,0.2,0.1,0.0,0.5,1.1,6.74,10.1,8.0,18.1,6.74,19.8,8.6,28.4,6.74,10.1,6.74,26.8,6.74,3.4,1.1,8.5,6.74,1.1,6.74,10.8,11.1,6.74,1.9,0.1,6.74,3.5,0.5,1.9,1.1,6.74,14.2,9.5,6.74,26.4,12.5,13.9,6.74,10.6,3.7,0.7,6.2,6.54,1.4,0.1,1.1,0.2,6.54,383.8,25.2,30.8,281.7,46.1,6.54,8.1,1.8,6.3,6.54,0.3,0.2,0.2,0.1,0.0,0.5,1.0,6.54,11.4,7.2,18.5,6.54,18.8,8.5,27.3,6.54,10.5,6.54,26.5,6.54,3.9,1.4,7.3,6.54,1.8,6.54,10.5,12.7,6.54,2.1,0.2,6.54,3.9,0.2,2.8,0.9,6.54,12.4,10.8,6.54,24.1,12.3,11.8,6.54,Ligue_1,2024-2025
Brest,31,13.2,0.494,0.821,16.0,6.75,26,3,21,11.4,0.468,0.808,16.3,6.52,41,0,11.1,18.7,9.2,12.1,1.4,6.75,13.2,19.9,9.4,13.2,1.1,6.52,13.2,5.5,6.2,11.9,6.75,11.4,4.2,6.1,12.4,6.52,28.32,31.0,2.68,225.0,0.13,6.75,28.25,21.0,-7.25,189.0,0.15,6.75,24.93,21.0,-3.93,193.0,0.13,6.52,35.59,36.0,0.41,225.0,0.16,6.52,17,3,7,4,0,13,2,2,4,0,5,5,8,3,0,20,6,6,4,2,20,1,60,390,18,2,52,410,18,1,59,358,19,2,46,429,23,0,0,7,30,1,0,10,0.37,0.25,0.38,0.38,0.25,0.37,0.17,0.72,0.11,0.17,0.68,0.15,0.18,0.71,0.11,0.15,0.72,0.13,0.11,0.56,0.33,0.07,0.68,0.25,0.07,0.61,0.32,0.11,0.62,0.27,0.27,0.44,0.29,0.3,0.44,0.26,13.2,4.4,1.4,7.4,6.75,1.8,0.4,1.1,0.4,6.75,445.1,30.5,29.1,335.1,50.5,6.75,9.4,2.5,6.9,6.75,0.2,0.1,0.1,0.1,0.0,0.6,1.0,6.75,8.9,6.2,15.1,6.75,18.7,6.8,25.5,6.75,9.2,6.75,22.9,6.75,3.2,1.8,7.1,6.75,1.4,6.75,11.9,12.1,6.75,1.5,0.2,6.75,2.1,0.1,1.5,0.5,6.75,14.7,6.8,6.75,30.5,16.0,14.5,6.75,11.4,3.6,0.8,6.9,6.52,1.2,0.4,0.7,0.1,6.52,412.7,29.1,29.2,304.5,49.9,6.52,8.4,1.9,6.5,6.52,0.3,0.1,0.0,0.1,0.0,0.6,0.9,6.52,7.6,6.1,13.7,6.52,19.9,9.4,29.3,6.52,9.4,6.52,25.4,6.52,3.0,1.5,8.1,6.52,1.1,6.52,12.4,13.2,6.52,2.4,0.0,6.52,2.9,0.3,1.9,0.6,6.52,15.2,7.6,6.52,33.1,16.3,16.8,6.52,Ligue_1,2024-2025
Le Havre,15,10.6,0.457,0.824,15.0,6.4,28,1,25,9.9,0.396,0.805,12.3,6.58,27,3,14.4,18.1,8.6,11.9,1.5,6.4,14.4,18.4,10.5,10.4,1.4,6.58,10.6,3.4,6.6,11.8,6.4,9.9,3.3,7.1,11.9,6.58,21.54,14.0,-7.54,181.0,0.12,6.4,37.12,40.0,2.88,244.0,0.15,6.4,22.27,23.0,0.73,168.0,0.13,6.58,30.31,30.0,-0.31,244.0,0.12,6.58,7,0,3,4,1,23,7,8,2,1,9,1,8,5,2,22,2,3,3,0,23,1,46,351,18,2,43,438,18,0,46,311,23,1,41,508,23,2,0,4,17,4,0,10,0.39,0.23,0.39,0.41,0.23,0.36,0.13,0.7,0.18,0.16,0.68,0.16,0.14,0.72,0.15,0.19,0.69,0.12,0.09,0.54,0.37,0.09,0.63,0.27,0.11,0.52,0.36,0.09,0.58,0.33,0.28,0.45,0.27,0.34,0.44,0.22,10.6,3.9,0.9,5.8,6.4,0.9,0.2,0.5,0.1,6.4,392.4,22.6,23.1,300.9,45.8,6.4,7.0,1.4,5.6,6.4,0.2,0.0,0.0,0.1,0.0,0.1,0.4,6.4,8.6,6.6,15.2,6.4,18.1,6.8,24.9,6.4,8.6,6.4,23.8,6.4,4.1,1.5,7.1,6.4,1.5,6.4,11.8,11.9,6.4,1.6,0.1,6.4,2.9,0.1,2.1,0.8,6.4,12.9,9.1,6.4,29.2,15.0,14.2,6.4,9.9,3.6,1.1,5.2,6.58,1.5,0.4,0.9,0.1,6.58,351.8,19.2,26.4,263.8,42.4,6.58,6.6,1.4,5.2,6.58,0.4,0.1,0.0,0.0,0.0,0.5,0.8,6.58,7.8,7.1,14.9,6.58,18.4,8.4,26.8,6.58,10.5,6.58,31.4,6.58,3.6,2.0,6.5,6.58,1.4,6.58,11.9,10.4,6.58,1.6,0.2,6.58,3.3,0.1,2.2,1.0,6.58,13.5,9.2,6.58,24.4,12.3,12.1,6.58,Ligue_1,2024-2025
Lens,19,16.3,0.564,0.842,13.5,6.59,37,5,23,12.5,0.509,0.836,13.4,6.65,44,3,9.4,18.2,9.5,14.0,2.8,6.59,12.9,17.4,9.4,15.4,2.2,6.65,16.3,5.2,7.6,10.3,6.59,12.5,4.1,7.0,10.9,6.65,33.03,17.0,-16.03,277.0,0.12,6.59,22.71,22.0,-0.71,159.0,0.14,6.59,25.83,23.0,-2.83,212.0,0.12,6.65,26.75,17.0,-9.75,219.0,0.12,6.65,11,1,3,2,2,10,7,1,4,0,13,3,4,3,0,8,0,5,4,0,26,2,44,472,11,1,50,357,15,1,49,421,16,1,50,402,32,3,0,9,31,6,0,11,0.31,0.27,0.42,0.35,0.25,0.39,0.16,0.71,0.12,0.18,0.66,0.16,0.16,0.69,0.15,0.16,0.68,0.15,0.09,0.59,0.32,0.05,0.69,0.26,0.06,0.6,0.34,0.09,0.56,0.35,0.23,0.43,0.34,0.29,0.44,0.26,16.3,5.2,1.5,9.6,6.59,1.1,0.2,0.8,0.0,6.59,511.2,20.8,22.4,409.8,58.2,6.59,12.5,1.1,11.4,6.59,0.3,0.1,0.0,0.0,0.0,0.3,0.6,6.59,9.1,7.6,16.8,6.59,18.2,7.5,25.7,6.59,9.5,6.59,14.9,6.59,2.8,0.6,7.9,6.59,2.8,6.59,10.3,14.0,6.59,2.2,0.3,6.59,2.4,0.1,1.6,0.6,6.59,15.8,9.7,6.59,26.2,13.5,12.8,6.59,12.5,4.2,0.7,7.5,6.65,1.4,0.1,1.0,0.2,6.65,464.9,24.2,24.8,364.4,51.5,6.65,9.0,1.3,7.7,6.65,0.2,0.0,0.1,0.0,0.0,0.6,0.9,6.65,10.5,7.0,17.5,6.65,17.4,9.0,26.4,6.65,9.4,6.65,25.6,6.65,3.2,1.0,8.9,6.65,2.2,6.65,10.9,15.4,6.65,2.6,0.2,6.65,3.6,0.2,2.6,0.8,6.65,18.1,10.4,6.65,25.8,13.4,12.4,6.65,Ligue_1,2024-2025
Lille,31,12.9,0.58,0.867,11.6,6.71,31,0,21,12.6,0.574,0.867,12.1,6.63,44,2,9.1,19.1,7.7,11.8,1.6,6.71,10.7,17.7,8.2,12.4,1.2,6.63,12.9,5.2,7.8,11.7,6.71,12.6,4.5,8.9,10.4,6.63,28.75,31.0,2.25,219.0,0.13,6.71,23.54,17.0,-6.54,155.0,0.15,6.71,29.98,21.0,-8.98,215.0,0.14,6.63,22.22,18.0,-4.22,182.0,0.12,6.63,18,5,4,4,0,8,3,3,3,1,10,2,6,3,0,11,1,5,1,0,16,1,43,503,13,1,50,344,15,1,44,502,15,1,50,352,24,1,0,6,29,2,0,16,0.36,0.25,0.39,0.38,0.25,0.37,0.2,0.63,0.17,0.18,0.65,0.17,0.16,0.67,0.16,0.15,0.7,0.15,0.08,0.62,0.3,0.17,0.55,0.28,0.07,0.65,0.28,0.06,0.66,0.27,0.22,0.45,0.32,0.25,0.45,0.31,12.9,3.9,1.1,7.9,6.71,1.8,0.3,1.5,0.1,6.71,541.4,24.2,18.2,445.1,53.9,6.71,9.3,1.4,7.9,6.71,0.0,0.0,0.1,0.0,0.0,0.8,0.9,6.71,9.4,7.8,17.1,6.71,19.1,6.8,25.9,6.71,7.7,6.71,18.0,6.71,2.0,1.2,6.5,6.71,1.6,6.71,11.7,11.8,6.71,1.8,0.0,6.71,2.4,0.3,1.5,0.6,6.71,13.8,8.6,6.71,22.1,11.6,10.5,6.71,12.6,3.5,0.9,8.2,6.63,1.2,0.2,0.9,0.1,6.63,540.9,23.2,20.3,445.5,51.9,6.63,9.4,1.2,8.2,6.63,0.2,0.0,0.1,0.1,0.0,0.5,0.8,6.63,9.2,8.9,18.1,6.63,17.7,7.5,25.2,6.63,8.2,6.63,17.6,6.63,2.4,1.0,6.9,6.63,1.2,6.63,10.4,12.4,6.63,2.6,0.1,6.63,3.0,0.1,1.9,1.1,6.63,16.4,9.1,6.63,22.6,12.1,10.5,6.63,Ligue_1,2024-2025
Lyon,37,14.5,0.577,0.868,8.9,6.78,29,0,28,11.6,0.554,0.857,9.4,6.62,32,0,13.2,17.5,8.3,12.1,2.1,6.78,13.3,16.4,8.3,11.9,2.1,6.62,14.5,6.0,7.4,9.4,6.78,11.6,4.9,6.6,11.6,6.62,36.04,35.0,-1.04,246.0,0.15,6.78,23.78,21.0,-2.78,224.0,0.11,6.78,27.37,27.0,-0.37,198.0,0.14,6.62,24.37,25.0,0.63,226.0,0.11,6.62,20,5,5,5,2,15,0,4,2,0,20,2,2,3,1,15,4,5,1,0,20,2,38,493,15,1,44,343,15,2,46,471,17,2,43,368,22,2,0,5,25,3,0,4,0.45,0.23,0.32,0.42,0.24,0.34,0.21,0.68,0.11,0.25,0.55,0.21,0.19,0.65,0.16,0.22,0.63,0.15,0.11,0.63,0.26,0.05,0.57,0.37,0.09,0.63,0.28,0.08,0.54,0.38,0.26,0.43,0.32,0.3,0.42,0.28,14.5,3.8,1.6,9.1,6.78,2.2,0.6,1.3,0.1,6.78,524.4,18.5,18.4,436.8,50.8,6.78,11.3,0.9,10.4,6.78,0.4,0.0,0.2,0.1,0.0,0.9,1.5,6.78,10.0,7.4,17.4,6.78,17.5,8.8,26.2,6.78,8.3,6.78,18.5,6.78,3.8,0.8,6.6,6.78,2.1,6.78,9.4,12.1,6.78,1.7,0.0,6.78,3.7,0.2,1.8,1.7,6.78,13.5,8.2,6.78,18.9,8.9,10.0,6.78,11.6,3.3,1.0,7.4,6.62,1.6,0.2,1.3,0.1,6.62,511.1,22.0,22.8,415.8,50.4,6.62,9.4,1.2,8.1,6.62,0.3,0.1,0.2,0.0,0.0,0.8,1.2,6.62,8.1,6.6,14.7,6.62,16.4,8.0,24.4,6.62,8.3,6.62,21.1,6.62,2.9,1.5,7.1,6.62,2.1,6.62,11.6,11.9,6.62,1.9,0.0,6.62,3.4,0.1,2.1,1.2,6.62,13.4,8.4,6.62,19.5,9.4,10.2,6.62,Ligue_1,2024-2025
Marseille,41,15.4,0.641,0.899,9.9,6.74,31,4,33,13.5,0.636,0.895,9.0,6.68,24,2,8.9,16.2,8.6,12.6,1.8,6.74,10.2,16.3,7.8,10.6,1.4,6.68,15.4,6.4,8.5,10.6,6.74,13.5,5.6,7.8,11.2,6.68,40.2,38.0,-2.2,261.0,0.15,6.74,24.29,22.0,-2.29,152.0,0.16,6.74,27.77,32.0,4.23,230.0,0.12,6.68,28.2,23.0,-5.2,174.0,0.16,6.68,25,5,2,6,3,11,4,6,1,1,22,4,4,2,1,15,4,2,2,1,19,2,33,620,10,2,43,325,17,1,34,606,13,2,47,317,27,1,0,9,19,4,0,5,0.36,0.3,0.34,0.36,0.3,0.34,0.16,0.65,0.19,0.24,0.65,0.11,0.17,0.59,0.24,0.17,0.68,0.15,0.1,0.6,0.31,0.07,0.65,0.28,0.08,0.6,0.32,0.11,0.6,0.29,0.24,0.47,0.3,0.25,0.46,0.29,15.4,4.7,1.5,9.2,6.74,2.4,0.6,1.2,0.4,6.74,649.8,17.5,14.8,566.6,51.0,6.74,11.8,2.0,9.8,6.74,0.2,0.0,0.3,0.1,0.0,0.9,1.5,6.74,9.2,8.5,17.8,6.74,16.2,6.1,22.3,6.74,8.6,6.74,14.3,6.74,2.0,0.4,6.4,6.74,1.8,6.74,10.6,12.6,6.74,1.8,0.2,6.74,2.1,0.2,1.3,0.6,6.74,12.8,8.8,6.74,17.1,9.9,7.2,6.74,13.5,4.3,1.1,8.1,6.68,1.9,0.2,1.4,0.2,6.68,636.5,17.1,16.6,552.6,50.1,6.68,10.6,1.6,9.0,6.68,0.3,0.1,0.2,0.0,0.0,0.9,1.4,6.68,10.1,7.8,17.9,6.68,16.3,5.5,21.8,6.68,7.8,6.68,15.6,6.68,2.1,0.9,5.5,6.68,1.4,6.68,11.2,10.6,6.68,1.4,0.1,6.68,3.2,0.3,2.0,0.9,6.68,14.9,9.6,6.68,17.1,9.0,8.1,6.68,Ligue_1,2024-2025
Monaco,38,15.5,0.551,0.834,12.5,6.87,31,1,25,13.9,0.544,0.83,13.4,6.6,27,3,9.4,19.8,10.8,13.2,2.1,6.87,10.4,19.6,10.2,14.0,2.0,6.6,15.5,6.0,8.6,13.4,6.87,13.9,5.2,7.1,12.8,6.6,42.42,38.0,-4.42,264.0,0.16,6.87,15.78,16.0,0.22,160.0,0.1,6.87,35.49,25.0,-10.49,236.0,0.15,6.6,21.82,25.0,3.18,176.0,0.12,6.6,24,7,4,3,0,9,2,3,2,0,14,2,6,3,0,21,0,3,1,0,15,3,46,442,14,2,52,345,18,2,46,444,15,1,52,359,25,0,0,7,20,2,0,10,0.35,0.31,0.34,0.35,0.3,0.35,0.12,0.71,0.17,0.19,0.66,0.14,0.14,0.74,0.12,0.15,0.65,0.2,0.1,0.65,0.25,0.05,0.56,0.39,0.12,0.58,0.3,0.06,0.52,0.42,0.23,0.45,0.32,0.25,0.45,0.29,15.5,3.9,1.5,10.1,6.87,2.2,0.5,1.6,0.2,6.87,484.8,21.5,24.7,382.8,55.8,6.87,12.1,1.8,10.3,6.87,0.5,0.1,0.3,0.1,0.0,1.0,1.8,6.87,9.8,8.6,18.4,6.87,19.8,8.6,28.4,6.87,10.8,6.87,18.0,6.87,1.7,1.3,7.5,6.87,2.1,6.87,13.4,13.2,6.87,1.8,0.1,6.87,3.0,0.1,1.5,1.4,6.87,18.3,9.3,6.87,25.1,12.5,12.6,6.87,13.9,4.2,1.6,8.1,6.6,1.5,0.5,0.8,0.2,6.6,486.7,21.9,24.4,382.3,58.1,6.6,10.8,1.8,9.1,6.6,0.3,0.2,0.1,0.0,0.0,0.7,1.1,6.6,10.6,7.1,17.6,6.6,19.6,8.2,27.8,6.6,10.2,6.6,19.2,6.6,2.4,1.1,9.0,6.6,2.0,6.6,12.8,14.0,6.6,1.6,0.2,6.6,2.1,0.2,1.2,0.8,6.6,17.1,10.8,6.6,26.1,13.4,12.7,6.6,Ligue_1,2024-2025
Montpellier,17,12.3,0.461,0.81,13.7,6.4,42,6,6,9.8,0.438,0.829,10.3,6.29,42,1,14.6,19.2,7.2,12.5,2.2,6.4,16.6,18.8,8.9,12.6,1.6,6.29,12.3,4.4,8.5,13.5,6.4,9.8,2.5,7.5,12.3,6.29,24.82,17.0,-7.82,209.0,0.12,6.4,33.96,41.0,7.04,249.0,0.14,6.4,13.76,6.0,-7.76,166.0,0.08,6.29,37.05,35.0,-2.05,283.0,0.13,6.29,7,2,5,3,0,26,7,4,4,0,3,1,2,0,0,21,6,4,4,3,22,1,52,328,15,1,43,412,17,2,54,352,19,2,38,485,31,4,0,14,31,1,0,12,0.33,0.24,0.43,0.35,0.24,0.41,0.15,0.63,0.22,0.18,0.65,0.18,0.14,0.67,0.19,0.17,0.68,0.15,0.09,0.54,0.37,0.1,0.57,0.33,0.07,0.42,0.51,0.1,0.61,0.29,0.26,0.45,0.28,0.31,0.45,0.24,12.3,4.6,1.1,6.6,6.4,1.0,0.4,0.6,0.1,6.4,375.0,26.5,24.6,277.1,46.8,6.4,8.8,1.8,7.0,6.4,0.3,0.1,0.1,0.0,0.0,0.2,0.6,6.4,11.1,8.5,19.6,6.4,19.2,8.8,28.0,6.4,7.2,6.4,20.2,6.4,3.1,0.6,7.7,6.4,2.2,6.4,13.5,12.5,6.4,2.5,0.4,6.4,3.7,0.4,2.2,1.2,6.4,12.5,8.2,6.4,28.2,13.7,14.5,6.4,9.8,5.0,0.6,4.1,6.29,0.4,0.0,0.3,0.1,6.29,402.8,28.0,25.8,305.9,43.1,6.29,6.8,1.5,5.3,6.29,0.1,0.0,0.0,0.0,0.0,0.1,0.2,6.29,9.9,7.5,17.4,6.29,18.8,9.6,28.4,6.29,8.9,6.29,22.2,6.29,4.3,1.2,7.3,6.29,1.6,6.29,12.3,12.6,6.29,2.5,0.1,6.29,3.3,0.2,2.1,1.1,6.29,16.4,9.6,6.29,23.4,10.3,13.1,6.29,Ligue_1,2024-2025
Nantes,19,12.2,0.433,0.83,13.2,6.65,36,2,20,8.4,0.357,0.786,12.8,6.47,35,2,10.4,18.5,7.9,12.6,1.0,6.65,14.7,19.5,8.7,11.6,0.8,6.47,12.2,4.0,7.8,10.8,6.65,8.4,3.4,5.5,12.1,6.47,26.28,19.0,-7.28,208.0,0.13,6.65,22.34,17.0,-5.34,177.0,0.13,6.65,18.54,20.0,1.46,142.0,0.13,6.47,37.38,32.0,-5.38,250.0,0.15,6.47,14,2,1,2,0,11,1,3,2,1,12,2,3,3,0,19,4,4,5,2,23,1,48,356,19,1,45,495,13,1,53,287,24,1,44,569,29,1,0,8,26,5,0,6,0.41,0.22,0.37,0.36,0.23,0.42,0.15,0.7,0.15,0.12,0.76,0.12,0.15,0.69,0.15,0.12,0.72,0.16,0.09,0.64,0.27,0.11,0.57,0.32,0.08,0.68,0.25,0.11,0.63,0.26,0.26,0.45,0.29,0.32,0.46,0.22,12.2,3.3,1.0,7.9,6.65,1.1,0.2,0.9,0.1,6.65,399.4,21.8,25.8,309.8,42.0,6.65,8.9,1.4,7.6,6.65,0.4,0.0,0.0,0.0,0.0,0.4,0.7,6.65,9.4,7.8,17.2,6.65,18.5,6.7,25.2,6.65,7.9,6.65,24.5,6.65,2.9,1.4,7.8,6.65,1.0,6.65,10.8,12.6,6.65,2.1,0.1,6.65,2.5,0.2,1.3,1.1,6.65,14.3,7.9,6.65,24.9,13.2,11.7,6.65,8.4,2.1,0.6,5.6,6.47,1.2,0.1,0.9,0.1,6.47,336.9,21.1,32.0,243.6,40.1,6.47,6.2,1.1,5.1,6.47,0.2,0.1,0.1,0.0,0.0,0.6,0.9,6.47,8.2,5.5,13.7,6.47,19.5,7.6,27.1,6.47,8.7,6.47,32.3,6.47,3.9,1.9,9.0,6.47,0.8,6.47,12.1,11.6,6.47,2.1,0.1,6.47,3.3,0.2,2.3,0.8,6.47,14.2,8.9,6.47,27.5,12.8,14.7,6.47,Ligue_1,2024-2025
Nice,38,15.6,0.494,0.844,14.2,6.86,26,2,28,13.3,0.453,0.834,11.8,6.66,30,3,11.7,18.4,10.6,11.6,1.4,6.86,15.3,18.8,10.9,11.4,1.9,6.66,15.6,6.2,9.0,12.6,6.86,13.3,5.2,8.4,11.9,6.66,37.15,36.0,-1.15,266.0,0.14,6.86,17.43,14.0,-3.43,199.0,0.09,6.86,28.54,26.0,-2.54,226.0,0.13,6.66,28.79,26.0,-2.79,260.0,0.11,6.66,23,4,5,4,2,11,1,2,0,1,17,3,4,2,2,17,4,3,2,0,18,3,39,419,16,1,47,428,17,2,40,376,20,1,49,454,22,1,0,5,23,2,0,10,0.36,0.28,0.37,0.37,0.27,0.36,0.16,0.73,0.11,0.17,0.62,0.21,0.21,0.67,0.12,0.21,0.61,0.18,0.08,0.64,0.28,0.09,0.46,0.45,0.08,0.63,0.29,0.05,0.61,0.34,0.27,0.45,0.29,0.3,0.44,0.26,15.6,4.4,1.2,10.1,6.86,2.2,0.4,1.6,0.1,6.86,455.1,17.8,21.1,366.1,50.1,6.86,10.9,1.5,9.4,6.86,0.2,0.0,0.5,0.1,0.0,0.6,1.3,6.86,10.9,9.0,19.9,6.86,18.4,6.8,25.2,6.86,10.6,6.86,19.8,6.86,3.9,1.2,9.4,6.86,1.4,6.86,12.6,11.6,6.86,1.5,0.1,6.86,2.8,0.2,1.2,1.4,6.86,15.7,9.2,6.86,26.2,14.2,12.0,6.86,13.3,3.8,1.1,8.4,6.66,1.6,0.2,1.1,0.2,6.66,410.7,18.2,21.0,324.2,47.2,6.66,9.9,1.8,8.1,6.66,0.5,0.2,0.2,0.1,0.0,0.5,1.2,6.66,12.1,8.4,20.5,6.66,18.8,7.1,25.9,6.66,10.9,6.66,23.6,6.66,3.5,2.0,7.6,6.66,1.9,6.66,11.9,11.4,6.66,1.8,0.2,6.66,4.3,0.2,3.1,1.1,6.66,16.1,9.3,6.66,24.2,11.8,12.4,6.66,Ligue_1,2024-2025
Paris Saint-Germain,45,20.8,0.685,0.91,7.5,6.98,20,0,47,16.5,0.688,0.915,8.3,6.96,20,0,8.5,18.2,6.7,8.7,1.8,6.98,9.9,18.2,8.9,9.4,1.4,6.96,20.8,8.7,11.7,10.8,6.98,16.5,8.0,9.7,8.9,6.96,52.9,44.0,-8.9,354.0,0.15,6.98,17.14,16.0,-1.14,144.0,0.12,6.98,44.64,45.0,0.36,281.0,0.16,6.96,18.15,18.0,-0.15,168.0,0.11,6.96,35,3,4,2,1,7,2,5,2,0,34,4,3,4,2,10,1,6,1,1,19,3,41,685,11,1,45,289,15,3,42,676,12,1,44,278,14,2,0,4,12,1,0,7,0.32,0.26,0.41,0.36,0.25,0.39,0.18,0.66,0.16,0.15,0.72,0.13,0.22,0.6,0.18,0.14,0.65,0.21,0.1,0.58,0.32,0.09,0.53,0.38,0.08,0.64,0.28,0.08,0.57,0.36,0.23,0.44,0.34,0.23,0.45,0.33,20.8,6.8,2.1,12.0,6.98,2.6,0.7,1.5,0.4,6.98,723.0,27.3,13.6,630.6,51.5,6.98,17.1,1.6,15.5,6.98,0.3,0.1,0.3,0.0,0.0,1.5,2.1,6.98,14.0,11.7,25.7,6.98,18.2,8.8,26.9,6.98,6.7,6.98,12.8,6.98,2.7,0.9,7.8,6.98,1.8,6.98,10.8,8.7,6.98,1.2,0.0,6.98,1.8,0.1,0.8,0.8,6.98,14.3,9.1,6.98,13.1,7.5,5.6,6.98,16.5,4.7,1.2,10.6,6.96,2.8,0.2,2.4,0.1,6.96,714.9,26.7,15.5,627.4,45.4,6.96,13.6,2.0,11.6,6.96,0.4,0.1,0.2,0.0,0.0,1.5,2.0,6.96,11.8,9.7,21.5,6.96,18.2,7.8,26.1,6.96,8.9,6.96,14.7,6.96,3.4,1.1,7.4,6.96,1.4,6.96,8.9,9.4,6.96,1.2,0.0,6.96,2.3,0.2,1.5,0.6,6.96,14.4,10.2,6.96,15.4,8.3,7.1,6.96,Ligue_1,2024-2025
Reims,17,12.1,0.458,0.827,11.2,6.54,32,3,16,11.2,0.413,0.817,11.8,6.58,31,3,13.1,17.6,8.7,11.5,1.6,6.54,16.4,15.2,8.3,11.6,1.8,6.58,12.1,3.4,8.3,10.5,6.54,11.2,3.2,8.1,11.4,6.58,21.82,16.0,-5.82,205.0,0.11,6.54,28.03,25.0,-3.03,223.0,0.13,6.54,20.06,16.0,-4.06,190.0,0.11,6.58,34.95,22.0,-12.95,278.0,0.13,6.58,9,3,3,1,1,10,4,9,2,0,10,4,2,0,0,14,3,3,2,0,19,1,52,358,18,1,47,442,17,2,47,330,24,3,40,493,23,2,0,10,27,1,0,7,0.35,0.23,0.42,0.33,0.23,0.43,0.15,0.7,0.16,0.16,0.67,0.17,0.21,0.65,0.14,0.23,0.63,0.15,0.09,0.56,0.35,0.08,0.59,0.32,0.06,0.6,0.34,0.1,0.57,0.33,0.3,0.42,0.28,0.33,0.43,0.24,12.1,4.2,1.1,6.8,6.54,1.0,0.2,0.6,0.1,6.54,404.2,22.8,27.8,311.3,42.4,6.54,8.8,1.3,7.5,6.54,0.4,0.1,0.0,0.0,0.0,0.2,0.6,6.54,10.8,8.3,19.1,6.54,17.6,6.8,24.4,6.54,8.7,6.54,23.8,6.54,3.3,1.3,6.9,6.54,1.6,6.54,10.5,11.5,6.54,1.9,0.2,6.54,3.6,0.3,2.2,1.1,6.54,15.8,8.8,6.54,22.8,11.2,11.6,6.54,11.2,3.9,0.6,6.6,6.58,0.9,0.3,0.6,0.0,6.58,372.4,20.3,26.2,283.9,42.1,6.58,7.4,1.5,5.9,6.58,0.2,0.0,0.1,0.0,0.0,0.2,0.5,6.58,9.8,8.1,17.9,6.58,15.2,8.8,24.1,6.58,8.3,6.58,30.1,6.58,5.2,1.9,7.6,6.58,1.8,6.58,11.4,11.6,6.58,1.8,0.2,6.58,4.3,0.4,2.6,1.3,6.58,18.1,9.1,6.58,26.1,11.8,14.3,6.58,Ligue_1,2024-2025
Rennes,25,14.1,0.526,0.854,12.2,6.72,30,1,26,11.2,0.493,0.84,14.5,6.58,37,1,9.5,17.6,10.7,12.8,1.7,6.72,12.6,17.5,9.1,13.4,1.1,6.58,14.1,4.6,8.2,10.6,6.72,11.2,5.0,7.7,11.9,6.58,28.04,25.0,-3.04,240.0,0.12,6.72,20.36,16.0,-4.36,161.0,0.13,6.72,25.28,26.0,0.72,191.0,0.13,6.58,29.85,32.0,2.15,215.0,0.14,6.58,13,3,5,4,0,8,1,7,0,1,19,3,3,1,0,19,6,4,3,1,19,1,42,438,14,1,50,387,15,1,49,393,16,2,51,402,21,1,0,9,29,2,0,7,0.36,0.25,0.39,0.38,0.23,0.39,0.16,0.65,0.19,0.17,0.64,0.19,0.16,0.67,0.17,0.2,0.67,0.13,0.06,0.63,0.32,0.07,0.63,0.3,0.11,0.53,0.36,0.07,0.6,0.32,0.25,0.44,0.31,0.28,0.44,0.29,14.1,4.5,0.8,8.8,6.72,1.5,0.1,1.2,0.1,6.72,475.8,21.3,19.7,384.9,49.9,6.72,10.4,1.7,8.6,6.72,0.3,0.0,0.1,0.1,0.0,0.4,0.9,6.72,11.9,8.2,20.1,6.72,17.6,5.9,23.5,6.72,10.7,6.72,19.1,6.72,2.7,0.9,6.8,6.72,1.7,6.72,10.6,12.8,6.72,1.8,0.1,6.72,2.1,0.2,1.2,0.6,6.72,14.9,9.8,6.72,23.6,12.2,11.4,6.72,11.2,4.1,1.2,5.9,6.58,1.5,0.8,0.5,0.2,6.58,436.8,24.9,23.1,342.0,46.8,6.58,8.4,1.6,6.8,6.58,0.1,0.1,0.1,0.0,0.0,0.8,1.0,6.58,10.0,7.7,17.7,6.58,17.5,6.7,24.2,6.58,9.1,6.58,22.5,6.58,2.9,1.4,8.2,6.58,1.1,6.58,11.9,13.4,6.58,2.2,0.1,6.58,3.2,0.2,2.5,0.6,6.58,15.0,10.4,6.58,27.1,14.5,12.5,6.58,Ligue_1,2024-2025
Saint-Etienne,24,12.8,0.487,0.836,12.9,6.59,35,0,15,9.0,0.452,0.816,9.1,6.36,29,3,14.3,17.2,10.2,13.0,1.5,6.59,18.1,18.0,9.1,13.4,1.2,6.36,12.8,3.8,7.4,10.3,6.59,9.0,3.3,7.5,10.9,6.36,24.51,24.0,-0.51,217.0,0.11,6.59,33.47,32.0,-1.47,243.0,0.14,6.59,17.39,15.0,-2.39,153.0,0.11,6.36,47.24,43.0,-4.24,308.0,0.15,6.36,15,3,6,0,0,22,1,5,4,1,8,0,4,3,0,23,6,5,9,1,13,2,46,426,20,1,51,440,10,1,48,377,21,3,44,462,24,2,0,9,24,1,0,8,0.36,0.24,0.4,0.37,0.24,0.39,0.19,0.62,0.19,0.2,0.64,0.16,0.16,0.64,0.2,0.18,0.65,0.17,0.06,0.54,0.4,0.07,0.62,0.32,0.07,0.48,0.45,0.13,0.63,0.24,0.29,0.44,0.28,0.33,0.41,0.26,12.8,5.1,0.8,6.9,6.59,1.4,0.3,0.6,0.5,6.59,467.8,19.2,26.5,371.9,50.1,6.59,9.7,1.4,8.3,6.59,0.4,0.1,0.1,0.0,0.0,0.8,1.2,6.59,9.0,7.4,16.4,6.59,17.2,9.9,27.2,6.59,10.2,6.59,26.2,6.59,3.3,1.3,7.8,6.59,1.5,6.59,10.3,13.0,6.59,2.1,0.0,6.59,3.3,0.2,1.8,1.3,6.59,15.9,8.9,6.59,23.5,12.9,10.6,6.59,9.0,4.1,0.6,4.3,6.36,0.9,0.1,0.6,0.2,6.36,420.1,18.2,29.2,324.6,47.9,6.36,6.6,0.9,5.8,6.36,0.1,0.0,0.0,0.0,0.0,0.4,0.5,6.36,10.6,7.5,18.1,6.36,18.0,8.1,26.1,6.36,9.1,6.36,23.8,6.36,4.8,1.5,8.2,6.36,1.2,6.36,10.9,13.4,6.36,1.7,0.2,6.36,4.6,0.5,2.9,1.2,6.36,16.9,9.5,6.36,23.0,9.1,13.9,6.36,Ligue_1,2024-2025
Strasbourg,33,10.5,0.489,0.857,9.9,6.7,34,1,23,10.4,0.517,0.866,10.5,6.67,36,2,13.8,15.4,8.6,12.3,1.3,6.7,13.1,16.2,7.9,10.8,1.5,6.67,10.5,4.4,7.1,12.4,6.7,10.4,4.1,9.5,12.1,6.67,28.17,31.0,2.83,179.0,0.16,6.7,29.9,20.0,-9.9,234.0,0.13,6.7,24.78,23.0,-1.78,177.0,0.14,6.67,31.51,22.0,-9.51,223.0,0.14,6.67,18,5,6,2,2,13,2,1,4,0,16,2,5,0,0,13,2,3,4,2,15,2,40,427,19,2,49,437,14,2,38,457,23,1,50,403,21,4,0,11,28,1,0,9,0.34,0.26,0.39,0.34,0.27,0.39,0.18,0.62,0.2,0.16,0.65,0.2,0.16,0.66,0.18,0.11,0.72,0.16,0.12,0.58,0.31,0.08,0.56,0.36,0.12,0.61,0.27,0.09,0.65,0.26,0.33,0.42,0.26,0.31,0.43,0.25,10.5,3.2,1.2,6.1,6.7,1.9,0.5,1.0,0.3,6.7,463.7,17.1,22.4,380.2,44.1,6.7,7.9,1.5,6.4,6.7,0.4,0.1,0.1,0.0,0.0,0.9,1.4,6.7,10.4,7.1,17.5,6.7,15.4,5.6,21.0,6.7,8.6,6.7,24.9,6.7,3.1,1.1,7.8,6.7,1.3,6.7,12.4,12.3,6.7,2.0,0.1,6.7,4.0,0.2,2.4,1.4,6.7,16.2,7.2,6.7,19.9,9.9,10.0,6.7,10.4,2.8,1.2,6.4,6.67,1.4,0.4,0.9,0.1,6.67,490.8,16.6,21.4,408.4,44.4,6.67,8.2,1.7,6.5,6.67,0.3,0.1,0.2,0.0,0.0,0.6,1.1,6.67,10.0,9.5,19.5,6.67,16.2,6.2,22.5,6.67,7.9,6.67,25.2,6.67,3.4,2.1,7.8,6.67,1.5,6.67,12.1,10.8,6.67,2.1,0.1,6.67,3.5,0.3,2.8,0.4,6.67,14.1,8.2,6.67,20.6,10.5,10.1,6.67,Ligue_1,2024-2025
Toulouse,20,12.3,0.464,0.81,13.6,6.57,26,1,24,11.4,0.42,0.803,12.4,6.63,30,2,9.5,16.8,7.5,12.8,1.3,6.57,11.0,18.8,9.0,13.1,1.4,6.63,12.3,4.8,8.8,12.9,6.57,11.4,4.5,7.5,11.5,6.63,24.32,19.0,-5.32,209.0,0.12,6.57,20.25,20.0,-0.25,162.0,0.12,6.57,30.38,23.0,-7.38,194.0,0.16,6.63,19.37,20.0,0.63,187.0,0.1,6.63,14,1,3,1,1,13,2,4,1,2,11,4,6,2,1,13,2,5,0,1,19,1,44,376,12,1,50,446,15,1,48,332,20,1,44,481,16,3,0,8,22,4,0,6,0.38,0.24,0.39,0.42,0.23,0.35,0.16,0.7,0.14,0.18,0.65,0.17,0.17,0.69,0.14,0.14,0.68,0.19,0.09,0.69,0.22,0.08,0.55,0.37,0.11,0.61,0.27,0.08,0.57,0.35,0.23,0.46,0.3,0.28,0.44,0.28,12.3,2.8,1.1,8.5,6.57,1.2,0.3,0.5,0.4,6.57,416.6,17.9,26.1,319.6,53.0,6.57,9.4,2.5,6.9,6.57,0.1,0.0,0.2,0.0,0.0,0.7,1.0,6.57,10.1,8.8,18.9,6.57,16.8,7.6,24.4,6.57,7.5,6.57,18.8,6.57,2.8,0.8,7.4,6.57,1.3,6.57,12.9,12.8,6.57,1.5,0.1,6.57,1.9,0.2,0.9,0.8,6.57,15.8,10.3,6.57,26.6,13.6,13.1,6.57,11.4,3.1,1.3,7.0,6.63,1.4,0.5,0.9,0.0,6.63,376.7,20.2,27.1,282.5,47.0,6.63,8.1,1.5,6.5,6.63,0.2,0.1,0.2,0.1,0.0,0.6,1.0,6.63,9.8,7.5,17.4,6.63,18.8,9.4,28.2,6.63,9.0,6.63,24.7,6.63,3.3,1.6,6.6,6.63,1.4,6.63,11.5,13.1,6.63,1.8,0.1,6.63,2.1,0.0,1.2,0.9,6.63,15.2,8.0,6.63,26.6,12.4,14.2,6.63,Ligue_1,2024-2025
Angers,17,10.2,0.436,0.839,10.6,6.57,26,1,9,8.3,0.397,0.817,11.4,6.42,18,0,13.7,17.2,8.6,12.6,1.8,6.57,14.6,18.5,10.3,10.0,1.7,6.42,10.2,3.8,6.2,10.9,6.57,8.3,2.8,4.6,10.3,6.42,18.68,16.0,-2.68,163.0,0.11,6.57,24.82,19.0,-5.82,219.0,0.11,6.57,13.45,9.0,-4.45,125.0,0.11,6.42,27.98,23.0,-4.98,219.0,0.13,6.42,11,3,1,1,1,13,2,2,2,0,5,1,2,1,0,17,1,5,0,1,17,1,43,374,18,1,47,497,13,1,42,359,22,2,43,562,20,1,0,6,16,0,0,2,0.4,0.24,0.36,0.42,0.22,0.35,0.23,0.62,0.15,0.12,0.73,0.15,0.14,0.69,0.17,0.13,0.74,0.13,0.06,0.54,0.4,0.08,0.52,0.4,0.06,0.61,0.34,0.09,0.58,0.33,0.3,0.45,0.26,0.32,0.45,0.23,10.2,4.1,0.6,5.5,6.57,1.1,0.3,0.7,0.1,6.57,410.9,20.1,22.3,324.7,43.8,6.57,7.3,1.3,5.9,6.57,0.1,0.0,0.2,0.0,0.0,0.3,0.6,6.57,9.7,6.2,15.9,6.57,17.2,6.0,23.2,6.57,8.6,6.57,20.8,6.57,3.2,1.1,7.7,6.57,1.8,6.57,10.9,12.6,6.57,1.6,0.1,6.57,4.3,0.2,2.6,1.6,6.57,16.7,8.0,6.57,21.7,10.6,11.1,6.57,8.3,2.8,0.5,5.1,6.42,0.6,0.0,0.6,0.0,6.42,395.0,17.3,23.1,305.4,49.3,6.42,6.4,0.9,5.5,6.42,0.2,0.0,0.0,0.0,0.0,0.1,0.3,6.42,9.5,4.6,14.1,6.42,18.5,7.4,25.9,6.42,10.3,6.42,25.4,6.42,2.5,1.7,8.4,6.42,1.7,6.42,10.3,10.0,6.42,1.2,0.0,6.42,3.5,0.1,2.3,1.1,6.42,16.5,8.7,6.42,24.7,11.4,13.3,6.42,Ligue_1,2025-2026
Auxerre,13,10.9,0.42,0.792,13.7,6.61,20,6,14,10.1,0.449,0.812,11.1,6.45,38,1,10.7,18.4,9.6,13.4,1.1,6.61,13.4,17.8,11.2,13.9,1.6,6.45,10.9,3.3,7.4,13.7,6.61,10.1,3.2,7.1,13.3,6.45,19.14,11.0,-8.14,164.0,0.12,6.61,19.28,15.0,-4.28,161.0,0.12,6.61,16.74,12.0,-4.74,162.0,0.1,6.45,27.54,25.0,-2.54,215.0,0.13,6.45,5,0,4,2,2,10,2,3,0,0,5,1,5,1,2,17,2,4,2,2,17,1,56,292,15,2,47,441,14,1,55,345,18,2,41,447,18,2,0,9,23,4,0,12,0.39,0.25,0.36,0.42,0.25,0.33,0.14,0.67,0.19,0.16,0.71,0.12,0.21,0.65,0.14,0.12,0.74,0.15,0.08,0.58,0.34,0.09,0.58,0.32,0.03,0.59,0.38,0.07,0.53,0.39,0.26,0.44,0.3,0.27,0.46,0.26,10.9,3.7,0.9,6.3,6.61,0.9,0.2,0.3,0.2,6.61,344.4,24.4,30.8,248.5,40.7,6.61,7.7,1.9,5.9,6.61,0.2,0.1,0.1,0.1,0.0,0.3,0.5,6.61,10.4,7.4,17.8,6.61,18.4,5.5,23.9,6.61,9.6,6.61,21.4,6.61,2.6,1.3,8.0,6.61,1.1,6.61,13.7,13.4,6.61,1.3,0.4,6.61,3.2,0.3,1.9,0.9,6.61,17.8,7.7,6.61,27.3,13.7,13.7,6.61,10.1,3.9,0.3,5.9,6.45,0.9,0.1,0.4,0.2,6.45,395.0,22.5,31.7,298.4,42.4,6.45,7.6,1.2,6.4,6.45,0.0,0.0,0.0,0.0,0.0,0.4,0.4,6.45,8.7,7.1,15.8,6.45,17.8,6.6,24.3,6.45,11.2,6.45,22.6,6.45,3.1,0.9,7.6,6.45,1.6,6.45,13.3,13.9,6.45,2.4,0.1,6.45,3.6,0.3,1.7,1.6,6.45,16.6,10.1,6.45,25.0,11.1,13.9,6.45,Ligue_1,2025-2026
Brest,26,13.1,0.427,0.78,15.3,6.71,28,1,15,8.9,0.423,0.785,17.7,6.51,29,3,12.3,18.7,9.3,13.0,1.3,6.71,15.3,18.5,11.1,13.3,1.3,6.51,13.1,4.4,5.7,11.1,6.71,8.9,2.7,4.9,11.1,6.51,26.23,26.0,-0.23,197.0,0.13,6.71,21.93,19.0,-2.93,185.0,0.12,6.71,15.63,14.0,-1.63,133.0,0.12,6.51,26.61,27.0,0.39,230.0,0.12,6.51,15,2,7,2,0,14,1,2,2,1,8,0,2,4,1,17,2,6,2,0,18,2,60,318,18,1,52,461,14,1,61,307,24,1,45,452,24,1,0,4,21,1,0,10,0.38,0.29,0.33,0.38,0.27,0.35,0.15,0.72,0.13,0.14,0.69,0.17,0.16,0.75,0.09,0.2,0.66,0.14,0.08,0.54,0.38,0.07,0.58,0.35,0.04,0.61,0.36,0.1,0.61,0.3,0.27,0.44,0.28,0.32,0.42,0.26,13.1,4.9,1.1,7.1,6.71,1.7,0.3,1.3,0.2,6.71,374.1,29.0,30.4,262.9,51.8,6.71,8.4,1.9,6.5,6.71,0.2,0.0,0.2,0.0,0.0,0.8,1.2,6.71,7.5,5.7,13.3,6.71,18.7,8.4,27.1,6.71,9.3,6.71,23.8,6.71,2.7,1.3,8.0,6.71,1.3,6.71,11.1,13.0,6.71,1.9,0.1,6.71,2.4,0.1,1.4,0.9,6.71,16.5,6.8,6.71,30.4,15.3,15.1,6.71,8.9,3.2,0.3,5.3,6.51,1.0,0.0,0.8,0.1,6.51,363.6,26.6,33.6,258.7,44.7,6.51,6.7,1.1,5.7,6.51,0.1,0.0,0.1,0.1,0.0,0.5,0.7,6.51,8.9,4.9,13.9,6.51,18.5,9.2,27.7,6.51,11.1,6.51,28.5,6.51,4.9,1.5,7.2,6.51,1.3,6.51,11.1,13.3,6.51,1.9,0.2,6.51,3.7,0.3,2.1,1.3,6.51,17.2,6.9,6.51,33.3,17.7,15.6,6.51,Ligue_1,2025-2026
Le Havre,20,12.1,0.464,0.813,14.1,6.61,27,2,9,10.6,0.475,0.812,15.6,6.47,32,2,11.1,16.9,9.1,13.0,1.9,6.61,14.9,17.3,9.3,14.1,1.9,6.47,12.1,4.0,5.4,12.8,6.61,10.6,3.5,6.8,13.8,6.47,22.26,20.0,-2.26,194.0,0.11,6.61,21.21,17.0,-4.21,177.0,0.12,6.61,16.24,9.0,-7.24,159.0,0.1,6.47,29.94,22.0,-7.94,223.0,0.13,6.47,10,3,5,2,0,11,0,4,2,0,8,0,1,0,0,15,1,3,3,3,26,0,50,341,19,1,50,412,19,0,51,335,23,2,46,377,19,2,0,8,24,1,0,9,0.37,0.23,0.4,0.39,0.23,0.38,0.15,0.64,0.21,0.2,0.64,0.16,0.14,0.7,0.16,0.17,0.67,0.16,0.08,0.53,0.39,0.05,0.63,0.32,0.08,0.53,0.39,0.1,0.6,0.3,0.29,0.43,0.28,0.33,0.42,0.24,12.1,4.7,1.0,6.4,6.61,1.3,0.1,1.1,0.1,6.61,384.8,22.1,26.5,290.9,45.3,6.61,8.9,1.6,7.3,6.61,0.3,0.1,0.0,0.0,0.0,0.5,0.8,6.61,8.5,5.4,13.9,6.61,16.9,7.4,24.3,6.61,9.1,6.61,22.5,6.61,3.1,0.9,7.9,6.61,1.9,6.61,12.8,13.0,6.61,1.7,0.1,6.61,2.5,0.1,1.4,0.9,6.61,14.8,7.8,6.61,26.4,14.1,12.3,6.61,10.6,4.1,0.8,5.7,6.47,0.6,0.1,0.5,0.1,6.47,377.7,21.1,28.0,285.7,42.9,6.47,7.3,0.9,6.3,6.47,0.1,0.0,0.0,0.0,0.0,0.4,0.5,6.47,8.2,6.8,15.0,6.47,17.3,7.0,24.3,6.47,9.3,6.47,27.4,6.47,3.9,1.8,7.8,6.47,1.9,6.47,13.8,14.1,6.47,2.1,0.1,6.47,3.1,0.3,1.6,1.2,6.47,16.3,8.0,6.47,28.9,15.6,13.3,6.47,Ligue_1,2025-2026
Lens,34,18.1,0.52,0.852,11.8,6.9,21,2,27,14.7,0.501,0.854,12.0,6.7,36,3,10.2,18.1,10.6,12.7,2.1,6.9,11.5,19.9,11.2,12.9,1.8,6.7,18.1,6.3,8.5,12.1,6.9,14.7,4.8,6.8,11.2,6.7,37.68,33.0,-4.68,271.0,0.14,6.9,16.46,11.0,-5.46,153.0,0.11,6.9,30.35,27.0,-3.35,235.0,0.13,6.7,24.12,22.0,-2.12,184.0,0.13,6.7,21,1,9,2,1,7,2,2,0,0,16,6,3,2,0,12,2,5,3,0,25,2,45,434,15,2,47,401,21,1,43,422,14,1,47,423,18,2,0,4,24,4,0,12,0.33,0.26,0.41,0.34,0.27,0.39,0.13,0.71,0.16,0.16,0.73,0.1,0.12,0.77,0.1,0.17,0.66,0.16,0.1,0.58,0.31,0.06,0.63,0.31,0.11,0.6,0.29,0.1,0.53,0.38,0.26,0.41,0.33,0.26,0.44,0.3,18.1,5.7,1.9,10.5,6.9,2.3,0.6,1.5,0.1,6.9,475.1,23.5,21.2,381.0,49.3,6.9,14.4,2.5,11.9,6.9,0.7,0.2,0.1,0.0,0.0,0.9,1.7,6.9,9.6,8.5,18.1,6.9,18.1,7.9,25.9,6.9,10.6,6.9,21.5,6.9,3.5,1.0,9.9,6.9,2.1,6.9,12.1,12.7,6.9,1.4,0.1,6.9,1.7,0.1,1.1,0.5,6.9,14.7,9.2,6.9,24.3,11.8,12.5,6.9,14.7,4.3,1.6,8.8,6.7,1.7,0.1,1.3,0.3,6.7,460.3,21.5,21.1,371.6,46.1,6.7,11.8,1.8,10.0,6.7,0.3,0.1,0.1,0.0,0.0,0.8,1.3,6.7,9.1,6.8,15.9,6.7,19.9,8.8,28.7,6.7,11.2,6.7,18.9,6.7,3.3,0.9,9.1,6.7,1.8,6.7,11.2,12.9,6.7,2.3,0.2,6.7,3.0,0.3,1.6,1.1,6.7,16.7,9.4,6.7,23.4,12.0,11.4,6.7,Ligue_1,2025-2026
Lille,23,14.5,0.545,0.851,12.7,6.7,29,1,27,12.8,0.551,0.854,11.1,6.61,40,4,8.7,14.7,9.9,10.7,1.2,6.7,10.1,15.4,8.9,11.4,1.4,6.61,14.5,4.5,7.9,12.3,6.7,12.8,4.6,5.8,12.7,6.61,27.26,23.0,-4.26,217.0,0.13,6.7,15.86,14.0,-1.86,131.0,0.12,6.7,25.96,26.0,0.04,204.0,0.13,6.61,20.83,19.0,-1.83,161.0,0.13,6.61,15,1,3,4,0,12,0,2,0,0,18,2,3,3,1,13,0,4,2,1,21,3,45,449,14,1,49,368,16,2,46,460,17,2,48,360,16,4,0,10,27,4,0,13,0.43,0.23,0.34,0.4,0.25,0.35,0.2,0.65,0.14,0.18,0.69,0.14,0.16,0.74,0.1,0.17,0.64,0.2,0.06,0.67,0.27,0.06,0.56,0.38,0.07,0.59,0.34,0.09,0.52,0.39,0.22,0.43,0.35,0.27,0.41,0.3,14.5,3.9,0.9,9.7,6.7,1.5,0.2,1.3,0.1,6.7,492.4,26.6,19.1,392.3,54.4,6.7,11.4,1.9,9.5,6.7,0.1,0.0,0.1,0.1,0.0,0.8,1.1,6.7,7.6,7.9,15.5,6.7,14.7,6.6,21.3,6.7,9.9,6.7,19.0,6.7,2.3,0.9,8.0,6.7,1.2,6.7,12.3,10.7,6.7,1.9,0.1,6.7,1.9,0.1,1.1,0.7,6.7,15.1,8.1,6.7,23.3,12.7,10.6,6.7,12.8,4.3,0.9,7.6,6.61,1.7,0.2,1.3,0.2,6.61,501.4,23.1,23.1,405.3,49.9,6.61,9.5,1.5,8.0,6.61,0.1,0.0,0.1,0.0,0.0,0.7,0.9,6.61,9.6,5.8,15.4,6.61,15.4,6.0,21.4,6.61,8.9,6.61,18.8,6.61,2.4,1.3,7.5,6.61,1.4,6.61,12.7,11.4,6.61,2.5,0.3,6.61,2.5,0.2,1.4,0.9,6.61,13.8,7.8,6.61,22.9,11.1,11.8,6.61,Ligue_1,2025-2026
Lorient,31,11.9,0.448,0.844,10.9,6.64,27,0,13,10.5,0.448,0.847,13.3,6.45,25,1,10.4,14.3,8.8,9.6,2.0,6.64,12.3,13.7,8.8,9.5,1.3,6.45,11.9,4.6,7.1,11.8,6.64,10.5,3.3,6.8,13.6,6.45,26.37,31.0,4.63,191.0,0.14,6.64,20.1,20.0,-0.1,166.0,0.12,6.64,18.5,12.0,-6.5,168.0,0.11,6.45,29.62,26.0,-3.62,197.0,0.15,6.45,19,0,10,2,0,11,2,4,3,3,6,2,3,1,1,16,2,7,1,0,16,1,45,377,22,1,43,475,16,1,50,383,22,1,43,489,22,3,0,2,18,3,0,5,0.37,0.24,0.39,0.34,0.26,0.4,0.12,0.72,0.16,0.18,0.71,0.11,0.21,0.69,0.09,0.19,0.66,0.15,0.08,0.59,0.33,0.05,0.62,0.32,0.04,0.58,0.38,0.14,0.53,0.34,0.32,0.44,0.24,0.33,0.45,0.22,11.9,3.9,1.0,7.0,6.64,1.9,0.7,1.0,0.3,6.64,418.8,22.6,22.1,330.9,43.2,6.64,8.6,1.6,7.0,6.64,0.4,0.1,0.0,0.1,0.0,0.9,1.3,6.64,7.9,7.1,15.1,6.64,14.3,6.6,20.8,6.64,8.8,6.64,25.5,6.64,2.3,1.4,5.0,6.64,2.0,6.64,11.8,9.6,6.64,1.7,0.0,6.64,2.6,0.0,1.7,0.9,6.64,12.6,7.2,6.64,22.9,10.9,12.0,6.64,10.5,4.0,0.4,6.1,6.45,0.8,0.1,0.4,0.2,6.45,429.4,24.4,24.8,339.3,40.8,6.45,7.9,1.3,6.6,6.45,0.1,0.0,0.1,0.0,0.0,0.4,0.5,6.45,9.3,6.8,16.0,6.45,13.7,6.8,20.5,6.45,8.8,6.45,26.4,6.45,3.0,1.6,6.3,6.45,1.3,6.45,13.6,9.5,6.45,1.6,0.1,6.45,2.2,0.2,1.3,0.8,6.45,15.9,7.6,6.45,27.8,13.3,14.4,6.45,Ligue_1,2025-2026
Lyon,26,13.2,0.561,0.869,12.1,6.72,25,2,22,10.6,0.522,0.841,10.6,6.65,30,6,10.3,13.4,7.7,13.7,1.2,6.72,13.6,16.0,6.6,12.9,1.4,6.65,13.2,4.5,6.5,12.2,6.72,10.6,4.7,6.2,12.8,6.65,27.74,25.0,-2.74,198.0,0.14,6.72,19.83,11.0,-8.83,154.0,0.13,6.72,22.59,22.0,-0.59,169.0,0.13,6.65,26.46,19.0,-7.46,217.0,0.12,6.65,20,2,2,1,1,5,0,5,1,1,12,4,5,1,0,11,3,4,1,1,22,2,42,453,13,2,47,344,17,2,48,403,22,1,45,364,18,1,0,9,21,4,0,13,0.4,0.25,0.34,0.4,0.27,0.33,0.2,0.67,0.13,0.2,0.66,0.14,0.17,0.75,0.08,0.2,0.64,0.16,0.12,0.57,0.3,0.1,0.57,0.33,0.08,0.59,0.33,0.06,0.59,0.35,0.25,0.45,0.31,0.33,0.41,0.27,13.2,4.1,1.6,7.5,6.72,1.7,0.5,1.1,0.1,6.72,491.6,21.5,20.5,405.5,44.1,6.72,9.7,1.5,8.2,6.72,0.3,0.0,0.1,0.0,0.0,0.7,1.2,6.72,8.1,6.5,14.6,6.72,13.4,6.3,19.7,6.72,7.7,6.72,18.7,6.72,2.5,1.2,6.2,6.72,1.2,6.72,12.2,13.7,6.72,1.7,0.1,6.72,2.5,0.1,1.8,0.7,6.72,13.8,6.9,6.72,25.3,12.1,13.2,6.72,10.6,3.5,0.8,6.3,6.65,1.4,0.4,0.8,0.1,6.65,447.5,23.2,24.9,353.4,46.1,6.65,7.7,1.4,6.3,6.65,0.2,0.0,0.1,0.0,0.0,0.9,1.2,6.65,7.7,6.2,13.9,6.65,16.0,6.0,22.0,6.65,6.6,6.65,28.1,6.65,4.3,1.6,5.9,6.65,1.4,6.65,12.8,12.9,6.65,1.9,0.4,6.65,2.9,0.1,1.9,0.9,6.65,16.6,6.8,6.65,22.9,10.6,12.3,6.65,Ligue_1,2025-2026
Marseille,38,15.1,0.586,0.886,10.3,6.76,33,2,21,14.8,0.57,0.879,9.0,6.53,41,2,9.3,14.3,8.3,13.1,1.1,6.76,11.1,14.9,7.6,11.9,1.2,6.53,15.1,6.0,7.0,9.6,6.76,14.8,5.3,6.8,10.7,6.53,32.19,37.0,4.81,242.0,0.13,6.76,20.36,19.0,-1.36,148.0,0.14,6.76,28.54,21.0,-7.54,236.0,0.12,6.53,25.5,23.0,-2.5,177.0,0.14,6.53,24,4,5,4,1,10,3,3,3,0,18,1,1,1,0,17,2,2,2,2,18,2,37,528,11,2,43,359,18,2,44,497,15,2,42,366,22,5,0,9,36,2,0,5,0.4,0.28,0.33,0.37,0.26,0.37,0.16,0.66,0.19,0.23,0.64,0.14,0.21,0.64,0.15,0.21,0.56,0.23,0.06,0.57,0.37,0.05,0.63,0.32,0.08,0.56,0.36,0.09,0.66,0.26,0.22,0.46,0.32,0.25,0.44,0.3,15.1,5.6,0.9,8.6,6.76,2.4,0.3,1.6,0.4,6.76,561.7,18.7,18.1,479.2,45.7,6.76,12.3,2.1,10.2,6.76,0.3,0.1,0.2,0.0,0.0,1.3,1.8,6.76,9.0,7.0,16.0,6.76,14.3,7.2,21.4,6.76,8.3,6.76,16.5,6.76,2.3,0.4,5.5,6.76,1.1,6.76,9.6,13.1,6.76,2.1,0.1,6.76,2.7,0.2,1.6,0.9,6.76,13.9,7.1,6.76,18.6,10.3,8.3,6.76,14.8,5.3,1.3,8.2,6.53,1.3,0.2,0.9,0.3,6.53,537.9,21.3,21.8,451.6,43.3,6.53,11.3,1.9,9.4,6.53,0.0,0.0,0.1,0.0,0.0,0.9,1.0,6.53,9.6,6.8,16.4,6.53,14.9,6.4,21.4,6.53,7.6,6.53,18.3,6.53,2.8,0.8,7.4,6.53,1.2,6.53,10.7,11.9,6.53,2.6,0.1,6.53,2.4,0.2,1.7,0.6,6.53,13.7,6.0,6.53,18.9,9.0,9.9,6.53,Ligue_1,2025-2026
Metz,15,12.0,0.495,0.86,10.4,6.5,19,1,17,7.9,0.477,0.854,8.9,6.33,31,3,12.4,17.3,8.2,11.8,1.6,6.5,17.9,16.3,7.8,11.0,1.1,6.33,12.0,3.9,8.3,10.5,6.5,7.9,2.4,7.3,10.8,6.33,20.09,15.0,-5.09,192.0,0.1,6.5,23.09,26.0,2.91,198.0,0.12,6.5,13.11,16.0,2.89,126.0,0.1,6.33,37.45,43.0,5.55,287.0,0.13,6.33,9,2,2,2,0,18,2,4,2,2,8,1,4,3,1,28,3,7,5,1,21,1,50,409,15,1,43,430,15,1,58,389,19,3,35,451,17,1,0,3,27,0,0,7,0.36,0.24,0.4,0.39,0.23,0.38,0.11,0.68,0.2,0.17,0.72,0.11,0.17,0.62,0.2,0.15,0.68,0.18,0.08,0.54,0.38,0.06,0.53,0.41,0.03,0.61,0.36,0.06,0.62,0.31,0.29,0.44,0.28,0.35,0.44,0.2,12.0,4.7,0.9,6.4,6.5,0.9,0.1,0.8,0.1,6.5,454.2,25.7,23.8,364.8,39.9,6.5,8.3,1.6,6.6,6.5,0.2,0.1,0.1,0.1,0.0,0.3,0.6,6.5,8.2,8.3,16.4,6.5,17.3,7.3,24.6,6.5,8.2,6.5,20.9,6.5,3.2,1.0,7.7,6.5,1.6,6.5,10.5,11.8,6.5,1.2,0.1,6.5,2.7,0.1,1.6,1.0,6.5,17.9,8.9,6.5,20.7,10.4,10.3,6.5,7.9,2.8,0.3,4.8,6.33,1.1,0.1,0.8,0.2,6.33,441.6,28.9,28.0,348.1,36.6,6.33,5.9,1.2,4.8,6.33,0.3,0.1,0.2,0.0,0.0,0.2,0.7,6.33,8.3,7.3,15.6,6.33,16.3,8.2,24.5,6.33,7.8,6.33,23.9,6.33,3.7,1.3,6.0,6.33,1.1,6.33,10.8,11.0,6.33,1.9,0.2,6.33,4.4,0.4,2.6,1.5,6.33,14.0,8.8,6.33,20.5,8.9,11.6,6.33,Ligue_1,2025-2026
Monaco,33,12.4,0.545,0.842,13.4,6.68,27,4,23,12.4,0.524,0.835,11.8,6.58,41,2,12.0,17.7,10.0,12.8,2.6,6.68,15.2,17.5,10.9,13.3,1.8,6.58,12.4,4.6,6.1,10.4,6.68,12.4,4.1,6.5,10.3,6.58,30.61,31.0,0.39,199.0,0.15,6.68,21.51,22.0,0.49,192.0,0.11,6.68,27.98,23.0,-4.98,199.0,0.14,6.58,27.29,25.0,-2.29,243.0,0.11,6.58,21,4,2,4,2,13,3,3,3,0,16,3,2,2,0,16,4,4,1,1,17,3,41,455,15,1,49,365,18,2,43,425,17,1,52,372,21,2,0,9,30,3,0,11,0.36,0.28,0.37,0.35,0.28,0.38,0.16,0.69,0.14,0.18,0.68,0.14,0.14,0.71,0.15,0.15,0.67,0.18,0.13,0.61,0.26,0.05,0.65,0.3,0.08,0.67,0.25,0.07,0.52,0.42,0.25,0.45,0.3,0.27,0.44,0.29,12.4,3.3,1.6,7.6,6.68,2.1,0.6,1.1,0.2,6.68,492.3,18.6,21.9,396.1,55.7,6.68,9.8,1.6,8.2,6.68,0.3,0.1,0.0,0.0,0.0,1.1,1.4,6.68,9.1,6.1,15.2,6.68,17.7,8.1,25.8,6.68,10.0,6.68,19.6,6.68,3.3,1.1,8.3,6.68,2.6,6.68,10.4,12.8,6.68,1.7,0.3,6.68,2.9,0.1,1.8,1.0,6.68,16.3,8.1,6.68,25.2,13.4,11.8,6.68,12.4,3.1,1.0,8.4,6.58,1.4,0.2,1.1,0.2,6.58,464.1,20.3,22.5,367.4,53.9,6.58,9.8,1.6,8.2,6.58,0.3,0.0,0.3,0.0,0.0,0.6,1.1,6.58,8.3,6.5,14.8,6.58,17.5,8.1,25.6,6.58,10.9,6.58,22.9,6.58,4.5,1.6,8.8,6.58,1.8,6.58,10.3,13.3,6.58,2.6,0.1,6.58,2.8,0.2,1.4,1.1,6.58,18.3,8.3,6.58,24.6,11.8,12.8,6.58,Ligue_1,2025-2026
Nantes,18,12.1,0.436,0.792,13.4,6.51,31,1,11,10.3,0.408,0.793,13.8,6.47,34,2,12.5,17.7,9.1,12.6,0.9,6.51,14.4,16.8,7.5,12.8,1.8,6.47,12.1,3.5,6.4,13.3,6.51,10.3,3.1,6.8,13.3,6.47,21.5,17.0,-4.5,193.0,0.11,6.51,25.81,26.0,0.19,200.0,0.13,6.51,16.3,11.0,-5.3,165.0,0.1,6.47,28.05,24.0,-4.05,231.0,0.12,6.47,8,4,4,1,1,15,5,5,1,1,8,0,2,1,0,11,4,5,4,0,20,1,49,311,18,2,49,427,13,1,51,302,24,2,46,462,23,2,0,7,27,2,0,7,0.37,0.26,0.37,0.37,0.25,0.38,0.19,0.66,0.14,0.18,0.63,0.19,0.16,0.63,0.21,0.18,0.64,0.19,0.03,0.6,0.37,0.1,0.64,0.26,0.08,0.59,0.33,0.06,0.61,0.34,0.29,0.43,0.28,0.33,0.44,0.24,12.1,4.5,0.4,7.2,6.51,1.1,0.1,0.9,0.1,6.51,356.5,20.4,28.7,261.8,45.6,6.51,7.8,1.8,6.1,6.51,0.0,0.0,0.1,0.0,0.0,0.6,0.7,6.51,9.9,6.4,16.3,6.51,17.7,7.6,25.3,6.51,9.1,6.51,23.9,6.51,2.9,1.8,7.0,6.51,0.9,6.51,13.3,12.6,6.51,1.9,0.1,6.51,3.0,0.6,1.8,0.6,6.51,17.2,8.2,6.51,27.1,13.4,13.7,6.51,10.3,3.4,0.9,6.1,6.47,0.7,0.1,0.4,0.2,6.47,347.2,21.4,28.2,253.9,43.6,6.47,6.9,1.1,5.8,6.47,0.1,0.1,0.0,0.0,0.0,0.4,0.4,6.47,8.8,6.8,15.6,6.47,16.8,6.0,22.8,6.47,7.5,6.47,28.6,6.47,3.8,1.6,6.9,6.47,1.8,6.47,13.3,12.8,6.47,2.1,0.1,6.47,3.5,0.2,2.1,1.3,6.47,16.3,8.5,6.47,26.4,13.8,12.6,6.47,Ligue_1,2025-2026
Nice,19,12.4,0.453,0.824,13.4,6.54,30,2,17,9.4,0.467,0.83,11.4,6.44,35,1,13.9,15.3,9.8,12.3,2.2,6.54,16.1,16.4,9.9,12.7,1.4,6.44,12.4,4.4,6.2,10.7,6.54,9.4,3.4,8.6,10.9,6.44,27.55,18.0,-9.55,199.0,0.14,6.54,29.78,27.0,-2.78,223.0,0.13,6.54,18.82,16.0,-2.82,151.0,0.12,6.44,31.06,31.0,-0.06,258.0,0.12,6.44,11,3,3,1,1,15,3,4,5,0,9,3,2,2,1,17,5,6,3,0,19,2,42,362,18,1,48,444,18,2,47,388,22,1,50,445,21,3,0,8,23,3,0,11,0.35,0.26,0.4,0.36,0.26,0.38,0.14,0.73,0.14,0.18,0.7,0.12,0.11,0.69,0.2,0.15,0.72,0.14,0.1,0.53,0.37,0.09,0.54,0.37,0.09,0.57,0.34,0.1,0.55,0.35,0.28,0.44,0.28,0.31,0.44,0.25,12.4,4.6,1.3,6.6,6.54,1.2,0.4,0.7,0.0,6.54,399.5,18.3,23.1,310.9,47.1,6.54,8.8,2.0,6.8,6.54,0.3,0.0,0.3,0.1,0.0,0.3,0.8,6.54,10.3,6.2,16.4,6.54,15.3,7.4,22.7,6.54,9.8,6.54,24.6,6.54,4.1,1.1,7.1,6.54,2.2,6.54,10.7,12.3,6.54,1.9,0.1,6.54,3.3,0.2,2.2,0.9,6.54,14.8,8.6,6.54,26.3,13.4,12.9,6.54,9.4,3.3,0.8,5.4,6.44,1.1,0.1,0.6,0.3,6.44,430.0,20.8,25.9,335.9,47.4,6.44,7.6,0.8,6.8,6.44,0.1,0.0,0.1,0.0,0.0,0.6,0.8,6.44,7.9,8.6,16.4,6.44,16.4,7.4,23.9,6.44,9.9,6.44,25.1,6.44,4.2,1.6,7.6,6.44,1.4,6.44,10.9,12.7,6.44,2.2,0.1,6.44,3.3,0.3,1.4,1.6,6.44,17.0,7.6,6.44,25.6,11.4,14.3,6.44,Ligue_1,2025-2026
Paris FC,22,13.0,0.535,0.859,11.5,6.48,31,4,18,9.8,0.484,0.842,11.2,6.51,29,1,11.9,16.3,7.4,11.1,2.7,6.48,13.3,14.6,7.8,10.4,1.4,6.51,13.0,4.0,6.2,10.1,6.48,9.8,3.6,5.7,9.8,6.51,24.34,21.0,-3.34,195.0,0.12,6.48,25.59,26.0,0.41,178.0,0.14,6.48,19.78,18.0,-1.78,157.0,0.13,6.51,29.18,21.0,-8.18,213.0,0.14,6.51,10,4,4,3,1,15,3,5,3,0,11,1,4,2,0,10,0,6,5,0,19,2,51,448,18,1,47,385,14,1,54,405,22,2,42,440,23,3,0,12,21,0,0,9,0.39,0.25,0.37,0.37,0.24,0.39,0.15,0.65,0.19,0.1,0.75,0.16,0.13,0.71,0.16,0.12,0.73,0.15,0.05,0.63,0.32,0.11,0.64,0.25,0.09,0.55,0.36,0.08,0.56,0.35,0.28,0.44,0.28,0.34,0.44,0.23,13.0,4.2,0.6,8.2,6.48,1.5,0.3,0.9,0.2,6.48,493.3,24.7,25.3,398.9,44.4,6.48,9.9,1.5,8.4,6.48,0.3,0.0,0.0,0.0,0.0,0.7,1.0,6.48,7.7,6.2,13.9,6.48,16.3,6.5,22.8,6.48,7.4,6.48,24.8,6.48,3.1,1.4,5.7,6.48,2.7,6.48,10.1,11.1,6.48,2.1,0.3,6.48,1.9,0.1,1.1,0.7,6.48,14.1,8.0,6.48,23.8,11.5,12.3,6.48,9.8,3.5,0.9,5.4,6.51,1.1,0.3,0.8,0.1,6.51,453.7,23.6,29.5,358.2,42.4,6.51,7.3,1.0,6.3,6.51,0.1,0.0,0.1,0.0,0.0,0.4,0.6,6.51,8.3,5.7,13.9,6.51,14.6,5.7,20.3,6.51,7.8,6.51,28.8,6.51,3.8,1.4,6.4,6.51,1.4,6.51,9.8,10.4,6.51,1.8,0.1,6.51,3.1,0.3,2.0,0.8,6.51,14.2,7.8,6.51,24.4,11.2,13.3,6.51,Ligue_1,2025-2026
Paris Saint-Germain,40,20.0,0.698,0.915,8.2,6.96,21,0,30,16.0,0.691,0.914,7.9,6.78,12,2,7.8,16.6,7.2,10.0,1.3,6.96,8.7,12.6,6.9,9.0,1.1,6.78,20.0,7.1,10.4,8.4,6.96,16.0,6.9,8.9,9.3,6.78,38.48,39.0,0.52,320.0,0.12,6.96,14.66,12.0,-2.66,124.0,0.12,6.96,34.93,30.0,-4.93,240.0,0.15,6.78,15.24,14.0,-1.24,130.0,0.12,6.78,29,2,6,2,1,8,1,2,1,0,17,3,7,3,0,11,1,2,0,1,17,3,39,695,9,1,44,275,13,3,43,676,12,1,47,271,15,1,0,5,10,1,0,4,0.35,0.26,0.39,0.36,0.27,0.38,0.17,0.61,0.22,0.11,0.69,0.2,0.2,0.65,0.16,0.12,0.67,0.21,0.09,0.53,0.38,0.07,0.51,0.42,0.1,0.56,0.34,0.06,0.55,0.39,0.2,0.44,0.36,0.24,0.45,0.31,20.0,7.6,1.8,10.6,6.96,2.5,0.4,1.6,0.5,6.96,732.4,25.4,13.9,644.8,48.3,6.96,16.3,1.9,14.4,6.96,0.1,0.0,0.1,0.0,0.0,1.7,1.9,6.96,10.7,10.4,21.1,6.96,16.6,5.3,21.9,6.96,7.2,6.96,10.6,6.96,1.8,0.5,8.1,6.96,1.3,6.96,8.4,10.0,6.96,1.3,0.0,6.96,2.3,0.1,1.3,0.9,6.96,14.9,9.1,6.96,14.8,8.2,6.6,6.96,16.0,5.5,1.5,8.9,6.78,2.0,0.4,1.3,0.3,6.78,718.4,26.6,16.7,630.2,44.9,6.78,12.9,2.1,10.8,6.78,0.3,0.1,0.3,0.0,0.0,0.7,1.3,6.78,12.0,8.9,20.9,6.78,12.6,6.3,18.9,6.78,6.9,6.78,16.4,6.78,2.5,0.8,6.2,6.78,1.1,6.78,9.3,9.0,6.78,0.8,0.1,6.78,1.6,0.1,1.0,0.5,6.78,16.1,6.9,6.78,15.7,7.9,7.8,6.78,Ligue_1,2025-2026
Rennes,28,16.0,0.542,0.849,12.6,6.72,26,1,26,11.8,0.526,0.849,10.3,6.61,26,3,12.3,16.5,8.4,13.0,2.8,6.72,13.9,15.6,9.5,11.7,2.0,6.61,16.0,5.5,6.5,12.3,6.72,11.8,4.4,6.8,10.8,6.61,29.34,26.0,-3.34,256.0,0.11,6.72,25.39,16.0,-9.39,196.0,0.13,6.72,21.19,26.0,4.81,177.0,0.12,6.61,27.64,26.0,-1.64,209.0,0.13,6.61,15,2,7,2,2,12,3,0,1,0,20,2,1,3,0,18,2,4,2,0,22,1,44,442,16,2,53,358,17,1,47,441,19,2,46,391,17,2,0,8,25,0,0,5,0.39,0.23,0.38,0.42,0.23,0.35,0.16,0.66,0.18,0.14,0.7,0.16,0.18,0.67,0.16,0.19,0.6,0.21,0.08,0.52,0.4,0.09,0.6,0.32,0.06,0.59,0.35,0.08,0.58,0.34,0.26,0.41,0.33,0.3,0.43,0.26,16.0,6.5,1.3,8.3,6.72,1.8,0.6,1.0,0.1,6.72,479.8,19.2,23.3,388.3,49.0,6.72,12.1,1.3,10.8,6.72,0.6,0.1,0.2,0.1,0.0,0.4,1.1,6.72,10.5,6.5,17.0,6.72,16.5,5.4,21.9,6.72,8.4,6.72,21.1,6.72,3.8,1.3,7.4,6.72,2.8,6.72,12.3,13.0,6.72,1.6,0.1,6.72,2.8,0.2,1.7,0.9,6.72,15.7,9.2,6.72,24.1,12.6,11.5,6.72,11.8,4.2,0.7,6.9,6.61,1.7,0.3,1.3,0.2,6.61,483.0,21.5,24.7,388.7,48.2,6.61,9.1,1.6,7.5,6.61,0.1,0.0,0.2,0.0,0.0,0.9,1.3,6.61,8.1,6.8,14.9,6.61,15.6,7.7,23.3,6.61,9.5,6.61,22.3,6.61,3.7,1.5,7.3,6.61,2.0,6.61,10.8,11.7,6.61,1.7,0.2,6.61,2.4,0.0,1.8,0.6,6.61,14.0,7.6,6.61,19.0,10.3,8.7,6.61,Ligue_1,2025-2026
Strasbourg,24,12.1,0.529,0.884,10.7,6.72,19,1,25,10.7,0.548,0.88,7.9,6.54,34,4,10.9,16.2,8.7,10.0,2.1,6.72,12.9,15.9,6.7,13.0,1.5,6.54,12.1,5.0,8.1,12.1,6.72,10.7,4.1,9.7,12.4,6.54,28.67,24.0,-4.67,181.0,0.16,6.72,15.85,13.0,-2.85,164.0,0.1,6.72,23.2,24.0,0.8,160.0,0.15,6.54,25.14,25.0,-0.14,194.0,0.13,6.54,17,2,3,2,0,9,0,2,2,0,15,2,4,3,1,17,2,4,2,1,18,3,35,487,17,1,52,413,15,3,31,492,17,2,46,382,13,2,0,6,26,1,0,11,0.36,0.25,0.39,0.36,0.27,0.37,0.15,0.7,0.15,0.2,0.63,0.18,0.16,0.61,0.22,0.18,0.67,0.15,0.09,0.63,0.28,0.06,0.57,0.37,0.08,0.61,0.31,0.08,0.65,0.27,0.28,0.43,0.28,0.28,0.45,0.27,12.1,3.4,1.1,7.5,6.72,1.6,0.3,1.1,0.3,6.72,519.7,17.5,17.2,442.0,43.1,6.72,8.5,2.0,6.5,6.72,0.4,0.0,0.2,0.0,0.0,0.5,1.1,6.72,10.8,8.1,18.9,6.72,16.2,6.9,23.1,6.72,8.7,6.72,20.0,6.72,2.5,1.1,7.3,6.72,2.1,6.72,12.1,10.0,6.72,1.3,0.1,6.72,2.5,0.1,1.5,0.9,6.72,15.3,8.3,6.72,20.7,10.7,10.1,6.72,10.7,3.3,0.9,6.5,6.54,1.7,0.4,1.1,0.1,6.54,522.1,15.5,15.7,444.1,46.7,6.54,8.3,0.9,7.4,6.54,0.3,0.0,0.2,0.0,0.0,0.7,1.2,6.54,11.0,9.7,20.7,6.54,15.9,6.6,22.5,6.54,6.7,6.54,19.5,6.54,2.5,0.7,7.8,6.54,1.5,6.54,12.4,13.0,6.54,2.3,0.3,6.54,3.7,0.2,2.7,0.8,6.54,17.6,9.5,6.54,15.9,7.9,8.0,6.54,Ligue_1,2025-2026
Toulouse,23,14.8,0.428,0.823,15.2,6.61,27,2,20,10.5,0.406,0.806,14.6,6.57,43,2,9.7,15.3,10.2,13.6,1.0,6.61,14.7,17.0,9.1,14.8,1.1,6.57,14.8,4.8,7.6,11.8,6.61,10.5,3.6,6.6,9.7,6.57,26.13,23.0,-3.13,236.0,0.11,6.61,19.78,22.0,2.22,155.0,0.13,6.61,18.03,19.0,0.97,158.0,0.11,6.57,24.61,21.0,-3.61,220.0,0.11,6.57,16,0,4,3,0,13,1,5,3,1,11,1,6,1,1,13,3,3,2,0,16,1,41,355,14,1,51,486,14,1,44,317,21,1,49,479,19,2,0,8,31,1,0,13,0.36,0.27,0.37,0.32,0.28,0.39,0.18,0.69,0.13,0.15,0.68,0.17,0.18,0.69,0.13,0.13,0.72,0.15,0.08,0.6,0.32,0.06,0.55,0.38,0.08,0.54,0.38,0.06,0.53,0.41,0.22,0.45,0.32,0.28,0.43,0.3,14.8,4.7,1.2,8.9,6.61,1.4,0.3,1.1,0.1,6.61,391.4,19.6,20.6,302.7,48.6,6.61,10.4,1.9,8.5,6.61,0.1,0.1,0.1,0.0,0.0,0.6,0.8,6.61,10.1,7.6,17.8,6.61,15.3,6.3,21.5,6.61,10.2,6.61,19.4,6.61,2.4,0.6,6.4,6.61,1.0,6.61,11.8,13.6,6.61,1.7,0.1,6.61,2.3,0.1,1.4,0.8,6.61,16.5,8.4,6.61,27.1,15.2,11.9,6.61,10.5,4.0,0.8,5.7,6.57,1.3,0.3,0.6,0.3,6.57,358.1,18.1,25.4,270.4,44.1,6.57,8.5,1.4,7.1,6.57,0.2,0.1,0.1,0.0,0.1,0.7,1.1,6.57,9.3,6.6,15.9,6.57,17.0,7.4,24.4,6.57,9.1,6.57,27.9,6.57,4.0,1.7,7.2,6.57,1.1,6.57,9.7,14.8,6.57,2.9,0.1,6.57,2.8,0.1,1.8,0.9,6.57,15.9,9.9,6.57,29.5,14.6,14.9,6.57,Ligue_1,2025-2026
AC Ajaccio,10,9.4,0.447,0.755,16.8,6.39,38,5,13,7.5,0.403,0.755,15.5,6.29,44,5,10.5,16.5,10.3,14.1,1.7,6.39,11.6,17.1,11.8,14.4,1.6,6.29,9.4,2.5,7.7,14.2,6.39,7.5,2.2,7.3,11.8,6.29,19.24,10.0,-9.24,178.0,0.11,6.39,25.21,29.0,3.79,199.0,0.13,6.39,14.7,12.0,-2.7,142.0,0.1,6.29,26.55,43.0,16.45,221.0,0.12,6.29,3,0,3,4,0,15,4,9,1,1,9,1,0,2,1,26,1,8,8,1,19,1,61,308,16,1,61,404,14,1,57,300,17,1,58,474,29,5,0,9,33,3,0,15,0.32,0.22,0.46,0.33,0.2,0.47,0.13,0.69,0.19,0.19,0.68,0.14,0.16,0.69,0.15,0.18,0.65,0.17,0.1,0.49,0.41,0.1,0.57,0.33,0.04,0.61,0.35,0.08,0.54,0.38,0.24,0.47,0.28,0.29,0.49,0.23,9.4,3.9,0.9,4.6,6.39,0.5,0.2,0.3,0.0,6.39,366.8,28.8,32.2,248.1,57.8,6.39,7.1,1.4,5.6,6.39,0.1,0.0,0.0,0.0,0.0,0.1,0.2,6.39,10.1,7.7,17.8,6.39,16.5,9.8,26.3,6.39,10.3,6.39,15.3,6.39,1.8,0.8,8.1,6.39,1.7,6.39,14.2,14.1,6.39,2.0,0.3,6.39,2.3,0.2,1.3,0.7,6.39,17.4,9.5,6.39,36.4,16.8,19.6,6.39,7.5,2.6,0.3,4.6,6.29,0.7,0.2,0.4,0.1,6.29,354.7,23.9,33.1,243.9,53.7,6.29,5.3,1.2,4.1,6.29,0.2,0.0,0.1,0.0,0.0,0.2,0.5,6.29,8.2,7.3,15.5,6.29,17.1,10.2,27.3,6.29,11.8,6.29,18.5,6.29,2.6,1.4,6.4,6.29,1.6,6.29,11.8,14.4,6.29,2.3,0.3,6.29,2.4,0.1,1.2,1.1,6.29,15.5,7.5,6.29,33.8,15.5,18.3,6.29,Ligue_1,2022-2023
Angers,20,11.1,0.457,0.82,11.8,6.52,28,2,13,8.4,0.477,0.836,11.4,6.35,35,3,11.3,18.3,9.9,12.5,1.4,6.52,13.1,16.0,9.8,13.4,1.1,6.35,11.1,4.1,13.2,10.9,6.52,8.4,2.7,10.1,11.3,6.35,23.74,19.0,-4.74,211.0,0.11,6.52,30.55,34.0,3.45,214.0,0.14,6.52,16.49,12.0,-4.49,160.0,0.1,6.35,33.93,43.0,9.07,249.0,0.14,6.35,8,2,7,2,1,19,4,8,3,2,7,2,1,2,1,29,1,7,6,2,16,1,46,369,17,1,55,441,15,1,47,387,17,1,52,423,20,1,0,9,29,2,0,10,0.38,0.23,0.38,0.36,0.24,0.39,0.23,0.64,0.13,0.13,0.71,0.16,0.15,0.61,0.24,0.16,0.66,0.18,0.1,0.52,0.38,0.08,0.62,0.3,0.09,0.54,0.37,0.05,0.58,0.37,0.26,0.48,0.26,0.26,0.48,0.25,11.1,4.3,1.1,5.7,6.52,1.1,0.3,0.7,0.1,6.52,410.2,21.6,23.9,314.7,49.9,6.52,7.8,1.5,6.3,6.52,0.3,0.1,0.1,0.1,0.0,0.2,0.6,6.52,13.7,13.2,26.8,6.52,18.3,8.0,26.3,6.52,9.9,6.52,14.8,6.52,2.5,1.1,9.7,6.52,1.4,6.52,10.9,12.5,6.52,1.5,0.1,6.52,2.9,0.2,2.1,0.7,6.52,17.3,8.7,6.52,24.1,11.8,12.3,6.52,8.4,3.1,0.8,4.5,6.35,0.7,0.1,0.4,0.2,6.35,428.4,23.8,23.1,334.4,47.1,6.35,6.7,1.1,5.7,6.35,0.2,0.0,0.1,0.0,0.0,0.1,0.3,6.35,11.9,10.1,22.0,6.35,16.0,7.8,23.8,6.35,9.8,6.35,15.6,6.35,2.7,1.0,6.3,6.35,1.1,6.35,11.3,13.4,6.35,1.8,0.2,6.35,3.4,0.2,1.6,1.6,6.35,13.9,9.6,6.35,22.4,11.4,11.1,6.35,Ligue_1,2022-2023
Auxerre,18,12.5,0.42,0.795,13.2,6.55,27,3,17,10.1,0.439,0.796,12.7,6.47,19,3,10.5,18.9,12.0,12.4,1.5,6.55,14.4,16.5,11.9,11.9,1.0,6.47,12.5,4.1,8.3,11.4,6.55,10.1,2.6,9.5,10.6,6.47,24.9,16.0,-8.9,238.0,0.1,6.55,26.54,28.0,1.46,199.0,0.13,6.55,17.42,16.0,-1.42,191.0,0.09,6.47,31.3,34.0,2.7,273.0,0.11,6.47,7,0,4,5,2,19,3,3,3,0,10,1,3,2,1,29,2,2,1,1,19,1,66,311,17,2,55,473,14,1,66,327,23,2,52,444,28,1,0,3,19,2,0,3,0.39,0.24,0.37,0.37,0.23,0.41,0.22,0.61,0.17,0.16,0.69,0.15,0.18,0.65,0.17,0.17,0.64,0.2,0.06,0.53,0.41,0.08,0.63,0.29,0.03,0.54,0.43,0.1,0.57,0.33,0.26,0.46,0.27,0.32,0.45,0.23,12.5,5.2,0.7,6.6,6.55,0.9,0.3,0.5,0.1,6.55,373.1,34.6,30.4,262.1,45.9,6.55,8.6,1.6,7.1,6.55,0.1,0.1,0.1,0.0,0.0,0.2,0.4,6.55,11.2,8.3,19.4,6.55,18.9,9.1,28.0,6.55,12.0,6.55,17.8,6.55,2.4,1.2,8.9,6.55,1.5,6.55,11.4,12.4,6.55,1.4,0.2,6.55,2.5,0.1,1.6,0.8,6.55,16.3,7.3,6.55,28.2,13.2,15.0,6.55,10.1,4.3,0.3,5.4,6.47,0.9,0.1,0.6,0.2,6.47,388.4,33.3,31.8,275.7,47.6,6.47,7.3,1.5,5.7,6.47,0.1,0.0,0.1,0.0,0.0,0.4,0.5,6.47,10.5,9.5,20.0,6.47,16.5,10.2,26.7,6.47,11.9,6.47,20.9,6.47,3.8,1.8,8.1,6.47,1.0,6.47,10.6,11.9,6.47,1.0,0.2,6.47,3.7,0.2,2.2,1.4,6.47,17.6,9.5,6.47,27.7,12.7,14.9,6.47,Ligue_1,2022-2023
Brest,24,11.8,0.466,0.784,17.7,6.64,30,1,20,10.6,0.427,0.776,15.9,6.6,33,1,11.3,18.3,12.0,12.1,1.8,6.64,14.5,18.8,13.0,14.2,1.3,6.6,11.8,4.0,6.0,12.3,6.64,10.6,3.4,8.2,12.0,6.6,23.35,24.0,0.65,224.0,0.1,6.64,25.58,25.0,-0.58,214.0,0.12,6.64,20.4,19.0,-1.4,201.0,0.1,6.6,32.17,27.0,-5.17,275.0,0.12,6.6,12,1,8,3,0,15,2,5,3,1,7,2,6,4,1,15,0,8,4,1,23,1,63,342,16,1,54,420,17,1,64,316,19,2,50,463,16,7,0,8,24,4,0,6,0.41,0.22,0.37,0.38,0.23,0.39,0.16,0.67,0.17,0.14,0.68,0.18,0.18,0.63,0.19,0.17,0.7,0.13,0.08,0.61,0.31,0.11,0.58,0.31,0.06,0.57,0.37,0.1,0.6,0.3,0.27,0.47,0.27,0.3,0.46,0.24,11.8,3.7,0.9,7.2,6.64,1.3,0.3,0.8,0.2,6.64,399.7,32.7,29.5,280.7,56.8,6.64,8.9,2.7,6.3,6.64,0.5,0.2,0.2,0.1,0.0,0.1,0.8,6.64,9.3,6.0,15.3,6.64,18.3,9.6,27.8,6.64,12.0,6.64,15.1,6.64,2.7,1.3,7.4,6.64,1.8,6.64,12.3,12.1,6.64,1.6,0.1,6.64,2.8,0.3,1.7,0.8,6.64,15.1,8.6,6.64,32.3,17.7,14.6,6.64,10.6,4.0,0.6,5.9,6.6,1.1,0.2,0.7,0.2,6.6,374.9,31.0,32.1,260.0,51.8,6.6,7.6,1.6,5.9,6.6,0.2,0.1,0.0,0.0,0.0,0.4,0.6,6.6,10.9,8.2,19.2,6.6,18.8,10.6,29.5,6.6,13.0,6.6,19.1,6.6,3.4,1.4,9.4,6.6,1.3,6.6,12.0,14.2,6.6,1.7,0.1,6.6,3.8,0.5,2.1,1.2,6.6,14.7,8.3,6.6,31.8,15.9,15.9,6.6,Ligue_1,2022-2023
Clermont Foot,20,10.9,0.48,0.806,10.7,6.52,29,4,25,10.3,0.483,0.815,10.9,6.62,39,1,11.8,18.1,10.9,11.5,1.5,6.52,13.8,17.9,12.3,10.9,1.3,6.62,10.9,4.0,9.6,15.8,6.52,10.3,3.9,8.8,15.3,6.62,26.0,20.0,-6.0,207.0,0.13,6.52,26.3,28.0,1.7,224.0,0.12,6.52,22.99,24.0,1.01,196.0,0.12,6.62,31.17,21.0,-10.17,263.0,0.12,6.62,12,0,3,5,0,13,8,3,4,0,16,1,5,2,1,10,1,6,4,0,16,1,56,378,15,1,52,421,13,1,58,388,17,2,49,424,22,4,0,8,31,6,0,4,0.36,0.25,0.38,0.39,0.27,0.35,0.14,0.69,0.17,0.21,0.64,0.15,0.19,0.64,0.17,0.19,0.67,0.15,0.08,0.55,0.37,0.08,0.54,0.39,0.12,0.44,0.44,0.08,0.56,0.37,0.3,0.46,0.24,0.31,0.46,0.24,10.9,4.0,0.9,6.0,6.52,1.1,0.1,0.8,0.1,6.52,428.4,26.8,27.8,318.3,55.5,6.52,7.0,1.6,5.4,6.52,0.1,0.0,0.1,0.0,0.0,0.4,0.5,6.52,11.1,9.6,20.7,6.52,18.1,10.5,28.6,6.52,10.9,6.52,13.3,6.52,3.1,1.7,7.6,6.52,1.5,6.52,15.8,11.5,6.52,1.5,0.2,6.52,2.8,0.2,1.9,0.7,6.52,14.1,8.0,6.52,21.8,10.7,11.1,6.52,10.3,4.5,1.3,4.5,6.62,1.3,0.5,0.5,0.2,6.62,440.5,28.3,28.5,330.9,52.8,6.62,7.1,1.1,6.0,6.62,0.2,0.0,0.0,0.1,0.0,0.6,0.9,6.62,10.1,8.8,18.9,6.62,17.9,12.0,29.9,6.62,12.3,6.62,14.2,6.62,3.6,1.3,8.1,6.62,1.3,6.62,15.3,10.9,6.62,2.1,0.1,6.62,3.2,0.2,1.7,1.4,6.62,15.7,9.8,6.62,22.6,10.9,11.6,6.62,Ligue_1,2022-2023
Lens,41,13.7,0.555,0.859,11.9,6.82,26,1,27,14.1,0.561,0.869,9.7,6.68,37,2,9.4,12.7,9.9,13.6,1.4,6.82,11.2,15.7,7.9,12.3,1.8,6.68,13.7,5.1,8.5,12.7,6.82,14.1,4.8,8.6,12.6,6.68,34.31,39.0,4.69,260.0,0.13,6.82,17.87,12.0,-5.87,179.0,0.1,6.82,32.87,27.0,-5.87,267.0,0.12,6.68,25.65,16.0,-9.65,213.0,0.12,6.68,30,2,3,4,2,8,0,2,2,1,22,1,2,2,0,11,0,4,1,0,20,1,47,461,14,1,50,360,21,2,45,485,14,1,46,372,16,7,0,4,28,2,0,9,0.34,0.25,0.41,0.37,0.27,0.36,0.18,0.64,0.19,0.24,0.6,0.16,0.17,0.67,0.16,0.17,0.67,0.16,0.08,0.6,0.32,0.08,0.6,0.32,0.1,0.6,0.3,0.08,0.56,0.35,0.24,0.47,0.3,0.25,0.47,0.28,13.7,4.4,1.1,8.2,6.82,2.2,0.4,1.5,0.2,6.82,504.9,25.8,21.1,408.1,49.9,6.82,10.7,1.4,9.3,6.82,0.4,0.1,0.3,0.1,0.0,0.8,1.5,6.82,9.2,8.5,17.7,6.82,12.7,7.6,20.3,6.82,9.9,6.82,15.2,6.82,2.7,0.8,8.2,6.82,1.4,6.82,12.7,13.6,6.82,1.4,0.1,6.82,2.2,0.3,1.2,0.7,6.82,14.2,7.3,6.82,21.6,11.9,9.7,6.82,14.1,4.2,1.4,8.5,6.68,1.4,0.3,1.0,0.1,6.68,525.7,24.7,20.1,431.9,49.0,6.68,10.2,1.6,8.5,6.68,0.2,0.0,0.2,0.0,0.0,0.7,1.1,6.68,8.7,8.6,17.3,6.68,15.7,8.6,24.3,6.68,7.9,6.68,12.4,6.68,3.2,1.3,7.1,6.68,1.8,6.68,12.6,12.3,6.68,1.9,0.1,6.68,3.1,0.3,1.7,1.1,6.68,13.5,8.6,6.68,19.7,9.7,10.1,6.68,Ligue_1,2022-2023
Lille,40,15.1,0.604,0.872,10.5,6.75,38,1,25,14.2,0.614,0.85,12.8,6.71,45,0,7.5,16.4,7.7,13.1,1.4,6.75,9.8,17.0,8.1,13.1,1.9,6.71,15.1,6.2,11.6,12.4,6.75,14.2,5.3,9.4,12.8,6.71,36.77,40.0,3.23,287.0,0.13,6.75,20.22,24.0,3.78,143.0,0.14,6.75,34.15,25.0,-9.15,270.0,0.13,6.71,21.1,17.0,-4.1,186.0,0.11,6.71,26,1,6,7,0,16,3,2,3,1,16,2,3,4,0,10,2,4,1,2,16,1,48,520,12,1,53,319,17,2,48,511,14,1,57,292,28,4,0,7,33,0,0,12,0.36,0.29,0.35,0.34,0.26,0.4,0.19,0.67,0.14,0.14,0.67,0.19,0.11,0.73,0.16,0.2,0.61,0.2,0.09,0.56,0.36,0.04,0.65,0.31,0.07,0.64,0.29,0.1,0.57,0.34,0.24,0.45,0.32,0.24,0.45,0.31,15.1,5.4,1.3,8.4,6.75,2.1,0.5,1.5,0.1,6.75,564.1,26.6,21.1,465.4,51.0,6.75,11.5,1.7,9.8,6.75,0.5,0.2,0.1,0.1,0.0,0.6,1.2,6.75,12.3,11.6,23.9,6.75,16.4,8.8,25.2,6.75,7.7,6.75,12.1,6.75,1.5,0.9,8.6,6.75,1.4,6.75,12.4,13.1,6.75,2.0,0.1,6.75,1.7,0.2,1.0,0.6,6.75,14.7,10.2,6.75,22.0,10.5,11.5,6.75,14.2,4.3,0.9,9.0,6.71,1.3,0.1,1.2,0.1,6.71,555.5,26.2,21.8,445.7,61.7,6.71,10.7,1.6,9.2,6.71,0.2,0.1,0.1,0.0,0.0,0.7,0.9,6.71,10.2,9.4,19.6,6.71,17.0,9.3,26.3,6.71,8.1,6.71,14.6,6.71,2.4,1.3,8.0,6.71,1.9,6.71,12.8,13.1,6.71,2.4,0.0,6.71,2.5,0.1,1.5,0.9,6.71,13.5,10.8,6.71,25.8,12.8,13.0,6.71,Ligue_1,2022-2023
Lorient,26,11.0,0.463,0.835,11.0,6.72,23,2,26,10.2,0.464,0.835,10.8,6.6,19,2,13.3,20.7,9.6,10.8,1.3,6.72,16.4,18.0,9.8,10.1,1.3,6.6,11.0,4.5,11.1,13.3,6.72,10.2,3.7,10.3,13.1,6.6,22.22,25.0,2.78,209.0,0.11,6.72,25.37,21.0,-4.37,253.0,0.1,6.72,20.97,24.0,3.03,194.0,0.11,6.6,33.87,31.0,-2.87,312.0,0.11,6.6,14,3,6,2,1,15,0,5,1,0,15,1,6,2,2,24,2,4,1,1,13,1,43,399,22,1,47,458,10,1,43,406,26,1,46,459,22,1,0,4,16,2,0,4,0.39,0.22,0.4,0.39,0.24,0.37,0.21,0.59,0.2,0.17,0.65,0.19,0.2,0.57,0.23,0.12,0.73,0.14,0.08,0.59,0.33,0.07,0.54,0.39,0.07,0.54,0.39,0.1,0.53,0.38,0.32,0.45,0.24,0.34,0.44,0.23,11.0,3.7,0.8,6.5,6.72,1.4,0.3,0.9,0.2,6.72,437.6,18.3,24.5,347.2,47.7,6.72,7.9,0.9,7.0,6.72,0.3,0.2,0.1,0.0,0.0,0.5,0.8,6.72,14.4,11.1,25.4,6.72,20.7,9.6,30.3,6.72,9.6,6.72,19.9,6.72,3.5,1.9,9.7,6.72,1.3,6.72,13.3,10.8,6.72,1.2,0.1,6.72,3.1,0.3,1.9,0.9,6.72,16.1,7.9,6.72,23.7,11.0,12.7,6.72,10.2,4.0,0.7,5.5,6.6,1.4,0.4,0.6,0.2,6.6,444.5,19.5,22.9,351.6,50.4,6.6,7.6,1.0,6.6,6.6,0.1,0.1,0.1,0.0,0.0,0.7,0.8,6.6,12.5,10.3,22.8,6.6,18.0,10.2,28.2,6.6,9.8,6.6,21.9,6.6,3.9,1.6,8.3,6.6,1.3,6.6,13.1,10.1,6.6,1.0,0.1,6.6,3.7,0.4,2.1,1.3,6.6,15.3,9.5,6.6,23.4,10.8,12.6,6.6,Ligue_1,2022-2023
Lyon,35,15.6,0.593,0.863,10.6,6.86,18,1,30,11.7,0.567,0.838,13.4,6.68,41,2,10.6,19.7,12.7,11.8,1.7,6.86,11.9,18.4,12.6,14.5,1.3,6.68,15.6,5.9,11.2,11.5,6.86,11.7,5.0,9.8,12.3,6.68,34.88,34.0,-0.88,297.0,0.12,6.86,23.52,17.0,-6.52,201.0,0.12,6.86,28.26,29.0,0.74,222.0,0.13,6.68,28.81,27.0,-1.81,227.0,0.13,6.68,21,2,7,4,1,7,3,1,6,2,24,0,3,2,1,14,0,8,5,1,18,2,48,528,12,1,45,351,16,2,50,491,16,1,52,358,12,1,0,6,35,4,0,5,0.35,0.29,0.36,0.34,0.27,0.38,0.17,0.65,0.18,0.25,0.6,0.15,0.13,0.71,0.17,0.15,0.67,0.18,0.08,0.58,0.34,0.04,0.61,0.34,0.08,0.61,0.31,0.06,0.61,0.33,0.24,0.45,0.31,0.26,0.46,0.28,15.6,5.4,1.3,9.0,6.86,1.8,0.5,1.2,0.2,6.86,572.2,27.6,20.5,466.3,57.8,6.86,12.1,1.8,10.3,6.86,0.3,0.2,0.1,0.0,0.0,0.8,1.2,6.86,13.1,11.2,24.3,6.86,19.7,9.5,29.2,6.86,12.7,6.86,12.3,6.86,2.8,1.0,8.5,6.86,1.7,6.86,11.5,11.8,6.86,0.9,0.1,6.86,2.8,0.0,1.9,0.9,6.86,14.4,10.1,6.86,20.9,10.6,10.3,6.86,11.7,3.6,0.9,7.1,6.68,1.6,0.3,1.2,0.1,6.68,536.7,25.6,24.2,424.4,62.5,6.68,8.6,0.9,7.7,6.68,0.3,0.0,0.0,0.0,0.0,0.8,1.2,6.68,13.1,9.8,22.8,6.68,18.4,11.7,30.1,6.68,12.6,6.68,14.6,6.68,2.8,1.1,8.7,6.68,1.3,6.68,12.3,14.5,6.68,2.2,0.1,6.68,3.1,0.2,1.7,1.2,6.68,18.1,9.4,6.68,26.3,13.4,12.9,6.68,Ligue_1,2022-2023
Marseille,35,15.7,0.589,0.831,15.1,6.71,27,2,32,13.4,0.548,0.834,11.2,6.79,35,2,10.7,19.0,11.4,13.8,1.7,6.71,11.8,17.1,10.7,14.3,1.9,6.79,15.7,4.9,8.4,11.1,6.71,13.4,4.8,10.4,10.9,6.79,37.49,32.0,-5.49,299.0,0.13,6.71,20.44,21.0,0.56,203.0,0.1,6.71,29.09,29.0,-0.09,254.0,0.11,6.79,23.36,16.0,-7.36,224.0,0.1,6.79,16,2,9,5,3,12,3,4,2,3,16,4,8,1,3,9,0,4,3,0,23,2,51,472,12,1,54,313,17,2,51,433,16,1,54,344,26,0,0,4,29,1,0,7,0.38,0.24,0.38,0.39,0.24,0.37,0.17,0.67,0.17,0.18,0.62,0.19,0.2,0.62,0.18,0.22,0.63,0.15,0.1,0.62,0.28,0.04,0.58,0.38,0.06,0.58,0.36,0.05,0.6,0.35,0.23,0.45,0.33,0.26,0.44,0.3,15.7,4.4,1.6,9.7,6.71,1.8,0.4,1.2,0.1,6.71,518.3,27.9,22.1,402.8,65.5,6.71,11.6,1.9,9.7,6.71,0.4,0.2,0.1,0.0,0.0,0.5,1.1,6.71,10.0,8.4,18.4,6.71,19.0,7.9,26.9,6.71,11.4,6.71,13.0,6.71,2.2,0.5,7.2,6.71,1.7,6.71,11.1,13.8,6.71,1.4,0.1,6.71,2.8,0.0,1.8,1.0,6.71,15.9,10.5,6.71,28.1,15.1,13.1,6.71,13.4,4.8,0.8,7.8,6.79,1.7,0.3,1.1,0.2,6.79,480.8,26.7,23.9,374.1,56.2,6.79,9.3,1.3,8.0,6.79,0.1,0.0,0.1,0.1,0.0,0.7,0.9,6.79,10.3,10.4,20.7,6.79,17.1,7.4,24.5,6.79,10.7,6.79,16.6,6.79,3.2,0.7,6.8,6.79,1.9,6.79,10.9,14.3,6.79,1.8,0.1,6.79,2.7,0.1,1.8,0.8,6.79,15.5,8.4,6.79,23.7,11.2,12.5,6.79,Ligue_1,2022-2023
Monaco,37,11.8,0.475,0.815,12.1,6.66,22,5,33,13.4,0.481,0.794,15.1,6.75,36,0,13.6,18.2,10.9,12.7,2.0,6.66,13.3,18.5,11.5,13.0,2.4,6.75,11.8,5.3,9.3,11.1,6.66,13.4,5.7,7.4,10.5,6.75,33.08,37.0,3.92,224.0,0.15,6.66,29.91,31.0,1.09,259.0,0.12,6.66,30.64,32.0,1.36,254.0,0.12,6.75,24.01,24.0,-0.01,253.0,0.09,6.75,23,2,9,3,0,20,3,5,3,2,18,5,7,2,1,18,1,3,2,1,17,1,54,402,15,2,52,454,18,1,55,380,15,1,55,418,21,2,0,7,31,1,0,4,0.31,0.27,0.41,0.33,0.28,0.39,0.14,0.7,0.16,0.18,0.65,0.16,0.16,0.68,0.16,0.17,0.64,0.19,0.1,0.6,0.3,0.08,0.59,0.33,0.07,0.56,0.37,0.07,0.52,0.42,0.24,0.46,0.31,0.24,0.44,0.32,11.8,3.6,1.2,7.1,6.66,1.9,0.4,1.4,0.2,6.66,450.4,28.4,24.7,338.5,58.7,6.66,8.8,1.3,7.6,6.66,0.3,0.2,0.2,0.1,0.0,0.8,1.3,6.66,9.2,9.3,18.5,6.66,18.2,9.7,27.8,6.66,10.9,6.66,13.1,6.66,3.2,1.0,9.3,6.66,2.0,6.66,11.1,12.7,6.66,1.2,0.3,6.66,3.8,0.3,2.2,1.4,6.66,14.4,8.4,6.66,23.1,12.1,11.0,6.66,13.4,4.9,0.9,7.5,6.75,1.7,0.5,0.9,0.3,6.75,428.6,27.4,26.2,312.9,62.1,6.75,10.1,1.4,8.7,6.75,0.4,0.1,0.0,0.1,0.0,0.8,1.2,6.75,9.8,7.4,17.2,6.75,18.5,10.2,28.7,6.75,11.5,6.75,13.8,6.75,3.2,1.2,8.5,6.75,2.4,6.75,10.5,13.0,6.75,1.9,0.0,6.75,3.5,0.2,1.7,1.7,6.75,14.5,9.8,6.75,28.4,15.1,13.3,6.75,Ligue_1,2022-2023
Montpellier,29,12.2,0.447,0.785,13.4,6.63,26,9,36,11.1,0.46,0.787,12.1,6.65,40,1,15.2,15.9,10.5,12.2,1.8,6.63,12.3,20.1,10.8,13.5,1.9,6.65,12.2,4.9,8.7,14.5,6.63,11.1,4.3,9.1,13.1,6.65,28.76,28.0,-0.76,232.0,0.12,6.63,31.45,28.0,-3.45,289.0,0.11,6.63,22.66,36.0,13.34,210.0,0.11,6.65,32.2,32.0,-0.2,234.0,0.14,6.65,18,0,5,5,1,24,1,1,2,1,24,5,5,2,0,18,2,8,4,1,19,1,55,322,20,2,51,417,17,1,56,343,18,2,49,420,22,5,0,9,27,4,0,10,0.4,0.22,0.38,0.42,0.22,0.37,0.18,0.64,0.18,0.15,0.69,0.16,0.23,0.6,0.17,0.19,0.66,0.15,0.12,0.53,0.35,0.08,0.57,0.35,0.06,0.55,0.39,0.07,0.59,0.33,0.29,0.44,0.27,0.3,0.45,0.24,12.2,4.4,1.4,6.4,6.63,1.5,0.3,0.9,0.2,6.63,371.5,25.8,28.4,265.8,51.4,6.63,8.4,1.7,6.7,6.63,0.2,0.1,0.1,0.0,0.0,0.6,0.9,6.63,11.9,8.7,20.6,6.63,15.9,10.3,26.2,6.63,10.5,6.63,17.6,6.63,3.5,1.5,8.1,6.63,1.8,6.63,14.5,12.2,6.63,1.4,0.5,6.63,4.5,0.3,2.7,1.5,6.63,14.8,8.6,6.63,28.8,13.4,15.4,6.63,11.1,4.3,0.7,6.1,6.65,1.9,0.3,1.5,0.1,6.65,394.6,25.8,29.7,284.8,54.2,6.65,7.9,1.7,6.2,6.65,0.2,0.1,0.2,0.0,0.0,0.8,1.2,6.65,11.3,9.1,20.4,6.65,20.1,9.9,30.1,6.65,10.8,6.65,16.7,6.65,2.8,1.1,9.1,6.65,1.9,6.65,13.1,13.5,6.65,2.1,0.1,6.65,2.9,0.1,1.9,0.9,6.65,16.5,10.4,6.65,26.1,12.1,14.1,6.65,Ligue_1,2022-2023
Nantes,20,13.0,0.465,0.804,15.5,6.63,29,1,17,10.6,0.446,0.795,15.9,6.57,32,3,11.8,17.6,10.9,12.5,1.4,6.63,12.2,19.7,11.8,12.8,1.4,6.57,13.0,4.6,10.6,11.8,6.63,10.6,3.8,9.3,9.9,6.57,26.77,20.0,-6.77,247.0,0.11,6.63,26.32,25.0,-1.32,225.0,0.12,6.63,17.9,15.0,-2.9,201.0,0.09,6.57,27.26,26.0,-1.26,232.0,0.12,6.57,13,0,6,1,0,16,3,3,3,1,10,0,3,2,2,15,1,4,6,3,24,1,57,355,15,2,52,433,20,0,60,349,18,1,54,459,24,1,0,5,24,2,0,11,0.37,0.23,0.41,0.37,0.22,0.41,0.15,0.64,0.21,0.19,0.63,0.18,0.21,0.63,0.16,0.21,0.61,0.18,0.1,0.52,0.38,0.05,0.66,0.29,0.06,0.51,0.43,0.07,0.56,0.37,0.25,0.46,0.29,0.29,0.47,0.24,13.0,4.9,1.3,6.7,6.63,1.1,0.3,0.6,0.2,6.63,404.9,27.2,28.3,298.3,51.1,6.63,9.1,1.5,7.6,6.63,0.3,0.1,0.1,0.1,0.0,0.5,0.8,6.63,10.9,10.6,21.5,6.63,17.6,9.7,27.3,6.63,10.9,6.63,16.5,6.63,2.6,1.2,8.5,6.63,1.4,6.63,11.8,12.5,6.63,1.5,0.1,6.63,3.5,0.1,2.3,1.2,6.63,14.6,8.5,6.63,31.9,15.5,16.5,6.63,10.6,4.6,0.6,5.4,6.57,0.9,0.2,0.5,0.2,6.57,403.5,28.2,30.5,292.8,52.0,6.57,8.2,1.5,6.7,6.57,0.2,0.1,0.0,0.0,0.0,0.4,0.6,6.57,10.7,9.3,20.0,6.57,19.7,9.4,29.1,6.57,11.8,6.57,20.8,6.57,3.1,1.5,8.4,6.57,1.4,6.57,9.9,12.8,6.57,1.7,0.2,6.57,3.5,0.2,1.7,1.6,6.57,14.5,9.9,6.57,31.3,15.9,15.4,6.57,Ligue_1,2022-2023
Nice,24,14.7,0.528,0.86,9.8,6.74,21,1,24,12.4,0.502,0.848,10.8,6.73,30,2,11.0,20.5,10.4,9.9,1.5,6.74,12.5,22.6,11.3,10.3,1.2,6.73,14.7,5.0,12.0,10.4,6.74,12.4,5.3,10.1,9.4,6.73,26.29,23.0,-3.29,279.0,0.09,6.74,21.27,18.0,-3.27,209.0,0.1,6.74,27.16,24.0,-3.16,235.0,0.12,6.73,22.54,19.0,-3.54,237.0,0.1,6.73,15,1,4,3,1,15,0,3,0,0,17,1,3,3,0,11,0,5,3,0,21,1,48,472,14,2,49,420,15,1,51,450,18,1,52,441,17,3,0,2,27,1,0,5,0.37,0.26,0.38,0.37,0.25,0.37,0.15,0.65,0.2,0.17,0.69,0.14,0.13,0.67,0.2,0.16,0.64,0.2,0.05,0.53,0.42,0.06,0.53,0.41,0.11,0.54,0.35,0.06,0.56,0.37,0.26,0.46,0.29,0.31,0.45,0.25,14.7,6.1,0.8,7.8,6.74,1.3,0.2,0.8,0.2,6.74,516.3,25.4,21.9,418.5,50.5,6.74,11.0,1.8,9.2,6.74,0.3,0.0,0.1,0.0,0.0,0.6,0.9,6.74,10.8,12.0,22.8,6.74,20.5,8.3,28.7,6.74,10.4,6.74,12.2,6.74,2.7,1.4,7.6,6.74,1.5,6.74,10.4,9.9,6.74,1.1,0.1,6.74,2.6,0.2,1.6,0.8,6.74,12.9,9.8,6.74,18.7,9.8,8.9,6.74,12.4,4.4,1.3,6.7,6.73,1.3,0.3,0.8,0.2,6.73,497.2,27.1,23.4,394.5,52.2,6.73,9.5,1.7,7.7,6.73,0.1,0.1,0.1,0.0,0.0,0.6,0.8,6.73,10.3,10.1,20.4,6.73,22.6,7.4,30.0,6.73,11.3,6.73,16.4,6.73,3.4,1.4,8.4,6.73,1.2,6.73,9.4,10.3,6.73,1.6,0.1,6.73,3.2,0.1,1.8,1.3,6.73,15.8,10.4,6.73,21.3,10.8,10.5,6.73,Ligue_1,2022-2023
Paris Saint-Germain,45,15.2,0.609,0.905,6.9,6.81,30,4,44,14.7,0.608,0.905,6.2,6.95,23,1,10.7,15.5,7.6,10.3,1.8,6.81,12.8,16.7,7.9,9.7,2.2,6.95,15.2,6.8,12.8,11.6,6.81,14.7,6.5,11.1,10.3,6.95,36.41,42.0,5.59,289.0,0.13,6.81,25.47,24.0,-1.47,203.0,0.13,6.81,42.59,44.0,1.41,280.0,0.15,6.95,21.32,15.0,-6.32,244.0,0.09,6.95,28,1,8,5,3,15,3,4,2,1,32,9,3,0,0,13,2,0,0,0,10,4,31,635,12,2,43,381,11,4,35,635,15,1,39,386,22,6,0,8,17,2,0,5,0.36,0.34,0.3,0.38,0.35,0.28,0.21,0.69,0.1,0.18,0.66,0.16,0.22,0.68,0.1,0.25,0.6,0.16,0.06,0.57,0.38,0.08,0.55,0.37,0.09,0.65,0.26,0.05,0.55,0.41,0.23,0.45,0.32,0.26,0.46,0.27,15.2,5.7,0.8,8.6,6.81,2.4,0.2,1.6,0.4,6.81,664.8,21.2,10.2,580.4,52.9,6.81,11.4,1.1,10.3,6.81,0.2,0.0,0.3,0.1,0.0,0.8,1.3,6.81,14.6,12.8,27.5,6.81,15.5,8.8,24.3,6.81,7.6,6.81,9.4,6.81,2.5,0.6,7.1,6.81,1.8,6.81,11.6,10.3,6.81,1.6,0.2,6.81,2.8,0.2,1.4,1.2,6.81,11.9,10.7,6.81,11.7,6.9,4.8,6.81,14.7,3.9,1.4,9.5,6.95,2.3,0.4,1.7,0.2,6.95,666.5,23.3,11.6,580.2,51.4,6.95,11.5,1.5,10.1,6.95,0.2,0.1,0.5,0.1,0.0,1.2,1.9,6.95,12.8,11.1,23.9,6.95,16.7,9.8,26.5,6.95,7.9,6.95,12.6,6.95,3.2,0.8,7.1,6.95,2.2,6.95,10.3,9.7,6.95,1.2,0.1,6.95,3.6,0.1,2.2,1.3,6.95,11.5,9.9,6.95,12.0,6.2,5.8,6.95,Ligue_1,2022-2023
Reims,28,15.9,0.483,0.807,12.9,6.72,33,3,17,11.7,0.484,0.793,12.3,6.55,34,6,11.8,19.5,10.9,12.7,2.2,6.72,13.8,17.5,9.9,13.9,2.3,6.55,15.9,5.6,9.9,11.4,6.72,11.7,3.8,8.3,10.8,6.55,35.74,28.0,-7.74,302.0,0.12,6.72,22.98,23.0,0.02,225.0,0.1,6.72,24.84,17.0,-7.84,222.0,0.11,6.55,31.0,20.0,-11.0,263.0,0.12,6.55,19,1,3,5,0,17,1,4,1,0,11,2,2,2,0,12,1,5,2,2,21,2,51,367,16,1,59,394,17,2,51,374,21,1,60,390,24,3,0,9,27,2,0,13,0.38,0.27,0.35,0.36,0.26,0.38,0.19,0.66,0.15,0.18,0.63,0.2,0.18,0.67,0.14,0.17,0.64,0.19,0.08,0.54,0.38,0.05,0.58,0.37,0.05,0.58,0.37,0.09,0.55,0.36,0.26,0.44,0.31,0.3,0.45,0.26,15.9,6.1,1.3,8.5,6.72,1.5,0.2,1.1,0.2,6.72,412.4,27.6,22.1,305.2,57.6,6.72,11.2,1.9,9.2,6.72,0.2,0.1,0.2,0.0,0.0,0.7,1.0,6.72,12.2,9.9,22.1,6.72,19.5,11.5,31.0,6.72,10.9,6.72,13.8,6.72,3.2,1.1,9.3,6.72,2.2,6.72,11.4,12.7,6.72,1.7,0.2,6.72,3.3,0.2,1.7,1.4,6.72,18.3,9.4,6.72,24.9,12.9,11.9,6.72,11.7,4.3,0.6,6.7,6.55,0.9,0.2,0.7,0.0,6.55,418.2,24.2,26.0,307.4,60.6,6.55,9.0,1.1,7.9,6.55,0.1,0.0,0.2,0.0,0.0,0.4,0.6,6.55,11.7,8.3,20.0,6.55,17.5,9.9,27.5,6.55,9.9,6.55,17.6,6.55,3.5,1.3,8.7,6.55,2.3,6.55,10.8,13.9,6.55,1.8,0.3,6.55,3.2,0.3,1.8,1.2,6.55,17.3,10.5,6.55,25.2,12.3,12.8,6.55,Ligue_1,2022-2023
Rennes,43,14.8,0.544,0.839,14.4,6.84,20,3,26,13.0,0.571,0.854,14.1,6.62,34,3,7.9,15.0,9.5,11.6,1.6,6.84,11.8,16.6,8.4,12.8,1.2,6.62,14.8,5.7,10.1,10.1,6.84,13.0,4.4,11.5,9.9,6.62,33.29,42.0,8.71,282.0,0.12,6.84,17.1,13.0,-4.1,151.0,0.11,6.84,29.7,24.0,-5.7,247.0,0.12,6.62,25.76,25.0,-0.76,224.0,0.11,6.62,34,2,6,0,1,8,1,3,1,1,16,2,3,3,2,13,3,7,2,0,13,1,54,460,15,1,55,373,16,1,51,482,16,1,54,344,17,0,0,7,31,2,0,5,0.42,0.24,0.34,0.4,0.24,0.36,0.18,0.66,0.16,0.14,0.66,0.2,0.2,0.65,0.15,0.16,0.66,0.18,0.07,0.63,0.31,0.09,0.52,0.4,0.07,0.59,0.35,0.09,0.56,0.36,0.24,0.48,0.28,0.25,0.46,0.29,14.8,4.5,1.0,9.3,6.84,2.3,0.4,1.7,0.1,6.84,508.7,27.9,24.7,399.1,57.0,6.84,10.9,1.7,9.2,6.84,0.4,0.1,0.1,0.1,0.1,1.0,1.5,6.84,9.7,10.1,19.8,6.84,15.0,7.2,22.2,6.84,9.5,6.84,14.6,6.84,1.8,1.1,8.1,6.84,1.6,6.84,10.1,11.6,6.84,1.1,0.2,6.84,2.1,0.1,1.1,0.9,6.84,15.9,9.2,6.84,27.7,14.4,13.4,6.84,13.0,4.5,0.8,7.7,6.62,1.4,0.1,1.1,0.2,6.62,528.8,28.7,21.5,423.1,55.4,6.62,10.0,1.1,8.9,6.62,0.1,0.0,0.1,0.0,0.0,0.7,0.9,6.62,9.9,11.5,21.5,6.62,16.6,10.0,26.6,6.62,8.4,6.62,14.3,6.62,3.0,1.2,7.7,6.62,1.2,6.62,9.9,12.8,6.62,1.8,0.2,6.62,2.6,0.2,1.7,0.7,6.62,13.8,8.6,6.62,28.2,14.1,14.1,6.62,Ligue_1,2022-2023
Strasbourg,25,12.4,0.468,0.787,20.5,6.66,29,4,26,11.3,0.443,0.793,15.5,6.58,39,3,10.7,18.8,11.4,13.1,1.1,6.66,11.6,17.5,11.6,14.8,1.2,6.58,12.4,4.1,9.4,13.5,6.66,11.3,4.5,8.5,11.4,6.58,25.2,25.0,-0.2,235.0,0.11,6.66,24.11,26.0,1.89,204.0,0.12,6.66,24.39,23.0,-1.39,214.0,0.11,6.58,29.24,33.0,3.76,221.0,0.13,6.58,16,1,5,3,0,20,0,4,2,0,13,0,8,2,3,17,1,7,8,0,18,1,58,372,15,2,62,431,17,2,56,348,19,1,59,451,22,2,0,10,31,1,0,11,0.33,0.26,0.41,0.34,0.29,0.37,0.09,0.73,0.18,0.12,0.72,0.16,0.12,0.72,0.15,0.19,0.65,0.16,0.06,0.55,0.38,0.05,0.6,0.35,0.07,0.57,0.36,0.08,0.62,0.3,0.24,0.48,0.28,0.27,0.46,0.26,12.4,4.7,0.8,6.8,6.66,1.3,0.3,0.9,0.2,6.66,426.8,28.1,29.3,307.7,61.7,6.66,8.7,1.8,6.8,6.66,0.2,0.0,0.1,0.0,0.0,0.5,0.8,6.66,9.9,9.4,19.3,6.66,18.8,7.6,26.4,6.66,11.4,6.66,15.1,6.66,2.4,1.1,8.8,6.66,1.1,6.66,13.5,13.1,6.66,1.5,0.2,6.66,2.6,0.2,1.6,0.9,6.66,16.5,8.7,6.66,36.0,20.5,15.5,6.66,11.3,4.1,0.8,6.4,6.58,1.4,0.2,0.7,0.3,6.58,400.4,24.8,30.8,292.8,51.9,6.58,8.4,1.9,6.5,6.58,0.3,0.0,0.1,0.0,0.0,0.3,0.7,6.58,9.5,8.5,18.0,6.58,17.5,9.3,26.8,6.58,11.6,6.58,19.4,6.58,2.8,1.3,8.3,6.58,1.2,6.58,11.4,14.8,6.58,2.1,0.2,6.58,3.4,0.4,2.1,0.9,6.58,14.5,7.7,6.58,30.4,15.5,14.9,6.58,Ligue_1,2022-2023
Toulouse,27,12.9,0.506,0.823,12.8,6.64,30,2,24,11.2,0.517,0.816,12.9,6.58,26,1,13.8,19.6,10.9,12.5,2.0,6.64,14.6,18.1,10.6,12.4,1.9,6.58,12.9,5.1,8.2,9.5,6.64,11.2,4.5,6.7,12.2,6.58,29.07,27.0,-2.07,245.0,0.12,6.64,28.91,25.0,-3.91,263.0,0.11,6.64,25.13,23.0,-2.13,212.0,0.12,6.58,30.76,29.0,-1.76,278.0,0.11,6.58,18,1,6,2,0,14,0,8,3,2,16,1,4,2,1,21,1,6,1,1,19,1,52,411,16,1,52,403,16,1,56,418,18,1,50,388,28,0,0,5,22,2,0,4,0.36,0.21,0.42,0.37,0.2,0.43,0.18,0.64,0.17,0.22,0.65,0.14,0.23,0.58,0.19,0.13,0.73,0.14,0.1,0.59,0.3,0.07,0.52,0.41,0.11,0.6,0.29,0.09,0.54,0.37,0.27,0.44,0.28,0.3,0.45,0.26,12.9,4.0,1.3,7.6,6.64,1.4,0.3,1.1,0.1,6.64,457.9,29.2,22.6,347.7,58.4,6.64,9.4,1.6,7.8,6.64,0.4,0.1,0.2,0.0,0.0,0.4,0.9,6.64,10.0,8.2,18.2,6.64,19.6,12.5,32.1,6.64,10.9,6.64,16.5,6.64,3.6,1.1,9.4,6.64,2.0,6.64,9.5,12.5,6.64,1.6,0.1,6.64,2.9,0.2,1.9,0.8,6.64,15.0,7.6,6.64,23.7,12.8,10.9,6.64,11.2,3.2,1.2,6.7,6.58,1.3,0.3,0.7,0.2,6.58,467.6,28.5,26.7,353.1,59.3,6.58,7.7,1.8,5.9,6.58,0.2,0.0,0.2,0.0,0.0,0.4,0.7,6.58,10.3,6.7,17.0,6.58,18.1,12.5,30.5,6.58,10.6,6.58,16.9,6.58,3.6,0.8,8.4,6.58,1.9,6.58,12.2,12.4,6.58,1.4,0.1,6.58,3.6,0.4,1.9,1.3,6.58,14.2,8.4,6.58,26.4,12.9,13.4,6.58,Ligue_1,2022-2023
Troyes,19,10.8,0.426,0.812,12.5,6.54,28,3,26,9.9,0.415,0.791,12.7,6.47,27,2,16.0,14.9,8.7,10.3,1.8,6.54,16.9,17.1,12.3,10.8,1.2,6.47,10.8,3.6,9.4,11.3,6.54,9.9,3.7,9.8,9.9,6.47,16.38,18.0,1.62,206.0,0.08,6.54,35.98,28.0,-7.98,304.0,0.12,6.54,22.78,25.0,2.22,189.0,0.12,6.47,41.89,51.0,9.11,322.0,0.13,6.47,14,1,3,0,1,25,0,2,1,2,14,2,4,5,1,32,2,11,6,0,15,1,49,355,24,1,49,492,12,1,50,335,19,2,49,489,22,1,0,8,26,0,0,4,0.4,0.25,0.35,0.42,0.24,0.34,0.19,0.61,0.2,0.18,0.64,0.18,0.16,0.69,0.15,0.15,0.66,0.19,0.04,0.51,0.45,0.14,0.52,0.34,0.05,0.64,0.32,0.12,0.53,0.34,0.33,0.44,0.23,0.33,0.46,0.22,10.8,4.9,0.4,5.5,6.54,1.0,0.2,0.6,0.2,6.54,399.1,22.3,25.8,301.8,49.1,6.54,8.2,1.5,6.7,6.54,0.2,0.0,0.1,0.1,0.0,0.4,0.7,6.54,11.3,9.4,20.7,6.54,14.9,8.3,23.3,6.54,8.7,6.54,20.5,6.54,3.9,1.5,7.8,6.54,1.8,6.54,11.3,10.3,6.54,1.5,0.2,6.54,3.7,0.3,2.0,1.4,6.54,13.4,9.0,6.54,26.3,12.5,13.7,6.54,9.9,3.2,0.5,6.3,6.47,1.4,0.1,1.1,0.2,6.47,379.1,21.0,27.7,279.0,51.3,6.47,7.8,1.6,6.2,6.47,0.2,0.1,0.0,0.0,0.0,0.5,0.7,6.47,11.2,9.8,21.0,6.47,17.1,9.3,26.3,6.47,12.3,6.47,19.3,6.47,3.7,0.8,6.5,6.47,1.2,6.47,9.9,10.8,6.47,1.4,0.1,6.47,4.1,0.6,2.2,1.4,6.47,14.5,8.9,6.47,25.6,12.7,12.9,6.47,Ligue_1,2022-2023
Angers,23,11.6,0.502,0.838,11.7,6.56,32,2,21,9.1,0.467,0.826,10.4,6.51,34,2,10.5,15.5,10.9,12.7,1.1,6.56,12.2,17.1,11.3,12.1,1.4,6.51,11.6,3.7,11.4,12.3,6.56,9.1,3.4,9.7,12.0,6.51,26.7,20.0,-6.7,220.0,0.12,6.56,23.15,21.0,-2.15,199.0,0.12,6.56,20.39,21.0,0.61,173.0,0.12,6.51,27.62,31.0,3.38,232.0,0.12,6.51,9,1,4,6,3,12,0,7,2,2,12,1,5,3,0,21,1,6,3,1,16,1,55,428,18,1,63,415,14,1,54,383,21,1,56,438,28,2,0,6,26,0,0,11,0.39,0.22,0.39,0.35,0.25,0.4,0.23,0.63,0.13,0.14,0.67,0.19,0.16,0.66,0.18,0.15,0.66,0.18,0.1,0.54,0.36,0.09,0.57,0.35,0.05,0.5,0.45,0.1,0.52,0.38,0.27,0.45,0.27,0.3,0.47,0.23,11.6,4.2,1.2,6.2,6.56,1.2,0.3,0.7,0.1,6.56,476.9,28.5,25.8,371.4,51.3,6.56,8.0,1.3,6.7,6.56,0.3,0.1,0.0,0.1,0.0,0.3,0.6,6.56,11.7,11.4,23.1,6.56,15.5,9.7,25.2,6.56,10.9,6.56,13.4,6.56,2.6,1.1,7.7,6.56,1.1,6.56,12.3,12.7,6.56,1.7,0.1,6.56,2.4,0.2,1.6,0.6,6.56,19.5,9.9,6.56,26.6,11.7,14.8,6.56,9.1,4.1,0.5,4.5,6.51,1.1,0.3,0.8,0.1,6.51,430.7,26.7,25.9,329.1,49.1,6.51,6.7,1.5,5.2,6.51,0.3,0.0,0.1,0.1,0.0,0.3,0.7,6.51,11.4,9.7,21.1,6.51,17.1,10.0,27.1,6.51,11.3,6.51,18.3,6.51,2.6,1.0,7.3,6.51,1.4,6.51,12.0,12.1,6.51,1.8,0.1,6.51,3.1,0.2,2.2,0.7,6.51,18.7,9.7,6.51,22.9,10.4,12.5,6.51,Ligue_1,2021-2022
Bordeaux,25,12.6,0.482,0.797,14.4,6.51,48,1,27,11.1,0.46,0.8,11.9,6.37,40,4,13.0,17.4,12.3,12.1,1.8,6.51,14.5,16.4,11.6,12.1,1.3,6.37,12.6,4.3,9.0,10.8,6.51,11.1,3.6,9.7,9.8,6.37,23.8,24.0,0.2,240.0,0.1,6.51,31.6,31.0,-0.6,247.0,0.13,6.51,21.8,26.0,4.2,210.0,0.1,6.37,36.15,57.0,20.85,275.0,0.13,6.37,14,2,7,1,1,22,2,4,3,2,20,1,4,1,1,35,6,12,4,1,19,1,61,358,15,1,53,401,14,1,64,354,22,1,53,433,34,3,0,12,36,3,0,7,0.33,0.24,0.43,0.36,0.24,0.4,0.2,0.57,0.24,0.16,0.67,0.17,0.18,0.63,0.19,0.16,0.7,0.14,0.05,0.53,0.42,0.07,0.6,0.33,0.07,0.5,0.43,0.07,0.56,0.37,0.28,0.45,0.27,0.32,0.46,0.23,12.6,5.3,0.6,6.7,6.51,1.3,0.2,0.8,0.3,6.51,415.4,32.4,29.1,298.7,55.2,6.51,9.6,2.5,7.1,6.51,0.3,0.2,0.1,0.1,0.0,0.4,0.9,6.51,9.2,9.0,18.2,6.51,17.4,10.8,28.2,6.51,12.3,6.51,15.5,6.51,2.6,0.8,6.1,6.51,1.8,6.51,10.8,12.1,6.51,2.5,0.1,6.51,2.9,0.2,1.8,0.9,6.51,17.8,7.6,6.51,29.1,14.4,14.6,6.51,11.1,4.7,0.8,5.5,6.37,1.4,0.4,0.8,0.2,6.37,414.5,33.4,30.8,298.1,52.2,6.37,7.5,1.4,6.2,6.37,0.3,0.1,0.1,0.0,0.0,0.7,1.1,6.37,6.7,9.7,16.4,6.37,16.4,11.2,27.6,6.37,11.6,6.37,19.8,6.37,2.8,1.2,7.3,6.37,1.3,6.37,9.8,12.1,6.37,2.1,0.2,6.37,2.7,0.0,1.6,1.1,6.37,17.7,8.9,6.37,24.5,11.9,12.6,6.37,Ligue_1,2021-2022
Brest,28,10.7,0.445,0.793,15.2,6.68,30,2,21,10.4,0.416,0.778,17.9,6.62,29,0,11.8,17.7,12.5,10.7,1.2,6.68,14.2,18.2,12.2,11.8,1.3,6.62,10.7,4.2,8.9,11.4,6.68,10.4,3.7,7.6,10.5,6.62,23.02,27.0,3.98,204.0,0.11,6.68,26.05,29.0,2.95,225.0,0.12,6.68,20.14,21.0,0.86,198.0,0.1,6.62,31.82,26.0,-5.82,269.0,0.12,6.62,13,2,7,5,1,19,5,4,1,0,14,1,4,2,0,15,0,8,3,2,22,1,63,341,17,1,51,462,16,1,61,320,19,1,50,489,27,1,0,4,20,2,0,7,0.39,0.2,0.41,0.4,0.21,0.39,0.23,0.62,0.14,0.16,0.67,0.18,0.17,0.7,0.13,0.16,0.72,0.12,0.1,0.56,0.34,0.08,0.55,0.37,0.08,0.62,0.31,0.09,0.59,0.32,0.26,0.46,0.28,0.27,0.47,0.26,10.7,3.7,1.1,6.0,6.68,1.5,0.4,0.9,0.1,6.68,397.3,33.6,27.9,281.5,54.3,6.68,8.1,1.7,6.4,6.68,0.4,0.2,0.1,0.1,0.0,0.5,0.9,6.68,9.1,8.9,18.1,6.68,17.7,10.6,28.3,6.68,12.5,6.68,15.6,6.68,2.5,1.0,6.8,6.68,1.2,6.68,11.4,10.7,6.68,1.6,0.1,6.68,2.9,0.1,1.4,1.4,6.68,17.4,7.6,6.68,28.3,15.2,13.1,6.68,10.4,3.2,0.8,6.4,6.62,1.1,0.2,0.8,0.1,6.62,376.3,30.7,29.7,261.9,53.9,6.62,7.9,2.2,5.7,6.62,0.1,0.0,0.1,0.1,0.0,0.5,0.7,6.62,8.0,7.6,15.6,6.62,18.2,7.7,25.8,6.62,12.2,6.62,19.9,6.62,3.2,1.5,6.8,6.62,1.3,6.62,10.5,11.8,6.62,1.5,0.0,6.62,3.1,0.1,1.9,1.1,6.62,17.6,8.8,6.62,33.9,17.9,16.0,6.62,Ligue_1,2021-2022
Clermont Foot,22,12.3,0.511,0.818,11.8,6.47,33,4,16,10.8,0.485,0.826,11.6,6.46,28,3,10.1,15.0,8.4,9.7,1.6,6.47,13.1,17.7,11.9,10.7,1.2,6.46,12.3,4.1,9.0,13.5,6.47,10.8,3.2,8.2,11.9,6.46,22.45,21.0,-1.45,233.0,0.1,6.47,23.87,30.0,6.13,192.0,0.12,6.47,20.63,15.0,-5.63,205.0,0.1,6.46,28.6,36.0,7.4,248.0,0.12,6.46,13,0,7,1,1,19,0,8,3,3,11,1,2,1,1,25,1,8,2,0,20,1,53,422,15,1,59,402,17,1,51,420,17,1,52,449,25,1,0,11,25,0,0,8,0.37,0.21,0.43,0.38,0.22,0.4,0.18,0.63,0.19,0.18,0.67,0.15,0.17,0.6,0.23,0.16,0.69,0.15,0.07,0.55,0.37,0.08,0.64,0.28,0.09,0.59,0.32,0.09,0.58,0.33,0.27,0.44,0.29,0.29,0.46,0.25,12.3,4.6,0.9,6.8,6.47,1.2,0.4,0.6,0.2,6.47,470.1,27.4,25.5,357.1,60.0,6.47,8.8,2.3,6.5,6.47,0.4,0.1,0.0,0.1,0.0,0.3,0.7,6.47,7.4,9.0,16.4,6.47,15.0,8.8,23.8,6.47,8.4,6.47,11.8,6.47,2.4,1.3,6.7,6.47,1.6,6.47,13.5,9.7,6.47,1.7,0.2,6.47,2.1,0.2,1.1,0.8,6.47,16.6,10.4,6.47,24.3,11.8,12.5,6.47,10.8,3.5,0.9,6.4,6.46,0.8,0.2,0.6,0.0,6.46,467.0,24.6,25.8,361.2,55.5,6.46,8.3,1.7,6.6,6.46,0.2,0.1,0.1,0.0,0.0,0.4,0.6,6.46,6.9,8.2,15.1,6.46,17.7,10.9,28.6,6.46,11.9,6.46,14.2,6.46,2.8,0.8,7.6,6.46,1.2,6.46,11.9,10.7,6.46,1.5,0.2,6.46,3.1,0.2,1.9,1.1,6.46,15.9,11.2,6.46,23.9,11.6,12.3,6.46,Ligue_1,2021-2022
Lens,35,15.5,0.524,0.845,11.7,6.74,31,3,27,11.7,0.494,0.84,11.3,6.59,40,4,9.8,14.3,12.1,10.4,1.5,6.74,11.9,16.8,11.9,11.7,1.5,6.59,15.5,6.1,8.7,9.5,6.74,11.7,4.1,9.4,9.3,6.59,28.12,35.0,6.88,294.0,0.1,6.74,20.38,20.0,-0.38,187.0,0.11,6.74,24.16,25.0,0.84,222.0,0.11,6.59,22.86,28.0,5.14,226.0,0.1,6.59,27,1,4,3,0,15,1,3,1,0,17,0,6,2,2,17,5,3,3,0,21,1,44,467,14,1,53,415,16,1,46,428,17,1,54,432,23,2,0,9,31,4,0,10,0.34,0.28,0.38,0.36,0.27,0.37,0.2,0.65,0.15,0.22,0.63,0.16,0.19,0.61,0.2,0.19,0.6,0.21,0.06,0.53,0.4,0.07,0.5,0.43,0.08,0.47,0.45,0.05,0.52,0.43,0.24,0.47,0.29,0.26,0.47,0.26,15.5,6.2,1.0,8.3,6.74,1.8,0.3,1.2,0.3,6.74,505.1,23.1,20.4,403.6,58.1,6.74,11.1,1.3,9.8,6.74,0.3,0.0,0.2,0.0,0.0,0.6,1.1,6.74,6.5,8.7,15.3,6.74,14.3,8.4,22.7,6.74,12.1,6.74,15.7,6.74,2.2,0.6,6.8,6.74,1.5,6.74,9.5,10.4,6.74,1.6,0.2,6.74,2.7,0.2,1.3,1.3,6.74,16.0,8.6,6.74,22.0,11.7,10.3,6.74,11.7,5.3,0.9,5.5,6.59,1.4,0.2,1.1,0.1,6.59,469.1,24.3,21.5,369.7,53.6,6.59,9.1,1.3,7.8,6.59,0.2,0.1,0.2,0.0,0.0,0.6,1.0,6.59,6.6,9.4,16.0,6.59,16.8,9.3,26.1,6.59,11.9,6.59,15.8,6.59,3.0,1.0,6.9,6.59,1.5,6.59,9.3,11.7,6.59,2.1,0.2,6.59,2.4,0.0,1.3,1.1,6.59,16.6,9.1,6.59,20.8,11.3,9.5,6.59,Ligue_1,2021-2022
Lille,24,12.9,0.518,0.821,14.2,6.61,38,2,24,11.6,0.496,0.808,14.1,6.62,55,4,10.4,16.2,9.5,12.3,2.6,6.61,13.2,18.2,10.3,11.2,2.1,6.62,12.9,4.1,8.6,12.1,6.61,11.6,4.1,7.9,11.1,6.62,30.32,22.0,-8.32,245.0,0.12,6.61,17.2,22.0,4.8,197.0,0.09,6.61,23.96,23.0,-0.96,221.0,0.11,6.62,21.15,24.0,2.85,251.0,0.08,6.62,16,0,6,0,2,14,0,6,2,0,15,1,3,4,1,16,0,4,4,2,18,1,57,416,14,1,57,384,15,1,54,389,22,0,54,390,24,3,0,14,33,1,0,27,0.38,0.22,0.4,0.37,0.24,0.39,0.18,0.68,0.14,0.21,0.63,0.16,0.2,0.6,0.19,0.17,0.66,0.17,0.09,0.57,0.34,0.06,0.47,0.47,0.09,0.52,0.39,0.09,0.54,0.37,0.25,0.46,0.29,0.29,0.45,0.26,12.9,4.4,1.2,7.4,6.61,1.3,0.4,0.7,0.1,6.61,468.4,29.9,26.5,354.6,57.4,6.61,9.1,1.5,7.6,6.61,0.4,0.1,0.1,0.1,0.0,0.4,0.8,6.61,8.8,8.6,17.4,6.61,16.2,8.0,24.2,6.61,9.5,6.61,13.0,6.61,2.7,1.1,6.4,6.61,2.6,6.61,12.1,12.3,6.61,2.0,0.1,6.61,2.3,0.1,1.4,0.8,6.61,17.8,9.7,6.61,27.2,14.2,13.1,6.61,11.6,4.6,1.1,6.0,6.62,1.3,0.3,0.8,0.2,6.62,438.5,24.8,28.9,329.5,55.3,6.62,9.1,1.8,7.2,6.62,0.2,0.1,0.1,0.0,0.0,0.5,0.7,6.62,7.3,7.9,15.2,6.62,18.2,8.5,26.7,6.62,10.3,6.62,20.4,6.62,3.2,1.6,6.2,6.62,2.1,6.62,11.1,11.2,6.62,2.9,0.2,6.62,3.2,0.1,1.8,1.4,6.62,16.7,8.6,6.62,27.4,14.1,13.3,6.62,Ligue_1,2021-2022
Lorient,20,12.3,0.429,0.789,11.7,6.63,31,2,15,11.2,0.452,0.807,11.5,6.4,32,2,11.1,19.0,10.7,13.4,1.6,6.63,13.4,17.6,10.9,11.6,1.3,6.4,12.3,3.9,9.0,11.9,6.63,11.2,4.0,7.3,10.4,6.4,22.6,20.0,-2.6,233.0,0.1,6.63,24.29,22.0,-2.29,211.0,0.12,6.63,18.26,15.0,-3.26,212.0,0.09,6.4,29.68,38.0,8.32,254.0,0.12,6.4,12,2,4,2,0,17,3,0,2,0,11,0,3,1,0,19,2,14,3,3,18,1,56,335,18,1,57,469,13,1,59,359,20,1,50,453,28,1,0,5,29,2,0,5,0.39,0.24,0.37,0.4,0.24,0.36,0.22,0.55,0.24,0.17,0.68,0.15,0.27,0.51,0.22,0.2,0.65,0.15,0.04,0.56,0.39,0.09,0.52,0.39,0.04,0.48,0.48,0.09,0.57,0.35,0.27,0.47,0.26,0.29,0.47,0.24,12.3,4.8,0.5,6.9,6.63,1.1,0.3,0.7,0.1,6.63,387.2,27.3,28.0,278.2,53.7,6.63,9.0,1.9,7.1,6.63,0.2,0.0,0.2,0.1,0.0,0.4,0.8,6.63,7.6,9.0,16.6,6.63,19.0,10.7,29.7,6.63,10.7,6.63,19.1,6.63,3.1,0.8,7.4,6.63,1.6,6.63,11.9,13.4,6.63,1.6,0.1,6.63,2.3,0.3,1.0,1.0,6.63,17.7,9.6,6.63,26.2,11.7,14.4,6.63,11.2,5.3,0.5,5.4,6.4,0.8,0.1,0.6,0.1,6.4,415.2,28.7,30.1,306.4,50.1,6.4,7.9,1.7,6.2,6.4,0.1,0.0,0.1,0.0,0.0,0.2,0.3,6.4,7.6,7.3,14.9,6.4,17.6,11.8,29.5,6.4,10.9,6.4,20.5,6.4,2.9,1.0,7.9,6.4,1.3,6.4,10.4,11.6,6.4,1.7,0.1,6.4,2.3,0.3,1.4,0.6,6.4,16.3,7.9,6.4,25.2,11.5,13.7,6.4,Ligue_1,2021-2022
Lyon,42,15.3,0.592,0.867,13.3,6.88,26,1,24,13.8,0.583,0.853,11.7,6.68,35,5,10.7,17.3,11.2,10.3,1.8,6.88,13.7,16.0,9.7,12.6,1.5,6.68,15.3,6.2,13.0,11.4,6.88,13.8,4.6,12.7,10.9,6.68,39.4,40.0,0.6,291.0,0.14,6.88,22.91,24.0,1.09,203.0,0.11,6.88,30.95,24.0,-6.95,263.0,0.12,6.68,33.78,24.0,-9.78,261.0,0.13,6.68,28,1,5,6,2,13,2,6,3,1,17,2,3,2,0,11,3,6,4,2,16,3,47,550,15,1,49,360,14,2,53,505,17,2,54,339,23,0,0,4,28,5,0,9,0.38,0.27,0.35,0.35,0.29,0.36,0.17,0.68,0.16,0.2,0.63,0.18,0.16,0.7,0.15,0.2,0.65,0.14,0.07,0.64,0.29,0.06,0.58,0.35,0.1,0.55,0.35,0.09,0.55,0.36,0.25,0.47,0.29,0.27,0.45,0.28,15.3,4.5,1.0,9.8,6.88,2.2,0.4,1.6,0.1,6.88,593.2,27.3,20.1,486.9,58.9,6.88,12.1,2.0,10.1,6.88,0.3,0.1,0.4,0.0,0.0,0.7,1.4,6.88,8.5,13.0,21.5,6.88,17.3,8.2,25.4,6.88,11.2,6.88,13.6,6.88,2.4,1.6,7.5,6.88,1.8,6.88,11.4,10.3,6.88,1.4,0.1,6.88,3.0,0.3,1.6,1.2,6.88,18.2,10.9,6.88,23.6,13.3,10.3,6.88,13.8,4.9,1.4,7.6,6.68,1.3,0.4,0.8,0.1,6.68,553.4,29.4,23.1,442.5,58.5,6.68,10.1,1.5,8.6,6.68,0.3,0.1,0.2,0.1,0.0,0.5,0.9,6.68,8.6,12.7,21.3,6.68,16.0,9.5,25.5,6.68,9.7,6.68,16.5,6.68,2.4,1.3,7.9,6.68,1.5,6.68,10.9,12.6,6.68,1.8,0.3,6.68,3.6,0.1,2.3,1.2,6.68,18.9,10.5,6.68,23.3,11.7,11.6,6.68,Ligue_1,2021-2022
Marseille,33,15.3,0.651,0.888,10.4,6.72,26,2,30,11.0,0.59,0.876,9.4,6.7,35,1,8.6,14.5,8.4,9.3,1.7,6.72,8.9,14.7,8.8,8.9,1.5,6.7,15.3,4.7,8.1,11.6,6.72,11.0,4.1,8.1,12.5,6.7,34.67,32.0,-2.67,290.0,0.12,6.72,22.37,22.0,-0.37,163.0,0.14,6.72,24.95,29.0,4.05,209.0,0.12,6.7,19.21,15.0,-4.21,169.0,0.11,6.7,20,2,4,6,1,10,1,8,3,0,16,2,7,4,1,10,1,3,1,1,19,2,46,579,13,1,48,286,14,1,55,538,14,2,47,361,17,1,0,10,23,2,0,12,0.33,0.27,0.4,0.34,0.24,0.42,0.16,0.69,0.15,0.15,0.63,0.21,0.19,0.62,0.19,0.16,0.62,0.22,0.07,0.56,0.37,0.12,0.56,0.31,0.06,0.56,0.38,0.05,0.56,0.4,0.22,0.46,0.31,0.27,0.48,0.25,15.3,5.6,1.1,8.6,6.72,1.7,0.1,1.3,0.3,6.72,620.9,28.5,17.2,522.8,52.5,6.72,11.7,2.1,9.6,6.72,0.2,0.1,0.2,0.0,0.0,0.7,1.1,6.72,7.2,8.1,15.2,6.72,14.5,6.8,21.3,6.72,8.4,6.72,9.4,6.72,1.3,1.0,5.7,6.72,1.7,6.72,11.6,9.3,6.72,1.4,0.1,6.72,2.4,0.4,1.4,0.7,6.72,14.2,8.6,6.72,18.3,10.4,7.9,6.72,11.0,4.2,0.7,6.1,6.7,1.6,0.3,1.2,0.1,6.7,587.8,30.2,23.9,484.8,48.9,6.7,8.6,1.2,7.4,6.7,0.3,0.2,0.2,0.0,0.0,0.6,1.1,6.7,6.8,8.1,14.9,6.7,14.7,7.4,22.1,6.7,8.8,6.7,12.2,6.7,2.1,1.2,4.7,6.7,1.5,6.7,12.5,8.9,6.7,1.8,0.1,6.7,1.5,0.0,1.1,0.5,6.7,15.8,8.6,6.7,18.6,9.4,9.2,6.7,Ligue_1,2021-2022
Metz,21,10.6,0.445,0.803,13.9,6.55,43,7,14,8.9,0.408,0.769,14.4,6.49,47,2,14.7,16.5,13.3,13.5,1.4,6.55,14.9,21.0,13.4,13.6,1.2,6.49,10.6,3.3,8.3,10.4,6.55,8.9,2.8,9.3,11.5,6.49,15.31,20.0,4.69,201.0,0.08,6.55,30.03,30.0,-0.03,280.0,0.11,6.55,14.87,13.0,-1.87,170.0,0.09,6.49,36.41,37.0,0.59,283.0,0.13,6.49,11,1,8,0,1,21,1,7,1,1,7,2,3,1,1,26,0,7,4,1,15,1,56,344,19,2,54,444,16,1,55,300,22,2,51,464,32,2,0,17,37,3,0,10,0.33,0.26,0.41,0.34,0.25,0.41,0.14,0.66,0.19,0.19,0.61,0.2,0.18,0.64,0.18,0.15,0.68,0.17,0.06,0.43,0.51,0.07,0.54,0.39,0.05,0.54,0.42,0.07,0.62,0.3,0.29,0.48,0.23,0.31,0.46,0.23,10.6,5.4,0.6,4.5,6.55,1.1,0.3,0.6,0.2,6.55,393.8,26.6,27.9,289.7,49.5,6.55,8.1,2.1,6.1,6.55,0.4,0.1,0.1,0.1,0.0,0.4,0.8,6.55,7.7,8.3,16.0,6.55,16.5,8.7,25.2,6.55,13.3,6.55,18.1,6.55,3.1,1.5,9.3,6.55,1.4,6.55,10.4,13.5,6.55,2.3,0.4,6.55,3.1,0.1,1.4,1.5,6.55,18.7,9.1,6.55,27.1,13.9,13.2,6.55,8.9,3.7,0.4,4.8,6.49,0.7,0.2,0.4,0.1,6.49,348.6,22.8,30.3,245.3,50.3,6.49,6.4,1.5,4.8,6.49,0.2,0.0,0.0,0.0,0.0,0.3,0.5,6.49,6.7,9.3,16.1,6.49,21.0,9.6,30.6,6.49,13.4,6.49,21.1,6.49,4.2,1.5,7.2,6.49,1.2,6.49,11.5,13.6,6.49,2.5,0.1,6.49,2.8,0.1,1.8,0.9,6.49,18.7,10.1,6.49,29.5,14.4,15.1,6.49,Ligue_1,2021-2022
Monaco,38,13.6,0.565,0.817,15.3,6.8,34,3,27,10.3,0.513,0.807,13.6,6.61,44,1,10.0,20.1,10.9,13.6,2.8,6.8,12.0,19.2,11.4,12.5,2.1,6.61,13.6,5.1,9.6,11.4,6.8,10.3,3.6,9.6,10.1,6.61,32.65,37.0,4.35,258.0,0.13,6.8,19.12,15.0,-4.12,190.0,0.1,6.8,27.36,25.0,-2.36,196.0,0.14,6.61,23.77,22.0,-1.77,228.0,0.1,6.61,25,2,2,8,1,10,0,2,3,1,19,2,3,1,2,11,1,5,5,2,21,2,57,450,12,1,57,337,16,2,57,435,16,1,62,404,28,2,0,9,34,1,0,11,0.36,0.25,0.38,0.38,0.25,0.36,0.15,0.72,0.13,0.23,0.59,0.19,0.24,0.62,0.14,0.21,0.58,0.2,0.09,0.57,0.34,0.05,0.53,0.42,0.1,0.57,0.33,0.05,0.54,0.4,0.22,0.47,0.32,0.25,0.45,0.3,13.6,4.7,1.2,7.7,6.8,2.0,0.4,1.5,0.1,6.8,501.7,27.9,27.9,382.2,63.7,6.8,10.1,1.6,8.5,6.8,0.5,0.0,0.2,0.1,0.0,0.6,1.3,6.8,7.3,9.6,16.9,6.8,20.1,9.8,29.8,6.8,10.9,6.8,10.7,6.8,2.9,0.4,7.3,6.8,2.8,6.8,11.4,13.6,6.8,1.8,0.2,6.8,2.5,0.1,1.4,1.1,6.8,17.8,7.5,6.8,28.9,15.3,13.6,6.8,10.3,3.4,1.0,5.9,6.61,1.4,0.5,0.8,0.1,6.61,486.7,26.5,29.6,366.4,64.2,6.61,8.2,1.3,6.8,6.61,0.2,0.0,0.3,0.0,0.0,0.6,1.1,6.61,7.8,9.6,17.4,6.61,19.2,10.0,29.2,6.61,11.4,6.61,13.7,6.61,2.5,1.0,7.2,6.61,2.1,6.61,10.1,12.5,6.61,2.3,0.1,6.61,2.9,0.2,1.4,1.4,6.61,16.6,9.4,6.61,26.6,13.6,13.0,6.61,Ligue_1,2021-2022
Montpellier,27,14.4,0.495,0.801,12.3,6.65,35,2,22,8.6,0.462,0.808,11.2,6.47,34,7,13.2,17.7,9.2,11.2,1.3,6.65,18.5,15.2,9.6,10.4,1.5,6.47,14.4,5.1,8.1,11.8,6.65,8.6,3.3,8.6,12.6,6.47,26.84,26.0,-0.84,273.0,0.1,6.65,21.42,26.0,4.58,250.0,0.09,6.65,15.67,22.0,6.33,164.0,0.1,6.47,36.25,34.0,-2.25,352.0,0.1,6.47,16,2,7,1,1,20,0,4,2,0,14,3,3,2,0,27,2,2,3,1,22,1,55,372,17,1,58,381,15,1,57,369,23,1,52,438,31,3,0,4,29,1,0,14,0.38,0.22,0.4,0.41,0.19,0.4,0.19,0.6,0.21,0.23,0.6,0.17,0.24,0.57,0.2,0.21,0.64,0.16,0.1,0.47,0.44,0.04,0.48,0.48,0.07,0.4,0.53,0.07,0.55,0.38,0.29,0.43,0.28,0.33,0.44,0.24,14.4,6.3,1.4,6.7,6.65,1.4,0.3,0.9,0.2,6.65,420.1,26.8,26.9,309.6,56.7,6.65,9.6,2.2,7.4,6.65,0.3,0.1,0.1,0.1,0.0,0.6,0.9,6.65,8.2,8.1,16.2,6.65,17.7,11.4,29.1,6.65,9.2,6.65,15.5,6.65,2.3,1.2,5.7,6.65,1.3,6.65,11.8,11.2,6.65,1.8,0.1,6.65,3.9,0.1,1.6,2.3,6.65,15.9,9.3,6.65,27.6,12.3,15.3,6.65,8.6,4.6,0.6,3.5,6.47,1.2,0.3,0.6,0.2,6.47,419.5,27.7,29.1,311.1,51.6,6.47,5.7,1.3,4.5,6.47,0.2,0.1,0.1,0.0,0.0,0.5,0.7,6.47,6.3,8.6,14.8,6.47,15.2,10.4,25.6,6.47,9.6,6.47,18.2,6.47,4.8,1.3,6.4,6.47,1.5,6.47,12.6,10.4,6.47,1.8,0.4,6.47,4.2,0.2,2.1,1.9,6.47,18.2,8.6,6.47,25.7,11.2,14.5,6.47,Ligue_1,2021-2022
Nantes,33,13.0,0.443,0.8,15.3,6.73,36,2,22,9.4,0.422,0.772,16.6,6.56,40,2,11.6,16.6,10.7,12.8,1.3,6.73,13.4,19.5,11.2,13.5,1.6,6.56,13.0,5.1,8.9,10.3,6.73,9.4,3.2,8.6,9.3,6.56,28.7,31.0,2.3,247.0,0.12,6.73,27.78,20.0,-7.78,220.0,0.13,6.73,17.41,22.0,4.59,178.0,0.1,6.56,25.63,27.0,1.37,254.0,0.1,6.56,19,4,5,3,2,18,0,2,0,0,14,0,6,2,0,17,2,4,4,1,20,1,59,341,15,1,53,459,18,1,61,322,19,1,51,479,31,3,0,5,34,2,0,7,0.39,0.25,0.36,0.39,0.23,0.39,0.17,0.66,0.16,0.16,0.69,0.15,0.19,0.62,0.19,0.22,0.6,0.18,0.09,0.57,0.34,0.09,0.59,0.33,0.06,0.65,0.3,0.04,0.61,0.35,0.25,0.45,0.3,0.27,0.47,0.26,13.0,4.5,1.2,7.4,6.73,1.7,0.3,1.1,0.2,6.73,395.3,28.3,29.8,287.9,49.2,6.73,9.8,1.4,8.4,6.73,0.5,0.1,0.0,0.1,0.0,0.7,1.2,6.73,9.1,8.9,18.1,6.73,16.6,11.2,27.8,6.73,10.7,6.73,16.9,6.73,3.6,1.0,7.7,6.73,1.3,6.73,10.3,12.8,6.73,1.9,0.1,6.73,2.9,0.2,1.7,1.1,6.73,15.3,8.8,6.73,29.6,15.3,14.4,6.73,9.4,2.8,0.5,6.1,6.56,1.2,0.2,0.9,0.1,6.56,378.2,25.1,34.4,266.9,51.8,6.56,7.4,1.9,5.5,6.56,0.3,0.2,0.0,0.0,0.0,0.4,0.7,6.56,8.9,8.6,17.5,6.56,19.5,10.9,30.4,6.56,11.2,6.56,18.4,6.56,3.5,1.1,7.2,6.56,1.6,6.56,9.3,13.5,6.56,2.1,0.1,6.56,2.8,0.1,1.7,1.0,6.56,15.6,9.7,6.56,32.6,16.6,16.0,6.56,Ligue_1,2021-2022
Nice,27,13.6,0.557,0.853,14.4,6.68,36,0,25,10.2,0.47,0.816,14.0,6.74,41,6,9.5,16.2,10.4,11.7,1.6,6.68,13.4,15.9,12.8,12.3,1.2,6.74,13.6,4.5,9.4,10.4,6.68,10.2,3.6,11.0,9.1,6.74,31.58,27.0,-4.58,259.0,0.12,6.68,20.82,21.0,0.18,180.0,0.12,6.68,27.08,25.0,-2.08,193.0,0.14,6.74,24.12,15.0,-9.12,254.0,0.09,6.74,20,1,2,4,0,15,2,3,1,0,13,1,7,4,0,9,1,2,3,0,21,1,45,480,13,1,57,366,18,1,50,386,22,1,59,432,24,8,0,4,30,2,0,17,0.35,0.26,0.39,0.38,0.27,0.36,0.15,0.69,0.16,0.17,0.65,0.18,0.13,0.69,0.17,0.2,0.65,0.14,0.04,0.68,0.28,0.08,0.58,0.33,0.13,0.48,0.39,0.07,0.51,0.43,0.22,0.49,0.3,0.3,0.45,0.26,13.6,3.8,0.6,9.3,6.68,1.4,0.1,1.2,0.1,6.68,520.0,22.5,21.8,420.8,54.9,6.68,10.5,2.2,8.3,6.68,0.2,0.0,0.2,0.0,0.0,0.7,1.1,6.68,8.8,9.4,18.2,6.68,16.2,7.1,23.3,6.68,10.4,6.68,10.4,6.68,2.6,0.7,6.2,6.68,1.6,6.68,10.4,11.7,6.68,1.9,0.0,6.68,2.0,0.1,1.3,0.6,6.68,15.8,9.5,6.68,25.8,14.4,11.4,6.68,10.2,3.9,1.4,4.8,6.74,1.3,0.4,0.6,0.3,6.74,432.4,24.0,25.5,328.8,54.2,6.74,7.1,0.9,6.2,6.74,0.2,0.1,0.2,0.1,0.0,0.5,0.8,6.74,7.6,11.0,18.6,6.74,15.9,7.4,23.3,6.74,12.8,6.74,19.4,6.74,3.6,1.4,8.2,6.74,1.2,6.74,9.1,12.3,6.74,2.2,0.3,6.74,3.8,0.2,2.0,1.6,6.74,17.6,8.9,6.74,27.9,14.0,13.9,6.74,Ligue_1,2021-2022
Paris Saint-Germain,49,15.8,0.622,0.91,6.9,6.98,35,1,41,13.8,0.644,0.903,7.2,6.82,43,3,9.5,16.6,9.1,9.4,2.9,6.98,12.2,15.4,6.9,9.4,1.9,6.82,15.8,5.9,13.6,11.6,6.98,13.8,5.6,12.2,10.3,6.82,40.93,47.0,6.07,300.0,0.14,6.98,17.31,12.0,-5.31,180.0,0.1,6.98,36.92,41.0,4.08,263.0,0.14,6.82,22.61,23.0,0.39,231.0,0.1,6.82,34,3,5,5,2,10,0,1,1,0,32,2,5,2,0,15,2,4,2,1,12,2,37,627,14,1,47,352,12,3,37,640,15,1,44,322,23,4,0,9,25,4,0,18,0.39,0.29,0.33,0.39,0.31,0.3,0.21,0.66,0.14,0.22,0.58,0.2,0.17,0.7,0.14,0.25,0.54,0.22,0.09,0.57,0.34,0.06,0.47,0.47,0.07,0.58,0.35,0.03,0.57,0.4,0.24,0.46,0.31,0.24,0.45,0.31,15.8,5.3,1.4,9.1,6.98,2.6,0.6,1.6,0.3,6.98,658.6,24.9,11.6,574.5,47.7,6.98,12.2,1.4,10.8,6.98,0.3,0.0,0.4,0.0,0.0,1.1,1.7,6.98,10.3,13.6,23.9,6.98,16.6,9.1,25.7,6.98,9.1,6.98,9.7,6.98,2.7,0.9,5.9,6.98,2.9,6.98,11.6,9.4,6.98,1.8,0.1,6.98,2.5,0.1,1.4,1.1,6.98,14.5,10.9,6.98,12.6,6.9,5.7,6.98,13.8,4.8,1.0,8.0,6.82,2.2,0.3,1.5,0.3,6.82,671.6,25.1,11.3,581.3,53.9,6.82,10.6,1.6,9.1,6.82,0.4,0.1,0.3,0.1,0.0,0.9,1.7,6.82,9.8,12.2,21.9,6.82,15.4,7.2,22.5,6.82,6.9,6.82,12.0,6.82,2.9,0.8,5.8,6.82,1.9,6.82,10.3,9.4,6.82,2.3,0.2,6.82,3.2,0.0,1.9,1.2,6.82,14.7,7.4,6.82,13.3,7.2,6.1,6.82,Ligue_1,2021-2022
Reims,25,11.0,0.441,0.795,11.4,6.6,24,2,18,9.8,0.392,0.773,12.5,6.6,37,5,12.4,16.2,13.2,11.7,2.5,6.6,14.6,16.2,12.8,11.9,1.5,6.6,11.0,3.9,9.1,11.5,6.6,9.8,3.7,8.3,12.2,6.6,19.85,25.0,5.15,209.0,0.09,6.6,20.48,23.0,2.52,235.0,0.09,6.6,19.65,17.0,-2.65,186.0,0.11,6.6,28.6,21.0,-7.6,278.0,0.1,6.6,13,1,8,3,0,16,1,4,2,0,12,1,3,1,1,9,2,7,3,0,19,1,53,347,19,1,56,454,14,0,58,299,24,1,59,489,23,0,0,5,32,0,0,12,0.41,0.23,0.36,0.4,0.22,0.38,0.28,0.59,0.13,0.18,0.65,0.17,0.19,0.66,0.15,0.18,0.67,0.15,0.03,0.58,0.38,0.07,0.48,0.45,0.07,0.61,0.32,0.09,0.54,0.37,0.29,0.45,0.27,0.33,0.44,0.23,11.0,4.2,0.4,6.4,6.6,1.3,0.2,0.7,0.4,6.6,392.4,25.4,26.0,286.4,54.6,6.6,8.5,1.4,7.2,6.6,0.3,0.1,0.0,0.1,0.0,0.5,0.7,6.6,7.2,9.1,16.2,6.6,16.2,7.6,23.7,6.6,13.2,6.6,15.6,6.6,3.7,1.4,9.1,6.6,2.5,6.6,11.5,11.7,6.6,1.3,0.1,6.6,2.3,0.2,1.3,0.8,6.6,18.0,8.5,6.6,24.2,11.4,12.8,6.6,9.8,3.2,0.6,6.0,6.6,0.9,0.2,0.7,0.0,6.6,350.2,26.6,29.7,243.9,49.9,6.6,7.6,0.9,6.7,6.6,0.3,0.1,0.0,0.1,0.0,0.4,0.7,6.6,6.8,8.3,15.1,6.6,16.2,10.5,26.7,6.6,12.8,6.6,22.1,6.6,4.4,1.7,7.1,6.6,1.5,6.6,12.2,11.9,6.6,1.9,0.3,6.6,3.8,0.2,2.5,1.2,6.6,18.9,8.6,6.6,26.3,12.5,13.8,6.6,Ligue_1,2021-2022
Rennes,50,16.3,0.591,0.856,14.7,6.9,24,1,32,12.7,0.533,0.829,14.7,6.66,30,1,7.1,13.5,8.5,11.1,1.5,6.9,11.7,15.3,8.0,11.7,1.6,6.66,16.3,5.8,7.1,9.9,6.9,12.7,4.8,8.1,9.9,6.66,37.21,50.0,12.79,310.0,0.12,6.9,15.18,13.0,-2.18,134.0,0.11,6.9,26.43,31.0,4.57,242.0,0.11,6.66,25.89,26.0,0.11,222.0,0.12,6.66,29,6,12,3,0,9,1,1,2,0,25,1,4,1,1,18,1,4,3,1,20,1,59,491,15,1,56,324,17,1,59,430,22,1,60,362,19,1,0,5,25,2,0,5,0.38,0.25,0.37,0.37,0.24,0.39,0.14,0.71,0.15,0.22,0.65,0.13,0.14,0.71,0.15,0.19,0.67,0.14,0.1,0.59,0.31,0.11,0.48,0.41,0.1,0.58,0.33,0.1,0.55,0.35,0.22,0.46,0.31,0.28,0.45,0.27,16.3,5.1,1.6,9.6,6.9,2.6,0.4,2.1,0.2,6.9,545.6,36.5,22.1,430.7,56.3,6.9,12.2,2.0,10.2,6.9,0.6,0.1,0.2,0.0,0.0,1.1,1.8,6.9,6.5,7.1,13.6,6.9,13.5,7.3,20.7,6.9,8.5,6.9,13.0,6.9,1.8,1.6,6.1,6.9,1.5,6.9,9.9,11.1,6.9,1.3,0.1,6.9,1.4,0.3,0.6,0.5,6.9,14.6,7.2,6.9,27.2,14.7,12.4,6.9,12.7,4.2,1.2,7.4,6.66,1.7,0.2,1.2,0.2,6.66,483.8,32.1,26.8,369.2,55.7,6.66,10.4,2.3,8.1,6.66,0.4,0.1,0.1,0.1,0.0,0.9,1.4,6.66,6.3,8.1,14.3,6.66,15.3,7.9,23.2,6.66,8.0,6.66,18.1,6.66,3.0,1.7,7.4,6.66,1.6,6.66,9.9,11.7,6.66,1.6,0.1,6.66,2.2,0.3,1.3,0.6,6.66,16.3,6.9,6.66,30.6,14.7,15.9,6.66,Ligue_1,2021-2022
Saint-Etienne,24,13.2,0.5,0.799,13.0,6.53,27,1,18,9.9,0.467,0.793,11.9,6.41,52,4,10.9,17.8,12.1,10.7,1.6,6.53,13.3,18.8,11.7,13.7,1.1,6.41,13.2,4.5,11.3,10.7,6.53,9.9,3.5,9.6,12.5,6.41,24.37,24.0,-0.37,251.0,0.1,6.53,29.64,35.0,5.36,207.0,0.14,6.53,16.5,17.0,0.5,188.0,0.09,6.41,32.97,38.0,5.03,253.0,0.13,6.41,8,1,11,4,0,25,2,6,2,3,13,1,2,1,1,24,1,7,6,1,22,1,57,383,13,2,58,389,15,1,58,358,17,1,56,419,21,1,0,6,38,4,0,15,0.41,0.21,0.38,0.4,0.2,0.4,0.25,0.56,0.18,0.19,0.67,0.14,0.24,0.52,0.24,0.16,0.69,0.15,0.07,0.5,0.43,0.1,0.61,0.29,0.04,0.52,0.44,0.07,0.62,0.32,0.27,0.45,0.28,0.27,0.49,0.24,13.2,5.6,0.9,6.6,6.53,1.3,0.4,0.7,0.2,6.53,434.4,27.5,28.8,319.6,58.5,6.53,9.2,1.5,7.7,6.53,0.3,0.3,0.0,0.1,0.0,0.3,0.6,6.53,9.2,11.3,20.5,6.53,17.8,8.9,26.7,6.53,12.1,6.53,15.2,6.53,2.2,0.9,8.4,6.53,1.6,6.53,10.7,10.7,6.53,1.4,0.1,6.53,3.0,0.2,2.1,0.7,6.53,18.2,9.8,6.53,29.5,13.0,16.5,6.53,9.9,4.3,0.4,5.2,6.41,0.9,0.2,0.6,0.1,6.41,409.6,25.3,31.6,299.6,53.1,6.41,7.2,1.2,6.1,6.41,0.3,0.1,0.1,0.0,0.0,0.3,0.7,6.41,8.8,9.6,18.4,6.41,18.8,9.1,27.9,6.41,11.7,6.41,13.2,6.41,2.7,1.2,7.6,6.41,1.1,6.41,12.5,13.7,6.41,2.7,0.2,6.41,3.1,0.2,1.7,1.2,6.41,20.0,11.1,6.41,28.0,11.9,16.1,6.41,Ligue_1,2021-2022
Strasbourg,36,13.4,0.516,0.812,18.1,6.78,39,1,24,11.7,0.464,0.796,16.7,6.64,31,2,10.1,17.4,10.9,13.5,1.3,6.78,11.6,17.4,11.8,12.7,1.9,6.64,13.4,4.4,7.9,10.9,6.78,11.7,4.1,6.4,10.1,6.64,32.91,33.0,0.09,255.0,0.13,6.78,19.87,18.0,-1.87,192.0,0.1,6.78,26.94,23.0,-3.94,223.0,0.12,6.64,24.3,24.0,-0.3,221.0,0.11,6.64,22,0,8,3,3,13,1,2,2,0,14,1,5,3,1,16,1,5,2,1,23,1,60,410,15,1,60,387,19,1,60,365,18,1,59,435,29,1,0,10,26,2,0,6,0.38,0.25,0.37,0.37,0.26,0.38,0.14,0.74,0.11,0.18,0.65,0.18,0.11,0.78,0.11,0.27,0.59,0.14,0.1,0.58,0.32,0.09,0.51,0.4,0.09,0.57,0.34,0.08,0.56,0.37,0.23,0.46,0.31,0.27,0.46,0.28,13.4,4.3,1.4,7.8,6.78,1.9,0.5,1.1,0.2,6.78,465.8,31.5,27.7,346.9,59.6,6.78,9.9,1.8,8.1,6.78,0.5,0.1,0.2,0.0,0.0,0.6,1.3,6.78,5.9,7.9,13.8,6.78,17.4,8.7,26.1,6.78,10.9,6.78,13.2,6.78,2.1,1.3,6.6,6.78,1.3,6.78,10.9,13.5,6.78,2.1,0.1,6.78,2.2,0.1,1.3,0.8,6.78,15.0,9.3,6.78,31.8,18.1,13.8,6.78,11.7,4.0,1.1,6.6,6.64,1.3,0.3,0.9,0.1,6.64,420.3,30.5,29.0,304.1,56.7,6.64,8.4,1.6,6.7,6.64,0.3,0.0,0.1,0.1,0.0,0.4,0.8,6.64,6.0,6.4,12.4,6.64,17.4,8.8,26.2,6.64,11.8,6.64,15.4,6.64,2.9,1.1,8.5,6.64,1.9,6.64,10.1,12.7,6.64,1.6,0.1,6.64,2.5,0.2,1.4,0.9,6.64,16.0,6.5,6.64,31.3,16.7,14.6,6.64,Ligue_1,2021-2022
Troyes,19,11.5,0.463,0.814,12.6,6.6,31,3,18,8.8,0.418,0.783,9.9,6.43,38,3,10.1,15.9,10.6,10.6,1.6,6.6,14.2,17.6,12.0,12.6,1.2,6.43,11.5,3.4,8.7,12.4,6.6,8.8,3.4,8.1,12.5,6.43,23.05,18.0,-5.05,218.0,0.11,6.6,19.47,18.0,-1.47,192.0,0.1,6.6,18.88,17.0,-1.88,168.0,0.11,6.43,33.04,33.0,-0.04,270.0,0.12,6.43,9,1,4,4,1,10,1,3,4,1,12,0,3,2,1,17,1,9,6,1,22,1,52,371,18,2,56,442,15,1,54,330,19,2,50,486,25,1,0,10,31,1,0,10,0.35,0.24,0.4,0.39,0.24,0.37,0.19,0.66,0.15,0.17,0.66,0.17,0.2,0.67,0.12,0.17,0.7,0.13,0.05,0.53,0.41,0.07,0.53,0.4,0.07,0.51,0.43,0.1,0.5,0.4,0.28,0.45,0.28,0.32,0.46,0.22,11.5,4.8,0.6,6.1,6.6,1.0,0.1,0.7,0.1,6.6,417.6,27.1,24.4,312.8,53.4,6.6,8.8,2.3,6.5,6.6,0.3,0.1,0.0,0.0,0.0,0.3,0.6,6.6,6.7,8.7,15.4,6.6,15.9,8.6,24.5,6.6,10.6,6.6,15.8,6.6,2.5,1.3,7.2,6.6,1.6,6.6,12.4,10.6,6.6,1.6,0.2,6.6,2.5,0.2,1.2,1.1,6.6,13.7,8.4,6.6,25.1,12.6,12.5,6.6,8.8,3.8,0.6,4.5,6.43,0.9,0.2,0.5,0.2,6.43,378.1,24.1,28.6,272.0,53.4,6.43,6.3,1.2,5.1,6.43,0.1,0.1,0.2,0.0,0.0,0.3,0.6,6.43,7.4,8.1,15.4,6.43,17.6,9.3,26.9,6.43,12.0,6.43,16.8,6.43,3.1,1.3,6.9,6.43,1.2,6.43,12.5,12.6,6.43,2.0,0.2,6.43,3.2,0.2,1.6,1.5,6.43,17.2,8.6,6.43,22.4,9.9,12.5,6.43,Ligue_1,2021-2022
Arsenal,48,18.9,0.587,0.874,13.6,6.88,34,1,43,15.6,0.581,0.863,13.5,6.86,28,1,7.3,15.7,8.5,10.3,2.5,6.88,9.7,16.4,6.9,10.3,2.1,6.86,18.9,6.7,7.3,9.4,6.88,15.6,5.3,7.6,11.4,6.86,47.79,45.0,-2.79,360.0,0.13,6.88,15.38,15.0,-0.38,138.0,0.11,6.88,36.71,41.0,4.29,297.0,0.12,6.86,17.47,13.0,-4.47,185.0,0.09,6.86,26,4,11,4,3,8,3,4,0,1,23,3,9,6,2,8,0,3,2,0,19,3,40,528,11,1,52,350,17,3,43,506,15,1,53,342,23,0,0,12,20,0,0,10,0.33,0.27,0.4,0.33,0.25,0.42,0.15,0.67,0.18,0.27,0.65,0.08,0.16,0.66,0.18,0.17,0.65,0.18,0.13,0.58,0.29,0.09,0.53,0.38,0.11,0.6,0.29,0.06,0.53,0.41,0.21,0.4,0.39,0.26,0.4,0.34,18.9,5.5,2.4,11.1,6.88,2.5,0.4,1.8,0.2,6.88,563.4,17.9,21.1,474.3,50.1,6.88,14.7,1.6,13.2,6.88,0.5,0.3,0.3,0.0,0.0,1.0,1.8,6.88,9.5,7.3,16.8,6.88,15.7,6.2,21.9,6.88,8.5,6.88,10.8,6.88,2.1,0.9,8.4,6.88,2.5,6.88,9.4,10.3,6.88,1.8,0.1,6.88,1.5,0.1,0.8,0.6,6.88,13.2,9.2,6.88,28.0,13.6,14.4,6.88,15.6,4.5,1.8,9.4,6.86,2.3,0.5,1.5,0.2,6.86,544.6,20.3,22.5,449.5,52.3,6.86,12.3,1.8,10.5,6.86,0.5,0.1,0.1,0.2,0.1,0.8,1.5,6.86,10.9,7.6,18.5,6.86,16.4,8.2,24.5,6.86,6.9,6.86,14.5,6.86,3.5,1.1,7.7,6.86,2.1,6.86,11.4,10.3,6.86,1.5,0.1,6.86,1.4,0.2,0.6,0.6,6.86,14.4,10.6,6.86,25.9,13.5,12.4,6.86,Premier_League,2023-2024
Aston Villa,48,14.8,0.535,0.858,8.9,6.75,48,1,28,12.3,0.52,0.854,8.9,6.59,46,1,10.7,14.4,5.5,11.1,1.3,6.75,13.2,14.4,6.9,10.6,1.2,6.59,14.8,5.6,9.1,13.5,6.75,12.3,4.5,9.1,11.4,6.59,38.53,44.0,5.47,281.0,0.14,6.75,28.61,25.0,-3.61,204.0,0.14,6.75,28.99,28.0,-0.99,234.0,0.12,6.59,35.76,32.0,-3.76,251.0,0.14,6.59,32,3,5,4,4,18,0,6,1,3,15,4,9,0,0,21,1,10,0,1,17,2,43,433,13,3,44,372,18,2,44,428,16,4,45,394,30,4,0,15,31,6,0,10,0.35,0.29,0.36,0.36,0.31,0.34,0.16,0.65,0.19,0.22,0.61,0.17,0.11,0.7,0.19,0.21,0.65,0.13,0.08,0.63,0.29,0.1,0.59,0.31,0.1,0.6,0.29,0.12,0.63,0.25,0.28,0.42,0.29,0.32,0.41,0.27,14.8,4.3,1.2,9.3,6.75,2.5,0.4,1.5,0.4,6.75,471.8,20.3,21.6,384.5,45.4,6.75,11.3,1.4,9.9,6.75,0.3,0.0,0.1,0.1,0.0,1.3,1.7,6.75,11.1,9.1,20.2,6.75,14.4,8.3,22.7,6.75,5.5,6.75,13.3,6.75,3.1,1.1,7.7,6.75,1.3,6.75,13.5,11.1,6.75,2.5,0.1,6.75,2.4,0.2,1.3,0.9,6.75,11.5,11.0,6.75,18.4,8.9,9.4,6.75,12.3,3.6,1.3,7.4,6.59,1.5,0.4,1.0,0.1,6.59,469.1,22.1,21.8,378.7,46.5,6.59,9.6,1.8,7.8,6.59,0.4,0.1,0.2,0.1,0.0,0.6,1.2,6.59,10.6,9.1,19.7,6.59,14.4,6.9,21.4,6.59,6.9,6.59,16.3,6.59,2.9,1.0,6.8,6.59,1.2,6.59,11.4,10.6,6.59,2.4,0.1,6.59,3.7,0.5,2.5,0.7,6.59,13.6,10.9,6.59,19.1,8.9,10.1,6.59,Premier_League,2023-2024
Bournemouth,27,14.5,0.451,0.775,14.9,6.66,36,2,27,14.1,0.428,0.767,16.5,6.58,43,1,11.4,18.0,9.5,13.3,1.3,6.66,16.7,18.5,9.3,13.4,1.6,6.58,14.5,5.2,11.1,10.8,6.66,14.1,4.6,9.1,8.9,6.58,31.84,26.0,-5.84,275.0,0.12,6.66,27.34,28.0,0.66,216.0,0.13,6.66,31.82,26.0,-5.82,267.0,0.12,6.58,37.21,38.0,0.79,318.0,0.12,6.58,17,1,7,1,1,20,1,4,3,0,17,4,4,1,1,28,1,6,3,1,21,1,59,327,16,1,53,427,16,1,62,309,18,2,57,441,22,4,0,12,30,2,0,12,0.4,0.24,0.36,0.39,0.27,0.34,0.2,0.63,0.18,0.16,0.7,0.14,0.19,0.7,0.12,0.16,0.7,0.14,0.11,0.54,0.35,0.14,0.54,0.32,0.1,0.57,0.32,0.12,0.56,0.32,0.27,0.39,0.33,0.31,0.41,0.29,14.5,5.1,1.6,7.8,6.66,1.4,0.5,0.7,0.2,6.66,381.4,23.2,35.3,272.3,50.7,6.66,11.2,1.5,9.6,6.66,0.3,0.1,0.0,0.0,0.0,0.7,1.0,6.66,14.3,11.1,25.4,6.66,18.0,8.9,26.9,6.66,9.5,6.66,18.3,6.66,2.9,1.5,9.1,6.66,1.3,6.66,10.8,13.3,6.66,1.9,0.1,6.66,3.1,0.5,1.8,0.8,6.66,16.2,9.5,6.66,31.9,14.9,17.0,6.66,14.1,4.5,1.5,8.1,6.58,1.4,0.4,0.9,0.1,6.58,366.2,24.4,37.3,256.4,48.2,6.58,10.6,1.6,9.0,6.58,0.3,0.1,0.1,0.0,0.0,0.7,1.1,6.58,11.5,9.1,20.5,6.58,18.5,10.2,28.6,6.58,9.3,6.58,23.2,6.58,5.1,1.6,9.4,6.58,1.6,6.58,8.9,13.4,6.58,2.3,0.1,6.58,3.6,0.3,2.2,1.2,6.58,17.3,10.8,6.58,35.3,16.5,18.8,6.58,Premier_League,2023-2024
Brentford,29,13.7,0.473,0.781,17.3,6.6,38,1,27,11.2,0.425,0.75,16.6,6.61,51,1,14.1,16.5,9.6,9.1,1.9,6.6,14.7,19.2,10.3,11.2,1.7,6.61,13.7,4.5,6.5,10.6,6.6,11.2,4.6,6.3,11.4,6.61,34.83,27.0,-7.83,260.0,0.13,6.6,30.91,34.0,3.09,268.0,0.12,6.6,30.35,27.0,-3.35,213.0,0.14,6.61,29.62,31.0,1.38,280.0,0.11,6.61,20,0,6,1,2,25,2,7,0,0,18,3,4,2,0,24,3,2,2,0,19,2,58,374,18,1,52,433,18,2,60,316,22,1,54,458,28,4,0,7,37,2,0,13,0.36,0.26,0.39,0.37,0.26,0.36,0.15,0.74,0.11,0.19,0.66,0.15,0.13,0.74,0.13,0.16,0.68,0.17,0.13,0.6,0.27,0.07,0.53,0.4,0.1,0.63,0.27,0.06,0.56,0.38,0.31,0.4,0.28,0.37,0.38,0.25,13.7,3.7,1.8,8.2,6.6,1.5,0.3,0.8,0.3,6.6,428.4,26.8,30.8,307.6,63.1,6.6,9.2,1.7,7.5,6.6,0.2,0.1,0.2,0.0,0.0,0.6,0.9,6.6,9.5,6.5,16.1,6.6,16.5,10.4,26.8,6.6,9.6,6.6,20.7,6.6,3.8,1.3,9.4,6.6,1.9,6.6,10.6,9.1,6.6,2.0,0.1,6.6,3.2,0.1,1.6,1.4,6.6,14.1,7.7,6.6,32.8,17.3,15.6,6.6,11.2,3.0,1.1,7.1,6.61,1.4,0.4,0.9,0.1,6.61,372.8,23.2,36.1,256.3,57.2,6.61,8.3,1.3,7.1,6.61,0.3,0.1,0.1,0.1,0.0,0.6,1.1,6.61,8.1,6.3,14.3,6.61,19.2,9.6,28.8,6.61,10.3,6.61,24.8,6.61,3.7,1.9,8.1,6.61,1.7,6.61,11.4,11.2,6.61,2.7,0.1,6.61,3.1,0.2,1.6,1.4,6.61,15.2,6.6,6.61,33.4,16.6,16.8,6.61,Premier_League,2023-2024
Brighton,30,15.9,0.603,0.893,11.1,6.62,36,2,25,13.6,0.601,0.886,10.5,6.53,55,1,10.5,15.9,7.7,11.5,1.9,6.62,14.2,17.9,7.5,10.3,2.5,6.53,15.9,5.9,8.0,11.6,6.62,13.6,5.0,7.6,12.3,6.53,35.77,28.0,-7.77,303.0,0.12,6.62,26.67,26.0,-0.67,199.0,0.13,6.62,27.29,22.0,-5.29,258.0,0.11,6.53,33.45,34.0,0.55,269.0,0.12,6.53,20,0,5,3,2,15,4,3,4,1,16,1,3,2,3,22,3,7,2,1,19,1,39,581,12,1,46,363,16,2,41,589,16,2,50,362,25,2,0,11,30,4,0,22,0.42,0.3,0.28,0.39,0.31,0.3,0.2,0.72,0.08,0.19,0.64,0.18,0.22,0.66,0.12,0.19,0.65,0.17,0.09,0.59,0.31,0.09,0.6,0.31,0.06,0.6,0.33,0.13,0.57,0.3,0.27,0.41,0.31,0.31,0.42,0.27,15.9,5.0,1.5,9.5,6.62,1.6,0.5,0.6,0.3,6.62,614.3,21.3,16.7,527.2,49.1,6.62,12.0,2.3,9.7,6.62,0.4,0.1,0.1,0.1,0.0,0.6,1.1,6.62,11.5,8.0,19.5,6.62,15.9,8.4,24.3,6.62,7.7,6.62,13.0,6.62,2.8,1.0,7.1,6.62,1.9,6.62,11.6,11.5,6.62,1.9,0.1,6.62,2.3,0.1,1.3,0.9,6.62,14.8,9.8,6.62,19.4,11.1,8.4,6.62,13.6,4.5,0.8,8.2,6.53,1.3,0.3,0.9,0.0,6.53,625.0,20.6,20.1,533.4,50.9,6.53,10.7,1.1,9.6,6.53,0.3,0.1,0.0,0.0,0.0,0.5,0.8,6.53,10.5,7.6,18.2,6.53,17.9,10.1,28.1,6.53,7.5,6.53,17.1,6.53,4.6,1.1,8.6,6.53,2.5,6.53,12.3,10.3,6.53,2.9,0.1,6.53,3.2,0.3,1.9,0.9,6.53,15.6,8.2,6.53,20.6,10.5,10.1,6.53,Premier_League,2023-2024
Burnley,19,13.4,0.51,0.819,15.9,6.46,27,1,22,9.4,0.428,0.766,14.4,6.48,44,6,13.2,16.5,6.9,10.5,1.9,6.46,19.2,15.4,7.8,12.1,2.1,6.48,13.4,3.8,8.7,9.3,6.46,9.4,3.6,7.1,9.3,6.48,24.75,19.0,-5.75,254.0,0.1,6.46,32.64,40.0,7.36,250.0,0.13,6.46,18.25,21.0,2.75,179.0,0.1,6.48,43.94,35.0,-8.94,365.0,0.12,6.48,15,1,1,2,0,26,2,10,2,3,16,0,4,1,1,25,0,6,4,0,18,1,55,428,14,2,56,409,11,1,64,331,23,2,52,469,21,1,0,6,37,1,0,15,0.38,0.28,0.34,0.4,0.25,0.35,0.17,0.65,0.18,0.17,0.66,0.17,0.21,0.66,0.13,0.19,0.67,0.14,0.07,0.54,0.39,0.11,0.59,0.3,0.07,0.58,0.36,0.09,0.61,0.3,0.26,0.43,0.31,0.35,0.4,0.25,13.4,5.2,1.0,7.2,6.46,1.0,0.0,0.9,0.1,6.46,477.0,22.8,30.7,367.8,55.6,6.46,10.5,1.2,9.4,6.46,0.2,0.1,0.1,0.0,0.0,0.4,0.7,6.46,11.5,8.7,20.2,6.46,16.5,7.0,23.5,6.46,6.9,6.46,16.8,6.46,3.5,0.6,7.5,6.46,1.9,6.46,9.3,10.5,6.46,1.4,0.1,6.46,3.8,0.2,2.5,1.2,6.46,13.6,7.9,6.46,33.7,15.9,17.8,6.46,9.4,3.4,0.6,5.4,6.48,1.2,0.1,0.6,0.4,6.48,388.6,22.7,40.2,274.9,50.9,6.48,6.7,1.1,5.6,6.48,0.1,0.1,0.1,0.0,0.0,0.7,0.9,6.48,9.5,7.1,16.6,6.48,15.4,8.8,24.2,6.48,7.8,6.48,26.5,6.48,5.4,1.4,8.7,6.48,2.1,6.48,9.3,12.1,6.48,2.3,0.3,6.48,5.1,0.3,3.4,1.4,6.48,13.6,7.7,6.48,33.9,14.4,19.5,6.48,Premier_League,2023-2024
Chelsea,44,16.5,0.586,0.873,11.4,6.84,46,2,33,12.4,0.593,0.876,12.2,6.65,59,2,13.6,16.9,8.8,10.6,2.3,6.84,15.7,17.9,6.9,12.8,2.2,6.65,16.5,6.5,11.2,11.4,6.84,12.4,4.8,9.8,12.3,6.65,47.98,44.0,-3.98,313.0,0.15,6.84,26.69,24.0,-2.69,258.0,0.1,6.84,32.2,32.0,-0.2,236.0,0.14,6.65,35.69,36.0,0.31,298.0,0.12,6.65,25,1,9,9,0,17,2,3,2,2,25,2,3,2,1,25,2,8,1,1,16,3,47,531,16,1,49,355,14,3,43,541,20,2,46,345,29,6,0,14,28,5,0,29,0.31,0.28,0.41,0.3,0.29,0.41,0.12,0.65,0.23,0.18,0.63,0.19,0.19,0.63,0.18,0.2,0.67,0.13,0.09,0.59,0.32,0.08,0.59,0.33,0.08,0.54,0.38,0.11,0.55,0.33,0.3,0.4,0.3,0.32,0.41,0.27,16.5,5.3,1.5,9.7,6.84,2.3,0.6,1.4,0.3,6.84,573.8,24.3,22.1,476.9,50.5,6.84,12.7,1.4,11.3,6.84,0.2,0.2,0.2,0.1,0.0,0.9,1.4,6.84,11.7,11.2,22.9,6.84,16.9,9.2,26.1,6.84,8.8,6.84,18.5,6.84,4.0,2.0,7.8,6.84,2.3,6.84,11.4,10.6,6.84,2.4,0.1,6.84,3.1,0.1,1.8,1.2,6.84,15.9,10.3,6.84,21.5,11.4,10.1,6.84,12.4,4.7,1.0,6.7,6.65,1.7,0.3,1.3,0.2,6.65,580.2,22.2,21.2,486.1,50.7,6.65,9.5,1.2,8.3,6.65,0.4,0.1,0.2,0.0,0.0,0.7,1.3,6.65,13.1,9.8,22.8,6.65,17.9,7.0,24.9,6.65,6.9,6.65,20.0,6.65,4.7,1.4,7.1,6.65,2.2,6.65,12.3,12.8,6.65,3.1,0.1,6.65,3.6,0.3,2.0,1.3,6.65,15.8,9.2,6.65,23.7,12.2,11.5,6.65,Premier_League,2023-2024
Crystal Palace,37,13.6,0.448,0.813,13.6,6.78,37,1,20,10.4,0.384,0.767,16.0,6.63,32,1,10.5,21.3,7.8,12.1,1.7,6.78,13.7,20.2,9.2,12.0,2.1,6.63,13.6,5.1,8.9,11.6,6.78,10.4,3.8,9.1,10.9,6.63,31.07,36.0,4.93,258.0,0.12,6.78,23.04,24.0,0.96,199.0,0.12,6.78,21.58,20.0,-1.58,198.0,0.11,6.63,36.28,32.0,-4.28,261.0,0.14,6.63,28,2,3,3,1,17,2,4,1,2,17,0,2,1,0,19,5,6,2,0,18,1,57,380,17,2,54,489,13,1,54,319,24,2,54,540,30,2,0,7,19,2,0,13,0.36,0.24,0.4,0.39,0.26,0.35,0.19,0.67,0.14,0.16,0.64,0.2,0.17,0.67,0.16,0.14,0.74,0.12,0.09,0.59,0.33,0.07,0.63,0.3,0.1,0.53,0.37,0.1,0.63,0.27,0.27,0.42,0.3,0.31,0.43,0.26,13.6,4.4,1.2,8.0,6.78,1.9,0.5,1.1,0.3,6.78,433.8,24.3,32.6,328.6,48.4,6.78,10.6,1.5,9.1,6.78,0.4,0.0,0.1,0.0,0.1,0.9,1.5,6.78,10.6,8.9,19.5,6.78,21.3,7.1,28.4,6.78,7.8,6.78,19.0,6.78,2.6,1.6,8.7,6.78,1.7,6.78,11.6,12.1,6.78,1.9,0.1,6.78,2.2,0.1,1.4,0.7,6.78,16.5,11.5,6.78,27.0,13.6,13.4,6.78,10.4,3.9,1.1,5.5,6.63,1.1,0.2,0.6,0.2,6.63,369.5,18.8,34.3,264.5,52.0,6.63,7.9,1.3,6.7,6.63,0.2,0.0,0.1,0.0,0.0,0.5,0.8,6.63,10.2,9.1,19.3,6.63,20.2,7.2,27.4,6.63,9.2,6.63,26.6,6.63,3.8,2.8,8.9,6.63,2.1,6.63,10.9,12.0,6.63,1.7,0.1,6.63,3.0,0.3,1.8,0.9,6.63,15.4,10.9,6.63,32.4,16.0,16.4,6.63,Premier_League,2023-2024
Everton,22,15.5,0.411,0.756,18.3,6.77,34,0,18,11.2,0.39,0.755,18.2,6.58,46,1,12.0,20.3,9.9,11.1,2.7,6.77,16.3,18.8,8.9,13.0,2.0,6.58,15.5,5.0,6.2,9.9,6.77,11.2,3.5,6.9,9.1,6.58,35.27,22.0,-13.27,294.0,0.12,6.77,24.48,17.0,-7.48,228.0,0.11,6.77,24.07,18.0,-6.07,213.0,0.11,6.58,36.28,31.0,-5.28,310.0,0.12,6.58,12,1,9,0,0,8,2,5,2,1,6,0,10,2,0,17,2,6,6,2,22,1,66,302,17,2,58,480,17,1,62,304,21,1,57,521,20,2,0,12,36,4,0,8,0.36,0.24,0.4,0.37,0.26,0.37,0.14,0.71,0.15,0.21,0.66,0.14,0.19,0.69,0.12,0.18,0.68,0.14,0.15,0.49,0.35,0.08,0.57,0.34,0.15,0.51,0.34,0.1,0.59,0.31,0.27,0.4,0.33,0.29,0.4,0.31,15.5,5.5,2.4,7.6,6.77,1.2,0.4,0.5,0.3,6.77,363.4,28.9,36.0,245.9,52.6,6.77,10.3,2.4,7.8,6.77,0.2,0.1,0.0,0.0,0.0,0.4,0.5,6.77,8.7,6.2,14.9,6.77,20.3,8.3,28.6,6.77,9.9,6.77,19.7,6.77,3.7,1.5,8.4,6.77,2.7,6.77,9.9,11.1,6.77,1.8,0.0,6.77,2.7,0.2,1.6,0.9,6.77,14.5,8.3,6.77,33.3,18.3,15.0,6.77,11.2,3.9,1.6,5.7,6.58,0.9,0.3,0.6,0.1,6.58,361.0,25.9,34.8,246.7,53.5,6.58,7.6,1.4,6.2,6.58,0.2,0.1,0.1,0.0,0.0,0.2,0.4,6.58,7.8,6.9,14.8,6.58,18.8,10.3,29.1,6.58,8.9,6.58,24.4,6.58,5.6,1.5,7.5,6.58,2.0,6.58,9.1,13.0,6.58,2.4,0.1,6.58,3.4,0.3,2.2,1.0,6.58,14.9,8.5,6.58,34.3,18.2,16.1,6.58,Premier_League,2023-2024
Fulham,31,13.5,0.538,0.834,13.4,6.67,36,2,24,12.9,0.468,0.815,12.7,6.56,42,2,12.5,17.3,9.4,9.5,1.4,6.67,15.0,18.4,10.2,10.7,1.3,6.56,13.5,4.5,7.5,10.6,6.67,12.9,5.0,6.7,8.5,6.56,29.08,30.0,0.92,256.0,0.11,6.67,29.52,23.0,-6.52,238.0,0.12,6.67,22.95,24.0,1.05,245.0,0.09,6.56,38.25,34.0,-4.25,285.0,0.13,6.56,23,2,3,2,1,17,0,3,3,1,15,1,8,0,0,22,2,5,5,3,21,2,57,480,14,2,49,416,18,1,49,401,17,2,48,468,26,2,0,12,24,4,0,17,0.38,0.25,0.37,0.38,0.25,0.38,0.13,0.74,0.14,0.15,0.7,0.14,0.15,0.72,0.13,0.18,0.65,0.17,0.1,0.55,0.36,0.1,0.59,0.32,0.1,0.57,0.33,0.09,0.59,0.32,0.28,0.43,0.28,0.32,0.42,0.26,13.5,4.8,1.3,7.3,6.67,1.6,0.4,1.2,0.1,6.67,532.8,27.8,29.4,416.6,59.0,6.67,10.1,1.5,8.5,6.67,0.5,0.1,0.2,0.0,0.0,0.5,1.1,6.67,7.6,7.5,15.2,6.67,17.3,7.4,24.7,6.67,9.4,6.67,16.3,6.67,2.4,1.2,8.1,6.67,1.4,6.67,10.6,9.5,6.67,1.9,0.1,6.67,3.1,0.1,1.9,1.1,6.67,15.1,8.9,6.67,27.3,13.4,13.9,6.67,12.9,4.3,1.3,7.3,6.56,1.3,0.4,0.5,0.3,6.56,445.4,23.4,25.6,339.7,56.7,6.56,9.9,1.7,8.2,6.56,0.3,0.2,0.0,0.1,0.0,0.7,1.0,6.56,7.1,6.7,13.8,6.56,18.4,10.1,28.5,6.56,10.2,6.56,21.4,6.56,3.7,1.3,8.7,6.56,1.3,6.56,8.5,10.7,6.56,2.2,0.1,6.56,3.9,0.5,2.1,1.4,6.56,12.3,8.2,6.56,25.8,12.7,13.2,6.56,Premier_League,2023-2024
Liverpool,49,25.2,0.628,0.864,15.6,6.99,26,1,37,16.4,0.597,0.851,15.5,6.72,39,4,8.9,19.2,8.0,12.0,2.8,6.99,12.9,16.4,7.4,12.4,2.4,6.72,25.2,9.2,8.6,10.6,6.99,16.4,5.4,8.8,9.2,6.72,58.64,47.0,-11.64,478.0,0.12,6.99,19.44,16.0,-3.44,169.0,0.12,6.99,34.66,33.0,-1.66,312.0,0.11,6.72,31.14,23.0,-8.14,245.0,0.13,6.72,29,4,10,4,2,11,0,5,0,1,24,2,5,2,4,16,1,5,1,1,24,3,50,566,10,1,54,315,19,3,50,529,15,1,54,335,17,0,0,10,27,3,0,15,0.35,0.3,0.36,0.36,0.28,0.36,0.13,0.7,0.18,0.21,0.66,0.12,0.18,0.68,0.14,0.18,0.67,0.15,0.08,0.55,0.37,0.08,0.57,0.34,0.06,0.62,0.32,0.08,0.59,0.33,0.21,0.43,0.36,0.27,0.43,0.3,25.2,9.3,2.0,13.9,6.99,2.6,0.7,1.3,0.4,6.99,610.7,27.3,22.1,500.2,61.2,6.99,18.3,3.3,15.0,6.99,0.6,0.2,0.1,0.0,0.0,1.0,1.7,6.99,11.1,8.6,19.6,6.99,19.2,11.0,30.2,6.99,8.0,6.99,11.9,6.99,2.1,0.6,10.2,6.99,2.8,6.99,10.6,12.0,6.99,1.4,0.1,6.99,2.5,0.2,1.5,0.8,6.99,14.7,10.1,6.99,26.7,15.6,11.1,6.99,16.4,5.2,1.0,10.2,6.72,1.9,0.3,1.3,0.2,6.72,574.3,23.3,26.5,465.7,58.8,6.72,13.2,2.4,10.8,6.72,0.2,0.1,0.2,0.1,0.0,1.1,1.5,6.72,10.3,8.8,19.2,6.72,16.4,11.5,27.9,6.72,7.4,6.72,17.8,6.72,3.6,1.1,9.2,6.72,2.4,6.72,9.2,12.4,6.72,2.1,0.2,6.72,3.3,0.2,1.9,1.1,6.72,15.5,11.4,6.72,28.2,15.5,12.7,6.72,Premier_League,2023-2024
Luton,28,13.9,0.456,0.767,16.2,6.62,37,0,24,8.8,0.379,0.754,17.8,6.46,34,0,14.2,17.1,8.3,11.6,2.1,6.62,20.6,17.4,8.8,11.7,1.5,6.46,13.9,4.4,10.8,12.1,6.62,8.8,3.0,7.8,11.5,6.46,28.77,28.0,-0.77,265.0,0.11,6.62,33.57,37.0,3.43,269.0,0.12,6.62,19.44,21.0,1.56,167.0,0.12,6.46,52.54,44.0,-8.54,391.0,0.13,6.46,14,1,10,3,0,24,3,8,2,0,12,2,5,2,3,28,3,11,2,4,26,1,62,313,15,2,61,400,18,0,57,279,22,3,53,503,28,1,0,8,26,0,0,8,0.39,0.24,0.37,0.34,0.23,0.42,0.17,0.71,0.12,0.14,0.68,0.17,0.12,0.73,0.15,0.16,0.73,0.12,0.11,0.58,0.32,0.1,0.55,0.35,0.07,0.62,0.31,0.12,0.58,0.31,0.28,0.38,0.33,0.33,0.42,0.25,13.9,4.4,1.5,8.1,6.62,1.5,0.6,0.8,0.1,6.62,370.9,24.1,37.2,260.3,49.3,6.62,10.3,2.1,8.3,6.62,0.4,0.2,0.1,0.1,0.0,0.6,1.1,6.62,12.6,10.8,23.4,6.62,17.1,8.1,25.2,6.62,8.3,6.62,20.7,6.62,3.3,1.1,8.8,6.62,2.1,6.62,12.1,11.6,6.62,1.9,0.0,6.62,3.2,0.4,1.7,1.1,6.62,15.5,10.2,6.62,32.8,16.2,16.6,6.62,8.8,2.7,0.6,5.5,6.46,1.3,0.3,0.7,0.1,6.46,331.1,21.7,35.2,228.0,46.2,6.46,6.3,1.1,5.3,6.46,0.3,0.0,0.1,0.1,0.0,0.4,0.7,6.46,9.4,7.8,17.2,6.46,17.4,8.6,25.9,6.46,8.8,6.46,24.9,6.46,6.3,1.8,7.5,6.46,1.5,6.46,11.5,11.7,6.46,1.8,0.0,6.46,4.3,0.5,2.6,1.2,6.46,15.0,10.1,6.46,35.3,17.8,17.5,6.46,Premier_League,2023-2024
Manchester City,51,19.3,0.672,0.912,9.5,7.02,22,2,45,17.2,0.636,0.897,7.9,6.91,30,0,5.9,12.8,6.1,7.8,1.3,7.02,9.6,14.4,6.2,7.4,0.9,6.91,19.3,6.8,10.9,11.3,7.02,17.2,7.8,8.9,10.3,6.91,42.94,49.0,6.06,367.0,0.12,7.02,15.4,16.0,0.6,112.0,0.14,7.02,44.14,45.0,0.86,326.0,0.14,6.91,24.08,17.0,-7.08,182.0,0.13,6.91,36,2,7,4,2,10,3,2,1,0,31,0,9,5,0,10,4,1,2,1,21,2,42,681,8,2,44,311,16,2,43,623,13,1,49,330,13,3,0,9,19,5,0,6,0.36,0.3,0.34,0.35,0.31,0.34,0.18,0.68,0.14,0.23,0.63,0.14,0.16,0.7,0.14,0.17,0.66,0.16,0.07,0.62,0.31,0.09,0.63,0.28,0.1,0.52,0.38,0.1,0.58,0.32,0.18,0.41,0.41,0.24,0.41,0.35,19.3,6.0,1.4,11.9,7.02,2.7,0.3,1.8,0.5,7.02,720.2,27.6,14.3,629.2,49.1,7.02,15.6,1.1,14.6,7.02,0.2,0.1,0.1,0.1,0.0,1.7,2.1,7.02,8.7,10.9,19.6,7.02,12.8,5.9,18.7,7.02,6.1,7.02,9.7,7.02,1.5,0.8,6.6,7.02,1.3,7.02,11.3,7.8,7.02,1.2,0.1,7.02,1.6,0.2,1.1,0.4,7.02,11.1,8.9,7.02,17.0,9.5,7.5,7.02,17.2,6.5,1.7,8.9,6.91,2.4,0.7,1.4,0.3,6.91,661.4,25.2,17.4,568.2,50.6,6.91,13.1,1.1,11.9,6.91,0.4,0.1,0.1,0.0,0.0,1.2,1.6,6.91,9.9,8.9,18.8,6.91,14.4,6.5,20.9,6.91,6.2,6.91,12.4,6.91,2.5,1.5,8.0,6.91,0.9,6.91,10.3,7.4,6.91,1.6,0.0,6.91,2.4,0.2,1.3,0.9,6.91,12.1,9.8,6.91,15.9,7.9,8.0,6.91,Premier_League,2023-2024
Manchester United,31,16.8,0.536,0.843,10.8,6.73,37,0,26,12.2,0.473,0.81,12.4,6.65,44,1,15.2,17.9,7.7,9.7,2.8,6.73,19.9,17.6,8.7,11.4,2.0,6.65,16.8,6.1,9.4,8.9,6.73,12.2,4.1,7.0,9.0,6.65,35.67,31.0,-4.67,319.0,0.11,6.73,34.87,28.0,-6.87,289.0,0.12,6.73,25.46,26.0,0.54,231.0,0.11,6.65,40.72,29.0,-11.72,378.0,0.11,6.65,20,1,6,4,0,14,2,9,3,0,19,2,3,2,0,17,3,5,4,1,20,2,50,458,18,2,48,389,12,2,53,399,23,2,50,444,19,3,0,15,33,2,0,11,0.42,0.25,0.33,0.38,0.27,0.36,0.24,0.62,0.14,0.16,0.7,0.14,0.18,0.68,0.14,0.16,0.65,0.19,0.08,0.57,0.34,0.12,0.55,0.33,0.06,0.57,0.38,0.09,0.57,0.34,0.27,0.39,0.34,0.36,0.4,0.25,16.8,5.7,1.4,9.6,6.73,1.6,0.4,1.1,0.2,6.73,503.3,24.1,25.2,400.0,53.9,6.73,13.5,2.2,11.3,6.73,0.1,0.0,0.0,0.0,0.0,0.8,0.9,6.73,10.0,9.4,19.4,6.73,17.9,9.6,27.6,6.73,7.7,6.73,18.0,6.73,4.3,1.6,7.5,6.73,2.8,6.73,8.9,9.7,6.73,1.9,0.0,6.73,3.6,0.3,2.0,1.3,6.73,13.2,9.6,6.73,22.8,10.8,12.1,6.73,12.2,4.6,0.7,6.9,6.65,1.4,0.2,1.0,0.2,6.65,447.8,22.9,29.8,339.8,55.3,6.65,9.5,2.0,7.5,6.65,0.3,0.1,0.1,0.0,0.0,0.6,1.0,6.65,10.3,7.0,17.3,6.65,17.6,9.6,27.3,6.65,8.7,6.65,25.8,6.65,6.6,1.7,9.7,6.65,2.0,6.65,9.0,11.4,6.65,2.3,0.1,6.65,4.1,0.5,2.4,1.2,6.65,12.3,8.4,6.65,24.7,12.4,12.3,6.65,Premier_League,2023-2024
Newcastle,49,17.4,0.536,0.827,14.1,6.93,32,1,36,11.6,0.509,0.827,10.0,6.63,45,0,12.3,17.0,7.7,9.8,1.3,6.93,15.8,17.8,7.3,10.5,1.8,6.63,17.4,6.5,9.8,12.6,6.93,11.6,4.7,8.9,12.1,6.63,52.05,48.0,-4.05,330.0,0.16,6.93,25.92,22.0,-3.92,234.0,0.11,6.93,31.92,35.0,3.08,221.0,0.14,6.63,35.66,39.0,3.34,300.0,0.12,6.63,29,7,5,7,1,10,5,5,2,0,23,1,10,1,1,29,1,7,2,1,20,3,45,442,14,2,53,373,14,2,49,434,17,2,56,407,17,5,0,12,35,2,0,8,0.33,0.28,0.39,0.34,0.28,0.38,0.18,0.69,0.13,0.21,0.64,0.15,0.17,0.65,0.18,0.15,0.65,0.2,0.11,0.59,0.29,0.09,0.56,0.35,0.13,0.61,0.27,0.09,0.58,0.33,0.27,0.42,0.31,0.32,0.41,0.27,17.4,5.1,1.9,10.3,6.93,2.6,0.4,1.9,0.2,6.93,482.9,19.9,24.2,379.4,59.3,6.93,13.3,2.1,11.2,6.93,0.4,0.1,0.5,0.1,0.0,0.8,1.6,6.93,9.3,9.8,19.1,6.93,17.0,9.5,26.5,6.93,7.7,6.93,14.2,6.93,3.6,1.3,8.6,6.93,1.3,6.93,12.6,9.8,6.93,1.7,0.1,6.93,2.9,0.1,1.8,1.0,6.93,13.1,10.4,6.93,25.2,14.1,11.2,6.93,11.6,3.1,1.5,7.1,6.63,1.9,0.6,1.1,0.2,6.63,476.6,22.2,26.1,371.8,56.5,6.63,9.1,1.6,7.4,6.63,0.5,0.2,0.1,0.1,0.0,0.6,1.3,6.63,10.4,8.9,19.3,6.63,17.8,10.4,28.2,6.63,7.3,6.63,20.1,6.63,4.3,1.3,9.6,6.63,1.8,6.63,12.1,10.5,6.63,2.4,0.0,6.63,4.1,0.4,2.5,1.2,6.63,13.6,10.7,6.63,21.5,10.0,11.5,6.63,Premier_League,2023-2024
Nottingham Forest,27,13.4,0.413,0.783,17.0,6.63,30,2,22,10.4,0.39,0.79,14.5,6.51,48,1,12.8,19.8,8.2,10.7,2.3,6.63,14.0,18.5,9.3,11.8,1.7,6.51,13.4,3.9,6.8,9.4,6.63,10.4,3.8,7.6,10.2,6.51,27.85,27.0,-0.85,254.0,0.11,6.63,23.11,30.0,6.89,243.0,0.1,6.63,25.12,22.0,-3.12,197.0,0.13,6.51,33.44,35.0,1.56,266.0,0.13,6.51,19,4,3,1,0,16,1,12,1,0,13,5,4,0,0,20,2,10,3,2,18,1,52,332,21,1,52,497,13,1,52,321,21,1,48,533,20,4,0,10,32,5,0,12,0.39,0.25,0.36,0.37,0.23,0.4,0.19,0.72,0.09,0.16,0.7,0.14,0.21,0.67,0.12,0.14,0.69,0.17,0.09,0.56,0.36,0.1,0.6,0.3,0.1,0.54,0.36,0.09,0.5,0.41,0.32,0.41,0.28,0.32,0.44,0.25,13.4,4.8,1.2,7.4,6.63,1.4,0.1,1.0,0.4,6.63,378.6,21.9,29.5,274.7,52.6,6.63,9.6,1.5,8.1,6.63,0.4,0.1,0.2,0.1,0.0,0.6,1.3,6.63,8.7,6.8,15.5,6.63,19.8,6.5,26.3,6.63,8.2,6.63,24.4,6.63,4.2,1.7,9.0,6.63,2.3,6.63,9.4,10.7,6.63,1.6,0.1,6.63,2.2,0.1,1.4,0.6,6.63,14.4,7.3,6.63,33.5,17.0,16.5,6.63,10.4,3.7,1.0,5.6,6.51,1.2,0.3,0.7,0.1,6.51,367.4,22.5,28.4,267.6,48.9,6.51,7.5,1.2,6.3,6.51,0.2,0.0,0.2,0.0,0.0,0.6,0.9,6.51,8.6,7.6,16.3,6.51,18.5,8.4,26.9,6.51,9.3,6.51,23.5,6.51,4.7,2.1,7.9,6.51,1.7,6.51,10.2,11.8,6.51,2.5,0.1,6.51,3.0,0.1,1.7,1.3,6.51,13.3,7.7,6.51,27.8,14.5,13.3,6.51,Premier_League,2023-2024
Sheffield United,19,10.8,0.361,0.723,15.9,6.33,50,3,16,8.4,0.339,0.724,15.9,6.38,45,2,17.4,16.7,8.6,11.0,2.0,6.33,18.3,20.6,9.7,11.3,1.4,6.38,10.8,3.8,6.7,8.6,6.33,8.4,3.0,6.5,8.2,6.38,26.47,18.0,-8.47,206.0,0.13,6.33,40.96,53.0,12.04,331.0,0.12,6.33,16.06,13.0,-3.06,159.0,0.1,6.38,41.29,44.0,2.71,347.0,0.12,6.38,12,0,2,4,1,41,2,9,1,4,6,2,4,1,3,31,1,8,4,3,13,1,61,272,20,3,52,534,10,1,58,262,25,3,49,567,38,3,0,13,32,2,0,15,0.36,0.24,0.4,0.36,0.26,0.38,0.14,0.64,0.22,0.13,0.72,0.15,0.19,0.67,0.14,0.13,0.7,0.17,0.09,0.57,0.33,0.09,0.61,0.29,0.08,0.61,0.31,0.11,0.52,0.36,0.3,0.43,0.26,0.36,0.42,0.22,10.8,3.6,1.0,6.2,6.33,1.0,0.1,0.8,0.1,6.33,328.2,21.1,38.6,216.1,52.5,6.33,7.6,1.1,6.5,6.33,0.2,0.0,0.1,0.0,0.0,0.4,0.6,6.33,8.4,6.7,15.2,6.33,16.7,8.6,25.3,6.33,8.6,6.33,24.8,6.33,4.5,1.4,8.8,6.33,2.0,6.33,8.6,11.0,6.33,2.6,0.2,6.33,4.5,0.4,2.7,1.4,6.33,14.0,8.0,6.33,35.3,15.9,19.4,6.33,8.4,2.6,0.6,5.1,6.38,0.8,0.2,0.4,0.1,6.38,315.3,18.6,39.2,209.6,47.9,6.38,6.0,1.4,4.6,6.38,0.1,0.0,0.0,0.0,0.1,0.3,0.4,6.38,8.9,6.5,15.4,6.38,20.6,9.1,29.7,6.38,9.7,6.38,27.7,6.38,5.0,1.8,8.7,6.38,1.4,6.38,8.2,11.3,6.38,2.4,0.1,6.38,4.2,0.3,2.2,1.7,6.38,11.7,8.9,6.38,33.6,15.9,17.7,6.38,Premier_League,2023-2024
Tottenham,38,17.1,0.619,0.874,9.6,6.75,41,2,36,13.6,0.621,0.875,9.7,6.7,48,2,11.6,20.0,9.5,10.9,2.4,6.75,13.9,18.1,9.2,11.5,2.0,6.7,17.1,6.4,9.6,13.7,6.75,13.6,4.9,9.3,13.1,6.7,41.49,34.0,-7.49,325.0,0.13,6.75,30.79,26.0,-4.79,220.0,0.14,6.75,31.66,35.0,3.34,259.0,0.12,6.7,36.13,32.0,-4.13,265.0,0.14,6.7,24,2,6,2,4,14,3,6,3,1,29,1,5,0,1,18,2,8,4,2,21,3,31,573,16,2,55,315,16,2,35,555,19,2,54,298,26,4,0,14,33,2,0,16,0.34,0.27,0.39,0.36,0.24,0.4,0.16,0.65,0.2,0.18,0.74,0.08,0.22,0.62,0.16,0.14,0.73,0.13,0.1,0.6,0.3,0.09,0.64,0.28,0.09,0.57,0.34,0.12,0.58,0.29,0.27,0.38,0.35,0.31,0.39,0.3,17.1,5.1,1.6,10.4,6.75,2.0,0.4,1.3,0.1,6.75,598.8,15.3,14.8,507.9,60.8,6.75,13.6,1.5,12.1,6.75,0.3,0.2,0.1,0.0,0.0,0.9,1.3,6.75,11.6,9.6,21.3,6.75,20.0,8.1,28.1,6.75,9.5,6.75,14.2,6.75,2.9,1.6,8.7,6.75,2.4,6.75,13.7,10.9,6.75,2.2,0.1,6.75,3.2,0.3,1.9,0.9,6.75,14.3,9.7,6.75,19.9,9.6,10.3,6.75,13.6,4.6,1.3,7.7,6.7,1.9,0.5,1.1,0.3,6.7,584.8,17.2,16.9,494.4,56.3,6.7,10.6,1.3,9.4,6.7,0.4,0.1,0.1,0.1,0.0,1.2,1.7,6.7,12.2,9.3,21.5,6.7,18.1,9.3,27.4,6.7,9.2,6.7,20.1,6.7,4.1,2.1,7.8,6.7,2.0,6.7,13.1,11.5,6.7,2.5,0.1,6.7,2.6,0.4,1.5,0.7,6.7,15.2,10.1,6.7,20.1,9.7,10.4,6.7,Premier_League,2023-2024
West Ham,31,12.5,0.421,0.799,16.9,6.8,37,1,29,11.2,0.389,0.783,13.6,6.61,39,2,14.9,17.2,9.5,10.2,2.0,6.8,19.4,18.8,9.5,10.4,1.7,6.61,12.5,4.5,9.0,11.4,6.8,11.2,3.6,9.6,9.2,6.61,28.63,31.0,2.37,238.0,0.12,6.8,31.24,26.0,-5.24,283.0,0.11,6.8,26.11,27.0,0.89,212.0,0.12,6.61,45.23,44.0,-1.23,369.0,0.12,6.61,18,5,6,2,0,21,1,3,1,2,13,4,8,2,2,30,2,5,7,2,19,1,57,349,20,2,47,518,16,2,54,325,20,2,48,553,27,4,0,8,27,4,0,12,0.41,0.22,0.37,0.4,0.23,0.37,0.14,0.73,0.13,0.14,0.71,0.15,0.15,0.71,0.14,0.14,0.66,0.2,0.12,0.55,0.33,0.08,0.59,0.33,0.14,0.58,0.29,0.06,0.56,0.38,0.3,0.43,0.27,0.32,0.42,0.25,12.5,4.1,1.5,6.9,6.8,1.6,0.4,1.0,0.3,6.8,401.6,24.5,31.3,296.3,49.5,6.8,8.7,2.2,6.6,6.8,0.5,0.2,0.0,0.0,0.0,0.7,1.2,6.8,10.2,9.0,19.2,6.8,17.2,7.3,24.5,6.8,9.5,6.8,22.5,6.8,4.4,1.4,8.7,6.8,2.0,6.8,11.4,10.2,6.8,1.9,0.1,6.8,4.0,0.3,2.4,1.4,6.8,13.6,10.5,6.8,33.2,16.9,16.3,6.8,11.2,3.2,1.5,6.4,6.61,1.5,0.5,0.8,0.2,6.61,373.7,21.4,32.1,271.3,49.0,6.61,7.4,1.6,5.7,6.61,0.4,0.2,0.2,0.0,0.0,0.4,0.9,6.61,10.4,9.6,20.0,6.61,18.8,8.5,27.3,6.61,9.5,6.61,22.8,6.61,5.1,1.7,7.5,6.61,1.7,6.61,9.2,10.4,6.61,2.1,0.1,6.61,5.0,0.2,2.8,2.1,6.61,13.5,10.4,6.61,27.9,13.6,14.3,6.61,Premier_League,2023-2024
Wolves,26,11.8,0.51,0.832,11.6,6.64,51,2,24,10.8,0.462,0.814,12.0,6.58,49,2,14.8,19.9,7.2,12.4,2.3,6.64,15.5,18.9,7.8,12.7,1.8,6.58,11.8,4.5,12.1,10.6,6.64,10.8,3.9,9.7,10.7,6.58,25.97,24.0,-1.97,224.0,0.12,6.64,34.28,29.0,-5.28,281.0,0.12,6.64,26.1,23.0,-3.1,205.0,0.13,6.58,41.2,35.0,-6.2,295.0,0.14,6.58,12,1,9,2,2,20,1,6,2,1,14,2,5,2,1,21,4,4,6,0,18,1,54,434,16,1,45,423,13,1,53,399,23,2,46,473,30,6,0,19,30,3,0,18,0.37,0.23,0.4,0.39,0.24,0.37,0.15,0.65,0.19,0.13,0.72,0.15,0.16,0.64,0.2,0.16,0.72,0.12,0.1,0.52,0.38,0.09,0.54,0.38,0.09,0.62,0.29,0.13,0.57,0.31,0.3,0.43,0.27,0.36,0.41,0.23,11.8,4.4,1.2,6.2,6.64,1.4,0.3,1.0,0.0,6.64,482.4,22.8,30.2,378.7,50.7,6.64,8.3,1.7,6.6,6.64,0.3,0.2,0.1,0.0,0.0,0.6,1.0,6.64,10.9,12.1,23.0,6.64,19.9,7.6,27.6,6.64,7.2,6.64,17.9,6.64,4.8,1.1,8.4,6.64,2.3,6.64,10.6,12.4,6.64,2.7,0.1,6.64,3.3,0.2,2.0,1.1,6.64,13.7,10.5,6.64,24.7,11.6,13.2,6.64,10.8,3.1,0.9,6.7,6.58,1.3,0.2,1.0,0.0,6.58,445.8,19.5,33.1,343.4,49.8,6.58,8.4,0.9,7.5,6.58,0.3,0.1,0.1,0.1,0.0,0.5,0.9,6.58,10.6,9.7,20.3,6.58,18.9,7.9,26.8,6.58,7.8,6.58,23.5,6.58,4.3,1.7,9.1,6.58,1.8,6.58,10.7,12.7,6.58,2.6,0.1,6.58,4.0,0.7,2.1,1.2,6.58,14.5,9.9,6.58,25.2,12.0,13.2,6.58,Premier_League,2023-2024
Arsenal,35,16.1,0.575,0.878,12.6,6.8,31,2,34,12.7,0.567,0.864,12.7,6.74,33,4,8.3,15.1,6.2,9.8,2.3,6.8,10.7,16.4,5.7,11.3,1.9,6.74,16.1,5.5,9.1,10.4,6.8,12.7,4.4,7.8,10.9,6.74,36.3,33.0,-3.3,305.0,0.12,6.8,18.64,17.0,-1.64,158.0,0.12,6.8,35.36,34.0,-1.36,241.0,0.15,6.74,21.56,17.0,-4.56,204.0,0.11,6.74,21,6,6,0,2,6,3,8,0,0,20,3,9,2,0,7,1,6,3,0,21,2,36,468,14,1,47,327,19,3,37,448,14,2,48,323,21,2,0,11,21,1,0,17,0.32,0.25,0.43,0.34,0.24,0.43,0.14,0.66,0.21,0.16,0.71,0.13,0.15,0.72,0.13,0.16,0.64,0.2,0.12,0.61,0.26,0.11,0.58,0.31,0.16,0.56,0.27,0.06,0.53,0.41,0.23,0.4,0.37,0.26,0.39,0.36,16.1,4.2,2.0,9.8,6.8,1.8,0.4,1.1,0.3,6.8,498.9,16.5,18.7,421.3,42.4,6.8,12.5,1.7,10.8,6.8,0.5,0.1,0.1,0.1,0.0,0.9,1.6,6.8,9.6,9.1,18.7,6.8,15.1,6.1,21.2,6.8,6.2,6.8,14.9,6.8,2.3,1.0,5.6,6.8,2.3,6.8,10.4,9.8,6.8,1.6,0.1,6.8,1.6,0.3,1.2,0.2,6.8,13.0,9.7,6.8,25.5,12.6,12.9,6.8,12.7,3.5,2.1,7.2,6.74,1.8,0.6,1.0,0.2,6.74,481.1,16.4,20.1,399.1,45.5,6.74,10.0,1.6,8.4,6.74,0.4,0.2,0.1,0.0,0.0,0.8,1.3,6.74,11.7,7.8,19.5,6.74,16.4,7.3,23.7,6.74,5.7,6.74,19.1,6.74,3.3,1.2,6.1,6.74,1.9,6.74,10.9,11.3,6.74,1.7,0.2,6.74,2.9,0.3,1.8,0.8,6.74,12.4,10.4,6.74,24.9,12.7,12.2,6.74,Premier_League,2024-2025
Aston Villa,34,15.4,0.555,0.865,10.1,6.72,32,0,24,10.1,0.457,0.838,10.3,6.51,40,4,10.2,17.6,5.7,10.3,1.2,6.72,14.2,15.9,6.9,11.1,1.7,6.51,15.4,5.6,9.6,12.6,6.72,10.1,3.4,7.6,13.6,6.51,40.49,33.0,-7.49,293.0,0.14,6.72,20.58,20.0,-0.58,193.0,0.11,6.72,26.06,23.0,-3.06,191.0,0.14,6.51,34.72,31.0,-3.72,270.0,0.13,6.51,20,1,10,2,1,14,3,3,0,0,13,3,6,1,1,21,4,4,2,0,19,3,36,445,15,2,44,343,13,2,40,353,21,2,42,421,24,2,0,6,31,1,0,14,0.38,0.31,0.31,0.36,0.31,0.33,0.21,0.65,0.14,0.21,0.67,0.12,0.16,0.66,0.18,0.18,0.7,0.12,0.12,0.58,0.29,0.05,0.6,0.34,0.12,0.56,0.32,0.11,0.56,0.33,0.27,0.43,0.31,0.33,0.41,0.26,15.4,4.5,1.9,9.0,6.72,1.8,0.4,1.1,0.3,6.72,478.5,17.4,18.7,396.5,45.9,6.72,11.7,1.3,10.4,6.72,0.4,0.1,0.1,0.0,0.0,0.8,1.3,6.72,11.0,9.6,20.6,6.72,17.6,6.5,24.1,6.72,5.7,6.72,15.7,6.72,2.6,1.6,5.8,6.72,1.2,6.72,12.6,10.3,6.72,1.7,0.0,6.72,2.2,0.0,1.2,0.9,6.72,12.2,10.4,6.72,20.7,10.1,10.6,6.72,10.1,3.2,1.2,5.6,6.51,1.3,0.3,0.8,0.1,6.51,390.4,18.4,21.1,308.8,42.1,6.51,7.4,1.4,5.9,6.51,0.4,0.1,0.1,0.0,0.0,0.6,1.1,6.51,10.0,7.6,17.6,6.51,15.9,5.9,21.9,6.51,6.9,6.51,22.6,6.51,3.0,1.8,5.9,6.51,1.7,6.51,13.6,11.1,6.51,2.1,0.2,6.51,3.4,0.2,2.3,0.8,6.51,14.6,9.9,6.51,22.4,10.3,12.1,6.51,Premier_League,2024-2025
Bournemouth,23,16.3,0.485,0.795,14.9,6.72,43,2,35,14.3,0.483,0.8,15.6,6.7,54,1,11.9,17.0,9.2,14.1,2.0,6.72,13.7,19.4,9.3,13.5,1.7,6.7,16.3,5.5,7.9,10.4,6.72,14.3,5.2,7.6,10.7,6.7,34.14,22.0,-12.14,309.0,0.11,6.72,24.8,16.0,-8.8,226.0,0.11,6.72,36.23,35.0,-1.23,272.0,0.13,6.7,29.55,30.0,0.45,261.0,0.11,6.7,12,4,5,1,1,10,0,4,2,0,22,2,6,5,0,20,1,7,2,0,23,2,56,343,16,2,54,378,21,1,55,352,15,2,52,388,30,0,0,15,40,6,0,9,0.41,0.25,0.34,0.44,0.24,0.32,0.17,0.65,0.18,0.12,0.74,0.13,0.22,0.65,0.13,0.15,0.71,0.13,0.1,0.56,0.35,0.08,0.6,0.32,0.15,0.54,0.31,0.09,0.56,0.35,0.26,0.4,0.33,0.28,0.41,0.32,16.3,5.6,1.5,9.1,6.72,1.2,0.2,0.8,0.2,6.72,395.2,23.8,32.2,290.4,48.8,6.72,12.0,1.7,10.3,6.72,0.2,0.1,0.1,0.1,0.0,0.6,0.9,6.72,9.9,7.9,17.8,6.72,17.0,8.1,25.1,6.72,9.2,6.72,26.4,6.72,3.5,1.5,8.2,6.72,2.0,6.72,10.4,14.1,6.72,2.3,0.1,6.72,2.8,0.3,1.6,0.9,6.72,15.8,9.5,6.72,30.3,14.9,15.3,6.72,14.3,4.4,2.2,7.8,6.7,1.8,0.6,1.1,0.2,6.7,402.4,22.4,32.8,299.6,47.6,6.7,11.1,1.7,9.3,6.7,0.4,0.0,0.1,0.1,0.1,0.7,1.3,6.7,9.9,7.6,17.5,6.7,19.4,9.1,28.5,6.7,9.3,6.7,25.5,6.7,3.7,1.3,8.8,6.7,1.7,6.7,10.7,13.5,6.7,2.8,0.1,6.7,3.8,0.2,2.3,1.4,6.7,15.6,8.9,6.7,32.5,15.6,16.8,6.7,Premier_League,2024-2025
Brentford,40,12.9,0.501,0.814,17.3,6.72,31,0,26,10.2,0.452,0.799,16.0,6.71,31,1,15.8,16.6,7.8,7.5,1.7,6.72,18.2,16.7,7.1,9.3,1.6,6.71,12.9,5.5,7.5,9.5,6.72,10.2,4.2,6.4,8.4,6.71,37.81,39.0,1.19,246.0,0.15,6.72,31.92,33.0,1.08,301.0,0.11,6.72,27.27,26.0,-1.27,194.0,0.14,6.71,31.06,21.0,-10.06,346.0,0.09,6.71,28,2,7,2,1,29,2,2,0,2,15,2,6,3,0,14,6,0,1,1,22,2,52,386,19,2,50,389,14,2,56,335,23,2,48,419,23,1,0,7,19,3,0,10,0.36,0.26,0.38,0.35,0.25,0.39,0.12,0.71,0.17,0.19,0.67,0.14,0.11,0.71,0.18,0.2,0.6,0.2,0.15,0.62,0.23,0.06,0.57,0.37,0.13,0.63,0.24,0.05,0.6,0.35,0.32,0.37,0.3,0.36,0.37,0.27,12.9,2.9,1.9,8.1,6.72,2.1,0.5,1.5,0.1,6.72,435.0,25.6,26.3,328.4,54.7,6.72,9.6,1.8,7.8,6.72,0.3,0.1,0.3,0.1,0.0,0.8,1.4,6.72,9.7,7.5,17.3,6.72,16.6,6.3,22.8,6.72,7.8,6.72,24.3,6.72,4.9,1.5,7.6,6.72,1.7,6.72,9.5,7.5,6.72,1.6,0.0,6.72,3.1,0.1,1.9,1.1,6.72,14.0,8.2,6.72,32.4,17.3,15.2,6.72,10.2,2.4,1.3,6.5,6.71,1.4,0.4,0.9,0.1,6.71,387.4,25.1,30.6,284.7,47.1,6.71,7.8,1.7,6.1,6.71,0.3,0.2,0.2,0.1,0.0,0.4,0.9,6.71,9.3,6.4,15.7,6.71,16.7,8.6,25.3,6.71,7.1,6.71,28.6,6.71,5.6,1.5,7.2,6.71,1.6,6.71,8.4,9.3,6.71,1.6,0.1,6.71,5.0,0.2,3.3,1.5,6.71,14.8,7.6,6.71,31.3,16.0,15.3,6.71,Premier_League,2024-2025
Brighton,30,15.3,0.521,0.852,13.5,6.62,37,0,36,12.8,0.525,0.842,14.2,6.61,39,3,10.8,17.7,8.2,11.6,1.5,6.62,11.7,19.4,8.4,11.4,0.9,6.61,15.3,5.1,8.9,11.5,6.62,12.8,4.9,8.8,10.1,6.61,35.44,29.0,-6.44,290.0,0.12,6.62,28.13,26.0,-2.13,205.0,0.14,6.62,33.69,35.0,1.31,243.0,0.14,6.61,31.78,31.0,-0.78,222.0,0.14,6.61,19,0,5,5,1,13,6,4,3,0,23,2,8,2,1,17,4,4,6,2,20,2,43,432,14,1,49,393,17,2,45,417,15,2,52,369,21,5,0,11,29,3,0,12,0.4,0.3,0.3,0.38,0.29,0.32,0.18,0.73,0.09,0.18,0.61,0.2,0.16,0.71,0.13,0.16,0.7,0.15,0.08,0.57,0.36,0.12,0.63,0.24,0.05,0.63,0.32,0.1,0.66,0.24,0.25,0.41,0.34,0.28,0.4,0.31,15.3,5.5,1.2,8.6,6.62,1.6,0.3,1.0,0.3,6.62,471.6,20.4,21.9,381.5,47.8,6.62,10.5,1.4,9.2,6.62,0.2,0.0,0.2,0.1,0.0,0.6,0.9,6.62,12.4,8.9,21.4,6.62,17.7,9.1,26.7,6.62,8.2,6.62,18.0,6.62,2.9,0.8,8.1,6.62,1.5,6.62,11.5,11.6,6.62,1.9,0.0,6.62,2.2,0.2,1.7,0.3,6.62,15.1,8.6,6.62,26.3,13.5,12.8,6.62,12.8,4.1,0.6,8.1,6.61,1.9,0.3,1.3,0.2,6.61,460.1,21.3,24.1,366.3,48.4,6.61,9.4,1.9,7.5,6.61,0.2,0.1,0.2,0.0,0.0,0.8,1.2,6.61,11.7,8.8,20.6,6.61,19.4,9.5,28.9,6.61,8.4,6.61,21.4,6.61,3.5,0.9,8.6,6.61,0.9,6.61,10.1,11.4,6.61,2.1,0.2,6.61,2.5,0.3,1.9,0.3,6.61,15.6,9.5,6.61,26.5,14.2,12.3,6.61,Premier_League,2024-2025
Chelsea,35,17.8,0.553,0.863,11.5,6.79,48,1,29,13.5,0.589,0.87,10.1,6.61,51,1,10.0,16.0,7.3,11.3,2.3,6.79,10.9,14.9,7.1,11.6,1.1,6.61,17.8,6.7,8.6,11.1,6.79,13.5,4.8,8.6,12.3,6.61,40.01,32.0,-8.01,338.0,0.12,6.79,23.17,18.0,-5.17,190.0,0.12,6.79,32.77,29.0,-3.77,257.0,0.13,6.61,31.94,25.0,-6.94,208.0,0.15,6.61,19,3,8,2,3,10,3,4,1,0,19,4,4,2,0,14,1,6,4,0,20,2,47,464,14,2,48,368,15,2,48,493,15,1,48,328,24,4,0,22,30,6,0,16,0.35,0.31,0.33,0.36,0.32,0.33,0.18,0.64,0.18,0.17,0.67,0.15,0.16,0.62,0.21,0.14,0.69,0.17,0.07,0.58,0.35,0.07,0.58,0.35,0.09,0.59,0.32,0.12,0.61,0.28,0.25,0.4,0.33,0.28,0.42,0.3,17.8,6.3,1.3,10.3,6.79,1.8,0.3,1.1,0.4,6.79,505.6,21.4,25.6,415.0,43.5,6.79,13.9,2.4,11.5,6.79,0.2,0.0,0.1,0.1,0.0,1.1,1.3,6.79,11.2,8.6,19.8,6.79,16.0,6.9,22.9,6.79,7.3,6.79,16.8,6.79,2.9,1.4,6.8,6.79,2.3,6.79,11.1,11.3,6.79,2.5,0.1,6.79,2.7,0.2,1.7,0.9,6.79,12.3,7.1,6.79,23.1,11.5,11.6,6.79,13.5,4.3,1.2,8.0,6.61,1.5,0.3,1.0,0.2,6.61,536.3,21.5,25.6,445.1,44.2,6.61,10.5,1.4,9.1,6.61,0.1,0.1,0.1,0.0,0.0,1.0,1.2,6.61,12.8,8.6,21.4,6.61,14.9,6.9,21.8,6.61,7.1,6.61,17.6,6.61,2.5,1.4,6.5,6.61,1.1,6.61,12.3,11.6,6.61,2.7,0.1,6.61,3.2,0.3,2.1,0.7,6.61,12.2,8.5,6.61,19.7,10.1,9.6,6.61,Premier_League,2024-2025
Crystal Palace,24,14.3,0.424,0.759,14.6,6.63,37,4,27,12.8,0.424,0.786,12.8,6.66,37,0,12.1,21.1,8.6,10.7,2.2,6.63,13.4,19.3,8.9,11.2,1.7,6.66,14.3,4.8,5.2,11.6,6.63,12.8,4.9,5.8,9.6,6.66,34.41,24.0,-10.41,272.0,0.13,6.63,26.45,25.0,-1.45,229.0,0.12,6.63,33.32,25.0,-8.32,244.0,0.14,6.66,30.65,23.0,-7.65,254.0,0.12,6.66,14,2,6,2,0,17,2,5,1,1,9,5,10,1,2,15,3,5,0,2,17,2,58,310,18,2,51,452,15,2,52,341,19,2,49,485,31,2,0,11,30,0,0,7,0.33,0.3,0.37,0.36,0.29,0.35,0.13,0.73,0.14,0.2,0.66,0.14,0.17,0.67,0.16,0.17,0.67,0.16,0.1,0.55,0.35,0.15,0.54,0.31,0.12,0.57,0.31,0.13,0.56,0.31,0.31,0.42,0.27,0.3,0.44,0.26,14.3,5.0,1.5,7.8,6.63,1.3,0.4,0.8,0.1,6.63,364.2,22.2,35.2,254.1,52.7,6.63,10.2,1.5,8.7,6.63,0.3,0.1,0.1,0.0,0.0,0.6,0.9,6.63,7.8,5.2,13.1,6.63,21.1,8.0,29.1,6.63,8.6,6.63,27.3,6.63,3.4,1.6,9.4,6.63,2.2,6.63,11.6,10.7,6.63,1.9,0.2,6.63,2.8,0.5,1.6,0.7,6.63,12.6,8.9,6.63,32.9,14.6,18.3,6.63,12.8,4.0,1.5,7.3,6.66,1.4,0.4,0.8,0.2,6.66,390.6,19.0,32.8,287.8,50.9,6.66,9.7,1.2,8.6,6.66,0.2,0.1,0.2,0.1,0.0,0.6,1.1,6.66,7.5,5.8,13.3,6.66,19.3,8.8,28.1,6.66,8.9,6.66,27.5,6.66,4.2,1.8,8.5,6.66,1.7,6.66,9.6,11.2,6.66,1.9,0.0,6.66,2.6,0.3,1.6,0.7,6.66,13.3,8.9,6.66,28.3,12.8,15.4,6.66,Premier_League,2024-2025
Everton,26,11.2,0.431,0.798,17.8,6.71,40,2,16,10.2,0.379,0.779,15.2,6.67,40,0,11.1,19.1,9.4,11.1,2.6,6.71,14.2,19.5,8.7,11.5,1.7,6.67,11.2,4.1,7.8,10.4,6.71,10.2,3.5,7.1,9.8,6.67,26.23,23.0,-3.23,212.0,0.12,6.71,26.81,23.0,-3.81,210.0,0.13,6.71,20.78,16.0,-4.78,194.0,0.11,6.67,28.14,21.0,-7.14,270.0,0.1,6.67,14,1,7,1,3,17,2,4,0,0,7,3,5,1,0,14,2,5,0,0,20,1,60,317,16,1,51,455,16,1,58,279,23,2,46,507,25,4,0,14,26,2,0,12,0.37,0.23,0.4,0.36,0.25,0.39,0.15,0.73,0.12,0.14,0.7,0.15,0.19,0.63,0.18,0.17,0.67,0.16,0.09,0.62,0.28,0.12,0.52,0.36,0.07,0.58,0.35,0.09,0.57,0.34,0.27,0.41,0.32,0.32,0.42,0.26,11.2,3.2,1.1,6.9,6.71,1.4,0.3,0.8,0.2,6.71,370.7,28.7,29.6,266.9,45.5,6.71,8.6,1.6,7.1,6.71,0.1,0.0,0.3,0.1,0.0,0.5,0.8,6.71,9.2,7.8,17.0,6.71,19.1,8.2,27.2,6.71,9.4,6.71,25.1,6.71,3.3,1.3,7.3,6.71,2.6,6.71,10.4,11.1,6.71,2.1,0.1,6.71,2.7,0.3,1.4,1.0,6.71,13.6,11.9,6.71,33.6,17.8,15.8,6.71,10.2,3.5,0.7,5.9,6.67,0.8,0.1,0.6,0.2,6.67,331.9,24.4,32.0,234.1,41.4,6.67,7.1,1.1,5.9,6.67,0.2,0.1,0.1,0.1,0.0,0.3,0.6,6.67,9.4,7.1,16.5,6.67,19.5,8.6,28.1,6.67,8.7,6.67,30.2,6.67,4.0,1.8,6.1,6.67,1.7,6.67,9.8,11.5,6.67,2.1,0.0,6.67,3.6,0.5,2.0,1.1,6.67,14.1,8.6,6.67,29.6,15.2,14.4,6.67,Premier_League,2024-2025
Fulham,27,13.7,0.527,0.84,14.3,6.59,33,1,27,13.6,0.52,0.851,14.4,6.64,48,1,11.1,18.8,8.5,10.7,1.1,6.59,11.7,16.9,7.4,12.0,1.2,6.64,13.7,4.9,7.0,10.3,6.59,13.6,4.2,8.2,8.6,6.64,28.18,26.0,-2.18,261.0,0.11,6.59,24.35,28.0,3.65,211.0,0.12,6.59,29.38,27.0,-2.38,259.0,0.11,6.64,26.38,24.0,-2.38,222.0,0.12,6.64,21,0,3,2,1,17,3,6,2,2,22,3,1,1,0,15,3,5,1,0,24,1,51,429,16,2,48,388,23,1,49,428,17,2,44,402,22,2,0,10,35,3,0,11,0.43,0.25,0.32,0.4,0.25,0.35,0.18,0.67,0.16,0.21,0.6,0.19,0.17,0.68,0.15,0.16,0.68,0.16,0.08,0.62,0.3,0.12,0.6,0.28,0.11,0.6,0.29,0.07,0.64,0.3,0.29,0.42,0.3,0.3,0.41,0.29,13.7,4.1,1.1,8.6,6.59,1.4,0.2,1.2,0.1,6.59,475.3,23.6,27.1,375.6,48.9,6.59,10.1,1.9,8.2,6.59,0.3,0.1,0.1,0.0,0.0,0.7,1.1,6.59,9.7,7.0,16.7,6.59,18.8,6.8,25.6,6.59,8.5,6.59,21.6,6.59,2.8,1.2,7.1,6.59,1.1,6.59,10.3,10.7,6.59,1.7,0.1,6.59,2.7,0.2,1.8,0.8,6.59,13.7,8.2,6.59,28.1,14.3,13.8,6.59,13.6,4.0,1.5,8.2,6.64,1.4,0.4,0.8,0.2,6.64,472.8,24.9,23.8,377.4,46.6,6.64,10.8,1.6,9.2,6.64,0.3,0.0,0.2,0.1,0.0,0.7,1.3,6.64,8.6,8.2,16.8,6.64,16.9,7.7,24.7,6.64,7.4,6.64,25.1,6.64,3.1,1.4,7.1,6.64,1.2,6.64,8.6,12.0,6.64,2.5,0.1,6.64,2.9,0.1,2.3,0.5,6.64,13.4,6.6,6.64,29.1,14.4,14.6,6.64,Premier_League,2024-2025
Ipswich,14,10.9,0.43,0.819,14.2,6.33,34,2,22,8.8,0.37,0.787,15.5,6.46,51,3,14.5,15.0,6.8,10.2,1.3,6.33,17.5,16.0,9.2,12.4,1.4,6.46,10.9,3.6,7.1,11.4,6.33,8.8,3.1,7.5,9.9,6.46,20.01,14.0,-6.01,208.0,0.1,6.33,37.17,44.0,6.83,275.0,0.14,6.33,20.99,21.0,0.01,168.0,0.12,6.46,44.19,36.0,-8.19,332.0,0.13,6.46,8,3,2,1,0,33,5,6,0,0,13,3,4,1,1,22,1,7,6,2,15,1,47,345,15,2,53,470,12,1,46,281,26,2,43,507,23,3,0,11,40,8,0,9,0.34,0.29,0.37,0.37,0.28,0.36,0.19,0.63,0.19,0.17,0.67,0.16,0.2,0.69,0.11,0.15,0.71,0.14,0.05,0.56,0.39,0.09,0.66,0.25,0.11,0.49,0.39,0.11,0.53,0.36,0.31,0.41,0.28,0.37,0.39,0.24,10.9,4.3,0.5,6.2,6.33,0.7,0.1,0.5,0.2,6.33,387.2,20.6,26.1,296.4,44.1,6.33,8.2,1.2,6.9,6.33,0.1,0.0,0.0,0.0,0.0,0.6,0.6,6.33,9.7,7.1,16.8,6.33,15.0,8.0,23.0,6.33,6.8,6.33,23.2,6.33,4.4,1.0,6.4,6.33,1.3,6.33,11.4,10.2,6.33,1.8,0.1,6.33,3.1,0.2,2.2,0.7,6.33,13.7,8.9,6.33,28.1,14.2,13.8,6.33,8.8,3.5,1.0,4.4,6.46,1.2,0.3,0.6,0.2,6.46,321.3,17.2,27.5,235.6,41.0,6.46,6.7,1.2,5.5,6.46,0.2,0.1,0.1,0.0,0.0,0.4,0.7,6.46,9.6,7.5,17.1,6.46,16.0,9.0,25.0,6.46,9.2,6.46,33.1,6.46,5.3,1.8,6.8,6.46,1.4,6.46,9.9,12.4,6.46,2.7,0.2,6.46,3.7,0.4,2.2,1.2,6.46,14.6,9.4,6.46,30.1,15.5,14.6,6.46,Premier_League,2024-2025
Leicester,15,9.3,0.49,0.832,13.4,6.47,42,0,18,8.4,0.414,0.802,13.6,6.4,45,0,16.2,18.5,9.3,10.9,1.7,6.47,17.7,19.8,7.9,11.2,1.6,6.4,9.3,2.9,7.0,10.3,6.47,8.4,2.9,6.9,10.4,6.4,20.49,15.0,-5.49,176.0,0.12,6.47,37.36,34.0,-3.36,307.0,0.12,6.47,17.33,18.0,0.67,159.0,0.11,6.4,43.68,43.0,-0.68,336.0,0.13,6.4,11,1,2,1,0,23,6,5,0,0,11,1,5,1,0,32,2,6,3,3,19,2,47,408,18,2,45,431,14,1,50,344,22,2,42,512,38,1,0,3,34,0,0,11,0.38,0.27,0.35,0.37,0.26,0.37,0.2,0.61,0.19,0.16,0.65,0.19,0.16,0.7,0.14,0.15,0.69,0.16,0.09,0.62,0.3,0.12,0.6,0.29,0.1,0.55,0.35,0.13,0.57,0.31,0.31,0.44,0.26,0.34,0.43,0.23,9.3,2.7,0.8,5.7,6.47,0.8,0.2,0.6,0.1,6.47,451.7,18.6,28.2,357.3,47.7,6.47,7.0,0.9,6.1,6.47,0.2,0.0,0.1,0.0,0.0,0.4,0.6,6.47,9.9,7.0,16.9,6.47,18.5,9.8,28.3,6.47,9.3,6.47,21.9,6.47,4.9,1.5,8.0,6.47,1.7,6.47,10.3,10.9,6.47,2.2,0.0,6.47,3.1,0.3,2.1,0.7,6.47,14.1,9.2,6.47,28.3,13.4,14.9,6.47,8.4,2.9,0.8,4.6,6.4,0.9,0.4,0.5,0.1,6.4,388.3,17.8,31.5,293.4,45.6,6.4,6.3,1.2,5.1,6.4,0.3,0.1,0.1,0.1,0.0,0.3,0.7,6.4,9.7,6.9,16.6,6.4,19.8,9.1,28.9,6.4,7.9,6.4,28.3,6.4,5.5,1.8,8.2,6.4,1.6,6.4,10.4,11.2,6.4,2.4,0.0,6.4,3.9,0.6,2.1,1.3,6.4,12.3,8.5,6.4,29.6,13.6,16.0,6.4,Premier_League,2024-2025
Liverpool,42,16.5,0.594,0.869,9.9,6.82,32,2,44,17.6,0.563,0.856,11.6,6.81,33,1,9.5,17.7,8.2,11.5,1.8,6.82,10.8,16.1,7.5,11.1,1.4,6.81,16.5,5.9,8.6,9.9,6.82,17.6,6.3,7.3,9.0,6.81,42.9,41.0,-1.9,314.0,0.14,6.82,21.25,15.0,-6.25,181.0,0.12,6.82,49.68,44.0,-5.68,334.0,0.15,6.81,22.93,24.0,1.07,206.0,0.11,6.81,24,8,3,6,1,11,1,3,0,1,28,6,7,3,0,16,1,6,1,1,19,2,48,501,13,2,48,327,19,2,47,471,14,1,46,359,25,2,0,7,27,4,0,4,0.36,0.27,0.37,0.38,0.28,0.34,0.18,0.64,0.17,0.19,0.62,0.2,0.13,0.7,0.17,0.25,0.58,0.16,0.1,0.66,0.25,0.11,0.54,0.34,0.1,0.63,0.27,0.06,0.55,0.38,0.25,0.42,0.33,0.27,0.4,0.33,16.5,4.1,1.6,10.9,6.82,2.2,0.6,1.3,0.2,6.82,544.2,23.9,23.4,449.2,47.7,6.82,13.3,2.2,11.1,6.82,0.3,0.1,0.0,0.0,0.0,1.3,1.6,6.82,9.4,8.6,17.9,6.82,17.7,8.3,26.1,6.82,8.2,6.82,15.5,6.82,2.7,1.4,6.7,6.82,1.8,6.82,9.9,11.5,6.82,1.7,0.1,6.82,2.3,0.3,1.3,0.7,6.82,14.9,8.8,6.82,19.4,9.9,9.5,6.82,17.6,4.8,1.7,11.1,6.81,2.3,0.4,1.8,0.1,6.81,514.2,20.6,26.0,419.4,48.2,6.81,13.6,1.5,12.1,6.81,0.3,0.1,0.1,0.0,0.0,1.5,1.8,6.81,10.4,7.3,17.7,6.81,16.1,8.3,24.4,6.81,7.5,6.81,21.0,6.81,2.4,1.4,7.5,6.81,1.4,6.81,9.0,11.1,6.81,1.7,0.1,6.81,2.9,0.1,1.7,1.1,6.81,13.1,9.6,6.81,21.8,11.6,10.2,6.81,Premier_League,2024-2025
Manchester City,43,16.7,0.625,0.904,7.9,6.76,33,1,29,15.2,0.607,0.894,8.6,6.76,24,1,8.1,12.2,5.5,7.6,1.4,6.76,10.6,13.9,6.5,7.5,1.0,6.76,16.7,5.9,10.5,10.7,6.76,15.2,5.5,9.4,9.4,6.76,39.7,42.0,2.3,318.0,0.12,6.76,24.35,22.0,-2.35,153.0,0.16,6.76,33.93,29.0,-4.93,289.0,0.12,6.76,29.72,20.0,-9.72,202.0,0.15,6.76,33,2,5,2,1,13,3,4,2,1,25,1,2,1,0,16,1,1,2,1,17,3,35,584,11,2,45,328,18,2,37,560,13,2,48,338,20,2,0,12,21,2,0,3,0.36,0.3,0.34,0.37,0.3,0.33,0.13,0.69,0.18,0.23,0.62,0.15,0.19,0.69,0.12,0.17,0.66,0.17,0.09,0.52,0.4,0.08,0.67,0.24,0.09,0.58,0.33,0.1,0.66,0.24,0.2,0.4,0.4,0.24,0.39,0.37,16.7,6.7,1.4,8.6,6.76,2.3,0.3,1.4,0.5,6.76,617.2,19.9,15.3,538.2,43.8,6.76,13.1,1.3,11.8,6.76,0.2,0.0,0.3,0.0,0.0,1.2,1.6,6.76,11.4,10.5,21.9,6.76,12.2,5.6,17.8,6.76,5.5,6.76,14.7,6.76,1.5,1.1,7.4,6.76,1.4,6.76,10.7,7.6,6.76,1.7,0.1,6.76,1.7,0.1,1.3,0.4,6.76,13.3,9.9,6.76,16.1,7.9,8.2,6.76,15.2,4.9,1.4,8.8,6.76,1.5,0.3,1.0,0.2,6.76,591.9,20.9,15.9,508.4,46.7,6.76,11.7,1.4,10.4,6.76,0.2,0.1,0.2,0.0,0.0,0.7,1.1,6.76,10.8,9.4,20.2,6.76,13.9,6.8,20.7,6.76,6.5,6.76,16.2,6.76,3.2,1.0,5.3,6.76,1.0,6.76,9.4,7.5,6.76,1.3,0.1,6.76,2.8,0.1,2.1,0.6,6.76,11.8,10.8,6.76,18.4,8.6,9.8,6.76,Premier_League,2024-2025
Manchester United,23,14.8,0.532,0.847,12.9,6.58,41,2,21,12.9,0.539,0.841,13.1,6.63,43,1,10.5,22.7,9.4,10.5,1.5,6.58,11.4,20.3,9.5,10.7,2.2,6.63,14.8,4.8,6.1,10.6,6.58,12.9,4.4,7.2,8.9,6.63,30.95,21.0,-9.95,282.0,0.11,6.58,26.49,27.0,0.51,199.0,0.13,6.58,25.71,21.0,-4.71,246.0,0.1,6.63,30.56,25.0,-5.56,216.0,0.14,6.63,11,2,5,3,2,15,4,7,1,1,13,2,5,1,0,14,3,6,2,1,18,2,48,450,13,2,44,397,15,3,50,455,19,1,45,383,28,4,0,11,31,3,0,11,0.43,0.24,0.33,0.41,0.23,0.36,0.2,0.65,0.15,0.14,0.7,0.16,0.26,0.58,0.16,0.15,0.74,0.12,0.07,0.56,0.37,0.11,0.53,0.36,0.09,0.54,0.37,0.12,0.63,0.25,0.29,0.42,0.29,0.32,0.42,0.26,14.8,5.4,1.1,8.4,6.58,1.2,0.2,0.7,0.2,6.58,493.9,22.0,25.7,396.4,49.8,6.58,11.3,1.7,9.6,6.58,0.2,0.1,0.1,0.0,0.0,0.4,0.7,6.58,10.2,6.1,16.3,6.58,22.7,8.9,31.6,6.58,9.4,6.58,16.7,6.58,2.7,1.2,6.5,6.58,1.5,6.58,10.6,10.5,6.58,2.2,0.1,6.58,2.3,0.0,1.3,1.1,6.58,13.4,10.0,6.58,26.5,12.9,13.5,6.58,12.9,4.8,1.2,7.0,6.63,1.1,0.1,0.7,0.3,6.63,501.9,22.7,27.4,399.4,52.4,6.63,10.1,1.5,8.6,6.63,0.2,0.0,0.2,0.0,0.0,0.5,0.8,6.63,9.3,7.2,16.4,6.63,20.3,8.1,28.4,6.63,9.5,6.63,21.5,6.63,2.9,1.6,8.2,6.63,2.2,6.63,8.9,10.7,6.63,2.3,0.1,6.63,2.8,0.4,1.8,0.6,6.63,14.1,8.6,6.63,25.6,13.1,12.5,6.63,Premier_League,2024-2025
Newcastle,40,15.6,0.513,0.83,13.7,6.82,39,1,28,12.1,0.512,0.842,12.7,6.61,29,0,12.5,15.3,7.2,11.1,1.9,6.82,12.4,16.4,7.1,9.7,1.8,6.61,15.6,5.2,7.8,12.4,6.82,12.1,4.1,7.1,11.3,6.61,36.83,39.0,2.17,296.0,0.12,6.82,27.16,19.0,-8.16,238.0,0.11,6.82,32.94,27.0,-5.94,229.0,0.14,6.61,27.21,26.0,-1.21,235.0,0.12,6.61,24,2,10,3,1,11,2,5,1,1,20,3,2,2,1,20,3,3,0,1,20,2,42,407,17,2,51,375,17,2,42,425,17,2,54,391,24,4,0,12,18,2,0,9,0.35,0.26,0.39,0.37,0.27,0.37,0.17,0.63,0.2,0.15,0.69,0.15,0.2,0.64,0.16,0.19,0.61,0.19,0.1,0.61,0.28,0.09,0.57,0.34,0.14,0.58,0.28,0.08,0.63,0.29,0.28,0.41,0.31,0.3,0.42,0.28,15.6,4.4,1.6,9.6,6.82,2.1,0.5,1.3,0.3,6.82,442.3,17.3,24.0,349.8,51.2,6.82,11.8,2.2,9.7,6.82,0.5,0.1,0.1,0.1,0.0,0.9,1.6,6.82,9.4,7.8,17.2,6.82,15.3,8.2,23.5,6.82,7.2,6.82,22.5,6.82,4.4,2.1,7.2,6.82,1.9,6.82,12.4,11.1,6.82,2.1,0.1,6.82,3.2,0.2,1.6,1.4,6.82,12.8,11.8,6.82,25.8,13.7,12.2,6.82,12.1,3.5,1.7,6.9,6.61,1.5,0.6,0.7,0.1,6.61,461.5,18.3,23.3,370.4,49.5,6.61,9.3,1.0,8.3,6.61,0.3,0.0,0.2,0.0,0.0,0.6,1.1,6.61,10.3,7.1,17.4,6.61,16.4,7.5,23.9,6.61,7.1,6.61,20.9,6.61,3.1,2.2,7.0,6.61,1.8,6.61,11.3,9.7,6.61,1.5,0.0,6.61,2.9,0.1,2.0,0.8,6.61,13.1,11.2,6.61,25.8,12.7,13.1,6.61,Premier_League,2024-2025
Nottingham Forest,26,12.3,0.435,0.801,15.2,6.72,30,0,32,12.1,0.378,0.77,15.2,6.67,56,2,12.6,17.4,7.5,9.7,2.5,6.72,15.3,19.4,9.5,11.4,2.3,6.67,12.3,4.4,7.6,11.5,6.72,12.1,4.3,6.0,10.5,6.67,26.07,25.0,-1.07,234.0,0.11,6.72,23.6,16.0,-7.6,240.0,0.1,6.72,26.08,32.0,5.92,229.0,0.11,6.67,32.72,30.0,-2.72,291.0,0.11,6.67,14,2,7,2,1,7,2,6,1,0,16,5,10,1,0,19,6,3,2,0,19,1,48,318,20,1,43,434,14,2,52,270,26,1,45,481,24,1,0,5,40,8,0,12,0.46,0.23,0.3,0.44,0.25,0.31,0.21,0.71,0.08,0.21,0.59,0.2,0.18,0.72,0.1,0.17,0.67,0.16,0.13,0.52,0.35,0.12,0.51,0.37,0.07,0.55,0.38,0.1,0.6,0.3,0.3,0.41,0.29,0.32,0.42,0.26,12.3,4.3,1.6,6.4,6.72,1.4,0.4,0.7,0.3,6.72,362.5,20.4,26.7,269.8,45.6,6.72,9.2,1.8,7.4,6.72,0.4,0.1,0.1,0.2,0.0,0.4,1.0,6.72,8.3,7.6,15.9,6.72,17.4,8.2,25.5,6.72,7.5,6.72,28.5,6.72,4.0,1.7,7.5,6.72,2.5,6.72,11.5,9.7,6.72,1.6,0.0,6.72,2.8,0.2,1.7,0.8,6.72,15.7,8.8,6.72,30.3,15.2,15.1,6.72,12.1,4.6,0.8,6.7,6.67,1.7,0.3,1.1,0.3,6.67,319.4,19.8,31.6,226.3,41.7,6.67,8.4,0.9,7.5,6.67,0.3,0.1,0.0,0.1,0.0,0.9,1.2,6.67,8.7,6.0,14.7,6.67,19.4,9.1,28.4,6.67,9.5,6.67,33.8,6.67,4.3,1.7,6.7,6.67,2.3,6.67,10.5,11.4,6.67,2.9,0.1,6.67,3.5,0.3,2.6,0.6,6.67,13.9,8.2,6.67,29.8,15.2,14.6,6.67,Premier_League,2024-2025
Southampton,13,8.6,0.469,0.851,12.2,6.38,37,3,13,9.5,0.503,0.859,12.7,6.38,52,0,18.9,16.3,8.2,11.2,1.3,6.38,16.9,18.1,7.7,12.9,1.3,6.38,8.6,3.0,8.9,10.5,6.38,9.5,2.8,7.5,11.6,6.38,19.92,13.0,-6.92,163.0,0.12,6.38,50.53,47.0,-3.53,360.0,0.14,6.38,19.14,12.0,-7.14,180.0,0.11,6.38,43.68,39.0,-4.68,321.0,0.14,6.38,9,1,3,0,0,29,2,12,4,0,6,2,4,0,1,26,2,8,3,0,14,1,45,396,21,3,36,456,15,1,43,435,19,1,40,430,29,1,0,10,40,2,0,10,0.38,0.24,0.38,0.37,0.26,0.37,0.21,0.6,0.19,0.17,0.65,0.18,0.18,0.63,0.19,0.15,0.72,0.13,0.11,0.65,0.24,0.11,0.58,0.31,0.09,0.58,0.32,0.11,0.58,0.31,0.35,0.4,0.25,0.33,0.41,0.26,8.6,2.1,0.9,5.6,6.38,0.7,0.2,0.5,0.0,6.38,435.6,19.3,25.1,351.5,39.7,6.38,7.1,1.5,5.6,6.38,0.2,0.1,0.0,0.1,0.0,0.3,0.5,6.38,11.9,8.9,20.8,6.38,16.3,8.1,24.4,6.38,8.2,6.38,26.3,6.38,5.1,1.9,5.9,6.38,1.3,6.38,10.5,11.2,6.38,1.9,0.2,6.38,4.6,0.4,2.8,1.4,6.38,12.6,9.7,6.38,23.9,12.2,11.7,6.38,9.5,3.1,0.8,5.6,6.38,0.7,0.2,0.5,0.0,6.38,474.1,19.1,23.7,388.3,42.9,6.38,7.2,1.2,5.9,6.38,0.1,0.1,0.0,0.0,0.0,0.2,0.3,6.38,10.4,7.5,17.9,6.38,18.1,7.9,25.9,6.38,7.7,6.38,23.8,6.38,5.5,1.1,6.3,6.38,1.3,6.38,11.6,12.9,6.38,2.7,0.0,6.38,3.7,0.4,2.0,1.3,6.38,12.9,8.9,6.38,23.5,12.7,10.8,6.38,Premier_League,2024-2025
Tottenham,35,14.2,0.545,0.849,11.6,6.65,31,0,29,12.0,0.55,0.852,10.9,6.61,39,1,13.3,17.8,8.5,11.3,1.4,6.65,14.2,17.0,8.4,12.2,1.9,6.61,14.2,5.3,7.5,12.6,6.65,12.0,4.5,8.7,12.8,6.61,35.33,34.0,-1.33,269.0,0.13,6.65,37.68,35.0,-2.68,253.0,0.15,6.65,28.59,27.0,-1.59,228.0,0.13,6.61,33.86,26.0,-7.86,269.0,0.13,6.61,21,5,5,3,1,20,5,7,3,0,17,5,5,0,2,17,3,6,0,4,23,1,35,442,16,2,53,348,17,2,36,458,20,2,48,349,26,4,0,1,28,3,0,10,0.39,0.23,0.38,0.4,0.24,0.37,0.15,0.68,0.17,0.17,0.68,0.15,0.17,0.65,0.18,0.16,0.68,0.16,0.08,0.65,0.26,0.13,0.6,0.26,0.1,0.6,0.3,0.08,0.61,0.31,0.28,0.39,0.32,0.32,0.39,0.28,14.2,3.7,1.2,9.3,6.65,1.8,0.3,1.3,0.2,6.65,471.3,15.6,18.6,384.5,52.6,6.65,10.9,1.9,8.9,6.65,0.4,0.2,0.1,0.0,0.0,0.8,1.4,6.65,13.8,7.5,21.4,6.65,17.8,8.4,26.2,6.65,8.5,6.65,19.6,6.65,4.3,1.6,7.4,6.65,1.4,6.65,12.6,11.3,6.65,1.6,0.0,6.65,3.2,0.4,2.2,0.6,6.65,13.4,11.9,6.65,23.6,11.6,12.0,6.65,12.0,3.6,1.2,7.2,6.61,1.5,0.5,0.9,0.0,6.61,489.1,15.1,20.8,401.6,51.6,6.61,8.8,1.0,7.8,6.61,0.3,0.1,0.2,0.0,0.0,0.6,1.1,6.61,12.7,8.7,21.4,6.61,17.0,7.5,24.5,6.61,8.4,6.61,21.2,6.61,4.1,2.2,7.8,6.61,1.9,6.61,12.8,12.2,6.61,2.1,0.1,6.61,3.1,0.1,2.2,0.8,6.61,14.9,10.5,6.61,22.3,10.9,11.4,6.61,Premier_League,2024-2025
West Ham,23,11.7,0.502,0.832,14.9,6.5,43,1,23,13.3,0.469,0.821,16.4,6.67,35,2,14.4,16.1,7.2,11.9,2.3,6.5,16.3,18.4,10.3,11.4,1.6,6.67,11.7,3.7,8.2,11.0,6.5,13.3,3.9,10.1,9.9,6.67,26.15,21.0,-5.15,223.0,0.12,6.5,36.84,34.0,-2.84,273.0,0.13,6.5,27.19,22.0,-5.19,253.0,0.11,6.67,31.2,25.0,-6.2,310.0,0.1,6.67,14,1,4,2,2,21,3,7,3,0,14,3,4,1,1,18,2,5,0,3,18,1,50,412,19,3,49,405,15,2,57,379,24,1,47,441,34,5,0,6,25,1,0,12,0.37,0.24,0.39,0.35,0.25,0.4,0.14,0.67,0.19,0.2,0.65,0.15,0.16,0.64,0.2,0.2,0.61,0.19,0.13,0.57,0.31,0.11,0.56,0.33,0.08,0.64,0.28,0.09,0.58,0.33,0.3,0.43,0.27,0.34,0.41,0.25,11.7,3.6,1.5,6.6,6.5,1.2,0.3,0.7,0.1,6.5,456.5,23.6,25.4,356.3,51.3,6.5,7.8,1.4,6.4,6.5,0.2,0.1,0.1,0.0,0.0,0.3,0.6,6.5,10.9,8.2,19.2,6.5,16.1,6.7,22.7,6.5,7.2,6.5,23.7,6.5,3.8,1.5,7.5,6.5,2.3,6.5,11.0,11.9,6.5,2.3,0.1,6.5,3.2,0.3,1.8,1.0,6.5,13.4,10.1,6.5,30.1,14.9,15.2,6.5,13.3,3.8,1.1,8.5,6.67,1.2,0.4,0.7,0.1,6.67,432.5,23.8,32.7,331.2,44.8,6.67,9.6,1.9,7.7,6.67,0.3,0.1,0.0,0.0,0.0,0.7,0.9,6.67,12.5,10.1,22.6,6.67,18.4,6.1,24.4,6.67,10.3,6.67,28.8,6.67,5.1,1.5,6.8,6.67,1.6,6.67,9.9,11.4,6.67,1.8,0.1,6.67,3.5,0.4,2.1,1.1,6.67,12.5,10.6,6.67,31.2,16.4,14.8,6.67,Premier_League,2024-2025
Wolves,27,11.4,0.482,0.835,11.3,6.61,35,2,27,11.3,0.476,0.818,12.6,6.54,40,0,11.7,20.6,8.5,12.2,1.9,6.61,13.2,21.6,7.2,13.1,1.3,6.54,11.4,4.3,9.5,10.8,6.61,11.3,4.1,7.5,11.5,6.54,24.97,26.0,1.03,216.0,0.12,6.61,32.2,31.0,-1.2,223.0,0.14,6.61,23.03,27.0,3.97,215.0,0.11,6.54,30.81,35.0,4.19,250.0,0.12,6.54,17,6,3,0,1,16,3,7,5,1,19,2,6,0,0,17,3,13,2,2,17,1,49,396,18,2,42,435,14,1,54,374,19,2,47,419,26,5,0,8,26,2,0,12,0.39,0.24,0.37,0.38,0.24,0.38,0.18,0.69,0.13,0.11,0.76,0.13,0.15,0.63,0.21,0.16,0.64,0.2,0.05,0.57,0.39,0.06,0.62,0.32,0.07,0.57,0.37,0.1,0.61,0.29,0.31,0.42,0.26,0.32,0.43,0.26,11.4,4.4,0.5,6.4,6.61,1.4,0.2,1.0,0.2,6.61,439.3,20.8,27.1,346.1,45.4,6.61,8.3,1.2,7.1,6.61,0.2,0.0,0.2,0.0,0.0,0.7,1.1,6.61,10.7,9.5,20.3,6.61,20.6,6.8,27.4,6.61,8.5,6.61,23.8,6.61,3.3,1.6,7.9,6.61,1.9,6.61,10.8,12.2,6.61,1.8,0.1,6.61,2.7,0.2,1.8,0.7,6.61,15.1,10.5,6.61,23.2,11.3,11.9,6.61,11.3,4.2,0.7,6.4,6.54,1.4,0.3,0.8,0.4,6.54,423.9,22.2,30.8,324.7,46.3,6.54,8.8,1.2,7.7,6.54,0.2,0.1,0.1,0.0,0.0,0.8,1.2,6.54,10.7,7.5,18.2,6.54,21.6,8.7,30.3,6.54,7.2,6.54,23.6,6.54,3.9,1.5,7.8,6.54,1.3,6.54,11.5,13.1,6.54,2.1,0.0,6.54,2.7,0.4,1.3,0.9,6.54,16.1,8.9,6.54,26.0,12.6,13.4,6.54,Premier_League,2024-2025
Arsenal,40,16.2,0.564,0.855,13.6,6.83,16,0,27,12.7,0.552,0.824,18.8,6.76,29,0,7.1,15.2,7.7,10.2,2.2,6.83,9.5,17.5,7.1,10.4,1.2,6.76,16.2,5.1,7.6,11.3,6.83,12.7,4.8,6.9,9.8,6.76,38.13,36.0,-2.13,292.0,0.13,6.83,14.58,10.0,-4.58,127.0,0.11,6.83,30.61,27.0,-3.61,216.0,0.14,6.76,16.88,15.0,-1.88,161.0,0.1,6.76,18,3,12,3,4,9,1,0,0,1,16,1,9,1,0,8,0,7,0,0,18,4,41,442,10,1,50,328,18,3,49,410,16,2,56,315,10,3,0,3,20,2,0,7,0.32,0.27,0.41,0.34,0.25,0.41,0.11,0.69,0.2,0.2,0.64,0.16,0.15,0.69,0.16,0.13,0.73,0.14,0.15,0.55,0.3,0.13,0.48,0.39,0.16,0.62,0.22,0.08,0.57,0.35,0.22,0.43,0.35,0.26,0.41,0.32,16.2,4.8,2.4,8.9,6.83,2.2,0.5,1.2,0.3,6.83,479.9,18.3,22.7,392.1,46.8,6.83,11.9,1.7,10.3,6.83,0.2,0.1,0.3,0.0,0.0,1.1,1.6,6.83,10.0,7.6,17.6,6.83,15.2,5.3,20.4,6.83,7.7,6.83,20.0,6.83,2.4,0.4,6.6,6.83,2.2,6.83,11.3,10.2,6.83,0.9,0.0,6.83,1.4,0.4,0.7,0.3,6.83,14.7,7.8,6.83,27.6,13.6,13.9,6.83,12.7,2.8,2.0,7.9,6.76,1.6,0.5,0.8,0.2,6.76,454.6,19.0,30.3,355.6,49.6,6.76,9.3,1.4,7.9,6.76,0.5,0.1,0.1,0.0,0.0,0.6,1.1,6.76,10.4,6.9,17.4,6.76,17.5,5.5,23.0,6.76,7.1,6.76,27.9,6.76,3.2,1.6,6.3,6.76,1.2,6.76,9.8,10.4,6.76,1.7,0.0,6.76,1.8,0.2,1.1,0.5,6.76,15.0,8.9,6.76,35.7,18.8,16.9,6.76,Premier_League,2025-2026
Aston Villa,27,14.2,0.54,0.854,12.0,6.65,20,1,20,11.3,0.536,0.851,13.4,6.51,32,0,11.1,14.6,6.3,9.8,1.2,6.65,14.4,15.7,6.2,10.4,0.9,6.51,14.2,4.8,5.9,12.9,6.65,11.3,3.9,6.8,12.1,6.51,25.52,26.0,0.48,242.0,0.11,6.65,22.79,18.0,-4.79,189.0,0.12,6.65,22.15,18.0,-4.15,192.0,0.12,6.51,29.23,23.0,-6.23,244.0,0.12,6.51,17,3,6,0,1,12,1,4,1,0,11,0,7,0,2,16,1,6,0,1,17,2,43,418,17,2,45,347,16,1,43,409,19,2,43,345,16,2,0,3,19,4,0,9,0.35,0.3,0.35,0.37,0.3,0.33,0.17,0.68,0.15,0.24,0.61,0.15,0.15,0.73,0.12,0.16,0.73,0.11,0.13,0.51,0.36,0.08,0.6,0.32,0.11,0.51,0.38,0.12,0.54,0.34,0.29,0.41,0.3,0.32,0.41,0.27,14.2,5.1,1.8,7.3,6.65,1.6,0.4,0.6,0.5,6.65,458.8,20.9,22.3,371.0,44.6,6.65,10.9,1.8,9.1,6.65,0.2,0.1,0.1,0.0,0.0,0.9,1.2,6.65,10.1,5.9,16.1,6.65,14.6,6.1,20.7,6.65,6.3,6.65,19.9,6.65,3.4,1.8,6.9,6.65,1.2,6.65,12.9,9.8,6.65,1.2,0.1,6.65,2.9,0.1,1.5,1.4,6.65,16.0,9.6,6.65,24.2,12.0,12.2,6.65,11.3,4.2,1.3,5.8,6.51,1.2,0.4,0.4,0.4,6.51,448.5,19.4,23.5,362.2,43.4,6.51,8.6,1.1,7.5,6.51,0.3,0.1,0.1,0.0,0.0,0.4,0.7,6.51,10.7,6.8,17.5,6.51,15.7,6.9,22.6,6.51,6.2,6.51,21.9,6.51,4.5,1.8,6.2,6.51,0.9,6.51,12.1,10.4,6.51,1.9,0.0,6.51,2.9,0.2,1.7,1.1,6.51,14.1,11.1,6.51,26.2,13.4,12.8,6.51,Premier_League,2025-2026
Bournemouth,28,14.7,0.528,0.809,16.7,6.7,37,0,27,13.1,0.478,0.784,17.4,6.63,44,1,9.0,14.9,9.5,11.3,2.1,6.7,16.2,19.8,9.9,12.4,1.8,6.63,14.7,4.7,7.7,10.2,6.7,13.1,4.8,7.9,10.1,6.63,29.05,27.0,-2.05,265.0,0.11,6.7,15.22,17.0,1.78,162.0,0.09,6.7,31.07,27.0,-4.07,222.0,0.14,6.63,38.35,32.0,-6.35,275.0,0.14,6.63,13,4,6,4,1,7,1,8,1,2,13,5,8,1,0,15,3,9,5,1,22,2,53,388,15,2,58,339,18,2,55,337,20,1,51,377,26,5,0,6,23,2,0,20,0.4,0.27,0.33,0.43,0.26,0.31,0.14,0.72,0.14,0.16,0.65,0.18,0.2,0.64,0.15,0.14,0.72,0.13,0.08,0.5,0.42,0.09,0.53,0.38,0.13,0.5,0.36,0.14,0.61,0.24,0.27,0.41,0.33,0.31,0.4,0.29,14.7,6.2,1.2,7.3,6.7,1.6,0.2,0.9,0.4,6.7,436.3,20.4,32.1,332.7,51.1,6.7,10.0,1.1,8.9,6.7,0.2,0.0,0.1,0.0,0.0,0.8,1.1,6.7,11.4,7.7,19.1,6.7,14.9,6.4,21.3,6.7,9.5,6.7,29.7,6.7,2.7,1.1,8.1,6.7,2.1,6.7,10.2,11.3,6.7,2.1,0.0,6.7,2.1,0.2,1.3,0.6,6.7,16.7,9.0,6.7,34.9,16.7,18.2,6.7,13.1,4.8,1.7,6.6,6.63,1.6,0.7,0.6,0.2,6.63,386.8,19.8,34.5,283.4,49.1,6.63,9.0,0.9,8.1,6.63,0.1,0.0,0.0,0.0,0.0,0.6,0.8,6.63,11.1,7.9,19.1,6.63,19.8,8.2,28.0,6.63,9.9,6.63,32.5,6.63,5.4,1.4,8.5,6.63,1.8,6.63,10.1,12.4,6.63,2.6,0.1,6.63,3.6,0.6,1.6,1.4,6.63,14.9,7.8,6.63,38.3,17.4,20.9,6.63,Premier_League,2025-2026
Brentford,31,11.9,0.465,0.792,18.9,6.75,27,0,21,9.5,0.487,0.793,20.5,6.6,36,1,12.2,14.4,9.4,9.8,1.3,6.75,12.9,14.4,8.3,10.8,1.8,6.6,11.9,4.2,6.4,9.7,6.75,9.5,3.8,6.4,8.4,6.6,38.63,29.0,-9.63,214.0,0.18,6.75,25.31,19.0,-6.31,220.0,0.12,6.75,25.26,21.0,-4.26,162.0,0.16,6.6,25.99,24.0,-1.99,220.0,0.12,6.6,12,7,5,5,2,15,1,2,1,0,12,2,4,3,0,12,4,5,3,3,18,2,58,334,19,1,53,400,18,1,58,352,20,1,52,380,13,2,0,12,24,2,0,11,0.35,0.26,0.39,0.38,0.27,0.36,0.13,0.77,0.11,0.18,0.73,0.1,0.1,0.75,0.14,0.16,0.71,0.13,0.18,0.57,0.25,0.09,0.56,0.35,0.09,0.67,0.24,0.09,0.54,0.38,0.29,0.43,0.28,0.31,0.42,0.27,11.9,2.9,2.2,6.8,6.75,1.7,0.6,1.0,0.1,6.75,388.2,25.4,32.4,282.1,48.3,6.75,8.6,1.9,6.7,6.75,0.1,0.0,0.2,0.0,0.0,0.7,0.9,6.75,10.5,6.4,16.9,6.75,14.4,6.1,20.5,6.75,9.4,6.75,28.7,6.75,4.2,1.3,6.2,6.75,1.3,6.75,9.7,9.8,6.75,1.5,0.0,6.75,2.8,0.2,1.5,1.1,6.75,16.0,7.6,6.75,37.4,18.9,18.6,6.75,9.5,2.3,0.9,6.4,6.6,1.2,0.1,1.1,0.1,6.6,405.9,21.9,36.2,300.1,47.6,6.6,6.9,1.5,5.5,6.6,0.4,0.1,0.1,0.0,0.0,0.5,0.9,6.6,11.2,6.4,17.6,6.6,14.4,7.7,22.1,6.6,8.3,6.6,29.3,6.6,3.8,1.1,7.5,6.6,1.8,6.6,8.4,10.8,6.6,2.1,0.1,6.6,2.4,0.2,1.2,0.9,6.6,15.3,8.5,6.6,40.2,20.5,19.8,6.6,Premier_League,2025-2026
Brighton,27,13.8,0.542,0.843,15.0,6.66,33,0,22,11.9,0.523,0.833,14.4,6.56,52,0,10.1,18.6,6.8,11.5,1.8,6.66,13.8,17.9,10.2,12.8,1.6,6.56,13.8,5.1,7.5,10.6,6.66,11.9,4.1,6.9,9.1,6.56,27.89,26.0,-1.89,235.0,0.12,6.66,21.12,16.0,-5.12,171.0,0.12,6.66,26.81,22.0,-4.81,214.0,0.13,6.56,29.83,22.0,-7.83,248.0,0.12,6.56,19,1,4,2,1,10,1,3,2,1,15,0,6,1,0,16,0,3,3,3,17,1,46,439,15,1,53,356,19,1,49,418,16,2,57,371,24,1,0,8,39,8,0,5,0.36,0.27,0.37,0.32,0.28,0.39,0.14,0.74,0.12,0.19,0.66,0.15,0.14,0.72,0.14,0.13,0.68,0.2,0.09,0.55,0.36,0.12,0.61,0.27,0.13,0.56,0.31,0.1,0.58,0.31,0.27,0.42,0.32,0.29,0.41,0.3,13.8,5.1,1.2,7.5,6.66,1.6,0.4,1.0,0.2,6.66,481.1,20.5,24.9,384.8,50.9,6.66,10.1,1.4,8.7,6.66,0.1,0.0,0.1,0.0,0.0,0.9,1.1,6.66,10.8,7.5,18.2,6.66,18.6,8.8,27.4,6.66,6.8,6.66,23.8,6.66,2.4,1.0,7.9,6.66,1.8,6.66,10.6,11.5,6.66,1.9,0.0,6.66,2.6,0.2,1.9,0.4,6.66,17.6,8.8,6.66,28.9,15.0,13.9,6.66,11.9,3.8,1.5,6.6,6.56,1.2,0.3,0.7,0.2,6.56,462.9,20.4,28.3,365.1,49.1,6.56,8.8,1.5,7.3,6.56,0.3,0.1,0.1,0.0,0.0,0.4,0.7,6.56,9.7,6.9,16.6,6.56,17.9,9.3,27.2,6.56,10.2,6.56,24.3,6.56,3.6,1.1,8.0,6.56,1.6,6.56,9.1,12.8,6.56,2.9,0.0,6.56,2.8,0.3,1.6,0.9,6.56,16.6,8.4,6.56,29.9,14.4,15.5,6.56,Premier_League,2025-2026
Burnley,15,10.3,0.425,0.788,15.7,6.55,21,1,20,8.0,0.414,0.789,15.6,6.32,37,2,16.2,16.1,9.6,9.5,1.4,6.55,17.4,17.3,8.7,10.5,1.8,6.32,10.3,2.9,6.6,8.0,6.55,8.0,3.1,3.6,9.6,6.32,17.95,13.0,-4.95,175.0,0.1,6.55,34.72,26.0,-8.72,276.0,0.13,6.55,15.46,19.0,3.54,144.0,0.11,6.32,40.36,41.0,0.64,313.0,0.13,6.32,9,1,3,0,2,14,4,7,1,0,13,0,4,2,1,28,3,5,5,4,15,1,55,344,22,2,46,490,12,1,58,322,22,2,49,483,15,3,0,5,26,1,0,12,0.37,0.24,0.39,0.36,0.23,0.41,0.16,0.64,0.19,0.16,0.68,0.17,0.23,0.66,0.1,0.15,0.71,0.14,0.1,0.56,0.34,0.11,0.57,0.32,0.05,0.53,0.42,0.12,0.55,0.33,0.29,0.43,0.27,0.33,0.42,0.25,10.3,3.5,1.1,5.8,6.55,0.9,0.0,0.7,0.1,6.55,394.5,20.1,34.5,290.7,49.2,6.55,7.9,1.6,6.3,6.55,0.2,0.0,0.1,0.0,0.0,0.3,0.6,6.55,9.9,6.6,16.6,6.55,16.1,8.4,24.5,6.55,9.6,6.55,31.5,6.55,4.9,1.7,7.8,6.55,1.4,6.55,8.0,9.5,6.55,1.2,0.1,6.55,4.0,0.3,2.7,1.0,6.55,15.3,9.2,6.55,34.9,15.7,19.2,6.55,8.0,3.3,0.4,4.3,6.32,1.1,0.2,0.8,0.1,6.32,375.1,22.3,34.9,273.5,44.3,6.32,5.6,0.8,4.7,6.32,0.3,0.1,0.1,0.0,0.0,0.4,0.8,6.32,7.2,3.6,10.8,6.32,17.3,7.6,24.9,6.32,8.7,6.32,29.9,6.32,4.7,1.2,8.9,6.32,1.8,6.32,9.6,10.5,6.32,2.1,0.1,6.32,3.2,0.2,1.7,1.3,6.32,15.8,8.3,6.32,33.2,15.6,17.6,6.32,Premier_League,2025-2026
Chelsea,23,15.2,0.593,0.878,13.1,6.65,35,3,30,12.2,0.567,0.867,13.9,6.67,41,4,10.4,15.4,9.1,10.8,1.5,6.65,11.4,15.9,10.4,10.9,1.6,6.67,15.2,4.2,7.2,11.9,6.65,12.2,4.7,7.2,11.0,6.67,34.2,23.0,-11.2,258.0,0.13,6.65,24.12,21.0,-3.12,177.0,0.14,6.65,32.71,29.0,-3.71,207.0,0.16,6.67,25.61,24.0,-1.61,194.0,0.13,6.67,14,2,3,4,0,12,1,7,1,0,14,3,9,3,1,12,3,9,0,0,21,2,47,504,14,2,47,332,15,3,45,499,18,2,49,360,24,5,0,10,25,4,0,18,0.35,0.31,0.34,0.35,0.29,0.36,0.16,0.72,0.12,0.14,0.71,0.15,0.16,0.68,0.16,0.14,0.69,0.17,0.13,0.49,0.38,0.1,0.56,0.34,0.11,0.63,0.26,0.13,0.61,0.26,0.27,0.4,0.33,0.3,0.44,0.27,15.2,5.8,1.9,7.5,6.65,1.4,0.5,0.8,0.1,6.65,546.5,22.4,24.1,457.7,42.4,6.65,11.4,1.2,10.2,6.65,0.3,0.2,0.1,0.0,0.0,0.5,0.9,6.65,11.7,7.2,18.9,6.65,15.4,5.3,20.7,6.65,9.1,6.65,20.4,6.65,2.9,0.9,6.4,6.65,1.5,6.65,11.9,10.8,6.65,2.1,0.2,6.65,2.6,0.1,1.6,0.9,6.65,16.3,6.7,6.65,25.5,13.1,12.4,6.65,12.2,3.2,1.3,7.7,6.67,1.8,0.5,1.0,0.2,6.67,540.4,19.6,25.5,448.9,46.4,6.67,9.0,0.7,8.3,6.67,0.2,0.0,0.1,0.1,0.0,0.8,1.1,6.67,10.1,7.2,17.4,6.67,15.9,7.0,22.9,6.67,10.4,6.67,25.4,6.67,2.8,1.2,6.8,6.67,1.6,6.67,11.0,10.9,6.67,2.4,0.2,6.67,2.9,0.3,2.0,0.6,6.67,15.6,9.6,6.67,27.6,13.9,13.6,6.67,Premier_League,2025-2026
Crystal Palace,16,13.2,0.472,0.774,20.3,6.62,30,1,20,9.8,0.448,0.792,18.2,6.65,39,1,10.2,16.9,7.8,10.8,1.9,6.62,12.5,19.9,8.8,11.1,1.8,6.65,13.2,3.8,3.9,9.4,6.62,9.8,3.5,4.5,9.2,6.65,31.35,15.0,-16.35,225.0,0.14,6.62,23.8,18.0,-5.8,173.0,0.14,6.62,24.37,20.0,-4.37,166.0,0.15,6.65,26.39,22.0,-4.39,213.0,0.12,6.65,8,0,4,3,1,10,2,4,2,1,10,0,6,4,0,6,2,11,3,1,18,2,58,354,18,1,55,407,15,2,53,337,19,2,51,427,23,1,0,8,27,3,0,10,0.34,0.31,0.35,0.35,0.31,0.33,0.1,0.78,0.12,0.16,0.7,0.15,0.11,0.74,0.14,0.15,0.74,0.11,0.14,0.58,0.28,0.1,0.58,0.32,0.14,0.59,0.27,0.14,0.56,0.3,0.28,0.42,0.3,0.3,0.45,0.25,13.2,3.6,1.9,7.7,6.62,0.9,0.3,0.6,0.0,6.62,407.8,20.5,36.8,295.1,55.3,6.62,8.5,1.5,6.9,6.62,0.2,0.0,0.1,0.0,0.0,0.4,0.6,6.62,7.9,3.9,11.8,6.62,16.9,7.1,24.0,6.62,7.8,6.62,31.3,6.62,2.1,1.1,9.8,6.62,1.9,6.62,9.4,10.8,6.62,1.8,0.1,6.62,2.6,0.2,1.6,0.8,6.62,14.4,8.1,6.62,41.4,20.3,21.1,6.62,9.8,2.6,1.4,5.8,6.65,1.2,0.2,0.8,0.1,6.65,385.9,19.7,32.4,286.1,47.8,6.65,6.9,1.1,5.9,6.65,0.2,0.1,0.1,0.0,0.0,0.4,0.6,6.65,6.8,4.5,11.2,6.65,19.9,8.3,28.2,6.65,8.8,6.65,35.9,6.65,3.6,1.6,8.5,6.65,1.8,6.65,9.2,11.1,6.65,2.3,0.1,6.65,3.0,0.4,1.8,0.8,6.65,14.6,9.2,6.65,38.0,18.2,19.8,6.65,Premier_League,2025-2026
Everton,22,12.2,0.473,0.815,22.4,6.73,28,3,19,9.8,0.404,0.777,21.3,6.68,33,1,11.1,18.9,7.9,10.0,1.2,6.73,16.2,18.0,8.9,10.6,1.5,6.68,12.2,4.2,7.0,11.2,6.73,9.8,3.1,5.9,10.8,6.68,24.5,21.0,-3.5,208.0,0.12,6.73,25.33,21.0,-4.33,188.0,0.13,6.73,21.57,18.0,-3.57,167.0,0.13,6.68,29.69,19.0,-10.69,275.0,0.11,6.68,10,2,7,2,1,9,4,7,1,0,14,2,2,0,1,13,2,2,2,1,22,2,51,368,14,2,52,424,14,2,56,306,21,2,47,486,18,4,0,10,26,1,0,7,0.44,0.24,0.32,0.39,0.25,0.35,0.16,0.72,0.11,0.21,0.68,0.11,0.2,0.67,0.13,0.14,0.68,0.18,0.14,0.54,0.32,0.13,0.55,0.32,0.14,0.54,0.31,0.09,0.56,0.34,0.26,0.42,0.33,0.32,0.41,0.27,12.2,3.9,1.7,6.6,6.73,1.3,0.4,0.8,0.1,6.73,416.1,21.6,28.8,317.6,48.2,6.73,9.1,1.2,7.9,6.73,0.4,0.1,0.1,0.1,0.0,0.6,1.1,6.73,11.3,7.0,18.3,6.73,18.9,5.3,24.2,6.73,7.9,6.73,27.6,6.73,3.1,1.2,8.4,6.73,1.2,6.73,11.2,10.0,6.73,1.6,0.2,6.73,2.5,0.3,1.6,0.6,6.73,16.1,9.5,6.73,40.9,22.4,18.6,6.73,9.8,3.1,1.4,5.4,6.68,1.1,0.4,0.6,0.1,6.68,358.4,22.0,33.8,256.6,45.9,6.68,7.2,1.1,6.1,6.68,0.1,0.1,0.2,0.0,0.0,0.5,0.8,6.68,9.7,5.9,15.6,6.68,18.0,7.9,25.9,6.68,8.9,6.68,32.6,6.68,5.5,1.1,7.7,6.68,1.5,6.68,10.8,10.6,6.68,1.9,0.1,6.68,2.9,0.3,1.5,1.1,6.68,17.1,9.1,6.68,38.6,21.3,17.3,6.68,Premier_League,2025-2026
Fulham,28,13.8,0.527,0.845,15.2,6.66,30,0,16,11.2,0.498,0.83,14.3,6.49,39,0,10.6,15.3,8.0,10.5,1.9,6.66,13.3,18.8,9.1,11.3,1.6,6.49,13.8,4.0,6.1,9.4,6.66,11.2,3.3,5.6,8.7,6.49,25.42,24.0,-1.42,234.0,0.11,6.66,23.66,16.0,-7.66,181.0,0.13,6.66,21.1,16.0,-5.1,202.0,0.1,6.49,33.17,30.0,-3.17,239.0,0.14,6.49,18,0,4,2,4,11,1,4,0,3,7,2,5,2,0,19,3,5,3,0,19,1,48,448,18,2,54,390,17,1,51,406,17,2,49,414,16,3,0,11,27,3,0,9,0.41,0.26,0.33,0.43,0.25,0.32,0.15,0.72,0.13,0.16,0.66,0.18,0.17,0.69,0.13,0.13,0.71,0.16,0.11,0.57,0.32,0.15,0.6,0.25,0.1,0.58,0.32,0.17,0.49,0.34,0.29,0.43,0.28,0.32,0.42,0.26,13.8,4.4,1.5,7.9,6.66,1.6,0.2,0.9,0.3,6.66,490.4,22.0,25.5,392.2,50.7,6.66,10.2,1.3,8.9,6.66,0.2,0.0,0.1,0.0,0.0,0.5,0.8,6.66,8.2,6.1,14.4,6.66,15.3,5.1,20.4,6.66,8.0,6.66,28.1,6.66,3.2,2.1,6.9,6.66,1.9,6.66,9.4,10.5,6.66,1.8,0.0,6.66,2.2,0.2,1.4,0.6,6.66,15.4,7.1,6.66,29.4,15.2,14.2,6.66,11.2,3.6,1.1,6.5,6.49,0.9,0.4,0.3,0.2,6.49,452.8,21.7,28.3,354.0,48.8,6.49,7.9,1.0,6.9,6.49,0.2,0.2,0.1,0.0,0.0,0.3,0.7,6.49,8.4,5.6,14.0,6.49,18.8,6.6,25.4,6.49,9.1,6.49,27.0,6.49,3.9,2.0,6.4,6.49,1.6,6.49,8.7,11.3,6.49,2.2,0.0,6.49,2.9,0.3,1.4,1.2,6.49,13.6,8.0,6.49,29.2,14.3,14.9,6.49,Premier_League,2025-2026
Leeds,28,14.7,0.48,0.8,18.3,6.66,30,0,19,10.7,0.433,0.792,19.5,6.55,27,1,10.6,16.9,9.8,10.2,1.6,6.66,13.8,17.6,8.5,10.9,1.4,6.55,14.7,4.6,5.2,11.7,6.66,10.7,3.6,5.8,10.4,6.55,33.21,28.0,-5.21,265.0,0.13,6.66,21.83,21.0,-0.83,191.0,0.11,6.66,23.9,18.0,-5.9,182.0,0.13,6.55,30.93,30.0,-0.93,235.0,0.13,6.55,10,3,12,3,0,13,1,5,2,0,12,0,4,2,1,16,1,9,4,1,21,1,55,367,16,1,56,407,15,1,53,333,22,2,48,453,24,2,0,4,21,1,0,7,0.37,0.27,0.36,0.38,0.27,0.34,0.13,0.73,0.14,0.11,0.74,0.15,0.15,0.73,0.11,0.13,0.77,0.11,0.14,0.53,0.33,0.13,0.52,0.35,0.07,0.64,0.29,0.15,0.53,0.32,0.27,0.44,0.29,0.32,0.43,0.27,14.7,4.8,2.1,7.8,6.66,1.6,0.6,0.8,0.2,6.66,416.8,21.0,32.7,312.7,50.4,6.66,10.3,2.2,8.1,6.66,0.2,0.2,0.1,0.0,0.0,0.6,0.8,6.66,9.5,5.2,14.7,6.66,16.9,7.4,24.3,6.66,9.8,6.66,25.8,6.66,3.1,1.1,7.8,6.66,1.6,6.66,11.7,10.2,6.66,1.7,0.0,6.66,2.1,0.3,1.4,0.3,6.66,15.4,8.9,6.66,38.3,18.3,20.0,6.66,10.7,3.1,0.8,6.9,6.55,1.1,0.2,0.6,0.2,6.55,380.2,20.2,31.1,280.8,48.1,6.55,6.9,1.4,5.5,6.55,0.1,0.0,0.0,0.0,0.0,0.4,0.5,6.55,9.7,5.8,15.5,6.55,17.6,7.5,25.1,6.55,8.5,6.55,34.3,6.55,4.1,1.8,7.2,6.55,1.4,6.55,10.4,10.9,6.55,1.6,0.1,6.55,2.9,0.4,1.5,1.1,6.55,14.9,7.8,6.55,41.4,19.5,21.8,6.55,Premier_League,2025-2026
Liverpool,32,17.4,0.594,0.853,16.9,6.82,18,1,27,13.7,0.6,0.861,14.1,6.61,34,0,11.3,14.5,6.8,9.5,2.2,6.82,11.8,11.8,7.0,10.3,1.8,6.61,17.4,5.1,9.1,9.8,6.82,13.7,4.0,7.1,10.3,6.61,31.72,30.0,-1.72,295.0,0.11,6.82,20.22,18.0,-2.22,192.0,0.11,6.82,30.79,27.0,-3.79,246.0,0.13,6.61,27.45,29.0,1.55,212.0,0.13,6.61,17,4,9,0,2,9,3,5,1,0,18,2,6,1,0,13,2,12,2,0,21,2,49,479,17,2,58,301,19,2,46,505,16,2,52,313,14,0,0,5,27,3,0,4,0.38,0.27,0.35,0.35,0.27,0.38,0.19,0.65,0.17,0.24,0.61,0.15,0.21,0.64,0.15,0.16,0.72,0.12,0.05,0.61,0.34,0.06,0.59,0.35,0.11,0.53,0.36,0.1,0.56,0.34,0.26,0.39,0.34,0.27,0.42,0.32,17.4,5.9,0.8,10.6,6.82,1.9,0.2,1.4,0.2,6.82,522.9,22.6,25.5,423.5,51.4,6.82,13.8,2.4,11.4,6.82,0.1,0.1,0.2,0.0,0.0,1.1,1.4,6.82,9.5,9.1,18.5,6.82,14.5,6.1,20.6,6.82,6.8,6.82,26.4,6.82,3.1,1.2,7.5,6.82,2.2,6.82,9.8,9.5,6.82,1.1,0.1,6.82,2.6,0.0,1.6,1.1,6.82,16.0,8.5,6.82,30.8,16.9,13.9,6.82,13.7,4.9,1.5,7.2,6.61,1.5,0.5,0.9,0.1,6.61,547.0,19.9,25.1,451.0,51.0,6.61,10.4,1.2,9.2,6.61,0.2,0.2,0.1,0.1,0.0,0.6,0.9,6.61,10.3,7.1,17.4,6.61,11.8,5.9,17.8,6.61,7.0,6.61,26.0,6.61,3.1,1.5,7.1,6.61,1.8,6.61,10.3,10.3,6.61,1.9,0.0,6.61,2.4,0.2,1.5,0.7,6.61,16.3,8.3,6.61,26.4,14.1,12.3,6.61,Premier_League,2025-2026
Manchester City,38,15.9,0.6,0.884,12.7,6.95,24,0,28,14.6,0.608,0.887,13.6,6.86,35,0,9.2,14.3,8.1,10.1,1.0,6.95,10.4,15.4,8.5,9.9,1.5,6.86,15.9,6.2,10.1,11.1,6.95,14.6,4.7,10.5,10.8,6.86,36.71,36.0,-0.71,255.0,0.14,6.95,18.82,12.0,-6.82,147.0,0.13,6.95,31.46,27.0,-4.46,248.0,0.13,6.86,22.73,17.0,-5.73,176.0,0.13,6.86,26,5,4,1,2,8,1,3,0,0,17,4,4,2,1,9,1,6,1,0,16,4,40,550,12,3,50,344,16,3,38,555,15,2,52,328,16,4,0,4,24,2,0,9,0.36,0.27,0.37,0.37,0.28,0.35,0.18,0.68,0.14,0.22,0.63,0.16,0.12,0.76,0.12,0.18,0.68,0.15,0.09,0.66,0.25,0.12,0.6,0.29,0.09,0.64,0.27,0.1,0.62,0.28,0.23,0.42,0.35,0.25,0.43,0.32,15.9,4.0,1.4,10.5,6.95,2.4,0.3,1.7,0.3,6.95,589.1,20.7,18.9,500.0,49.5,6.95,12.3,1.6,10.8,6.95,0.4,0.1,0.3,0.0,0.0,1.1,1.8,6.95,13.1,10.1,23.2,6.95,14.3,4.7,18.9,6.95,8.1,6.95,18.6,6.95,2.6,1.3,6.7,6.95,1.0,6.95,11.1,10.1,6.95,1.5,0.0,6.95,2.1,0.1,1.5,0.5,6.95,14.3,9.9,6.95,22.6,12.7,9.9,6.95,14.6,4.0,1.3,9.3,6.86,1.6,0.3,1.1,0.2,6.86,591.4,18.2,19.5,506.3,47.4,6.86,11.5,1.2,10.2,6.86,0.2,0.0,0.3,0.0,0.0,0.7,1.2,6.86,13.6,10.5,24.1,6.86,15.4,5.9,21.2,6.86,8.5,6.86,25.5,6.86,3.0,0.9,7.3,6.86,1.5,6.86,10.8,9.9,6.86,2.1,0.0,6.86,2.6,0.4,1.5,0.7,6.86,14.8,9.1,6.86,22.4,13.6,8.8,6.86,Premier_League,2025-2026
Manchester United,36,17.3,0.511,0.835,16.2,6.82,30,2,27,13.8,0.528,0.82,18.0,6.65,26,1,10.3,19.4,8.8,10.4,1.8,6.82,12.8,17.4,7.8,10.1,1.2,6.65,17.3,6.8,6.8,10.2,6.82,13.8,4.6,5.9,10.8,6.65,36.21,35.0,-1.21,311.0,0.12,6.82,21.85,22.0,0.15,185.0,0.12,6.82,28.48,25.0,-3.48,234.0,0.12,6.65,27.68,24.0,-3.68,217.0,0.13,6.65,20,2,11,2,1,8,2,11,1,0,14,2,7,2,2,14,5,2,3,2,19,3,47,420,18,1,48,401,15,3,52,415,22,1,53,358,27,1,0,5,20,2,0,5,0.36,0.28,0.36,0.39,0.28,0.33,0.12,0.7,0.18,0.1,0.77,0.13,0.14,0.7,0.16,0.16,0.71,0.14,0.1,0.59,0.31,0.09,0.59,0.31,0.1,0.52,0.38,0.11,0.54,0.35,0.27,0.43,0.29,0.29,0.43,0.27,17.3,5.4,1.8,10.1,6.82,2.0,0.6,1.1,0.3,6.82,466.0,22.9,24.3,366.2,52.7,6.82,13.1,2.3,10.8,6.82,0.5,0.1,0.1,0.1,0.0,0.6,1.2,6.82,7.8,6.8,14.6,6.82,19.4,8.1,27.6,6.82,8.8,6.82,24.4,6.82,3.2,1.6,7.5,6.82,1.8,6.82,10.2,10.4,6.82,1.7,0.1,6.82,2.2,0.2,1.4,0.6,6.82,15.3,8.1,6.82,31.7,16.2,15.5,6.82,13.8,5.3,1.4,7.1,6.65,1.6,0.1,1.1,0.2,6.65,466.4,22.1,29.9,360.5,53.9,6.65,10.2,1.6,8.6,6.65,0.5,0.1,0.2,0.2,0.0,0.4,1.2,6.65,8.8,5.9,14.7,6.65,17.4,6.2,23.5,6.65,7.8,6.65,25.8,6.65,3.9,2.1,7.5,6.65,1.2,6.65,10.8,10.1,6.65,1.5,0.1,6.65,2.5,0.4,1.3,0.9,6.65,15.5,8.5,6.65,35.1,18.0,17.1,6.65,Premier_League,2025-2026
Newcastle,33,14.3,0.519,0.819,19.4,6.67,28,2,16,11.6,0.533,0.841,16.7,6.55,32,1,11.8,14.7,6.7,11.0,1.4,6.67,12.1,13.6,7.6,9.6,1.2,6.55,14.3,5.4,7.6,12.8,6.67,11.6,3.7,6.2,10.1,6.55,37.21,33.0,-4.21,257.0,0.14,6.67,29.47,29.0,-0.47,212.0,0.14,6.67,18.77,16.0,-2.77,197.0,0.1,6.55,24.62,20.0,-4.62,205.0,0.12,6.55,14,2,11,6,0,15,2,9,3,0,11,1,4,0,0,9,3,6,2,2,24,1,50,379,17,2,54,349,23,2,49,428,16,2,53,369,19,1,0,11,21,4,0,9,0.34,0.27,0.39,0.35,0.27,0.38,0.16,0.72,0.13,0.17,0.68,0.15,0.15,0.71,0.14,0.14,0.67,0.18,0.15,0.52,0.33,0.11,0.6,0.29,0.1,0.52,0.38,0.08,0.54,0.38,0.28,0.41,0.3,0.29,0.42,0.3,14.3,4.7,2.1,7.4,6.67,1.8,0.4,1.2,0.2,6.67,423.2,20.4,28.5,326.1,48.2,6.67,10.1,2.1,8.0,6.67,0.4,0.1,0.0,0.0,0.0,0.6,1.0,6.67,9.3,7.6,16.9,6.67,14.7,7.7,22.4,6.67,6.7,6.67,27.6,6.67,3.3,1.1,6.8,6.67,1.4,6.67,12.8,11.0,6.67,1.6,0.1,6.67,2.8,0.1,1.8,0.8,6.67,14.8,9.6,6.67,35.3,19.4,15.9,6.67,11.6,4.4,1.2,6.1,6.55,0.9,0.3,0.5,0.2,6.55,469.1,21.5,26.0,373.0,48.6,6.55,8.2,1.2,7.0,6.55,0.2,0.1,0.0,0.0,0.0,0.4,0.6,6.55,10.9,6.2,17.1,6.55,13.6,6.9,20.5,6.55,7.6,6.55,26.2,6.55,3.4,1.1,7.6,6.55,1.2,6.55,10.1,9.6,6.55,1.9,0.1,6.55,2.8,0.1,1.6,1.0,6.55,14.8,8.2,6.55,31.4,16.7,14.6,6.55,Premier_League,2025-2026
Nottingham Forest,18,14.9,0.495,0.831,14.7,6.63,21,1,23,10.2,0.448,0.812,15.0,6.59,34,0,11.5,17.3,7.5,9.9,1.5,6.63,13.4,16.2,8.1,11.5,1.7,6.59,14.9,3.8,8.5,10.5,6.63,10.2,4.2,6.3,12.0,6.59,25.37,18.0,-7.37,253.0,0.1,6.63,25.29,20.0,-5.29,196.0,0.13,6.63,17.86,22.0,4.14,174.0,0.1,6.59,28.82,22.0,-6.82,227.0,0.13,6.59,13,2,2,1,0,7,2,8,3,1,12,2,7,1,1,12,3,5,2,2,27,1,49,379,15,1,53,395,19,1,54,342,21,2,47,441,15,1,0,6,23,3,0,8,0.4,0.24,0.36,0.42,0.23,0.35,0.17,0.69,0.14,0.09,0.77,0.14,0.23,0.62,0.15,0.12,0.77,0.11,0.08,0.51,0.4,0.12,0.55,0.33,0.06,0.55,0.39,0.1,0.59,0.31,0.26,0.4,0.34,0.32,0.42,0.25,14.9,6.0,1.2,7.6,6.63,1.1,0.2,0.6,0.2,6.63,425.6,22.6,26.5,331.2,45.3,6.63,10.8,1.7,9.1,6.63,0.2,0.0,0.1,0.0,0.0,0.4,0.7,6.63,10.2,8.5,18.6,6.63,17.3,7.2,24.5,6.63,7.5,6.63,22.0,6.63,3.4,1.5,8.2,6.63,1.5,6.63,10.5,9.9,6.63,1.2,0.1,6.63,2.6,0.2,1.6,0.7,6.63,15.5,8.8,6.63,29.9,14.7,15.2,6.63,10.2,3.9,0.6,5.6,6.59,1.4,0.3,0.9,0.1,6.59,391.6,22.4,31.5,295.6,42.2,6.59,7.4,1.4,6.0,6.59,0.3,0.1,0.1,0.0,0.0,0.5,0.9,6.59,9.6,6.3,15.9,6.59,16.2,7.9,24.2,6.59,8.1,6.59,29.5,6.59,4.6,1.6,7.1,6.59,1.7,6.59,12.0,11.5,6.59,2.0,0.0,6.59,2.8,0.4,1.5,1.0,6.59,17.5,8.6,6.59,32.4,15.0,17.4,6.59,Premier_League,2025-2026
Sunderland,23,11.4,0.457,0.793,18.1,6.66,34,1,14,8.9,0.432,0.785,17.6,6.5,43,2,12.1,14.7,8.1,9.9,1.1,6.66,16.9,16.5,7.6,11.2,1.8,6.5,11.4,3.5,6.5,11.1,6.66,8.9,3.2,4.7,10.2,6.5,20.18,20.0,-0.18,193.0,0.1,6.66,23.91,18.0,-5.91,206.0,0.12,6.66,19.21,14.0,-5.21,160.0,0.12,6.5,32.28,26.0,-6.28,305.0,0.11,6.5,11,1,5,3,3,8,2,7,1,1,7,2,4,1,0,14,5,6,1,1,16,1,53,331,21,1,51,405,16,1,55,311,23,1,52,427,20,3,0,12,30,2,0,13,0.37,0.26,0.37,0.37,0.24,0.4,0.16,0.68,0.16,0.16,0.73,0.11,0.2,0.58,0.22,0.19,0.65,0.16,0.1,0.61,0.29,0.09,0.58,0.33,0.09,0.61,0.29,0.11,0.52,0.36,0.3,0.42,0.29,0.33,0.41,0.26,11.4,3.2,1.2,6.9,6.66,1.4,0.0,1.0,0.2,6.66,380.2,20.1,32.5,281.2,46.4,6.66,7.8,1.5,6.2,6.66,0.2,0.1,0.1,0.0,0.0,0.5,0.8,6.66,8.9,6.5,15.4,6.66,14.7,5.8,20.5,6.66,8.1,6.66,30.1,6.66,4.0,1.9,6.6,6.66,1.1,6.66,11.1,9.9,6.66,2.0,0.1,6.66,2.7,0.3,1.6,0.8,6.66,14.6,7.4,6.66,38.6,18.1,20.5,6.66,8.9,2.6,0.8,5.4,6.5,0.8,0.3,0.4,0.1,6.5,361.1,20.2,33.4,263.2,44.3,6.5,5.9,1.2,4.7,6.5,0.1,0.1,0.1,0.1,0.0,0.2,0.4,6.5,7.0,4.7,11.7,6.5,16.5,6.4,22.9,6.5,7.6,6.5,32.0,6.5,4.5,1.7,6.9,6.5,1.8,6.5,10.2,11.2,6.5,2.4,0.1,6.5,3.7,0.4,1.8,1.4,6.5,13.1,7.3,6.5,34.2,17.6,16.7,6.5,Premier_League,2025-2026
Tottenham,20,12.1,0.51,0.817,16.4,6.51,47,3,23,10.4,0.483,0.808,13.9,6.65,38,1,11.8,18.6,7.9,12.5,1.8,6.51,13.6,20.5,8.4,11.4,1.3,6.65,12.1,4.0,9.1,10.1,6.51,10.4,3.8,9.7,9.4,6.65,22.78,20.0,-2.78,205.0,0.11,6.51,26.13,30.0,3.87,200.0,0.13,6.51,18.41,22.0,3.59,176.0,0.1,6.65,26.53,23.0,-3.53,232.0,0.11,6.65,13,1,6,0,0,23,1,5,1,0,12,1,9,0,1,18,0,4,1,0,23,1,47,364,18,1,51,349,18,1,54,362,19,2,47,397,33,8,0,10,25,5,0,9,0.37,0.26,0.37,0.39,0.24,0.37,0.13,0.76,0.11,0.16,0.69,0.16,0.16,0.68,0.16,0.14,0.73,0.13,0.11,0.56,0.33,0.12,0.65,0.24,0.14,0.55,0.31,0.11,0.51,0.38,0.3,0.41,0.3,0.32,0.42,0.26,12.1,3.9,1.4,6.8,6.51,1.2,0.2,0.8,0.1,6.51,405.9,19.2,26.9,312.4,47.4,6.51,9.1,1.6,7.4,6.51,0.3,0.0,0.1,0.0,0.0,0.6,1.0,6.51,13.0,9.1,22.1,6.51,18.6,6.1,24.6,6.51,7.9,6.51,26.4,6.51,3.3,1.8,7.7,6.51,1.8,6.51,10.1,12.5,6.51,2.8,0.2,6.51,2.3,0.1,1.8,0.4,6.51,17.1,11.3,6.51,35.5,16.4,19.2,6.51,10.4,3.2,1.5,5.6,6.65,1.4,0.5,0.7,0.1,6.65,411.2,21.3,32.1,310.8,47.1,6.65,7.4,1.2,6.2,6.65,0.3,0.1,0.0,0.0,0.0,0.7,1.0,6.65,11.9,9.7,21.6,6.65,20.5,7.1,27.5,6.65,8.4,6.65,27.9,6.65,3.6,1.2,8.6,6.65,1.3,6.65,9.4,11.4,6.65,2.2,0.1,6.65,2.8,0.1,1.8,0.9,6.65,18.7,9.2,6.65,29.5,13.9,15.5,6.65,Premier_League,2025-2026
West Ham,24,10.9,0.416,0.791,14.5,6.58,28,2,18,9.9,0.431,0.789,15.7,6.59,34,1,13.6,19.4,8.2,11.0,1.9,6.58,16.2,16.3,10.3,11.0,1.7,6.59,10.9,3.6,5.8,9.5,6.58,9.9,3.4,7.8,10.6,6.59,25.77,22.0,-3.77,185.0,0.14,6.58,27.9,28.0,0.1,231.0,0.12,6.58,21.31,18.0,-3.31,179.0,0.12,6.59,34.65,30.0,-4.65,292.0,0.12,6.59,11,2,7,2,2,17,0,9,2,1,8,4,5,1,0,16,2,8,4,2,16,1,54,312,20,1,45,473,17,1,55,330,27,2,42,461,17,3,0,11,24,4,0,7,0.31,0.23,0.46,0.32,0.23,0.45,0.19,0.63,0.18,0.19,0.69,0.12,0.12,0.72,0.16,0.15,0.69,0.16,0.16,0.56,0.29,0.14,0.54,0.32,0.13,0.63,0.25,0.12,0.59,0.29,0.3,0.44,0.26,0.34,0.42,0.26,10.9,3.1,1.7,6.1,6.58,1.4,0.6,0.5,0.2,6.58,360.9,20.2,32.5,265.5,42.8,6.58,8.0,1.5,6.5,6.58,0.3,0.2,0.1,0.0,0.0,0.4,0.8,6.58,8.9,5.8,14.8,6.58,19.4,7.1,26.4,6.58,8.2,6.58,28.4,6.58,3.8,1.9,7.4,6.58,1.9,6.58,9.5,11.0,6.58,1.6,0.1,6.58,2.9,0.4,1.4,1.2,6.58,14.8,8.1,6.58,32.8,14.5,18.4,6.58,9.9,2.4,1.3,6.2,6.59,1.0,0.2,0.7,0.2,6.59,379.0,20.8,32.6,278.3,47.3,6.59,7.4,1.4,6.0,6.59,0.3,0.1,0.1,0.1,0.0,0.4,0.8,6.59,9.4,7.8,17.2,6.59,16.3,6.1,22.4,6.59,10.3,6.59,30.8,6.59,4.8,2.6,7.2,6.59,1.7,6.59,10.6,11.0,6.59,1.9,0.1,6.59,3.8,0.4,2.4,1.0,6.59,14.9,9.2,6.59,30.2,15.7,14.4,6.59,Premier_League,2025-2026
Wolves,18,10.1,0.441,0.8,14.6,6.5,30,0,7,9.2,0.432,0.799,16.5,6.4,42,3,12.2,21.0,8.0,12.1,1.5,6.5,15.6,17.4,8.6,13.8,1.1,6.4,10.1,3.6,7.3,10.7,6.5,9.2,2.9,6.3,10.8,6.4,21.6,17.0,-4.6,182.0,0.12,6.5,28.64,33.0,4.36,220.0,0.13,6.5,13.41,7.0,-6.41,156.0,0.09,6.4,32.21,26.0,-6.21,266.0,0.12,6.4,10,2,3,2,1,22,2,6,3,0,3,0,4,0,0,17,4,4,1,4,21,1,50,340,20,3,47,453,17,1,55,313,22,2,45,438,25,1,0,4,33,4,0,9,0.37,0.25,0.38,0.39,0.26,0.36,0.17,0.72,0.11,0.13,0.72,0.15,0.23,0.64,0.13,0.19,0.69,0.12,0.07,0.58,0.35,0.09,0.6,0.31,0.07,0.57,0.35,0.1,0.55,0.35,0.3,0.44,0.25,0.33,0.43,0.24,10.1,3.6,0.7,5.8,6.5,1.0,0.2,0.6,0.2,6.5,385.7,20.9,28.3,287.7,48.8,6.5,7.2,1.7,5.6,6.5,0.2,0.1,0.1,0.0,0.0,0.5,0.7,6.5,9.7,7.3,16.9,6.5,21.0,7.7,28.7,6.5,8.0,6.5,25.8,6.5,3.7,1.8,7.6,6.5,1.5,6.5,10.7,12.1,6.5,1.7,0.0,6.5,2.4,0.1,1.7,0.6,6.5,15.9,10.8,6.5,31.3,14.6,16.7,6.5,9.2,3.3,0.6,5.2,6.4,0.4,0.2,0.1,0.1,6.4,362.8,22.3,32.3,267.7,40.5,6.4,6.4,1.6,4.8,6.4,0.1,0.0,0.0,0.0,0.0,0.2,0.2,6.4,9.8,6.3,16.1,6.4,17.4,6.8,24.2,6.4,8.6,6.4,32.5,6.4,3.8,1.9,7.9,6.4,1.1,6.4,10.8,13.8,6.4,2.5,0.2,6.4,3.2,0.3,1.9,1.0,6.4,17.5,7.1,6.4,34.0,16.5,17.5,6.4,Premier_League,2025-2026
Arsenal,53,18.6,0.625,0.86,13.1,6.86,17,0,35,12.6,0.57,0.847,12.7,6.77,35,0,7.5,14.2,5.8,9.6,1.6,6.86,10.5,15.7,6.6,10.0,1.4,6.77,18.6,6.5,9.0,11.4,6.86,12.6,4.3,9.8,11.5,6.77,41.62,53.0,11.38,354.0,0.12,6.86,20.04,24.0,3.96,142.0,0.14,6.86,29.73,31.0,1.27,239.0,0.12,6.77,23.96,18.0,-5.96,200.0,0.12,6.77,43,1,6,3,0,15,1,6,2,1,19,3,9,0,4,13,2,2,1,0,21,3,42,523,11,1,54,290,14,2,48,470,16,2,50,336,14,1,0,2,18,5,0,12,0.36,0.28,0.37,0.32,0.27,0.41,0.18,0.65,0.17,0.2,0.66,0.14,0.17,0.63,0.19,0.19,0.6,0.22,0.12,0.58,0.3,0.13,0.57,0.3,0.1,0.6,0.3,0.08,0.64,0.29,0.22,0.4,0.38,0.26,0.42,0.33,18.6,5.6,2.2,10.8,6.86,2.8,0.8,1.7,0.3,6.86,563.0,22.3,20.2,461.7,58.8,6.86,14.1,1.2,12.9,6.86,0.4,0.0,0.2,0.0,0.0,1.5,2.2,6.86,10.4,9.0,19.4,6.86,14.2,6.6,20.7,6.86,5.8,6.86,11.8,6.86,1.5,0.9,7.6,6.86,1.6,6.86,11.4,9.6,6.86,0.9,0.0,6.86,2.3,0.3,1.4,0.6,6.86,12.6,10.1,6.86,27.7,13.1,14.6,6.86,12.6,3.8,1.3,7.5,6.77,1.8,0.5,0.9,0.2,6.77,513.3,22.2,25.9,412.6,52.6,6.77,9.3,1.4,7.9,6.77,0.4,0.2,0.1,0.0,0.0,0.7,1.2,6.77,10.6,9.8,20.5,6.77,15.7,7.2,22.9,6.77,6.6,6.77,18.1,6.77,3.1,1.5,6.9,6.77,1.4,6.77,11.5,10.0,6.77,1.8,0.0,6.77,2.7,0.2,1.9,0.6,6.77,15.1,9.8,6.77,27.8,12.7,15.1,6.77,Premier_League,2022-2023
Aston Villa,33,11.9,0.497,0.817,11.9,6.72,37,0,18,10.8,0.486,0.804,11.6,6.57,43,1,9.6,16.9,8.5,10.1,1.3,6.72,13.1,16.3,8.5,11.9,1.7,6.57,11.9,4.6,7.8,12.1,6.72,10.8,3.3,7.7,14.1,6.57,28.46,31.0,2.54,226.0,0.13,6.72,22.81,18.0,-4.81,182.0,0.13,6.72,21.05,18.0,-3.05,205.0,0.1,6.57,29.31,24.0,-5.31,248.0,0.12,6.57,18,5,7,1,2,10,1,6,1,3,13,0,3,2,0,10,2,8,4,1,16,2,51,377,17,3,49,384,14,1,52,366,20,2,55,381,23,4,0,10,28,2,0,14,0.41,0.25,0.35,0.39,0.26,0.35,0.17,0.66,0.17,0.15,0.7,0.15,0.18,0.69,0.13,0.22,0.68,0.1,0.08,0.6,0.32,0.08,0.6,0.32,0.06,0.55,0.39,0.09,0.62,0.29,0.29,0.43,0.28,0.32,0.41,0.26,11.9,3.8,0.9,7.1,6.72,1.7,0.4,1.2,0.1,6.72,425.4,22.7,27.9,324.8,49.9,6.72,8.8,1.4,7.5,6.72,0.1,0.1,0.1,0.0,0.0,1.1,1.2,6.72,11.2,7.8,19.0,6.72,16.9,8.6,25.5,6.72,8.5,6.72,16.2,6.72,2.8,1.6,8.8,6.72,1.3,6.72,12.1,10.1,6.72,1.9,0.0,6.72,2.2,0.2,1.5,0.5,6.72,14.9,10.7,6.72,23.6,11.9,11.7,6.72,10.8,4.2,0.7,5.9,6.57,0.9,0.1,0.6,0.3,6.57,413.5,23.4,28.1,309.0,53.0,6.57,7.9,0.6,7.3,6.57,0.2,0.0,0.1,0.1,0.0,0.4,0.6,6.57,9.3,7.7,17.0,6.57,16.3,9.2,25.5,6.57,8.5,6.57,18.7,6.57,3.4,1.4,8.0,6.57,1.7,6.57,14.1,11.9,6.57,2.3,0.1,6.57,3.6,0.1,2.1,1.4,6.57,14.8,8.8,6.57,24.5,11.6,12.9,6.57,Premier_League,2022-2023
Bournemouth,20,10.4,0.409,0.778,13.1,6.59,30,0,17,8.4,0.391,0.773,14.4,6.46,39,0,15.3,16.4,9.6,10.7,1.2,6.59,17.7,16.2,9.0,9.9,0.8,6.46,10.4,3.8,9.2,9.9,6.59,8.4,3.2,8.2,9.3,6.46,22.41,20.0,-2.41,198.0,0.11,6.59,28.94,27.0,-1.94,290.0,0.1,6.59,16.54,17.0,0.46,160.0,0.1,6.46,34.67,41.0,6.33,336.0,0.1,6.46,13,0,7,0,0,18,1,8,0,1,14,1,2,0,0,20,2,13,6,2,15,1,52,332,21,2,53,503,12,1,51,308,28,1,50,501,25,1,0,4,30,2,0,7,0.4,0.25,0.35,0.4,0.23,0.37,0.18,0.68,0.14,0.19,0.67,0.14,0.15,0.71,0.14,0.2,0.63,0.17,0.08,0.67,0.25,0.11,0.51,0.38,0.1,0.59,0.31,0.08,0.58,0.34,0.32,0.41,0.27,0.36,0.41,0.23,10.4,2.6,0.8,6.9,6.59,1.1,0.3,0.7,0.1,6.59,378.5,22.2,28.9,272.2,55.3,6.59,7.6,1.2,6.5,6.59,0.3,0.0,0.0,0.1,0.0,0.3,0.6,6.59,12.1,9.2,21.2,6.59,16.4,9.0,25.4,6.59,9.6,6.59,21.1,6.59,3.8,1.9,8.4,6.59,1.2,6.59,9.9,10.7,6.59,1.6,0.0,6.59,3.6,0.4,1.8,1.4,6.59,15.6,10.8,6.59,27.0,13.1,13.9,6.59,8.4,2.6,0.8,4.9,6.46,0.9,0.1,0.7,0.1,6.46,355.1,20.2,30.6,254.3,50.0,6.46,6.1,0.7,5.4,6.46,0.1,0.1,0.1,0.0,0.0,0.5,0.7,6.46,9.7,8.2,17.9,6.46,16.2,9.8,26.0,6.46,9.0,6.46,30.1,6.46,5.2,1.9,8.9,6.46,0.8,6.46,9.3,9.9,6.46,2.1,0.0,6.46,3.6,0.2,2.3,1.1,6.46,15.4,8.5,6.46,29.1,14.4,14.7,6.46,Premier_League,2022-2023
Brentford,35,12.5,0.437,0.745,17.6,6.74,28,1,23,8.9,0.429,0.75,17.5,6.59,27,0,12.7,16.5,9.1,8.9,2.1,6.74,16.7,14.4,8.9,9.7,1.7,6.59,12.5,5.2,7.4,10.2,6.74,8.9,3.3,6.7,10.8,6.59,33.69,34.0,0.31,238.0,0.14,6.74,22.51,17.0,-5.51,242.0,0.09,6.74,24.57,22.0,-2.57,170.0,0.14,6.59,29.63,26.0,-3.63,317.0,0.09,6.59,15,4,10,5,1,13,0,4,0,1,12,2,6,2,1,16,0,8,2,2,20,2,59,309,18,2,51,430,15,1,64,310,23,2,53,440,24,2,0,4,19,2,0,6,0.38,0.24,0.37,0.44,0.24,0.32,0.1,0.76,0.14,0.17,0.71,0.12,0.19,0.65,0.16,0.18,0.61,0.21,0.15,0.57,0.28,0.06,0.52,0.42,0.16,0.59,0.25,0.06,0.52,0.42,0.29,0.41,0.29,0.35,0.39,0.26,12.5,3.5,1.8,7.2,6.74,1.8,0.4,1.2,0.2,6.74,363.6,24.7,33.7,246.1,59.1,6.74,7.9,1.1,6.8,6.74,0.4,0.0,0.0,0.0,0.0,0.6,1.0,6.74,9.3,7.4,16.7,6.74,16.5,9.2,25.7,6.74,9.1,6.74,18.6,6.74,3.9,1.4,6.9,6.74,2.1,6.74,10.2,8.9,6.74,1.5,0.1,6.74,3.6,0.1,2.0,1.5,6.74,14.4,9.2,6.74,33.5,17.6,15.9,6.74,8.9,2.2,1.4,5.3,6.59,1.2,0.3,0.7,0.1,6.59,369.1,28.4,34.9,248.5,57.3,6.59,7.0,1.5,5.5,6.59,0.2,0.1,0.3,0.1,0.0,0.5,0.9,6.59,8.2,6.7,14.9,6.59,14.4,8.9,23.4,6.59,8.9,6.59,21.9,6.59,4.9,1.8,8.3,6.59,1.7,6.59,10.8,9.7,6.59,1.4,0.0,6.59,4.5,0.2,2.5,1.9,6.59,13.0,8.5,6.59,34.4,17.5,16.8,6.59,Premier_League,2022-2023
Brighton,37,18.5,0.603,0.865,11.8,6.76,32,0,35,13.8,0.606,0.852,11.7,6.67,27,0,8.7,14.5,8.2,11.0,1.8,6.76,11.7,17.9,7.8,11.5,1.9,6.67,18.5,7.1,8.5,10.7,6.76,13.8,5.2,9.7,10.7,6.67,42.13,34.0,-8.13,351.0,0.12,6.76,21.47,20.0,-1.47,166.0,0.13,6.76,34.57,34.0,-0.57,262.0,0.13,6.67,28.23,27.0,-1.23,222.0,0.13,6.67,23,3,4,4,3,11,4,4,1,1,30,0,2,2,1,12,4,6,5,5,21,2,45,518,9,1,50,326,15,2,46,518,15,1,48,314,26,3,0,3,18,1,0,8,0.38,0.31,0.32,0.37,0.29,0.34,0.2,0.65,0.15,0.2,0.65,0.16,0.18,0.71,0.1,0.21,0.64,0.15,0.1,0.57,0.33,0.07,0.65,0.28,0.08,0.59,0.33,0.08,0.67,0.25,0.23,0.42,0.34,0.29,0.4,0.3,18.5,6.2,1.8,10.4,6.76,1.9,0.4,1.1,0.3,6.76,560.4,24.9,19.9,459.9,55.7,6.76,14.4,2.1,12.3,6.76,0.2,0.0,0.3,0.0,0.0,0.7,1.2,6.76,10.2,8.5,18.6,6.76,14.5,7.8,22.3,6.76,8.2,6.76,8.1,6.76,2.3,0.5,7.9,6.76,1.8,6.76,10.7,11.0,6.76,1.7,0.0,6.76,2.1,0.1,1.4,0.6,6.76,14.6,8.8,6.76,21.6,11.8,9.8,6.76,13.8,4.5,1.1,8.2,6.67,1.8,0.4,1.3,0.2,6.67,559.6,23.0,22.2,453.9,60.5,6.67,10.8,1.3,9.6,6.67,0.3,0.1,0.1,0.1,0.0,0.8,1.3,6.67,9.9,9.7,19.6,6.67,17.9,7.7,25.7,6.67,7.8,6.67,13.6,6.67,3.2,0.9,7.3,6.67,1.9,6.67,10.7,11.5,6.67,1.4,0.0,6.67,2.4,0.2,1.8,0.4,6.67,14.8,8.3,6.67,22.5,11.7,10.8,6.67,Premier_League,2022-2023
Chelsea,20,13.7,0.591,0.857,13.8,6.67,38,1,18,11.8,0.585,0.859,12.3,6.57,39,2,11.0,20.5,8.3,10.3,2.2,6.67,12.1,18.5,9.7,10.6,1.7,6.57,13.7,4.1,10.6,12.2,6.67,11.8,4.3,9.4,12.1,6.57,29.25,19.0,-10.25,260.0,0.11,6.67,23.08,18.0,-5.08,209.0,0.11,6.67,23.41,18.0,-5.41,224.0,0.1,6.57,29.36,26.0,-3.36,229.0,0.13,6.57,13,0,4,2,1,10,1,7,0,1,12,1,4,1,0,19,1,5,1,2,21,1,47,516,15,1,48,341,16,2,45,516,17,1,46,347,31,3,0,6,29,3,0,10,0.35,0.25,0.4,0.36,0.24,0.4,0.15,0.67,0.18,0.19,0.65,0.16,0.19,0.66,0.15,0.16,0.67,0.17,0.08,0.62,0.3,0.12,0.51,0.37,0.07,0.56,0.37,0.12,0.58,0.3,0.27,0.4,0.32,0.3,0.42,0.29,13.7,4.1,1.2,8.4,6.67,1.1,0.2,0.7,0.2,6.67,556.6,24.7,21.7,452.5,57.6,6.67,10.5,1.6,8.9,6.67,0.3,0.1,0.1,0.0,0.0,0.4,0.8,6.67,12.5,10.6,23.2,6.67,20.5,9.2,29.6,6.67,8.3,6.67,14.5,6.67,2.4,1.2,9.2,6.67,2.2,6.67,12.2,10.3,6.67,2.0,0.1,6.67,2.7,0.2,1.4,1.1,6.67,14.5,10.1,6.67,26.5,13.8,12.7,6.67,11.8,4.4,0.8,6.6,6.57,0.9,0.1,0.7,0.2,6.57,556.5,22.9,22.4,455.3,55.9,6.57,9.4,1.7,7.6,6.57,0.2,0.0,0.2,0.1,0.0,0.3,0.6,6.57,11.6,9.4,20.9,6.57,18.5,7.8,26.3,6.57,9.7,6.57,18.6,6.57,3.3,1.5,9.7,6.57,1.7,6.57,12.1,10.6,6.57,2.1,0.1,6.57,3.3,0.3,2.2,0.9,6.57,15.4,10.0,6.57,23.6,12.3,11.3,6.57,Premier_League,2022-2023
Crystal Palace,21,12.2,0.465,0.791,14.2,6.65,33,2,19,10.2,0.451,0.795,12.1,6.57,46,1,11.7,18.7,9.0,11.5,1.6,6.65,12.3,17.6,9.9,12.0,1.5,6.57,12.2,3.5,8.8,13.1,6.65,10.2,3.7,10.5,12.2,6.57,22.1,20.0,-2.1,232.0,0.1,6.65,25.41,22.0,-3.41,223.0,0.11,6.65,19.58,18.0,-1.58,194.0,0.1,6.57,26.55,24.0,-2.55,233.0,0.11,6.57,14,1,4,1,1,15,1,5,1,1,7,4,7,0,1,17,0,4,3,2,17,1,60,368,17,1,56,438,15,1,55,355,20,2,49,448,27,3,0,6,39,5,0,4,0.4,0.23,0.36,0.41,0.22,0.36,0.21,0.61,0.18,0.15,0.66,0.19,0.25,0.62,0.13,0.13,0.7,0.17,0.04,0.61,0.35,0.07,0.65,0.28,0.1,0.52,0.38,0.1,0.61,0.29,0.29,0.42,0.3,0.31,0.43,0.27,12.2,4.3,0.5,7.4,6.65,1.1,0.2,0.7,0.2,6.65,422.6,24.4,34.6,309.6,53.9,6.65,9.4,1.9,7.5,6.65,0.3,0.0,0.1,0.1,0.0,0.4,0.7,6.65,11.6,8.8,20.5,6.65,18.7,6.4,25.2,6.65,9.0,6.65,20.4,6.65,3.0,0.8,9.4,6.65,1.6,6.65,13.1,11.5,6.65,1.7,0.1,6.65,3.2,0.0,2.1,1.1,6.65,17.5,12.7,6.65,29.8,14.2,15.7,6.65,10.2,3.9,1.1,5.3,6.57,1.0,0.3,0.6,0.1,6.57,404.1,21.3,32.6,299.9,50.3,6.57,7.2,1.4,5.8,6.57,0.2,0.2,0.2,0.0,0.0,0.4,0.8,6.57,10.3,10.5,20.8,6.57,17.6,6.8,24.4,6.57,9.9,6.57,21.1,6.57,3.3,1.5,8.7,6.57,1.5,6.57,12.2,12.0,6.57,2.4,0.1,6.57,2.8,0.2,1.8,0.8,6.57,16.4,11.4,6.57,26.8,12.1,14.8,6.57,Premier_League,2022-2023
Everton,16,12.2,0.437,0.776,14.0,6.64,37,1,18,10.4,0.413,0.764,16.7,6.6,42,1,13.3,17.9,10.4,9.8,1.5,6.64,17.1,19.3,10.2,11.1,1.8,6.6,12.2,4.7,8.7,10.2,6.64,10.4,3.3,7.5,9.9,6.6,23.79,16.0,-7.79,232.0,0.1,6.64,28.0,27.0,-1.0,252.0,0.11,6.64,24.8,16.0,-8.8,197.0,0.13,6.6,38.69,30.0,-8.69,324.0,0.12,6.6,11,0,4,1,0,17,4,3,3,0,7,4,3,2,2,17,6,5,2,0,22,1,60,322,17,1,57,446,15,1,61,311,23,2,52,473,26,7,0,5,29,6,0,9,0.39,0.24,0.37,0.32,0.25,0.42,0.22,0.64,0.14,0.18,0.65,0.16,0.2,0.65,0.16,0.14,0.7,0.16,0.09,0.56,0.34,0.06,0.56,0.37,0.12,0.53,0.36,0.09,0.64,0.27,0.28,0.4,0.32,0.33,0.42,0.25,12.2,4.2,1.1,6.9,6.64,0.8,0.1,0.4,0.3,6.64,378.0,23.7,36.2,269.7,48.4,6.64,8.7,2.1,6.6,6.64,0.2,0.2,0.1,0.0,0.0,0.4,0.6,6.64,10.0,8.7,18.7,6.64,17.9,7.6,25.5,6.64,10.4,6.64,19.3,6.64,4.0,1.5,9.3,6.64,1.5,6.64,10.2,9.8,6.64,1.9,0.1,6.64,3.0,0.1,1.6,1.3,6.64,16.0,7.8,6.64,29.3,14.0,15.3,6.64,10.4,3.7,1.2,5.5,6.6,0.9,0.2,0.6,0.0,6.6,366.8,24.3,35.8,256.0,50.8,6.6,7.5,1.8,5.6,6.6,0.1,0.0,0.2,0.0,0.0,0.4,0.7,6.6,9.2,7.5,16.7,6.6,19.3,8.7,28.1,6.6,10.2,6.6,24.3,6.6,5.5,1.9,8.1,6.6,1.8,6.6,9.9,11.1,6.6,2.2,0.1,6.6,3.7,0.3,2.9,0.5,6.6,15.8,8.0,6.6,33.8,16.7,17.1,6.6,Premier_League,2022-2023
Fulham,31,12.6,0.506,0.799,14.8,6.62,27,1,24,10.0,0.465,0.801,12.2,6.61,53,0,11.9,16.8,8.3,10.2,1.9,6.62,14.6,16.2,9.6,11.5,1.3,6.61,12.6,4.3,6.4,10.9,6.62,10.0,3.6,8.4,10.4,6.61,25.9,28.0,2.1,239.0,0.11,6.62,31.78,27.0,-4.78,227.0,0.14,6.62,22.1,24.0,1.9,190.0,0.12,6.61,35.87,24.0,-11.87,278.0,0.13,6.61,14,2,8,4,3,16,2,6,3,2,16,1,6,1,0,15,0,5,4,0,22,0,53,389,15,2,57,380,18,1,53,369,17,2,51,437,20,2,0,6,37,4,0,12,0.38,0.22,0.39,0.37,0.22,0.41,0.18,0.67,0.15,0.21,0.67,0.13,0.16,0.73,0.11,0.17,0.66,0.17,0.1,0.53,0.37,0.14,0.59,0.27,0.06,0.64,0.29,0.09,0.55,0.36,0.27,0.42,0.31,0.29,0.43,0.27,12.6,4.7,1.2,6.7,6.62,1.6,0.4,0.8,0.2,6.62,436.2,25.1,27.2,323.4,60.5,6.62,9.1,2.2,6.8,6.62,0.4,0.1,0.1,0.1,0.0,0.4,0.8,6.62,8.8,6.4,15.2,6.62,16.8,7.1,23.8,6.62,8.3,6.62,18.3,6.62,2.5,0.9,8.9,6.62,1.9,6.62,10.9,10.2,6.62,1.4,0.1,6.62,3.9,0.5,2.4,1.1,6.62,15.2,9.8,6.62,30.4,14.8,15.5,6.62,10.0,2.9,0.6,6.4,6.61,1.3,0.2,1.0,0.1,6.61,416.3,24.6,27.7,308.7,55.2,6.61,7.1,1.4,5.7,6.61,0.4,0.2,0.1,0.0,0.0,0.5,0.9,6.61,8.4,8.4,16.8,6.61,16.2,8.2,24.3,6.61,9.6,6.61,19.3,6.61,4.1,1.4,8.4,6.61,1.3,6.61,10.4,11.5,6.61,2.8,0.0,6.61,3.7,0.3,2.3,1.2,6.61,13.0,10.2,6.61,25.9,12.2,13.7,6.61,Premier_League,2022-2023
Leeds,26,13.3,0.473,0.767,15.6,6.54,38,2,22,11.1,0.454,0.73,15.4,6.47,46,1,13.2,20.8,11.1,12.4,1.8,6.54,14.6,23.4,9.6,12.2,1.4,6.47,13.3,4.2,7.1,11.5,6.54,11.1,3.4,7.1,9.8,6.47,25.89,25.0,-0.89,252.0,0.1,6.54,32.25,37.0,4.75,251.0,0.13,6.54,21.98,20.0,-1.98,210.0,0.1,6.47,35.91,40.0,4.09,277.0,0.13,6.47,17,1,6,1,1,25,6,3,3,0,14,1,5,0,2,29,1,8,2,1,19,1,50,360,14,2,56,409,15,1,54,346,18,2,59,423,30,3,0,9,36,6,0,6,0.38,0.23,0.39,0.41,0.23,0.36,0.19,0.65,0.16,0.2,0.67,0.13,0.21,0.67,0.12,0.19,0.68,0.14,0.08,0.59,0.33,0.08,0.63,0.29,0.13,0.56,0.31,0.08,0.62,0.3,0.26,0.42,0.32,0.3,0.43,0.28,13.3,4.4,1.1,7.8,6.54,1.4,0.3,0.8,0.2,6.54,404.1,18.3,30.7,291.7,63.4,6.54,9.7,2.1,7.6,6.54,0.3,0.2,0.1,0.1,0.0,0.5,0.9,6.54,10.9,7.1,17.9,6.54,20.8,12.6,33.4,6.54,11.1,6.54,17.1,6.54,3.4,1.3,10.8,6.54,1.8,6.54,11.5,12.4,6.54,2.0,0.1,6.54,2.3,0.2,1.4,0.7,6.54,16.5,11.9,6.54,31.1,15.6,15.5,6.54,11.1,3.5,1.4,6.2,6.47,1.2,0.3,0.6,0.2,6.47,393.8,17.3,36.1,270.2,70.3,6.47,8.2,1.1,7.1,6.47,0.3,0.1,0.1,0.0,0.1,0.4,0.7,6.47,11.2,7.1,18.3,6.47,23.4,11.5,34.9,6.47,9.6,6.47,20.2,6.47,3.5,1.5,10.5,6.47,1.4,6.47,9.8,12.2,6.47,2.4,0.1,6.47,3.4,0.3,2.2,0.9,6.47,15.2,10.3,6.47,31.9,15.4,16.5,6.47,Premier_League,2022-2023
Leicester,23,11.1,0.48,0.803,14.0,6.59,27,2,28,10.9,0.473,0.802,13.0,6.55,32,0,13.0,18.9,9.8,11.0,1.9,6.59,17.1,17.8,9.5,10.6,2.4,6.55,11.1,4.2,8.1,11.2,6.59,10.9,3.8,7.4,9.7,6.55,21.7,22.0,0.3,211.0,0.1,6.59,24.8,27.0,2.2,247.0,0.1,6.59,27.88,27.0,-0.88,207.0,0.13,6.55,35.69,36.0,0.31,325.0,0.11,6.55,12,2,7,1,1,18,1,6,2,0,21,2,2,2,1,20,7,7,2,5,13,2,48,423,17,2,55,452,13,2,51,403,21,2,56,443,26,1,0,4,30,0,0,2,0.39,0.25,0.37,0.41,0.24,0.35,0.21,0.63,0.16,0.19,0.63,0.18,0.15,0.71,0.14,0.17,0.65,0.18,0.09,0.52,0.4,0.08,0.55,0.37,0.04,0.62,0.33,0.09,0.55,0.36,0.29,0.45,0.26,0.33,0.42,0.25,11.1,4.4,0.9,5.7,6.59,1.2,0.2,0.6,0.4,6.59,465.2,19.1,28.5,354.6,63.1,6.59,8.1,1.2,6.9,6.59,0.2,0.1,0.0,0.1,0.0,0.6,0.8,6.59,8.7,8.1,16.7,6.59,18.9,9.6,28.5,6.59,9.8,6.59,16.9,6.59,3.4,1.4,9.8,6.59,1.9,6.59,11.2,11.0,6.59,1.4,0.1,6.59,2.4,0.3,1.2,0.9,6.59,15.4,7.7,6.59,29.1,14.0,15.1,6.59,10.9,3.6,0.5,6.8,6.55,1.5,0.1,1.1,0.2,6.55,448.7,20.9,29.8,339.2,58.8,6.55,8.7,1.2,7.6,6.55,0.2,0.0,0.2,0.0,0.0,0.7,1.1,6.55,8.6,7.4,16.1,6.55,17.8,9.8,27.7,6.55,9.5,6.55,21.1,6.55,5.5,1.9,8.5,6.55,2.4,6.55,9.7,10.6,6.55,1.7,0.0,6.55,3.6,0.1,2.4,1.2,6.55,13.4,8.8,6.55,27.3,13.0,14.3,6.55,Premier_League,2022-2023
Liverpool,46,17.3,0.602,0.84,12.8,6.86,28,1,29,14.6,0.61,0.844,12.6,6.64,29,0,8.2,15.6,8.5,10.6,1.9,6.86,11.3,15.4,9.1,10.7,2.5,6.64,17.3,5.9,9.3,9.5,6.86,14.6,5.3,7.9,7.4,6.64,44.09,42.0,-2.09,328.0,0.13,6.86,22.2,17.0,-5.2,156.0,0.14,6.86,34.5,29.0,-5.5,277.0,0.12,6.64,31.77,28.0,-3.77,214.0,0.15,6.64,23,5,12,2,4,13,1,3,0,0,22,2,5,0,0,18,5,3,2,2,24,3,60,523,13,2,58,329,18,3,57,550,14,2,57,329,19,4,0,6,23,1,0,5,0.35,0.25,0.4,0.34,0.28,0.38,0.13,0.67,0.2,0.25,0.66,0.09,0.17,0.64,0.19,0.22,0.64,0.14,0.1,0.62,0.28,0.09,0.63,0.28,0.08,0.62,0.3,0.09,0.65,0.26,0.24,0.42,0.34,0.27,0.43,0.3,17.3,4.8,1.8,10.7,6.86,2.4,0.9,1.1,0.2,6.86,577.8,30.9,28.1,454.6,64.2,6.86,13.1,2.5,10.6,6.86,0.7,0.1,0.1,0.2,0.0,1.0,1.8,6.86,11.8,9.3,21.1,6.86,15.6,8.9,24.6,6.86,8.5,6.86,13.3,6.86,1.4,1.1,7.6,6.86,1.9,6.86,9.5,10.6,6.86,1.5,0.1,6.86,2.6,0.2,1.5,0.9,6.86,15.5,10.2,6.86,24.7,12.8,11.9,6.86,14.6,4.3,1.2,9.1,6.64,1.5,0.3,1.0,0.2,6.64,601.2,29.7,26.4,477.6,67.5,6.64,11.0,2.3,8.7,6.64,0.1,0.1,0.3,0.1,0.0,0.8,1.3,6.64,7.6,7.9,15.5,6.64,15.4,10.5,25.9,6.64,9.1,6.64,15.2,6.64,2.5,1.3,6.9,6.64,2.5,6.64,7.4,10.7,6.64,1.5,0.0,6.64,3.3,0.4,2.0,0.9,6.64,15.3,11.6,6.64,24.7,12.6,12.2,6.64,Premier_League,2022-2023
Manchester City,60,16.7,0.656,0.898,10.4,6.99,19,1,34,14.9,0.648,0.886,12.8,6.82,25,0,6.8,11.4,5.4,9.1,1.5,6.99,8.6,13.4,6.4,9.2,1.2,6.82,16.7,6.2,8.5,10.3,6.99,14.9,5.3,9.2,9.9,6.82,44.02,59.0,14.98,317.0,0.14,6.99,14.5,16.0,1.5,130.0,0.11,6.99,37.38,33.0,-4.38,283.0,0.13,6.82,20.04,16.0,-4.04,164.0,0.12,6.82,38,6,10,5,1,8,2,4,2,1,24,1,4,4,1,11,1,3,1,0,21,3,45,621,9,1,50,303,18,2,48,611,12,1,50,308,10,4,0,6,15,1,0,9,0.39,0.29,0.33,0.36,0.29,0.34,0.15,0.7,0.15,0.15,0.71,0.15,0.17,0.71,0.12,0.21,0.65,0.13,0.07,0.64,0.29,0.09,0.52,0.38,0.09,0.55,0.35,0.13,0.59,0.29,0.22,0.42,0.37,0.24,0.42,0.33,16.7,4.8,1.2,10.6,6.99,3.2,0.6,2.2,0.4,6.99,663.9,28.7,16.4,567.4,51.4,6.99,13.2,2.0,11.2,6.99,0.3,0.1,0.3,0.1,0.0,1.7,2.4,6.99,9.0,8.5,17.5,6.99,11.4,6.2,17.6,6.99,5.4,6.99,9.2,6.99,2.1,0.6,6.0,6.99,1.5,6.99,10.3,9.1,6.99,1.0,0.1,6.99,1.7,0.2,0.8,0.7,6.99,10.5,6.8,6.99,19.8,10.4,9.5,6.99,14.9,5.3,1.4,8.3,6.82,1.8,0.5,0.9,0.3,6.82,655.7,28.1,19.4,552.8,55.4,6.82,11.4,1.4,10.0,6.82,0.3,0.0,0.1,0.0,0.0,0.8,1.2,6.82,10.4,9.2,19.5,6.82,13.4,7.1,20.5,6.82,6.4,6.82,11.4,6.82,2.9,0.6,6.8,6.82,1.2,6.82,9.9,9.2,6.82,1.3,0.0,6.82,1.4,0.2,1.0,0.2,6.82,10.9,8.8,6.82,22.6,12.8,9.7,6.82,Premier_League,2022-2023
Manchester United,36,18.1,0.528,0.83,11.5,6.91,35,2,22,13.2,0.547,0.817,13.1,6.62,43,0,11.1,16.9,8.8,11.1,2.0,6.91,14.3,17.7,9.7,11.2,2.2,6.62,18.1,6.3,9.1,8.5,6.91,13.2,5.1,7.7,7.2,6.62,40.44,35.0,-5.44,343.0,0.12,6.91,19.19,9.0,-10.19,210.0,0.09,6.91,27.48,21.0,-6.48,250.0,0.11,6.62,30.27,33.0,2.73,271.0,0.11,6.62,25,4,4,2,1,5,1,3,0,1,14,5,1,1,1,19,5,7,2,0,14,3,51,445,17,1,51,391,13,2,52,461,18,1,52,364,25,5,0,7,34,4,0,5,0.4,0.27,0.33,0.41,0.26,0.34,0.23,0.61,0.16,0.16,0.67,0.18,0.2,0.6,0.2,0.16,0.63,0.2,0.07,0.55,0.38,0.1,0.53,0.37,0.08,0.53,0.4,0.14,0.56,0.3,0.29,0.4,0.31,0.3,0.41,0.3,18.1,6.9,1.3,9.9,6.91,1.9,0.4,1.3,0.2,6.91,495.3,25.7,26.1,385.2,58.3,6.91,14.8,1.9,12.9,6.91,0.2,0.1,0.5,0.1,0.0,0.7,1.4,6.91,10.5,9.1,19.5,6.91,16.9,8.0,24.9,6.91,8.8,6.91,18.7,6.91,3.4,1.3,10.1,6.91,2.0,6.91,8.5,11.1,6.91,1.8,0.1,6.91,2.2,0.3,1.2,0.7,6.91,13.7,7.8,6.91,22.1,11.5,10.5,6.91,13.2,5.2,1.0,6.9,6.62,1.2,0.2,0.8,0.1,6.62,509.3,23.7,27.7,392.3,65.5,6.62,10.4,1.5,8.9,6.62,0.2,0.0,0.3,0.0,0.0,0.4,0.8,6.62,11.2,7.7,18.9,6.62,17.7,7.9,25.6,6.62,9.7,6.62,19.9,6.62,4.3,1.3,8.4,6.62,2.2,6.62,7.2,11.2,6.62,2.3,0.0,6.62,3.1,0.4,1.7,1.0,6.62,12.5,7.6,6.62,25.4,13.1,12.3,6.62,Premier_League,2022-2023
Newcastle,36,18.1,0.54,0.809,14.4,6.82,31,1,32,12.0,0.504,0.786,15.1,6.75,31,0,8.1,15.5,8.3,10.9,1.5,6.82,12.3,16.5,9.3,10.4,2.2,6.75,18.1,5.8,9.6,10.9,6.82,12.0,4.6,8.8,10.1,6.75,44.41,33.0,-11.41,343.0,0.13,6.82,18.01,13.0,-5.01,153.0,0.12,6.82,29.34,31.0,1.66,228.0,0.13,6.75,23.88,18.0,-5.88,234.0,0.1,6.75,21,3,7,2,3,8,1,3,1,1,22,2,3,4,1,11,0,6,1,1,22,3,49,392,11,1,56,328,17,2,54,361,19,1,58,350,20,6,0,6,16,4,0,11,0.34,0.27,0.39,0.36,0.24,0.39,0.14,0.75,0.11,0.21,0.62,0.17,0.17,0.68,0.16,0.17,0.68,0.14,0.14,0.61,0.25,0.04,0.62,0.34,0.09,0.61,0.29,0.1,0.5,0.4,0.22,0.4,0.37,0.3,0.4,0.29,18.1,4.6,2.5,10.9,6.82,1.9,0.4,0.9,0.4,6.82,435.9,23.4,25.1,329.4,58.0,6.82,13.8,2.9,10.8,6.82,0.3,0.0,0.2,0.2,0.0,0.7,1.2,6.82,10.8,9.6,20.4,6.82,15.5,9.3,24.8,6.82,8.3,6.82,13.3,6.82,2.2,1.1,8.1,6.82,1.5,6.82,10.9,10.9,6.82,1.6,0.1,6.82,2.3,0.0,1.4,0.9,6.82,14.7,10.1,6.82,24.7,14.4,10.4,6.82,12.0,3.5,1.1,7.4,6.75,1.7,0.4,0.9,0.3,6.75,408.9,24.7,29.1,296.6,58.6,6.75,9.2,1.8,7.4,6.75,0.2,0.1,0.2,0.0,0.0,0.6,1.0,6.75,12.1,8.8,20.8,6.75,16.5,8.3,24.8,6.75,9.3,6.75,20.7,6.75,3.9,1.7,9.4,6.75,2.2,6.75,10.1,10.4,6.75,1.6,0.0,6.75,2.8,0.0,1.8,1.0,6.75,15.6,9.1,6.75,27.2,15.1,12.1,6.75,Premier_League,2022-2023
Nottingham Forest,27,10.2,0.364,0.721,14.5,6.62,49,0,11,9.2,0.379,0.725,15.2,6.36,35,0,13.1,17.4,9.6,12.0,1.6,6.62,16.2,17.3,8.7,11.4,1.9,6.36,10.2,3.7,7.2,10.8,6.62,9.2,2.5,6.6,9.7,6.36,23.93,25.0,1.07,194.0,0.12,6.62,32.89,24.0,-8.89,249.0,0.13,6.62,15.96,11.0,-4.96,174.0,0.09,6.36,35.74,44.0,8.26,308.0,0.12,6.36,14,2,6,3,2,12,2,6,4,0,6,1,4,0,0,30,2,10,2,0,14,1,58,266,21,2,53,515,14,1,55,269,23,3,50,479,30,6,0,13,32,2,0,1,0.38,0.24,0.38,0.37,0.24,0.39,0.13,0.67,0.2,0.16,0.71,0.13,0.14,0.72,0.14,0.15,0.68,0.18,0.06,0.62,0.32,0.09,0.58,0.33,0.08,0.53,0.39,0.09,0.62,0.29,0.32,0.42,0.26,0.34,0.42,0.24,10.2,3.3,0.6,6.3,6.62,1.4,0.3,1.0,0.1,6.62,318.8,20.4,36.1,209.5,52.9,6.62,7.2,0.8,6.4,6.62,0.1,0.1,0.1,0.1,0.0,0.6,0.7,6.62,7.9,7.2,15.1,6.62,17.4,7.8,25.2,6.62,9.6,6.62,22.7,6.62,3.8,2.2,10.6,6.62,1.6,6.62,10.8,12.0,6.62,2.6,0.0,6.62,2.6,0.3,1.6,0.7,6.62,15.7,7.8,6.62,30.2,14.5,15.7,6.62,9.2,3.5,0.7,4.9,6.36,0.6,0.1,0.4,0.1,6.36,318.2,20.2,33.6,210.5,53.9,6.36,5.8,1.0,4.8,6.36,0.1,0.0,0.0,0.0,0.0,0.4,0.4,6.36,8.5,6.6,15.1,6.36,17.3,7.7,25.0,6.36,8.7,6.36,24.3,6.36,4.4,1.7,7.5,6.36,1.9,6.36,9.7,11.4,6.36,1.8,0.0,6.36,3.4,0.1,2.3,0.9,6.36,12.6,6.6,6.36,31.1,15.2,15.9,6.36,Premier_League,2022-2023
Southampton,19,12.0,0.441,0.77,15.7,6.51,26,0,17,9.9,0.441,0.777,13.4,6.5,47,0,13.3,17.6,11.1,10.5,1.7,6.51,14.4,20.0,11.4,12.1,1.3,6.5,12.0,4.2,10.2,9.8,6.51,9.9,3.3,8.8,10.1,6.5,20.33,19.0,-1.33,228.0,0.09,6.51,30.97,35.0,4.03,252.0,0.12,6.51,18.11,17.0,-1.11,189.0,0.1,6.5,30.75,33.0,2.25,274.0,0.11,6.5,12,2,4,1,0,29,0,5,1,2,5,3,8,1,0,22,2,8,1,3,18,1,55,330,16,1,56,439,14,1,57,346,20,3,57,451,20,3,0,3,31,4,0,12,0.37,0.23,0.4,0.39,0.24,0.37,0.15,0.66,0.18,0.14,0.74,0.11,0.22,0.65,0.13,0.18,0.65,0.17,0.06,0.56,0.39,0.08,0.56,0.36,0.08,0.51,0.4,0.07,0.66,0.27,0.28,0.42,0.31,0.32,0.42,0.26,12.0,4.6,0.7,6.7,6.51,1.0,0.1,0.7,0.2,6.51,381.0,21.4,32.7,271.9,55.0,6.51,8.6,1.3,7.3,6.51,0.0,0.0,0.3,0.0,0.0,0.4,0.7,6.51,10.4,10.2,20.6,6.51,17.6,8.1,25.7,6.51,11.1,6.51,19.6,6.51,4.7,1.1,10.8,6.51,1.7,6.51,9.8,10.5,6.51,1.4,0.0,6.51,1.8,0.2,1.2,0.5,6.51,13.3,11.1,6.51,32.9,15.7,17.2,6.51,9.9,4.0,0.8,5.1,6.5,0.9,0.2,0.5,0.2,6.5,397.7,20.7,35.5,288.3,53.3,6.5,7.3,1.6,5.7,6.5,0.3,0.1,0.1,0.1,0.0,0.3,0.6,6.5,10.5,8.8,19.4,6.5,20.0,8.5,28.5,6.5,11.4,6.5,23.9,6.5,4.0,1.2,9.1,6.5,1.3,6.5,10.1,12.1,6.5,2.5,0.0,6.5,2.5,0.1,1.8,0.6,6.5,16.5,10.0,6.5,28.6,13.4,15.2,6.5,Premier_League,2022-2023
Tottenham,37,15.2,0.509,0.838,15.2,6.79,41,1,33,12.1,0.487,0.83,13.9,6.62,34,2,12.0,16.1,8.8,11.9,1.3,6.79,15.4,16.4,9.1,10.4,2.3,6.62,15.2,6.1,7.9,9.2,6.79,12.1,4.4,8.3,9.4,6.62,31.84,36.0,4.16,289.0,0.11,6.79,21.52,24.0,2.48,228.0,0.09,6.79,25.67,32.0,6.33,229.0,0.11,6.62,31.36,38.0,6.64,292.0,0.11,6.62,22,3,9,2,1,17,3,3,1,1,21,1,7,3,1,28,3,5,2,0,22,2,51,433,16,1,52,420,16,3,49,425,20,2,53,442,31,4,0,8,24,4,0,8,0.34,0.27,0.39,0.34,0.27,0.39,0.15,0.68,0.17,0.16,0.64,0.2,0.13,0.62,0.25,0.15,0.69,0.16,0.09,0.62,0.29,0.05,0.54,0.41,0.08,0.57,0.35,0.09,0.55,0.37,0.3,0.42,0.28,0.34,0.42,0.23,15.2,4.4,1.3,9.5,6.79,1.9,0.4,1.1,0.4,6.79,481.0,26.5,24.7,376.7,53.1,6.79,11.3,1.5,9.8,6.79,0.3,0.1,0.0,0.1,0.0,1.0,1.4,6.79,8.9,7.9,16.8,6.79,16.1,7.9,24.0,6.79,8.8,6.79,17.1,6.79,3.5,1.3,7.9,6.79,1.3,6.79,9.2,11.9,6.79,2.2,0.1,6.79,2.7,0.2,1.2,1.3,6.79,13.6,8.5,6.79,27.7,15.2,12.5,6.79,12.1,4.3,0.9,6.8,6.62,1.7,0.4,1.2,0.2,6.62,468.6,22.2,26.6,366.5,53.3,6.62,9.0,1.7,7.3,6.62,0.4,0.1,0.2,0.1,0.0,0.5,1.1,6.62,10.1,8.3,18.4,6.62,16.4,7.9,24.3,6.62,9.1,6.62,21.1,6.62,4.3,1.4,6.8,6.62,2.3,6.62,9.4,10.4,6.62,1.8,0.1,6.62,3.1,0.1,1.6,1.4,6.62,13.8,10.2,6.62,26.6,13.9,12.7,6.62,Premier_League,2022-2023
West Ham,26,13.8,0.417,0.793,16.9,6.69,19,0,16,11.1,0.411,0.771,15.8,6.5,25,0,11.6,16.2,10.4,8.7,1.9,6.69,14.6,15.8,11.1,10.4,1.3,6.5,13.8,4.1,7.6,7.6,6.69,11.1,3.6,5.6,9.1,6.5,28.24,26.0,-2.24,263.0,0.11,6.69,24.64,23.0,-1.64,221.0,0.11,6.69,22.46,15.0,-7.46,211.0,0.11,6.5,30.63,31.0,0.37,278.0,0.11,6.5,18,0,4,4,0,13,4,4,2,1,5,1,7,2,1,22,2,5,2,0,21,1,53,343,17,2,53,512,20,1,54,329,22,2,50,505,18,1,0,0,19,1,0,5,0.4,0.23,0.37,0.4,0.23,0.37,0.22,0.63,0.15,0.21,0.61,0.18,0.18,0.68,0.14,0.15,0.7,0.15,0.12,0.56,0.33,0.08,0.57,0.35,0.07,0.53,0.4,0.1,0.52,0.38,0.27,0.42,0.3,0.31,0.42,0.27,13.8,4.5,1.6,7.7,6.69,1.4,0.5,0.6,0.3,6.69,391.1,25.3,26.5,284.9,54.4,6.69,10.3,2.3,8.0,6.69,0.2,0.1,0.2,0.1,0.0,0.6,0.9,6.69,9.7,7.6,17.3,6.69,16.2,8.1,24.3,6.69,10.4,6.69,17.9,6.69,3.2,0.7,7.6,6.69,1.9,6.69,7.6,8.7,6.69,1.0,0.0,6.69,2.6,0.2,1.3,1.2,6.69,11.6,9.4,6.69,31.8,16.9,14.8,6.69,11.1,4.5,0.8,5.8,6.5,0.8,0.4,0.3,0.2,6.5,379.4,23.4,30.2,268.9,56.8,6.5,7.6,1.4,6.3,6.5,0.1,0.1,0.0,0.0,0.0,0.4,0.5,6.5,9.5,5.6,15.1,6.5,15.8,7.3,23.1,6.5,11.1,6.5,23.1,6.5,4.1,1.7,6.9,6.5,1.3,6.5,9.1,10.4,6.5,1.3,0.0,6.5,3.5,0.5,1.5,1.5,6.5,12.5,9.4,6.5,32.0,15.8,16.2,6.5,Premier_League,2022-2023
Wolves,19,11.2,0.485,0.798,12.7,6.61,45,4,12,10.5,0.517,0.827,11.9,6.42,39,2,14.2,17.2,6.8,11.9,1.8,6.61,15.1,17.6,7.9,12.5,1.4,6.42,11.2,4.0,9.2,9.8,6.61,10.5,2.6,11.1,10.7,6.42,20.8,17.0,-3.8,212.0,0.1,6.61,27.03,20.0,-7.03,269.0,0.1,6.61,14.93,11.0,-3.93,200.0,0.07,6.42,32.74,37.0,4.26,286.0,0.11,6.42,8,3,3,3,2,18,0,2,0,0,7,1,3,0,1,25,2,8,2,1,17,2,58,366,22,2,47,399,18,1,57,410,17,2,49,386,35,4,0,10,31,2,0,9,0.32,0.24,0.44,0.34,0.23,0.43,0.19,0.59,0.22,0.18,0.68,0.14,0.2,0.66,0.14,0.17,0.69,0.14,0.06,0.61,0.33,0.09,0.51,0.4,0.05,0.53,0.43,0.07,0.6,0.33,0.32,0.42,0.27,0.33,0.4,0.27,11.2,3.7,0.6,6.8,6.61,1.0,0.1,0.7,0.1,6.61,418.9,24.9,32.2,309.4,52.4,6.61,7.6,1.3,6.3,6.61,0.1,0.1,0.0,0.0,0.0,0.2,0.3,6.61,10.2,9.2,19.4,6.61,17.2,8.3,25.5,6.61,6.8,6.61,22.1,6.61,5.3,1.4,9.4,6.61,1.8,6.61,9.8,11.9,6.61,2.4,0.2,6.61,2.7,0.2,1.3,1.2,6.61,13.2,8.1,6.61,27.7,12.7,15.0,6.61,10.5,4.5,0.5,5.5,6.42,0.6,0.1,0.4,0.1,6.42,460.7,27.3,28.9,353.7,50.8,6.42,7.9,1.4,6.5,6.42,0.1,0.0,0.1,0.0,0.0,0.3,0.4,6.42,10.7,11.1,21.8,6.42,17.6,9.1,26.7,6.42,7.9,6.42,18.9,6.42,3.9,1.1,7.6,6.42,1.4,6.42,10.7,12.5,6.42,2.1,0.1,6.42,3.5,0.2,2.2,1.1,6.42,14.0,9.1,6.42,25.5,11.9,13.6,6.42,Premier_League,2022-2023
Arsenal,35,18.3,0.556,0.845,11.5,6.81,31,1,26,12.7,0.497,0.822,13.3,6.61,29,3,9.4,14.8,6.3,9.5,1.7,6.81,13.0,13.6,9.3,9.7,1.7,6.61,18.3,6.1,9.1,9.6,6.81,12.7,4.3,7.7,9.2,6.61,38.85,34.0,-4.85,347.0,0.11,6.81,19.07,17.0,-2.07,178.0,0.11,6.81,22.42,26.0,3.58,242.0,0.09,6.61,28.65,30.0,1.35,247.0,0.12,6.61,18,4,9,3,1,13,1,2,1,0,15,2,7,2,0,20,0,6,4,1,20,2,50,457,13,1,54,356,13,2,49,415,19,2,53,410,25,0,0,8,22,2,0,10,0.35,0.26,0.39,0.36,0.26,0.38,0.17,0.65,0.18,0.25,0.6,0.15,0.16,0.67,0.17,0.21,0.65,0.15,0.11,0.54,0.35,0.06,0.48,0.46,0.08,0.52,0.4,0.09,0.58,0.32,0.24,0.4,0.35,0.3,0.42,0.28,18.3,6.4,2.0,9.9,6.81,1.8,0.6,1.0,0.2,6.81,504.1,24.0,25.9,401.8,52.4,6.81,13.0,1.7,11.3,6.81,0.2,0.2,0.1,0.0,0.0,0.9,1.3,6.81,7.4,9.1,16.5,6.81,14.8,6.5,21.3,6.81,6.3,6.81,13.8,6.81,3.0,0.8,7.1,6.81,1.7,6.81,9.6,9.5,6.81,1.6,0.1,6.81,2.2,0.1,0.9,1.2,6.81,14.1,9.3,6.81,26.4,11.5,14.9,6.81,12.7,5.1,1.0,6.7,6.61,1.4,0.2,0.8,0.3,6.61,458.5,17.6,30.7,359.5,50.8,6.61,10.0,1.1,8.9,6.61,0.2,0.1,0.1,0.0,0.0,0.6,0.9,6.61,6.8,7.7,14.6,6.61,13.6,6.9,20.6,6.61,9.3,6.61,19.6,6.61,3.5,1.2,6.7,6.61,1.7,6.61,9.2,9.7,6.61,1.5,0.2,6.61,3.1,0.2,1.8,1.1,6.61,15.3,8.4,6.61,28.7,13.3,15.4,6.61,Premier_League,2021-2022
Aston Villa,29,12.9,0.468,0.813,13.8,6.69,31,2,23,11.5,0.459,0.781,14.8,6.68,48,0,11.8,16.5,8.3,10.0,1.3,6.69,13.3,16.8,9.6,11.1,1.5,6.68,12.9,4.5,8.0,13.2,6.69,11.5,4.0,9.5,13.3,6.68,23.98,27.0,3.02,245.0,0.1,6.69,25.42,29.0,3.58,225.0,0.11,6.69,20.71,23.0,2.29,219.0,0.09,6.68,26.17,23.0,-3.17,252.0,0.1,6.68,16,2,8,1,2,15,2,9,3,0,15,2,4,2,0,13,5,4,1,2,19,2,46,363,17,1,57,415,17,2,54,328,19,2,58,393,27,4,0,3,35,5,0,8,0.42,0.26,0.32,0.43,0.27,0.3,0.18,0.65,0.17,0.17,0.67,0.16,0.19,0.65,0.16,0.19,0.66,0.16,0.07,0.6,0.33,0.09,0.54,0.36,0.09,0.49,0.42,0.07,0.57,0.36,0.28,0.43,0.3,0.29,0.41,0.29,12.9,4.3,0.9,7.7,6.69,1.5,0.3,1.1,0.1,6.69,406.3,19.7,26.0,310.5,50.2,6.69,10.4,2.2,8.2,6.69,0.3,0.1,0.1,0.0,0.0,0.8,1.2,6.69,6.2,8.0,14.2,6.69,16.5,8.4,24.9,6.69,8.3,6.69,16.6,6.69,3.7,1.6,8.0,6.69,1.3,6.69,13.2,10.0,6.69,1.6,0.1,6.69,2.4,0.1,1.4,0.9,6.69,14.7,8.5,6.69,26.8,13.8,13.0,6.69,11.5,4.8,1.0,5.7,6.68,1.2,0.2,0.8,0.3,6.68,377.2,21.8,31.3,272.6,51.4,6.68,8.4,1.7,6.7,6.68,0.4,0.2,0.2,0.0,0.0,0.5,1.1,6.68,7.2,9.5,16.7,6.68,16.8,10.0,26.8,6.68,9.6,6.68,16.5,6.68,3.7,1.9,8.5,6.68,1.5,6.68,13.3,11.1,6.68,2.5,0.0,6.68,2.7,0.1,1.6,0.9,6.68,16.6,9.6,6.68,31.6,14.8,16.7,6.68,Premier_League,2021-2022
Brentford,22,12.3,0.447,0.73,20.7,6.71,29,2,26,11.0,0.439,0.744,17.3,6.59,32,1,11.6,16.8,10.6,9.8,1.1,6.71,14.9,15.1,10.1,9.7,2.4,6.59,12.3,4.1,6.9,9.3,6.71,11.0,4.1,6.9,9.8,6.59,28.09,22.0,-6.09,233.0,0.12,6.71,19.2,21.0,1.8,220.0,0.09,6.71,21.79,24.0,2.21,209.0,0.1,6.59,30.11,33.0,2.89,283.0,0.11,6.59,12,0,7,3,0,13,3,3,2,0,12,1,8,3,2,19,3,8,3,2,19,1,64,330,20,2,60,429,15,1,61,325,23,2,61,428,24,4,0,4,27,1,0,6,0.41,0.27,0.32,0.39,0.26,0.35,0.13,0.71,0.16,0.24,0.62,0.14,0.12,0.69,0.19,0.16,0.67,0.17,0.15,0.61,0.25,0.06,0.51,0.42,0.1,0.58,0.32,0.1,0.53,0.37,0.3,0.43,0.27,0.34,0.41,0.26,12.3,3.1,1.8,7.4,6.71,1.2,0.6,0.4,0.1,6.71,388.9,25.3,37.9,258.7,67.1,6.71,8.7,2.3,6.5,6.71,0.3,0.1,0.1,0.1,0.0,0.5,0.8,6.71,6.1,6.9,12.9,6.71,16.8,8.7,25.5,6.71,10.6,6.71,19.6,6.71,2.8,1.6,6.1,6.71,1.1,6.71,9.3,9.8,6.71,1.5,0.1,6.71,2.6,0.2,1.3,1.2,6.71,14.7,8.8,6.71,40.3,20.7,19.6,6.71,11.0,3.5,1.1,6.4,6.59,1.4,0.4,0.8,0.1,6.59,379.7,23.8,35.9,258.6,61.4,6.59,7.6,1.2,6.5,6.59,0.3,0.1,0.1,0.1,0.0,0.6,0.9,6.59,5.2,6.9,12.1,6.59,15.1,8.4,23.5,6.59,10.1,6.59,22.9,6.59,3.2,1.8,8.1,6.59,2.4,6.59,9.8,9.7,6.59,1.7,0.1,6.59,3.9,0.4,2.1,1.5,6.59,14.9,6.5,6.59,36.3,17.3,19.0,6.59,Premier_League,2021-2022
Brighton,19,14.7,0.547,0.828,13.9,6.64,32,1,23,11.0,0.54,0.806,16.2,6.75,41,1,12.0,15.8,9.4,10.9,1.4,6.64,13.1,19.4,9.5,9.7,1.4,6.75,14.7,3.5,7.8,9.0,6.64,11.0,4.5,8.8,9.7,6.75,26.7,17.0,-9.7,280.0,0.1,6.64,19.9,23.0,3.1,228.0,0.09,6.64,23.75,23.0,-0.75,209.0,0.11,6.75,26.95,21.0,-5.95,248.0,0.11,6.75,10,0,4,3,2,15,2,4,2,0,16,2,4,1,0,11,2,7,1,0,22,2,53,448,16,1,52,365,16,1,63,437,20,1,55,365,26,1,0,6,30,5,0,7,0.39,0.25,0.36,0.4,0.23,0.36,0.18,0.67,0.15,0.21,0.59,0.2,0.15,0.75,0.11,0.14,0.68,0.19,0.05,0.56,0.39,0.04,0.57,0.39,0.06,0.56,0.39,0.08,0.52,0.39,0.27,0.41,0.32,0.3,0.39,0.3,14.7,5.8,0.7,8.2,6.64,1.0,0.2,0.6,0.2,6.64,496.4,23.0,29.3,387.9,56.2,6.64,10.6,2.0,8.6,6.64,0.2,0.2,0.1,0.1,0.0,0.3,0.6,6.64,6.0,7.8,13.8,6.64,15.8,7.4,23.2,6.64,9.4,6.64,17.2,6.64,3.5,1.1,8.3,6.64,1.4,6.64,9.0,10.9,6.64,1.7,0.1,6.64,2.9,0.2,1.6,1.1,6.64,16.5,9.7,6.64,26.1,13.9,12.2,6.64,11.0,4.3,0.6,6.1,6.75,1.2,0.2,0.7,0.3,6.75,494.9,27.4,35.2,371.5,60.9,6.75,8.1,1.4,6.7,6.75,0.3,0.1,0.1,0.0,0.0,0.6,1.0,6.75,6.7,8.8,15.6,6.75,19.4,9.4,28.8,6.75,9.5,6.75,18.8,6.75,4.4,1.6,9.1,6.75,1.4,6.75,9.7,9.7,6.75,2.2,0.1,6.75,2.5,0.2,1.6,0.6,6.75,14.9,8.6,6.75,30.4,16.2,14.2,6.75,Premier_League,2021-2022
Burnley,18,12.1,0.4,0.703,21.3,6.72,34,0,16,9.4,0.382,0.68,22.5,6.57,34,2,13.7,15.8,11.1,10.6,2.8,6.72,18.1,15.2,10.6,10.2,2.5,6.57,12.1,3.8,8.5,8.8,6.72,9.4,2.7,5.1,8.6,6.57,23.73,18.0,-5.73,229.0,0.1,6.72,26.42,25.0,-1.42,260.0,0.1,6.72,18.86,14.0,-4.86,178.0,0.11,6.57,32.95,26.0,-6.95,343.0,0.1,6.57,10,1,7,0,0,18,1,3,3,0,9,0,4,1,2,17,1,6,2,2,22,1,67,272,20,1,66,453,18,1,74,247,26,1,65,456,26,3,0,5,25,2,0,9,0.36,0.26,0.38,0.39,0.26,0.35,0.14,0.71,0.15,0.18,0.63,0.2,0.18,0.72,0.1,0.16,0.66,0.18,0.12,0.54,0.34,0.07,0.58,0.34,0.11,0.53,0.37,0.06,0.59,0.35,0.26,0.43,0.3,0.3,0.41,0.3,12.1,4.1,1.4,6.5,6.72,0.9,0.4,0.5,0.1,6.72,332.3,27.2,38.1,206.3,60.7,6.72,8.5,2.3,6.2,6.72,0.3,0.2,0.1,0.1,0.0,0.4,0.8,6.72,6.5,8.5,15.1,6.72,15.8,7.2,23.0,6.72,11.1,6.72,20.5,6.72,4.8,1.5,8.5,6.72,2.8,6.72,8.8,10.6,6.72,1.8,0.0,6.72,3.2,0.3,1.9,0.9,6.72,14.7,8.3,6.72,39.5,21.3,18.2,6.72,9.4,3.4,1.0,4.9,6.57,0.8,0.2,0.5,0.1,6.57,316.1,29.5,43.1,185.6,57.9,6.57,6.6,2.2,4.5,6.57,0.2,0.0,0.0,0.0,0.0,0.4,0.5,6.57,5.2,5.1,10.2,6.57,15.2,7.7,22.9,6.57,10.6,6.57,23.3,6.57,6.3,2.3,7.2,6.57,2.5,6.57,8.6,10.2,6.57,1.8,0.1,6.57,3.5,0.1,2.2,1.3,6.57,13.7,6.9,6.57,43.2,22.5,20.6,6.57,Premier_League,2021-2022
Chelsea,37,17.2,0.632,0.873,13.9,6.84,32,0,39,14.0,0.612,0.87,14.6,6.99,31,1,9.1,16.5,8.5,11.2,1.3,6.84,8.8,16.2,9.8,10.3,2.4,6.99,17.2,6.1,9.8,10.6,6.84,14.0,5.1,9.4,10.1,6.99,35.38,36.0,0.62,326.0,0.11,6.84,19.61,22.0,2.39,173.0,0.11,6.84,31.75,39.0,7.25,266.0,0.12,6.99,16.71,10.0,-6.71,168.0,0.1,6.99,26,0,5,5,1,13,3,3,3,0,30,0,6,3,0,5,1,1,3,1,21,2,47,556,12,2,53,300,18,2,47,578,16,2,50,340,26,4,0,2,21,5,0,6,0.33,0.27,0.4,0.34,0.26,0.4,0.21,0.57,0.22,0.19,0.67,0.14,0.17,0.68,0.15,0.21,0.66,0.13,0.06,0.57,0.37,0.07,0.57,0.36,0.08,0.59,0.33,0.05,0.56,0.39,0.25,0.42,0.34,0.27,0.43,0.29,17.2,6.3,1.0,9.8,6.84,1.9,0.3,1.2,0.4,6.84,599.4,26.8,20.7,496.7,55.2,6.84,12.5,1.8,10.7,6.84,0.3,0.1,0.3,0.1,0.0,0.7,1.3,6.84,6.7,9.8,16.5,6.84,16.5,9.0,25.5,6.84,8.5,6.84,12.7,6.84,2.5,0.7,9.2,6.84,1.3,6.84,10.6,11.2,6.84,1.7,0.0,6.84,2.1,0.1,1.4,0.7,6.84,16.4,10.9,6.84,25.5,13.9,11.6,6.84,14.0,4.7,1.1,8.2,6.99,2.1,0.5,1.3,0.3,6.99,620.5,24.5,22.4,515.1,58.5,6.99,10.6,1.4,9.2,6.99,0.5,0.3,0.0,0.0,0.0,0.9,1.4,6.99,7.0,9.4,16.4,6.99,16.2,7.3,23.5,6.99,9.8,6.99,19.7,6.99,2.5,1.2,7.2,6.99,2.4,6.99,10.1,10.3,6.99,1.6,0.1,6.99,2.3,0.1,1.4,0.8,6.99,14.7,9.3,6.99,28.8,14.6,14.2,6.99,Premier_League,2021-2022
Crystal Palace,27,12.2,0.53,0.802,16.2,6.78,34,0,23,9.5,0.487,0.804,16.1,6.64,33,1,9.8,16.5,8.3,11.1,1.4,6.78,13.5,16.9,9.2,10.7,1.9,6.64,12.2,4.3,10.5,13.4,6.78,9.5,3.5,9.7,11.9,6.64,29.06,27.0,-2.06,231.0,0.13,6.78,17.26,16.0,-1.26,186.0,0.09,6.78,19.5,23.0,3.5,181.0,0.11,6.64,24.1,28.0,3.9,257.0,0.09,6.64,18,0,4,5,0,10,0,4,2,1,16,2,4,1,0,15,0,12,1,1,19,1,62,409,15,1,63,359,15,1,59,393,20,1,56,414,27,6,0,1,27,3,0,5,0.4,0.23,0.37,0.41,0.24,0.35,0.24,0.64,0.12,0.16,0.7,0.14,0.2,0.67,0.13,0.14,0.67,0.19,0.1,0.67,0.23,0.08,0.48,0.44,0.07,0.62,0.31,0.09,0.55,0.37,0.3,0.42,0.29,0.32,0.44,0.25,12.2,2.9,1.2,8.1,6.78,1.4,0.3,1.0,0.2,6.78,465.6,28.5,33.5,344.9,58.7,6.78,8.7,1.2,7.5,6.78,0.3,0.1,0.1,0.0,0.0,0.5,0.8,6.78,7.9,10.5,18.4,6.78,16.5,8.2,24.7,6.78,8.3,6.78,17.3,6.78,2.7,0.9,8.7,6.78,1.4,6.78,13.4,11.1,6.78,1.8,0.0,6.78,2.4,0.2,1.2,1.0,6.78,18.2,12.9,6.78,32.0,16.2,15.8,6.78,9.5,2.9,0.6,5.9,6.64,1.2,0.2,0.9,0.1,6.64,445.4,24.1,34.5,334.2,52.6,6.64,7.4,1.3,6.1,6.64,0.2,0.0,0.0,0.1,0.0,0.6,0.8,6.64,8.1,9.7,17.8,6.64,16.9,7.7,24.7,6.64,9.2,6.64,21.2,6.64,4.4,1.8,8.0,6.64,1.9,6.64,11.9,10.7,6.64,1.7,0.1,6.64,2.9,0.2,1.6,1.1,6.64,17.2,11.9,6.64,33.1,16.1,17.0,6.64,Premier_League,2021-2022
Everton,27,11.9,0.396,0.723,18.6,6.71,42,5,16,11.1,0.386,0.743,15.1,6.48,36,1,12.3,17.8,10.1,8.8,1.7,6.71,15.2,19.3,9.1,10.6,1.1,6.48,11.9,4.0,8.3,11.2,6.71,11.1,3.3,9.5,9.2,6.48,24.67,27.0,2.33,226.0,0.11,6.71,25.27,24.0,-1.27,233.0,0.11,6.71,19.22,15.0,-4.22,211.0,0.09,6.48,33.96,37.0,3.04,289.0,0.12,6.48,17,2,6,2,0,13,2,9,0,1,6,1,4,4,1,23,2,10,2,4,19,1,61,279,18,1,58,469,16,1,57,292,20,2,54,506,30,6,0,12,25,4,0,9,0.39,0.23,0.38,0.39,0.25,0.36,0.17,0.72,0.11,0.16,0.72,0.12,0.24,0.61,0.15,0.17,0.68,0.15,0.06,0.59,0.35,0.08,0.51,0.42,0.06,0.56,0.37,0.09,0.56,0.35,0.29,0.41,0.3,0.29,0.43,0.28,11.9,4.2,0.7,7.1,6.71,1.4,0.3,0.9,0.2,6.71,334.9,24.9,35.0,217.2,57.8,6.71,8.9,1.7,7.2,6.71,0.3,0.1,0.1,0.1,0.0,0.8,1.1,6.71,8.1,8.3,16.3,6.71,17.8,9.9,27.7,6.71,10.1,6.71,19.5,6.71,3.8,1.4,10.3,6.71,1.7,6.71,11.2,8.8,6.71,2.2,0.3,6.71,3.0,0.1,1.7,1.2,6.71,17.7,8.8,6.71,38.2,18.6,19.6,6.71,11.1,4.2,0.7,6.3,6.48,0.8,0.2,0.5,0.1,6.48,346.3,20.3,35.7,237.2,53.1,6.48,8.1,1.0,7.1,6.48,0.1,0.0,0.1,0.1,0.0,0.3,0.4,6.48,7.6,9.5,17.1,6.48,19.3,11.1,30.4,6.48,9.1,6.48,21.3,6.48,3.6,2.1,8.4,6.48,1.1,6.48,9.2,10.6,6.48,1.9,0.1,6.48,3.7,0.3,1.9,1.5,6.48,15.9,8.3,6.48,33.8,15.1,18.8,6.48,Premier_League,2021-2022
Leeds,19,13.9,0.536,0.787,12.5,6.53,53,2,23,11.6,0.502,0.772,12.6,6.54,48,1,14.4,19.3,10.1,12.4,1.7,6.53,16.2,22.1,10.7,12.3,1.6,6.54,13.9,3.9,8.8,9.3,6.53,11.6,4.2,9.0,10.1,6.54,26.84,19.0,-7.84,264.0,0.1,6.53,32.89,37.0,4.11,273.0,0.12,6.53,22.06,23.0,0.94,221.0,0.1,6.54,36.09,41.0,4.91,308.0,0.12,6.54,11,0,5,3,0,25,3,8,1,1,16,0,5,2,0,23,3,11,4,0,20,2,53,397,14,2,58,335,15,2,60,373,16,3,51,375,38,7,0,10,39,1,0,9,0.37,0.24,0.39,0.38,0.23,0.4,0.17,0.67,0.16,0.15,0.7,0.14,0.18,0.62,0.2,0.22,0.67,0.11,0.08,0.52,0.4,0.07,0.58,0.35,0.07,0.51,0.42,0.08,0.55,0.37,0.3,0.4,0.29,0.33,0.43,0.24,13.9,5.6,1.2,7.2,6.53,1.0,0.3,0.5,0.2,6.53,443.9,23.1,29.4,326.3,65.2,6.53,9.9,1.0,8.9,6.53,0.1,0.0,0.0,0.0,0.0,0.5,0.6,6.53,7.9,8.8,16.8,6.53,19.3,11.4,30.7,6.53,10.1,6.53,15.1,6.53,4.3,0.9,8.8,6.53,1.7,6.53,9.3,12.4,6.53,2.8,0.1,6.53,3.5,0.3,2.0,1.2,6.53,18.2,7.6,6.53,27.7,12.5,15.2,6.53,11.6,4.8,0.8,5.9,6.54,1.2,0.4,0.5,0.3,6.54,424.7,22.9,36.3,304.8,60.7,6.54,8.4,1.3,7.1,6.54,0.1,0.0,0.0,0.0,0.0,0.7,0.7,6.54,8.7,9.0,17.7,6.54,22.1,13.8,35.8,6.54,10.7,6.54,16.7,6.54,3.3,1.0,8.6,6.54,1.6,6.54,10.1,12.3,6.54,2.5,0.1,6.54,4.2,0.2,2.5,1.6,6.54,17.4,8.1,6.54,30.4,12.6,17.8,6.54,Premier_League,2021-2022
Leicester,34,12.5,0.526,0.827,14.0,6.81,22,0,28,10.4,0.51,0.809,14.0,6.59,33,1,14.5,17.8,9.7,8.8,1.8,6.81,15.3,18.5,9.6,9.9,1.3,6.59,12.5,4.9,7.7,10.6,6.81,10.4,3.9,7.9,10.3,6.59,26.96,34.0,7.04,237.0,0.11,6.81,31.73,22.0,-9.73,275.0,0.12,6.81,20.88,28.0,7.12,198.0,0.11,6.59,33.57,36.0,2.43,290.0,0.12,6.59,25,2,5,2,0,13,2,5,2,1,23,2,3,0,0,15,2,14,5,0,15,2,53,452,18,2,54,395,15,1,53,429,21,1,55,403,20,0,0,2,26,2,0,6,0.41,0.24,0.36,0.43,0.22,0.35,0.16,0.66,0.18,0.16,0.7,0.14,0.21,0.64,0.15,0.14,0.71,0.15,0.08,0.52,0.4,0.09,0.6,0.31,0.03,0.61,0.36,0.1,0.6,0.3,0.31,0.43,0.26,0.31,0.44,0.25,12.5,4.9,1.1,6.5,6.81,1.8,0.3,1.4,0.1,6.81,500.0,23.3,28.7,390.1,57.9,6.81,8.8,1.0,7.8,6.81,0.2,0.1,0.3,0.1,0.0,0.8,1.3,6.81,7.2,7.7,14.8,6.81,17.8,10.3,28.1,6.81,9.7,6.81,17.4,6.81,4.3,1.5,10.2,6.81,1.8,6.81,10.6,8.8,6.81,1.2,0.0,6.81,3.4,0.4,2.0,1.0,6.81,16.8,8.8,6.81,27.1,14.0,13.1,6.81,10.4,3.8,0.3,6.3,6.59,1.5,0.2,1.1,0.3,6.59,477.8,22.4,30.1,364.0,61.3,6.59,7.6,0.7,6.8,6.59,0.2,0.0,0.2,0.0,0.0,0.8,1.1,6.59,6.0,7.9,13.9,6.59,18.5,11.5,30.0,6.59,9.6,6.59,20.8,6.59,3.4,1.7,6.8,6.59,1.3,6.59,10.3,9.9,6.59,1.7,0.1,6.59,3.7,0.3,2.3,1.1,6.59,14.8,10.5,6.59,30.1,14.0,16.1,6.59,Premier_League,2021-2022
Liverpool,49,21.3,0.659,0.86,16.3,7.14,23,0,45,17.1,0.603,0.838,13.9,6.95,27,1,7.1,15.1,9.1,9.1,1.6,7.14,8.6,14.1,8.9,10.1,1.7,6.95,21.3,7.2,9.8,7.5,7.14,17.1,6.3,8.3,7.6,6.95,48.93,49.0,0.07,404.0,0.12,7.14,13.42,9.0,-4.42,134.0,0.1,7.14,40.88,45.0,4.12,325.0,0.13,6.95,19.87,16.0,-3.87,163.0,0.12,6.95,31,1,12,5,0,8,0,1,0,0,33,3,7,2,0,10,1,5,0,1,27,2,55,610,11,2,65,283,21,4,57,528,13,3,64,324,19,2,0,2,22,2,0,4,0.33,0.28,0.39,0.36,0.28,0.36,0.12,0.71,0.16,0.27,0.6,0.13,0.12,0.74,0.14,0.22,0.62,0.16,0.09,0.58,0.33,0.04,0.6,0.35,0.09,0.58,0.33,0.11,0.56,0.33,0.2,0.42,0.37,0.23,0.43,0.34,21.3,7.0,1.9,12.3,7.14,2.6,0.8,1.5,0.3,7.14,660.2,29.8,24.6,537.6,68.1,7.14,15.4,3.0,12.4,7.14,0.4,0.2,0.3,0.1,0.0,1.2,1.9,7.14,8.8,9.8,18.6,7.14,15.1,8.3,23.4,7.14,9.1,7.14,12.2,7.14,2.0,1.0,7.2,7.14,1.6,7.14,7.5,9.1,7.14,1.2,0.0,7.14,2.0,0.2,1.1,0.8,7.14,15.0,11.3,7.14,27.7,16.3,11.4,7.14,17.1,5.6,1.6,9.9,6.95,2.4,0.6,1.6,0.2,6.95,581.3,30.7,25.9,456.2,68.5,6.95,12.4,2.3,10.1,6.95,0.1,0.1,0.3,0.0,0.0,1.5,1.8,6.95,6.6,8.3,14.8,6.95,14.1,9.8,23.8,6.95,8.9,6.95,14.1,6.95,1.9,1.3,7.8,6.95,1.7,6.95,7.6,10.1,6.95,1.4,0.1,6.95,2.3,0.3,1.3,0.8,6.95,16.1,7.9,6.95,27.3,13.9,13.4,6.95,Premier_League,2021-2022
Manchester City,58,18.9,0.69,0.901,12.6,7.14,16,1,41,18.6,0.675,0.892,12.8,7.09,26,0,5.4,12.9,7.3,8.4,1.6,7.14,7.1,13.3,7.4,8.5,1.8,7.09,18.9,7.0,10.6,8.3,7.14,18.6,6.4,11.7,9.1,7.09,45.69,57.0,11.31,359.0,0.13,7.14,13.54,15.0,1.46,103.0,0.13,7.14,42.61,39.0,-3.61,354.0,0.12,7.09,13.63,11.0,-2.63,134.0,0.1,7.09,38,0,13,6,1,14,1,0,0,0,28,2,8,1,2,8,1,1,1,0,24,3,46,651,8,1,53,265,22,3,52,633,12,1,52,278,15,1,0,1,18,3,0,5,0.38,0.27,0.35,0.41,0.25,0.34,0.19,0.67,0.14,0.23,0.61,0.16,0.18,0.66,0.17,0.23,0.61,0.16,0.09,0.6,0.31,0.06,0.62,0.32,0.1,0.61,0.29,0.08,0.62,0.3,0.19,0.43,0.39,0.22,0.42,0.36,18.9,5.9,1.8,11.2,7.14,3.1,0.7,1.7,0.5,7.14,694.1,29.6,16.5,595.8,52.2,7.14,14.1,1.9,12.2,7.14,0.6,0.3,0.2,0.1,0.0,0.9,1.9,7.14,8.9,10.6,19.5,7.14,12.9,7.2,20.1,7.14,7.3,7.14,8.1,7.14,1.1,0.9,5.7,7.14,1.6,7.14,8.3,8.4,7.14,0.8,0.1,7.14,1.6,0.1,0.9,0.5,7.14,13.5,7.6,7.14,22.0,12.6,9.4,7.14,18.6,5.4,1.8,11.4,7.09,2.2,0.7,1.1,0.3,7.09,681.3,31.9,19.4,576.0,53.9,7.09,14.3,1.9,12.3,7.09,0.4,0.0,0.1,0.1,0.0,0.9,1.4,7.09,7.7,11.7,19.5,7.09,13.3,7.7,20.9,7.09,7.4,7.09,11.3,7.09,1.8,1.4,5.5,7.09,1.8,7.09,9.1,8.5,7.09,1.4,0.0,7.09,1.5,0.1,1.0,0.4,7.09,12.7,9.1,7.09,24.6,12.8,11.7,7.09,Premier_League,2021-2022
Manchester United,32,14.7,0.528,0.838,14.6,6.8,31,1,25,12.1,0.515,0.817,14.7,6.63,44,1,12.5,14.2,8.4,8.9,2.7,6.8,14.4,16.6,9.5,11.9,1.9,6.63,14.7,5.3,10.2,8.3,6.8,12.1,4.6,9.2,8.6,6.63,31.6,31.0,-0.6,279.0,0.11,6.8,23.23,20.0,-3.23,238.0,0.1,6.8,26.33,25.0,-1.33,229.0,0.11,6.63,33.1,34.0,0.9,273.0,0.12,6.63,23,1,5,2,1,15,2,2,1,2,19,3,2,1,0,27,1,4,2,1,18,2,52,469,17,2,55,409,17,2,48,440,17,2,52,407,25,0,0,7,36,2,0,8,0.41,0.25,0.34,0.42,0.25,0.33,0.2,0.61,0.19,0.15,0.67,0.18,0.16,0.62,0.22,0.15,0.69,0.16,0.04,0.61,0.35,0.06,0.55,0.39,0.07,0.56,0.37,0.09,0.57,0.34,0.27,0.43,0.3,0.29,0.43,0.27,14.7,5.2,0.6,8.9,6.8,1.7,0.2,1.2,0.3,6.8,518.2,27.8,23.5,406.4,60.4,6.8,12.3,2.3,10.1,6.8,0.2,0.2,0.2,0.1,0.0,0.9,1.3,6.8,7.1,10.2,17.3,6.8,14.2,8.9,23.1,6.8,8.4,6.8,15.9,6.8,3.4,1.2,6.4,6.8,2.7,6.8,8.3,8.9,6.8,1.6,0.1,6.8,2.7,0.1,1.6,1.0,6.8,12.7,8.1,6.8,26.6,14.6,12.0,6.8,12.1,4.4,0.9,6.7,6.63,1.3,0.2,1.1,0.1,6.63,483.7,22.7,24.6,372.4,63.9,6.63,9.2,1.5,7.7,6.63,0.1,0.1,0.2,0.1,0.0,0.7,1.1,6.63,6.7,9.2,15.9,6.63,16.6,9.2,25.8,6.63,9.5,6.63,19.5,6.63,3.6,0.9,7.8,6.63,1.9,6.63,8.6,11.9,6.63,2.3,0.1,6.63,3.9,0.3,2.2,1.4,6.63,15.6,9.4,6.63,26.1,14.7,11.3,6.63,Premier_League,2021-2022
Newcastle,25,12.4,0.375,0.719,18.4,6.68,31,1,18,11.1,0.413,0.767,16.6,6.53,45,0,14.2,16.2,10.0,10.6,2.0,6.68,13.4,17.6,8.9,9.6,1.7,6.53,12.4,4.1,10.9,9.3,6.68,11.1,3.8,7.8,9.8,6.53,23.18,23.0,-0.18,236.0,0.1,6.68,27.93,25.0,-2.93,269.0,0.1,6.68,18.34,18.0,-0.34,210.0,0.09,6.53,32.63,35.0,2.37,255.0,0.13,6.53,13,2,6,2,2,18,1,4,2,2,10,1,6,1,0,23,1,8,3,0,14,1,59,243,18,1,55,453,16,1,60,296,18,2,54,454,23,6,0,8,35,4,0,6,0.39,0.26,0.36,0.42,0.22,0.36,0.14,0.69,0.17,0.21,0.66,0.13,0.25,0.63,0.12,0.17,0.64,0.19,0.07,0.56,0.37,0.09,0.52,0.38,0.08,0.49,0.43,0.1,0.56,0.34,0.28,0.45,0.27,0.32,0.42,0.25,12.4,4.6,0.8,7.0,6.68,1.3,0.2,0.9,0.1,6.68,298.3,24.3,34.2,190.3,49.6,6.68,8.6,2.0,6.6,6.68,0.3,0.1,0.0,0.1,0.0,0.3,0.6,6.68,6.8,10.9,17.8,6.68,16.2,8.8,25.0,6.68,10.0,6.68,17.8,6.68,4.7,1.2,7.1,6.68,2.0,6.68,9.3,10.6,6.68,1.6,0.1,6.68,3.1,0.1,1.8,1.2,6.68,16.1,10.5,6.68,34.9,18.4,16.5,6.68,11.1,4.8,0.8,5.4,6.53,0.9,0.1,0.6,0.3,6.53,351.3,26.2,32.9,243.3,48.8,6.53,7.4,1.6,5.8,6.53,0.1,0.0,0.0,0.0,0.0,0.5,0.6,6.53,7.2,7.8,14.9,6.53,17.6,8.5,26.2,6.53,8.9,6.53,20.2,6.53,3.6,0.9,6.2,6.53,1.7,6.53,9.8,9.6,6.53,2.4,0.0,6.53,2.5,0.3,1.5,0.7,6.53,16.2,7.9,6.53,32.4,16.6,15.8,6.53,Premier_League,2021-2022
Norwich,12,10.6,0.415,0.767,13.5,6.4,29,0,11,9.0,0.43,0.783,12.6,6.43,26,1,14.1,15.6,10.8,9.7,1.3,6.4,19.2,16.7,9.3,9.0,1.6,6.43,10.6,3.3,7.2,11.7,6.4,9.0,2.4,8.5,11.0,6.43,16.73,11.0,-5.73,202.0,0.08,6.4,35.37,43.0,7.63,267.0,0.13,6.4,16.57,10.0,-6.57,171.0,0.1,6.43,41.97,39.0,-2.97,364.0,0.12,6.43,5,1,3,2,1,30,1,7,5,0,9,0,0,1,1,29,0,6,4,2,17,1,58,317,18,2,55,478,13,1,57,340,24,2,53,466,21,3,0,5,23,1,0,4,0.38,0.24,0.38,0.4,0.22,0.38,0.16,0.7,0.14,0.17,0.68,0.15,0.19,0.66,0.15,0.17,0.66,0.17,0.05,0.5,0.45,0.12,0.58,0.31,0.04,0.51,0.46,0.08,0.55,0.37,0.31,0.42,0.27,0.37,0.41,0.22,10.6,4.7,0.6,5.3,6.4,0.6,0.1,0.5,0.1,6.4,370.2,23.6,33.5,260.1,52.9,6.4,7.5,1.4,6.1,6.4,0.2,0.1,0.2,0.0,0.0,0.1,0.4,6.4,6.3,7.2,13.4,6.4,15.6,10.7,26.4,6.4,10.8,6.4,20.2,6.4,4.0,0.9,7.4,6.4,1.3,6.4,11.7,9.7,6.4,1.5,0.0,6.4,3.4,0.1,2.4,0.9,6.4,14.1,9.1,6.4,29.7,13.5,16.3,6.4,9.0,4.1,0.3,4.6,6.43,0.6,0.1,0.4,0.1,6.43,391.2,24.9,31.9,281.2,53.2,6.43,6.4,0.8,5.6,6.43,0.1,0.0,0.0,0.0,0.0,0.3,0.4,6.43,8.6,8.5,17.2,6.43,16.7,11.2,27.9,6.43,9.3,6.43,22.7,6.43,5.5,2.4,6.8,6.43,1.6,6.43,11.0,9.0,6.43,1.4,0.1,6.43,3.9,0.3,2.3,1.4,6.43,14.7,7.4,6.43,28.0,12.6,15.4,6.43,Premier_League,2021-2022
Southampton,23,12.4,0.448,0.759,18.2,6.71,31,1,20,12.9,0.501,0.773,17.3,6.55,32,1,13.3,15.7,12.1,10.8,1.1,6.71,12.7,16.0,11.4,10.3,1.2,6.55,12.4,4.6,8.6,9.0,6.71,12.9,4.4,9.8,10.1,6.55,24.73,21.0,-3.73,236.0,0.1,6.71,24.88,24.0,-0.88,253.0,0.1,6.71,24.39,20.0,-4.39,246.0,0.1,6.55,37.53,41.0,3.47,242.0,0.16,6.55,10,2,9,0,2,18,0,5,1,0,11,0,5,4,0,28,1,11,1,2,18,1,54,337,20,1,56,429,19,1,56,365,19,1,62,360,27,1,0,5,25,2,0,6,0.42,0.23,0.35,0.43,0.24,0.33,0.24,0.6,0.16,0.17,0.68,0.15,0.22,0.67,0.11,0.12,0.69,0.18,0.11,0.54,0.35,0.06,0.54,0.4,0.05,0.53,0.41,0.16,0.59,0.26,0.28,0.41,0.29,0.26,0.43,0.31,12.4,4.3,1.4,6.7,6.71,1.2,0.4,0.6,0.1,6.71,386.8,19.4,34.6,274.2,58.7,6.71,9.1,1.3,7.7,6.71,0.3,0.2,0.1,0.0,0.0,0.5,0.8,6.71,7.4,8.6,16.0,6.71,15.7,8.9,24.6,6.71,12.1,6.71,20.8,6.71,3.9,1.3,8.4,6.71,1.1,6.71,9.0,10.8,6.71,1.6,0.1,6.71,3.3,0.3,2.0,0.9,6.71,17.5,9.5,6.71,37.6,18.2,19.4,6.71,12.9,5.4,0.7,6.9,6.55,1.1,0.1,0.6,0.4,6.55,417.8,21.8,33.9,301.3,60.7,6.55,9.5,1.4,8.2,6.55,0.2,0.0,0.1,0.1,0.0,0.3,0.6,6.55,7.0,9.8,16.8,6.55,16.0,8.7,24.7,6.55,11.4,6.55,19.3,6.55,3.1,1.6,7.3,6.55,1.2,6.55,10.1,10.3,6.55,1.7,0.1,6.55,2.9,0.2,2.1,0.7,6.55,15.5,9.7,6.55,36.5,17.3,19.2,6.55,Premier_League,2021-2022
Tottenham,38,13.7,0.514,0.848,16.7,6.92,34,0,31,11.8,0.518,0.85,12.6,6.83,32,1,11.4,16.3,9.9,10.9,1.6,6.92,14.4,14.3,8.7,9.3,1.6,6.83,13.7,5.1,9.8,10.6,6.92,11.8,5.3,9.5,10.4,6.83,35.41,33.0,-2.41,260.0,0.14,6.92,19.45,19.0,-0.45,216.0,0.09,6.92,28.97,30.0,1.03,225.0,0.13,6.83,24.41,20.0,-4.41,273.0,0.09,6.83,24,1,6,2,5,13,1,5,0,0,22,3,2,3,1,12,1,5,2,0,17,3,44,461,17,1,54,424,15,2,43,447,21,1,51,399,26,4,0,4,26,4,0,5,0.34,0.26,0.41,0.34,0.28,0.38,0.13,0.72,0.15,0.18,0.65,0.17,0.18,0.67,0.15,0.15,0.69,0.16,0.13,0.52,0.35,0.07,0.57,0.35,0.08,0.6,0.33,0.07,0.55,0.38,0.28,0.45,0.26,0.32,0.43,0.25,13.7,4.7,1.8,7.1,6.92,2.0,0.5,0.9,0.3,6.92,503.5,21.7,22.9,405.2,53.7,6.92,10.5,1.5,9.0,6.92,0.3,0.1,0.2,0.0,0.0,0.8,1.3,6.92,7.3,9.8,17.1,6.92,16.3,7.9,24.2,6.92,9.9,6.92,18.7,6.92,3.2,1.2,8.0,6.92,1.6,6.92,10.6,10.9,6.92,1.8,0.0,6.92,2.6,0.3,1.4,0.9,6.92,15.3,8.6,6.92,29.9,16.7,13.2,6.92,11.8,3.9,0.9,7.1,6.83,1.6,0.2,1.3,0.1,6.83,486.0,21.6,21.4,391.7,51.3,6.83,9.4,1.3,8.1,6.83,0.3,0.0,0.3,0.1,0.0,0.7,1.3,6.83,7.5,9.5,17.1,6.83,14.3,8.8,23.2,6.83,8.7,6.83,20.8,6.83,5.2,1.2,7.9,6.83,1.6,6.83,10.4,9.3,6.83,1.7,0.1,6.83,2.6,0.1,1.4,1.1,6.83,15.3,9.1,6.83,25.2,12.6,12.6,6.83,Premier_League,2021-2022
Watford,17,11.5,0.415,0.733,20.1,6.49,33,1,17,9.5,0.38,0.724,17.7,6.56,24,2,14.0,15.8,11.4,11.4,1.6,6.49,15.5,16.5,11.9,11.9,1.2,6.56,11.5,3.6,11.8,9.8,6.49,9.5,3.1,8.9,8.7,6.56,20.53,16.0,-4.53,218.0,0.09,6.49,33.38,44.0,10.62,266.0,0.13,6.49,21.34,17.0,-4.34,181.0,0.12,6.56,30.92,30.0,-0.92,295.0,0.1,6.56,11,2,3,0,1,35,1,6,2,2,13,0,3,1,0,18,1,7,4,1,18,1,65,298,19,1,62,455,14,1,62,269,23,2,59,481,30,3,0,2,22,1,0,5,0.38,0.21,0.41,0.4,0.23,0.38,0.2,0.63,0.18,0.14,0.71,0.16,0.2,0.67,0.12,0.19,0.64,0.17,0.07,0.55,0.38,0.08,0.6,0.32,0.06,0.56,0.38,0.09,0.55,0.36,0.3,0.42,0.29,0.33,0.42,0.25,11.5,4.4,0.8,6.3,6.49,0.9,0.2,0.6,0.0,6.49,359.7,26.1,37.6,237.6,58.4,6.49,8.1,1.5,6.6,6.49,0.1,0.1,0.0,0.0,0.0,0.6,0.7,6.49,9.6,11.8,21.5,6.49,15.8,9.6,25.4,6.49,11.4,6.49,19.7,6.49,3.5,0.7,7.9,6.49,1.6,6.49,9.8,11.4,6.49,1.7,0.1,6.49,2.9,0.1,2.1,0.8,6.49,17.4,10.0,6.49,39.5,20.1,19.5,6.49,9.5,3.6,0.5,5.4,6.56,0.9,0.2,0.7,0.0,6.56,327.0,22.9,37.8,213.9,52.4,6.56,7.6,1.2,6.4,6.56,0.3,0.1,0.1,0.0,0.0,0.3,0.7,6.56,9.1,8.9,18.1,6.56,16.5,8.7,25.2,6.56,11.9,6.56,25.9,6.56,4.3,1.5,7.5,6.56,1.2,6.56,8.7,11.9,6.56,1.3,0.1,6.56,3.1,0.2,1.7,1.2,6.56,16.3,10.5,6.56,38.1,17.7,20.4,6.56,Premier_League,2021-2022
West Ham,33,12.5,0.468,0.796,18.4,6.8,27,0,27,11.1,0.48,0.816,15.4,6.69,20,3,12.8,13.3,9.6,8.5,1.7,6.8,16.0,14.8,10.1,8.5,1.4,6.69,12.5,4.5,8.4,7.1,6.8,11.1,3.8,7.7,7.5,6.69,29.41,32.0,2.59,238.0,0.12,6.8,24.07,25.0,0.93,244.0,0.1,6.8,23.97,26.0,2.03,211.0,0.11,6.69,31.31,24.0,-7.31,304.0,0.1,6.69,18,4,9,1,1,14,0,10,1,1,16,2,5,3,1,20,1,2,1,1,23,1,56,371,20,2,51,440,20,1,58,397,20,1,53,440,21,3,0,3,19,2,0,4,0.43,0.21,0.36,0.38,0.23,0.39,0.14,0.67,0.19,0.18,0.7,0.12,0.19,0.64,0.17,0.15,0.69,0.16,0.13,0.58,0.29,0.07,0.57,0.36,0.1,0.54,0.36,0.07,0.57,0.36,0.28,0.44,0.29,0.29,0.43,0.28,12.5,3.6,1.6,7.3,6.8,1.7,0.4,1.1,0.3,6.8,422.5,25.0,30.2,311.2,56.2,6.8,9.7,1.7,8.0,6.8,0.5,0.2,0.2,0.1,0.0,0.8,1.5,6.8,5.3,8.4,13.7,6.8,13.3,8.7,21.9,6.8,9.6,6.8,19.8,6.8,4.1,1.1,6.7,6.8,1.7,6.8,7.1,8.5,6.8,1.4,0.0,6.8,3.0,0.2,1.7,1.1,6.8,13.7,8.0,6.8,35.2,18.4,16.7,6.8,11.1,3.9,1.2,6.0,6.69,1.4,0.4,0.8,0.2,6.69,450.1,25.6,32.3,341.5,50.6,6.69,7.2,0.9,6.2,6.69,0.3,0.1,0.1,0.0,0.0,0.6,0.9,6.69,7.3,7.7,14.9,6.69,14.8,8.0,22.8,6.69,10.1,6.69,19.9,6.69,5.1,0.9,6.2,6.69,1.4,6.69,7.5,8.5,6.69,1.1,0.2,6.69,3.1,0.1,1.9,1.1,6.69,13.7,7.4,6.69,31.8,15.4,16.5,6.69,Premier_League,2021-2022
Wolves,20,11.7,0.509,0.823,13.8,6.67,31,1,18,9.4,0.477,0.802,10.6,6.7,28,1,11.8,17.4,10.0,9.3,1.8,6.67,15.0,18.0,10.5,9.9,1.4,6.7,11.7,3.7,12.6,8.4,6.67,9.4,3.4,11.1,9.3,6.7,21.61,18.0,-3.61,223.0,0.1,6.67,31.03,25.0,-6.03,224.0,0.14,6.67,18.74,17.0,-1.74,179.0,0.1,6.7,27.44,17.0,-10.44,285.0,0.1,6.7,11,2,4,1,2,16,1,3,5,0,10,1,6,0,1,11,0,2,4,1,19,2,57,422,18,2,51,411,12,2,62,391,20,2,47,443,22,4,0,7,21,2,0,7,0.33,0.24,0.43,0.36,0.25,0.4,0.13,0.65,0.22,0.13,0.71,0.16,0.16,0.67,0.17,0.17,0.63,0.2,0.04,0.54,0.42,0.1,0.57,0.33,0.08,0.54,0.39,0.07,0.59,0.34,0.31,0.43,0.26,0.33,0.44,0.23,11.7,4.9,0.4,6.4,6.67,1.1,0.1,0.7,0.2,6.67,474.2,27.4,29.3,362.6,54.8,6.67,8.7,1.3,7.4,6.67,0.1,0.1,0.1,0.0,0.0,0.5,0.6,6.67,8.5,12.6,21.1,6.67,17.4,10.1,27.5,6.67,10.0,6.67,18.1,6.67,2.9,1.9,8.2,6.67,1.8,6.67,8.4,9.3,6.67,1.6,0.1,6.67,2.9,0.3,1.7,0.9,6.67,16.2,8.9,6.67,27.0,13.8,13.2,6.67,9.4,3.6,0.7,5.1,6.7,0.9,0.3,0.4,0.2,6.7,447.8,27.6,33.9,331.7,54.6,6.7,6.7,0.9,5.8,6.7,0.1,0.0,0.1,0.0,0.0,0.4,0.5,6.7,8.4,11.1,19.5,6.7,18.0,10.8,28.8,6.7,10.5,6.7,22.5,6.7,4.2,1.7,7.7,6.7,1.4,6.7,9.3,9.9,6.7,1.5,0.1,6.7,3.6,0.3,2.5,0.9,6.7,15.3,9.1,6.7,23.5,10.6,12.8,6.7,Premier_League,2021-2022
Augsburg,26,12.5,0.424,0.767,18.9,6.59,37,2,24,13.1,0.435,0.773,16.4,6.5,32,1,14.3,15.9,9.1,13.3,3.1,6.59,15.5,15.2,8.3,13.4,1.7,6.5,12.5,4.1,6.6,10.8,6.59,13.1,3.8,7.2,9.1,6.5,25.72,25.0,-0.72,213.0,0.12,6.59,28.31,25.0,-3.31,243.0,0.12,6.59,24.66,24.0,-0.66,223.0,0.11,6.5,35.5,33.0,-2.5,264.0,0.13,6.5,15,4,4,2,1,15,1,4,5,1,12,3,6,3,0,19,1,11,2,1,20,1,59,311,19,1,64,444,17,1,53,337,19,2,61,447,29,2,0,9,21,1,0,11,0.34,0.27,0.39,0.32,0.27,0.41,0.19,0.7,0.11,0.17,0.64,0.18,0.14,0.7,0.16,0.13,0.72,0.15,0.11,0.56,0.33,0.08,0.59,0.33,0.1,0.55,0.34,0.09,0.54,0.37,0.28,0.42,0.31,0.29,0.42,0.3,12.5,4.1,1.4,7.1,6.59,1.5,0.3,1.1,0.1,6.59,364.7,26.3,31.3,253.4,53.7,6.59,9.0,1.6,7.4,6.59,0.2,0.1,0.0,0.0,0.0,0.8,0.9,6.59,9.9,6.6,16.5,6.59,15.9,7.8,23.7,6.59,9.1,6.59,20.2,6.59,4.1,1.1,9.7,6.59,3.1,6.59,10.8,13.3,6.59,2.2,0.1,6.59,3.4,0.2,2.0,1.1,6.59,14.4,6.0,6.59,37.5,18.9,18.6,6.59,13.1,4.5,1.4,7.2,6.5,1.4,0.3,1.0,0.1,6.5,386.5,22.5,29.9,276.4,57.8,6.5,8.6,1.4,7.2,6.5,0.2,0.1,0.2,0.1,0.0,0.6,1.1,6.5,7.5,7.2,14.8,6.5,15.2,7.2,22.4,6.5,8.3,6.5,21.5,6.5,3.7,0.7,8.3,6.5,1.7,6.5,9.1,13.4,6.5,1.9,0.1,6.5,4.0,0.2,2.5,1.3,6.5,16.9,7.9,6.5,34.4,16.4,17.9,6.5,Bundesliga,2023-2024
Bayer Leverkusen,47,19.7,0.641,0.893,11.1,6.97,28,0,42,16.7,0.601,0.882,10.6,6.96,31,0,6.9,11.5,6.2,9.5,2.5,6.97,10.2,15.5,7.0,8.5,1.8,6.96,19.7,8.2,9.6,9.8,6.97,16.7,5.9,10.8,10.3,6.96,44.27,47.0,2.73,335.0,0.13,6.97,14.01,11.0,-3.01,118.0,0.12,6.97,35.39,40.0,4.61,284.0,0.12,6.96,18.59,13.0,-5.59,173.0,0.11,6.96,30,6,8,3,0,6,0,5,0,0,23,3,9,5,2,8,1,4,0,0,19,3,35,674,9,1,52,347,15,2,42,605,14,1,52,374,19,3,0,6,18,5,0,8,0.34,0.29,0.37,0.36,0.28,0.36,0.13,0.69,0.18,0.16,0.68,0.16,0.18,0.7,0.13,0.13,0.69,0.17,0.1,0.52,0.39,0.09,0.55,0.36,0.07,0.58,0.35,0.06,0.55,0.39,0.17,0.45,0.37,0.24,0.45,0.3,19.7,7.6,1.9,10.2,6.97,2.8,0.7,1.6,0.5,6.97,704.4,21.2,13.1,607.7,62.5,6.97,15.4,1.9,13.5,6.97,0.4,0.2,0.3,0.0,0.0,1.6,2.4,6.97,10.6,9.6,20.2,6.97,11.5,5.7,17.2,6.97,6.2,6.97,10.5,6.97,2.2,0.8,8.2,6.97,2.5,6.97,9.8,9.5,6.97,1.6,0.0,6.97,1.8,0.2,0.9,0.6,6.97,13.2,10.3,6.97,20.4,11.1,9.3,6.97,16.7,5.8,1.2,9.7,6.96,2.5,0.5,1.6,0.2,6.96,642.2,21.9,19.4,544.8,56.1,6.96,13.6,1.6,12.1,6.96,0.5,0.3,0.1,0.0,0.0,1.1,1.8,6.96,11.7,10.8,22.5,6.96,15.5,6.4,21.9,6.96,7.0,6.96,15.2,6.96,2.1,1.1,7.0,6.96,1.8,6.96,10.3,8.5,6.96,1.8,0.0,6.96,2.9,0.1,1.9,1.0,6.96,15.2,9.3,6.96,20.9,10.6,10.3,6.96,Bundesliga,2023-2024
Bayern Munich,53,19.8,0.605,0.894,11.2,7.06,13,1,41,17.7,0.621,0.883,13.1,6.83,32,1,8.7,15.7,8.8,8.6,2.2,7.06,12.1,14.9,8.2,9.2,1.4,6.83,19.8,8.1,12.8,8.1,7.06,17.7,6.2,15.5,9.9,6.83,49.99,52.0,2.01,337.0,0.15,7.06,14.19,12.0,-2.19,148.0,0.1,7.06,41.32,41.0,-0.32,301.0,0.14,6.83,23.53,33.0,9.47,206.0,0.11,6.83,35,3,11,3,1,7,2,2,1,0,28,5,6,2,0,21,5,5,2,0,21,2,36,604,12,1,45,374,17,3,41,588,15,1,47,333,10,2,0,2,25,0,0,9,0.33,0.29,0.38,0.35,0.3,0.35,0.13,0.7,0.17,0.2,0.58,0.22,0.16,0.7,0.14,0.2,0.66,0.14,0.1,0.61,0.29,0.04,0.49,0.47,0.1,0.64,0.27,0.06,0.56,0.38,0.23,0.43,0.36,0.26,0.43,0.32,19.8,5.7,2.1,12.1,7.06,3.1,0.8,2.0,0.3,7.06,635.9,21.2,14.4,547.6,52.7,7.06,15.9,1.8,14.1,7.06,0.5,0.2,0.4,0.1,0.0,1.4,2.4,7.06,11.6,12.8,24.5,7.06,15.7,7.6,23.3,7.06,8.8,7.06,11.5,7.06,2.0,1.1,8.9,7.06,2.2,7.06,8.1,8.6,7.06,0.8,0.1,7.06,2.2,0.1,0.9,1.2,7.06,12.7,10.0,7.06,19.8,11.2,8.6,7.06,17.7,4.7,1.7,11.3,6.83,2.4,0.7,1.4,0.3,6.83,625.3,23.4,17.2,528.5,56.2,6.83,13.9,1.6,12.4,6.83,0.5,0.1,0.2,0.0,0.0,1.2,1.9,6.83,13.4,15.5,28.9,6.83,14.9,8.0,22.9,6.83,8.2,6.83,14.6,6.83,2.8,1.1,8.5,6.83,1.4,6.83,9.9,9.2,6.83,1.9,0.1,6.83,2.5,0.2,1.6,0.7,6.83,14.8,11.0,6.83,24.1,13.1,11.0,6.83,Bundesliga,2023-2024
Bochum,26,18.2,0.467,0.699,25.3,6.63,53,2,16,12.9,0.45,0.714,24.0,6.43,44,0,14.9,16.3,9.1,13.0,2.5,6.63,16.5,19.2,9.0,13.2,2.4,6.43,18.2,5.6,5.1,13.1,6.63,12.9,3.4,5.8,10.9,6.43,30.84,26.0,-4.84,309.0,0.1,6.63,27.21,26.0,-1.21,253.0,0.11,6.63,20.18,15.0,-5.18,219.0,0.09,6.43,42.02,44.0,1.98,281.0,0.15,6.43,9,1,12,4,0,16,5,3,2,3,13,0,2,0,1,25,4,8,7,1,21,1,74,301,19,1,70,362,17,1,69,303,21,2,64,391,38,3,0,14,30,4,0,10,0.45,0.27,0.28,0.47,0.27,0.27,0.2,0.7,0.1,0.15,0.71,0.14,0.19,0.68,0.13,0.16,0.71,0.13,0.1,0.53,0.37,0.08,0.63,0.28,0.03,0.59,0.38,0.1,0.63,0.28,0.25,0.41,0.34,0.29,0.42,0.28,18.2,6.7,1.8,9.6,6.63,1.5,0.3,1.1,0.2,6.63,371.0,30.2,42.8,229.1,69.0,6.63,12.9,2.4,10.5,6.63,0.4,0.3,0.1,0.0,0.0,0.4,0.8,6.63,7.9,5.1,13.1,6.63,16.3,7.9,24.2,6.63,9.1,6.63,20.4,6.63,4.4,1.6,10.4,6.63,2.5,6.63,13.1,13.0,6.63,3.1,0.1,6.63,3.2,0.4,2.4,0.5,6.63,14.2,8.0,6.63,50.6,25.3,25.3,6.63,12.9,4.9,0.4,7.6,6.43,0.9,0.0,0.8,0.1,6.43,368.2,28.7,39.5,234.1,65.9,6.43,8.9,2.1,6.9,6.43,0.3,0.0,0.1,0.0,0.0,0.4,0.8,6.43,6.8,5.8,12.6,6.43,19.2,8.5,27.7,6.43,9.0,6.43,22.3,6.43,3.9,1.7,8.3,6.43,2.4,6.43,10.9,13.2,6.43,2.6,0.0,6.43,3.8,0.2,2.5,1.1,6.43,14.9,8.5,6.43,47.7,24.0,23.7,6.43,Bundesliga,2023-2024
Borussia Dortmund,37,17.9,0.608,0.867,11.5,6.8,23,1,31,12.2,0.554,0.842,12.1,6.69,32,3,11.6,16.6,6.7,8.8,0.9,6.8,16.5,15.6,8.1,9.8,1.6,6.69,17.9,6.4,10.8,11.1,6.8,12.2,4.9,8.0,11.9,6.69,39.59,37.0,-2.59,304.0,0.13,6.8,23.44,20.0,-3.44,197.0,0.12,6.8,28.98,31.0,2.02,208.0,0.14,6.69,32.64,21.0,-11.64,280.0,0.12,6.69,18,4,11,4,0,6,6,6,2,2,22,4,3,2,0,13,1,4,3,0,18,2,54,543,15,1,47,336,13,2,54,483,21,2,50,372,18,4,0,2,27,4,0,6,0.36,0.29,0.35,0.37,0.29,0.34,0.2,0.67,0.13,0.15,0.71,0.15,0.16,0.67,0.17,0.17,0.69,0.14,0.11,0.55,0.34,0.08,0.56,0.36,0.11,0.55,0.34,0.1,0.55,0.35,0.27,0.43,0.3,0.33,0.43,0.24,17.9,6.1,1.9,9.9,6.8,2.2,0.6,1.2,0.4,6.8,593.7,30.9,22.0,484.1,56.8,6.8,13.6,2.1,11.6,6.8,0.5,0.1,0.2,0.1,0.0,0.8,1.5,6.8,11.2,10.8,22.1,6.8,16.6,7.5,24.2,6.8,6.7,6.8,13.9,6.8,2.1,1.1,10.4,6.8,0.9,6.8,11.1,8.8,6.8,1.4,0.1,6.8,2.8,0.2,1.8,0.8,6.8,15.7,9.6,6.8,23.5,11.5,12.1,6.8,12.2,4.3,1.3,6.6,6.69,1.8,0.4,1.3,0.1,6.69,532.3,28.3,25.2,419.9,58.9,6.69,9.2,1.1,8.1,6.69,0.2,0.1,0.2,0.0,0.0,0.8,1.2,6.69,11.8,8.0,19.8,6.69,15.6,8.1,23.6,6.69,8.1,6.69,21.4,6.69,5.1,1.5,7.8,6.69,1.6,6.69,11.9,9.8,6.69,1.9,0.2,6.69,3.3,0.2,2.1,1.0,6.69,15.6,9.8,6.69,25.6,12.1,13.6,6.69,Bundesliga,2023-2024
Borussia M.Gladbach,27,14.7,0.482,0.819,15.1,6.68,27,0,29,12.2,0.444,0.813,14.0,6.54,37,2,14.6,17.8,11.5,9.4,1.6,6.68,19.6,16.5,8.1,10.4,1.5,6.54,14.7,4.6,7.0,12.2,6.68,12.2,4.5,6.9,9.6,6.54,26.44,26.0,-0.44,250.0,0.11,6.68,25.1,26.0,0.9,248.0,0.1,6.68,24.97,29.0,4.03,207.0,0.12,6.54,35.65,41.0,5.35,333.0,0.11,6.54,15,2,7,2,1,19,1,5,1,0,14,5,7,3,0,28,2,6,5,0,18,2,50,432,18,2,50,469,15,1,48,393,24,2,50,498,19,2,0,6,26,4,0,10,0.36,0.25,0.4,0.38,0.26,0.36,0.18,0.66,0.16,0.18,0.67,0.15,0.14,0.68,0.17,0.2,0.65,0.15,0.09,0.61,0.3,0.06,0.57,0.37,0.05,0.64,0.31,0.06,0.58,0.36,0.3,0.45,0.25,0.33,0.44,0.23,14.7,4.5,1.3,8.9,6.68,1.6,0.2,1.2,0.1,6.68,476.6,22.1,27.6,368.2,58.6,6.68,12.2,2.2,9.9,6.68,0.3,0.1,0.2,0.0,0.0,0.6,1.1,6.68,9.5,7.0,16.5,6.68,17.8,7.6,25.4,6.68,11.5,6.68,20.8,6.68,4.8,1.8,9.7,6.68,1.6,6.68,12.2,9.4,6.68,1.6,0.0,6.68,3.6,0.1,2.0,1.5,6.68,12.0,8.9,6.68,29.2,15.1,14.1,6.68,12.2,3.8,0.6,7.8,6.54,1.7,0.2,1.3,0.2,6.54,436.8,19.9,28.0,335.1,53.7,6.54,9.9,1.6,8.3,6.54,0.4,0.2,0.1,0.0,0.0,0.9,1.4,6.54,8.9,6.9,15.9,6.54,16.5,6.9,23.4,6.54,8.1,6.54,27.1,6.54,5.1,1.9,7.8,6.54,1.5,6.54,9.6,10.4,6.54,2.2,0.1,6.54,4.6,0.3,2.9,1.4,6.54,13.2,9.9,6.54,28.5,14.0,14.5,6.54,Bundesliga,2023-2024
Darmstadt,15,13.1,0.483,0.793,16.5,6.36,36,2,15,10.8,0.423,0.775,14.2,6.36,47,2,14.4,16.5,10.6,12.3,1.9,6.36,19.6,16.5,8.1,12.9,1.5,6.36,13.1,4.2,5.5,10.6,6.36,10.8,2.6,5.8,10.1,6.36,20.98,15.0,-5.98,223.0,0.09,6.36,34.79,44.0,9.21,245.0,0.14,6.36,14.17,13.0,-1.17,184.0,0.08,6.36,44.34,40.0,-4.34,333.0,0.13,6.36,11,0,2,2,0,34,2,8,0,0,9,1,2,1,2,27,3,9,1,2,18,1,65,375,16,2,57,416,12,0,68,325,21,2,48,483,24,4,0,10,36,1,0,12,0.4,0.27,0.33,0.41,0.28,0.32,0.18,0.68,0.14,0.17,0.7,0.13,0.23,0.56,0.22,0.16,0.67,0.17,0.04,0.55,0.41,0.09,0.57,0.34,0.03,0.54,0.43,0.1,0.55,0.35,0.27,0.44,0.28,0.34,0.43,0.23,13.1,5.4,0.5,7.2,6.36,0.9,0.0,0.9,0.0,6.36,433.7,29.0,35.2,314.8,54.7,6.36,9.8,1.2,8.6,6.36,0.2,0.0,0.1,0.0,0.0,0.3,0.6,6.36,6.7,5.5,12.2,6.36,16.5,7.0,23.5,6.36,10.6,6.36,18.8,6.36,3.5,0.9,7.2,6.36,1.9,6.36,10.6,12.3,6.36,2.1,0.1,6.36,2.9,0.0,1.9,0.9,6.36,14.1,7.4,6.36,34.6,16.5,18.1,6.36,10.8,4.6,0.4,5.8,6.36,0.9,0.1,0.6,0.1,6.36,385.6,30.7,35.6,268.2,51.1,6.36,8.0,1.6,6.4,6.36,0.0,0.0,0.1,0.0,0.0,0.5,0.5,6.36,7.9,5.8,13.7,6.36,16.5,10.5,27.0,6.36,8.1,6.36,21.3,6.36,4.6,1.4,8.3,6.36,1.5,6.36,10.1,12.9,6.36,2.8,0.1,6.36,4.8,0.2,2.7,1.9,6.36,13.5,6.1,6.36,30.5,14.2,16.3,6.36,Bundesliga,2023-2024
Eintracht Frankfurt,29,14.2,0.561,0.821,14.4,6.66,33,1,22,9.6,0.477,0.804,14.2,6.49,29,4,10.0,18.6,8.1,9.7,1.4,6.66,14.6,16.8,9.6,11.2,1.6,6.49,14.2,4.7,8.8,9.9,6.66,9.6,3.8,7.8,8.8,6.49,30.18,28.0,-2.18,241.0,0.13,6.66,23.07,21.0,-2.07,170.0,0.14,6.66,20.93,20.0,-0.93,164.0,0.13,6.49,32.91,29.0,-3.91,249.0,0.13,6.49,18,6,2,2,1,11,1,5,4,0,16,2,2,0,2,18,2,4,5,0,21,2,54,488,14,1,61,369,12,1,57,428,23,2,56,466,21,5,0,8,28,1,0,8,0.34,0.25,0.42,0.36,0.25,0.39,0.14,0.68,0.18,0.16,0.66,0.17,0.17,0.65,0.18,0.16,0.71,0.13,0.05,0.66,0.29,0.11,0.52,0.37,0.08,0.65,0.27,0.12,0.54,0.34,0.26,0.45,0.3,0.33,0.44,0.23,14.2,4.1,0.8,9.4,6.66,1.7,0.4,1.2,0.1,6.66,539.4,21.5,32.5,421.1,64.4,6.66,10.0,1.8,8.2,6.66,0.2,0.0,0.0,0.0,0.0,0.8,1.1,6.66,11.9,8.8,20.6,6.66,18.6,7.6,26.3,6.66,8.1,6.66,16.1,6.66,2.4,1.6,9.4,6.66,1.4,6.66,9.9,9.7,6.66,1.9,0.1,6.66,2.1,0.1,1.1,0.9,6.66,14.8,8.8,6.66,30.4,14.4,15.9,6.66,9.6,2.5,0.8,6.3,6.49,1.3,0.4,0.6,0.2,6.49,478.8,21.2,34.8,363.8,59.1,6.49,7.2,1.2,6.0,6.49,0.1,0.0,0.1,0.0,0.0,0.8,0.9,6.49,9.2,7.8,17.0,6.49,16.8,7.4,24.1,6.49,9.6,6.49,22.8,6.49,3.4,1.5,9.8,6.49,1.6,6.49,8.8,11.2,6.49,1.7,0.2,6.49,3.5,0.3,2.2,1.1,6.49,15.9,8.7,6.49,29.4,14.2,15.2,6.49,Bundesliga,2023-2024
FC Heidenheim,30,13.9,0.445,0.749,20.7,6.68,29,0,20,9.4,0.391,0.719,20.8,6.48,25,1,13.8,18.4,7.4,12.2,1.4,6.68,17.1,17.0,10.4,13.8,0.9,6.48,13.9,4.2,6.8,9.7,6.68,9.4,2.8,6.3,9.4,6.48,24.09,28.0,3.91,236.0,0.1,6.68,29.56,24.0,-5.56,235.0,0.13,6.68,19.45,18.0,-1.45,159.0,0.12,6.48,34.97,28.0,-6.97,290.0,0.12,6.48,13,4,10,1,2,15,2,4,3,2,8,5,4,1,2,18,1,5,4,1,22,1,65,326,18,2,65,431,17,1,65,300,20,2,59,516,27,0,0,2,19,2,0,5,0.32,0.24,0.44,0.37,0.25,0.38,0.13,0.71,0.16,0.15,0.69,0.16,0.16,0.68,0.16,0.15,0.68,0.17,0.11,0.56,0.33,0.08,0.58,0.33,0.13,0.54,0.33,0.08,0.64,0.29,0.29,0.42,0.29,0.3,0.45,0.25,13.9,4.6,1.5,7.8,6.68,1.8,0.4,0.8,0.5,6.68,385.8,29.5,34.4,259.6,62.4,6.68,9.6,2.1,7.6,6.68,0.4,0.2,0.1,0.1,0.0,0.8,1.3,6.68,9.2,6.8,16.1,6.68,18.4,7.7,26.1,6.68,7.4,6.68,22.7,6.68,3.6,1.4,9.1,6.68,1.4,6.68,9.7,12.2,6.68,1.7,0.0,6.68,3.2,0.1,1.8,1.4,6.68,15.7,8.5,6.68,38.9,20.7,18.2,6.68,9.4,3.1,1.2,5.1,6.48,1.2,0.3,0.6,0.1,6.48,359.7,27.7,36.2,230.9,64.9,6.48,6.8,1.6,5.1,6.48,0.2,0.1,0.1,0.0,0.0,0.4,0.6,6.48,8.8,6.3,15.1,6.48,17.0,10.9,27.9,6.48,10.4,6.48,20.6,6.48,4.0,1.9,10.6,6.48,0.9,6.48,9.4,13.8,6.48,1.5,0.1,6.48,3.9,0.6,2.4,0.9,6.48,16.6,7.9,6.48,39.6,20.8,18.9,6.48,Bundesliga,2023-2024
FC Koln,15,15.2,0.475,0.792,17.5,6.51,29,2,13,11.1,0.432,0.781,16.5,6.46,36,2,12.9,16.6,9.5,11.8,1.7,6.51,16.9,19.6,8.5,12.8,1.4,6.46,15.2,4.6,8.6,10.2,6.51,11.1,4.2,5.9,11.2,6.46,22.06,15.0,-7.06,258.0,0.09,6.51,31.77,28.0,-3.77,220.0,0.14,6.51,22.27,13.0,-9.27,189.0,0.12,6.46,37.6,32.0,-5.6,288.0,0.13,6.46,8,0,4,3,0,16,4,6,2,0,4,1,6,2,0,23,3,5,1,0,26,1,49,370,15,1,56,418,20,1,53,342,22,2,52,470,25,3,0,4,28,1,0,11,0.38,0.24,0.38,0.37,0.23,0.4,0.17,0.65,0.17,0.13,0.75,0.12,0.18,0.64,0.18,0.11,0.74,0.14,0.08,0.52,0.4,0.12,0.58,0.3,0.07,0.57,0.36,0.12,0.6,0.28,0.26,0.43,0.3,0.31,0.43,0.25,15.2,6.1,1.2,7.9,6.51,0.9,0.2,0.6,0.1,6.51,414.5,19.6,28.1,308.7,58.1,6.51,11.2,1.6,9.5,6.51,0.1,0.1,0.0,0.0,0.0,0.5,0.6,6.51,8.9,8.6,17.5,6.51,16.6,8.9,25.6,6.51,9.5,6.51,18.9,6.51,3.3,0.8,10.8,6.51,1.7,6.51,10.2,11.8,6.51,1.7,0.1,6.51,2.6,0.4,1.8,0.5,6.51,13.1,9.2,6.51,34.1,17.5,16.5,6.51,11.1,4.0,0.8,6.3,6.46,0.8,0.2,0.5,0.1,6.46,390.5,21.8,30.0,283.4,55.4,6.46,7.7,1.4,6.3,6.46,0.2,0.0,0.0,0.1,0.0,0.2,0.4,6.46,7.5,5.9,13.4,6.46,19.6,9.7,29.4,6.46,8.5,6.46,24.4,6.46,5.8,1.8,9.9,6.46,1.4,6.46,11.2,12.8,6.46,2.1,0.1,6.46,3.8,0.4,2.4,0.9,6.46,14.6,8.0,6.46,32.1,16.5,15.5,6.46,Bundesliga,2023-2024
Freiburg,28,14.5,0.492,0.811,19.5,6.6,32,4,17,9.1,0.433,0.77,18.2,6.57,30,0,13.0,13.8,6.8,11.4,1.7,6.6,16.9,18.4,9.2,10.1,1.4,6.57,14.5,4.9,7.5,10.7,6.6,9.1,3.6,5.5,11.4,6.57,32.53,27.0,-5.53,247.0,0.13,6.6,26.43,30.0,3.57,221.0,0.12,6.6,20.43,16.0,-4.43,154.0,0.13,6.57,31.13,27.0,-4.13,288.0,0.11,6.57,17,0,6,4,1,20,3,6,1,0,10,0,3,3,1,15,6,4,2,1,21,1,54,406,15,1,53,429,14,1,61,350,20,2,53,483,28,1,0,8,20,3,0,7,0.31,0.31,0.38,0.31,0.3,0.39,0.11,0.78,0.1,0.14,0.75,0.12,0.12,0.66,0.23,0.16,0.68,0.16,0.09,0.61,0.29,0.08,0.58,0.34,0.1,0.63,0.27,0.07,0.61,0.32,0.25,0.44,0.3,0.32,0.43,0.25,14.5,4.3,1.4,8.9,6.6,1.6,0.5,0.9,0.1,6.6,455.8,23.3,30.4,346.2,55.9,6.6,10.6,1.8,8.8,6.6,0.6,0.1,0.0,0.1,0.0,0.5,1.1,6.6,9.4,7.5,16.9,6.6,13.8,6.4,20.2,6.6,6.8,6.6,18.2,6.6,3.4,0.8,6.8,6.6,1.7,6.6,10.7,11.4,6.6,1.9,0.2,6.6,2.5,0.2,1.5,0.8,6.6,13.9,7.0,6.6,37.6,19.5,18.1,6.6,9.1,2.4,0.9,5.7,6.57,1.0,0.3,0.6,0.1,6.57,405.1,24.0,35.7,287.8,57.6,6.57,6.8,0.9,5.9,6.57,0.2,0.0,0.0,0.1,0.0,0.4,0.6,6.57,8.1,5.5,13.5,6.57,18.4,7.5,25.8,6.57,9.2,6.57,23.4,6.57,5.4,1.1,10.1,6.57,1.4,6.57,11.4,10.1,6.57,1.8,0.0,6.57,3.4,0.2,2.1,1.2,6.57,12.7,7.1,6.57,38.0,18.2,19.8,6.57,Bundesliga,2023-2024
Hoffenheim,31,16.1,0.522,0.823,15.5,6.63,40,2,35,11.1,0.468,0.792,15.3,6.67,38,3,13.6,14.7,9.9,9.5,1.4,6.63,20.0,15.7,11.1,10.4,1.6,6.67,16.1,5.4,7.2,10.8,6.63,11.1,4.4,5.8,10.8,6.67,30.43,30.0,-0.43,274.0,0.11,6.63,27.51,30.0,2.49,232.0,0.12,6.63,25.88,35.0,9.12,189.0,0.14,6.67,37.65,35.0,-2.65,340.0,0.11,6.67,22,2,3,3,1,22,4,4,0,1,20,5,7,3,0,21,2,10,2,0,21,2,56,439,16,2,60,398,15,2,59,373,25,1,53,430,34,4,0,6,31,4,0,8,0.37,0.29,0.34,0.35,0.27,0.38,0.16,0.71,0.13,0.18,0.64,0.18,0.23,0.67,0.11,0.18,0.67,0.15,0.03,0.59,0.38,0.03,0.63,0.34,0.07,0.56,0.37,0.08,0.61,0.32,0.25,0.44,0.31,0.35,0.42,0.23,16.1,6.1,0.5,9.5,6.63,1.8,0.2,1.4,0.2,6.63,491.5,28.9,27.4,375.6,59.5,6.63,12.5,1.8,10.7,6.63,0.3,0.1,0.1,0.0,0.0,1.0,1.4,6.63,9.6,7.2,16.8,6.63,14.7,7.7,22.4,6.63,9.9,6.63,17.4,6.63,3.2,1.0,7.9,6.63,1.4,6.63,10.8,9.5,6.63,2.4,0.1,6.63,3.4,0.0,2.2,1.2,6.63,13.8,7.4,6.63,29.6,15.5,14.1,6.63,11.1,4.1,0.8,6.2,6.67,2.1,0.4,1.4,0.3,6.67,426.2,24.9,33.6,312.5,55.1,6.67,7.9,1.3,6.6,6.67,0.4,0.1,0.4,0.1,0.0,0.7,1.5,6.67,9.4,5.8,15.1,6.67,15.7,8.9,24.6,6.67,11.1,6.67,27.4,6.67,5.2,1.4,7.9,6.67,1.6,6.67,10.8,10.4,6.67,2.2,0.2,6.67,5.2,0.2,3.3,1.6,6.67,14.3,6.8,6.67,31.9,15.3,16.6,6.67,Bundesliga,2023-2024
Mainz 05,23,16.3,0.463,0.737,19.9,6.66,45,2,16,12.0,0.449,0.76,20.1,6.52,52,1,10.6,17.0,9.4,14.6,1.7,6.66,13.6,16.6,11.0,13.2,1.8,6.52,16.3,4.7,7.9,12.5,6.66,12.0,3.8,7.9,11.6,6.52,30.54,23.0,-7.54,277.0,0.11,6.66,18.61,17.0,-1.61,181.0,0.1,6.66,22.85,15.0,-7.85,204.0,0.11,6.52,31.75,33.0,1.25,231.0,0.14,6.52,13,3,6,1,0,9,3,4,1,1,6,2,7,0,1,21,4,6,2,0,22,1,65,317,14,1,61,393,16,0,62,361,18,1,59,459,29,6,0,13,36,1,0,16,0.31,0.29,0.4,0.32,0.26,0.42,0.17,0.66,0.16,0.19,0.64,0.17,0.16,0.74,0.1,0.15,0.74,0.11,0.09,0.57,0.34,0.04,0.59,0.36,0.09,0.47,0.44,0.08,0.57,0.35,0.26,0.43,0.32,0.27,0.45,0.28,16.3,5.5,1.5,9.3,6.66,1.4,0.5,0.7,0.2,6.66,377.2,26.1,38.4,251.9,60.9,6.66,11.6,2.2,9.4,6.66,0.3,0.1,0.0,0.1,0.0,0.8,1.1,6.66,9.9,7.9,17.8,6.66,17.0,7.4,24.4,6.66,9.4,6.66,19.3,6.66,3.2,1.0,10.2,6.66,1.7,6.66,12.5,14.6,6.66,2.6,0.1,6.66,2.1,0.1,1.1,0.9,6.66,15.8,7.3,6.66,43.1,19.9,23.2,6.66,12.0,5.3,1.1,5.6,6.52,0.9,0.2,0.5,0.2,6.52,416.8,25.1,35.5,291.5,64.6,6.52,8.8,1.5,7.3,6.52,0.2,0.1,0.1,0.1,0.0,0.4,0.8,6.52,9.6,7.9,17.5,6.52,16.6,7.4,24.0,6.52,11.0,6.52,20.8,6.52,3.7,1.3,8.9,6.52,1.8,6.52,11.6,13.2,6.52,3.1,0.1,6.52,3.5,0.1,2.2,1.2,6.52,15.8,9.5,6.52,42.6,20.1,22.5,6.52,Bundesliga,2023-2024
RB Leipzig,40,18.2,0.559,0.865,11.3,6.89,24,0,37,13.2,0.549,0.831,14.5,6.67,35,1,10.2,15.5,6.7,10.7,1.6,6.89,13.5,16.2,7.4,10.2,2.3,6.67,18.2,7.4,10.5,11.3,6.89,13.2,5.7,8.5,11.6,6.67,39.43,39.0,-0.43,310.0,0.13,6.89,19.15,11.0,-8.15,174.0,0.11,6.89,29.7,35.0,5.3,225.0,0.13,6.67,24.18,27.0,2.82,229.0,0.11,6.67,24,4,8,3,1,5,1,4,1,1,23,6,5,1,2,12,2,10,3,0,20,3,42,504,14,1,47,388,16,2,46,480,18,1,54,374,16,5,0,3,24,4,0,9,0.4,0.29,0.31,0.37,0.29,0.34,0.15,0.68,0.17,0.17,0.64,0.19,0.15,0.71,0.14,0.09,0.76,0.15,0.09,0.61,0.3,0.09,0.59,0.33,0.09,0.55,0.36,0.06,0.55,0.38,0.24,0.45,0.31,0.29,0.44,0.26,18.2,5.5,1.6,11.1,6.89,2.4,0.5,1.5,0.3,6.89,544.5,22.8,20.0,448.1,53.6,6.89,13.5,2.2,11.3,6.89,0.4,0.0,0.3,0.1,0.0,0.8,1.5,6.89,9.5,10.5,19.9,6.89,15.5,6.4,21.8,6.89,6.7,6.89,15.1,6.89,2.1,1.5,11.5,6.89,1.6,6.89,11.3,10.7,6.89,1.4,0.0,6.89,2.2,0.2,1.2,0.8,6.89,13.8,9.9,6.89,21.4,11.3,10.1,6.89,13.2,4.8,1.2,7.2,6.67,2.2,0.5,1.2,0.4,6.67,520.8,20.9,24.6,411.6,63.6,6.67,10.3,1.4,8.9,6.67,0.5,0.1,0.2,0.0,0.0,0.9,1.6,6.67,8.8,8.5,17.3,6.67,16.2,7.9,24.1,6.67,7.4,6.67,20.5,6.67,3.6,1.2,8.9,6.67,2.3,6.67,11.6,10.2,6.67,2.1,0.1,6.67,2.5,0.1,1.4,1.1,6.67,14.9,9.6,6.67,28.4,14.5,13.9,6.67,Bundesliga,2023-2024
Union Berlin,22,12.5,0.444,0.769,19.3,6.53,29,2,11,11.5,0.4,0.762,17.9,6.45,32,5,13.2,17.1,9.4,11.6,2.1,6.53,15.2,15.2,8.6,12.0,1.5,6.45,12.5,4.1,7.2,10.4,6.53,11.5,3.9,5.6,9.6,6.45,25.81,22.0,-3.81,213.0,0.12,6.53,26.14,30.0,3.86,224.0,0.12,6.53,20.87,11.0,-9.87,196.0,0.11,6.45,28.58,27.0,-1.58,259.0,0.11,6.45,13,3,5,1,0,21,2,4,3,0,3,1,5,2,0,12,3,10,2,1,21,1,60,346,20,1,58,456,18,1,62,317,23,1,59,514,22,4,0,6,25,3,0,11,0.41,0.23,0.37,0.42,0.24,0.34,0.15,0.7,0.15,0.13,0.73,0.14,0.14,0.71,0.15,0.13,0.71,0.16,0.04,0.68,0.28,0.08,0.59,0.33,0.05,0.64,0.31,0.08,0.59,0.34,0.28,0.44,0.28,0.3,0.45,0.25,12.5,3.6,0.5,8.4,6.53,1.3,0.1,0.9,0.3,6.53,399.8,26.7,32.9,280.6,59.5,6.53,9.1,2.1,6.9,6.53,0.2,0.1,0.0,0.0,0.0,0.6,0.9,6.53,10.2,7.2,17.4,6.53,17.1,8.4,25.5,6.53,9.4,6.53,22.5,6.53,4.0,1.5,12.1,6.53,2.1,6.53,10.4,11.6,6.53,1.7,0.1,6.53,2.8,0.2,1.7,0.9,6.53,16.6,9.2,6.53,40.1,19.3,20.8,6.53,11.5,3.6,0.6,7.4,6.45,0.6,0.1,0.5,0.1,6.45,374.1,27.1,34.6,257.8,54.5,6.45,8.6,1.7,6.9,6.45,0.4,0.2,0.0,0.1,0.0,0.1,0.5,6.45,6.8,5.6,12.4,6.45,15.2,6.3,21.5,6.45,8.6,6.45,25.2,6.45,4.1,2.0,8.1,6.45,1.5,6.45,9.6,12.0,6.45,1.9,0.3,6.45,3.8,0.3,2.3,1.2,6.45,15.7,8.0,6.45,34.3,17.9,16.4,6.45,Bundesliga,2023-2024
VfB Stuttgart,50,17.6,0.614,0.883,10.8,6.98,18,0,28,14.0,0.593,0.854,15.3,6.68,36,1,9.6,15.8,8.5,8.3,1.6,6.98,12.6,15.8,7.4,11.1,1.3,6.68,17.6,8.2,11.2,10.7,6.98,14.0,4.7,8.4,11.3,6.68,43.28,50.0,6.72,299.0,0.14,6.98,19.08,13.0,-6.08,163.0,0.12,6.98,31.37,28.0,-3.37,238.0,0.13,6.68,23.45,23.0,-0.45,215.0,0.11,6.68,40,2,4,4,0,6,2,3,2,2,23,2,2,1,0,14,1,7,1,1,17,2,48,607,12,1,48,362,15,3,52,542,18,1,53,348,14,1,0,3,23,7,0,8,0.4,0.29,0.31,0.39,0.29,0.32,0.12,0.72,0.16,0.22,0.62,0.16,0.15,0.7,0.16,0.14,0.68,0.18,0.08,0.58,0.34,0.07,0.66,0.28,0.09,0.58,0.32,0.08,0.56,0.36,0.23,0.46,0.3,0.27,0.46,0.28,17.6,6.1,1.4,10.2,6.98,2.9,0.6,1.9,0.4,6.98,651.0,25.2,22.2,549.9,53.6,6.98,13.5,1.6,11.9,6.98,0.5,0.1,0.7,0.0,0.0,1.1,2.2,6.98,11.6,11.2,22.8,6.98,15.8,7.8,23.6,6.98,8.5,6.98,14.1,6.98,2.8,1.1,7.4,6.98,1.6,6.98,10.7,8.3,6.98,1.1,0.0,6.98,2.9,0.2,1.9,0.8,6.98,15.2,8.7,6.98,22.8,10.8,12.0,6.98,14.0,4.6,1.3,8.1,6.68,1.6,0.2,1.4,0.1,6.68,591.0,24.1,27.2,480.4,59.3,6.68,10.9,1.8,9.1,6.68,0.2,0.0,0.5,0.0,0.0,0.5,1.2,6.68,8.4,8.4,16.8,6.68,15.8,7.5,23.3,6.68,7.4,6.68,20.5,6.68,3.6,1.5,8.4,6.68,1.3,6.68,11.3,11.1,6.68,2.1,0.1,6.68,2.5,0.2,1.5,0.8,6.68,17.8,10.6,6.68,29.1,15.3,13.8,6.68,Bundesliga,2023-2024
Werder Bremen,29,12.8,0.469,0.807,15.2,6.63,36,1,19,11.5,0.466,0.787,15.6,6.58,37,1,14.3,16.6,8.5,12.2,2.1,6.63,17.2,18.9,8.2,11.1,2.0,6.58,12.8,4.1,6.9,10.5,6.63,11.5,3.7,8.0,12.8,6.58,27.02,27.0,-0.02,218.0,0.12,6.63,28.54,25.0,-3.54,243.0,0.12,6.63,22.04,18.0,-4.04,195.0,0.11,6.58,32.17,28.0,-4.17,292.0,0.11,6.58,15,4,4,4,2,14,3,6,2,1,12,0,5,1,1,18,5,1,4,0,17,2,59,405,18,1,59,468,15,1,60,373,20,2,55,439,27,2,0,8,24,7,0,7,0.32,0.29,0.4,0.29,0.32,0.4,0.12,0.77,0.11,0.19,0.68,0.13,0.13,0.78,0.1,0.17,0.67,0.15,0.05,0.61,0.34,0.12,0.53,0.34,0.07,0.63,0.3,0.07,0.6,0.33,0.3,0.45,0.25,0.32,0.44,0.23,12.8,4.4,0.6,7.8,6.63,1.7,0.3,1.2,0.1,6.63,459.0,30.5,27.8,340.1,60.7,6.63,9.9,1.1,8.8,6.63,0.5,0.1,0.2,0.1,0.0,0.6,1.2,6.63,9.5,6.9,16.4,6.63,16.6,8.5,25.1,6.63,8.5,6.63,20.6,6.63,3.8,1.3,8.3,6.63,2.1,6.63,10.5,12.2,6.63,2.1,0.1,6.63,3.1,0.2,2.1,0.9,6.63,15.9,7.4,6.63,32.7,15.2,17.5,6.63,11.5,3.4,0.8,7.2,6.58,1.1,0.3,0.6,0.1,6.58,426.5,27.6,31.5,308.0,59.4,6.58,9.0,1.6,7.4,6.58,0.4,0.1,0.0,0.1,0.0,0.3,0.7,6.58,8.3,8.0,16.3,6.58,18.9,8.9,27.9,6.58,8.2,6.58,23.6,6.58,5.2,1.5,8.2,6.58,2.0,6.58,12.8,11.1,6.58,2.2,0.1,6.58,3.5,0.5,2.0,1.0,6.58,15.9,8.1,6.58,32.5,15.6,16.9,6.58,Bundesliga,2023-2024
Wolfsburg,25,13.1,0.485,0.808,16.5,6.58,41,2,16,11.2,0.469,0.801,14.5,6.45,41,3,12.6,15.8,7.6,13.1,1.5,6.58,12.7,16.6,8.1,11.3,0.9,6.45,13.1,4.6,5.9,12.8,6.58,11.2,4.2,5.9,11.4,6.45,27.52,25.0,-2.52,223.0,0.12,6.58,25.91,25.0,-0.91,215.0,0.12,6.58,17.37,16.0,-1.37,191.0,0.09,6.45,24.04,28.0,3.96,216.0,0.11,6.45,18,0,6,1,0,14,4,6,1,0,10,1,4,1,0,21,2,4,1,3,17,1,54,401,17,1,58,428,18,1,58,389,19,1,56,452,30,3,0,11,31,2,0,12,0.35,0.26,0.39,0.38,0.23,0.39,0.13,0.69,0.18,0.13,0.73,0.13,0.16,0.64,0.2,0.15,0.72,0.13,0.1,0.55,0.35,0.09,0.56,0.35,0.09,0.5,0.4,0.06,0.58,0.36,0.27,0.42,0.29,0.3,0.44,0.26,13.1,4.5,1.4,7.2,6.58,1.5,0.4,1.0,0.1,6.58,450.4,24.6,29.2,339.5,57.1,6.58,9.5,1.3,8.2,6.58,0.2,0.0,0.0,0.0,0.0,0.7,0.9,6.58,8.4,5.9,14.4,6.58,15.8,7.5,23.3,6.58,7.6,6.58,20.8,6.58,2.8,1.8,9.8,6.58,1.5,6.58,12.8,13.1,6.58,2.4,0.1,6.58,2.9,0.2,1.7,1.1,6.58,15.6,7.8,6.58,31.5,16.5,14.9,6.58,11.2,4.5,1.1,5.6,6.45,0.9,0.2,0.6,0.1,6.45,441.5,24.7,32.1,328.9,55.8,6.45,8.8,1.2,7.6,6.45,0.1,0.0,0.1,0.0,0.0,0.5,0.6,6.45,8.0,5.9,13.9,6.45,16.6,8.1,24.6,6.45,8.1,6.45,23.3,6.45,3.0,1.9,8.7,6.45,0.9,6.45,11.4,11.3,6.45,2.4,0.2,6.45,2.8,0.3,1.8,0.7,6.45,15.0,7.5,6.45,28.0,14.5,13.5,6.45,Bundesliga,2023-2024
Augsburg,18,14.3,0.463,0.805,16.7,6.62,37,2,17,9.2,0.409,0.783,15.2,6.48,37,3,10.5,13.8,10.8,9.8,1.8,6.62,16.1,13.5,9.2,10.8,1.7,6.48,14.3,4.6,6.5,10.7,6.62,9.2,2.5,6.9,11.2,6.48,23.52,18.0,-5.52,243.0,0.1,6.62,19.98,19.0,-0.98,178.0,0.11,6.62,14.91,17.0,2.09,156.0,0.1,6.48,32.34,30.0,-2.34,274.0,0.12,6.48,6,4,7,1,0,9,3,6,1,1,15,0,2,0,0,18,2,6,4,1,20,1,51,372,17,2,58,436,14,1,54,325,25,2,51,490,23,3,0,14,31,2,0,8,0.36,0.24,0.4,0.38,0.24,0.39,0.14,0.7,0.16,0.2,0.61,0.19,0.17,0.67,0.15,0.16,0.71,0.12,0.1,0.57,0.33,0.08,0.58,0.34,0.06,0.54,0.4,0.14,0.56,0.3,0.24,0.43,0.32,0.31,0.44,0.26,14.3,4.8,1.4,8.1,6.62,1.1,0.2,0.8,0.1,6.62,418.4,24.6,26.1,312.1,55.6,6.62,10.6,2.5,8.2,6.62,0.2,0.1,0.1,0.1,0.0,0.2,0.6,6.62,9.4,6.5,15.9,6.62,13.8,5.3,19.1,6.62,10.8,6.62,22.4,6.62,2.7,1.1,8.8,6.62,1.8,6.62,10.7,9.8,6.62,2.2,0.1,6.62,2.6,0.2,1.7,0.7,6.62,17.4,8.4,6.62,30.5,16.7,13.8,6.62,9.2,3.6,0.6,4.9,6.48,1.0,0.0,0.9,0.1,6.48,374.4,23.1,30.6,270.2,50.5,6.48,6.9,1.1,5.8,6.48,0.2,0.0,0.2,0.1,0.0,0.4,0.8,6.48,9.8,6.9,16.8,6.48,13.5,6.3,19.8,6.48,9.2,6.48,32.9,6.48,4.4,2.1,8.6,6.48,1.7,6.48,11.2,10.8,6.48,2.2,0.2,6.48,3.7,0.5,1.6,1.5,6.48,17.1,9.1,6.48,30.9,15.2,15.7,6.48,Bundesliga,2024-2025
Bayer Leverkusen,36,17.5,0.639,0.89,12.9,6.77,28,1,36,12.2,0.551,0.848,15.0,6.71,32,0,8.4,12.4,6.2,9.1,2.3,6.77,11.3,10.9,7.5,10.0,1.5,6.71,17.5,6.6,9.2,10.0,6.77,12.2,4.7,5.8,10.7,6.71,36.38,36.0,-0.38,297.0,0.12,6.77,18.68,21.0,2.32,142.0,0.13,6.77,26.42,34.0,7.58,208.0,0.13,6.71,22.28,18.0,-4.28,192.0,0.12,6.71,21,5,9,1,0,15,1,3,2,1,20,3,9,2,2,12,1,3,2,3,25,2,44,609,11,1,51,322,18,2,53,481,15,1,53,383,14,4,0,12,18,2,0,12,0.39,0.26,0.35,0.43,0.25,0.32,0.2,0.64,0.16,0.18,0.66,0.16,0.2,0.69,0.12,0.16,0.67,0.16,0.11,0.55,0.34,0.13,0.53,0.35,0.1,0.62,0.29,0.12,0.51,0.38,0.2,0.43,0.36,0.25,0.45,0.3,17.5,6.0,1.9,9.6,6.77,2.1,0.5,1.4,0.3,6.77,648.9,24.8,18.6,552.6,52.8,6.77,13.6,2.3,11.4,6.77,0.4,0.2,0.3,0.0,0.0,1.1,1.7,6.77,9.6,9.2,18.8,6.77,12.4,4.9,17.2,6.77,6.2,6.77,14.6,6.77,1.6,0.9,6.3,6.77,2.3,6.77,10.0,9.1,6.77,1.6,0.1,6.77,2.2,0.2,1.4,0.6,6.77,14.0,8.2,6.77,24.1,12.9,11.2,6.77,12.2,3.5,1.2,7.5,6.71,2.1,0.4,1.2,0.4,6.71,530.1,25.4,26.2,423.9,54.5,6.71,9.1,1.6,7.5,6.71,0.5,0.0,0.2,0.1,0.0,0.6,1.4,6.71,9.7,5.8,15.5,6.71,10.9,5.3,16.2,6.71,7.5,6.71,22.9,6.71,2.9,1.5,6.9,6.71,1.5,6.71,10.7,10.0,6.71,1.9,0.0,6.71,3.4,0.4,1.5,1.5,6.71,12.9,6.6,6.71,29.1,15.0,14.1,6.71,Bundesliga,2024-2025
Bayern Munich,53,21.3,0.697,0.91,12.5,7.03,20,1,46,16.7,0.673,0.89,12.4,6.92,28,0,6.8,14.1,6.6,8.2,1.5,7.03,6.8,15.7,7.1,9.1,1.8,6.92,21.3,8.9,11.9,9.1,7.03,16.7,6.8,10.6,11.0,6.92,54.59,53.0,-1.59,362.0,0.15,7.03,14.39,16.0,1.61,116.0,0.12,7.03,37.44,43.0,5.56,284.0,0.13,6.92,15.79,16.0,0.21,115.0,0.14,6.92,38,4,4,7,0,10,2,4,0,0,30,2,9,2,3,9,3,3,1,0,18,4,44,708,8,1,53,275,18,4,42,642,11,1,54,277,12,1,0,8,19,1,0,8,0.35,0.29,0.36,0.33,0.3,0.38,0.15,0.7,0.15,0.15,0.76,0.09,0.15,0.69,0.16,0.24,0.6,0.16,0.1,0.61,0.29,0.07,0.64,0.29,0.09,0.55,0.35,0.06,0.65,0.29,0.18,0.44,0.38,0.22,0.45,0.33,21.3,6.1,2.1,13.1,7.03,3.1,0.7,2.1,0.4,7.03,750.4,29.5,13.7,653.2,54.0,7.03,16.9,2.1,14.9,7.03,0.4,0.1,0.2,0.1,0.0,1.5,2.1,7.03,11.4,11.9,23.2,7.03,14.1,5.8,19.9,7.03,6.6,7.03,11.7,7.03,1.5,0.6,7.8,7.03,1.5,7.03,9.1,8.2,7.03,1.2,0.1,7.03,1.6,0.1,1.0,0.5,7.03,13.2,7.6,7.03,22.6,12.5,10.1,7.03,16.7,5.9,1.5,9.3,6.92,2.7,0.5,1.5,0.6,6.92,682.2,23.7,18.2,583.6,56.7,6.92,13.2,1.5,11.8,6.92,0.2,0.1,0.1,0.1,0.0,1.2,1.6,6.92,12.6,10.6,23.3,6.92,15.7,5.9,21.6,6.92,7.1,6.92,17.8,6.92,1.6,0.9,7.8,6.92,1.8,6.92,11.0,9.1,6.92,1.6,0.0,6.92,1.2,0.1,0.7,0.4,6.92,15.9,7.9,6.92,22.8,12.4,10.4,6.92,Bundesliga,2024-2025
Bochum,16,14.5,0.467,0.757,24.1,6.52,32,0,14,9.9,0.41,0.738,18.6,6.39,35,2,13.5,16.5,8.2,12.7,2.5,6.52,14.6,17.8,8.6,13.8,1.2,6.39,14.5,4.4,5.4,9.6,6.52,9.9,3.5,4.2,6.9,6.39,26.17,16.0,-10.17,247.0,0.11,6.52,31.41,33.0,1.59,229.0,0.14,6.52,22.07,16.0,-6.07,189.0,0.12,6.39,39.6,35.0,-4.6,258.0,0.15,6.39,12,0,3,1,0,20,0,13,0,0,11,1,4,0,0,21,4,7,3,0,23,1,65,325,17,1,58,397,17,1,67,295,18,2,53,461,25,1,0,6,27,1,0,12,0.38,0.3,0.32,0.39,0.29,0.32,0.16,0.71,0.13,0.17,0.69,0.14,0.19,0.64,0.17,0.15,0.71,0.14,0.1,0.48,0.42,0.1,0.58,0.32,0.1,0.6,0.31,0.11,0.61,0.28,0.27,0.43,0.29,0.3,0.44,0.27,14.5,6.2,1.4,6.9,6.52,0.9,0.4,0.4,0.1,6.52,386.9,29.8,35.2,263.1,58.8,6.52,10.4,2.1,8.3,6.52,0.2,0.0,0.0,0.0,0.0,0.4,0.6,6.52,8.8,5.4,14.1,6.52,16.5,7.5,24.1,6.52,8.2,6.52,25.7,6.52,4.3,1.5,10.2,6.52,2.5,6.52,9.6,12.7,6.52,1.9,0.0,6.52,2.0,0.1,1.3,0.6,6.52,14.6,7.2,6.52,45.0,24.1,20.9,6.52,9.9,3.2,0.8,5.9,6.39,0.8,0.2,0.6,0.1,6.39,337.0,25.8,36.1,222.9,52.2,6.39,6.9,1.5,5.4,6.39,0.2,0.1,0.1,0.1,0.0,0.2,0.5,6.39,5.6,4.2,9.8,6.39,17.8,7.6,25.4,6.39,8.6,6.39,24.1,6.39,3.9,1.4,8.8,6.39,1.2,6.39,6.9,13.8,6.39,2.1,0.1,6.39,2.9,0.4,1.9,0.7,6.39,14.7,6.2,6.39,36.6,18.6,18.1,6.39,Bundesliga,2024-2025
Borussia Dortmund,44,15.6,0.606,0.867,14.9,6.82,31,2,27,12.9,0.579,0.855,13.5,6.6,34,4,8.6,15.7,7.2,10.4,1.4,6.82,13.5,15.1,7.4,9.1,1.1,6.6,15.6,5.4,9.8,8.9,6.82,12.9,4.2,10.2,11.3,6.6,37.22,42.0,4.78,265.0,0.14,6.82,17.48,18.0,0.52,147.0,0.12,6.82,32.14,27.0,-5.14,219.0,0.15,6.6,29.98,32.0,2.02,229.0,0.13,6.6,30,3,5,4,2,12,0,4,2,1,18,5,3,1,0,19,5,6,2,0,22,2,49,515,15,1,53,315,20,2,52,495,18,1,51,346,24,4,0,6,24,2,0,14,0.36,0.27,0.36,0.36,0.29,0.35,0.18,0.68,0.14,0.2,0.64,0.16,0.16,0.68,0.16,0.14,0.67,0.18,0.09,0.61,0.29,0.03,0.67,0.29,0.1,0.64,0.26,0.07,0.59,0.34,0.24,0.42,0.33,0.28,0.45,0.28,15.6,4.6,1.5,9.5,6.82,2.6,0.6,1.5,0.3,6.82,560.3,24.9,23.5,460.8,51.1,6.82,11.7,2.1,9.6,6.82,0.6,0.1,0.1,0.0,0.0,1.4,2.0,6.82,11.8,9.8,21.6,6.82,15.7,6.8,22.5,6.82,7.2,6.82,17.8,6.82,2.5,1.3,7.5,6.82,1.4,6.82,8.9,10.4,6.82,1.8,0.1,6.82,1.6,0.0,1.1,0.6,6.82,14.4,9.1,6.82,26.3,14.9,11.4,6.82,12.9,3.3,1.3,8.3,6.6,1.6,0.4,1.1,0.2,6.6,545.1,24.6,27.2,441.3,51.9,6.6,10.4,1.5,8.8,6.6,0.1,0.1,0.2,0.0,0.0,0.9,1.2,6.6,12.1,10.2,22.3,6.6,15.1,6.8,21.9,6.6,7.4,6.6,22.8,6.6,3.4,1.4,8.7,6.6,1.1,6.6,11.3,9.1,6.6,2.0,0.2,6.6,3.6,0.2,2.4,1.1,6.6,15.2,8.9,6.6,27.2,13.5,13.7,6.6,Bundesliga,2024-2025
Borussia M.Gladbach,29,12.8,0.494,0.821,15.8,6.66,25,2,26,11.8,0.496,0.833,15.9,6.62,24,1,16.7,15.8,9.6,9.4,2.2,6.66,17.7,13.9,9.1,10.6,1.6,6.62,12.8,4.6,5.5,9.1,6.66,11.8,4.9,6.6,10.1,6.62,28.21,27.0,-1.21,217.0,0.13,6.66,31.42,26.0,-5.42,284.0,0.11,6.66,24.35,26.0,1.65,201.0,0.12,6.62,35.82,29.0,-6.82,301.0,0.12,6.62,14,1,10,2,2,14,1,9,2,0,19,2,3,2,0,17,3,4,5,2,19,2,51,425,21,1,46,439,18,3,52,424,23,2,48,432,19,2,0,7,19,5,0,2,0.35,0.27,0.38,0.35,0.27,0.38,0.16,0.69,0.15,0.19,0.71,0.09,0.11,0.68,0.21,0.17,0.69,0.14,0.11,0.63,0.26,0.09,0.54,0.37,0.08,0.62,0.3,0.08,0.58,0.34,0.32,0.44,0.23,0.34,0.43,0.23,12.8,3.4,1.4,8.1,6.66,1.7,0.5,1.1,0.0,6.66,470.9,21.4,28.8,365.4,55.3,6.66,9.4,2.1,7.3,6.66,0.4,0.1,0.2,0.0,0.1,0.5,1.1,6.66,8.3,5.5,13.8,6.66,15.8,6.6,22.4,6.66,9.6,6.66,29.6,6.66,4.4,1.7,8.6,6.66,2.2,6.66,9.1,9.4,6.66,1.5,0.1,6.66,4.1,0.2,2.5,1.4,6.66,11.9,8.0,6.66,29.3,15.8,13.5,6.66,11.8,3.6,0.9,7.3,6.62,1.5,0.4,1.0,0.1,6.62,472.4,24.2,27.4,369.2,51.5,6.62,8.9,2.3,6.6,6.62,0.4,0.1,0.1,0.0,0.0,0.7,1.2,6.62,7.2,6.6,13.8,6.62,13.9,7.1,21.0,6.62,9.1,6.62,31.1,6.62,5.4,1.4,7.8,6.62,1.6,6.62,10.1,10.6,6.62,1.4,0.1,6.62,3.9,0.3,2.0,1.6,6.62,12.8,7.8,6.62,31.1,15.9,15.2,6.62,Bundesliga,2024-2025
Eintracht Frankfurt,41,16.4,0.515,0.84,14.5,6.82,21,0,27,12.2,0.472,0.822,13.8,6.67,31,1,11.8,16.8,8.4,10.2,1.3,6.82,15.8,16.5,8.5,9.9,2.1,6.67,16.4,5.8,9.3,8.6,6.82,12.2,4.9,7.9,9.3,6.67,40.33,41.0,0.67,278.0,0.15,6.82,20.58,20.0,-0.58,201.0,0.1,6.82,31.59,27.0,-4.59,207.0,0.15,6.67,30.95,24.0,-6.95,268.0,0.12,6.67,26,7,8,0,0,13,1,6,0,2,12,5,7,3,0,11,3,9,1,0,18,2,47,448,17,2,54,413,14,1,52,393,23,1,58,433,14,3,0,4,25,2,0,6,0.33,0.27,0.4,0.33,0.27,0.4,0.2,0.65,0.15,0.2,0.66,0.14,0.19,0.66,0.14,0.19,0.68,0.13,0.08,0.62,0.3,0.07,0.56,0.37,0.11,0.61,0.29,0.1,0.6,0.3,0.28,0.44,0.28,0.31,0.43,0.25,16.4,4.9,1.3,10.1,6.82,2.4,0.6,1.7,0.1,6.82,489.9,20.2,26.4,391.5,51.9,6.82,12.2,1.5,10.6,6.82,0.3,0.2,0.3,0.0,0.0,1.2,1.8,6.82,10.1,9.3,19.4,6.82,16.8,6.9,23.6,6.82,8.4,6.82,24.1,6.82,3.4,0.9,7.5,6.82,1.3,6.82,8.6,10.2,6.82,1.2,0.0,6.82,3.2,0.1,1.8,1.3,6.82,16.6,7.6,6.82,26.5,14.5,12.0,6.82,12.2,3.5,1.3,7.4,6.67,1.6,0.5,1.0,0.1,6.67,439.6,20.9,30.4,340.6,47.7,6.67,8.7,1.7,7.0,6.67,0.1,0.1,0.1,0.0,0.0,0.7,0.9,6.67,8.5,7.9,16.5,6.67,16.5,6.5,23.1,6.67,8.5,6.67,32.4,6.67,4.1,1.8,9.9,6.67,2.1,6.67,9.3,9.9,6.67,1.8,0.1,6.67,3.8,0.2,2.5,1.1,6.67,16.4,7.8,6.67,28.2,13.8,14.4,6.67,Bundesliga,2024-2025
FC Heidenheim,13,12.8,0.46,0.787,16.0,6.46,23,0,24,10.9,0.395,0.765,17.1,6.57,43,1,12.9,17.6,9.8,11.2,1.8,6.46,14.2,18.5,8.5,11.5,1.2,6.57,12.8,3.8,7.6,12.4,6.46,10.9,3.9,6.1,10.6,6.57,21.63,13.0,-8.63,217.0,0.1,6.46,30.67,33.0,2.33,219.0,0.14,6.46,21.59,24.0,2.41,186.0,0.12,6.57,31.67,31.0,-0.67,241.0,0.13,6.57,9,0,3,1,0,22,4,4,3,0,14,1,5,4,0,19,3,6,3,0,19,1,60,360,16,2,56,439,15,0,59,308,21,2,48,514,14,3,0,6,35,4,0,5,0.31,0.27,0.42,0.36,0.27,0.37,0.17,0.68,0.15,0.16,0.7,0.14,0.23,0.64,0.13,0.18,0.7,0.12,0.1,0.51,0.39,0.08,0.55,0.37,0.06,0.59,0.35,0.08,0.59,0.33,0.3,0.44,0.27,0.32,0.47,0.21,12.8,5.0,1.2,6.5,6.46,0.8,0.2,0.5,0.1,6.46,413.6,26.2,31.9,299.2,56.2,6.46,9.2,2.1,7.1,6.46,0.2,0.1,0.0,0.0,0.0,0.3,0.5,6.46,9.4,7.6,17.0,6.46,17.6,7.9,25.5,6.46,9.8,6.46,23.2,6.46,3.4,1.3,8.9,6.46,1.8,6.46,12.4,11.2,6.46,1.4,0.0,6.46,2.9,0.2,1.8,1.0,6.46,16.2,7.3,6.46,34.1,16.0,18.1,6.46,10.9,3.8,0.6,6.5,6.57,1.4,0.1,1.1,0.2,6.57,362.3,23.4,34.6,253.8,50.4,6.57,8.1,1.4,6.8,6.57,0.2,0.1,0.0,0.0,0.0,0.6,0.9,6.57,8.2,6.1,14.3,6.57,18.5,7.6,26.2,6.57,8.5,6.57,29.8,6.57,3.0,2.2,10.3,6.57,1.2,6.57,10.6,11.5,6.57,2.5,0.1,6.57,3.4,0.1,2.1,1.2,6.57,15.4,6.8,6.57,38.0,17.1,20.9,6.57,Bundesliga,2024-2025
Freiburg,32,12.5,0.499,0.802,19.0,6.62,34,0,17,11.6,0.47,0.808,16.6,6.54,18,2,12.2,13.9,7.8,9.6,2.4,6.62,13.2,16.2,8.5,9.0,1.2,6.54,12.5,4.5,6.0,10.5,6.62,11.6,3.9,6.6,8.6,6.54,26.41,30.0,3.59,212.0,0.12,6.62,23.9,26.0,2.1,207.0,0.12,6.62,27.16,16.0,-11.16,197.0,0.14,6.54,24.21,26.0,1.79,225.0,0.11,6.54,19,1,10,0,2,17,3,6,0,0,13,0,3,0,1,13,4,7,2,1,18,1,54,399,17,1,57,399,16,1,53,390,18,1,53,448,26,1,0,7,15,3,0,3,0.34,0.29,0.37,0.31,0.29,0.4,0.13,0.75,0.12,0.19,0.67,0.14,0.14,0.73,0.13,0.17,0.68,0.15,0.08,0.61,0.31,0.1,0.52,0.38,0.08,0.56,0.36,0.07,0.57,0.36,0.26,0.45,0.29,0.28,0.42,0.3,12.5,3.8,1.0,7.6,6.62,1.9,0.3,0.9,0.5,6.62,448.5,21.0,31.8,338.8,56.8,6.62,9.1,1.8,7.3,6.62,0.4,0.2,0.1,0.0,0.0,0.8,1.2,6.62,8.2,6.0,14.2,6.62,13.9,6.2,20.1,6.62,7.8,6.62,21.1,6.62,3.2,1.4,8.5,6.62,2.4,6.62,10.5,9.6,6.62,2.0,0.0,6.62,2.6,0.4,1.5,0.7,6.62,12.2,7.6,6.62,37.5,19.0,18.5,6.62,11.6,4.2,0.9,6.5,6.54,1.0,0.3,0.6,0.1,6.54,438.2,22.2,30.0,331.8,54.3,6.54,7.6,1.3,6.4,6.54,0.4,0.1,0.0,0.1,0.0,0.4,0.8,6.54,7.6,6.6,14.2,6.54,16.2,6.9,23.1,6.54,8.5,6.54,24.3,6.54,3.4,1.6,8.4,6.54,1.2,6.54,8.6,9.0,6.54,1.1,0.1,6.54,3.2,0.0,2.1,1.1,6.54,14.6,7.5,6.54,34.7,16.6,18.1,6.54,Bundesliga,2024-2025
Hoffenheim,25,14.2,0.5,0.817,17.9,6.59,29,1,21,11.9,0.467,0.787,16.7,6.55,37,1,14.6,16.4,8.1,11.8,1.9,6.59,14.3,17.2,9.1,11.2,2.2,6.55,14.2,4.9,7.0,10.4,6.59,11.9,4.1,6.8,11.2,6.55,29.18,25.0,-4.18,241.0,0.12,6.59,33.49,35.0,1.51,248.0,0.14,6.59,17.9,21.0,3.1,202.0,0.09,6.55,27.37,30.0,2.63,243.0,0.11,6.55,16,2,4,3,0,22,4,7,2,1,12,0,9,0,0,21,1,7,1,2,25,1,55,408,16,2,53,418,18,1,58,363,21,1,57,421,21,2,0,7,28,2,0,8,0.36,0.25,0.39,0.36,0.27,0.37,0.15,0.71,0.14,0.16,0.69,0.15,0.2,0.67,0.13,0.14,0.7,0.16,0.06,0.61,0.33,0.09,0.64,0.27,0.08,0.52,0.39,0.09,0.6,0.31,0.29,0.42,0.29,0.29,0.43,0.28,14.2,4.7,0.8,8.6,6.59,1.5,0.3,1.1,0.1,6.59,458.8,23.9,30.8,350.9,53.2,6.59,10.5,2.5,8.0,6.59,0.3,0.0,0.2,0.0,0.1,0.4,1.0,6.59,8.1,7.0,15.1,6.59,16.4,6.2,22.6,6.59,8.1,6.59,24.5,6.59,4.0,1.2,9.2,6.59,1.9,6.59,10.4,11.8,6.59,1.7,0.1,6.59,3.2,0.2,2.5,0.5,6.59,12.2,8.8,6.59,35.5,17.9,17.6,6.59,11.9,4.6,1.0,6.2,6.55,1.2,0.3,0.7,0.2,6.55,415.2,24.1,33.9,302.8,54.4,6.55,8.8,1.5,7.2,6.55,0.3,0.1,0.0,0.0,0.0,0.4,0.7,6.55,7.9,6.8,14.6,6.55,17.2,8.0,25.2,6.55,9.1,6.55,28.2,6.55,4.2,1.4,9.1,6.55,2.2,6.55,11.2,11.2,6.55,2.2,0.1,6.55,3.1,0.2,1.7,1.2,6.55,14.4,8.5,6.55,34.8,16.7,18.1,6.55,Bundesliga,2024-2025
Holstein Kiel,22,10.6,0.452,0.777,15.5,6.41,35,1,25,10.7,0.41,0.774,16.2,6.47,36,3,13.8,14.3,6.5,11.4,1.1,6.41,17.6,16.6,10.0,11.9,1.5,6.47,10.6,4.1,5.4,10.1,6.41,10.7,4.1,4.9,9.7,6.47,21.0,24.0,3.0,191.0,0.11,6.41,33.09,39.0,5.91,255.0,0.13,6.41,21.8,25.0,3.2,182.0,0.12,6.47,36.33,38.0,1.67,300.0,0.12,6.47,12,3,7,2,0,22,3,11,3,2,19,1,3,2,0,26,3,6,3,1,15,1,58,326,24,1,56,400,13,1,58,310,26,2,51,472,26,5,0,7,27,6,0,8,0.41,0.27,0.32,0.38,0.28,0.34,0.22,0.65,0.13,0.16,0.71,0.13,0.13,0.7,0.17,0.16,0.72,0.12,0.06,0.57,0.38,0.09,0.67,0.24,0.07,0.63,0.3,0.08,0.61,0.31,0.35,0.43,0.23,0.37,0.43,0.2,10.6,4.2,0.6,5.9,6.41,1.3,0.2,0.6,0.4,6.41,356.1,22.9,30.1,253.9,49.2,6.41,7.4,1.2,6.2,6.41,0.2,0.1,0.1,0.0,0.0,0.4,0.7,6.41,5.9,5.4,11.4,6.41,14.3,6.8,21.1,6.41,6.5,6.41,29.0,6.41,4.2,1.4,6.4,6.41,1.1,6.41,10.1,11.4,6.41,2.1,0.1,6.41,3.2,0.2,2.1,0.9,6.41,14.6,7.1,6.41,32.4,15.5,16.8,6.41,10.7,3.2,0.8,6.7,6.47,1.5,0.2,1.1,0.2,6.47,363.3,24.2,33.6,257.2,48.4,6.47,7.9,1.9,6.0,6.47,0.3,0.1,0.1,0.0,0.0,0.5,0.9,6.47,7.6,4.9,12.5,6.47,16.6,7.8,24.4,6.47,10.0,6.47,31.2,6.47,4.4,1.7,7.6,6.47,1.5,6.47,9.7,11.9,6.47,2.1,0.2,6.47,3.6,0.2,2.2,1.2,6.47,14.4,6.5,6.47,34.0,16.2,17.8,6.47,Bundesliga,2024-2025
Mainz 05,24,13.4,0.523,0.775,19.2,6.7,36,2,31,11.4,0.484,0.786,18.0,6.69,30,3,11.5,16.9,11.2,12.2,2.5,6.7,15.8,16.3,9.5,11.8,2.1,6.69,13.4,4.8,7.4,9.8,6.7,11.4,3.9,5.2,9.5,6.69,30.2,23.0,-7.2,228.0,0.13,6.7,21.92,18.0,-3.92,195.0,0.11,6.7,24.01,30.0,5.99,193.0,0.12,6.69,30.26,25.0,-5.26,269.0,0.11,6.69,16,1,5,1,1,9,2,4,3,0,19,2,6,3,1,15,0,9,1,0,22,1,68,371,16,2,60,343,17,1,61,384,22,1,59,410,25,3,0,11,27,2,0,6,0.33,0.27,0.4,0.32,0.25,0.43,0.14,0.73,0.13,0.15,0.7,0.15,0.15,0.74,0.11,0.19,0.7,0.12,0.12,0.62,0.26,0.07,0.65,0.28,0.09,0.58,0.33,0.1,0.58,0.32,0.26,0.42,0.32,0.3,0.44,0.26,13.4,3.5,1.6,8.4,6.7,1.4,0.5,0.7,0.1,6.7,433.8,26.4,40.5,309.6,57.3,6.7,10.1,2.1,7.9,6.7,0.2,0.0,0.1,0.0,0.0,0.6,0.9,6.7,9.3,7.4,16.6,6.7,16.9,6.4,23.2,6.7,11.2,6.7,23.4,6.7,2.6,1.2,8.4,6.7,2.5,6.7,9.8,12.2,6.7,2.1,0.1,6.7,2.5,0.1,1.6,0.8,6.7,18.7,8.7,6.7,41.2,19.2,22.0,6.7,11.4,3.7,1.1,6.6,6.69,1.8,0.4,1.1,0.2,6.69,439.4,22.1,37.5,323.2,56.5,6.69,8.7,1.1,7.6,6.69,0.2,0.0,0.1,0.0,0.0,0.9,1.2,6.69,7.2,5.2,12.5,6.69,16.3,6.1,22.4,6.69,9.5,6.69,31.8,6.69,4.9,1.2,8.6,6.69,2.1,6.69,9.5,11.8,6.69,1.8,0.2,6.69,3.8,0.2,2.2,1.4,6.69,16.3,8.6,6.69,38.2,18.0,20.2,6.69,Bundesliga,2024-2025
RB Leipzig,33,12.9,0.552,0.844,14.0,6.71,29,2,20,11.1,0.493,0.813,14.8,6.61,36,3,12.6,14.2,7.3,10.4,2.4,6.71,16.8,17.7,8.5,11.8,2.5,6.61,12.9,5.4,8.3,10.4,6.71,11.1,3.6,7.1,9.2,6.61,28.8,32.0,3.2,220.0,0.13,6.71,29.05,23.0,-6.05,214.0,0.14,6.71,22.07,19.0,-3.07,189.0,0.12,6.61,35.79,25.0,-10.79,286.0,0.13,6.61,16,7,7,2,1,17,1,4,1,0,17,0,1,1,1,14,2,8,1,0,19,3,40,489,17,2,52,378,14,2,45,421,22,1,56,416,23,2,0,6,28,3,0,10,0.39,0.28,0.33,0.4,0.28,0.33,0.19,0.66,0.15,0.12,0.74,0.14,0.22,0.64,0.14,0.15,0.73,0.12,0.1,0.6,0.3,0.09,0.64,0.27,0.1,0.51,0.39,0.09,0.62,0.29,0.25,0.46,0.29,0.31,0.44,0.26,12.9,3.9,1.3,7.8,6.71,1.9,0.3,1.4,0.2,6.71,525.0,18.5,21.2,424.4,60.9,6.71,10.0,1.7,8.3,6.71,0.2,0.1,0.2,0.1,0.0,0.8,1.3,6.71,9.1,8.3,17.4,6.71,14.2,6.8,21.1,6.71,7.3,6.71,23.2,6.71,3.8,1.7,9.6,6.71,2.4,6.71,10.4,10.4,6.71,1.7,0.1,6.71,2.9,0.2,2.1,0.7,6.71,14.2,9.3,6.71,26.4,14.0,12.4,6.71,11.1,4.4,1.1,5.7,6.61,1.2,0.2,0.6,0.3,6.61,461.1,20.2,24.5,354.8,61.7,6.61,8.6,1.1,7.5,6.61,0.1,0.0,0.1,0.0,0.0,0.6,0.9,6.61,9.7,7.1,16.8,6.61,17.7,8.9,26.6,6.61,8.5,6.61,32.5,6.61,5.4,1.8,10.6,6.61,2.5,6.61,9.2,11.8,6.61,2.1,0.2,6.61,3.5,0.2,2.6,0.8,6.61,15.8,9.1,6.61,28.8,14.8,14.0,6.61,Bundesliga,2024-2025
St. Pauli,10,12.0,0.466,0.798,14.8,6.46,16,2,18,10.3,0.408,0.78,17.2,6.57,31,2,9.2,14.7,7.0,9.5,1.7,6.46,13.1,16.9,8.1,11.3,2.2,6.57,12.0,3.4,4.9,11.1,6.46,10.3,3.2,5.6,9.6,6.57,18.95,9.0,-9.95,204.0,0.09,6.46,21.55,18.0,-3.55,157.0,0.14,6.46,21.25,17.0,-4.25,175.0,0.12,6.57,30.51,22.0,-8.51,223.0,0.14,6.57,6,1,2,0,1,10,5,3,0,1,9,4,3,1,1,11,5,5,1,0,21,1,55,388,13,1,56,462,15,1,56,324,21,2,55,495,11,2,0,7,25,2,0,7,0.38,0.25,0.37,0.38,0.25,0.37,0.18,0.63,0.19,0.16,0.64,0.2,0.12,0.72,0.16,0.13,0.69,0.18,0.08,0.55,0.37,0.08,0.62,0.3,0.1,0.55,0.35,0.09,0.68,0.23,0.25,0.46,0.28,0.29,0.45,0.25,12.0,4.5,0.9,6.6,6.46,0.6,0.1,0.4,0.1,6.46,439.0,21.6,33.2,328.6,55.5,6.46,8.7,2.0,6.7,6.46,0.0,0.0,0.1,0.0,0.0,0.4,0.5,6.46,7.5,4.9,12.5,6.46,14.7,6.0,20.7,6.46,7.0,6.46,23.8,6.46,1.6,0.8,9.1,6.46,1.7,6.46,11.1,9.5,6.46,0.9,0.1,6.46,2.8,0.1,1.8,0.8,6.46,13.5,9.0,6.46,33.6,14.8,18.8,6.46,10.3,3.6,1.0,5.6,6.57,1.1,0.1,0.8,0.1,6.57,374.5,21.3,33.7,270.9,48.5,6.57,7.7,1.2,6.5,6.57,0.2,0.0,0.1,0.0,0.0,0.5,0.8,6.57,6.9,5.6,12.5,6.57,16.9,8.4,25.3,6.57,8.1,6.57,28.2,6.57,3.5,2.2,8.9,6.57,2.2,6.57,9.6,11.3,6.57,1.8,0.1,6.57,3.1,0.2,2.1,0.8,6.57,14.5,6.4,6.57,37.6,17.2,20.4,6.57,Bundesliga,2024-2025
Union Berlin,19,13.5,0.425,0.756,20.5,6.56,38,0,17,11.0,0.375,0.746,19.1,6.5,34,1,10.8,16.0,8.8,12.3,2.2,6.56,13.7,15.6,9.5,12.4,1.7,6.5,13.5,3.9,5.1,10.0,6.56,11.0,3.4,5.0,8.4,6.5,24.29,19.0,-5.29,230.0,0.11,6.56,21.86,22.0,0.14,183.0,0.12,6.56,18.47,17.0,-1.47,187.0,0.1,6.5,30.66,27.0,-3.66,233.0,0.13,6.5,6,1,9,3,0,18,1,2,1,0,10,1,6,0,0,23,0,3,1,1,22,0,57,323,20,1,61,459,14,1,58,293,23,1,54,530,26,1,0,11,23,1,0,11,0.39,0.27,0.34,0.41,0.26,0.33,0.16,0.74,0.1,0.14,0.72,0.14,0.16,0.71,0.13,0.12,0.66,0.22,0.06,0.58,0.36,0.08,0.55,0.37,0.05,0.67,0.28,0.09,0.61,0.3,0.26,0.45,0.29,0.3,0.46,0.25,13.5,4.9,0.8,7.8,6.56,1.1,0.1,0.8,0.2,6.56,372.6,22.3,33.2,259.4,57.8,6.56,9.3,1.8,7.5,6.56,0.1,0.0,0.0,0.1,0.0,0.5,0.6,6.56,6.9,5.1,12.0,6.56,16.0,6.7,22.7,6.56,8.8,6.56,29.6,6.56,2.9,1.4,8.4,6.56,2.2,6.56,10.0,12.3,6.56,2.2,0.0,6.56,2.4,0.1,1.4,0.9,6.56,13.3,8.8,6.56,41.2,20.5,20.7,6.56,11.0,3.1,0.5,7.4,6.5,1.0,0.2,0.6,0.2,6.5,345.8,23.9,33.4,234.2,54.3,6.5,8.0,2.1,5.9,6.5,0.4,0.1,0.0,0.0,0.0,0.4,0.7,6.5,7.7,5.0,12.7,6.5,15.6,7.2,22.8,6.5,9.5,6.5,29.8,6.5,3.5,1.8,9.2,6.5,1.7,6.5,8.4,12.4,6.5,2.0,0.1,6.5,2.9,0.2,2.1,0.6,6.5,14.5,8.0,6.5,38.8,19.1,19.7,6.5,Bundesliga,2024-2025
VfB Stuttgart,35,16.4,0.595,0.864,15.1,6.69,36,2,29,11.3,0.556,0.846,13.6,6.62,30,3,9.8,14.1,8.1,10.1,1.8,6.69,13.1,13.9,9.4,10.9,1.8,6.62,16.4,6.2,8.5,12.6,6.69,11.3,4.5,7.1,11.6,6.62,38.38,33.0,-5.38,279.0,0.14,6.69,23.33,26.0,2.67,166.0,0.14,6.69,30.03,28.0,-2.03,192.0,0.16,6.62,29.68,26.0,-3.68,223.0,0.13,6.62,17,5,10,1,2,14,4,6,2,1,18,1,8,1,1,15,3,8,0,0,22,2,46,517,14,2,54,331,15,2,51,472,18,1,51,362,26,6,0,8,24,1,0,9,0.44,0.29,0.27,0.43,0.28,0.29,0.13,0.78,0.09,0.08,0.74,0.18,0.15,0.75,0.1,0.17,0.74,0.09,0.12,0.63,0.24,0.07,0.6,0.33,0.11,0.58,0.3,0.09,0.59,0.32,0.23,0.45,0.32,0.29,0.43,0.27,16.4,4.0,2.0,10.4,6.69,2.1,0.5,1.1,0.4,6.69,558.7,22.8,22.3,459.8,53.8,6.69,13.0,2.1,10.9,6.69,0.3,0.1,0.2,0.0,0.0,0.9,1.4,6.69,9.2,8.5,17.6,6.69,14.1,6.1,20.2,6.69,8.1,6.69,20.1,6.69,2.5,1.1,9.5,6.69,1.8,6.69,12.6,10.1,6.69,2.1,0.1,6.69,2.2,0.1,1.5,0.6,6.69,14.4,8.9,6.69,29.4,15.1,14.3,6.69,11.3,3.4,1.3,6.6,6.62,1.7,0.5,1.1,0.1,6.62,518.2,23.1,27.2,415.4,52.6,6.62,8.8,1.1,7.7,6.62,0.5,0.1,0.1,0.1,0.0,0.7,1.3,6.62,8.6,7.1,15.6,6.62,13.9,6.9,20.9,6.62,9.4,6.62,23.6,6.62,3.6,1.4,7.9,6.62,1.8,6.62,11.6,10.9,6.62,1.8,0.2,6.62,2.8,0.1,2.2,0.5,6.62,14.9,9.5,6.62,26.5,13.6,12.8,6.62,Bundesliga,2024-2025
Werder Bremen,21,13.5,0.502,0.813,15.9,6.59,35,2,33,11.7,0.49,0.823,12.8,6.63,34,2,13.0,15.8,9.1,9.4,2.2,6.59,14.6,16.6,9.5,10.4,2.0,6.63,13.5,3.9,5.9,12.5,6.59,11.7,4.6,5.5,11.1,6.63,30.07,20.0,-10.07,230.0,0.13,6.59,23.35,25.0,1.65,221.0,0.11,6.59,26.24,33.0,6.76,199.0,0.13,6.63,28.76,29.0,0.24,249.0,0.12,6.63,15,0,4,1,1,17,0,2,1,1,19,6,6,2,0,19,3,5,2,2,22,2,53,426,15,2,55,427,18,2,54,418,20,2,52,438,21,1,0,17,23,1,0,13,0.37,0.27,0.36,0.36,0.26,0.38,0.12,0.75,0.13,0.18,0.68,0.14,0.22,0.68,0.11,0.16,0.73,0.12,0.08,0.68,0.25,0.1,0.52,0.38,0.03,0.73,0.24,0.1,0.51,0.39,0.29,0.44,0.27,0.3,0.43,0.26,13.5,3.4,1.1,9.1,6.59,1.2,0.2,0.8,0.2,6.59,472.7,25.1,26.5,359.2,61.9,6.59,10.1,1.6,8.5,6.59,0.3,0.1,0.1,0.0,0.0,0.4,0.8,6.59,8.8,5.9,14.8,6.59,15.8,6.6,22.4,6.59,9.1,6.59,23.7,6.59,4.4,1.0,8.9,6.59,2.2,6.59,12.5,9.4,6.59,2.1,0.1,6.59,2.5,0.5,1.4,0.6,6.59,15.8,7.7,6.59,31.2,15.9,15.3,6.59,11.7,2.9,0.4,8.5,6.63,1.9,0.2,1.5,0.2,6.63,466.3,26.2,26.8,357.4,55.9,6.63,9.2,1.7,7.5,6.63,0.5,0.1,0.3,0.0,0.0,0.6,1.4,6.63,7.8,5.5,13.3,6.63,16.6,7.8,24.4,6.63,9.5,6.63,24.4,6.63,4.1,1.8,9.4,6.63,2.0,6.63,11.1,10.4,6.63,2.0,0.1,6.63,3.5,0.4,1.8,1.3,6.63,13.2,7.4,6.63,25.6,12.8,12.8,6.63,Bundesliga,2024-2025
Wolfsburg,27,13.4,0.498,0.806,14.2,6.54,32,2,29,12.3,0.42,0.767,17.3,6.68,43,1,12.5,13.6,9.1,10.0,1.5,6.54,15.3,15.3,9.3,10.6,1.4,6.68,13.4,4.5,6.5,11.2,6.54,12.3,4.0,5.8,10.4,6.68,26.96,26.0,-0.96,228.0,0.12,6.54,28.93,29.0,0.07,213.0,0.14,6.54,25.62,27.0,1.38,209.0,0.12,6.68,30.27,24.0,-6.27,260.0,0.12,6.68,15,2,6,3,1,21,1,5,2,1,12,2,12,1,2,11,2,11,0,0,20,1,59,383,16,1,53,396,14,1,61,310,22,1,50,461,22,4,0,8,30,4,0,10,0.36,0.26,0.38,0.36,0.26,0.39,0.17,0.66,0.17,0.18,0.68,0.14,0.12,0.72,0.16,0.17,0.68,0.15,0.09,0.58,0.32,0.1,0.59,0.31,0.12,0.51,0.37,0.08,0.59,0.33,0.29,0.42,0.3,0.31,0.42,0.26,13.4,4.4,1.2,7.8,6.54,1.6,0.4,0.9,0.2,6.54,438.5,29.0,29.6,324.5,55.4,6.54,9.6,1.9,7.7,6.54,0.2,0.2,0.1,0.1,0.0,0.7,1.1,6.54,9.3,6.5,15.8,6.54,13.6,8.5,22.1,6.54,9.1,6.54,21.4,6.54,3.4,1.4,8.9,6.54,1.5,6.54,11.2,10.0,6.54,1.9,0.1,6.54,2.6,0.2,1.6,0.8,6.54,16.1,5.2,6.54,30.9,14.2,16.7,6.54,12.3,4.6,1.5,6.2,6.68,1.7,0.5,0.7,0.4,6.68,366.1,26.2,33.4,254.6,52.0,6.68,8.9,1.5,7.5,6.68,0.4,0.2,0.1,0.1,0.0,0.7,1.1,6.68,8.6,5.8,14.4,6.68,15.3,8.8,24.1,6.68,9.3,6.68,34.3,6.68,4.5,1.6,8.9,6.68,1.4,6.68,10.4,10.6,6.68,2.5,0.1,6.68,3.6,0.2,2.5,0.9,6.68,13.6,7.4,6.68,34.5,17.3,17.2,6.68,Bundesliga,2024-2025
Augsburg,22,13.1,0.452,0.797,14.5,6.54,39,1,20,13.3,0.422,0.782,15.6,6.53,38,0,14.2,14.9,8.6,11.3,1.9,6.54,15.2,16.3,8.6,11.0,2.3,6.53,13.1,4.8,6.3,11.5,6.54,13.3,4.4,7.6,10.8,6.53,22.9,22.0,-0.9,209.0,0.11,6.54,27.35,27.0,-0.35,227.0,0.12,6.54,24.92,20.0,-4.92,213.0,0.12,6.53,34.38,27.0,-7.38,243.0,0.14,6.53,14,2,5,1,0,18,3,5,1,0,11,1,5,3,0,11,5,6,5,2,20,1,54,347,17,2,55,436,17,1,57,336,20,2,52,487,28,2,0,11,28,2,0,8,0.37,0.26,0.37,0.38,0.28,0.34,0.17,0.67,0.16,0.14,0.68,0.18,0.13,0.67,0.2,0.11,0.73,0.16,0.05,0.61,0.35,0.08,0.61,0.31,0.09,0.55,0.36,0.08,0.63,0.28,0.28,0.42,0.3,0.31,0.43,0.26,13.1,4.6,0.6,7.9,6.54,1.4,0.2,0.9,0.3,6.54,397.2,23.4,29.7,293.1,51.0,6.54,9.6,1.6,8.0,6.54,0.3,0.1,0.1,0.0,0.0,0.4,0.9,6.54,9.1,6.3,15.3,6.54,14.9,6.9,21.8,6.54,8.6,6.54,28.2,6.54,4.5,0.5,9.3,6.54,1.9,6.54,11.5,11.3,6.54,2.4,0.1,6.54,2.5,0.1,1.8,0.6,6.54,18.6,8.8,6.54,31.9,14.5,17.4,6.54,13.3,4.9,1.2,7.3,6.53,1.3,0.4,0.8,0.1,6.53,388.1,23.4,33.1,279.9,51.6,6.53,9.6,1.6,8.0,6.53,0.3,0.1,0.1,0.0,0.0,0.4,0.8,6.53,8.6,7.6,16.3,6.53,16.3,7.1,23.4,6.53,8.6,6.53,31.4,6.53,3.9,1.6,8.4,6.53,2.3,6.53,10.8,11.0,6.53,2.4,0.0,6.53,3.6,0.2,2.5,0.9,6.53,18.0,7.1,6.53,34.2,15.6,18.6,6.53,Bundesliga,2025-2026
Bayer Leverkusen,37,18.2,0.618,0.891,13.1,6.82,27,2,29,12.1,0.572,0.874,12.9,6.63,37,0,10.1,13.3,7.8,8.6,1.5,6.82,14.6,14.9,7.2,8.6,1.0,6.63,18.2,6.4,7.1,10.2,6.82,12.1,3.8,7.1,10.8,6.63,42.17,37.0,-5.17,291.0,0.14,6.82,17.76,18.0,0.24,162.0,0.11,6.82,27.57,28.0,0.43,193.0,0.14,6.63,29.08,24.0,-5.08,234.0,0.12,6.63,14,8,11,4,0,8,3,4,3,0,17,4,4,3,1,9,3,9,3,1,19,2,42,602,14,1,50,345,16,2,53,537,18,2,48,388,15,6,0,10,21,3,0,13,0.35,0.31,0.34,0.35,0.27,0.37,0.14,0.73,0.13,0.17,0.66,0.17,0.17,0.69,0.14,0.13,0.69,0.18,0.11,0.55,0.34,0.06,0.59,0.35,0.07,0.54,0.39,0.1,0.56,0.34,0.24,0.45,0.31,0.3,0.43,0.26,18.2,6.2,1.9,10.1,6.82,2.3,0.4,1.6,0.3,6.82,640.3,22.1,20.1,548.2,49.9,6.82,13.6,2.4,11.2,6.82,0.8,0.1,0.1,0.1,0.0,0.9,1.8,6.82,10.3,7.1,17.4,6.82,13.3,4.3,17.6,6.82,7.8,6.82,18.2,6.82,2.4,0.9,8.1,6.82,1.5,6.82,10.2,8.6,6.82,1.7,0.1,6.82,2.8,0.3,1.5,1.0,6.82,12.7,8.3,6.82,23.3,13.1,10.2,6.82,12.1,4.7,0.9,6.5,6.63,1.8,0.2,1.3,0.3,6.63,584.6,25.6,26.4,485.4,47.1,6.63,8.6,1.1,7.5,6.63,0.3,0.1,0.1,0.0,0.0,0.8,1.2,6.63,9.6,7.1,16.8,6.63,14.9,5.7,20.6,6.63,7.2,6.63,24.9,6.63,3.4,1.4,8.0,6.63,1.0,6.63,10.8,8.6,6.63,2.3,0.0,6.63,4.1,0.3,2.4,1.4,6.63,15.4,7.6,6.63,24.9,12.9,12.0,6.63,Bundesliga,2025-2026
Bayern Munich,63,21.7,0.676,0.91,10.3,7.05,22,0,53,16.9,0.674,0.894,9.6,6.93,33,2,9.3,11.8,8.7,8.6,2.2,7.05,11.6,12.8,8.1,9.4,2.4,6.93,21.7,9.0,10.2,7.9,7.05,16.9,8.1,9.1,9.5,6.93,53.96,60.0,6.04,347.0,0.16,7.05,17.53,18.0,0.47,148.0,0.12,7.05,42.83,53.0,10.17,270.0,0.16,6.93,25.58,17.0,-8.58,186.0,0.14,6.93,33,8,13,6,3,9,1,7,1,0,36,4,8,5,0,7,3,6,1,0,18,4,44,674,11,1,51,292,15,4,49,636,14,2,53,274,12,1,0,9,20,2,0,14,0.3,0.3,0.41,0.33,0.29,0.38,0.13,0.67,0.2,0.16,0.64,0.21,0.18,0.69,0.14,0.2,0.66,0.15,0.1,0.56,0.34,0.07,0.54,0.39,0.1,0.61,0.29,0.08,0.62,0.3,0.21,0.42,0.38,0.23,0.42,0.35,21.7,7.3,2.3,12.1,7.05,3.9,0.9,2.4,0.4,7.05,714.6,27.0,15.4,623.1,49.1,7.05,17.2,1.6,15.6,7.05,0.5,0.3,0.4,0.1,0.0,1.9,2.8,7.05,11.8,10.2,21.9,7.05,11.8,6.9,18.7,7.05,8.7,7.05,15.8,7.05,2.9,0.9,6.8,7.05,2.2,7.05,7.9,8.6,7.05,1.4,0.0,7.05,1.8,0.1,1.1,0.6,7.05,14.9,7.6,7.05,18.6,10.3,8.3,7.05,16.9,4.9,1.6,10.3,6.93,3.3,0.8,2.1,0.4,6.93,681.3,27.6,20.4,581.6,51.8,6.93,13.1,1.4,11.7,6.93,0.3,0.1,0.2,0.0,0.0,2.0,2.5,6.93,12.1,9.1,21.2,6.93,12.8,6.1,18.9,6.93,8.1,6.93,18.8,6.93,3.1,0.5,6.9,6.93,2.4,6.93,9.5,9.4,6.93,2.1,0.1,6.93,2.1,0.1,1.4,0.6,6.93,17.1,9.6,6.93,20.3,9.6,10.7,6.93,Bundesliga,2025-2026
Borussia Dortmund,37,14.9,0.556,0.856,13.6,6.82,24,0,28,11.0,0.511,0.827,17.1,6.7,36,2,9.5,15.3,8.3,11.3,1.1,6.82,12.0,13.4,8.2,12.3,1.4,6.7,14.9,5.3,8.3,8.3,6.82,11.0,3.9,7.3,11.2,6.7,38.86,37.0,-1.86,239.0,0.16,6.82,17.97,14.0,-3.97,152.0,0.12,6.82,23.2,27.0,3.8,176.0,0.13,6.7,24.75,18.0,-6.75,192.0,0.13,6.7,17,4,11,5,0,9,0,4,1,0,14,4,8,1,1,11,0,3,4,0,22,2,49,477,13,1,56,370,17,1,48,418,20,1,60,384,18,1,0,5,23,4,0,11,0.33,0.28,0.39,0.33,0.3,0.37,0.12,0.77,0.11,0.2,0.66,0.14,0.1,0.75,0.16,0.16,0.67,0.17,0.13,0.58,0.28,0.13,0.53,0.35,0.11,0.65,0.24,0.1,0.62,0.28,0.22,0.43,0.35,0.27,0.42,0.31,14.9,4.3,2.0,8.7,6.82,2.3,0.7,1.6,0.1,6.82,522.6,23.9,24.8,423.1,50.8,6.82,10.9,1.9,9.0,6.82,0.7,0.3,0.2,0.1,0.0,0.7,1.6,6.82,11.4,8.3,19.6,6.82,15.3,5.4,20.7,6.82,8.3,6.82,20.3,6.82,2.1,0.9,7.4,6.82,1.1,6.82,8.3,11.3,6.82,1.5,0.0,6.82,2.4,0.4,1.3,0.8,6.82,18.7,7.7,6.82,25.8,13.6,12.2,6.82,11.0,2.6,1.3,7.1,6.7,1.8,0.4,1.1,0.1,6.7,461.3,21.9,26.3,359.5,53.6,6.7,8.1,1.3,6.8,6.7,0.5,0.1,0.1,0.1,0.0,0.7,1.3,6.7,7.6,7.3,14.9,6.7,13.4,5.5,18.9,6.7,8.2,6.7,28.1,6.7,3.1,1.6,8.6,6.7,1.4,6.7,11.2,12.3,6.7,2.3,0.1,6.7,2.6,0.3,1.8,0.6,6.7,15.8,8.5,6.7,33.4,17.1,16.3,6.7,Bundesliga,2025-2026
Borussia M.Gladbach,20,11.7,0.455,0.824,15.0,6.58,29,1,17,11.4,0.46,0.819,15.4,6.58,25,2,14.1,16.2,10.2,10.6,1.6,6.58,14.5,16.7,8.9,11.1,2.1,6.58,11.7,4.4,5.1,9.3,6.58,11.4,3.8,5.1,11.4,6.58,23.21,19.0,-4.21,187.0,0.12,6.58,23.71,22.0,-1.71,225.0,0.11,6.58,19.55,16.0,-3.55,183.0,0.11,6.58,26.21,26.0,-0.21,232.0,0.11,6.58,9,1,6,3,1,15,0,4,3,2,9,3,3,1,1,16,2,6,2,0,16,1,48,405,18,2,47,496,16,1,50,389,19,2,47,468,18,5,0,7,19,4,0,4,0.34,0.28,0.38,0.34,0.28,0.38,0.19,0.67,0.14,0.19,0.7,0.11,0.13,0.69,0.18,0.2,0.67,0.13,0.09,0.56,0.36,0.08,0.48,0.44,0.1,0.6,0.3,0.08,0.6,0.32,0.31,0.45,0.24,0.33,0.44,0.23,11.7,4.2,1.0,6.5,6.58,1.3,0.3,0.8,0.1,6.58,448.1,20.6,26.8,348.6,52.1,6.58,8.6,0.8,7.8,6.58,0.3,0.1,0.1,0.0,0.0,0.4,0.8,6.58,7.9,5.1,12.9,6.58,16.2,6.5,22.7,6.58,10.2,6.58,30.2,6.58,3.8,1.1,6.9,6.58,1.6,6.58,9.3,10.6,6.58,1.8,0.1,6.58,3.0,0.2,1.6,1.3,6.58,15.4,8.9,6.58,28.8,15.0,13.8,6.58,11.4,3.4,1.2,6.8,6.58,1.1,0.2,0.8,0.1,6.58,433.1,21.2,27.6,333.6,50.7,6.58,8.4,1.7,6.7,6.58,0.1,0.1,0.2,0.0,0.0,0.4,0.8,6.58,7.1,5.1,12.2,6.58,16.7,7.5,24.2,6.58,8.9,6.58,32.0,6.58,3.1,1.0,7.3,6.58,2.1,6.58,11.4,11.1,6.58,1.6,0.1,6.58,4.8,0.4,2.8,1.6,6.58,15.0,6.8,6.58,29.6,15.4,14.2,6.58,Bundesliga,2025-2026
Eintracht Frankfurt,27,13.0,0.534,0.843,13.6,6.63,22,3,30,11.0,0.565,0.84,12.5,6.53,30,1,10.8,16.6,9.1,9.9,1.3,6.63,14.3,14.8,9.5,10.8,1.0,6.53,13.0,5.2,7.8,9.2,6.63,11.0,3.9,6.4,9.0,6.53,26.0,27.0,1.0,208.0,0.12,6.63,22.29,24.0,1.71,173.0,0.13,6.63,21.49,30.0,8.51,176.0,0.12,6.53,32.38,35.0,2.62,229.0,0.14,6.53,20,2,2,3,0,17,5,2,0,1,18,3,8,1,0,18,5,9,3,0,16,1,53,446,15,1,49,386,14,1,54,460,20,2,50,338,22,1,0,5,22,2,0,8,0.31,0.26,0.43,0.32,0.24,0.44,0.17,0.63,0.2,0.17,0.63,0.2,0.21,0.64,0.15,0.16,0.67,0.17,0.08,0.61,0.31,0.08,0.65,0.28,0.11,0.57,0.32,0.09,0.59,0.32,0.27,0.44,0.29,0.29,0.43,0.27,13.0,4.0,1.0,8.0,6.63,1.7,0.2,1.4,0.1,6.63,493.1,23.6,27.9,392.0,49.5,6.63,9.8,1.5,8.3,6.63,0.1,0.0,0.1,0.0,0.0,0.9,1.1,6.63,8.5,7.8,16.3,6.63,16.6,5.6,22.2,6.63,9.1,6.63,24.6,6.63,2.6,1.1,8.3,6.63,1.3,6.63,9.2,9.9,6.63,1.4,0.2,6.63,2.3,0.1,1.5,0.7,6.63,14.4,9.1,6.63,29.2,13.6,15.6,6.63,11.0,3.6,1.2,6.3,6.53,1.9,0.4,1.3,0.1,6.53,508.9,24.2,28.9,403.3,52.5,6.53,9.2,1.3,7.9,6.53,0.4,0.2,0.1,0.0,0.0,0.9,1.5,6.53,8.2,6.4,14.6,6.53,14.8,7.8,22.6,6.53,9.5,6.53,27.9,6.53,3.1,1.3,8.1,6.53,1.0,6.53,9.0,10.8,6.53,1.9,0.1,6.53,3.4,0.3,2.1,1.0,6.53,16.7,8.9,6.53,28.0,12.5,15.5,6.53,Bundesliga,2025-2026
FC Heidenheim,23,11.3,0.403,0.763,15.4,6.48,18,1,15,11.3,0.428,0.774,19.1,6.42,27,0,14.4,14.8,9.6,9.4,1.9,6.48,16.0,15.4,8.6,10.4,1.8,6.42,11.3,3.9,5.4,10.4,6.48,11.3,3.2,5.1,9.6,6.42,24.35,23.0,-1.35,181.0,0.13,6.48,29.45,35.0,5.55,231.0,0.13,6.48,22.91,15.0,-7.91,181.0,0.13,6.42,34.05,33.0,-1.05,256.0,0.13,6.42,7,4,10,2,0,24,4,4,3,0,8,3,4,0,0,18,5,8,2,1,15,1,66,291,18,1,59,470,18,1,63,317,18,2,49,462,15,2,0,2,23,2,0,2,0.35,0.28,0.37,0.36,0.3,0.34,0.15,0.72,0.13,0.18,0.71,0.11,0.14,0.67,0.19,0.21,0.65,0.14,0.1,0.55,0.35,0.11,0.58,0.31,0.09,0.61,0.29,0.09,0.55,0.35,0.32,0.42,0.25,0.32,0.44,0.24,11.3,3.9,1.2,6.2,6.48,1.4,0.4,0.9,0.1,6.48,350.4,28.7,36.1,238.6,47.1,6.48,8.1,1.5,6.6,6.48,0.3,0.1,0.1,0.0,0.1,0.6,1.0,6.48,7.8,5.4,13.2,6.48,14.8,8.3,23.1,6.48,9.6,6.48,34.4,6.48,3.4,0.6,9.2,6.48,1.9,6.48,10.4,9.4,6.48,1.1,0.1,6.48,3.0,0.4,1.9,0.7,6.48,16.8,6.4,6.48,33.1,15.4,17.7,6.48,11.3,3.4,1.1,6.9,6.42,0.9,0.1,0.8,0.1,6.42,375.5,26.8,35.8,264.1,48.9,6.42,8.4,1.1,7.3,6.42,0.1,0.1,0.1,0.1,0.0,0.4,0.7,6.42,6.1,5.1,11.1,6.42,15.4,9.7,25.1,6.42,8.6,6.42,31.2,6.42,4.2,1.9,9.1,6.42,1.8,6.42,9.6,10.4,6.42,1.7,0.0,6.42,3.4,0.0,2.2,1.3,6.42,16.5,6.2,6.42,37.3,19.1,18.2,6.42,Bundesliga,2025-2026
FC Koln,29,15.0,0.472,0.806,18.6,6.6,27,3,18,11.9,0.466,0.81,18.6,6.52,32,0,11.9,13.7,8.3,8.6,2.6,6.6,15.1,15.2,7.6,8.3,1.1,6.52,15.0,5.5,5.9,10.3,6.6,11.9,3.9,3.9,9.7,6.52,29.04,28.0,-1.04,240.0,0.12,6.6,24.63,27.0,2.37,191.0,0.13,6.6,24.54,17.0,-7.54,190.0,0.13,6.52,30.89,28.0,-2.89,242.0,0.13,6.52,15,6,6,1,1,12,3,8,4,0,10,3,2,2,1,13,2,12,1,0,20,2,56,359,18,2,54,414,18,1,60,345,22,1,49,414,21,4,0,6,19,4,0,9,0.44,0.27,0.29,0.42,0.28,0.3,0.22,0.65,0.13,0.22,0.65,0.13,0.2,0.68,0.12,0.12,0.74,0.14,0.1,0.62,0.29,0.1,0.59,0.3,0.07,0.63,0.3,0.12,0.57,0.31,0.27,0.43,0.29,0.32,0.42,0.27,15.0,4.4,1.4,9.2,6.6,1.8,0.4,1.1,0.3,6.6,410.7,23.3,31.9,307.6,47.9,6.6,10.5,1.8,8.7,6.6,0.5,0.1,0.1,0.0,0.0,0.5,1.1,6.6,7.1,5.9,13.0,6.6,13.7,6.3,19.9,6.6,8.3,6.6,27.8,6.6,3.1,1.6,8.8,6.6,2.6,6.6,10.3,8.6,6.6,1.7,0.2,6.6,2.4,0.3,1.5,0.7,6.6,15.9,7.3,6.6,36.4,18.6,17.8,6.6,11.9,3.6,0.9,7.4,6.52,1.1,0.2,0.8,0.1,6.52,401.6,24.1,34.9,301.1,41.4,6.52,8.7,1.6,7.1,6.52,0.1,0.0,0.1,0.0,0.0,0.6,0.9,6.52,7.5,3.9,11.4,6.52,15.2,5.6,20.8,6.52,7.6,6.52,32.6,6.52,4.4,1.3,7.8,6.52,1.1,6.52,9.7,8.3,6.52,2.0,0.0,6.52,3.1,0.4,2.0,0.7,6.52,14.5,7.5,6.52,35.1,18.6,16.5,6.52,Bundesliga,2025-2026
Freiburg,29,14.4,0.52,0.822,18.9,6.67,26,2,16,10.6,0.437,0.802,15.6,6.44,21,1,12.0,14.1,8.9,8.6,2.2,6.67,15.7,14.2,8.2,9.9,1.9,6.44,14.4,5.1,6.3,11.8,6.67,10.6,3.3,5.5,11.6,6.44,31.62,29.0,-2.62,231.0,0.14,6.67,20.53,20.0,-0.53,192.0,0.11,6.67,18.97,14.0,-4.97,170.0,0.11,6.44,30.01,32.0,1.99,251.0,0.12,6.44,17,2,7,3,0,8,4,8,0,1,6,0,6,2,2,18,4,10,0,0,20,1,52,392,18,1,58,352,16,1,54,325,19,1,50,438,15,2,0,11,18,0,0,5,0.36,0.29,0.35,0.36,0.28,0.36,0.11,0.76,0.13,0.13,0.69,0.18,0.16,0.72,0.13,0.14,0.71,0.15,0.13,0.55,0.32,0.08,0.53,0.39,0.12,0.57,0.31,0.11,0.56,0.33,0.29,0.42,0.3,0.32,0.42,0.26,14.4,4.6,1.9,8.0,6.67,1.8,0.4,1.2,0.2,6.67,438.4,21.2,29.9,339.4,47.9,6.67,10.6,1.6,8.9,6.67,0.3,0.0,0.1,0.0,0.0,0.8,1.1,6.67,7.8,6.3,14.0,6.67,14.1,4.0,18.1,6.67,8.9,6.67,26.8,6.67,3.5,1.0,7.6,6.67,2.2,6.67,11.8,8.6,6.67,1.6,0.1,6.67,2.6,0.1,1.3,1.1,6.67,16.5,7.3,6.67,37.1,18.9,18.3,6.67,10.6,3.3,1.3,6.1,6.44,1.0,0.3,0.5,0.1,6.44,373.6,24.7,28.2,274.9,45.8,6.44,7.4,1.6,5.9,6.44,0.1,0.1,0.0,0.0,0.0,0.3,0.4,6.44,7.9,5.5,13.4,6.44,14.2,5.5,19.7,6.44,8.2,6.44,28.8,6.44,4.3,0.9,7.2,6.44,1.9,6.44,11.6,9.9,6.44,1.3,0.1,6.44,3.2,0.2,2.0,1.0,6.44,15.3,8.8,6.44,32.4,15.6,16.8,6.44,Bundesliga,2025-2026
Hamburger SV,22,13.3,0.453,0.804,16.0,6.63,31,3,14,10.8,0.455,0.81,17.1,6.44,33,5,12.8,16.5,10.1,11.9,1.4,6.63,16.1,13.7,6.9,11.6,2.2,6.44,13.3,4.7,7.1,12.7,6.63,10.8,4.3,7.3,12.4,6.44,24.35,22.0,-2.35,212.0,0.11,6.63,27.54,20.0,-7.54,205.0,0.13,6.63,16.16,14.0,-2.16,173.0,0.09,6.44,35.72,31.0,-4.72,258.0,0.14,6.44,11,6,3,2,0,13,0,6,1,0,5,4,3,2,0,22,1,3,5,0,17,1,55,332,19,2,50,420,15,1,57,339,20,1,49,422,20,4,0,12,24,4,0,13,0.37,0.26,0.37,0.4,0.24,0.36,0.19,0.67,0.14,0.16,0.7,0.14,0.26,0.55,0.19,0.15,0.73,0.12,0.08,0.63,0.29,0.11,0.55,0.34,0.06,0.55,0.4,0.1,0.57,0.33,0.32,0.44,0.24,0.33,0.44,0.22,13.3,3.8,1.1,8.3,6.63,1.4,0.1,1.3,0.1,6.63,384.8,22.2,32.4,287.0,43.2,6.63,9.6,1.9,7.7,6.63,0.2,0.0,0.1,0.1,0.0,0.6,0.9,6.63,7.8,7.1,14.9,6.63,16.5,5.8,22.3,6.63,10.1,6.63,32.6,6.63,3.7,1.5,8.2,6.63,1.4,6.63,12.7,11.9,6.63,1.9,0.2,6.63,2.4,0.2,1.5,0.8,6.63,15.5,7.9,6.63,32.1,16.0,16.1,6.63,10.8,4.3,0.6,5.9,6.44,0.9,0.2,0.6,0.1,6.44,392.2,25.1,30.8,292.8,43.6,6.44,8.1,1.7,6.4,6.44,0.1,0.1,0.2,0.0,0.0,0.3,0.6,6.44,8.4,7.3,15.7,6.44,13.7,6.5,20.2,6.44,6.9,6.44,31.5,6.44,3.4,1.6,7.3,6.44,2.2,6.44,12.4,11.6,6.44,2.1,0.3,6.44,4.2,0.4,2.4,1.4,6.44,16.6,7.6,6.44,32.4,17.1,15.3,6.44,Bundesliga,2025-2026
Hoffenheim,34,16.3,0.559,0.817,20.9,6.79,30,0,30,12.1,0.531,0.788,20.3,6.64,36,2,11.5,15.4,7.8,14.0,2.3,6.79,13.3,16.0,7.9,14.4,1.4,6.64,16.3,6.1,6.1,8.6,6.79,12.1,4.5,4.8,8.8,6.64,33.0,32.0,-1.0,261.0,0.13,6.79,21.36,21.0,-0.36,184.0,0.12,6.79,26.96,28.0,1.04,193.0,0.14,6.64,29.77,27.0,-2.77,212.0,0.14,6.64,19,2,7,4,2,11,3,5,2,0,17,4,5,2,2,11,3,10,3,0,22,2,56,434,17,1,67,320,18,1,60,389,20,1,63,332,22,1,0,7,27,1,0,10,0.37,0.29,0.34,0.4,0.28,0.32,0.15,0.67,0.17,0.2,0.64,0.17,0.16,0.73,0.11,0.18,0.71,0.11,0.11,0.57,0.31,0.07,0.6,0.33,0.13,0.58,0.29,0.11,0.6,0.29,0.26,0.4,0.34,0.29,0.43,0.29,16.3,5.1,1.9,9.3,6.79,2.1,0.4,1.2,0.4,6.79,485.1,24.7,30.3,371.4,58.7,6.79,12.3,2.3,9.9,6.79,0.5,0.1,0.2,0.0,0.0,0.8,1.4,6.79,7.0,6.1,13.1,6.79,15.4,6.6,22.0,6.79,7.8,6.79,31.3,6.79,2.9,1.5,8.6,6.79,2.3,6.79,8.6,14.0,6.79,1.9,0.0,6.79,2.9,0.1,1.8,1.0,6.79,15.4,8.3,6.79,38.4,20.9,17.5,6.79,12.1,3.6,1.5,7.0,6.64,1.9,0.4,1.2,0.2,6.64,445.9,24.3,35.6,327.3,58.8,6.64,9.1,1.6,7.5,6.64,0.5,0.1,0.2,0.0,0.0,0.6,1.3,6.64,6.6,4.8,11.4,6.64,16.0,7.6,23.6,6.64,7.9,6.64,32.0,6.64,3.8,1.3,9.6,6.64,1.4,6.64,8.8,14.4,6.64,2.3,0.1,6.64,2.6,0.3,1.4,0.9,6.64,16.0,7.7,6.64,38.3,20.3,18.0,6.64,Bundesliga,2025-2026
Mainz 05,20,13.6,0.456,0.752,21.5,6.57,28,3,21,10.3,0.407,0.751,19.8,6.58,37,2,12.3,14.7,9.1,11.9,2.5,6.57,15.8,16.2,11.6,10.0,2.3,6.58,13.6,4.2,6.0,9.9,6.57,10.3,3.9,5.0,9.4,6.58,31.25,20.0,-11.25,217.0,0.14,6.57,23.5,20.0,-3.5,196.0,0.12,6.57,25.01,21.0,-4.01,164.0,0.15,6.58,33.16,28.0,-5.16,253.0,0.13,6.58,9,1,6,4,0,12,4,3,1,2,10,3,4,4,0,18,2,7,1,0,24,1,61,311,14,2,57,400,16,1,62,309,21,1,56,486,19,1,0,11,28,5,0,7,0.36,0.24,0.39,0.31,0.25,0.44,0.17,0.7,0.13,0.16,0.65,0.19,0.12,0.73,0.15,0.15,0.69,0.16,0.09,0.68,0.23,0.07,0.62,0.32,0.08,0.68,0.24,0.1,0.62,0.28,0.26,0.42,0.32,0.3,0.44,0.26,13.6,3.1,1.3,9.3,6.57,1.3,0.3,1.0,0.0,6.57,367.4,26.1,33.9,250.3,57.3,6.57,10.0,2.3,7.7,6.57,0.2,0.1,0.1,0.0,0.0,0.4,0.6,6.57,6.1,6.0,12.1,6.57,14.7,6.7,21.4,6.57,9.1,6.57,28.1,6.57,3.5,1.2,8.3,6.57,2.5,6.57,9.9,11.9,6.57,1.8,0.2,6.57,2.6,0.1,1.7,0.8,6.57,16.8,8.7,6.57,43.2,21.5,21.7,6.57,10.3,2.4,0.8,7.1,6.58,1.3,0.1,1.2,0.1,6.58,367.2,22.6,38.5,253.4,52.8,6.58,7.5,1.3,6.3,6.58,0.3,0.0,0.1,0.1,0.0,0.6,0.9,6.58,6.5,5.0,11.5,6.58,16.2,6.3,22.5,6.58,11.6,6.58,33.2,6.58,4.4,1.8,9.8,6.58,2.3,6.58,9.4,10.0,6.58,2.3,0.1,6.58,3.9,0.4,2.3,1.1,6.58,17.9,7.9,6.58,42.5,19.8,22.7,6.58,Bundesliga,2025-2026
RB Leipzig,38,17.6,0.546,0.853,13.6,6.87,21,0,25,14.3,0.515,0.836,14.1,6.71,28,0,11.4,13.1,8.1,8.3,1.2,6.87,13.2,16.9,9.7,10.6,1.6,6.71,17.6,7.4,11.2,10.9,6.87,14.3,4.6,10.6,8.8,6.71,43.79,36.0,-7.79,281.0,0.16,6.87,24.61,18.0,-6.61,183.0,0.13,6.87,28.22,25.0,-3.22,229.0,0.12,6.71,26.54,23.0,-3.54,211.0,0.13,6.71,25,3,7,1,2,11,4,2,1,1,19,2,4,0,0,14,5,3,1,0,20,3,44,470,17,1,51,379,14,2,49,436,17,2,56,397,17,0,0,4,19,2,0,7,0.37,0.27,0.36,0.38,0.29,0.34,0.14,0.71,0.14,0.13,0.76,0.11,0.19,0.69,0.13,0.16,0.64,0.2,0.14,0.64,0.22,0.12,0.59,0.29,0.05,0.6,0.35,0.06,0.62,0.32,0.26,0.44,0.31,0.29,0.44,0.28,17.6,3.9,2.4,11.2,6.87,2.4,0.8,1.3,0.3,6.87,512.1,21.6,22.3,415.4,52.8,6.87,13.7,2.1,11.6,6.87,0.4,0.0,0.3,0.1,0.1,0.8,1.5,6.87,10.6,11.2,21.8,6.87,13.1,4.8,17.9,6.87,8.1,6.87,26.4,6.87,3.3,0.6,8.4,6.87,1.2,6.87,10.9,8.3,6.87,1.3,0.0,6.87,2.7,0.2,1.7,0.8,6.87,16.8,8.8,6.87,28.5,13.6,14.9,6.87,14.3,5.1,0.7,8.6,6.71,1.6,0.1,1.1,0.3,6.71,480.4,20.8,27.4,380.6,51.6,6.71,11.5,1.3,10.3,6.71,0.1,0.0,0.1,0.1,0.0,1.1,1.3,6.71,11.5,10.6,22.1,6.71,16.9,7.1,24.0,6.71,9.7,6.71,28.8,6.71,3.8,2.4,8.9,6.71,1.6,6.71,8.8,10.6,6.71,1.8,0.0,6.71,2.3,0.0,1.8,0.6,6.71,18.9,10.1,6.71,28.3,14.1,14.1,6.71,Bundesliga,2025-2026
St. Pauli,16,10.6,0.447,0.787,13.9,6.46,28,1,11,10.0,0.44,0.779,15.3,6.47,22,1,11.6,15.3,8.6,9.8,2.2,6.46,12.7,18.1,9.6,9.8,1.8,6.47,10.6,4.3,4.8,9.1,6.46,10.0,2.5,4.8,8.7,6.47,18.5,16.0,-2.5,170.0,0.11,6.46,27.82,28.0,0.18,186.0,0.15,6.46,14.32,11.0,-3.32,160.0,0.09,6.47,31.09,27.0,-4.09,203.0,0.15,6.47,6,1,6,3,0,19,3,5,1,0,6,0,4,1,0,13,4,8,2,0,19,1,54,383,13,2,57,492,15,1,56,385,17,2,62,500,23,3,0,3,15,3,0,6,0.35,0.23,0.42,0.39,0.23,0.38,0.13,0.66,0.21,0.16,0.71,0.13,0.17,0.56,0.27,0.19,0.7,0.11,0.08,0.54,0.39,0.09,0.66,0.25,0.04,0.53,0.43,0.17,0.52,0.31,0.25,0.47,0.28,0.29,0.46,0.25,10.6,4.1,0.8,5.7,6.46,1.0,0.2,0.7,0.1,6.46,431.8,18.1,34.8,321.6,57.4,6.46,7.9,1.6,6.3,6.46,0.1,0.0,0.1,0.0,0.0,0.4,0.6,6.46,6.3,4.8,11.1,6.46,15.3,6.3,21.6,6.46,8.6,6.46,26.2,6.46,2.8,1.1,7.1,6.46,2.2,6.46,9.1,9.8,6.46,1.8,0.1,6.46,3.1,0.4,2.0,0.8,6.46,15.8,6.6,6.46,31.8,13.9,17.9,6.46,10.0,4.3,0.4,5.3,6.47,0.7,0.1,0.6,0.1,6.47,436.9,18.4,37.3,321.8,59.4,6.47,7.2,0.9,6.3,6.47,0.3,0.1,0.1,0.1,0.0,0.1,0.6,6.47,6.1,4.8,10.9,6.47,18.1,5.8,23.9,6.47,9.6,6.47,29.6,6.47,3.3,1.6,7.8,6.47,1.8,6.47,8.7,9.8,6.47,1.4,0.1,6.47,3.8,0.7,2.0,1.1,6.47,13.5,6.7,6.47,36.3,15.3,21.0,6.47,Bundesliga,2025-2026
Union Berlin,22,13.0,0.401,0.706,24.8,6.57,39,2,15,11.4,0.385,0.728,22.5,6.44,27,1,11.1,14.8,8.9,12.4,1.4,6.57,14.8,14.9,8.4,12.6,1.9,6.44,13.0,4.1,5.0,10.9,6.57,11.4,3.1,4.1,8.4,6.44,25.81,22.0,-3.81,208.0,0.12,6.57,21.62,26.0,4.38,178.0,0.12,6.57,19.16,15.0,-4.16,183.0,0.1,6.44,32.23,30.0,-2.23,236.0,0.14,6.44,9,1,10,2,0,15,3,5,3,0,7,2,5,1,0,20,4,3,3,1,22,1,68,261,18,2,59,447,18,1,68,270,18,3,53,495,28,2,0,11,15,3,0,10,0.41,0.27,0.33,0.36,0.29,0.35,0.17,0.69,0.14,0.12,0.69,0.19,0.14,0.74,0.11,0.14,0.66,0.2,0.1,0.63,0.28,0.09,0.54,0.37,0.06,0.68,0.26,0.08,0.58,0.33,0.26,0.44,0.31,0.28,0.44,0.28,13.0,3.6,1.3,8.1,6.57,1.4,0.3,0.9,0.2,6.57,324.1,26.6,40.1,202.1,55.3,6.57,8.6,2.3,6.3,6.57,0.4,0.3,0.1,0.0,0.0,0.3,0.8,6.57,7.3,5.0,12.3,6.57,14.8,6.9,21.8,6.57,8.9,6.57,31.9,6.57,2.6,0.9,6.8,6.57,1.4,6.57,10.9,12.4,6.57,2.4,0.1,6.57,2.3,0.2,1.4,0.7,6.57,16.9,8.8,6.57,47.4,24.8,22.6,6.57,11.4,2.9,0.7,7.8,6.44,0.9,0.1,0.7,0.1,6.44,332.6,26.1,40.8,216.2,49.6,6.44,8.5,2.5,6.0,6.44,0.1,0.1,0.1,0.0,0.0,0.4,0.6,6.44,5.8,4.1,9.9,6.44,14.9,6.6,21.5,6.44,8.4,6.44,30.5,6.44,4.1,1.1,6.9,6.44,1.9,6.44,8.4,12.6,6.44,1.7,0.1,6.44,3.1,0.3,2.1,0.8,6.44,16.3,8.3,6.44,43.4,22.5,20.9,6.44,Bundesliga,2025-2026
VfB Stuttgart,27,16.4,0.589,0.839,20.0,6.79,30,1,39,13.8,0.579,0.846,15.9,6.71,28,1,11.1,14.7,8.4,9.1,2.4,6.79,14.4,14.1,8.1,9.8,1.7,6.71,16.4,6.0,6.9,12.4,6.79,13.8,5.9,5.7,11.3,6.71,33.98,27.0,-6.98,263.0,0.13,6.79,20.59,15.0,-5.59,177.0,0.12,6.79,28.66,38.0,9.34,221.0,0.13,6.71,31.5,30.0,-1.5,230.0,0.14,6.71,23,0,3,1,0,8,4,1,2,0,27,4,4,3,1,15,6,4,5,1,21,2,53,474,15,1,64,304,20,2,46,488,15,1,59,329,18,7,0,6,21,2,0,6,0.36,0.31,0.33,0.39,0.28,0.33,0.14,0.71,0.15,0.21,0.66,0.12,0.15,0.71,0.14,0.15,0.74,0.11,0.07,0.58,0.34,0.08,0.67,0.25,0.1,0.56,0.34,0.08,0.61,0.3,0.26,0.43,0.31,0.26,0.43,0.31,16.4,5.7,1.2,9.6,6.79,1.7,0.3,1.1,0.4,6.79,522.3,23.9,27.4,414.3,56.7,6.79,12.3,1.5,10.8,6.79,0.1,0.0,0.1,0.0,0.0,1.3,1.5,6.79,6.0,6.9,12.9,6.79,14.7,4.4,19.1,6.79,8.4,6.79,25.6,6.79,2.6,1.3,7.7,6.79,2.4,6.79,12.4,9.1,6.79,1.9,0.1,6.79,2.7,0.2,1.9,0.6,6.79,15.6,8.2,6.79,37.3,20.0,17.3,6.79,13.8,4.7,1.4,7.8,6.71,2.4,0.4,1.8,0.3,6.71,529.5,19.7,25.6,428.3,55.9,6.71,11.4,1.6,9.8,6.71,0.3,0.0,0.3,0.0,0.0,1.1,1.8,6.71,5.5,5.7,11.2,6.71,14.1,4.9,19.1,6.71,8.1,6.71,24.4,6.71,3.8,1.4,7.3,6.71,1.7,6.71,11.3,9.8,6.71,1.8,0.1,6.71,3.4,0.2,2.4,0.9,6.71,15.1,7.4,6.71,29.6,15.9,13.6,6.71,Bundesliga,2025-2026
Werder Bremen,19,15.7,0.538,0.825,14.9,6.54,32,3,18,10.8,0.495,0.825,13.1,6.53,36,1,11.0,17.4,8.3,10.4,1.9,6.54,16.3,16.8,9.8,9.9,1.6,6.53,15.7,4.8,7.4,9.0,6.54,10.8,3.7,4.8,9.5,6.53,24.64,18.0,-6.64,251.0,0.1,6.54,24.07,28.0,3.93,176.0,0.14,6.54,17.01,18.0,0.99,172.0,0.1,6.53,32.28,27.0,-5.28,261.0,0.12,6.53,10,3,4,1,1,19,2,4,3,1,12,1,3,2,0,15,2,7,3,1,21,2,54,458,13,1,57,387,16,1,58,412,22,1,49,426,29,2,0,7,25,3,0,9,0.38,0.28,0.34,0.37,0.28,0.35,0.18,0.65,0.17,0.14,0.67,0.19,0.2,0.62,0.18,0.16,0.7,0.15,0.04,0.6,0.36,0.05,0.65,0.31,0.07,0.55,0.38,0.08,0.56,0.36,0.26,0.44,0.3,0.33,0.42,0.24,15.7,5.8,0.6,9.4,6.54,1.2,0.2,0.7,0.3,6.54,507.1,25.7,27.9,392.6,60.9,6.54,11.4,1.8,9.7,6.54,0.3,0.0,0.1,0.1,0.0,0.6,0.9,6.54,9.0,7.4,16.4,6.54,17.4,6.6,23.9,6.54,8.3,6.54,25.4,6.54,2.4,0.9,8.7,6.54,1.9,6.54,9.0,10.4,6.54,2.0,0.2,6.54,2.2,0.1,1.6,0.4,6.54,17.8,7.2,6.54,28.6,14.9,13.7,6.54,10.8,4.1,0.8,5.9,6.53,1.1,0.2,0.8,0.1,6.53,464.9,26.3,30.9,357.4,50.4,6.53,7.4,1.3,6.1,6.53,0.1,0.1,0.1,0.0,0.0,0.7,0.8,6.53,8.3,4.8,13.1,6.53,16.8,8.6,25.4,6.53,9.8,6.53,30.4,6.53,5.1,2.1,8.3,6.53,1.6,6.53,9.5,9.9,6.53,2.3,0.1,6.53,4.2,0.3,2.3,1.6,6.53,14.9,6.6,6.53,25.5,13.1,12.4,6.53,Bundesliga,2025-2026
Wolfsburg,21,13.4,0.492,0.809,16.5,6.52,29,3,21,9.6,0.41,0.764,15.2,6.52,31,0,13.4,13.7,7.9,12.3,1.1,6.52,17.6,18.4,9.5,11.1,1.2,6.52,13.4,4.7,6.3,9.3,6.52,9.6,3.3,4.3,8.3,6.52,28.03,21.0,-7.03,215.0,0.13,6.52,27.52,30.0,2.48,215.0,0.13,6.52,18.39,21.0,2.61,154.0,0.12,6.52,35.83,33.0,-2.83,282.0,0.13,6.52,10,3,6,2,0,20,0,5,5,1,16,1,2,2,0,19,1,9,4,3,19,2,54,390,22,1,61,398,11,1,57,316,32,1,55,467,22,3,0,9,23,4,0,4,0.35,0.28,0.37,0.35,0.28,0.37,0.18,0.7,0.12,0.15,0.69,0.17,0.15,0.68,0.17,0.15,0.69,0.16,0.12,0.53,0.35,0.07,0.59,0.34,0.08,0.47,0.44,0.1,0.6,0.3,0.3,0.41,0.29,0.35,0.41,0.24,13.4,4.7,1.6,7.1,6.52,1.3,0.4,0.9,0.1,6.52,440.7,23.1,30.4,333.4,53.8,6.52,10.3,1.4,8.9,6.52,0.4,0.2,0.2,0.1,0.0,0.4,1.1,6.52,6.9,6.3,13.1,6.52,13.7,6.4,20.1,6.52,7.9,6.52,28.9,6.52,3.8,1.6,8.6,6.52,1.1,6.52,9.3,12.3,6.52,1.8,0.2,6.52,2.9,0.2,1.7,1.1,6.52,13.7,7.8,6.52,33.4,16.5,16.9,6.52,9.6,4.3,0.8,4.6,6.52,1.3,0.3,0.8,0.3,6.52,369.4,19.6,36.1,262.8,51.0,6.52,7.3,1.4,5.8,6.52,0.2,0.1,0.1,0.0,0.0,0.8,1.1,6.52,8.4,4.3,12.7,6.52,18.4,9.0,27.4,6.52,9.5,6.52,42.3,6.52,4.4,2.2,8.0,6.52,1.2,6.52,8.3,11.1,6.52,1.9,0.0,6.52,4.1,0.4,2.6,1.0,6.52,15.9,5.4,6.52,33.3,15.2,18.1,6.52,Bundesliga,2025-2026
Augsburg,16,10.5,0.423,0.695,17.8,6.49,44,3,26,10.6,0.396,0.667,20.1,6.47,48,2,13.9,15.3,8.6,13.2,1.8,6.49,17.7,15.4,8.2,12.3,1.6,6.47,10.5,3.1,5.4,11.5,6.49,10.6,3.2,6.5,9.5,6.47,17.93,16.0,-1.93,178.0,0.1,6.49,28.08,24.0,-4.08,237.0,0.12,6.49,19.0,25.0,6.0,181.0,0.1,6.47,35.0,37.0,2.0,301.0,0.12,6.47,8,0,7,1,0,14,1,8,1,0,21,0,1,3,1,26,2,9,0,2,16,1,69,279,20,2,64,411,16,1,66,257,22,2,65,433,28,6,0,14,31,6,0,14,0.39,0.27,0.34,0.35,0.29,0.36,0.22,0.61,0.17,0.17,0.65,0.18,0.15,0.71,0.14,0.12,0.74,0.15,0.09,0.51,0.4,0.08,0.53,0.38,0.08,0.56,0.36,0.11,0.58,0.31,0.3,0.41,0.29,0.32,0.4,0.27,10.5,4.2,0.9,5.3,6.49,0.9,0.2,0.6,0.1,6.49,341.4,26.2,41.4,211.0,62.9,6.49,6.8,1.6,5.2,6.49,0.3,0.1,0.0,0.1,0.0,0.5,0.8,6.49,8.5,5.4,13.8,6.49,15.3,7.1,22.4,6.49,8.6,6.49,19.5,6.49,3.4,1.1,8.9,6.49,1.8,6.49,11.5,13.2,6.49,2.6,0.2,6.49,4.1,0.3,2.3,1.5,6.49,14.1,7.6,6.49,41.2,17.8,23.4,6.49,10.6,3.8,0.9,5.9,6.47,1.5,0.2,1.2,0.1,6.47,318.4,24.8,40.7,187.5,65.4,6.47,7.4,1.6,5.7,6.47,0.2,0.0,0.2,0.0,0.0,0.5,0.9,6.47,8.5,6.5,15.1,6.47,15.4,7.5,22.9,6.47,8.2,6.47,22.9,6.47,4.0,1.9,8.9,6.47,1.6,6.47,9.5,12.3,6.47,2.8,0.1,6.47,4.1,0.2,2.5,1.4,6.47,14.8,8.1,6.47,42.8,20.1,22.7,6.47,Bundesliga,2022-2023
Bayer Leverkusen,35,14.6,0.533,0.828,13.9,6.73,33,2,22,11.2,0.504,0.809,11.5,6.54,37,5,9.8,14.4,9.1,11.3,1.8,6.73,13.4,14.7,8.2,11.2,1.2,6.54,14.6,5.9,10.7,12.9,6.73,11.2,3.9,9.9,11.1,6.54,30.61,35.0,4.39,248.0,0.12,6.73,19.13,21.0,1.87,166.0,0.12,6.73,20.99,22.0,1.01,191.0,0.11,6.54,25.75,26.0,0.25,227.0,0.11,6.54,27,2,2,4,0,14,0,4,3,2,13,3,5,1,0,17,1,4,4,0,15,2,52,458,15,1,58,387,12,2,51,440,16,1,58,423,22,6,0,7,32,4,0,9,0.33,0.27,0.4,0.35,0.27,0.37,0.19,0.63,0.17,0.2,0.68,0.12,0.17,0.64,0.18,0.19,0.68,0.13,0.06,0.6,0.34,0.09,0.58,0.33,0.08,0.53,0.39,0.07,0.56,0.37,0.27,0.46,0.28,0.29,0.46,0.24,14.6,4.9,0.9,8.7,6.73,2.1,0.4,1.5,0.2,6.73,505.1,24.1,27.3,394.3,59.4,6.73,11.5,1.6,9.9,6.73,0.3,0.1,0.4,0.0,0.0,1.1,1.7,6.73,10.0,10.7,20.7,6.73,14.4,5.4,19.7,6.73,9.1,6.73,15.8,6.73,2.5,1.5,6.8,6.73,1.8,6.73,12.9,11.3,6.73,1.9,0.1,6.73,2.2,0.2,1.1,0.9,6.73,14.8,9.7,6.73,28.2,13.9,14.3,6.73,11.2,4.4,0.9,5.9,6.54,1.3,0.2,0.9,0.2,6.54,486.7,21.8,29.0,371.9,64.0,6.54,9.1,1.2,7.9,6.54,0.2,0.0,0.0,0.1,0.0,0.6,0.9,6.54,11.3,9.9,21.2,6.54,14.7,5.5,20.2,6.54,8.2,6.54,17.3,6.54,3.3,1.3,8.4,6.54,1.2,6.54,11.1,11.2,6.54,2.2,0.3,6.54,3.6,0.2,2.0,1.4,6.54,16.0,9.5,6.54,26.2,11.5,14.7,6.54,Bundesliga,2022-2023
Bayern Munich,53,21.5,0.661,0.883,13.2,7.03,22,0,39,15.4,0.626,0.858,14.5,6.85,23,3,7.5,16.7,7.7,8.8,2.6,7.03,10.8,19.9,9.2,9.2,2.4,6.85,21.5,9.4,13.6,8.5,7.03,15.4,5.8,13.8,11.2,6.85,44.97,52.0,7.03,366.0,0.12,7.03,17.51,17.0,-0.51,128.0,0.14,7.03,34.37,38.0,3.63,262.0,0.13,6.85,22.67,21.0,-1.67,184.0,0.12,6.85,42,2,6,2,1,8,1,3,5,0,29,2,6,1,1,13,0,4,4,0,21,2,46,600,12,0,55,276,15,3,50,561,15,1,56,305,17,1,0,4,19,3,0,6,0.31,0.3,0.39,0.32,0.31,0.37,0.17,0.68,0.16,0.14,0.74,0.12,0.16,0.67,0.17,0.16,0.66,0.17,0.07,0.63,0.3,0.07,0.62,0.31,0.06,0.62,0.32,0.08,0.55,0.37,0.24,0.42,0.35,0.27,0.42,0.3,21.5,6.4,1.5,13.7,7.03,3.1,0.4,2.2,0.4,7.03,641.1,28.5,17.0,537.6,58.0,7.03,16.9,1.8,15.1,7.03,0.2,0.0,0.4,0.0,0.0,1.6,2.2,7.03,12.6,13.6,26.2,7.03,16.7,7.0,23.7,7.03,7.7,7.03,10.8,7.03,1.9,1.0,8.5,7.03,2.6,7.03,8.5,8.8,7.03,1.3,0.0,7.03,1.5,0.2,0.8,0.4,7.03,16.8,9.2,7.03,23.5,13.2,10.3,7.03,15.4,4.9,0.9,9.6,6.85,2.3,0.4,1.4,0.4,6.85,605.1,27.4,21.5,491.9,64.4,6.85,11.9,1.2,10.7,6.85,0.4,0.1,0.2,0.1,0.0,1.1,1.7,6.85,13.6,13.8,27.4,6.85,19.9,7.8,27.7,6.85,9.2,6.85,15.2,6.85,2.6,1.6,9.4,6.85,2.4,6.85,11.2,9.2,6.85,1.4,0.2,6.85,2.6,0.1,1.5,1.0,6.85,18.6,11.6,6.85,26.9,14.5,12.4,6.85,Bundesliga,2022-2023
Bochum,28,12.9,0.473,0.706,21.8,6.6,35,1,12,10.6,0.441,0.691,23.7,6.41,29,0,14.5,19.7,9.8,12.6,2.2,6.6,16.9,17.1,10.1,12.6,1.7,6.41,12.9,4.8,5.2,10.4,6.6,10.6,2.9,5.1,10.4,6.41,21.68,25.0,3.32,219.0,0.1,6.6,29.07,30.0,0.93,246.0,0.12,6.6,17.89,12.0,-5.89,181.0,0.1,6.41,39.95,39.0,-0.95,288.0,0.14,6.41,15,1,8,1,3,20,1,7,2,2,6,0,4,2,0,22,1,10,6,1,18,1,77,281,20,1,69,329,16,1,78,280,20,1,67,385,25,2,0,9,24,2,0,3,0.39,0.29,0.32,0.39,0.3,0.31,0.18,0.64,0.19,0.15,0.7,0.15,0.17,0.7,0.13,0.16,0.66,0.17,0.1,0.52,0.38,0.11,0.62,0.28,0.06,0.57,0.37,0.06,0.65,0.29,0.3,0.39,0.31,0.29,0.43,0.29,12.9,4.9,1.2,6.7,6.6,1.6,0.4,0.9,0.2,6.6,355.2,34.3,41.9,216.5,62.5,6.6,9.6,1.9,7.8,6.6,0.5,0.3,0.1,0.0,0.1,0.6,1.2,6.6,7.2,5.2,12.5,6.6,19.7,10.5,30.2,6.6,9.8,6.6,22.6,6.6,3.5,0.8,8.1,6.6,2.2,6.6,10.4,12.6,6.6,2.1,0.1,6.6,3.1,0.4,1.9,0.8,6.6,15.1,8.4,6.6,42.7,21.8,20.9,6.6,10.6,3.9,0.6,6.1,6.41,0.7,0.2,0.5,0.0,6.41,354.4,34.6,42.3,210.4,67.1,6.41,7.4,1.6,5.8,6.41,0.1,0.1,0.0,0.0,0.0,0.3,0.4,6.41,7.2,5.1,12.2,6.41,17.1,8.6,25.7,6.41,10.1,6.41,21.7,6.41,3.5,1.4,8.6,6.41,1.7,6.41,10.4,12.6,6.41,1.7,0.0,6.41,4.6,0.4,3.0,1.2,6.41,14.4,6.8,6.41,46.4,23.7,22.7,6.41,Bundesliga,2022-2023
Borussia Dortmund,55,16.8,0.578,0.841,12.7,7.02,33,0,28,16.4,0.587,0.847,12.5,6.73,33,0,10.1,18.1,9.6,9.4,1.2,7.02,14.1,16.1,7.9,9.5,1.2,6.73,16.8,6.9,11.9,12.1,7.02,16.4,6.4,12.5,11.8,6.73,41.34,55.0,13.66,285.0,0.15,7.02,18.68,17.0,-1.68,171.0,0.11,7.02,33.13,26.0,-7.13,279.0,0.12,6.73,25.37,26.0,0.63,239.0,0.11,6.73,41,1,10,3,0,15,0,1,1,0,21,0,4,1,2,18,1,7,0,1,20,1,56,482,13,1,49,347,20,1,58,490,15,2,52,333,21,3,0,9,24,3,0,6,0.36,0.25,0.39,0.38,0.27,0.35,0.18,0.65,0.18,0.22,0.64,0.13,0.17,0.67,0.16,0.16,0.69,0.15,0.13,0.52,0.35,0.05,0.59,0.36,0.08,0.62,0.3,0.08,0.57,0.35,0.26,0.42,0.31,0.26,0.43,0.3,16.8,5.9,2.1,8.7,7.02,3.2,0.8,1.9,0.6,7.02,534.4,31.9,23.5,417.8,61.2,7.02,12.2,1.5,10.7,7.02,0.5,0.0,0.1,0.1,0.0,1.8,2.4,7.02,14.2,11.9,26.1,7.02,18.1,7.5,25.6,7.02,9.6,7.02,13.5,7.02,2.2,0.7,8.7,7.02,1.2,7.02,12.1,9.4,7.02,1.9,0.0,7.02,2.6,0.1,1.8,0.8,7.02,13.2,10.2,7.02,22.8,12.7,10.1,7.02,16.4,4.9,1.4,10.2,6.73,1.6,0.3,1.1,0.2,6.73,543.0,35.0,22.5,425.1,60.4,6.73,12.6,2.0,10.6,6.73,0.2,0.0,0.1,0.1,0.0,0.8,1.1,6.73,13.1,12.5,25.6,6.73,16.1,8.0,24.1,6.73,7.9,6.73,14.2,6.73,3.4,0.9,8.2,6.73,1.2,6.73,11.8,9.5,6.73,1.9,0.0,6.73,3.8,0.2,2.4,1.2,6.73,15.2,10.8,6.73,23.9,12.5,11.4,6.73,Bundesliga,2022-2023
Borussia M.Gladbach,33,14.9,0.568,0.85,12.5,6.79,27,2,19,9.1,0.513,0.816,12.6,6.47,33,1,11.9,14.4,8.1,10.2,2.1,6.79,16.5,14.8,7.6,9.7,2.2,6.47,14.9,6.1,6.8,13.3,6.79,9.1,4.2,7.3,13.0,6.47,33.03,33.0,-0.03,254.0,0.13,6.79,21.49,18.0,-3.49,202.0,0.11,6.79,18.9,19.0,0.1,155.0,0.12,6.47,35.54,36.0,0.46,280.0,0.13,6.47,23,2,6,2,0,11,2,4,1,0,11,2,4,2,0,28,0,3,5,1,15,2,48,496,17,1,51,360,11,2,53,442,23,1,53,407,19,4,0,7,24,1,0,9,0.33,0.3,0.37,0.36,0.28,0.36,0.15,0.7,0.15,0.13,0.7,0.16,0.17,0.71,0.12,0.15,0.69,0.16,0.06,0.6,0.34,0.08,0.54,0.38,0.05,0.66,0.29,0.11,0.55,0.34,0.28,0.43,0.29,0.36,0.43,0.21,14.9,5.1,0.9,9.0,6.79,1.9,0.2,1.4,0.4,6.79,539.1,21.5,26.2,436.6,54.6,6.79,12.0,1.8,10.2,6.79,0.2,0.1,0.2,0.1,0.0,1.1,1.6,6.79,9.3,6.8,16.1,6.79,14.4,6.9,21.4,6.79,8.1,6.79,17.6,6.79,2.8,1.1,8.1,6.79,2.1,6.79,13.3,10.2,6.79,1.6,0.1,6.79,2.8,0.4,1.6,0.8,6.79,14.7,8.9,6.79,25.9,12.5,13.4,6.79,9.1,2.6,0.5,6.0,6.47,1.1,0.1,1.0,0.1,6.47,489.4,20.6,32.2,378.9,57.6,6.47,7.3,1.5,5.8,6.47,0.1,0.1,0.1,0.0,0.0,0.5,0.7,6.47,8.8,7.3,16.1,6.47,14.8,8.9,23.7,6.47,7.6,6.47,23.5,6.47,3.4,1.5,9.6,6.47,2.2,6.47,13.0,9.7,6.47,1.9,0.1,6.47,4.6,0.5,2.5,1.6,6.47,14.3,9.0,6.47,24.1,12.6,11.5,6.47,Bundesliga,2022-2023
Eintracht Frankfurt,35,13.2,0.533,0.808,14.1,6.74,30,1,23,10.6,0.518,0.782,13.5,6.47,40,0,10.0,15.9,9.3,12.1,2.5,6.74,11.9,17.1,7.4,13.1,1.6,6.47,13.2,4.8,8.7,10.5,6.74,10.6,3.6,8.5,11.7,6.47,32.22,33.0,0.78,225.0,0.14,6.74,18.27,18.0,-0.27,170.0,0.11,6.74,20.56,23.0,2.44,180.0,0.11,6.47,26.16,33.0,6.84,202.0,0.13,6.47,22,2,3,6,2,12,1,5,0,0,14,3,6,0,0,19,1,11,2,1,20,2,52,453,14,1,60,385,17,1,51,417,17,1,64,371,20,3,0,9,26,3,0,11,0.37,0.26,0.37,0.37,0.25,0.38,0.15,0.7,0.15,0.14,0.74,0.12,0.16,0.67,0.17,0.12,0.67,0.2,0.09,0.59,0.32,0.1,0.58,0.32,0.08,0.61,0.31,0.09,0.63,0.27,0.25,0.45,0.31,0.28,0.44,0.28,13.2,4.2,1.2,7.8,6.74,2.1,0.2,1.5,0.2,6.74,500.7,22.6,28.9,382.0,67.1,6.74,9.2,1.7,7.5,6.74,0.2,0.0,0.1,0.0,0.0,0.8,1.1,6.74,11.7,8.7,20.4,6.74,15.9,7.9,23.9,6.74,9.3,6.74,17.8,6.74,3.0,1.2,9.1,6.74,2.5,6.74,10.5,12.1,6.74,1.8,0.1,6.74,2.1,0.4,1.1,0.6,6.74,15.8,7.8,6.74,29.4,14.1,15.2,6.74,10.6,3.3,0.9,6.4,6.47,1.4,0.3,0.8,0.2,6.47,462.1,18.6,31.7,342.5,69.2,6.47,7.8,1.3,6.5,6.47,0.4,0.1,0.1,0.0,0.0,0.4,0.9,6.47,12.0,8.5,20.5,6.47,17.1,10.9,28.0,6.47,7.4,6.47,21.2,6.47,2.2,0.9,10.2,6.47,1.6,6.47,11.7,13.1,6.47,2.4,0.0,6.47,2.8,0.2,1.9,0.7,6.47,15.6,9.4,6.47,31.3,13.5,17.8,6.47,Bundesliga,2022-2023
FC Koln,28,14.7,0.537,0.79,21.0,6.69,33,1,21,9.8,0.452,0.764,18.1,6.46,36,2,9.0,17.6,11.1,11.7,1.8,6.69,13.1,18.6,10.8,11.8,2.2,6.46,14.7,5.6,7.4,11.0,6.69,9.8,3.5,5.9,9.7,6.46,28.08,27.0,-1.08,250.0,0.11,6.69,17.97,18.0,0.03,153.0,0.12,6.69,22.71,19.0,-3.71,167.0,0.14,6.46,23.01,33.0,9.99,223.0,0.1,6.46,15,4,7,1,1,10,1,5,2,2,11,1,4,3,2,23,2,6,2,1,28,1,54,407,14,1,63,344,19,0,56,350,21,1,66,428,29,3,0,3,31,5,0,4,0.38,0.23,0.38,0.39,0.22,0.39,0.15,0.71,0.14,0.14,0.69,0.17,0.23,0.57,0.2,0.16,0.69,0.15,0.12,0.59,0.29,0.07,0.61,0.32,0.11,0.58,0.31,0.04,0.6,0.35,0.26,0.41,0.34,0.3,0.43,0.27,14.7,4.2,1.8,8.6,6.69,1.6,0.4,1.1,0.1,6.69,456.6,23.0,30.4,337.7,65.5,6.69,10.9,1.9,8.9,6.69,0.6,0.1,0.0,0.1,0.0,0.6,1.2,6.69,8.6,7.4,16.1,6.69,17.6,9.8,27.4,6.69,11.1,6.69,18.1,6.69,2.1,0.9,9.5,6.69,1.8,6.69,11.0,11.7,6.69,1.9,0.1,6.69,2.0,0.1,1.3,0.6,6.69,14.7,9.6,6.69,38.8,21.0,17.8,6.69,9.8,3.0,1.1,5.7,6.46,1.2,0.4,0.7,0.1,6.46,401.1,21.2,34.4,285.4,60.1,6.46,7.2,1.3,5.9,6.46,0.3,0.0,0.1,0.0,0.1,0.2,0.6,6.46,8.7,5.9,14.6,6.46,18.6,11.1,29.7,6.46,10.8,6.46,21.6,6.46,3.7,1.8,9.6,6.46,2.2,6.46,9.7,11.8,6.46,2.1,0.1,6.46,2.6,0.0,1.8,0.8,6.46,13.8,7.3,6.46,36.5,18.1,18.4,6.46,Bundesliga,2022-2023
Freiburg,28,14.1,0.493,0.779,21.1,6.76,27,1,23,10.6,0.466,0.759,22.9,6.58,33,1,12.0,15.9,9.0,12.2,1.9,6.76,14.1,13.4,10.1,11.6,1.4,6.58,14.1,6.3,7.3,11.8,6.76,10.6,4.2,5.4,13.2,6.58,30.14,28.0,-2.14,239.0,0.13,6.76,23.58,13.0,-10.58,204.0,0.12,6.76,19.28,23.0,3.72,181.0,0.11,6.58,26.1,31.0,4.9,240.0,0.11,6.58,14,2,7,5,0,11,0,0,2,0,11,0,10,2,0,18,3,7,3,0,18,1,61,375,15,2,58,393,15,0,63,346,18,1,56,409,21,2,0,5,27,2,0,6,0.34,0.3,0.37,0.31,0.32,0.37,0.19,0.69,0.12,0.12,0.69,0.19,0.22,0.63,0.15,0.22,0.63,0.15,0.08,0.59,0.34,0.07,0.61,0.32,0.1,0.59,0.31,0.07,0.61,0.33,0.26,0.42,0.31,0.3,0.42,0.29,14.1,4.8,1.1,8.2,6.76,1.6,0.2,1.2,0.2,6.76,431.0,28.7,31.1,307.1,64.2,6.76,9.8,2.1,7.8,6.76,0.4,0.1,0.0,0.0,0.0,0.7,1.1,6.76,8.9,7.3,16.2,6.76,15.9,6.8,22.7,6.76,9.0,6.76,15.6,6.76,2.8,1.4,8.0,6.76,1.9,6.76,11.8,12.2,6.76,1.6,0.1,6.76,2.8,0.0,1.9,0.9,6.76,13.8,7.0,6.76,41.1,21.1,20.0,6.76,10.6,3.3,1.1,6.3,6.58,1.4,0.4,0.8,0.1,6.58,404.6,28.3,33.5,278.6,64.2,6.58,7.2,1.5,5.6,6.58,0.4,0.2,0.0,0.0,0.0,0.5,0.9,6.58,6.8,5.4,12.2,6.58,13.4,7.3,20.7,6.58,10.1,6.58,18.8,6.58,3.5,0.9,7.8,6.58,1.4,6.58,13.2,11.6,6.58,1.9,0.1,6.58,3.4,0.2,2.0,1.2,6.58,12.4,7.1,6.58,43.5,22.9,20.6,6.58,Bundesliga,2022-2023
Hertha Berlin,24,12.1,0.413,0.693,20.1,6.6,37,0,18,10.5,0.412,0.731,17.5,6.42,43,1,12.3,18.1,11.5,12.0,1.7,6.6,15.6,15.8,10.1,12.8,1.6,6.42,12.1,4.1,10.3,12.5,6.6,10.5,3.8,8.7,10.6,6.42,22.09,24.0,1.91,206.0,0.11,6.6,26.28,27.0,0.72,209.0,0.13,6.6,20.16,18.0,-2.16,178.0,0.11,6.42,33.09,42.0,8.91,266.0,0.12,6.42,13,1,5,5,0,16,2,8,1,0,11,3,2,2,0,22,4,12,4,0,16,1,59,269,19,1,62,408,15,1,56,292,20,2,62,434,20,1,0,16,36,2,0,7,0.36,0.28,0.36,0.34,0.28,0.38,0.18,0.64,0.18,0.18,0.69,0.13,0.19,0.63,0.18,0.17,0.7,0.14,0.06,0.54,0.4,0.07,0.68,0.25,0.08,0.6,0.31,0.1,0.6,0.3,0.27,0.44,0.29,0.31,0.43,0.26,12.1,4.8,0.7,6.6,6.6,1.4,0.2,0.9,0.3,6.6,323.4,22.6,35.8,201.3,63.6,6.6,7.7,1.8,5.9,6.6,0.4,0.1,0.1,0.1,0.0,0.3,0.9,6.6,11.6,10.3,21.9,6.6,18.1,7.3,25.4,6.6,11.5,6.6,20.5,6.6,3.6,2.5,8.4,6.6,1.7,6.6,12.5,12.0,6.6,2.2,0.0,6.6,2.2,0.2,1.5,0.5,6.6,15.7,9.0,6.6,41.0,20.1,20.9,6.6,10.5,3.3,0.9,6.3,6.42,1.1,0.1,0.9,0.0,6.42,341.3,22.1,33.0,227.3,58.9,6.42,6.8,1.5,5.3,6.42,0.2,0.0,0.0,0.0,0.0,0.3,0.5,6.42,11.2,8.7,19.9,6.42,15.8,8.6,24.4,6.42,10.1,6.42,22.5,6.42,4.2,1.7,8.3,6.42,1.6,6.42,10.6,12.8,6.42,2.5,0.1,6.42,3.8,0.5,2.5,0.9,6.42,14.9,8.7,6.42,38.1,17.5,20.6,6.42,Bundesliga,2022-2023
Hoffenheim,28,14.5,0.483,0.771,16.5,6.63,35,2,20,9.4,0.477,0.771,16.1,6.47,39,3,13.1,16.9,8.4,13.4,2.6,6.63,15.2,15.1,8.4,14.3,1.9,6.47,14.5,5.5,7.6,10.4,6.63,9.4,2.6,7.1,11.3,6.47,31.31,27.0,-4.31,247.0,0.13,6.63,24.81,28.0,3.19,223.0,0.11,6.63,17.68,19.0,1.32,160.0,0.11,6.47,26.82,28.0,1.18,258.0,0.1,6.47,16,3,3,5,1,14,6,6,2,1,14,2,1,2,1,17,2,9,0,0,19,1,60,351,18,1,63,378,16,0,61,361,21,1,58,401,23,5,0,9,33,2,0,10,0.33,0.27,0.4,0.33,0.24,0.42,0.15,0.66,0.19,0.16,0.68,0.16,0.14,0.7,0.16,0.19,0.64,0.16,0.08,0.59,0.34,0.08,0.61,0.31,0.07,0.58,0.35,0.05,0.63,0.32,0.27,0.42,0.3,0.31,0.43,0.27,14.5,4.9,1.1,8.5,6.63,1.6,0.4,1.2,0.0,6.63,404.7,28.4,30.8,283.5,62.0,6.63,10.5,2.1,8.4,6.63,0.3,0.1,0.0,0.0,0.0,0.7,1.0,6.63,9.8,7.6,17.4,6.63,16.9,6.6,23.5,6.63,8.4,6.63,17.6,6.63,2.9,1.5,9.1,6.63,2.6,6.63,10.4,13.4,6.63,2.1,0.1,6.63,3.2,0.2,2.1,0.8,6.63,15.1,8.2,6.63,34.1,16.5,17.6,6.63,9.4,3.3,0.6,5.5,6.47,1.2,0.2,0.7,0.2,6.47,416.3,26.5,33.8,294.6,61.4,6.47,6.8,1.1,5.7,6.47,0.2,0.0,0.0,0.1,0.0,0.5,0.8,6.47,9.5,7.1,16.6,6.47,15.1,7.4,22.4,6.47,8.4,6.47,19.9,6.47,4.1,1.1,9.1,6.47,1.9,6.47,11.3,14.3,6.47,2.3,0.2,6.47,3.0,0.1,1.9,1.1,6.47,17.4,6.9,6.47,31.5,16.1,15.4,6.47,Bundesliga,2022-2023
Mainz 05,31,13.4,0.462,0.719,22.1,6.63,28,0,23,11.4,0.416,0.707,21.6,6.58,41,1,10.5,17.3,11.6,13.5,2.4,6.63,15.4,14.9,13.8,14.5,1.9,6.58,13.4,5.3,6.2,10.4,6.63,11.4,4.2,7.0,9.3,6.58,24.99,31.0,6.01,227.0,0.11,6.63,20.63,25.0,4.37,178.0,0.12,6.63,23.7,23.0,-0.7,193.0,0.12,6.58,33.25,30.0,-3.25,262.0,0.13,6.58,20,0,10,1,0,13,4,6,2,0,14,0,6,3,0,24,2,2,2,0,19,1,70,332,14,1,70,404,17,1,67,299,21,1,65,449,18,4,0,6,30,2,0,10,0.33,0.29,0.38,0.34,0.28,0.38,0.17,0.68,0.15,0.18,0.66,0.16,0.06,0.79,0.15,0.19,0.69,0.13,0.08,0.62,0.3,0.05,0.51,0.44,0.1,0.59,0.32,0.09,0.6,0.32,0.25,0.43,0.32,0.29,0.44,0.26,13.4,4.0,1.1,8.2,6.63,1.8,0.6,1.1,0.1,6.63,396.2,29.1,39.5,255.8,71.8,6.63,8.9,1.3,7.6,6.63,0.1,0.1,0.2,0.0,0.0,0.7,1.0,6.63,8.8,6.2,14.9,6.63,17.3,8.6,25.9,6.63,11.6,6.63,16.2,6.63,2.6,1.5,10.0,6.63,2.4,6.63,10.4,13.5,6.63,1.6,0.0,6.63,2.4,0.2,1.2,1.0,6.63,16.3,7.7,6.63,44.2,22.1,22.1,6.63,11.4,3.6,1.1,6.6,6.58,1.4,0.4,0.8,0.2,6.58,358.5,25.0,40.4,228.4,64.8,6.58,7.5,1.2,6.2,6.58,0.5,0.2,0.0,0.0,0.0,0.4,0.9,6.58,7.2,7.0,14.2,6.58,14.9,8.4,23.3,6.58,13.8,6.58,21.2,6.58,3.2,1.3,8.9,6.58,1.9,6.58,9.3,14.5,6.58,2.4,0.1,6.58,3.4,0.2,2.3,0.9,6.58,16.2,7.1,6.58,41.4,21.6,19.7,6.58,Bundesliga,2022-2023
RB Leipzig,38,13.4,0.562,0.832,12.5,6.78,31,1,26,16.2,0.606,0.839,13.5,6.67,36,1,8.7,15.4,9.5,11.6,2.8,6.78,9.8,16.1,8.8,11.6,1.9,6.67,13.4,5.7,9.6,12.1,6.78,16.2,5.6,10.6,11.6,6.67,34.14,38.0,3.86,228.0,0.15,6.78,17.86,16.0,-1.86,148.0,0.12,6.78,31.57,26.0,-5.57,276.0,0.11,6.67,20.09,23.0,2.91,166.0,0.12,6.67,25,2,7,4,0,9,0,4,3,2,15,4,5,2,0,10,3,6,4,0,12,3,55,499,14,1,57,371,17,3,52,522,14,1,57,315,19,4,0,9,27,3,0,8,0.38,0.26,0.36,0.39,0.27,0.35,0.21,0.65,0.13,0.15,0.71,0.15,0.16,0.7,0.14,0.17,0.61,0.22,0.07,0.62,0.31,0.09,0.61,0.29,0.08,0.56,0.36,0.06,0.52,0.42,0.27,0.45,0.28,0.27,0.43,0.3,13.4,4.1,0.9,8.4,6.78,2.2,0.5,1.5,0.3,6.78,549.8,27.4,27.6,430.0,64.8,6.78,9.8,1.4,8.4,6.78,0.4,0.1,0.2,0.1,0.0,1.0,1.5,6.78,9.9,9.6,19.5,6.78,15.4,8.2,23.5,6.78,9.5,6.78,12.6,6.78,2.6,1.2,9.9,6.78,2.8,6.78,12.1,11.6,6.78,1.8,0.1,6.78,1.9,0.0,1.4,0.6,6.78,15.5,8.6,6.78,25.5,12.5,13.0,6.78,16.2,5.9,1.2,9.1,6.67,1.5,0.2,1.1,0.2,6.67,570.2,27.2,24.6,451.2,67.2,6.67,12.4,2.4,10.0,6.67,0.1,0.1,0.1,0.0,0.0,0.6,0.8,6.67,10.8,10.6,21.5,6.67,16.1,7.0,23.1,6.67,8.8,6.67,18.4,6.67,2.9,1.3,9.8,6.67,1.9,6.67,11.6,11.6,6.67,2.1,0.1,6.67,1.9,0.2,1.4,0.4,6.67,15.4,9.9,6.67,26.1,13.5,12.5,6.67,Bundesliga,2022-2023
Schalke 04,23,13.9,0.456,0.712,19.6,6.52,36,0,12,11.1,0.448,0.723,21.5,6.44,32,1,13.6,15.9,9.2,12.8,2.1,6.52,15.4,15.9,8.8,12.3,2.0,6.44,13.9,4.6,5.9,12.1,6.52,11.1,3.1,5.7,10.9,6.44,22.39,22.0,-0.39,237.0,0.09,6.52,29.35,36.0,6.65,232.0,0.13,6.52,17.95,10.0,-7.95,189.0,0.09,6.44,29.86,34.0,4.14,262.0,0.11,6.44,13,3,4,2,1,23,5,5,3,0,4,0,4,2,2,27,0,5,2,1,24,1,63,277,17,1,60,356,21,1,62,291,20,1,64,376,25,3,0,8,24,4,0,5,0.4,0.27,0.33,0.38,0.26,0.36,0.18,0.71,0.11,0.17,0.68,0.15,0.14,0.71,0.15,0.17,0.67,0.16,0.05,0.57,0.38,0.06,0.65,0.28,0.07,0.58,0.35,0.06,0.61,0.32,0.28,0.41,0.3,0.31,0.41,0.29,13.9,5.3,0.8,7.9,6.52,1.4,0.1,0.9,0.2,6.52,335.0,27.1,35.1,211.3,61.5,6.52,8.9,2.2,6.8,6.52,0.3,0.0,0.1,0.1,0.0,0.5,0.9,6.52,9.8,5.9,15.7,6.52,15.9,9.5,25.4,6.52,9.2,6.52,19.2,6.52,3.2,1.2,8.8,6.52,2.1,6.52,12.1,12.8,6.52,2.1,0.0,6.52,3.2,0.1,2.2,1.0,6.52,14.4,7.1,6.52,40.4,19.6,20.8,6.52,11.1,3.9,0.8,6.4,6.44,0.7,0.1,0.5,0.0,6.44,348.0,25.6,35.6,225.9,60.8,6.44,7.7,1.6,6.1,6.44,0.1,0.1,0.0,0.1,0.0,0.3,0.5,6.44,8.9,5.7,14.6,6.44,15.9,8.1,24.1,6.44,8.8,6.44,21.1,6.44,3.2,1.6,8.1,6.44,2.0,6.44,10.9,12.3,6.44,1.9,0.1,6.44,4.0,0.1,2.9,1.0,6.44,15.8,9.1,6.44,44.4,21.5,22.9,6.44,Bundesliga,2022-2023
Union Berlin,30,12.8,0.422,0.723,23.5,6.8,25,1,21,9.6,0.436,0.748,21.9,6.46,38,1,11.5,15.9,8.2,13.8,2.1,6.8,11.4,13.1,7.2,12.4,1.5,6.46,12.8,4.0,6.1,10.0,6.8,9.6,3.1,4.6,10.3,6.46,19.97,29.0,9.03,218.0,0.09,6.8,18.28,11.0,-7.28,196.0,0.09,6.8,16.23,20.0,3.77,163.0,0.1,6.46,24.83,27.0,2.17,194.0,0.13,6.46,15,5,9,0,1,2,2,4,3,0,6,2,9,3,1,16,4,3,4,0,24,1,68,297,17,1,63,450,18,1,65,330,18,1,61,454,18,1,0,8,27,1,0,11,0.39,0.25,0.36,0.36,0.26,0.38,0.2,0.68,0.12,0.12,0.67,0.21,0.16,0.68,0.16,0.18,0.71,0.11,0.08,0.61,0.32,0.06,0.59,0.35,0.03,0.59,0.38,0.09,0.56,0.35,0.27,0.44,0.29,0.29,0.44,0.27,12.8,4.1,1.0,7.8,6.8,1.8,0.5,1.0,0.2,6.8,359.8,28.6,38.5,231.4,61.2,6.8,9.1,2.2,6.9,6.8,0.5,0.2,0.3,0.1,0.0,0.6,1.5,6.8,6.6,6.1,12.7,6.8,15.9,8.4,24.3,6.8,8.2,6.8,20.5,6.8,3.5,0.9,7.2,6.8,2.1,6.8,10.0,13.8,6.8,1.5,0.1,6.8,3.0,0.2,2.0,0.8,6.8,12.2,7.1,6.8,44.6,23.5,21.1,6.8,9.6,3.6,0.3,5.6,6.46,1.2,0.1,0.9,0.2,6.46,390.1,26.6,37.7,265.0,60.7,6.46,7.0,1.5,5.5,6.46,0.2,0.2,0.0,0.1,0.0,0.4,0.6,6.46,7.1,4.6,11.7,6.46,13.1,8.5,21.6,6.46,7.2,6.46,19.7,6.46,2.4,1.4,7.8,6.46,1.5,6.46,10.3,12.4,6.46,2.2,0.1,6.46,3.2,0.4,1.9,0.9,6.46,13.4,7.3,6.46,45.6,21.9,23.7,6.46,Bundesliga,2022-2023
VfB Stuttgart,23,15.4,0.506,0.817,17.4,6.64,30,3,22,11.8,0.497,0.801,15.0,6.5,34,2,12.2,14.6,10.1,9.5,1.9,6.64,11.4,16.4,8.1,10.8,1.4,6.5,15.4,4.4,10.1,12.2,6.64,11.8,4.5,9.8,11.7,6.5,26.81,23.0,-3.81,261.0,0.1,6.64,23.01,22.0,-1.01,207.0,0.11,6.64,23.75,22.0,-1.75,201.0,0.12,6.5,25.71,34.0,8.29,194.0,0.13,6.5,16,0,4,3,0,13,1,5,3,0,12,5,3,2,0,23,1,7,3,1,20,1,58,413,18,0,57,405,16,1,58,391,16,1,58,397,20,8,0,8,25,3,0,9,0.38,0.27,0.35,0.39,0.27,0.34,0.14,0.68,0.18,0.24,0.6,0.16,0.16,0.65,0.18,0.16,0.67,0.16,0.09,0.58,0.33,0.06,0.55,0.39,0.09,0.53,0.37,0.1,0.58,0.32,0.29,0.44,0.28,0.3,0.43,0.26,15.4,5.1,1.4,8.9,6.64,1.4,0.1,1.0,0.2,6.64,464.8,30.2,27.0,349.5,58.1,6.64,12.2,2.5,9.7,6.64,0.3,0.1,0.2,0.0,0.0,0.5,1.0,6.64,11.5,10.1,21.5,6.64,14.6,7.8,22.4,6.64,10.1,6.64,19.0,6.64,3.4,1.4,8.3,6.64,1.9,6.64,12.2,9.5,6.64,1.8,0.2,6.64,2.8,0.0,1.5,1.2,6.64,16.9,9.4,6.64,31.3,17.4,13.9,6.64,11.8,4.4,1.1,6.3,6.5,1.3,0.4,0.6,0.3,6.5,443.4,29.6,28.1,325.5,60.1,6.5,9.0,2.3,6.7,6.5,0.2,0.1,0.1,0.0,0.0,0.6,1.0,6.5,11.9,9.8,21.6,6.5,16.4,7.3,23.7,6.5,8.1,6.5,18.5,6.5,3.3,1.0,9.8,6.5,1.4,6.5,11.7,10.8,6.5,2.0,0.1,6.5,2.5,0.1,1.6,0.9,6.5,16.2,10.4,6.5,29.0,15.0,14.0,6.5,Bundesliga,2022-2023
Werder Bremen,26,11.5,0.518,0.771,20.3,6.6,36,0,25,10.2,0.471,0.755,17.2,6.56,40,1,11.9,16.4,9.1,11.6,1.8,6.6,16.2,18.6,9.8,13.5,2.0,6.56,11.5,4.8,6.9,11.2,6.6,10.2,3.5,6.8,10.5,6.56,22.75,25.0,2.25,196.0,0.12,6.6,22.13,28.0,5.87,202.0,0.11,6.6,18.86,25.0,6.14,173.0,0.11,6.56,32.5,34.0,1.5,275.0,0.12,6.56,15,1,6,3,1,22,3,3,0,0,20,1,2,2,0,24,4,4,2,2,17,1,75,405,17,1,64,381,14,1,70,353,20,2,57,414,22,7,0,7,31,1,0,9,0.3,0.3,0.39,0.28,0.32,0.4,0.13,0.74,0.14,0.21,0.61,0.18,0.14,0.75,0.11,0.18,0.66,0.15,0.05,0.6,0.35,0.08,0.56,0.35,0.05,0.62,0.33,0.06,0.56,0.38,0.29,0.46,0.26,0.3,0.45,0.25,11.5,4.1,0.5,6.9,6.6,1.5,0.1,1.3,0.1,6.6,474.0,36.8,37.5,328.8,70.9,6.6,8.8,1.5,7.4,6.6,0.4,0.0,0.1,0.1,0.0,0.7,1.1,6.6,7.7,6.9,14.6,6.6,16.4,8.8,25.1,6.6,9.1,6.6,20.8,6.6,2.6,1.5,8.2,6.6,1.8,6.6,11.2,11.6,6.6,2.1,0.0,6.6,2.8,0.2,1.6,0.9,6.6,14.6,7.5,6.6,39.5,20.3,19.2,6.6,10.2,3.4,0.5,6.3,6.56,1.5,0.1,1.2,0.2,6.56,418.4,32.4,37.1,283.5,65.5,6.56,7.3,1.3,6.0,6.56,0.3,0.1,0.2,0.0,0.0,0.5,1.0,6.56,8.9,6.8,15.8,6.56,18.6,9.9,28.5,6.56,9.8,6.56,23.5,6.56,3.4,1.5,7.6,6.56,2.0,6.56,10.5,13.5,6.56,2.4,0.1,6.56,4.4,0.1,2.7,1.6,6.56,14.9,7.0,6.56,34.8,17.2,17.6,6.56,Bundesliga,2022-2023
Wolfsburg,34,14.7,0.536,0.819,14.6,6.71,30,0,23,9.3,0.474,0.763,16.5,6.6,33,0,11.5,15.2,8.6,11.5,1.4,6.71,16.1,16.7,8.5,11.5,1.5,6.6,14.7,5.3,7.8,13.0,6.71,9.3,3.3,7.3,13.5,6.6,30.08,34.0,3.92,250.0,0.12,6.71,21.5,22.0,0.5,196.0,0.11,6.71,20.92,21.0,0.08,158.0,0.13,6.6,28.84,23.0,-5.84,273.0,0.11,6.6,25,0,8,1,0,15,1,4,2,3,9,3,6,3,2,18,0,3,2,0,19,1,60,423,15,2,60,361,15,1,65,323,22,2,64,363,23,3,0,4,28,2,0,3,0.35,0.27,0.39,0.4,0.23,0.37,0.14,0.7,0.16,0.15,0.71,0.15,0.21,0.62,0.17,0.21,0.65,0.14,0.07,0.61,0.32,0.08,0.55,0.37,0.08,0.62,0.3,0.1,0.53,0.37,0.27,0.42,0.31,0.32,0.41,0.28,14.7,4.8,1.0,8.9,6.71,2.0,0.2,1.6,0.2,6.71,478.8,31.8,27.2,360.5,59.2,6.71,10.9,1.4,9.5,6.71,0.6,0.0,0.3,0.2,0.0,0.9,1.8,6.71,10.3,7.8,18.1,6.71,15.2,8.3,23.5,6.71,8.6,6.71,16.9,6.71,2.9,0.9,10.1,6.71,1.4,6.71,13.0,11.5,6.71,1.8,0.0,6.71,2.2,0.2,1.2,0.8,6.71,16.2,8.2,6.71,30.9,14.6,16.4,6.71,9.3,2.8,0.8,5.8,6.6,1.4,0.2,0.9,0.1,6.6,381.9,29.0,35.0,262.4,55.5,6.6,6.9,1.6,5.3,6.6,0.2,0.1,0.1,0.1,0.0,0.5,0.8,6.6,9.9,7.3,17.2,6.6,16.7,6.9,23.6,6.6,8.5,6.6,22.2,6.6,3.9,1.9,9.2,6.6,1.5,6.6,13.5,11.5,6.6,1.9,0.0,6.6,3.8,0.4,1.9,1.5,6.6,16.7,7.8,6.6,32.7,16.5,16.2,6.6,Bundesliga,2022-2023
Arminia Bielefeld,15,11.1,0.416,0.719,22.6,6.54,35,0,12,10.3,0.382,0.714,16.6,6.46,18,2,13.5,16.5,10.8,13.2,1.6,6.54,17.5,15.8,13.9,12.2,1.6,6.46,11.1,3.6,8.5,9.5,6.54,10.3,3.1,8.2,8.5,6.46,,,,,,,,,,,,,,,,,,,,,,,,,11,0,2,2,0,15,1,3,3,1,8,1,2,0,1,18,1,6,4,1,16,1,69,304,19,2,68,458,13,1,63,284,22,2,61,501,30,0,0,5,15,1,0,5,0.35,0.26,0.39,0.36,0.27,0.37,0.14,0.62,0.24,0.13,0.74,0.13,0.19,0.64,0.18,0.12,0.72,0.17,0.03,0.53,0.44,0.12,0.61,0.27,0.05,0.51,0.45,0.07,0.64,0.28,0.27,0.44,0.3,0.3,0.42,0.27,11.1,4.9,0.4,5.8,6.54,0.9,0.1,0.6,0.2,6.54,368.4,31.1,36.8,233.8,66.8,6.54,7.6,1.5,6.2,6.54,0.1,0.0,0.1,0.0,0.0,0.4,0.6,6.54,7.4,8.5,15.9,6.54,16.5,7.9,24.4,6.54,10.8,6.54,19.6,6.54,2.5,1.0,8.6,6.54,1.6,6.54,9.5,13.2,6.54,2.1,0.0,6.54,3.3,0.6,1.9,0.8,6.54,19.0,9.9,6.54,44.8,22.6,22.2,6.54,10.3,4.6,0.5,5.2,6.46,0.7,0.1,0.5,0.1,6.46,345.2,26.0,36.9,220.5,61.8,6.46,6.9,1.2,5.7,6.46,0.2,0.0,0.1,0.1,0.0,0.1,0.4,6.46,9.3,8.2,17.5,6.46,15.8,10.0,25.8,6.46,13.9,6.46,23.9,6.46,4.0,1.1,8.1,6.46,1.6,6.46,8.5,12.2,6.46,1.1,0.1,6.46,4.3,0.2,2.7,1.4,6.46,17.4,8.1,6.46,37.9,16.6,21.4,6.46,Bundesliga,2021-2022
Augsburg,25,11.4,0.416,0.726,16.4,6.55,30,0,14,10.2,0.397,0.713,16.8,6.47,44,0,13.5,16.0,10.4,13.1,2.6,6.55,15.1,16.9,10.9,13.3,1.7,6.47,11.4,4.1,8.7,11.1,6.55,10.2,3.3,6.7,9.9,6.47,,,,,,,,,,,,,,,,,,,,,,,,,14,0,7,4,0,15,3,5,1,2,11,0,2,1,0,22,1,3,4,0,20,1,68,273,20,1,57,428,16,1,69,275,21,2,61,463,20,2,0,8,37,3,0,4,0.35,0.23,0.42,0.35,0.24,0.41,0.15,0.67,0.18,0.13,0.71,0.17,0.19,0.64,0.17,0.19,0.65,0.16,0.11,0.57,0.32,0.09,0.57,0.35,0.06,0.54,0.4,0.08,0.59,0.33,0.29,0.42,0.29,0.31,0.43,0.27,11.4,3.6,1.3,6.5,6.55,1.5,0.4,0.9,0.2,6.55,334.1,30.9,35.5,211.7,55.9,6.55,8.3,2.0,6.3,6.55,0.3,0.2,0.1,0.0,0.0,0.7,1.1,6.55,8.2,8.7,16.9,6.55,16.0,10.1,26.1,6.55,10.4,6.55,20.2,6.55,3.5,1.4,7.6,6.55,2.6,6.55,11.1,13.1,6.55,1.8,0.0,6.55,2.6,0.2,1.8,0.7,6.55,16.5,9.9,6.55,33.7,16.4,17.3,6.55,10.2,4.1,0.6,5.5,6.47,0.8,0.1,0.6,0.1,6.47,338.9,28.8,38.8,212.9,58.5,6.47,7.2,1.6,5.6,6.47,0.3,0.1,0.0,0.0,0.0,0.2,0.5,6.47,6.4,6.7,13.1,6.47,16.9,9.6,26.5,6.47,10.9,6.47,23.2,6.47,3.4,1.4,8.9,6.47,1.7,6.47,9.9,13.3,6.47,2.6,0.0,6.47,3.4,0.2,2.2,0.9,6.47,18.6,7.6,6.47,35.4,16.8,18.6,6.47,Bundesliga,2021-2022
Bayer Leverkusen,39,14.6,0.571,0.844,13.2,6.81,32,1,41,12.4,0.503,0.788,13.0,6.74,32,1,12.6,13.5,9.3,10.4,2.1,6.81,14.2,14.9,11.9,11.0,1.7,6.74,14.6,6.0,13.4,9.7,6.81,12.4,5.3,10.2,9.6,6.74,,,,,,,,,,,,,1.65,4.0,2.35,10.0,0.17,6.74,1.69,1.0,-0.69,14.0,0.12,6.74,32,3,4,0,0,16,0,6,1,0,24,4,7,2,4,13,1,8,1,1,19,2,53,487,13,1,54,353,13,3,61,399,20,2,52,396,24,5,0,5,21,2,0,10,0.35,0.28,0.38,0.39,0.26,0.35,0.17,0.68,0.15,0.19,0.65,0.15,0.16,0.71,0.12,0.18,0.72,0.1,0.06,0.62,0.32,0.09,0.56,0.35,0.09,0.64,0.27,0.08,0.53,0.38,0.27,0.45,0.27,0.33,0.45,0.23,14.6,4.7,0.9,9.1,6.81,2.3,0.2,1.9,0.2,6.81,535.4,27.2,25.2,424.4,58.6,6.81,11.9,1.6,10.3,6.81,0.5,0.0,0.2,0.1,0.0,1.2,1.9,6.81,10.2,13.4,23.5,6.81,13.5,7.8,21.3,6.81,9.3,6.81,14.6,6.81,2.5,1.1,7.1,6.81,2.1,6.81,9.7,10.4,6.81,1.9,0.1,6.81,3.6,0.1,2.1,1.4,6.81,18.6,9.4,6.81,24.2,13.2,11.0,6.81,12.4,3.4,1.1,7.9,6.74,2.4,0.4,1.5,0.3,6.74,454.4,26.9,32.8,331.3,63.4,6.74,8.8,1.5,7.3,6.74,0.4,0.1,0.4,0.0,0.0,0.9,1.6,6.74,7.8,10.2,18.0,6.74,14.9,8.1,23.0,6.74,11.9,6.74,20.3,6.74,3.5,1.2,7.5,6.74,1.7,6.74,9.6,11.0,6.74,1.9,0.1,6.74,3.2,0.2,1.7,1.2,6.74,17.1,7.9,6.74,26.6,13.0,13.6,6.74,Bundesliga,2021-2022
Bayern Munich,48,19.7,0.663,0.867,12.1,7.0,17,1,49,19.9,0.633,0.854,12.9,6.96,19,1,8.9,16.6,9.5,9.1,2.3,7.0,9.8,16.5,11.0,8.8,2.2,6.96,19.7,7.7,15.2,10.8,7.0,19.9,7.9,13.8,10.0,6.96,,,,,,,,,,,,,,,,,,,,,,,,,33,1,9,2,3,9,1,3,1,1,29,6,9,3,2,19,1,1,1,0,20,4,52,635,12,1,56,294,19,3,54,569,14,1,57,303,16,0,0,2,16,2,0,2,0.32,0.31,0.37,0.34,0.3,0.36,0.14,0.73,0.13,0.18,0.64,0.18,0.11,0.71,0.17,0.2,0.63,0.17,0.1,0.61,0.29,0.09,0.55,0.36,0.09,0.59,0.32,0.07,0.6,0.33,0.23,0.42,0.34,0.24,0.43,0.33,19.7,5.7,2.1,11.9,7.0,2.8,0.6,1.8,0.2,7.0,682.9,31.8,19.9,560.1,71.1,7.0,15.0,1.5,13.5,7.0,0.2,0.1,0.2,0.0,0.0,1.7,2.1,7.0,9.6,15.2,24.8,7.0,16.6,9.3,25.9,7.0,9.5,7.0,9.9,7.0,2.2,1.0,9.2,7.0,2.3,7.0,10.8,9.1,7.0,1.0,0.1,7.0,2.0,0.1,1.2,0.7,7.0,18.0,9.5,7.0,24.2,12.1,12.2,7.0,19.9,6.4,1.8,11.7,6.96,2.9,0.4,2.2,0.2,6.96,618.1,30.4,21.6,497.2,68.9,6.96,15.4,1.7,13.7,6.96,0.5,0.2,0.3,0.1,0.0,1.4,2.2,6.96,10.4,13.8,24.2,6.96,16.5,8.4,24.9,6.96,11.0,6.96,12.2,6.96,1.8,1.1,6.7,6.96,2.2,6.96,10.0,8.8,6.96,1.1,0.1,6.96,2.5,0.1,1.5,0.8,6.96,17.2,10.4,6.96,24.1,12.9,11.2,6.96,Bundesliga,2021-2022
Bochum,21,13.6,0.473,0.732,20.1,6.7,18,0,17,10.6,0.419,0.709,17.4,6.46,35,2,12.3,16.6,13.2,11.6,2.4,6.7,15.9,17.7,12.3,13.3,2.1,6.46,13.6,4.7,7.6,12.8,6.7,10.6,3.5,6.2,10.4,6.46,,,,,,,,,,,,,,,,,,,,,,,,,11,4,3,2,1,7,1,5,1,1,8,2,5,2,0,21,1,6,4,3,19,1,80,289,15,1,60,356,15,1,81,273,19,2,64,427,16,1,0,3,24,1,0,12,0.42,0.25,0.33,0.41,0.24,0.35,0.14,0.67,0.19,0.19,0.68,0.13,0.17,0.65,0.18,0.12,0.72,0.16,0.05,0.53,0.42,0.06,0.57,0.37,0.08,0.54,0.38,0.09,0.58,0.32,0.28,0.42,0.3,0.31,0.42,0.26,13.6,5.8,0.7,7.2,6.7,1.3,0.2,0.9,0.2,6.7,387.8,40.4,43.1,243.6,60.8,6.7,8.9,1.8,7.1,6.7,0.1,0.0,0.1,0.0,0.0,0.5,0.7,6.7,6.0,7.6,13.6,6.7,16.6,8.3,24.9,6.7,13.2,6.7,17.4,6.7,3.7,0.6,7.8,6.7,2.4,6.7,12.8,11.6,6.7,1.1,0.0,6.7,2.9,0.2,1.6,1.2,6.7,18.1,8.1,6.7,39.6,20.1,19.5,6.7,10.6,4.0,0.9,5.8,6.46,1.0,0.2,0.6,0.2,6.46,349.4,36.2,43.4,211.5,58.3,6.46,7.9,1.5,6.4,6.46,0.4,0.1,0.1,0.1,0.0,0.2,0.6,6.46,7.1,6.2,13.3,6.46,17.7,9.6,27.4,6.46,12.3,6.46,18.5,6.46,3.5,1.5,10.4,6.46,2.1,6.46,10.4,13.3,6.46,2.1,0.1,6.46,4.6,0.3,3.1,1.2,6.46,17.5,8.9,6.46,34.6,17.4,17.2,6.46,Bundesliga,2021-2022
Borussia Dortmund,52,14.8,0.616,0.849,13.3,6.85,26,0,33,11.9,0.572,0.829,11.6,6.68,35,1,10.1,17.1,10.9,9.6,2.2,6.85,11.8,14.8,9.5,11.6,2.1,6.68,14.8,5.9,10.5,11.4,6.85,11.9,4.6,10.2,12.0,6.68,3.76,4.0,0.24,25.0,0.15,6.85,2.59,5.0,2.41,15.0,0.17,6.85,,,,,,,,,,,,,28,7,8,7,2,14,3,5,4,2,23,0,4,4,2,16,2,4,2,0,15,2,49,550,14,1,60,309,14,2,52,514,16,1,60,358,22,0,0,4,26,4,0,7,0.4,0.25,0.34,0.36,0.27,0.37,0.17,0.71,0.12,0.12,0.72,0.16,0.16,0.69,0.16,0.15,0.64,0.22,0.08,0.63,0.29,0.06,0.68,0.26,0.1,0.59,0.31,0.1,0.54,0.37,0.26,0.44,0.3,0.28,0.45,0.27,14.8,4.4,1.2,9.2,6.85,3.1,0.5,2.2,0.2,6.85,594.9,25.8,23.1,479.5,66.5,6.85,10.5,1.0,9.5,6.85,0.5,0.2,0.4,0.1,0.0,1.2,2.0,6.85,9.0,10.5,19.5,6.85,17.1,8.7,25.8,6.85,10.9,6.85,13.9,6.85,2.3,0.9,8.5,6.85,2.2,6.85,11.4,9.6,6.85,1.5,0.0,6.85,2.6,0.1,1.8,0.6,6.85,16.6,10.5,6.85,24.2,13.3,10.9,6.85,11.9,3.6,1.2,7.1,6.68,1.9,0.6,0.9,0.3,6.68,559.9,26.1,25.1,438.3,70.4,6.68,9.0,1.3,7.7,6.68,0.3,0.0,0.2,0.1,0.0,0.8,1.2,6.68,7.7,10.2,17.9,6.68,14.8,8.6,23.4,6.68,9.5,6.68,15.1,6.68,2.5,1.3,7.4,6.68,2.1,6.68,12.0,11.6,6.68,2.1,0.1,6.68,2.5,0.3,1.5,0.6,6.68,17.4,7.8,6.68,22.5,11.6,10.9,6.68,Bundesliga,2021-2022
Borussia M.Gladbach,33,16.7,0.566,0.83,13.9,6.77,36,1,19,12.8,0.515,0.808,14.7,6.56,30,0,13.2,17.8,9.3,10.5,1.9,6.77,14.8,16.8,10.4,10.6,2.4,6.56,16.7,6.2,11.6,15.5,6.77,12.8,4.6,10.1,12.3,6.56,,,,,,,,,,,,,,,,,,,,,,,,,24,2,4,3,0,17,0,9,1,0,12,1,4,2,0,25,3,4,2,0,14,3,52,483,17,2,57,348,11,2,52,400,17,1,54,367,28,2,0,7,24,2,0,5,0.3,0.31,0.39,0.3,0.31,0.39,0.15,0.67,0.18,0.11,0.69,0.2,0.17,0.62,0.21,0.15,0.7,0.15,0.08,0.59,0.33,0.14,0.56,0.31,0.05,0.63,0.31,0.1,0.56,0.35,0.28,0.46,0.26,0.29,0.45,0.25,16.7,5.6,1.3,9.8,6.77,1.9,0.2,1.5,0.2,6.77,530.7,22.9,28.6,417.4,61.8,6.77,12.6,2.0,10.6,6.77,0.3,0.1,0.4,0.0,0.0,0.6,1.4,6.77,6.5,11.6,18.1,6.77,17.8,9.5,27.4,6.77,9.3,6.77,13.5,6.77,2.7,1.5,10.3,6.77,1.9,6.77,15.5,10.5,6.77,2.1,0.1,6.77,3.5,0.6,2.0,0.9,6.77,16.5,9.8,6.77,27.5,13.9,13.6,6.77,12.8,4.0,0.7,8.1,6.56,1.2,0.3,0.9,0.0,6.56,475.4,26.3,28.3,358.0,62.9,6.56,8.9,1.4,7.6,6.56,0.1,0.1,0.3,0.0,0.0,0.4,0.8,6.56,8.8,10.1,18.9,6.56,16.8,10.5,27.3,6.56,10.4,6.56,17.9,6.56,2.8,1.5,8.5,6.56,2.4,6.56,12.3,10.6,6.56,1.9,0.0,6.56,3.6,0.2,2.1,1.3,6.56,18.3,8.9,6.56,26.6,14.7,11.9,6.56,Bundesliga,2021-2022
Eintracht Frankfurt,20,15.1,0.521,0.767,17.8,6.62,24,0,25,11.2,0.468,0.756,14.9,6.58,35,1,11.0,17.0,12.1,10.9,1.8,6.62,14.5,18.0,10.1,13.9,1.3,6.58,15.1,4.4,8.6,9.1,6.62,11.2,3.8,8.2,8.5,6.58,,,,,,,,,,,,,,,,,,,,,,,,,11,1,6,1,1,14,1,3,3,1,16,0,8,0,1,19,4,3,1,0,25,1,65,408,15,1,67,379,16,1,65,371,20,1,65,431,13,6,0,5,31,2,0,4,0.39,0.28,0.33,0.4,0.27,0.33,0.16,0.69,0.16,0.1,0.75,0.15,0.17,0.71,0.13,0.16,0.69,0.15,0.09,0.53,0.38,0.08,0.63,0.29,0.07,0.52,0.41,0.08,0.61,0.3,0.25,0.44,0.31,0.29,0.45,0.26,15.1,5.8,1.4,7.9,6.62,1.2,0.2,0.7,0.2,6.62,468.2,26.7,37.8,332.2,71.5,6.62,11.3,2.3,9.0,6.62,0.3,0.1,0.1,0.1,0.0,0.4,0.8,6.62,8.2,8.6,16.8,6.62,17.0,10.1,27.1,6.62,12.1,6.62,13.1,6.62,2.1,1.2,10.4,6.62,1.8,6.62,9.1,10.9,6.62,1.4,0.0,6.62,3.2,0.2,2.3,0.7,6.62,19.6,9.1,6.62,37.9,17.8,20.2,6.62,11.2,4.5,0.8,5.9,6.58,1.5,0.4,0.8,0.2,6.58,431.3,24.4,40.6,301.9,64.4,6.58,8.2,1.5,6.6,6.58,0.4,0.2,0.1,0.0,0.0,0.7,1.2,6.58,7.1,8.2,15.2,6.58,18.0,12.9,30.9,6.58,10.1,6.58,20.2,6.58,3.5,0.9,9.6,6.58,1.3,6.58,8.5,13.9,6.58,2.1,0.1,6.58,3.7,0.2,2.5,1.1,6.58,17.5,8.2,6.58,33.3,14.9,18.4,6.58,Bundesliga,2021-2022
FC Koln,27,14.8,0.569,0.777,18.1,6.71,30,0,25,12.7,0.527,0.772,17.5,6.6,36,1,11.6,17.2,12.1,12.2,2.2,6.71,13.7,17.9,13.0,12.4,1.7,6.6,14.8,5.2,7.4,14.2,6.71,12.7,3.7,7.5,12.8,6.6,,,,,,,,,,,,,,,,,,,,,,,,,19,3,5,0,0,15,2,3,0,1,20,0,4,1,0,13,5,9,0,1,28,1,63,397,13,1,65,291,22,1,63,372,18,1,68,325,21,3,0,6,31,4,0,3,0.37,0.23,0.4,0.38,0.24,0.38,0.15,0.72,0.13,0.18,0.65,0.17,0.13,0.7,0.16,0.18,0.67,0.15,0.11,0.6,0.3,0.08,0.57,0.35,0.08,0.58,0.33,0.08,0.61,0.31,0.27,0.42,0.31,0.31,0.41,0.28,14.8,4.4,1.6,8.8,6.71,1.6,0.6,0.9,0.1,6.71,455.3,31.6,30.4,322.1,71.1,6.71,11.6,1.9,9.7,6.71,0.4,0.1,0.0,0.0,0.0,0.8,1.2,6.71,8.2,7.4,15.5,6.71,17.2,10.4,27.6,6.71,12.1,6.71,16.8,6.71,3.1,0.6,10.4,6.71,2.2,6.71,14.2,12.2,6.71,1.8,0.0,6.71,2.9,0.2,1.7,0.9,6.71,15.6,6.8,6.71,36.2,18.1,18.1,6.71,12.7,4.2,1.1,7.4,6.6,1.5,0.2,1.1,0.2,6.6,429.8,28.9,33.2,302.8,65.0,6.6,9.4,2.2,7.2,6.6,0.4,0.1,0.1,0.1,0.0,0.5,1.1,6.6,6.9,7.5,14.4,6.6,17.9,11.8,29.8,6.6,13.0,6.6,19.1,6.6,2.8,1.4,9.8,6.6,1.7,6.6,12.8,12.4,6.6,2.1,0.1,6.6,3.5,0.4,2.0,1.1,6.6,18.8,8.4,6.6,34.2,17.5,16.7,6.6,Bundesliga,2021-2022
Freiburg,32,14.9,0.516,0.787,19.1,6.66,17,0,26,12.3,0.456,0.733,20.8,6.7,17,0,12.8,14.4,9.6,10.9,1.6,6.66,15.6,16.1,11.3,12.1,1.8,6.7,14.9,5.2,7.2,10.8,6.66,12.3,4.4,6.1,11.3,6.7,1.54,1.0,-0.54,15.0,0.1,6.66,0.31,0.0,-0.31,6.0,0.05,6.66,,,,,,,,,,,,,15,2,7,5,3,16,1,5,2,1,13,1,12,0,0,16,3,2,0,0,20,1,63,384,17,1,63,358,18,1,66,328,20,2,62,408,11,1,0,5,15,1,0,1,0.37,0.27,0.37,0.36,0.29,0.35,0.19,0.69,0.12,0.15,0.67,0.18,0.15,0.69,0.15,0.18,0.66,0.16,0.1,0.56,0.35,0.06,0.51,0.43,0.14,0.5,0.36,0.07,0.59,0.34,0.27,0.42,0.3,0.28,0.41,0.3,14.9,5.2,1.5,8.3,6.66,1.9,0.3,1.1,0.3,6.66,443.5,30.6,31.4,318.6,62.9,6.66,11.0,1.5,9.5,6.66,0.5,0.2,0.1,0.0,0.0,0.6,1.1,6.66,6.1,7.2,13.3,6.66,14.4,6.9,21.4,6.66,9.6,6.66,20.2,6.66,2.7,0.8,6.7,6.66,1.6,6.66,10.8,10.9,6.66,1.0,0.0,6.66,2.9,0.2,1.3,1.5,6.66,16.5,6.1,6.66,36.8,19.1,17.8,6.66,12.3,4.4,1.7,6.2,6.7,1.5,0.7,0.8,0.1,6.7,389.6,27.0,38.4,258.5,65.8,6.7,8.6,1.9,6.7,6.7,0.6,0.1,0.1,0.2,0.0,0.3,1.1,6.7,5.4,6.1,11.4,6.7,16.1,8.5,24.6,6.7,11.3,6.7,22.7,6.7,4.9,1.1,6.4,6.7,1.8,6.7,11.3,12.1,6.7,1.0,0.0,6.7,3.5,0.1,2.1,1.3,6.7,15.2,6.8,6.7,40.7,20.8,19.9,6.7,Bundesliga,2021-2022
Greuther Fuerth,15,10.8,0.447,0.763,13.6,6.47,31,0,13,7.6,0.413,0.731,14.5,6.29,30,0,14.5,15.9,11.0,12.6,2.0,6.47,15.6,17.5,11.0,13.1,2.1,6.29,10.8,3.5,7.8,11.9,6.47,7.6,2.8,7.9,13.6,6.29,1.45,1.0,-0.45,9.0,0.16,6.47,2.11,1.0,-1.11,18.0,0.12,6.47,,,,,,,,,,,,,9,0,3,2,1,20,2,7,2,2,5,2,2,3,1,27,3,12,4,3,14,1,61,334,20,2,64,421,14,0,61,293,20,2,58,441,28,1,0,2,22,1,0,7,0.38,0.22,0.4,0.37,0.22,0.41,0.21,0.59,0.2,0.18,0.68,0.14,0.22,0.55,0.23,0.18,0.68,0.14,0.08,0.54,0.39,0.09,0.58,0.33,0.07,0.56,0.37,0.07,0.61,0.32,0.27,0.45,0.28,0.31,0.44,0.25,10.8,4.2,0.8,5.8,6.47,0.9,0.1,0.7,0.0,6.47,389.5,24.6,35.8,272.5,56.7,6.47,7.5,0.9,6.6,6.47,0.1,0.1,0.2,0.0,0.0,0.2,0.5,6.47,7.2,7.8,15.0,6.47,15.9,8.2,24.2,6.47,11.0,6.47,20.1,6.47,3.9,1.2,8.4,6.47,2.0,6.47,11.9,12.6,6.47,1.8,0.0,6.47,2.8,0.2,1.8,0.7,6.47,17.6,7.8,6.47,33.1,13.6,19.5,6.47,7.6,2.8,0.5,4.3,6.29,0.8,0.1,0.5,0.1,6.29,348.2,21.9,37.4,232.6,56.4,6.29,4.7,1.1,3.6,6.29,0.1,0.0,0.1,0.0,0.0,0.1,0.4,6.29,8.6,7.9,16.5,6.29,17.5,9.2,26.7,6.29,11.0,6.29,20.0,6.29,3.4,1.0,8.8,6.29,2.1,6.29,13.6,13.1,6.29,1.8,0.0,6.29,3.8,0.2,2.4,1.2,6.29,18.9,10.4,6.29,30.8,14.5,16.3,6.29,Bundesliga,2021-2022
Hertha Berlin,24,11.7,0.445,0.755,16.4,6.55,32,1,13,9.9,0.419,0.739,16.8,6.41,30,1,13.1,16.5,12.6,11.3,1.6,6.55,14.2,15.6,11.3,13.5,2.6,6.41,11.7,4.0,7.6,14.2,6.55,9.9,3.2,8.9,11.1,6.41,,,,,,,,,,,,,,,,,,,,,,,,,12,1,7,2,2,21,2,8,2,0,8,0,4,1,0,24,1,7,6,0,15,1,60,329,20,2,59,424,15,1,58,306,21,1,63,439,24,3,0,6,20,2,0,9,0.38,0.26,0.37,0.37,0.27,0.37,0.23,0.62,0.14,0.16,0.68,0.16,0.17,0.62,0.21,0.15,0.73,0.12,0.06,0.58,0.36,0.05,0.64,0.31,0.08,0.6,0.33,0.09,0.62,0.29,0.3,0.47,0.23,0.31,0.45,0.24,11.7,4.2,0.7,6.8,6.55,1.4,0.2,0.9,0.2,6.55,381.9,25.1,33.1,263.1,60.6,6.55,8.1,1.7,6.4,6.55,0.2,0.1,0.0,0.1,0.0,0.5,0.7,6.55,6.6,7.6,14.3,6.55,16.5,9.1,25.6,6.55,12.6,6.55,23.0,6.55,2.9,1.8,8.5,6.55,1.6,6.55,14.2,11.3,6.55,1.9,0.1,6.55,3.5,0.1,2.5,0.9,6.55,16.6,9.2,6.55,33.1,16.4,16.8,6.55,9.9,3.2,0.8,5.9,6.41,0.8,0.4,0.3,0.1,6.41,358.2,23.4,33.1,241.1,60.5,6.41,7.8,1.4,6.4,6.41,0.3,0.1,0.0,0.0,0.0,0.4,0.6,6.41,7.8,8.9,16.6,6.41,15.6,8.1,23.7,6.41,11.3,6.41,22.9,6.41,3.3,1.2,7.5,6.41,2.6,6.41,11.1,13.5,6.41,1.8,0.1,6.41,2.5,0.2,1.6,0.6,6.41,15.0,9.4,6.41,34.1,16.8,17.2,6.41,Bundesliga,2021-2022
Hoffenheim,34,14.4,0.54,0.808,15.5,6.7,34,0,24,12.2,0.524,0.806,13.5,6.48,41,0,11.4,14.3,8.8,13.0,2.4,6.7,13.5,14.1,8.0,12.2,1.8,6.48,14.4,5.1,7.4,10.2,6.7,12.2,3.8,7.4,10.2,6.48,,,,,,,,,,,,,,,,,,,,,,,,,27,2,5,0,0,16,1,6,0,1,16,1,4,0,3,21,4,9,2,0,23,1,63,428,16,2,60,363,18,1,59,426,16,2,58,383,29,3,0,2,26,2,0,13,0.37,0.25,0.39,0.38,0.24,0.38,0.11,0.76,0.13,0.15,0.7,0.15,0.17,0.7,0.13,0.16,0.72,0.12,0.11,0.66,0.23,0.09,0.56,0.35,0.11,0.61,0.29,0.1,0.66,0.24,0.27,0.42,0.32,0.28,0.43,0.29,14.4,3.4,1.5,9.5,6.7,2.0,0.5,1.4,0.1,6.7,484.8,30.6,30.4,360.9,62.9,6.7,10.5,2.0,8.5,6.7,0.6,0.1,0.2,0.0,0.0,0.6,1.4,6.7,9.2,7.4,16.5,6.7,14.3,7.4,21.6,6.7,8.8,6.7,14.9,6.7,2.5,0.4,8.6,6.7,2.4,6.7,10.2,13.0,6.7,2.0,0.0,6.7,2.4,0.2,1.6,0.6,6.7,16.9,7.5,6.7,31.2,15.5,15.7,6.7,12.2,3.5,1.3,7.4,6.48,1.4,0.3,0.9,0.0,6.48,478.8,27.5,31.1,358.4,61.8,6.48,9.2,1.1,8.1,6.48,0.3,0.1,0.2,0.0,0.0,0.6,1.1,6.48,7.1,7.4,14.5,6.48,14.1,8.0,22.1,6.48,8.0,6.48,14.8,6.48,2.7,1.1,9.1,6.48,1.8,6.48,10.2,12.2,6.48,2.4,0.0,6.48,3.6,0.4,2.4,0.9,6.48,15.5,6.6,6.48,32.2,13.5,18.7,6.48,Bundesliga,2021-2022
Mainz 05,33,14.8,0.462,0.735,17.4,6.84,23,1,17,12.8,0.457,0.747,18.6,6.43,35,3,10.1,16.9,14.6,14.4,1.8,6.84,12.5,17.2,11.2,14.8,1.9,6.43,14.8,5.0,8.5,10.8,6.84,12.8,4.3,7.4,11.9,6.43,1.32,2.0,0.68,12.0,0.11,6.84,0.73,0.0,-0.73,15.0,0.05,6.84,3.05,2.0,-1.05,23.0,0.13,6.43,3.52,4.0,0.48,20.0,0.18,6.43,20,1,7,4,1,7,1,3,0,0,13,0,4,0,0,23,1,4,5,1,19,1,56,325,15,1,67,382,17,1,56,361,18,1,70,427,20,1,0,4,28,3,0,8,0.35,0.26,0.38,0.34,0.28,0.38,0.12,0.73,0.15,0.14,0.73,0.13,0.16,0.72,0.13,0.14,0.7,0.15,0.09,0.61,0.3,0.06,0.58,0.36,0.08,0.48,0.44,0.06,0.57,0.37,0.26,0.43,0.31,0.28,0.44,0.28,14.8,4.5,1.3,9.0,6.84,1.9,0.2,1.5,0.2,6.84,375.1,21.5,33.8,254.1,65.7,6.84,10.1,1.9,8.1,6.84,0.4,0.0,0.0,0.0,0.0,0.9,1.3,6.84,7.1,8.5,15.6,6.84,16.9,9.3,26.2,6.84,14.6,6.84,17.1,6.84,2.3,0.7,8.3,6.84,1.8,6.84,10.8,14.4,6.84,1.4,0.1,6.84,1.9,0.1,1.2,0.6,6.84,20.7,8.5,6.84,33.2,17.4,15.8,6.84,12.8,5.6,1.0,6.2,6.43,1.0,0.2,0.8,0.0,6.43,409.9,22.1,32.7,284.1,71.1,6.43,8.6,1.2,7.4,6.43,0.1,0.1,0.2,0.0,0.0,0.5,0.8,6.43,6.8,7.4,14.2,6.43,17.2,9.1,26.3,6.43,11.2,6.43,16.2,6.43,3.2,1.4,9.9,6.43,1.9,6.43,11.9,14.8,6.43,2.1,0.2,6.43,2.8,0.0,1.7,1.1,6.43,18.7,8.9,6.43,37.4,18.6,18.8,6.43,Bundesliga,2021-2022
RB Leipzig,43,14.1,0.589,0.837,14.2,6.87,23,0,29,11.7,0.542,0.825,15.5,6.68,26,0,8.3,14.8,10.8,10.2,2.2,6.87,12.4,14.6,9.8,11.0,1.7,6.68,14.1,6.1,10.8,13.6,6.87,11.7,4.6,9.6,11.4,6.68,,,,,,,,,,,,,,,,,,,,,,,,,26,5,7,5,0,12,1,2,2,0,16,5,5,3,0,10,2,6,1,1,16,2,49,523,12,2,55,345,15,2,50,468,15,1,58,378,18,0,0,5,17,4,0,5,0.41,0.27,0.32,0.4,0.28,0.32,0.14,0.75,0.11,0.13,0.68,0.19,0.12,0.78,0.1,0.15,0.69,0.17,0.08,0.61,0.31,0.09,0.59,0.33,0.12,0.62,0.26,0.08,0.64,0.28,0.24,0.47,0.3,0.26,0.45,0.28,14.1,4.3,1.2,8.6,6.87,2.5,0.4,1.8,0.4,6.87,566.7,22.5,25.2,451.9,67.1,6.87,10.1,1.8,8.4,6.87,0.4,0.1,0.2,0.2,0.0,1.1,1.8,6.87,6.2,10.8,17.0,6.87,14.8,7.8,22.5,6.87,10.8,6.87,12.1,6.87,1.9,1.0,9.8,6.87,2.2,6.87,13.6,10.2,6.87,1.4,0.0,6.87,1.9,0.2,1.0,0.7,6.87,17.9,9.6,6.87,27.1,14.2,12.8,6.87,11.7,3.0,1.4,7.3,6.68,1.7,0.4,1.1,0.3,6.68,514.2,22.8,27.1,401.4,62.9,6.68,9.3,1.7,7.6,6.68,0.3,0.1,0.4,0.1,0.0,0.7,1.4,6.68,6.4,9.6,16.0,6.68,14.6,9.5,24.1,6.68,9.8,6.68,16.8,6.68,2.9,1.2,8.9,6.68,1.7,6.68,11.4,11.0,6.68,1.5,0.0,6.68,2.8,0.0,1.8,1.0,6.68,20.2,11.3,6.68,27.6,15.5,12.1,6.68,Bundesliga,2021-2022
Union Berlin,25,11.9,0.431,0.725,17.8,6.69,32,0,25,12.4,0.435,0.746,16.9,6.53,29,1,11.2,16.3,12.5,13.2,1.9,6.69,12.0,15.4,9.7,11.7,1.8,6.53,11.9,4.4,7.2,9.6,6.69,12.4,4.8,7.2,9.9,6.53,,,,,,,,,,,,,,,,,,,,,,,,,18,2,3,2,0,12,1,2,1,1,17,2,3,3,0,18,0,5,1,3,19,1,68,321,17,1,66,455,21,1,69,329,17,1,66,458,23,2,0,7,22,2,0,7,0.4,0.24,0.36,0.4,0.25,0.34,0.18,0.68,0.14,0.16,0.7,0.14,0.09,0.76,0.15,0.19,0.71,0.1,0.08,0.62,0.29,0.11,0.5,0.39,0.11,0.62,0.27,0.05,0.59,0.36,0.26,0.46,0.28,0.28,0.47,0.26,11.9,3.5,1.0,7.4,6.69,1.5,0.4,0.9,0.2,6.69,384.1,26.9,40.5,251.8,65.0,6.69,8.7,2.2,6.5,6.69,0.3,0.1,0.1,0.0,0.0,0.5,0.9,6.69,5.1,7.2,12.3,6.69,16.3,9.9,26.2,6.69,12.5,6.69,19.9,6.69,2.4,0.8,8.2,6.69,1.9,6.69,9.6,13.2,6.69,1.9,0.0,6.69,2.4,0.5,1.2,0.6,6.69,15.8,7.3,6.69,36.3,17.8,18.5,6.69,12.4,3.4,1.4,7.7,6.53,1.5,0.3,1.0,0.2,6.53,392.2,29.8,37.9,262.9,61.6,6.53,8.9,1.6,7.4,6.53,0.3,0.1,0.1,0.0,0.0,0.6,1.0,6.53,4.8,7.2,12.0,6.53,15.4,7.7,23.1,6.53,9.7,6.53,17.9,6.53,2.9,0.9,5.4,6.53,1.8,6.53,9.9,11.7,6.53,1.7,0.1,6.53,2.4,0.1,1.1,1.2,6.53,17.8,6.3,6.53,38.9,16.9,22.0,6.53,Bundesliga,2021-2022
VfB Stuttgart,28,16.1,0.536,0.828,18.1,6.65,20,1,13,10.5,0.472,0.782,16.5,6.56,42,1,12.9,14.8,9.0,10.2,2.2,6.65,16.6,16.5,11.1,11.6,0.9,6.56,16.1,5.9,11.5,11.4,6.65,10.5,3.3,10.4,13.2,6.56,,,,,,,,,,,,,0.31,0.0,-0.31,6.0,0.05,6.56,1.54,1.0,-0.54,15.0,0.1,6.56,15,1,11,0,1,21,4,5,2,0,11,0,1,1,0,17,1,6,2,1,19,1,59,447,17,1,62,374,14,1,59,376,22,1,58,423,18,0,0,4,34,0,0,9,0.39,0.28,0.33,0.4,0.28,0.32,0.19,0.68,0.13,0.17,0.65,0.19,0.18,0.66,0.16,0.15,0.69,0.16,0.08,0.58,0.34,0.12,0.5,0.37,0.08,0.56,0.36,0.13,0.5,0.37,0.25,0.44,0.3,0.32,0.46,0.23,16.1,5.5,1.2,9.4,6.65,1.6,0.4,1.1,0.1,6.65,500.1,30.6,27.1,383.6,58.8,6.65,12.1,2.7,9.4,6.65,0.6,0.2,0.2,0.1,0.0,0.5,1.3,6.65,9.8,11.5,21.4,6.65,14.8,7.2,22.0,6.65,9.0,6.65,17.0,6.65,2.8,1.2,9.1,6.65,2.2,6.65,11.4,10.2,6.65,1.2,0.1,6.65,2.8,0.1,1.5,1.1,6.65,20.6,8.8,6.65,31.3,18.1,13.2,6.65,10.5,3.8,0.9,5.8,6.56,0.8,0.2,0.4,0.2,6.56,430.2,28.5,30.1,307.9,63.8,6.56,7.8,1.6,6.2,6.56,0.2,0.0,0.1,0.0,0.0,0.3,0.5,6.56,9.1,10.4,19.5,6.56,16.5,9.8,26.3,6.56,11.1,6.56,22.9,6.56,4.5,1.4,6.4,6.56,0.9,6.56,13.2,11.6,6.56,2.5,0.1,6.56,3.4,0.6,1.6,1.2,6.56,21.0,9.0,6.56,30.4,16.5,13.9,6.56,Bundesliga,2021-2022
Wolfsburg,25,13.2,0.514,0.799,17.3,6.69,31,1,18,11.5,0.491,0.772,19.4,6.58,27,2,11.9,14.8,11.1,11.9,2.6,6.69,14.2,16.9,11.8,12.2,1.7,6.58,13.2,4.8,8.2,12.1,6.69,11.5,3.5,10.5,12.4,6.58,,,,,,,,,,,,,0.73,0.0,-0.73,15.0,0.05,6.58,1.32,2.0,0.68,12.0,0.11,6.58,15,2,6,1,1,16,0,3,2,0,13,0,3,2,0,18,3,9,2,1,20,2,61,395,17,1,60,374,17,1,61,367,21,1,56,384,22,3,0,8,20,2,0,7,0.35,0.27,0.38,0.35,0.27,0.38,0.17,0.69,0.14,0.2,0.63,0.18,0.12,0.69,0.18,0.17,0.66,0.17,0.09,0.56,0.35,0.08,0.53,0.39,0.09,0.55,0.36,0.09,0.51,0.4,0.27,0.44,0.29,0.32,0.45,0.23,13.2,4.6,1.2,7.5,6.69,1.5,0.4,0.8,0.2,6.69,451.2,31.4,29.2,329.3,61.2,6.69,9.7,1.5,8.2,6.69,0.4,0.0,0.0,0.0,0.0,0.4,0.8,6.69,6.7,8.2,14.9,6.69,14.8,8.4,23.2,6.69,11.1,6.69,18.6,6.69,2.6,1.1,8.7,6.69,2.6,6.69,12.1,11.9,6.69,1.8,0.1,6.69,2.9,0.3,1.8,0.9,6.69,18.4,8.0,6.69,30.8,17.3,13.5,6.69,11.5,4.2,1.0,6.3,6.58,1.1,0.2,0.8,0.1,6.58,422.8,29.5,30.8,296.9,65.5,6.58,7.7,1.5,6.2,6.58,0.2,0.1,0.1,0.0,0.0,0.4,0.7,6.58,6.4,10.5,16.9,6.58,16.9,8.2,25.2,6.58,11.8,6.58,23.3,6.58,3.4,1.4,8.1,6.58,1.7,6.58,12.4,12.2,6.58,1.6,0.1,6.58,3.1,0.2,1.8,1.1,6.58,17.1,8.7,6.58,36.9,19.4,17.5,6.58,Bundesliga,2021-2022
Almeria,22,15.8,0.5,0.82,15.2,6.49,37,3,21,9.4,0.42,0.763,14.7,6.45,48,3,13.0,16.1,7.7,12.5,2.1,6.49,18.2,17.3,8.8,12.6,1.8,6.45,15.8,5.6,8.3,13.5,6.49,9.4,3.2,7.5,12.5,6.45,33.12,21.0,-12.12,301.0,0.11,6.49,30.93,36.0,5.07,247.0,0.13,6.49,19.97,21.0,1.03,179.0,0.11,6.45,38.77,39.0,0.23,346.0,0.11,6.45,16,4,1,0,1,22,4,5,5,0,15,1,3,2,0,30,2,6,1,0,21,1,54,378,18,1,61,374,14,1,60,303,26,2,53,442,31,5,0,7,38,1,0,13,0.35,0.25,0.41,0.35,0.26,0.4,0.17,0.66,0.18,0.21,0.67,0.12,0.18,0.6,0.22,0.19,0.66,0.14,0.08,0.53,0.39,0.1,0.58,0.32,0.06,0.48,0.46,0.09,0.58,0.33,0.28,0.45,0.27,0.34,0.43,0.22,15.8,6.1,1.3,8.5,6.49,1.2,0.3,0.7,0.1,6.49,426.1,24.0,28.9,325.5,47.7,6.49,11.9,1.9,10.0,6.49,0.2,0.0,0.1,0.0,0.0,0.5,0.7,6.49,10.5,8.3,18.8,6.49,16.1,7.4,23.5,6.49,7.7,6.49,17.8,6.49,2.9,1.2,7.5,6.49,2.1,6.49,13.5,12.5,6.49,1.9,0.2,6.49,2.7,0.3,1.3,1.2,6.49,15.5,6.0,6.49,29.7,15.2,14.5,6.49,9.4,4.3,0.6,4.5,6.45,1.1,0.3,0.7,0.2,6.45,357.4,21.7,37.0,251.0,47.7,6.45,6.5,1.2,5.3,6.45,0.2,0.0,0.1,0.0,0.0,0.4,0.6,6.45,8.8,7.5,16.3,6.45,17.3,8.5,25.7,6.45,8.8,6.45,24.6,6.45,4.2,2.0,8.1,6.45,1.8,6.45,12.5,12.6,6.45,2.5,0.2,6.45,3.9,0.2,2.2,1.5,6.45,13.4,8.2,6.45,31.6,14.7,16.8,6.45,La_Liga,2023-2024
Athletic Club,42,14.2,0.523,0.809,14.9,6.77,39,1,19,10.2,0.465,0.782,13.9,6.56,36,4,9.0,14.7,7.2,13.0,2.6,6.77,12.6,15.8,7.4,13.9,1.5,6.56,14.2,6.1,9.6,11.8,6.77,10.2,2.9,8.2,10.7,6.56,39.76,41.0,1.24,270.0,0.15,6.77,19.97,17.0,-2.97,171.0,0.12,6.77,19.64,18.0,-1.64,193.0,0.1,6.56,23.78,16.0,-7.78,239.0,0.1,6.56,32,1,5,3,1,11,1,4,1,1,12,2,4,0,1,12,3,1,0,3,24,3,55,416,14,1,61,376,20,1,60,363,19,1,66,427,26,5,0,9,32,2,0,9,0.35,0.24,0.41,0.34,0.25,0.41,0.18,0.66,0.16,0.19,0.6,0.22,0.21,0.66,0.13,0.18,0.67,0.15,0.11,0.65,0.24,0.08,0.54,0.39,0.07,0.65,0.28,0.07,0.55,0.38,0.22,0.44,0.34,0.26,0.43,0.3,14.2,3.4,1.5,9.3,6.77,2.2,0.6,1.4,0.1,6.77,466.5,24.3,30.6,353.2,58.4,6.77,10.2,1.8,8.3,6.77,0.4,0.0,0.1,0.1,0.0,0.8,1.3,6.77,11.2,9.6,20.8,6.77,14.7,8.9,23.6,6.77,7.2,6.77,14.1,6.77,2.2,0.8,8.7,6.77,2.6,6.77,11.8,13.0,6.77,2.1,0.1,6.77,2.3,0.1,1.3,0.8,6.77,15.5,10.1,6.77,28.0,14.9,13.1,6.77,10.2,2.9,0.7,6.6,6.56,1.0,0.3,0.4,0.3,6.56,418.7,24.8,34.9,302.6,56.3,6.56,8.6,1.9,6.7,6.56,0.3,0.1,0.1,0.0,0.0,0.5,0.8,6.56,10.1,8.2,18.3,6.56,15.8,8.5,24.3,6.56,7.4,6.56,17.3,6.56,3.4,1.4,7.7,6.56,1.5,6.56,10.7,13.9,6.56,1.9,0.2,6.56,3.1,0.3,1.8,1.1,6.56,14.5,9.2,6.56,28.9,13.9,15.0,6.56,La_Liga,2023-2024
Atletico Madrid,42,14.1,0.497,0.842,12.4,6.74,37,3,28,11.2,0.518,0.849,10.5,6.65,45,2,11.7,16.4,6.8,11.3,3.7,6.74,12.1,18.1,6.7,11.7,2.7,6.65,14.1,5.6,7.6,11.1,6.74,11.2,5.2,8.0,12.5,6.65,39.6,40.0,0.4,267.0,0.15,6.74,20.32,22.0,1.68,223.0,0.09,6.74,27.11,28.0,0.89,213.0,0.13,6.65,24.0,21.0,-3.0,230.0,0.1,6.65,31,1,4,4,2,19,1,1,1,0,21,5,1,1,0,18,0,3,0,0,16,2,50,451,20,1,54,446,17,2,49,467,20,1,49,426,28,1,0,12,38,5,0,6,0.37,0.25,0.39,0.35,0.26,0.39,0.2,0.65,0.15,0.17,0.68,0.16,0.26,0.57,0.17,0.13,0.71,0.16,0.09,0.64,0.27,0.09,0.51,0.4,0.06,0.67,0.27,0.08,0.53,0.39,0.27,0.45,0.28,0.3,0.45,0.25,14.1,3.8,1.3,8.9,6.74,2.2,0.5,1.4,0.2,6.74,495.6,26.5,23.9,390.6,54.5,6.74,10.5,1.4,9.1,6.74,0.6,0.0,0.2,0.1,0.0,0.6,1.4,6.74,7.3,7.6,14.9,6.74,16.4,7.8,24.2,6.74,6.8,6.74,19.1,6.74,2.7,2.2,9.7,6.74,3.7,6.74,11.1,11.3,6.74,1.9,0.2,6.74,2.8,0.1,1.6,1.1,6.74,12.8,7.2,6.74,23.2,12.4,10.8,6.74,11.2,3.0,0.7,7.5,6.65,1.5,0.3,1.1,0.1,6.65,510.2,24.4,24.2,409.0,52.6,6.65,8.4,1.3,7.2,6.65,0.2,0.1,0.4,0.0,0.0,0.6,1.2,6.65,6.9,8.0,14.9,6.65,18.1,10.3,28.4,6.65,6.7,6.65,19.2,6.65,3.3,2.0,8.5,6.65,2.7,6.65,12.5,11.7,6.65,2.4,0.1,6.65,2.5,0.2,1.3,1.0,6.65,15.3,8.7,6.65,20.7,10.5,10.2,6.65,La_Liga,2023-2024
Barcelona,43,17.9,0.657,0.889,11.8,6.88,44,0,36,13.4,0.636,0.882,12.2,6.75,41,2,10.3,14.1,6.6,11.2,2.4,6.88,11.4,16.0,6.9,10.5,2.8,6.75,17.9,6.8,10.7,11.7,6.88,13.4,5.4,9.5,12.9,6.75,45.01,41.0,-4.01,341.0,0.13,6.88,23.22,21.0,-2.22,196.0,0.12,6.88,36.7,35.0,-1.7,254.0,0.14,6.75,22.32,23.0,0.68,216.0,0.1,6.75,31,1,7,2,2,14,4,2,1,0,26,1,4,4,1,20,0,2,1,0,19,3,42,586,13,1,52,274,15,2,44,554,17,1,53,283,29,4,0,11,24,8,0,12,0.35,0.29,0.36,0.34,0.3,0.36,0.15,0.72,0.13,0.21,0.61,0.18,0.16,0.71,0.13,0.22,0.64,0.15,0.1,0.59,0.31,0.07,0.65,0.28,0.11,0.58,0.31,0.08,0.54,0.38,0.23,0.45,0.32,0.27,0.44,0.29,17.9,5.6,1.8,10.6,6.88,2.3,0.4,1.5,0.3,6.88,625.1,26.9,15.8,529.1,53.3,6.88,14.1,2.2,11.9,6.88,0.4,0.2,0.3,0.0,0.0,0.9,1.7,6.88,12.1,10.7,22.8,6.88,14.1,7.2,21.2,6.88,6.6,6.88,12.4,6.88,2.2,0.9,6.6,6.88,2.4,6.88,11.7,11.2,6.88,2.3,0.0,6.88,2.3,0.1,1.4,0.8,6.88,16.0,7.8,6.88,22.4,11.8,10.6,6.88,13.4,4.2,1.5,7.7,6.75,1.9,0.6,1.2,0.1,6.75,592.9,25.2,18.5,497.9,51.3,6.75,10.0,2.1,7.9,6.75,0.3,0.1,0.2,0.0,0.0,0.7,1.2,6.75,11.2,9.5,20.7,6.75,16.0,7.6,23.6,6.75,6.9,6.75,16.4,6.75,2.9,1.4,7.4,6.75,2.8,6.75,12.9,10.5,6.75,2.2,0.1,6.75,2.8,0.3,1.6,0.9,6.75,15.8,8.2,6.75,23.0,12.2,10.8,6.75,La_Liga,2023-2024
Cadiz,16,11.7,0.461,0.75,17.6,6.54,58,4,10,9.3,0.392,0.736,16.1,6.35,49,3,10.6,18.5,7.7,16.1,2.3,6.54,16.2,16.8,8.0,14.3,2.5,6.35,11.7,3.5,5.8,14.4,6.54,9.3,2.9,6.3,11.8,6.35,21.24,15.0,-6.24,222.0,0.1,6.54,17.09,19.0,1.91,202.0,0.08,6.54,18.61,10.0,-8.61,176.0,0.11,6.35,38.71,35.0,-3.71,308.0,0.13,6.35,8,0,4,3,1,10,5,3,1,0,7,0,3,0,0,25,3,6,1,1,22,1,69,306,16,1,62,386,19,1,71,260,24,2,52,464,45,6,0,11,38,4,0,10,0.38,0.26,0.36,0.38,0.27,0.35,0.22,0.63,0.15,0.23,0.64,0.13,0.15,0.74,0.11,0.17,0.67,0.15,0.06,0.52,0.42,0.06,0.47,0.48,0.09,0.54,0.37,0.07,0.59,0.34,0.26,0.44,0.3,0.33,0.43,0.25,11.7,4.9,0.7,6.1,6.54,0.8,0.3,0.4,0.1,6.54,370.5,28.7,39.3,249.0,53.5,6.54,8.8,1.8,7.0,6.54,0.2,0.0,0.1,0.1,0.0,0.3,0.5,6.54,9.2,5.8,15.0,6.54,18.5,9.2,27.7,6.54,7.7,6.54,17.0,6.54,3.0,1.1,9.3,6.54,2.3,6.54,14.4,16.1,6.54,3.1,0.2,6.54,2.3,0.2,1.1,1.1,6.54,15.1,9.7,6.54,36.1,17.6,18.5,6.54,9.3,3.4,0.8,5.0,6.35,0.5,0.2,0.3,0.1,6.35,326.1,27.9,41.5,211.9,44.7,6.35,6.6,1.1,5.5,6.35,0.2,0.1,0.0,0.0,0.0,0.2,0.4,6.35,7.0,6.3,13.3,6.35,16.8,11.2,28.0,6.35,8.0,6.35,22.7,6.35,3.5,1.9,7.6,6.35,2.5,6.35,11.8,14.3,6.35,2.6,0.2,6.35,4.1,0.2,2.4,1.4,6.35,15.0,8.3,6.35,34.1,16.1,18.0,6.35,La_Liga,2023-2024
Celta Vigo,21,14.8,0.486,0.823,13.8,6.54,34,5,25,10.1,0.429,0.779,14.3,6.58,28,0,9.7,14.7,7.4,12.6,2.1,6.54,15.4,18.3,8.2,11.7,1.3,6.58,14.8,4.6,7.5,13.5,6.54,10.1,3.7,8.1,12.0,6.58,33.19,20.0,-13.19,281.0,0.12,6.54,22.15,22.0,-0.15,185.0,0.12,6.54,22.61,25.0,2.39,191.0,0.12,6.58,37.45,32.0,-5.45,293.0,0.13,6.58,11,3,3,3,1,15,1,3,3,1,17,4,4,0,0,22,1,6,3,2,22,2,50,404,15,0,58,431,13,1,56,349,24,1,59,471,24,3,0,14,21,2,0,5,0.35,0.25,0.4,0.36,0.24,0.39,0.15,0.67,0.18,0.18,0.66,0.17,0.2,0.63,0.17,0.15,0.66,0.19,0.05,0.57,0.37,0.08,0.65,0.28,0.12,0.57,0.31,0.08,0.63,0.29,0.25,0.45,0.3,0.31,0.45,0.25,14.8,5.5,0.8,8.5,6.54,1.1,0.2,0.6,0.2,6.54,449.2,22.4,26.7,347.4,52.6,6.54,11.4,1.7,9.7,6.54,0.2,0.0,0.1,0.1,0.0,0.4,0.7,6.54,9.1,7.5,16.6,6.54,14.7,9.7,24.4,6.54,7.4,6.54,15.2,6.54,2.6,1.8,8.2,6.54,2.1,6.54,13.5,12.6,6.54,1.8,0.3,6.54,2.2,0.3,1.3,0.6,6.54,15.4,8.6,6.54,26.7,13.8,12.9,6.54,10.1,3.2,1.2,5.7,6.58,1.3,0.4,0.8,0.1,6.58,398.8,22.2,32.9,288.4,55.3,6.58,7.9,0.9,7.0,6.58,0.3,0.0,0.2,0.1,0.0,0.7,1.1,6.58,9.4,8.1,17.4,6.58,18.3,8.9,27.3,6.58,8.2,6.58,25.9,6.58,3.5,2.5,8.5,6.58,1.3,6.58,12.0,11.7,6.58,1.5,0.0,6.58,3.6,0.4,2.6,0.6,6.58,16.2,9.1,6.58,30.7,14.3,16.4,6.58,La_Liga,2023-2024
Deportivo Alaves,23,12.6,0.411,0.736,14.9,6.58,43,1,13,11.8,0.402,0.742,15.8,6.47,41,0,10.3,13.9,7.1,13.1,2.2,6.58,13.5,16.5,7.6,12.3,1.5,6.47,12.6,3.7,8.6,11.7,6.58,11.8,4.0,7.7,11.9,6.47,28.81,20.0,-8.81,240.0,0.12,6.58,19.47,18.0,-1.47,196.0,0.1,6.58,23.5,13.0,-10.5,225.0,0.1,6.47,31.26,26.0,-5.26,256.0,0.12,6.47,12,2,5,1,3,13,0,4,1,1,5,3,3,2,0,17,0,2,7,1,24,1,60,259,17,1,58,416,20,0,65,271,19,2,55,454,28,9,0,7,32,1,0,8,0.39,0.23,0.38,0.36,0.25,0.39,0.2,0.64,0.16,0.18,0.62,0.2,0.14,0.72,0.14,0.19,0.63,0.18,0.1,0.6,0.3,0.06,0.55,0.38,0.07,0.52,0.42,0.07,0.63,0.29,0.27,0.42,0.31,0.3,0.43,0.27,12.6,3.8,1.3,7.6,6.58,1.2,0.2,0.7,0.2,6.58,315.1,25.1,34.2,206.9,48.9,6.58,9.6,1.9,7.6,6.58,0.3,0.1,0.1,0.1,0.0,0.4,0.9,6.58,8.4,8.6,16.9,6.58,13.9,9.1,23.0,6.58,7.1,6.58,17.8,6.58,2.9,1.9,6.6,6.58,2.2,6.58,11.7,13.1,6.58,2.3,0.1,6.58,2.3,0.1,1.5,0.8,6.58,14.2,7.7,6.58,30.3,14.9,15.4,6.58,11.8,4.9,0.8,6.1,6.47,0.7,0.1,0.5,0.1,6.47,331.7,26.7,36.8,219.3,48.9,6.47,8.4,1.9,6.4,6.47,0.1,0.1,0.1,0.0,0.0,0.4,0.6,6.47,8.2,7.7,15.9,6.47,16.5,8.8,25.3,6.47,7.6,6.47,22.6,6.47,3.2,1.7,6.4,6.47,1.5,6.47,11.9,12.3,6.47,2.2,0.0,6.47,3.1,0.3,1.9,0.9,6.47,15.9,8.0,6.47,33.7,15.8,17.8,6.47,La_Liga,2023-2024
Getafe,20,13.0,0.468,0.753,17.8,6.54,53,7,22,10.8,0.42,0.694,17.7,6.48,73,3,10.3,15.7,7.5,15.6,2.2,6.54,13.6,16.3,8.7,18.5,1.9,6.48,13.0,4.3,6.6,11.0,6.54,10.8,4.1,6.0,12.0,6.48,27.28,20.0,-7.28,247.0,0.11,6.54,25.01,22.0,-3.01,196.0,0.13,6.54,22.8,22.0,-0.8,206.0,0.11,6.48,32.5,32.0,-0.5,259.0,0.13,6.48,14,1,4,1,0,13,1,7,1,0,14,0,3,5,0,21,0,7,4,0,19,1,74,315,15,2,65,383,18,0,77,253,18,2,62,401,42,3,0,18,51,8,0,19,0.38,0.27,0.35,0.4,0.27,0.33,0.13,0.68,0.19,0.2,0.69,0.11,0.17,0.7,0.13,0.22,0.59,0.18,0.07,0.55,0.38,0.1,0.56,0.34,0.08,0.53,0.39,0.06,0.62,0.32,0.23,0.46,0.32,0.27,0.42,0.3,13.0,4.9,0.9,7.2,6.54,1.1,0.3,0.7,0.1,6.54,383.6,32.7,40.2,256.2,54.5,6.54,9.5,2.5,7.1,6.54,0.4,0.1,0.1,0.0,0.0,0.2,0.7,6.54,8.5,6.6,15.1,6.54,15.7,7.8,23.5,6.54,7.5,6.54,15.7,6.54,2.2,1.4,6.3,6.54,2.2,6.54,11.0,15.6,6.54,2.8,0.4,6.54,2.1,0.1,1.3,0.7,6.54,14.8,7.8,6.54,35.6,17.8,17.8,6.54,10.8,4.3,0.8,5.7,6.48,1.2,0.3,0.9,0.0,6.48,326.2,29.5,46.9,196.9,52.8,6.48,7.5,1.3,6.3,6.48,0.3,0.1,0.1,0.0,0.0,0.3,0.7,6.48,7.9,6.0,13.9,6.48,16.3,7.3,23.5,6.48,8.7,6.48,20.2,6.48,3.2,1.7,6.3,6.48,1.9,6.48,12.0,18.5,6.48,3.8,0.2,6.48,4.2,0.1,2.7,1.4,6.48,15.5,6.9,6.48,37.4,17.7,19.6,6.48,La_Liga,2023-2024
Girona,53,13.0,0.586,0.889,9.5,6.85,32,0,32,12.5,0.556,0.867,10.7,6.64,43,1,10.7,14.6,6.6,10.0,2.8,6.85,16.2,14.1,6.9,11.4,2.2,6.64,13.0,5.8,8.7,12.4,6.85,12.5,4.3,9.8,12.4,6.64,40.63,53.0,12.37,247.0,0.16,6.85,24.04,20.0,-4.04,203.0,0.12,6.85,35.15,31.0,-4.15,237.0,0.15,6.64,39.31,26.0,-13.31,307.0,0.13,6.64,41,2,5,5,0,12,3,3,2,0,23,0,6,2,1,15,2,6,3,0,20,2,45,520,17,1,49,346,17,1,44,471,20,1,52,352,24,3,0,5,28,5,0,11,0.32,0.25,0.43,0.37,0.25,0.38,0.09,0.74,0.17,0.18,0.64,0.18,0.15,0.74,0.12,0.16,0.68,0.15,0.14,0.58,0.28,0.08,0.56,0.36,0.14,0.51,0.35,0.08,0.58,0.34,0.28,0.42,0.29,0.32,0.42,0.27,13.0,3.7,1.8,7.5,6.85,2.8,0.6,2.0,0.2,6.85,560.3,25.9,19.2,472.3,42.9,6.85,10.1,1.7,8.4,6.85,0.5,0.0,0.3,0.0,0.0,1.4,2.1,6.85,10.8,8.7,19.6,6.85,14.6,6.0,20.6,6.85,6.6,6.85,14.4,6.85,2.6,1.4,6.2,6.85,2.8,6.85,12.4,10.0,6.85,1.7,0.0,6.85,3.0,0.3,1.9,0.8,6.85,14.9,9.1,6.85,18.6,9.5,9.1,6.85,12.5,4.3,1.8,6.4,6.64,1.7,0.7,0.7,0.2,6.64,509.2,21.4,22.2,420.0,45.6,6.64,9.8,1.6,8.3,6.64,0.3,0.1,0.0,0.1,0.0,0.9,1.3,6.64,9.8,9.8,19.6,6.64,14.1,7.0,21.1,6.64,6.9,6.64,17.2,6.64,3.9,2.1,7.2,6.64,2.2,6.64,12.4,11.4,6.64,2.3,0.1,6.64,3.4,0.4,1.8,1.2,6.64,15.8,10.7,6.64,22.7,10.7,12.1,6.64,La_Liga,2023-2024
Granada,24,12.3,0.446,0.773,13.4,6.49,46,2,14,8.8,0.453,0.779,12.4,6.29,50,2,12.3,16.6,6.8,13.4,1.9,6.49,13.7,16.9,7.9,13.7,2.0,6.29,12.3,4.4,8.4,12.8,6.49,8.8,2.5,7.6,13.7,6.29,30.78,23.0,-7.78,234.0,0.13,6.49,31.56,32.0,0.44,233.0,0.14,6.49,15.36,12.0,-3.36,168.0,0.09,6.29,36.99,45.0,8.01,261.0,0.14,6.29,13,2,5,3,1,26,0,5,1,0,8,1,1,2,2,29,3,9,4,2,19,1,64,311,19,1,60,411,16,1,61,325,19,2,58,408,31,6,0,11,43,2,0,8,0.36,0.26,0.37,0.35,0.25,0.4,0.13,0.69,0.18,0.2,0.64,0.15,0.21,0.64,0.16,0.17,0.66,0.17,0.07,0.64,0.29,0.1,0.55,0.35,0.06,0.57,0.38,0.09,0.54,0.36,0.31,0.42,0.27,0.31,0.44,0.25,12.3,3.6,0.9,7.8,6.49,1.3,0.3,0.8,0.1,6.49,369.8,26.4,36.6,259.6,47.2,6.49,8.7,1.6,7.2,6.49,0.2,0.0,0.1,0.1,0.0,0.5,0.9,6.49,9.9,8.4,18.3,6.49,16.6,8.8,25.4,6.49,6.8,6.49,17.3,6.49,2.6,2.2,7.8,6.49,1.9,6.49,12.8,13.4,6.49,2.4,0.1,6.49,3.4,0.4,1.9,1.1,6.49,16.1,7.4,6.49,27.5,13.4,14.1,6.49,8.8,3.3,0.5,5.0,6.29,0.7,0.1,0.5,0.1,6.29,380.6,25.2,35.5,271.3,48.6,6.29,6.2,1.4,4.8,6.29,0.1,0.0,0.1,0.0,0.0,0.3,0.5,6.29,8.8,7.6,16.4,6.29,16.9,8.8,25.7,6.29,7.9,6.29,20.6,6.29,3.2,1.7,7.6,6.29,2.0,6.29,13.7,13.7,6.29,2.6,0.1,6.29,3.3,0.2,2.1,1.1,6.29,15.5,8.7,6.29,27.5,12.4,15.1,6.29,La_Liga,2023-2024
Las Palmas,20,10.5,0.623,0.858,10.7,6.52,44,3,13,10.1,0.572,0.849,10.8,6.49,36,2,9.8,15.0,7.6,11.0,2.4,6.52,13.5,19.8,7.2,10.6,2.5,6.49,10.5,3.9,7.9,12.6,6.52,10.1,2.7,8.7,13.6,6.49,21.23,20.0,-1.23,200.0,0.11,6.52,26.91,18.0,-8.91,186.0,0.14,6.52,15.41,13.0,-2.41,191.0,0.08,6.49,35.24,26.0,-9.24,256.0,0.14,6.49,13,2,3,2,0,8,2,5,3,2,9,0,3,1,0,19,3,2,2,1,17,2,46,533,17,3,57,288,14,1,47,504,19,2,57,346,29,2,0,17,20,3,0,15,0.44,0.23,0.33,0.41,0.27,0.32,0.31,0.55,0.15,0.18,0.68,0.14,0.22,0.58,0.2,0.16,0.68,0.16,0.07,0.49,0.45,0.07,0.64,0.29,0.05,0.45,0.49,0.08,0.62,0.3,0.28,0.47,0.26,0.32,0.44,0.24,10.5,4.7,0.7,5.2,6.52,1.1,0.2,0.7,0.2,6.52,574.9,19.7,26.1,473.8,55.3,6.52,7.8,1.0,6.8,6.52,0.3,0.1,0.1,0.0,0.0,0.4,0.7,6.52,10.3,7.9,18.2,6.52,15.0,7.9,22.9,6.52,7.6,6.52,17.3,6.52,2.1,1.5,8.7,6.52,2.4,6.52,12.6,11.0,6.52,2.3,0.2,6.52,2.2,0.2,1.2,0.8,6.52,15.4,9.9,6.52,24.0,10.7,13.3,6.52,10.1,5.0,0.5,4.5,6.49,0.7,0.2,0.2,0.3,6.49,543.2,18.7,27.2,442.5,54.8,6.49,7.7,0.9,6.8,6.49,0.2,0.1,0.1,0.0,0.0,0.2,0.5,6.49,8.8,8.7,17.6,6.49,19.8,9.3,29.2,6.49,7.2,6.49,20.9,6.49,3.1,1.6,8.1,6.49,2.5,6.49,13.6,10.6,6.49,1.9,0.1,6.49,3.7,0.5,2.1,1.2,6.49,18.5,9.3,6.49,23.5,10.8,12.7,6.49,La_Liga,2023-2024
Mallorca,17,11.6,0.47,0.762,22.5,6.6,55,3,16,10.4,0.42,0.752,19.1,6.5,46,1,10.8,17.6,9.6,14.7,2.9,6.6,14.4,18.5,9.6,15.1,2.5,6.5,11.6,3.8,6.8,11.2,6.6,10.4,3.4,6.4,10.5,6.5,20.23,17.0,-3.23,220.0,0.09,6.6,16.18,16.0,-0.18,205.0,0.08,6.6,23.76,16.0,-7.76,198.0,0.12,6.5,30.51,27.0,-3.51,274.0,0.11,6.5,10,0,7,0,0,12,1,3,0,0,7,0,8,1,0,14,1,8,4,1,23,1,68,314,17,1,56,381,17,2,63,295,18,1,57,442,37,2,0,20,28,2,0,18,0.35,0.26,0.39,0.37,0.27,0.36,0.1,0.74,0.16,0.16,0.7,0.14,0.11,0.76,0.13,0.14,0.69,0.17,0.05,0.63,0.32,0.04,0.46,0.5,0.11,0.59,0.29,0.05,0.53,0.42,0.27,0.46,0.27,0.3,0.45,0.25,11.6,3.7,0.5,7.3,6.6,0.9,0.1,0.7,0.1,6.6,376.3,30.1,36.7,256.4,53.1,6.6,8.6,2.3,6.3,6.6,0.4,0.2,0.1,0.1,0.0,0.4,0.8,6.6,7.4,6.8,14.3,6.6,17.6,8.7,26.4,6.6,9.6,6.6,18.5,6.6,2.9,1.1,6.5,6.6,2.9,6.6,11.2,14.7,6.6,2.9,0.2,6.6,2.7,0.0,1.7,1.1,6.6,15.3,8.4,6.6,42.1,22.5,19.6,6.6,10.4,3.1,1.2,6.2,6.5,0.8,0.3,0.5,0.1,6.5,354.2,26.4,36.4,240.0,51.4,6.5,7.6,2.2,5.4,6.5,0.3,0.1,0.1,0.1,0.0,0.2,0.6,6.5,6.3,6.4,12.6,6.5,18.5,7.9,26.4,6.5,9.6,6.5,21.3,6.5,4.0,1.3,6.0,6.5,2.5,6.5,10.5,15.1,6.5,2.4,0.1,6.5,2.8,0.2,1.6,1.0,6.5,14.5,8.1,6.5,36.6,19.1,17.6,6.5,La_Liga,2023-2024
Osasuna,19,12.8,0.499,0.772,21.9,6.48,44,4,26,9.6,0.447,0.768,18.5,6.53,32,1,9.5,12.7,6.4,14.2,1.6,6.48,13.5,14.9,7.4,13.1,2.0,6.53,12.8,3.6,7.0,9.8,6.48,9.6,3.2,5.5,10.8,6.53,25.84,19.0,-6.84,242.0,0.11,6.48,22.96,26.0,3.04,181.0,0.13,6.48,21.68,26.0,4.32,183.0,0.12,6.53,33.06,30.0,-3.06,257.0,0.13,6.53,12,1,5,1,0,21,1,3,1,0,14,0,9,3,0,21,3,6,0,0,25,1,67,365,15,1,62,382,18,0,67,324,21,2,56,426,32,4,0,12,26,2,0,6,0.38,0.24,0.38,0.38,0.24,0.39,0.11,0.72,0.17,0.19,0.6,0.22,0.1,0.77,0.13,0.2,0.62,0.18,0.05,0.63,0.32,0.12,0.54,0.34,0.07,0.53,0.4,0.1,0.61,0.29,0.24,0.43,0.34,0.28,0.44,0.27,12.8,4.1,0.7,8.1,6.48,1.0,0.2,0.6,0.2,6.48,427.5,30.0,35.3,300.1,62.1,6.48,9.1,1.7,7.4,6.48,0.3,0.1,0.1,0.0,0.0,0.3,0.6,6.48,8.4,7.0,15.4,6.48,12.7,6.5,19.2,6.48,6.4,6.48,16.2,6.48,2.2,1.3,8.5,6.48,1.6,6.48,9.8,14.2,6.48,2.3,0.2,6.48,2.2,0.2,1.2,0.9,6.48,14.6,7.9,6.48,40.0,21.9,18.1,6.48,9.6,3.9,0.6,5.1,6.53,1.4,0.2,1.2,0.1,6.53,386.6,29.5,36.7,267.5,52.9,6.53,6.7,1.7,5.1,6.53,0.2,0.1,0.1,0.1,0.0,0.7,1.0,6.53,7.1,5.5,12.5,6.53,14.9,7.9,22.8,6.53,7.4,6.53,20.8,6.53,3.5,1.8,6.8,6.53,2.0,6.53,10.8,13.1,6.53,1.7,0.1,6.53,2.8,0.3,1.6,0.9,6.53,13.8,7.0,6.53,35.5,18.5,17.0,6.53,La_Liga,2023-2024
Rayo Vallecano,18,15.2,0.529,0.788,14.1,6.47,50,2,11,10.7,0.46,0.775,13.3,6.47,51,3,10.7,16.5,8.1,15.4,2.6,6.47,12.6,16.7,8.2,14.2,2.4,6.47,15.2,5.3,8.1,13.5,6.47,10.7,3.4,6.8,13.7,6.47,26.46,18.0,-8.46,289.0,0.09,6.47,24.44,25.0,0.56,204.0,0.12,6.47,18.96,11.0,-7.96,204.0,0.09,6.47,23.09,21.0,-2.09,239.0,0.1,6.47,8,0,7,3,0,19,4,1,1,1,6,1,1,3,0,13,1,7,0,1,23,1,67,375,14,2,67,333,13,1,62,332,22,1,57,399,34,5,0,14,39,5,0,12,0.41,0.23,0.37,0.36,0.24,0.4,0.2,0.61,0.2,0.16,0.66,0.18,0.24,0.54,0.22,0.19,0.63,0.18,0.06,0.51,0.43,0.06,0.59,0.34,0.05,0.43,0.52,0.06,0.61,0.33,0.27,0.42,0.32,0.3,0.45,0.25,15.2,6.6,0.9,7.7,6.47,0.9,0.2,0.5,0.3,6.47,434.9,27.1,37.8,315.6,54.5,6.47,10.1,2.0,8.1,6.47,0.1,0.0,0.0,0.0,0.1,0.3,0.4,6.47,10.4,8.1,18.4,6.47,16.5,8.3,24.8,6.47,8.1,6.47,17.1,6.47,2.8,1.0,8.2,6.47,2.6,6.47,13.5,15.4,6.47,2.6,0.1,6.47,2.2,0.1,1.3,0.8,6.47,17.8,10.6,6.47,29.5,14.1,15.4,6.47,10.7,5.6,0.6,4.6,6.47,0.6,0.2,0.4,0.0,6.47,388.3,21.6,39.7,279.1,47.8,6.47,6.5,1.3,5.2,6.47,0.0,0.0,0.0,0.0,0.0,0.3,0.3,6.47,9.1,6.8,15.9,6.47,16.7,9.5,26.2,6.47,8.2,6.47,22.7,6.47,2.7,2.2,7.9,6.47,2.4,6.47,13.7,14.2,6.47,2.7,0.2,6.47,3.4,0.4,2.0,1.0,6.47,15.6,9.1,6.47,28.8,13.3,15.5,6.47,La_Liga,2023-2024
Real Betis,27,15.3,0.517,0.847,13.7,6.71,43,1,21,10.6,0.485,0.811,12.1,6.6,42,2,9.4,19.2,8.6,11.1,2.1,6.71,14.2,17.2,9.6,11.5,1.7,6.6,15.3,4.7,10.6,13.0,6.71,10.6,3.6,9.7,13.2,6.6,29.99,26.0,-3.99,291.0,0.1,6.71,18.11,18.0,-0.11,179.0,0.1,6.71,20.26,20.0,-0.26,201.0,0.1,6.6,33.28,24.0,-9.28,270.0,0.12,6.6,14,2,8,2,1,12,1,3,2,1,18,1,1,0,1,12,1,6,5,2,19,1,47,438,16,1,51,403,15,1,55,384,21,2,52,408,34,5,0,6,32,1,0,11,0.42,0.21,0.37,0.42,0.21,0.36,0.21,0.64,0.15,0.13,0.71,0.17,0.28,0.56,0.15,0.13,0.69,0.18,0.06,0.6,0.34,0.08,0.55,0.37,0.06,0.62,0.31,0.08,0.54,0.38,0.26,0.45,0.3,0.3,0.43,0.26,15.3,5.3,0.9,9.2,6.71,1.4,0.2,1.0,0.2,6.71,479.8,23.6,22.8,382.7,50.7,6.71,11.4,1.8,9.6,6.71,0.2,0.1,0.0,0.0,0.0,0.7,0.9,6.71,10.7,10.6,21.4,6.71,19.2,7.7,26.9,6.71,8.6,6.71,18.8,6.71,2.1,1.7,8.4,6.71,2.1,6.71,13.0,11.1,6.71,2.3,0.1,6.71,1.9,0.2,0.8,0.9,6.71,17.1,12.3,6.71,26.7,13.7,13.0,6.71,10.6,3.3,0.7,6.6,6.6,1.1,0.1,0.7,0.3,6.6,434.0,23.3,30.6,328.6,51.4,6.6,8.0,1.5,6.5,6.6,0.2,0.0,0.1,0.0,0.0,0.4,0.7,6.6,10.7,9.7,20.4,6.6,17.2,9.4,26.6,6.6,9.6,6.6,20.4,6.6,3.3,2.2,8.5,6.6,1.7,6.6,13.2,11.5,6.6,2.2,0.1,6.6,4.2,0.3,2.1,1.8,6.6,15.9,10.2,6.6,25.9,12.1,13.8,6.6,La_Liga,2023-2024
Real Madrid,48,17.9,0.616,0.908,8.3,7.0,32,0,39,13.6,0.57,0.893,9.4,6.86,35,4,8.8,13.8,7.6,8.9,2.4,7.0,11.8,15.5,8.0,10.5,1.7,6.86,17.9,7.4,11.0,12.7,7.0,13.6,5.7,10.1,14.8,6.86,43.84,46.0,2.16,340.0,0.13,7.0,17.48,9.0,-8.48,168.0,0.1,7.0,32.22,39.0,6.78,258.0,0.12,6.86,23.1,16.0,-7.1,224.0,0.1,6.86,36,4,4,2,2,8,0,1,0,0,29,4,6,0,0,11,3,1,1,1,18,3,43,604,14,1,46,354,15,2,44,537,22,1,48,381,19,6,0,7,23,4,0,13,0.39,0.24,0.36,0.42,0.26,0.33,0.2,0.62,0.18,0.15,0.69,0.16,0.19,0.64,0.16,0.12,0.68,0.2,0.06,0.6,0.35,0.08,0.49,0.43,0.08,0.54,0.38,0.05,0.6,0.35,0.23,0.43,0.34,0.29,0.43,0.28,17.9,6.3,1.0,10.6,7.0,2.5,0.4,1.7,0.3,7.0,642.9,28.2,15.1,555.4,44.2,7.0,14.5,1.5,13.1,7.0,0.3,0.1,0.4,0.0,0.0,1.1,1.8,7.0,12.5,11.0,23.5,7.0,13.8,5.9,19.7,7.0,7.6,7.0,10.5,7.0,2.4,1.7,7.6,7.0,2.4,7.0,12.7,8.9,7.0,1.7,0.0,7.0,2.1,0.2,1.2,0.7,7.0,12.0,8.8,7.0,15.2,8.3,6.8,7.0,13.6,5.2,1.1,7.4,6.86,2.1,0.4,1.5,0.2,6.86,576.4,25.8,18.4,489.1,43.2,6.86,10.6,1.6,9.0,6.86,0.5,0.2,0.3,0.1,0.0,0.9,1.7,6.86,13.2,10.1,23.3,6.86,15.5,6.5,22.0,6.86,8.0,6.86,15.1,6.86,3.1,2.8,8.0,6.86,1.7,6.86,14.8,10.5,6.86,1.8,0.2,6.86,2.8,0.2,1.9,0.7,6.86,13.3,7.6,6.86,17.4,9.4,7.9,6.86,La_Liga,2023-2024
Real Sociedad,26,12.9,0.566,0.824,20.4,6.61,44,2,25,11.3,0.545,0.816,20.3,6.67,54,0,9.7,15.5,5.7,14.9,2.2,6.61,11.1,18.7,7.6,16.9,2.7,6.67,12.9,4.8,8.3,11.8,6.61,11.3,3.4,8.6,11.5,6.67,26.03,23.0,-3.03,246.0,0.11,6.61,23.37,19.0,-4.37,185.0,0.13,6.61,23.2,25.0,1.8,215.0,0.11,6.67,23.88,19.0,-4.88,210.0,0.11,6.67,17,2,3,1,3,12,1,3,3,1,11,2,9,3,0,11,1,4,3,0,19,2,51,422,13,1,61,305,17,1,50,408,15,1,66,317,27,5,0,14,40,2,0,12,0.39,0.24,0.37,0.4,0.24,0.36,0.15,0.63,0.22,0.2,0.63,0.17,0.15,0.66,0.19,0.17,0.7,0.13,0.1,0.48,0.42,0.1,0.54,0.36,0.1,0.51,0.39,0.06,0.58,0.36,0.23,0.44,0.33,0.27,0.45,0.28,12.9,5.4,1.3,6.3,6.61,1.4,0.3,0.9,0.1,6.61,469.9,25.9,25.3,361.3,57.4,6.61,8.9,1.1,7.8,6.61,0.2,0.0,0.2,0.0,0.0,0.6,1.0,6.61,10.3,8.3,18.6,6.61,15.5,7.1,22.6,6.61,5.7,6.61,15.4,6.61,3.1,0.8,7.2,6.61,2.2,6.61,11.8,14.9,6.61,2.3,0.1,6.61,2.2,0.2,1.3,0.7,6.61,16.2,8.1,6.61,38.0,20.4,17.6,6.61,11.3,4.4,1.2,5.7,6.67,1.3,0.4,0.6,0.3,6.67,453.2,23.3,26.5,346.7,56.8,6.67,7.9,1.3,6.6,6.67,0.4,0.1,0.1,0.1,0.0,0.5,0.9,6.67,8.7,8.6,17.3,6.67,18.7,7.1,25.8,6.67,7.6,6.67,19.8,6.67,3.2,1.3,7.9,6.67,2.7,6.67,11.5,16.9,6.67,2.8,0.0,6.67,2.9,0.1,1.9,0.9,6.67,16.1,10.4,6.67,41.4,20.3,21.1,6.67,La_Liga,2023-2024
Sevilla,27,14.7,0.512,0.824,17.4,6.65,55,2,21,11.0,0.488,0.807,15.3,6.58,53,2,12.2,18.2,8.3,13.0,2.4,6.65,14.2,18.5,8.2,12.1,1.6,6.58,14.7,4.9,8.4,12.5,6.65,11.0,3.6,6.9,10.8,6.58,31.54,26.0,-5.54,280.0,0.11,6.65,30.49,27.0,-3.49,231.0,0.13,6.65,21.94,20.0,-1.94,209.0,0.1,6.58,33.46,25.0,-8.46,270.0,0.12,6.58,14,3,8,1,1,12,1,10,4,0,12,2,5,1,1,20,2,2,1,2,28,1,60,386,17,2,54,379,22,1,63,378,20,2,57,407,35,2,0,20,39,3,0,13,0.36,0.23,0.41,0.37,0.23,0.4,0.16,0.69,0.14,0.18,0.71,0.12,0.16,0.7,0.15,0.17,0.63,0.2,0.07,0.6,0.33,0.12,0.51,0.37,0.09,0.56,0.36,0.06,0.61,0.33,0.27,0.42,0.31,0.31,0.43,0.27,14.7,4.9,1.0,8.8,6.65,1.4,0.3,0.9,0.2,6.65,438.9,29.7,28.2,332.1,49.0,6.65,11.1,2.6,8.4,6.65,0.4,0.1,0.1,0.0,0.1,0.4,0.9,6.65,9.2,8.4,17.6,6.65,18.2,7.6,25.8,6.65,8.3,6.65,16.7,6.65,2.6,1.8,7.7,6.65,2.4,6.65,12.5,13.0,6.65,2.9,0.1,6.65,3.1,0.3,1.5,1.2,6.65,16.4,7.4,6.65,31.3,17.4,13.8,6.65,11.0,3.9,0.9,6.1,6.58,1.1,0.2,0.7,0.2,6.58,434.7,27.8,34.0,322.7,50.1,6.58,8.1,2.2,5.9,6.58,0.4,0.1,0.0,0.1,0.0,0.3,0.7,6.58,8.7,6.9,15.7,6.58,18.5,7.7,26.2,6.58,8.2,6.58,20.8,6.58,3.8,2.0,6.6,6.58,1.6,6.58,10.8,12.1,6.58,2.8,0.1,6.58,3.4,0.1,2.3,1.0,6.58,16.3,7.4,6.58,29.5,15.3,14.2,6.58,La_Liga,2023-2024
Valencia,20,11.4,0.468,0.795,12.8,6.62,29,1,20,8.5,0.405,0.742,13.2,6.48,31,4,9.9,16.2,8.8,12.8,2.1,6.62,11.8,18.4,8.3,12.5,1.5,6.48,11.4,3.8,7.4,12.5,6.62,8.5,3.2,7.1,12.5,6.48,26.46,20.0,-6.46,216.0,0.12,6.62,21.18,13.0,-8.18,189.0,0.11,6.62,19.35,19.0,-0.35,161.0,0.12,6.48,29.79,30.0,0.21,224.0,0.13,6.48,14,0,0,6,0,9,0,3,1,1,14,2,1,2,1,20,1,7,2,1,19,1,59,355,17,1,59,414,12,1,61,302,22,2,63,468,23,1,0,7,22,2,0,12,0.36,0.21,0.43,0.37,0.22,0.41,0.18,0.57,0.25,0.18,0.67,0.14,0.19,0.65,0.15,0.13,0.69,0.18,0.05,0.57,0.38,0.08,0.54,0.38,0.08,0.53,0.39,0.1,0.58,0.32,0.28,0.43,0.28,0.31,0.44,0.25,11.4,4.3,0.6,6.5,6.62,1.1,0.2,0.8,0.1,6.62,408.2,24.8,33.3,299.8,50.3,6.62,7.7,1.2,6.6,6.62,0.2,0.0,0.1,0.0,0.0,0.3,0.5,6.62,10.8,7.4,18.3,6.62,16.2,8.6,24.7,6.62,8.8,6.62,18.1,6.62,3.2,1.5,8.5,6.62,2.1,6.62,12.5,12.8,6.62,1.5,0.1,6.62,2.5,0.1,1.7,0.7,6.62,14.7,8.5,6.62,29.5,12.8,16.7,6.62,8.5,3.3,0.7,4.5,6.48,1.1,0.1,0.9,0.1,6.48,359.0,20.4,40.7,245.8,52.1,6.48,6.4,0.9,5.4,6.48,0.1,0.0,0.1,0.0,0.0,0.6,0.7,6.48,8.5,7.1,15.6,6.48,18.4,7.7,26.1,6.48,8.3,6.48,24.1,6.48,2.4,1.8,6.6,6.48,1.5,6.48,12.5,12.5,6.48,1.6,0.2,6.48,3.6,0.3,2.3,1.1,6.48,15.9,8.2,6.48,30.0,13.2,16.8,6.48,La_Liga,2023-2024
Villarreal,36,15.4,0.524,0.845,14.6,6.7,46,1,29,9.3,0.461,0.838,10.7,6.55,56,7,13.6,16.8,8.0,13.1,2.8,6.7,17.3,13.5,8.0,12.6,2.1,6.55,15.4,5.4,9.7,12.6,6.7,9.3,3.6,8.7,11.7,6.55,35.81,36.0,0.19,293.0,0.12,6.7,28.04,32.0,3.96,258.0,0.11,6.7,24.73,28.0,3.27,176.0,0.14,6.55,36.36,32.0,-4.36,328.0,0.11,6.55,21,3,9,3,0,20,1,9,2,0,20,3,3,2,1,18,4,6,4,1,20,2,50,428,18,2,57,377,11,2,51,381,29,1,50,442,32,5,0,10,46,7,0,14,0.33,0.28,0.39,0.32,0.27,0.41,0.14,0.72,0.14,0.15,0.67,0.18,0.16,0.58,0.25,0.16,0.67,0.16,0.07,0.67,0.26,0.08,0.55,0.38,0.06,0.68,0.26,0.08,0.59,0.33,0.28,0.41,0.31,0.35,0.41,0.23,15.4,4.1,1.1,10.3,6.7,1.9,0.5,1.4,0.1,6.7,472.3,26.2,23.1,373.1,49.9,6.7,11.7,2.2,9.5,6.7,0.7,0.2,0.2,0.1,0.0,0.6,1.5,6.7,10.7,9.7,20.4,6.7,16.8,6.9,23.7,6.7,8.0,6.7,15.5,6.7,3.1,0.9,7.0,6.7,2.8,6.7,12.6,13.1,6.7,2.4,0.1,6.7,3.6,0.2,2.3,1.2,6.7,14.9,10.7,6.7,24.6,14.6,9.9,6.7,9.3,2.4,0.6,6.3,6.55,1.5,0.3,1.2,0.0,6.55,427.6,25.2,26.1,333.2,43.2,6.55,7.6,1.4,6.2,6.55,0.2,0.1,0.1,0.0,0.0,0.7,1.0,6.55,8.9,8.7,17.6,6.55,13.5,7.4,20.9,6.55,8.0,6.55,24.1,6.55,3.8,2.0,6.5,6.55,2.1,6.55,11.7,12.6,6.55,2.9,0.4,6.55,4.3,0.2,2.4,1.7,6.55,15.1,8.1,6.55,20.1,10.7,9.4,6.55,La_Liga,2023-2024
Athletic Club,32,13.5,0.489,0.821,13.5,6.7,33,1,22,11.1,0.467,0.799,13.2,6.59,29,2,7.7,15.1,8.7,13.2,1.8,6.7,10.3,15.3,9.4,12.3,1.7,6.59,13.5,4.7,8.9,9.8,6.7,11.1,3.4,8.4,10.5,6.59,34.21,31.0,-3.21,257.0,0.13,6.7,20.36,12.0,-8.36,147.0,0.14,6.7,23.57,22.0,-1.57,211.0,0.11,6.59,21.03,16.0,-5.03,196.0,0.11,6.59,22,2,5,2,1,3,2,5,2,1,13,0,8,1,0,10,1,4,1,0,22,2,51,370,13,2,55,395,18,1,58,349,18,1,61,407,29,1,0,4,23,2,0,7,0.35,0.25,0.4,0.37,0.26,0.37,0.14,0.69,0.17,0.15,0.72,0.13,0.19,0.66,0.15,0.17,0.65,0.18,0.08,0.6,0.32,0.05,0.61,0.34,0.06,0.59,0.35,0.08,0.56,0.36,0.21,0.44,0.34,0.26,0.44,0.29,13.5,4.4,1.1,8.1,6.7,1.7,0.3,1.2,0.2,6.7,416.3,23.8,26.3,317.8,48.4,6.7,10.1,1.3,8.8,6.7,0.3,0.1,0.1,0.0,0.0,0.8,1.3,6.7,12.3,8.9,21.2,6.7,15.1,8.3,23.4,6.7,8.7,6.7,20.9,6.7,1.7,1.4,6.5,6.7,1.8,6.7,9.8,13.2,6.7,1.7,0.1,6.7,1.7,0.2,1.1,0.4,6.7,14.8,11.2,6.7,25.1,13.5,11.6,6.7,11.1,3.9,0.6,6.5,6.59,1.2,0.2,0.8,0.2,6.59,401.7,25.1,32.2,295.9,48.5,6.59,8.4,1.2,7.2,6.59,0.4,0.1,0.1,0.1,0.0,0.4,0.8,6.59,12.1,8.4,20.5,6.59,15.3,6.6,21.9,6.59,9.4,6.59,25.0,6.59,2.1,1.3,8.3,6.59,1.7,6.59,10.5,12.3,6.59,1.5,0.1,6.59,2.8,0.3,1.8,0.7,6.59,16.6,9.9,6.59,29.1,13.2,15.9,6.59,La_Liga,2024-2025
Atletico Madrid,42,14.7,0.522,0.857,11.1,6.79,37,2,26,10.1,0.522,0.846,12.6,6.63,38,1,8.5,15.7,7.4,10.4,1.9,6.79,12.2,16.9,6.3,11.3,1.9,6.63,14.7,5.9,8.3,11.2,6.79,10.1,3.6,6.2,11.3,6.63,43.34,42.0,-1.34,279.0,0.16,6.79,14.81,15.0,0.19,161.0,0.09,6.79,26.11,26.0,-0.11,191.0,0.14,6.63,22.86,13.0,-9.86,231.0,0.1,6.63,30,4,5,3,0,7,1,3,4,0,15,6,2,3,0,9,0,3,1,2,21,2,44,479,15,1,54,429,15,2,48,474,19,1,52,423,25,1,0,13,27,3,0,9,0.35,0.24,0.41,0.37,0.23,0.4,0.12,0.7,0.18,0.12,0.66,0.21,0.21,0.63,0.15,0.19,0.62,0.19,0.09,0.61,0.3,0.08,0.47,0.45,0.06,0.6,0.34,0.03,0.57,0.4,0.26,0.45,0.29,0.32,0.44,0.25,14.7,4.4,1.4,8.9,6.79,2.2,0.5,1.4,0.3,6.79,518.8,23.7,20.3,420.9,53.9,6.79,10.9,1.7,9.2,6.79,0.3,0.0,0.5,0.0,0.0,0.9,1.7,6.79,10.4,8.3,18.7,6.79,15.7,7.5,23.2,6.79,7.4,6.79,17.1,6.79,2.2,1.0,7.1,6.79,1.9,6.79,11.2,10.4,6.79,1.9,0.1,6.79,1.8,0.1,1.1,0.7,6.79,14.2,7.4,6.79,22.6,11.1,11.5,6.79,10.1,3.4,0.6,6.1,6.63,1.4,0.3,0.9,0.2,6.63,517.4,24.5,23.2,413.4,56.4,6.63,7.5,0.9,6.6,6.63,0.2,0.0,0.0,0.0,0.0,0.8,1.0,6.63,8.7,6.2,14.9,6.63,16.9,8.7,25.6,6.63,6.3,6.63,23.9,6.63,2.9,1.5,6.7,6.63,1.9,6.63,11.3,11.3,6.63,2.0,0.1,6.63,2.8,0.1,1.8,0.9,6.63,14.3,7.1,6.63,23.7,12.6,11.1,6.63,La_Liga,2024-2025
Barcelona,52,20.5,0.71,0.897,10.5,6.89,24,0,50,15.2,0.674,0.875,9.8,6.85,37,3,6.1,13.2,6.1,9.9,1.9,6.89,9.4,15.2,5.8,9.4,1.5,6.85,20.5,7.5,12.7,11.9,6.89,15.2,5.7,11.3,12.6,6.85,54.8,50.0,-4.8,390.0,0.14,6.89,18.52,20.0,1.48,116.0,0.16,6.89,41.43,49.0,7.57,288.0,0.14,6.85,25.59,19.0,-6.59,178.0,0.14,6.85,34,4,8,4,2,11,5,2,2,0,35,5,6,3,1,12,3,2,2,0,20,4,36,629,10,1,54,219,17,3,42,564,16,2,56,234,18,2,0,4,28,5,0,8,0.33,0.31,0.36,0.33,0.3,0.37,0.09,0.7,0.21,0.22,0.63,0.16,0.11,0.72,0.17,0.15,0.68,0.17,0.09,0.55,0.36,0.08,0.71,0.22,0.1,0.53,0.36,0.06,0.67,0.28,0.18,0.44,0.39,0.24,0.44,0.31,20.5,7.3,1.8,11.4,6.89,2.7,0.4,1.8,0.4,6.89,663.4,23.5,12.9,571.6,55.3,6.89,15.4,1.2,14.3,6.89,0.3,0.0,0.4,0.0,0.0,1.3,1.9,6.89,12.5,12.7,25.2,6.89,13.2,6.8,19.9,6.89,6.1,6.89,11.6,6.89,1.4,1.3,7.0,6.89,1.9,6.89,11.9,9.9,6.89,1.3,0.0,6.89,1.3,0.1,0.9,0.3,6.89,15.3,8.4,6.89,19.8,10.5,9.4,6.89,15.2,5.5,1.6,8.1,6.85,2.6,0.5,1.6,0.4,6.85,602.6,22.6,19.8,504.7,55.5,6.85,10.9,1.8,9.1,6.85,0.3,0.0,0.4,0.1,0.0,1.2,1.9,6.85,11.4,11.3,22.6,6.85,15.2,6.3,21.5,6.85,5.8,6.85,17.8,6.85,1.7,1.7,7.2,6.85,1.5,6.85,12.6,9.4,6.85,1.9,0.2,6.85,2.3,0.1,1.5,0.7,6.85,15.2,8.3,6.85,19.1,9.8,9.2,6.85,La_Liga,2024-2025
Celta Vigo,32,12.4,0.538,0.856,10.9,6.62,40,2,27,11.4,0.534,0.85,9.9,6.43,38,4,9.8,15.1,7.5,12.3,1.9,6.62,11.4,14.1,7.3,12.0,1.6,6.43,12.4,5.3,6.5,11.5,6.62,11.4,4.2,6.8,11.4,6.43,29.37,32.0,2.63,235.0,0.12,6.62,21.76,21.0,-0.76,186.0,0.12,6.62,28.59,26.0,-2.59,216.0,0.13,6.43,27.4,34.0,6.6,217.0,0.13,6.43,28,0,1,3,0,16,2,2,1,0,13,4,4,5,1,17,5,10,2,2,13,3,45,491,18,2,54,403,13,2,47,462,18,1,58,382,34,3,0,5,28,5,0,12,0.34,0.29,0.37,0.37,0.27,0.36,0.22,0.62,0.16,0.17,0.72,0.11,0.17,0.66,0.17,0.11,0.76,0.13,0.08,0.56,0.36,0.06,0.63,0.31,0.06,0.61,0.33,0.09,0.57,0.34,0.25,0.47,0.28,0.28,0.46,0.27,12.4,4.5,0.9,6.9,6.62,1.7,0.4,1.0,0.3,6.62,532.1,23.2,22.1,432.1,54.6,6.62,9.4,1.4,8.0,6.62,0.2,0.0,0.2,0.0,0.0,0.9,1.3,6.62,9.7,6.5,16.3,6.62,15.1,7.8,22.9,6.62,7.5,6.62,21.5,6.62,2.6,1.9,6.9,6.62,1.9,6.62,11.5,12.3,6.62,2.1,0.1,6.62,2.3,0.1,1.6,0.6,6.62,14.6,7.3,6.62,22.9,10.9,12.0,6.62,11.4,3.7,0.7,6.9,6.43,1.4,0.1,1.1,0.2,6.43,504.4,22.9,24.3,405.7,51.4,6.43,8.5,1.3,7.2,6.43,0.3,0.0,0.1,0.0,0.0,0.5,0.8,6.43,9.9,6.8,16.8,6.43,14.1,7.5,21.6,6.43,7.3,6.43,19.3,6.43,2.2,2.1,6.4,6.43,1.6,6.43,11.4,12.0,6.43,2.0,0.2,6.43,2.5,0.2,1.4,0.9,6.43,14.8,8.3,6.43,21.2,9.9,11.3,6.43,La_Liga,2024-2025
Deportivo Alaves,14,10.6,0.458,0.746,17.5,6.53,46,5,24,10.6,0.434,0.733,17.3,6.5,57,0,10.3,19.6,7.9,15.2,1.9,6.53,11.1,19.2,8.3,17.6,2.1,6.5,10.6,3.5,5.3,12.2,6.53,10.6,3.6,4.4,12.8,6.5,21.69,14.0,-7.69,202.0,0.11,6.53,22.14,17.0,-5.14,195.0,0.11,6.53,23.82,24.0,0.18,202.0,0.12,6.5,31.45,29.0,-2.45,211.0,0.15,6.5,8,1,2,3,0,8,3,3,3,0,12,1,5,6,0,13,1,7,8,2,24,2,62,292,17,1,61,368,18,1,62,272,21,1,56,381,36,5,0,12,39,5,0,13,0.35,0.24,0.41,0.41,0.25,0.34,0.14,0.67,0.18,0.18,0.7,0.12,0.19,0.68,0.13,0.17,0.7,0.13,0.1,0.55,0.35,0.05,0.58,0.36,0.06,0.61,0.33,0.06,0.66,0.28,0.25,0.43,0.32,0.27,0.45,0.28,10.6,3.7,1.1,5.9,6.53,0.7,0.2,0.4,0.2,6.53,351.5,26.2,35.5,235.9,53.9,6.53,7.5,1.9,5.6,6.53,0.2,0.1,0.0,0.0,0.0,0.1,0.3,6.53,8.2,5.3,13.5,6.53,19.6,9.5,29.1,6.53,7.9,6.53,21.4,6.53,2.5,1.3,7.4,6.53,1.9,6.53,12.2,15.2,6.53,2.4,0.3,6.53,2.2,0.0,1.5,0.7,6.53,15.6,8.6,6.53,35.7,17.5,18.2,6.53,10.6,3.5,0.6,6.5,6.5,1.3,0.2,1.0,0.1,6.5,330.4,25.4,35.6,216.9,52.5,6.5,7.4,1.4,6.1,6.5,0.2,0.1,0.2,0.1,0.0,0.4,0.8,6.5,7.2,4.4,11.6,6.5,19.2,10.4,29.6,6.5,8.3,6.5,24.5,6.5,2.5,2.1,7.7,6.5,2.1,6.5,12.8,17.6,6.5,3.0,0.0,6.5,2.3,0.1,1.4,0.8,6.5,15.9,7.6,6.5,36.6,17.3,19.4,6.5,La_Liga,2024-2025
Espanyol,23,9.9,0.393,0.785,13.4,6.59,42,1,17,8.8,0.387,0.769,13.3,6.46,46,0,13.5,17.6,8.1,13.1,2.1,6.59,16.5,16.0,8.6,13.1,1.1,6.46,9.9,3.2,5.8,12.0,6.59,8.8,2.3,5.7,10.7,6.46,21.14,23.0,1.86,189.0,0.11,6.59,24.5,20.0,-4.5,256.0,0.1,6.59,18.36,15.0,-3.36,167.0,0.11,6.46,33.44,30.0,-3.44,313.0,0.11,6.46,9,6,5,3,0,13,0,5,2,0,4,2,7,2,2,23,1,4,2,1,18,2,52,283,21,1,48,475,15,1,54,278,24,1,46,479,27,3,0,13,29,2,0,15,0.34,0.26,0.4,0.35,0.28,0.37,0.22,0.66,0.13,0.16,0.62,0.21,0.15,0.7,0.14,0.18,0.67,0.15,0.06,0.55,0.39,0.06,0.58,0.36,0.06,0.57,0.37,0.06,0.59,0.35,0.31,0.44,0.25,0.34,0.44,0.22,9.9,3.9,0.5,5.5,6.59,1.2,0.3,0.7,0.2,6.59,330.0,22.5,28.9,236.7,41.8,6.59,7.3,1.3,6.1,6.59,0.3,0.0,0.1,0.1,0.0,0.5,0.9,6.59,8.8,5.8,14.6,6.59,17.6,8.2,25.8,6.59,8.1,6.59,28.1,6.59,4.2,2.1,7.5,6.59,2.1,6.59,12.0,13.1,6.59,2.2,0.1,6.59,3.3,0.2,1.9,1.2,6.59,14.0,7.4,6.59,27.3,13.4,13.8,6.59,8.8,3.3,0.5,5.0,6.46,0.9,0.1,0.6,0.1,6.46,326.4,21.6,31.5,229.4,43.9,6.46,6.2,1.2,5.1,6.46,0.1,0.1,0.1,0.1,0.0,0.3,0.5,6.46,8.3,5.7,14.0,6.46,16.0,7.5,23.5,6.46,8.6,6.46,28.5,6.46,4.0,1.9,7.3,6.46,1.1,6.46,10.7,13.1,6.46,2.4,0.0,6.46,4.3,0.3,2.4,1.6,6.46,15.5,5.3,6.46,26.4,13.3,13.1,6.46,La_Liga,2024-2025
Getafe,15,12.2,0.449,0.706,22.7,6.51,48,3,19,10.7,0.368,0.688,18.5,6.56,56,4,8.5,15.4,6.7,15.4,2.1,6.51,11.0,18.6,7.7,16.3,2.7,6.56,12.2,3.5,7.4,14.3,6.51,10.7,3.3,6.5,12.3,6.56,22.69,15.0,-7.69,231.0,0.1,6.51,20.42,19.0,-1.42,162.0,0.13,6.51,20.01,19.0,-1.01,204.0,0.1,6.56,29.7,20.0,-9.7,209.0,0.14,6.56,7,0,5,3,0,11,2,3,3,0,10,1,6,2,0,10,1,4,5,0,20,1,67,252,14,1,65,337,18,1,61,212,19,1,57,419,35,7,0,10,44,5,0,13,0.42,0.26,0.31,0.41,0.24,0.34,0.18,0.71,0.11,0.16,0.72,0.12,0.16,0.71,0.13,0.16,0.67,0.17,0.06,0.52,0.42,0.09,0.53,0.38,0.05,0.55,0.39,0.06,0.62,0.32,0.22,0.44,0.34,0.25,0.44,0.31,12.2,5.1,0.8,6.3,6.51,0.8,0.2,0.5,0.1,6.51,315.3,26.3,40.3,196.4,52.4,6.51,8.1,1.6,6.5,6.51,0.2,0.0,0.0,0.1,0.0,0.2,0.3,6.51,9.4,7.4,16.8,6.51,15.4,8.1,23.4,6.51,6.7,6.51,23.2,6.51,2.3,0.9,8.7,6.51,2.1,6.51,14.3,15.4,6.51,2.5,0.2,6.51,1.7,0.1,0.9,0.6,6.51,20.7,9.4,6.51,44.7,22.7,22.0,6.51,10.7,4.3,0.6,5.9,6.56,1.0,0.2,0.8,0.1,6.56,269.8,21.9,37.9,163.7,46.2,6.56,7.6,1.3,6.3,6.56,0.3,0.1,0.0,0.0,0.0,0.5,0.8,6.56,9.8,6.5,16.3,6.56,18.6,9.4,28.0,6.56,7.7,6.56,31.3,6.56,2.2,1.7,8.5,6.56,2.7,6.56,12.3,16.3,6.56,2.9,0.2,6.56,2.9,0.2,1.7,1.1,6.56,17.1,9.4,6.56,36.9,18.5,18.4,6.56,La_Liga,2024-2025
Girona,27,11.4,0.568,0.878,8.6,6.52,33,1,17,9.7,0.553,0.878,8.9,6.47,44,1,10.6,13.4,6.8,10.5,2.2,6.52,13.4,16.6,7.9,12.5,1.9,6.47,11.4,4.0,7.4,12.3,6.52,9.7,3.4,7.9,10.8,6.47,26.3,26.0,-0.3,217.0,0.12,6.52,26.36,30.0,3.64,202.0,0.13,6.52,18.44,17.0,-1.44,185.0,0.1,6.47,28.85,29.0,0.15,254.0,0.11,6.47,15,0,9,2,1,22,2,5,1,0,10,1,4,2,0,15,6,6,2,1,23,1,43,486,13,1,44,361,19,1,45,470,19,1,47,365,20,2,0,12,30,1,0,14,0.38,0.23,0.39,0.4,0.24,0.36,0.11,0.69,0.2,0.15,0.7,0.15,0.19,0.61,0.21,0.21,0.63,0.16,0.1,0.59,0.31,0.06,0.58,0.36,0.05,0.58,0.37,0.08,0.52,0.4,0.27,0.43,0.31,0.3,0.43,0.26,11.4,3.5,1.2,6.7,6.52,1.4,0.4,0.9,0.1,6.52,524.2,22.7,19.8,437.5,44.2,6.52,8.8,1.7,7.2,6.52,0.4,0.1,0.1,0.0,0.0,0.6,1.1,6.52,9.4,7.4,16.8,6.52,13.4,6.8,20.2,6.52,6.8,6.52,16.0,6.52,2.3,0.8,5.7,6.52,2.2,6.52,12.3,10.5,6.52,1.7,0.1,6.52,2.8,0.2,1.7,0.9,6.52,12.3,8.9,6.52,17.7,8.6,9.1,6.52,9.7,3.6,0.5,5.6,6.47,0.9,0.2,0.5,0.2,6.47,510.5,21.8,23.0,426.5,39.2,6.47,7.4,1.3,6.1,6.47,0.2,0.0,0.1,0.0,0.0,0.3,0.6,6.47,8.6,7.9,16.6,6.47,16.6,7.1,23.7,6.47,7.9,6.47,20.1,6.47,3.2,1.5,6.0,6.47,1.9,6.47,10.8,12.5,6.47,2.3,0.1,6.47,2.7,0.3,1.5,0.9,6.47,15.2,7.5,6.47,18.5,8.9,9.6,6.47,La_Liga,2024-2025
Las Palmas,21,13.2,0.529,0.818,15.4,6.47,53,1,19,8.5,0.484,0.805,13.1,6.47,54,3,11.9,16.2,8.3,12.4,1.4,6.47,16.5,16.4,8.6,11.4,1.7,6.47,13.2,4.1,6.4,11.9,6.47,8.5,3.4,6.2,12.4,6.47,23.97,20.0,-3.97,251.0,0.1,6.47,30.69,27.0,-3.69,226.0,0.14,6.47,16.37,18.0,1.63,162.0,0.1,6.47,41.4,31.0,-10.4,314.0,0.13,6.47,10,1,6,3,1,21,1,4,1,2,12,3,3,0,1,17,4,6,4,1,23,1,53,396,15,1,52,353,13,1,58,372,24,2,48,401,30,3,0,22,39,3,0,16,0.41,0.25,0.35,0.39,0.24,0.37,0.25,0.63,0.12,0.21,0.64,0.15,0.21,0.61,0.17,0.13,0.7,0.17,0.05,0.56,0.39,0.1,0.59,0.31,0.04,0.54,0.41,0.08,0.61,0.31,0.26,0.46,0.28,0.33,0.43,0.22,13.2,5.2,0.6,7.4,6.47,1.1,0.2,0.7,0.2,6.47,443.5,23.6,28.8,339.4,51.7,6.47,9.4,1.7,7.7,6.47,0.1,0.0,0.1,0.0,0.0,0.4,0.5,6.47,8.1,6.4,14.4,6.47,16.2,7.9,24.1,6.47,8.3,6.47,21.4,6.47,2.5,1.1,7.6,6.47,1.4,6.47,11.9,12.4,6.47,2.8,0.1,6.47,2.6,0.1,1.5,1.0,6.47,15.3,7.0,6.47,32.5,15.4,17.2,6.47,8.5,3.5,0.4,4.6,6.47,1.0,0.2,0.6,0.2,6.47,424.8,22.8,33.8,319.1,49.1,6.47,6.6,1.2,5.4,6.47,0.2,0.1,0.1,0.0,0.0,0.6,0.9,6.47,9.4,6.2,15.6,6.47,16.4,7.1,23.5,6.47,8.6,6.47,26.6,6.47,4.8,2.6,7.9,6.47,1.7,6.47,12.4,11.4,6.47,2.8,0.2,6.47,3.9,0.2,2.5,1.3,6.47,13.5,7.5,6.47,26.1,13.1,13.0,6.47,La_Liga,2024-2025
Leganes,23,8.9,0.435,0.774,12.2,6.51,37,5,16,9.6,0.41,0.77,13.1,6.57,45,1,13.3,15.3,8.2,13.6,2.8,6.51,16.7,18.0,9.3,12.9,1.6,6.57,8.9,2.9,6.3,12.7,6.51,9.6,3.3,9.6,12.0,6.57,21.73,22.0,0.27,169.0,0.13,6.51,30.74,26.0,-4.74,253.0,0.12,6.51,17.44,16.0,-1.44,183.0,0.1,6.57,35.68,27.0,-8.68,318.0,0.11,6.57,13,2,2,5,1,11,1,10,4,1,10,2,4,0,0,17,2,5,3,2,13,1,63,305,20,1,51,421,13,2,61,290,26,2,49,448,28,2,0,12,34,2,0,10,0.37,0.25,0.38,0.38,0.26,0.36,0.15,0.71,0.15,0.15,0.69,0.16,0.16,0.63,0.2,0.14,0.72,0.14,0.04,0.52,0.44,0.09,0.58,0.33,0.05,0.48,0.48,0.06,0.58,0.35,0.3,0.44,0.26,0.32,0.44,0.24,8.9,3.9,0.4,4.6,6.51,1.2,0.1,1.0,0.1,6.51,361.6,21.6,39.7,258.3,41.9,6.51,5.8,1.1,4.7,6.51,0.2,0.1,0.0,0.0,0.0,0.5,0.7,6.51,8.3,6.3,14.6,6.51,15.3,6.7,22.1,6.51,8.2,6.51,26.7,6.51,3.8,1.8,7.4,6.51,2.8,6.51,12.7,13.6,6.51,1.9,0.3,6.51,2.8,0.2,1.8,0.9,6.51,14.7,8.1,6.51,27.7,12.2,15.6,6.51,9.6,4.6,0.5,4.6,6.57,0.8,0.2,0.5,0.2,6.57,347.6,20.6,39.6,247.1,40.3,6.57,6.9,1.1,5.8,6.57,0.2,0.1,0.1,0.1,0.0,0.5,0.7,6.57,8.7,9.6,18.3,6.57,18.0,9.3,27.3,6.57,9.3,6.57,34.2,6.57,4.5,1.7,7.3,6.57,1.6,6.57,12.0,12.9,6.57,2.4,0.1,6.57,3.6,0.1,2.3,1.2,6.57,15.5,8.5,6.57,30.5,13.1,17.4,6.57,La_Liga,2024-2025
Mallorca,20,11.3,0.474,0.81,17.8,6.58,33,4,15,9.1,0.45,0.795,18.2,6.54,46,2,13.2,14.7,8.3,11.3,2.4,6.58,16.7,16.1,8.9,13.3,1.7,6.54,11.3,3.4,6.5,11.8,6.58,9.1,2.6,7.0,10.9,6.54,24.74,19.0,-5.74,214.0,0.12,6.58,24.56,20.0,-4.56,250.0,0.1,6.58,20.87,15.0,-5.87,173.0,0.12,6.54,28.5,23.0,-5.5,318.0,0.09,6.54,9,2,5,3,1,10,4,4,2,1,10,0,4,1,0,16,2,4,1,0,21,1,56,340,20,1,54,386,18,1,58,320,23,1,51,409,21,0,0,17,35,0,0,13,0.38,0.25,0.36,0.4,0.25,0.35,0.1,0.77,0.13,0.19,0.67,0.14,0.08,0.81,0.12,0.19,0.61,0.19,0.07,0.68,0.25,0.08,0.52,0.4,0.09,0.6,0.31,0.07,0.49,0.44,0.29,0.44,0.27,0.32,0.44,0.24,11.3,2.8,0.7,7.7,6.58,1.1,0.2,0.8,0.0,6.58,390.8,26.3,28.6,290.4,45.5,6.58,8.1,2.6,5.5,6.58,0.5,0.1,0.0,0.1,0.0,0.2,0.7,6.58,8.7,6.5,15.2,6.58,14.7,5.8,20.6,6.58,8.3,6.58,26.9,6.58,3.7,1.9,6.4,6.58,2.4,6.58,11.8,11.3,6.58,1.7,0.2,6.58,2.7,0.3,1.5,0.9,6.58,13.5,9.2,6.58,31.9,17.8,14.1,6.58,9.1,2.8,0.8,5.5,6.54,0.8,0.2,0.6,0.0,6.54,372.8,25.4,31.8,271.1,44.5,6.54,6.8,1.5,5.4,6.54,0.1,0.1,0.1,0.1,0.0,0.3,0.5,6.54,8.7,7.0,15.7,6.54,16.1,6.9,23.0,6.54,8.9,6.54,31.2,6.54,4.4,2.1,6.0,6.54,1.7,6.54,10.9,13.3,6.54,2.4,0.1,6.54,3.7,0.1,2.2,1.5,6.54,16.2,10.6,6.54,36.8,18.2,18.6,6.54,La_Liga,2024-2025
Osasuna,33,12.3,0.469,0.795,17.0,6.63,46,0,15,9.7,0.445,0.785,15.9,6.49,42,0,11.6,14.5,7.3,13.5,2.3,6.63,13.0,17.7,6.6,13.2,1.2,6.49,12.3,4.3,6.4,9.8,6.63,9.7,2.7,7.3,10.2,6.49,29.49,31.0,1.51,234.0,0.13,6.63,26.26,22.0,-4.26,221.0,0.12,6.63,20.82,15.0,-5.82,184.0,0.11,6.49,31.39,29.0,-2.39,247.0,0.13,6.49,10,3,11,7,2,18,0,3,1,1,10,1,2,2,0,15,4,4,6,0,23,1,56,325,17,3,53,384,20,1,57,318,20,2,49,424,34,1,0,11,31,1,0,10,0.34,0.23,0.43,0.37,0.22,0.41,0.17,0.75,0.08,0.18,0.64,0.19,0.17,0.73,0.1,0.14,0.66,0.2,0.08,0.66,0.26,0.08,0.56,0.36,0.05,0.65,0.29,0.09,0.55,0.36,0.26,0.42,0.31,0.29,0.44,0.27,12.3,3.3,0.9,8.1,6.63,1.7,0.2,1.2,0.3,6.63,374.8,26.9,27.2,270.9,49.7,6.63,8.7,1.7,7.0,6.63,0.3,0.1,0.1,0.0,0.0,0.6,0.9,6.63,8.7,6.4,15.2,6.63,14.5,8.5,23.0,6.63,7.3,6.63,21.1,6.63,2.6,1.2,7.6,6.63,2.3,6.63,9.8,13.5,6.63,2.4,0.0,6.63,3.5,0.3,2.2,1.1,6.63,14.3,7.8,6.63,31.5,17.0,14.5,6.63,9.7,2.8,0.5,6.3,6.49,0.8,0.2,0.5,0.1,6.49,370.8,25.1,31.0,266.1,48.6,6.49,7.1,1.9,5.2,6.49,0.2,0.0,0.0,0.0,0.0,0.4,0.5,6.49,8.7,7.3,16.0,6.49,17.7,7.7,25.4,6.49,6.6,6.49,25.3,6.49,2.8,1.3,7.5,6.49,1.2,6.49,10.2,13.2,6.49,2.2,0.0,6.49,3.6,0.5,1.7,1.4,6.49,13.7,7.6,6.49,28.9,15.9,13.0,6.49,La_Liga,2024-2025
Rayo Vallecano,24,15.7,0.549,0.812,12.8,6.55,41,2,17,11.4,0.485,0.796,13.2,6.55,55,1,12.0,15.4,8.9,13.0,1.8,6.55,12.7,17.5,8.6,14.5,2.3,6.55,15.7,5.6,7.6,10.6,6.55,11.4,3.2,7.5,9.9,6.55,28.58,21.0,-7.58,298.0,0.1,6.55,23.54,25.0,1.46,228.0,0.1,6.55,19.83,17.0,-2.83,217.0,0.09,6.55,34.1,19.0,-15.1,241.0,0.14,6.55,14,2,5,0,3,14,4,5,2,1,12,1,4,0,0,9,3,3,4,0,24,1,63,392,15,1,64,315,17,1,57,340,21,2,53,363,36,0,0,7,38,3,0,15,0.38,0.22,0.4,0.37,0.24,0.39,0.22,0.57,0.22,0.2,0.61,0.19,0.15,0.67,0.18,0.15,0.7,0.15,0.07,0.48,0.45,0.06,0.55,0.39,0.09,0.5,0.41,0.08,0.65,0.27,0.28,0.4,0.31,0.32,0.42,0.27,15.7,7.1,1.1,7.6,6.55,1.3,0.3,0.6,0.3,6.55,449.7,25.9,36.0,339.0,48.7,6.55,11.8,1.7,10.1,6.55,0.3,0.1,0.0,0.0,0.0,0.6,0.8,6.55,9.7,7.6,17.3,6.55,15.4,9.2,24.6,6.55,8.9,6.55,22.5,6.55,3.2,1.2,8.8,6.55,1.8,6.55,10.6,13.0,6.55,2.2,0.1,6.55,3.0,0.2,1.7,1.1,6.55,17.9,8.1,6.55,26.8,12.8,14.0,6.55,11.4,4.7,1.0,5.7,6.55,0.9,0.2,0.6,0.2,6.55,392.2,21.5,34.1,290.7,45.9,6.55,7.9,1.1,6.8,6.55,0.2,0.1,0.1,0.0,0.0,0.3,0.6,6.55,9.3,7.5,16.8,6.55,17.5,9.5,27.0,6.55,8.6,6.55,25.6,6.55,3.5,2.6,7.8,6.55,2.3,6.55,9.9,14.5,6.55,2.9,0.1,6.55,2.7,0.2,1.8,0.7,6.55,15.2,9.1,6.55,28.3,13.2,15.1,6.55,La_Liga,2024-2025
Real Betis,32,15.9,0.553,0.851,13.0,6.71,38,1,25,11.8,0.494,0.821,11.9,6.55,38,3,8.9,17.7,9.7,10.5,1.3,6.71,13.3,16.3,9.0,12.3,1.7,6.55,15.9,5.3,8.2,13.5,6.71,11.8,4.6,8.2,14.1,6.55,34.35,31.0,-3.35,303.0,0.11,6.71,19.69,21.0,1.31,170.0,0.12,6.71,25.71,24.0,-1.71,225.0,0.11,6.55,32.76,28.0,-4.76,252.0,0.13,6.55,18,3,6,4,1,13,1,6,1,0,14,2,5,3,1,18,1,6,3,1,18,2,48,450,16,1,51,352,15,1,50,389,20,2,52,395,21,4,0,14,22,4,0,15,0.41,0.22,0.37,0.4,0.22,0.38,0.2,0.61,0.19,0.21,0.65,0.14,0.2,0.62,0.19,0.16,0.68,0.17,0.05,0.57,0.37,0.07,0.6,0.33,0.06,0.6,0.33,0.11,0.55,0.34,0.24,0.43,0.31,0.3,0.43,0.27,15.9,5.9,0.8,9.2,6.71,1.7,0.2,1.1,0.3,6.71,494.4,25.0,22.8,395.8,50.7,6.71,12.7,1.8,10.9,6.71,0.2,0.1,0.1,0.0,0.0,0.8,1.1,6.71,11.0,8.2,19.2,6.71,17.7,6.9,24.6,6.71,9.7,6.71,20.5,6.71,2.3,1.9,7.1,6.71,1.3,6.71,13.5,10.5,6.71,2.0,0.1,6.71,1.7,0.1,1.1,0.6,6.71,18.2,9.3,6.71,24.9,13.0,11.9,6.71,11.8,3.9,0.7,7.2,6.55,1.3,0.3,0.8,0.2,6.55,434.4,20.5,28.7,336.3,48.9,6.55,9.4,1.6,7.8,6.55,0.3,0.1,0.1,0.0,0.0,0.5,0.9,6.55,10.5,8.2,18.7,6.55,16.3,8.9,25.2,6.55,9.0,6.55,25.2,6.55,3.6,1.2,8.4,6.55,1.7,6.55,14.1,12.3,6.55,2.0,0.2,6.55,3.1,0.3,1.7,1.1,6.55,17.3,10.6,6.55,25.7,11.9,13.8,6.55,La_Liga,2024-2025
Real Madrid,45,19.3,0.623,0.91,8.9,6.97,24,0,33,14.1,0.588,0.887,9.2,6.78,34,4,9.5,15.9,8.8,8.2,2.9,6.97,11.8,14.9,8.6,9.3,1.6,6.78,19.3,7.6,11.6,13.1,6.97,14.1,5.5,10.1,14.2,6.78,50.56,45.0,-5.56,367.0,0.14,6.97,19.45,18.0,-1.45,180.0,0.11,6.97,32.39,33.0,0.61,268.0,0.12,6.78,26.35,19.0,-7.35,225.0,0.12,6.78,25,5,10,5,0,13,2,2,1,1,22,3,3,5,0,10,1,6,2,0,18,3,44,581,11,1,46,332,13,2,46,536,18,1,43,356,11,2,0,11,24,3,0,11,0.43,0.25,0.32,0.43,0.23,0.34,0.24,0.63,0.13,0.23,0.61,0.16,0.21,0.59,0.2,0.16,0.64,0.2,0.08,0.59,0.33,0.08,0.54,0.38,0.07,0.53,0.41,0.07,0.58,0.35,0.23,0.42,0.35,0.29,0.41,0.29,19.3,6.4,1.5,11.4,6.97,2.4,0.3,1.7,0.4,6.97,619.7,28.9,14.1,534.9,41.8,6.97,15.8,3.1,12.8,6.97,0.1,0.1,0.4,0.0,0.0,1.3,1.7,6.97,12.4,11.6,24.1,6.97,15.9,6.0,21.9,6.97,8.8,6.97,11.3,6.97,2.6,1.1,6.6,6.97,2.9,6.97,13.1,8.2,6.97,1.3,0.0,6.97,1.6,0.1,0.9,0.6,6.97,14.4,7.9,6.97,15.4,8.9,6.5,6.97,14.1,5.8,0.9,7.4,6.78,1.7,0.2,1.2,0.4,6.78,576.8,25.2,20.2,486.6,44.7,6.78,10.6,1.4,9.2,6.78,0.2,0.0,0.2,0.0,0.0,0.8,1.2,6.78,12.1,10.1,22.2,6.78,14.9,5.7,20.6,6.78,8.6,6.78,20.1,6.78,2.9,1.6,6.4,6.78,1.6,6.78,14.2,9.3,6.78,1.8,0.2,6.78,3.1,0.3,1.7,1.2,6.78,13.4,7.3,6.78,17.0,9.2,7.8,6.78,La_Liga,2024-2025
Real Sociedad,20,12.1,0.575,0.828,16.2,6.57,44,1,15,8.5,0.497,0.816,14.6,6.49,41,3,9.4,16.6,6.9,14.3,2.4,6.57,13.7,17.6,7.9,12.1,1.9,6.49,12.1,4.2,8.4,11.1,6.57,8.5,2.7,7.2,10.9,6.49,28.17,19.0,-9.17,229.0,0.12,6.57,20.13,20.0,-0.13,178.0,0.11,6.57,21.0,15.0,-6.0,162.0,0.13,6.49,27.46,26.0,-1.46,261.0,0.11,6.49,11,3,3,2,1,10,5,1,4,0,10,0,3,2,0,14,2,5,1,0,23,1,51,421,13,1,61,293,16,1,53,377,19,2,56,377,27,5,0,13,33,2,0,9,0.37,0.22,0.42,0.4,0.23,0.36,0.1,0.7,0.2,0.16,0.66,0.17,0.17,0.67,0.16,0.17,0.62,0.2,0.07,0.6,0.33,0.02,0.62,0.36,0.08,0.57,0.35,0.08,0.54,0.38,0.24,0.44,0.32,0.32,0.43,0.25,12.1,4.1,0.8,7.2,6.57,1.1,0.1,0.7,0.2,6.57,467.5,24.2,25.9,362.8,54.6,6.57,8.7,1.8,6.9,6.57,0.2,0.1,0.0,0.0,0.0,0.6,0.7,6.57,10.2,8.4,18.5,6.57,16.6,6.8,23.4,6.57,6.9,6.57,19.6,6.57,2.2,1.0,7.8,6.57,2.4,6.57,11.1,14.3,6.57,2.3,0.1,6.57,2.2,0.0,1.5,0.7,6.57,17.0,7.8,6.57,32.6,16.2,16.4,6.57,8.5,2.9,0.7,4.9,6.49,0.8,0.2,0.6,0.0,6.49,426.3,22.9,29.6,325.1,48.7,6.49,6.4,0.9,5.4,6.49,0.2,0.1,0.0,0.0,0.0,0.2,0.4,6.49,9.0,7.2,16.2,6.49,17.6,7.5,25.1,6.49,7.9,6.49,26.6,6.49,4.1,1.7,8.4,6.49,1.9,6.49,10.9,12.1,6.49,2.2,0.2,6.49,2.9,0.2,1.6,1.1,6.49,14.7,7.8,6.49,31.3,14.6,16.7,6.49,La_Liga,2024-2025
Real Valladolid,11,9.6,0.438,0.822,14.5,6.42,46,3,15,8.1,0.415,0.796,15.4,6.26,41,2,14.1,14.6,8.0,12.2,1.9,6.42,17.5,16.9,8.4,12.0,1.6,6.26,9.6,2.5,7.8,13.3,6.42,8.1,3.0,7.4,12.3,6.26,20.4,11.0,-9.4,182.0,0.11,6.42,31.22,32.0,0.78,267.0,0.12,6.42,17.5,15.0,-2.5,154.0,0.11,6.26,43.7,57.0,13.3,332.0,0.13,6.26,7,0,2,2,0,19,3,6,4,0,6,4,2,3,0,44,2,8,3,1,21,1,50,336,21,2,47,452,15,1,54,298,19,2,43,454,34,2,0,14,30,2,0,12,0.38,0.24,0.38,0.4,0.24,0.36,0.16,0.71,0.13,0.14,0.7,0.15,0.24,0.66,0.1,0.16,0.71,0.14,0.08,0.6,0.31,0.08,0.52,0.4,0.07,0.53,0.41,0.07,0.62,0.31,0.32,0.45,0.22,0.36,0.44,0.21,9.6,3.0,0.8,5.8,6.42,0.6,0.1,0.4,0.1,6.42,380.9,22.1,26.9,291.1,40.8,6.42,7.6,1.5,6.1,6.42,0.1,0.0,0.0,0.0,0.0,0.3,0.4,6.42,9.1,7.8,16.8,6.42,14.6,7.6,22.3,6.42,8.0,6.42,22.9,6.42,4.1,2.2,7.5,6.42,1.9,6.42,13.3,12.2,6.42,2.4,0.2,6.42,2.6,0.1,1.3,1.2,6.42,13.3,6.8,6.42,27.3,14.5,12.8,6.42,8.1,3.3,0.5,4.3,6.26,0.8,0.1,0.5,0.2,6.26,347.3,24.2,29.7,252.3,41.1,6.26,5.9,1.4,4.5,6.26,0.1,0.0,0.1,0.0,0.0,0.3,0.4,6.26,8.8,7.4,16.2,6.26,16.9,7.7,24.6,6.26,8.4,6.26,23.7,6.26,4.4,1.4,7.7,6.26,1.6,6.26,12.3,12.0,6.26,2.2,0.1,6.26,3.5,0.2,2.1,1.2,6.26,13.7,7.1,6.26,30.4,15.4,15.1,6.26,La_Liga,2024-2025
Sevilla,17,13.5,0.526,0.817,14.7,6.53,51,5,25,11.5,0.479,0.826,14.1,6.56,41,3,10.2,17.6,8.9,13.2,1.9,6.53,11.6,16.5,10.4,12.8,1.8,6.56,13.5,4.1,9.3,11.4,6.53,11.5,4.2,8.6,9.7,6.56,23.65,16.0,-7.65,257.0,0.09,6.53,22.37,23.0,0.63,194.0,0.12,6.53,22.94,23.0,0.06,218.0,0.11,6.56,26.87,31.0,4.13,221.0,0.12,6.56,10,0,5,1,1,13,0,7,3,0,16,4,2,1,2,22,1,6,2,1,18,1,57,382,16,1,53,343,15,1,52,384,19,2,53,416,37,3,0,19,35,5,0,4,0.38,0.22,0.4,0.37,0.23,0.4,0.2,0.59,0.21,0.12,0.69,0.19,0.21,0.62,0.17,0.17,0.68,0.15,0.02,0.57,0.41,0.08,0.53,0.39,0.07,0.53,0.4,0.05,0.63,0.32,0.29,0.43,0.29,0.31,0.45,0.25,13.5,5.5,0.3,7.7,6.53,0.9,0.1,0.5,0.2,6.53,434.8,22.6,33.9,332.5,45.8,6.53,9.7,1.7,8.0,6.53,0.2,0.1,0.1,0.0,0.0,0.4,0.6,6.53,10.9,9.3,20.2,6.53,17.6,6.4,24.0,6.53,8.9,6.53,21.4,6.53,2.5,1.6,6.9,6.53,1.9,6.53,11.4,13.2,6.53,2.7,0.3,6.53,2.1,0.0,1.1,0.9,6.53,16.3,9.4,6.53,27.3,14.7,12.6,6.53,11.5,4.6,0.8,6.1,6.56,1.3,0.2,0.8,0.2,6.56,431.0,20.2,30.7,335.7,44.4,6.56,9.2,1.6,7.6,6.56,0.2,0.1,0.1,0.0,0.0,0.7,1.1,6.56,9.2,8.6,17.7,6.56,16.5,6.8,23.3,6.56,10.4,6.56,25.1,6.56,2.2,1.7,7.8,6.56,1.8,6.56,9.7,12.8,6.56,2.2,0.2,6.56,2.9,0.2,2.0,0.7,6.56,16.6,8.1,6.56,25.3,14.1,11.2,6.56,La_Liga,2024-2025
Valencia,26,11.5,0.497,0.818,12.3,6.61,45,1,18,8.9,0.469,0.806,11.9,6.39,39,0,10.0,18.6,8.3,12.1,1.9,6.61,12.4,15.5,7.6,11.2,1.9,6.39,11.5,4.1,6.5,12.4,6.61,8.9,2.5,5.9,11.1,6.39,26.42,26.0,-0.42,218.0,0.12,6.61,21.36,19.0,-2.36,190.0,0.11,6.61,18.81,17.0,-1.81,170.0,0.11,6.39,33.75,32.0,-1.75,236.0,0.14,6.39,18,1,3,4,0,14,1,2,2,1,13,0,3,1,1,21,3,4,4,2,22,1,49,381,16,2,56,386,18,1,56,364,21,2,53,421,32,5,0,9,27,2,0,10,0.39,0.24,0.38,0.4,0.23,0.37,0.12,0.69,0.19,0.13,0.71,0.16,0.11,0.73,0.16,0.16,0.7,0.14,0.08,0.63,0.29,0.02,0.56,0.42,0.11,0.52,0.37,0.08,0.64,0.28,0.27,0.43,0.29,0.29,0.44,0.27,11.5,3.4,0.9,7.2,6.61,1.4,0.2,1.0,0.2,6.61,425.2,20.5,27.8,327.4,49.5,6.61,8.3,1.9,6.4,6.61,0.1,0.0,0.1,0.0,0.0,0.6,0.8,6.61,11.6,6.5,18.1,6.61,18.6,6.6,25.2,6.61,8.3,6.61,22.9,6.61,2.5,1.4,7.4,6.61,1.9,6.61,12.4,12.1,6.61,2.4,0.1,6.61,2.4,0.1,1.2,1.1,6.61,13.4,9.2,6.61,26.4,12.3,14.1,6.61,8.9,3.3,1.0,4.6,6.39,0.9,0.4,0.5,0.0,6.39,414.1,24.3,30.8,309.3,49.7,6.39,6.7,1.7,4.9,6.39,0.2,0.1,0.1,0.0,0.0,0.4,0.6,6.39,8.7,5.9,14.6,6.39,15.5,6.7,22.2,6.39,7.6,6.39,24.6,6.39,2.6,1.9,6.8,6.39,1.9,6.39,11.1,11.2,6.39,2.1,0.0,6.39,2.8,0.3,1.4,1.1,6.39,14.7,8.7,6.39,26.8,11.9,14.9,6.39,La_Liga,2024-2025
Villarreal,43,15.5,0.477,0.847,12.7,6.75,44,2,28,12.7,0.465,0.823,13.8,6.62,50,2,12.6,17.4,7.2,11.4,2.3,6.75,12.8,16.8,7.6,11.8,1.8,6.62,15.5,5.5,7.7,12.3,6.75,12.7,3.9,6.9,12.1,6.62,39.98,41.0,1.02,295.0,0.14,6.75,28.02,27.0,-1.02,240.0,0.12,6.75,32.86,28.0,-4.86,242.0,0.14,6.62,23.29,23.0,-0.29,243.0,0.1,6.62,29,6,5,1,2,18,1,5,3,0,18,0,6,4,0,13,2,4,4,1,20,2,46,395,19,1,49,438,16,2,52,372,22,1,53,430,31,3,0,12,32,3,0,18,0.31,0.27,0.41,0.32,0.28,0.39,0.14,0.69,0.16,0.16,0.68,0.16,0.13,0.7,0.17,0.22,0.59,0.19,0.08,0.67,0.25,0.08,0.55,0.37,0.09,0.61,0.3,0.08,0.5,0.42,0.3,0.41,0.3,0.33,0.41,0.25,15.5,3.8,1.3,10.4,6.75,2.3,0.4,1.5,0.3,6.75,436.2,24.4,21.6,345.0,45.2,6.75,12.2,1.8,10.4,6.75,0.5,0.1,0.1,0.0,0.1,1.1,1.7,6.75,8.9,7.7,16.7,6.75,17.4,7.6,24.9,6.75,7.2,6.75,19.4,6.75,3.6,2.5,8.0,6.75,2.3,6.75,12.3,11.4,6.75,2.3,0.1,6.75,2.6,0.3,1.4,0.9,6.75,13.2,7.5,6.75,23.3,12.7,10.6,6.75,12.7,3.8,1.1,7.8,6.62,1.5,0.3,1.2,0.1,6.62,418.3,25.1,26.8,319.3,47.2,6.62,10.4,1.6,8.8,6.62,0.3,0.1,0.2,0.1,0.0,0.5,1.0,6.62,9.4,6.9,16.3,6.62,16.8,7.8,24.6,6.62,7.6,6.62,25.7,6.62,3.3,2.4,7.5,6.62,1.8,6.62,12.1,11.8,6.62,2.6,0.1,6.62,3.2,0.3,1.4,1.4,6.62,16.3,7.7,6.62,24.9,13.8,11.1,6.62,La_Liga,2024-2025
Athletic Club,21,14.4,0.489,0.812,14.5,6.55,34,2,19,12.8,0.489,0.8,14.8,6.45,36,5,7.6,14.1,9.8,13.6,1.6,6.55,11.3,16.5,8.3,13.6,1.1,6.45,14.4,4.8,8.5,10.4,6.55,12.8,4.2,6.5,10.7,6.45,27.36,21.0,-6.36,245.0,0.11,6.55,15.21,18.0,2.79,130.0,0.12,6.55,22.17,18.0,-4.17,217.0,0.1,6.45,27.28,31.0,3.72,192.0,0.14,6.45,15,1,1,4,0,11,2,4,1,1,10,2,5,1,1,20,4,5,2,0,25,1,52,370,14,1,63,391,23,2,53,363,13,2,61,385,29,1,0,7,27,4,0,11,0.4,0.26,0.33,0.38,0.27,0.35,0.19,0.69,0.13,0.21,0.63,0.16,0.22,0.65,0.13,0.2,0.63,0.17,0.02,0.64,0.33,0.07,0.49,0.44,0.08,0.61,0.31,0.1,0.6,0.29,0.21,0.43,0.36,0.23,0.43,0.34,14.4,4.8,0.4,9.3,6.55,1.2,0.2,0.9,0.2,6.55,417.9,23.5,27.8,315.9,50.7,6.55,10.2,1.1,9.1,6.55,0.1,0.0,0.1,0.0,0.0,0.5,0.8,6.55,12.5,8.5,21.0,6.55,14.1,8.5,22.6,6.55,9.8,6.55,21.6,6.55,1.5,1.0,8.1,6.55,1.6,6.55,10.4,13.6,6.55,2.0,0.1,6.55,2.4,0.1,1.4,0.9,6.55,19.2,8.9,6.55,29.8,14.5,15.2,6.55,12.8,3.9,1.1,7.8,6.45,1.1,0.2,0.8,0.1,6.45,411.3,22.9,29.8,306.2,52.4,6.45,9.6,1.5,8.2,6.45,0.2,0.1,0.1,0.0,0.0,0.5,0.8,6.45,10.7,6.5,17.2,6.45,16.5,7.1,23.6,6.45,8.3,6.45,21.2,6.45,2.3,0.8,7.9,6.45,1.1,6.45,10.7,13.6,6.45,2.1,0.3,6.45,2.9,0.3,1.8,0.8,6.45,18.9,9.2,6.45,30.6,14.8,15.9,6.45,La_Liga,2025-2026
Atletico Madrid,38,15.1,0.553,0.862,15.4,6.81,34,1,20,11.2,0.519,0.848,14.1,6.58,36,3,9.2,17.4,8.4,10.2,2.2,6.81,12.9,16.5,7.6,12.3,2.1,6.58,15.1,6.5,6.5,9.4,6.81,11.2,3.9,8.2,8.8,6.58,37.98,36.0,-1.98,256.0,0.15,6.81,17.57,16.0,-1.57,157.0,0.11,6.81,19.66,18.0,-1.66,191.0,0.1,6.58,29.16,21.0,-8.16,219.0,0.13,6.58,22,3,9,2,2,7,5,4,0,0,11,5,2,0,2,11,1,5,4,0,22,3,46,487,15,1,53,381,18,2,51,443,19,1,52,405,23,5,0,7,29,2,0,9,0.34,0.26,0.39,0.36,0.26,0.38,0.16,0.7,0.15,0.15,0.69,0.16,0.23,0.65,0.12,0.2,0.67,0.13,0.12,0.61,0.27,0.08,0.57,0.35,0.06,0.58,0.35,0.08,0.49,0.42,0.24,0.45,0.31,0.31,0.43,0.26,15.1,4.1,1.8,9.2,6.81,2.2,0.6,1.3,0.2,6.81,529.9,25.1,22.2,431.9,50.7,6.81,11.8,1.8,9.9,6.81,0.5,0.0,0.2,0.0,0.0,0.8,1.5,6.81,9.5,6.5,15.9,6.81,17.4,9.2,26.6,6.81,8.4,6.81,20.2,6.81,2.1,1.4,7.6,6.81,2.2,6.81,9.4,10.2,6.81,2.0,0.1,6.81,1.6,0.2,1.1,0.3,6.81,14.7,8.0,6.81,27.6,15.4,12.3,6.81,11.2,4.0,0.7,6.5,6.58,1.2,0.2,0.6,0.3,6.58,489.8,27.1,24.0,388.0,50.6,6.58,8.8,1.4,7.4,6.58,0.2,0.0,0.0,0.0,0.0,0.6,0.8,6.58,9.0,8.2,17.2,6.58,16.5,8.2,24.8,6.58,7.6,6.58,22.9,6.58,3.1,1.6,7.2,6.58,2.1,6.58,8.8,12.3,6.58,2.1,0.2,6.58,3.0,0.1,1.6,1.2,6.58,14.6,8.2,6.58,27.6,14.1,13.5,6.58,La_Liga,2025-2026
Barcelona,52,19.1,0.687,0.904,10.3,7.05,20,0,37,19.1,0.694,0.894,12.0,6.85,32,2,7.5,16.7,8.3,9.4,2.5,7.05,10.3,16.6,6.8,9.4,2.0,6.85,19.1,7.4,12.6,11.2,7.05,19.1,6.6,10.7,11.8,6.85,45.24,52.0,6.76,324.0,0.14,7.05,16.93,9.0,-7.93,128.0,0.13,7.05,44.65,36.0,-8.65,324.0,0.14,6.85,28.96,22.0,-6.96,175.0,0.17,6.85,36,7,6,3,0,4,1,4,0,0,21,4,7,4,1,12,4,3,3,0,15,3,36,643,12,2,51,256,15,3,35,603,12,2,54,225,14,2,0,4,24,4,0,8,0.35,0.28,0.36,0.32,0.29,0.4,0.18,0.62,0.19,0.2,0.66,0.13,0.15,0.61,0.24,0.12,0.73,0.15,0.08,0.55,0.37,0.09,0.73,0.18,0.07,0.62,0.32,0.1,0.67,0.23,0.22,0.46,0.32,0.25,0.42,0.33,19.1,7.0,1.6,10.5,7.05,3.1,0.5,2.2,0.4,7.05,674.8,20.5,15.5,589.5,49.3,7.05,14.1,1.8,12.4,7.05,0.4,0.2,0.5,0.0,0.0,1.4,2.3,7.05,12.9,12.6,25.6,7.05,16.7,6.5,23.2,7.05,8.3,7.05,17.2,7.05,1.7,0.8,7.4,7.05,2.5,7.05,11.2,9.4,7.05,1.2,0.0,7.05,2.0,0.1,1.6,0.3,7.05,15.5,7.8,7.05,17.8,10.3,7.5,7.05,19.1,6.1,1.2,11.7,6.85,2.2,0.4,1.4,0.4,6.85,631.6,18.6,16.1,545.9,50.9,6.85,15.2,1.6,13.5,6.85,0.6,0.2,0.3,0.0,0.0,0.7,1.6,6.85,12.4,10.7,23.1,6.85,16.6,6.6,23.2,6.85,6.8,6.85,20.1,6.85,2.4,0.8,6.5,6.85,2.0,6.85,11.8,9.4,6.85,1.9,0.1,6.85,3.1,0.1,2.4,0.6,6.85,14.2,9.2,6.85,19.6,12.0,7.6,6.85,La_Liga,2025-2026
Celta Vigo,26,11.5,0.52,0.864,7.8,6.54,27,1,22,9.3,0.488,0.858,7.6,6.55,39,0,11.5,15.9,7.1,10.4,1.6,6.54,12.5,13.3,7.2,13.3,2.0,6.55,11.5,4.4,6.8,12.1,6.54,9.3,3.9,6.7,11.1,6.55,26.32,26.0,-0.32,195.0,0.13,6.54,23.49,24.0,0.51,195.0,0.12,6.54,22.12,21.0,-1.12,158.0,0.14,6.55,24.08,19.0,-5.08,213.0,0.11,6.55,18,1,2,5,0,16,0,6,2,1,12,2,4,3,1,8,2,5,4,0,13,4,46,483,16,1,47,440,11,3,46,428,23,1,50,438,22,4,0,3,27,3,0,9,0.35,0.29,0.36,0.37,0.29,0.33,0.16,0.65,0.19,0.15,0.73,0.12,0.22,0.67,0.11,0.17,0.63,0.19,0.07,0.57,0.36,0.07,0.58,0.35,0.09,0.57,0.34,0.07,0.57,0.36,0.28,0.44,0.28,0.31,0.42,0.27,11.5,4.1,0.8,6.6,6.54,1.5,0.2,1.2,0.1,6.54,526.5,23.5,23.5,431.2,48.3,6.54,8.8,1.0,7.8,6.54,0.0,0.0,0.2,0.0,0.0,0.8,0.9,6.54,9.6,6.8,16.4,6.54,15.9,7.2,23.1,6.54,7.1,6.54,19.9,6.54,3.5,1.7,6.7,6.54,1.6,6.54,12.1,10.4,6.54,1.6,0.1,6.54,2.4,0.2,1.5,0.7,6.54,12.9,7.4,6.54,16.8,7.8,9.0,6.54,9.3,3.2,0.8,5.3,6.55,1.3,0.3,0.7,0.2,6.55,469.7,21.8,24.2,381.5,42.3,6.55,7.8,0.9,6.8,6.55,0.0,0.0,0.2,0.0,0.0,0.6,0.9,6.55,9.5,6.7,16.2,6.55,13.3,6.3,19.6,6.55,7.2,6.55,26.7,6.55,2.9,2.6,4.3,6.55,2.0,6.55,11.1,13.3,6.55,2.3,0.0,6.55,3.2,0.2,1.7,1.3,6.55,13.6,6.5,6.55,16.6,7.6,9.0,6.55,La_Liga,2025-2026
Deportivo Alaves,23,12.8,0.501,0.812,15.6,6.56,34,2,17,11.6,0.485,0.806,16.1,6.48,41,3,10.8,17.0,8.3,14.9,1.8,6.56,14.3,19.7,7.5,15.1,2.0,6.48,12.8,4.2,8.2,13.5,6.56,11.6,3.7,7.2,12.4,6.48,25.25,22.0,-3.25,218.0,0.12,6.56,21.88,23.0,1.12,184.0,0.12,6.56,21.67,15.0,-6.67,198.0,0.11,6.48,26.08,29.0,2.92,243.0,0.11,6.48,11,1,5,5,1,13,5,2,3,0,9,0,5,1,2,20,3,4,2,1,22,1,55,365,15,1,57,369,19,1,54,377,20,2,53,405,32,2,0,4,34,3,0,10,0.31,0.24,0.45,0.32,0.25,0.43,0.15,0.68,0.17,0.22,0.64,0.14,0.15,0.74,0.12,0.15,0.71,0.14,0.06,0.54,0.39,0.09,0.56,0.35,0.08,0.58,0.34,0.07,0.58,0.35,0.26,0.45,0.29,0.3,0.45,0.25,12.8,5.1,0.8,6.9,6.56,1.4,0.2,0.9,0.1,6.56,416.8,25.2,29.5,313.2,48.9,6.56,9.5,1.6,7.9,6.56,0.3,0.1,0.2,0.0,0.0,0.3,0.8,6.56,11.5,8.2,19.7,6.56,17.0,8.4,25.4,6.56,8.3,6.56,20.4,6.56,3.0,1.1,8.1,6.56,1.8,6.56,13.5,14.9,6.56,2.0,0.1,6.56,2.5,0.1,1.8,0.5,6.56,17.1,10.1,6.56,32.2,15.6,16.6,6.56,11.6,4.0,0.9,6.8,6.48,1.0,0.1,0.6,0.1,6.48,426.1,21.8,32.1,321.6,50.6,6.48,8.1,1.0,7.1,6.48,0.2,0.1,0.0,0.0,0.0,0.5,0.6,6.48,9.4,7.2,16.5,6.48,19.7,10.4,30.1,6.48,7.5,6.48,26.9,6.48,4.4,1.8,7.3,6.48,2.0,6.48,12.4,15.1,6.48,2.4,0.2,6.48,2.6,0.2,1.5,0.9,6.48,15.5,10.7,6.48,31.9,16.1,15.8,6.48,La_Liga,2025-2026
Elche,28,13.4,0.604,0.87,11.5,6.7,29,2,17,8.5,0.561,0.847,13.3,6.41,35,4,13.4,17.2,7.3,12.9,1.9,6.7,15.1,18.2,8.8,13.1,1.2,6.41,13.4,4.8,7.5,13.8,6.7,8.5,3.1,7.8,14.5,6.41,29.81,28.0,-1.81,228.0,0.13,6.7,31.69,18.0,-13.69,227.0,0.14,6.7,14.43,15.0,0.57,145.0,0.1,6.41,32.77,35.0,2.23,257.0,0.13,6.41,19,4,3,2,0,9,5,2,2,0,10,1,2,2,2,22,5,5,3,0,19,2,51,478,14,2,46,299,12,1,53,439,20,2,51,323,23,2,0,7,29,1,0,10,0.4,0.24,0.36,0.39,0.25,0.36,0.17,0.73,0.1,0.16,0.6,0.24,0.24,0.63,0.12,0.12,0.71,0.17,0.08,0.65,0.26,0.07,0.59,0.33,0.06,0.59,0.36,0.07,0.57,0.36,0.27,0.43,0.29,0.31,0.43,0.25,13.4,3.5,1.1,8.8,6.7,1.6,0.2,1.3,0.2,6.7,524.5,24.2,26.4,431.9,42.0,6.7,10.5,1.5,9.0,6.7,0.1,0.0,0.2,0.0,0.0,0.9,1.2,6.7,9.7,7.5,17.2,6.7,17.2,6.7,23.9,6.7,7.3,6.7,20.2,6.7,3.4,1.4,5.2,6.7,1.9,6.7,13.8,12.9,6.7,1.7,0.1,6.7,3.3,0.1,2.2,1.0,6.7,15.6,8.6,6.7,23.1,11.5,11.6,6.7,8.5,3.1,0.5,5.0,6.41,1.0,0.1,0.6,0.2,6.41,486.9,23.6,29.0,388.8,45.6,6.41,6.8,1.5,5.3,6.41,0.1,0.1,0.0,0.0,0.0,0.5,0.5,6.41,10.3,7.8,18.1,6.41,18.2,6.2,24.4,6.41,8.8,6.41,24.8,6.41,4.2,1.1,5.3,6.41,1.2,6.41,14.5,13.1,6.41,2.1,0.2,6.41,2.9,0.4,1.6,0.9,6.41,19.4,8.1,6.41,26.5,13.3,13.2,6.41,La_Liga,2025-2026
Espanyol,18,13.3,0.45,0.805,15.8,6.54,36,3,19,12.2,0.386,0.772,12.3,6.5,41,2,11.9,15.1,7.8,13.9,1.9,6.54,14.9,17.0,8.8,14.0,1.6,6.5,13.3,4.6,6.9,12.5,6.54,12.2,3.4,6.4,11.3,6.5,27.19,18.0,-9.19,226.0,0.12,6.54,25.47,22.0,-3.47,202.0,0.13,6.54,21.12,18.0,-3.12,208.0,0.1,6.5,29.61,27.0,-2.61,253.0,0.12,6.5,10,1,5,2,0,13,1,5,3,1,5,4,8,1,1,17,5,3,2,1,25,2,50,327,16,1,58,418,19,1,53,276,19,2,51,480,29,4,0,8,32,3,0,9,0.34,0.27,0.39,0.35,0.28,0.38,0.11,0.76,0.13,0.14,0.7,0.15,0.15,0.7,0.14,0.21,0.61,0.19,0.1,0.57,0.32,0.08,0.59,0.33,0.07,0.53,0.4,0.08,0.61,0.31,0.25,0.44,0.3,0.27,0.45,0.27,13.3,4.4,1.3,7.6,6.54,1.1,0.4,0.6,0.1,6.54,372.6,20.9,28.6,279.2,43.9,6.54,10.3,2.1,8.2,6.54,0.4,0.1,0.0,0.1,0.0,0.3,0.8,6.54,8.4,6.9,15.3,6.54,15.1,8.4,23.5,6.54,7.8,6.54,22.3,6.54,3.3,1.4,6.8,6.54,1.9,6.54,12.5,13.9,6.54,2.1,0.2,6.54,3.0,0.2,1.6,1.1,6.54,12.8,9.2,6.54,33.0,15.8,17.2,6.54,12.2,4.9,0.9,6.5,6.5,1.1,0.2,0.7,0.1,6.5,324.2,19.3,33.2,230.9,40.8,6.5,8.8,0.9,7.8,6.5,0.4,0.2,0.1,0.0,0.0,0.2,0.6,6.5,7.5,6.4,13.8,6.5,17.0,8.5,25.5,6.5,8.8,6.5,24.8,6.5,4.0,1.6,7.6,6.5,1.6,6.5,11.3,14.0,6.5,2.4,0.1,6.5,3.9,0.3,2.5,1.2,6.5,16.8,7.2,6.5,27.4,12.3,15.1,6.5,La_Liga,2025-2026
Getafe,14,9.3,0.401,0.684,16.6,6.51,39,3,14,9.1,0.373,0.688,15.8,6.56,56,4,9.7,17.3,8.2,14.6,2.9,6.51,12.8,19.3,10.2,15.6,2.2,6.56,9.3,2.8,6.1,14.4,6.51,9.1,2.7,6.4,13.2,6.56,14.31,14.0,-0.31,158.0,0.09,6.51,16.76,14.0,-2.76,165.0,0.1,6.51,16.44,13.0,-3.44,155.0,0.11,6.56,27.73,20.0,-7.73,217.0,0.13,6.56,6,0,7,1,0,7,3,3,1,1,7,1,4,1,1,9,6,5,0,1,21,1,66,220,14,2,61,382,16,1,67,221,20,2,56,436,29,3,0,11,37,2,0,23,0.41,0.22,0.36,0.44,0.24,0.32,0.16,0.66,0.17,0.16,0.66,0.17,0.15,0.72,0.13,0.16,0.66,0.18,0.1,0.48,0.42,0.05,0.57,0.38,0.08,0.55,0.37,0.08,0.58,0.34,0.25,0.46,0.3,0.28,0.44,0.28,9.3,3.9,0.9,4.5,6.51,0.8,0.4,0.4,0.1,6.51,281.9,24.6,40.6,168.1,48.6,6.51,6.2,1.6,4.5,6.51,0.3,0.1,0.0,0.1,0.0,0.4,0.7,6.51,7.4,6.1,13.5,6.51,17.3,8.3,25.6,6.51,8.2,6.51,25.0,6.51,2.0,1.2,8.6,6.51,2.9,6.51,14.4,14.6,6.51,2.3,0.2,6.51,2.8,0.4,1.5,0.9,6.51,17.5,9.3,6.51,36.2,16.6,19.6,6.51,9.1,3.4,0.7,5.0,6.56,0.8,0.1,0.5,0.2,6.56,285.9,25.9,41.1,170.9,48.0,6.56,6.0,1.1,4.9,6.56,0.2,0.0,0.1,0.1,0.0,0.4,0.6,6.56,9.7,6.4,16.1,6.56,19.3,8.9,28.2,6.56,10.2,6.56,29.8,6.56,2.6,1.9,8.5,6.56,2.2,6.56,13.2,15.6,6.56,3.3,0.2,6.56,3.3,0.2,2.2,0.9,6.56,18.1,8.2,6.56,36.9,15.8,21.1,6.56,La_Liga,2025-2026
Girona,19,10.7,0.508,0.859,10.7,6.51,31,7,17,10.0,0.494,0.853,10.1,6.53,38,0,14.3,14.6,6.6,9.7,2.1,6.51,15.6,16.4,8.6,11.3,1.9,6.53,10.7,3.9,9.4,13.4,6.51,10.0,3.7,9.2,14.1,6.53,23.62,18.0,-5.62,182.0,0.13,6.51,30.51,24.0,-6.51,243.0,0.13,6.51,21.93,17.0,-4.93,170.0,0.13,6.53,29.7,26.0,-3.7,265.0,0.11,6.53,11,2,2,3,1,16,2,3,3,1,10,1,2,4,0,18,1,5,2,0,18,1,49,433,18,2,49,416,12,1,49,418,23,2,45,422,21,2,0,17,27,2,0,9,0.37,0.24,0.39,0.38,0.25,0.37,0.26,0.57,0.17,0.17,0.71,0.11,0.18,0.63,0.19,0.15,0.69,0.16,0.06,0.59,0.35,0.1,0.58,0.32,0.06,0.62,0.32,0.06,0.62,0.32,0.31,0.41,0.29,0.34,0.4,0.26,10.7,3.8,0.6,6.3,6.51,1.1,0.3,0.6,0.1,6.51,476.7,22.7,25.8,387.0,41.2,6.51,8.1,1.3,6.8,6.51,0.1,0.0,0.0,0.0,0.0,0.6,0.7,6.51,10.4,9.4,19.8,6.51,14.6,6.1,20.7,6.51,6.6,6.51,22.6,6.51,3.7,1.2,5.8,6.51,2.1,6.51,13.4,9.7,6.51,1.8,0.4,6.51,2.8,0.4,1.6,0.8,6.51,14.5,8.7,6.51,22.1,10.7,11.4,6.51,10.0,3.2,0.6,6.2,6.53,1.0,0.2,0.6,0.2,6.53,462.0,21.6,26.7,372.4,41.2,6.53,7.8,0.8,7.1,6.53,0.1,0.0,0.1,0.0,0.0,0.5,0.8,6.53,11.6,9.2,20.8,6.53,16.4,8.5,24.8,6.53,8.6,6.53,27.5,6.53,3.5,2.0,6.2,6.53,1.9,6.53,14.1,11.3,6.53,2.2,0.0,6.53,3.9,0.1,2.7,1.1,6.53,16.9,9.2,6.53,21.8,10.1,11.6,6.53,La_Liga,2025-2026
Levante,21,13.5,0.431,0.791,13.8,6.54,37,3,17,9.9,0.412,0.785,13.2,6.48,39,1,15.1,16.4,9.9,12.9,1.6,6.54,16.8,15.4,7.5,12.2,1.6,6.48,13.5,3.6,6.9,12.9,6.54,9.9,3.4,5.8,11.9,6.48,28.71,21.0,-7.71,229.0,0.13,6.54,28.66,25.0,-3.66,256.0,0.11,6.54,20.42,17.0,-3.42,168.0,0.12,6.48,32.29,28.0,-4.29,285.0,0.11,6.48,8,3,8,2,0,14,5,4,2,1,11,1,5,0,0,15,4,8,1,1,18,1,55,305,19,2,50,430,14,2,55,302,25,2,54,451,29,2,0,10,32,3,0,5,0.36,0.27,0.37,0.36,0.27,0.37,0.11,0.73,0.16,0.15,0.67,0.19,0.17,0.66,0.17,0.17,0.66,0.17,0.05,0.6,0.35,0.06,0.59,0.34,0.08,0.54,0.38,0.06,0.58,0.35,0.29,0.44,0.27,0.32,0.43,0.25,13.5,4.8,0.6,8.1,6.54,1.2,0.2,0.9,0.2,6.54,355.8,25.6,29.4,256.0,44.9,6.54,9.1,1.6,7.5,6.54,0.3,0.1,0.1,0.1,0.0,0.4,0.8,6.54,10.7,6.9,17.6,6.54,16.4,7.3,23.6,6.54,9.9,6.54,23.4,6.54,3.9,1.7,7.1,6.54,1.6,6.54,12.9,12.9,6.54,2.2,0.2,6.54,3.1,0.3,1.6,1.2,6.54,16.2,9.9,6.54,26.4,13.8,12.6,6.54,9.9,3.8,0.8,5.3,6.48,1.0,0.2,0.6,0.1,6.48,351.4,22.8,32.2,253.0,43.4,6.48,6.6,1.1,5.5,6.48,0.2,0.1,0.1,0.0,0.0,0.3,0.6,6.48,7.3,5.8,13.1,6.48,15.4,7.2,22.6,6.48,7.5,6.48,30.4,6.48,4.3,1.6,6.7,6.48,1.6,6.48,11.9,12.2,6.48,2.3,0.1,6.48,3.8,0.1,2.9,0.8,6.48,15.8,7.6,6.48,27.2,13.2,14.1,6.48,La_Liga,2025-2026
Mallorca,27,12.1,0.476,0.813,15.1,6.64,32,2,15,8.8,0.429,0.796,15.1,6.44,39,2,13.6,13.6,8.3,11.8,1.3,6.64,16.1,15.6,6.4,12.1,1.3,6.44,12.1,4.6,6.9,11.9,6.64,8.8,3.5,6.6,11.4,6.44,27.78,27.0,-0.78,205.0,0.14,6.64,24.27,19.0,-5.27,232.0,0.1,6.64,16.07,15.0,-1.07,150.0,0.11,6.44,35.42,30.0,-5.42,274.0,0.13,6.44,18,1,4,4,0,13,1,4,1,1,10,2,2,1,0,20,1,5,4,1,19,1,57,354,20,1,52,402,17,0,59,308,23,1,51,438,20,3,0,12,25,4,0,13,0.39,0.25,0.35,0.4,0.26,0.33,0.14,0.72,0.14,0.18,0.65,0.17,0.21,0.71,0.08,0.21,0.64,0.15,0.09,0.62,0.28,0.07,0.53,0.4,0.05,0.56,0.39,0.11,0.53,0.36,0.3,0.42,0.27,0.33,0.43,0.24,12.1,3.4,1.1,7.5,6.64,1.6,0.3,1.1,0.2,6.64,407.5,27.4,29.9,303.9,46.4,6.64,8.6,1.9,6.7,6.64,0.5,0.0,0.0,0.1,0.0,0.6,1.1,6.64,9.4,6.9,16.2,6.64,13.6,6.7,20.3,6.64,8.3,6.64,26.3,6.64,3.9,1.8,7.4,6.64,1.3,6.64,11.9,11.8,6.64,1.9,0.1,6.64,3.1,0.2,1.5,1.3,6.64,15.1,8.1,6.64,27.9,15.1,12.8,6.64,8.8,3.4,0.5,4.9,6.44,0.9,0.1,0.6,0.2,6.44,363.1,25.0,33.9,263.9,40.3,6.44,6.8,1.2,5.6,6.44,0.3,0.1,0.0,0.0,0.0,0.4,0.7,6.44,8.4,6.6,15.0,6.44,15.6,6.5,22.1,6.44,6.4,6.44,32.8,6.44,5.0,1.8,7.9,6.44,1.3,6.44,11.4,12.1,6.44,2.3,0.1,6.44,3.2,0.1,2.3,0.8,6.44,15.0,8.8,6.44,29.9,15.1,14.9,6.44,La_Liga,2025-2026
Osasuna,29,13.8,0.473,0.8,17.3,6.68,37,3,11,9.0,0.448,0.807,15.1,6.45,45,3,10.6,15.0,7.6,13.8,1.4,6.68,14.1,14.7,8.4,12.9,1.5,6.45,13.8,5.1,8.1,10.5,6.68,9.0,2.5,7.3,11.0,6.45,28.06,29.0,0.94,234.0,0.12,6.68,19.15,20.0,0.85,180.0,0.11,6.68,17.36,10.0,-7.36,153.0,0.11,6.45,28.95,22.0,-6.95,240.0,0.12,6.45,13,2,10,4,0,11,4,4,1,0,4,0,4,2,1,12,1,2,7,0,22,1,53,351,17,2,53,405,17,0,52,330,19,2,52,420,26,5,0,9,36,4,0,9,0.39,0.23,0.38,0.41,0.25,0.34,0.2,0.65,0.15,0.22,0.69,0.09,0.16,0.73,0.11,0.17,0.66,0.17,0.08,0.64,0.28,0.04,0.52,0.44,0.07,0.59,0.33,0.05,0.55,0.4,0.28,0.41,0.31,0.31,0.43,0.26,13.8,3.9,1.1,8.8,6.68,1.7,0.4,1.1,0.3,6.68,399.4,24.1,28.5,295.4,51.5,6.68,9.4,2.1,7.3,6.68,0.7,0.2,0.1,0.1,0.0,0.4,1.2,6.68,10.2,8.1,18.3,6.68,15.0,6.0,21.0,6.68,7.6,6.68,24.6,6.68,2.9,1.5,7.6,6.68,1.4,6.68,10.5,13.8,6.68,2.2,0.2,6.68,2.8,0.2,1.3,1.3,6.68,15.6,7.6,6.68,30.7,17.3,13.4,6.68,9.0,3.0,0.6,5.4,6.45,0.6,0.1,0.4,0.1,6.45,377.1,22.8,28.9,281.4,44.0,6.45,6.7,1.6,5.1,6.45,0.1,0.0,0.0,0.1,0.0,0.3,0.4,6.45,10.5,7.3,17.8,6.45,14.7,7.2,21.9,6.45,8.4,6.45,28.2,6.45,2.8,1.5,6.1,6.45,1.5,6.45,11.0,12.9,6.45,2.6,0.2,6.45,3.5,0.1,1.9,1.5,6.45,14.4,8.6,6.45,28.9,15.1,13.8,6.45,La_Liga,2025-2026
Rayo Vallecano,21,16.5,0.546,0.808,12.3,6.64,36,4,14,11.6,0.521,0.836,8.9,6.44,55,5,11.6,17.3,7.1,12.1,2.1,6.64,12.8,18.0,9.4,14.6,2.1,6.44,16.5,5.8,7.1,10.8,6.64,11.6,3.8,7.2,10.1,6.44,30.78,21.0,-9.78,280.0,0.11,6.64,20.12,13.0,-7.12,197.0,0.1,6.64,22.89,14.0,-8.89,197.0,0.12,6.44,30.66,27.0,-3.66,217.0,0.14,6.44,13,1,5,2,0,6,0,5,2,1,9,3,1,1,0,14,6,3,4,0,23,1,65,347,18,1,60,283,18,1,54,373,17,2,50,342,22,4,0,15,46,5,0,11,0.37,0.24,0.39,0.38,0.23,0.39,0.19,0.61,0.2,0.22,0.65,0.13,0.18,0.63,0.19,0.14,0.68,0.18,0.08,0.48,0.44,0.06,0.56,0.39,0.08,0.47,0.45,0.08,0.61,0.3,0.3,0.4,0.31,0.31,0.42,0.27,16.5,7.3,1.3,7.9,6.64,1.2,0.5,0.8,0.0,6.64,407.1,27.4,36.4,301.5,41.9,6.64,11.9,2.2,9.7,6.64,0.4,0.1,0.0,0.0,0.0,0.4,0.8,6.64,9.1,7.1,16.1,6.64,17.3,7.8,25.1,6.64,7.1,6.64,27.6,6.64,3.8,1.2,7.5,6.64,2.1,6.64,10.8,12.1,6.64,2.1,0.2,6.64,2.9,0.2,1.8,0.9,6.64,19.8,8.1,6.64,25.9,12.3,13.6,6.64,11.6,5.2,0.9,5.5,6.44,0.8,0.2,0.4,0.2,6.44,423.4,24.5,29.3,329.5,40.1,6.44,8.7,0.9,7.8,6.44,0.1,0.1,0.1,0.0,0.0,0.4,0.6,6.44,7.8,7.2,15.0,6.44,18.0,9.3,27.3,6.44,9.4,6.44,24.9,6.44,3.6,0.8,6.9,6.44,2.1,6.44,10.1,14.6,6.44,3.2,0.3,6.44,2.7,0.2,1.6,0.8,6.44,17.5,8.5,6.44,21.6,8.9,12.7,6.44,La_Liga,2025-2026
Real Betis,30,15.8,0.52,0.853,10.8,6.76,30,1,22,12.8,0.493,0.844,12.9,6.64,37,0,12.2,18.4,9.1,10.8,1.9,6.76,12.3,16.2,9.2,10.4,1.1,6.64,15.8,5.1,7.1,12.5,6.76,12.8,4.4,6.9,12.9,6.64,31.92,29.0,-2.92,268.0,0.12,6.76,20.67,16.0,-4.67,207.0,0.1,6.76,22.47,22.0,-0.47,217.0,0.1,6.64,23.72,24.0,0.28,209.0,0.11,6.64,20,4,3,2,1,11,1,3,1,1,15,4,3,0,0,15,1,6,2,0,15,2,50,448,16,2,46,413,16,2,48,409,21,1,49,419,19,4,0,8,21,6,0,10,0.41,0.22,0.37,0.39,0.23,0.38,0.17,0.66,0.17,0.23,0.62,0.15,0.16,0.65,0.19,0.2,0.63,0.17,0.07,0.52,0.41,0.05,0.56,0.39,0.04,0.56,0.4,0.1,0.52,0.38,0.26,0.43,0.3,0.32,0.42,0.27,15.8,6.5,1.0,8.3,6.76,1.8,0.4,1.1,0.2,6.76,493.4,23.5,25.5,397.5,47.0,6.76,11.9,1.4,10.5,6.76,0.2,0.1,0.1,0.0,0.0,0.8,1.2,6.76,8.7,7.1,15.8,6.76,18.4,10.1,28.5,6.76,9.1,6.76,24.3,6.76,2.9,1.3,6.6,6.76,1.9,6.76,12.5,10.8,6.76,1.8,0.1,6.76,3.1,0.2,1.9,1.1,6.76,15.6,9.5,6.76,22.9,10.8,12.1,6.76,12.8,5.1,0.5,7.2,6.64,1.3,0.1,0.9,0.4,6.64,452.9,22.8,24.6,359.6,45.8,6.64,9.6,1.9,7.7,6.64,0.2,0.1,0.2,0.0,0.0,0.6,1.0,6.64,8.6,6.9,15.5,6.64,16.2,9.4,25.6,6.64,9.2,6.64,32.4,6.64,3.1,1.8,7.8,6.64,1.1,6.64,12.9,10.4,6.64,2.2,0.0,6.64,3.1,0.3,1.7,1.1,6.64,15.2,7.8,6.64,24.6,12.9,11.8,6.64,La_Liga,2025-2026
Real Madrid,39,19.4,0.598,0.906,9.4,6.87,34,6,31,16.6,0.588,0.886,11.2,6.82,28,1,10.4,16.2,5.5,10.1,2.1,6.87,11.2,16.5,8.0,10.3,1.8,6.82,19.4,7.7,10.8,13.0,6.87,16.6,6.2,10.1,13.6,6.82,42.14,39.0,-3.14,329.0,0.13,6.87,18.74,13.0,-5.74,177.0,0.11,6.87,33.65,31.0,-2.65,283.0,0.12,6.82,23.67,17.0,-6.67,191.0,0.12,6.82,19,2,9,9,0,10,1,1,1,1,18,6,4,3,0,10,1,3,3,0,16,3,43,565,11,2,42,365,16,3,50,527,17,1,46,352,25,5,0,11,22,0,0,7,0.43,0.27,0.3,0.42,0.28,0.3,0.26,0.57,0.17,0.17,0.65,0.18,0.24,0.64,0.11,0.15,0.69,0.16,0.06,0.57,0.37,0.06,0.54,0.4,0.06,0.57,0.36,0.06,0.58,0.36,0.23,0.42,0.36,0.25,0.42,0.32,19.4,7.2,1.2,11.0,6.87,2.3,0.2,1.5,0.6,6.87,603.7,25.6,16.8,521.6,39.7,6.87,15.2,2.6,12.5,6.87,0.5,0.1,0.1,0.1,0.0,1.0,1.5,6.87,13.6,10.8,24.4,6.87,16.2,6.1,22.4,6.87,5.5,6.87,15.6,6.87,3.1,0.9,7.9,6.87,2.1,6.87,13.0,10.1,6.87,2.0,0.4,6.87,2.3,0.1,1.3,0.9,6.87,13.5,8.2,6.87,16.2,9.4,6.8,6.87,16.6,6.1,1.1,9.5,6.82,1.8,0.4,1.2,0.2,6.82,574.0,27.4,21.5,481.2,43.9,6.82,12.8,2.2,10.6,6.82,0.1,0.1,0.2,0.0,0.0,1.1,1.4,6.82,12.3,10.1,22.4,6.82,16.5,6.1,22.6,6.82,8.0,6.82,19.4,6.82,3.1,1.6,7.1,6.82,1.8,6.82,13.6,10.3,6.82,1.6,0.1,6.82,2.0,0.2,1.2,0.6,6.82,14.4,7.2,6.82,19.4,11.2,8.2,6.82,La_Liga,2025-2026
Real Oviedo,9,10.4,0.477,0.827,15.7,6.55,36,3,17,9.8,0.426,0.809,12.4,6.41,31,5,13.1,17.9,7.8,11.8,2.5,6.55,16.1,18.4,8.4,13.5,1.6,6.41,10.4,3.2,6.6,10.8,6.55,9.8,3.5,9.2,11.1,6.41,16.78,9.0,-7.78,177.0,0.09,6.55,24.84,17.0,-7.84,223.0,0.11,6.55,20.2,17.0,-3.2,167.0,0.12,6.41,34.34,37.0,2.66,273.0,0.13,6.41,5,2,2,0,0,10,1,4,2,0,6,1,8,2,0,20,4,10,3,0,21,1,58,359,17,0,48,416,13,1,57,314,21,1,47,450,25,3,0,11,30,1,0,9,0.42,0.24,0.34,0.43,0.25,0.32,0.18,0.68,0.14,0.2,0.7,0.1,0.19,0.64,0.17,0.16,0.7,0.13,0.08,0.54,0.38,0.08,0.53,0.39,0.07,0.6,0.33,0.05,0.58,0.37,0.31,0.42,0.26,0.32,0.43,0.24,10.4,3.9,0.9,5.6,6.55,0.5,0.1,0.4,0.1,6.55,412.4,28.1,29.6,313.2,41.6,6.55,7.5,1.8,5.8,6.55,0.1,0.1,0.0,0.0,0.0,0.4,0.4,6.55,9.1,6.6,15.8,6.55,17.9,7.3,25.2,6.55,7.8,6.55,24.6,6.55,3.6,1.5,6.7,6.55,2.5,6.55,10.8,11.8,6.55,2.1,0.2,6.55,3.6,0.3,2.3,1.0,6.55,16.0,7.6,6.55,29.5,15.7,13.8,6.55,9.8,3.2,0.6,5.9,6.41,1.0,0.2,0.8,0.0,6.41,367.6,26.6,29.6,270.7,40.6,6.41,6.6,1.5,5.1,6.41,0.4,0.1,0.1,0.0,0.0,0.2,0.6,6.41,10.5,9.2,19.7,6.41,18.4,8.2,26.6,6.41,8.4,6.41,29.5,6.41,3.8,2.3,8.4,6.41,1.6,6.41,11.1,13.5,6.41,1.8,0.3,6.41,4.5,0.1,2.8,1.6,6.41,16.2,7.7,6.41,25.2,12.4,12.8,6.41,La_Liga,2025-2026
Real Sociedad,32,13.2,0.51,0.821,15.5,6.62,35,3,20,12.6,0.505,0.835,13.8,6.55,36,1,11.8,17.4,8.1,14.2,1.9,6.62,14.8,18.6,7.7,14.2,2.8,6.55,13.2,5.0,8.1,12.4,6.62,12.6,4.7,7.9,10.4,6.55,31.41,31.0,-0.41,224.0,0.14,6.62,21.87,23.0,1.13,200.0,0.11,6.62,23.2,20.0,-3.2,202.0,0.11,6.55,28.66,26.0,-2.66,237.0,0.12,6.55,16,6,5,4,1,11,3,8,1,2,13,1,3,3,0,13,2,7,4,1,19,2,51,388,15,1,60,365,17,2,49,410,18,2,57,391,23,5,0,10,31,3,0,3,0.39,0.24,0.38,0.37,0.25,0.39,0.17,0.65,0.18,0.21,0.64,0.14,0.16,0.71,0.13,0.2,0.68,0.13,0.09,0.54,0.37,0.09,0.57,0.34,0.06,0.52,0.41,0.05,0.59,0.35,0.27,0.44,0.3,0.28,0.44,0.28,13.2,4.9,1.2,7.1,6.62,1.9,0.4,1.0,0.4,6.62,435.4,24.0,25.6,333.6,52.2,6.62,10.2,1.5,8.6,6.62,0.2,0.1,0.2,0.0,0.0,0.9,1.2,6.62,10.0,8.1,18.1,6.62,17.4,8.4,25.7,6.62,8.1,6.62,23.5,6.62,2.9,0.9,7.9,6.62,1.9,6.62,12.4,14.2,6.62,2.1,0.2,6.62,2.2,0.2,1.2,0.8,6.62,17.2,8.0,6.62,30.2,15.5,14.7,6.62,12.6,5.2,0.8,6.6,6.55,1.3,0.0,1.0,0.3,6.55,453.4,22.1,26.1,356.6,48.6,6.55,9.8,1.8,7.9,6.55,0.1,0.1,0.0,0.0,0.0,0.6,0.8,6.55,9.2,7.9,17.1,6.55,18.6,8.1,26.6,6.55,7.7,6.55,26.2,6.55,3.8,1.0,6.6,6.55,2.8,6.55,10.4,14.2,6.55,2.3,0.1,6.55,2.8,0.1,1.8,1.0,6.55,15.1,7.4,6.55,26.9,13.8,13.1,6.55,La_Liga,2025-2026
Sevilla,21,10.9,0.525,0.819,17.2,6.57,46,3,19,10.9,0.511,0.808,14.4,6.44,46,2,10.0,17.9,9.3,15.2,3.1,6.57,11.5,17.0,7.7,14.0,2.3,6.44,10.9,3.6,7.6,13.1,6.57,10.9,3.2,6.8,11.2,6.44,19.87,20.0,0.13,175.0,0.11,6.57,23.63,23.0,-0.63,160.0,0.15,6.57,16.01,17.0,0.99,186.0,0.09,6.44,32.17,32.0,-0.17,196.0,0.16,6.44,9,4,3,4,1,14,4,4,1,0,12,2,2,1,2,17,2,5,8,0,19,1,53,351,14,2,48,318,14,1,56,369,19,1,52,349,30,3,0,17,34,1,0,14,0.37,0.23,0.41,0.4,0.21,0.38,0.12,0.72,0.16,0.23,0.63,0.14,0.2,0.65,0.15,0.13,0.79,0.08,0.04,0.65,0.31,0.04,0.65,0.3,0.04,0.58,0.38,0.08,0.64,0.28,0.27,0.41,0.31,0.3,0.44,0.26,10.9,3.4,0.4,7.1,6.57,1.3,0.1,1.0,0.1,6.57,397.9,24.8,27.7,301.0,44.4,6.57,8.2,1.4,6.8,6.57,0.3,0.1,0.1,0.0,0.0,0.4,0.8,6.57,10.8,7.6,18.4,6.57,17.9,6.6,24.6,6.57,9.3,6.57,24.2,6.57,2.7,0.9,6.9,6.57,3.1,6.57,13.1,15.2,6.57,2.9,0.2,6.57,2.6,0.1,1.9,0.5,6.57,16.6,7.4,6.57,30.4,17.2,13.3,6.57,10.9,4.2,0.4,6.4,6.44,1.1,0.1,0.7,0.2,6.44,419.9,24.1,31.5,315.0,49.2,6.44,8.4,1.4,7.0,6.44,0.2,0.0,0.1,0.1,0.0,0.5,0.8,6.44,8.7,6.8,15.5,6.44,17.0,8.1,25.1,6.44,7.7,6.44,26.4,6.44,2.7,1.8,6.9,6.44,2.3,6.44,11.2,14.0,6.44,2.7,0.1,6.44,2.9,0.4,1.7,0.9,6.44,17.1,8.5,6.44,28.5,14.4,14.1,6.44,La_Liga,2025-2026
Valencia,23,13.6,0.504,0.829,11.1,6.58,31,0,14,9.8,0.463,0.812,12.6,6.46,34,2,9.8,15.5,8.5,12.9,1.8,6.58,14.1,16.0,6.8,11.9,1.6,6.46,13.6,3.3,8.8,11.9,6.58,9.8,2.9,6.5,10.8,6.46,28.44,23.0,-5.44,231.0,0.12,6.58,18.2,19.0,0.8,167.0,0.11,6.58,21.06,14.0,-7.06,167.0,0.13,6.46,29.58,29.0,-0.58,240.0,0.12,6.46,12,2,5,4,0,12,1,4,2,2,8,2,3,1,0,17,1,7,4,0,22,2,48,383,15,2,50,382,16,1,53,349,19,3,52,413,22,3,0,6,24,1,0,11,0.35,0.26,0.39,0.38,0.25,0.37,0.13,0.75,0.13,0.16,0.7,0.14,0.19,0.65,0.16,0.18,0.65,0.18,0.07,0.58,0.34,0.05,0.59,0.36,0.12,0.53,0.35,0.1,0.56,0.35,0.27,0.44,0.29,0.32,0.44,0.25,13.6,4.6,1.0,7.9,6.58,1.4,0.3,1.1,0.0,6.58,428.1,23.0,24.5,332.0,48.5,6.58,9.1,1.2,7.9,6.58,0.4,0.1,0.1,0.0,0.0,0.4,0.9,6.58,10.2,8.8,19.0,6.58,15.5,7.4,22.9,6.58,8.5,6.58,22.8,6.58,2.2,0.8,6.5,6.58,1.8,6.58,11.9,12.9,6.58,1.8,0.0,6.58,2.0,0.1,1.3,0.6,6.58,15.4,8.9,6.58,23.2,11.1,12.1,6.58,9.8,3.4,1.2,5.2,6.46,0.8,0.2,0.4,0.2,6.46,396.6,22.0,30.8,300.0,43.8,6.46,7.1,1.4,5.7,6.46,0.2,0.1,0.1,0.0,0.0,0.3,0.6,6.46,9.6,6.5,16.1,6.46,16.0,6.4,22.4,6.46,6.8,6.46,29.5,6.46,3.2,1.5,6.5,6.46,1.6,6.46,10.8,11.9,6.46,2.0,0.1,6.46,3.4,0.4,2.1,1.0,6.46,14.7,7.8,6.46,28.2,12.6,15.6,6.46,La_Liga,2025-2026
Villarreal,41,15.1,0.47,0.844,9.5,6.79,28,1,23,9.5,0.396,0.809,10.6,6.55,46,2,11.0,16.2,9.4,12.3,2.3,6.79,14.4,19.4,8.8,12.2,1.7,6.55,15.1,5.8,8.4,11.0,6.79,9.5,3.4,7.2,12.4,6.55,36.4,40.0,3.6,256.0,0.14,6.79,22.18,15.0,-7.18,187.0,0.12,6.79,24.3,23.0,-1.3,161.0,0.15,6.55,24.57,22.0,-2.57,244.0,0.1,6.55,25,9,4,2,1,6,1,3,5,0,13,4,3,3,0,16,2,2,2,2,15,2,44,399,18,1,51,447,10,2,48,326,25,2,47,514,24,0,0,5,36,2,0,11,0.33,0.3,0.37,0.32,0.28,0.4,0.14,0.66,0.2,0.19,0.63,0.19,0.15,0.67,0.18,0.15,0.62,0.23,0.1,0.61,0.29,0.08,0.55,0.37,0.1,0.61,0.29,0.07,0.54,0.39,0.29,0.42,0.28,0.34,0.45,0.22,15.1,4.4,1.5,9.1,6.79,2.4,0.4,1.5,0.5,6.79,437.1,20.5,23.3,348.4,44.9,6.79,11.2,1.4,9.8,6.79,0.2,0.0,0.1,0.0,0.0,1.4,1.6,6.79,9.3,8.4,17.6,6.79,16.2,7.2,23.4,6.79,9.4,6.79,22.8,6.79,3.1,1.1,8.4,6.79,2.3,6.79,11.0,12.3,6.79,1.6,0.1,6.79,2.4,0.2,1.4,0.8,6.79,14.8,7.4,6.79,20.0,9.5,10.5,6.79,9.5,2.7,0.9,5.8,6.55,1.4,0.4,0.8,0.2,6.55,369.6,21.2,26.2,277.8,44.4,6.55,7.6,0.6,7.0,6.55,0.1,0.1,0.0,0.0,0.0,0.8,0.9,6.55,11.4,7.2,18.6,6.55,19.4,11.6,30.9,6.55,8.8,6.55,31.2,6.55,4.9,2.4,7.8,6.55,1.7,6.55,12.4,12.2,6.55,2.7,0.1,6.55,2.5,0.1,1.6,0.8,6.55,16.5,8.9,6.55,22.2,10.6,11.5,6.55,La_Liga,2025-2026
Almeria,29,12.1,0.467,0.783,14.0,6.61,46,2,20,11.2,0.432,0.783,11.5,6.39,48,2,12.4,15.5,6.8,12.4,2.2,6.61,16.2,13.8,10.2,10.9,2.2,6.39,12.1,4.4,8.1,10.3,6.61,11.2,4.1,7.6,10.8,6.39,25.44,29.0,3.56,230.0,0.11,6.61,27.8,22.0,-5.8,235.0,0.12,6.61,21.34,20.0,-1.34,212.0,0.1,6.39,38.17,42.0,3.83,308.0,0.12,6.39,18,1,9,1,0,13,2,6,1,0,14,2,3,1,0,35,1,3,3,1,17,1,63,319,23,2,53,381,15,2,55,323,23,2,57,439,40,5,0,5,33,5,0,12,0.37,0.24,0.39,0.36,0.26,0.37,0.17,0.66,0.17,0.2,0.61,0.19,0.23,0.61,0.16,0.19,0.62,0.19,0.08,0.59,0.33,0.05,0.69,0.26,0.04,0.55,0.41,0.07,0.57,0.36,0.31,0.43,0.26,0.34,0.41,0.24,12.1,4.0,1.0,7.1,6.61,1.5,0.3,1.1,0.2,6.61,375.9,29.0,33.0,265.4,48.5,6.61,8.6,1.8,6.7,6.61,0.3,0.2,0.1,0.0,0.0,0.5,0.9,6.61,9.6,8.1,17.7,6.61,15.5,8.5,24.0,6.61,6.8,6.61,21.4,6.61,3.1,1.4,8.3,6.61,2.2,6.61,10.3,12.4,6.61,2.4,0.1,6.61,3.2,0.1,2.6,0.6,6.61,15.9,7.1,6.61,28.9,14.0,14.9,6.61,11.2,4.6,0.5,6.1,6.39,1.1,0.1,0.9,0.1,6.39,371.3,23.3,30.9,267.3,49.8,6.39,8.1,1.2,6.8,6.39,0.4,0.2,0.1,0.0,0.0,0.4,0.9,6.39,9.8,7.6,17.4,6.39,13.8,9.7,23.5,6.39,10.2,6.39,20.7,6.39,3.4,1.7,8.2,6.39,2.2,6.39,10.8,10.9,6.39,2.5,0.1,6.39,4.1,0.1,2.4,1.6,6.39,14.6,7.7,6.39,24.7,11.5,13.2,6.39,La_Liga,2022-2023
Athletic Club,22,16.4,0.53,0.799,15.1,6.64,39,2,25,12.5,0.5,0.803,13.2,6.53,41,3,8.4,15.9,8.8,13.3,2.7,6.64,12.1,16.1,7.5,13.7,2.4,6.53,16.4,4.5,9.5,10.4,6.64,12.5,4.5,8.8,11.8,6.53,28.87,22.0,-6.87,311.0,0.09,6.64,15.17,13.0,-2.17,160.0,0.09,6.64,29.79,24.0,-5.79,237.0,0.13,6.53,22.03,27.0,4.97,230.0,0.1,6.53,15,2,4,1,0,10,1,1,1,2,17,2,1,4,1,21,0,4,2,1,28,1,53,391,14,1,63,342,20,1,58,384,17,1,63,382,32,1,0,9,31,3,0,10,0.35,0.24,0.41,0.37,0.24,0.39,0.21,0.62,0.17,0.12,0.69,0.19,0.19,0.67,0.14,0.18,0.63,0.19,0.07,0.59,0.34,0.07,0.6,0.33,0.06,0.64,0.3,0.05,0.55,0.4,0.23,0.41,0.36,0.26,0.43,0.32,16.4,5.6,1.2,9.6,6.64,1.2,0.2,0.8,0.1,6.64,437.9,26.8,25.1,323.2,62.8,6.64,12.3,1.7,10.6,6.64,0.3,0.0,0.1,0.1,0.0,0.6,0.9,6.64,10.1,9.5,19.5,6.64,15.9,8.8,24.7,6.64,8.8,6.64,12.5,6.64,2.0,0.9,8.1,6.64,2.7,6.64,10.4,13.3,6.64,2.1,0.1,6.64,1.4,0.1,1.0,0.3,6.64,15.5,9.6,6.64,28.3,15.1,13.2,6.64,12.5,3.7,0.8,8.0,6.53,1.3,0.2,0.9,0.2,6.53,435.4,28.8,28.3,321.0,57.3,6.53,9.5,1.3,8.2,6.53,0.1,0.0,0.2,0.0,0.0,0.6,0.8,6.53,10.3,8.8,19.2,6.53,16.1,8.1,24.2,6.53,7.5,6.53,17.1,6.53,3.0,1.3,8.7,6.53,2.4,6.53,11.8,13.7,6.53,2.2,0.2,6.53,3.0,0.1,1.7,1.2,6.53,13.6,8.9,6.53,25.9,13.2,12.7,6.53,La_Liga,2022-2023
Atletico Madrid,41,16.0,0.543,0.859,12.0,6.8,36,4,29,12.4,0.465,0.822,11.9,6.7,50,4,8.7,16.4,8.2,11.0,2.0,6.8,14.4,18.7,7.8,12.2,2.2,6.7,16.0,5.9,8.8,10.6,6.8,12.4,4.6,8.1,11.4,6.7,34.6,40.0,5.4,304.0,0.11,6.8,18.39,15.0,-3.39,165.0,0.11,6.8,28.43,28.0,-0.43,235.0,0.12,6.7,25.96,18.0,-7.96,273.0,0.1,6.7,32,3,4,1,1,10,1,2,2,0,17,3,8,0,1,11,0,5,2,0,19,2,51,502,16,1,58,408,14,2,55,395,23,1,58,454,26,3,0,13,37,3,0,15,0.38,0.26,0.36,0.35,0.26,0.39,0.24,0.6,0.16,0.22,0.64,0.14,0.19,0.66,0.15,0.17,0.63,0.21,0.08,0.59,0.34,0.05,0.56,0.39,0.06,0.63,0.31,0.08,0.49,0.42,0.25,0.46,0.3,0.32,0.44,0.24,16.0,5.4,1.3,9.4,6.8,2.2,0.5,1.4,0.2,6.8,549.2,28.8,22.2,442.8,55.4,6.8,12.5,2.0,10.5,6.8,0.2,0.0,0.3,0.0,0.0,1.1,1.6,6.8,9.9,8.8,18.7,6.8,16.4,8.4,24.7,6.8,8.2,6.8,13.9,6.8,2.4,1.5,7.9,6.8,2.0,6.8,10.6,11.0,6.8,1.9,0.2,6.8,1.5,0.1,0.8,0.5,6.8,12.2,6.6,6.8,21.4,12.0,9.4,6.8,12.4,3.9,0.7,7.7,6.7,1.5,0.2,1.1,0.3,6.7,446.5,25.9,28.3,341.2,51.2,6.7,9.6,1.3,8.3,6.7,0.1,0.1,0.2,0.2,0.0,0.7,1.1,6.7,7.7,8.1,15.8,6.7,18.7,10.1,28.8,6.7,7.8,6.7,20.5,6.7,3.0,1.9,7.5,6.7,2.2,6.7,11.4,12.2,6.7,2.6,0.2,6.7,3.5,0.2,1.7,1.6,6.7,13.3,7.9,6.7,23.6,11.9,11.7,6.7,La_Liga,2022-2023
Barcelona,37,17.6,0.666,0.891,11.8,6.94,30,3,33,12.5,0.629,0.869,12.8,6.75,48,3,7.3,13.9,5.8,11.4,2.4,6.94,10.2,13.5,7.5,11.4,2.7,6.75,17.6,6.2,11.3,11.3,6.94,12.5,4.1,9.5,12.5,6.75,46.31,36.0,-10.31,335.0,0.14,6.94,14.55,3.0,-11.55,138.0,0.11,6.94,31.93,33.0,1.07,237.0,0.13,6.75,20.34,14.0,-6.34,193.0,0.11,6.75,33,1,2,0,1,1,1,0,1,1,25,4,4,0,0,10,0,2,2,2,24,4,47,595,10,1,56,271,16,3,55,520,16,1,55,279,23,5,0,7,35,2,0,15,0.37,0.28,0.36,0.36,0.28,0.36,0.15,0.68,0.17,0.22,0.65,0.13,0.16,0.7,0.15,0.19,0.62,0.18,0.1,0.63,0.27,0.03,0.72,0.25,0.09,0.6,0.31,0.06,0.65,0.3,0.19,0.43,0.37,0.27,0.44,0.29,17.6,4.8,1.8,11.1,6.94,1.9,0.4,1.5,0.1,6.94,640.1,33.3,13.9,537.0,55.9,6.94,13.9,1.8,12.1,6.94,0.3,0.0,0.3,0.0,0.0,0.9,1.5,6.94,10.0,11.3,21.3,6.94,13.9,7.3,21.3,6.94,5.8,6.94,8.8,6.94,1.8,0.7,6.9,6.94,2.4,6.94,11.3,11.4,6.94,1.6,0.2,6.94,1.8,0.0,1.3,0.5,6.94,13.2,8.1,6.94,21.9,11.8,10.1,6.94,12.5,3.8,1.1,7.5,6.75,1.7,0.5,1.2,0.1,6.75,569.9,32.6,21.7,462.6,53.1,6.75,9.9,1.7,8.2,6.75,0.1,0.0,0.4,0.0,0.0,1.0,1.4,6.75,11.4,9.5,20.9,6.75,13.5,6.9,20.5,6.75,7.5,6.75,13.0,6.75,2.5,1.4,7.3,6.75,2.7,6.75,12.5,11.4,6.75,2.5,0.2,6.75,2.7,0.1,1.8,0.8,6.75,15.5,9.1,6.75,21.9,12.8,9.1,6.75,La_Liga,2022-2023
Cadiz,19,10.9,0.434,0.733,17.7,6.58,56,2,11,9.8,0.391,0.748,14.4,6.39,51,5,13.6,16.9,7.5,13.3,2.0,6.58,15.4,15.8,6.7,14.7,1.9,6.39,10.9,3.4,7.4,12.1,6.58,9.8,2.7,5.6,13.3,6.39,21.42,19.0,-2.42,208.0,0.1,6.58,28.86,23.0,-5.86,259.0,0.11,6.58,20.17,10.0,-10.17,187.0,0.11,6.39,37.02,30.0,-7.02,292.0,0.13,6.39,11,1,4,3,0,17,2,2,2,0,6,1,2,1,1,15,1,7,7,0,20,1,67,273,20,1,61,387,14,1,60,260,25,1,56,438,36,8,0,14,42,3,0,15,0.4,0.24,0.36,0.41,0.23,0.36,0.19,0.62,0.2,0.16,0.68,0.17,0.2,0.66,0.14,0.16,0.66,0.18,0.07,0.59,0.34,0.05,0.6,0.36,0.09,0.54,0.37,0.08,0.6,0.32,0.3,0.42,0.28,0.32,0.43,0.25,10.9,3.7,0.7,6.5,6.58,1.0,0.3,0.6,0.1,6.58,333.9,28.2,36.7,216.7,52.3,6.58,7.3,1.8,5.5,6.58,0.1,0.0,0.1,0.0,0.0,0.5,0.7,6.58,9.5,7.4,16.9,6.58,16.9,9.7,26.7,6.58,7.5,6.58,20.1,6.58,3.1,1.4,8.2,6.58,2.0,6.58,12.1,13.3,6.58,2.9,0.1,6.58,4.3,0.1,2.7,1.4,6.58,15.8,8.6,6.58,35.7,17.7,18.1,6.58,9.8,3.7,0.8,5.3,6.39,0.6,0.2,0.3,0.1,6.39,315.8,25.1,34.0,211.3,45.5,6.39,6.8,1.5,5.3,6.39,0.1,0.0,0.0,0.0,0.0,0.3,0.4,6.39,7.5,5.6,13.1,6.39,15.8,8.7,24.6,6.39,6.7,6.39,23.5,6.39,3.6,1.5,7.5,6.39,1.9,6.39,13.3,14.7,6.39,2.7,0.3,6.39,3.6,0.3,2.1,1.2,6.39,14.1,10.0,6.39,30.9,14.4,16.5,6.39,La_Liga,2022-2023
Celta Vigo,26,13.8,0.524,0.833,12.0,6.66,36,2,17,11.1,0.479,0.802,12.2,6.46,44,4,8.7,18.4,10.0,12.8,2.3,6.66,11.7,16.6,9.4,11.9,2.0,6.46,13.8,5.0,8.6,12.5,6.66,11.1,3.6,8.4,13.4,6.46,22.82,25.0,2.18,263.0,0.09,6.66,19.02,21.0,1.98,165.0,0.12,6.66,19.14,16.0,-3.14,210.0,0.09,6.46,28.44,31.0,2.56,222.0,0.13,6.46,22,0,2,1,1,10,3,5,3,0,12,1,2,1,1,19,3,7,2,1,20,1,54,414,15,1,55,373,17,1,55,369,19,2,59,401,30,1,0,8,31,6,0,13,0.37,0.25,0.38,0.37,0.25,0.38,0.12,0.67,0.21,0.18,0.68,0.13,0.15,0.64,0.21,0.15,0.68,0.17,0.06,0.44,0.49,0.05,0.55,0.39,0.07,0.54,0.39,0.08,0.64,0.28,0.26,0.44,0.29,0.29,0.45,0.26,13.8,6.8,0.9,6.1,6.66,1.4,0.0,0.9,0.4,6.66,463.1,27.2,25.7,358.5,51.7,6.66,10.5,1.4,9.1,6.66,0.3,0.1,0.1,0.0,0.0,0.6,1.0,6.66,9.6,8.6,18.3,6.66,18.4,9.7,28.1,6.66,10.0,6.66,15.8,6.66,1.8,1.3,8.3,6.66,2.3,6.66,12.5,12.8,6.66,1.9,0.1,6.66,1.8,0.1,1.2,0.6,6.66,14.9,7.9,6.66,26.5,12.0,14.5,6.66,11.1,4.3,0.7,6.0,6.46,0.9,0.1,0.7,0.1,6.46,417.9,25.5,29.2,309.8,53.4,6.46,8.1,1.3,6.8,6.46,0.1,0.0,0.1,0.0,0.0,0.5,0.6,6.46,10.2,8.4,18.6,6.46,16.6,10.4,26.9,6.46,9.4,6.46,17.3,6.46,2.6,1.4,8.0,6.46,2.0,6.46,13.4,11.9,6.46,2.3,0.2,6.46,2.5,0.2,1.7,0.6,6.46,14.9,7.7,6.46,26.1,12.2,13.9,6.46,La_Liga,2022-2023
Elche,18,13.3,0.491,0.802,13.5,6.51,41,6,12,8.1,0.407,0.778,12.2,6.37,52,6,11.9,17.2,7.4,14.5,2.6,6.51,17.6,16.2,9.6,13.1,1.6,6.37,13.3,4.4,10.2,10.4,6.51,8.1,2.5,7.8,10.3,6.37,26.0,18.0,-8.0,252.0,0.1,6.51,30.42,27.0,-3.42,227.0,0.13,6.51,13.15,12.0,-1.15,153.0,0.09,6.37,42.78,38.0,-4.78,334.0,0.13,6.37,10,1,4,3,0,19,1,3,4,2,5,1,5,1,0,29,1,5,3,0,25,1,54,344,17,1,55,366,15,0,55,293,24,2,52,454,32,5,0,12,41,3,0,15,0.39,0.23,0.38,0.41,0.22,0.36,0.16,0.65,0.19,0.15,0.7,0.14,0.17,0.71,0.12,0.19,0.66,0.15,0.08,0.62,0.31,0.07,0.63,0.3,0.1,0.61,0.29,0.09,0.55,0.36,0.28,0.43,0.29,0.34,0.43,0.22,13.3,4.1,1.1,8.2,6.51,0.9,0.1,0.8,0.1,6.51,391.8,26.0,26.7,288.2,51.0,6.51,10.4,3.2,7.3,6.51,0.3,0.1,0.0,0.0,0.0,0.3,0.6,6.51,9.2,10.2,19.4,6.51,17.2,7.5,24.6,6.51,7.4,6.51,14.7,6.51,2.9,1.2,8.4,6.51,2.6,6.51,10.4,14.5,6.51,2.2,0.3,6.51,2.9,0.2,2.1,0.7,6.51,14.1,8.3,6.51,24.6,13.5,11.1,6.51,8.1,2.3,0.8,4.9,6.37,0.6,0.2,0.5,0.0,6.37,343.1,25.3,29.2,241.5,47.1,6.37,6.1,1.9,4.2,6.37,0.4,0.1,0.0,0.1,0.0,0.1,0.5,6.37,10.1,7.8,17.9,6.37,16.2,9.5,25.7,6.37,9.6,6.37,23.9,6.37,3.9,1.5,6.5,6.37,1.6,6.37,10.3,13.1,6.37,2.7,0.3,6.37,4.6,0.3,2.4,1.9,6.37,16.3,9.9,6.37,25.8,12.2,13.6,6.37,La_Liga,2022-2023
Espanyol,27,13.2,0.454,0.793,16.0,6.53,41,6,25,9.0,0.397,0.732,18.2,6.54,50,4,11.7,16.6,7.3,12.1,1.9,6.53,16.9,17.7,10.5,12.0,1.3,6.54,13.2,5.1,6.7,13.4,6.53,9.0,3.2,6.8,12.6,6.54,31.56,27.0,-4.56,251.0,0.13,6.53,26.78,33.0,6.22,223.0,0.12,6.53,19.5,24.0,4.5,171.0,0.11,6.54,34.23,34.0,-0.23,322.0,0.11,6.54,16,0,8,3,0,22,1,8,2,2,18,1,3,2,1,21,1,9,3,0,23,1,59,317,14,1,59,406,15,1,61,258,25,1,59,424,34,4,0,12,38,2,0,15,0.37,0.27,0.36,0.35,0.26,0.39,0.17,0.69,0.14,0.2,0.64,0.17,0.16,0.66,0.18,0.21,0.61,0.18,0.11,0.56,0.33,0.1,0.55,0.35,0.06,0.56,0.37,0.07,0.58,0.34,0.26,0.43,0.31,0.33,0.43,0.25,13.2,4.3,1.5,7.4,6.53,1.4,0.7,0.6,0.1,6.53,371.5,28.4,29.4,266.0,47.6,6.53,10.1,1.7,8.4,6.53,0.3,0.1,0.0,0.0,0.0,0.5,0.8,6.53,8.2,6.7,14.9,6.53,16.6,6.6,23.3,6.53,7.3,6.53,15.0,6.53,2.8,1.1,6.9,6.53,1.9,6.53,13.4,12.1,6.53,2.2,0.3,6.53,2.5,0.3,1.3,0.9,6.53,13.6,6.0,6.53,31.4,16.0,15.4,6.53,9.0,3.4,0.6,5.1,6.54,1.3,0.2,0.8,0.3,6.54,315.7,24.6,35.9,206.6,48.6,6.54,6.7,1.7,5.0,6.54,0.1,0.0,0.1,0.0,0.0,0.6,0.8,6.54,8.5,6.8,15.3,6.54,17.7,9.1,26.8,6.54,10.5,6.54,23.9,6.54,4.2,2.2,7.9,6.54,1.3,6.54,12.6,12.0,6.54,2.6,0.2,6.54,3.6,0.2,2.4,1.1,6.54,14.1,6.9,6.54,34.5,18.2,16.3,6.54,La_Liga,2022-2023
Getafe,21,11.6,0.422,0.715,19.0,6.54,61,4,13,8.0,0.361,0.696,18.9,6.44,55,5,12.6,14.3,8.3,16.2,2.3,6.54,13.1,14.2,8.5,15.4,1.9,6.44,11.6,3.8,5.8,12.1,6.54,8.0,2.8,5.6,10.9,6.44,24.65,21.0,-3.65,221.0,0.11,6.54,21.74,19.0,-2.74,239.0,0.09,6.54,13.67,13.0,-0.67,152.0,0.09,6.44,24.87,24.0,-0.87,249.0,0.1,6.44,17,0,2,2,0,11,2,4,2,1,6,0,4,3,0,15,2,5,2,1,20,1,68,276,17,1,67,414,15,0,69,250,24,1,65,498,49,1,0,17,39,4,0,21,0.39,0.25,0.36,0.41,0.27,0.33,0.21,0.65,0.14,0.17,0.65,0.18,0.21,0.68,0.11,0.17,0.64,0.18,0.05,0.62,0.33,0.04,0.5,0.46,0.03,0.62,0.35,0.06,0.52,0.42,0.25,0.46,0.3,0.3,0.45,0.25,11.6,3.8,0.6,7.2,6.54,1.1,0.2,0.8,0.1,6.54,340.9,28.9,38.1,214.8,59.2,6.54,8.3,1.9,6.3,6.54,0.2,0.0,0.0,0.0,0.0,0.6,0.8,6.54,6.7,5.8,12.5,6.54,14.3,8.4,22.7,6.54,8.3,6.54,17.0,6.54,2.8,1.7,7.3,6.54,2.3,6.54,12.1,16.2,6.54,3.2,0.2,6.54,3.3,0.1,1.7,1.4,6.54,13.6,7.2,6.54,35.8,19.0,16.8,6.54,8.0,2.8,0.3,4.9,6.44,0.7,0.1,0.5,0.1,6.44,313.9,28.3,39.1,190.2,56.3,6.44,4.8,1.1,3.7,6.44,0.2,0.1,0.0,0.0,0.0,0.1,0.3,6.44,5.9,5.6,11.5,6.44,14.2,9.2,23.3,6.44,8.5,6.44,21.9,6.44,3.2,1.9,8.1,6.44,1.9,6.44,10.9,15.4,6.44,2.9,0.3,6.44,3.2,0.2,1.7,1.3,6.44,12.9,6.9,6.44,39.1,18.9,20.2,6.44,La_Liga,2022-2023
Girona,35,13.7,0.502,0.836,11.3,6.62,41,1,23,10.2,0.516,0.832,11.6,6.49,47,2,11.2,14.9,7.0,11.5,2.3,6.62,14.8,14.1,7.0,11.6,2.3,6.49,13.7,5.3,8.1,11.6,6.62,10.2,3.6,9.8,15.1,6.49,31.02,34.0,2.98,261.0,0.12,6.62,23.22,26.0,2.78,212.0,0.11,6.62,22.83,21.0,-1.83,194.0,0.12,6.49,31.7,29.0,-2.7,281.0,0.11,6.49,23,0,7,4,1,19,2,4,1,0,10,2,5,4,2,18,2,4,5,0,21,1,49,402,18,1,55,394,17,1,47,403,22,1,53,363,32,3,0,7,34,6,0,11,0.36,0.24,0.4,0.39,0.24,0.38,0.17,0.66,0.17,0.21,0.65,0.14,0.18,0.72,0.1,0.21,0.6,0.19,0.08,0.63,0.29,0.11,0.49,0.4,0.08,0.56,0.36,0.08,0.57,0.35,0.3,0.42,0.28,0.33,0.43,0.25,13.7,4.0,1.1,8.7,6.62,1.8,0.5,1.1,0.2,6.62,444.7,23.9,23.5,348.0,49.3,6.62,11.3,2.4,8.9,6.62,0.4,0.0,0.1,0.1,0.0,0.9,1.4,6.62,9.5,8.1,17.6,6.62,14.9,7.3,22.2,6.62,7.0,6.62,15.1,6.62,2.4,1.2,7.6,6.62,2.3,6.62,11.6,11.5,6.62,2.2,0.1,6.62,2.5,0.1,1.3,1.2,6.62,11.7,8.9,6.62,22.5,11.3,11.2,6.62,10.2,3.7,0.8,5.7,6.49,1.2,0.2,0.7,0.2,6.49,443.2,22.0,24.1,346.9,50.2,6.49,7.9,2.0,5.9,6.49,0.3,0.1,0.1,0.1,0.0,0.5,0.8,6.49,10.8,9.8,20.7,6.49,14.1,7.8,21.9,6.49,7.0,6.49,17.2,6.49,3.4,1.7,6.5,6.49,2.3,6.49,15.1,11.6,6.49,2.5,0.1,6.49,3.5,0.3,1.9,1.3,6.49,12.9,8.5,6.49,23.4,11.6,11.8,6.49,La_Liga,2022-2023
Mallorca,22,9.4,0.419,0.766,18.3,6.66,69,3,15,7.9,0.389,0.743,17.4,6.45,52,2,11.4,14.2,8.6,17.0,2.0,6.66,14.7,16.5,8.1,15.2,2.1,6.45,9.4,3.4,8.1,13.2,6.66,7.9,2.6,7.4,10.9,6.45,21.96,21.0,-0.96,179.0,0.12,6.66,17.62,12.0,-5.62,216.0,0.08,6.66,15.5,15.0,-0.5,150.0,0.1,6.45,29.25,31.0,1.75,280.0,0.1,6.45,14,1,6,0,1,7,0,1,4,0,5,0,6,4,0,24,1,4,2,0,18,1,61,291,20,1,52,439,16,1,61,268,23,1,49,467,47,7,0,18,32,3,0,19,0.35,0.26,0.39,0.4,0.24,0.36,0.09,0.7,0.21,0.22,0.68,0.11,0.15,0.65,0.19,0.15,0.7,0.14,0.07,0.63,0.31,0.04,0.49,0.47,0.04,0.63,0.33,0.04,0.55,0.41,0.29,0.47,0.24,0.34,0.43,0.22,9.4,2.9,0.6,5.9,6.66,1.2,0.3,0.8,0.0,6.66,347.5,28.2,31.4,238.1,49.8,6.66,7.6,1.8,5.8,6.66,0.4,0.2,0.1,0.0,0.0,0.5,0.9,6.66,7.2,8.1,15.2,6.66,14.2,7.1,21.3,6.66,8.6,6.66,20.3,6.66,3.4,1.7,6.2,6.66,2.0,6.66,13.2,17.0,6.66,3.6,0.2,6.66,2.4,0.2,1.1,1.1,6.66,13.1,7.6,6.66,35.5,18.3,17.2,6.66,7.9,2.6,0.3,5.0,6.45,0.8,0.1,0.6,0.1,6.45,324.6,26.5,33.9,214.6,49.6,6.45,5.6,1.7,3.9,6.45,0.2,0.1,0.1,0.1,0.0,0.3,0.5,6.45,6.7,7.4,14.1,6.45,16.5,8.6,25.1,6.45,8.1,6.45,22.1,6.45,4.3,2.0,7.3,6.45,2.1,6.45,10.9,15.2,6.45,2.7,0.1,6.45,2.9,0.1,1.7,1.1,6.45,13.2,8.3,6.45,33.5,17.4,16.2,6.45,La_Liga,2022-2023
Osasuna,24,13.8,0.511,0.8,14.8,6.59,44,3,13,9.7,0.451,0.757,17.6,6.49,47,4,9.8,14.5,8.1,14.1,1.8,6.59,13.6,13.6,8.5,14.5,1.4,6.49,13.8,4.5,9.2,11.2,6.59,9.7,2.7,7.3,10.4,6.49,27.5,24.0,-3.5,262.0,0.1,6.59,21.98,20.0,-1.98,187.0,0.12,6.59,13.38,12.0,-1.38,184.0,0.07,6.49,27.76,20.0,-7.76,258.0,0.11,6.49,14,2,4,4,0,14,1,5,0,1,9,0,3,0,1,13,2,4,1,1,24,1,64,362,14,1,59,358,18,1,68,306,23,1,59,397,34,3,0,10,38,3,0,11,0.41,0.23,0.35,0.42,0.23,0.35,0.19,0.68,0.13,0.2,0.63,0.17,0.19,0.67,0.14,0.21,0.64,0.15,0.06,0.57,0.37,0.09,0.53,0.38,0.03,0.55,0.42,0.06,0.55,0.39,0.24,0.42,0.34,0.31,0.42,0.27,13.8,5.1,0.8,7.9,6.59,1.3,0.3,0.9,0.1,6.59,422.1,32.7,29.7,305.2,54.5,6.59,9.7,1.6,8.1,6.59,0.4,0.1,0.1,0.0,0.0,0.5,0.9,6.59,9.4,9.2,18.6,6.59,14.5,8.6,23.1,6.59,8.1,6.59,15.3,6.59,2.0,1.0,7.8,6.59,1.8,6.59,11.2,14.1,6.59,2.3,0.2,6.59,2.8,0.2,1.7,0.9,6.59,15.9,8.8,6.59,30.5,14.8,15.7,6.59,9.7,4.1,0.3,5.3,6.49,0.7,0.1,0.4,0.2,6.49,369.3,30.7,36.1,248.9,53.6,6.49,7.2,1.9,5.3,6.49,0.2,0.1,0.0,0.0,0.0,0.4,0.6,6.49,7.1,7.3,14.4,6.49,13.6,8.4,22.1,6.49,8.5,6.49,21.9,6.49,3.1,1.9,7.7,6.49,1.4,6.49,10.4,14.5,6.49,2.5,0.2,6.49,2.8,0.2,1.7,0.9,6.49,15.2,7.8,6.49,35.2,17.6,17.6,6.49,La_Liga,2022-2023
Rayo Vallecano,28,15.3,0.538,0.795,11.7,6.58,42,2,17,11.9,0.478,0.78,11.3,6.43,45,4,10.5,16.9,7.8,13.3,2.8,6.58,12.5,16.5,8.5,15.4,2.3,6.43,15.3,4.7,8.9,12.2,6.58,11.9,3.4,6.6,13.6,6.43,24.53,25.0,0.47,291.0,0.08,6.58,19.97,20.0,0.03,199.0,0.1,6.58,18.16,16.0,-2.16,227.0,0.08,6.43,31.37,29.0,-2.37,237.0,0.13,6.43,18,0,4,3,3,11,1,7,1,2,10,1,4,1,1,20,0,6,3,2,25,1,67,377,15,1,66,321,19,1,63,330,20,1,58,373,35,2,0,7,34,2,0,15,0.4,0.22,0.38,0.39,0.22,0.38,0.22,0.59,0.19,0.2,0.63,0.16,0.2,0.67,0.14,0.15,0.69,0.16,0.05,0.49,0.46,0.08,0.57,0.35,0.07,0.46,0.46,0.1,0.56,0.34,0.24,0.41,0.35,0.28,0.42,0.3,15.3,7.0,0.8,7.5,6.58,1.5,0.1,0.9,0.3,6.58,435.6,29.2,35.8,317.2,53.5,6.58,11.4,1.4,10.0,6.58,0.2,0.1,0.1,0.1,0.0,0.5,0.9,6.58,10.4,8.9,19.4,6.58,16.9,9.2,26.1,6.58,7.8,6.58,14.5,6.58,2.3,1.2,8.4,6.58,2.8,6.58,12.2,13.3,6.58,2.2,0.1,6.58,2.4,0.1,1.4,0.9,6.58,14.6,9.3,6.58,24.8,11.7,13.1,6.58,11.9,5.5,0.9,5.5,6.43,0.9,0.1,0.6,0.2,6.43,387.1,26.7,34.7,275.3,50.3,6.43,8.9,1.8,7.1,6.43,0.2,0.1,0.0,0.0,0.0,0.4,0.6,6.43,8.7,6.6,15.4,6.43,16.5,11.0,27.5,6.43,8.5,6.43,19.5,6.43,2.6,1.3,9.3,6.43,2.3,6.43,13.6,15.4,6.43,2.4,0.2,6.43,2.6,0.2,1.5,0.8,6.43,14.5,10.4,6.43,26.1,11.3,14.8,6.43,La_Liga,2022-2023
Real Betis,26,11.5,0.519,0.828,12.7,6.68,39,9,20,10.6,0.49,0.82,11.5,6.59,38,6,11.7,17.3,8.8,10.8,2.1,6.68,12.8,17.7,10.3,11.0,1.8,6.59,11.5,4.5,10.7,13.5,6.68,10.6,3.5,8.5,14.6,6.59,27.53,24.0,-3.53,219.0,0.13,6.68,22.04,18.0,-4.04,223.0,0.1,6.68,24.3,19.0,-5.3,201.0,0.12,6.59,28.43,22.0,-6.43,243.0,0.12,6.59,17,0,4,3,2,9,2,6,1,0,8,2,4,5,1,17,0,3,2,1,14,2,52,409,19,1,49,373,13,1,54,375,21,2,52,387,21,2,0,25,28,5,0,14,0.4,0.22,0.38,0.39,0.22,0.39,0.14,0.65,0.21,0.17,0.68,0.15,0.17,0.62,0.2,0.18,0.62,0.2,0.09,0.59,0.32,0.06,0.57,0.37,0.08,0.54,0.38,0.09,0.54,0.37,0.29,0.43,0.26,0.3,0.43,0.27,11.5,3.7,1.0,6.8,6.68,1.4,0.3,0.9,0.1,6.68,458.4,23.6,28.5,356.1,50.3,6.68,8.5,1.3,7.2,6.68,0.1,0.0,0.2,0.0,0.0,0.5,0.7,6.68,10.5,10.7,21.3,6.68,17.3,9.3,26.6,6.68,8.8,6.68,20.6,6.68,3.4,2.4,7.3,6.68,2.1,6.68,13.5,10.8,6.68,2.1,0.5,6.68,2.2,0.1,1.4,0.7,6.68,13.3,9.9,6.68,26.6,12.7,13.9,6.68,10.6,4.0,0.9,5.7,6.59,1.1,0.3,0.6,0.1,6.59,424.3,25.8,27.7,322.2,48.5,6.59,7.9,1.1,6.8,6.59,0.2,0.1,0.1,0.0,0.0,0.4,0.6,6.59,10.9,8.5,19.4,6.59,17.7,9.8,27.5,6.59,10.3,6.59,21.1,6.59,2.5,1.6,8.5,6.59,1.8,6.59,14.6,11.0,6.59,2.0,0.3,6.59,3.4,0.3,2.2,0.9,6.59,16.4,8.7,6.59,23.9,11.5,12.5,6.59,La_Liga,2022-2023
Real Madrid,44,18.4,0.626,0.905,8.9,6.95,29,1,31,15.6,0.598,0.894,8.9,6.76,39,2,10.1,15.2,6.7,10.2,2.4,6.95,12.2,13.3,8.8,9.2,2.3,6.76,18.4,6.4,13.5,13.8,6.95,15.6,5.3,11.5,14.1,6.76,42.02,43.0,0.98,350.0,0.12,6.95,17.6,16.0,-1.6,191.0,0.09,6.95,35.58,30.0,-5.58,296.0,0.12,6.76,21.67,19.0,-2.67,231.0,0.09,6.76,30,1,7,5,1,12,0,3,1,0,17,3,6,4,1,14,0,2,3,1,16,2,40,606,12,1,47,337,15,1,45,556,17,1,47,350,26,1,0,4,23,6,0,13,0.43,0.26,0.31,0.43,0.26,0.31,0.22,0.63,0.15,0.21,0.59,0.2,0.25,0.58,0.18,0.17,0.65,0.18,0.06,0.48,0.46,0.06,0.54,0.4,0.05,0.57,0.37,0.08,0.54,0.39,0.23,0.42,0.34,0.29,0.42,0.3,18.4,8.5,1.1,8.9,6.95,2.3,0.4,1.3,0.6,6.95,641.2,27.5,12.3,552.7,48.6,6.95,15.1,1.6,13.5,6.95,0.3,0.1,0.2,0.1,0.0,1.3,1.8,6.95,13.4,13.5,26.9,6.95,15.2,8.4,23.6,6.95,6.7,6.95,9.6,6.95,2.5,1.3,6.9,6.95,2.4,6.95,13.8,10.2,6.95,1.5,0.1,6.95,2.4,0.2,1.1,1.1,6.95,12.6,8.0,6.95,13.9,8.9,5.1,6.95,15.6,5.8,0.8,8.9,6.76,1.6,0.3,0.9,0.4,6.76,593.9,28.1,16.5,502.7,46.7,6.76,12.5,1.7,10.7,6.76,0.2,0.1,0.2,0.0,0.0,0.7,1.1,6.76,12.7,11.5,24.2,6.76,13.3,7.7,21.0,6.76,8.8,6.76,12.8,6.76,3.1,1.2,6.8,6.76,2.3,6.76,14.1,9.2,6.76,2.1,0.1,6.76,2.9,0.2,1.5,1.3,6.76,13.2,7.6,6.76,16.2,8.9,7.2,6.76,La_Liga,2022-2023
Real Sociedad,26,12.8,0.557,0.819,18.3,6.67,47,1,25,11.9,0.535,0.819,16.8,6.63,44,1,9.7,16.1,6.6,16.6,2.8,6.67,11.1,18.7,7.6,16.1,2.0,6.63,12.8,4.5,8.4,12.2,6.67,11.9,4.9,7.8,11.6,6.63,32.72,24.0,-8.72,243.0,0.13,6.67,16.14,15.0,-1.14,184.0,0.09,6.67,25.96,23.0,-2.96,226.0,0.11,6.63,19.14,18.0,-1.14,211.0,0.09,6.63,19,1,2,2,2,10,2,3,0,1,17,3,3,0,2,13,1,3,1,1,14,1,50,421,13,1,63,311,14,1,53,410,17,1,62,337,34,3,0,11,38,2,0,5,0.39,0.24,0.37,0.39,0.26,0.36,0.16,0.62,0.22,0.19,0.63,0.18,0.22,0.57,0.21,0.21,0.64,0.15,0.12,0.55,0.33,0.04,0.58,0.38,0.07,0.58,0.35,0.06,0.55,0.39,0.26,0.44,0.3,0.29,0.42,0.29,12.8,4.3,1.5,7.1,6.67,1.4,0.2,1.0,0.1,6.67,467.3,25.2,24.4,357.4,60.3,6.67,9.6,1.4,8.2,6.67,0.2,0.1,0.1,0.0,0.0,0.6,0.9,6.67,10.6,8.4,19.0,6.67,16.1,7.2,23.3,6.67,6.6,6.67,13.8,6.67,2.5,1.1,7.7,6.67,2.8,6.67,12.2,16.6,6.67,2.5,0.1,6.67,2.7,0.1,1.6,1.0,6.67,15.2,8.8,6.67,33.5,18.3,15.2,6.67,11.9,4.2,0.8,6.9,6.63,1.3,0.3,0.8,0.1,6.63,458.3,25.6,26.1,349.8,56.7,6.63,8.6,1.2,7.4,6.63,0.2,0.1,0.3,0.0,0.0,0.5,1.0,6.63,9.0,7.8,16.8,6.63,18.7,10.1,28.7,6.63,7.6,6.63,17.5,6.63,2.9,1.0,7.9,6.63,2.0,6.63,11.6,16.1,6.63,2.3,0.1,6.63,2.5,0.3,1.5,0.7,6.63,16.8,10.5,6.63,31.3,16.8,14.5,6.63,La_Liga,2022-2023
Real Valladolid,21,14.2,0.488,0.8,12.3,6.59,32,1,12,9.4,0.481,0.782,12.7,6.4,57,5,12.7,15.5,8.9,11.4,2.4,6.59,18.3,19.8,9.3,12.8,2.7,6.4,14.2,4.9,8.9,13.1,6.59,9.4,2.7,7.4,14.1,6.4,26.21,20.0,-6.21,269.0,0.1,6.59,26.61,24.0,-2.61,241.0,0.11,6.59,14.43,12.0,-2.43,178.0,0.08,6.4,41.84,38.0,-3.84,348.0,0.12,6.4,13,0,5,2,1,15,2,4,3,1,8,2,1,1,0,30,0,5,3,0,21,1,63,328,18,1,56,355,15,1,64,331,21,2,53,366,23,2,0,8,42,3,0,19,0.36,0.23,0.41,0.35,0.23,0.42,0.19,0.61,0.2,0.14,0.68,0.17,0.13,0.67,0.2,0.16,0.66,0.18,0.05,0.51,0.43,0.07,0.53,0.4,0.03,0.49,0.48,0.1,0.62,0.28,0.3,0.42,0.29,0.34,0.42,0.25,14.2,6.2,0.7,7.3,6.59,1.1,0.2,0.8,0.1,6.59,384.8,31.4,30.5,276.7,46.3,6.59,10.2,2.7,7.5,6.59,0.4,0.1,0.1,0.1,0.0,0.3,0.8,6.59,11.3,8.9,20.2,6.59,15.5,8.5,24.1,6.59,8.9,6.59,16.6,6.59,3.8,1.7,7.8,6.59,2.4,6.59,13.1,11.4,6.59,1.7,0.1,6.59,2.5,0.1,1.4,0.9,6.59,14.3,7.1,6.59,28.7,12.3,16.4,6.59,9.4,4.5,0.3,4.6,6.4,0.6,0.1,0.4,0.2,6.4,388.2,28.9,33.5,274.5,51.3,6.4,6.8,0.8,6.0,6.4,0.2,0.1,0.1,0.0,0.0,0.3,0.5,6.4,10.1,7.4,17.5,6.4,19.8,8.9,28.7,6.4,9.3,6.4,20.8,6.4,4.1,1.9,7.1,6.4,2.7,6.4,14.1,12.8,6.4,3.0,0.3,6.4,4.7,0.4,3.1,1.3,6.4,16.7,9.5,6.4,28.9,12.7,16.2,6.4,La_Liga,2022-2023
Sevilla,24,15.0,0.554,0.839,12.7,6.54,54,8,23,9.6,0.5,0.821,13.4,6.52,58,5,11.3,15.4,8.3,12.8,3.1,6.54,15.6,15.5,9.5,12.2,2.5,6.52,15.0,4.6,6.8,12.5,6.54,9.6,3.2,7.3,11.7,6.52,29.71,24.0,-5.71,285.0,0.1,6.54,23.76,23.0,-0.76,214.0,0.11,6.54,19.5,23.0,3.5,183.0,0.11,6.52,32.67,28.0,-4.67,297.0,0.11,6.52,16,1,4,3,0,15,3,5,0,2,17,0,5,1,0,22,3,1,2,1,28,1,56,428,13,1,57,342,16,1,58,382,22,1,56,378,37,4,0,22,47,3,0,16,0.36,0.24,0.41,0.38,0.24,0.38,0.16,0.65,0.19,0.19,0.66,0.15,0.2,0.61,0.19,0.21,0.62,0.16,0.09,0.55,0.36,0.05,0.58,0.37,0.08,0.51,0.4,0.08,0.5,0.41,0.25,0.41,0.33,0.31,0.43,0.25,15.0,5.4,1.4,8.2,6.54,1.3,0.3,0.9,0.1,6.54,479.0,29.4,26.1,372.6,50.9,6.54,11.1,2.2,8.8,6.54,0.4,0.1,0.2,0.1,0.0,0.2,0.7,6.54,8.6,6.8,15.4,6.54,15.4,7.2,22.6,6.54,8.3,6.54,12.5,6.54,2.6,0.7,6.5,6.54,3.1,6.54,12.5,12.8,6.54,2.8,0.4,6.54,2.3,0.1,1.6,0.7,6.54,12.4,9.3,6.54,25.6,12.7,12.8,6.54,9.6,3.9,0.8,4.9,6.52,1.2,0.3,0.7,0.2,6.52,435.6,26.8,30.6,330.6,47.5,6.52,6.9,1.0,5.9,6.52,0.3,0.1,0.1,0.1,0.0,0.5,0.9,6.52,9.1,7.3,16.4,6.52,15.5,9.1,24.6,6.52,9.5,6.52,19.2,6.52,4.1,1.7,5.8,6.52,2.5,6.52,11.7,12.2,6.52,3.1,0.3,6.52,3.5,0.3,1.8,1.4,6.52,14.7,7.2,6.52,25.8,13.4,12.4,6.52,La_Liga,2022-2023
Valencia,27,14.1,0.54,0.814,13.1,6.63,50,3,15,11.6,0.495,0.798,12.8,6.46,36,5,9.0,18.4,7.1,13.1,2.6,6.63,12.1,17.3,8.1,13.4,1.6,6.46,14.1,4.6,9.6,14.7,6.63,11.6,3.3,9.0,12.1,6.46,28.93,26.0,-2.93,268.0,0.11,6.63,20.4,19.0,-1.4,171.0,0.12,6.63,23.89,14.0,-9.89,220.0,0.11,6.46,28.85,24.0,-4.85,229.0,0.13,6.46,17,1,3,5,1,13,1,3,2,0,9,0,5,0,1,15,1,8,0,2,27,1,52,375,14,1,57,316,23,1,53,343,18,2,60,350,32,7,0,15,27,4,0,12,0.4,0.24,0.36,0.38,0.24,0.38,0.23,0.65,0.12,0.15,0.73,0.12,0.19,0.72,0.1,0.19,0.67,0.15,0.09,0.56,0.35,0.1,0.57,0.33,0.05,0.6,0.35,0.09,0.59,0.32,0.26,0.41,0.33,0.28,0.41,0.3,14.1,4.9,1.3,7.8,6.63,1.4,0.3,0.8,0.2,6.63,422.6,24.3,27.1,319.6,51.7,6.63,9.9,1.3,8.6,6.63,0.2,0.1,0.2,0.1,0.0,0.4,0.7,6.63,10.1,9.6,19.7,6.63,18.4,8.4,26.8,6.63,7.1,6.63,13.4,6.63,1.7,1.3,8.3,6.63,2.6,6.63,14.7,13.1,6.63,2.6,0.2,6.63,2.2,0.1,1.2,0.8,6.63,13.7,10.2,6.63,27.4,13.1,14.3,6.63,11.6,4.2,0.5,6.9,6.46,0.8,0.1,0.6,0.1,6.46,392.9,23.2,29.8,290.4,49.5,6.46,8.7,1.8,6.9,6.46,0.2,0.1,0.2,0.1,0.0,0.1,0.5,6.46,10.7,9.0,19.7,6.46,17.3,9.2,26.5,6.46,8.1,6.46,18.3,6.46,2.2,1.6,7.2,6.46,1.6,6.46,12.1,13.4,6.46,1.9,0.3,6.46,3.4,0.2,1.9,1.3,6.46,15.5,7.6,6.46,28.5,12.8,15.6,6.46,La_Liga,2022-2023
Villarreal,36,15.6,0.586,0.854,9.5,6.73,44,3,23,11.1,0.548,0.855,9.5,6.62,42,1,11.3,15.3,7.1,12.6,2.8,6.73,13.7,15.2,6.7,11.1,1.7,6.62,15.6,6.4,11.3,12.8,6.73,11.1,3.9,11.6,12.5,6.62,41.91,35.0,-6.91,296.0,0.14,6.73,22.04,18.0,-4.04,214.0,0.1,6.73,23.4,22.0,-1.4,210.0,0.11,6.62,29.18,21.0,-8.18,260.0,0.11,6.62,20,5,6,4,1,11,2,3,2,0,19,2,1,0,1,13,2,4,2,1,15,3,51,449,17,1,53,295,13,2,49,431,21,2,48,339,28,6,0,15,30,4,0,9,0.39,0.27,0.35,0.38,0.28,0.34,0.21,0.62,0.18,0.27,0.58,0.15,0.18,0.67,0.15,0.22,0.61,0.16,0.07,0.57,0.35,0.05,0.57,0.39,0.08,0.57,0.36,0.09,0.57,0.33,0.29,0.39,0.32,0.32,0.42,0.27,15.6,5.5,1.2,8.9,6.73,1.9,0.3,1.4,0.1,6.73,495.7,29.8,21.3,393.7,50.9,6.73,11.2,1.4,9.7,6.73,0.2,0.1,0.3,0.0,0.0,0.5,0.9,6.73,12.0,11.3,23.3,6.73,15.3,6.2,21.5,6.73,7.1,6.73,14.9,6.73,3.1,1.3,6.7,6.73,2.8,6.73,12.8,12.6,6.73,2.3,0.2,6.73,2.6,0.1,1.5,1.0,6.73,14.3,8.9,6.73,20.3,9.5,10.8,6.73,11.1,3.9,0.8,6.3,6.62,1.2,0.3,0.5,0.3,6.62,473.9,27.3,20.8,377.6,48.1,6.62,8.5,1.4,7.1,6.62,0.2,0.0,0.1,0.0,0.0,0.4,0.7,6.62,11.4,11.6,23.0,6.62,15.2,7.7,22.8,6.62,6.7,6.62,18.7,6.62,3.5,2.0,6.3,6.62,1.7,6.62,12.5,11.1,6.62,2.2,0.1,6.62,3.2,0.2,2.3,0.7,6.62,14.7,9.1,6.62,18.5,9.5,9.0,6.62,La_Liga,2022-2023
Athletic Club,29,14.1,0.501,0.789,15.5,6.63,42,1,14,10.5,0.449,0.752,15.9,6.55,42,3,8.6,12.1,8.8,12.6,2.7,6.63,14.7,14.7,9.1,13.1,2.0,6.55,14.1,5.4,8.1,12.7,6.63,10.5,3.2,7.5,12.7,6.55,31.74,26.0,-5.74,267.0,0.12,6.63,13.65,18.0,4.35,164.0,0.08,6.63,22.58,14.0,-8.58,200.0,0.11,6.55,25.07,17.0,-8.07,279.0,0.09,6.55,15,1,7,3,3,13,3,2,0,0,8,1,5,0,0,11,0,3,3,1,23,1,56,375,15,1,77,360,19,1,63,324,25,1,78,396,31,3,0,9,40,4,0,4,0.36,0.23,0.41,0.35,0.23,0.42,0.16,0.67,0.17,0.25,0.59,0.16,0.16,0.66,0.19,0.16,0.64,0.19,0.06,0.63,0.31,0.04,0.57,0.39,0.08,0.62,0.31,0.09,0.5,0.41,0.22,0.43,0.34,0.29,0.42,0.29,14.1,4.4,0.8,8.9,6.63,1.5,0.2,1.1,0.1,6.63,425.3,28.1,27.4,307.4,62.4,6.63,10.3,1.3,8.9,6.63,0.4,0.2,0.2,0.1,0.0,0.6,1.2,6.63,6.5,8.1,14.6,6.63,12.1,10.5,22.6,6.63,8.8,6.63,15.3,6.63,2.6,0.9,7.2,6.63,2.7,6.63,12.7,12.6,6.63,2.2,0.1,6.63,2.1,0.1,1.3,0.8,6.63,15.5,9.7,6.63,29.7,15.5,14.2,6.63,10.5,3.3,0.8,6.5,6.55,0.7,0.3,0.4,0.1,6.55,380.7,25.5,36.6,260.8,57.8,6.55,8.2,1.3,6.9,6.55,0.2,0.1,0.0,0.0,0.0,0.4,0.6,6.55,5.8,7.5,13.3,6.55,14.7,8.3,23.0,6.55,9.1,6.55,23.6,6.55,4.2,2.2,7.7,6.55,2.0,6.55,12.7,13.1,6.55,2.2,0.2,6.55,2.9,0.4,1.3,1.3,6.55,14.4,8.2,6.55,32.4,15.9,16.5,6.55,La_Liga,2021-2022
Atletico Madrid,33,13.7,0.494,0.815,16.4,6.73,54,4,32,10.7,0.51,0.808,13.6,6.62,52,3,8.6,16.0,9.4,13.2,2.1,6.73,10.2,17.5,9.7,11.7,2.4,6.62,13.7,4.3,9.8,12.4,6.73,10.7,4.2,10.3,14.1,6.62,31.62,31.0,-0.62,260.0,0.12,6.73,14.65,16.0,1.35,164.0,0.09,6.73,25.87,32.0,6.13,203.0,0.13,6.62,20.98,24.0,3.02,193.0,0.11,6.62,20,3,4,4,2,8,2,4,2,0,24,3,5,0,0,12,0,7,5,3,21,2,61,387,14,1,65,402,16,2,60,412,18,1,60,391,34,4,0,22,33,5,0,18,0.37,0.24,0.39,0.38,0.25,0.37,0.23,0.63,0.14,0.23,0.55,0.21,0.17,0.7,0.12,0.15,0.65,0.2,0.1,0.58,0.32,0.04,0.47,0.49,0.09,0.57,0.34,0.08,0.56,0.36,0.25,0.45,0.31,0.27,0.45,0.27,13.7,4.4,1.3,8.0,6.73,1.7,0.6,1.1,0.0,6.73,443.5,30.5,29.8,330.8,52.4,6.73,10.3,1.7,8.5,6.73,0.4,0.2,0.2,0.0,0.0,0.5,1.1,6.73,5.9,9.8,15.7,6.73,16.0,8.7,24.7,6.73,9.4,6.73,14.4,6.73,2.5,1.4,6.9,6.73,2.1,6.73,12.4,13.2,6.73,2.8,0.2,6.73,1.8,0.0,0.9,0.9,6.73,14.9,9.6,6.73,31.5,16.4,15.1,6.73,10.7,3.7,0.9,6.1,6.62,1.7,0.3,1.0,0.4,6.62,468.3,26.1,33.6,352.2,56.4,6.62,8.0,1.5,6.5,6.62,0.3,0.1,0.2,0.0,0.0,0.8,1.3,6.62,5.5,10.3,15.8,6.62,17.5,8.4,25.9,6.62,9.7,6.62,17.5,6.62,2.7,1.2,7.5,6.62,2.4,6.62,14.1,11.7,6.62,2.7,0.2,6.62,1.6,0.1,1.1,0.5,6.62,14.3,9.0,6.62,27.6,13.6,14.0,6.62,La_Liga,2021-2022
Barcelona,37,15.3,0.666,0.895,10.9,6.8,41,1,31,12.0,0.627,0.869,13.4,6.75,50,4,7.2,15.7,9.6,13.4,2.8,6.8,11.3,15.2,7.5,12.9,2.4,6.75,15.3,5.6,13.6,11.9,6.8,12.0,4.3,11.4,13.8,6.75,35.47,37.0,1.53,290.0,0.12,6.8,15.52,19.0,3.48,137.0,0.11,6.8,32.58,31.0,-1.58,228.0,0.14,6.75,20.17,19.0,-1.17,215.0,0.09,6.75,27,1,5,4,0,12,2,5,0,0,25,2,2,2,0,10,1,6,2,0,25,3,47,603,9,1,58,272,17,2,56,525,17,1,58,281,28,3,0,11,37,3,0,17,0.43,0.27,0.3,0.4,0.28,0.32,0.21,0.66,0.12,0.21,0.66,0.12,0.17,0.64,0.19,0.21,0.67,0.11,0.07,0.59,0.34,0.09,0.59,0.32,0.09,0.6,0.31,0.07,0.58,0.36,0.19,0.47,0.34,0.28,0.44,0.29,15.3,5.3,1.0,9.0,6.8,1.9,0.3,1.5,0.2,6.8,647.0,32.1,15.2,547.2,52.6,6.8,11.4,1.7,9.7,6.8,0.5,0.1,0.2,0.1,0.0,0.7,1.4,6.8,6.7,13.6,20.3,6.8,15.7,6.8,22.5,6.8,9.6,6.8,8.2,6.8,1.3,1.1,6.8,6.8,2.8,6.8,11.9,13.4,6.8,2.2,0.1,6.8,1.9,0.1,1.0,0.8,6.8,16.3,10.3,6.8,22.1,10.9,11.2,6.8,12.0,3.7,1.1,7.2,6.75,1.6,0.6,0.9,0.1,6.75,575.7,33.5,21.9,466.7,53.6,6.75,9.8,1.6,8.2,6.75,0.5,0.1,0.1,0.0,0.0,0.7,1.4,6.75,7.7,11.4,19.1,6.75,15.2,6.3,21.5,6.75,7.5,6.75,14.6,6.75,3.2,1.2,6.9,6.75,2.4,6.75,13.8,12.9,6.75,2.6,0.2,6.75,2.6,0.1,1.3,1.2,6.75,16.5,8.5,6.75,24.1,13.4,10.7,6.75,La_Liga,2021-2022
Cadiz,19,12.3,0.414,0.744,16.2,6.54,52,2,16,9.4,0.396,0.728,15.9,6.53,48,1,11.2,16.2,10.4,13.3,1.8,6.54,13.8,17.8,11.3,12.4,1.8,6.53,12.3,3.7,7.8,11.2,6.54,9.4,3.1,6.9,12.5,6.53,23.39,19.0,-4.39,233.0,0.1,6.54,26.78,24.0,-2.78,212.0,0.13,6.54,17.62,16.0,-1.62,179.0,0.1,6.53,27.04,27.0,-0.04,262.0,0.1,6.53,12,0,5,2,0,11,0,7,6,0,8,1,6,1,0,15,0,7,5,0,25,1,63,276,17,1,59,439,21,1,68,262,22,1,56,455,40,2,0,14,39,3,0,8,0.39,0.25,0.36,0.38,0.23,0.4,0.15,0.69,0.15,0.16,0.73,0.12,0.22,0.65,0.13,0.17,0.65,0.18,0.09,0.56,0.35,0.07,0.53,0.4,0.1,0.53,0.37,0.06,0.59,0.35,0.28,0.43,0.28,0.32,0.44,0.24,12.3,4.3,1.2,6.8,6.54,1.0,0.3,0.6,0.1,6.54,335.2,26.7,35.6,222.7,50.2,6.54,8.1,1.7,6.4,6.54,0.2,0.1,0.0,0.0,0.1,0.3,0.5,6.54,6.7,7.8,14.5,6.54,16.2,9.3,25.5,6.54,10.4,6.54,17.2,6.54,2.2,1.3,7.4,6.54,1.8,6.54,11.2,13.3,6.54,2.7,0.1,6.54,2.5,0.1,1.4,1.0,6.54,14.2,7.5,6.54,34.5,16.2,18.3,6.54,9.4,3.5,0.9,4.9,6.53,0.8,0.3,0.4,0.1,6.53,326.2,26.9,40.4,210.6,48.3,6.53,6.5,1.3,5.3,6.53,0.3,0.1,0.0,0.1,0.0,0.3,0.6,6.53,5.8,6.9,12.8,6.53,17.8,12.3,30.1,6.53,11.3,6.53,21.9,6.53,3.4,1.5,7.5,6.53,1.8,6.53,12.5,12.4,6.53,2.5,0.1,6.53,3.7,0.2,2.4,1.1,6.53,16.1,7.8,6.53,34.7,15.9,18.8,6.53,La_Liga,2021-2022
Celta Vigo,26,12.2,0.584,0.815,16.8,6.63,38,2,17,9.4,0.524,0.779,15.3,6.61,47,1,9.3,19.5,9.6,12.7,2.5,6.63,12.0,17.2,10.2,13.9,1.9,6.61,12.2,4.1,8.8,11.4,6.63,9.4,3.5,9.4,13.0,6.61,25.17,26.0,0.83,232.0,0.11,6.63,22.14,22.0,-0.14,177.0,0.13,6.63,19.7,17.0,-2.7,179.0,0.11,6.61,24.56,19.0,-5.56,228.0,0.11,6.61,21,1,2,2,0,14,2,3,3,1,12,2,2,1,0,17,1,0,1,1,24,2,69,466,13,1,67,318,16,1,70,388,19,0,62,350,27,8,0,7,35,3,0,10,0.35,0.24,0.41,0.37,0.23,0.4,0.13,0.69,0.19,0.15,0.72,0.13,0.14,0.67,0.19,0.17,0.72,0.11,0.07,0.55,0.38,0.07,0.62,0.31,0.08,0.51,0.4,0.06,0.55,0.39,0.25,0.46,0.29,0.3,0.45,0.25,12.2,4.6,0.9,6.7,6.63,1.4,0.2,1.0,0.2,6.63,530.8,35.7,32.6,396.9,65.6,6.63,8.5,1.3,7.2,6.63,0.2,0.1,0.1,0.0,0.0,0.6,0.9,6.63,6.5,8.8,15.3,6.63,19.5,11.8,31.3,6.63,9.6,6.63,12.4,6.63,2.3,1.5,7.8,6.63,2.5,6.63,11.4,12.7,6.63,2.0,0.1,6.63,1.8,0.1,1.4,0.4,6.63,15.8,8.4,6.63,36.6,16.8,19.8,6.63,9.4,3.8,0.8,4.8,6.61,0.9,0.2,0.6,0.1,6.61,453.9,31.3,37.7,322.4,62.6,6.61,6.5,0.8,5.7,6.61,0.1,0.0,0.0,0.0,0.0,0.6,0.6,6.61,6.4,9.4,15.8,6.61,17.2,13.2,30.4,6.61,10.2,6.61,18.4,6.61,2.5,2.1,9.6,6.61,1.9,6.61,13.0,13.9,6.61,2.5,0.1,6.61,3.2,0.2,1.8,1.2,6.61,14.3,7.9,6.61,32.6,15.3,17.3,6.61,La_Liga,2021-2022
Deportivo Alaves,17,11.9,0.421,0.711,22.7,6.57,44,2,14,8.1,0.405,0.696,23.5,6.36,43,2,12.1,13.5,10.3,14.3,1.2,6.57,15.2,15.5,9.5,13.6,2.6,6.36,11.9,3.7,7.6,10.9,6.57,8.1,2.6,6.7,13.0,6.36,25.53,17.0,-8.53,226.0,0.11,6.57,22.85,21.0,-1.85,229.0,0.1,6.57,13.92,12.0,-1.92,154.0,0.09,6.36,36.67,44.0,7.33,289.0,0.13,6.36,7,0,6,4,0,12,0,6,3,0,8,0,2,2,2,30,1,10,3,0,22,1,69,264,19,2,68,399,18,1,72,257,23,2,67,417,30,5,0,13,30,3,0,13,0.4,0.24,0.35,0.41,0.23,0.37,0.17,0.69,0.14,0.19,0.64,0.17,0.15,0.66,0.19,0.2,0.67,0.12,0.06,0.56,0.38,0.08,0.53,0.39,0.06,0.61,0.33,0.1,0.62,0.28,0.27,0.43,0.29,0.29,0.45,0.26,11.9,4.5,0.7,6.7,6.57,0.9,0.4,0.4,0.1,6.57,329.8,31.2,37.4,203.2,58.0,6.57,8.1,1.6,6.5,6.57,0.3,0.1,0.0,0.1,0.0,0.3,0.6,6.57,6.2,7.6,13.8,6.57,13.5,9.8,23.3,6.57,10.3,6.57,22.2,6.57,2.7,1.6,7.5,6.57,1.2,6.57,10.9,14.3,6.57,2.3,0.1,6.57,2.7,0.2,1.6,0.9,6.57,17.3,7.1,6.57,40.6,22.7,17.9,6.57,8.1,2.7,0.5,4.9,6.36,0.7,0.1,0.5,0.1,6.36,324.1,31.8,39.1,193.6,59.6,6.36,5.6,1.6,3.9,6.36,0.3,0.1,0.1,0.1,0.0,0.1,0.5,6.36,6.1,6.7,12.7,6.36,15.5,9.9,25.4,6.36,9.5,6.36,22.2,6.36,2.8,1.4,6.6,6.36,2.6,6.36,13.0,13.6,6.36,2.3,0.1,6.36,2.7,0.2,2.0,0.5,6.36,15.1,7.6,6.36,41.7,23.5,18.2,6.36,La_Liga,2021-2022
Elche,24,10.8,0.502,0.804,14.8,6.56,49,4,16,6.8,0.459,0.781,13.8,6.46,54,2,12.2,15.3,7.6,13.7,2.3,6.56,15.3,15.7,8.5,13.5,1.6,6.46,10.8,3.4,7.8,12.1,6.56,6.8,2.3,10.0,12.7,6.46,21.75,23.0,1.25,205.0,0.11,6.56,26.84,21.0,-5.84,232.0,0.12,6.56,14.48,16.0,1.52,130.0,0.11,6.46,34.53,31.0,-3.53,290.0,0.12,6.46,19,1,2,1,1,15,0,3,3,0,14,0,2,0,0,18,5,4,4,0,22,1,62,347,18,2,60,351,16,0,64,333,23,3,58,405,33,2,0,19,37,1,0,18,0.43,0.22,0.36,0.42,0.2,0.38,0.17,0.66,0.17,0.19,0.63,0.19,0.18,0.69,0.13,0.17,0.68,0.15,0.07,0.57,0.36,0.06,0.56,0.38,0.08,0.52,0.4,0.08,0.56,0.37,0.29,0.44,0.27,0.33,0.44,0.22,10.8,3.8,0.8,6.2,6.56,1.3,0.2,0.9,0.1,6.56,403.5,29.6,31.4,294.6,47.9,6.56,8.1,1.8,6.2,6.56,0.1,0.1,0.2,0.1,0.0,0.5,0.8,6.56,6.8,7.8,14.6,6.56,15.3,9.2,24.5,6.56,7.6,6.56,17.4,6.56,2.2,0.9,6.1,6.56,2.3,6.56,12.1,13.7,6.56,2.6,0.2,6.56,3.1,0.1,1.8,1.2,6.56,16.7,9.0,6.56,28.3,14.8,13.5,6.56,6.8,2.7,0.5,3.6,6.46,0.8,0.2,0.6,0.1,6.46,391.0,29.3,33.3,276.1,52.4,6.46,5.7,1.3,4.4,6.46,0.4,0.1,0.0,0.0,0.0,0.4,0.7,6.46,6.8,10.0,16.8,6.46,15.7,9.4,25.2,6.46,8.5,6.46,22.1,6.46,4.5,1.2,6.6,6.46,1.6,6.46,12.7,13.5,6.46,2.8,0.1,6.46,3.4,0.2,2.0,1.2,6.46,17.5,8.4,6.46,27.7,13.8,13.9,6.46,La_Liga,2021-2022
Espanyol,25,10.8,0.462,0.813,12.7,6.62,50,4,15,10.7,0.471,0.81,11.5,6.43,43,3,12.6,14.1,9.0,12.3,2.1,6.62,13.8,15.2,8.2,10.8,1.6,6.43,10.8,3.4,9.4,12.8,6.62,10.7,3.6,10.2,14.4,6.43,21.95,24.0,2.05,205.0,0.11,6.62,25.89,19.0,-6.89,240.0,0.11,6.62,16.91,15.0,-1.91,203.0,0.08,6.43,30.18,32.0,1.82,262.0,0.12,6.43,15,1,5,3,1,14,2,2,1,0,9,0,4,2,0,19,3,7,3,2,17,1,60,345,25,2,55,411,17,1,59,356,22,2,58,405,36,4,0,16,28,6,0,13,0.36,0.25,0.39,0.39,0.26,0.35,0.25,0.57,0.18,0.16,0.64,0.2,0.26,0.58,0.16,0.2,0.61,0.19,0.05,0.56,0.4,0.08,0.59,0.33,0.03,0.49,0.47,0.08,0.56,0.36,0.32,0.43,0.25,0.32,0.44,0.25,10.8,4.3,0.5,6.0,6.62,1.3,0.2,0.8,0.2,6.62,398.7,27.8,31.1,296.5,43.3,6.62,8.1,1.1,7.1,6.62,0.3,0.1,0.2,0.0,0.0,0.3,0.8,6.62,6.3,9.4,15.7,6.62,14.1,9.8,23.9,6.62,9.0,6.62,24.1,6.62,3.1,1.9,5.8,6.62,2.1,6.62,12.8,12.3,6.62,2.6,0.2,6.62,2.8,0.3,1.5,0.9,6.62,14.8,8.8,6.62,27.4,12.7,14.7,6.62,10.7,5.1,0.4,5.3,6.43,0.8,0.1,0.5,0.2,6.43,408.7,24.9,32.5,305.9,45.3,6.43,7.7,1.4,6.4,6.43,0.2,0.0,0.1,0.0,0.0,0.2,0.5,6.43,6.5,10.2,16.7,6.43,15.2,9.7,24.9,6.43,8.2,6.43,20.2,6.43,2.9,1.7,7.1,6.43,1.6,6.43,14.4,10.8,6.43,2.3,0.2,6.43,3.4,0.3,2.1,1.1,6.43,14.8,8.6,6.43,27.3,11.5,15.8,6.43,La_Liga,2021-2022
Getafe,21,12.4,0.42,0.728,19.6,6.65,59,4,12,9.2,0.388,0.717,19.1,6.44,60,4,9.7,14.7,11.1,14.5,1.5,6.65,12.0,16.2,10.1,14.9,1.3,6.44,12.4,3.8,5.7,11.7,6.65,9.2,2.3,7.0,13.6,6.44,16.22,20.0,3.78,235.0,0.07,6.65,15.95,15.0,-0.95,184.0,0.09,6.65,15.13,11.0,-4.13,174.0,0.09,6.44,25.64,25.0,-0.64,228.0,0.11,6.44,15,1,4,0,1,11,2,2,0,0,5,1,2,3,1,19,0,4,2,1,18,1,71,287,19,1,77,423,15,0,72,261,21,2,68,457,36,7,0,20,44,2,0,19,0.39,0.25,0.36,0.4,0.26,0.34,0.14,0.65,0.21,0.23,0.63,0.15,0.17,0.68,0.15,0.21,0.65,0.14,0.03,0.5,0.47,0.02,0.56,0.42,0.05,0.47,0.48,0.06,0.55,0.39,0.25,0.47,0.29,0.27,0.47,0.26,12.4,5.8,0.4,6.2,6.65,1.1,0.1,0.8,0.2,6.65,354.5,32.1,38.1,225.9,58.4,6.65,8.8,1.3,7.5,6.65,0.3,0.1,0.2,0.1,0.1,0.4,0.9,6.65,5.2,5.7,10.9,6.65,14.7,9.2,23.9,6.65,11.1,6.65,17.7,6.65,2.1,1.7,7.9,6.65,1.5,6.65,11.7,14.5,6.65,3.1,0.2,6.65,2.4,0.1,1.3,0.9,6.65,16.6,7.1,6.65,38.7,19.6,19.2,6.65,9.2,4.4,0.4,4.3,6.44,0.6,0.1,0.5,0.0,6.44,329.2,28.7,42.7,207.5,50.4,6.44,6.4,0.8,5.5,6.44,0.1,0.0,0.0,0.0,0.0,0.3,0.4,6.44,5.9,7.0,12.9,6.44,16.2,9.0,25.2,6.44,10.1,6.44,18.1,6.44,2.9,1.7,8.1,6.44,1.3,6.44,13.6,14.9,6.44,3.2,0.2,6.44,2.5,0.1,1.5,0.8,6.44,15.2,8.7,6.44,38.1,19.1,19.1,6.44,La_Liga,2021-2022
Granada,22,12.0,0.447,0.73,16.8,6.52,48,3,22,10.4,0.432,0.728,15.5,6.52,55,1,13.8,16.7,8.1,12.5,1.7,6.52,15.9,15.4,9.1,12.6,1.5,6.52,12.0,3.5,7.6,12.3,6.52,10.4,3.6,6.6,12.2,6.52,24.18,22.0,-2.18,228.0,0.11,6.52,32.3,28.0,-4.3,262.0,0.12,6.52,18.82,21.0,2.18,198.0,0.1,6.52,31.58,31.0,-0.58,302.0,0.1,6.52,11,2,6,3,0,17,2,5,4,1,13,1,7,0,1,21,0,7,3,1,21,1,70,283,17,2,64,382,16,1,70,281,26,1,60,396,36,4,0,12,33,4,0,19,0.36,0.25,0.39,0.39,0.24,0.37,0.19,0.69,0.12,0.14,0.7,0.16,0.17,0.68,0.16,0.16,0.7,0.14,0.05,0.52,0.43,0.08,0.59,0.33,0.07,0.51,0.42,0.08,0.56,0.36,0.28,0.43,0.29,0.33,0.42,0.24,12.0,5.2,0.6,6.2,6.52,1.2,0.3,0.4,0.5,6.52,347.5,26.8,42.2,226.9,51.6,6.52,8.4,1.8,6.6,6.52,0.1,0.1,0.1,0.0,0.0,0.6,0.7,6.52,5.8,7.6,13.4,6.52,16.7,9.2,25.9,6.52,8.1,6.52,16.1,6.52,2.7,1.6,8.1,6.52,1.7,6.52,12.3,12.5,6.52,2.5,0.2,6.52,3.6,0.1,2.4,1.1,6.52,15.8,8.6,6.52,36.1,16.8,19.3,6.52,10.4,4.4,0.7,5.3,6.52,1.2,0.3,0.6,0.2,6.52,346.3,26.6,42.2,225.6,52.0,6.52,7.8,1.5,6.3,6.52,0.2,0.2,0.0,0.0,0.0,0.5,0.7,6.52,6.1,6.6,12.6,6.52,15.4,9.7,25.1,6.52,9.1,6.52,24.2,6.52,4.2,2.7,8.1,6.52,1.5,6.52,12.2,12.6,6.52,2.9,0.1,6.52,3.5,0.2,2.2,1.2,6.52,15.2,8.3,6.52,35.8,15.5,20.3,6.52,La_Liga,2021-2022
Levante,28,12.0,0.466,0.777,12.6,6.53,52,5,23,11.3,0.466,0.788,11.2,6.4,53,1,12.4,13.6,10.0,14.9,2.4,6.53,14.7,15.8,9.8,14.1,1.6,6.4,12.0,4.5,9.9,10.2,6.53,11.3,4.0,8.4,11.1,6.4,31.32,28.0,-3.32,228.0,0.14,6.53,24.75,30.0,5.25,235.0,0.11,6.53,25.77,23.0,-2.77,215.0,0.12,6.4,36.56,46.0,9.44,279.0,0.13,6.4,13,5,3,7,0,20,2,7,1,0,18,1,3,1,0,33,1,8,4,0,19,1,61,335,17,1,64,392,15,2,58,334,20,2,57,389,38,8,0,13,40,3,0,11,0.37,0.24,0.39,0.38,0.24,0.38,0.17,0.68,0.15,0.19,0.67,0.14,0.2,0.63,0.17,0.16,0.67,0.18,0.07,0.61,0.32,0.09,0.5,0.41,0.08,0.55,0.37,0.09,0.56,0.35,0.29,0.44,0.27,0.31,0.42,0.26,12.0,3.9,0.8,7.3,6.53,1.5,0.3,1.2,0.0,6.53,390.7,27.5,32.5,276.2,54.5,6.53,8.8,1.5,7.3,6.53,0.2,0.1,0.2,0.0,0.0,0.5,0.8,6.53,9.4,9.9,19.4,6.53,13.6,8.9,22.5,6.53,10.0,6.53,18.4,6.53,2.8,0.8,6.1,6.53,2.4,6.53,10.2,14.9,6.53,2.7,0.3,6.53,2.8,0.2,1.5,1.2,6.53,17.1,8.4,6.53,25.6,12.6,13.0,6.53,11.3,4.2,0.9,6.2,6.4,1.2,0.4,0.8,0.1,6.4,388.3,24.9,32.3,280.9,50.1,6.4,7.9,1.4,6.5,6.4,0.3,0.1,0.1,0.0,0.0,0.6,1.0,6.4,8.2,8.4,16.6,6.4,15.8,10.8,26.6,6.4,9.8,6.4,18.3,6.4,2.9,1.6,5.3,6.4,1.6,6.4,11.1,14.1,6.4,2.8,0.1,6.4,3.8,0.3,1.8,1.7,6.4,15.2,7.5,6.4,24.5,11.2,13.3,6.4,La_Liga,2021-2022
Mallorca,20,13.2,0.45,0.757,16.5,6.55,52,1,16,10.4,0.442,0.763,18.3,6.42,53,6,10.4,15.8,9.1,14.4,1.9,6.55,14.3,16.1,9.1,14.7,1.6,6.42,13.2,4.0,9.3,15.2,6.55,10.4,3.3,10.1,13.0,6.42,24.17,19.0,-5.17,250.0,0.1,6.55,22.65,23.0,0.35,197.0,0.11,6.55,17.76,14.0,-3.76,197.0,0.09,6.42,31.51,36.0,4.49,271.0,0.12,6.42,7,0,7,5,1,16,0,6,1,2,9,1,3,1,2,24,4,3,5,2,18,1,56,301,18,1,60,381,14,1,60,298,22,2,59,388,33,6,0,14,39,5,0,20,0.39,0.27,0.34,0.35,0.27,0.38,0.16,0.65,0.19,0.18,0.65,0.17,0.22,0.62,0.16,0.2,0.68,0.12,0.07,0.52,0.41,0.1,0.55,0.35,0.05,0.43,0.52,0.07,0.58,0.35,0.27,0.44,0.29,0.3,0.43,0.26,13.2,5.4,0.9,6.8,6.55,1.1,0.3,0.7,0.1,6.55,353.2,23.6,32.2,243.8,53.6,6.55,8.9,1.5,7.4,6.55,0.3,0.1,0.1,0.0,0.0,0.3,0.6,6.55,7.2,9.3,16.5,6.55,15.8,7.5,23.3,6.55,9.1,6.55,18.1,6.55,2.7,0.9,7.0,6.55,1.9,6.55,15.2,14.4,6.55,2.7,0.1,6.55,2.1,0.4,1.1,0.6,6.55,15.6,10.1,6.55,36.2,16.5,19.7,6.55,10.4,5.4,0.5,4.4,6.42,0.8,0.2,0.5,0.1,6.42,354.2,26.3,32.7,243.9,51.3,6.42,7.1,1.1,5.9,6.42,0.2,0.0,0.1,0.1,0.0,0.3,0.6,6.42,5.6,10.1,15.7,6.42,16.1,8.5,24.6,6.42,9.1,6.42,23.1,6.42,3.5,1.9,6.4,6.42,1.6,6.42,13.0,14.7,6.42,2.8,0.3,6.42,2.8,0.1,1.8,0.9,6.42,16.6,11.2,6.42,36.3,18.3,18.1,6.42,La_Liga,2021-2022
Osasuna,17,12.7,0.486,0.76,22.3,6.53,39,2,20,10.1,0.435,0.727,21.2,6.56,44,0,10.3,15.1,9.7,14.0,1.5,6.53,13.1,15.3,9.7,12.2,1.9,6.56,12.7,3.5,6.6,10.8,6.53,10.1,3.1,7.2,9.7,6.56,22.34,17.0,-5.34,241.0,0.09,6.53,22.95,24.0,1.05,196.0,0.12,6.53,17.88,20.0,2.12,192.0,0.09,6.56,26.66,25.0,-1.66,248.0,0.11,6.56,13,0,3,1,0,13,5,5,1,2,11,0,4,5,0,14,0,8,3,0,25,0,69,334,15,1,68,370,21,0,67,304,23,2,66,417,26,4,0,12,37,2,0,5,0.42,0.24,0.34,0.42,0.23,0.35,0.18,0.69,0.13,0.25,0.59,0.16,0.2,0.63,0.17,0.23,0.63,0.15,0.05,0.55,0.4,0.07,0.48,0.45,0.04,0.49,0.47,0.07,0.56,0.37,0.24,0.43,0.33,0.29,0.43,0.28,12.7,5.1,0.6,7.0,6.53,0.9,0.2,0.6,0.2,6.53,400.5,34.1,34.6,270.3,61.4,6.53,8.7,2.7,6.0,6.53,0.3,0.0,0.1,0.1,0.0,0.3,0.6,6.53,5.4,6.6,12.0,6.53,15.1,8.8,23.8,6.53,9.7,6.53,14.7,6.53,2.8,0.8,6.4,6.53,1.5,6.53,10.8,14.0,6.53,2.1,0.1,6.53,2.3,0.2,1.3,0.8,6.53,15.4,8.8,6.53,41.5,22.3,19.3,6.53,10.1,4.7,0.4,4.9,6.56,1.1,0.1,0.8,0.2,6.56,366.7,28.4,37.3,238.2,62.8,6.56,7.1,1.7,5.4,6.56,0.2,0.2,0.1,0.0,0.0,0.4,0.6,6.56,5.4,7.2,12.6,6.56,15.3,9.5,24.8,6.56,9.7,6.56,23.5,6.56,3.3,1.4,5.5,6.56,1.9,6.56,9.7,12.2,6.56,2.3,0.0,6.56,3.1,0.3,1.6,1.3,6.56,16.0,7.4,6.56,41.8,21.2,20.7,6.56,La_Liga,2021-2022
Rayo Vallecano,26,14.6,0.511,0.768,18.1,6.64,44,0,13,11.9,0.477,0.783,17.1,6.48,56,3,9.7,16.3,8.4,14.6,3.0,6.64,12.1,16.4,10.8,13.7,1.4,6.48,14.6,4.5,10.2,12.3,6.64,11.9,2.9,8.6,14.6,6.48,27.27,25.0,-2.27,278.0,0.1,6.64,21.56,22.0,0.44,184.0,0.12,6.64,19.19,13.0,-6.19,226.0,0.08,6.48,27.26,27.0,-0.26,230.0,0.12,6.48,18,1,2,4,1,17,0,5,0,0,8,0,5,0,0,14,2,4,7,1,26,1,68,332,16,1,69,319,20,1,66,330,19,2,64,372,34,4,0,6,46,2,0,12,0.36,0.24,0.4,0.37,0.22,0.41,0.16,0.7,0.14,0.17,0.65,0.18,0.24,0.57,0.19,0.19,0.65,0.16,0.1,0.51,0.39,0.09,0.51,0.4,0.06,0.49,0.45,0.07,0.6,0.34,0.27,0.42,0.31,0.29,0.44,0.28,14.6,5.7,1.5,7.4,6.64,1.4,0.4,0.8,0.1,6.64,392.6,30.8,35.1,270.8,55.9,6.64,10.1,2.2,7.8,6.64,0.1,0.1,0.2,0.0,0.0,0.5,0.8,6.64,7.8,10.2,18.0,6.64,16.3,11.7,28.0,6.64,8.4,6.64,15.8,6.64,2.2,0.9,9.0,6.64,3.0,6.64,12.3,14.6,6.64,2.3,0.0,6.64,2.5,0.2,1.3,1.1,6.64,18.3,9.4,6.64,35.1,18.1,16.9,6.64,11.9,5.3,0.7,5.8,6.48,0.7,0.3,0.4,0.0,6.48,391.0,30.1,34.9,276.2,49.8,6.48,8.8,2.0,6.8,6.48,0.3,0.1,0.1,0.1,0.0,0.3,0.6,6.48,7.1,8.6,15.6,6.48,16.4,9.8,26.2,6.48,10.8,6.48,19.1,6.48,2.8,1.6,7.6,6.48,1.4,6.48,14.6,13.7,6.48,2.9,0.2,6.48,3.5,0.2,2.5,0.8,6.48,18.3,10.2,6.48,35.1,17.1,18.0,6.48,La_Liga,2021-2022
Real Betis,34,15.4,0.549,0.825,13.8,6.75,44,4,28,11.7,0.528,0.824,13.1,6.7,41,2,10.4,17.7,10.2,13.6,1.6,6.75,12.4,17.2,8.8,11.9,2.1,6.7,15.4,5.6,10.7,12.1,6.75,11.7,4.4,8.9,12.7,6.7,29.23,33.0,3.77,293.0,0.1,6.75,21.66,21.0,-0.66,197.0,0.11,6.75,24.05,27.0,2.95,222.0,0.11,6.7,25.54,17.0,-8.54,236.0,0.11,6.7,24,1,5,3,1,15,1,3,2,1,17,2,5,3,1,14,1,1,1,1,16,2,56,421,19,1,58,331,13,2,60,415,22,1,55,362,34,3,0,12,29,3,0,11,0.38,0.25,0.37,0.41,0.23,0.36,0.18,0.66,0.17,0.21,0.61,0.18,0.19,0.63,0.18,0.19,0.65,0.16,0.08,0.54,0.39,0.05,0.58,0.38,0.08,0.51,0.41,0.08,0.58,0.33,0.27,0.44,0.29,0.31,0.43,0.26,15.4,5.9,1.2,8.3,6.75,1.8,0.3,1.2,0.3,6.75,473.7,26.6,28.1,364.4,54.6,6.75,11.7,2.1,9.6,6.75,0.3,0.1,0.2,0.1,0.0,0.9,1.4,6.75,7.3,10.7,18.0,6.75,17.7,9.8,27.5,6.75,10.2,6.75,19.1,6.75,2.7,1.2,6.8,6.75,1.6,6.75,12.1,13.6,6.75,2.3,0.2,6.75,2.1,0.1,1.3,0.7,6.75,15.4,10.3,6.75,28.1,13.8,14.3,6.75,11.7,4.8,0.9,5.9,6.7,1.5,0.3,0.8,0.4,6.7,469.4,28.3,30.5,358.7,51.9,6.7,9.1,1.3,7.7,6.7,0.1,0.1,0.1,0.0,0.0,0.8,0.9,6.7,7.5,8.9,16.5,6.7,17.2,9.7,26.8,6.7,8.8,6.7,19.8,6.7,3.2,1.5,7.5,6.7,2.1,6.7,12.7,11.9,6.7,2.2,0.1,6.7,2.8,0.2,1.6,1.0,6.7,15.6,8.9,6.7,26.1,13.1,13.1,6.7,La_Liga,2021-2022
Real Madrid,44,18.9,0.608,0.897,10.3,6.96,34,0,36,15.6,0.593,0.883,10.6,6.84,42,0,10.8,13.6,8.4,10.8,2.7,6.96,12.0,15.8,9.2,9.9,2.9,6.84,18.9,7.3,11.6,11.3,6.96,15.6,6.4,12.4,13.7,6.84,42.38,44.0,1.62,360.0,0.12,6.96,22.45,13.0,-9.45,205.0,0.11,6.96,36.51,36.0,-0.51,297.0,0.12,6.84,23.46,18.0,-5.46,228.0,0.1,6.84,34,2,3,5,0,9,0,3,1,0,19,6,8,3,0,14,0,2,2,0,18,2,52,568,15,1,56,341,14,2,51,549,21,1,50,350,26,4,0,4,28,3,0,11,0.43,0.25,0.32,0.41,0.25,0.34,0.21,0.62,0.17,0.23,0.63,0.14,0.24,0.6,0.16,0.14,0.69,0.16,0.08,0.51,0.41,0.07,0.55,0.38,0.07,0.54,0.39,0.05,0.56,0.39,0.26,0.4,0.35,0.3,0.41,0.29,18.9,7.8,1.4,9.7,6.96,2.3,0.5,1.5,0.3,6.96,615.1,34.2,17.4,517.7,45.8,6.96,15.1,1.4,13.7,6.96,0.3,0.0,0.2,0.0,0.0,1.2,1.6,6.96,8.7,11.6,20.3,6.96,13.6,8.2,21.8,6.96,8.4,6.96,10.5,6.96,2.7,1.4,7.2,6.96,2.7,6.96,11.3,10.8,6.96,1.8,0.0,6.96,2.7,0.2,1.4,1.1,6.96,12.7,6.7,6.96,19.1,10.3,8.7,6.96,15.6,6.1,1.1,8.4,6.84,1.9,0.6,1.3,0.0,6.84,593.4,30.8,19.5,493.4,49.7,6.84,12.6,1.3,11.4,6.84,0.2,0.0,0.2,0.0,0.0,1.1,1.5,6.84,8.4,12.4,20.8,6.84,15.8,7.1,22.9,6.84,9.2,6.84,14.8,6.84,3.3,1.4,6.7,6.84,2.9,6.84,13.7,9.9,6.84,2.2,0.0,6.84,2.5,0.1,1.3,1.1,6.84,13.4,7.8,6.84,19.1,10.6,8.5,6.84,La_Liga,2021-2022
Real Sociedad,16,11.5,0.562,0.827,19.1,6.67,39,4,24,11.6,0.531,0.81,17.2,6.61,37,0,9.7,14.7,8.8,14.1,2.1,6.67,12.4,16.1,9.5,11.7,1.9,6.61,11.5,4.1,9.3,12.1,6.67,11.6,4.2,9.6,12.4,6.61,28.58,16.0,-12.58,219.0,0.13,6.67,15.34,9.0,-6.34,184.0,0.08,6.67,25.15,24.0,-1.15,221.0,0.11,6.61,24.75,28.0,3.25,235.0,0.11,6.61,6,1,3,6,0,4,1,4,0,0,15,0,6,3,0,15,2,6,5,0,19,1,52,429,16,1,62,312,15,1,53,402,19,1,61,336,31,4,0,9,26,4,0,7,0.37,0.24,0.39,0.39,0.26,0.35,0.16,0.63,0.21,0.2,0.64,0.16,0.16,0.63,0.21,0.2,0.63,0.16,0.09,0.62,0.29,0.09,0.49,0.41,0.05,0.63,0.31,0.05,0.53,0.42,0.27,0.43,0.3,0.31,0.42,0.27,11.5,3.4,1.1,7.1,6.67,0.8,0.1,0.7,0.0,6.67,476.3,26.3,24.6,367.4,57.9,6.67,8.4,1.2,7.2,6.67,0.1,0.0,0.1,0.1,0.0,0.3,0.4,6.67,8.8,9.3,18.2,6.67,14.7,7.7,22.5,6.67,8.8,6.67,16.3,6.67,2.5,0.9,7.6,6.67,2.1,6.67,12.1,14.1,6.67,2.1,0.2,6.67,2.2,0.1,1.4,0.8,6.67,17.2,10.2,6.67,35.2,19.1,16.1,6.67,11.6,3.6,0.6,7.4,6.61,1.3,0.3,0.8,0.2,6.61,451.2,24.3,28.8,341.1,57.0,6.61,8.1,1.5,6.6,6.61,0.2,0.1,0.2,0.0,0.0,0.3,0.7,6.61,7.5,9.6,17.1,6.61,16.1,7.3,23.4,6.61,9.5,6.61,18.5,6.61,3.0,1.8,6.9,6.61,1.9,6.61,12.4,11.7,6.61,1.9,0.0,6.61,2.5,0.2,1.3,1.1,6.61,15.7,10.4,6.61,32.9,17.2,15.7,6.61,La_Liga,2021-2022
Sevilla,36,12.6,0.592,0.849,15.5,6.74,47,2,17,10.2,0.605,0.846,16.0,6.57,47,2,11.0,15.5,6.7,12.9,2.3,6.74,11.4,12.6,7.5,11.4,1.9,6.57,12.6,4.4,8.1,11.9,6.74,10.2,3.3,8.0,12.4,6.57,24.77,36.0,11.23,240.0,0.1,6.74,18.04,17.0,-1.04,209.0,0.09,6.74,20.59,15.0,-5.59,193.0,0.11,6.57,22.67,13.0,-9.67,216.0,0.1,6.57,22,2,10,2,0,8,0,8,1,0,8,1,6,0,2,10,1,1,1,0,23,1,66,466,17,1,58,308,19,1,74,475,18,1,60,294,27,3,0,20,32,5,0,13,0.37,0.21,0.42,0.4,0.23,0.38,0.2,0.65,0.15,0.2,0.66,0.14,0.21,0.68,0.12,0.14,0.67,0.19,0.06,0.64,0.3,0.06,0.54,0.41,0.08,0.59,0.33,0.05,0.55,0.4,0.29,0.41,0.3,0.32,0.44,0.25,12.6,3.8,0.7,8.1,6.74,1.9,0.3,1.3,0.3,6.74,527.9,35.8,29.4,412.3,50.4,6.74,10.1,2.5,7.6,6.74,0.4,0.2,0.2,0.1,0.0,0.9,1.5,6.74,8.5,8.1,16.6,6.74,15.5,7.7,23.2,6.74,6.7,6.74,15.1,6.74,3.4,0.9,7.0,6.74,2.3,6.74,11.9,12.9,6.74,2.5,0.1,6.74,2.3,0.2,1.2,0.9,6.74,16.1,8.9,6.74,30.2,15.5,14.7,6.74,10.2,3.3,0.8,6.0,6.57,0.9,0.3,0.4,0.2,6.57,544.6,40.6,32.4,420.0,51.6,6.57,7.9,2.2,5.7,6.57,0.4,0.1,0.0,0.1,0.0,0.2,0.6,6.57,6.4,8.0,14.4,6.57,12.6,8.5,21.2,6.57,7.5,6.57,15.3,6.57,3.2,1.1,5.8,6.57,1.9,6.57,12.4,11.4,6.57,2.5,0.1,6.57,2.5,0.2,1.4,0.9,6.57,14.9,8.3,6.57,31.3,16.0,15.3,6.57,La_Liga,2021-2022
Valencia,26,11.5,0.429,0.724,13.9,6.57,58,5,22,9.7,0.437,0.715,16.3,6.51,65,3,11.5,15.1,10.0,16.7,1.6,6.57,11.9,16.1,7.8,17.1,1.1,6.51,11.5,3.8,8.9,15.7,6.57,9.7,3.7,10.0,15.2,6.51,22.86,24.0,1.14,218.0,0.1,6.57,23.02,21.0,-2.02,218.0,0.11,6.57,18.82,21.0,2.18,185.0,0.1,6.51,29.41,29.0,-0.41,227.0,0.13,6.51,14,0,5,5,2,12,2,5,2,3,11,2,5,3,1,16,3,5,5,0,23,1,64,248,17,1,61,367,18,1,70,258,19,1,65,364,48,6,0,12,51,6,0,14,0.39,0.25,0.36,0.39,0.23,0.38,0.2,0.64,0.16,0.2,0.63,0.17,0.23,0.67,0.1,0.17,0.66,0.17,0.06,0.57,0.38,0.06,0.52,0.42,0.05,0.52,0.42,0.08,0.58,0.34,0.27,0.4,0.32,0.29,0.43,0.29,11.5,4.3,0.6,6.5,6.57,1.4,0.2,0.9,0.1,6.57,307.9,28.8,34.6,194.2,50.3,6.57,8.5,2.0,6.5,6.57,0.4,0.0,0.0,0.2,0.1,0.5,0.9,6.57,8.2,8.9,17.1,6.57,15.1,9.1,24.1,6.57,10.0,6.57,17.3,6.57,2.5,1.6,7.4,6.57,1.6,6.57,15.7,16.7,6.57,3.1,0.3,6.57,2.9,0.2,1.6,1.2,6.57,17.1,7.1,6.57,28.6,13.9,14.7,6.57,9.7,4.1,0.5,5.1,6.51,1.2,0.2,0.8,0.2,6.51,324.1,28.4,41.3,203.3,51.2,6.51,6.6,1.1,5.6,6.51,0.1,0.1,0.1,0.0,0.0,0.4,0.6,6.51,6.7,10.0,16.7,6.51,16.1,9.8,25.8,6.51,7.8,6.51,20.3,6.51,2.4,1.3,7.3,6.51,1.1,6.51,15.2,17.1,6.51,3.4,0.2,6.51,3.1,0.2,2.0,0.9,6.51,17.5,8.4,6.51,33.9,16.3,17.6,6.51,La_Liga,2021-2022
Villarreal,40,13.3,0.586,0.843,12.4,6.82,34,1,23,10.7,0.551,0.828,13.7,6.62,45,0,9.1,13.8,9.2,13.7,2.6,6.82,12.7,14.5,8.2,11.2,2.2,6.62,13.3,5.4,12.5,12.1,6.82,10.7,3.7,11.3,12.1,6.62,39.15,39.0,-0.15,252.0,0.16,6.82,21.59,18.0,-3.59,173.0,0.12,6.82,27.22,23.0,-4.22,203.0,0.13,6.62,24.86,18.0,-6.86,242.0,0.1,6.62,26,3,7,3,1,13,1,3,1,0,12,3,6,2,0,13,1,1,3,1,16,3,51,474,18,1,61,308,14,2,53,421,22,1,59,318,30,3,0,3,31,7,0,7,0.4,0.26,0.34,0.38,0.27,0.35,0.2,0.69,0.11,0.16,0.66,0.17,0.15,0.71,0.14,0.23,0.61,0.16,0.11,0.66,0.23,0.09,0.53,0.39,0.09,0.66,0.25,0.05,0.57,0.38,0.27,0.42,0.32,0.31,0.42,0.28,13.3,3.1,1.4,8.7,6.82,2.1,0.6,1.3,0.1,6.82,521.6,28.0,22.7,411.8,59.2,6.82,10.4,1.7,8.6,6.82,0.3,0.1,0.3,0.0,0.0,1.1,1.7,6.82,7.5,12.5,19.9,6.82,13.8,6.8,20.6,6.82,9.2,6.82,13.8,6.82,2.4,1.1,5.4,6.82,2.6,6.82,12.1,13.7,6.82,1.8,0.1,6.82,2.3,0.2,1.5,0.6,6.82,14.7,9.1,6.82,23.8,12.4,11.4,6.82,10.7,2.6,1.0,7.1,6.62,1.2,0.3,0.8,0.1,6.62,467.8,25.8,26.2,361.4,54.4,6.62,8.7,1.4,7.4,6.62,0.3,0.2,0.1,0.1,0.0,0.6,1.0,6.62,8.2,11.3,19.5,6.62,14.5,6.2,20.7,6.62,8.2,6.62,18.4,6.62,3.4,1.5,6.3,6.62,2.2,6.62,12.1,11.2,6.62,2.4,0.0,6.62,2.5,0.2,1.4,0.9,6.62,15.3,8.4,6.62,25.7,13.7,12.1,6.62,La_Liga,2021-2022
AC Milan,38,15.3,0.555,0.871,11.2,6.79,31,3,38,14.3,0.584,0.869,12.1,6.63,47,5,12.3,16.3,6.2,11.5,1.5,6.79,13.9,14.0,7.1,11.1,1.5,6.63,15.3,5.9,10.5,10.1,6.79,14.3,5.4,8.4,11.5,6.63,36.41,38.0,1.59,290.0,0.13,6.79,22.66,16.0,-6.66,233.0,0.1,6.79,34.18,38.0,3.82,272.0,0.13,6.63,25.49,32.0,6.51,265.0,0.1,6.63,24,3,8,3,0,7,0,4,5,1,27,1,7,3,0,23,3,3,3,0,19,2,42,461,14,0,46,360,15,1,41,478,16,1,50,315,26,0,0,8,40,1,0,13,0.35,0.28,0.38,0.36,0.28,0.36,0.21,0.66,0.13,0.17,0.67,0.16,0.22,0.65,0.13,0.22,0.6,0.18,0.09,0.58,0.33,0.05,0.51,0.44,0.08,0.62,0.3,0.08,0.54,0.38,0.26,0.45,0.29,0.29,0.44,0.27,15.3,5.1,1.3,8.8,6.79,2.0,0.6,1.3,0.1,6.79,497.7,22.0,19.1,411.6,45.0,6.79,11.5,1.7,9.8,6.79,0.5,0.2,0.3,0.0,0.0,0.8,1.6,6.79,10.5,10.5,21.0,6.79,16.3,6.3,22.6,6.79,6.2,6.79,12.8,6.79,3.6,1.7,6.0,6.79,1.5,6.79,10.1,11.5,6.79,1.6,0.2,6.79,2.9,0.2,1.4,1.3,6.79,13.8,8.4,6.79,22.6,11.2,11.4,6.79,14.3,4.3,1.2,8.8,6.63,2.0,0.6,1.3,0.1,6.63,511.5,20.5,19.5,423.9,47.5,6.63,11.2,1.8,9.4,6.63,0.4,0.1,0.1,0.0,0.0,0.8,1.3,6.63,10.8,8.4,19.3,6.63,14.0,6.8,20.8,6.63,7.1,6.63,13.6,6.63,4.1,1.2,5.6,6.63,1.5,6.63,11.5,11.1,6.63,2.5,0.3,6.63,3.2,0.1,1.7,1.3,6.63,13.6,7.1,6.63,22.9,12.1,10.9,6.63,Serie_A,2023-2024
Atalanta,42,16.9,0.525,0.828,17.8,6.85,24,1,30,11.7,0.497,0.813,15.6,6.64,49,0,10.4,15.2,8.3,11.4,1.9,6.85,13.4,17.1,9.6,14.2,1.4,6.64,16.9,6.6,7.7,9.8,6.85,11.7,4.3,7.4,9.5,6.64,41.5,42.0,0.5,321.0,0.13,6.85,22.33,16.0,-6.33,198.0,0.11,6.85,25.99,30.0,4.01,223.0,0.12,6.64,23.18,25.0,1.82,254.0,0.09,6.64,32,2,4,4,0,9,0,3,4,0,16,4,9,1,0,18,0,5,2,1,21,1,50,451,14,1,60,398,17,1,53,417,16,2,59,416,22,1,0,3,44,2,0,3,0.39,0.25,0.36,0.41,0.22,0.37,0.14,0.74,0.12,0.17,0.66,0.17,0.17,0.71,0.11,0.25,0.6,0.16,0.08,0.64,0.28,0.06,0.52,0.42,0.06,0.63,0.31,0.04,0.52,0.44,0.25,0.43,0.33,0.28,0.45,0.28,16.9,4.7,1.4,10.8,6.85,2.2,0.4,1.5,0.4,6.85,494.8,23.0,26.3,386.7,58.8,6.85,13.4,1.6,11.8,6.85,0.2,0.0,0.2,0.0,0.1,1.3,1.6,6.85,9.3,7.7,17.0,6.85,15.2,7.1,22.3,6.85,8.3,6.85,13.6,6.85,2.7,1.3,9.2,6.85,1.9,6.85,9.8,11.4,6.85,1.3,0.1,6.85,2.5,0.2,1.2,1.1,6.85,17.4,9.9,6.85,31.4,17.8,13.6,6.85,11.7,3.6,0.7,7.4,6.64,1.6,0.2,1.1,0.3,6.64,463.2,23.2,29.1,353.4,57.6,6.64,9.6,1.8,7.7,6.64,0.4,0.1,0.1,0.1,0.0,0.8,1.4,6.64,8.2,7.4,15.5,6.64,17.1,9.0,26.1,6.64,9.6,6.64,16.7,6.64,3.6,1.6,9.9,6.64,1.4,6.64,9.5,14.2,6.64,2.6,0.0,6.64,2.8,0.2,1.6,1.1,6.64,15.3,9.9,6.64,28.1,15.6,12.5,6.64,Serie_A,2023-2024
Bologna,33,14.0,0.603,0.868,10.1,6.72,39,1,21,11.1,0.562,0.862,12.6,6.57,44,1,9.4,16.6,5.9,11.7,1.6,6.72,12.1,16.7,7.7,12.4,1.3,6.57,14.0,4.5,8.5,12.1,6.72,11.1,4.2,6.9,11.9,6.57,27.78,31.0,3.22,267.0,0.1,6.72,17.31,12.0,-5.31,179.0,0.1,6.72,24.39,21.0,-3.39,211.0,0.12,6.57,22.42,19.0,-3.42,230.0,0.1,6.57,21,2,8,0,2,9,0,2,1,0,14,1,2,4,0,13,1,3,2,1,15,1,46,535,13,1,45,333,12,1,49,487,20,1,43,364,33,5,0,3,33,1,0,12,0.39,0.23,0.38,0.39,0.23,0.38,0.24,0.54,0.22,0.19,0.64,0.17,0.2,0.59,0.21,0.17,0.66,0.17,0.06,0.6,0.34,0.06,0.54,0.41,0.06,0.53,0.41,0.07,0.5,0.43,0.28,0.46,0.27,0.3,0.46,0.24,14.0,4.7,0.8,8.4,6.72,1.7,0.3,1.2,0.2,6.72,575.3,22.0,22.9,477.4,53.1,6.72,10.6,1.9,8.7,6.72,0.2,0.1,0.1,0.0,0.0,0.9,1.1,6.72,10.7,8.5,19.2,6.72,16.6,7.2,23.8,6.72,5.9,6.72,14.1,6.72,2.4,1.1,9.1,6.72,1.6,6.72,12.1,11.7,6.72,2.1,0.1,6.72,2.3,0.0,1.4,0.9,6.72,14.0,7.2,6.72,21.0,10.1,10.9,6.72,11.1,4.6,0.6,5.9,6.57,1.1,0.2,0.7,0.2,6.57,531.3,25.1,23.0,432.8,50.4,6.57,8.1,2.1,6.1,6.57,0.1,0.0,0.1,0.0,0.0,0.4,0.6,6.57,9.3,6.9,16.3,6.57,16.7,7.4,24.1,6.57,7.7,6.57,19.3,6.57,3.5,1.6,7.4,6.57,1.3,6.57,11.9,12.4,6.57,2.3,0.1,6.57,2.6,0.1,1.4,1.2,6.57,14.5,9.2,6.57,23.9,12.6,11.3,6.57,Serie_A,2023-2024
Cagliari,28,13.5,0.407,0.743,15.3,6.51,34,3,14,10.1,0.417,0.77,15.6,6.35,38,2,11.2,14.8,6.8,12.5,1.9,6.51,14.6,13.6,7.1,11.9,1.4,6.35,13.5,4.3,7.1,11.7,6.51,10.1,2.9,5.4,10.3,6.35,28.99,27.0,-1.99,257.0,0.11,6.51,25.96,30.0,4.04,212.0,0.12,6.51,17.48,14.0,-3.48,191.0,0.09,6.35,35.67,35.0,-0.67,277.0,0.13,6.35,17,2,5,3,1,22,1,6,1,2,10,0,3,1,0,17,4,11,3,1,25,1,61,269,19,2,59,437,19,1,60,296,21,2,58,446,22,3,0,13,29,3,0,9,0.36,0.25,0.39,0.37,0.23,0.4,0.16,0.69,0.15,0.12,0.69,0.19,0.15,0.68,0.17,0.16,0.67,0.17,0.11,0.57,0.33,0.07,0.65,0.28,0.07,0.57,0.37,0.13,0.58,0.3,0.28,0.42,0.3,0.3,0.44,0.26,13.5,4.4,1.4,7.7,6.51,1.5,0.3,1.0,0.2,6.51,325.3,24.2,35.6,217.5,48.0,6.51,10.2,2.7,7.5,6.51,0.2,0.0,0.2,0.0,0.1,0.6,1.0,6.51,7.5,7.1,14.5,6.51,14.8,6.1,20.9,6.51,6.8,6.51,21.1,6.51,2.4,1.5,6.8,6.51,1.9,6.51,11.7,12.5,6.51,1.8,0.2,6.51,2.3,0.0,1.6,0.7,6.51,14.1,9.2,6.51,31.9,15.3,16.6,6.51,10.1,3.7,0.7,5.7,6.35,0.7,0.1,0.6,0.0,6.35,351.1,27.1,32.2,243.4,48.5,6.35,7.2,1.3,5.9,6.35,0.2,0.1,0.0,0.1,0.0,0.4,0.6,6.35,7.2,5.4,12.6,6.35,13.6,7.7,21.3,6.35,7.1,6.35,18.6,6.35,3.5,2.6,6.8,6.35,1.4,6.35,10.3,11.9,6.35,2.0,0.1,6.35,2.6,0.3,1.5,0.8,6.35,14.6,8.6,6.35,32.2,15.6,16.6,6.35,Serie_A,2023-2024
Empoli,15,11.6,0.423,0.764,12.5,6.48,43,0,14,10.4,0.444,0.791,14.9,6.43,44,1,14.4,14.5,7.3,13.9,2.2,6.48,15.3,18.1,6.6,13.6,2.2,6.43,11.6,3.6,5.9,13.2,6.48,10.4,2.6,5.9,13.9,6.43,21.81,13.0,-8.81,221.0,0.1,6.48,27.44,23.0,-4.44,274.0,0.1,6.48,18.14,13.0,-5.14,197.0,0.09,6.43,30.48,30.0,-0.48,290.0,0.11,6.43,9,2,0,2,2,12,3,6,2,0,7,1,2,3,1,19,1,6,4,1,18,1,56,294,19,1,60,422,17,1,53,325,24,1,53,416,35,1,0,7,36,3,0,7,0.4,0.24,0.35,0.41,0.23,0.36,0.21,0.67,0.12,0.22,0.64,0.14,0.21,0.63,0.17,0.15,0.71,0.13,0.05,0.57,0.38,0.05,0.59,0.36,0.04,0.57,0.39,0.09,0.53,0.38,0.3,0.41,0.29,0.32,0.41,0.27,11.6,4.5,0.6,6.6,6.48,0.8,0.1,0.5,0.2,6.48,343.5,20.5,34.7,241.8,46.5,6.48,7.8,1.5,6.4,6.48,0.1,0.0,0.0,0.0,0.0,0.4,0.4,6.48,9.6,5.9,15.6,6.48,14.5,6.2,20.7,6.48,7.3,6.48,18.8,6.48,4.5,1.8,8.2,6.48,2.2,6.48,13.2,13.9,6.48,2.3,0.0,6.48,3.3,0.2,2.3,0.9,6.48,12.8,7.7,6.48,28.8,12.5,16.4,6.48,10.4,4.1,0.4,5.9,6.43,0.7,0.1,0.6,0.1,6.43,371.2,21.0,31.3,272.5,46.3,6.43,7.8,1.0,6.8,6.43,0.3,0.0,0.0,0.1,0.0,0.2,0.5,6.43,8.9,5.9,14.8,6.43,18.1,7.7,25.7,6.43,6.6,6.43,22.8,6.43,3.6,2.1,8.1,6.43,2.2,6.43,13.9,13.6,6.43,2.3,0.1,6.43,3.6,0.4,1.8,1.4,6.43,15.7,8.3,6.43,32.4,14.9,17.5,6.43,Serie_A,2023-2024
Fiorentina,37,15.9,0.569,0.836,17.1,6.7,30,0,24,11.6,0.579,0.832,16.4,6.54,50,0,9.3,15.5,6.4,11.8,1.3,6.7,10.7,14.2,6.0,12.4,1.7,6.54,15.9,5.5,7.9,13.0,6.7,11.6,4.1,6.7,10.7,6.54,34.44,36.0,1.56,302.0,0.11,6.7,23.26,22.0,-1.26,176.0,0.13,6.7,22.64,24.0,1.36,221.0,0.1,6.54,31.06,24.0,-7.06,204.0,0.15,6.54,23,1,9,3,1,14,1,5,2,0,18,1,4,1,0,10,4,4,6,0,22,2,62,411,12,1,53,311,18,1,64,430,13,1,53,307,23,1,0,6,37,4,0,9,0.37,0.29,0.34,0.38,0.28,0.34,0.14,0.69,0.17,0.14,0.7,0.16,0.19,0.67,0.13,0.14,0.66,0.21,0.09,0.56,0.35,0.06,0.69,0.25,0.05,0.57,0.38,0.08,0.67,0.25,0.23,0.43,0.35,0.25,0.43,0.32,15.9,5.6,1.4,8.9,6.7,1.9,0.3,1.4,0.2,6.7,468.8,33.1,28.1,358.9,48.7,6.7,12.1,2.2,9.9,6.7,0.5,0.1,0.1,0.0,0.1,0.7,1.3,6.7,9.4,7.9,17.3,6.7,15.5,6.2,21.7,6.7,6.4,6.7,12.4,6.7,2.1,0.8,8.1,6.7,1.3,6.7,13.0,11.8,6.7,1.6,0.0,6.7,2.5,0.2,1.9,0.4,6.7,15.1,8.7,6.7,34.3,17.1,17.2,6.7,11.6,4.5,0.6,6.6,6.54,1.3,0.2,1.0,0.1,6.54,490.1,33.5,29.9,374.5,52.2,6.54,8.7,1.4,7.3,6.54,0.3,0.1,0.1,0.1,0.0,0.5,0.8,6.54,8.9,6.7,15.6,6.54,14.2,6.3,20.5,6.54,6.0,6.54,13.2,6.54,2.2,1.1,8.1,6.54,1.7,6.54,10.7,12.4,6.54,2.6,0.0,6.54,2.9,0.1,2.1,0.7,6.54,13.5,8.7,6.54,31.9,16.4,15.5,6.54,Serie_A,2023-2024
Frosinone,28,13.2,0.502,0.802,14.1,6.52,32,1,16,11.5,0.487,0.793,14.3,6.43,34,1,14.3,12.0,5.8,9.2,1.3,6.52,15.2,16.7,6.9,11.2,1.3,6.43,13.2,4.8,7.9,12.1,6.52,11.5,3.6,7.7,11.2,6.43,26.36,28.0,1.64,251.0,0.11,6.52,30.96,30.0,-0.96,271.0,0.11,6.52,23.99,16.0,-7.99,219.0,0.11,6.43,34.26,37.0,2.74,288.0,0.12,6.43,11,5,7,5,0,22,3,4,1,2,9,0,4,3,0,22,1,10,4,0,15,1,48,385,17,1,59,370,12,2,50,367,19,1,58,377,23,2,0,8,28,1,0,7,0.37,0.23,0.4,0.34,0.25,0.4,0.18,0.63,0.19,0.21,0.63,0.16,0.17,0.67,0.16,0.17,0.63,0.19,0.04,0.49,0.46,0.06,0.58,0.36,0.06,0.52,0.42,0.09,0.56,0.35,0.28,0.44,0.3,0.29,0.43,0.27,13.2,6.2,0.6,6.5,6.52,1.5,0.2,1.2,0.2,6.52,428.9,17.6,30.2,326.6,54.5,6.52,9.8,1.7,8.1,6.52,0.2,0.1,0.2,0.0,0.0,0.5,0.9,6.52,10.9,7.9,18.9,6.52,12.0,5.8,17.8,6.52,5.8,6.52,18.3,6.52,3.8,1.4,8.0,6.52,1.3,6.52,12.1,9.2,6.52,1.7,0.1,6.52,2.9,0.2,1.7,1.1,6.52,15.3,8.5,6.52,29.6,14.1,15.5,6.52,11.5,4.8,0.7,6.0,6.43,0.8,0.1,0.6,0.1,6.43,413.1,18.4,31.4,309.3,54.0,6.43,8.6,1.4,7.3,6.43,0.2,0.0,0.1,0.0,0.0,0.4,0.6,6.43,10.7,7.7,18.4,6.43,16.7,8.5,25.2,6.43,6.9,6.43,21.1,6.43,3.7,1.2,7.6,6.43,1.3,6.43,11.2,11.2,6.43,1.8,0.1,6.43,3.0,0.3,1.8,0.9,6.43,15.1,9.8,6.43,31.3,14.3,17.0,6.43,Serie_A,2023-2024
Genoa,27,12.3,0.465,0.795,16.5,6.61,34,1,18,8.9,0.411,0.771,16.6,6.51,39,2,11.1,15.6,8.3,11.4,1.2,6.61,15.3,17.3,9.2,12.3,1.3,6.51,12.3,3.8,5.6,12.1,6.61,8.9,2.9,4.5,9.3,6.51,22.16,26.0,3.84,234.0,0.09,6.61,22.45,22.0,-0.45,211.0,0.11,6.61,18.14,17.0,-1.14,169.0,0.11,6.51,24.95,22.0,-2.95,290.0,0.09,6.51,15,1,9,1,1,14,2,4,2,0,12,0,1,4,1,14,4,3,1,1,19,0,52,344,17,1,54,405,14,1,55,308,24,1,50,466,29,2,0,5,37,1,0,5,0.37,0.24,0.38,0.34,0.25,0.41,0.16,0.69,0.15,0.13,0.71,0.17,0.12,0.72,0.16,0.17,0.66,0.16,0.08,0.57,0.35,0.07,0.53,0.4,0.06,0.61,0.33,0.05,0.5,0.45,0.29,0.44,0.28,0.32,0.45,0.23,12.3,4.3,0.9,7.1,6.61,1.4,0.3,0.9,0.2,6.61,393.2,22.4,29.3,290.0,51.4,6.61,9.1,2.1,7.0,6.61,0.2,0.1,0.1,0.0,0.0,0.9,1.1,6.61,7.5,5.6,13.1,6.61,15.6,6.1,21.7,6.61,8.3,6.61,17.9,6.61,3.6,1.2,7.6,6.61,1.2,6.61,12.1,11.4,6.61,1.8,0.1,6.61,1.9,0.1,1.1,0.7,6.61,15.3,7.9,6.61,32.0,16.5,15.5,6.61,8.9,3.0,0.5,5.4,6.51,0.9,0.0,0.6,0.3,6.51,359.6,22.5,32.1,254.9,50.2,6.51,6.7,1.7,5.0,6.51,0.1,0.0,0.0,0.0,0.0,0.3,0.3,6.51,6.1,4.5,10.6,6.51,17.3,9.1,26.4,6.51,9.2,6.51,22.6,6.51,4.9,1.7,8.2,6.51,1.3,6.51,9.3,12.3,6.51,2.1,0.1,6.51,3.1,0.1,1.6,1.4,6.51,15.1,7.5,6.51,30.5,16.6,13.9,6.51,Serie_A,2023-2024
Inter,44,17.7,0.583,0.888,13.6,6.87,18,0,45,13.6,0.562,0.866,14.9,6.83,28,1,9.3,14.1,7.7,10.4,1.7,6.87,11.5,14.3,7.1,10.9,2.4,6.83,17.7,6.2,5.9,10.6,6.87,13.6,5.0,4.4,10.9,6.83,45.97,43.0,-2.97,336.0,0.14,6.87,15.92,11.0,-4.92,176.0,0.09,6.87,38.14,44.0,5.86,258.0,0.15,6.83,19.18,11.0,-8.18,220.0,0.09,6.83,24,5,7,7,1,8,1,1,1,0,26,5,7,6,1,5,2,3,1,0,25,2,48,511,14,0,48,356,18,2,48,495,18,1,50,369,12,1,0,5,22,1,0,6,0.39,0.27,0.33,0.39,0.27,0.34,0.15,0.71,0.14,0.24,0.57,0.19,0.12,0.75,0.13,0.17,0.63,0.2,0.13,0.55,0.32,0.06,0.55,0.39,0.09,0.6,0.3,0.07,0.58,0.36,0.25,0.44,0.32,0.3,0.44,0.25,17.7,5.7,2.2,9.7,6.87,2.3,0.5,1.5,0.3,6.87,554.8,31.7,15.7,461.2,46.2,6.87,13.2,2.2,11.1,6.87,0.5,0.1,0.2,0.2,0.1,0.8,1.6,6.87,6.6,5.9,12.5,6.87,14.1,6.4,20.5,6.87,7.7,6.87,11.2,6.87,2.7,1.2,6.7,6.87,1.7,6.87,10.6,10.4,6.87,0.9,0.0,6.87,2.1,0.1,1.1,0.8,6.87,11.5,6.1,6.87,23.6,13.6,10.0,6.87,13.6,4.1,1.3,8.2,6.83,2.4,0.6,1.5,0.2,6.83,537.8,27.0,20.9,438.9,50.9,6.83,10.0,1.3,8.7,6.83,0.4,0.1,0.1,0.0,0.0,1.0,1.5,6.83,6.0,4.4,10.4,6.83,14.3,6.3,20.6,6.83,7.1,6.83,16.2,6.83,3.4,2.3,6.4,6.83,2.4,6.83,10.9,10.9,6.83,1.5,0.1,6.83,2.7,0.3,1.4,1.1,6.83,13.4,6.0,6.83,25.4,14.9,10.4,6.83,Serie_A,2023-2024
Juventus,26,15.4,0.484,0.841,13.5,6.71,34,2,28,12.8,0.475,0.837,12.6,6.64,51,0,9.7,15.6,7.0,12.8,1.9,6.71,13.5,14.8,6.3,12.4,1.9,6.64,15.4,4.4,6.7,9.4,6.71,12.8,3.9,6.9,10.4,6.64,32.14,26.0,-6.14,293.0,0.11,6.71,11.87,11.0,-0.87,185.0,0.06,6.71,29.37,26.0,-3.37,243.0,0.12,6.64,21.36,18.0,-3.36,257.0,0.08,6.64,16,0,10,0,0,7,0,4,0,0,15,2,6,3,2,13,0,3,2,2,20,1,48,399,16,1,52,429,17,1,51,378,24,1,49,419,25,4,0,8,43,1,0,7,0.4,0.26,0.34,0.4,0.26,0.34,0.22,0.65,0.13,0.16,0.65,0.19,0.22,0.67,0.11,0.17,0.66,0.17,0.13,0.5,0.37,0.03,0.48,0.48,0.07,0.62,0.31,0.07,0.44,0.49,0.25,0.45,0.3,0.29,0.44,0.27,15.4,5.7,2.0,7.7,6.71,1.4,0.6,0.6,0.2,6.71,442.3,26.8,20.2,345.1,50.2,6.71,12.1,2.0,10.1,6.71,0.3,0.1,0.1,0.1,0.0,0.6,1.0,6.71,9.4,6.7,16.1,6.71,15.6,4.3,19.9,6.71,7.0,6.71,14.2,6.71,2.3,0.9,6.4,6.71,1.9,6.71,9.4,12.8,6.71,1.8,0.1,6.71,1.9,0.1,1.1,0.7,6.71,14.3,8.8,6.71,26.0,13.5,12.5,6.71,12.8,3.9,0.9,7.9,6.64,1.5,0.2,0.9,0.3,6.64,424.1,26.6,23.9,328.5,45.0,6.64,9.9,1.8,8.1,6.64,0.4,0.1,0.1,0.1,0.0,0.5,0.9,6.64,8.4,6.9,15.3,6.64,14.8,5.2,20.0,6.64,6.3,6.64,21.7,6.64,4.2,1.8,6.8,6.64,1.9,6.64,10.4,12.4,6.64,2.7,0.0,6.64,2.7,0.2,1.2,1.3,6.64,14.8,7.3,6.64,23.7,12.6,11.1,6.64,Serie_A,2023-2024
Lazio,23,11.8,0.548,0.856,11.3,6.61,44,4,26,11.4,0.516,0.843,10.7,6.55,53,1,10.1,15.5,8.5,12.4,2.1,6.61,15.5,15.1,7.1,12.5,1.7,6.55,11.8,3.9,6.9,12.5,6.61,11.4,3.5,7.4,10.4,6.55,27.52,21.0,-6.52,224.0,0.12,6.61,17.74,14.0,-3.74,192.0,0.09,6.61,23.88,25.0,1.12,216.0,0.11,6.55,28.99,25.0,-3.99,294.0,0.1,6.55,14,1,4,2,2,11,0,2,1,0,19,1,3,2,1,18,1,5,1,0,19,1,48,484,13,1,54,386,14,1,49,454,19,0,53,412,31,5,0,13,39,5,0,11,0.41,0.24,0.35,0.4,0.28,0.33,0.19,0.69,0.12,0.18,0.68,0.14,0.18,0.65,0.18,0.19,0.67,0.15,0.08,0.54,0.38,0.07,0.52,0.41,0.07,0.53,0.4,0.07,0.56,0.37,0.23,0.46,0.31,0.29,0.43,0.28,11.8,4.5,0.9,6.4,6.61,1.2,0.2,0.9,0.1,6.61,527.9,26.2,20.6,425.5,55.7,6.61,8.9,0.8,8.1,6.61,0.2,0.1,0.0,0.0,0.0,0.6,0.8,6.61,8.5,6.9,15.4,6.61,15.5,7.5,23.0,6.61,8.5,6.61,12.7,6.61,2.3,1.4,8.6,6.61,2.1,6.61,12.5,12.4,6.61,2.3,0.2,6.61,2.3,0.1,1.4,0.8,6.61,13.7,7.0,6.61,22.4,11.3,11.1,6.61,11.4,4.5,0.8,6.1,6.55,1.4,0.4,0.7,0.2,6.55,498.1,23.3,25.1,396.7,53.1,6.55,8.5,0.7,7.8,6.55,0.2,0.0,0.0,0.1,0.0,0.6,0.8,6.55,9.2,7.4,16.5,6.55,15.1,10.1,25.2,6.55,7.1,6.55,18.6,6.55,4.1,1.4,7.6,6.55,1.7,6.55,10.4,12.5,6.55,2.8,0.1,6.55,3.4,0.1,2.1,1.3,6.55,12.9,5.8,6.55,24.1,10.7,13.4,6.55,Serie_A,2023-2024
Lecce,17,14.9,0.467,0.793,14.6,6.5,40,0,15,11.8,0.417,0.774,15.1,6.47,45,5,11.6,15.7,7.6,12.5,1.9,6.5,15.5,16.2,8.6,14.0,1.0,6.47,14.9,4.5,7.9,13.8,6.5,11.8,3.6,7.8,11.5,6.47,26.19,17.0,-9.19,284.0,0.09,6.5,29.29,27.0,-2.29,220.0,0.13,6.5,21.11,13.0,-8.11,224.0,0.09,6.47,33.75,26.0,-7.75,295.0,0.11,6.47,9,1,5,2,0,13,4,6,4,0,8,2,2,1,2,15,1,9,1,1,20,1,55,328,15,1,54,389,15,1,56,295,21,1,52,436,31,3,0,6,35,5,0,12,0.39,0.26,0.34,0.4,0.24,0.37,0.23,0.64,0.13,0.11,0.71,0.18,0.18,0.65,0.18,0.15,0.67,0.18,0.07,0.53,0.39,0.08,0.49,0.44,0.04,0.52,0.43,0.08,0.6,0.32,0.27,0.44,0.29,0.3,0.45,0.24,14.9,5.9,1.1,7.9,6.5,0.9,0.2,0.5,0.2,6.5,377.5,24.8,30.1,274.6,48.1,6.5,11.3,2.5,8.8,6.5,0.1,0.1,0.0,0.0,0.0,0.5,0.6,6.5,9.8,7.9,17.8,6.5,15.7,6.7,22.4,6.5,7.6,6.5,15.9,6.5,2.4,1.1,8.8,6.5,1.9,6.5,13.8,12.5,6.5,2.1,0.0,6.5,2.3,0.2,1.4,0.8,6.5,15.5,9.6,6.5,29.7,14.6,15.1,6.5,11.8,5.1,0.5,6.2,6.47,0.8,0.1,0.4,0.2,6.47,346.7,24.3,30.8,244.1,47.5,6.47,8.6,1.5,7.1,6.47,0.2,0.0,0.1,0.1,0.0,0.3,0.6,6.47,8.7,7.8,16.5,6.47,16.2,7.8,24.0,6.47,8.6,6.47,21.2,6.47,3.7,2.4,7.6,6.47,1.0,6.47,11.5,14.0,6.47,2.4,0.3,6.47,4.0,0.5,2.4,1.1,6.47,16.3,9.2,6.47,33.1,15.1,17.9,6.47,Serie_A,2023-2024
Monza,23,13.3,0.555,0.86,11.7,6.53,39,1,16,10.7,0.518,0.853,12.3,6.51,41,4,12.9,14.3,6.9,11.3,0.9,6.53,16.2,15.4,7.7,12.8,1.2,6.51,13.3,3.5,6.1,11.8,6.53,10.7,3.3,5.3,9.7,6.51,24.9,23.0,-1.9,252.0,0.1,6.53,31.18,26.0,-5.18,246.0,0.13,6.53,22.27,15.0,-7.27,204.0,0.11,6.51,33.22,25.0,-8.22,308.0,0.11,6.51,17,2,1,3,0,15,3,4,4,0,8,2,4,1,1,16,1,5,3,0,17,1,55,452,15,1,42,363,14,1,54,420,19,1,41,393,32,4,0,5,40,2,0,6,0.36,0.25,0.39,0.38,0.27,0.35,0.18,0.66,0.16,0.22,0.69,0.09,0.17,0.63,0.2,0.19,0.68,0.13,0.04,0.58,0.38,0.07,0.59,0.35,0.08,0.54,0.38,0.07,0.59,0.35,0.3,0.44,0.25,0.33,0.44,0.23,13.3,5.1,0.6,7.6,6.53,1.2,0.1,0.8,0.4,6.53,500.5,29.7,25.4,400.7,44.7,6.53,10.1,1.8,8.2,6.53,0.3,0.0,0.0,0.0,0.0,0.6,0.9,6.53,8.4,6.1,14.4,6.53,14.3,5.7,20.0,6.53,6.9,6.53,13.4,6.53,3.2,1.5,6.1,6.53,0.9,6.53,11.8,11.3,6.53,2.1,0.1,6.53,3.2,0.2,1.7,1.3,6.53,14.8,6.6,6.53,25.3,11.7,13.6,6.53,10.7,4.1,0.9,5.8,6.51,0.8,0.2,0.5,0.1,6.51,468.1,28.5,24.8,370.8,43.9,6.51,8.3,1.6,6.7,6.51,0.2,0.1,0.1,0.0,0.0,0.4,0.6,6.51,6.1,5.3,11.4,6.51,15.4,5.8,21.2,6.51,7.7,6.51,18.3,6.51,4.7,1.5,5.9,6.51,1.2,6.51,9.7,12.8,6.51,2.2,0.2,6.51,4.3,0.5,2.0,1.7,6.51,12.5,7.4,6.51,23.6,12.3,11.3,6.51,Serie_A,2023-2024
Napoli,24,20.4,0.627,0.876,12.8,6.62,36,2,31,13.7,0.597,0.865,12.7,6.64,35,3,10.6,14.8,7.4,9.5,1.8,6.62,10.2,15.3,5.3,10.5,1.9,6.64,20.4,6.5,9.9,11.8,6.62,13.7,4.4,7.3,11.9,6.64,40.41,23.0,-17.41,387.0,0.1,6.62,24.53,27.0,2.47,202.0,0.12,6.62,27.2,31.0,3.8,261.0,0.1,6.64,17.61,21.0,3.39,194.0,0.09,6.64,14,0,4,5,1,21,1,4,1,0,19,6,5,1,0,14,1,5,1,0,22,1,53,529,12,1,49,298,17,1,50,492,17,1,50,311,29,4,0,7,27,4,0,8,0.35,0.26,0.38,0.33,0.25,0.42,0.18,0.63,0.19,0.2,0.64,0.16,0.18,0.67,0.16,0.16,0.69,0.15,0.05,0.62,0.33,0.09,0.56,0.35,0.05,0.58,0.37,0.1,0.53,0.37,0.23,0.45,0.32,0.27,0.44,0.31,20.4,6.6,1.1,12.6,6.62,1.3,0.2,0.8,0.2,6.62,576.9,31.1,20.9,474.1,50.8,6.62,15.7,2.3,13.5,6.62,0.1,0.0,0.1,0.0,0.0,0.5,0.6,6.62,11.4,9.9,21.3,6.62,14.8,7.3,22.1,6.62,7.4,6.62,9.8,6.62,2.5,0.8,7.1,6.62,1.8,6.62,11.8,9.5,6.62,1.9,0.1,6.62,1.8,0.1,1.0,0.7,6.62,13.5,8.7,6.62,25.7,12.8,12.9,6.62,13.7,5.1,0.7,7.9,6.64,1.6,0.3,1.1,0.2,6.64,537.8,27.1,22.8,438.1,49.8,6.64,10.4,1.4,9.0,6.64,0.4,0.1,0.2,0.1,0.0,0.7,1.3,6.64,10.6,7.3,17.9,6.64,15.3,8.0,23.3,6.64,5.3,6.64,15.8,6.64,2.3,1.8,6.5,6.64,1.9,6.64,11.9,10.5,6.64,1.8,0.2,6.64,2.4,0.5,1.1,0.8,6.64,12.3,6.7,6.64,25.9,12.7,13.2,6.64,Serie_A,2023-2024
Roma,38,13.6,0.528,0.849,12.4,6.73,44,3,27,11.5,0.567,0.853,13.6,6.53,49,0,10.3,16.3,6.7,12.1,1.7,6.73,15.1,13.7,6.0,11.8,1.7,6.53,13.6,4.3,6.7,11.1,6.73,11.5,4.0,4.9,11.5,6.53,31.16,37.0,5.84,258.0,0.12,6.73,15.54,17.0,1.46,195.0,0.08,6.73,27.39,27.0,-0.39,218.0,0.13,6.53,31.94,26.0,-5.94,287.0,0.11,6.53,20,3,10,4,1,10,3,3,1,2,15,1,4,7,0,17,2,5,2,1,19,1,48,437,16,0,46,387,16,1,48,476,18,1,50,344,35,6,0,7,36,3,0,10,0.34,0.29,0.37,0.33,0.31,0.36,0.17,0.68,0.15,0.19,0.64,0.16,0.1,0.76,0.14,0.18,0.66,0.17,0.1,0.59,0.31,0.05,0.49,0.47,0.06,0.55,0.39,0.06,0.58,0.35,0.28,0.45,0.27,0.29,0.45,0.26,13.6,4.3,1.3,8.0,6.73,2.0,0.3,1.4,0.2,6.73,480.7,24.7,22.5,383.5,50.0,6.73,10.4,2.5,7.9,6.73,0.5,0.2,0.0,0.2,0.0,0.9,1.5,6.73,7.6,6.7,14.4,6.73,16.3,8.0,24.3,6.73,6.7,6.73,14.8,6.73,2.9,1.4,6.7,6.73,1.7,6.73,11.1,12.1,6.73,2.3,0.2,6.73,2.5,0.1,1.3,1.2,6.73,11.2,6.9,6.73,23.2,12.4,10.7,6.73,11.5,4.5,0.7,6.3,6.53,1.4,0.3,1.1,0.1,6.53,518.1,23.1,24.6,418.7,51.7,6.53,8.7,1.6,7.1,6.53,0.3,0.1,0.1,0.0,0.0,0.5,0.8,6.53,6.3,4.9,11.2,6.53,13.7,7.1,20.7,6.53,6.0,6.53,15.8,6.53,4.0,0.9,5.8,6.53,1.7,6.53,11.5,11.8,6.53,2.6,0.0,6.53,3.2,0.1,1.9,1.2,6.53,11.6,7.3,6.53,26.5,13.6,12.9,6.53,Serie_A,2023-2024
Salernitana,17,11.5,0.453,0.795,15.3,6.36,51,3,15,9.5,0.426,0.772,13.0,6.34,38,0,14.2,13.4,7.2,11.7,1.9,6.36,17.4,14.8,7.5,11.9,1.3,6.34,11.5,3.6,5.8,12.9,6.36,9.5,2.7,5.4,11.8,6.34,16.85,17.0,0.15,219.0,0.08,6.36,34.1,36.0,1.9,269.0,0.13,6.36,15.79,15.0,-0.79,181.0,0.09,6.34,42.56,43.0,0.44,330.0,0.13,6.34,11,0,4,2,0,23,3,5,5,2,10,0,5,0,0,26,5,7,5,0,19,1,51,346,18,1,52,433,12,1,53,316,24,1,53,435,41,4,0,10,27,1,0,10,0.34,0.22,0.44,0.35,0.23,0.42,0.19,0.59,0.22,0.17,0.69,0.15,0.25,0.56,0.19,0.19,0.68,0.13,0.06,0.56,0.38,0.09,0.6,0.32,0.06,0.45,0.49,0.09,0.59,0.32,0.28,0.46,0.26,0.31,0.45,0.23,11.5,4.4,0.6,6.5,6.36,0.9,0.1,0.7,0.1,6.36,392.8,19.4,30.3,292.8,50.4,6.36,9.1,1.3,7.7,6.36,0.2,0.1,0.1,0.1,0.0,0.3,0.6,6.36,8.2,5.8,13.9,6.36,13.4,6.6,20.0,6.36,7.2,6.36,18.7,6.36,4.1,1.2,6.1,6.36,1.9,6.36,12.9,11.7,6.36,2.7,0.2,6.36,2.9,0.3,1.7,1.0,6.36,13.4,6.8,6.36,34.3,15.3,19.1,6.36,9.5,4.7,0.6,4.3,6.34,0.8,0.1,0.5,0.2,6.34,365.0,20.8,31.6,261.1,51.5,6.34,7.3,1.1,6.2,6.34,0.3,0.2,0.1,0.0,0.0,0.4,0.7,6.34,8.9,5.4,14.3,6.34,14.8,7.2,22.0,6.34,7.5,6.34,21.3,6.34,4.4,2.2,6.9,6.34,1.3,6.34,11.8,11.9,6.34,2.0,0.0,6.34,3.8,0.3,2.4,1.1,6.34,16.1,9.2,6.34,29.3,13.0,16.3,6.34,Serie_A,2023-2024
Sassuolo,23,12.5,0.436,0.784,12.3,6.49,32,2,20,11.8,0.428,0.786,12.2,6.35,36,2,14.2,13.7,7.0,10.1,0.7,6.49,14.7,12.9,7.1,10.3,0.7,6.35,12.5,4.0,8.3,10.1,6.49,11.8,4.0,6.3,10.8,6.35,21.03,22.0,0.97,237.0,0.09,6.49,32.84,33.0,0.16,269.0,0.12,6.49,22.8,20.0,-2.8,224.0,0.1,6.35,35.05,38.0,2.95,279.0,0.13,6.35,17,2,1,2,1,20,2,7,4,1,10,1,4,5,0,23,3,8,4,3,18,1,56,320,19,1,57,436,17,1,55,318,21,1,55,448,25,1,0,9,27,2,0,10,0.4,0.28,0.32,0.36,0.26,0.38,0.26,0.6,0.14,0.17,0.64,0.2,0.19,0.61,0.2,0.18,0.69,0.13,0.06,0.48,0.45,0.07,0.6,0.33,0.06,0.5,0.45,0.09,0.59,0.32,0.28,0.42,0.31,0.28,0.42,0.3,12.5,5.6,0.8,6.1,6.49,1.2,0.2,0.8,0.2,6.49,372.5,23.3,32.2,268.6,48.4,6.49,9.4,1.5,7.9,6.49,0.2,0.0,0.1,0.1,0.0,0.5,0.8,6.49,7.8,8.3,16.1,6.49,13.7,7.2,20.9,6.49,7.0,6.49,18.7,6.49,3.9,1.7,6.4,6.49,0.7,6.49,10.1,10.1,6.49,1.7,0.1,6.49,2.3,0.2,1.4,0.8,6.49,14.5,7.9,6.49,28.4,12.3,16.1,6.49,11.8,5.3,0.7,5.8,6.35,1.1,0.2,0.8,0.1,6.35,368.8,23.1,30.9,266.6,48.2,6.35,8.5,0.8,7.7,6.35,0.1,0.1,0.1,0.0,0.0,0.5,0.6,6.35,8.2,6.3,14.4,6.35,12.9,7.9,20.8,6.35,7.1,6.35,19.1,6.35,3.6,1.7,7.2,6.35,0.7,6.35,10.8,10.3,6.35,1.9,0.1,6.35,3.1,0.3,2.1,0.7,6.35,13.8,9.6,6.35,28.4,12.2,16.2,6.35,Serie_A,2023-2024
Torino,18,12.1,0.527,0.825,16.3,6.64,28,1,18,10.8,0.504,0.822,15.3,6.49,45,1,8.9,11.8,7.7,11.3,1.7,6.64,13.3,13.0,9.6,13.5,1.6,6.49,12.1,3.6,6.5,9.8,6.64,10.8,2.9,6.4,12.3,6.49,22.66,18.0,-4.66,229.0,0.1,6.64,14.43,9.0,-5.43,169.0,0.09,6.64,20.19,17.0,-3.19,205.0,0.1,6.49,26.31,27.0,0.69,252.0,0.1,6.49,11,1,4,2,0,6,0,1,2,0,14,0,3,0,1,16,3,3,5,0,23,0,50,391,12,1,54,348,17,0,54,388,17,1,51,382,24,0,0,6,36,4,0,6,0.39,0.26,0.35,0.36,0.27,0.37,0.12,0.69,0.19,0.19,0.66,0.15,0.17,0.67,0.16,0.22,0.65,0.13,0.07,0.57,0.36,0.07,0.47,0.47,0.05,0.59,0.36,0.09,0.52,0.4,0.24,0.45,0.32,0.29,0.43,0.28,12.1,4.3,0.9,6.8,6.64,0.9,0.2,0.6,0.2,6.64,435.0,23.0,26.4,336.1,49.6,6.64,9.2,1.7,7.5,6.64,0.4,0.1,0.0,0.1,0.0,0.4,0.8,6.64,8.7,6.5,15.2,6.64,11.8,4.4,16.2,6.64,7.7,6.64,12.7,6.64,2.2,1.0,4.9,6.64,1.7,6.64,9.8,11.3,6.64,1.5,0.1,6.64,2.3,0.3,0.8,1.2,6.64,14.9,7.5,6.64,31.9,16.3,15.6,6.64,10.8,3.8,0.6,6.4,6.49,0.9,0.3,0.6,0.1,6.49,435.6,22.4,30.1,335.6,47.6,6.49,8.6,1.3,7.3,6.49,0.4,0.1,0.0,0.0,0.0,0.4,0.7,6.49,8.1,6.4,14.4,6.49,13.0,5.8,18.8,6.49,9.6,6.49,16.5,6.49,3.1,1.6,5.8,6.49,1.6,6.49,12.3,13.5,6.49,2.4,0.1,6.49,3.4,0.0,2.0,1.4,6.49,13.9,6.8,6.49,32.5,15.3,17.2,6.49,Serie_A,2023-2024
Udinese,21,12.8,0.407,0.769,15.3,6.51,45,3,16,11.4,0.369,0.776,14.8,6.55,43,2,11.6,15.2,8.9,13.2,1.6,6.51,14.6,16.7,8.3,12.9,1.4,6.55,12.8,4.3,9.3,11.6,6.51,11.4,3.0,8.4,10.4,6.55,24.27,20.0,-4.27,244.0,0.1,6.51,26.63,29.0,2.37,220.0,0.12,6.51,21.28,16.0,-5.28,217.0,0.1,6.55,27.64,23.0,-4.64,277.0,0.1,6.55,15,0,3,2,1,18,0,5,6,0,12,1,2,1,0,14,1,5,3,1,17,1,48,279,20,1,51,430,12,1,47,261,25,1,52,469,39,0,0,10,37,2,0,8,0.35,0.25,0.4,0.36,0.26,0.39,0.16,0.64,0.21,0.17,0.72,0.11,0.18,0.69,0.13,0.19,0.67,0.14,0.09,0.48,0.44,0.06,0.6,0.34,0.06,0.52,0.42,0.07,0.55,0.38,0.28,0.45,0.27,0.32,0.44,0.25,12.8,5.6,1.1,6.1,6.51,1.1,0.2,0.8,0.1,6.51,322.6,20.6,26.6,227.6,47.8,6.51,8.7,2.2,6.6,6.51,0.3,0.0,0.0,0.1,0.0,0.3,0.6,6.51,11.0,9.3,20.3,6.51,15.2,6.7,21.8,6.51,8.9,6.51,22.9,6.51,3.4,2.0,6.9,6.51,1.6,6.51,11.6,13.2,6.51,2.4,0.2,6.51,1.8,0.1,1.2,0.6,6.51,16.6,8.6,6.51,28.8,15.3,13.5,6.51,11.4,4.8,0.7,5.9,6.55,0.8,0.3,0.5,0.1,6.55,303.9,21.8,25.2,214.2,42.8,6.55,8.6,1.5,7.1,6.55,0.2,0.0,0.0,0.0,0.0,0.4,0.6,6.55,9.3,8.4,17.6,6.55,16.7,7.6,24.4,6.55,8.3,6.55,25.8,6.55,3.4,2.5,9.3,6.55,1.4,6.55,10.4,12.9,6.55,2.3,0.1,6.55,3.7,0.2,2.3,1.3,6.55,17.3,9.1,6.55,26.9,14.8,12.1,6.55,Serie_A,2023-2024
Verona,23,12.5,0.444,0.752,19.9,6.57,37,4,15,10.8,0.44,0.734,20.2,6.49,48,2,13.8,16.5,6.9,14.4,1.3,6.57,13.3,16.2,8.9,14.1,1.9,6.49,12.5,4.8,7.4,12.0,6.57,10.8,3.2,5.8,11.5,6.49,20.81,23.0,2.19,237.0,0.09,6.57,28.53,26.0,-2.53,262.0,0.11,6.57,20.6,15.0,-5.6,205.0,0.1,6.49,28.22,24.0,-4.22,252.0,0.11,6.49,11,6,4,2,0,19,3,3,1,0,11,1,2,1,0,18,1,4,1,1,22,1,66,282,15,1,59,390,16,1,65,281,17,1,61,383,35,3,0,5,40,2,0,8,0.38,0.25,0.37,0.36,0.26,0.38,0.18,0.66,0.16,0.18,0.69,0.13,0.16,0.7,0.14,0.21,0.63,0.16,0.07,0.49,0.45,0.06,0.56,0.38,0.08,0.51,0.41,0.07,0.6,0.33,0.26,0.45,0.29,0.28,0.45,0.27,12.5,5.6,0.8,6.1,6.57,1.2,0.3,0.7,0.3,6.57,344.7,31.9,33.2,227.5,52.2,6.57,9.6,2.1,7.5,6.57,0.2,0.1,0.2,0.1,0.0,0.5,0.8,6.57,7.8,7.4,15.3,6.57,16.5,7.6,24.1,6.57,6.9,6.57,17.7,6.57,3.7,1.2,6.9,6.57,1.3,6.57,12.0,14.4,6.57,1.9,0.2,6.57,3.2,0.2,1.8,1.2,6.57,15.2,7.6,6.57,38.2,19.9,18.2,6.57,10.8,4.5,0.8,5.5,6.49,0.8,0.2,0.4,0.3,6.49,342.3,27.7,37.0,223.5,54.1,6.49,8.1,1.9,6.2,6.49,0.3,0.0,0.0,0.1,0.0,0.4,0.7,6.49,8.7,5.8,14.6,6.49,16.2,7.4,23.6,6.49,8.9,6.49,21.8,6.49,3.3,1.1,7.9,6.49,1.9,6.49,11.5,14.1,6.49,2.5,0.1,6.49,2.8,0.2,1.7,0.8,6.49,16.1,7.4,6.49,36.7,20.2,16.5,6.49,Serie_A,2023-2024
AC Milan,30,15.6,0.539,0.885,12.7,6.71,34,3,31,14.0,0.539,0.868,10.5,6.62,36,3,10.7,15.4,5.6,10.5,1.6,6.71,11.9,13.6,6.7,11.3,1.6,6.62,15.6,4.9,8.7,9.8,6.71,14.0,5.4,9.3,12.7,6.62,32.32,30.0,-2.32,297.0,0.11,6.71,20.49,14.0,-6.49,203.0,0.1,6.71,37.32,29.0,-8.32,266.0,0.14,6.62,25.32,26.0,0.68,228.0,0.11,6.62,20,3,4,3,0,11,2,0,1,2,19,4,5,1,2,14,3,9,0,1,19,3,36,433,15,1,45,361,15,2,40,429,16,2,45,354,23,5,0,9,31,0,0,9,0.35,0.3,0.34,0.35,0.31,0.34,0.2,0.66,0.15,0.16,0.68,0.16,0.14,0.74,0.12,0.19,0.61,0.21,0.07,0.55,0.38,0.05,0.51,0.43,0.08,0.6,0.32,0.11,0.58,0.31,0.26,0.43,0.33,0.3,0.42,0.27,15.6,5.9,1.2,8.5,6.71,1.6,0.3,1.2,0.1,6.71,466.1,21.5,14.2,390.9,39.5,6.71,12.0,0.8,11.2,6.71,0.3,0.1,0.3,0.1,0.0,0.5,1.1,6.71,10.2,8.7,18.9,6.71,15.4,6.2,21.6,6.71,5.6,6.71,15.7,6.71,2.2,0.8,4.3,6.71,1.6,6.71,9.8,10.5,6.71,1.8,0.2,6.71,2.8,0.1,1.5,1.3,6.71,13.1,7.4,6.71,23.7,12.7,11.1,6.71,14.0,4.6,1.1,8.4,6.62,1.6,0.5,0.9,0.1,6.62,464.5,20.0,19.6,383.3,41.6,6.62,11.3,1.6,9.7,6.62,0.3,0.1,0.3,0.1,0.0,0.6,1.2,6.62,9.7,9.3,19.0,6.62,13.6,6.2,19.8,6.62,6.7,6.62,18.7,6.62,2.8,1.5,6.1,6.62,1.6,6.62,12.7,11.3,6.62,1.9,0.2,6.62,2.5,0.2,1.6,0.7,6.62,13.9,7.7,6.62,20.8,10.5,10.3,6.62,Serie_A,2024-2025
Atalanta,36,14.8,0.582,0.859,16.8,6.69,25,1,42,13.9,0.527,0.844,14.6,6.82,39,0,9.3,14.8,7.4,10.9,1.2,6.69,12.1,15.3,8.2,12.0,1.7,6.82,14.8,5.4,7.1,11.3,6.69,13.9,4.8,6.4,9.4,6.82,37.64,35.0,-2.64,281.0,0.13,6.69,20.55,23.0,2.45,177.0,0.12,6.69,40.06,41.0,0.94,264.0,0.15,6.82,23.67,12.0,-11.67,229.0,0.1,6.82,25,1,6,3,1,15,1,5,2,1,30,4,5,2,1,8,1,3,0,1,23,1,45,493,11,1,52,340,18,1,47,439,13,2,51,387,21,2,0,4,31,3,0,5,0.4,0.26,0.35,0.41,0.26,0.33,0.21,0.68,0.11,0.19,0.66,0.15,0.15,0.75,0.1,0.2,0.66,0.15,0.09,0.66,0.25,0.07,0.56,0.37,0.11,0.69,0.2,0.06,0.53,0.41,0.22,0.42,0.35,0.25,0.44,0.3,14.8,3.7,1.3,9.7,6.69,1.9,0.4,1.2,0.3,6.69,532.6,22.4,21.6,434.9,53.7,6.69,11.5,1.7,9.8,6.69,0.4,0.1,0.1,0.1,0.0,0.8,1.3,6.69,11.3,7.1,18.4,6.69,14.8,6.7,21.5,6.69,7.4,6.69,16.6,6.69,2.4,0.9,7.2,6.69,1.2,6.69,11.3,10.9,6.69,1.3,0.1,6.69,2.7,0.1,1.5,1.1,6.69,15.3,10.1,6.69,30.7,16.8,13.8,6.69,13.9,2.8,1.4,9.6,6.82,2.2,0.4,1.5,0.3,6.82,481.0,22.3,24.8,383.4,50.4,6.82,10.8,1.4,9.4,6.82,0.4,0.1,0.0,0.0,0.0,1.2,1.6,6.82,9.2,6.4,15.6,6.82,15.3,5.6,20.8,6.82,8.2,6.82,17.5,6.82,2.8,1.5,6.6,6.82,1.7,6.82,9.4,12.0,6.82,2.1,0.0,6.82,3.3,0.2,2.1,1.0,6.82,14.9,8.9,6.82,27.4,14.6,12.8,6.82,Serie_A,2024-2025
Bologna,33,15.5,0.596,0.84,16.8,6.66,32,2,24,11.4,0.571,0.83,14.8,6.5,28,2,7.5,16.3,6.6,13.5,1.8,6.66,9.3,14.8,6.9,14.8,1.5,6.5,15.5,5.1,6.2,16.0,6.66,11.4,4.2,5.4,15.8,6.5,36.41,32.0,-4.41,295.0,0.12,6.66,19.05,17.0,-2.05,143.0,0.13,6.66,19.07,24.0,4.93,217.0,0.09,6.5,22.67,28.0,5.33,177.0,0.13,6.5,18,2,6,6,1,11,3,2,1,1,20,0,4,0,0,20,5,2,1,1,24,1,58,408,10,1,54,268,16,1,57,412,12,1,56,296,23,3,0,8,20,6,0,5,0.4,0.24,0.36,0.36,0.24,0.41,0.19,0.65,0.17,0.11,0.71,0.18,0.16,0.61,0.23,0.2,0.65,0.15,0.09,0.57,0.34,0.06,0.62,0.32,0.07,0.56,0.38,0.07,0.6,0.32,0.22,0.43,0.35,0.25,0.44,0.3,15.5,5.4,1.4,8.8,6.66,1.7,0.4,1.2,0.1,6.66,462.2,29.5,27.9,358.7,46.0,6.66,11.5,2.3,9.3,6.66,0.5,0.0,0.2,0.0,0.0,0.5,1.2,6.66,8.7,6.2,14.9,6.66,16.3,6.8,23.1,6.66,6.6,6.66,16.3,6.66,2.2,1.2,7.9,6.66,1.8,6.66,16.0,13.5,6.66,1.7,0.1,6.66,1.4,0.1,0.9,0.4,6.66,15.5,10.7,6.66,33.8,16.8,17.1,6.66,11.4,4.4,0.7,6.3,6.5,1.3,0.2,0.9,0.2,6.5,463.5,27.0,29.8,357.8,48.9,6.5,8.7,1.6,7.2,6.5,0.3,0.0,0.2,0.0,0.0,0.6,1.1,6.5,8.8,5.4,14.3,6.5,14.8,6.6,21.5,6.5,6.9,6.5,17.6,6.5,2.7,1.5,7.7,6.5,1.5,6.5,15.8,14.8,6.5,1.5,0.1,6.5,1.8,0.1,1.1,0.6,6.5,15.9,8.3,6.5,30.9,14.8,16.2,6.5,Serie_A,2024-2025
Cagliari,24,13.6,0.451,0.789,17.4,6.52,24,0,16,8.7,0.434,0.79,14.9,6.42,39,3,11.8,14.6,6.9,12.9,1.9,6.52,14.6,13.7,7.6,13.4,1.5,6.42,13.6,3.9,5.8,11.2,6.52,8.7,2.6,6.2,9.7,6.42,29.39,22.0,-7.39,259.0,0.11,6.52,29.36,28.0,-1.36,225.0,0.13,6.52,21.8,16.0,-5.8,165.0,0.13,6.42,33.58,28.0,-5.58,278.0,0.12,6.42,12,2,8,0,2,18,2,7,1,0,8,5,0,3,0,16,1,6,5,0,22,1,56,322,17,1,52,416,18,1,50,323,19,2,47,443,21,2,0,1,33,6,0,6,0.38,0.27,0.36,0.4,0.23,0.38,0.15,0.7,0.15,0.13,0.7,0.16,0.15,0.69,0.16,0.15,0.7,0.15,0.14,0.58,0.29,0.1,0.55,0.36,0.11,0.56,0.33,0.05,0.6,0.35,0.3,0.43,0.27,0.31,0.44,0.25,13.6,3.9,1.8,7.9,6.52,1.3,0.4,0.6,0.2,6.52,372.1,23.8,31.3,269.7,47.3,6.52,9.5,2.5,7.0,6.52,0.3,0.2,0.1,0.1,0.0,0.5,0.9,6.52,8.7,5.8,14.5,6.52,14.6,5.4,20.0,6.52,6.9,6.52,22.2,6.52,3.1,1.4,5.2,6.52,1.9,6.52,11.2,12.9,6.52,1.3,0.0,6.52,2.2,0.1,1.3,0.8,6.52,16.8,7.4,6.52,35.2,17.4,17.7,6.52,8.7,2.9,0.9,4.8,6.42,0.8,0.3,0.4,0.2,6.42,368.2,19.5,29.6,271.4,47.6,6.42,6.4,1.6,4.7,6.42,0.3,0.0,0.1,0.0,0.0,0.4,0.7,6.42,8.4,6.2,14.6,6.42,13.7,5.7,19.4,6.42,7.6,6.42,22.4,6.42,3.8,1.6,5.9,6.42,1.5,6.42,9.7,13.4,6.42,2.1,0.2,6.42,2.9,0.0,1.8,1.1,6.42,14.0,8.1,6.42,30.3,14.9,15.3,6.42,Serie_A,2024-2025
Como,28,14.7,0.537,0.845,10.9,6.55,35,4,21,12.7,0.555,0.853,14.6,6.54,46,3,9.4,17.2,6.4,12.8,1.6,6.55,10.7,17.7,8.3,13.7,1.8,6.54,14.7,5.2,6.5,14.1,6.55,12.7,4.3,7.4,13.2,6.54,27.72,25.0,-2.72,280.0,0.1,6.55,24.74,26.0,1.26,179.0,0.14,6.55,22.52,19.0,-3.52,241.0,0.09,6.54,25.12,26.0,0.88,204.0,0.12,6.54,16,5,4,0,3,13,5,3,5,0,15,2,2,0,2,15,3,6,2,0,16,1,46,418,14,1,53,347,14,1,42,432,16,1,49,327,31,1,0,9,36,5,0,9,0.4,0.26,0.34,0.34,0.28,0.39,0.19,0.63,0.18,0.16,0.67,0.17,0.18,0.63,0.19,0.18,0.65,0.17,0.07,0.57,0.35,0.09,0.55,0.36,0.04,0.58,0.38,0.06,0.6,0.34,0.28,0.42,0.3,0.28,0.44,0.28,14.7,5.2,1.1,8.5,6.55,1.5,0.4,0.7,0.2,6.55,459.5,21.6,24.4,366.8,46.7,6.55,11.5,2.3,9.2,6.55,0.1,0.0,0.2,0.0,0.0,0.8,1.1,6.55,9.7,6.5,16.3,6.55,17.2,8.1,25.3,6.55,6.4,6.55,17.8,6.55,2.0,0.9,7.1,6.55,1.6,6.55,14.1,12.8,6.55,1.8,0.2,6.55,2.1,0.2,0.9,1.0,6.55,15.5,8.7,6.55,24.3,10.9,13.4,6.55,12.7,4.8,0.5,7.3,6.54,1.1,0.2,0.6,0.2,6.54,470.0,19.5,21.8,381.3,47.4,6.54,9.8,1.2,8.6,6.54,0.1,0.0,0.1,0.1,0.0,0.7,0.9,6.54,9.1,7.4,16.5,6.54,17.7,7.1,24.8,6.54,8.3,6.54,21.6,6.54,2.8,1.5,6.5,6.54,1.8,6.54,13.2,13.7,6.54,2.4,0.2,6.54,2.7,0.2,1.6,0.9,6.54,14.8,10.3,6.54,27.7,14.6,13.2,6.54,Serie_A,2024-2025
Empoli,10,9.2,0.423,0.746,15.1,6.42,26,4,23,10.3,0.391,0.744,16.3,6.47,40,3,11.5,18.1,8.7,13.7,1.7,6.42,15.6,18.2,8.3,16.3,1.3,6.47,9.2,2.8,5.5,13.5,6.42,10.3,3.1,5.7,10.7,6.47,14.35,10.0,-4.35,175.0,0.08,6.42,25.2,25.0,-0.2,219.0,0.12,6.42,23.64,21.0,-2.64,195.0,0.12,6.47,30.88,33.0,2.12,296.0,0.1,6.47,8,0,2,0,0,15,2,7,1,1,12,2,5,2,2,24,5,4,0,0,17,1,59,279,16,1,61,404,16,1,56,264,21,1,54,446,20,4,0,7,36,2,0,6,0.39,0.24,0.38,0.39,0.25,0.36,0.16,0.62,0.22,0.14,0.73,0.13,0.18,0.66,0.15,0.13,0.76,0.12,0.05,0.47,0.49,0.06,0.61,0.33,0.11,0.5,0.38,0.1,0.54,0.35,0.28,0.44,0.29,0.29,0.43,0.28,9.2,4.5,0.4,4.3,6.42,0.5,0.2,0.2,0.2,6.42,332.8,23.2,34.6,225.2,49.9,6.42,6.5,0.9,5.6,6.42,0.2,0.1,0.0,0.0,0.0,0.3,0.4,6.42,8.4,5.5,13.9,6.42,18.1,6.2,24.3,6.42,8.7,6.42,26.7,6.42,3.1,1.0,6.5,6.42,1.7,6.42,13.5,13.7,6.42,1.4,0.2,6.42,2.4,0.2,1.8,0.5,6.42,16.0,9.4,6.42,33.8,15.1,18.7,6.42,10.3,3.9,1.2,5.2,6.47,1.2,0.3,0.7,0.1,6.47,316.0,20.1,35.1,215.1,45.7,6.47,7.6,1.1,6.6,6.47,0.3,0.1,0.1,0.0,0.0,0.4,0.7,6.47,7.0,5.7,12.7,6.47,18.2,6.1,24.3,6.47,8.3,6.47,26.9,6.47,4.1,2.3,7.2,6.47,1.3,6.47,10.7,16.3,6.47,2.1,0.2,6.47,2.8,0.2,1.6,1.0,6.47,15.3,8.9,6.47,35.8,16.3,19.5,6.47,Serie_A,2024-2025
Fiorentina,32,11.6,0.478,0.817,14.1,6.67,38,0,28,11.9,0.531,0.847,13.3,6.61,40,3,10.5,14.0,7.4,11.9,2.6,6.67,12.8,13.9,7.1,11.2,2.1,6.61,11.6,4.6,7.2,15.5,6.67,11.9,4.6,7.1,13.4,6.61,28.8,31.0,2.2,221.0,0.13,6.67,20.9,18.0,-2.9,199.0,0.11,6.67,25.75,27.0,1.25,226.0,0.11,6.61,27.07,22.0,-5.07,244.0,0.11,6.61,12,8,7,4,1,14,1,2,1,0,21,0,4,2,1,18,0,4,0,1,16,1,57,343,17,1,45,391,15,1,56,401,16,1,49,350,26,7,0,5,31,3,0,11,0.37,0.26,0.37,0.37,0.28,0.35,0.17,0.64,0.18,0.2,0.67,0.14,0.17,0.63,0.2,0.18,0.7,0.12,0.05,0.62,0.33,0.06,0.56,0.38,0.06,0.53,0.41,0.07,0.6,0.33,0.28,0.44,0.27,0.29,0.46,0.27,11.6,3.8,0.6,7.2,6.67,1.7,0.2,1.2,0.3,6.67,394.5,24.5,31.3,297.7,41.1,6.67,8.6,1.9,6.7,6.67,0.3,0.2,0.1,0.1,0.1,0.6,1.1,6.67,8.4,7.2,15.6,6.67,14.0,5.6,19.6,6.67,7.4,6.67,23.3,6.67,3.1,1.3,6.2,6.67,2.6,6.67,15.5,11.9,6.67,2.0,0.0,6.67,2.5,0.3,1.1,1.2,6.67,14.2,7.8,6.67,27.9,14.1,13.8,6.67,11.9,4.9,0.7,6.3,6.61,1.5,0.3,0.8,0.3,6.61,451.0,28.1,26.2,354.0,42.7,6.61,9.1,1.2,7.8,6.61,0.3,0.0,0.0,0.0,0.0,0.7,0.9,6.61,8.9,7.1,16.0,6.61,13.9,7.1,21.0,6.61,7.1,6.61,22.8,6.61,3.4,1.5,5.9,6.61,2.1,6.61,13.4,11.2,6.61,2.1,0.2,6.61,3.2,0.1,1.9,1.2,6.61,14.0,8.3,6.61,26.1,13.3,12.7,6.61,Serie_A,2024-2025
Genoa,21,11.6,0.463,0.785,19.2,6.58,35,1,16,8.6,0.445,0.792,16.9,6.51,36,0,11.7,18.3,8.1,12.6,1.4,6.58,13.6,17.1,8.2,13.6,1.5,6.51,11.6,4.1,5.2,12.3,6.58,8.6,2.3,4.6,11.3,6.51,22.78,21.0,-1.78,221.0,0.1,6.58,26.27,24.0,-2.27,222.0,0.12,6.58,17.91,14.0,-3.91,164.0,0.11,6.51,27.57,22.0,-5.57,258.0,0.11,6.51,13,0,8,0,0,15,0,4,5,1,11,0,3,0,2,12,4,5,1,2,19,1,49,322,16,1,50,388,15,1,51,331,20,1,53,421,26,5,0,5,31,2,0,3,0.35,0.26,0.39,0.37,0.24,0.39,0.14,0.73,0.14,0.18,0.62,0.2,0.14,0.72,0.14,0.18,0.66,0.17,0.04,0.66,0.3,0.06,0.56,0.38,0.05,0.57,0.38,0.08,0.56,0.36,0.28,0.43,0.29,0.31,0.45,0.24,11.6,3.5,0.4,7.7,6.58,1.1,0.1,0.9,0.1,6.58,367.4,20.2,28.3,268.3,50.6,6.58,8.5,1.8,6.7,6.58,0.4,0.1,0.1,0.1,0.0,0.4,0.9,6.58,7.7,5.2,12.9,6.58,18.3,7.5,25.8,6.58,8.1,6.58,20.9,6.58,2.9,0.8,7.3,6.58,1.4,6.58,12.3,12.6,6.58,1.8,0.1,6.58,2.8,0.2,1.7,0.9,6.58,14.8,7.8,6.58,37.9,19.2,18.7,6.58,8.6,3.3,0.5,4.9,6.51,0.8,0.1,0.6,0.1,6.51,377.4,21.9,28.5,276.9,50.1,6.51,6.5,1.5,5.0,6.51,0.4,0.2,0.1,0.0,0.0,0.1,0.5,6.51,9.1,4.6,13.7,6.51,17.1,7.4,24.5,6.51,8.2,6.51,26.4,6.51,3.7,2.2,8.3,6.51,1.5,6.51,11.3,13.6,6.51,1.9,0.0,6.51,3.1,0.2,1.7,1.2,6.51,16.4,7.4,6.51,35.6,16.9,18.7,6.51,Serie_A,2024-2025
Inter,40,16.5,0.61,0.883,16.7,6.73,22,0,39,13.7,0.591,0.88,15.9,6.81,32,1,9.4,13.8,5.9,10.6,2.1,6.73,11.6,12.8,6.0,11.4,2.7,6.81,16.5,5.2,4.1,10.6,6.73,13.7,4.9,4.3,10.7,6.81,40.7,37.0,-3.7,314.0,0.13,6.73,21.79,20.0,-1.79,179.0,0.12,6.73,34.89,39.0,4.11,260.0,0.13,6.81,20.62,14.0,-6.62,220.0,0.09,6.81,19,3,11,4,3,14,1,2,3,1,27,2,6,4,0,8,1,5,0,0,22,2,42,521,14,1,47,314,17,2,47,502,17,0,47,328,18,2,0,2,26,2,0,6,0.41,0.28,0.31,0.38,0.29,0.33,0.18,0.68,0.14,0.22,0.61,0.18,0.13,0.75,0.12,0.18,0.65,0.17,0.11,0.59,0.3,0.07,0.58,0.35,0.09,0.63,0.29,0.05,0.63,0.32,0.25,0.43,0.32,0.28,0.45,0.27,16.5,5.0,1.7,9.8,6.73,2.1,0.5,1.2,0.2,6.73,558.9,23.9,17.4,469.5,48.1,6.73,12.6,1.6,11.0,6.73,0.5,0.2,0.1,0.1,0.0,0.8,1.4,6.73,6.1,4.1,10.2,6.73,13.8,4.8,18.6,6.73,5.9,6.73,14.4,6.73,2.4,1.3,6.1,6.73,2.1,6.73,10.6,10.6,6.73,1.2,0.0,6.73,2.4,0.2,1.4,0.8,6.73,11.1,6.3,6.73,27.3,16.7,10.6,6.73,13.7,3.9,1.2,8.5,6.81,2.1,0.4,1.5,0.2,6.81,544.5,26.9,19.7,452.1,45.7,6.81,10.4,1.8,8.6,6.81,0.4,0.1,0.3,0.0,0.0,0.9,1.6,6.81,7.0,4.3,11.3,6.81,12.8,6.4,19.2,6.81,6.0,6.81,18.9,6.81,4.3,1.6,6.0,6.81,2.7,6.81,10.7,11.4,6.81,1.7,0.1,6.81,2.7,0.1,1.7,0.9,6.81,11.2,6.4,6.81,28.1,15.9,12.2,6.81,Serie_A,2024-2025
Juventus,31,15.6,0.596,0.882,13.5,6.76,29,2,27,11.5,0.562,0.879,11.2,6.63,36,1,9.6,15.7,5.9,12.5,1.4,6.76,11.4,16.2,5.4,12.7,1.3,6.63,15.6,5.3,8.2,9.9,6.76,11.5,4.6,8.1,9.9,6.63,30.51,30.0,-0.51,296.0,0.1,6.76,16.77,15.0,-1.77,183.0,0.09,6.76,26.73,26.0,-0.73,219.0,0.12,6.63,20.54,20.0,-0.54,216.0,0.1,6.63,16,9,3,2,1,8,1,4,2,0,18,2,2,4,1,11,2,4,3,0,18,1,42,494,14,1,46,315,15,1,42,469,21,1,47,343,26,2,0,4,29,1,0,7,0.42,0.26,0.32,0.38,0.25,0.37,0.2,0.63,0.17,0.14,0.7,0.16,0.22,0.61,0.17,0.11,0.7,0.19,0.06,0.63,0.31,0.07,0.52,0.42,0.08,0.58,0.34,0.07,0.58,0.35,0.26,0.43,0.3,0.29,0.44,0.27,15.6,4.9,0.9,9.8,6.76,1.6,0.3,1.1,0.2,6.76,531.5,22.9,18.4,445.8,44.3,6.76,11.8,1.7,10.1,6.76,0.1,0.0,0.1,0.0,0.0,1.0,1.2,6.76,9.6,8.2,17.8,6.76,15.7,5.2,20.9,6.76,5.9,6.76,15.3,6.76,3.6,1.2,7.3,6.76,1.4,6.76,9.9,12.5,6.76,1.5,0.1,6.76,1.8,0.1,0.8,0.9,6.76,15.0,7.1,6.76,25.6,13.5,12.2,6.76,11.5,3.9,0.8,6.7,6.63,1.4,0.3,0.8,0.2,6.63,506.9,22.8,19.3,422.8,42.1,6.63,8.9,1.3,7.6,6.63,0.2,0.1,0.1,0.0,0.1,0.6,0.9,6.63,8.7,8.1,16.8,6.63,16.2,5.7,21.9,6.63,5.4,6.63,20.5,6.63,3.7,1.8,6.6,6.63,1.3,6.63,9.9,12.7,6.63,1.9,0.1,6.63,2.6,0.2,1.5,0.9,6.63,14.9,8.4,6.63,23.8,11.2,12.6,6.63,Serie_A,2024-2025
Lazio,33,15.3,0.566,0.873,12.5,6.6,45,2,28,12.9,0.534,0.863,13.3,6.63,44,5,8.6,13.9,8.1,11.0,1.3,6.6,11.6,13.4,7.5,11.4,1.1,6.63,15.3,5.5,7.5,12.1,6.6,12.9,5.1,8.1,13.4,6.63,36.3,32.0,-4.3,290.0,0.13,6.6,18.77,25.0,6.23,163.0,0.12,6.6,29.62,28.0,-1.62,245.0,0.12,6.63,24.55,22.0,-2.55,221.0,0.11,6.63,21,2,7,2,1,21,0,2,2,1,17,3,4,4,0,13,2,5,2,1,26,2,45,433,14,1,43,330,20,2,49,416,20,1,41,362,30,2,0,16,38,3,0,10,0.38,0.26,0.36,0.39,0.25,0.35,0.16,0.69,0.15,0.14,0.7,0.16,0.19,0.66,0.15,0.15,0.7,0.14,0.09,0.55,0.36,0.1,0.56,0.34,0.06,0.58,0.36,0.05,0.61,0.35,0.23,0.44,0.33,0.29,0.44,0.27,15.3,5.5,1.4,8.4,6.6,1.7,0.5,1.1,0.1,6.6,475.3,24.6,20.1,390.4,40.2,6.6,11.6,1.4,10.3,6.6,0.3,0.1,0.1,0.1,0.0,0.8,1.2,6.6,7.9,7.5,15.4,6.6,13.9,6.6,20.5,6.6,8.1,6.6,14.3,6.6,1.9,1.7,6.2,6.6,1.3,6.6,12.1,11.0,6.6,2.4,0.1,6.6,1.5,0.1,0.9,0.5,6.6,12.9,7.3,6.6,26.2,12.5,13.7,6.6,12.9,4.6,0.7,7.5,6.63,1.5,0.3,1.2,0.1,6.63,462.1,26.9,22.0,371.6,41.5,6.63,9.6,1.7,7.9,6.63,0.3,0.1,0.2,0.1,0.0,0.6,1.1,6.63,9.6,8.1,17.6,6.63,13.4,6.6,20.0,6.63,7.5,6.63,20.5,6.63,2.8,2.1,5.6,6.63,1.1,6.63,13.4,11.4,6.63,2.3,0.3,6.63,2.3,0.1,1.5,0.8,6.63,11.7,9.1,6.63,26.3,13.3,13.0,6.63,Serie_A,2024-2025
Lecce,13,13.1,0.448,0.79,18.5,6.48,23,4,14,10.8,0.42,0.78,18.3,6.52,36,3,12.4,17.2,7.8,11.7,1.7,6.48,15.5,15.8,7.2,12.8,1.0,6.52,13.1,3.5,6.2,12.8,6.48,10.8,3.1,6.3,9.6,6.52,21.26,13.0,-8.26,248.0,0.09,6.48,29.14,28.0,-1.14,236.0,0.12,6.48,17.94,14.0,-3.94,206.0,0.09,6.52,35.02,27.0,-8.02,295.0,0.12,6.52,7,2,4,0,0,18,0,5,5,3,7,2,2,3,0,17,1,6,3,0,19,1,55,308,16,1,51,404,14,1,58,299,25,2,48,439,17,2,0,8,31,2,0,7,0.36,0.26,0.38,0.37,0.27,0.36,0.21,0.67,0.12,0.12,0.71,0.17,0.17,0.65,0.18,0.2,0.69,0.11,0.06,0.52,0.41,0.07,0.55,0.38,0.05,0.48,0.48,0.09,0.61,0.3,0.28,0.44,0.28,0.33,0.44,0.22,13.1,5.4,0.8,6.8,6.48,0.7,0.2,0.3,0.2,6.48,358.5,24.4,29.7,258.9,45.5,6.48,9.1,1.8,7.3,6.48,0.2,0.1,0.1,0.0,0.0,0.3,0.6,6.48,9.1,6.2,15.3,6.48,17.2,8.3,25.5,6.48,7.8,6.48,22.2,6.48,3.6,1.3,6.8,6.48,1.7,6.48,12.8,11.7,6.48,1.2,0.2,6.48,3.1,0.1,1.9,1.1,6.48,15.0,7.9,6.48,34.3,18.5,15.8,6.48,10.8,5.2,0.5,5.2,6.52,0.7,0.0,0.7,0.0,6.52,353.7,24.7,33.0,251.3,44.7,6.52,7.8,2.0,5.8,6.52,0.1,0.0,0.1,0.1,0.1,0.3,0.5,6.52,7.3,6.3,13.5,6.52,15.8,6.6,22.4,6.52,7.2,6.52,29.9,6.52,4.0,2.6,7.0,6.52,1.0,6.52,9.6,12.8,6.52,1.9,0.2,6.52,3.5,0.2,1.9,1.4,6.52,15.1,7.4,6.52,37.9,18.3,19.6,6.52,Serie_A,2024-2025
Monza,13,10.5,0.497,0.844,16.0,6.41,39,2,15,7.2,0.465,0.826,15.2,6.36,46,1,13.7,14.6,8.0,13.7,1.4,6.41,16.2,14.8,8.1,13.2,1.4,6.36,10.5,2.9,6.3,14.4,6.41,7.2,2.5,5.2,13.4,6.36,17.22,13.0,-4.22,200.0,0.09,6.41,29.91,29.0,-0.91,260.0,0.12,6.41,15.08,14.0,-1.08,136.0,0.11,6.36,35.11,37.0,1.89,307.0,0.11,6.36,10,1,1,1,0,19,5,4,1,2,9,2,1,2,1,22,3,11,1,1,20,1,50,396,17,1,45,407,15,1,51,356,19,1,47,418,29,4,0,9,40,3,0,5,0.38,0.27,0.35,0.39,0.26,0.35,0.15,0.68,0.18,0.2,0.63,0.17,0.18,0.61,0.21,0.16,0.68,0.16,0.05,0.57,0.39,0.07,0.62,0.31,0.07,0.53,0.4,0.09,0.58,0.33,0.3,0.45,0.25,0.35,0.44,0.21,10.5,4.0,0.5,6.0,6.41,0.7,0.1,0.6,0.0,6.41,439.9,26.1,23.8,345.4,44.6,6.41,7.4,1.4,6.1,6.41,0.2,0.0,0.1,0.0,0.0,0.1,0.4,6.41,7.0,6.3,13.3,6.41,14.6,5.8,20.5,6.41,8.0,6.41,20.1,6.41,3.1,1.5,6.4,6.41,1.4,6.41,14.4,13.7,6.41,2.1,0.1,6.41,3.2,0.2,2.2,0.8,6.41,13.8,8.6,6.41,31.3,16.0,15.3,6.41,7.2,2.9,0.5,3.8,6.36,0.8,0.2,0.5,0.1,6.36,402.5,22.4,28.1,310.1,41.9,6.36,5.5,0.8,4.6,6.36,0.2,0.1,0.1,0.0,0.0,0.3,0.5,6.36,8.1,5.2,13.3,6.36,14.8,6.2,20.9,6.36,8.1,6.36,23.1,6.36,5.2,1.9,5.5,6.36,1.4,6.36,13.4,13.2,6.36,2.4,0.1,6.36,3.0,0.2,1.9,0.9,6.36,13.0,9.0,6.36,32.4,15.2,17.2,6.36,Serie_A,2024-2025
Napoli,32,16.3,0.563,0.878,13.3,6.75,22,0,27,10.2,0.523,0.85,15.4,6.72,26,0,8.4,13.4,7.0,10.3,1.1,6.75,10.8,14.8,7.2,11.6,1.8,6.72,16.3,5.0,6.5,9.9,6.75,10.2,3.3,6.3,13.5,6.72,35.86,31.0,-4.86,310.0,0.12,6.75,15.28,12.0,-3.28,159.0,0.1,6.75,21.45,25.0,3.55,194.0,0.11,6.72,16.69,13.0,-3.69,205.0,0.08,6.72,26,0,3,2,1,8,2,1,1,1,18,0,5,2,2,10,2,1,0,1,21,2,40,477,11,1,48,360,15,1,44,417,19,1,48,366,15,4,0,3,22,0,0,4,0.33,0.27,0.4,0.35,0.24,0.41,0.18,0.68,0.15,0.16,0.65,0.19,0.14,0.67,0.19,0.19,0.61,0.19,0.08,0.61,0.32,0.07,0.43,0.5,0.09,0.63,0.28,0.04,0.58,0.38,0.25,0.46,0.3,0.3,0.44,0.26,16.3,5.2,1.3,9.9,6.75,1.7,0.2,1.3,0.2,6.75,515.1,22.7,17.3,429.6,45.5,6.75,12.7,2.0,10.7,6.75,0.3,0.1,0.3,0.1,0.0,0.6,1.3,6.75,9.3,6.5,15.8,6.75,13.4,5.2,18.6,6.75,7.0,6.75,17.4,6.75,2.5,1.2,5.8,6.75,1.1,6.75,9.9,10.3,6.75,1.2,0.0,6.75,1.3,0.0,0.6,0.6,6.75,11.4,7.6,6.75,25.1,13.3,11.8,6.75,10.2,2.8,0.9,6.4,6.72,1.4,0.2,0.9,0.2,6.72,455.7,23.6,20.0,363.6,48.4,6.72,7.9,1.5,6.5,6.72,0.3,0.1,0.2,0.1,0.0,0.5,0.9,6.72,10.0,6.3,16.3,6.72,14.8,5.9,20.7,6.72,7.2,6.72,23.5,6.72,2.8,1.3,5.6,6.72,1.8,6.72,13.5,11.6,6.72,1.4,0.0,6.72,2.5,0.0,1.8,0.6,6.72,13.5,9.5,6.72,28.5,15.4,13.1,6.72,Serie_A,2024-2025
Parma Calcio 1913,25,11.6,0.436,0.801,14.5,6.53,38,2,19,10.7,0.448,0.819,12.9,6.48,34,4,13.4,13.9,7.5,11.2,0.7,6.53,15.2,13.6,7.2,10.2,0.9,6.48,11.6,4.1,6.8,12.6,6.53,10.7,3.7,6.3,11.5,6.48,28.08,25.0,-3.08,221.0,0.13,6.53,31.57,27.0,-4.57,254.0,0.12,6.53,19.32,18.0,-1.32,204.0,0.09,6.48,32.76,29.0,-3.76,288.0,0.11,6.48,13,3,4,5,0,19,3,4,1,1,9,3,5,1,1,16,3,6,4,1,11,1,50,325,22,1,48,431,12,1,51,350,23,2,45,442,32,1,0,8,28,1,0,11,0.35,0.27,0.38,0.33,0.26,0.41,0.18,0.65,0.17,0.15,0.66,0.19,0.16,0.69,0.15,0.2,0.63,0.17,0.06,0.57,0.38,0.07,0.6,0.33,0.04,0.51,0.45,0.06,0.63,0.31,0.3,0.43,0.27,0.31,0.42,0.27,11.6,4.4,0.7,6.6,6.53,1.3,0.2,1.0,0.2,6.53,370.7,20.9,27.9,275.9,46.0,6.53,8.5,1.1,7.5,6.53,0.3,0.1,0.0,0.0,0.0,0.6,0.9,6.53,8.4,6.8,15.3,6.53,13.9,6.1,20.1,6.53,7.5,6.53,24.3,6.53,3.3,2.0,6.7,6.53,0.7,6.53,12.6,11.2,6.53,2.0,0.1,6.53,2.5,0.1,1.8,0.5,6.53,14.1,7.7,6.53,28.4,14.5,13.9,6.53,10.7,4.8,0.4,5.5,6.48,1.0,0.0,0.8,0.1,6.48,395.3,21.4,28.5,302.5,42.9,6.48,8.1,1.3,6.8,6.48,0.2,0.0,0.0,0.1,0.0,0.5,0.7,6.48,9.4,6.3,15.6,6.48,13.6,6.6,20.2,6.48,7.2,6.48,24.2,6.48,4.7,1.9,8.1,6.48,0.9,6.48,11.5,10.2,6.48,1.8,0.2,6.48,2.9,0.0,2.2,0.7,6.48,14.7,7.9,6.48,26.0,12.9,13.1,6.48,Serie_A,2024-2025
Roma,37,14.5,0.545,0.868,11.7,6.79,29,0,19,12.9,0.532,0.852,12.2,6.56,35,1,10.5,13.9,8.2,10.0,1.0,6.79,12.7,15.1,6.7,11.4,2.1,6.56,14.5,4.8,5.5,12.7,6.79,12.9,4.4,5.5,12.8,6.56,29.59,36.0,6.41,276.0,0.11,6.79,22.26,15.0,-7.26,199.0,0.11,6.79,29.9,19.0,-10.9,245.0,0.12,6.56,26.31,19.0,-7.31,242.0,0.11,6.56,24,1,8,3,1,8,1,4,2,0,11,0,3,5,0,6,7,4,2,1,17,2,47,473,14,1,47,386,16,1,48,427,18,1,46,367,21,5,0,3,30,1,0,6,0.37,0.25,0.38,0.33,0.28,0.39,0.17,0.66,0.17,0.15,0.7,0.16,0.12,0.71,0.18,0.17,0.65,0.18,0.08,0.58,0.34,0.07,0.58,0.35,0.05,0.58,0.37,0.09,0.51,0.4,0.25,0.46,0.3,0.28,0.43,0.29,14.5,5.0,1.1,8.4,6.79,1.9,0.5,1.1,0.3,6.79,516.4,22.3,24.0,425.9,44.3,6.79,10.9,2.4,8.5,6.79,0.5,0.2,0.1,0.0,0.0,0.7,1.3,6.79,9.4,5.5,14.9,6.79,13.9,5.5,19.4,6.79,8.2,6.79,14.8,6.79,2.9,0.9,5.5,6.79,1.0,6.79,12.7,10.0,6.79,1.5,0.0,6.79,3.1,0.1,1.8,1.2,6.79,14.2,7.5,6.79,23.9,11.7,12.2,6.79,12.9,4.8,0.6,7.5,6.56,1.0,0.1,0.6,0.3,6.56,468.4,22.2,25.2,376.7,44.4,6.56,9.6,1.5,8.1,6.56,0.2,0.0,0.0,0.0,0.0,0.4,0.5,6.56,9.2,5.5,14.7,6.56,15.1,5.8,20.9,6.56,6.7,6.56,22.3,6.56,2.8,1.7,6.1,6.56,2.1,6.56,12.8,11.4,6.56,1.8,0.1,6.56,3.2,0.2,1.5,1.5,6.56,14.5,7.4,6.56,25.6,12.2,13.4,6.56,Serie_A,2024-2025
Torino,17,10.9,0.487,0.825,14.5,6.52,32,1,22,9.4,0.463,0.816,14.8,6.47,46,2,13.4,13.0,7.2,12.3,1.9,6.52,14.4,11.6,7.4,13.1,1.1,6.47,10.9,3.3,4.6,11.1,6.52,9.4,3.6,4.3,9.2,6.47,19.62,15.0,-4.62,208.0,0.09,6.52,27.94,18.0,-9.94,255.0,0.11,6.52,19.56,21.0,1.44,179.0,0.11,6.47,29.25,25.0,-4.25,274.0,0.11,6.47,10,1,3,1,2,13,0,3,2,0,12,3,5,1,1,17,0,7,1,2,21,1,50,367,17,1,55,388,15,1,52,353,23,1,51,413,27,2,0,4,37,4,0,8,0.37,0.28,0.36,0.35,0.29,0.37,0.19,0.7,0.1,0.15,0.66,0.19,0.17,0.72,0.11,0.18,0.66,0.16,0.07,0.56,0.37,0.06,0.6,0.34,0.08,0.52,0.4,0.09,0.54,0.37,0.27,0.43,0.29,0.3,0.43,0.27,10.9,4.1,0.7,6.2,6.52,0.9,0.1,0.6,0.1,6.52,410.9,21.7,27.6,317.3,44.3,6.52,8.2,1.8,6.4,6.52,0.1,0.1,0.1,0.1,0.0,0.3,0.4,6.52,7.5,4.6,12.1,6.52,13.0,5.3,18.3,6.52,7.2,6.52,19.7,6.52,2.5,1.5,5.8,6.52,1.9,6.52,11.1,12.3,6.52,1.7,0.1,6.52,4.1,0.1,2.8,1.1,6.52,14.3,6.8,6.52,29.9,14.5,15.4,6.52,9.4,3.8,0.7,4.9,6.47,1.2,0.2,0.7,0.2,6.47,399.8,23.4,27.3,302.9,46.1,6.47,6.4,1.0,5.4,6.47,0.1,0.1,0.1,0.1,0.0,0.5,0.7,6.47,7.4,4.3,11.7,6.47,11.6,5.5,17.2,6.47,7.4,6.47,24.5,6.47,4.5,2.2,4.9,6.47,1.1,6.47,9.2,13.1,6.47,2.4,0.1,6.47,3.2,0.2,1.7,1.2,6.47,11.5,7.5,6.47,29.7,14.8,14.9,6.47,Serie_A,2024-2025
Udinese,22,11.9,0.467,0.825,13.4,6.56,35,3,19,10.9,0.476,0.814,15.7,6.47,47,2,12.8,15.3,7.8,14.8,1.2,6.56,13.7,14.3,8.1,13.8,1.5,6.47,11.9,3.8,7.6,10.1,6.56,10.9,3.7,7.2,9.9,6.47,22.6,22.0,-0.6,227.0,0.1,6.56,29.01,24.0,-5.01,243.0,0.12,6.56,21.33,19.0,-2.33,207.0,0.1,6.47,29.68,27.0,-2.68,261.0,0.11,6.47,9,3,9,1,0,15,1,6,2,3,13,2,3,1,0,14,3,5,5,2,18,1,49,341,18,1,51,395,18,1,56,338,17,2,51,385,35,3,0,2,34,3,0,13,0.37,0.25,0.39,0.34,0.26,0.4,0.13,0.67,0.19,0.21,0.71,0.09,0.14,0.67,0.19,0.21,0.64,0.16,0.07,0.51,0.41,0.12,0.6,0.29,0.11,0.56,0.34,0.1,0.6,0.3,0.27,0.45,0.29,0.3,0.42,0.29,11.9,4.9,0.9,6.1,6.56,1.2,0.3,0.8,0.1,6.56,386.8,23.4,25.2,295.8,42.4,6.56,8.8,1.7,7.1,6.56,0.4,0.1,0.0,0.1,0.0,0.3,0.7,6.56,9.0,7.6,16.6,6.56,15.3,6.1,21.4,6.56,7.8,6.56,21.6,6.56,3.2,2.1,6.1,6.56,1.2,6.56,10.1,14.8,6.56,1.8,0.2,6.56,2.9,0.3,2.0,0.7,6.56,14.0,8.6,6.56,26.4,13.4,13.0,6.56,10.9,3.7,1.2,6.1,6.47,1.0,0.3,0.4,0.3,6.47,390.0,25.7,29.8,291.8,42.6,6.47,7.7,1.3,6.4,6.47,0.3,0.2,0.1,0.0,0.0,0.4,0.7,6.47,9.0,7.2,16.2,6.47,14.3,5.9,20.3,6.47,8.1,6.47,23.3,6.47,4.2,1.5,7.4,6.47,1.5,6.47,9.9,13.8,6.47,2.5,0.1,6.47,3.0,0.3,1.8,0.9,6.47,15.4,6.9,6.47,29.8,15.7,14.2,6.47,Serie_A,2024-2025
Venezia,17,11.1,0.463,0.789,13.6,6.49,35,1,15,9.3,0.429,0.778,13.2,6.36,36,1,13.3,15.4,8.4,13.2,1.7,6.49,16.6,16.4,6.3,13.3,1.4,6.36,11.1,3.9,6.8,12.4,6.49,9.3,2.8,6.2,11.3,6.36,23.39,17.0,-6.39,210.0,0.11,6.49,26.17,21.0,-5.17,252.0,0.1,6.49,20.34,14.0,-6.34,176.0,0.12,6.36,38.34,32.0,-6.34,315.0,0.12,6.36,11,1,3,2,0,10,4,5,2,1,4,0,8,2,1,18,0,6,8,2,15,1,49,330,19,1,56,382,13,1,48,299,22,1,54,404,33,3,0,1,26,4,0,8,0.33,0.28,0.39,0.36,0.26,0.38,0.19,0.66,0.15,0.18,0.66,0.16,0.12,0.73,0.15,0.21,0.65,0.14,0.05,0.55,0.41,0.06,0.63,0.31,0.06,0.52,0.42,0.09,0.54,0.37,0.29,0.4,0.29,0.32,0.43,0.25,11.1,4.5,0.5,6.0,6.49,0.9,0.2,0.5,0.2,6.49,375.4,19.0,30.1,277.3,49.1,6.49,7.8,1.4,6.4,6.49,0.1,0.0,0.0,0.0,0.0,0.3,0.4,6.49,9.3,6.8,16.2,6.49,15.4,7.4,22.8,6.49,8.4,6.49,21.6,6.49,3.8,1.3,8.1,6.49,1.7,6.49,12.4,13.2,6.49,1.8,0.1,6.49,3.2,0.1,1.9,1.2,6.49,15.3,11.1,6.49,29.4,13.6,15.8,6.49,9.3,3.9,0.6,4.8,6.36,0.8,0.2,0.5,0.1,6.36,342.5,18.7,29.2,247.8,46.7,6.36,7.1,1.1,6.1,6.36,0.2,0.1,0.0,0.1,0.0,0.2,0.4,6.36,9.3,6.2,15.5,6.36,16.4,7.6,24.1,6.36,6.3,6.36,24.3,6.36,3.8,2.4,7.4,6.36,1.4,6.36,11.3,13.3,6.36,1.9,0.1,6.36,3.9,0.1,2.2,1.6,6.36,17.4,9.8,6.36,30.8,13.2,17.6,6.36,Serie_A,2024-2025
Verona,15,10.9,0.401,0.765,16.7,6.37,43,6,19,8.8,0.361,0.739,19.6,6.49,43,4,11.9,16.1,9.0,14.1,1.3,6.37,14.7,19.3,8.3,16.4,1.6,6.49,10.9,2.7,5.9,9.4,6.37,8.8,2.5,6.1,9.1,6.49,21.22,14.0,-7.22,208.0,0.1,6.37,26.63,36.0,9.37,226.0,0.12,6.37,17.58,17.0,-0.58,167.0,0.11,6.49,31.05,29.0,-2.05,279.0,0.11,6.49,9,2,3,0,1,26,4,5,1,0,10,2,3,2,2,20,3,5,1,1,17,1,54,289,15,1,48,474,12,1,55,245,21,1,50,482,39,3,0,10,38,1,0,11,0.36,0.27,0.37,0.4,0.24,0.36,0.15,0.7,0.15,0.14,0.72,0.14,0.24,0.62,0.15,0.17,0.68,0.15,0.13,0.5,0.37,0.07,0.51,0.42,0.05,0.58,0.37,0.09,0.48,0.43,0.25,0.47,0.28,0.32,0.45,0.24,10.9,4.1,1.4,5.5,6.37,0.8,0.2,0.4,0.1,6.37,339.7,19.7,34.2,240.1,45.7,6.37,8.2,1.8,6.4,6.37,0.2,0.1,0.1,0.1,0.0,0.2,0.5,6.37,7.3,5.9,13.2,6.37,16.1,7.0,23.1,6.37,9.0,6.37,21.6,6.37,2.6,1.0,6.9,6.37,1.3,6.37,9.4,14.1,6.37,2.3,0.3,6.37,2.3,0.1,1.1,1.2,6.37,14.8,6.7,6.37,36.0,16.7,19.3,6.37,8.8,3.3,0.4,5.1,6.49,1.0,0.2,0.5,0.2,6.49,297.4,20.1,34.2,199.7,43.4,6.49,6.4,1.2,5.2,6.49,0.1,0.0,0.1,0.0,0.0,0.4,0.5,6.49,7.5,6.1,13.6,6.49,19.3,7.8,27.1,6.49,8.3,6.49,29.0,6.49,3.8,1.5,7.3,6.49,1.6,6.49,9.1,16.4,6.49,2.3,0.2,6.49,3.3,0.3,1.6,1.5,6.49,13.3,6.7,6.49,38.0,19.6,18.4,6.49,Serie_A,2024-2025
AC Milan,22,15.9,0.541,0.884,12.1,6.7,31,1,26,10.5,0.504,0.866,10.6,6.67,21,2,9.9,15.1,6.8,10.5,1.6,6.7,12.5,14.1,6.1,9.5,2.1,6.67,15.9,4.8,7.2,11.5,6.7,10.5,3.7,5.7,10.9,6.67,31.39,22.0,-9.39,270.0,0.12,6.7,19.75,15.0,-4.75,168.0,0.12,6.7,28.49,26.0,-2.49,189.0,0.15,6.67,22.71,13.0,-9.71,225.0,0.1,6.67,14,2,4,2,0,8,1,3,3,1,14,4,5,3,0,7,1,3,2,0,19,2,40,466,19,0,43,384,15,2,44,437,22,1,44,423,20,2,0,10,19,1,0,5,0.39,0.27,0.33,0.37,0.28,0.35,0.14,0.71,0.14,0.17,0.69,0.14,0.12,0.77,0.11,0.17,0.66,0.17,0.12,0.57,0.31,0.08,0.53,0.39,0.07,0.64,0.29,0.09,0.51,0.4,0.26,0.44,0.3,0.31,0.44,0.26,15.9,4.9,1.8,9.1,6.7,1.3,0.5,0.5,0.3,6.7,501.2,21.5,17.4,421.4,40.9,6.7,12.6,1.7,10.9,6.7,0.2,0.0,0.1,0.0,0.0,0.8,1.0,6.7,11.8,7.2,18.9,6.7,15.1,5.2,20.2,6.7,6.8,6.7,19.3,6.7,2.4,1.2,5.1,6.7,1.6,6.7,11.5,10.5,6.7,1.8,0.1,6.7,2.4,0.2,1.3,0.9,6.7,14.4,6.3,6.7,22.1,12.1,10.0,6.7,10.5,3.1,0.7,6.7,6.67,1.4,0.2,1.1,0.2,6.67,476.5,23.3,20.5,389.2,43.5,6.67,7.8,1.2,6.7,6.67,0.3,0.0,0.2,0.1,0.0,0.4,0.9,6.67,9.2,5.7,14.9,6.67,14.1,6.1,20.2,6.67,6.1,6.67,24.2,6.67,3.6,2.3,5.9,6.67,2.1,6.67,10.9,9.5,6.67,1.2,0.1,6.67,3.0,0.3,1.7,1.1,6.67,13.0,6.8,6.67,21.8,10.6,11.2,6.67,Serie_A,2025-2026
Atalanta,25,17.5,0.563,0.852,14.1,6.71,23,0,22,12.2,0.545,0.843,15.3,6.65,29,2,10.1,15.3,8.2,11.1,1.7,6.71,13.2,15.8,7.6,11.9,2.2,6.65,17.5,5.3,8.9,10.4,6.71,12.2,4.0,6.9,9.0,6.65,37.79,25.0,-12.79,315.0,0.12,6.71,19.03,13.0,-6.03,182.0,0.1,6.71,26.1,22.0,-4.1,207.0,0.13,6.65,28.28,18.0,-10.28,224.0,0.13,6.65,16,1,7,1,0,7,1,4,1,1,14,3,3,2,0,9,3,6,0,0,22,1,52,457,13,1,54,346,17,1,53,440,19,1,51,355,21,0,0,2,26,2,0,4,0.34,0.28,0.39,0.33,0.27,0.4,0.14,0.7,0.16,0.13,0.72,0.15,0.12,0.74,0.14,0.15,0.69,0.16,0.1,0.56,0.34,0.06,0.57,0.37,0.09,0.59,0.33,0.08,0.57,0.35,0.25,0.42,0.34,0.3,0.42,0.28,17.5,5.9,1.7,9.8,6.71,1.4,0.4,0.8,0.2,6.71,504.3,26.9,23.9,402.9,50.5,6.71,12.9,1.8,11.1,6.71,0.3,0.2,0.0,0.0,0.0,0.6,0.9,6.71,10.6,8.9,19.5,6.71,15.3,6.4,21.7,6.71,8.2,6.71,19.2,6.71,2.7,1.1,5.8,6.71,1.7,6.71,10.4,11.1,6.71,1.3,0.0,6.71,1.8,0.2,1.2,0.5,6.71,15.5,8.8,6.71,29.8,14.1,15.8,6.71,12.2,4.0,1.1,7.1,6.65,1.3,0.2,0.9,0.2,6.65,486.6,25.4,27.1,384.7,49.5,6.65,9.4,1.1,8.4,6.65,0.2,0.1,0.0,0.0,0.0,0.7,0.9,6.65,9.5,6.9,16.4,6.65,15.8,5.9,21.7,6.65,7.6,6.65,24.1,6.65,3.2,1.9,6.2,6.65,2.2,6.65,9.0,11.9,6.65,1.7,0.1,6.65,4.1,0.2,2.8,1.1,6.65,14.8,6.8,6.65,30.4,15.3,15.1,6.65,Serie_A,2025-2026
Bologna,16,14.9,0.57,0.836,15.6,6.55,25,2,26,11.2,0.54,0.821,14.5,6.57,33,4,8.7,15.7,7.5,12.6,1.9,6.55,11.6,13.1,6.8,14.2,2.1,6.57,14.9,3.8,6.8,14.0,6.55,11.2,3.8,6.2,14.1,6.57,25.03,16.0,-9.03,269.0,0.09,6.55,22.93,20.0,-2.93,157.0,0.15,6.55,21.36,25.0,3.64,190.0,0.11,6.57,25.67,20.0,-5.67,197.0,0.13,6.57,9,1,3,3,0,11,5,3,1,0,19,1,4,1,1,9,2,6,3,1,23,1,61,406,12,1,57,301,14,1,67,365,16,1,55,309,19,1,0,7,28,2,0,9,0.39,0.25,0.36,0.41,0.25,0.34,0.17,0.63,0.19,0.14,0.69,0.17,0.15,0.59,0.27,0.17,0.66,0.17,0.05,0.58,0.37,0.1,0.55,0.36,0.08,0.56,0.36,0.11,0.58,0.31,0.24,0.44,0.32,0.29,0.44,0.27,14.9,5.6,0.7,8.7,6.55,0.9,0.2,0.6,0.2,6.55,461.3,30.6,29.2,355.2,46.4,6.55,11.4,2.1,9.4,6.55,0.3,0.0,0.0,0.0,0.0,0.3,0.6,6.55,9.4,6.8,16.2,6.55,15.7,5.2,20.9,6.55,7.5,6.55,20.1,6.55,2.6,0.9,6.8,6.55,1.9,6.55,14.0,12.6,6.55,1.4,0.1,6.55,2.0,0.1,1.4,0.5,6.55,16.0,7.7,6.55,29.3,15.6,13.7,6.55,11.2,4.1,0.9,6.2,6.57,1.5,0.4,0.8,0.2,6.57,425.8,31.9,33.5,317.8,42.6,6.57,8.6,1.8,6.8,6.57,0.2,0.0,0.0,0.1,0.0,0.8,1.0,6.57,8.5,6.2,14.6,6.57,13.1,5.9,18.9,6.57,6.8,6.57,25.3,6.57,2.7,1.2,5.5,6.57,2.1,6.57,14.1,14.2,6.57,1.9,0.2,6.57,2.9,0.2,1.9,0.8,6.57,15.8,8.5,6.57,31.3,14.5,16.8,6.57,Serie_A,2025-2026
Cagliari,20,9.9,0.435,0.796,12.2,6.57,30,1,16,10.3,0.457,0.819,11.1,6.46,43,1,11.9,16.8,8.1,14.4,1.8,6.57,14.1,15.4,8.9,14.0,1.4,6.46,9.9,3.3,6.8,14.8,6.57,10.3,3.2,5.8,13.8,6.46,17.85,20.0,2.15,169.0,0.11,6.57,22.48,20.0,-2.48,203.0,0.11,6.57,19.61,16.0,-3.61,186.0,0.11,6.46,31.27,29.0,-2.27,253.0,0.12,6.46,9,3,8,0,0,11,1,7,1,0,10,3,1,2,0,16,4,8,1,0,16,1,52,320,17,1,51,436,12,1,45,365,19,1,44,437,23,4,0,5,37,1,0,7,0.38,0.24,0.38,0.34,0.26,0.4,0.14,0.64,0.21,0.1,0.69,0.21,0.18,0.63,0.18,0.14,0.7,0.15,0.1,0.53,0.38,0.1,0.57,0.32,0.06,0.53,0.4,0.12,0.54,0.34,0.32,0.45,0.23,0.33,0.47,0.21,9.9,3.8,0.9,5.2,6.57,1.2,0.5,0.7,0.0,6.57,367.5,22.9,28.5,269.6,46.5,6.57,7.4,1.6,5.8,6.57,0.5,0.1,0.0,0.1,0.0,0.3,0.9,6.57,8.5,6.8,15.2,6.57,16.8,6.2,23.0,6.57,8.1,6.57,25.5,6.57,3.7,1.8,5.9,6.57,1.8,6.57,14.8,14.4,6.57,1.8,0.1,6.57,2.8,0.3,1.4,1.1,6.57,16.9,7.9,6.57,26.5,12.2,14.2,6.57,10.3,4.2,0.7,5.5,6.46,0.9,0.1,0.7,0.2,6.46,405.3,17.7,26.9,314.2,46.4,6.46,7.9,1.3,6.6,6.46,0.1,0.0,0.2,0.0,0.0,0.6,0.8,6.46,7.9,5.8,13.8,6.46,15.4,8.0,23.4,6.46,8.9,6.46,25.3,6.46,3.7,2.0,7.0,6.46,1.4,6.46,13.8,14.0,6.46,2.4,0.1,6.46,3.6,0.3,2.0,1.3,6.46,15.2,6.8,6.46,24.3,11.1,13.2,6.46,Serie_A,2025-2026
Como,34,16.4,0.639,0.88,14.1,6.73,33,3,25,12.1,0.583,0.868,12.5,6.7,41,0,7.6,14.7,6.4,12.7,1.0,6.73,10.9,18.4,7.7,14.5,1.1,6.7,16.4,6.3,7.8,11.8,6.73,12.1,3.8,7.4,11.3,6.7,37.61,33.0,-4.61,295.0,0.13,6.73,18.31,15.0,-3.31,137.0,0.13,6.73,22.01,25.0,2.99,205.0,0.11,6.7,19.67,13.0,-6.67,185.0,0.11,6.7,19,4,7,3,1,6,2,4,3,0,18,3,3,1,0,7,3,2,1,0,18,3,40,519,10,1,51,268,14,1,42,466,15,1,47,313,26,4,0,7,29,4,0,8,0.35,0.31,0.34,0.31,0.3,0.39,0.13,0.68,0.19,0.21,0.67,0.12,0.11,0.75,0.14,0.24,0.59,0.17,0.07,0.6,0.33,0.07,0.6,0.33,0.07,0.55,0.38,0.05,0.57,0.38,0.23,0.45,0.32,0.29,0.44,0.27,16.4,5.4,1.2,9.8,6.73,1.9,0.3,1.3,0.2,6.73,557.1,20.6,18.9,469.6,48.0,6.73,12.6,1.4,11.2,6.73,0.3,0.0,0.3,0.1,0.0,0.7,1.3,6.73,9.9,7.8,17.7,6.73,14.7,7.4,22.2,6.73,6.4,6.73,16.7,6.73,1.9,0.6,7.2,6.73,1.0,6.73,11.8,12.7,6.73,1.8,0.2,6.73,1.7,0.1,1.1,0.5,6.73,15.6,8.2,6.73,24.3,14.1,10.2,6.73,12.1,4.6,0.9,6.6,6.7,1.5,0.2,0.9,0.4,6.7,502.0,19.9,20.6,415.9,45.5,6.7,9.3,1.2,8.1,6.7,0.2,0.0,0.1,0.1,0.0,0.9,1.2,6.7,9.8,7.4,17.2,6.7,18.4,8.0,26.4,6.7,7.7,6.7,22.5,6.7,3.2,1.2,6.2,6.7,1.1,6.7,11.3,14.5,6.7,2.4,0.0,6.7,2.9,0.2,1.7,1.0,6.7,16.4,10.5,6.7,23.2,12.5,10.7,6.7,Serie_A,2025-2026
Cremonese,13,10.4,0.459,0.787,16.2,6.45,31,1,13,7.9,0.462,0.784,15.0,6.43,34,2,14.2,14.8,6.1,13.4,1.4,6.45,18.5,14.4,7.4,13.9,1.7,6.43,10.4,3.6,3.9,12.0,6.45,7.9,2.8,5.0,12.5,6.43,20.52,13.0,-7.52,167.0,0.12,6.45,25.56,23.0,-2.56,227.0,0.11,6.45,14.97,13.0,-1.97,143.0,0.1,6.43,35.76,26.0,-9.76,333.0,0.11,6.43,5,2,3,3,0,18,2,2,1,0,8,1,4,0,0,14,4,6,2,2,20,0,61,319,18,1,50,402,16,1,60,334,22,2,50,404,24,1,0,7,28,2,0,6,0.33,0.28,0.39,0.33,0.26,0.41,0.08,0.77,0.16,0.14,0.7,0.16,0.1,0.74,0.16,0.18,0.65,0.16,0.1,0.55,0.35,0.07,0.59,0.35,0.09,0.51,0.4,0.07,0.59,0.34,0.31,0.42,0.28,0.33,0.44,0.22,10.4,3.7,1.0,5.8,6.45,0.8,0.2,0.6,0.0,6.45,374.6,25.3,34.9,269.3,45.1,6.45,7.3,1.4,5.8,6.45,0.3,0.1,0.0,0.1,0.0,0.3,0.5,6.45,5.8,3.9,9.6,6.45,14.8,5.6,20.4,6.45,6.1,6.45,26.8,6.45,4.0,1.1,5.4,6.45,1.4,6.45,12.0,13.4,6.45,1.9,0.1,6.45,3.3,0.1,1.6,1.6,6.45,15.3,6.9,6.45,31.9,16.2,15.7,6.45,7.9,3.2,0.7,4.1,6.43,0.7,0.2,0.4,0.1,6.43,386.8,22.4,36.3,280.8,47.3,6.43,5.6,1.2,4.4,6.43,0.4,0.1,0.1,0.0,0.0,0.2,0.7,6.43,6.9,5.0,11.9,6.43,14.4,7.1,21.6,6.43,7.4,6.43,29.3,6.43,4.9,1.7,7.1,6.43,1.7,6.43,12.5,13.9,6.43,1.9,0.1,6.43,4.6,0.2,2.6,1.8,6.43,14.2,7.4,6.43,31.6,15.0,16.6,6.43,Serie_A,2025-2026
Fiorentina,20,16.1,0.524,0.856,12.2,6.57,40,0,18,10.4,0.503,0.836,12.2,6.47,35,2,11.2,11.0,6.5,11.9,1.5,6.57,14.9,13.5,7.6,13.3,1.9,6.47,16.1,4.3,7.6,15.9,6.57,10.4,2.8,6.4,14.4,6.47,30.79,19.0,-11.79,274.0,0.11,6.57,21.25,20.0,-1.25,191.0,0.11,6.57,22.53,18.0,-4.53,177.0,0.13,6.47,29.05,24.0,-5.05,253.0,0.11,6.47,12,1,4,2,1,9,3,7,1,0,11,2,1,4,0,13,0,7,4,1,25,2,45,405,15,1,50,367,14,1,51,363,22,1,47,352,27,3,0,10,24,4,0,10,0.34,0.29,0.36,0.39,0.28,0.34,0.13,0.69,0.18,0.12,0.71,0.18,0.15,0.68,0.17,0.16,0.67,0.17,0.11,0.51,0.38,0.08,0.55,0.37,0.07,0.58,0.36,0.08,0.64,0.28,0.25,0.43,0.31,0.33,0.43,0.24,16.1,6.2,1.8,8.1,6.57,1.2,0.3,0.5,0.3,6.57,446.8,21.5,22.9,360.8,41.5,6.57,11.3,2.5,8.8,6.57,0.2,0.1,0.0,0.1,0.0,0.4,0.6,6.57,9.4,7.6,17.1,6.57,11.0,4.6,15.6,6.57,6.5,6.57,19.2,6.57,2.9,1.1,6.6,6.57,1.5,6.57,15.9,11.9,6.57,2.4,0.0,6.57,2.5,0.2,1.3,1.1,6.57,14.8,6.9,6.57,26.2,12.2,14.0,6.57,10.4,3.7,0.7,6.0,6.47,1.1,0.1,0.9,0.0,6.47,408.5,20.8,28.4,320.5,38.8,6.47,7.4,1.2,6.2,6.47,0.1,0.0,0.2,0.0,0.0,0.3,0.6,6.47,9.1,6.4,15.5,6.47,13.5,6.2,19.7,6.47,7.6,6.47,25.1,6.47,3.8,2.2,6.2,6.47,1.9,6.47,14.4,13.3,6.47,2.1,0.1,6.47,3.6,0.3,2.4,0.9,6.47,14.0,8.4,6.47,27.2,12.2,15.0,6.47,Serie_A,2025-2026
Genoa,21,12.1,0.508,0.804,18.3,6.53,31,2,19,11.1,0.447,0.801,15.8,6.58,28,1,10.6,16.6,7.2,12.8,1.3,6.53,15.6,18.2,7.9,12.4,1.3,6.58,12.1,4.0,5.7,14.7,6.53,11.1,3.8,6.1,13.6,6.58,23.2,21.0,-2.2,218.0,0.11,6.53,23.73,23.0,-0.73,191.0,0.12,6.53,23.09,19.0,-4.09,189.0,0.12,6.58,26.65,23.0,-3.65,265.0,0.1,6.58,11,0,8,2,0,12,1,8,2,1,9,0,7,3,0,13,0,6,4,1,19,1,50,351,14,1,55,338,14,1,52,320,22,0,50,407,26,2,0,5,26,0,0,4,0.39,0.23,0.38,0.35,0.26,0.39,0.15,0.67,0.18,0.13,0.71,0.16,0.12,0.74,0.15,0.18,0.67,0.15,0.07,0.53,0.4,0.13,0.53,0.35,0.09,0.56,0.35,0.07,0.63,0.3,0.27,0.44,0.3,0.33,0.43,0.25,12.1,4.9,0.8,6.3,6.53,1.2,0.2,0.7,0.3,6.53,397.6,21.8,27.8,297.8,50.1,6.53,8.5,1.9,6.6,6.53,0.2,0.0,0.1,0.1,0.0,0.4,0.7,6.53,10.1,5.7,15.8,6.53,16.6,4.8,21.3,6.53,7.2,6.53,22.7,6.53,3.2,1.2,7.3,6.53,1.3,6.53,14.7,12.8,6.53,1.7,0.1,6.53,2.1,0.2,1.3,0.6,6.53,15.9,8.9,6.53,36.9,18.3,18.6,6.53,11.1,3.9,1.0,6.2,6.58,1.1,0.2,0.7,0.2,6.58,368.3,20.4,31.0,274.5,42.5,6.58,7.8,1.5,6.3,6.58,0.2,0.0,0.0,0.1,0.0,0.3,0.5,6.58,8.6,6.1,14.7,6.58,18.2,6.2,24.4,6.58,7.9,6.58,29.2,6.58,5.1,1.9,7.2,6.58,1.3,6.58,13.6,12.4,6.58,1.6,0.1,6.58,3.9,0.4,2.8,0.7,6.58,17.2,8.6,6.58,35.5,15.8,19.8,6.58,Serie_A,2025-2026
Inter,49,18.3,0.588,0.88,14.4,6.9,26,0,33,16.4,0.601,0.87,13.3,6.74,35,0,8.4,15.7,6.2,13.4,1.9,6.9,9.5,14.8,6.8,13.3,1.5,6.74,18.3,6.9,6.3,9.2,6.9,16.4,5.2,4.2,11.5,6.74,47.71,47.0,-0.71,329.0,0.15,6.9,15.95,15.0,-0.95,152.0,0.1,6.9,31.52,32.0,0.48,279.0,0.11,6.74,18.33,16.0,-2.33,161.0,0.11,6.74,34,2,7,4,2,9,2,3,1,0,16,2,13,1,1,7,4,2,3,0,26,1,43,498,13,0,50,335,22,1,45,510,14,1,52,317,20,1,0,5,28,2,0,5,0.41,0.27,0.32,0.39,0.28,0.33,0.14,0.73,0.12,0.19,0.61,0.2,0.12,0.77,0.11,0.11,0.68,0.2,0.1,0.65,0.25,0.09,0.5,0.41,0.07,0.6,0.33,0.05,0.6,0.35,0.23,0.42,0.35,0.24,0.44,0.32,18.3,4.7,1.8,11.8,6.9,2.7,0.7,1.6,0.4,6.9,536.9,24.4,18.6,447.9,46.0,6.9,14.9,2.2,12.8,6.9,0.6,0.2,0.1,0.0,0.0,1.3,2.0,6.9,7.2,6.3,13.5,6.9,15.7,5.2,20.9,6.9,6.2,6.9,17.4,6.9,2.0,1.1,6.0,6.9,1.9,6.9,9.2,13.4,6.9,1.4,0.0,6.9,2.2,0.2,1.1,0.9,6.9,13.4,7.9,6.9,25.8,14.4,11.3,6.9,16.4,5.4,1.2,9.9,6.74,1.9,0.4,1.2,0.3,6.74,550.4,21.6,22.9,457.1,48.8,6.74,12.4,2.2,10.2,6.74,0.6,0.4,0.1,0.1,0.0,0.6,1.4,6.74,6.1,4.2,10.3,6.74,14.8,5.2,20.0,6.74,6.8,6.74,19.4,6.74,2.6,1.2,5.9,6.74,1.5,6.74,11.5,13.3,6.74,2.1,0.0,6.74,1.5,0.0,0.8,0.7,6.74,14.3,6.4,6.74,23.7,13.3,10.4,6.74,Serie_A,2025-2026
Juventus,35,19.4,0.585,0.876,12.3,6.79,19,1,23,13.6,0.556,0.858,12.6,6.6,27,1,9.4,15.7,6.6,11.2,1.8,6.79,11.1,15.7,6.7,12.8,1.5,6.6,19.4,6.7,9.2,8.9,6.79,13.6,5.1,6.8,10.4,6.6,39.69,34.0,-5.69,349.0,0.11,6.79,16.91,14.0,-2.91,170.0,0.1,6.79,27.05,22.0,-5.05,232.0,0.12,6.6,19.31,14.0,-5.31,188.0,0.1,6.6,17,5,10,2,1,12,1,1,0,0,13,3,6,0,1,8,2,3,1,2,22,3,43,505,12,1,46,346,17,1,45,463,16,0,50,353,16,0,0,4,23,3,0,3,0.37,0.28,0.35,0.36,0.26,0.38,0.19,0.67,0.13,0.12,0.72,0.16,0.17,0.65,0.18,0.13,0.67,0.19,0.07,0.58,0.35,0.08,0.49,0.42,0.08,0.56,0.36,0.09,0.52,0.39,0.22,0.43,0.35,0.26,0.42,0.31,19.4,6.8,1.3,11.3,6.79,1.9,0.3,1.3,0.3,6.79,545.3,23.4,19.6,454.4,47.9,6.79,15.4,1.7,13.7,6.79,0.4,0.0,0.1,0.1,0.0,0.8,1.3,6.79,10.8,9.2,19.9,6.79,15.7,4.2,19.9,6.79,6.6,6.79,15.2,6.79,2.8,1.0,4.4,6.79,1.8,6.79,8.9,11.2,6.79,1.1,0.1,6.79,1.5,0.1,0.9,0.5,6.79,15.5,6.0,6.79,24.2,12.3,11.8,6.79,13.6,4.9,1.1,7.6,6.6,1.4,0.4,0.7,0.2,6.6,503.4,23.2,21.6,408.7,49.9,6.6,9.8,1.1,8.7,6.6,0.3,0.1,0.0,0.0,0.0,0.5,0.8,6.6,7.5,6.8,14.3,6.6,15.7,5.1,20.8,6.6,6.7,6.6,18.2,6.6,2.7,1.7,7.5,6.6,1.5,6.6,10.4,12.8,6.6,1.6,0.1,6.6,2.2,0.2,0.9,1.1,6.6,13.8,8.4,6.6,25.4,12.6,12.7,6.6,Serie_A,2025-2026
Lazio,25,12.2,0.502,0.864,10.4,6.58,35,5,12,10.1,0.509,0.862,13.2,6.55,32,2,12.2,12.5,7.9,11.1,0.9,6.58,14.6,13.8,7.8,9.7,0.8,6.55,12.2,4.4,6.2,14.4,6.58,10.1,3.6,4.8,13.6,6.55,23.28,25.0,1.72,207.0,0.11,6.58,24.56,21.0,-3.56,207.0,0.12,6.58,19.97,10.0,-9.97,172.0,0.12,6.55,21.5,12.0,-9.5,248.0,0.09,6.55,16,2,3,4,0,13,0,5,3,0,8,1,1,0,2,10,0,2,0,0,16,1,44,436,16,1,47,431,11,1,46,460,21,1,47,433,24,2,0,15,25,0,0,9,0.4,0.23,0.38,0.38,0.25,0.37,0.19,0.63,0.17,0.14,0.71,0.16,0.18,0.66,0.16,0.19,0.6,0.21,0.1,0.53,0.38,0.1,0.54,0.36,0.09,0.51,0.4,0.06,0.58,0.36,0.25,0.46,0.29,0.3,0.44,0.26,12.2,4.6,1.2,6.4,6.58,1.5,0.3,1.0,0.2,6.58,476.5,23.6,19.5,388.3,45.1,6.58,8.8,1.5,7.3,6.58,0.1,0.0,0.2,0.1,0.0,0.6,0.9,6.58,9.3,6.2,15.5,6.58,12.5,5.1,17.6,6.58,7.9,6.58,17.9,6.58,3.1,1.4,6.8,6.58,0.9,6.58,14.4,11.1,6.58,2.1,0.3,6.58,3.2,0.2,1.9,1.1,6.58,13.2,6.5,6.58,19.8,10.4,9.4,6.58,10.1,4.1,0.9,5.2,6.55,0.7,0.1,0.5,0.0,6.55,502.2,22.8,22.1,410.2,47.1,6.55,7.3,1.1,6.2,6.55,0.0,0.0,0.1,0.0,0.0,0.4,0.5,6.55,10.2,4.8,15.0,6.55,13.8,6.7,20.5,6.55,7.8,6.55,22.2,6.55,3.7,1.9,5.6,6.55,0.8,6.55,13.6,9.7,6.55,1.9,0.1,6.55,2.9,0.0,1.8,1.1,6.55,12.6,7.5,6.55,26.4,13.2,13.2,6.55,Serie_A,2025-2026
Lecce,12,10.9,0.452,0.769,18.9,6.49,31,2,12,8.9,0.391,0.734,16.2,6.48,31,0,11.3,17.9,6.5,12.4,1.5,6.49,14.1,18.2,7.2,13.3,0.8,6.48,10.9,2.8,6.5,14.5,6.49,8.9,2.1,5.8,12.1,6.48,18.44,12.0,-6.44,185.0,0.1,6.49,24.71,22.0,-2.71,192.0,0.13,6.49,13.63,12.0,-1.63,160.0,0.09,6.48,32.82,24.0,-8.82,254.0,0.13,6.48,5,0,6,1,0,9,3,7,3,1,5,2,5,0,0,15,2,6,1,0,19,0,57,290,16,1,51,377,16,0,60,257,21,3,52,445,21,5,0,7,24,1,0,6,0.35,0.23,0.42,0.32,0.23,0.45,0.17,0.65,0.18,0.2,0.61,0.19,0.17,0.64,0.19,0.17,0.69,0.14,0.11,0.49,0.4,0.07,0.65,0.29,0.08,0.45,0.48,0.12,0.59,0.28,0.26,0.44,0.3,0.28,0.44,0.29,10.9,4.4,1.2,5.2,6.49,0.7,0.5,0.2,0.1,6.49,343.3,23.1,33.9,241.0,45.2,6.49,7.8,1.9,5.9,6.49,0.4,0.2,0.0,0.0,0.0,0.1,0.5,6.49,10.9,6.5,17.5,6.49,17.9,7.7,25.6,6.49,6.5,6.49,28.4,6.49,2.9,1.4,7.2,6.49,1.5,6.49,14.5,12.4,6.49,1.8,0.1,6.49,2.5,0.4,1.8,0.4,6.49,17.8,9.1,6.49,36.4,18.9,17.4,6.49,8.9,4.2,0.7,4.0,6.48,0.7,0.1,0.4,0.2,6.48,313.8,22.2,37.4,208.3,45.9,6.48,6.4,1.4,5.1,6.48,0.2,0.1,0.0,0.1,0.0,0.3,0.5,6.48,9.9,5.8,15.8,6.48,18.2,7.3,25.6,6.48,7.2,6.48,31.0,6.48,3.9,1.8,7.8,6.48,0.8,6.48,12.1,13.3,6.48,1.7,0.0,6.48,3.2,0.3,2.1,0.7,6.48,15.6,9.9,6.48,36.7,16.2,20.6,6.48,Serie_A,2025-2026
Napoli,30,13.8,0.587,0.869,12.6,6.68,18,0,22,12.7,0.581,0.867,13.6,6.57,26,2,10.9,12.3,6.5,11.6,1.5,6.68,10.0,12.8,5.8,11.5,1.2,6.57,13.8,5.2,6.7,11.5,6.68,12.7,4.2,6.4,11.4,6.57,25.6,29.0,3.4,235.0,0.11,6.68,21.03,15.0,-6.03,185.0,0.11,6.68,28.07,22.0,-6.07,229.0,0.12,6.57,18.82,18.0,-0.82,180.0,0.1,6.57,22,2,4,1,1,7,2,2,4,0,11,1,7,3,0,11,1,4,2,0,19,2,40,518,13,1,48,346,16,2,43,503,14,1,55,337,18,0,0,0,19,3,0,7,0.35,0.26,0.39,0.34,0.28,0.39,0.17,0.64,0.18,0.14,0.68,0.19,0.15,0.67,0.18,0.15,0.68,0.17,0.11,0.55,0.34,0.05,0.47,0.48,0.1,0.51,0.39,0.08,0.54,0.38,0.24,0.45,0.3,0.28,0.43,0.29,13.8,4.6,1.6,7.6,6.68,1.8,0.3,1.0,0.4,6.68,554.9,17.9,22.0,464.4,50.6,6.68,10.1,1.5,8.6,6.68,0.2,0.1,0.1,0.0,0.0,0.9,1.2,6.68,8.8,6.7,15.5,6.68,12.3,4.6,16.9,6.68,6.5,6.68,15.1,6.68,2.8,0.8,5.8,6.68,1.5,6.68,11.5,11.6,6.68,1.1,0.0,6.68,2.2,0.2,1.0,1.0,6.68,14.7,7.8,6.68,24.5,12.6,11.9,6.68,12.7,4.9,1.3,6.4,6.57,1.2,0.2,0.9,0.1,6.57,542.6,19.8,22.3,450.9,49.6,6.57,9.3,0.9,8.3,6.57,0.3,0.0,0.1,0.2,0.0,0.4,0.8,6.57,9.9,6.4,16.3,6.57,12.8,4.5,17.3,6.57,5.8,6.57,18.6,6.57,2.4,0.6,5.1,6.57,1.2,6.57,11.4,11.5,6.57,1.4,0.1,6.57,1.9,0.1,1.0,0.8,6.57,13.8,9.2,6.57,25.6,13.6,12.0,6.57,Serie_A,2025-2026
Parma Calcio 1913,13,12.3,0.455,0.81,16.3,6.45,28,2,12,9.4,0.426,0.806,13.4,6.51,27,2,13.4,12.2,7.1,10.8,1.2,6.45,14.8,14.8,6.7,10.7,1.1,6.51,12.3,2.9,4.6,13.1,6.45,9.4,2.6,5.6,12.9,6.51,16.91,12.0,-4.91,209.0,0.08,6.45,26.88,22.0,-4.88,228.0,0.12,6.45,17.34,11.0,-6.34,169.0,0.1,6.51,29.5,19.0,-10.5,266.0,0.11,6.51,7,1,3,1,1,13,3,3,3,0,5,0,5,1,1,11,2,5,1,1,20,0,47,328,19,1,50,404,14,0,52,316,28,1,42,447,20,3,0,8,21,1,0,9,0.36,0.29,0.35,0.36,0.24,0.39,0.17,0.65,0.18,0.15,0.7,0.15,0.11,0.66,0.23,0.12,0.72,0.16,0.05,0.51,0.44,0.05,0.61,0.34,0.09,0.46,0.44,0.1,0.54,0.36,0.29,0.43,0.28,0.35,0.43,0.23,12.3,5.5,0.6,6.2,6.45,0.8,0.2,0.5,0.1,6.45,369.6,20.6,25.9,278.8,44.3,6.45,8.5,1.2,7.4,6.45,0.2,0.1,0.0,0.0,0.0,0.3,0.5,6.45,8.7,4.6,13.4,6.45,12.2,7.4,19.6,6.45,7.1,6.45,22.1,6.45,3.4,0.9,6.9,6.45,1.2,6.45,13.1,10.8,6.45,1.6,0.1,6.45,2.9,0.1,2.0,0.9,6.45,14.2,8.7,6.45,31.9,16.3,15.6,6.45,9.4,4.2,0.9,4.3,6.51,0.7,0.2,0.3,0.1,6.51,363.1,21.9,29.6,270.8,40.8,6.51,6.9,1.2,5.7,6.51,0.2,0.1,0.0,0.0,0.0,0.2,0.3,6.51,7.1,5.6,12.7,6.51,14.8,7.8,22.7,6.51,6.7,6.51,28.0,6.51,4.3,2.2,6.1,6.51,1.1,6.51,12.9,10.7,6.51,1.5,0.1,6.51,2.9,0.2,1.7,1.1,6.51,14.9,7.4,6.51,27.3,13.4,13.8,6.51,Serie_A,2025-2026
Pisa,9,10.6,0.428,0.768,20.9,6.47,37,2,16,9.5,0.382,0.769,18.8,6.37,34,1,12.3,16.4,8.3,13.3,1.7,6.47,17.2,16.6,9.6,13.4,1.7,6.37,10.6,3.2,5.4,12.2,6.47,9.5,2.6,4.5,10.0,6.37,22.51,9.0,-13.51,190.0,0.12,6.47,26.85,22.0,-4.85,221.0,0.12,6.47,18.99,15.0,-3.99,162.0,0.12,6.37,33.33,40.0,6.67,292.0,0.11,6.37,3,0,5,1,0,11,5,3,3,1,5,2,3,5,1,26,5,7,2,0,20,1,57,286,18,1,54,411,16,1,55,262,21,2,47,468,32,1,0,6,32,0,0,3,0.35,0.26,0.39,0.33,0.26,0.41,0.22,0.63,0.15,0.13,0.61,0.26,0.14,0.67,0.19,0.15,0.66,0.19,0.09,0.64,0.27,0.08,0.61,0.32,0.06,0.67,0.27,0.07,0.59,0.34,0.3,0.44,0.27,0.31,0.45,0.23,10.6,2.8,0.9,6.8,6.47,0.5,0.1,0.3,0.1,6.47,338.7,25.8,30.6,234.4,48.0,6.47,8.1,2.2,5.9,6.47,0.2,0.1,0.0,0.0,0.0,0.1,0.3,6.47,8.8,5.4,14.3,6.47,16.4,6.6,23.0,6.47,8.3,6.47,26.7,6.47,3.0,1.7,6.3,6.47,1.7,6.47,12.2,13.3,6.47,2.1,0.1,6.47,2.6,0.2,1.4,0.9,6.47,16.4,7.5,6.47,37.6,20.9,16.7,6.47,9.5,2.5,0.6,6.4,6.37,0.9,0.1,0.7,0.1,6.37,312.4,23.3,30.9,216.9,41.4,6.37,6.9,1.1,5.9,6.37,0.1,0.1,0.1,0.0,0.0,0.2,0.4,6.37,7.6,4.5,12.1,6.37,16.6,9.4,26.0,6.37,9.6,6.37,27.4,6.37,4.5,1.4,6.7,6.37,1.7,6.37,10.0,13.4,6.37,2.0,0.1,6.37,2.8,0.1,1.7,1.0,6.37,14.9,6.5,6.37,35.7,18.8,16.9,6.37,Serie_A,2025-2026
Roma,27,15.4,0.578,0.844,16.5,6.76,26,0,21,10.5,0.534,0.819,17.2,6.6,35,2,8.4,14.2,9.5,12.6,1.6,6.76,11.6,15.9,8.9,15.5,1.7,6.6,15.4,5.0,5.8,13.4,6.76,10.5,3.8,5.6,13.5,6.6,28.47,27.0,-1.47,261.0,0.11,6.76,15.75,10.0,-5.75,143.0,0.11,6.76,22.87,21.0,-1.87,178.0,0.13,6.6,25.91,19.0,-6.91,198.0,0.13,6.6,16,3,6,2,0,3,2,5,0,0,12,3,4,2,0,9,2,7,1,0,21,2,52,468,11,1,58,327,16,1,53,402,14,1,52,345,22,2,0,2,31,3,0,4,0.34,0.24,0.42,0.36,0.26,0.38,0.14,0.62,0.23,0.15,0.66,0.19,0.11,0.72,0.16,0.15,0.67,0.18,0.07,0.69,0.25,0.07,0.5,0.43,0.09,0.61,0.3,0.07,0.54,0.39,0.21,0.45,0.33,0.27,0.43,0.3,15.4,3.8,1.0,10.5,6.76,1.6,0.2,1.4,0.0,6.76,514.5,24.5,27.4,409.8,52.8,6.76,12.1,1.6,10.5,6.76,0.3,0.1,0.1,0.0,0.0,0.6,1.1,6.76,11.1,5.8,16.9,6.76,14.2,6.5,20.8,6.76,9.5,6.76,17.9,6.76,1.9,0.9,7.3,6.76,1.6,6.76,13.4,12.6,6.76,1.5,0.0,6.76,2.3,0.2,1.2,0.9,6.76,16.5,9.4,6.76,32.5,16.5,16.0,6.76,10.5,3.1,0.9,6.4,6.6,1.2,0.3,0.8,0.1,6.6,449.0,22.1,30.3,345.6,51.0,6.6,8.1,0.8,7.4,6.6,0.2,0.1,0.1,0.0,0.0,0.6,0.8,6.6,10.9,5.6,16.5,6.6,15.9,6.5,22.5,6.6,8.9,6.6,25.4,6.6,2.7,1.4,7.1,6.6,1.7,6.6,13.5,15.5,6.6,2.1,0.1,6.6,3.5,0.1,1.9,1.4,6.6,16.1,9.2,6.6,33.5,17.2,16.3,6.6,Serie_A,2025-2026
Sassuolo,23,10.4,0.457,0.832,11.5,6.54,36,3,20,10.8,0.443,0.822,12.1,6.54,41,1,13.8,13.9,7.9,12.1,1.7,6.54,15.0,13.7,8.3,12.2,1.9,6.54,10.4,3.6,6.1,12.7,6.54,10.8,3.8,4.8,11.7,6.54,21.81,23.0,1.19,188.0,0.12,6.54,27.55,22.0,-5.55,248.0,0.11,6.54,21.27,19.0,-2.27,183.0,0.12,6.54,27.92,20.0,-7.92,255.0,0.11,6.54,10,6,7,0,0,10,2,6,4,1,10,2,5,2,1,13,2,4,1,1,12,1,48,359,21,1,46,430,12,1,49,342,21,2,47,438,28,3,0,9,31,0,0,11,0.44,0.24,0.32,0.41,0.25,0.34,0.27,0.56,0.17,0.18,0.65,0.16,0.2,0.62,0.18,0.14,0.68,0.17,0.06,0.58,0.36,0.05,0.59,0.35,0.07,0.58,0.34,0.08,0.55,0.38,0.31,0.43,0.26,0.3,0.47,0.23,10.4,3.7,0.7,6.1,6.54,1.3,0.3,0.7,0.2,6.54,400.6,19.9,27.4,313.6,39.7,6.54,8.1,1.7,6.4,6.54,0.3,0.1,0.1,0.0,0.0,0.7,1.0,6.54,9.3,6.1,15.4,6.54,13.9,4.8,18.7,6.54,7.9,6.54,24.3,6.54,3.5,2.1,7.8,6.54,1.7,6.54,12.7,12.1,6.54,2.0,0.2,6.54,3.2,0.3,1.8,1.0,6.54,15.8,9.1,6.54,24.4,11.5,12.9,6.54,10.8,3.7,0.8,6.3,6.54,1.2,0.3,0.8,0.1,6.54,385.1,21.1,27.1,295.4,41.5,6.54,7.8,1.4,6.5,6.54,0.2,0.1,0.1,0.0,0.0,0.5,0.8,6.54,9.0,4.8,13.8,6.54,13.7,6.7,20.4,6.54,8.3,6.54,27.1,6.54,3.5,1.8,7.4,6.54,1.9,6.54,11.7,12.2,6.54,2.4,0.1,6.54,4.1,0.3,2.2,1.6,6.54,15.9,8.1,6.54,25.2,12.1,13.2,6.54,Serie_A,2025-2026
Torino,23,12.2,0.45,0.796,17.5,6.55,29,0,16,11.2,0.419,0.797,14.6,6.44,37,1,13.1,15.8,8.4,13.8,1.6,6.55,14.6,16.3,8.6,14.4,1.9,6.44,12.2,4.2,5.9,9.6,6.55,11.2,3.7,5.0,10.5,6.44,25.63,21.0,-4.63,208.0,0.12,6.55,28.32,26.0,-2.32,222.0,0.13,6.55,21.42,16.0,-5.42,201.0,0.11,6.44,26.32,32.0,5.68,262.0,0.1,6.44,11,5,2,3,2,20,2,3,1,0,7,4,3,2,0,19,4,6,3,0,18,1,57,328,17,1,53,420,17,0,55,313,18,1,51,464,27,0,0,2,31,1,0,6,0.36,0.26,0.38,0.35,0.27,0.38,0.15,0.69,0.16,0.1,0.78,0.12,0.16,0.7,0.14,0.16,0.65,0.19,0.08,0.57,0.36,0.11,0.56,0.33,0.07,0.53,0.41,0.08,0.54,0.38,0.28,0.44,0.29,0.3,0.45,0.25,12.2,4.4,0.9,6.9,6.55,1.4,0.1,1.1,0.1,6.55,380.1,28.3,28.4,274.2,49.2,6.55,9.1,1.1,7.9,6.55,0.2,0.1,0.1,0.0,0.0,0.4,0.6,6.55,7.3,5.9,13.2,6.55,15.8,6.3,22.1,6.55,8.4,6.55,25.8,6.55,3.7,1.6,5.9,6.55,1.6,6.55,9.6,13.8,6.55,1.7,0.0,6.55,2.6,0.4,1.4,0.8,6.55,15.1,6.7,6.55,34.8,17.5,17.4,6.55,11.2,4.6,0.7,5.9,6.44,0.9,0.2,0.5,0.2,6.44,362.3,21.9,32.4,266.8,41.2,6.44,8.7,1.2,7.4,6.44,0.1,0.0,0.0,0.1,0.0,0.5,0.6,6.44,7.7,5.0,12.7,6.44,16.3,6.8,23.1,6.44,8.6,6.44,27.6,6.44,4.4,1.1,7.3,6.44,1.9,6.44,10.5,14.4,6.44,2.1,0.1,6.44,2.9,0.2,1.5,1.2,6.44,16.0,8.1,6.44,30.9,14.6,16.3,6.44,Serie_A,2025-2026
Udinese,18,13.0,0.468,0.823,14.9,6.59,32,0,25,10.4,0.438,0.796,16.6,6.56,34,1,11.2,16.7,8.6,13.9,1.4,6.59,15.1,14.3,8.1,13.5,1.2,6.56,13.0,4.0,7.9,12.3,6.59,10.4,3.7,7.6,9.8,6.56,23.77,18.0,-5.77,234.0,0.1,6.59,23.46,19.0,-4.46,202.0,0.12,6.59,21.82,24.0,2.18,176.0,0.12,6.56,30.17,26.0,-4.17,257.0,0.12,6.56,8,1,7,2,0,13,1,4,1,1,13,4,4,3,1,13,2,6,5,0,17,1,48,336,17,1,51,387,13,0,53,305,21,1,57,398,23,2,0,7,25,1,0,9,0.39,0.27,0.35,0.38,0.27,0.35,0.21,0.66,0.13,0.16,0.68,0.16,0.23,0.63,0.14,0.19,0.65,0.16,0.06,0.51,0.42,0.09,0.52,0.38,0.06,0.57,0.36,0.08,0.57,0.35,0.26,0.44,0.3,0.31,0.43,0.25,13.0,5.5,0.8,6.7,6.59,1.0,0.3,0.6,0.1,6.59,380.7,22.0,25.6,291.4,41.7,6.59,9.3,1.5,7.8,6.59,0.3,0.2,0.0,0.0,0.0,0.4,0.8,6.59,9.9,7.9,17.8,6.59,16.7,5.7,22.4,6.59,8.6,6.59,24.6,6.59,2.9,1.3,6.5,6.59,1.4,6.59,12.3,13.9,6.59,1.8,0.0,6.59,2.2,0.2,1.3,0.7,6.59,15.3,9.1,6.59,28.1,14.9,13.2,6.59,10.4,3.8,0.6,5.9,6.56,1.5,0.4,0.9,0.1,6.56,354.1,23.1,29.5,258.9,42.6,6.56,7.6,1.4,6.2,6.56,0.2,0.1,0.0,0.0,0.0,0.6,0.8,6.56,9.7,7.6,17.3,6.56,14.3,6.6,20.9,6.56,8.1,6.56,31.4,6.56,4.4,2.2,6.4,6.56,1.2,6.56,9.8,13.5,6.56,2.0,0.1,6.56,2.6,0.0,1.5,1.2,6.56,16.9,9.8,6.56,31.5,16.6,14.9,6.56,Serie_A,2025-2026
Verona,12,11.1,0.437,0.767,19.3,6.49,36,1,12,11.1,0.377,0.738,17.2,6.45,43,3,11.8,17.8,9.7,15.0,1.8,6.49,14.7,18.8,10.6,16.8,1.7,6.45,11.1,4.1,6.2,8.9,6.49,11.1,3.4,5.7,8.6,6.45,15.24,11.0,-4.24,189.0,0.08,6.49,17.96,23.0,5.04,201.0,0.09,6.49,20.88,12.0,-8.88,200.0,0.1,6.45,30.25,31.0,0.75,265.0,0.11,6.45,2,5,3,1,1,11,4,7,1,2,5,2,3,2,0,16,3,11,1,1,17,1,55,314,14,1,57,427,14,1,54,257,22,1,53,462,33,1,0,3,39,3,0,6,0.32,0.26,0.42,0.31,0.26,0.43,0.16,0.61,0.23,0.16,0.73,0.11,0.16,0.66,0.18,0.17,0.67,0.17,0.02,0.51,0.47,0.04,0.52,0.45,0.07,0.52,0.42,0.09,0.5,0.41,0.25,0.48,0.28,0.28,0.47,0.25,11.1,5.2,0.2,5.7,6.49,0.7,0.0,0.5,0.2,6.49,365.4,19.4,35.2,260.9,49.9,6.49,8.1,1.4,6.7,6.49,0.1,0.0,0.0,0.1,0.0,0.4,0.5,6.49,8.1,6.2,14.3,6.49,17.8,7.0,24.8,6.49,9.7,6.49,27.6,6.49,3.9,1.6,7.6,6.49,1.8,6.49,8.9,15.0,6.49,2.1,0.1,6.49,2.3,0.1,1.3,0.9,6.49,16.6,7.9,6.49,39.4,19.3,20.1,6.49,11.1,4.7,0.7,5.7,6.45,0.7,0.2,0.3,0.2,6.45,307.6,19.1,34.7,207.8,45.9,6.45,8.2,1.6,6.6,6.45,0.1,0.0,0.1,0.0,0.0,0.2,0.4,6.45,6.4,5.7,12.1,6.45,18.8,5.8,24.6,6.45,10.6,6.45,30.3,6.45,4.6,1.7,7.6,6.45,1.7,6.45,8.6,16.8,6.45,2.4,0.2,6.45,2.4,0.2,1.1,1.2,6.45,17.0,6.8,6.45,38.6,17.2,21.3,6.45,Serie_A,2025-2026
AC Milan,41,15.9,0.573,0.839,15.4,6.8,44,1,23,13.1,0.539,0.812,14.3,6.59,42,1,9.0,18.7,8.3,12.0,1.4,6.8,12.4,17.6,6.9,11.6,1.8,6.59,15.9,5.2,9.9,10.8,6.8,13.1,4.7,9.4,12.2,6.59,36.8,39.0,2.2,303.0,0.12,6.8,18.62,20.0,1.38,171.0,0.11,6.8,28.54,22.0,-6.54,248.0,0.12,6.59,23.06,22.0,-1.06,235.0,0.1,6.59,25,4,7,3,2,10,2,6,2,0,16,4,0,2,1,13,1,6,2,1,19,1,57,453,11,1,52,333,17,1,56,392,18,1,52,327,26,10,0,10,37,3,0,4,0.34,0.28,0.37,0.36,0.28,0.35,0.21,0.63,0.16,0.16,0.68,0.16,0.19,0.68,0.12,0.23,0.61,0.16,0.08,0.58,0.34,0.09,0.46,0.44,0.06,0.55,0.39,0.07,0.55,0.38,0.23,0.46,0.3,0.3,0.41,0.29,15.9,5.4,1.3,9.2,6.8,2.2,0.5,1.3,0.3,6.8,505.7,31.1,25.0,393.1,56.5,6.8,12.4,2.2,10.3,6.8,0.5,0.1,0.2,0.0,0.0,1.1,1.7,6.8,11.1,9.9,21.1,6.8,18.7,6.7,25.4,6.8,8.3,6.8,10.9,6.8,2.7,0.8,6.9,6.8,1.4,6.8,10.8,12.0,6.8,2.3,0.1,6.8,1.9,0.2,0.9,0.8,6.8,15.6,8.5,6.8,27.6,15.4,12.3,6.8,13.1,5.1,0.7,7.2,6.59,1.2,0.1,0.9,0.2,6.59,441.4,28.6,26.3,329.8,56.7,6.59,9.6,1.8,7.8,6.59,0.1,0.0,0.2,0.0,0.0,0.6,0.8,6.59,11.6,9.4,21.1,6.59,17.6,7.2,24.7,6.59,6.9,6.59,15.3,6.59,3.9,2.1,6.8,6.59,1.8,6.59,12.2,11.6,6.59,2.2,0.1,6.59,2.3,0.1,1.4,0.8,6.59,15.7,8.4,6.59,27.4,14.3,13.1,6.59,Serie_A,2022-2023
Atalanta,38,15.8,0.521,0.817,16.3,6.69,36,1,28,11.2,0.477,0.794,14.2,6.65,45,2,10.2,16.1,10.0,11.5,1.9,6.69,13.5,17.3,12.2,13.2,1.2,6.65,15.8,5.5,9.4,9.9,6.69,11.2,3.8,8.6,10.4,6.65,34.44,38.0,3.56,301.0,0.11,6.69,20.14,25.0,4.86,193.0,0.1,6.69,25.82,26.0,0.18,213.0,0.12,6.65,24.0,21.0,-3.0,257.0,0.09,6.65,24,0,9,5,0,21,2,2,0,1,22,2,1,1,2,10,2,6,3,1,19,1,55,442,13,1,61,401,15,1,56,390,17,1,57,431,27,3,0,8,36,3,0,8,0.42,0.23,0.35,0.41,0.23,0.36,0.17,0.68,0.15,0.2,0.67,0.13,0.21,0.61,0.17,0.19,0.64,0.17,0.05,0.58,0.36,0.06,0.53,0.4,0.07,0.61,0.33,0.04,0.49,0.47,0.24,0.43,0.33,0.28,0.43,0.28,15.8,5.7,0.8,9.3,6.69,2.0,0.3,1.2,0.5,6.69,490.0,25.9,27.7,374.4,62.0,6.69,12.1,2.3,9.8,6.69,0.3,0.1,0.0,0.1,0.0,0.8,1.1,6.69,12.6,9.4,21.9,6.69,16.1,8.5,24.6,6.69,10.0,6.69,12.6,6.69,1.8,0.9,9.8,6.69,1.9,6.69,9.9,11.5,6.69,1.9,0.1,6.69,2.3,0.1,1.1,1.1,6.69,16.3,10.4,6.69,29.1,16.3,12.8,6.69,11.2,3.7,0.7,6.8,6.65,1.5,0.3,0.9,0.2,6.65,439.8,24.6,31.1,324.7,59.5,6.65,9.3,1.4,7.9,6.65,0.1,0.0,0.2,0.0,0.0,0.9,1.1,6.65,10.8,8.6,19.4,6.65,17.3,8.9,26.3,6.65,12.2,6.65,18.2,6.65,3.1,1.2,9.2,6.65,1.2,6.65,10.4,13.2,6.65,2.4,0.1,6.65,3.4,0.2,1.5,1.7,6.65,16.3,9.9,6.65,27.1,14.2,12.9,6.65,Serie_A,2022-2023
Bologna,24,13.1,0.546,0.818,11.6,6.69,39,1,29,12.5,0.554,0.841,8.1,6.51,42,2,10.9,18.5,8.3,12.2,2.2,6.69,14.5,15.6,7.6,12.9,1.8,6.51,13.1,4.3,7.6,12.7,6.69,12.5,4.0,7.0,9.7,6.51,24.54,23.0,-1.54,248.0,0.1,6.69,22.0,14.0,-8.0,208.0,0.11,6.69,22.47,29.0,6.53,237.0,0.09,6.51,29.64,32.0,2.36,275.0,0.11,6.51,14,3,3,3,1,11,0,1,2,0,17,3,6,3,0,17,2,8,5,3,16,1,55,436,18,1,53,351,13,2,54,460,17,1,53,354,32,2,0,6,31,5,0,10,0.4,0.24,0.36,0.38,0.26,0.36,0.21,0.61,0.17,0.17,0.69,0.13,0.22,0.59,0.19,0.22,0.65,0.13,0.09,0.43,0.48,0.08,0.54,0.38,0.06,0.49,0.45,0.07,0.6,0.32,0.3,0.44,0.26,0.31,0.46,0.23,13.1,6.2,1.2,5.6,6.69,1.3,0.3,0.7,0.2,6.69,485.7,27.2,26.9,370.3,61.3,6.69,10.1,1.9,8.2,6.69,0.3,0.1,0.2,0.0,0.0,0.4,0.8,6.69,7.8,7.6,15.4,6.69,18.5,8.4,26.9,6.69,8.3,6.69,16.3,6.69,2.6,1.6,7.3,6.69,2.2,6.69,12.7,12.2,6.69,2.1,0.1,6.69,2.9,0.2,1.7,1.0,6.69,16.0,9.5,6.69,23.4,11.6,11.8,6.69,12.5,5.6,0.7,6.1,6.51,1.5,0.2,1.1,0.3,6.51,507.8,28.5,24.4,398.3,56.6,6.51,9.4,1.9,7.5,6.51,0.3,0.2,0.4,0.0,0.0,0.7,1.3,6.51,8.1,7.0,15.1,6.51,15.6,8.8,24.4,6.51,7.6,6.51,15.4,6.51,4.3,1.8,7.6,6.51,1.8,6.51,9.7,12.9,6.51,2.2,0.1,6.51,3.4,0.4,2.0,0.9,6.51,14.6,6.5,6.51,20.1,8.1,11.9,6.51,Serie_A,2022-2023
Cremonese,15,12.7,0.414,0.749,14.9,6.48,30,1,21,11.8,0.414,0.751,14.8,6.46,51,2,14.6,18.4,9.7,12.1,2.1,6.48,15.9,18.6,11.0,12.1,1.5,6.46,12.7,3.5,6.1,10.9,6.48,11.8,3.5,6.5,10.5,6.46,17.87,15.0,-2.87,241.0,0.07,6.48,34.72,31.0,-3.72,278.0,0.12,6.48,20.02,20.0,-0.02,224.0,0.09,6.46,34.15,37.0,2.85,303.0,0.11,6.46,10,0,2,3,0,17,3,8,3,0,13,1,4,2,1,20,5,10,2,1,17,1,59,298,19,1,62,446,18,0,54,304,18,1,58,454,25,2,0,4,37,4,0,12,0.38,0.26,0.36,0.39,0.29,0.32,0.24,0.63,0.13,0.13,0.68,0.18,0.22,0.6,0.17,0.2,0.68,0.12,0.02,0.6,0.38,0.09,0.58,0.33,0.07,0.55,0.38,0.08,0.54,0.38,0.31,0.4,0.29,0.3,0.43,0.28,12.7,4.8,0.2,7.6,6.48,0.8,0.1,0.7,0.1,6.48,351.4,23.2,34.9,240.1,53.2,6.48,9.1,1.9,7.1,6.48,0.1,0.0,0.0,0.1,0.0,0.3,0.4,6.48,9.7,6.1,15.8,6.48,18.4,8.9,27.3,6.48,9.7,6.48,20.0,6.48,3.4,1.3,8.7,6.48,2.1,6.48,10.9,12.1,6.48,1.6,0.1,6.48,3.6,0.3,2.3,1.1,6.48,14.9,8.0,6.48,33.2,14.9,18.3,6.48,11.8,4.5,0.8,6.5,6.46,1.1,0.3,0.6,0.2,6.46,352.0,19.0,33.6,245.3,54.1,6.46,8.1,1.7,6.4,6.46,0.1,0.0,0.0,0.0,0.0,0.5,0.6,6.46,7.7,6.5,14.2,6.46,18.6,10.6,29.2,6.46,11.0,6.46,18.5,6.46,3.7,1.4,6.8,6.46,1.5,6.46,10.5,12.1,6.46,2.7,0.1,6.46,4.6,0.3,2.2,2.2,6.46,14.2,7.6,6.46,35.2,14.8,20.4,6.46,Serie_A,2022-2023
Empoli,22,13.6,0.469,0.801,11.5,6.6,41,5,15,10.1,0.473,0.805,11.5,6.45,41,2,15.4,17.8,8.3,11.6,1.5,6.6,16.9,14.1,6.5,11.6,1.4,6.45,13.6,3.9,8.4,12.5,6.6,10.1,2.9,8.1,11.6,6.45,25.12,21.0,-4.12,258.0,0.1,6.6,29.81,22.0,-7.81,292.0,0.1,6.6,15.73,14.0,-1.73,191.0,0.08,6.45,34.53,26.0,-8.53,321.0,0.11,6.45,12,1,6,2,1,15,2,3,2,1,10,3,1,0,1,16,1,7,2,0,17,0,52,340,23,1,58,383,16,1,53,365,28,1,59,397,32,3,0,12,35,4,0,6,0.45,0.24,0.31,0.41,0.24,0.35,0.21,0.67,0.12,0.18,0.66,0.16,0.18,0.64,0.19,0.16,0.69,0.15,0.07,0.54,0.39,0.08,0.58,0.35,0.07,0.52,0.41,0.08,0.58,0.34,0.33,0.41,0.26,0.34,0.41,0.26,13.6,5.3,0.9,7.4,6.6,1.2,0.4,0.6,0.2,6.6,386.5,22.6,28.9,286.8,48.2,6.6,9.8,1.3,8.5,6.6,0.3,0.1,0.0,0.1,0.0,0.4,0.6,6.6,10.6,8.4,19.1,6.6,17.8,7.7,25.6,6.6,8.3,6.6,20.6,6.6,4.7,2.4,7.1,6.6,1.5,6.6,12.5,11.6,6.6,2.2,0.3,6.6,3.2,0.1,2.0,1.1,6.6,13.5,9.8,6.6,24.6,11.5,13.1,6.6,10.1,4.1,0.7,5.2,6.45,0.8,0.2,0.4,0.2,6.45,412.3,24.4,27.5,307.5,52.9,6.45,7.2,0.8,6.3,6.45,0.1,0.0,0.0,0.0,0.0,0.3,0.4,6.45,10.0,8.1,18.1,6.45,14.1,7.2,21.3,6.45,6.5,6.45,24.5,6.45,4.9,2.0,6.9,6.45,1.4,6.45,11.6,11.6,6.45,2.2,0.1,6.45,2.7,0.1,1.7,0.8,6.45,15.5,9.8,6.45,25.7,11.5,14.3,6.45,Serie_A,2022-2023
Fiorentina,30,18.4,0.584,0.835,15.8,6.65,40,1,23,13.3,0.544,0.811,15.2,6.55,49,2,8.1,14.9,7.4,12.3,1.6,6.65,10.1,15.7,6.3,13.4,1.3,6.55,18.4,5.9,9.0,15.0,6.65,13.3,3.8,8.0,11.9,6.55,37.14,28.0,-9.14,350.0,0.11,6.65,21.28,22.0,0.72,154.0,0.14,6.65,21.65,23.0,1.35,253.0,0.09,6.55,26.42,19.0,-7.42,192.0,0.14,6.55,20,2,2,4,2,14,2,3,3,0,14,1,8,0,0,13,0,2,4,2,26,1,61,409,10,1,58,286,20,1,67,384,13,1,59,323,34,3,0,4,45,2,0,6,0.38,0.28,0.33,0.38,0.27,0.35,0.19,0.63,0.18,0.15,0.71,0.14,0.17,0.66,0.17,0.21,0.6,0.19,0.06,0.59,0.35,0.07,0.7,0.23,0.06,0.57,0.37,0.08,0.68,0.24,0.22,0.41,0.37,0.25,0.42,0.33,18.4,6.5,1.1,10.8,6.65,1.6,0.2,1.2,0.1,6.65,465.1,34.8,25.4,353.5,51.3,6.65,14.2,2.1,12.1,6.65,0.1,0.0,0.1,0.0,0.1,0.8,1.1,6.65,10.4,9.0,19.4,6.65,14.9,6.7,21.6,6.65,7.4,6.65,9.8,6.65,2.1,0.7,7.6,6.65,1.6,6.65,15.0,12.3,6.65,2.1,0.1,6.65,1.9,0.0,1.3,0.6,6.65,15.4,10.1,6.65,28.4,15.8,12.5,6.65,13.3,4.9,0.8,7.6,6.55,1.2,0.4,0.6,0.2,6.55,445.6,33.8,32.3,327.5,52.0,6.55,10.2,2.3,7.9,6.55,0.5,0.2,0.0,0.0,0.0,0.4,0.9,6.55,9.6,8.0,17.6,6.55,15.7,6.4,22.1,6.55,6.3,6.55,13.9,6.55,2.4,1.1,6.7,6.55,1.3,6.55,11.9,13.4,6.55,2.6,0.1,6.55,2.3,0.1,1.8,0.4,6.55,14.7,8.1,6.55,30.1,15.2,14.9,6.55,Serie_A,2022-2023
Inter,37,16.3,0.562,0.855,12.8,6.76,27,2,34,16.8,0.552,0.856,13.7,6.66,35,1,9.5,16.1,7.9,10.5,1.8,6.76,12.9,14.1,8.6,12.9,1.8,6.66,16.3,5.1,5.8,11.7,6.76,16.8,5.7,5.7,9.7,6.66,34.08,36.0,1.92,310.0,0.11,6.76,15.11,13.0,-2.11,181.0,0.08,6.76,36.35,32.0,-4.35,320.0,0.11,6.66,21.63,26.0,4.37,245.0,0.09,6.66,25,3,6,2,1,8,1,4,0,1,21,4,5,2,2,15,5,3,3,2,23,2,56,459,15,0,51,356,23,1,53,466,15,0,57,368,18,3,0,9,30,3,0,4,0.38,0.28,0.34,0.33,0.31,0.36,0.16,0.75,0.1,0.2,0.65,0.14,0.15,0.73,0.12,0.22,0.57,0.21,0.09,0.56,0.35,0.06,0.54,0.4,0.12,0.56,0.33,0.04,0.6,0.36,0.27,0.43,0.3,0.29,0.43,0.28,16.3,5.7,1.4,9.2,6.76,1.9,0.3,1.3,0.3,6.76,510.6,32.7,22.9,403.9,51.0,6.76,12.1,2.6,9.5,6.76,0.3,0.2,0.2,0.1,0.0,0.9,1.4,6.76,7.5,5.8,13.3,6.76,16.1,6.3,22.4,6.76,7.9,6.76,12.9,6.76,2.4,1.5,7.8,6.76,1.8,6.76,11.7,10.5,6.76,1.4,0.1,6.76,2.3,0.2,1.4,0.7,6.76,13.8,7.7,6.76,22.6,12.8,9.7,6.76,16.8,5.5,1.9,9.4,6.66,1.8,0.6,0.8,0.2,6.66,513.5,27.2,24.3,412.6,49.5,6.66,13.1,2.1,11.1,6.66,0.2,0.0,0.1,0.0,0.0,0.9,1.2,6.66,7.2,5.7,12.9,6.66,14.1,7.7,21.8,6.66,8.6,6.66,13.6,6.66,3.4,1.1,6.7,6.66,1.8,6.66,9.7,12.9,6.66,1.8,0.1,6.66,2.8,0.1,1.7,1.0,6.66,12.8,6.0,6.66,25.8,13.7,12.2,6.66,Serie_A,2022-2023
Juventus,38,15.4,0.491,0.841,12.9,6.79,29,2,18,12.7,0.496,0.831,12.7,6.62,43,4,10.6,14.6,7.7,11.9,2.0,6.79,13.9,16.6,8.4,12.1,1.3,6.62,15.4,5.4,6.9,10.7,6.79,12.7,4.1,8.5,10.8,6.62,31.68,38.0,6.32,293.0,0.11,6.79,15.78,15.0,-0.78,201.0,0.08,6.79,25.03,18.0,-7.03,242.0,0.1,6.62,24.28,18.0,-6.28,265.0,0.09,6.62,17,4,15,2,0,11,0,2,2,0,12,2,3,1,0,10,2,4,2,0,20,1,54,409,17,1,50,432,19,1,57,386,20,1,49,399,19,3,0,10,34,5,0,8,0.4,0.26,0.33,0.4,0.26,0.34,0.23,0.6,0.17,0.17,0.62,0.21,0.22,0.67,0.11,0.2,0.59,0.21,0.08,0.56,0.35,0.06,0.48,0.46,0.09,0.57,0.34,0.08,0.46,0.46,0.28,0.45,0.27,0.3,0.44,0.27,15.4,5.5,1.3,8.7,6.79,2.0,0.4,1.3,0.3,6.79,457.7,30.1,22.9,355.1,49.7,6.79,11.4,2.5,8.8,6.79,0.7,0.2,0.2,0.1,0.0,0.5,1.5,6.79,9.7,6.9,16.6,6.79,14.6,7.2,21.8,6.79,7.7,6.79,15.8,6.79,3.2,1.4,7.5,6.79,2.0,6.79,10.7,11.9,6.79,1.5,0.1,6.79,2.6,0.1,1.2,1.3,6.79,14.8,8.5,6.79,24.3,12.9,11.3,6.79,12.7,4.3,1.2,7.3,6.62,0.9,0.3,0.5,0.2,6.62,437.5,30.5,24.9,332.9,49.2,6.62,9.9,2.4,7.5,6.62,0.1,0.0,0.0,0.0,0.0,0.6,0.7,6.62,7.9,8.5,16.4,6.62,16.6,7.1,23.7,6.62,8.4,6.62,18.9,6.62,3.7,1.6,7.8,6.62,1.3,6.62,10.8,12.1,6.62,2.3,0.2,6.62,2.6,0.2,1.2,1.3,6.62,15.8,9.9,6.62,26.7,12.7,13.9,6.62,Serie_A,2022-2023
Lazio,32,12.3,0.538,0.859,10.6,6.72,42,2,28,10.7,0.506,0.85,10.8,6.77,45,0,11.9,15.1,8.0,11.3,1.4,6.72,12.6,15.5,8.3,9.7,1.4,6.77,12.3,4.7,7.9,12.6,6.72,10.7,4.2,7.3,12.2,6.77,25.08,31.0,5.92,234.0,0.11,6.72,22.17,17.0,-5.17,226.0,0.1,6.72,25.53,28.0,2.47,204.0,0.13,6.77,21.83,12.0,-9.83,239.0,0.09,6.77,25,0,5,1,1,7,3,6,1,1,19,1,3,5,0,10,1,1,0,0,14,1,48,492,15,1,56,405,11,2,50,484,19,1,59,455,29,3,0,12,33,2,0,10,0.39,0.25,0.36,0.41,0.27,0.33,0.24,0.59,0.17,0.15,0.67,0.17,0.24,0.66,0.1,0.22,0.67,0.11,0.08,0.55,0.38,0.06,0.55,0.39,0.05,0.59,0.35,0.08,0.5,0.42,0.25,0.45,0.29,0.28,0.44,0.28,12.3,4.6,0.9,6.7,6.72,1.7,0.4,1.1,0.2,6.72,535.8,28.6,18.9,431.6,56.7,6.72,9.3,1.3,8.1,6.72,0.2,0.1,0.4,0.0,0.0,0.5,1.1,6.72,9.1,7.9,17.0,6.72,15.1,9.5,24.6,6.72,8.0,6.72,13.7,6.72,3.1,1.0,7.4,6.72,1.4,6.72,12.6,11.3,6.72,2.2,0.1,6.72,2.8,0.2,1.6,1.1,6.72,14.3,6.9,6.72,20.9,10.6,10.4,6.72,10.7,3.8,0.6,6.4,6.77,1.5,0.2,1.1,0.2,6.77,529.7,27.6,22.4,422.6,57.1,6.77,7.8,0.9,6.8,6.77,0.2,0.1,0.2,0.0,0.0,0.4,0.8,6.77,8.4,7.3,15.7,6.77,15.5,8.9,24.4,6.77,8.3,6.77,16.1,6.77,3.5,1.9,8.9,6.77,1.4,6.77,12.2,9.7,6.77,2.4,0.0,6.77,2.4,0.2,1.1,1.2,6.77,13.5,8.4,6.77,20.6,10.8,9.8,6.77,Serie_A,2022-2023
Lecce,18,12.6,0.424,0.731,14.8,6.48,45,1,15,9.4,0.393,0.716,15.1,6.51,40,1,10.1,17.2,8.3,15.1,1.9,6.48,13.5,19.9,11.1,14.1,1.6,6.51,12.6,3.2,6.5,12.3,6.48,9.4,2.7,6.6,10.8,6.51,21.66,16.0,-5.66,240.0,0.09,6.48,18.33,23.0,4.67,192.0,0.1,6.48,15.69,15.0,-0.69,178.0,0.09,6.51,24.85,20.0,-4.85,256.0,0.1,6.51,9,2,3,2,2,15,1,5,2,1,8,2,3,2,0,11,0,6,3,2,21,1,59,285,17,1,58,421,16,0,63,264,19,1,60,450,36,2,0,9,29,3,0,9,0.37,0.23,0.4,0.39,0.22,0.39,0.23,0.62,0.15,0.13,0.71,0.16,0.23,0.65,0.12,0.16,0.69,0.16,0.05,0.52,0.43,0.08,0.51,0.41,0.06,0.52,0.43,0.05,0.54,0.4,0.25,0.44,0.31,0.29,0.43,0.27,12.6,5.4,0.6,6.6,6.48,0.9,0.1,0.7,0.0,6.48,338.8,22.8,35.5,224.9,55.5,6.48,9.6,1.7,7.9,6.48,0.2,0.0,0.0,0.0,0.0,0.4,0.6,6.48,7.8,6.5,14.3,6.48,17.2,8.1,25.3,6.48,8.3,6.48,20.1,6.48,2.7,1.5,9.9,6.48,1.9,6.48,12.3,15.1,6.48,2.4,0.1,6.48,2.5,0.2,1.6,0.7,6.48,16.5,9.5,6.48,33.0,14.8,18.2,6.48,9.4,4.0,0.5,4.8,6.51,0.8,0.1,0.5,0.3,6.51,323.3,23.5,39.2,207.8,52.7,6.51,6.8,1.4,5.4,6.51,0.1,0.0,0.0,0.0,0.1,0.4,0.5,6.51,9.0,6.6,15.6,6.51,19.9,8.2,28.1,6.51,11.1,6.51,22.1,6.51,3.2,1.4,9.8,6.51,1.6,6.51,10.8,14.1,6.51,2.1,0.1,6.51,3.4,0.1,2.1,1.3,6.51,16.5,7.8,6.51,35.4,15.1,20.3,6.51,Serie_A,2022-2023
Monza,25,12.0,0.579,0.848,12.5,6.59,44,1,23,9.7,0.532,0.844,11.1,6.52,44,3,11.5,14.3,9.0,12.1,1.9,6.59,14.1,17.1,8.6,13.6,1.7,6.52,12.0,4.1,8.7,13.6,6.59,9.7,3.6,6.2,12.4,6.52,25.52,23.0,-2.52,228.0,0.11,6.59,24.48,21.0,-3.48,219.0,0.11,6.59,20.42,23.0,2.58,184.0,0.11,6.52,29.7,30.0,0.3,268.0,0.11,6.52,16,0,3,4,2,16,1,3,1,1,18,1,3,1,0,24,2,2,2,0,18,1,56,471,16,1,52,328,13,1,56,437,21,1,51,373,33,3,0,9,37,1,0,10,0.38,0.26,0.36,0.4,0.26,0.34,0.18,0.69,0.13,0.17,0.7,0.12,0.16,0.67,0.16,0.2,0.63,0.16,0.1,0.57,0.34,0.1,0.57,0.33,0.06,0.55,0.39,0.09,0.59,0.32,0.3,0.44,0.25,0.33,0.43,0.23,12.0,4.1,1.2,6.8,6.59,1.3,0.3,0.9,0.0,6.59,519.8,30.0,25.1,411.1,53.7,6.59,9.3,1.6,7.6,6.59,0.3,0.1,0.1,0.1,0.0,0.4,0.7,6.59,8.4,8.7,17.2,6.59,14.3,7.7,21.9,6.59,9.0,6.59,14.2,6.59,3.0,0.8,7.0,6.59,1.9,6.59,13.6,12.1,6.59,2.3,0.1,6.59,2.7,0.3,1.8,0.5,6.59,15.0,8.2,6.59,23.9,12.5,11.5,6.59,9.7,3.7,0.6,5.4,6.52,1.2,0.2,0.7,0.3,6.52,485.8,29.2,25.7,380.8,50.1,6.52,7.2,1.1,6.1,6.52,0.2,0.1,0.2,0.0,0.0,0.6,0.9,6.52,8.1,6.2,14.3,6.52,17.1,7.7,24.7,6.52,8.6,6.52,18.6,6.52,3.3,1.8,6.7,6.52,1.7,6.52,12.4,13.6,6.52,2.3,0.2,6.52,3.7,0.3,2.2,1.3,6.52,15.3,8.1,6.52,22.8,11.1,11.7,6.52,Serie_A,2022-2023
Napoli,40,18.2,0.635,0.884,13.5,6.84,16,0,37,14.2,0.608,0.872,12.1,6.79,31,1,9.0,14.6,7.2,9.3,1.5,6.84,10.2,15.4,7.9,11.2,1.6,6.79,18.2,6.3,9.4,11.5,6.84,14.2,5.5,8.3,13.2,6.79,33.61,40.0,6.39,345.0,0.1,6.84,14.28,15.0,0.72,171.0,0.08,6.84,34.91,35.0,0.09,270.0,0.13,6.79,18.0,13.0,-5.0,194.0,0.09,6.79,27,3,7,3,0,13,1,1,0,0,19,1,10,5,2,9,0,3,1,0,19,1,44,584,13,1,50,309,17,1,49,532,13,1,49,325,15,0,0,1,28,0,0,4,0.39,0.27,0.34,0.4,0.24,0.36,0.16,0.66,0.18,0.25,0.58,0.17,0.12,0.7,0.18,0.24,0.66,0.1,0.08,0.59,0.33,0.08,0.53,0.39,0.08,0.63,0.29,0.09,0.49,0.41,0.22,0.45,0.33,0.25,0.43,0.31,18.2,6.0,1.5,10.6,6.84,2.1,0.4,1.5,0.2,6.84,623.5,26.1,17.1,525.3,55.0,6.84,14.3,1.9,12.4,6.84,0.5,0.2,0.1,0.0,0.0,1.1,1.7,6.84,12.1,9.4,21.5,6.84,14.6,7.3,21.8,6.84,7.2,6.84,11.5,6.84,2.7,1.2,7.2,6.84,1.5,6.84,11.5,9.3,6.84,0.8,0.0,6.84,2.0,0.2,1.0,0.8,6.84,14.3,8.8,6.84,24.3,13.5,10.8,6.84,14.2,4.2,1.1,8.9,6.79,1.9,0.3,1.5,0.0,6.79,576.6,29.5,19.6,473.1,54.4,6.79,11.5,1.5,10.1,6.79,0.6,0.1,0.1,0.0,0.0,0.6,1.3,6.79,12.2,8.3,20.5,6.79,15.4,6.7,22.1,6.79,7.9,6.79,12.6,6.79,2.3,0.8,7.5,6.79,1.6,6.79,13.2,11.2,6.79,1.6,0.1,6.79,2.2,0.1,1.2,0.9,6.79,15.5,9.0,6.79,22.6,12.1,10.5,6.79,Serie_A,2022-2023
Roma,28,15.0,0.491,0.82,15.5,6.73,38,1,22,11.2,0.47,0.806,13.4,6.55,40,3,9.8,17.1,9.4,11.8,1.5,6.73,11.0,15.8,9.9,11.7,1.5,6.55,15.0,5.1,7.2,12.7,6.73,11.2,3.7,7.5,13.9,6.55,32.23,28.0,-4.23,285.0,0.11,6.73,16.88,15.0,-1.88,187.0,0.09,6.73,27.96,22.0,-5.96,213.0,0.13,6.55,15.71,22.0,6.29,209.0,0.08,6.55,13,2,9,4,0,12,0,2,1,0,14,1,4,3,0,14,2,5,1,1,18,2,56,382,14,1,52,406,14,2,56,365,16,0,53,423,30,3,0,6,32,1,0,12,0.34,0.28,0.37,0.35,0.28,0.37,0.19,0.66,0.15,0.18,0.65,0.18,0.13,0.69,0.17,0.2,0.65,0.15,0.11,0.55,0.34,0.06,0.46,0.48,0.11,0.54,0.35,0.05,0.39,0.56,0.26,0.46,0.28,0.29,0.46,0.26,15.0,5.1,1.6,8.3,6.73,1.5,0.1,1.1,0.3,6.73,433.8,30.0,25.5,325.7,52.7,6.73,11.3,2.5,8.8,6.73,0.4,0.2,0.1,0.0,0.0,0.5,1.0,6.73,9.6,7.2,16.8,6.73,17.1,9.0,26.1,6.73,9.4,6.73,14.1,6.73,2.9,0.7,6.8,6.73,1.5,6.73,12.7,11.8,6.73,2.0,0.1,6.73,2.1,0.1,0.7,1.3,6.73,14.3,8.4,6.73,26.3,15.5,10.8,6.73,11.2,3.9,1.2,6.1,6.55,1.2,0.4,0.5,0.3,6.55,418.6,26.1,29.7,311.1,51.7,6.55,8.1,1.4,6.6,6.55,0.2,0.1,0.1,0.1,0.0,0.4,0.7,6.55,11.6,7.5,19.1,6.55,15.8,8.5,24.3,6.55,9.9,6.55,14.7,6.55,3.1,1.6,7.8,6.55,1.5,6.55,13.9,11.7,6.55,2.1,0.2,6.55,2.2,0.1,1.0,1.2,6.55,15.1,8.4,6.55,25.4,13.4,12.1,6.55,Serie_A,2022-2023
Salernitana,30,10.7,0.447,0.797,12.3,6.59,42,2,18,9.4,0.445,0.778,15.7,6.43,42,2,14.8,14.9,8.5,12.3,1.7,6.59,16.5,16.0,8.8,12.6,1.8,6.43,10.7,3.3,6.9,12.2,6.59,9.4,2.9,6.9,10.9,6.43,20.47,29.0,8.53,204.0,0.1,6.59,33.08,26.0,-7.08,281.0,0.12,6.59,15.37,17.0,1.63,179.0,0.09,6.43,36.92,36.0,-0.92,313.0,0.12,6.43,20,3,5,1,1,20,1,3,2,0,13,1,2,1,1,22,1,8,5,0,15,1,54,343,17,1,50,440,15,1,58,346,19,1,54,447,35,4,0,5,35,3,0,7,0.36,0.24,0.39,0.33,0.24,0.43,0.13,0.64,0.22,0.21,0.63,0.16,0.17,0.68,0.16,0.21,0.66,0.13,0.06,0.51,0.43,0.09,0.57,0.34,0.08,0.49,0.44,0.08,0.61,0.32,0.29,0.46,0.25,0.31,0.45,0.25,10.7,4.6,0.7,5.5,6.59,1.6,0.3,0.8,0.4,6.59,392.2,22.4,30.3,289.9,49.5,6.59,7.9,1.4,6.5,6.59,0.3,0.0,0.2,0.1,0.0,0.6,1.1,6.59,8.9,6.9,15.8,6.59,14.9,7.2,22.1,6.59,8.5,6.59,17.2,6.59,4.2,1.3,6.9,6.59,1.7,6.59,12.2,12.3,6.59,2.2,0.1,6.59,3.4,0.4,2.5,0.6,6.59,13.7,7.7,6.59,26.7,12.3,14.5,6.59,9.4,4.1,0.7,4.6,6.43,0.9,0.2,0.6,0.2,6.43,398.9,24.3,32.3,285.9,56.4,6.43,6.8,0.9,5.9,6.43,0.1,0.0,0.1,0.1,0.0,0.5,0.7,6.43,8.7,6.9,15.7,6.43,16.0,9.2,25.2,6.43,8.8,6.43,19.4,6.43,4.1,1.6,6.3,6.43,1.8,6.43,10.9,12.6,6.43,2.2,0.1,6.43,3.6,0.4,2.2,1.0,6.43,15.9,8.3,6.43,32.2,15.7,16.5,6.43,Serie_A,2022-2023
Sampdoria,12,10.2,0.472,0.777,18.6,6.43,47,2,12,9.7,0.441,0.787,14.2,6.38,57,1,14.3,13.7,7.6,13.4,1.5,6.43,17.4,17.3,9.1,13.3,1.4,6.38,10.2,2.6,6.4,14.1,6.43,9.7,3.7,7.2,12.9,6.38,20.13,11.0,-9.13,193.0,0.1,6.43,32.56,28.0,-4.56,271.0,0.12,6.43,14.7,12.0,-2.7,185.0,0.08,6.38,35.94,41.0,5.06,331.0,0.11,6.38,7,1,2,1,1,18,2,5,3,0,10,0,2,0,0,23,5,8,5,2,17,1,57,351,17,1,58,401,15,1,55,336,21,2,52,442,42,2,0,6,49,2,0,8,0.35,0.27,0.38,0.35,0.27,0.38,0.15,0.7,0.14,0.23,0.62,0.15,0.14,0.66,0.19,0.23,0.64,0.13,0.06,0.57,0.37,0.08,0.6,0.32,0.04,0.6,0.36,0.07,0.62,0.31,0.29,0.44,0.27,0.31,0.44,0.25,10.2,3.8,0.6,5.8,6.43,0.6,0.1,0.5,0.1,6.43,402.5,25.0,30.8,287.8,58.9,6.43,7.5,1.1,6.4,6.43,0.3,0.1,0.1,0.0,0.0,0.1,0.4,6.43,7.2,6.4,13.5,6.43,13.7,7.7,21.5,6.43,7.6,6.43,16.1,6.43,3.5,0.8,6.8,6.43,1.5,6.43,14.1,13.4,6.43,2.5,0.1,6.43,3.4,0.1,2.2,1.2,6.43,15.2,8.2,6.43,35.7,18.6,17.1,6.43,9.7,3.5,0.4,5.8,6.38,0.6,0.2,0.4,0.1,6.38,386.8,25.5,28.7,278.8,53.8,6.38,6.8,1.1,5.8,6.38,0.0,0.0,0.1,0.0,0.0,0.4,0.5,6.38,7.7,7.2,14.9,6.38,17.3,7.8,25.1,6.38,9.1,6.38,18.3,6.38,4.5,1.5,7.7,6.38,1.4,6.38,12.9,13.3,6.38,3.0,0.1,6.38,4.3,0.1,3.2,1.1,6.38,14.9,9.4,6.38,31.1,14.2,16.8,6.38,Serie_A,2022-2023
Sassuolo,24,12.2,0.484,0.828,9.9,6.5,42,5,23,13.5,0.499,0.823,9.9,6.45,42,1,12.0,12.3,6.9,11.6,1.2,6.5,13.4,14.1,7.7,9.8,1.1,6.45,12.2,4.3,7.6,11.5,6.5,13.5,4.7,8.2,11.8,6.45,24.23,24.0,-0.23,231.0,0.1,6.5,24.62,23.0,-1.62,228.0,0.11,6.5,27.25,22.0,-5.25,256.0,0.11,6.45,26.49,36.0,9.51,255.0,0.1,6.45,13,2,3,6,0,18,2,2,1,0,15,1,3,3,1,27,0,6,3,2,16,1,54,388,19,2,57,414,17,1,59,386,17,1,56,392,32,4,0,13,35,2,0,7,0.41,0.26,0.33,0.38,0.27,0.35,0.29,0.51,0.21,0.21,0.65,0.14,0.18,0.61,0.21,0.2,0.66,0.14,0.03,0.59,0.37,0.11,0.57,0.33,0.08,0.58,0.34,0.06,0.58,0.36,0.3,0.41,0.29,0.27,0.44,0.29,12.2,4.6,0.4,7.2,6.5,1.3,0.1,1.1,0.1,6.5,437.2,28.9,24.8,333.1,50.3,6.5,9.4,1.3,8.1,6.5,0.2,0.0,0.1,0.0,0.0,0.5,0.7,6.5,9.0,7.6,16.6,6.5,12.3,6.7,19.1,6.5,6.9,6.5,16.1,6.5,2.7,2.2,5.9,6.5,1.2,6.5,11.5,11.6,6.5,2.2,0.3,6.5,2.1,0.3,1.1,0.7,6.5,13.4,9.6,6.5,21.4,9.9,11.4,6.5,13.5,4.6,1.1,7.8,6.45,1.2,0.4,0.8,0.0,6.45,438.7,31.9,25.5,328.9,52.3,6.45,10.2,1.2,9.0,6.45,0.5,0.2,0.1,0.0,0.0,0.4,0.9,6.45,9.6,8.2,17.8,6.45,14.1,6.2,20.3,6.45,7.7,6.45,15.5,6.45,3.7,1.5,7.2,6.45,1.1,6.45,11.8,9.8,6.45,2.2,0.1,6.45,1.7,0.1,1.0,0.6,6.45,14.7,9.6,6.45,21.8,9.9,11.9,6.45,Serie_A,2022-2023
Spezia,18,11.3,0.473,0.767,13.4,6.47,41,4,13,10.9,0.465,0.775,14.8,6.39,54,2,15.5,16.6,8.4,13.3,1.4,6.47,16.0,16.1,7.4,14.0,1.5,6.39,11.3,3.5,8.2,10.4,6.47,10.9,3.1,6.5,9.5,6.39,21.77,16.0,-5.77,215.0,0.1,6.47,29.66,28.0,-1.66,295.0,0.1,6.47,20.02,13.0,-7.02,208.0,0.1,6.39,32.1,31.0,-1.1,304.0,0.11,6.39,9,1,4,2,2,17,6,2,3,2,8,1,2,2,0,18,2,9,2,1,19,1,55,339,19,2,59,382,16,1,53,336,20,1,56,391,40,2,0,5,42,5,0,11,0.37,0.24,0.39,0.36,0.26,0.38,0.19,0.65,0.16,0.22,0.63,0.15,0.16,0.69,0.15,0.16,0.67,0.18,0.06,0.54,0.4,0.06,0.57,0.38,0.09,0.48,0.43,0.08,0.58,0.34,0.3,0.39,0.3,0.32,0.42,0.27,11.3,4.5,0.6,6.2,6.47,0.9,0.2,0.5,0.2,6.47,389.2,20.7,34.0,277.8,56.7,6.47,8.1,0.7,7.4,6.47,0.1,0.0,0.2,0.0,0.0,0.2,0.4,6.47,10.9,8.2,19.1,6.47,16.6,7.5,24.2,6.47,8.4,6.47,21.7,6.47,4.2,1.4,8.5,6.47,1.4,6.47,10.4,13.3,6.47,2.2,0.2,6.47,3.0,0.1,1.7,1.2,6.47,17.7,10.0,6.47,28.5,13.4,15.1,6.47,10.9,4.7,0.9,5.3,6.39,0.7,0.1,0.6,0.1,6.39,384.1,21.1,31.7,276.4,54.8,6.39,7.1,1.4,5.7,6.39,0.2,0.0,0.0,0.0,0.0,0.4,0.5,6.39,8.8,6.5,15.4,6.39,16.1,9.1,25.2,6.39,7.4,6.39,20.3,6.39,4.3,1.2,7.1,6.39,1.5,6.39,9.5,14.0,6.39,2.8,0.1,6.39,3.5,0.2,2.1,1.3,6.39,16.9,9.3,6.39,29.9,14.8,15.1,6.39,Serie_A,2022-2023
Torino,15,11.7,0.558,0.824,16.1,6.51,35,0,27,11.7,0.509,0.798,15.1,6.64,46,0,10.3,11.3,7.2,11.4,2.6,6.51,12.5,13.6,8.2,15.2,1.6,6.64,11.7,3.9,7.7,10.2,6.51,11.7,4.0,8.4,9.9,6.64,20.66,15.0,-5.66,223.0,0.09,6.51,17.21,19.0,1.79,195.0,0.09,6.51,26.46,26.0,-0.46,223.0,0.12,6.64,23.01,22.0,-1.01,238.0,0.1,6.64,12,0,2,1,0,12,0,4,3,0,20,1,4,1,1,13,1,6,2,0,18,1,59,437,14,0,64,329,15,1,59,389,18,1,58,370,24,3,0,8,34,3,0,9,0.39,0.25,0.36,0.41,0.26,0.33,0.2,0.65,0.16,0.17,0.66,0.17,0.19,0.67,0.14,0.18,0.66,0.16,0.08,0.58,0.34,0.04,0.57,0.39,0.08,0.62,0.3,0.07,0.51,0.42,0.24,0.44,0.32,0.28,0.44,0.28,11.7,4.0,0.9,6.8,6.51,0.8,0.2,0.6,0.1,6.51,489.0,25.3,32.9,377.5,53.3,6.51,9.8,1.7,8.1,6.51,0.1,0.0,0.1,0.1,0.0,0.4,0.6,6.51,10.1,7.7,17.8,6.51,11.3,4.4,15.7,6.51,7.2,6.51,13.5,6.51,2.4,1.4,5.6,6.51,2.6,6.51,10.2,11.4,6.51,1.8,0.0,6.51,2.2,0.0,1.3,0.8,6.51,16.4,8.8,6.51,32.5,16.1,16.4,6.51,11.7,3.5,0.9,7.3,6.64,1.4,0.3,0.9,0.2,6.64,443.6,23.6,35.0,330.4,54.6,6.64,9.9,1.2,8.8,6.64,0.3,0.0,0.1,0.1,0.0,0.8,1.2,6.64,9.2,8.4,17.5,6.64,13.6,4.7,18.3,6.64,8.2,6.64,17.5,6.64,3.4,1.6,6.4,6.64,1.6,6.64,9.9,15.2,6.64,2.4,0.0,6.64,2.8,0.2,1.2,1.5,6.64,16.2,7.7,6.64,31.9,15.1,16.8,6.64,Serie_A,2022-2023
Udinese,30,14.9,0.46,0.813,13.0,6.67,38,1,17,11.6,0.49,0.822,12.4,6.49,48,2,11.6,17.5,8.1,12.4,1.1,6.67,13.0,16.8,8.5,12.7,1.6,6.49,14.9,4.7,9.3,12.0,6.67,11.6,3.3,8.1,13.1,6.49,27.3,29.0,1.7,284.0,0.1,6.67,22.5,18.0,-4.5,220.0,0.1,6.67,20.68,17.0,-3.68,221.0,0.09,6.49,28.97,28.0,-0.97,247.0,0.12,6.49,19,3,6,1,1,11,1,3,3,2,11,3,3,0,0,20,2,3,3,0,16,1,53,341,17,1,54,409,13,1,52,369,20,1,49,383,28,3,0,8,39,3,0,9,0.37,0.27,0.36,0.37,0.28,0.36,0.2,0.69,0.11,0.15,0.69,0.16,0.18,0.67,0.16,0.18,0.64,0.18,0.06,0.52,0.42,0.1,0.55,0.35,0.06,0.55,0.39,0.08,0.6,0.33,0.28,0.45,0.27,0.31,0.43,0.27,14.9,6.3,0.9,7.8,6.67,1.6,0.3,1.1,0.2,6.67,389.5,28.4,24.2,288.4,48.5,6.67,11.1,1.6,9.5,6.67,0.4,0.1,0.2,0.1,0.0,0.8,1.4,6.67,11.3,9.3,20.6,6.67,17.5,7.6,25.1,6.67,8.1,6.67,16.5,6.67,2.9,1.5,7.8,6.67,1.1,6.67,12.0,12.4,6.67,2.0,0.1,6.67,2.4,0.3,1.3,0.8,6.67,17.0,8.6,6.67,23.5,13.0,10.5,6.67,11.6,4.6,0.7,6.4,6.49,0.9,0.3,0.5,0.1,6.49,417.2,27.4,24.3,315.4,50.1,6.49,9.2,1.5,7.6,6.49,0.2,0.1,0.1,0.1,0.0,0.5,0.8,6.49,11.8,8.1,19.9,6.49,16.8,8.5,25.3,6.49,8.5,6.49,18.3,6.49,3.8,2.1,8.4,6.49,1.6,6.49,13.1,12.7,6.49,2.5,0.1,6.49,2.4,0.3,1.5,0.6,6.49,16.7,9.1,6.49,23.3,12.4,10.9,6.49,Serie_A,2022-2023
Verona,20,11.9,0.39,0.693,22.2,6.5,51,1,11,10.0,0.42,0.72,20.7,6.44,53,2,14.5,14.9,8.7,12.9,1.8,6.5,13.9,16.9,9.0,15.4,2.2,6.44,11.9,3.7,7.4,11.2,6.5,10.0,2.6,7.0,9.0,6.44,20.54,19.0,-1.54,226.0,0.09,6.5,28.2,29.0,0.8,276.0,0.1,6.5,16.88,10.0,-6.88,190.0,0.09,6.44,23.64,27.0,3.36,265.0,0.09,6.44,11,2,5,1,1,21,3,5,0,3,7,0,3,0,1,23,2,1,1,0,17,1,60,255,17,1,63,438,18,0,60,278,17,1,63,408,43,3,0,6,46,0,0,9,0.37,0.28,0.34,0.35,0.29,0.36,0.21,0.67,0.12,0.18,0.65,0.17,0.2,0.62,0.17,0.18,0.66,0.15,0.07,0.5,0.43,0.06,0.59,0.35,0.11,0.49,0.41,0.05,0.52,0.42,0.28,0.44,0.28,0.28,0.44,0.28,11.9,5.2,0.8,5.9,6.5,1.1,0.2,0.7,0.1,6.5,311.5,25.6,34.1,190.2,61.7,6.5,8.5,1.6,6.9,6.5,0.3,0.1,0.1,0.1,0.0,0.4,0.7,6.5,9.6,7.4,17.1,6.5,14.9,6.8,21.8,6.5,8.7,6.5,18.6,6.5,3.2,1.3,8.3,6.5,1.8,6.5,11.2,12.9,6.5,2.7,0.1,6.5,4.0,0.2,2.1,1.7,6.5,15.5,8.3,6.5,43.5,22.2,21.3,6.5,10.0,4.1,1.1,4.9,6.44,0.6,0.3,0.2,0.1,6.44,332.5,25.3,33.5,214.1,59.7,6.44,7.5,1.3,6.2,6.44,0.2,0.1,0.1,0.0,0.0,0.3,0.5,6.44,8.9,7.0,15.9,6.44,16.9,7.2,24.1,6.44,9.0,6.44,19.2,6.44,4.4,0.9,7.6,6.44,2.2,6.44,9.0,15.4,6.44,2.8,0.1,6.44,2.8,0.1,1.4,1.4,6.44,14.9,9.1,6.44,38.3,20.7,17.6,6.44,Serie_A,2022-2023
AC Milan,28,16.2,0.539,0.833,14.5,6.81,29,1,41,15.4,0.546,0.833,13.0,6.81,44,2,9.2,18.3,10.9,11.9,2.3,6.81,11.9,18.4,7.7,12.6,1.9,6.81,16.2,4.5,13.3,14.3,6.81,15.4,5.8,10.7,12.7,6.81,30.53,26.0,-4.53,308.0,0.1,6.81,15.72,11.0,-4.72,175.0,0.09,6.81,32.2,40.0,7.8,292.0,0.11,6.81,21.22,18.0,-3.22,226.0,0.09,6.81,13,5,5,3,2,6,0,3,2,1,29,4,5,2,1,11,2,3,2,1,19,1,52,421,12,1,51,359,16,2,55,417,16,1,55,335,25,1,0,4,30,8,0,9,0.36,0.3,0.34,0.35,0.3,0.35,0.2,0.66,0.14,0.15,0.66,0.19,0.19,0.68,0.12,0.19,0.63,0.19,0.05,0.56,0.39,0.07,0.54,0.39,0.06,0.53,0.41,0.05,0.56,0.39,0.24,0.45,0.31,0.26,0.43,0.31,16.2,6.3,0.8,9.1,6.81,1.5,0.3,0.8,0.2,6.81,467.6,28.5,22.8,361.2,55.1,6.81,11.8,1.7,10.1,6.81,0.2,0.0,0.1,0.0,0.0,0.6,0.8,6.81,8.5,13.3,21.8,6.81,18.3,8.5,26.8,6.81,10.9,6.81,11.2,6.81,2.8,1.0,6.6,6.81,2.3,6.81,14.3,11.9,6.81,1.5,0.1,6.81,2.4,0.2,1.4,0.8,6.81,17.5,8.4,6.81,29.6,14.5,15.1,6.81,15.4,6.3,0.9,8.2,6.81,2.2,0.4,1.4,0.4,6.81,465.9,28.5,25.3,359.6,52.5,6.81,11.2,1.5,9.7,6.81,0.1,0.1,0.1,0.0,0.0,1.2,1.3,6.81,8.5,10.7,19.2,6.81,18.4,7.4,25.7,6.81,7.7,6.81,12.4,6.81,3.0,1.3,7.2,6.81,1.9,6.81,12.7,12.6,6.81,2.3,0.1,6.81,2.7,0.1,1.7,0.9,6.81,15.5,8.1,6.81,25.6,13.0,12.6,6.81,Serie_A,2021-2022
Atalanta,31,17.4,0.563,0.829,17.3,6.69,34,1,34,14.4,0.536,0.809,19.0,6.74,51,1,9.3,17.6,10.6,12.6,1.7,6.69,11.3,15.5,12.6,14.4,1.8,6.74,17.4,5.1,10.5,11.5,6.69,14.4,4.2,9.1,12.4,6.74,35.5,30.0,-5.5,331.0,0.11,6.69,24.9,27.0,2.1,177.0,0.14,6.69,32.57,32.0,-0.57,273.0,0.12,6.74,21.82,18.0,-3.82,214.0,0.1,6.74,22,0,3,5,1,12,4,6,5,2,28,3,1,0,2,12,6,0,0,1,21,1,50,492,10,2,64,361,14,1,57,442,15,1,62,369,29,2,0,4,39,0,0,14,0.37,0.26,0.37,0.39,0.25,0.36,0.17,0.65,0.18,0.16,0.68,0.16,0.17,0.72,0.12,0.24,0.58,0.18,0.06,0.62,0.32,0.1,0.51,0.4,0.09,0.6,0.32,0.03,0.57,0.4,0.22,0.43,0.35,0.25,0.44,0.31,17.4,5.6,1.1,10.8,6.69,1.6,0.3,1.1,0.2,6.69,535.4,24.8,23.8,419.2,67.6,6.69,13.9,1.8,12.1,6.69,0.3,0.1,0.3,0.1,0.0,0.6,1.3,6.69,9.3,10.5,19.7,6.69,17.6,8.1,25.7,6.69,10.6,6.69,9.8,6.69,1.7,0.6,9.5,6.69,1.7,6.69,11.5,12.6,6.69,1.8,0.1,6.69,2.6,0.1,1.5,1.0,6.69,19.1,8.9,6.69,29.6,17.3,12.3,6.69,14.4,4.5,1.2,8.6,6.74,1.8,0.3,1.2,0.2,6.74,493.4,25.9,30.7,373.2,63.7,6.74,11.4,1.3,10.1,6.74,0.1,0.0,0.1,0.0,0.0,1.1,1.3,6.74,6.9,9.1,16.0,6.74,15.5,9.6,25.1,6.74,12.6,6.74,14.3,6.74,3.4,1.2,8.4,6.74,1.8,6.74,12.4,14.4,6.74,2.7,0.1,6.74,2.3,0.1,1.3,0.9,6.74,17.6,10.8,6.74,34.2,19.0,15.2,6.74,Serie_A,2021-2022
Bologna,25,11.9,0.517,0.82,14.1,6.63,32,4,19,11.2,0.49,0.798,12.5,6.54,52,3,11.9,12.8,8.9,10.3,1.5,6.63,16.5,15.0,10.5,13.0,1.4,6.54,11.9,3.8,8.9,13.6,6.63,11.2,4.1,8.2,12.6,6.54,23.26,24.0,0.74,227.0,0.1,6.63,25.38,24.0,-1.38,227.0,0.11,6.63,22.89,19.0,-3.89,212.0,0.11,6.54,31.01,29.0,-2.01,313.0,0.1,6.54,17,1,4,2,1,17,2,2,3,0,10,0,7,2,0,15,2,7,5,2,18,1,52,415,15,1,54,386,14,2,56,365,21,1,55,378,23,7,0,8,43,1,0,13,0.36,0.26,0.38,0.33,0.26,0.41,0.21,0.63,0.17,0.18,0.63,0.19,0.21,0.66,0.14,0.16,0.64,0.19,0.07,0.51,0.41,0.07,0.51,0.43,0.07,0.51,0.42,0.08,0.55,0.37,0.29,0.43,0.27,0.33,0.43,0.24,11.9,4.9,0.9,6.1,6.63,1.3,0.4,0.7,0.2,6.63,462.7,27.4,23.8,352.2,59.3,6.63,9.2,1.7,7.5,6.63,0.3,0.2,0.3,0.0,0.0,0.4,1.0,6.63,7.3,8.9,16.2,6.63,12.8,7.6,20.4,6.63,8.9,6.63,15.1,6.63,2.8,1.2,6.9,6.63,1.5,6.63,13.6,10.3,6.63,1.7,0.2,6.63,2.9,0.1,1.6,1.2,6.63,13.6,7.2,6.63,27.2,14.1,13.1,6.63,11.2,4.7,0.7,5.7,6.54,1.0,0.2,0.6,0.2,6.54,415.8,26.6,29.1,305.3,54.9,6.54,8.9,1.9,7.0,6.54,0.3,0.1,0.1,0.0,0.0,0.3,0.7,6.54,7.1,8.2,15.3,6.54,15.0,8.8,23.8,6.54,10.5,6.54,19.5,6.54,3.9,1.1,6.6,6.54,1.4,6.54,12.6,13.0,6.54,2.7,0.2,6.54,4.0,0.2,2.2,1.6,6.54,16.0,8.7,6.54,27.1,12.5,14.5,6.54,Serie_A,2021-2022
Cagliari,20,12.1,0.464,0.755,18.4,6.51,39,1,14,10.3,0.415,0.749,18.8,6.45,51,4,13.7,14.3,10.6,14.5,1.7,6.51,15.5,15.1,10.3,14.4,1.9,6.45,12.1,3.5,6.9,14.1,6.51,10.3,3.1,6.4,11.7,6.45,23.7,20.0,-3.7,229.0,0.1,6.51,29.7,32.0,2.3,261.0,0.11,6.51,16.87,14.0,-2.87,195.0,0.09,6.45,36.78,35.0,-1.78,294.0,0.13,6.45,10,3,5,2,0,18,2,11,1,1,9,1,3,1,0,16,6,7,6,0,19,0,64,320,17,1,59,388,17,0,65,302,19,2,57,463,35,2,0,4,40,2,0,15,0.37,0.26,0.37,0.35,0.26,0.4,0.16,0.72,0.12,0.17,0.71,0.12,0.17,0.72,0.11,0.22,0.65,0.13,0.1,0.54,0.37,0.09,0.53,0.38,0.06,0.58,0.36,0.07,0.53,0.39,0.28,0.42,0.29,0.3,0.45,0.25,12.1,4.4,1.2,6.5,6.51,1.1,0.3,0.5,0.3,6.51,379.6,30.5,32.3,256.3,60.5,6.51,8.7,1.7,7.0,6.51,0.2,0.1,0.1,0.0,0.0,0.6,0.8,6.51,5.5,6.9,12.4,6.51,14.3,8.0,22.3,6.51,10.6,6.51,17.9,6.51,3.2,1.1,7.3,6.51,1.7,6.51,14.1,14.5,6.51,2.1,0.1,6.51,2.6,0.2,1.6,0.8,6.51,15.2,7.8,6.51,37.9,18.4,19.5,6.51,10.3,3.7,0.6,5.9,6.45,0.7,0.3,0.4,0.1,6.45,362.5,28.6,35.2,243.1,55.7,6.45,7.9,2.1,5.9,6.45,0.2,0.1,0.1,0.0,0.0,0.4,0.6,6.45,6.5,6.4,12.8,6.45,15.1,8.5,23.6,6.45,10.3,6.45,18.9,6.45,3.5,1.9,7.4,6.45,1.9,6.45,11.7,14.4,6.45,2.7,0.2,6.45,3.6,0.3,2.1,1.2,6.45,14.9,5.9,6.45,39.0,18.8,20.2,6.45,Serie_A,2021-2022
Empoli,28,14.6,0.483,0.787,10.7,6.47,36,4,22,11.6,0.455,0.791,12.2,6.58,45,1,16.6,14.7,10.3,13.8,2.1,6.47,18.6,15.2,8.2,12.8,2.3,6.58,14.6,4.8,8.1,13.1,6.47,11.6,3.8,7.3,11.3,6.58,25.93,27.0,1.07,277.0,0.09,6.47,41.79,43.0,1.21,315.0,0.13,6.47,20.62,20.0,-0.62,220.0,0.09,6.58,30.3,21.0,-9.3,353.0,0.09,6.58,18,1,5,3,1,30,3,5,5,1,12,0,4,4,2,18,0,3,0,5,20,1,52,354,19,2,65,370,17,1,49,342,23,1,59,407,32,4,0,6,42,3,0,2,0.36,0.24,0.39,0.33,0.24,0.43,0.24,0.62,0.15,0.22,0.64,0.14,0.21,0.6,0.18,0.18,0.65,0.17,0.05,0.58,0.36,0.1,0.58,0.32,0.08,0.51,0.41,0.09,0.58,0.33,0.29,0.41,0.3,0.33,0.4,0.27,14.6,5.3,0.8,8.5,6.47,1.5,0.2,1.1,0.2,6.47,399.0,22.9,27.7,291.3,57.1,6.47,10.1,1.6,8.5,6.47,0.2,0.0,0.1,0.0,0.0,0.6,0.9,6.47,6.7,8.1,14.7,6.47,14.7,7.9,22.6,6.47,10.3,6.47,15.3,6.47,4.1,1.5,7.4,6.47,2.1,6.47,13.1,13.8,6.47,1.9,0.2,6.47,3.8,0.3,2.2,1.3,6.47,14.6,9.8,6.47,25.5,10.7,14.8,6.47,11.6,4.8,0.9,5.9,6.58,1.2,0.3,0.7,0.1,6.58,383.7,21.1,26.4,282.3,53.9,6.58,8.0,0.7,7.3,6.58,0.3,0.1,0.1,0.0,0.0,0.3,0.6,6.58,6.8,7.3,14.1,6.58,15.2,9.6,24.8,6.58,8.2,6.58,22.9,6.58,5.2,1.6,7.1,6.58,2.3,6.58,11.3,12.8,6.58,2.4,0.1,6.58,4.2,0.4,2.4,1.5,6.58,16.1,7.8,6.58,26.4,12.2,14.2,6.58,Serie_A,2021-2022
Fiorentina,38,15.5,0.595,0.868,11.2,6.72,33,3,21,11.5,0.565,0.839,13.8,6.43,45,5,7.8,12.2,6.8,11.5,1.6,6.72,10.9,14.5,6.0,12.9,1.4,6.43,15.5,6.4,7.5,15.2,6.72,11.5,3.4,8.4,14.5,6.43,38.11,38.0,-0.11,295.0,0.13,6.72,18.35,18.0,-0.35,148.0,0.12,6.72,24.12,21.0,-3.12,218.0,0.11,6.43,26.02,31.0,4.98,208.0,0.13,6.43,24,2,8,4,0,13,0,4,1,2,13,1,2,5,0,24,1,4,2,0,22,1,62,466,10,1,49,317,19,1,67,426,14,2,53,330,29,4,0,6,43,2,0,7,0.36,0.29,0.35,0.37,0.26,0.37,0.13,0.7,0.17,0.17,0.67,0.15,0.18,0.66,0.16,0.22,0.64,0.14,0.1,0.58,0.32,0.04,0.67,0.29,0.06,0.62,0.32,0.07,0.63,0.29,0.25,0.42,0.32,0.27,0.43,0.3,15.5,4.9,1.6,9.0,6.72,2.0,0.5,1.2,0.3,6.72,523.2,37.3,23.9,416.6,45.3,6.72,11.4,1.9,9.5,6.72,0.2,0.0,0.1,0.1,0.0,0.8,1.1,6.72,6.7,7.5,14.2,6.72,12.2,6.1,18.3,6.72,6.8,6.72,9.1,6.72,1.6,0.7,7.3,6.72,1.6,6.72,15.2,11.5,6.72,1.7,0.2,6.72,1.9,0.1,1.1,0.7,6.72,15.9,7.5,6.72,22.3,11.2,11.1,6.72,11.5,3.6,0.7,7.1,6.43,1.1,0.2,0.8,0.1,6.43,488.4,40.5,25.7,369.1,53.1,6.43,9.0,1.8,7.2,6.43,0.2,0.0,0.0,0.0,0.0,0.5,0.7,6.43,5.9,8.4,14.3,6.43,14.5,8.2,22.7,6.43,6.0,6.43,11.8,6.43,3.2,0.8,6.7,6.43,1.4,6.43,14.5,12.9,6.43,2.4,0.3,6.43,2.1,0.1,1.3,0.7,6.43,16.6,6.9,6.43,26.9,13.8,13.1,6.43,Serie_A,2021-2022
Genoa,14,11.7,0.442,0.734,20.1,6.53,44,2,13,9.5,0.423,0.74,13.6,6.42,44,1,13.2,19.2,11.8,14.7,2.2,6.53,15.3,19.7,11.8,15.1,1.6,6.42,11.7,3.2,7.8,13.8,6.53,9.5,2.9,8.1,12.5,6.42,20.95,13.0,-7.95,223.0,0.09,6.53,24.52,24.0,-0.52,251.0,0.1,6.53,19.01,13.0,-6.01,181.0,0.11,6.42,33.84,34.0,0.16,290.0,0.12,6.42,8,0,2,3,1,18,2,3,1,1,8,0,2,3,0,21,0,8,3,1,20,1,58,313,17,1,66,410,15,0,59,313,17,1,62,447,35,4,0,9,41,2,0,2,0.39,0.26,0.35,0.36,0.28,0.36,0.21,0.67,0.12,0.15,0.71,0.13,0.16,0.7,0.14,0.2,0.67,0.13,0.04,0.53,0.42,0.08,0.57,0.35,0.04,0.52,0.44,0.11,0.53,0.36,0.27,0.43,0.29,0.3,0.45,0.25,11.7,4.9,0.5,6.3,6.53,0.7,0.1,0.6,0.0,6.53,366.8,24.5,32.6,244.9,64.9,6.53,8.2,1.4,6.8,6.53,0.2,0.1,0.1,0.1,0.0,0.2,0.5,6.53,7.5,7.8,15.3,6.53,19.2,8.9,28.1,6.53,11.8,6.53,17.8,6.53,3.1,1.8,9.3,6.53,2.2,6.53,13.8,14.7,6.53,2.3,0.1,6.53,3.3,0.1,1.8,1.3,6.53,20.1,11.1,6.53,40.5,20.1,20.4,6.53,9.5,4.2,0.4,4.9,6.42,0.7,0.1,0.6,0.0,6.42,368.6,23.0,35.6,249.7,60.3,6.42,6.7,1.3,5.5,6.42,0.2,0.1,0.1,0.0,0.0,0.3,0.5,6.42,7.2,8.1,15.3,6.42,19.7,11.0,30.7,6.42,11.8,6.42,18.7,6.42,4.0,1.3,9.3,6.42,1.6,6.42,12.5,15.1,6.42,2.3,0.1,6.42,3.4,0.4,1.6,1.4,6.42,18.4,8.6,6.42,32.9,13.6,19.4,6.42,Serie_A,2021-2022
Inter,48,19.8,0.566,0.869,14.7,6.9,29,1,36,15.8,0.57,0.858,14.4,6.76,42,0,9.8,14.7,8.4,12.4,2.0,6.9,11.4,16.2,9.1,12.2,1.0,6.76,19.8,8.1,7.7,10.7,6.9,15.8,5.3,5.7,11.0,6.76,48.5,47.0,-1.5,377.0,0.13,6.9,17.62,16.0,-1.62,186.0,0.09,6.9,38.27,36.0,-2.27,301.0,0.13,6.76,23.67,15.0,-8.67,216.0,0.11,6.76,30,6,9,2,1,14,0,1,1,0,22,2,7,5,0,8,0,4,3,1,23,1,50,486,11,1,52,366,20,1,55,479,16,1,51,350,21,1,0,8,31,3,0,8,0.39,0.28,0.33,0.37,0.28,0.35,0.17,0.69,0.15,0.17,0.66,0.18,0.14,0.74,0.13,0.17,0.67,0.16,0.11,0.6,0.29,0.08,0.54,0.39,0.09,0.63,0.28,0.11,0.52,0.37,0.23,0.43,0.34,0.29,0.43,0.29,19.8,5.8,2.1,11.9,6.9,2.5,0.5,1.8,0.2,6.9,531.3,31.6,17.5,429.9,52.3,6.9,14.5,2.9,11.6,6.9,0.7,0.3,0.2,0.0,0.0,1.0,1.9,6.9,6.1,7.7,13.8,6.9,14.7,8.3,23.1,6.9,8.4,6.9,10.5,6.9,2.7,0.8,6.7,6.9,2.0,6.9,10.7,12.4,6.9,1.5,0.1,6.9,2.4,0.2,1.3,0.9,6.9,13.3,6.8,6.9,26.9,14.7,12.2,6.9,15.8,4.4,1.4,10.1,6.76,1.9,0.3,1.4,0.2,6.76,529.6,34.7,20.0,419.5,55.4,6.76,12.0,2.1,9.9,6.76,0.5,0.2,0.1,0.0,0.0,0.7,1.2,6.76,5.3,5.7,11.0,6.76,16.2,7.4,23.6,6.76,9.1,6.76,13.4,6.76,3.1,1.5,6.5,6.76,1.0,6.76,11.0,12.2,6.76,2.2,0.0,6.76,2.6,0.2,1.4,1.1,6.76,15.3,6.1,6.76,27.5,14.4,13.1,6.76,Serie_A,2021-2022
Juventus,25,14.7,0.531,0.853,14.3,6.74,42,1,32,12.8,0.502,0.84,15.1,6.71,33,1,9.9,15.9,8.6,14.1,2.2,6.74,13.5,13.3,8.9,12.6,1.7,6.71,14.7,4.5,10.2,12.9,6.74,12.8,4.5,9.2,13.6,6.71,30.93,25.0,-5.93,280.0,0.11,6.74,15.48,13.0,-2.48,188.0,0.08,6.74,27.59,31.0,3.41,243.0,0.11,6.71,24.68,23.0,-1.68,257.0,0.1,6.71,16,2,6,1,0,8,2,2,1,1,24,0,3,4,1,10,2,8,3,0,17,1,57,433,17,1,48,382,13,1,59,429,21,1,49,426,34,2,0,7,26,5,0,4,0.36,0.28,0.36,0.35,0.27,0.38,0.18,0.66,0.16,0.18,0.69,0.13,0.18,0.66,0.16,0.22,0.61,0.16,0.09,0.56,0.35,0.06,0.45,0.49,0.08,0.54,0.38,0.06,0.53,0.41,0.28,0.44,0.28,0.32,0.44,0.24,14.7,5.2,1.3,8.3,6.74,1.3,0.4,0.8,0.1,6.74,484.4,34.2,21.8,378.9,49.5,6.74,10.9,2.1,8.8,6.74,0.2,0.1,0.1,0.1,0.0,0.6,1.0,6.74,6.7,10.2,16.9,6.74,15.9,8.1,24.1,6.74,8.6,6.74,13.8,6.74,2.7,1.6,6.6,6.74,2.2,6.74,12.9,14.1,6.74,2.2,0.1,6.74,2.1,0.1,1.1,0.9,6.74,15.3,7.6,6.74,25.6,14.3,11.4,6.74,12.8,4.9,1.0,6.9,6.71,1.7,0.2,1.2,0.2,6.71,482.5,33.1,24.7,372.5,52.3,6.71,9.5,1.3,8.2,6.71,0.3,0.1,0.1,0.0,0.0,0.8,1.2,6.71,7.5,9.2,16.6,6.71,13.3,7.3,20.6,6.71,8.9,6.71,19.5,6.71,4.3,1.4,7.0,6.71,1.7,6.71,13.6,12.6,6.71,1.7,0.1,6.71,2.5,0.1,1.3,1.2,6.71,16.6,8.8,6.71,27.2,15.1,12.1,6.71,Serie_A,2021-2022
Lazio,42,13.7,0.566,0.881,10.5,6.78,32,2,35,10.2,0.542,0.858,11.4,6.59,50,3,11.3,14.6,8.2,10.9,1.2,6.78,13.5,15.8,8.4,12.3,1.1,6.59,13.7,5.5,9.7,11.9,6.78,10.2,4.8,7.9,11.7,6.59,32.35,42.0,9.65,261.0,0.12,6.78,24.95,25.0,0.05,214.0,0.12,6.78,25.03,32.0,6.97,193.0,0.13,6.59,26.45,32.0,5.55,257.0,0.1,6.59,29,2,8,3,0,15,2,3,5,0,23,2,3,4,3,23,2,7,0,1,17,2,46,543,14,1,56,395,13,1,50,506,18,1,56,408,23,4,0,8,39,2,0,14,0.37,0.26,0.37,0.35,0.26,0.4,0.18,0.68,0.13,0.2,0.64,0.16,0.18,0.66,0.16,0.21,0.66,0.13,0.09,0.54,0.37,0.1,0.56,0.34,0.08,0.56,0.36,0.07,0.54,0.39,0.23,0.46,0.3,0.28,0.44,0.27,13.7,5.1,1.3,7.4,6.78,2.2,0.5,1.4,0.3,6.78,585.5,29.1,16.5,487.0,53.0,6.78,10.7,1.6,9.1,6.78,0.6,0.1,0.3,0.2,0.0,0.6,1.5,6.78,7.2,9.7,16.9,6.78,14.6,10.5,25.1,6.78,8.2,6.78,12.4,6.78,3.5,1.1,8.9,6.78,1.2,6.78,11.9,10.9,6.78,1.7,0.1,6.78,2.5,0.1,1.5,0.9,6.78,14.2,6.7,6.78,21.1,10.5,10.5,6.78,10.2,3.7,0.8,5.7,6.59,1.8,0.3,1.4,0.0,6.59,551.1,29.3,20.2,443.3,58.3,6.59,7.5,1.2,6.4,6.59,0.2,0.1,0.2,0.0,0.0,0.9,1.3,6.59,7.3,7.9,15.2,6.59,15.8,9.7,25.5,6.59,8.4,6.59,16.1,6.59,4.1,1.0,5.4,6.59,1.1,6.59,11.7,12.3,6.59,2.6,0.2,6.59,2.2,0.1,1.3,0.8,6.59,15.0,7.7,6.59,23.6,11.4,12.2,6.59,Serie_A,2021-2022
Napoli,37,17.7,0.608,0.885,10.8,6.75,28,1,37,12.7,0.567,0.852,10.5,6.81,35,1,9.7,13.6,6.5,11.6,1.8,6.75,12.4,15.3,9.1,12.6,1.7,6.81,17.7,5.7,9.1,12.8,6.75,12.7,4.8,9.7,12.5,6.81,32.88,37.0,4.12,337.0,0.1,6.75,15.45,15.0,-0.45,184.0,0.08,6.75,29.19,37.0,7.81,242.0,0.12,6.81,20.74,15.0,-5.74,235.0,0.09,6.81,20,0,8,9,0,13,0,2,0,1,25,3,8,1,0,8,2,4,1,0,16,1,44,550,11,1,51,332,13,1,51,492,18,1,47,360,20,2,0,7,27,1,0,8,0.37,0.26,0.36,0.35,0.27,0.38,0.2,0.6,0.2,0.21,0.61,0.18,0.19,0.65,0.16,0.15,0.64,0.21,0.06,0.55,0.39,0.05,0.54,0.41,0.1,0.5,0.4,0.06,0.54,0.4,0.23,0.47,0.32,0.29,0.44,0.27,17.7,6.9,1.0,9.8,6.75,1.9,0.3,1.4,0.3,6.75,590.2,27.3,16.6,495.0,51.3,6.75,13.5,2.2,11.3,6.75,0.2,0.1,0.1,0.1,0.0,0.9,1.2,6.75,6.8,9.1,15.9,6.75,13.6,8.1,21.7,6.75,6.5,6.75,9.7,6.75,2.8,0.9,7.2,6.75,1.8,6.75,12.8,11.6,6.75,1.5,0.1,6.75,2.4,0.1,1.7,0.6,6.75,14.3,7.6,6.75,21.4,10.8,10.6,6.75,12.7,5.1,1.3,6.4,6.81,1.9,0.5,1.0,0.4,6.81,538.2,28.6,22.3,429.7,57.6,6.81,10.2,1.4,8.8,6.81,0.4,0.1,0.0,0.2,0.0,1.2,1.6,6.81,5.7,9.7,15.4,6.81,15.3,10.3,25.6,6.81,9.1,6.81,15.2,6.81,2.9,1.3,6.7,6.81,1.7,6.81,12.5,12.6,6.81,1.8,0.1,6.81,3.2,0.2,1.6,1.4,6.81,13.4,7.8,6.81,21.4,10.5,10.8,6.81,Serie_A,2021-2022
Roma,26,16.3,0.492,0.824,13.2,6.74,49,5,33,15.4,0.532,0.833,14.6,6.66,50,3,9.5,16.0,10.4,12.6,1.3,6.74,10.3,16.3,9.8,13.7,1.9,6.66,16.3,5.2,9.3,12.4,6.74,15.4,5.3,8.2,12.6,6.66,32.82,26.0,-6.82,309.0,0.11,6.74,19.12,16.0,-3.12,180.0,0.11,6.74,35.11,32.0,-3.11,292.0,0.12,6.66,23.91,25.0,1.09,195.0,0.12,6.66,13,2,10,1,0,9,0,6,1,0,16,3,7,6,1,15,3,3,4,2,20,1,57,381,14,1,52,410,19,1,57,415,13,1,52,368,46,2,0,10,36,6,0,13,0.35,0.27,0.38,0.34,0.3,0.36,0.24,0.6,0.16,0.19,0.68,0.13,0.13,0.72,0.15,0.17,0.61,0.21,0.1,0.5,0.4,0.08,0.52,0.4,0.12,0.56,0.32,0.05,0.55,0.39,0.25,0.45,0.29,0.27,0.44,0.29,16.3,6.5,1.6,8.2,6.74,1.4,0.4,0.8,0.2,6.74,435.1,31.9,24.8,326.5,51.8,6.74,12.2,1.9,10.2,6.74,0.2,0.1,0.2,0.1,0.0,0.4,0.8,6.74,8.6,9.3,17.8,6.74,16.0,9.5,25.5,6.74,10.4,6.74,14.0,6.74,2.6,1.4,7.8,6.74,1.3,6.74,12.4,12.6,6.74,2.6,0.3,6.74,2.6,0.1,1.4,1.1,6.74,16.5,8.1,6.74,25.2,13.2,12.0,6.74,15.4,4.9,1.8,8.6,6.66,1.7,0.3,1.3,0.1,6.66,467.3,29.7,26.4,359.7,51.4,6.66,10.7,1.7,9.1,6.66,0.3,0.2,0.1,0.1,0.0,0.6,1.0,6.66,7.2,8.2,15.4,6.66,16.3,8.4,24.6,6.66,9.8,6.66,12.7,6.66,1.7,1.1,8.0,6.66,1.9,6.66,12.6,13.7,6.66,2.6,0.2,6.66,2.9,0.2,1.5,1.3,6.66,15.8,7.0,6.66,26.3,14.6,11.6,6.66,Serie_A,2021-2022
Salernitana,17,12.0,0.424,0.776,18.6,6.42,36,3,16,10.7,0.38,0.753,16.4,6.44,52,2,14.3,14.6,9.2,13.0,1.0,6.42,16.8,13.9,9.4,13.0,1.2,6.44,12.0,3.4,7.7,14.6,6.42,10.7,3.9,8.8,12.9,6.44,22.15,16.0,-6.15,228.0,0.1,6.42,31.5,37.0,5.5,271.0,0.12,6.42,19.9,16.0,-3.9,203.0,0.1,6.44,38.02,39.0,0.98,320.0,0.12,6.44,9,0,5,2,1,28,3,2,4,2,7,1,6,2,0,30,1,6,2,0,21,0,50,307,17,1,54,443,16,0,54,276,22,2,52,488,33,2,0,5,40,6,0,10,0.38,0.29,0.33,0.4,0.26,0.33,0.15,0.72,0.13,0.16,0.66,0.19,0.17,0.7,0.13,0.18,0.65,0.17,0.07,0.56,0.37,0.08,0.55,0.37,0.07,0.49,0.44,0.09,0.55,0.36,0.28,0.44,0.28,0.31,0.44,0.25,12.0,4.5,0.8,6.7,6.42,0.9,0.1,0.6,0.2,6.42,353.3,25.2,23.9,248.9,55.2,6.42,8.6,2.0,6.6,6.42,0.2,0.1,0.0,0.0,0.0,0.2,0.4,6.42,7.2,7.7,14.9,6.42,14.6,6.6,21.2,6.42,9.2,6.42,17.9,6.42,3.3,1.0,5.4,6.42,1.0,6.42,14.6,13.0,6.42,1.9,0.2,6.42,3.3,0.1,1.8,1.4,6.42,15.9,8.0,6.42,33.2,18.6,14.6,6.42,10.7,4.7,0.8,5.2,6.44,0.8,0.2,0.5,0.1,6.44,325.7,25.6,27.9,219.7,52.5,6.44,7.5,1.3,6.2,6.44,0.2,0.1,0.1,0.1,0.0,0.4,0.6,6.44,7.1,8.8,15.9,6.44,13.9,9.3,23.2,6.44,9.4,6.44,21.0,6.44,4.4,1.4,7.6,6.44,1.2,6.44,12.9,13.0,6.44,2.7,0.1,6.44,4.3,0.1,2.5,1.7,6.44,16.5,9.4,6.44,29.0,16.4,12.6,6.44,Serie_A,2021-2022
Sampdoria,29,11.4,0.461,0.776,16.5,6.58,50,2,17,9.2,0.453,0.78,16.2,6.49,42,2,12.9,14.8,12.1,13.1,2.0,6.58,16.3,14.7,11.2,13.0,2.3,6.49,11.4,3.7,6.2,13.8,6.58,9.2,2.8,5.8,13.2,6.49,22.5,27.0,4.5,217.0,0.1,6.58,26.26,30.0,3.74,246.0,0.11,6.58,17.73,15.0,-2.73,174.0,0.1,6.49,33.5,31.0,-2.5,310.0,0.11,6.49,16,1,8,2,2,23,1,4,2,2,8,2,5,0,2,24,3,3,1,0,20,1,61,340,19,1,56,417,14,1,59,362,22,1,56,447,41,0,0,11,37,2,0,6,0.34,0.28,0.38,0.34,0.25,0.4,0.12,0.68,0.2,0.23,0.61,0.16,0.14,0.65,0.22,0.19,0.65,0.16,0.08,0.59,0.33,0.08,0.6,0.33,0.07,0.56,0.37,0.08,0.56,0.36,0.28,0.44,0.28,0.33,0.44,0.23,11.4,3.8,0.9,6.7,6.58,1.5,0.3,1.0,0.2,6.58,395.8,29.7,30.4,277.4,58.4,6.58,8.6,1.4,7.2,6.58,0.3,0.0,0.1,0.1,0.0,0.6,1.0,6.58,5.1,6.2,11.3,6.58,14.8,9.4,24.2,6.58,12.1,6.58,15.3,6.58,2.6,1.8,5.8,6.58,2.0,6.58,13.8,13.1,6.58,2.6,0.1,6.58,3.2,0.1,1.9,1.1,6.58,14.5,7.4,6.58,30.2,16.5,13.7,6.58,9.2,3.4,0.7,5.1,6.49,0.9,0.2,0.6,0.0,6.49,415.1,25.6,31.9,298.1,59.4,6.49,7.0,1.3,5.7,6.49,0.2,0.0,0.1,0.0,0.0,0.3,0.6,6.49,5.1,5.8,10.9,6.49,14.7,8.6,23.3,6.49,11.2,6.49,20.1,6.49,4.4,1.5,7.3,6.49,2.3,6.49,13.2,13.0,6.49,2.2,0.1,6.49,3.4,0.3,1.6,1.5,6.49,14.1,6.8,6.49,29.4,16.2,13.2,6.49,Serie_A,2021-2022
Sassuolo,27,15.6,0.577,0.859,8.6,6.57,39,3,37,14.7,0.527,0.847,9.8,6.6,49,1,12.1,11.5,9.1,11.5,0.8,6.57,15.9,13.8,7.5,12.8,1.5,6.6,15.6,5.6,10.9,12.9,6.57,14.7,5.6,10.3,12.3,6.6,28.38,24.0,-4.38,297.0,0.1,6.57,27.72,30.0,2.28,230.0,0.12,6.57,33.16,36.0,2.84,279.0,0.12,6.6,38.99,35.0,-3.99,302.0,0.13,6.6,16,1,4,3,3,18,1,6,5,0,30,1,1,4,1,22,0,10,3,1,16,1,53,471,17,1,46,335,12,2,53,429,19,2,49,379,31,3,0,9,43,1,0,7,0.36,0.31,0.34,0.35,0.3,0.35,0.21,0.62,0.16,0.17,0.71,0.12,0.23,0.59,0.19,0.17,0.7,0.13,0.06,0.5,0.44,0.1,0.6,0.3,0.06,0.54,0.4,0.12,0.61,0.27,0.29,0.42,0.28,0.3,0.43,0.27,15.6,6.9,1.0,7.7,6.57,1.4,0.2,0.8,0.2,6.57,520.1,30.6,21.7,416.0,51.8,6.57,11.4,1.3,10.1,6.57,0.4,0.1,0.1,0.1,0.0,0.4,0.8,6.57,7.1,10.9,17.9,6.57,11.5,8.9,20.4,6.57,9.1,6.57,16.6,6.57,2.7,1.2,7.5,6.57,0.8,6.57,12.9,11.5,6.57,2.1,0.2,6.57,2.8,0.3,1.5,1.0,6.57,16.5,10.7,6.57,18.8,8.6,10.3,6.57,14.7,5.9,0.8,7.9,6.6,1.9,0.4,1.3,0.3,6.6,477.4,30.6,20.9,373.5,52.3,6.6,11.3,1.3,10.1,6.6,0.2,0.1,0.3,0.0,0.0,0.8,1.3,6.6,7.4,10.3,17.7,6.6,13.8,8.9,22.7,6.6,7.5,6.6,15.9,6.6,4.0,1.4,8.1,6.6,1.5,6.6,12.3,12.8,6.6,2.6,0.1,6.6,3.1,0.5,2.0,0.6,6.6,15.2,9.6,6.6,20.9,9.8,11.1,6.6,Serie_A,2021-2022
Spezia,21,10.7,0.4,0.741,15.3,6.54,44,2,20,9.6,0.449,0.788,13.1,6.44,43,2,17.1,15.4,10.6,13.7,2.5,6.54,16.8,15.1,8.9,13.0,1.5,6.44,10.7,3.5,8.0,11.1,6.54,9.6,3.6,7.4,12.0,6.44,23.6,19.0,-4.6,203.0,0.12,6.54,33.57,28.0,-5.57,324.0,0.1,6.54,19.98,19.0,-0.98,183.0,0.11,6.44,35.88,40.0,4.12,320.0,0.11,6.44,12,2,5,0,2,21,1,2,4,2,15,0,1,3,1,22,1,11,6,1,14,1,63,275,19,1,60,448,14,1,57,353,19,1,51,449,31,6,0,10,32,1,0,12,0.39,0.27,0.35,0.41,0.26,0.33,0.18,0.62,0.2,0.2,0.67,0.13,0.21,0.6,0.19,0.16,0.67,0.17,0.08,0.56,0.36,0.04,0.56,0.39,0.06,0.49,0.45,0.05,0.63,0.32,0.32,0.41,0.27,0.31,0.45,0.24,10.7,3.8,0.9,5.9,6.54,1.1,0.3,0.5,0.2,6.54,331.7,26.8,34.5,218.8,51.5,6.54,7.8,1.7,6.1,6.54,0.3,0.1,0.1,0.1,0.0,0.4,0.7,6.54,7.6,8.0,15.6,6.54,15.4,7.7,23.1,6.54,10.6,6.54,19.4,6.54,4.7,1.1,7.1,6.54,2.5,6.54,11.1,13.7,6.54,2.3,0.1,6.54,3.3,0.1,1.9,1.3,6.54,17.4,9.2,6.54,30.5,15.3,15.3,6.54,9.6,4.3,0.6,4.7,6.44,1.1,0.2,0.6,0.2,6.44,404.2,23.8,32.9,294.8,52.7,6.44,6.9,0.5,6.4,6.44,0.3,0.1,0.0,0.0,0.0,0.4,0.6,6.44,5.8,7.4,13.2,6.44,15.1,9.1,24.2,6.44,8.9,6.44,18.2,6.44,4.6,1.3,8.2,6.44,1.5,6.44,12.0,13.0,6.44,2.3,0.1,6.44,4.1,0.2,2.7,1.3,6.44,16.8,9.3,6.44,29.2,13.1,16.1,6.44,Serie_A,2021-2022
Torino,29,14.2,0.525,0.783,21.9,6.68,34,1,17,10.8,0.55,0.796,19.3,6.57,51,2,10.1,13.1,10.1,15.8,2.5,6.68,10.7,14.8,12.2,17.6,1.9,6.57,14.2,4.6,7.8,12.3,6.68,10.8,3.5,7.7,11.9,6.57,30.33,28.0,-2.33,270.0,0.11,6.68,22.38,21.0,-1.38,192.0,0.12,6.68,22.3,15.0,-7.3,206.0,0.11,6.57,19.9,20.0,0.1,203.0,0.1,6.57,20,1,6,1,1,13,0,3,5,0,9,0,1,5,2,10,2,4,4,0,18,1,61,372,13,1,67,326,18,1,59,386,17,1,59,303,31,0,0,4,43,8,0,4,0.38,0.27,0.34,0.37,0.25,0.38,0.17,0.68,0.15,0.2,0.68,0.12,0.16,0.71,0.13,0.18,0.66,0.16,0.1,0.54,0.36,0.06,0.53,0.41,0.06,0.58,0.35,0.07,0.53,0.4,0.24,0.45,0.31,0.26,0.44,0.3,14.2,5.1,1.4,7.7,6.68,1.5,0.6,0.7,0.1,6.68,428.3,24.5,36.1,310.8,56.9,6.68,10.9,2.4,8.5,6.68,0.3,0.0,0.1,0.0,0.0,0.8,1.2,6.68,5.7,7.8,13.6,6.68,13.1,4.8,17.9,6.68,10.1,6.68,15.9,6.68,2.9,0.7,7.7,6.68,2.5,6.68,12.3,15.8,6.68,1.8,0.1,6.68,2.5,0.1,1.5,0.9,6.68,17.6,7.3,6.68,46.4,21.9,24.5,6.68,10.8,3.8,0.7,6.3,6.57,0.9,0.2,0.6,0.0,6.57,440.2,24.8,33.4,325.6,56.3,6.57,8.3,1.4,6.9,6.57,0.2,0.1,0.1,0.0,0.0,0.3,0.5,6.57,5.7,7.7,13.4,6.57,14.8,6.4,21.2,6.57,12.2,6.57,17.1,6.57,2.7,1.1,6.3,6.57,1.9,6.57,11.9,17.6,6.57,2.7,0.1,6.57,1.9,0.2,1.1,0.7,6.57,16.3,7.8,6.57,42.2,19.3,22.9,6.57,Serie_A,2021-2022
Udinese,31,13.4,0.425,0.794,11.7,6.56,43,3,30,13.4,0.417,0.779,12.5,6.63,47,3,11.2,15.5,9.9,15.4,2.1,6.56,13.5,17.2,8.6,14.3,2.0,6.63,13.4,4.6,9.9,11.2,6.56,13.4,5.3,9.2,13.1,6.63,27.49,28.0,0.51,255.0,0.11,6.56,26.71,29.0,2.29,213.0,0.13,6.56,27.37,30.0,2.63,254.0,0.11,6.63,27.99,28.0,0.01,256.0,0.11,6.63,18,3,5,2,3,16,3,6,4,0,14,3,12,1,0,23,0,4,1,1,14,1,49,331,15,1,57,459,13,1,49,308,19,1,52,447,29,7,0,12,29,9,0,13,0.38,0.25,0.38,0.4,0.28,0.33,0.23,0.62,0.15,0.15,0.7,0.15,0.27,0.57,0.16,0.14,0.72,0.14,0.07,0.55,0.38,0.07,0.62,0.31,0.06,0.59,0.35,0.09,0.55,0.36,0.25,0.47,0.29,0.3,0.44,0.26,13.4,5.1,1.0,7.4,6.56,1.6,0.3,0.9,0.3,6.56,375.9,20.5,27.5,277.8,50.1,6.56,9.6,1.2,8.4,6.56,0.2,0.0,0.2,0.1,0.0,0.7,1.1,6.56,8.5,9.9,18.4,6.56,15.5,8.4,23.9,6.56,9.9,6.56,13.7,6.56,2.7,1.4,8.9,6.56,2.1,6.56,11.2,15.4,6.56,2.3,0.2,6.56,2.4,0.1,1.3,1.1,6.56,17.3,9.2,6.56,25.1,11.7,13.4,6.56,13.4,4.7,0.8,7.9,6.63,1.6,0.3,0.9,0.4,6.63,352.5,19.8,28.6,254.9,49.2,6.63,10.2,1.7,8.4,6.63,0.1,0.1,0.1,0.1,0.0,0.8,1.1,6.63,8.2,9.2,17.4,6.63,17.2,10.5,27.7,6.63,8.6,6.63,19.1,6.63,3.7,1.6,7.4,6.63,2.0,6.63,13.1,14.3,6.63,2.5,0.2,6.63,3.2,0.2,1.9,1.0,6.63,17.1,8.4,6.63,27.5,12.5,14.9,6.63,Serie_A,2021-2022
Venezia,21,10.6,0.428,0.776,14.7,6.48,47,6,13,8.1,0.408,0.774,15.3,6.43,59,3,17.1,16.6,9.9,13.7,1.6,6.48,18.6,15.6,10.5,13.8,1.6,6.43,10.6,3.4,8.8,12.7,6.48,8.1,2.9,7.0,11.4,6.43,23.61,21.0,-2.61,201.0,0.12,6.48,38.17,37.0,-1.17,325.0,0.12,6.48,14.43,13.0,-1.43,154.0,0.09,6.43,38.03,30.0,-8.03,353.0,0.11,6.43,10,2,6,3,0,25,1,4,7,1,12,1,0,0,0,22,1,3,4,1,18,1,56,318,21,1,57,446,13,1,57,305,22,1,55,467,35,4,0,15,51,0,0,12,0.37,0.26,0.36,0.4,0.25,0.35,0.18,0.65,0.17,0.18,0.66,0.16,0.18,0.68,0.14,0.22,0.66,0.12,0.08,0.51,0.41,0.1,0.55,0.35,0.11,0.5,0.39,0.09,0.49,0.42,0.33,0.4,0.27,0.35,0.44,0.21,10.6,4.3,0.9,5.4,6.48,1.1,0.1,0.9,0.1,6.48,367.6,25.4,29.6,259.9,52.6,6.48,7.4,1.3,6.1,6.48,0.2,0.0,0.2,0.1,0.0,0.4,0.7,6.48,7.7,8.8,16.5,6.48,16.6,9.1,25.7,6.48,9.9,6.48,21.4,6.48,5.0,1.5,7.1,6.48,1.6,6.48,12.7,13.7,6.48,2.5,0.3,6.48,3.9,0.2,2.6,1.2,6.48,15.2,8.8,6.48,29.8,14.7,15.1,6.48,8.1,3.2,0.9,4.1,6.43,0.7,0.2,0.4,0.1,6.43,355.9,26.0,30.5,249.4,50.1,6.43,5.8,1.2,4.6,6.43,0.3,0.0,0.1,0.0,0.0,0.3,0.6,6.43,6.8,7.0,13.8,6.43,15.6,9.5,25.2,6.43,10.5,6.43,22.3,6.43,5.6,1.5,8.4,6.43,1.6,6.43,11.4,13.8,6.43,3.1,0.2,6.43,4.6,0.5,2.1,2.1,6.43,16.8,7.6,6.43,31.4,15.3,16.1,6.43,Serie_A,2021-2022
Verona,34,12.7,0.508,0.764,18.3,6.64,40,4,31,11.7,0.503,0.771,18.1,6.55,50,3,12.1,12.2,10.7,14.9,2.8,6.64,12.8,15.9,9.9,14.6,2.3,6.55,12.7,4.5,8.7,10.4,6.64,11.7,3.9,7.8,12.2,6.55,25.87,34.0,8.13,241.0,0.11,6.64,25.68,24.0,-1.68,230.0,0.11,6.64,26.63,29.0,2.37,222.0,0.12,6.55,26.66,33.0,6.34,244.0,0.11,6.55,30,2,1,1,0,17,1,5,1,1,20,1,2,6,2,16,2,13,2,1,17,1,60,368,15,1,65,351,14,1,58,355,21,1,65,335,37,3,0,7,48,3,0,4,0.39,0.23,0.38,0.4,0.22,0.38,0.19,0.65,0.16,0.22,0.65,0.13,0.21,0.64,0.16,0.14,0.72,0.13,0.08,0.59,0.33,0.07,0.53,0.41,0.09,0.58,0.32,0.08,0.54,0.38,0.25,0.47,0.29,0.28,0.43,0.28,12.7,4.2,1.1,7.4,6.64,1.8,0.3,1.3,0.3,6.64,423.7,24.8,34.3,298.7,65.9,6.64,9.9,1.4,8.5,6.64,0.4,0.0,0.2,0.0,0.0,0.9,1.4,6.64,7.5,8.7,16.2,6.64,12.2,8.4,20.6,6.64,10.7,6.64,18.2,6.64,2.4,1.4,8.5,6.64,2.8,6.64,10.4,14.9,6.64,2.1,0.2,6.64,3.1,0.2,1.7,1.2,6.64,17.6,10.5,6.64,38.0,18.3,19.7,6.64,11.7,3.8,1.1,6.8,6.55,1.6,0.4,0.9,0.3,6.55,407.8,25.5,31.4,288.8,62.2,6.55,7.6,0.9,6.7,6.55,0.2,0.0,0.1,0.0,0.0,0.8,1.1,6.55,7.1,7.8,14.9,6.55,15.9,8.4,24.3,6.55,9.9,6.55,20.4,6.55,3.2,1.9,7.6,6.55,2.3,6.55,12.2,14.6,6.55,2.6,0.2,6.55,2.3,0.1,1.1,1.1,6.55,18.3,9.7,6.55,37.3,18.1,19.3,6.55,Serie_A,2021-2022
