Home_Team,Away_Team,Date,Temp_Moy_C,Humidite_Moy_%,Pluie_Tot_mm,Neige_Tot_cm,Vent_Moy_kmh,Rafale_Max_kmh
Girona,Rayo Vallecano,2025-08-15,27.3,55.7,0.0,0.0,3.7,20.9
Villarreal,Oviedo,2025-08-15,28.4,55.0,0.0,0.0,2.2,4.3
Mallorca,Barcelona,2025-08-16,30.0,37.5,0.0,0.0,3.4,13.0
Alavés,Levante,2025-08-16,20.4,93.5,0.0,0.0,5.6,13.3
Celta Vigo,Getafe,2025-08-17,22.0,68.7,0.0,0.0,11.5,37.4
Athletic Club,Sevilla,2025-08-17,22.6,81.5,0.0,0.0,7.8,26.3
Espanyol,Atlético Madrid,2025-08-17,26.3,80.0,0.0,0.0,4.8,12.2
Elche,Real Betis,2025-08-18,30.7,56.7,0.0,0.0,11.4,30.2
Real Madrid,Osasuna,2025-08-19,26.3,26.0,0.0,0.0,8.2,31.3
Real Betis,Alavés,2025-08-22,27.1,47.0,0.0,0.0,8.8,16.9
Mallorca,Celta Vigo,2025-08-23,27.3,66.0,0.0,0.0,9.1,27.4
Atlético Madrid,Elche,2025-08-23,30.1,25.0,0.0,0.0,3.4,15.1
Levante,Barcelona,2025-08-23,26.1,80.5,0.0,0.0,4.0,23.4
Osasuna,Valencia,2025-08-24,30.9,28.3,0.0,0.0,7.5,24.8
Real Sociedad,Espanyol,2025-08-24,22.2,91.0,0.0,0.0,0.5,5.4
Villarreal,Girona,2025-08-24,26.4,74.0,0.0,0.0,5.2,20.2
Athletic Club,Rayo Vallecano,2025-08-25,21.3,92.5,0.0,0.0,5.3,21.2
Sevilla,Getafe,2025-08-25,26.6,57.5,0.0,0.0,9.9,23.8
Celta Vigo,Real Betis,2025-08-27,18.4,88.7,0.3,0.0,6.9,23.8
Elche,Levante,2025-08-29,27.5,38.5,0.0,0.0,11.6,36.4
Alavés,Atlético Madrid,2025-08-30,24.3,56.7,0.0,0.0,16.3,48.6
Girona,Sevilla,2025-08-30,19.5,83.5,0.0,0.0,5.0,15.8
Real Madrid,Mallorca,2025-08-30,25.2,30.5,0.0,0.0,13.4,32.8
Celta Vigo,Villarreal,2025-08-31,17.7,76.7,2.0,0.0,15.0,42.8
Real Betis,Athletic Club,2025-08-31,29.0,40.0,0.0,0.0,14.5,35.3
Espanyol,Osasuna,2025-08-31,24.8,84.0,0.0,0.0,7.7,26.6
Rayo Vallecano,Barcelona,2025-08-31,21.5,30.0,0.0,0.0,13.9,35.6
Sevilla,Elche,2025-09-12,29.7,33.3,0.0,0.0,11.6,28.1
Getafe,Oviedo,2025-09-13,29.9,24.0,0.0,0.0,11.0,32.4
Real Sociedad,Real Madrid,2025-09-13,20.0,74.5,0.0,0.0,6.2,28.4
Athletic Club,Alavés,2025-09-13,18.2,73.0,0.0,0.0,4.6,20.2
Atlético Madrid,Villarreal,2025-09-13,24.2,22.3,0.0,0.0,2.6,25.6
Celta Vigo,Girona,2025-09-14,23.2,72.3,0.2,0.0,11.3,31.0
Levante,Real Betis,2025-09-14,27.0,71.0,0.0,0.0,9.3,30.2
Osasuna,Rayo Vallecano,2025-09-14,23.0,65.5,0.0,0.0,5.2,24.5
Barcelona,Valencia,2025-09-14,20.8,94.0,0.0,0.0,4.1,11.2
Espanyol,Mallorca,2025-09-15,22.0,95.0,0.0,0.0,2.6,9.0
Real Betis,Real Sociedad,2025-09-19,30.7,34.3,0.0,0.0,3.9,11.9
Girona,Levante,2025-09-20,26.7,60.0,0.0,0.0,16.6,40.3
Real Madrid,Espanyol,2025-09-20,29.2,29.5,0.0,0.0,13.0,37.1
Alavés,Sevilla,2025-09-20,17.0,82.5,0.2,0.0,16.0,36.7
Villarreal,Osasuna,2025-09-20,25.0,73.0,0.0,0.0,7.6,23.4
Rayo Vallecano,Celta Vigo,2025-09-21,24.7,25.0,0.0,0.0,15.5,42.1
Mallorca,Atlético Madrid,2025-09-21,26.2,70.5,0.3,0.0,8.5,29.2
Elche,Oviedo,2025-09-21,26.2,76.0,0.0,0.0,10.2,22.7
Barcelona,Getafe,2025-09-21,18.3,96.0,38.6,0.0,7.3,26.6
Espanyol,Valencia,2025-09-23,16.6,75.3,1.8,0.0,7.9,27.7
Athletic Club,Girona,2025-09-23,12.6,87.0,0.7,0.0,3.2,15.1
Levante,Real Madrid,2025-09-23,20.6,54.0,0.0,0.0,3.4,10.1
Sevilla,Villarreal,2025-09-23,23.1,23.0,0.0,0.0,8.4,17.6
Getafe,Alavés,2025-09-24,19.2,25.7,0.0,0.0,1.5,11.5
Atlético Madrid,Rayo Vallecano,2025-09-24,16.6,32.0,0.0,0.0,9.0,18.4
Real Sociedad,Mallorca,2025-09-24,12.8,89.5,0.3,0.0,2.0,4.0
Osasuna,Elche,2025-09-25,10.8,92.5,0.0,0.0,6.6,21.2
Girona,Espanyol,2025-09-26,14.8,80.0,0.0,0.0,5.5,15.5
Getafe,Levante,2025-09-27,26.0,21.0,0.0,0.0,14.2,38.9
Atlético Madrid,Real Madrid,2025-09-27,25.6,21.5,0.0,0.0,9.0,30.6
Mallorca,Alavés,2025-09-27,21.5,79.0,0.0,0.0,7.8,25.2
Villarreal,Athletic Club,2025-09-27,21.2,76.0,0.0,0.0,7.3,14.8
Rayo Vallecano,Sevilla,2025-09-28,19.2,62.7,4.3,0.0,4.4,19.8
Elche,Celta Vigo,2025-09-28,25.2,69.0,0.0,0.0,14.6,32.0
Barcelona,Real Sociedad,2025-09-28,19.8,84.5,0.0,0.0,11.4,27.0
Real Betis,Osasuna,2025-09-28,20.5,80.7,0.4,0.0,8.8,18.7
Osasuna,Getafe,2025-10-03,14.5,89.3,0.0,0.0,2.0,7.9
Girona,Valencia,2025-10-04,23.2,70.5,0.0,0.0,9.8,26.6
Athletic Club,Mallorca,2025-10-04,15.8,86.5,0.0,0.0,8.0,24.5
Real Madrid,Villarreal,2025-10-04,23.1,37.0,0.0,0.0,8.2,29.9
Alavés,Elche,2025-10-05,13.6,68.0,0.7,0.0,12.8,30.6
Sevilla,Barcelona,2025-10-05,31.8,25.5,0.0,0.0,3.3,15.8
Espanyol,Real Betis,2025-10-05,18.0,71.5,0.0,0.0,5.2,15.1
Real Sociedad,Rayo Vallecano,2025-10-05,14.4,81.5,0.0,0.0,3.2,14.0
Celta Vigo,Atlético Madrid,2025-10-05,13.8,82.3,0.0,0.0,3.5,9.4
Sevilla,Mallorca,2025-10-18,29.8,27.7,0.0,0.0,6.1,25.9
Barcelona,Girona,2025-10-18,19.2,83.5,0.0,0.0,6.2,20.2
Villarreal,Real Betis,2025-10-18,18.2,90.5,0.0,0.0,3.2,9.0
Atlético Madrid,Osasuna,2025-10-18,17.5,49.7,0.0,0.0,2.7,10.4
Elche,Athletic Club,2025-10-19,22.6,57.3,0.0,0.0,9.0,23.8
Celta Vigo,Real Sociedad,2025-10-19,18.2,99.0,2.0,0.0,10.8,25.2
Levante,Rayo Vallecano,2025-10-19,20.6,81.0,0.0,0.0,5.7,16.2
Getafe,Real Madrid,2025-10-19,19.6,43.7,0.0,0.0,10.6,22.7
Alavés,Valencia,2025-10-20,13.6,71.7,0.0,0.0,13.0,31.0
Real Sociedad,Sevilla,2025-10-24,12.7,84.0,0.0,0.0,3.3,9.4
Girona,Oviedo,2025-10-25,20.9,51.7,0.0,0.0,3.0,18.7
Espanyol,Elche,2025-10-25,20.6,69.5,0.0,0.0,9.1,23.0
Athletic Club,Getafe,2025-10-25,12.7,92.5,0.8,0.0,7.6,25.2
Mallorca,Levante,2025-10-26,15.9,95.7,14.4,0.0,10.7,28.8
Real Madrid,Barcelona,2025-10-26,15.6,38.5,0.0,0.0,14.4,36.0
Osasuna,Celta Vigo,2025-10-26,9.2,82.5,0.0,0.0,12.1,30.6
Rayo Vallecano,Alavés,2025-10-26,12.6,48.7,0.0,0.0,9.3,25.2
Real Betis,Atlético Madrid,2025-10-27,20.2,84.3,0.0,0.0,4.2,11.2
Getafe,Girona,2025-10-31,14.5,83.0,0.0,0.0,10.0,20.2
Villarreal,Rayo Vallecano,2025-11-01,21.4,62.7,0.0,0.0,5.9,17.3
Atlético Madrid,Sevilla,2025-11-01,16.6,70.0,0.0,0.0,7.0,25.9
Real Sociedad,Athletic Club,2025-11-01,14.5,98.0,0.9,0.0,5.5,11.2
Real Madrid,Valencia,2025-11-01,14.3,81.0,0.0,0.0,7.5,19.1
Levante,Celta Vigo,2025-11-02,25.7,34.7,0.0,0.0,3.6,19.4
Alavés,Espanyol,2025-11-02,13.5,58.5,0.0,0.0,8.7,29.9
Barcelona,Elche,2025-11-02,17.1,77.0,0.0,0.0,12.8,38.9
Real Betis,Mallorca,2025-11-02,17.0,66.7,0.0,0.0,6.7,14.0
Elche,Real Sociedad,2025-11-07,16.6,63.3,0.5,0.0,9.9,20.9
Girona,Alavés,2025-11-08,16.3,52.3,0.0,0.0,12.1,30.6
Sevilla,Osasuna,2025-11-08,19.2,52.5,0.0,0.0,6.7,16.2
Atlético Madrid,Levante,2025-11-08,11.2,57.5,0.0,0.0,11.7,26.3
Espanyol,Villarreal,2025-11-08,11.5,82.0,0.0,0.0,5.2,16.9
Athletic Club,Oviedo,2025-11-09,18.3,52.7,0.0,0.0,5.4,20.9
Rayo Vallecano,Real Madrid,2025-11-09,11.9,62.0,0.0,0.0,3.8,16.2
Mallorca,Getafe,2025-11-09,14.0,83.0,0.0,0.0,1.6,8.3
Celta Vigo,Barcelona,2025-11-09,13.7,91.3,5.0,0.0,11.1,26.6
Alavés,Celta Vigo,2025-11-22,8.0,48.7,0.0,0.0,11.0,26.6
Barcelona,Athletic Club,2025-11-22,9.3,36.5,0.0,0.0,6.9,22.7
Osasuna,Real Sociedad,2025-11-22,4.9,71.5,0.0,0.0,3.0,8.6
Villarreal,Mallorca,2025-11-22,5.9,65.0,0.0,0.0,7.6,16.2
Real Betis,Girona,2025-11-23,13.8,64.5,0.0,0.0,3.2,6.8
Getafe,Atlético Madrid,2025-11-23,8.6,73.0,0.0,0.0,11.9,23.4
Elche,Real Madrid,2025-11-23,14.2,37.7,0.0,0.0,8.4,20.2
Espanyol,Sevilla,2025-11-24,13.5,72.0,0.0,0.0,8.0,26.3
Getafe,Elche,2025-11-28,6.2,81.0,0.0,0.0,1.6,7.2
Mallorca,Osasuna,2025-11-29,16.0,70.0,0.0,0.0,15.2,39.2
Barcelona,Alavés,2025-11-29,12.4,79.5,0.0,0.0,6.4,19.1
Levante,Athletic Club,2025-11-29,15.2,43.0,0.0,0.0,14.6,31.0
Atlético Madrid,Oviedo,2025-11-29,5.4,87.7,0.0,0.0,3.9,10.1
Real Sociedad,Villarreal,2025-11-30,12.1,76.0,0.3,0.0,7.8,24.5
Sevilla,Real Betis,2025-11-30,12.4,84.0,0.3,0.0,11.5,23.8
Celta Vigo,Espanyol,2025-11-30,9.4,76.5,0.0,0.0,1.4,10.8
Girona,Real Madrid,2025-11-30,8.4,69.7,0.0,0.0,12.4,27.4
Rayo Vallecano,Valencia,2025-12-01,6.4,78.7,0.0,0.0,6.4,14.4
Barcelona,Atlético Madrid,2025-12-02,9.3,69.7,0.0,0.0,9.8,22.7
Athletic Club,Real Madrid,2025-12-03,7.6,95.3,0.1,0.0,5.5,14.0
Villarreal,Getafe,2025-12-06,23.0,47.0,0.0,0.0,3.6,16.6
Alavés,Real Sociedad,2025-12-06,14.2,76.0,0.0,0.0,15.4,34.9
Real Betis,Barcelona,2025-12-06,13.6,93.5,0.0,0.0,1.4,2.5
Athletic Club,Atlético Madrid,2025-12-06,14.5,86.0,0.0,0.0,13.5,38.5
Elche,Girona,2025-12-07,22.7,36.7,0.0,0.0,10.0,26.6
Espanyol,Rayo Vallecano,2025-12-07,13.6,81.0,0.0,0.0,7.8,18.7
Real Madrid,Celta Vigo,2025-12-07,8.2,89.7,0.0,0.0,1.7,5.8
Osasuna,Levante,2025-12-08,6.0,86.3,0.0,0.0,5.9,15.5
Real Sociedad,Girona,2025-12-12,9.3,87.7,0.0,0.0,10.4,22.3
Atlético Madrid,Valencia,2025-12-13,14.2,57.0,0.0,0.0,4.1,16.6
Mallorca,Elche,2025-12-13,14.2,82.0,0.0,0.0,8.9,26.6
Barcelona,Osasuna,2025-12-13,11.6,86.5,0.0,0.0,4.5,11.9
Getafe,Espanyol,2025-12-13,9.5,77.3,0.0,0.0,8.0,19.4
Sevilla,Oviedo,2025-12-14,18.2,57.7,0.0,0.0,13.9,33.1
Celta Vigo,Athletic Club,2025-12-14,13.4,82.0,0.0,0.0,1.6,7.6
Alavés,Real Madrid,2025-12-14,7.0,89.7,0.0,0.0,8.2,19.1
Rayo Vallecano,Real Betis,2025-12-15,7.8,95.7,2.0,0.0,5.4,19.8
Levante,Real Sociedad,2025-12-20,14.0,76.5,0.0,0.0,6.3,13.7
Osasuna,Alavés,2025-12-20,8.9,89.5,2.8,0.0,8.8,20.5
Real Madrid,Sevilla,2025-12-20,5.6,92.0,0.0,0.0,11.1,28.1
Girona,Atlético Madrid,2025-12-21,14.2,72.0,0.0,0.0,20.2,48.2
Villarreal,Barcelona,2025-12-21,10.6,71.0,0.0,0.0,7.9,24.1
Elche,Rayo Vallecano,2025-12-21,10.4,78.5,0.7,0.0,15.0,28.1
Real Betis,Getafe,2025-12-21,7.8,88.0,0.0,0.0,6.6,15.1
Athletic Club,Espanyol,2025-12-22,6.2,96.3,2.3,0.0,7.0,17.3
Rayo Vallecano,Getafe,2026-01-02,7.2,95.3,0.0,0.0,8.2,16.6
Celta Vigo,Valencia,2026-01-03,16.6,64.7,0.0,0.0,10.4,26.6
Osasuna,Athletic Club,2026-01-03,4.3,86.5,0.0,0.0,10.9,26.3
Elche,Villarreal,2026-01-03,13.2,84.0,0.1,0.0,7.8,17.3
Espanyol,Barcelona,2026-01-03,8.5,84.3,0.9,0.0,8.7,21.2
Sevilla,Levante,2026-01-04,13.4,90.3,2.8,0.0,18.7,40.0
Real Madrid,Real Betis,2026-01-04,10.0,76.0,0.2,0.0,5.9,18.0
Mallorca,Girona,2026-01-04,9.2,70.5,0.0,0.0,15.6,35.3
Alavés,Oviedo,2026-01-04,-0.6,71.5,0.0,0.0,13.8,31.7
Real Sociedad,Atlético Madrid,2026-01-04,2.0,67.7,0.0,0.0,11.0,23.0
Getafe,Real Sociedad,2026-01-09,7.5,60.7,0.0,0.0,18.1,39.6
Villarreal,Alavés,2026-01-10,11.6,58.5,0.0,0.0,4.2,10.4
Girona,Osasuna,2026-01-10,5.7,75.0,0.0,0.0,1.4,3.6
Rayo Vallecano,Mallorca,2026-01-11,9.1,64.0,0.0,0.0,4.2,16.2
Levante,Espanyol,2026-01-11,13.9,58.5,0.0,0.0,8.9,20.9
Sevilla,Celta Vigo,2026-01-12,10.7,90.0,0.0,0.0,6.3,14.8
Espanyol,Girona,2026-01-16,8.4,96.0,0.0,0.0,7.8,16.6
Real Madrid,Levante,2026-01-17,4.0,91.0,0.5,0.0,3.6,13.3
Mallorca,Athletic Club,2026-01-17,11.8,94.5,0.5,0.0,5.7,23.0
Osasuna,Oviedo,2026-01-17,6.6,99.0,0.3,0.0,3.4,9.4
Real Betis,Villarreal,2026-01-17,7.8,91.0,0.1,0.0,3.3,20.5
Getafe,Valencia,2026-01-18,8.3,57.7,0.0,0.0,9.5,24.8
Atlético Madrid,Alavés,2026-01-18,8.2,59.5,0.0,0.0,9.0,24.1
Celta Vigo,Rayo Vallecano,2026-01-18,9.2,85.0,0.0,0.0,6.1,14.8
Real Sociedad,Barcelona,2026-01-18,10.0,92.7,0.6,0.0,13.3,27.0
Elche,Sevilla,2026-01-19,10.7,69.0,0.0,0.0,9.8,19.8
Levante,Elche,2026-01-23,10.6,59.3,0.0,0.0,13.0,27.4
Rayo Vallecano,Osasuna,2026-01-24,6.7,50.3,0.0,0.0,20.1,49.0
Sevilla,Athletic Club,2026-01-24,10.7,69.0,0.0,0.0,13.2,27.7
Villarreal,Real Madrid,2026-01-24,8.6,52.3,0.0,0.0,13.2,35.6
Atlético Madrid,Mallorca,2026-01-25,10.9,62.0,0.1,0.0,20.6,48.2
Barcelona,Oviedo,2026-01-25,11.9,58.0,0.2,0.0,9.6,40.0
Real Sociedad,Celta Vigo,2026-01-25,7.3,89.0,2.0,0.0,25.9,68.0
Alavés,Real Betis,2026-01-25,3.8,80.3,3.2,1.5,15.1,38.9
Girona,Getafe,2026-01-26,7.0,85.0,0.0,0.0,7.9,18.0
Espanyol,Alavés,2026-01-30,11.2,66.7,0.0,0.0,11.2,29.5
Osasuna,Villarreal,2026-01-31,7.8,80.0,0.1,0.0,13.6,34.9
Levante,Atlético Madrid,2026-01-31,14.1,44.0,0.0,0.0,19.1,51.1
Elche,Barcelona,2026-01-31,12.8,46.3,0.0,0.0,13.7,31.0
Real Madrid,Rayo Vallecano,2026-02-01,8.3,90.0,0.1,0.0,8.7,22.7
Real Betis,Valencia,2026-02-01,15.6,88.0,0.2,0.0,14.9,29.9
Getafe,Celta Vigo,2026-02-01,9.4,93.0,0.0,0.0,3.4,9.4
Athletic Club,Real Sociedad,2026-02-01,11.5,80.0,0.0,0.0,11.4,29.9
Mallorca,Sevilla,2026-02-02,13.4,65.3,0.0,0.0,22.2,56.2
Celta Vigo,Osasuna,2026-02-06,8.2,91.7,3.6,0.0,13.8,37.4
Barcelona,Mallorca,2026-02-07,13.0,54.5,0.0,0.0,12.4,36.4
Real Sociedad,Elche,2026-02-07,11.6,56.7,0.0,0.0,28.3,64.8
Alavés,Getafe,2026-02-08,9.6,59.3,0.1,0.0,19.6,46.4
Athletic Club,Levante,2026-02-08,11.3,76.0,0.1,0.0,9.0,46.4
Sevilla,Girona,2026-02-08,13.4,63.5,0.0,0.0,12.3,42.1
Atlético Madrid,Real Betis,2026-02-08,7.8,64.0,0.0,0.0,9.6,31.3
Villarreal,Espanyol,2026-02-09,11.5,92.0,6.1,0.0,2.5,23.8
Elche,Osasuna,2026-02-13,13.1,49.3,0.0,0.0,20.2,47.9
Espanyol,Celta Vigo,2026-02-14,17.1,38.0,0.0,0.0,18.8,51.8
Getafe,Villarreal,2026-02-14,9.5,42.0,0.0,0.0,12.1,36.0
Sevilla,Alavés,2026-02-14,12.5,55.5,0.0,0.0,11.0,27.0
Real Madrid,Real Sociedad,2026-02-14,4.3,55.7,0.0,0.0,7.1,23.0
Rayo Vallecano,Atlético Madrid,2026-02-15,10.5,59.0,0.0,0.0,16.5,38.9
Levante,Valencia,2026-02-15,17.1,37.5,0.0,0.0,24.6,54.0
Mallorca,Real Betis,2026-02-15,11.4,80.0,0.0,0.0,8.0,20.9
Girona,Barcelona,2026-02-16,10.6,86.7,0.0,0.0,3.6,13.0
Levante,Villarreal,2026-02-18,16.8,44.7,0.0,0.0,22.4,60.1
Athletic Club,Elche,2026-02-20,7.1,91.3,0.0,0.0,3.4,11.2
Real Sociedad,Oviedo,2026-02-21,15.1,68.0,0.0,0.0,8.8,25.2
Real Betis,Rayo Vallecano,2026-02-21,20.3,55.5,0.0,0.0,5.4,15.1
Osasuna,Real Madrid,2026-02-21,10.0,76.0,0.0,0.0,1.2,4.3
Atlético Madrid,Espanyol,2026-02-21,9.0,73.3,0.0,0.0,2.6,6.8
Getafe,Sevilla,2026-02-22,16.6,42.0,0.0,0.0,2.0,11.2
Barcelona,Levante,2026-02-22,17.4,42.0,0.0,0.0,3.6,22.3
Celta Vigo,Mallorca,2026-02-22,11.6,85.0,0.0,0.0,1.8,12.6
Villarreal,Valencia,2026-02-22,10.8,74.7,0.0,0.0,3.4,11.5
Alavés,Girona,2026-02-23,5.9,84.7,0.0,0.0,1.6,5.0
Levante,Alavés,2026-02-27,12.0,89.7,0.0,0.0,3.3,10.8
Rayo Vallecano,Athletic Club,2026-02-28,15.9,47.0,0.0,0.0,10.0,32.4
Barcelona,Villarreal,2026-02-28,13.2,79.5,0.1,0.0,8.6,25.6
Mallorca,Real Sociedad,2026-02-28,13.0,80.5,0.0,0.0,8.2,19.4
Elche,Espanyol,2026-03-01,16.1,61.7,0.0,0.0,13.3,31.3
Real Betis,Sevilla,2026-03-01,16.1,63.5,0.0,0.0,10.0,28.8
Girona,Celta Vigo,2026-03-01,9.4,93.3,0.0,0.0,12.3,27.7
Real Madrid,Getafe,2026-03-02,10.3,74.3,0.1,0.0,6.6,36.0
Rayo Vallecano,Oviedo,2026-03-04,12.2,72.3,0.0,0.0,11.4,33.1
Celta Vigo,Real Madrid,2026-03-06,8.8,67.0,0.0,0.0,14.7,37.4
Osasuna,Mallorca,2026-03-07,14.4,55.3,0.1,0.0,8.2,25.2
Levante,Girona,2026-03-07,12.0,78.5,0.1,0.0,10.8,31.3
Atlético Madrid,Real Sociedad,2026-03-07,8.9,83.5,0.0,0.0,6.2,15.1
Athletic Club,Barcelona,2026-03-07,10.9,90.3,0.0,0.0,1.6,10.1
Villarreal,Elche,2026-03-08,13.1,82.0,1.6,0.0,6.8,24.5
Getafe,Real Betis,2026-03-08,12.0,60.0,0.0,0.0,3.3,13.7
Sevilla,Rayo Vallecano,2026-03-08,14.6,80.5,0.1,0.0,7.6,17.6
Espanyol,Oviedo,2026-03-09,9.2,92.0,0.0,0.0,2.0,6.5
Alavés,Villarreal,2026-03-13,9.3,91.7,4.0,0.0,7.6,18.4
Girona,Athletic Club,2026-03-14,8.1,90.3,4.3,0.0,7.6,30.2
Atlético Madrid,Getafe,2026-03-14,11.4,63.0,0.0,0.0,15.2,47.2
Real Madrid,Elche,2026-03-14,9.4,80.0,0.0,0.0,9.0,28.8
Mallorca,Espanyol,2026-03-15,13.5,36.3,0.0,0.0,25.3,70.2
Barcelona,Sevilla,2026-03-15,15.6,27.0,0.0,0.0,8.1,29.2
Real Betis,Celta Vigo,2026-03-15,17.6,69.0,0.0,0.0,6.2,20.5
Real Sociedad,Osasuna,2026-03-15,10.5,72.3,0.0,0.0,9.5,23.8
Rayo Vallecano,Levante,2026-03-16,12.4,55.7,0.0,0.0,4.9,14.8
Villarreal,Real Sociedad,2026-03-20,11.2,75.0,0.0,0.0,5.9,12.6
Elche,Mallorca,2026-03-21,14.6,55.0,0.0,0.0,8.8,22.7
Espanyol,Getafe,2026-03-21,13.4,61.5,0.0,0.0,10.5,32.8
Levante,Oviedo,2026-03-21,13.6,62.5,0.0,0.0,6.3,16.6
Osasuna,Girona,2026-03-21,11.8,70.5,0.0,0.0,5.0,12.2
Sevilla,Valencia,2026-03-21,15.2,79.3,0.0,0.0,6.8,19.8
Barcelona,Rayo Vallecano,2026-03-22,15.3,65.0,0.0,0.0,13.0,36.7
Celta Vigo,Alavés,2026-03-22,19.9,56.0,0.0,0.0,8.4,24.8
Athletic Club,Real Betis,2026-03-22,11.9,88.0,0.0,0.0,9.3,28.8
Real Madrid,Atlético Madrid,2026-03-22,11.6,69.3,0.0,0.0,6.6,27.4
Rayo Vallecano,Elche,2026-04-03,16.8,36.0,0.0,0.0,11.4,27.7
Real Sociedad,Levante,2026-04-04,23.6,56.3,0.0,0.0,6.5,19.8
Mallorca,Real Madrid,2026-04-04,17.3,53.5,0.0,0.0,9.9,28.4
Real Betis,Espanyol,2026-04-04,24.0,24.0,0.0,0.0,14.0,29.2
Atlético Madrid,Barcelona,2026-04-04,18.4,37.7,0.0,0.0,4.1,14.8
Getafe,Athletic Club,2026-04-05,25.6,18.0,0.0,0.0,2.8,19.1
Alavés,Osasuna,2026-04-05,9.8,96.0,0.0,0.0,7.4,16.2
Girona,Villarreal,2026-04-06,12.0,65.7,0.0,0.0,15.9,35.6
Real Madrid,Girona,2026-04-10,21.3,26.0,0.0,0.0,4.1,13.0
Real Sociedad,Alavés,2026-04-11,11.6,94.0,5.4,0.0,21.5,52.6
Elche,Valencia,2026-04-11,20.8,48.5,0.0,0.0,5.6,21.6
Barcelona,Espanyol,2026-04-11,18.2,54.5,0.0,0.0,10.4,25.2
Sevilla,Atlético Madrid,2026-04-11,16.4,91.3,0.0,0.0,12.2,27.7
Osasuna,Real Betis,2026-04-12,7.7,76.0,0.0,0.0,19.9,43.2
Mallorca,Rayo Vallecano,2026-04-12,14.1,94.0,2.4,0.0,20.6,45.4
Celta Vigo,Oviedo,2026-04-12,11.4,66.5,0.0,0.0,15.0,43.6
Athletic Club,Villarreal,2026-04-12,8.6,88.7,0.2,0.0,11.4,28.1
Levante,Getafe,2026-04-13,12.8,71.7,0.0,0.0,5.5,19.8
Mallorca,Valencia,2026-04-21,17.7,57.0,0.0,0.0,1.3,14.8
Athletic Club,Osasuna,2026-04-21,19.7,78.3,0.0,0.0,12.2,43.6
Real Madrid,Alavés,2026-04-21,19.4,44.0,0.0,0.0,5.6,15.8
Girona,Real Betis,2026-04-21,14.6,82.5,0.0,0.0,9.3,20.9
Elche,Atlético Madrid,2026-04-22,18.7,83.0,0.0,0.0,2.3,14.4
Real Sociedad,Getafe,2026-04-22,14.0,82.7,0.0,0.0,0.5,11.2
Barcelona,Celta Vigo,2026-04-22,15.5,84.0,0.0,0.0,15.4,39.6
Levante,Sevilla,2026-04-23,17.0,70.0,0.0,0.0,16.4,44.3
Rayo Vallecano,Espanyol,2026-04-23,21.8,41.7,0.0,0.0,14.0,41.0
Real Betis,Real Madrid,2026-04-24,19.5,66.3,0.1,0.0,10.7,28.1
Alavés,Mallorca,2026-04-25,19.0,57.3,0.0,0.0,13.6,34.9
Getafe,Barcelona,2026-04-25,23.6,37.5,0.0,0.0,5.2,21.2
Atlético Madrid,Athletic Club,2026-04-25,16.6,79.7,0.0,0.0,10.4,27.0
Rayo Vallecano,Real Sociedad,2026-04-26,25.6,24.3,0.0,0.0,7.2,27.7
Osasuna,Sevilla,2026-04-26,18.1,73.0,0.0,0.0,9.1,27.4
Villarreal,Celta Vigo,2026-04-26,16.1,78.3,0.0,0.0,1.6,8.6
Espanyol,Levante,2026-04-27,17.2,59.7,0.0,0.0,2.7,11.5
Athletic Club,Getafe,2024-08-15,20.1,68.3,0.0,0.0,6.3,25.2
Real Betis,Girona,2024-08-15,29.2,42.0,0.0,0.0,12.2,31.0
Celta Vigo,Alavés,2024-08-16,27.7,55.7,0.0,0.0,10.8,34.6
Las Palmas,Sevilla,2024-08-16,23.2,58.5,0.0,0.0,20.6,37.8
Osasuna,Leganés,2024-08-17,21.2,81.3,0.0,0.0,14.8,42.8
Real Sociedad,Rayo Vallecano,2024-08-18,18.8,80.3,0.0,0.0,5.2,24.5
Mallorca,Real Madrid,2024-08-18,23.8,93.0,0.0,0.0,8.0,15.5
Villarreal,Atlético Madrid,2024-08-19,22.2,76.5,0.0,0.0,4.1,9.0
Celta Vigo,Valencia,2024-08-23,21.4,86.3,0.0,0.0,6.8,29.2
Sevilla,Villarreal,2024-08-23,28.2,43.5,0.0,0.0,10.0,23.4
Osasuna,Mallorca,2024-08-24,21.0,73.7,1.4,0.0,26.9,60.8
Barcelona,Athletic Club,2024-08-24,25.0,83.0,0.0,0.0,4.9,24.8
Getafe,Rayo Vallecano,2024-08-24,28.3,23.5,0.0,0.0,12.9,24.5
Espanyol,Real Sociedad,2024-08-24,23.2,92.0,0.0,0.0,4.0,7.6
Real Madrid,Valladolid,2024-08-25,33.9,18.0,0.0,0.0,12.0,30.6
Leganés,Las Palmas,2024-08-25,30.9,19.7,0.0,0.0,8.3,26.6
Alavés,Real Betis,2024-08-25,14.6,73.5,0.0,0.0,12.2,30.6
Villarreal,Celta Vigo,2024-08-26,23.9,73.5,0.0,0.0,2.2,6.5
Mallorca,Sevilla,2024-08-27,25.2,69.3,0.0,0.0,5.7,19.8
Rayo Vallecano,Barcelona,2024-08-27,28.8,28.5,0.0,0.0,12.6,23.0
Athletic Club,Valencia,2024-08-28,21.1,78.0,0.0,0.0,7.2,28.1
Real Sociedad,Alavés,2024-08-28,20.7,88.0,0.0,0.0,3.0,11.2
Girona,Osasuna,2024-08-29,23.0,75.7,0.0,0.0,8.8,23.0
Las Palmas,Real Madrid,2024-08-29,20.4,92.0,0.2,0.0,14.2,31.0
Barcelona,Valladolid,2024-08-31,26.4,65.0,0.0,0.0,7.8,29.9
Athletic Club,Atlético Madrid,2024-08-31,21.4,97.7,4.4,0.0,3.3,10.1
Espanyol,Rayo Vallecano,2024-08-31,24.6,77.0,0.0,0.0,3.2,11.9
Leganés,Mallorca,2024-08-31,22.2,68.5,0.0,0.0,8.6,19.1
Alavés,Las Palmas,2024-09-01,21.4,73.7,0.0,0.0,15.0,33.8
Osasuna,Celta Vigo,2024-09-01,23.4,68.7,0.0,0.0,9.7,22.3
Sevilla,Girona,2024-09-01,29.8,38.3,0.0,0.0,17.0,36.7
Getafe,Real Sociedad,2024-09-01,24.6,54.5,0.0,0.0,6.8,9.4
Real Madrid,Real Betis,2024-09-01,23.6,50.0,0.0,0.0,5.2,9.7
Real Betis,Leganés,2024-09-13,26.1,54.0,0.0,0.0,9.0,27.7
Mallorca,Villarreal,2024-09-14,23.1,55.7,0.9,0.0,4.5,24.5
Espanyol,Alavés,2024-09-14,21.8,48.5,0.0,0.0,13.2,39.2
Sevilla,Getafe,2024-09-14,30.0,37.5,0.0,0.0,13.9,33.8
Real Sociedad,Real Madrid,2024-09-14,13.9,64.7,0.0,0.0,6.5,14.4
Celta Vigo,Valladolid,2024-09-15,30.7,26.7,0.0,0.0,6.4,27.0
Girona,Barcelona,2024-09-15,23.8,47.5,0.0,0.0,12.7,31.3
Las Palmas,Athletic Club,2024-09-15,21.4,72.0,0.0,0.0,14.8,37.1
Rayo Vallecano,Osasuna,2024-09-16,21.2,27.7,0.0,0.0,22.2,42.5
Mallorca,Real Sociedad,2024-09-17,19.8,71.3,0.0,0.0,7.8,28.4
Real Betis,Getafe,2024-09-18,25.2,60.7,0.0,0.0,15.6,36.0
Leganés,Athletic Club,2024-09-19,16.3,94.0,0.0,0.0,5.5,15.1
Alavés,Sevilla,2024-09-20,16.0,85.7,0.0,0.0,15.2,31.7
Osasuna,Las Palmas,2024-09-21,19.0,80.5,1.7,0.0,11.9,36.4
Real Madrid,Espanyol,2024-09-21,17.1,63.7,0.0,0.0,7.5,20.9
Getafe,Leganés,2024-09-22,24.1,33.3,0.0,0.0,16.9,37.1
Athletic Club,Celta Vigo,2024-09-22,18.5,80.0,0.2,0.0,9.8,25.9
Villarreal,Barcelona,2024-09-22,20.3,93.0,0.0,0.0,5.8,15.5
Rayo Vallecano,Atlético Madrid,2024-09-22,17.7,55.0,0.0,0.0,10.9,19.8
Real Betis,Mallorca,2024-09-23,20.0,65.0,0.0,0.0,12.6,28.8
Sevilla,Valladolid,2024-09-24,22.1,59.7,0.0,0.0,16.3,36.7
Real Madrid,Alavés,2024-09-24,14.4,61.7,0.0,0.0,14.7,32.8
Girona,Rayo Vallecano,2024-09-25,20.7,72.7,0.0,0.0,23.9,49.0
Barcelona,Getafe,2024-09-25,20.0,81.3,0.0,0.0,8.4,28.1
Las Palmas,Real Betis,2024-09-26,21.5,75.3,0.0,0.0,10.1,26.6
Espanyol,Villarreal,2024-09-26,24.0,63.7,0.0,0.0,10.9,34.2
Celta Vigo,Atlético Madrid,2024-09-26,15.7,87.3,0.6,0.0,11.1,25.6
Getafe,Alavés,2024-09-28,20.5,21.3,0.0,0.0,9.9,27.7
Rayo Vallecano,Leganés,2024-09-28,20.2,21.5,0.0,0.0,9.6,23.0
Real Sociedad,Valencia,2024-09-28,12.2,85.0,0.0,0.0,5.8,10.1
Osasuna,Barcelona,2024-09-28,8.5,91.3,0.0,0.0,6.8,11.9
Celta Vigo,Girona,2024-09-29,20.5,47.3,0.0,0.0,12.8,29.2
Athletic Club,Sevilla,2024-09-29,24.5,47.5,0.0,0.0,8.4,27.0
Real Betis,Espanyol,2024-09-29,27.2,32.0,0.0,0.0,11.2,21.2
Villarreal,Las Palmas,2024-09-30,17.0,91.7,0.0,0.0,2.2,5.8
Leganés,Valencia,2024-10-04,17.7,52.3,0.0,0.0,7.2,15.1
Espanyol,Mallorca,2024-10-05,21.7,53.0,0.0,0.0,11.8,29.2
Getafe,Osasuna,2024-10-05,25.0,44.5,0.0,0.0,17.1,33.8
Las Palmas,Celta Vigo,2024-10-05,22.4,80.5,0.0,0.0,9.0,25.2
Real Madrid,Villarreal,2024-10-05,20.1,70.7,0.0,0.0,17.2,33.5
Girona,Athletic Club,2024-10-06,22.9,62.7,0.0,0.0,6.1,19.4
Alavés,Barcelona,2024-10-06,18.9,82.0,4.2,0.0,17.0,44.3
Sevilla,Real Betis,2024-10-06,25.0,50.5,0.0,0.0,11.0,27.7
Real Sociedad,Atlético Madrid,2024-10-06,18.2,96.7,1.5,0.0,3.9,25.9
Alavés,Valladolid,2024-10-18,12.3,86.3,0.8,0.0,1.6,4.3
Athletic Club,Espanyol,2024-10-19,19.1,83.7,0.0,0.0,7.1,23.0
Osasuna,Real Betis,2024-10-19,18.3,73.5,0.0,0.0,4.0,16.9
Girona,Real Sociedad,2024-10-19,14.8,82.0,0.0,0.0,5.4,16.6
Celta Vigo,Real Madrid,2024-10-19,18.3,92.7,0.2,0.0,16.4,36.4
Mallorca,Rayo Vallecano,2024-10-20,23.4,54.3,0.1,0.0,8.9,22.7
Villarreal,Getafe,2024-10-20,19.0,87.5,0.0,0.0,2.9,7.9
Barcelona,Sevilla,2024-10-20,15.5,86.7,0.0,0.0,4.9,12.2
Espanyol,Sevilla,2024-10-25,16.0,96.0,1.7,0.0,3.7,13.7
Rayo Vallecano,Alavés,2024-10-26,9.2,70.5,0.2,0.0,16.4,33.1
Las Palmas,Girona,2024-10-26,19.2,63.5,0.2,0.0,20.8,48.6
Real Madrid,Barcelona,2024-10-26,6.8,83.7,0.0,0.0,3.5,12.6
Leganés,Celta Vigo,2024-10-27,12.9,51.3,0.1,0.0,15.7,36.0
Getafe,Valencia,2024-10-27,12.8,52.0,0.0,0.0,15.9,29.5
Real Betis,Atlético Madrid,2024-10-27,14.5,60.0,0.0,0.0,10.6,20.5
Real Sociedad,Osasuna,2024-10-27,11.4,91.3,0.0,0.0,2.3,9.0
Mallorca,Athletic Club,2024-10-28,19.0,94.7,0.0,0.0,11.8,24.5
Alavés,Mallorca,2024-11-01,11.1,93.3,0.0,0.0,7.6,13.3
Osasuna,Valladolid,2024-11-02,19.4,72.0,0.0,0.0,3.7,13.0
Girona,Leganés,2024-11-02,16.0,89.5,4.2,0.0,8.6,26.6
Barcelona,Espanyol,2024-11-03,17.0,94.5,0.2,0.0,8.4,22.3
Sevilla,Real Sociedad,2024-11-03,19.4,66.5,0.0,0.0,12.0,23.8
Athletic Club,Real Betis,2024-11-03,15.9,80.3,0.0,0.0,7.6,20.9
Celta Vigo,Getafe,2024-11-04,15.7,90.3,0.1,0.0,5.9,15.1
Rayo Vallecano,Las Palmas,2024-11-08,10.4,94.7,0.0,0.0,3.2,8.3
Real Madrid,Osasuna,2024-11-09,16.5,67.3,0.0,0.0,3.7,15.5
Villarreal,Alavés,2024-11-09,17.4,84.0,0.3,0.0,4.7,15.8
Leganés,Sevilla,2024-11-09,10.0,75.3,0.0,0.0,6.7,14.0
Real Betis,Celta Vigo,2024-11-10,22.3,52.7,0.0,0.0,9.0,23.0
Mallorca,Atlético Madrid,2024-11-10,17.5,74.0,0.1,0.0,15.8,35.6
Getafe,Girona,2024-11-10,14.2,77.5,0.0,0.0,4.0,7.9
Real Sociedad,Barcelona,2024-11-10,14.1,89.3,0.8,0.0,3.2,7.2
Getafe,Valladolid,2024-11-22,8.8,77.0,0.0,0.0,2.9,7.6
Las Palmas,Mallorca,2024-11-23,22.0,86.0,0.0,0.0,1.9,9.0
Girona,Espanyol,2024-11-23,13.0,76.5,0.0,0.0,20.8,48.2
Celta Vigo,Barcelona,2024-11-23,19.5,53.7,0.0,0.0,21.1,49.7
Osasuna,Villarreal,2024-11-24,17.0,58.3,0.0,0.0,23.5,57.2
Sevilla,Rayo Vallecano,2024-11-24,19.4,76.0,0.0,0.0,4.6,14.8
Leganés,Real Madrid,2024-11-24,14.4,71.5,0.0,0.0,11.6,23.8
Athletic Club,Real Sociedad,2024-11-24,18.0,61.3,0.0,0.0,22.6,59.0
Mallorca,Valencia,2024-11-29,12.7,91.7,0.0,0.0,5.1,13.3
Barcelona,Las Palmas,2024-11-30,16.4,72.3,0.0,0.0,5.3,16.9
Alavés,Leganés,2024-11-30,14.2,76.5,0.0,0.0,10.0,25.6
Espanyol,Celta Vigo,2024-11-30,11.6,94.0,0.0,0.0,2.4,7.9
Villarreal,Girona,2024-12-01,16.8,82.3,0.0,0.0,6.8,18.0
Real Madrid,Getafe,2024-12-01,12.2,89.5,0.0,0.0,2.6,10.4
Rayo Vallecano,Athletic Club,2024-12-01,10.4,91.0,0.0,0.0,3.2,7.9
Real Sociedad,Real Betis,2024-12-01,13.7,73.0,0.0,0.0,7.1,17.3
Sevilla,Osasuna,2024-12-02,12.7,95.0,0.0,0.0,4.1,7.9
Mallorca,Barcelona,2024-12-03,12.7,93.7,0.0,0.0,4.9,13.7
Athletic Club,Real Madrid,2024-12-04,8.5,88.3,0.0,0.0,5.9,17.3
Celta Vigo,Mallorca,2024-12-06,12.4,98.0,0.0,0.0,4.5,11.5
Las Palmas,Valladolid,2024-12-07,20.0,75.3,0.0,0.0,9.0,21.2
Real Betis,Barcelona,2024-12-07,17.6,79.0,0.0,0.0,4.2,18.7
Girona,Real Madrid,2024-12-07,6.2,91.3,0.0,0.0,4.4,21.6
Leganés,Real Sociedad,2024-12-08,10.1,39.3,0.0,0.0,19.2,46.4
Athletic Club,Villarreal,2024-12-08,7.9,92.0,2.4,0.0,23.9,57.2
Osasuna,Alavés,2024-12-08,4.6,95.5,4.2,0.5,24.5,55.1
Getafe,Espanyol,2024-12-09,5.0,78.3,0.0,0.0,2.3,6.8
Espanyol,Osasuna,2024-12-14,12.7,56.3,0.0,0.0,8.1,22.0
Mallorca,Girona,2024-12-14,12.2,56.5,0.0,0.0,10.4,35.6
Sevilla,Celta Vigo,2024-12-14,11.8,73.5,0.0,0.0,8.8,16.9
Rayo Vallecano,Real Madrid,2024-12-14,2.5,92.7,0.0,0.0,2.1,5.8
Alavés,Athletic Club,2024-12-15,6.7,83.5,0.0,0.0,6.2,23.8
Real Sociedad,Las Palmas,2024-12-15,9.9,80.5,0.0,0.0,0.3,4.3
Villarreal,Real Betis,2024-12-15,8.2,76.0,0.0,0.0,1.2,3.2
Barcelona,Leganés,2024-12-15,5.0,93.3,0.0,0.0,6.3,15.5
Villarreal,Rayo Vallecano,2024-12-18,8.4,74.5,0.0,0.0,10.7,19.4
Espanyol,Valencia,2024-12-18,6.3,88.5,0.0,0.0,8.4,20.2
Girona,Valladolid,2024-12-20,4.5,64.0,0.0,0.0,8.2,19.8
Getafe,Mallorca,2024-12-21,9.1,50.0,0.0,0.0,1.2,10.4
Celta Vigo,Real Sociedad,2024-12-21,13.0,82.0,0.0,0.0,0.6,6.1
Osasuna,Athletic Club,2024-12-21,9.3,87.0,0.0,0.0,5.2,16.6
Barcelona,Atlético Madrid,2024-12-21,6.6,82.3,0.0,0.0,3.1,10.4
Real Madrid,Sevilla,2024-12-22,9.2,75.0,0.0,0.0,4.4,10.1
Las Palmas,Espanyol,2024-12-22,15.6,68.0,0.1,0.0,7.8,25.9
Leganés,Villarreal,2024-12-22,9.2,65.0,0.0,0.0,15.8,32.8
Real Betis,Rayo Vallecano,2024-12-22,8.8,82.7,0.0,0.0,5.2,12.6
Rayo Vallecano,Celta Vigo,2025-01-10,8.7,94.0,0.0,0.0,10.3,22.3
Alavés,Girona,2025-01-11,10.9,75.3,0.1,0.0,18.2,42.1
Espanyol,Leganés,2025-01-11,12.4,78.0,0.0,0.0,9.2,27.7
Sevilla,Valencia,2025-01-11,13.9,92.7,0.0,0.0,8.4,17.6
Las Palmas,Getafe,2025-01-12,18.5,76.7,0.0,0.0,8.4,23.4
Real Sociedad,Villarreal,2025-01-13,4.3,76.7,0.0,0.0,2.6,10.1
Espanyol,Valladolid,2025-01-17,6.8,54.3,0.0,0.0,10.9,25.6
Girona,Sevilla,2025-01-18,12.2,46.7,0.0,0.0,8.7,23.0
Leganés,Atlético Madrid,2025-01-18,7.7,51.0,0.0,0.0,6.3,15.5
Real Betis,Alavés,2025-01-18,10.8,72.0,0.0,0.0,1.2,2.9
Getafe,Barcelona,2025-01-18,1.5,80.7,0.0,0.0,2.6,6.1
Celta Vigo,Athletic Club,2025-01-19,9.1,92.3,4.6,0.0,17.3,39.2
Real Madrid,Las Palmas,2025-01-19,5.6,72.5,0.0,0.0,1.8,11.5
Osasuna,Rayo Vallecano,2025-01-19,0.0,75.5,0.0,0.0,3.4,9.7
Villarreal,Mallorca,2025-01-20,7.3,95.7,0.0,0.0,5.8,12.2
Las Palmas,Osasuna,2025-01-24,15.7,91.0,0.5,0.0,14.3,28.8
Mallorca,Real Betis,2025-01-25,17.4,69.7,0.0,0.0,14.0,36.0
Sevilla,Espanyol,2025-01-25,14.5,88.0,0.0,0.0,9.9,19.4
Rayo Vallecano,Girona,2025-01-26,10.3,86.3,0.4,0.0,13.6,37.8
Real Sociedad,Getafe,2025-01-26,13.8,59.0,2.2,0.0,27.6,66.2
Athletic Club,Leganés,2025-01-26,16.8,56.0,0.0,0.0,33.3,82.4
Barcelona,Valencia,2025-01-26,11.0,77.7,0.0,0.0,7.8,21.2
Alavés,Celta Vigo,2025-01-27,6.6,74.3,0.0,0.0,23.7,48.6
Leganés,Rayo Vallecano,2025-01-31,3.4,73.7,0.0,0.0,5.9,13.7
Getafe,Sevilla,2025-02-01,11.6,56.0,0.0,0.0,4.6,17.6
Villarreal,Valladolid,2025-02-01,9.4,72.0,0.0,0.0,3.4,22.3
Espanyol,Real Madrid,2025-02-01,4.9,92.3,0.0,0.0,6.8,15.5
Barcelona,Alavés,2025-02-02,14.2,40.3,0.0,0.0,2.2,15.1
Osasuna,Real Sociedad,2025-02-02,7.5,82.0,0.0,0.0,11.7,27.0
Real Betis,Athletic Club,2025-02-02,11.8,93.0,0.0,0.0,7.6,16.9
Girona,Las Palmas,2025-02-03,5.8,87.3,0.0,0.0,0.7,6.8
Rayo Vallecano,Valladolid,2025-02-07,6.3,92.3,0.2,0.0,9.6,20.5
Celta Vigo,Real Betis,2025-02-08,11.8,65.7,1.0,0.0,6.6,20.2
Athletic Club,Girona,2025-02-08,9.9,71.0,0.0,0.0,6.3,27.0
Las Palmas,Villarreal,2025-02-08,16.2,78.0,0.0,0.0,9.8,27.0
Real Madrid,Atlético Madrid,2025-02-08,5.4,89.0,0.0,0.0,4.0,15.8
Alavés,Getafe,2025-02-09,13.1,63.3,0.0,0.0,17.6,42.5
Real Sociedad,Espanyol,2025-02-09,11.5,80.0,0.0,0.0,10.4,21.2
Sevilla,Barcelona,2025-02-09,11.5,81.0,0.0,0.0,0.6,2.2
Mallorca,Osasuna,2025-02-10,8.7,88.0,0.0,0.0,6.0,15.5
Girona,Getafe,2025-02-14,9.3,93.0,0.0,0.0,2.5,10.8
Leganés,Alavés,2025-02-15,14.6,57.3,0.0,0.0,4.9,16.6
Osasuna,Real Madrid,2025-02-15,14.8,67.0,0.0,0.0,7.0,25.9
Villarreal,Valencia,2025-02-15,12.8,89.7,0.0,0.0,3.3,7.9
Espanyol,Athletic Club,2025-02-16,15.5,72.3,0.0,0.0,6.3,22.3
Mallorca,Las Palmas,2025-02-16,11.8,95.5,0.0,0.0,1.0,6.5
Real Betis,Real Sociedad,2025-02-16,12.6,91.7,0.0,0.0,8.7,21.6
Barcelona,Rayo Vallecano,2025-02-17,11.4,96.3,0.0,0.0,3.7,10.1
Celta Vigo,Osasuna,2025-02-21,10.2,95.7,7.1,0.0,10.5,31.3
Alavés,Espanyol,2025-02-22,11.7,59.3,0.3,0.0,8.2,26.3
Rayo Vallecano,Villarreal,2025-02-22,12.4,56.0,0.0,0.0,4.7,17.6
Las Palmas,Barcelona,2025-02-22,15.7,85.3,0.0,0.0,6.2,17.3
Athletic Club,Valladolid,2025-02-23,19.1,47.0,0.0,0.0,9.4,27.7
Real Madrid,Girona,2025-02-23,13.8,49.0,0.0,0.0,6.1,20.2
Getafe,Real Betis,2025-02-23,11.0,63.5,0.0,0.0,3.6,8.6
Real Sociedad,Leganés,2025-02-23,11.3,71.0,0.0,0.0,12.4,26.3
Sevilla,Mallorca,2025-02-24,13.6,73.3,0.0,0.0,7.1,15.5
Girona,Celta Vigo,2025-03-01,11.4,55.0,0.0,0.0,18.7,43.9
Rayo Vallecano,Sevilla,2025-03-01,7.3,81.0,0.9,0.0,16.1,36.4
Real Betis,Real Madrid,2025-03-01,14.4,81.0,0.0,0.0,5.4,17.6
Leganés,Getafe,2025-03-02,3.2,96.7,2.3,0.0,14.4,33.5
Barcelona,Real Sociedad,2025-03-02,13.2,57.0,0.0,0.0,20.8,52.9
Mallorca,Alavés,2025-03-02,12.6,87.5,0.0,0.0,13.0,32.4
Osasuna,Valencia,2025-03-02,5.4,96.7,0.5,0.0,2.3,7.9
Celta Vigo,Leganés,2025-03-08,11.4,77.3,2.9,0.0,18.8,51.5
Alavés,Villarreal,2025-03-08,12.0,79.5,0.7,0.0,31.8,69.1
Getafe,Atlético Madrid,2025-03-09,9.4,68.3,1.5,0.0,12.1,35.3
Real Madrid,Rayo Vallecano,2025-03-09,8.4,74.0,0.1,0.0,6.3,27.4
Real Betis,Las Palmas,2025-03-09,11.0,88.0,2.2,0.0,13.8,28.1
Athletic Club,Mallorca,2025-03-09,12.7,63.0,0.0,0.0,8.0,18.4
Real Sociedad,Sevilla,2025-03-09,10.8,68.7,0.0,0.0,12.5,27.7
Espanyol,Girona,2025-03-10,9.0,94.3,0.0,0.0,3.6,10.1
Las Palmas,Alavés,2025-03-14,15.5,69.3,0.0,0.0,13.6,32.0
Mallorca,Espanyol,2025-03-15,11.5,48.5,0.0,0.0,15.2,41.0
Villarreal,Real Madrid,2025-03-15,10.6,78.5,0.2,0.0,1.0,9.7
Girona,Valencia,2025-03-15,3.5,98.7,0.0,0.0,1.2,6.5
Leganés,Real Betis,2025-03-16,7.7,71.3,1.6,0.1,14.4,40.3
Sevilla,Athletic Club,2025-03-16,15.2,70.0,0.1,0.0,15.0,41.0
Osasuna,Getafe,2025-03-16,4.2,81.5,0.0,0.0,6.1,32.4
Rayo Vallecano,Real Sociedad,2025-03-16,7.0,60.0,0.0,0.0,10.0,24.5
Barcelona,Osasuna,2025-03-27,11.7,94.3,0.0,0.0,3.9,9.7
Real Sociedad,Valladolid,2025-03-29,12.3,64.3,0.2,0.0,19.4,48.6
Espanyol,Atlético Madrid,2025-03-29,15.4,33.0,0.0,0.0,14.6,38.5
Alavés,Rayo Vallecano,2025-03-29,6.4,77.0,0.0,0.0,15.8,40.7
Real Madrid,Leganés,2025-03-29,8.6,56.3,0.0,0.0,14.2,39.2
Getafe,Villarreal,2025-03-30,17.0,34.3,0.0,0.0,11.3,29.2
Barcelona,Girona,2025-03-30,17.8,57.0,0.0,0.0,7.1,25.6
Athletic Club,Osasuna,2025-03-30,11.0,77.0,0.0,0.0,5.2,20.2
Real Betis,Sevilla,2025-03-30,14.4,67.0,0.0,0.0,13.9,29.2
Celta Vigo,Las Palmas,2025-03-31,14.7,73.0,0.0,0.0,1.9,8.6
Rayo Vallecano,Espanyol,2025-04-04,9.5,93.7,0.0,0.0,9.8,24.1
Girona,Alavés,2025-04-05,18.2,66.7,0.7,0.0,6.4,24.8
Real Madrid,Valencia,2025-04-05,15.2,55.0,0.0,0.0,10.1,27.0
Mallorca,Celta Vigo,2025-04-05,15.0,87.0,0.0,0.0,4.6,19.1
Barcelona,Real Betis,2025-04-05,12.6,100.0,0.0,0.0,2.1,9.4
Las Palmas,Real Sociedad,2025-04-06,19.6,76.0,0.0,0.0,8.2,25.9
Sevilla,Atlético Madrid,2025-04-06,19.0,61.0,0.0,0.0,10.9,29.2
Villarreal,Athletic Club,2025-04-06,14.5,78.7,0.0,0.0,5.8,15.5
Leganés,Osasuna,2025-04-07,14.0,74.0,0.0,0.0,4.5,9.7
Real Sociedad,Mallorca,2025-04-12,17.8,78.0,0.4,0.0,7.8,37.4
Getafe,Las Palmas,2025-04-12,15.9,76.5,0.9,0.0,6.4,24.1
Celta Vigo,Espanyol,2025-04-12,15.8,89.0,0.1,0.0,5.8,20.2
Leganés,Barcelona,2025-04-12,12.3,88.7,0.0,0.0,9.0,19.4
Osasuna,Girona,2025-04-13,16.1,72.0,0.3,0.0,16.7,39.6
Alavés,Real Madrid,2025-04-13,11.2,84.0,0.0,0.0,13.8,31.3
Real Betis,Villarreal,2025-04-13,19.1,77.0,0.0,0.0,11.6,32.0
Athletic Club,Rayo Vallecano,2025-04-13,12.6,91.0,0.0,0.0,2.2,10.1
Espanyol,Getafe,2025-04-18,14.0,99.7,0.0,0.0,3.4,11.2
Rayo Vallecano,Valencia,2025-04-19,11.8,52.7,0.2,0.0,19.8,54.0
Barcelona,Celta Vigo,2025-04-19,15.8,51.5,0.0,0.0,13.6,43.6
Mallorca,Leganés,2025-04-19,15.8,59.0,0.0,0.0,12.8,38.5
Las Palmas,Atlético Madrid,2025-04-19,16.1,79.3,0.3,0.0,15.6,38.2
Villarreal,Real Sociedad,2025-04-20,16.7,49.0,0.1,0.0,6.6,39.2
Sevilla,Alavés,2025-04-20,17.3,64.0,0.0,0.0,14.1,34.2
Real Madrid,Athletic Club,2025-04-20,10.2,68.0,0.0,0.0,7.9,20.2
Girona,Real Betis,2025-04-21,10.9,91.3,0.0,0.0,3.9,22.3
Barcelona,Mallorca,2025-04-22,14.6,82.5,0.0,0.0,3.9,9.0
Celta Vigo,Villarreal,2025-04-23,17.9,73.0,0.0,0.0,8.7,30.6
Athletic Club,Las Palmas,2025-04-23,14.5,85.3,0.0,0.0,9.8,34.9
Alavés,Real Sociedad,2025-04-23,10.6,90.0,0.0,0.0,3.2,16.9
Getafe,Real Madrid,2025-04-23,13.8,83.0,0.0,0.0,3.2,7.2
Osasuna,Sevilla,2025-04-24,13.0,83.7,0.0,0.0,6.8,26.6
Leganés,Girona,2025-04-24,20.0,55.0,0.0,0.0,2.3,13.0
Real Betis,Valladolid,2025-04-24,21.8,60.5,0.0,0.0,9.4,19.8
Villarreal,Espanyol,2025-04-27,20.6,38.0,0.0,0.0,10.2,31.7
Rayo Vallecano,Getafe,2025-05-02,12.5,94.3,0.1,0.0,3.5,18.0
Alavés,Atlético Madrid,2025-05-03,19.4,56.0,0.0,0.0,5.0,24.1
Villarreal,Osasuna,2025-05-03,22.4,60.0,0.0,0.0,8.8,27.4
Las Palmas,Valencia,2025-05-03,18.8,67.5,0.0,0.0,14.5,34.9
Real Madrid,Celta Vigo,2025-05-04,15.6,58.3,0.3,0.0,17.1,46.1
Sevilla,Leganés,2025-05-04,18.9,65.5,0.0,0.0,20.2,47.5
Espanyol,Real Betis,2025-05-04,19.4,71.5,0.0,0.0,5.6,30.2
Real Sociedad,Athletic Club,2025-05-04,14.3,95.7,2.2,0.0,14.5,31.3
Girona,Mallorca,2025-05-05,12.6,96.3,2.2,0.0,1.9,6.1
Las Palmas,Rayo Vallecano,2025-05-09,18.2,68.7,0.0,0.0,6.6,24.1
Celta Vigo,Sevilla,2025-05-10,14.8,68.5,0.1,0.0,11.4,32.0
Mallorca,Valladolid,2025-05-10,19.2,78.0,0.0,0.0,10.8,38.9
Girona,Villarreal,2025-05-10,15.6,92.5,0.4,0.0,9.1,30.6
Leganés,Espanyol,2025-05-11,16.1,42.7,0.0,0.0,11.2,31.3
Barcelona,Real Madrid,2025-05-11,18.4,76.5,0.0,0.0,7.4,26.3
Athletic Club,Alavés,2025-05-11,13.8,79.5,0.0,0.0,8.0,24.1
Real Betis,Osasuna,2025-05-11,16.6,67.0,0.0,0.0,12.0,37.1
Real Sociedad,Celta Vigo,2025-05-13,14.7,93.0,0.0,0.0,3.5,19.4
Sevilla,Las Palmas,2025-05-13,18.2,59.5,0.0,0.0,9.2,27.7
Alavés,Valencia,2025-05-14,12.3,90.0,0.3,0.0,13.2,30.2
Villarreal,Leganés,2025-05-14,18.8,67.7,0.0,0.0,5.1,22.3
Real Madrid,Mallorca,2025-05-14,11.4,98.0,0.1,0.0,3.9,13.0
Rayo Vallecano,Real Betis,2025-05-15,15.8,67.7,0.0,0.0,5.2,18.4
Osasuna,Atlético Madrid,2025-05-15,13.1,90.7,0.1,0.0,16.2,46.8
Getafe,Athletic Club,2025-05-15,14.4,71.5,0.0,0.0,8.0,16.2
Espanyol,Barcelona,2025-05-15,15.5,90.0,0.0,0.0,2.5,8.6
Las Palmas,Leganés,2025-05-18,19.1,73.3,0.3,0.0,17.0,36.7
Mallorca,Getafe,2025-05-18,20.2,57.7,0.0,0.0,5.4,22.7
Osasuna,Espanyol,2025-05-18,21.1,64.3,0.0,0.0,11.5,27.4
Barcelona,Villarreal,2025-05-18,19.5,62.3,0.0,0.0,6.7,29.2
Real Sociedad,Girona,2025-05-18,22.4,79.7,0.0,0.0,7.7,23.8
Sevilla,Real Madrid,2025-05-18,21.0,48.7,0.0,0.0,14.9,45.0
Celta Vigo,Rayo Vallecano,2025-05-18,15.8,80.7,0.0,0.0,7.1,33.8
Real Betis,Valencia,2025-05-23,22.6,65.7,0.0,0.0,12.8,30.2
Real Madrid,Real Sociedad,2025-05-24,26.8,16.5,0.0,0.0,5.3,22.0
Leganés,Valladolid,2025-05-24,24.8,18.5,0.0,0.0,13.0,30.6
Espanyol,Las Palmas,2025-05-24,18.8,72.0,0.0,0.0,11.6,34.9
Rayo Vallecano,Mallorca,2025-05-24,21.8,26.7,0.0,0.0,3.9,16.6
Alavés,Osasuna,2025-05-24,12.3,89.7,0.0,0.0,2.2,12.2
Getafe,Celta Vigo,2025-05-24,20.8,37.3,0.0,0.0,1.6,5.8
Girona,Atlético Madrid,2025-05-25,24.3,55.7,0.0,0.0,10.7,31.3
Villarreal,Sevilla,2025-05-25,25.0,38.0,0.0,0.0,8.0,32.0
Athletic Club,Barcelona,2025-05-25,16.0,94.0,0.0,0.0,2.4,13.7
Almería,Rayo Vallecano,2023-08-11,28.6,80.5,0.0,0.0,6.0,20.2
Sevilla,Valencia,2023-08-11,31.8,26.0,0.0,0.0,14.1,29.9
Real Sociedad,Girona,2023-08-12,22.0,92.3,2.1,0.0,12.5,35.6
Las Palmas,Mallorca,2023-08-12,28.0,50.0,0.0,0.0,12.2,32.0
Athletic Club,Real Madrid,2023-08-12,20.2,86.0,0.0,0.0,4.2,9.4
Celta Vigo,Osasuna,2023-08-13,22.8,62.7,0.0,0.0,17.3,46.1
Villarreal,Real Betis,2023-08-13,25.4,78.5,0.0,0.0,5.4,20.5
Getafe,Barcelona,2023-08-13,28.8,23.5,0.0,0.0,12.8,24.8
Cádiz,Alavés,2023-08-14,24.3,66.0,0.0,0.0,7.6,21.2
Mallorca,Villarreal,2023-08-18,27.5,77.0,0.0,0.0,3.2,14.8
Real Sociedad,Celta Vigo,2023-08-19,25.8,77.3,0.0,0.0,9.2,28.4
Almería,Real Madrid,2023-08-19,31.8,38.0,0.0,0.0,2.6,15.5
Osasuna,Athletic Club,2023-08-19,23.2,79.5,0.0,0.0,10.9,24.5
Girona,Getafe,2023-08-20,30.7,44.3,0.0,0.0,6.4,13.7
Barcelona,Cádiz,2023-08-20,29.3,55.0,0.0,0.0,5.8,19.1
Real Betis,Atlético Madrid,2023-08-20,32.0,31.5,0.0,0.0,14.5,28.8
Alavés,Sevilla,2023-08-21,24.2,74.7,0.0,0.0,14.7,37.4
Granada,Rayo Vallecano,2023-08-21,26.2,50.0,0.0,0.0,5.1,13.7
Las Palmas,Real Sociedad,2023-08-25,26.0,60.0,0.0,0.0,9.6,27.4
Celta Vigo,Real Madrid,2023-08-25,19.0,68.5,0.0,0.0,14.3,29.9
Cádiz,Almería,2023-08-26,26.6,56.7,0.5,0.0,12.5,45.0
Granada,Mallorca,2023-08-26,30.0,26.5,0.0,0.0,9.4,34.2
Sevilla,Girona,2023-08-26,29.8,30.0,0.0,0.0,14.6,27.4
Villarreal,Barcelona,2023-08-27,26.3,26.0,0.0,0.0,14.8,43.2
Athletic Club,Real Betis,2023-08-27,15.8,90.0,1.1,0.0,9.4,25.6
Getafe,Alavés,2023-08-28,24.6,29.0,0.0,0.0,10.9,29.2
Cádiz,Villarreal,2023-09-01,22.0,89.5,0.0,0.0,16.0,37.1
Almería,Celta Vigo,2023-09-01,25.4,70.5,0.0,0.0,2.6,9.7
Real Sociedad,Granada,2023-09-02,20.5,99.0,2.0,0.0,8.8,24.5
Real Madrid,Getafe,2023-09-02,20.4,64.5,0.0,0.0,18.2,40.0
Alavés,Valencia,2023-09-02,16.8,82.5,0.1,0.0,10.3,27.0
Real Betis,Rayo Vallecano,2023-09-02,20.5,78.0,0.0,0.0,7.4,25.2
Girona,Las Palmas,2023-09-03,25.7,50.7,0.0,0.0,17.6,46.4
Mallorca,Athletic Club,2023-09-03,26.5,75.5,0.0,0.0,34.6,76.7
Osasuna,Barcelona,2023-09-03,23.8,51.0,0.0,0.0,12.6,27.4
Athletic Club,Cádiz,2023-09-16,27.8,48.7,0.0,0.0,12.9,41.0
Celta Vigo,Mallorca,2023-09-16,19.8,77.0,0.0,0.0,14.2,34.6
Barcelona,Real Betis,2023-09-16,21.2,92.7,0.0,0.0,2.4,7.9
Getafe,Osasuna,2023-09-17,18.4,76.0,2.8,0.0,16.1,37.8
Villarreal,Almería,2023-09-17,25.5,73.5,0.0,0.0,6.7,22.0
Sevilla,Las Palmas,2023-09-17,21.1,64.5,0.0,0.0,12.6,33.5
Real Madrid,Real Sociedad,2023-09-17,15.8,73.3,0.0,0.0,13.8,29.9
Granada,Girona,2023-09-18,17.9,59.0,0.0,0.0,3.8,14.8
Alavés,Athletic Club,2023-09-22,12.3,85.3,0.0,0.0,4.0,11.5
Girona,Mallorca,2023-09-23,21.0,60.0,1.3,0.0,13.6,34.6
Osasuna,Sevilla,2023-09-23,18.7,60.5,0.0,0.0,10.0,25.2
Barcelona,Celta Vigo,2023-09-23,19.4,65.0,0.0,0.0,7.1,14.0
Almería,Valencia,2023-09-23,24.0,50.3,0.0,0.0,7.3,16.9
Real Sociedad,Getafe,2023-09-24,28.6,45.3,0.0,0.0,2.8,10.8
Las Palmas,Granada,2023-09-24,22.0,61.0,0.0,0.0,15.2,39.2
Real Betis,Cádiz,2023-09-24,26.9,38.5,0.0,0.0,8.8,16.6
Sevilla,Almería,2023-09-26,26.9,43.0,0.0,0.0,7.3,22.0
Mallorca,Barcelona,2023-09-26,18.8,78.0,0.0,0.0,5.2,11.9
Real Madrid,Las Palmas,2023-09-27,21.4,50.3,0.0,0.0,6.7,11.9
Villarreal,Girona,2023-09-27,20.7,83.0,0.0,0.0,5.7,15.5
Athletic Club,Getafe,2023-09-27,19.3,77.0,0.0,0.0,3.6,9.0
Cádiz,Rayo Vallecano,2023-09-27,20.5,64.0,0.0,0.0,8.0,12.2
Granada,Real Betis,2023-09-28,24.3,39.3,0.0,0.0,8.5,23.8
Celta Vigo,Alavés,2023-09-28,21.7,87.3,0.0,0.0,7.5,22.3
Osasuna,Atlético Madrid,2023-09-28,19.5,70.0,0.0,0.0,4.6,7.9
Barcelona,Sevilla,2023-09-29,20.5,79.0,0.0,0.0,4.7,10.1
Getafe,Villarreal,2023-09-30,29.5,36.0,0.0,0.0,3.8,15.1
Girona,Real Madrid,2023-09-30,22.4,75.0,0.0,0.0,9.5,24.8
Real Sociedad,Athletic Club,2023-09-30,19.9,97.0,0.0,0.0,7.6,18.0
Almería,Granada,2023-10-01,29.4,50.3,0.0,0.0,12.1,30.6
Alavés,Osasuna,2023-10-01,30.5,29.5,0.0,0.0,3.8,12.2
Real Betis,Valencia,2023-10-01,26.0,43.0,0.0,0.0,11.7,25.6
Las Palmas,Celta Vigo,2023-10-02,23.3,75.7,0.0,0.0,5.8,15.8
Athletic Club,Almería,2023-10-06,18.3,99.3,0.0,0.0,2.3,5.8
Cádiz,Girona,2023-10-07,31.4,35.7,0.0,0.0,21.4,45.7
Real Madrid,Osasuna,2023-10-07,28.1,37.5,0.0,0.0,4.5,15.5
Mallorca,Valencia,2023-10-07,22.8,83.0,0.0,0.0,3.4,10.1
Sevilla,Rayo Vallecano,2023-10-07,26.9,46.3,0.0,0.0,6.5,27.4
Villarreal,Las Palmas,2023-10-08,25.9,58.0,0.0,0.0,11.1,28.8
Alavés,Real Betis,2023-10-08,20.7,65.0,0.0,0.0,5.8,20.5
Celta Vigo,Getafe,2023-10-08,22.6,76.5,0.0,0.0,5.4,11.2
Granada,Barcelona,2023-10-08,19.7,47.7,0.0,0.0,6.2,19.1
Osasuna,Granada,2023-10-20,10.5,94.7,0.3,0.0,4.9,21.2
Real Sociedad,Mallorca,2023-10-21,19.0,43.7,0.0,0.0,10.9,36.4
Getafe,Real Betis,2023-10-21,14.4,56.0,0.0,0.0,10.0,22.3
Sevilla,Real Madrid,2023-10-21,18.0,57.0,0.0,0.0,8.7,19.1
Celta Vigo,Atlético Madrid,2023-10-21,12.5,92.3,0.0,0.0,3.7,8.3
Las Palmas,Rayo Vallecano,2023-10-22,22.4,71.3,0.9,0.0,16.8,47.5
Girona,Almería,2023-10-22,17.4,60.0,0.0,0.0,9.1,28.8
Villarreal,Alavés,2023-10-22,17.8,67.0,0.0,0.0,11.0,25.2
Barcelona,Athletic Club,2023-10-22,16.4,80.3,0.0,0.0,11.7,29.2
Girona,Celta Vigo,2023-10-27,15.6,60.3,0.0,0.0,7.5,23.0
Almería,Las Palmas,2023-10-28,21.4,51.3,0.0,0.0,11.9,27.4
Barcelona,Real Madrid,2023-10-28,19.6,65.0,0.0,0.0,12.4,37.1
Mallorca,Getafe,2023-10-28,18.6,77.5,0.0,0.0,9.2,22.3
Cádiz,Sevilla,2023-10-28,18.6,82.0,0.0,0.0,10.1,18.0
Real Betis,Osasuna,2023-10-29,21.7,58.3,0.0,0.0,19.6,40.7
Athletic Club,Valencia,2023-10-29,16.6,70.5,0.0,0.0,9.4,30.2
Granada,Villarreal,2023-10-30,11.5,64.3,0.0,0.0,5.8,12.6
Las Palmas,Atlético Madrid,2023-11-03,19.1,80.0,0.0,0.0,12.8,28.8
Osasuna,Girona,2023-11-04,16.2,77.0,1.0,0.0,23.9,57.6
Real Betis,Mallorca,2023-11-04,20.2,69.0,0.0,0.0,29.3,64.8
Celta Vigo,Sevilla,2023-11-04,12.9,82.0,6.3,0.0,31.5,76.0
Real Sociedad,Barcelona,2023-11-04,15.8,46.7,0.0,0.0,26.9,63.7
Alavés,Almería,2023-11-05,13.8,48.3,0.0,0.0,30.0,61.9
Villarreal,Athletic Club,2023-11-05,14.3,43.0,0.0,0.0,10.1,14.4
Real Madrid,Rayo Vallecano,2023-11-05,8.8,79.3,0.0,0.0,15.6,32.4
Getafe,Cádiz,2023-11-06,7.0,74.0,0.0,0.0,11.2,19.8
Athletic Club,Celta Vigo,2023-11-10,12.1,96.7,0.4,0.0,4.9,11.9
Almería,Real Sociedad,2023-11-11,21.2,58.5,0.0,0.0,4.0,16.9
Granada,Getafe,2023-11-11,16.1,65.0,0.0,0.0,3.1,10.1
Osasuna,Las Palmas,2023-11-11,12.6,94.5,0.0,0.0,4.6,11.9
Real Madrid,Valencia,2023-11-11,13.1,93.0,0.0,0.0,17.7,34.6
Barcelona,Alavés,2023-11-12,19.4,51.5,0.0,0.0,5.6,14.8
Sevilla,Real Betis,2023-11-12,18.7,79.0,0.0,0.0,4.7,6.1
Alavés,Granada,2023-11-24,8.8,92.7,0.0,0.0,4.2,10.8
Getafe,Almería,2023-11-25,9.1,80.5,0.0,0.0,5.6,8.3
Villarreal,Osasuna,2023-11-26,16.7,63.7,0.0,0.0,9.4,25.2
Real Sociedad,Sevilla,2023-11-26,10.4,90.0,0.0,0.0,3.1,10.8
Cádiz,Real Madrid,2023-11-26,13.6,90.5,0.0,0.0,6.2,9.7
Real Betis,Las Palmas,2023-11-26,12.0,86.7,0.0,0.0,5.5,10.1
Girona,Athletic Club,2023-11-27,8.8,94.3,0.0,0.0,3.4,9.0
Mallorca,Cádiz,2023-11-29,16.6,86.7,0.0,0.0,16.3,36.4
Las Palmas,Getafe,2023-12-01,18.5,94.3,1.0,0.0,8.6,27.7
Girona,Valencia,2023-12-02,10.7,58.7,0.0,0.0,12.8,31.0
Athletic Club,Rayo Vallecano,2023-12-02,8.4,94.0,0.8,0.0,5.4,19.4
Real Madrid,Granada,2023-12-02,5.0,75.5,0.0,0.0,7.2,9.4
Osasuna,Real Sociedad,2023-12-02,4.9,91.3,0.0,0.0,7.6,21.2
Mallorca,Alavés,2023-12-03,14.4,52.0,0.0,0.0,10.0,29.2
Almería,Real Betis,2023-12-03,14.0,60.0,0.0,0.0,5.8,19.4
Sevilla,Villarreal,2023-12-03,11.2,77.0,0.0,0.0,5.7,12.6
Barcelona,Atlético Madrid,2023-12-03,6.1,94.0,0.0,0.0,4.3,10.8
Celta Vigo,Cádiz,2023-12-04,8.2,82.7,0.0,0.0,6.0,11.2
Getafe,Valencia,2023-12-08,6.3,78.7,0.0,0.0,10.7,18.4
Alavés,Las Palmas,2023-12-09,15.2,67.7,0.0,0.0,29.1,59.8
Real Betis,Real Madrid,2023-12-09,16.8,76.0,0.0,0.0,3.0,6.8
Villarreal,Real Sociedad,2023-12-09,16.0,54.5,0.0,0.0,13.4,25.2
Mallorca,Sevilla,2023-12-09,13.9,84.0,0.0,0.0,8.6,19.8
Cádiz,Osasuna,2023-12-10,15.4,84.5,0.0,0.0,11.6,20.2
Barcelona,Girona,2023-12-10,11.6,93.7,0.0,0.0,5.6,15.5
Granada,Athletic Club,2023-12-11,19.8,23.7,0.0,0.0,4.1,9.4
Osasuna,Rayo Vallecano,2023-12-15,7.4,88.0,0.0,0.0,13.0,28.1
Celta Vigo,Granada,2023-12-16,14.7,67.0,0.0,0.0,3.8,13.3
Athletic Club,Atlético Madrid,2023-12-16,8.2,84.0,0.0,0.0,6.7,15.8
Sevilla,Getafe,2023-12-16,12.0,60.5,0.0,0.0,13.6,23.8
Almería,Mallorca,2023-12-17,17.8,38.7,0.0,0.0,12.9,31.0
Real Sociedad,Real Betis,2023-12-17,12.0,84.0,0.0,0.0,2.2,5.0
Las Palmas,Cádiz,2023-12-17,16.7,41.5,0.0,0.0,10.9,38.2
Real Madrid,Villarreal,2023-12-17,1.9,89.0,0.0,0.0,6.5,12.6
Girona,Alavés,2023-12-18,9.5,59.3,0.0,0.0,2.5,7.2
Granada,Sevilla,2023-12-19,3.8,44.0,0.0,0.0,6.0,13.7
Barcelona,Almería,2023-12-20,8.4,47.7,0.0,0.0,7.3,18.7
Athletic Club,Las Palmas,2023-12-20,10.3,90.0,0.4,0.0,10.2,25.6
Villarreal,Celta Vigo,2023-12-20,13.0,44.0,0.0,0.0,20.3,54.0
Real Betis,Girona,2023-12-21,9.7,75.0,0.0,0.0,8.4,15.5
Cádiz,Real Sociedad,2023-12-21,11.4,62.3,0.0,0.0,14.7,27.7
Mallorca,Osasuna,2023-12-21,12.9,76.5,0.0,0.0,14.4,32.4
Alavés,Real Madrid,2023-12-21,8.8,90.0,0.2,0.0,15.4,31.3
Real Sociedad,Alavés,2024-01-02,15.8,63.5,0.0,0.0,17.2,50.4
Granada,Cádiz,2024-01-03,14.2,55.7,0.0,0.0,2.4,13.7
Real Madrid,Mallorca,2024-01-03,10.4,98.5,0.0,0.0,12.6,24.1
Celta Vigo,Real Betis,2024-01-03,11.0,96.5,0.0,0.0,5.6,11.5
Girona,Atlético Madrid,2024-01-03,8.4,92.0,0.0,0.0,5.4,8.6
Osasuna,Almería,2024-01-04,8.8,87.3,0.0,0.0,4.6,19.1
Sevilla,Athletic Club,2024-01-04,14.4,95.0,0.5,0.0,13.3,33.5
Las Palmas,Barcelona,2024-01-04,16.2,90.5,0.0,0.0,6.4,14.8
Sevilla,Alavés,2024-01-12,9.9,89.0,0.0,0.0,8.1,15.8
Las Palmas,Villarreal,2024-01-13,26.8,19.7,0.0,0.0,19.6,50.8
Mallorca,Celta Vigo,2024-01-13,12.5,76.0,0.0,0.0,11.0,31.7
Athletic Club,Real Sociedad,2024-01-13,12.4,56.0,0.0,0.0,11.2,34.9
Real Betis,Granada,2024-01-13,10.3,91.3,0.0,0.0,4.6,7.2
Almería,Girona,2024-01-14,20.0,59.3,0.0,0.0,10.0,25.2
Cádiz,Valencia,2024-01-14,18.0,68.0,0.0,0.0,15.9,29.5
Alavés,Cádiz,2024-01-19,-2.1,84.7,0.0,0.0,11.4,25.6
Villarreal,Mallorca,2024-01-20,10.5,63.5,0.0,0.0,7.5,23.4
Celta Vigo,Real Sociedad,2024-01-20,6.4,89.3,0.0,0.0,7.4,16.6
Osasuna,Getafe,2024-01-21,9.3,65.7,0.0,0.0,4.2,15.5
Real Madrid,Almería,2024-01-21,9.6,72.0,0.0,0.0,5.6,12.2
Real Betis,Barcelona,2024-01-21,12.4,77.5,0.0,0.0,10.6,19.1
Girona,Sevilla,2024-01-21,4.9,91.7,0.0,0.0,4.0,9.7
Granada,Atlético Madrid,2024-01-22,8.7,47.0,0.0,0.0,3.8,10.8
Almería,Alavés,2024-01-26,17.6,56.7,0.0,0.0,8.3,18.0
Real Sociedad,Rayo Vallecano,2024-01-27,20.1,64.7,0.0,0.0,4.9,13.7
Las Palmas,Real Madrid,2024-01-27,23.5,33.5,0.0,0.0,20.0,50.0
Barcelona,Villarreal,2024-01-27,10.1,98.5,0.0,0.0,5.1,6.5
Mallorca,Real Betis,2024-01-27,10.9,88.0,0.0,0.0,5.6,9.4
Celta Vigo,Girona,2024-01-28,18.6,61.0,0.0,0.0,15.3,33.5
Cádiz,Athletic Club,2024-01-28,19.0,70.0,0.0,0.0,3.8,11.5
Sevilla,Osasuna,2024-01-28,15.0,79.5,0.0,0.0,6.7,8.6
Getafe,Granada,2024-01-29,8.4,83.0,0.0,0.0,6.7,9.0
Barcelona,Osasuna,2024-01-31,7.8,94.7,0.0,0.0,4.7,14.0
Getafe,Real Madrid,2024-02-01,7.9,81.3,0.0,0.0,6.3,11.5
Athletic Club,Mallorca,2024-02-02,11.2,96.3,0.0,0.0,1.5,7.9
Granada,Las Palmas,2024-02-03,13.7,69.5,0.0,0.0,5.3,21.2
Alavés,Barcelona,2024-02-03,10.0,73.5,0.0,0.0,5.2,8.6
Girona,Real Sociedad,2024-02-03,9.2,89.7,0.0,0.0,5.0,10.4
Villarreal,Cádiz,2024-02-04,18.3,42.3,0.0,0.0,7.7,23.0
Osasuna,Celta Vigo,2024-02-04,14.2,70.5,0.0,0.0,3.8,10.1
Real Betis,Getafe,2024-02-04,13.9,78.5,0.0,0.0,7.6,10.4
Real Madrid,Atlético Madrid,2024-02-04,6.1,73.7,0.0,0.0,6.0,9.7
Cádiz,Real Betis,2024-02-09,14.7,82.0,1.1,0.0,34.2,66.2
Alavés,Villarreal,2024-02-10,7.6,70.3,1.5,0.4,16.4,46.1
Real Sociedad,Osasuna,2024-02-10,9.9,79.5,1.3,0.0,14.6,47.9
Real Madrid,Girona,2024-02-10,6.1,59.0,0.0,0.0,17.3,36.0
Las Palmas,Valencia,2024-02-10,17.6,89.0,0.0,0.0,17.2,41.0
Getafe,Celta Vigo,2024-02-11,8.4,70.3,0.1,0.0,16.6,38.9
Mallorca,Rayo Vallecano,2024-02-11,13.0,53.0,0.0,0.0,20.0,46.4
Sevilla,Atlético Madrid,2024-02-11,12.6,93.0,0.0,0.0,2.8,8.3
Barcelona,Granada,2024-02-11,9.0,56.7,0.0,0.0,9.5,35.6
Almería,Athletic Club,2024-02-12,17.3,66.7,0.0,0.0,7.6,18.4
Villarreal,Getafe,2024-02-16,12.1,91.3,0.0,0.0,2.8,10.4
Osasuna,Cádiz,2024-02-17,11.3,62.5,0.0,0.0,15.6,36.0
Celta Vigo,Barcelona,2024-02-17,12.8,90.0,0.0,0.0,5.8,16.6
Granada,Almería,2024-02-18,15.8,62.5,0.0,0.0,3.8,18.4
Mallorca,Real Sociedad,2024-02-18,12.9,78.0,0.0,0.0,4.0,9.7
Real Betis,Alavés,2024-02-18,12.5,79.3,0.0,0.0,7.5,10.1
Athletic Club,Girona,2024-02-19,10.4,91.3,0.0,0.0,1.1,8.6
Real Sociedad,Villarreal,2024-02-23,6.9,83.7,0.6,0.0,11.6,33.5
Barcelona,Getafe,2024-02-24,9.8,70.5,1.1,0.0,15.3,42.1
Alavés,Mallorca,2024-02-24,5.9,73.0,0.1,0.0,5.3,17.3
Almería,Atlético Madrid,2024-02-24,13.4,38.3,0.0,0.0,8.9,28.1
Cádiz,Celta Vigo,2024-02-25,17.3,73.7,0.5,0.0,30.6,63.7
Real Betis,Athletic Club,2024-02-25,16.6,78.0,0.7,0.0,25.5,55.8
Las Palmas,Osasuna,2024-02-25,17.2,74.5,0.0,0.0,13.2,34.6
Real Madrid,Sevilla,2024-02-25,10.6,87.3,0.1,0.0,30.4,58.3
Girona,Rayo Vallecano,2024-02-26,8.0,94.0,3.6,0.0,9.9,25.2
Celta Vigo,Almería,2024-03-01,10.8,92.7,5.3,0.0,19.1,46.1
Sevilla,Real Sociedad,2024-03-02,16.6,53.0,0.1,0.0,25.2,51.8
Getafe,Las Palmas,2024-03-02,6.0,80.5,4.2,0.0,18.7,71.3
Villarreal,Granada,2024-03-03,16.6,20.3,0.0,0.0,20.2,46.1
Mallorca,Girona,2024-03-03,11.9,39.5,0.0,0.0,23.7,51.8
Athletic Club,Barcelona,2024-03-03,5.4,89.7,0.2,0.0,5.3,15.1
Osasuna,Alavés,2024-03-04,5.2,93.3,0.2,0.0,5.5,14.0
Barcelona,Mallorca,2024-03-08,10.3,66.7,0.0,0.0,5.4,13.3
Cádiz,Atlético Madrid,2024-03-09,13.5,72.5,0.2,0.0,30.2,63.4
Granada,Real Sociedad,2024-03-09,6.4,74.0,0.2,0.0,11.2,28.8
Girona,Osasuna,2024-03-09,9.1,94.0,0.1,0.0,20.1,42.1
Alavés,Rayo Vallecano,2024-03-10,8.5,69.7,2.3,0.0,21.6,57.2
Las Palmas,Athletic Club,2024-03-10,19.0,66.0,0.0,0.0,16.4,43.2
Real Madrid,Celta Vigo,2024-03-10,9.2,61.0,0.0,0.0,19.1,46.1
Real Betis,Villarreal,2024-03-10,12.6,71.3,0.0,0.0,14.5,27.0
Almería,Sevilla,2024-03-11,11.9,68.7,0.0,0.0,11.0,21.6
Real Sociedad,Cádiz,2024-03-15,10.7,95.7,0.0,0.0,5.7,14.0
Mallorca,Granada,2024-03-16,19.2,66.3,0.0,0.0,11.2,27.0
Osasuna,Real Madrid,2024-03-16,18.7,60.0,0.0,0.0,5.7,14.8
Getafe,Girona,2024-03-16,17.2,63.5,0.0,0.0,2.1,7.9
Athletic Club,Alavés,2024-03-16,17.1,62.0,0.0,0.0,10.8,29.5
Sevilla,Celta Vigo,2024-03-17,25.9,40.3,0.0,0.0,3.0,17.3
Las Palmas,Almería,2024-03-17,23.9,64.5,0.0,0.0,7.7,29.2
Villarreal,Valencia,2024-03-17,20.6,50.5,0.0,0.0,8.0,25.6
Cádiz,Granada,2024-03-29,11.5,87.0,4.4,0.0,22.4,42.5
Getafe,Sevilla,2024-03-30,11.0,61.7,0.6,0.0,17.2,40.7
Almería,Osasuna,2024-03-30,13.6,77.0,3.8,0.0,15.8,43.9
Barcelona,Las Palmas,2024-03-30,12.4,87.7,4.0,0.0,15.7,42.8
Celta Vigo,Rayo Vallecano,2024-03-31,12.8,61.7,0.2,0.0,22.3,51.1
Girona,Real Betis,2024-03-31,12.6,96.0,5.9,0.0,20.0,54.7
Alavés,Real Sociedad,2024-03-31,6.5,81.5,0.1,0.0,6.1,23.4
Real Madrid,Athletic Club,2024-03-31,4.9,87.0,0.0,0.0,15.8,34.2
Villarreal,Atlético Madrid,2024-04-01,11.2,54.0,0.0,0.0,7.3,14.8
Granada,Valencia,2024-04-04,14.4,58.3,0.0,0.0,7.6,23.0
Real Betis,Celta Vigo,2024-04-12,17.2,69.0,0.0,0.0,9.3,18.7
Mallorca,Real Madrid,2024-04-13,18.8,62.0,0.0,0.0,2.6,17.6
Cádiz,Barcelona,2024-04-13,18.8,43.0,0.0,0.0,18.5,35.3
Las Palmas,Sevilla,2024-04-14,26.1,38.3,0.0,0.0,8.1,26.6
Granada,Alavés,2024-04-14,22.4,41.5,0.0,0.0,9.0,26.6
Athletic Club,Villarreal,2024-04-14,16.0,86.0,0.0,0.0,6.4,24.1
Real Sociedad,Almería,2024-04-14,13.8,92.0,0.0,0.0,5.9,11.5
Osasuna,Valencia,2024-04-15,9.9,79.0,0.0,0.0,19.4,41.8
Athletic Club,Granada,2024-04-19,10.6,79.3,0.0,0.0,4.6,11.5
Celta Vigo,Las Palmas,2024-04-20,24.8,51.7,0.0,0.0,7.1,24.1
Girona,Cádiz,2024-04-20,12.7,55.3,0.0,0.0,13.9,40.0
Getafe,Real Sociedad,2024-04-21,22.9,22.0,0.0,0.0,3.7,19.1
Almería,Villarreal,2024-04-21,19.4,52.5,0.0,0.0,15.6,45.4
Alavés,Atlético Madrid,2024-04-21,6.8,71.5,0.0,0.0,16.7,38.9
Real Madrid,Barcelona,2024-04-21,16.2,29.7,0.0,0.0,18.8,41.8
Sevilla,Mallorca,2024-04-22,18.6,75.0,0.0,0.0,8.3,20.5
Real Sociedad,Real Madrid,2024-04-26,10.1,95.0,0.0,0.0,5.6,15.1
Las Palmas,Girona,2024-04-27,20.0,53.7,0.0,0.0,22.5,52.6
Almería,Getafe,2024-04-27,21.5,50.0,0.0,0.0,21.0,50.0
Alavés,Celta Vigo,2024-04-27,9.2,69.5,0.0,0.0,15.0,40.3
Cádiz,Mallorca,2024-04-28,18.0,45.3,0.0,0.0,19.9,43.2
Granada,Osasuna,2024-04-28,12.8,61.5,0.3,0.0,9.6,27.7
Villarreal,Rayo Vallecano,2024-04-28,15.2,60.0,0.0,0.0,5.4,26.3
Real Betis,Sevilla,2024-04-28,14.1,62.0,0.0,0.0,11.3,31.0
Barcelona,Valencia,2024-04-29,13.4,93.0,9.4,0.0,20.0,42.8
Getafe,Athletic Club,2024-05-03,13.1,60.3,0.0,0.0,13.4,24.8
Real Sociedad,Las Palmas,2024-05-04,24.8,45.7,0.1,0.0,13.7,47.2
Real Madrid,Cádiz,2024-05-04,22.0,33.0,0.0,0.0,23.4,48.2
Girona,Barcelona,2024-05-04,17.0,74.0,0.0,0.0,6.5,32.0
Mallorca,Atlético Madrid,2024-05-04,14.0,98.3,0.0,0.0,4.6,11.5
Osasuna,Real Betis,2024-05-05,21.1,52.7,0.1,0.0,13.6,45.0
Celta Vigo,Villarreal,2024-05-05,15.6,81.5,0.2,0.0,13.2,28.8
Sevilla,Granada,2024-05-05,17.8,85.3,0.0,0.0,11.4,26.3
Alavés,Girona,2024-05-10,15.7,65.3,0.0,0.0,8.6,17.3
Mallorca,Las Palmas,2024-05-11,21.6,57.7,0.0,0.0,8.8,28.8
Villarreal,Sevilla,2024-05-11,21.6,44.5,0.0,0.0,12.2,34.2
Granada,Real Madrid,2024-05-11,21.3,59.5,0.0,0.0,5.8,22.3
Athletic Club,Osasuna,2024-05-11,15.4,92.7,0.1,0.0,4.0,13.0
Cádiz,Getafe,2024-05-12,21.8,68.3,0.0,0.0,15.1,36.7
Real Betis,Almería,2024-05-12,20.4,67.3,0.0,0.0,14.6,32.4
Barcelona,Real Sociedad,2024-05-13,16.4,90.3,0.0,0.0,3.6,9.7
Osasuna,Mallorca,2024-05-14,10.6,86.5,0.0,0.0,14.2,30.2
Real Madrid,Alavés,2024-05-14,12.7,49.5,0.0,0.0,13.2,27.7
Girona,Villarreal,2024-05-14,12.2,86.0,0.0,0.0,3.0,9.4
Sevilla,Cádiz,2024-05-15,20.0,35.5,0.0,0.0,10.7,38.5
Celta Vigo,Athletic Club,2024-05-15,11.0,83.0,0.0,0.0,4.2,16.2
Getafe,Atlético Madrid,2024-05-15,13.2,43.5,0.0,0.0,15.6,31.0
Las Palmas,Real Betis,2024-05-16,17.2,77.0,0.1,0.0,17.1,41.0
Almería,Barcelona,2024-05-16,19.3,63.5,0.0,0.0,5.2,11.9
Real Sociedad,Valencia,2024-05-16,11.2,94.5,0.0,0.0,5.6,12.6
Alavés,Getafe,2024-05-18,10.0,91.3,0.0,0.0,4.8,10.8
Villarreal,Real Madrid,2024-05-19,18.5,75.3,0.0,0.0,6.9,20.9
Mallorca,Almería,2024-05-19,18.0,86.3,0.0,0.0,4.5,19.1
Cádiz,Las Palmas,2024-05-19,17.4,75.3,0.0,0.0,23.9,52.2
Real Betis,Real Sociedad,2024-05-19,19.7,53.3,0.0,0.0,18.8,47.2
Barcelona,Rayo Vallecano,2024-05-19,16.3,93.3,0.1,0.0,5.1,26.6
Granada,Celta Vigo,2024-05-19,17.6,39.3,0.0,0.0,5.7,28.1
Athletic Club,Sevilla,2024-05-19,13.5,87.0,0.0,0.0,7.7,26.6
Girona,Granada,2024-05-24,13.9,89.0,0.0,0.0,2.8,12.6
Osasuna,Villarreal,2024-05-25,25.1,44.0,0.0,0.0,6.8,22.7
Real Sociedad,Atlético Madrid,2024-05-25,20.2,73.0,0.0,0.0,7.7,26.3
Almería,Cádiz,2024-05-25,22.6,66.5,0.0,0.0,3.8,18.4
Real Madrid,Real Betis,2024-05-25,21.1,26.3,0.0,0.0,13.7,32.0
Getafe,Mallorca,2024-05-26,29.1,22.7,0.0,0.0,19.1,41.0
Las Palmas,Alavés,2024-05-26,21.0,65.0,0.0,0.0,18.6,44.3
Celta Vigo,Valencia,2024-05-26,17.5,66.5,0.0,0.0,18.6,39.6
Sevilla,Barcelona,2024-05-26,25.9,44.3,0.0,0.0,10.9,24.8
Osasuna,Sevilla,2022-08-12,23.5,81.3,0.0,0.0,13.9,29.9
Celta Vigo,Espanyol,2022-08-13,20.4,74.7,0.0,0.0,12.2,32.4
Barcelona,Rayo Vallecano,2022-08-13,26.6,86.0,0.0,0.0,3.0,9.7
Cádiz,Real Sociedad,2022-08-14,25.4,55.0,0.0,0.0,18.2,41.0
Almería,Real Madrid,2022-08-14,31.0,46.0,0.0,0.0,3.6,19.4
Athletic Club,Mallorca,2022-08-15,22.3,62.0,0.0,0.0,10.2,33.1
Getafe,Atlético Madrid,2022-08-15,27.8,21.5,0.0,0.0,13.4,25.9
Real Betis,Elche,2022-08-15,22.6,69.0,0.0,0.0,14.9,33.8
Espanyol,Rayo Vallecano,2022-08-19,24.1,65.0,0.0,0.0,3.5,13.0
Sevilla,Valladolid,2022-08-19,28.6,35.5,0.0,0.0,10.0,24.5
Osasuna,Cádiz,2022-08-20,28.4,40.5,0.0,0.0,15.0,33.5
Celta Vigo,Real Madrid,2022-08-20,21.6,78.5,0.0,0.0,8.4,20.2
Athletic Club,Valencia,2022-08-21,22.6,76.0,0.0,0.0,10.8,32.4
Real Sociedad,Barcelona,2022-08-21,19.8,96.0,0.2,0.0,7.8,19.4
Elche,Almería,2022-08-22,25.9,66.7,0.0,0.0,8.5,20.9
Girona,Getafe,2022-08-22,22.8,85.0,0.0,0.0,3.4,15.5
Girona,Celta Vigo,2022-08-26,25.3,65.7,0.0,0.0,6.1,22.0
Real Betis,Osasuna,2022-08-26,24.8,53.5,0.0,0.0,11.6,24.5
Elche,Real Sociedad,2022-08-27,27.8,54.5,0.0,0.0,12.5,29.9
Almería,Sevilla,2022-08-27,28.0,59.0,0.0,0.0,10.0,28.4
Getafe,Villarreal,2022-08-28,33.8,21.0,0.0,0.0,8.5,31.3
Barcelona,Valladolid,2022-08-28,24.6,80.0,0.0,0.0,5.8,23.4
Espanyol,Real Madrid,2022-08-28,23.7,86.5,0.0,0.0,4.0,11.2
Cádiz,Athletic Club,2022-08-29,22.7,73.7,0.0,0.0,8.0,22.0
Celta Vigo,Cádiz,2022-09-02,18.6,70.0,0.0,0.0,10.6,26.6
Real Madrid,Real Betis,2022-09-03,27.4,25.0,0.0,0.0,16.6,36.0
Real Sociedad,Atlético Madrid,2022-09-03,20.1,83.5,0.0,0.0,6.7,23.8
Sevilla,Barcelona,2022-09-03,22.0,61.0,0.0,0.0,12.0,32.4
Osasuna,Rayo Vallecano,2022-09-04,30.1,26.7,0.0,0.0,16.1,36.4
Athletic Club,Espanyol,2022-09-04,30.0,37.0,0.0,0.0,6.3,17.3
Villarreal,Elche,2022-09-04,26.3,76.0,0.0,0.0,6.8,24.5
Girona,Valladolid,2022-09-09,21.3,62.0,0.0,0.0,4.4,16.6
Espanyol,Sevilla,2022-09-10,26.4,65.5,0.0,0.0,15.7,35.3
Cádiz,Barcelona,2022-09-10,23.0,80.0,0.0,0.0,5.4,20.2
Real Madrid,Mallorca,2022-09-11,34.1,19.0,0.0,0.0,9.8,28.1
Elche,Athletic Club,2022-09-11,28.4,59.0,0.0,0.0,9.8,29.2
Getafe,Real Sociedad,2022-09-11,33.0,16.5,0.0,0.0,18.4,36.7
Real Betis,Villarreal,2022-09-11,28.3,43.3,0.0,0.0,7.4,25.9
Almería,Osasuna,2022-09-12,30.2,52.7,0.0,0.0,5.3,33.8
Barcelona,Elche,2022-09-17,22.0,61.5,0.0,0.0,11.4,28.8
Athletic Club,Rayo Vallecano,2022-09-17,15.3,74.0,0.0,0.0,5.1,14.0
Osasuna,Getafe,2022-09-18,26.1,33.7,0.0,0.0,3.5,18.7
Villarreal,Sevilla,2022-09-18,24.9,61.5,0.0,0.0,10.4,29.9
Real Sociedad,Espanyol,2022-09-18,19.4,65.5,0.0,0.0,4.8,13.7
Real Betis,Girona,2022-09-18,30.6,41.5,0.0,0.0,8.0,18.7
Athletic Club,Almería,2022-09-30,12.7,93.7,0.0,0.0,6.9,18.0
Cádiz,Villarreal,2022-10-01,27.3,27.0,0.0,0.0,23.4,50.0
Getafe,Valladolid,2022-10-01,23.2,24.5,0.0,0.0,2.8,11.2
Sevilla,Atlético Madrid,2022-10-01,23.8,30.0,0.0,0.0,9.3,25.6
Espanyol,Valencia,2022-10-02,24.2,58.7,0.0,0.0,18.6,40.0
Celta Vigo,Real Betis,2022-10-02,24.8,58.5,0.0,0.0,8.0,19.8
Girona,Real Sociedad,2022-10-02,19.8,86.0,0.0,0.0,5.5,14.4
Real Madrid,Osasuna,2022-10-02,17.5,30.0,0.0,0.0,7.5,13.7
Osasuna,Valencia,2022-10-07,15.8,92.0,0.0,0.0,9.9,20.9
Almería,Rayo Vallecano,2022-10-08,28.4,39.7,0.0,0.0,17.0,44.6
Sevilla,Athletic Club,2022-10-08,27.8,33.5,0.0,0.0,7.6,21.2
Getafe,Real Madrid,2022-10-08,19.5,45.3,0.0,0.0,12.1,26.3
Cádiz,Espanyol,2022-10-09,23.7,71.5,0.0,0.0,15.6,42.1
Real Sociedad,Villarreal,2022-10-09,21.4,59.0,0.0,0.0,7.2,21.2
Barcelona,Celta Vigo,2022-10-09,18.1,86.3,0.0,0.0,4.3,9.7
Elche,Mallorca,2022-10-10,17.8,94.3,0.0,0.0,4.3,11.2
Girona,Cádiz,2022-10-15,24.3,67.3,0.0,0.0,23.3,49.7
Athletic Club,Atlético Madrid,2022-10-15,16.0,90.0,0.0,0.0,3.8,11.2
Celta Vigo,Real Sociedad,2022-10-16,18.4,90.3,3.3,0.0,19.0,49.3
Real Madrid,Barcelona,2022-10-16,24.3,37.0,0.0,0.0,5.6,21.2
Espanyol,Valladolid,2022-10-16,20.4,94.5,0.0,0.0,5.0,10.4
Real Betis,Almería,2022-10-16,23.1,56.3,0.0,0.0,7.6,16.6
Villarreal,Osasuna,2022-10-17,19.0,91.7,0.0,0.0,5.4,12.6
Sevilla,Valencia,2022-10-18,22.9,64.3,0.0,0.0,7.8,22.3
Getafe,Athletic Club,2022-10-18,20.5,59.7,0.0,0.0,6.2,9.7
Cádiz,Real Betis,2022-10-19,20.1,90.0,0.0,0.0,9.0,20.9
Real Sociedad,Mallorca,2022-10-19,17.7,84.0,0.1,0.0,12.2,33.1
Elche,Real Madrid,2022-10-19,19.6,93.7,0.0,0.0,3.9,6.8
Almería,Girona,2022-10-20,21.6,87.3,0.0,0.0,2.9,18.4
Osasuna,Espanyol,2022-10-20,16.4,69.7,1.3,0.0,23.6,55.4
Barcelona,Villarreal,2022-10-20,20.0,94.7,0.0,0.0,5.8,14.8
Real Madrid,Sevilla,2022-10-22,15.1,92.0,1.2,0.0,12.3,42.1
Espanyol,Elche,2022-10-23,23.8,75.0,0.0,0.0,7.3,36.0
Real Betis,Atlético Madrid,2022-10-23,20.3,81.0,0.3,0.0,6.5,27.4
Girona,Osasuna,2022-10-23,19.8,89.5,0.0,0.0,18.6,40.3
Villarreal,Almería,2022-10-23,22.6,77.0,0.0,0.0,5.5,22.7
Barcelona,Athletic Club,2022-10-23,19.6,90.7,0.0,0.0,6.7,17.6
Celta Vigo,Getafe,2022-10-24,16.2,86.7,0.6,0.0,6.3,20.9
Almería,Celta Vigo,2022-10-29,24.2,63.3,0.0,0.0,11.0,27.7
Cádiz,Atlético Madrid,2022-10-29,24.8,54.5,0.0,0.0,18.2,40.0
Sevilla,Rayo Vallecano,2022-10-29,22.0,59.0,0.0,0.0,7.9,18.4
Osasuna,Valladolid,2022-10-30,20.3,58.3,0.0,0.0,5.4,23.0
Real Madrid,Girona,2022-10-30,17.8,58.0,0.4,0.0,9.2,32.0
Athletic Club,Villarreal,2022-10-30,15.8,96.0,0.0,0.0,3.4,14.4
Real Sociedad,Real Betis,2022-10-30,16.0,95.3,0.0,0.0,5.2,18.0
Elche,Getafe,2022-10-31,19.1,88.7,0.0,0.0,4.1,8.3
Girona,Athletic Club,2022-11-04,11.8,65.3,0.0,0.0,9.3,27.7
Getafe,Cádiz,2022-11-05,15.7,40.7,0.0,0.0,2.8,12.2
Celta Vigo,Osasuna,2022-11-05,12.9,86.0,0.0,0.0,6.2,13.0
Barcelona,Almería,2022-11-05,11.7,74.0,0.0,0.0,6.0,14.0
Real Sociedad,Valencia,2022-11-06,15.8,83.0,0.0,0.0,2.8,15.5
Villarreal,Mallorca,2022-11-06,17.6,63.0,0.0,0.0,11.2,25.6
Real Betis,Sevilla,2022-11-06,15.4,58.0,0.0,0.0,4.6,10.8
Elche,Girona,2022-11-08,17.5,90.7,0.0,0.0,5.2,10.4
Athletic Club,Valladolid,2022-11-08,17.0,71.7,0.0,0.0,6.0,24.5
Osasuna,Barcelona,2022-11-08,14.8,77.5,0.0,0.0,15.4,31.3
Almería,Getafe,2022-11-09,21.6,55.7,0.1,0.0,5.3,16.6
Sevilla,Real Sociedad,2022-11-09,16.6,88.7,0.0,0.0,4.1,6.5
Espanyol,Villarreal,2022-11-09,17.6,58.7,0.8,0.0,5.3,15.8
Real Madrid,Cádiz,2022-11-10,9.0,76.0,0.0,0.0,10.4,19.4
Girona,Rayo Vallecano,2022-12-29,12.6,73.7,0.0,0.0,7.3,30.6
Real Betis,Athletic Club,2022-12-29,13.8,94.0,0.0,0.0,10.8,19.8
Getafe,Mallorca,2022-12-30,11.4,65.0,0.0,0.0,12.5,31.7
Cádiz,Almería,2022-12-30,12.3,91.0,0.0,0.0,7.8,14.0
Celta Vigo,Sevilla,2022-12-30,15.8,92.0,0.7,0.0,25.7,58.7
Barcelona,Espanyol,2022-12-31,18.9,54.0,0.0,0.0,9.6,22.3
Villarreal,Valencia,2022-12-31,17.8,41.0,0.0,0.0,12.6,21.6
Real Sociedad,Osasuna,2022-12-31,17.6,44.0,0.0,0.0,18.2,43.9
Elche,Celta Vigo,2023-01-06,12.0,84.5,0.0,0.0,8.7,20.2
Villarreal,Real Madrid,2023-01-07,11.1,84.5,0.0,0.0,2.3,9.0
Espanyol,Girona,2023-01-07,7.1,68.7,0.0,0.0,8.3,19.4
Almería,Real Sociedad,2023-01-08,19.5,67.3,0.0,0.0,25.9,60.8
Sevilla,Getafe,2023-01-08,16.6,87.0,0.0,0.0,19.8,39.2
Athletic Club,Osasuna,2023-01-09,6.5,92.7,0.0,0.0,5.5,15.5
Celta Vigo,Villarreal,2023-01-13,13.2,83.0,1.3,0.0,11.0,27.4
Girona,Sevilla,2023-01-14,13.0,71.0,0.0,0.0,4.2,9.4
Osasuna,Mallorca,2023-01-14,6.6,92.0,0.0,0.0,5.5,13.3
Real Sociedad,Athletic Club,2023-01-14,13.7,61.3,0.0,0.0,25.7,57.6
Getafe,Espanyol,2023-01-15,10.4,70.0,0.1,0.0,17.5,39.2
Almería,Atlético Madrid,2023-01-15,18.1,52.0,0.0,0.0,3.2,17.6
Cádiz,Elche,2023-01-16,15.1,71.0,0.0,0.0,25.7,48.2
Espanyol,Real Betis,2023-01-21,8.8,22.0,0.0,0.0,17.2,46.8
Sevilla,Cádiz,2023-01-21,11.7,88.7,0.0,0.0,6.6,11.9
Villarreal,Girona,2023-01-22,13.0,21.7,0.0,0.0,3.5,14.8
Elche,Osasuna,2023-01-22,9.2,33.0,0.0,0.0,14.6,36.7
Barcelona,Getafe,2023-01-22,5.9,39.0,0.0,0.0,8.2,17.3
Athletic Club,Real Madrid,2023-01-22,6.6,63.3,0.0,0.0,9.8,25.6
Almería,Espanyol,2023-01-27,10.8,41.3,0.0,0.0,14.9,40.3
Cádiz,Mallorca,2023-01-28,11.9,39.7,0.0,0.0,21.1,47.9
Girona,Barcelona,2023-01-28,4.6,60.0,0.0,0.0,26.0,56.2
Sevilla,Elche,2023-01-28,8.6,55.0,0.0,0.0,7.6,15.1
Getafe,Real Betis,2023-01-28,2.1,69.7,0.0,0.0,12.7,31.3
Osasuna,Atlético Madrid,2023-01-29,2.7,71.5,0.0,0.0,14.0,34.6
Celta Vigo,Athletic Club,2023-01-29,10.2,60.0,0.0,0.0,5.8,12.2
Real Madrid,Real Sociedad,2023-01-29,0.9,63.7,0.0,0.0,13.0,25.2
Villarreal,Rayo Vallecano,2023-01-30,2.2,92.7,0.0,0.0,7.3,15.1
Real Betis,Barcelona,2023-02-01,9.6,49.7,0.0,0.0,6.4,9.0
Real Madrid,Valencia,2023-02-02,2.7,80.0,0.0,0.0,6.4,9.7
Athletic Club,Cádiz,2023-02-03,2.4,91.7,0.0,0.0,6.1,11.5
Espanyol,Osasuna,2023-02-04,22.0,14.7,0.0,0.0,11.1,29.9
Elche,Villarreal,2023-02-04,15.2,57.0,0.0,0.0,14.2,31.7
Real Betis,Celta Vigo,2023-02-04,9.9,61.7,0.0,0.0,6.5,11.2
Girona,Valencia,2023-02-05,13.2,52.0,0.0,0.0,6.1,16.9
Real Sociedad,Valladolid,2023-02-05,9.1,80.0,0.0,0.0,9.6,21.2
Barcelona,Sevilla,2023-02-05,6.9,54.0,0.0,0.0,7.1,14.8
Cádiz,Girona,2023-02-10,12.5,54.3,0.0,0.0,29.4,58.0
Almería,Real Betis,2023-02-11,14.3,41.0,0.0,0.0,23.0,56.9
Sevilla,Mallorca,2023-02-11,13.2,42.0,0.0,0.0,13.4,31.0
Getafe,Rayo Vallecano,2023-02-12,11.9,42.0,0.0,0.0,10.0,25.9
Celta Vigo,Atlético Madrid,2023-02-12,15.5,50.0,0.0,0.0,6.0,23.8
Villarreal,Barcelona,2023-02-12,4.7,93.7,0.0,0.0,6.4,14.0
Espanyol,Real Sociedad,2023-02-13,5.3,92.7,0.0,0.0,5.8,13.3
Real Madrid,Elche,2023-02-15,5.2,73.7,0.0,0.0,7.8,16.6
Girona,Almería,2023-02-17,7.3,84.7,0.0,0.0,7.3,12.2
Real Sociedad,Celta Vigo,2023-02-18,19.5,46.3,0.0,0.0,1.9,12.2
Real Betis,Valladolid,2023-02-18,22.4,39.0,0.0,0.0,9.8,23.0
Osasuna,Real Madrid,2023-02-18,7.7,71.0,0.0,0.0,4.8,8.3
Elche,Espanyol,2023-02-19,16.2,56.0,0.5,0.0,13.6,31.0
Barcelona,Cádiz,2023-02-19,8.4,84.7,0.0,0.0,4.5,10.4
Getafe,Valencia,2023-02-20,14.1,33.3,0.0,0.0,14.2,27.4
Elche,Real Betis,2023-02-24,8.7,78.3,0.0,0.0,4.8,13.7
Espanyol,Mallorca,2023-02-25,12.8,47.3,0.0,0.0,9.8,23.8
Cádiz,Rayo Vallecano,2023-02-25,13.1,60.5,0.1,0.0,14.6,36.7
Real Madrid,Atlético Madrid,2023-02-25,5.0,62.0,0.0,0.0,11.2,22.0
Athletic Club,Girona,2023-02-26,8.0,58.0,0.0,0.0,20.9,47.9
Celta Vigo,Valladolid,2023-02-26,14.2,51.5,0.0,0.0,12.6,28.1
Almería,Barcelona,2023-02-26,15.5,35.0,0.0,0.0,9.6,36.0
Sevilla,Osasuna,2023-02-26,11.6,55.0,0.0,0.0,11.5,24.8
Villarreal,Getafe,2023-02-27,3.7,40.0,0.0,0.0,6.6,16.2
Real Sociedad,Cádiz,2023-03-03,6.7,88.3,0.0,0.0,3.6,8.6
Getafe,Girona,2023-03-04,12.2,33.0,0.0,0.0,2.5,15.5
Almería,Villarreal,2023-03-04,13.6,52.0,0.0,0.0,8.4,31.0
Barcelona,Valencia,2023-03-05,12.2,61.0,0.0,0.0,19.2,44.3
Real Betis,Real Madrid,2023-03-05,12.0,96.0,0.0,0.0,7.8,20.5
Osasuna,Celta Vigo,2023-03-06,4.4,86.0,0.0,0.0,6.1,15.5
Cádiz,Getafe,2023-03-10,13.8,93.3,0.0,0.0,10.9,20.5
Real Madrid,Espanyol,2023-03-11,20.8,39.3,0.0,0.0,17.8,40.3
Elche,Valladolid,2023-03-11,27.8,25.5,0.0,0.0,17.8,40.7
Celta Vigo,Rayo Vallecano,2023-03-11,15.1,94.5,0.0,0.0,15.0,33.5
Sevilla,Almería,2023-03-12,25.0,46.0,0.0,0.0,3.4,13.0
Villarreal,Real Betis,2023-03-12,18.6,58.0,0.0,0.0,5.5,10.4
Athletic Club,Barcelona,2023-03-12,14.5,90.0,0.0,0.0,6.9,21.6
Girona,Atlético Madrid,2023-03-13,15.4,71.0,0.0,0.0,16.2,57.2
Almería,Cádiz,2023-03-18,19.0,52.7,0.4,0.0,4.8,23.8
Espanyol,Celta Vigo,2023-03-18,12.6,86.5,0.0,0.0,5.6,22.7
Real Betis,Mallorca,2023-03-19,22.8,31.0,0.0,0.0,12.5,29.9
Osasuna,Villarreal,2023-03-19,12.6,66.5,0.0,0.0,15.1,31.3
Real Sociedad,Elche,2023-03-19,12.8,78.5,0.0,0.0,6.1,26.3
Getafe,Sevilla,2023-03-19,16.0,28.5,0.0,0.0,6.3,13.7
Barcelona,Real Madrid,2023-03-19,11.2,90.0,0.0,0.0,5.8,10.1
Girona,Espanyol,2023-04-01,16.0,67.7,0.1,0.0,12.3,35.3
Athletic Club,Getafe,2023-04-01,10.4,84.0,0.3,0.0,21.2,54.4
Cádiz,Sevilla,2023-04-01,18.6,73.0,0.0,0.0,21.8,44.6
Elche,Barcelona,2023-04-01,15.8,57.3,0.0,0.0,8.2,16.9
Celta Vigo,Almería,2023-04-02,18.3,51.7,0.0,0.0,4.6,19.4
Real Madrid,Valladolid,2023-04-02,17.4,22.5,0.0,0.0,14.4,31.3
Villarreal,Real Sociedad,2023-04-02,18.4,28.0,0.0,0.0,15.5,39.6
Sevilla,Celta Vigo,2023-04-07,18.5,27.3,0.0,0.0,7.3,16.9
Osasuna,Elche,2023-04-08,22.0,24.7,0.0,0.0,14.7,33.5
Espanyol,Athletic Club,2023-04-08,14.8,45.5,0.0,0.0,10.4,36.7
Real Sociedad,Getafe,2023-04-08,15.6,74.0,0.0,0.0,2.5,12.6
Real Madrid,Villarreal,2023-04-08,17.1,21.7,0.0,0.0,8.3,17.3
Real Betis,Cádiz,2023-04-09,30.2,19.0,0.0,0.0,11.4,27.7
Almería,Valencia,2023-04-09,18.2,71.5,0.0,0.0,7.8,26.6
Barcelona,Girona,2023-04-10,13.2,80.0,0.0,0.0,4.5,10.1
Villarreal,Valladolid,2023-04-15,24.5,30.7,0.0,0.0,14.8,36.4
Athletic Club,Real Sociedad,2023-04-15,13.0,83.5,0.5,0.0,17.6,41.4
Real Betis,Espanyol,2023-04-15,28.2,16.5,0.0,0.0,7.6,15.5
Cádiz,Real Madrid,2023-04-15,19.1,59.7,0.0,0.0,11.0,25.9
Girona,Elche,2023-04-16,21.7,16.0,0.0,0.0,23.1,49.3
Getafe,Barcelona,2023-04-16,24.3,15.5,0.0,0.0,17.6,35.6
Celta Vigo,Mallorca,2023-04-17,15.3,83.7,0.0,0.0,9.2,17.6
Espanyol,Cádiz,2023-04-21,14.3,88.3,0.0,0.0,3.9,10.4
Osasuna,Real Betis,2023-04-22,16.4,58.3,0.6,0.0,6.8,20.9
Almería,Athletic Club,2023-04-22,25.3,36.5,0.0,0.0,20.2,52.9
Real Sociedad,Rayo Vallecano,2023-04-22,13.7,81.0,0.0,0.0,5.6,23.0
Real Madrid,Celta Vigo,2023-04-22,13.8,46.3,0.0,0.0,12.7,27.4
Elche,Valencia,2023-04-23,24.5,38.0,0.0,0.0,20.0,49.3
Barcelona,Atlético Madrid,2023-04-23,19.7,56.0,0.0,0.0,23.2,50.0
Sevilla,Villarreal,2023-04-23,20.7,46.7,0.0,0.0,11.5,32.4
Cádiz,Osasuna,2023-04-25,22.5,52.0,0.0,0.0,14.7,25.6
Girona,Real Madrid,2023-04-25,15.8,82.5,0.0,0.0,5.2,18.7
Real Betis,Real Sociedad,2023-04-25,24.2,36.0,0.0,0.0,7.0,25.2
Getafe,Almería,2023-04-26,23.8,24.0,0.0,0.0,12.2,24.8
Celta Vigo,Elche,2023-04-26,14.8,95.0,0.0,0.0,3.4,9.0
Villarreal,Espanyol,2023-04-27,17.5,81.0,0.0,0.0,3.7,10.1
Athletic Club,Sevilla,2023-04-27,16.8,90.5,0.0,0.0,4.0,9.0
Osasuna,Real Sociedad,2023-04-28,16.1,94.3,0.0,0.0,14.9,32.8
Elche,Rayo Vallecano,2023-04-29,29.6,30.5,0.0,0.0,13.0,41.4
Real Madrid,Almería,2023-04-29,23.5,32.5,0.0,0.0,14.6,32.8
Barcelona,Real Betis,2023-04-29,16.9,77.3,1.5,0.0,7.6,26.6
Cádiz,Valencia,2023-04-30,23.4,56.3,0.0,0.0,16.2,37.8
Villarreal,Celta Vigo,2023-04-30,22.8,50.0,0.0,0.0,11.8,32.4
Espanyol,Getafe,2023-04-30,18.0,81.5,0.0,0.0,2.8,19.4
Sevilla,Girona,2023-05-01,24.3,46.7,0.0,0.0,10.0,25.9
Barcelona,Osasuna,2023-05-02,16.0,85.5,0.0,0.0,6.4,21.6
Almería,Elche,2023-05-02,25.1,34.0,0.0,0.0,9.9,25.6
Real Sociedad,Real Madrid,2023-05-02,13.9,79.0,0.0,0.0,5.6,13.7
Getafe,Celta Vigo,2023-05-03,23.1,26.0,0.0,0.0,18.2,36.4
Sevilla,Espanyol,2023-05-04,23.7,44.0,0.0,0.0,14.5,40.7
Girona,Mallorca,2023-05-04,16.4,62.5,0.0,0.0,14.8,34.6
Athletic Club,Real Betis,2023-05-04,14.8,87.0,0.0,0.0,3.6,9.0
Real Sociedad,Girona,2023-05-13,15.0,76.0,0.4,0.0,18.6,46.8
Osasuna,Almería,2023-05-13,13.8,65.5,0.0,0.0,24.0,52.2
Villarreal,Athletic Club,2023-05-13,17.2,52.5,0.0,0.0,11.4,28.8
Real Madrid,Getafe,2023-05-13,14.7,35.3,0.0,0.0,14.8,33.8
Celta Vigo,Valencia,2023-05-14,22.4,43.7,0.0,0.0,16.1,36.0
Elche,Atlético Madrid,2023-05-14,22.4,41.0,0.0,0.0,9.4,28.8
Espanyol,Barcelona,2023-05-14,16.1,81.0,0.0,0.0,2.6,10.8
Real Betis,Rayo Vallecano,2023-05-15,21.6,46.0,0.0,0.0,12.2,38.5
Cádiz,Valladolid,2023-05-19,18.7,76.3,0.0,0.0,10.4,22.7
Girona,Villarreal,2023-05-20,21.1,41.3,0.0,0.0,19.1,47.9
Athletic Club,Celta Vigo,2023-05-20,15.6,78.5,0.3,0.0,12.0,38.2
Almería,Mallorca,2023-05-20,18.4,77.5,0.0,0.0,6.4,22.0
Getafe,Elche,2023-05-20,19.8,26.5,0.0,0.0,9.6,20.9
Barcelona,Real Sociedad,2023-05-20,15.5,77.0,0.0,0.0,3.9,12.6
Sevilla,Real Betis,2023-05-21,14.8,93.7,0.0,0.0,4.2,7.6
Celta Vigo,Girona,2023-05-23,22.5,62.0,0.0,0.0,11.0,34.2
Real Sociedad,Almería,2023-05-23,15.8,98.0,0.0,0.0,4.9,18.4
Villarreal,Cádiz,2023-05-24,18.9,73.0,0.0,0.0,5.0,14.4
Elche,Sevilla,2023-05-24,18.4,79.5,0.0,0.0,3.1,7.2
Real Madrid,Rayo Vallecano,2023-05-24,17.9,58.5,0.1,0.0,6.8,18.7
Espanyol,Atlético Madrid,2023-05-24,16.0,89.0,0.0,0.0,6.4,10.1
Real Betis,Getafe,2023-05-24,18.9,73.0,0.0,0.0,11.0,23.0
Osasuna,Athletic Club,2023-05-25,10.2,89.5,0.0,0.0,4.4,13.7
Sevilla,Real Madrid,2023-05-27,21.0,69.0,0.7,0.0,10.5,23.4
Girona,Real Betis,2023-05-28,20.2,68.3,0.0,0.0,9.5,25.9
Almería,Valladolid,2023-05-28,21.0,72.0,0.0,0.0,2.8,11.2
Barcelona,Mallorca,2023-05-28,19.6,66.0,0.0,0.0,11.8,32.0
Getafe,Osasuna,2023-05-28,17.5,66.3,0.0,0.0,9.3,22.0
Athletic Club,Elche,2023-05-28,18.9,81.7,0.0,0.0,6.4,21.6
Cádiz,Celta Vigo,2023-05-28,19.4,78.3,0.0,0.0,18.6,45.4
Osasuna,Girona,2023-06-04,21.2,63.5,0.0,0.0,12.8,31.0
Villarreal,Atlético Madrid,2023-06-04,21.1,74.5,0.0,0.0,4.8,20.9
Real Madrid,Athletic Club,2023-06-04,21.0,62.0,0.0,0.0,3.2,12.2
Real Sociedad,Sevilla,2023-06-04,20.8,83.5,0.0,0.0,5.6,17.3
Elche,Cádiz,2023-06-04,18.5,90.3,0.0,0.0,4.6,7.2
Real Betis,Valencia,2023-06-04,23.0,59.3,0.0,0.0,9.7,24.8
Espanyol,Almería,2023-06-04,18.5,90.7,0.0,0.0,4.4,9.4
Celta Vigo,Barcelona,2023-06-04,16.9,93.7,0.0,0.0,5.5,16.2
Cádiz,Levante,2021-08-14,28.0,63.0,0.0,0.0,7.6,23.8
Alavés,Real Madrid,2021-08-14,18.9,86.0,0.0,0.0,11.9,27.4
Osasuna,Espanyol,2021-08-14,19.8,88.0,0.0,0.0,16.5,33.8
Celta Vigo,Atlético Madrid,2021-08-15,26.6,53.0,0.0,0.0,19.2,43.6
Barcelona,Real Sociedad,2021-08-15,23.9,85.3,0.0,0.0,4.5,10.1
Sevilla,Rayo Vallecano,2021-08-15,31.5,30.0,0.0,0.0,13.0,24.1
Villarreal,Granada,2021-08-16,24.6,77.0,0.0,0.0,3.0,13.3
Elche,Athletic Club,2021-08-16,26.0,89.0,0.0,0.0,24.4,50.0
Real Betis,Cádiz,2021-08-20,28.6,39.0,0.0,0.0,11.3,27.0
Alavés,Mallorca,2021-08-21,23.4,49.0,0.0,0.0,19.8,46.4
Espanyol,Villarreal,2021-08-21,22.7,92.5,0.0,0.0,5.4,18.7
Granada,Valencia,2021-08-21,27.4,41.0,0.0,0.0,4.2,14.8
Athletic Club,Barcelona,2021-08-21,19.0,93.0,0.0,0.0,2.8,7.6
Levante,Real Madrid,2021-08-22,24.1,93.0,0.0,0.0,4.2,7.6
Getafe,Sevilla,2021-08-23,30.4,22.3,0.0,0.0,9.7,19.8
Osasuna,Celta Vigo,2021-08-23,16.0,89.0,0.0,0.0,15.0,34.9
Celta Vigo,Athletic Club,2021-08-28,20.1,77.3,0.0,0.0,10.2,31.0
Elche,Sevilla,2021-08-28,26.0,83.0,0.0,0.0,8.0,19.1
Real Betis,Real Madrid,2021-08-28,23.2,74.0,0.0,0.0,13.2,28.8
Barcelona,Getafe,2021-08-29,23.1,65.3,0.0,0.0,10.2,28.8
Cádiz,Osasuna,2021-08-29,21.6,80.5,0.0,0.0,13.5,38.5
Levante,Rayo Vallecano,2021-09-11,25.4,75.5,0.0,0.0,6.9,25.6
Athletic Club,Mallorca,2021-09-11,19.3,90.0,0.0,0.0,3.0,16.2
Espanyol,Atlético Madrid,2021-09-12,25.6,62.7,0.0,0.0,12.2,33.5
Osasuna,Valencia,2021-09-12,28.0,34.5,0.0,0.0,3.7,18.4
Cádiz,Real Sociedad,2021-09-12,27.9,49.5,0.0,0.0,11.3,24.8
Real Madrid,Celta Vigo,2021-09-12,22.2,41.0,0.0,0.0,8.2,16.2
Getafe,Elche,2021-09-13,19.4,78.0,0.6,0.0,9.8,34.9
Granada,Real Betis,2021-09-13,24.2,46.0,0.1,0.0,14.5,61.2
Celta Vigo,Cádiz,2021-09-17,16.7,87.7,0.0,0.0,7.0,19.1
Elche,Levante,2021-09-18,24.0,78.5,0.0,0.0,6.2,27.7
Alavés,Osasuna,2021-09-18,11.6,89.3,0.0,0.0,4.0,11.5
Real Betis,Espanyol,2021-09-19,27.0,48.0,0.0,0.0,3.0,9.0
Barcelona,Granada,2021-09-20,17.3,93.0,8.1,0.0,7.7,20.5
Getafe,Atlético Madrid,2021-09-21,17.2,43.0,0.0,0.0,20.8,42.1
Levante,Celta Vigo,2021-09-21,19.0,77.0,0.2,0.0,8.7,18.7
Athletic Club,Rayo Vallecano,2021-09-21,15.9,94.0,0.5,0.0,3.5,16.9
Sevilla,Valencia,2021-09-22,23.8,64.0,0.0,0.0,3.8,14.4
Espanyol,Alavés,2021-09-22,19.6,70.0,0.0,0.0,12.2,29.9
Villarreal,Elche,2021-09-22,19.4,69.0,0.2,0.0,12.2,23.4
Real Madrid,Mallorca,2021-09-22,16.5,58.0,0.0,0.0,14.6,31.7
Osasuna,Real Betis,2021-09-23,16.8,85.0,0.0,0.0,5.6,12.6
Granada,Real Sociedad,2021-09-23,20.8,71.5,0.0,0.0,2.5,7.6
Cádiz,Barcelona,2021-09-23,22.2,84.5,0.1,0.0,14.6,29.9
Alavés,Atlético Madrid,2021-09-25,20.5,54.3,0.2,0.0,17.6,51.8
Sevilla,Espanyol,2021-09-25,22.2,63.0,0.0,0.0,10.6,21.6
Real Madrid,Villarreal,2021-09-25,15.0,77.3,0.0,0.0,8.5,17.6
Barcelona,Levante,2021-09-26,22.4,81.5,0.0,0.0,16.2,38.2
Real Betis,Getafe,2021-09-26,22.1,60.3,0.0,0.0,6.0,14.8
Celta Vigo,Granada,2021-09-27,15.7,82.7,0.0,0.0,6.3,15.8
Athletic Club,Alavés,2021-10-01,16.0,84.7,0.0,0.0,4.4,11.9
Osasuna,Rayo Vallecano,2021-10-02,23.8,44.0,0.0,0.0,19.5,45.4
Cádiz,Valencia,2021-10-02,20.6,77.5,0.0,0.0,6.0,21.6
Elche,Celta Vigo,2021-10-03,27.3,54.0,0.0,0.0,20.1,47.2
Espanyol,Real Madrid,2021-10-03,22.8,76.5,0.0,0.0,10.4,38.9
Villarreal,Real Betis,2021-10-03,21.7,74.5,1.6,0.0,7.4,24.1
Getafe,Real Sociedad,2021-10-03,12.9,54.0,0.0,0.0,9.8,30.6
Granada,Sevilla,2021-10-03,14.5,90.3,1.7,0.0,6.4,31.7
Levante,Getafe,2021-10-16,21.3,58.0,0.0,0.0,6.0,17.3
Celta Vigo,Sevilla,2021-10-17,21.4,86.0,0.0,0.0,10.2,24.1
Villarreal,Osasuna,2021-10-17,16.4,93.5,0.0,0.0,4.1,7.6
Barcelona,Valencia,2021-10-17,15.2,90.7,0.0,0.0,5.5,11.2
Alavés,Real Betis,2021-10-18,16.7,72.0,0.0,0.0,7.9,17.6
Espanyol,Cádiz,2021-10-18,15.7,93.3,0.0,0.0,4.5,8.3
Osasuna,Granada,2021-10-22,8.8,91.3,0.0,0.0,11.5,30.2
Cádiz,Alavés,2021-10-23,22.1,66.5,0.0,0.0,9.4,23.8
Elche,Espanyol,2021-10-23,17.9,79.0,0.0,0.0,5.6,9.0
Athletic Club,Villarreal,2021-10-23,9.3,93.3,0.0,0.0,5.9,13.3
Sevilla,Levante,2021-10-24,26.6,29.7,0.0,0.0,5.6,20.2
Barcelona,Real Madrid,2021-10-24,17.5,73.5,0.0,0.0,9.1,19.4
Real Betis,Rayo Vallecano,2021-10-24,22.5,31.5,0.0,0.0,7.2,14.4
Getafe,Celta Vigo,2021-10-25,13.2,47.7,0.0,0.0,7.2,14.4
Alavés,Elche,2021-10-26,9.9,91.7,0.0,0.0,7.4,15.5
Espanyol,Athletic Club,2021-10-26,13.1,86.7,0.0,0.0,7.2,13.7
Villarreal,Cádiz,2021-10-26,12.0,94.5,0.0,0.0,8.6,17.3
Real Betis,Valencia,2021-10-27,20.4,42.0,0.0,0.0,9.8,18.7
Real Madrid,Osasuna,2021-10-27,10.5,70.5,0.0,0.0,7.3,10.4
Celta Vigo,Real Sociedad,2021-10-28,16.6,90.3,12.1,0.0,19.7,56.5
Granada,Getafe,2021-10-28,13.7,61.0,0.0,0.0,4.2,19.1
Levante,Atlético Madrid,2021-10-28,15.2,89.0,0.0,0.0,8.0,15.8
Elche,Real Madrid,2021-10-30,22.4,74.7,0.9,0.0,9.8,23.8
Sevilla,Osasuna,2021-10-30,20.0,94.0,4.5,0.0,21.8,58.0
Barcelona,Alavés,2021-10-30,16.0,92.7,0.0,0.0,6.8,14.0
Cádiz,Mallorca,2021-10-31,21.9,87.7,1.0,0.0,28.3,61.2
Getafe,Espanyol,2021-10-31,17.0,94.0,0.2,0.0,20.6,37.1
Levante,Granada,2021-11-01,19.0,52.3,0.0,0.0,15.8,28.8
Athletic Club,Cádiz,2021-11-05,6.8,95.7,0.3,0.0,3.9,13.0
Espanyol,Granada,2021-11-06,17.1,28.0,0.0,0.0,5.6,18.7
Celta Vigo,Barcelona,2021-11-06,15.2,52.5,0.0,0.0,1.0,9.7
Alavés,Levante,2021-11-06,5.2,91.0,0.0,0.0,9.9,28.4
Real Madrid,Rayo Vallecano,2021-11-06,4.3,68.0,0.0,0.0,7.6,19.4
Villarreal,Getafe,2021-11-07,19.1,33.0,0.0,0.0,10.7,25.9
Osasuna,Real Sociedad,2021-11-07,9.4,90.5,0.1,0.0,13.2,36.0
Real Betis,Sevilla,2021-11-07,9.8,61.7,0.0,0.0,6.3,10.4
Levante,Athletic Club,2021-11-19,13.9,85.0,0.6,0.0,11.6,22.0
Celta Vigo,Villarreal,2021-11-20,18.9,58.0,0.0,0.0,3.0,16.6
Sevilla,Alavés,2021-11-20,16.0,80.5,0.0,0.0,5.5,12.6
Barcelona,Espanyol,2021-11-20,9.7,93.0,0.0,0.0,3.7,10.1
Getafe,Cádiz,2021-11-21,13.5,69.0,0.1,0.0,6.8,16.2
Granada,Real Madrid,2021-11-21,12.3,70.5,0.1,0.0,1.8,23.8
Elche,Real Betis,2021-11-21,13.8,87.0,0.0,0.0,11.2,22.7
Athletic Club,Granada,2021-11-26,8.9,86.3,1.1,0.0,13.0,33.5
Alavés,Celta Vigo,2021-11-27,4.1,78.3,2.1,1.0,15.7,42.1
Villarreal,Barcelona,2021-11-27,5.8,50.3,0.0,0.0,8.2,16.9
Real Betis,Levante,2021-11-28,13.9,39.3,0.0,0.0,10.8,27.7
Espanyol,Real Sociedad,2021-11-28,9.3,37.0,0.0,0.0,22.2,47.5
Cádiz,Atlético Madrid,2021-11-28,12.6,46.5,0.0,0.0,15.4,31.3
Real Madrid,Sevilla,2021-11-28,6.5,63.7,0.0,0.0,21.4,41.0
Osasuna,Elche,2021-11-29,5.9,97.3,0.3,0.0,7.0,18.4
Real Madrid,Athletic Club,2021-12-01,7.3,82.0,0.0,0.0,17.1,34.9
Granada,Alavés,2021-12-03,3.8,76.3,0.0,0.0,3.1,12.2
Sevilla,Villarreal,2021-12-04,17.7,55.7,0.0,0.0,8.8,29.9
Barcelona,Real Betis,2021-12-04,13.2,63.0,0.0,0.0,21.8,45.4
Elche,Cádiz,2021-12-05,16.2,31.5,0.0,0.0,24.4,48.2
Levante,Osasuna,2021-12-05,10.8,53.0,0.0,0.0,9.6,20.2
Celta Vigo,Valencia,2021-12-05,11.0,89.3,0.0,0.0,5.4,19.8
Getafe,Athletic Club,2021-12-06,7.6,77.0,0.0,0.0,10.0,23.4
Espanyol,Levante,2021-12-11,13.0,61.0,0.0,0.0,8.3,20.5
Alavés,Getafe,2021-12-11,10.1,95.0,1.7,0.0,4.5,17.6
Athletic Club,Sevilla,2021-12-11,11.9,94.0,0.4,0.0,9.8,33.5
Villarreal,Rayo Vallecano,2021-12-12,17.0,57.0,0.0,0.0,8.3,20.9
Osasuna,Barcelona,2021-12-12,9.1,86.5,0.0,0.0,6.6,12.2
Real Betis,Real Sociedad,2021-12-12,15.6,63.0,0.0,0.0,9.4,15.8
Real Madrid,Atlético Madrid,2021-12-12,5.3,90.3,0.0,0.0,4.5,9.7
Cádiz,Granada,2021-12-13,12.8,79.3,0.0,0.0,10.6,23.4
Celta Vigo,Espanyol,2021-12-17,6.8,86.3,0.0,0.0,5.2,11.9
Barcelona,Elche,2021-12-18,7.8,89.5,0.0,0.0,3.6,7.9
Sevilla,Atlético Madrid,2021-12-18,12.4,74.7,0.0,0.0,13.7,26.3
Granada,Mallorca,2021-12-19,16.2,41.3,0.0,0.0,8.7,26.6
Athletic Club,Real Betis,2021-12-19,10.0,73.0,0.0,0.0,10.1,24.1
Getafe,Osasuna,2021-12-19,6.7,81.5,0.0,0.0,7.0,10.8
Real Madrid,Cádiz,2021-12-19,3.2,90.7,0.0,0.0,7.6,12.2
Levante,Valencia,2021-12-20,9.3,87.3,0.0,0.0,5.1,8.6
Villarreal,Alavés,2021-12-21,10.0,96.3,0.0,0.0,5.1,12.2
Sevilla,Barcelona,2021-12-21,14.6,89.5,2.9,0.0,7.4,16.2
Granada,Atlético Madrid,2021-12-22,9.7,77.0,0.0,0.0,5.0,14.0
Athletic Club,Real Madrid,2021-12-22,10.6,82.5,0.0,0.0,13.6,33.1
Getafe,Real Madrid,2022-01-02,13.2,57.7,0.0,0.0,1.2,8.6
Elche,Granada,2022-01-02,14.4,82.0,0.0,0.0,4.3,16.2
Real Betis,Celta Vigo,2022-01-02,14.6,73.0,0.0,0.0,5.7,7.6
Alavés,Real Sociedad,2022-01-02,8.6,86.5,0.0,0.0,7.8,14.4
Villarreal,Levante,2022-01-03,9.7,92.7,0.0,0.0,3.1,6.5
Osasuna,Athletic Club,2022-01-03,6.5,92.3,0.0,0.0,8.0,16.9
Cádiz,Sevilla,2022-01-03,13.0,89.5,0.0,0.0,2.4,6.5
Levante,Mallorca,2022-01-08,16.7,29.3,0.0,0.0,8.8,20.9
Granada,Barcelona,2022-01-08,6.8,40.5,0.0,0.0,5.2,14.8
Real Madrid,Valencia,2022-01-08,4.8,62.3,0.0,0.0,15.8,34.2
Sevilla,Getafe,2022-01-09,13.6,67.5,0.0,0.0,5.6,11.5
Alavés,Athletic Club,2022-01-09,9.8,90.0,4.0,0.0,15.6,33.5
Osasuna,Cádiz,2022-01-09,8.3,95.0,3.9,0.0,3.7,17.3
Villarreal,Atlético Madrid,2022-01-09,15.5,52.3,0.0,0.0,14.0,27.7
Espanyol,Elche,2022-01-10,9.1,89.7,0.3,0.0,7.5,15.1
Elche,Villarreal,2022-01-16,14.6,45.3,0.0,0.0,7.9,23.8
Real Betis,Alavés,2022-01-18,9.7,71.3,0.0,0.0,7.6,12.2
Cádiz,Espanyol,2022-01-18,10.6,74.5,0.0,0.0,14.6,26.3
Celta Vigo,Osasuna,2022-01-19,11.0,75.3,0.0,0.0,4.4,11.9
Getafe,Granada,2022-01-20,5.6,63.3,0.0,0.0,12.8,28.1
Espanyol,Real Betis,2022-01-21,6.5,95.7,1.4,0.0,3.4,11.5
Levante,Cádiz,2022-01-22,12.4,66.7,0.1,0.0,6.0,18.4
Villarreal,Mallorca,2022-01-22,10.3,75.5,0.0,0.0,8.1,25.9
Sevilla,Celta Vigo,2022-01-22,13.2,60.5,0.0,0.0,16.3,29.5
Granada,Osasuna,2022-01-23,13.0,43.7,0.0,0.0,7.2,28.4
Real Madrid,Elche,2022-01-23,7.2,62.5,0.0,0.0,5.4,13.3
Alavés,Barcelona,2022-01-23,-1.1,81.0,0.0,0.0,8.1,14.4
Getafe,Levante,2022-02-04,9.1,76.7,0.0,0.0,7.2,15.5
Elche,Alavés,2022-02-05,15.9,64.7,0.1,0.0,15.5,32.8
Celta Vigo,Rayo Vallecano,2022-02-05,10.6,65.5,0.0,0.0,10.5,28.1
Osasuna,Sevilla,2022-02-05,2.3,90.0,0.0,0.0,10.6,29.2
Barcelona,Atlético Madrid,2022-02-06,11.1,71.0,0.0,0.0,8.5,29.2
Real Betis,Villarreal,2022-02-06,16.6,53.5,0.0,0.0,9.9,27.0
Real Madrid,Granada,2022-02-06,4.4,56.7,0.0,0.0,7.8,13.0
Athletic Club,Espanyol,2022-02-07,8.9,94.7,0.0,0.0,2.1,5.8
Sevilla,Elche,2022-02-11,14.9,65.0,0.0,0.0,6.4,14.8
Cádiz,Celta Vigo,2022-02-12,18.6,54.3,0.0,0.0,10.1,26.6
Villarreal,Real Madrid,2022-02-12,13.1,71.0,0.0,0.0,10.0,28.8
Alavés,Valencia,2022-02-13,11.8,60.3,0.0,0.0,24.9,55.1
Levante,Real Betis,2022-02-13,14.2,67.5,0.0,0.0,11.2,30.6
Espanyol,Barcelona,2022-02-13,11.4,85.3,0.0,0.0,15.3,30.6
Elche,Rayo Vallecano,2022-02-18,13.1,83.7,0.0,0.0,5.1,7.2
Granada,Villarreal,2022-02-19,15.2,56.7,0.0,0.0,5.0,28.4
Osasuna,Atlético Madrid,2022-02-19,7.8,58.5,0.0,0.0,18.8,42.1
Cádiz,Getafe,2022-02-19,14.0,74.5,0.0,0.0,5.5,13.3
Real Madrid,Alavés,2022-02-19,7.1,45.3,0.0,0.0,16.3,38.9
Espanyol,Sevilla,2022-02-20,15.0,48.3,0.0,0.0,8.5,26.3
Real Betis,Mallorca,2022-02-20,17.7,50.0,0.0,0.0,8.6,22.7
Athletic Club,Real Sociedad,2022-02-20,8.5,89.7,0.0,0.0,6.5,19.1
Celta Vigo,Levante,2022-02-21,10.6,71.7,0.0,0.0,7.7,17.3
Levante,Elche,2022-02-25,12.0,84.3,0.1,0.0,1.9,5.4
Getafe,Alavés,2022-02-26,9.4,72.0,0.0,0.0,15.6,32.0
Villarreal,Espanyol,2022-02-27,14.4,61.3,0.0,0.0,10.4,30.2
Sevilla,Real Betis,2022-02-27,20.2,47.5,0.0,0.0,6.8,19.1
Barcelona,Athletic Club,2022-02-27,10.5,69.0,0.0,0.0,3.7,9.7
Granada,Cádiz,2022-02-28,7.4,86.3,0.0,0.0,3.2,8.6
Alavés,Sevilla,2022-03-04,3.6,91.3,0.1,0.0,9.0,20.9
Osasuna,Villarreal,2022-03-05,8.7,63.3,0.0,0.0,21.4,44.6
Espanyol,Getafe,2022-03-05,13.2,50.0,0.0,0.0,12.5,31.7
Real Madrid,Real Sociedad,2022-03-05,6.3,48.0,0.0,0.0,10.4,21.6
Cádiz,Rayo Vallecano,2022-03-06,17.4,43.7,0.0,0.0,10.6,32.4
Elche,Barcelona,2022-03-06,11.4,82.5,1.1,0.0,19.3,41.4
Celta Vigo,Mallorca,2022-03-06,10.0,62.5,0.0,0.0,12.1,29.5
Real Betis,Atlético Madrid,2022-03-06,12.0,64.3,0.0,0.0,8.5,19.4
Athletic Club,Levante,2022-03-07,9.2,70.7,0.0,0.0,11.4,32.8
Levante,Espanyol,2022-03-12,19.8,31.0,0.0,0.0,16.8,41.8
Granada,Elche,2022-03-12,14.4,46.0,0.0,0.0,12.4,36.7
Villarreal,Celta Vigo,2022-03-12,12.0,70.0,0.0,0.0,15.2,29.5
Getafe,Valencia,2022-03-12,9.4,80.3,0.1,0.0,13.4,24.5
Real Betis,Athletic Club,2022-03-13,18.0,45.0,0.0,0.0,2.6,11.9
Barcelona,Osasuna,2022-03-13,10.1,77.7,0.0,0.0,10.4,29.2
Athletic Club,Getafe,2022-03-18,7.7,91.3,0.0,0.0,6.0,14.8
Alavés,Granada,2022-03-19,13.7,53.3,0.0,0.0,19.0,40.7
Elche,Valencia,2022-03-19,15.8,63.0,0.0,0.0,15.8,37.1
Osasuna,Levante,2022-03-19,10.4,72.0,0.0,0.0,7.0,19.1
Espanyol,Mallorca,2022-03-20,13.5,82.7,0.4,0.0,13.2,33.8
Celta Vigo,Real Betis,2022-03-20,17.4,70.5,0.0,0.0,7.4,19.1
Cádiz,Villarreal,2022-03-20,15.7,79.5,2.8,0.0,30.2,66.6
Sevilla,Real Sociedad,2022-03-20,14.8,77.0,0.7,0.0,25.2,51.5
Real Madrid,Barcelona,2022-03-20,9.8,68.7,0.0,0.0,13.7,31.3
Getafe,Mallorca,2022-04-02,10.4,33.3,0.0,0.0,15.4,33.5
Levante,Villarreal,2022-04-02,14.8,29.5,0.0,0.0,15.8,34.6
Celta Vigo,Real Madrid,2022-04-02,12.1,51.0,0.0,0.0,10.2,29.5
Athletic Club,Elche,2022-04-03,8.5,60.0,0.2,0.0,12.9,32.0
Real Betis,Osasuna,2022-04-03,16.7,30.0,0.0,0.0,13.6,33.5
Granada,Rayo Vallecano,2022-04-03,8.6,74.5,0.4,0.0,2.2,10.1
Barcelona,Sevilla,2022-04-03,3.4,85.7,0.0,0.0,5.0,10.8
Sevilla,Granada,2022-04-08,14.4,83.3,0.0,0.0,10.3,24.5
Cádiz,Real Betis,2022-04-09,18.8,69.7,0.0,0.0,14.1,33.5
Villarreal,Athletic Club,2022-04-09,14.2,68.5,0.0,0.0,9.1,20.5
Real Madrid,Getafe,2022-04-09,11.2,89.0,0.0,0.0,6.5,20.5
Osasuna,Alavés,2022-04-10,19.6,47.3,0.0,0.0,21.2,44.6
Espanyol,Celta Vigo,2022-04-10,14.4,71.5,0.0,0.0,13.9,32.8
Elche,Real Sociedad,2022-04-10,14.6,79.5,0.0,0.0,17.6,40.0
Levante,Barcelona,2022-04-10,12.0,94.3,0.0,0.0,5.4,10.1
Elche,Mallorca,2022-04-16,23.0,48.3,0.0,0.0,14.5,32.4
Alavés,Rayo Vallecano,2022-04-16,16.2,53.5,0.0,0.0,16.4,37.1
Getafe,Villarreal,2022-04-16,18.1,41.0,0.0,0.0,14.1,27.4
Granada,Levante,2022-04-17,25.4,31.7,0.0,0.0,8.1,34.9
Athletic Club,Celta Vigo,2022-04-17,14.2,79.0,0.0,0.0,9.0,26.3
Sevilla,Real Madrid,2022-04-17,21.0,50.7,0.0,0.0,12.4,26.3
Barcelona,Cádiz,2022-04-18,11.8,98.0,0.0,0.0,5.3,8.3
Real Betis,Elche,2022-04-19,17.3,45.3,0.0,0.0,18.0,42.1
Villarreal,Valencia,2022-04-19,13.2,86.5,7.1,0.0,11.1,22.0
Celta Vigo,Getafe,2022-04-20,10.8,67.0,0.0,0.0,9.9,36.7
Osasuna,Real Madrid,2022-04-20,7.5,88.0,0.3,0.0,15.0,33.1
Espanyol,Rayo Vallecano,2022-04-21,13.5,84.3,0.4,0.0,5.8,12.2
Levante,Sevilla,2022-04-21,15.3,75.7,0.0,0.0,7.1,13.3
Cádiz,Athletic Club,2022-04-21,15.0,78.3,0.0,0.0,21.4,41.8
Barcelona,Rayo Vallecano,2022-04-24,12.0,86.0,0.0,0.0,6.4,13.7
Sevilla,Cádiz,2022-04-29,17.8,65.3,0.0,0.0,12.8,33.8
Alavés,Villarreal,2022-04-30,17.3,62.0,0.1,0.0,14.3,32.4
Real Madrid,Espanyol,2022-04-30,22.7,34.0,0.0,0.0,4.4,20.2
Athletic Club,Atlético Madrid,2022-04-30,11.8,95.0,0.0,0.0,4.5,9.0
Elche,Osasuna,2022-05-01,22.6,51.0,0.0,0.0,9.4,25.6
Granada,Celta Vigo,2022-05-01,21.4,47.0,0.0,0.0,11.2,37.1
Barcelona,Mallorca,2022-05-01,15.1,84.0,1.6,0.0,3.9,12.2
Getafe,Real Betis,2022-05-02,12.0,78.7,0.2,0.0,9.3,17.3
Levante,Real Sociedad,2022-05-06,14.3,73.3,0.0,0.0,7.6,14.8
Athletic Club,Valencia,2022-05-07,18.9,71.5,0.0,0.0,9.8,32.0
Cádiz,Elche,2022-05-07,19.4,80.5,0.0,0.0,9.2,21.2
Celta Vigo,Alavés,2022-05-07,20.2,63.5,0.0,0.0,4.7,21.6
Real Betis,Barcelona,2022-05-07,20.0,64.0,0.0,0.0,12.3,25.6
Getafe,Rayo Vallecano,2022-05-08,25.3,24.3,0.0,0.0,4.5,18.0
Villarreal,Sevilla,2022-05-08,20.6,51.5,0.0,0.0,9.4,25.2
Espanyol,Osasuna,2022-05-08,16.9,75.5,0.0,0.0,6.2,20.5
Granada,Athletic Club,2022-05-10,16.4,64.0,0.0,0.0,7.6,29.9
Barcelona,Celta Vigo,2022-05-10,15.0,72.0,0.0,0.0,7.2,12.6
Osasuna,Getafe,2022-05-11,16.9,82.7,0.2,0.0,15.7,40.7
Alavés,Espanyol,2022-05-11,14.5,83.0,0.0,0.0,15.2,36.0
Sevilla,Mallorca,2022-05-11,23.0,54.0,0.0,0.0,5.6,7.9
Elche,Atlético Madrid,2022-05-11,14.8,86.0,0.0,0.0,8.4,10.8
Real Madrid,Levante,2022-05-12,18.6,51.5,0.0,0.0,6.8,11.5
Espanyol,Valencia,2022-05-14,20.2,56.0,0.0,0.0,6.2,23.4
Getafe,Barcelona,2022-05-15,20.8,44.0,0.0,0.0,11.8,27.4
Celta Vigo,Elche,2022-05-15,17.1,82.0,1.5,0.0,18.1,49.3
Levante,Alavés,2022-05-15,18.6,82.5,0.0,0.0,4.6,9.0
Real Betis,Granada,2022-05-15,20.9,60.0,0.0,0.0,14.2,32.8
Villarreal,Real Sociedad,2022-05-15,19.8,60.5,0.0,0.0,3.0,6.1
Athletic Club,Osasuna,2022-05-15,18.0,87.0,0.0,0.0,1.8,15.1
Cádiz,Real Madrid,2022-05-15,18.5,85.5,0.0,0.0,11.6,28.1
Real Madrid,Real Betis,2022-05-20,25.9,36.7,0.0,0.0,11.8,26.3
Elche,Getafe,2022-05-22,26.6,44.5,0.0,0.0,8.9,31.7
Osasuna,Mallorca,2022-05-22,16.7,91.0,0.0,0.0,14.9,54.7
Alavés,Cádiz,2022-05-22,16.6,87.3,0.4,0.0,8.1,29.2
Granada,Espanyol,2022-05-22,20.3,58.7,0.0,0.0,6.1,32.4
Barcelona,Villarreal,2022-05-22,20.6,69.5,0.0,0.0,5.2,13.0
Sevilla,Athletic Club,2022-05-22,20.6,71.5,0.0,0.0,13.4,27.4
Schalke 04,Hertha BSC,2025-08-01,15.4,87.0,0.0,0.0,9.6,20.9
Darmstadt 98,Bochum,2025-08-02,20.8,50.7,0.2,0.0,11.8,31.0
Paderborn 07,Holstein Kiel,2025-08-02,17.7,74.0,1.2,0.0,16.4,42.5
Karlsruher,Preußen Münster,2025-08-02,19.3,68.0,0.8,0.0,9.7,27.4
Arminia,Düsseldorf,2025-08-02,14.3,91.0,0.0,0.0,11.0,22.3
Greuther Fürth,Dresden,2025-08-03,17.6,63.5,0.0,0.0,17.0,43.6
Hannover 96,Kaiserslautern,2025-08-03,17.4,74.0,0.6,0.0,15.4,37.1
Magdeburg,BTSV,2025-08-03,16.8,72.0,0.5,0.0,17.0,44.6
Nürnberg,Darmstadt 98,2025-08-08,23.8,45.0,0.0,0.0,5.0,19.1
Preußen Münster,Paderborn 07,2025-08-08,21.0,72.0,0.0,0.0,4.6,15.8
Dresden,Magdeburg,2025-08-09,27.3,42.7,0.0,0.0,9.8,25.6
BTSV,Greuther Fürth,2025-08-09,27.7,42.0,0.0,0.0,6.5,23.8
Kaiserslautern,Schalke 04,2025-08-09,23.3,56.5,0.0,0.0,12.0,24.1
Holstein Kiel,Arminia,2025-08-10,20.2,53.5,0.0,0.0,21.1,46.1
Bochum,Elversberg,2025-08-10,26.4,29.5,0.0,0.0,7.8,25.9
Hertha BSC,Karlsruher,2025-08-10,23.1,45.0,0.0,0.0,16.5,38.9
Preußen Münster,Nürnberg,2025-08-22,16.9,50.0,0.0,0.0,12.6,27.7
Paderborn 07,Düsseldorf,2025-08-23,17.8,47.0,0.1,0.0,18.5,41.4
Hannover 96,Magdeburg,2025-08-23,17.8,50.7,0.2,0.0,18.1,48.6
Karlsruher,BTSV,2025-08-23,21.6,35.0,0.0,0.0,8.9,26.3
Schalke 04,Bochum,2025-08-23,14.4,66.0,0.0,0.0,6.8,16.2
Greuther Fürth,Holstein Kiel,2025-08-24,20.2,32.0,0.0,0.0,6.4,21.6
Arminia,Dresden,2025-08-24,18.2,42.5,0.0,0.0,10.4,25.2
Darmstadt 98,Hertha BSC,2025-08-24,21.6,29.0,0.0,0.0,5.0,20.2
Hertha BSC,Elversberg,2025-08-29,18.1,89.0,0.0,0.0,2.2,6.5
Nürnberg,Paderborn 07,2025-08-29,17.2,74.5,0.0,0.0,6.6,18.0
Holstein Kiel,Hannover 96,2025-08-30,19.6,67.0,1.0,0.0,13.6,39.6
BTSV,Arminia,2025-08-30,22.0,51.0,0.2,0.0,15.0,40.7
Bochum,Preußen Münster,2025-08-30,21.0,58.0,0.1,0.0,13.5,39.2
Magdeburg,Greuther Fürth,2025-08-31,24.4,43.0,0.0,0.0,13.6,34.6
Kaiserslautern,Darmstadt 98,2025-08-31,23.2,56.0,0.0,0.0,12.8,33.1
Dresden,Schalke 04,2025-08-31,24.0,46.0,0.0,0.0,6.6,22.0
Paderborn 07,Bochum,2025-09-12,13.8,71.0,0.0,0.0,10.8,20.2
Arminia,Magdeburg,2025-09-12,13.6,78.5,0.0,0.0,9.0,25.2
Schalke 04,Holstein Kiel,2025-09-13,18.2,63.3,0.0,0.0,17.6,48.6
Karlsruher,Nürnberg,2025-09-13,20.7,49.3,0.0,0.0,16.9,41.4
Darmstadt 98,BTSV,2025-09-13,18.8,65.3,0.4,0.0,11.5,40.3
Hannover 96,Hertha BSC,2025-09-13,15.2,76.0,0.0,0.0,13.6,29.2
Greuther Fürth,Kaiserslautern,2025-09-14,17.2,55.0,0.1,0.0,15.2,39.6
Preußen Münster,Düsseldorf,2025-09-14,17.8,57.0,0.1,0.0,15.6,35.6
Kaiserslautern,Preußen Münster,2025-09-19,18.5,67.0,0.0,0.0,8.6,16.9
Arminia,Greuther Fürth,2025-09-19,20.1,75.0,0.0,0.0,11.4,24.8
Hertha BSC,Paderborn 07,2025-09-20,26.8,51.7,0.0,0.0,9.7,23.8
BTSV,Elversberg,2025-09-20,28.3,41.7,0.0,0.0,10.6,26.3
Magdeburg,Schalke 04,2025-09-20,28.2,45.0,0.0,0.0,11.7,29.2
Nürnberg,Bochum,2025-09-20,19.0,81.5,0.0,0.0,6.9,16.6
Dresden,Hannover 96,2025-09-21,28.2,45.0,0.1,0.0,7.0,18.4
Holstein Kiel,Karlsruher,2025-09-21,17.2,70.5,0.2,0.0,32.1,71.3
Darmstadt 98,Dresden,2025-09-26,11.3,94.5,0.7,0.0,10.4,19.1
Schalke 04,Greuther Fürth,2025-09-26,13.6,73.0,0.0,0.0,7.2,22.3
Karlsruher,Magdeburg,2025-09-27,15.6,68.7,0.1,0.0,2.6,15.1
Paderborn 07,Kaiserslautern,2025-09-27,16.4,68.3,0.0,0.0,8.2,22.0
Bochum,Düsseldorf,2025-09-27,13.0,88.0,0.0,0.0,3.8,8.3
Hannover 96,Arminia,2025-09-28,19.8,55.0,0.0,0.0,8.4,24.8
Nürnberg,Hertha BSC,2025-09-28,17.2,62.5,0.0,0.0,4.0,12.6
Preußen Münster,BTSV,2025-09-28,18.9,61.5,0.0,0.0,5.8,18.4
BTSV,Paderborn 07,2025-10-03,11.6,57.5,0.0,0.0,16.3,32.8
Holstein Kiel,Darmstadt 98,2025-10-04,11.6,92.3,2.2,0.0,22.2,45.4
Kaiserslautern,Bochum,2025-10-04,11.5,91.0,2.1,0.0,21.9,64.1
Hertha BSC,Preußen Münster,2025-10-04,11.7,93.0,3.3,0.0,17.7,49.3
Dresden,Karlsruher,2025-10-04,10.2,80.5,0.0,0.0,19.8,44.3
Arminia,Schalke 04,2025-10-05,11.4,79.5,0.4,0.0,24.6,51.8
Magdeburg,Elversberg,2025-10-05,13.4,61.5,0.0,0.0,22.6,56.2
Greuther Fürth,Hannover 96,2025-10-05,11.6,66.5,0.1,0.0,21.3,55.8
Hannover 96,Schalke 04,2025-10-17,10.4,90.0,0.0,0.0,11.4,26.3
Preußen Münster,Dresden,2025-10-18,10.8,56.7,0.0,0.0,9.3,24.1
Paderborn 07,Arminia,2025-10-18,10.7,57.3,0.0,0.0,9.8,24.1
Karlsruher,Kaiserslautern,2025-10-18,14.9,53.0,0.0,0.0,11.4,27.7
Bochum,Hertha BSC,2025-10-18,8.0,71.5,0.0,0.0,10.2,20.5
Darmstadt 98,Magdeburg,2025-10-19,13.6,64.5,0.0,0.0,6.5,18.0
Nürnberg,Holstein Kiel,2025-10-19,10.4,61.5,0.0,0.0,11.2,29.2
Schalke 04,Darmstadt 98,2025-10-24,8.4,80.0,0.0,0.0,21.5,47.5
Greuther Fürth,Karlsruher,2025-10-24,6.2,73.0,0.0,0.0,11.0,25.2
Arminia,Elversberg,2025-10-25,10.4,83.0,0.9,0.0,25.9,60.1
Dresden,Paderborn 07,2025-10-25,12.0,57.7,0.0,0.0,20.2,56.9
Holstein Kiel,Bochum,2025-10-25,9.1,93.0,3.3,0.0,26.3,55.1
Hertha BSC,Düsseldorf,2025-10-25,9.2,93.0,0.0,0.0,18.6,38.9
Magdeburg,Preußen Münster,2025-10-26,9.4,78.5,0.1,0.0,34.6,75.2
BTSV,Hannover 96,2025-10-26,9.5,79.5,0.3,0.0,33.4,76.7
Kaiserslautern,Nürnberg,2025-10-26,8.3,52.5,0.0,0.0,26.4,56.9
Preußen Münster,Holstein Kiel,2025-10-31,11.4,79.0,0.0,0.0,13.0,25.9
Karlsruher,Schalke 04,2025-11-01,17.4,71.7,0.1,0.0,8.8,27.0
Hertha BSC,Dresden,2025-11-01,14.9,72.3,0.0,0.0,10.5,24.8
Nürnberg,BTSV,2025-11-01,16.2,68.3,0.0,0.0,6.2,15.1
Darmstadt 98,Arminia,2025-11-01,12.0,94.5,0.2,0.0,14.0,27.4
Paderborn 07,Greuther Fürth,2025-11-02,12.6,76.5,0.6,0.0,8.0,27.4
Bochum,Magdeburg,2025-11-02,13.1,72.0,0.0,0.0,10.5,33.8
Dresden,Nürnberg,2025-11-07,4.6,93.0,0.0,0.0,1.0,5.0
Greuther Fürth,Preußen Münster,2025-11-07,5.2,94.0,0.0,0.0,4.2,9.0
Arminia,Karlsruher,2025-11-08,11.1,80.7,0.0,0.0,7.4,18.4
Hannover 96,Darmstadt 98,2025-11-08,8.9,86.0,0.0,0.0,2.8,9.4
Schalke 04,Elversberg,2025-11-08,12.1,81.7,0.0,0.0,5.4,17.6
Kaiserslautern,Hertha BSC,2025-11-08,4.8,100.0,0.0,0.0,8.6,16.9
Holstein Kiel,Düsseldorf,2025-11-09,7.7,81.0,0.0,0.0,4.6,14.0
BTSV,Bochum,2025-11-09,10.2,94.0,0.0,0.0,6.2,14.0
Magdeburg,Paderborn 07,2025-11-09,10.1,83.5,0.0,0.0,4.0,11.9
Hertha BSC,BTSV,2025-11-21,-1.7,89.5,0.0,0.0,8.4,16.6
Bochum,Dresden,2025-11-21,-0.6,83.5,0.0,0.0,3.8,9.7
Preußen Münster,Schalke 04,2025-11-22,2.8,58.7,0.0,0.0,14.7,29.9
Paderborn 07,Hannover 96,2025-11-22,3.9,48.7,0.0,0.0,6.7,17.3
Darmstadt 98,Greuther Fürth,2025-11-22,-3.6,81.0,0.0,0.0,5.2,12.2
Karlsruher,Elversberg,2025-11-23,0.0,53.0,0.0,0.0,2.6,11.2
Nürnberg,Arminia,2025-11-23,-0.6,53.5,0.0,0.0,12.4,30.2
Kaiserslautern,Holstein Kiel,2025-11-23,0.2,56.5,0.0,0.0,11.2,27.4
Hannover 96,Karlsruher,2025-11-28,7.2,90.5,1.0,0.0,12.9,27.0
Schalke 04,Paderborn 07,2025-11-28,8.1,96.0,0.6,0.0,15.5,30.2
Greuther Fürth,Bochum,2025-11-29,4.9,96.3,0.2,0.0,8.0,17.6
BTSV,Kaiserslautern,2025-11-29,8.4,80.7,0.0,0.0,12.4,32.0
Holstein Kiel,Hertha BSC,2025-11-29,9.2,85.3,0.0,0.0,16.4,44.3
Magdeburg,Nürnberg,2025-11-29,7.0,89.5,0.0,0.0,12.4,24.8
Dresden,Düsseldorf,2025-11-30,7.4,83.5,0.0,0.0,7.0,16.2
Arminia,Preußen Münster,2025-11-30,7.8,77.0,0.0,0.0,16.6,36.4
Preußen Münster,Hannover 96,2025-12-05,5.6,92.0,0.0,0.0,10.0,20.9
Paderborn 07,Elversberg,2025-12-06,7.9,75.0,0.0,0.0,17.9,38.9
Kaiserslautern,Dresden,2025-12-06,7.2,87.3,0.2,0.0,19.7,45.7
Bochum,Arminia,2025-12-06,8.8,79.7,0.0,0.0,18.4,41.8
Darmstadt 98,Karlsruher,2025-12-06,6.6,96.0,0.0,0.0,17.0,36.4
BTSV,Holstein Kiel,2025-12-07,9.9,84.0,0.0,0.0,10.4,25.2
Hertha BSC,Magdeburg,2025-12-07,8.8,93.0,0.0,0.0,8.8,19.4
Nürnberg,Greuther Fürth,2025-12-07,8.2,91.5,0.0,0.0,7.6,17.3
Dresden,BTSV,2025-12-12,1.3,94.5,0.0,0.0,3.8,8.6
Greuther Fürth,Hertha BSC,2025-12-12,5.7,92.5,0.0,0.0,6.4,16.2
Karlsruher,Paderborn 07,2025-12-13,6.3,96.0,0.0,0.0,3.5,16.6
Magdeburg,Holstein Kiel,2025-12-13,8.1,91.0,0.0,0.0,12.8,26.6
Arminia,Kaiserslautern,2025-12-13,7.9,97.0,0.0,0.0,11.7,28.8
Hannover 96,Bochum,2025-12-13,6.1,99.0,0.0,0.0,10.6,22.0
Darmstadt 98,Preußen Münster,2025-12-14,6.6,93.0,0.0,0.0,5.4,13.3
Schalke 04,Nürnberg,2025-12-14,6.9,87.5,0.0,0.0,13.2,32.4
Hertha BSC,Arminia,2025-12-19,8.4,86.0,0.1,0.0,10.0,22.7
Paderborn 07,Darmstadt 98,2025-12-19,9.0,96.5,0.2,0.0,7.1,18.7
Bochum,Karlsruher,2025-12-20,6.7,90.3,0.0,0.0,7.3,17.3
Kaiserslautern,Magdeburg,2025-12-20,10.2,84.3,0.0,0.0,5.1,15.1
Holstein Kiel,Dresden,2025-12-20,3.8,99.0,0.0,0.0,8.8,18.7
Preußen Münster,Elversberg,2025-12-21,10.2,84.5,0.0,0.0,9.8,22.3
Nürnberg,Hannover 96,2025-12-21,4.9,76.0,0.0,0.0,7.2,17.6
BTSV,Schalke 04,2025-12-21,7.1,87.0,0.0,0.0,10.6,24.5
BTSV,Magdeburg,2026-01-16,5.6,88.0,0.0,0.0,11.6,21.2
Preußen Münster,Karlsruher,2026-01-17,10.8,68.7,0.0,0.0,4.7,13.7
Nürnberg,Elversberg,2026-01-17,2.4,74.3,0.0,0.0,9.9,26.3
Dresden,Greuther Fürth,2026-01-17,4.0,83.3,0.0,0.0,14.9,34.6
Hertha BSC,Schalke 04,2026-01-17,2.5,93.5,0.0,0.0,14.2,27.7
Bochum,Darmstadt 98,2026-01-18,3.8,96.0,0.0,0.0,4.8,14.8
Holstein Kiel,Paderborn 07,2026-01-18,4.2,78.5,0.0,0.0,12.0,28.4
Kaiserslautern,Hannover 96,2026-01-18,1.8,87.0,0.0,0.0,11.1,25.6
Arminia,Holstein Kiel,2026-01-23,-0.8,69.0,0.0,0.0,16.0,31.7
Darmstadt 98,Nürnberg,2026-01-23,-0.4,69.5,0.0,0.0,9.4,27.0
Karlsruher,Hertha BSC,2026-01-24,3.1,49.7,0.0,0.0,8.9,24.1
Greuther Fürth,BTSV,2026-01-24,-2.1,65.7,0.0,0.0,8.9,25.6
Hannover 96,Düsseldorf,2026-01-24,-1.2,66.3,0.0,0.0,15.5,36.4
Magdeburg,Dresden,2026-01-24,-1.5,82.0,0.0,0.0,9.4,20.5
Paderborn 07,Preußen Münster,2026-01-25,1.2,64.5,0.0,0.0,14.6,32.8
Schalke 04,Kaiserslautern,2026-01-25,1.9,66.0,0.0,0.0,7.7,19.1
Nürnberg,Preußen Münster,2026-01-30,0.7,94.0,0.0,0.0,9.8,19.4
Magdeburg,Hannover 96,2026-01-30,-1.2,93.0,0.0,0.0,11.2,22.7
Bochum,Schalke 04,2026-01-31,7.5,82.7,0.7,0.0,6.7,26.3
Holstein Kiel,Greuther Fürth,2026-01-31,-3.2,86.3,0.0,0.0,18.1,37.1
BTSV,Karlsruher,2026-01-31,-0.9,90.0,0.0,0.0,15.7,34.2
Kaiserslautern,Elversberg,2026-01-31,1.8,99.5,0.0,0.0,6.1,16.2
Hertha BSC,Darmstadt 98,2026-02-01,-6.4,63.0,0.0,0.0,14.4,34.6
Dresden,Arminia,2026-02-01,-2.4,79.5,0.0,0.0,9.1,22.3
Greuther Fürth,Magdeburg,2026-02-06,-0.3,96.0,0.0,0.0,2.8,7.9
Preußen Münster,Bochum,2026-02-06,2.1,97.0,0.5,0.0,8.0,15.5
Paderborn 07,Nürnberg,2026-02-07,9.3,85.3,0.2,0.0,2.1,11.2
Schalke 04,Dresden,2026-02-07,11.4,73.0,0.0,0.0,5.9,23.8
Darmstadt 98,Kaiserslautern,2026-02-07,4.2,97.5,0.0,0.0,10.2,22.0
Karlsruher,Düsseldorf,2026-02-08,7.7,77.5,0.0,0.0,13.0,31.0
Hannover 96,Holstein Kiel,2026-02-08,1.9,92.5,0.0,0.0,11.0,26.3
Arminia,BTSV,2026-02-08,5.8,86.5,0.0,0.0,10.9,25.9
Nürnberg,Karlsruher,2026-02-13,4.0,90.0,0.0,0.0,3.4,7.9
Hertha BSC,Hannover 96,2026-02-14,0.9,70.0,0.0,0.0,12.4,29.5
BTSV,Darmstadt 98,2026-02-14,0.6,76.7,0.1,0.1,11.5,28.4
Kaiserslautern,Greuther Fürth,2026-02-14,2.7,75.7,0.0,0.0,18.6,42.5
Dresden,Elversberg,2026-02-14,-0.8,82.5,0.0,0.0,12.7,28.1
Holstein Kiel,Schalke 04,2026-02-15,-2.8,78.0,0.0,0.0,14.8,29.5
Magdeburg,Arminia,2026-02-15,0.2,51.5,0.0,0.0,13.4,32.8
Bochum,Paderborn 07,2026-02-15,3.9,47.0,0.0,0.0,18.0,42.8
Greuther Fürth,Arminia,2026-02-20,1.0,91.5,0.0,0.0,8.2,16.6
Bochum,Nürnberg,2026-02-20,5.0,86.0,0.4,0.0,17.2,36.7
Karlsruher,Holstein Kiel,2026-02-21,8.1,97.7,3.1,0.0,17.1,37.1
Darmstadt 98,Düsseldorf,2026-02-21,7.8,91.0,1.2,0.0,12.2,34.9
Schalke 04,Magdeburg,2026-02-21,9.3,94.5,0.2,0.0,16.4,32.8
Paderborn 07,Hertha BSC,2026-02-22,11.0,95.0,2.6,0.0,27.3,52.6
Preußen Münster,Kaiserslautern,2026-02-22,11.1,96.0,1.7,0.0,26.2,49.7
Hannover 96,Dresden,2026-02-22,11.1,95.0,1.9,0.0,22.7,45.0
Dresden,Darmstadt 98,2026-02-27,10.8,74.5,0.0,0.0,9.6,19.1
Holstein Kiel,Elversberg,2026-02-28,12.9,69.3,0.4,0.0,21.2,50.8
Arminia,Hannover 96,2026-02-28,13.4,55.0,0.1,0.0,26.3,53.3
Kaiserslautern,Paderborn 07,2026-02-28,12.2,58.3,0.0,0.0,23.2,55.8
Greuther Fürth,Schalke 04,2026-02-28,8.6,75.5,0.0,0.0,11.4,23.0
Hertha BSC,Nürnberg,2026-03-01,10.2,57.5,0.0,0.0,10.1,24.8
Magdeburg,Karlsruher,2026-03-01,11.4,46.0,0.0,0.0,9.4,30.2
BTSV,Preußen Münster,2026-03-01,11.6,45.0,0.0,0.0,11.4,28.8
Schalke 04,Arminia,2026-03-06,12.4,63.5,0.0,0.0,1.4,2.9
Paderborn 07,BTSV,2026-03-07,15.9,54.7,0.0,0.0,5.2,16.2
Darmstadt 98,Holstein Kiel,2026-03-07,16.4,50.0,0.0,0.0,6.9,21.2
Nürnberg,Düsseldorf,2026-03-07,15.5,47.3,0.0,0.0,3.3,13.0
Bochum,Kaiserslautern,2026-03-07,10.5,81.0,0.0,0.0,6.4,12.6
Preußen Münster,Hertha BSC,2026-03-08,16.9,50.0,0.0,0.0,6.8,19.1
Karlsruher,Dresden,2026-03-08,15.9,54.0,0.0,0.0,3.2,13.0
Hannover 96,Greuther Fürth,2026-03-08,15.7,54.5,0.0,0.0,9.2,23.4
Magdeburg,Darmstadt 98,2026-03-13,13.0,58.5,0.0,0.0,13.4,33.5
Greuther Fürth,Elversberg,2026-03-13,10.4,63.0,0.0,0.0,12.2,24.5
Arminia,Paderborn 07,2026-03-14,3.9,93.3,1.8,0.0,4.2,12.2
BTSV,Düsseldorf,2026-03-14,5.7,79.0,0.4,0.0,2.2,16.2
Holstein Kiel,Nürnberg,2026-03-14,6.7,73.3,0.4,0.0,6.2,18.0
Hertha BSC,Bochum,2026-03-14,5.4,92.0,0.0,0.0,10.0,24.1
Dresden,Preußen Münster,2026-03-15,6.7,79.0,0.2,0.0,5.2,16.6
Schalke 04,Hannover 96,2026-03-15,8.8,59.5,0.0,0.0,10.2,25.9
Kaiserslautern,Karlsruher,2026-03-15,7.5,56.0,0.0,0.0,4.0,16.2
Karlsruher,Greuther Fürth,2026-03-20,10.1,65.0,0.0,0.0,6.0,13.0
Hannover 96,BTSV,2026-03-20,8.3,66.0,0.0,0.0,9.0,18.4
Nürnberg,Kaiserslautern,2026-03-21,10.5,59.3,2.7,0.1,10.2,36.7
Paderborn 07,Dresden,2026-03-21,10.4,61.0,0.0,0.0,11.8,29.9
Darmstadt 98,Schalke 04,2026-03-21,7.2,77.5,0.0,0.0,12.0,28.4
Preußen Münster,Magdeburg,2026-03-22,14.4,39.5,0.0,0.0,14.1,34.2
Bochum,Holstein Kiel,2026-03-22,14.4,48.5,0.0,0.0,10.1,26.6
Kaiserslautern,Düsseldorf,2026-04-04,13.9,69.7,0.0,0.0,18.2,45.4
Magdeburg,Bochum,2026-04-04,14.8,35.7,0.0,0.0,20.3,52.6
Arminia,Darmstadt 98,2026-04-04,13.2,52.0,0.0,0.0,19.0,41.8
Dresden,Hertha BSC,2026-04-04,9.0,79.0,0.0,0.0,7.0,14.8
BTSV,Nürnberg,2026-04-05,13.5,51.0,0.0,0.0,28.1,61.9
Holstein Kiel,Preußen Münster,2026-04-05,10.6,58.0,0.0,0.0,32.3,70.6
Schalke 04,Karlsruher,2026-04-05,11.8,65.5,0.1,0.0,22.3,60.1
Hannover 96,Elversberg,2026-04-05,13.2,56.0,0.1,0.0,26.6,64.1
Greuther Fürth,Paderborn 07,2026-04-05,20.0,38.0,0.0,0.0,24.8,56.9
Karlsruher,Arminia,2026-04-10,11.2,68.5,0.0,0.0,4.6,9.7
Preußen Münster,Greuther Fürth,2026-04-11,18.6,37.0,0.0,0.0,21.7,47.9
Hertha BSC,Kaiserslautern,2026-04-11,12.9,35.0,0.0,0.0,9.6,28.8
Nürnberg,Dresden,2026-04-11,15.6,38.3,0.0,0.0,9.6,31.3
Darmstadt 98,Hannover 96,2026-04-11,14.1,86.0,0.5,0.0,4.4,15.8
Paderborn 07,Magdeburg,2026-04-12,12.0,46.5,0.0,0.0,2.0,14.0
Bochum,BTSV,2026-04-12,12.7,51.0,0.0,0.0,7.4,23.0
Holstein Kiel,Kaiserslautern,2026-04-17,11.8,77.5,0.0,0.0,11.3,22.0
Arminia,Nürnberg,2026-04-18,19.3,41.7,0.0,0.0,12.9,31.3
Magdeburg,Düsseldorf,2026-04-18,21.0,33.7,0.0,0.0,6.7,25.2
Dresden,Bochum,2026-04-18,20.6,33.7,0.0,0.0,1.2,14.0
Hannover 96,Paderborn 07,2026-04-18,13.4,78.5,0.0,0.0,10.6,23.8
BTSV,Hertha BSC,2026-04-19,9.2,85.0,0.8,0.0,13.4,33.8
Greuther Fürth,Darmstadt 98,2026-04-19,13.1,64.0,0.5,0.0,19.4,48.6
Schalke 04,Preußen Münster,2026-04-19,13.4,55.5,0.2,0.0,18.1,43.9
Kaiserslautern,BTSV,2026-04-24,16.0,23.0,0.0,0.0,11.0,24.1
Preußen Münster,Arminia,2026-04-25,16.2,34.3,0.0,0.0,13.8,36.7
Karlsruher,Hannover 96,2026-04-25,20.8,27.3,0.0,0.0,5.2,22.3
Hertha BSC,Holstein Kiel,2026-04-25,14.6,55.3,0.0,0.0,20.2,48.2
Darmstadt 98,Elversberg,2026-04-25,13.4,37.0,0.0,0.0,11.8,26.6
Nürnberg,Magdeburg,2026-04-26,16.5,21.0,0.0,0.0,9.7,29.5
Bochum,Greuther Fürth,2026-04-26,15.8,29.0,0.0,0.0,5.2,22.3
Paderborn 07,Schalke 04,2026-04-26,13.7,46.0,0.0,0.0,2.8,15.8
Köln,Hamburger SV,2024-08-02,20.2,83.5,0.0,0.0,5.2,7.2
Karlsruher,Nürnberg,2024-08-03,24.9,63.3,0.1,0.0,13.5,31.7
Hannover 96,Jahn Regensburg,2024-08-03,26.3,52.0,0.0,0.0,6.6,20.5
Hertha BSC,Paderborn 07,2024-08-03,23.5,53.3,0.0,0.0,7.4,19.4
Magdeburg,Elversberg,2024-08-03,25.4,52.7,0.0,0.0,2.6,17.3
Schalke 04,BTSV,2024-08-03,18.0,94.5,9.6,0.0,8.6,24.1
Darmstadt 98,Düsseldorf,2024-08-04,21.0,81.0,3.3,0.0,13.0,34.2
Greuther Fürth,Preußen Münster,2024-08-04,23.8,54.5,0.0,0.0,15.3,36.0
Ulm,Kaiserslautern,2024-08-04,22.8,54.5,0.0,0.0,12.7,27.7
Jahn Regensburg,Ulm,2024-08-09,19.9,90.0,0.1,0.0,13.4,29.9
Kaiserslautern,Greuther Fürth,2024-08-09,22.8,65.0,0.0,0.0,13.2,37.1
Nürnberg,Schalke 04,2024-08-10,27.3,48.3,0.0,0.0,13.3,31.0
Hamburger SV,Hertha BSC,2024-08-10,18.1,79.0,0.2,0.0,14.2,27.4
Preußen Münster,Hannover 96,2024-08-11,25.4,49.5,0.0,0.0,6.7,19.1
Paderborn 07,Darmstadt 98,2024-08-11,24.8,50.5,0.0,0.0,4.0,17.3
BTSV,Magdeburg,2024-08-11,24.8,48.5,0.0,0.0,7.4,21.6
Karlsruher,Elversberg,2024-08-23,23.9,51.0,0.0,0.0,10.1,27.4
Hannover 96,Hamburger SV,2024-08-23,20.8,77.5,0.4,0.0,18.8,43.9
Greuther Fürth,Paderborn 07,2024-08-24,31.2,35.3,0.0,0.0,14.0,32.0
Preußen Münster,Kaiserslautern,2024-08-24,28.0,53.7,0.0,0.0,25.4,57.2
Hertha BSC,Jahn Regensburg,2024-08-24,30.6,39.3,0.0,0.0,19.7,40.0
Köln,BTSV,2024-08-24,20.8,90.0,0.5,0.0,12.9,42.5
Ulm,Düsseldorf,2024-08-25,17.8,60.5,0.0,0.0,6.3,16.6
Darmstadt 98,Nürnberg,2024-08-25,21.8,43.0,0.0,0.0,9.1,23.4
Magdeburg,Schalke 04,2024-08-25,22.4,40.0,0.0,0.0,15.2,36.7
Jahn Regensburg,Greuther Fürth,2024-08-30,18.4,83.0,0.0,0.0,15.9,32.4
Nürnberg,Magdeburg,2024-08-31,29.6,45.7,0.0,0.0,12.4,33.5
Hamburger SV,Preußen Münster,2024-08-31,21.0,49.0,0.0,0.0,9.2,24.1
Kaiserslautern,Hertha BSC,2024-08-31,23.8,66.0,0.0,0.0,11.6,22.0
BTSV,Karlsruher,2024-09-01,24.8,51.5,0.0,0.0,14.1,32.4
Paderborn 07,Ulm,2024-09-01,27.2,58.5,0.0,0.0,14.4,29.9
Schalke 04,Köln,2024-09-01,29.0,57.5,0.0,0.0,16.0,31.0
Karlsruher,Schalke 04,2024-09-13,11.9,67.5,0.0,0.0,6.9,14.4
Preußen Münster,Paderborn 07,2024-09-13,11.8,70.5,0.0,0.0,14.2,29.2
Hannover 96,Kaiserslautern,2024-09-14,15.4,53.3,0.0,0.0,19.8,44.6
Darmstadt 98,BTSV,2024-09-14,15.0,54.3,0.0,0.0,17.5,38.9
Ulm,Nürnberg,2024-09-14,9.5,68.7,0.3,0.0,14.6,38.2
Köln,Magdeburg,2024-09-14,9.3,85.0,0.0,0.0,8.4,14.4
Hertha BSC,Düsseldorf,2024-09-15,17.6,49.5,0.0,0.0,21.5,41.8
Greuther Fürth,Elversberg,2024-09-15,15.0,51.0,0.0,0.0,17.8,39.2
Hamburger SV,Jahn Regensburg,2024-09-15,17.1,61.5,0.0,0.0,12.8,27.4
Paderborn 07,Hannover 96,2024-09-20,17.7,63.0,0.0,0.0,14.4,25.9
Schalke 04,Darmstadt 98,2024-09-20,18.4,67.0,0.0,0.0,15.6,27.4
BTSV,Greuther Fürth,2024-09-21,22.4,49.0,0.0,0.0,12.9,31.0
Nürnberg,Hertha BSC,2024-09-21,22.4,51.7,0.0,0.0,7.9,21.6
Kaiserslautern,Hamburger SV,2024-09-21,13.6,88.0,0.0,0.0,6.2,10.1
Jahn Regensburg,Preußen Münster,2024-09-22,23.6,49.0,0.0,0.0,4.0,14.8
Magdeburg,Karlsruher,2024-09-22,23.7,40.0,0.0,0.0,3.1,14.8
Ulm,BTSV,2024-09-27,10.3,72.5,0.0,0.0,13.0,28.8
Greuther Fürth,Düsseldorf,2024-09-27,12.4,66.5,0.0,0.0,13.9,29.9
Darmstadt 98,Magdeburg,2024-09-28,14.3,57.7,0.5,0.0,15.6,35.3
Hamburger SV,Paderborn 07,2024-09-28,12.1,57.3,0.3,0.0,22.1,47.9
Jahn Regensburg,Kaiserslautern,2024-09-28,13.2,58.0,0.2,0.0,20.3,46.4
Preußen Münster,Schalke 04,2024-09-28,8.1,90.0,0.0,0.0,9.9,18.7
Hannover 96,Nürnberg,2024-09-29,13.8,59.5,0.0,0.0,4.1,14.0
Hertha BSC,Elversberg,2024-09-29,14.1,50.0,0.0,0.0,9.8,25.2
Köln,Karlsruher,2024-09-29,13.8,58.0,0.0,0.0,13.8,27.7
Karlsruher,Darmstadt 98,2024-10-04,10.6,91.0,0.8,0.0,6.4,13.3
Paderborn 07,Jahn Regensburg,2024-10-04,8.8,80.5,0.0,0.0,6.2,10.4
Köln,Ulm,2024-10-05,14.6,59.0,0.0,0.0,6.7,18.7
Nürnberg,Preußen Münster,2024-10-05,11.6,71.0,0.1,0.0,8.8,23.0
Schalke 04,Hertha BSC,2024-10-05,8.1,83.5,0.0,0.0,12.2,21.2
BTSV,Hannover 96,2024-10-06,13.1,64.0,0.0,0.0,13.3,28.1
Magdeburg,Greuther Fürth,2024-10-06,12.5,68.5,0.0,0.0,10.5,23.4
Hertha BSC,BTSV,2024-10-18,12.5,84.5,0.0,0.0,12.4,22.3
Darmstadt 98,Köln,2024-10-18,12.9,96.5,0.0,0.0,3.2,6.1
Hannover 96,Schalke 04,2024-10-19,18.1,78.0,0.3,0.0,14.6,32.4
Jahn Regensburg,Düsseldorf,2024-10-19,17.6,76.7,0.0,0.0,18.1,41.8
Preußen Münster,Elversberg,2024-10-19,14.8,86.7,1.1,0.0,15.3,39.2
Kaiserslautern,Paderborn 07,2024-10-19,10.6,95.5,0.0,0.0,4.4,9.0
Ulm,Karlsruher,2024-10-20,14.5,83.5,0.0,0.0,5.8,16.6
Greuther Fürth,Nürnberg,2024-10-20,16.5,74.5,0.0,0.0,7.7,17.6
Hamburger SV,Magdeburg,2024-10-20,16.6,73.5,0.0,0.0,15.1,31.7
Nürnberg,Jahn Regensburg,2024-10-25,10.0,94.5,0.0,0.0,6.9,14.0
Köln,Paderborn 07,2024-10-25,14.1,92.0,0.0,0.0,8.6,14.8
Schalke 04,Greuther Fürth,2024-10-26,20.1,66.7,0.0,0.0,5.6,15.5
Karlsruher,Hertha BSC,2024-10-26,17.1,70.3,0.0,0.0,10.2,23.8
BTSV,Preußen Münster,2024-10-27,14.8,83.5,0.0,0.0,14.8,31.3
Darmstadt 98,Ulm,2024-10-27,15.4,81.5,0.0,0.0,5.2,14.4
Magdeburg,Hannover 96,2024-10-27,15.2,84.0,0.0,0.0,11.6,35.3
Preußen Münster,Düsseldorf,2024-11-01,10.3,94.0,0.0,0.0,12.4,24.5
Ulm,Schalke 04,2024-11-01,7.2,94.5,0.0,0.0,7.9,16.6
Greuther Fürth,Darmstadt 98,2024-11-02,10.8,80.0,0.0,0.0,5.3,15.1
Jahn Regensburg,Elversberg,2024-11-02,9.0,65.0,0.0,0.0,7.3,24.1
Hannover 96,Karlsruher,2024-11-02,9.3,59.0,0.0,0.0,7.0,19.4
Hertha BSC,Köln,2024-11-02,3.1,86.0,0.0,0.0,6.0,10.4
Paderborn 07,BTSV,2024-11-03,11.2,76.0,0.0,0.0,1.8,10.4
Kaiserslautern,Magdeburg,2024-11-03,11.5,72.5,0.0,0.0,10.4,25.9
Hamburger SV,Nürnberg,2024-11-03,9.4,69.0,0.0,0.0,9.4,20.5
Nürnberg,Kaiserslautern,2024-11-08,5.5,83.0,0.0,0.0,8.2,17.3
BTSV,Hamburger SV,2024-11-08,6.2,84.5,0.0,0.0,12.8,25.6
Köln,Greuther Fürth,2024-11-09,10.8,78.7,0.0,0.0,9.2,20.9
Darmstadt 98,Hertha BSC,2024-11-09,10.4,77.7,0.0,0.0,1.6,10.8
Magdeburg,Ulm,2024-11-09,7.3,81.7,0.0,0.0,7.2,19.4
Karlsruher,Preußen Münster,2024-11-10,7.1,82.5,0.0,0.0,5.9,16.9
Schalke 04,Jahn Regensburg,2024-11-10,10.3,86.5,0.0,0.0,7.2,16.2
Paderborn 07,Nürnberg,2024-11-22,2.2,86.0,0.3,0.1,25.0,63.7
Preußen Münster,Köln,2024-11-22,2.6,89.5,1.4,0.8,20.9,47.2
Hannover 96,Darmstadt 98,2024-11-23,5.2,71.7,0.0,0.0,15.2,34.6
Hertha BSC,Ulm,2024-11-23,4.6,73.7,0.0,0.0,13.7,40.0
Greuther Fürth,Karlsruher,2024-11-23,4.3,63.0,0.0,0.0,9.6,28.8
Hamburger SV,Schalke 04,2024-11-23,4.2,76.5,0.9,0.0,24.4,48.2
Kaiserslautern,BTSV,2024-11-24,15.4,60.5,0.0,0.0,21.0,47.9
Jahn Regensburg,Magdeburg,2024-11-24,13.9,64.5,0.0,0.0,25.3,57.2
Magdeburg,Hertha BSC,2024-11-29,3.4,83.5,0.0,0.0,6.7,14.4
Schalke 04,Kaiserslautern,2024-11-29,2.6,84.5,0.0,0.0,5.8,14.8
Köln,Hannover 96,2024-11-30,6.2,71.7,0.0,0.0,11.8,29.2
BTSV,Jahn Regensburg,2024-11-30,4.7,75.7,0.0,0.0,5.3,12.6
Darmstadt 98,Preußen Münster,2024-11-30,-0.8,90.5,0.0,0.0,5.2,14.8
Karlsruher,Hamburger SV,2024-12-01,1.7,81.0,0.0,0.0,3.6,11.2
Ulm,Greuther Fürth,2024-12-01,2.1,70.0,0.0,0.0,8.8,21.2
Nürnberg,Düsseldorf,2024-12-01,1.9,71.5,0.0,0.0,7.9,19.8
Paderborn 07,Schalke 04,2024-12-06,6.9,92.0,0.4,0.0,26.0,51.5
Greuther Fürth,Hertha BSC,2024-12-07,3.8,88.3,3.0,0.0,15.7,34.2
Kaiserslautern,Karlsruher,2024-12-07,6.8,95.3,0.8,0.0,21.2,52.2
Hannover 96,Ulm,2024-12-07,5.9,92.7,2.2,0.0,18.0,37.8
Preußen Münster,Magdeburg,2024-12-07,6.1,78.0,0.0,0.0,16.5,34.6
Jahn Regensburg,Köln,2024-12-08,6.2,88.0,0.0,0.0,7.7,17.6
Hamburger SV,Darmstadt 98,2024-12-08,6.1,89.0,0.0,0.0,13.8,28.4
Hertha BSC,Preußen Münster,2024-12-13,-0.0,85.0,0.0,0.0,9.9,19.1
Karlsruher,Jahn Regensburg,2024-12-13,-0.7,92.0,0.0,0.0,3.6,6.5
Schalke 04,Düsseldorf,2024-12-14,2.6,89.7,0.3,0.0,14.2,33.1
Ulm,Hamburger SV,2024-12-14,3.2,73.3,0.0,0.0,13.0,30.6
Magdeburg,Paderborn 07,2024-12-14,1.9,78.7,0.0,0.0,15.5,45.7
Darmstadt 98,Kaiserslautern,2024-12-14,1.6,84.5,0.0,0.0,12.6,27.7
Köln,Nürnberg,2024-12-15,7.8,82.5,0.0,0.0,16.8,36.7
Greuther Fürth,Hannover 96,2024-12-15,3.0,90.0,0.4,0.0,19.6,42.5
BTSV,Elversberg,2024-12-15,6.0,91.5,0.6,0.0,24.8,50.0
Paderborn 07,Karlsruher,2024-12-21,7.3,81.0,0.2,0.0,21.5,50.8
Hamburger SV,Greuther Fürth,2024-12-21,7.1,86.7,0.3,0.0,24.2,52.2
Preußen Münster,Ulm,2024-12-21,7.8,84.3,0.1,0.0,23.6,51.1
Nürnberg,BTSV,2024-12-21,5.0,84.5,0.3,0.0,17.6,37.1
Kaiserslautern,Köln,2024-12-22,3.4,78.5,0.5,0.2,19.8,57.2
Hannover 96,Hertha BSC,2024-12-22,5.0,81.0,0.1,0.0,19.8,42.5
Jahn Regensburg,Darmstadt 98,2024-12-22,3.2,95.0,1.0,0.1,17.2,35.3
Jahn Regensburg,Hannover 96,2025-01-17,-2.2,90.5,0.0,0.0,3.8,10.8
BTSV,Schalke 04,2025-01-18,2.4,76.3,0.0,0.0,4.4,12.6
Preußen Münster,Greuther Fürth,2025-01-18,2.6,72.7,0.0,0.0,4.3,14.8
Kaiserslautern,Ulm,2025-01-18,1.5,79.7,0.0,0.0,7.5,24.8
Hamburger SV,Köln,2025-01-18,-3.1,90.0,0.0,0.0,8.4,16.2
Nürnberg,Karlsruher,2025-01-19,7.9,45.0,0.0,0.0,8.4,18.0
Paderborn 07,Hertha BSC,2025-01-19,6.8,50.0,0.0,0.0,7.5,16.9
Greuther Fürth,Kaiserslautern,2025-01-24,6.1,64.5,0.0,0.0,12.4,26.3
Magdeburg,BTSV,2025-01-24,7.0,79.5,0.0,0.0,18.5,40.0
Köln,Elversberg,2025-01-25,9.2,84.3,0.2,0.0,9.5,32.4
Schalke 04,Nürnberg,2025-01-25,7.6,91.7,0.6,0.0,8.5,20.5
Karlsruher,Düsseldorf,2025-01-25,15.4,55.3,0.0,0.0,9.7,28.8
Hertha BSC,Hamburger SV,2025-01-25,8.1,89.5,0.0,0.0,7.6,15.8
Darmstadt 98,Paderborn 07,2025-01-26,5.9,68.5,0.0,0.0,19.4,51.5
Ulm,Jahn Regensburg,2025-01-26,7.6,49.5,0.0,0.0,15.3,40.7
Hannover 96,Preußen Münster,2025-01-26,3.9,88.0,0.0,0.0,8.9,22.3
Nürnberg,Darmstadt 98,2025-01-31,0.1,83.5,0.0,0.0,3.0,5.0
BTSV,Köln,2025-02-01,3.5,85.3,0.0,0.0,1.7,11.9
Jahn Regensburg,Hertha BSC,2025-02-01,4.5,61.7,0.0,0.0,7.4,20.9
Schalke 04,Magdeburg,2025-02-01,-0.5,85.0,0.0,0.0,8.2,17.3
Kaiserslautern,Preußen Münster,2025-02-02,4.4,57.0,0.0,0.0,8.2,22.0
Hamburger SV,Hannover 96,2025-02-02,1.7,75.0,0.0,0.0,3.2,14.4
Paderborn 07,Greuther Fürth,2025-02-02,4.9,50.0,0.0,0.0,5.6,20.2
Preußen Münster,Hamburger SV,2025-02-07,2.5,71.5,0.0,0.0,20.2,43.9
Greuther Fürth,Jahn Regensburg,2025-02-07,0.6,76.5,0.0,0.0,8.6,16.9
Magdeburg,Nürnberg,2025-02-08,5.3,67.3,0.0,0.0,10.5,25.9
Darmstadt 98,Elversberg,2025-02-08,7.0,60.7,0.0,0.0,9.9,25.6
Ulm,Paderborn 07,2025-02-08,5.9,55.0,0.0,0.0,8.8,23.0
Hertha BSC,Kaiserslautern,2025-02-08,0.6,83.0,0.0,0.0,10.6,20.9
Köln,Schalke 04,2025-02-09,5.2,80.0,0.0,0.0,3.2,13.0
Karlsruher,BTSV,2025-02-09,6.9,68.5,0.0,0.0,2.7,15.5
Hannover 96,Düsseldorf,2025-02-09,3.6,71.0,0.0,0.0,11.3,27.0
Paderborn 07,Preußen Münster,2025-02-14,0.4,76.5,0.0,0.0,5.8,11.2
Magdeburg,Köln,2025-02-14,-1.2,81.0,0.0,0.0,4.9,11.9
BTSV,Darmstadt 98,2025-02-15,0.6,69.0,0.1,0.1,1.6,10.4
Kaiserslautern,Hannover 96,2025-02-15,1.5,60.0,0.0,0.0,10.1,30.2
Schalke 04,Karlsruher,2025-02-16,3.0,58.0,0.0,0.0,17.0,39.6
Nürnberg,Ulm,2025-02-16,1.8,42.0,0.0,0.0,10.4,27.0
Jahn Regensburg,Hamburger SV,2025-02-16,1.2,56.5,0.0,0.0,10.6,25.2
Hamburger SV,Kaiserslautern,2025-02-21,9.8,88.0,0.0,0.0,16.5,32.8
Hertha BSC,Nürnberg,2025-02-21,3.5,84.5,0.0,0.0,13.0,24.5
Karlsruher,Magdeburg,2025-02-22,14.5,61.3,0.0,0.0,4.6,18.0
Ulm,Elversberg,2025-02-22,12.0,66.7,0.0,0.0,7.4,20.9
Preußen Münster,Jahn Regensburg,2025-02-22,14.5,62.7,0.0,0.0,16.7,38.9
Hannover 96,Paderborn 07,2025-02-22,10.2,85.5,0.1,0.0,14.8,29.2
Darmstadt 98,Schalke 04,2025-02-23,13.0,64.5,0.0,0.0,7.8,22.3
Greuther Fürth,BTSV,2025-02-23,11.9,66.0,0.0,0.0,8.8,23.4
Köln,Düsseldorf,2025-02-23,14.5,56.0,0.0,0.0,7.6,19.4
Schalke 04,Preußen Münster,2025-02-28,4.0,82.0,0.0,0.0,7.0,13.7
BTSV,Ulm,2025-03-01,6.7,70.7,0.1,0.0,10.4,25.9
Nürnberg,Hannover 96,2025-03-01,5.8,66.0,0.2,0.0,9.7,25.2
Kaiserslautern,Jahn Regensburg,2025-03-01,5.4,65.3,0.0,0.0,17.0,38.9
Karlsruher,Köln,2025-03-01,4.6,75.0,0.0,0.0,14.5,30.2
Magdeburg,Darmstadt 98,2025-03-02,7.7,59.5,0.0,0.0,10.8,27.0
Paderborn 07,Hamburger SV,2025-03-02,6.4,64.0,0.0,0.0,2.5,14.4
Darmstadt 98,Karlsruher,2025-03-07,8.2,78.5,0.0,0.0,8.6,15.8
Kaiserslautern,Elversberg,2025-03-07,8.4,75.5,0.0,0.0,6.8,13.0
Greuther Fürth,Magdeburg,2025-03-08,15.1,49.3,0.0,0.0,2.1,10.8
Ulm,Köln,2025-03-08,13.1,50.0,0.0,0.0,4.7,15.5
Hertha BSC,Schalke 04,2025-03-08,15.7,43.3,0.0,0.0,10.0,24.5
Hamburger SV,Düsseldorf,2025-03-08,8.9,65.0,0.0,0.0,13.2,24.8
Preußen Münster,Nürnberg,2025-03-09,17.0,43.0,0.0,0.0,7.6,20.2
Hannover 96,BTSV,2025-03-09,15.1,52.0,0.0,0.0,3.6,14.4
Jahn Regensburg,Paderborn 07,2025-03-09,15.4,49.5,0.0,0.0,4.6,14.0
Magdeburg,Hamburger SV,2025-03-14,3.9,67.0,0.0,0.0,10.1,20.2
Schalke 04,Hannover 96,2025-03-14,4.0,70.0,0.0,0.0,7.9,20.9
Paderborn 07,Kaiserslautern,2025-03-15,6.2,59.3,0.0,0.0,15.9,36.4
Köln,Darmstadt 98,2025-03-15,4.8,71.5,0.0,0.0,13.2,30.6
Nürnberg,Greuther Fürth,2025-03-16,10.0,37.5,0.0,0.0,9.4,29.2
Karlsruher,Ulm,2025-03-16,9.0,55.0,0.0,0.0,12.8,31.3
BTSV,Hertha BSC,2025-03-16,7.2,49.5,0.0,0.0,10.7,27.4
Ulm,Darmstadt 98,2025-03-28,8.3,70.5,0.0,0.0,3.4,11.2
Hamburger SV,Elversberg,2025-03-28,10.9,73.5,0.0,0.0,12.0,32.0
Hannover 96,Magdeburg,2025-03-29,13.2,39.7,0.0,0.0,15.5,39.2
Hertha BSC,Karlsruher,2025-03-29,14.3,57.0,0.0,0.0,17.0,41.4
Paderborn 07,Köln,2025-03-29,12.2,44.7,0.0,0.0,14.8,34.2
Kaiserslautern,Düsseldorf,2025-03-29,5.5,69.0,0.0,0.0,7.2,17.3
Jahn Regensburg,Nürnberg,2025-03-30,10.1,73.5,0.5,0.0,24.1,65.2
Preußen Münster,BTSV,2025-03-30,11.1,62.0,0.3,0.0,31.6,67.7
Greuther Fürth,Schalke 04,2025-03-30,8.7,68.0,0.2,0.0,18.4,46.4
Karlsruher,Hannover 96,2025-04-04,15.6,60.5,0.0,0.0,11.0,21.6
BTSV,Paderborn 07,2025-04-04,14.0,73.5,0.0,0.0,1.1,2.5
Nürnberg,Hamburger SV,2025-04-05,16.9,46.7,0.0,0.0,15.1,38.9
Darmstadt 98,Greuther Fürth,2025-04-05,19.1,44.0,0.0,0.0,13.5,34.2
Köln,Hertha BSC,2025-04-05,10.1,55.5,0.0,0.0,10.0,24.1
Magdeburg,Kaiserslautern,2025-04-06,7.6,34.0,0.0,0.0,14.4,36.7
Schalke 04,Ulm,2025-04-06,11.0,27.5,0.0,0.0,15.2,40.0
Greuther Fürth,Köln,2025-04-11,12.9,57.0,0.0,0.0,10.2,24.1
Hamburger SV,BTSV,2025-04-11,9.8,86.5,0.0,0.0,13.1,34.9
Ulm,Magdeburg,2025-04-12,18.8,41.0,0.0,0.0,12.2,34.2
Hertha BSC,Darmstadt 98,2025-04-12,16.0,57.0,0.0,0.0,4.4,20.2
Hannover 96,Elversberg,2025-04-12,20.2,29.3,0.0,0.0,5.4,21.6
Kaiserslautern,Nürnberg,2025-04-12,12.0,76.0,0.0,0.0,6.7,14.0
Paderborn 07,Düsseldorf,2025-04-13,16.4,66.0,0.7,0.0,21.2,52.2
Preußen Münster,Karlsruher,2025-04-13,17.3,65.5,1.2,0.0,22.4,51.8
Jahn Regensburg,Schalke 04,2025-04-13,17.8,63.5,0.5,0.0,16.7,45.4
BTSV,Kaiserslautern,2025-04-19,10.3,68.3,0.1,0.0,6.5,20.9
Nürnberg,Paderborn 07,2025-04-19,16.5,42.3,0.0,0.0,3.2,20.9
Schalke 04,Hamburger SV,2025-04-19,10.1,78.5,0.0,0.0,5.8,12.6
Ulm,Hertha BSC,2025-04-20,16.2,61.5,0.1,0.0,19.4,43.6
Karlsruher,Greuther Fürth,2025-04-20,15.6,55.0,0.7,0.0,23.4,58.7
Darmstadt 98,Hannover 96,2025-04-20,19.4,44.5,0.0,0.0,21.0,50.4
Köln,Preußen Münster,2025-04-20,18.4,61.5,0.6,0.0,8.1,33.1
Magdeburg,Jahn Regensburg,2025-04-20,18.2,52.0,0.0,0.0,3.6,15.5
Hertha BSC,Magdeburg,2025-04-25,11.9,58.0,0.0,0.0,13.0,28.8
Greuther Fürth,Ulm,2025-04-25,10.4,78.0,0.0,0.0,10.4,24.8
Preußen Münster,Darmstadt 98,2025-04-26,17.1,45.0,0.0,0.0,13.1,33.8
Paderborn 07,Elversberg,2025-04-26,16.8,44.7,0.0,0.0,14.4,33.5
Jahn Regensburg,BTSV,2025-04-26,15.7,51.3,0.0,0.0,16.3,37.1
Hannover 96,Köln,2025-04-27,17.8,30.5,0.0,0.0,9.9,29.2
Hamburger SV,Karlsruher,2025-04-27,16.8,33.0,0.0,0.0,11.1,29.9
Kaiserslautern,Schalke 04,2025-04-27,17.2,47.5,0.0,0.0,12.7,31.0
Schalke 04,Paderborn 07,2025-05-02,20.6,70.0,0.0,0.0,5.1,20.5
Magdeburg,Preußen Münster,2025-05-02,20.0,55.5,0.0,0.0,10.4,37.4
Ulm,Hannover 96,2025-05-03,19.1,65.7,0.3,0.0,20.0,54.0
Darmstadt 98,Hamburger SV,2025-05-03,23.1,47.0,0.0,0.0,19.5,53.3
BTSV,Düsseldorf,2025-05-03,16.9,51.0,0.2,0.0,4.6,23.0
Köln,Jahn Regensburg,2025-05-03,13.2,75.5,0.0,0.0,12.0,27.4
Nürnberg,Elversberg,2025-05-04,13.3,42.5,0.0,0.0,6.6,24.1
Karlsruher,Kaiserslautern,2025-05-04,13.2,54.5,0.0,0.0,5.7,23.4
Hertha BSC,Greuther Fürth,2025-05-04,13.2,46.5,0.0,0.0,20.2,50.0
Nürnberg,Köln,2025-05-09,13.2,29.0,0.0,0.0,12.7,37.4
Preußen Münster,Hertha BSC,2025-05-09,16.5,38.5,0.0,0.0,9.6,21.6
Paderborn 07,Magdeburg,2025-05-10,20.7,29.7,0.0,0.0,3.9,18.7
Hamburger SV,Ulm,2025-05-10,13.9,66.0,0.0,0.0,9.2,26.3
Hannover 96,Greuther Fürth,2025-05-11,22.0,28.5,0.0,0.0,13.0,36.4
Jahn Regensburg,Karlsruher,2025-05-11,20.4,37.5,0.0,0.0,11.4,30.6
Kaiserslautern,Darmstadt 98,2025-05-11,22.2,26.0,0.0,0.0,15.0,36.7
Darmstadt 98,Jahn Regensburg,2025-05-18,16.7,46.0,0.0,0.0,12.8,33.8
Schalke 04,Elversberg,2025-05-18,18.1,40.5,0.0,0.0,6.6,20.9
Karlsruher,Paderborn 07,2025-05-18,21.4,26.0,0.0,0.0,14.0,36.0
Ulm,Preußen Münster,2025-05-18,16.8,41.0,0.0,0.0,16.5,37.4
Greuther Fürth,Hamburger SV,2025-05-18,17.0,39.0,0.0,0.0,19.8,49.0
BTSV,Nürnberg,2025-05-18,16.6,43.5,0.0,0.0,18.1,42.1
Köln,Kaiserslautern,2025-05-18,17.6,40.5,0.0,0.0,6.0,23.4
Magdeburg,Düsseldorf,2025-05-18,17.4,36.0,0.0,0.0,22.6,51.5
Hertha BSC,Hannover 96,2025-05-18,12.4,65.0,0.5,0.0,15.1,43.2
Hamburger SV,Schalke 04,2023-07-28,16.9,92.0,0.0,0.0,6.3,11.5
Kaiserslautern,St Pauli,2023-07-29,23.8,56.0,0.4,0.0,21.6,52.2
Hannover 96,Elversberg,2023-07-29,23.4,60.0,0.1,0.0,17.5,41.4
Wehen Wiesbaden,Magdeburg,2023-07-29,23.8,62.7,0.1,0.0,16.8,41.0
Osnabrück,Karlsruher,2023-07-29,21.3,67.3,0.6,0.0,19.1,46.1
BTSV,Holstein Kiel,2023-07-30,20.8,52.0,0.0,0.0,23.4,49.0
Greuther Fürth,Paderborn 07,2023-07-30,21.6,60.5,0.3,0.0,22.3,48.6
Hansa Rostock,Nürnberg,2023-07-30,22.0,50.5,0.1,0.0,18.6,36.4
Paderborn 07,Osnabrück,2023-08-04,16.6,82.0,0.0,0.0,5.6,24.8
Hertha BSC,Wehen Wiesbaden,2023-08-04,18.6,73.0,0.0,0.0,5.5,13.0
St Pauli,Düsseldorf,2023-08-05,20.3,57.7,0.0,0.0,10.8,24.5
Holstein Kiel,Greuther Fürth,2023-08-05,20.2,58.0,0.0,0.0,9.4,22.3
Schalke 04,Kaiserslautern,2023-08-05,15.0,89.5,0.6,0.0,11.1,19.8
Karlsruher,Hamburger SV,2023-08-06,16.2,74.0,0.3,0.0,27.8,67.7
Magdeburg,BTSV,2023-08-06,20.2,63.0,0.3,0.0,10.0,27.4
Nürnberg,Hannover 96,2023-08-06,17.2,69.5,1.3,0.0,24.8,55.1
Wehen Wiesbaden,Karlsruher,2023-08-18,25.0,74.0,0.0,0.0,5.8,9.7
Kaiserslautern,Elversberg,2023-08-18,24.3,72.0,0.0,0.0,6.2,10.4
Hansa Rostock,Hannover 96,2023-08-19,29.0,56.7,0.0,0.0,14.7,30.6
Greuther Fürth,St Pauli,2023-08-19,31.1,43.0,0.0,0.0,7.2,20.5
Hamburger SV,Hertha BSC,2023-08-19,21.7,94.0,0.2,0.0,11.9,21.6
Holstein Kiel,Magdeburg,2023-08-20,24.0,55.5,0.0,0.0,14.6,29.9
BTSV,Schalke 04,2023-08-20,27.1,54.5,0.0,0.0,5.9,19.1
Osnabrück,Nürnberg,2023-08-20,25.6,57.0,0.0,0.0,9.8,24.5
Schalke 04,Holstein Kiel,2023-08-25,19.6,87.5,0.0,0.0,12.4,30.2
Paderborn 07,Kaiserslautern,2023-08-25,19.0,93.5,5.8,0.0,11.0,29.9
Hansa Rostock,Osnabrück,2023-08-26,20.6,64.0,0.3,0.0,18.6,40.0
Hertha BSC,Greuther Fürth,2023-08-26,24.6,52.7,0.1,0.0,19.9,42.1
Hannover 96,Hamburger SV,2023-08-26,15.6,74.5,0.0,0.0,7.0,12.2
St Pauli,Magdeburg,2023-08-27,18.6,73.5,1.8,0.0,11.4,25.6
Nürnberg,Wehen Wiesbaden,2023-08-27,18.6,73.0,0.1,0.0,7.4,25.9
Karlsruher,BTSV,2023-08-27,20.4,60.5,0.6,0.0,12.4,28.8
BTSV,St Pauli,2023-09-01,16.2,86.5,0.0,0.0,3.4,4.3
Wehen Wiesbaden,Schalke 04,2023-09-02,23.2,64.0,0.0,0.0,4.2,18.4
Holstein Kiel,Paderborn 07,2023-09-02,21.0,54.0,0.0,0.0,13.4,29.5
Magdeburg,Hertha BSC,2023-09-02,19.7,70.3,0.2,0.0,4.7,15.5
Kaiserslautern,Nürnberg,2023-09-02,17.6,88.5,0.0,0.0,6.4,15.5
Greuther Fürth,Hannover 96,2023-09-03,23.0,58.5,0.0,0.0,10.0,23.8
Hamburger SV,Hansa Rostock,2023-09-03,19.8,61.5,0.0,0.0,14.4,31.7
Osnabrück,Elversberg,2023-09-03,20.8,59.5,0.0,0.0,5.7,17.3
Paderborn 07,Wehen Wiesbaden,2023-09-15,16.2,77.0,0.0,0.0,8.2,15.5
Nürnberg,Greuther Fürth,2023-09-15,17.5,67.0,0.0,0.0,10.7,21.2
Karlsruher,Kaiserslautern,2023-09-16,28.4,44.0,0.0,0.0,6.0,19.8
Hansa Rostock,Düsseldorf,2023-09-16,22.8,56.3,0.0,0.0,12.9,26.3
Schalke 04,Magdeburg,2023-09-16,19.3,87.0,0.0,0.0,6.2,10.4
St Pauli,Holstein Kiel,2023-09-17,23.0,70.5,0.6,0.0,13.6,27.4
Hannover 96,Osnabrück,2023-09-17,25.7,61.5,0.0,0.0,11.2,28.1
Hertha BSC,BTSV,2023-09-17,26.9,45.0,0.0,0.0,4.1,14.0
Osnabrück,Hamburger SV,2023-09-22,13.6,77.5,0.0,0.0,5.6,14.4
Magdeburg,Paderborn 07,2023-09-22,15.9,73.5,0.0,0.0,9.6,18.0
Greuther Fürth,Karlsruher,2023-09-23,15.9,58.0,0.0,0.0,11.3,31.3
Wehen Wiesbaden,Elversberg,2023-09-23,17.7,50.7,0.1,0.0,14.8,38.9
BTSV,Nürnberg,2023-09-23,16.5,60.7,0.2,0.0,20.8,43.2
St Pauli,Schalke 04,2023-09-23,12.8,92.5,0.0,0.0,10.9,19.4
Holstein Kiel,Hertha BSC,2023-09-24,17.6,60.0,0.0,0.0,16.8,34.9
Kaiserslautern,Hansa Rostock,2023-09-24,18.4,48.0,0.0,0.0,12.4,29.5
Hamburger SV,Düsseldorf,2023-09-29,16.5,89.5,0.6,0.0,19.4,39.6
Paderborn 07,Schalke 04,2023-09-29,17.1,88.5,0.7,0.0,21.1,43.2
Hannover 96,Wehen Wiesbaden,2023-09-30,18.7,56.7,0.0,0.0,14.5,36.4
Hansa Rostock,BTSV,2023-09-30,17.8,65.3,0.0,0.0,24.8,50.4
Karlsruher,Holstein Kiel,2023-09-30,21.1,52.3,0.0,0.0,6.1,18.7
Hertha BSC,St Pauli,2023-09-30,13.6,76.0,0.0,0.0,9.2,16.6
Osnabrück,Kaiserslautern,2023-10-01,20.8,64.5,0.0,0.0,17.5,38.2
Nürnberg,Magdeburg,2023-10-01,21.0,52.0,0.0,0.0,5.8,16.6
Kaiserslautern,Hannover 96,2023-10-06,12.1,84.5,0.0,0.0,9.0,16.9
Greuther Fürth,Hansa Rostock,2023-10-07,17.6,66.0,0.0,0.0,14.5,36.0
Magdeburg,Karlsruher,2023-10-07,18.9,74.3,0.1,0.0,26.4,60.8
Wehen Wiesbaden,Hamburger SV,2023-10-07,19.8,62.3,0.0,0.0,13.9,28.8
St Pauli,Nürnberg,2023-10-07,11.9,90.0,0.3,0.0,8.9,18.7
Schalke 04,Hertha BSC,2023-10-08,16.2,78.0,0.0,0.0,7.8,19.1
Holstein Kiel,Elversberg,2023-10-08,12.7,58.5,0.0,0.0,3.2,14.8
BTSV,Paderborn 07,2023-10-08,15.0,58.0,0.0,0.0,3.5,15.1
Hannover 96,Magdeburg,2023-10-20,7.1,94.5,1.1,0.0,21.2,47.5
Paderborn 07,St Pauli,2023-10-21,16.3,59.7,0.0,0.0,21.0,43.9
Hamburger SV,Greuther Fürth,2023-10-21,12.2,91.7,0.2,0.0,8.8,25.9
Osnabrück,Wehen Wiesbaden,2023-10-21,15.6,66.3,0.1,0.0,21.7,46.8
Karlsruher,Schalke 04,2023-10-22,16.7,54.0,0.0,0.0,16.7,38.2
Hansa Rostock,Holstein Kiel,2023-10-22,14.3,72.5,0.0,0.0,19.2,40.3
Nürnberg,Hertha BSC,2023-10-22,15.5,53.5,0.0,0.0,14.6,32.8
Greuther Fürth,Osnabrück,2023-10-27,10.0,83.0,0.0,0.0,13.2,28.1
BTSV,Düsseldorf,2023-10-27,9.2,95.5,1.7,0.0,6.2,11.9
St Pauli,Karlsruher,2023-10-28,10.7,90.7,1.7,0.0,11.8,24.1
Schalke 04,Hannover 96,2023-10-28,13.4,76.7,0.1,0.0,20.3,41.4
Hertha BSC,Paderborn 07,2023-10-28,11.8,84.0,1.6,0.0,6.7,19.8
Kaiserslautern,Hamburger SV,2023-10-28,11.0,82.5,0.1,0.0,15.8,30.2
Wehen Wiesbaden,Hansa Rostock,2023-10-29,13.9,90.5,1.1,0.0,14.4,41.0
Holstein Kiel,Nürnberg,2023-10-29,14.4,67.5,0.0,0.0,23.0,50.4
Magdeburg,Elversberg,2023-10-29,15.9,68.5,0.1,0.0,22.8,44.6
Nürnberg,Schalke 04,2023-11-04,10.4,60.0,0.0,0.0,16.1,34.6
Kaiserslautern,Greuther Fürth,2023-11-04,7.8,85.3,2.2,0.0,23.9,52.6
Osnabrück,Holstein Kiel,2023-11-04,10.4,71.7,0.3,0.0,22.6,53.6
Hamburger SV,Magdeburg,2023-11-04,8.1,84.0,0.9,0.0,24.4,47.5
Karlsruher,Paderborn 07,2023-11-05,11.6,80.5,1.4,0.0,30.6,66.6
Hannover 96,BTSV,2023-11-05,11.8,82.0,0.7,0.0,13.9,33.8
Hansa Rostock,Hertha BSC,2023-11-05,10.4,88.5,0.8,0.0,13.8,27.4
St Pauli,Hannover 96,2023-11-10,7.4,86.5,1.1,0.0,12.2,22.7
Schalke 04,Elversberg,2023-11-10,7.4,87.0,0.1,0.0,14.0,28.1
BTSV,Osnabrück,2023-11-11,7.1,83.0,1.0,0.0,17.2,35.6
Paderborn 07,Nürnberg,2023-11-11,6.3,89.0,1.9,0.0,20.0,40.7
Holstein Kiel,Hamburger SV,2023-11-11,7.9,87.0,0.1,0.0,8.2,20.5
Hertha BSC,Karlsruher,2023-11-11,4.9,94.5,0.0,0.0,10.5,19.8
Wehen Wiesbaden,Kaiserslautern,2023-11-12,8.0,77.5,0.0,0.0,6.7,16.9
Greuther Fürth,Düsseldorf,2023-11-12,7.9,67.5,0.0,0.0,7.1,16.6
Magdeburg,Hansa Rostock,2023-11-12,8.4,77.0,0.1,0.0,9.9,26.3
Hannover 96,Hertha BSC,2023-11-24,3.1,87.0,0.3,0.0,27.6,52.6
Hamburger SV,BTSV,2023-11-24,2.4,85.0,0.1,0.0,22.8,45.4
Osnabrück,Magdeburg,2023-11-25,5.4,81.3,0.0,0.0,16.5,40.3
Hansa Rostock,St Pauli,2023-11-25,3.8,75.3,0.4,0.1,17.5,34.2
Karlsruher,Nürnberg,2023-11-26,5.3,82.0,0.6,0.0,16.3,34.9
Kaiserslautern,Holstein Kiel,2023-11-26,4.0,85.0,0.1,0.0,15.6,36.4
Greuther Fürth,Wehen Wiesbaden,2023-11-26,3.2,72.5,0.0,0.0,15.1,34.6
Schalke 04,Osnabrück,2023-12-01,-2.0,81.0,0.0,0.0,11.3,20.2
St Pauli,Hamburger SV,2023-12-01,-3.1,94.0,0.1,0.1,4.6,10.1
Nürnberg,Düsseldorf,2023-12-02,-2.5,78.7,0.1,0.1,12.5,30.2
Holstein Kiel,Wehen Wiesbaden,2023-12-02,-0.9,90.0,0.2,0.1,4.9,10.8
BTSV,Greuther Fürth,2023-12-02,-1.1,85.3,0.2,0.1,10.8,23.0
Magdeburg,Kaiserslautern,2023-12-02,-2.0,93.0,0.0,0.0,7.9,16.2
Paderborn 07,Hannover 96,2023-12-03,1.0,76.5,0.0,0.0,10.2,28.8
Hertha BSC,Elversberg,2023-12-03,-1.7,84.0,0.0,0.0,7.0,22.0
Karlsruher,Hansa Rostock,2023-12-03,0.8,68.0,0.0,0.0,6.1,21.6
Wehen Wiesbaden,BTSV,2023-12-08,2.2,97.0,0.0,0.0,4.7,9.4
Hannover 96,Karlsruher,2023-12-08,3.4,91.0,0.1,0.0,8.9,16.6
Greuther Fürth,Magdeburg,2023-12-09,4.5,94.0,0.0,0.0,12.6,24.8
Kaiserslautern,Hertha BSC,2023-12-09,5.9,91.3,2.2,0.0,18.1,43.6
Hamburger SV,Paderborn 07,2023-12-09,4.8,93.3,0.0,0.0,14.9,30.2
Osnabrück,St Pauli,2023-12-09,6.7,90.5,0.3,0.0,22.4,51.5
Hansa Rostock,Schalke 04,2023-12-10,5.4,95.0,0.0,0.0,10.9,20.5
Paderborn 07,Hansa Rostock,2023-12-15,5.2,96.5,0.0,0.0,13.9,25.6
Schalke 04,Greuther Fürth,2023-12-15,4.4,93.0,0.0,0.0,11.4,19.8
Hertha BSC,Osnabrück,2023-12-16,7.4,78.0,0.0,0.0,17.4,33.8
Magdeburg,Düsseldorf,2023-12-16,8.6,69.3,0.0,0.0,17.1,36.0
Nürnberg,Hamburger SV,2023-12-16,5.7,80.3,0.0,0.0,8.8,20.9
Holstein Kiel,Hannover 96,2023-12-16,8.2,94.5,0.0,0.0,31.4,56.5
Karlsruher,Elversberg,2023-12-17,4.9,86.5,0.0,0.0,4.8,12.6
BTSV,Kaiserslautern,2023-12-17,9.2,76.5,0.0,0.0,20.2,41.8
St Pauli,Wehen Wiesbaden,2023-12-17,9.2,84.0,0.0,0.0,25.6,46.4
Karlsruher,Osnabrück,2024-01-19,-4.2,88.5,0.0,0.0,8.1,10.4
Holstein Kiel,BTSV,2024-01-19,1.6,88.5,3.0,1.8,29.6,56.9
St Pauli,Kaiserslautern,2024-01-20,2.9,79.3,0.0,0.0,24.5,49.0
Nürnberg,Hansa Rostock,2024-01-20,0.6,59.3,0.0,0.0,4.9,15.8
Schalke 04,Hamburger SV,2024-01-20,-0.9,55.0,0.0,0.0,15.4,25.9
Magdeburg,Wehen Wiesbaden,2024-01-21,2.8,45.5,0.0,0.0,23.4,47.2
Hertha BSC,Düsseldorf,2024-01-21,2.7,44.0,0.0,0.0,22.8,42.1
Paderborn 07,Greuther Fürth,2024-01-21,4.1,62.5,0.0,0.0,22.7,51.1
Kaiserslautern,Schalke 04,2024-01-26,3.2,86.5,0.0,0.0,8.8,27.7
Hannover 96,Nürnberg,2024-01-26,5.0,82.5,0.0,0.0,22.2,45.4
Wehen Wiesbaden,Hertha BSC,2024-01-27,5.9,69.3,0.0,0.0,3.3,12.6
Hansa Rostock,Elversberg,2024-01-27,6.7,81.3,0.0,0.0,24.0,46.1
Osnabrück,Paderborn 07,2024-01-27,6.3,72.3,0.0,0.0,13.9,31.3
Hamburger SV,Karlsruher,2024-01-28,7.0,68.0,0.0,0.0,11.2,24.8
Greuther Fürth,Holstein Kiel,2024-01-28,8.2,45.5,0.0,0.0,8.2,21.6
BTSV,Magdeburg,2024-01-28,8.3,69.0,0.0,0.0,5.7,12.2
Magdeburg,Holstein Kiel,2024-02-02,7.8,82.5,0.1,0.0,24.0,46.8
Karlsruher,Wehen Wiesbaden,2024-02-02,8.1,75.5,0.0,0.0,22.8,43.9
Schalke 04,BTSV,2024-02-03,9.6,93.3,0.5,0.0,23.8,42.1
Nürnberg,Osnabrück,2024-02-03,7.0,82.3,0.1,0.0,19.9,40.7
St Pauli,Greuther Fürth,2024-02-03,10.3,82.7,0.3,0.0,28.8,54.7
Hertha BSC,Hamburger SV,2024-02-03,8.0,89.0,0.1,0.0,20.4,38.2
Paderborn 07,Düsseldorf,2024-02-04,8.9,95.5,2.3,0.0,24.0,50.0
Hannover 96,Hansa Rostock,2024-02-04,8.8,72.5,0.0,0.0,27.4,55.1
Wehen Wiesbaden,Nürnberg,2024-02-09,9.6,94.0,1.1,0.0,5.4,13.7
Hamburger SV,Hannover 96,2024-02-09,3.8,99.0,0.4,0.0,10.4,20.2
Magdeburg,St Pauli,2024-02-10,13.3,74.7,0.0,0.0,6.1,18.7
BTSV,Karlsruher,2024-02-10,13.4,71.7,0.1,0.0,9.0,20.9
Kaiserslautern,Paderborn 07,2024-02-10,8.2,97.0,0.4,0.0,4.2,8.6
Osnabrück,Hansa Rostock,2024-02-11,8.4,93.5,0.2,0.0,9.7,24.8
Holstein Kiel,Schalke 04,2024-02-11,3.6,91.5,0.0,0.0,18.5,33.8
Greuther Fürth,Hertha BSC,2024-02-11,7.5,88.5,0.7,0.0,16.4,32.8
Hannover 96,Greuther Fürth,2024-02-16,12.2,87.0,0.1,0.0,16.8,33.5
Hertha BSC,Magdeburg,2024-02-16,12.5,82.0,0.1,0.0,15.6,27.7
Paderborn 07,Holstein Kiel,2024-02-17,10.3,85.7,0.5,0.0,14.3,30.2
Schalke 04,Wehen Wiesbaden,2024-02-17,10.8,86.0,0.4,0.0,12.2,24.8
Hansa Rostock,Hamburger SV,2024-02-17,6.5,79.3,0.0,0.0,20.2,41.4
Karlsruher,Düsseldorf,2024-02-17,6.8,91.5,0.0,0.0,6.8,12.6
Nürnberg,Kaiserslautern,2024-02-18,12.4,55.5,0.0,0.0,13.2,27.7
St Pauli,BTSV,2024-02-18,8.6,89.0,1.8,0.0,17.0,30.2
Wehen Wiesbaden,Paderborn 07,2024-02-23,5.1,81.0,1.0,0.0,4.6,11.9
Holstein Kiel,St Pauli,2024-02-23,6.5,56.5,0.0,0.0,23.2,42.8
Osnabrück,Hannover 96,2024-02-24,6.2,77.0,0.8,0.0,18.2,42.1
BTSV,Hertha BSC,2024-02-24,8.2,60.7,0.1,0.0,21.9,45.4
Kaiserslautern,Karlsruher,2024-02-24,5.8,68.7,0.0,0.0,20.4,47.2
Magdeburg,Schalke 04,2024-02-24,3.6,77.0,0.0,0.0,10.1,18.7
Greuther Fürth,Nürnberg,2024-02-25,10.0,49.0,0.6,0.0,9.5,28.1
Hamburger SV,Elversberg,2024-02-25,6.6,76.5,0.3,0.0,16.6,40.3
Schalke 04,St Pauli,2024-03-01,8.1,62.0,0.0,0.0,18.4,32.8
Hertha BSC,Holstein Kiel,2024-03-01,6.8,90.5,0.0,0.0,7.5,16.2
Hansa Rostock,Kaiserslautern,2024-03-02,10.8,81.3,0.1,0.0,13.6,29.2
Nürnberg,BTSV,2024-03-02,12.5,59.0,0.0,0.0,11.1,28.4
Hannover 96,Düsseldorf,2024-03-02,13.5,60.7,0.0,0.0,14.7,31.3
Karlsruher,Greuther Fürth,2024-03-02,10.4,66.5,0.0,0.0,16.0,30.2
Hamburger SV,Osnabrück,2024-03-03,13.1,69.5,0.0,0.0,18.4,38.9
Paderborn 07,Magdeburg,2024-03-03,15.2,57.0,0.0,0.0,10.8,22.7
BTSV,Hansa Rostock,2024-03-08,4.8,66.5,0.0,0.0,15.3,28.8
Schalke 04,Paderborn 07,2024-03-09,13.6,59.3,0.0,0.0,12.5,28.1
Holstein Kiel,Karlsruher,2024-03-09,8.2,65.7,0.0,0.0,23.5,47.5
Wehen Wiesbaden,Hannover 96,2024-03-09,11.4,61.7,0.0,0.0,11.9,28.1
Magdeburg,Nürnberg,2024-03-09,4.4,84.0,0.0,0.0,9.4,19.1
St Pauli,Hertha BSC,2024-03-10,11.8,62.0,0.0,0.0,25.2,45.7
Greuther Fürth,Elversberg,2024-03-10,14.4,52.0,0.0,0.0,18.5,38.2
Kaiserslautern,Osnabrück,2024-03-10,12.2,59.5,0.0,0.0,3.6,16.9
Osnabrück,Düsseldorf,2024-03-15,10.8,89.0,0.0,0.0,16.2,34.2
Paderborn 07,BTSV,2024-03-15,11.4,81.0,0.0,0.0,15.4,32.4
Nürnberg,St Pauli,2024-03-16,12.4,67.7,0.6,0.0,20.6,44.6
Hansa Rostock,Greuther Fürth,2024-03-16,9.1,60.0,0.0,0.0,29.3,56.5
Hannover 96,Kaiserslautern,2024-03-16,5.1,77.0,0.0,0.0,8.4,14.8
Hamburger SV,Wehen Wiesbaden,2024-03-17,8.7,49.5,0.0,0.0,6.6,18.4
Hertha BSC,Schalke 04,2024-03-17,8.4,52.0,0.0,0.0,13.4,29.5
Karlsruher,Magdeburg,2024-03-17,13.6,63.0,0.0,0.0,5.9,17.6
Holstein Kiel,Hansa Rostock,2024-03-30,18.3,64.3,0.0,0.0,16.5,34.9
BTSV,Elversberg,2024-03-30,19.8,57.0,0.0,0.0,7.8,20.5
Kaiserslautern,Düsseldorf,2024-03-30,14.9,61.0,0.0,0.0,20.0,48.2
Hertha BSC,Nürnberg,2024-03-30,13.4,73.0,0.0,0.0,10.4,17.6
St Pauli,Paderborn 07,2024-03-31,13.2,76.0,0.0,0.0,5.1,19.1
Wehen Wiesbaden,Osnabrück,2024-03-31,17.0,60.5,0.0,0.0,13.4,28.1
Greuther Fürth,Hamburger SV,2024-03-31,18.6,53.0,0.0,0.0,9.9,25.6
Magdeburg,Hannover 96,2024-03-31,17.4,63.5,0.0,0.0,6.2,18.7
Schalke 04,Karlsruher,2024-03-31,16.9,53.5,0.0,0.0,20.5,40.0
Paderborn 07,Hertha BSC,2024-04-05,14.4,78.5,0.0,0.0,19.0,43.2
Hansa Rostock,Wehen Wiesbaden,2024-04-05,13.2,85.0,0.0,0.0,26.7,47.5
Hamburger SV,Kaiserslautern,2024-04-06,20.7,61.3,0.0,0.0,15.7,40.0
Nürnberg,Holstein Kiel,2024-04-06,24.6,35.7,0.0,0.0,10.3,25.2
Karlsruher,St Pauli,2024-04-06,12.4,86.0,0.0,0.0,3.8,9.0
Hannover 96,Schalke 04,2024-04-07,22.0,43.5,0.0,0.0,20.0,41.4
Osnabrück,Greuther Fürth,2024-04-07,20.6,45.0,0.0,0.0,21.8,47.5
Greuther Fürth,Kaiserslautern,2024-04-12,13.8,67.5,0.0,0.0,8.0,13.7
Hertha BSC,Hansa Rostock,2024-04-12,16.5,73.5,0.0,0.0,14.2,29.2
Paderborn 07,Karlsruher,2024-04-13,21.0,56.3,0.0,0.0,18.8,42.1
Wehen Wiesbaden,Düsseldorf,2024-04-13,20.8,63.0,0.0,0.0,9.9,23.0
Holstein Kiel,Osnabrück,2024-04-13,17.2,61.7,0.0,0.0,24.2,50.4
Schalke 04,Nürnberg,2024-04-13,17.5,73.5,0.0,0.0,19.1,33.5
BTSV,Hannover 96,2024-04-14,15.0,38.5,0.0,0.0,22.5,49.0
Magdeburg,Hamburger SV,2024-04-14,15.0,41.5,0.0,0.0,21.2,45.4
St Pauli,Elversberg,2024-04-14,12.9,47.0,0.0,0.0,28.2,52.6
Nürnberg,Paderborn 07,2024-04-19,4.8,92.0,0.7,0.0,21.7,46.4
Kaiserslautern,Wehen Wiesbaden,2024-04-20,7.7,67.7,1.7,0.0,15.6,39.2
Osnabrück,BTSV,2024-04-20,7.5,77.0,2.1,0.2,12.1,31.3
Hamburger SV,Holstein Kiel,2024-04-20,4.6,77.5,0.1,0.0,11.6,25.9
Hannover 96,St Pauli,2024-04-21,8.8,40.5,0.0,0.0,16.5,36.4
Karlsruher,Hertha BSC,2024-04-21,7.8,65.5,0.7,0.1,15.5,34.9
Hansa Rostock,Magdeburg,2024-04-21,6.3,74.5,0.3,0.0,19.6,41.0
St Pauli,Hansa Rostock,2024-04-26,7.6,78.5,0.0,0.0,7.4,14.4
Hertha BSC,Hannover 96,2024-04-26,10.2,61.5,0.0,0.0,8.8,16.2
BTSV,Hamburger SV,2024-04-27,17.5,47.3,0.0,0.0,16.1,42.5
Paderborn 07,Elversberg,2024-04-27,17.6,51.3,0.0,0.0,18.3,42.1
Holstein Kiel,Kaiserslautern,2024-04-27,16.3,52.7,0.1,0.0,17.0,39.6
Schalke 04,Düsseldorf,2024-04-27,13.2,69.0,0.2,0.0,10.4,25.9
Magdeburg,Osnabrück,2024-04-28,22.8,41.5,0.0,0.0,14.8,32.8
Nürnberg,Karlsruher,2024-04-28,22.0,38.0,0.0,0.0,14.4,33.8
Wehen Wiesbaden,Greuther Fürth,2024-04-28,13.8,73.5,0.5,0.0,17.2,32.0
Hamburger SV,St Pauli,2024-05-03,15.3,69.0,0.0,0.0,14.0,32.4
Greuther Fürth,BTSV,2024-05-04,16.6,53.3,0.0,0.0,9.1,24.1
Hansa Rostock,Karlsruher,2024-05-04,14.5,77.3,0.0,0.0,7.5,23.0
Kaiserslautern,Magdeburg,2024-05-04,11.9,79.5,1.2,0.0,11.0,23.4
Hannover 96,Paderborn 07,2024-05-05,14.8,61.5,0.1,0.0,25.2,52.6
Wehen Wiesbaden,Holstein Kiel,2024-05-05,16.9,61.5,0.2,0.0,14.6,31.0
Osnabrück,Schalke 04,2024-05-07,11.9,77.0,0.0,0.0,15.2,30.6
Magdeburg,Greuther Fürth,2024-05-10,17.2,65.5,0.0,0.0,5.8,9.7
Paderborn 07,Hamburger SV,2024-05-10,17.0,68.0,0.0,0.0,5.8,11.2
Schalke 04,Hansa Rostock,2024-05-11,21.9,53.3,0.0,0.0,11.8,25.9
Nürnberg,Elversberg,2024-05-11,21.9,34.7,0.0,0.0,6.7,21.2
Hertha BSC,Kaiserslautern,2024-05-11,18.6,54.7,0.1,0.0,10.7,25.9
Holstein Kiel,Düsseldorf,2024-05-11,10.8,88.0,0.0,0.0,8.6,14.4
Karlsruher,Hannover 96,2024-05-12,25.0,39.5,0.0,0.0,10.4,25.9
St Pauli,Osnabrück,2024-05-12,19.6,44.5,0.0,0.0,17.0,34.9
BTSV,Wehen Wiesbaden,2024-05-12,20.2,44.5,0.0,0.0,15.0,34.9
Hamburger SV,Nürnberg,2024-05-19,18.2,67.0,0.1,0.0,14.6,35.3
Greuther Fürth,Schalke 04,2024-05-19,17.5,65.5,4.5,0.0,7.6,25.6
Osnabrück,Hertha BSC,2024-05-19,19.0,51.0,0.0,0.0,12.1,29.5
Wehen Wiesbaden,St Pauli,2024-05-19,17.2,74.0,2.3,0.0,10.2,26.3
Hannover 96,Holstein Kiel,2024-05-19,18.4,65.0,0.0,0.0,4.1,15.8
Hansa Rostock,Paderborn 07,2024-05-19,18.2,70.0,0.2,0.0,10.1,24.1
Kaiserslautern,BTSV,2024-05-19,16.6,69.5,0.1,0.0,11.2,34.9
Kaiserslautern,Hannover 96,2022-07-15,17.2,42.5,0.0,0.0,9.9,23.0
Jahn Regensburg,Darmstadt 98,2022-07-16,21.8,40.3,0.0,0.0,19.1,44.3
St Pauli,Nürnberg,2022-07-16,18.3,48.3,0.0,0.0,27.1,52.9
Greuther Fürth,Holstein Kiel,2022-07-16,22.5,37.0,0.0,0.0,17.6,38.5
Magdeburg,Düsseldorf,2022-07-16,15.9,50.5,0.0,0.0,13.4,24.8
BTSV,Hamburger SV,2022-07-17,22.5,37.0,0.0,0.0,8.4,23.0
Hansa Rostock,Heidenheim,2022-07-17,20.0,52.5,0.0,0.0,18.4,38.5
Paderborn 07,Karlsruher,2022-07-17,23.8,29.0,0.0,0.0,4.9,19.4
Darmstadt 98,Sandhausen,2022-07-22,26.0,47.5,0.0,0.0,6.6,18.4
Heidenheim,BTSV,2022-07-23,24.2,57.0,0.4,0.0,9.1,32.8
Nürnberg,Greuther Fürth,2022-07-23,27.0,42.3,0.1,0.0,14.6,41.8
Holstein Kiel,Kaiserslautern,2022-07-23,17.3,64.3,0.2,0.0,21.7,43.9
Hannover 96,St Pauli,2022-07-23,17.1,66.0,0.0,0.0,8.8,18.7
Karlsruher,Magdeburg,2022-07-24,31.4,29.5,0.0,0.0,3.0,21.6
Hamburger SV,Hansa Rostock,2022-07-24,27.6,37.5,0.0,0.0,18.2,40.7
Arminia,Jahn Regensburg,2022-07-24,28.0,42.0,0.0,0.0,13.7,31.7
Greuther Fürth,Karlsruher,2022-08-05,25.4,55.0,0.0,0.0,19.4,39.2
Jahn Regensburg,Nürnberg,2022-08-06,19.8,45.0,0.0,0.0,8.2,22.7
Hamburger SV,Heidenheim,2022-08-06,20.5,43.0,0.0,0.0,16.0,37.8
Paderborn 07,Hannover 96,2022-08-06,19.7,43.7,0.0,0.0,5.8,22.0
Hansa Rostock,Arminia,2022-08-06,16.1,63.0,0.0,0.0,10.3,18.7
BTSV,Darmstadt 98,2022-08-07,23.6,32.0,0.0,0.0,2.0,11.9
Kaiserslautern,St Pauli,2022-08-07,25.8,26.0,0.0,0.0,13.2,33.1
Magdeburg,Holstein Kiel,2022-08-07,24.2,29.0,0.0,0.0,4.3,16.2
Kaiserslautern,Paderborn 07,2022-08-12,25.6,26.5,0.0,0.0,12.0,37.8
Nürnberg,Heidenheim,2022-08-12,22.3,40.5,0.0,0.0,12.0,32.4
Karlsruher,Sandhausen,2022-08-13,30.1,24.0,0.0,0.0,10.3,32.8
Holstein Kiel,BTSV,2022-08-13,28.1,35.3,0.0,0.0,18.7,43.2
Arminia,Hamburger SV,2022-08-13,30.5,28.3,0.0,0.0,13.0,33.1
Darmstadt 98,Hansa Rostock,2022-08-13,24.7,37.5,0.0,0.0,10.1,21.2
St Pauli,Magdeburg,2022-08-14,30.8,40.0,0.0,0.0,15.6,38.2
Hannover 96,Jahn Regensburg,2022-08-14,31.0,37.0,0.0,0.0,16.0,38.2
Magdeburg,Hannover 96,2022-08-19,21.1,74.5,0.0,0.0,6.8,24.1
Hamburger SV,Darmstadt 98,2022-08-19,21.1,68.0,0.0,0.0,9.8,22.7
Jahn Regensburg,Karlsruher,2022-08-20,22.3,72.0,0.9,0.0,10.3,27.4
Paderborn 07,Holstein Kiel,2022-08-20,23.9,51.7,0.9,0.0,12.6,32.0
BTSV,Düsseldorf,2022-08-20,18.6,75.5,0.0,0.0,6.6,9.0
Heidenheim,Arminia,2022-08-21,23.1,45.0,0.0,0.0,6.6,20.2
Greuther Fürth,Kaiserslautern,2022-08-21,24.2,48.5,0.0,0.0,7.2,19.1
Hansa Rostock,St Pauli,2022-08-21,22.2,52.0,0.0,0.0,8.3,19.8
Arminia,BTSV,2022-08-26,21.2,84.0,0.0,0.0,10.5,23.8
St Pauli,Paderborn 07,2022-08-27,21.8,62.3,0.0,0.0,11.1,29.2
Karlsruher,Hansa Rostock,2022-08-27,22.4,73.3,0.5,0.0,3.9,19.4
Darmstadt 98,Heidenheim,2022-08-27,23.2,62.0,0.2,0.0,7.4,22.0
Nürnberg,Hamburger SV,2022-08-27,17.9,94.0,0.1,0.0,7.0,13.7
Hannover 96,Greuther Fürth,2022-08-28,22.0,41.0,0.0,0.0,17.9,38.2
Holstein Kiel,Sandhausen,2022-08-28,21.8,49.0,0.0,0.0,18.8,39.6
Kaiserslautern,Magdeburg,2022-08-28,24.0,48.5,0.0,0.0,8.2,23.8
BTSV,Nürnberg,2022-09-02,18.6,44.5,0.0,0.0,14.2,32.0
Heidenheim,Düsseldorf,2022-09-02,15.8,56.5,0.0,0.0,11.1,22.7
Jahn Regensburg,Holstein Kiel,2022-09-03,23.8,33.7,0.0,0.0,15.5,37.4
Greuther Fürth,St Pauli,2022-09-03,20.9,56.3,0.0,0.0,8.8,28.1
Paderborn 07,Magdeburg,2022-09-03,22.9,43.3,0.0,0.0,17.1,37.1
Hamburger SV,Karlsruher,2022-09-03,17.8,48.0,0.0,0.0,17.0,31.7
Darmstadt 98,Arminia,2022-09-04,24.8,51.5,0.2,0.0,6.9,19.1
Hansa Rostock,Hannover 96,2022-09-04,22.0,40.5,0.0,0.0,16.4,34.2
Holstein Kiel,Hamburger SV,2022-09-09,14.8,90.0,0.0,0.0,8.6,15.5
Nürnberg,Arminia,2022-09-09,15.0,84.0,3.6,0.0,3.6,18.0
Karlsruher,Heidenheim,2022-09-10,18.6,64.7,0.4,0.0,25.2,52.6
Paderborn 07,Jahn Regensburg,2022-09-10,17.9,64.0,0.2,0.0,15.0,36.7
Hannover 96,BTSV,2022-09-10,17.9,71.0,0.4,0.0,7.1,25.6
St Pauli,Sandhausen,2022-09-11,19.0,64.0,0.4,0.0,11.4,24.1
Kaiserslautern,Darmstadt 98,2022-09-11,18.8,67.0,0.0,0.0,5.6,22.7
Magdeburg,Greuther Fürth,2022-09-11,20.2,56.0,0.1,0.0,13.6,28.8
BTSV,Karlsruher,2022-09-16,13.5,57.5,0.1,0.0,22.6,46.4
Arminia,Holstein Kiel,2022-09-17,12.4,66.0,0.8,0.0,27.9,60.1
Darmstadt 98,Nürnberg,2022-09-17,14.7,56.3,0.0,0.0,19.0,45.7
Hansa Rostock,Magdeburg,2022-09-17,12.6,81.0,0.3,0.0,16.0,34.6
Hamburger SV,Düsseldorf,2022-09-17,10.4,89.5,0.0,0.0,17.6,33.1
Greuther Fürth,Paderborn 07,2022-09-18,10.8,79.0,2.7,0.0,21.2,43.2
Heidenheim,Kaiserslautern,2022-09-18,10.4,72.0,0.4,0.0,26.2,55.4
Jahn Regensburg,St Pauli,2022-09-18,9.7,90.5,2.6,0.0,18.3,41.4
Hannover 96,Hamburger SV,2022-09-30,9.9,72.0,0.0,0.0,8.6,14.4
Paderborn 07,Darmstadt 98,2022-09-30,10.5,63.5,0.0,0.0,13.8,28.1
Greuther Fürth,Sandhausen,2022-10-01,12.2,83.7,1.8,0.0,21.3,45.7
Holstein Kiel,Hansa Rostock,2022-10-01,14.9,75.0,0.2,0.0,21.5,45.7
St Pauli,Heidenheim,2022-10-01,10.8,91.5,0.1,0.0,17.2,32.4
Kaiserslautern,BTSV,2022-10-02,13.2,88.0,1.7,0.0,5.0,33.8
Karlsruher,Nürnberg,2022-10-02,14.3,91.0,6.2,0.0,4.6,26.3
Magdeburg,Jahn Regensburg,2022-10-02,15.8,65.0,0.3,0.0,20.6,44.6
Arminia,Karlsruher,2022-10-07,11.7,74.5,0.0,0.0,11.8,23.8
Jahn Regensburg,Greuther Fürth,2022-10-07,11.5,78.5,0.0,0.0,9.0,19.1
Darmstadt 98,Düsseldorf,2022-10-08,14.9,69.0,0.0,0.0,7.7,24.8
BTSV,St Pauli,2022-10-08,14.8,63.0,0.7,0.0,20.3,45.4
Hansa Rostock,Paderborn 07,2022-10-08,13.2,73.0,0.7,0.0,22.4,45.4
Hamburger SV,Kaiserslautern,2022-10-08,9.8,79.0,0.0,0.0,11.2,24.8
Heidenheim,Hannover 96,2022-10-09,13.4,65.5,0.0,0.0,17.0,38.2
Nürnberg,Holstein Kiel,2022-10-09,15.8,53.0,0.0,0.0,12.4,28.8
St Pauli,Hamburger SV,2022-10-14,13.6,86.0,2.3,0.0,12.9,24.1
Greuther Fürth,Hansa Rostock,2022-10-14,13.8,92.5,0.5,0.0,11.0,22.0
Magdeburg,BTSV,2022-10-15,18.5,65.7,0.0,0.0,12.2,28.1
Karlsruher,Darmstadt 98,2022-10-15,18.4,76.3,4.5,0.0,18.7,45.0
Hannover 96,Arminia,2022-10-15,15.8,87.5,0.1,0.0,14.8,27.4
Kaiserslautern,Jahn Regensburg,2022-10-16,19.8,73.5,0.1,0.0,8.9,24.1
Holstein Kiel,Heidenheim,2022-10-16,16.0,68.0,0.1,0.0,26.4,50.8
Paderborn 07,Sandhausen,2022-10-16,18.0,57.0,0.0,0.0,14.8,31.7
Hansa Rostock,Kaiserslautern,2022-10-21,11.8,95.0,0.0,0.0,10.1,18.0
Darmstadt 98,Holstein Kiel,2022-10-21,15.1,87.0,0.0,0.0,13.2,32.4
BTSV,Paderborn 07,2022-10-22,18.0,75.3,2.3,0.0,13.6,32.4
Nürnberg,Hannover 96,2022-10-22,16.8,68.7,0.0,0.0,8.6,30.2
Jahn Regensburg,Sandhausen,2022-10-22,18.0,70.7,0.1,0.0,16.9,37.4
Arminia,St Pauli,2022-10-22,10.7,94.0,0.0,0.0,7.2,15.8
Heidenheim,Greuther Fürth,2022-10-23,16.8,70.5,0.1,0.0,7.5,21.2
Hamburger SV,Magdeburg,2022-10-23,16.3,86.0,0.0,0.0,13.4,27.0
Karlsruher,Düsseldorf,2022-10-23,20.8,71.0,0.0,0.0,4.6,13.0
Magdeburg,Heidenheim,2022-10-28,17.0,72.5,0.0,0.0,8.2,16.9
Greuther Fürth,Arminia,2022-10-28,15.8,77.0,0.0,0.0,10.4,23.0
Holstein Kiel,Düsseldorf,2022-10-29,15.2,80.0,0.0,0.0,13.2,33.1
Kaiserslautern,Nürnberg,2022-10-29,21.6,59.3,0.0,0.0,9.8,22.3
Jahn Regensburg,Hansa Rostock,2022-10-29,20.4,70.7,0.0,0.0,8.8,24.5
St Pauli,Darmstadt 98,2022-10-29,14.6,94.5,0.0,0.0,9.0,15.8
Paderborn 07,Hamburger SV,2022-10-30,22.1,69.5,0.0,0.0,4.8,14.8
Hannover 96,Karlsruher,2022-10-30,21.4,62.5,0.0,0.0,2.5,11.2
Hansa Rostock,Sandhausen,2022-11-04,9.2,89.5,0.0,0.0,8.3,15.8
Darmstadt 98,Hannover 96,2022-11-04,8.7,93.5,0.0,0.0,5.4,8.6
Karlsruher,Holstein Kiel,2022-11-05,10.5,75.3,0.2,0.0,14.1,31.7
Heidenheim,Paderborn 07,2022-11-05,7.1,86.3,0.6,0.0,13.1,30.2
Arminia,Kaiserslautern,2022-11-05,8.4,75.0,0.0,0.0,17.0,33.8
BTSV,Greuther Fürth,2022-11-06,12.3,60.5,0.0,0.0,15.2,32.4
Hamburger SV,Jahn Regensburg,2022-11-06,12.6,72.0,0.1,0.0,16.2,32.4
Nürnberg,Magdeburg,2022-11-06,9.2,71.5,0.0,0.0,15.6,33.5
Kaiserslautern,Karlsruher,2022-11-08,13.1,72.5,0.0,0.0,14.7,34.2
Paderborn 07,Arminia,2022-11-08,13.6,66.0,0.0,0.0,23.0,45.0
St Pauli,Holstein Kiel,2022-11-08,14.5,58.5,0.0,0.0,19.2,33.5
Hannover 96,Düsseldorf,2022-11-08,14.4,56.0,0.0,0.0,21.7,40.3
Hansa Rostock,Nürnberg,2022-11-09,11.0,81.0,0.0,0.0,17.3,30.2
Jahn Regensburg,BTSV,2022-11-09,11.0,80.5,0.0,0.0,14.0,29.5
Greuther Fürth,Hamburger SV,2022-11-09,11.8,92.5,1.4,0.0,7.2,16.9
Magdeburg,Darmstadt 98,2022-11-10,9.7,82.0,0.0,0.0,12.4,22.0
Holstein Kiel,Hannover 96,2022-11-11,11.6,84.0,0.0,0.0,20.9,37.8
Karlsruher,St Pauli,2022-11-12,8.2,88.0,0.0,0.0,2.0,11.5
Hamburger SV,Sandhausen,2022-11-12,11.9,81.3,0.0,0.0,4.1,11.9
Heidenheim,Jahn Regensburg,2022-11-12,6.3,93.7,0.0,0.0,7.9,21.2
BTSV,Hansa Rostock,2022-11-12,5.8,93.5,0.0,0.0,7.8,14.0
Arminia,Magdeburg,2022-11-13,13.8,62.5,0.0,0.0,11.0,23.0
Darmstadt 98,Greuther Fürth,2022-11-13,12.1,65.5,0.0,0.0,7.4,16.9
Nürnberg,Paderborn 07,2022-11-13,11.8,68.5,0.0,0.0,9.9,21.2
Karlsruher,Paderborn 07,2023-01-27,1.8,76.5,0.0,0.0,6.8,14.8
Holstein Kiel,Greuther Fürth,2023-01-28,2.1,76.3,0.0,0.0,13.4,25.6
Heidenheim,Hansa Rostock,2023-01-28,-0.2,75.7,0.1,0.1,10.0,22.0
Darmstadt 98,Jahn Regensburg,2023-01-28,2.3,68.3,0.0,0.0,12.8,26.3
Hannover 96,Kaiserslautern,2023-01-28,0.6,73.0,0.0,0.0,11.4,21.6
Arminia,Sandhausen,2023-01-29,1.1,72.5,0.0,0.0,17.7,36.7
Hamburger SV,BTSV,2023-01-29,3.6,84.5,0.0,0.0,19.1,38.2
Nürnberg,St Pauli,2023-01-29,-0.8,56.0,0.0,0.0,3.6,15.8
Paderborn 07,Düsseldorf,2023-02-03,6.2,84.0,0.5,0.0,24.2,47.2
BTSV,Heidenheim,2023-02-04,4.5,65.3,0.0,0.0,3.3,15.8
Jahn Regensburg,Arminia,2023-02-04,4.5,66.7,0.0,0.0,0.8,14.4
Kaiserslautern,Holstein Kiel,2023-02-04,6.8,71.7,0.0,0.0,5.9,16.2
Greuther Fürth,Nürnberg,2023-02-04,-2.7,84.0,0.0,0.0,7.7,10.8
Hansa Rostock,Hamburger SV,2023-02-05,1.2,68.5,0.0,0.0,14.0,27.0
Magdeburg,Karlsruher,2023-02-05,2.8,71.0,0.0,0.0,11.0,26.6
St Pauli,Hannover 96,2023-02-05,1.3,81.5,0.1,0.1,5.0,13.7
Arminia,Hansa Rostock,2023-02-10,3.6,80.0,0.0,0.0,18.4,36.4
Karlsruher,Greuther Fürth,2023-02-10,0.0,83.5,0.0,0.0,9.3,16.9
Nürnberg,Jahn Regensburg,2023-02-11,4.3,70.3,0.0,0.0,7.7,22.7
Holstein Kiel,Magdeburg,2023-02-11,8.5,88.3,0.0,0.0,24.2,53.3
Hannover 96,Paderborn 07,2023-02-11,7.3,87.7,0.0,0.0,21.8,45.0
Heidenheim,Hamburger SV,2023-02-11,1.5,91.0,0.0,0.0,9.4,23.0
Darmstadt 98,BTSV,2023-02-12,10.0,72.5,0.0,0.0,7.0,17.3
St Pauli,Kaiserslautern,2023-02-12,7.6,93.0,0.2,0.0,10.4,19.4
Paderborn 07,Kaiserslautern,2023-02-17,9.8,93.5,0.9,0.0,31.8,65.2
BTSV,Holstein Kiel,2023-02-17,10.1,89.0,1.2,0.0,30.0,67.7
Greuther Fürth,Düsseldorf,2023-02-18,11.5,75.7,0.3,0.0,27.9,55.4
Magdeburg,St Pauli,2023-02-18,11.0,79.7,0.4,0.0,33.7,66.6
Jahn Regensburg,Hannover 96,2023-02-18,10.1,80.0,0.3,0.0,27.5,62.6
Hansa Rostock,Darmstadt 98,2023-02-18,3.2,92.5,0.0,0.0,17.0,29.5
Hamburger SV,Arminia,2023-02-19,7.6,58.5,0.0,0.0,16.0,32.4
Heidenheim,Nürnberg,2023-02-19,7.4,75.0,0.3,0.0,23.6,50.4
Karlsruher,Jahn Regensburg,2023-02-24,7.6,81.5,0.3,0.0,10.6,22.7
Holstein Kiel,Paderborn 07,2023-02-25,3.1,55.3,0.2,0.1,30.5,63.0
Kaiserslautern,Greuther Fürth,2023-02-25,5.2,56.3,0.1,0.0,18.2,40.3
Nürnberg,Sandhausen,2023-02-25,2.5,83.7,2.1,1.0,17.8,43.9
Darmstadt 98,Hamburger SV,2023-02-25,0.2,62.0,0.0,0.0,11.2,28.4
Hannover 96,Magdeburg,2023-02-26,3.8,48.0,0.0,0.0,18.4,36.7
St Pauli,Hansa Rostock,2023-02-26,4.3,55.5,0.0,0.0,18.1,33.5
Arminia,Heidenheim,2023-02-26,3.4,49.5,0.0,0.0,20.0,41.4
Paderborn 07,St Pauli,2023-03-03,2.7,81.0,0.0,0.0,9.4,17.3
Magdeburg,Kaiserslautern,2023-03-03,2.9,80.0,0.0,0.0,11.8,21.2
Hamburger SV,Nürnberg,2023-03-04,5.5,63.0,0.0,0.0,22.2,46.4
Jahn Regensburg,Düsseldorf,2023-03-04,4.7,85.0,0.3,0.0,19.6,40.3
Heidenheim,Darmstadt 98,2023-03-04,0.0,81.0,0.0,0.0,12.6,26.6
Greuther Fürth,Hannover 96,2023-03-05,4.2,53.5,0.0,0.0,16.0,33.1
BTSV,Arminia,2023-03-05,4.2,76.5,0.3,0.0,18.2,42.1
Hansa Rostock,Karlsruher,2023-03-05,3.2,49.0,0.0,0.0,16.3,32.8
Nürnberg,BTSV,2023-03-10,5.8,78.0,0.1,0.0,25.8,67.7
Kaiserslautern,Sandhausen,2023-03-10,3.3,78.5,0.5,0.0,33.8,74.5
Magdeburg,Paderborn 07,2023-03-11,3.5,56.0,0.0,0.0,20.0,44.6
St Pauli,Greuther Fürth,2023-03-11,5.1,52.3,0.1,0.0,21.1,39.6
Arminia,Darmstadt 98,2023-03-11,4.1,55.7,0.0,0.0,11.5,27.7
Hannover 96,Hansa Rostock,2023-03-12,3.4,76.5,0.1,0.1,14.6,30.6
Holstein Kiel,Jahn Regensburg,2023-03-12,2.6,79.0,0.4,0.0,17.6,32.4
Karlsruher,Hamburger SV,2023-03-12,12.2,67.5,0.0,0.0,24.8,47.9
Arminia,Nürnberg,2023-03-17,10.4,72.0,0.0,0.0,9.6,19.4
Heidenheim,Karlsruher,2023-03-17,8.6,72.5,0.0,0.0,8.8,13.3
Greuther Fürth,Magdeburg,2023-03-18,16.6,46.7,0.0,0.0,2.6,12.6
Jahn Regensburg,Paderborn 07,2023-03-18,16.1,59.0,0.0,0.0,14.9,36.4
Hamburger SV,Holstein Kiel,2023-03-18,15.4,61.3,0.0,0.0,14.6,32.0
Darmstadt 98,Kaiserslautern,2023-03-18,9.6,76.5,0.0,0.0,7.3,12.2
BTSV,Hannover 96,2023-03-19,14.6,67.0,4.2,0.0,8.1,29.5
Hansa Rostock,Düsseldorf,2023-03-19,14.7,70.5,1.1,0.0,13.6,27.4
Nürnberg,Darmstadt 98,2023-03-31,9.6,67.5,0.0,0.0,19.6,41.0
Hannover 96,Sandhausen,2023-04-01,10.7,86.7,1.6,0.0,11.3,24.8
St Pauli,Jahn Regensburg,2023-04-01,5.9,89.0,0.5,0.0,23.8,47.5
Karlsruher,BTSV,2023-04-01,10.2,84.0,2.6,0.0,29.3,63.4
Kaiserslautern,Heidenheim,2023-04-01,7.2,92.5,0.0,0.0,15.0,31.0
Holstein Kiel,Arminia,2023-04-02,6.1,57.0,0.0,0.0,19.0,37.8
Magdeburg,Hansa Rostock,2023-04-02,6.8,56.0,0.0,0.0,18.9,37.4
Paderborn 07,Greuther Fürth,2023-04-02,6.1,59.0,0.0,0.0,20.2,42.5
Hamburger SV,Hannover 96,2023-04-08,9.6,77.0,0.1,0.0,13.8,31.3
BTSV,Kaiserslautern,2023-04-08,6.6,85.0,0.0,0.0,7.0,22.0
Nürnberg,Karlsruher,2023-04-08,6.9,80.7,0.4,0.0,8.1,21.2
Heidenheim,St Pauli,2023-04-08,3.2,93.0,0.0,0.0,5.7,11.2
Jahn Regensburg,Magdeburg,2023-04-09,11.6,54.0,0.0,0.0,8.8,21.6
Arminia,Düsseldorf,2023-04-09,11.8,55.5,0.0,0.0,9.9,23.4
Darmstadt 98,Paderborn 07,2023-04-09,13.9,43.5,0.0,0.0,8.9,20.2
Hansa Rostock,Holstein Kiel,2023-04-09,10.8,72.0,1.4,0.0,6.2,21.6
Greuther Fürth,Jahn Regensburg,2023-04-14,6.2,85.5,0.0,0.0,6.8,18.0
Hannover 96,Heidenheim,2023-04-14,8.5,76.5,0.0,0.0,8.2,15.1
Holstein Kiel,Nürnberg,2023-04-15,11.9,75.7,0.0,0.0,20.0,42.1
Paderborn 07,Hansa Rostock,2023-04-15,7.6,94.0,2.4,0.0,15.6,32.8
Magdeburg,Sandhausen,2023-04-15,9.9,91.0,3.1,0.0,12.9,30.6
Kaiserslautern,Hamburger SV,2023-04-15,7.0,88.5,0.5,0.0,14.1,29.5
Karlsruher,Arminia,2023-04-16,9.4,91.0,0.9,0.0,11.7,23.4
St Pauli,BTSV,2023-04-16,11.0,76.0,0.1,0.0,14.6,28.8
Hamburger SV,St Pauli,2023-04-21,13.8,62.0,0.0,0.0,19.6,39.2
Darmstadt 98,Karlsruher,2023-04-21,12.4,86.0,0.1,0.0,6.7,10.8
Arminia,Hannover 96,2023-04-22,21.1,43.0,0.1,0.0,16.7,43.9
Hansa Rostock,Greuther Fürth,2023-04-22,19.7,43.3,0.0,0.0,21.3,38.9
Nürnberg,Düsseldorf,2023-04-22,21.0,42.3,0.0,0.0,9.0,24.8
BTSV,Magdeburg,2023-04-22,15.4,69.0,0.4,0.0,9.8,23.0
Jahn Regensburg,Kaiserslautern,2023-04-23,17.0,50.5,0.0,0.0,13.1,28.8
Heidenheim,Holstein Kiel,2023-04-23,15.6,52.5,0.1,0.0,14.3,32.8
Greuther Fürth,Heidenheim,2023-04-28,12.5,95.0,1.0,0.0,6.1,17.3
Paderborn 07,BTSV,2023-04-28,12.8,91.0,2.4,0.0,15.6,33.8
Magdeburg,Hamburger SV,2023-04-29,14.4,58.0,0.0,0.0,18.4,40.7
Kaiserslautern,Hansa Rostock,2023-04-29,12.5,69.7,0.0,0.0,10.9,25.9
St Pauli,Arminia,2023-04-29,14.3,53.3,0.0,0.0,19.5,40.3
Hannover 96,Nürnberg,2023-04-29,7.9,83.5,0.0,0.0,11.8,22.0
Holstein Kiel,Darmstadt 98,2023-04-30,12.2,51.5,0.0,0.0,8.1,22.3
Hamburger SV,Paderborn 07,2023-05-05,12.4,72.5,0.4,0.0,18.7,42.1
Arminia,Greuther Fürth,2023-05-05,12.8,94.0,1.5,0.0,8.0,22.3
Hansa Rostock,Jahn Regensburg,2023-05-06,9.4,81.0,0.0,0.0,22.2,42.1
Karlsruher,Hannover 96,2023-05-06,20.0,57.7,0.0,0.0,3.2,14.8
Darmstadt 98,St Pauli,2023-05-06,13.6,89.0,0.0,0.0,6.5,12.2
Heidenheim,Magdeburg,2023-05-07,17.5,67.5,1.8,0.0,8.1,28.8
Nürnberg,Kaiserslautern,2023-05-07,21.4,51.0,0.0,0.0,11.0,26.6
BTSV,Sandhausen,2023-05-07,14.2,62.0,0.0,0.0,20.0,42.5
Magdeburg,Nürnberg,2023-05-12,17.2,48.0,0.0,0.0,12.4,31.0
Holstein Kiel,Karlsruher,2023-05-13,19.8,44.0,0.0,0.0,14.0,31.0
Greuther Fürth,BTSV,2023-05-13,14.6,64.0,0.0,0.0,14.4,32.0
Kaiserslautern,Arminia,2023-05-13,15.8,69.3,5.3,0.0,13.0,45.7
St Pauli,Düsseldorf,2023-05-13,13.6,61.0,0.0,0.0,12.2,21.6
Paderborn 07,Heidenheim,2023-05-14,15.8,70.5,2.3,0.0,14.0,34.2
Hannover 96,Darmstadt 98,2023-05-14,19.8,48.0,0.1,0.0,10.8,28.8
Jahn Regensburg,Hamburger SV,2023-05-14,17.8,61.0,0.6,0.0,9.4,31.0
Holstein Kiel,St Pauli,2023-05-19,12.0,68.5,0.0,0.0,11.4,24.1
Darmstadt 98,Magdeburg,2023-05-19,15.7,58.5,0.0,0.0,13.2,24.8
BTSV,Jahn Regensburg,2023-05-20,15.8,65.3,0.0,0.0,19.5,40.0
Arminia,Paderborn 07,2023-05-20,16.6,61.0,0.0,0.0,20.3,43.2
Heidenheim,Sandhausen,2023-05-20,19.7,58.0,0.0,0.0,14.5,36.0
Hamburger SV,Greuther Fürth,2023-05-20,13.2,71.0,0.0,0.0,15.4,28.4
Karlsruher,Kaiserslautern,2023-05-21,24.8,51.0,0.0,0.0,7.1,20.2
Nürnberg,Hansa Rostock,2023-05-21,24.7,41.5,0.0,0.0,17.4,38.9
Paderborn 07,Nürnberg,2023-05-28,21.8,42.5,0.0,0.0,11.3,24.5
St Pauli,Karlsruher,2023-05-28,21.0,37.0,0.0,0.0,15.1,35.3
Jahn Regensburg,Heidenheim,2023-05-28,21.8,44.5,0.0,0.0,11.4,25.9
Hansa Rostock,BTSV,2023-05-28,17.5,47.5,0.0,0.0,11.4,24.5
Magdeburg,Arminia,2023-05-28,22.8,35.0,0.0,0.0,7.6,18.0
Greuther Fürth,Darmstadt 98,2023-05-28,23.2,36.5,0.0,0.0,9.8,21.6
Hannover 96,Holstein Kiel,2023-05-28,22.5,41.5,0.0,0.0,6.3,16.9
Kaiserslautern,Düsseldorf,2023-05-28,22.4,36.5,0.0,0.0,13.6,29.5
Schalke 04,Hamburger SV,2021-07-23,18.2,71.0,0.0,0.0,10.0,19.4
Hansa Rostock,Karlsruher,2021-07-24,26.2,46.0,0.0,0.0,15.4,32.4
Dresden,Ingolstadt,2021-07-24,28.2,38.5,0.0,0.0,12.6,27.4
Heidenheim,Paderborn 07,2021-07-24,22.1,77.0,0.5,0.0,5.2,22.3
Darmstadt 98,Jahn Regensburg,2021-07-24,22.8,76.5,4.5,0.0,17.6,43.2
St Pauli,Holstein Kiel,2021-07-25,25.6,56.5,1.0,0.0,5.0,21.6
Nürnberg,Erzgebirge Aue,2021-07-25,24.3,56.5,0.0,0.0,7.8,26.3
Paderborn 07,Nürnberg,2021-07-30,21.5,57.0,0.0,0.0,12.8,28.1
Karlsruher,Darmstadt 98,2021-07-30,21.6,77.5,0.0,0.0,18.3,40.7
Jahn Regensburg,Sandhausen,2021-07-31,20.7,51.0,0.0,0.0,22.5,52.6
Hannover 96,Hansa Rostock,2021-07-31,19.6,62.5,0.2,0.0,32.2,72.0
Ingolstadt,Heidenheim,2021-07-31,22.9,51.0,0.0,0.0,11.4,30.6
Erzgebirge Aue,St Pauli,2021-08-01,17.3,77.0,0.6,0.0,9.4,25.9
Holstein Kiel,Schalke 04,2021-08-01,16.8,80.0,0.8,0.0,15.0,33.5
Hamburger SV,Dresden,2021-08-01,15.8,86.0,6.0,0.0,8.0,35.6
St Pauli,Hamburger SV,2021-08-13,19.8,68.0,0.0,0.0,14.0,30.6
Schalke 04,Erzgebirge Aue,2021-08-13,18.8,72.0,0.0,0.0,9.2,23.8
Holstein Kiel,Jahn Regensburg,2021-08-14,18.9,78.5,0.5,0.0,24.0,59.4
Nürnberg,Düsseldorf,2021-08-14,28.2,37.0,0.0,0.0,7.2,20.9
Dresden,Hannover 96,2021-08-14,21.4,62.5,0.0,0.0,8.5,18.4
Darmstadt 98,Ingolstadt,2021-08-15,29.4,30.5,0.0,0.0,6.0,22.0
Heidenheim,Hansa Rostock,2021-08-15,22.5,75.0,1.5,0.0,7.2,33.5
Hannover 96,Heidenheim,2021-08-20,18.0,78.0,0.0,0.0,5.0,17.3
Karlsruher,Werder Bremen,2021-08-21,27.0,49.5,0.0,0.0,9.1,25.6
Paderborn 07,St Pauli,2021-08-21,23.5,52.0,0.0,0.0,2.2,15.5
Jahn Regensburg,Schalke 04,2021-08-21,23.8,52.0,0.0,0.0,6.6,17.3
Hansa Rostock,Dresden,2021-08-21,13.6,74.0,0.0,0.0,8.8,15.5
Erzgebirge Aue,Sandhausen,2021-08-22,21.2,65.5,0.3,0.0,10.0,27.7
Hamburger SV,Darmstadt 98,2021-08-22,16.6,90.0,1.1,0.0,13.8,31.0
Ingolstadt,Nürnberg,2021-08-22,19.4,82.5,1.6,0.0,4.2,23.8
Nürnberg,Karlsruher,2021-08-27,12.9,83.0,0.6,0.0,10.3,25.6
Holstein Kiel,Erzgebirge Aue,2021-08-28,15.3,92.0,2.1,0.0,21.0,39.6
Heidenheim,Hamburger SV,2021-08-28,13.8,70.5,0.2,0.0,9.9,27.4
Darmstadt 98,Hannover 96,2021-08-28,16.8,64.0,0.2,0.0,6.8,21.6
Schalke 04,Düsseldorf,2021-08-28,15.2,89.0,0.2,0.0,11.6,21.2
Dresden,Paderborn 07,2021-08-29,18.5,63.5,0.2,0.0,9.0,23.0
St Pauli,Jahn Regensburg,2021-08-29,18.2,80.0,0.5,0.0,20.2,39.2
Hannover 96,St Pauli,2021-09-11,21.2,64.5,0.0,0.0,15.3,33.5
Karlsruher,Holstein Kiel,2021-09-11,20.0,83.0,1.1,0.0,14.6,34.6
Ingolstadt,Werder Bremen,2021-09-11,19.4,80.0,0.3,0.0,3.5,16.6
Hamburger SV,Sandhausen,2021-09-11,17.5,88.0,0.0,0.0,11.2,21.2
Paderborn 07,Schalke 04,2021-09-12,19.8,62.5,0.0,0.0,13.5,30.6
Jahn Regensburg,Nürnberg,2021-09-12,19.6,71.0,0.0,0.0,7.2,20.2
Erzgebirge Aue,Düsseldorf,2021-09-12,20.3,66.0,0.0,0.0,11.4,28.4
Heidenheim,Dresden,2021-09-12,20.4,52.5,0.0,0.0,7.2,20.5
Hansa Rostock,Darmstadt 98,2021-09-12,19.7,69.5,0.1,0.0,21.5,42.1
Schalke 04,Karlsruher,2021-09-17,16.5,84.0,0.0,0.0,5.4,8.6
Nürnberg,Hansa Rostock,2021-09-17,14.6,76.5,0.0,0.0,3.8,6.5
Holstein Kiel,Hannover 96,2021-09-18,16.8,73.0,0.0,0.0,16.1,32.0
Darmstadt 98,Dresden,2021-09-19,18.5,57.5,0.0,0.0,9.6,25.6
St Pauli,Ingolstadt,2021-09-19,15.0,57.5,0.0,0.0,11.6,24.8
Erzgebirge Aue,Paderborn 07,2021-09-19,11.2,75.5,0.0,0.0,8.6,22.3
Jahn Regensburg,Erzgebirge Aue,2021-09-24,16.0,85.5,0.0,0.0,9.8,23.8
Heidenheim,Darmstadt 98,2021-09-24,13.6,77.5,0.0,0.0,9.3,17.3
Ingolstadt,Düsseldorf,2021-09-25,23.0,50.0,0.0,0.0,2.3,11.9
Paderborn 07,Holstein Kiel,2021-09-25,20.4,69.5,0.0,0.0,2.6,15.8
Karlsruher,St Pauli,2021-09-25,24.2,52.5,0.0,0.0,1.8,11.2
Hansa Rostock,Schalke 04,2021-09-25,15.8,86.5,0.0,0.0,1.2,3.6
Hannover 96,Sandhausen,2021-09-26,24.2,59.0,0.0,0.0,9.1,27.7
Dresden,Werder Bremen,2021-09-26,24.2,52.5,0.0,0.0,11.1,25.6
Hamburger SV,Nürnberg,2021-09-26,22.6,64.5,0.0,0.0,13.3,28.8
Erzgebirge Aue,Hamburger SV,2021-10-01,13.0,56.5,0.0,0.0,19.0,42.5
Holstein Kiel,Hansa Rostock,2021-10-02,14.7,78.0,0.0,0.0,16.4,32.4
Jahn Regensburg,Karlsruher,2021-10-02,18.0,63.0,0.0,0.0,15.3,37.4
Nürnberg,Hannover 96,2021-10-02,15.7,66.5,0.0,0.0,19.8,40.0
Schalke 04,Ingolstadt,2021-10-03,18.4,79.0,1.8,0.0,29.0,66.2
St Pauli,Dresden,2021-10-03,19.8,63.5,0.0,0.0,26.5,49.3
Paderborn 07,Jahn Regensburg,2021-10-15,7.7,87.0,0.0,0.0,7.7,13.0
Hannover 96,Schalke 04,2021-10-15,8.6,76.5,0.0,0.0,9.2,16.2
Ingolstadt,Holstein Kiel,2021-10-16,13.6,60.5,0.0,0.0,3.1,13.0
Karlsruher,Erzgebirge Aue,2021-10-16,12.3,80.5,0.0,0.0,8.0,17.6
Heidenheim,St Pauli,2021-10-16,10.4,77.5,0.0,0.0,6.1,19.4
Hamburger SV,Düsseldorf,2021-10-16,8.8,78.0,0.0,0.0,13.9,25.9
Dresden,Nürnberg,2021-10-17,12.8,54.0,0.0,0.0,7.1,19.8
Hansa Rostock,Sandhausen,2021-10-17,10.6,86.5,0.3,0.0,11.6,21.6
Darmstadt 98,Werder Bremen,2021-10-17,13.2,67.5,0.0,0.0,2.2,15.5
Paderborn 07,Hamburger SV,2021-10-22,7.6,91.5,0.6,0.0,19.6,46.1
Erzgebirge Aue,Ingolstadt,2021-10-22,7.2,74.5,0.3,0.0,28.0,62.6
Holstein Kiel,Darmstadt 98,2021-10-23,11.3,60.0,0.0,0.0,15.4,35.6
Nürnberg,Heidenheim,2021-10-23,9.7,62.0,0.0,0.0,9.9,25.9
Schalke 04,Dresden,2021-10-23,5.4,88.5,0.0,0.0,7.4,12.2
St Pauli,Hansa Rostock,2021-10-24,12.0,58.0,0.0,0.0,14.4,28.1
Jahn Regensburg,Hannover 96,2021-10-24,12.2,60.0,0.0,0.0,11.9,27.4
Darmstadt 98,Nürnberg,2021-10-29,9.1,84.5,0.0,0.0,7.1,9.7
Heidenheim,Schalke 04,2021-10-29,4.1,94.0,0.0,0.0,8.9,11.9
Hannover 96,Erzgebirge Aue,2021-10-30,13.4,64.5,0.0,0.0,9.5,21.6
Dresden,Sandhausen,2021-10-30,13.8,60.0,0.0,0.0,13.2,34.2
Hamburger SV,Holstein Kiel,2021-10-30,11.6,72.0,0.0,0.0,17.3,32.0
Karlsruher,Paderborn 07,2021-10-31,20.2,66.5,0.0,0.0,4.4,13.0
Ingolstadt,Jahn Regensburg,2021-10-31,16.2,60.0,0.0,0.0,8.4,23.0
Hansa Rostock,Düsseldorf,2021-10-31,14.4,80.5,0.0,0.0,16.6,35.6
Nürnberg,Werder Bremen,2021-11-05,3.0,95.0,0.0,0.0,7.6,10.4
Holstein Kiel,Dresden,2021-11-05,9.1,88.0,0.0,0.0,19.3,33.8
Jahn Regensburg,Hansa Rostock,2021-11-06,10.2,70.5,0.0,0.0,16.1,34.2
Paderborn 07,Ingolstadt,2021-11-06,9.9,71.0,0.0,0.0,17.1,34.9
Karlsruher,Hamburger SV,2021-11-06,2.4,99.0,0.0,0.0,8.0,11.9
Schalke 04,Darmstadt 98,2021-11-07,10.6,70.0,0.0,0.0,25.5,48.6
Erzgebirge Aue,Heidenheim,2021-11-07,5.9,87.0,0.2,0.0,22.6,53.6
Hannover 96,Paderborn 07,2021-11-19,10.8,87.5,0.0,0.0,20.6,38.9
Hamburger SV,Jahn Regensburg,2021-11-20,11.2,82.0,0.1,0.0,22.8,44.6
Hansa Rostock,Erzgebirge Aue,2021-11-20,11.3,82.5,0.1,0.0,26.2,48.6
Darmstadt 98,St Pauli,2021-11-20,9.8,82.5,0.0,0.0,6.2,15.5
Ingolstadt,Karlsruher,2021-11-21,4.7,79.5,0.0,0.0,10.2,23.8
Dresden,Düsseldorf,2021-11-21,7.1,79.0,0.0,0.0,11.2,28.8
Heidenheim,Holstein Kiel,2021-11-21,2.9,91.0,0.0,0.0,9.9,22.0
St Pauli,Sandhausen,2021-11-24,5.2,87.5,0.0,0.0,10.9,18.4
Jahn Regensburg,Dresden,2021-11-26,2.3,90.5,0.0,0.0,18.2,38.5
Karlsruher,Hannover 96,2021-11-27,3.2,94.0,2.6,0.9,12.4,29.9
Schalke 04,Sandhausen,2021-11-27,4.8,81.0,0.1,0.0,15.0,28.8
Erzgebirge Aue,Darmstadt 98,2021-11-27,3.4,78.5,0.0,0.0,12.3,33.8
Holstein Kiel,Werder Bremen,2021-11-27,1.4,100.0,0.3,0.0,1.2,10.1
Paderborn 07,Hansa Rostock,2021-11-28,3.0,82.5,0.3,0.0,9.0,19.8
Hamburger SV,Ingolstadt,2021-11-28,3.6,88.0,0.1,0.0,8.7,23.0
Nürnberg,St Pauli,2021-11-28,1.9,81.5,0.2,0.0,3.0,10.1
Darmstadt 98,Düsseldorf,2021-12-03,2.0,80.0,0.1,0.0,20.4,38.5
Nürnberg,Holstein Kiel,2021-12-04,3.2,96.0,0.3,0.0,8.2,15.8
Hansa Rostock,Ingolstadt,2021-12-04,3.6,91.0,0.0,0.0,10.2,21.2
St Pauli,Schalke 04,2021-12-04,2.4,95.0,0.6,0.0,15.3,28.4
Heidenheim,Jahn Regensburg,2021-12-05,2.7,75.0,0.5,0.2,5.2,17.3
Dresden,Karlsruher,2021-12-05,4.8,75.5,0.0,0.0,8.0,25.2
Hannover 96,Hamburger SV,2021-12-05,5.2,83.5,0.5,0.0,4.4,10.4
Jahn Regensburg,Werder Bremen,2021-12-10,-1.5,91.0,0.0,0.0,6.3,14.4
Schalke 04,Nürnberg,2021-12-10,2.0,83.5,0.0,0.0,5.4,8.6
Holstein Kiel,Sandhausen,2021-12-11,3.8,92.5,0.2,0.0,14.4,32.0
Paderborn 07,Darmstadt 98,2021-12-11,1.6,89.0,0.0,0.0,5.2,13.7
Ingolstadt,Hannover 96,2021-12-11,2.4,82.0,0.0,0.0,11.8,24.8
Erzgebirge Aue,Dresden,2021-12-12,2.7,84.5,0.3,0.1,16.4,33.8
Hamburger SV,Hansa Rostock,2021-12-12,5.5,94.5,0.4,0.0,15.8,30.2
Karlsruher,Heidenheim,2021-12-12,5.0,76.5,0.0,0.0,11.8,20.9
Holstein Kiel,St Pauli,2021-12-17,7.6,98.5,0.0,0.0,16.5,29.5
Erzgebirge Aue,Nürnberg,2021-12-18,4.0,98.0,0.0,0.0,11.5,23.8
Paderborn 07,Heidenheim,2021-12-18,6.0,97.0,0.2,0.0,10.6,21.2
Ingolstadt,Dresden,2021-12-18,2.8,79.0,0.0,0.0,2.4,11.9
Hamburger SV,Schalke 04,2021-12-18,7.6,89.0,0.0,0.0,20.0,37.4
Jahn Regensburg,Darmstadt 98,2021-12-19,5.6,94.5,0.2,0.0,19.8,45.4
Karlsruher,Hansa Rostock,2021-12-19,3.8,89.5,0.0,0.0,11.1,22.7
Hannover 96,Werder Bremen,2021-12-19,7.2,86.5,0.0,0.0,22.0,46.1
Dresden,Hamburger SV,2022-01-14,4.4,90.5,0.2,0.0,19.1,38.5
Hansa Rostock,Hannover 96,2022-01-14,3.2,85.5,0.0,0.0,14.2,32.8
St Pauli,Erzgebirge Aue,2022-01-15,5.5,84.5,0.0,0.0,5.8,12.6
Nürnberg,Paderborn 07,2022-01-15,2.8,84.5,0.0,0.0,4.7,12.2
Darmstadt 98,Karlsruher,2022-01-15,0.9,95.5,0.0,0.0,5.6,11.2
Heidenheim,Ingolstadt,2022-01-16,-0.2,91.0,0.0,0.0,17.2,40.0
Schalke 04,Holstein Kiel,2022-01-16,5.6,84.0,0.0,0.0,22.2,40.3
Hamburger SV,St Pauli,2022-01-21,5.4,93.0,0.0,0.0,16.0,30.6
Ingolstadt,Darmstadt 98,2022-01-22,2.1,90.0,0.2,0.0,13.4,27.4
Hansa Rostock,Heidenheim,2022-01-22,4.1,73.0,0.0,0.0,6.4,12.2
Paderborn 07,Werder Bremen,2022-01-22,5.2,95.5,0.4,0.0,16.6,33.5
Erzgebirge Aue,Schalke 04,2022-01-22,2.8,100.0,1.5,0.0,14.0,32.0
Hannover 96,Dresden,2022-01-23,6.2,92.5,0.0,0.0,12.3,24.1
Jahn Regensburg,Holstein Kiel,2022-01-23,5.1,89.5,0.0,0.0,9.6,21.2
Heidenheim,Hannover 96,2022-02-04,4.4,82.0,0.0,0.0,20.2,43.6
Nürnberg,Ingolstadt,2022-02-04,6.0,75.0,0.0,0.0,17.8,34.2
Schalke 04,Jahn Regensburg,2022-02-05,5.9,71.5,0.0,0.0,28.6,52.9
St Pauli,Paderborn 07,2022-02-05,5.1,77.5,0.6,0.0,31.4,55.8
Darmstadt 98,Hamburger SV,2022-02-06,4.7,88.5,1.3,0.0,35.2,68.4
Dresden,Hansa Rostock,2022-02-06,6.5,72.5,0.5,0.0,32.0,67.3
Holstein Kiel,Düsseldorf,2022-02-06,4.6,92.5,2.1,0.0,20.5,41.8
Karlsruher,Sandhausen,2022-02-08,7.6,77.0,0.0,0.0,13.6,28.4
Erzgebirge Aue,Holstein Kiel,2022-02-11,1.3,92.5,1.1,0.8,20.2,46.8
Hansa Rostock,Werder Bremen,2022-02-11,1.4,71.5,0.0,0.0,16.6,33.1
Karlsruher,Nürnberg,2022-02-12,7.3,55.0,0.0,0.0,11.6,24.5
Paderborn 07,Dresden,2022-02-12,5.0,64.5,0.0,0.0,13.6,29.2
Hamburger SV,Heidenheim,2022-02-12,5.0,52.5,0.0,0.0,19.4,38.9
Jahn Regensburg,St Pauli,2022-02-12,0.2,81.5,0.0,0.0,10.5,23.0
Ingolstadt,Sandhausen,2022-02-13,9.7,38.5,0.0,0.0,6.6,17.6
Hannover 96,Darmstadt 98,2022-02-13,8.2,51.5,0.0,0.0,17.2,35.3
Schalke 04,Paderborn 07,2022-02-18,7.8,57.5,0.0,0.0,45.0,88.9
Dresden,Heidenheim,2022-02-18,11.8,70.0,0.1,0.0,27.0,54.0
Holstein Kiel,Karlsruher,2022-02-19,5.2,82.5,1.5,0.5,25.3,63.0
Nürnberg,Jahn Regensburg,2022-02-19,1.1,68.5,0.0,0.0,10.0,18.0
St Pauli,Hannover 96,2022-02-20,8.3,89.5,0.6,0.0,30.4,58.0
Darmstadt 98,Hansa Rostock,2022-02-20,8.2,81.0,0.0,0.0,28.4,58.7
Paderborn 07,Erzgebirge Aue,2022-02-25,2.2,92.5,0.9,0.1,15.2,29.9
Hannover 96,Holstein Kiel,2022-02-25,3.8,80.5,0.1,0.0,19.2,40.7
Karlsruher,Schalke 04,2022-02-26,7.2,49.5,0.0,0.0,10.6,24.8
Hansa Rostock,Nürnberg,2022-02-26,6.1,73.5,0.0,0.0,10.2,24.1
Ingolstadt,St Pauli,2022-02-26,4.1,53.0,0.0,0.0,8.0,19.8
Dresden,Darmstadt 98,2022-02-26,1.8,87.0,0.0,0.0,3.5,10.8
Jahn Regensburg,Düsseldorf,2022-02-27,6.3,54.5,0.0,0.0,16.6,36.0
Hamburger SV,Werder Bremen,2022-02-27,7.6,57.0,0.0,0.0,16.6,34.6
Heidenheim,Sandhausen,2022-02-27,4.2,46.0,0.0,0.0,20.2,43.9
Darmstadt 98,Heidenheim,2022-03-04,2.1,65.5,0.0,0.0,9.1,16.9
Holstein Kiel,Paderborn 07,2022-03-04,-0.7,88.0,0.0,0.0,9.4,19.1
St Pauli,Karlsruher,2022-03-05,5.6,50.0,0.0,0.0,10.5,25.9
Schalke 04,Hansa Rostock,2022-03-05,8.8,46.0,0.0,0.0,5.0,15.5
Nürnberg,Hamburger SV,2022-03-05,-1.0,63.0,0.0,0.0,10.0,23.0
Erzgebirge Aue,Jahn Regensburg,2022-03-06,-0.6,60.5,0.1,0.1,13.2,31.7
Hansa Rostock,Holstein Kiel,2022-03-11,3.4,39.0,0.0,0.0,28.0,48.2
Darmstadt 98,Sandhausen,2022-03-11,6.8,50.0,0.0,0.0,12.0,22.0
Paderborn 07,Düsseldorf,2022-03-12,13.2,48.5,0.0,0.0,11.3,28.8
Dresden,St Pauli,2022-03-12,8.8,32.0,0.0,0.0,16.4,33.8
Heidenheim,Werder Bremen,2022-03-12,2.0,60.5,0.0,0.0,10.2,20.5
Hannover 96,Nürnberg,2022-03-13,13.2,35.5,0.0,0.0,12.6,29.2
Karlsruher,Jahn Regensburg,2022-03-13,15.8,40.5,0.0,0.0,8.8,20.5
Ingolstadt,Schalke 04,2022-03-13,12.0,35.0,0.0,0.0,10.5,24.5
Erzgebirge Aue,Karlsruher,2022-03-18,6.6,83.5,0.0,0.0,8.2,22.0
St Pauli,Heidenheim,2022-03-18,8.0,76.0,0.0,0.0,13.0,27.4
Schalke 04,Hannover 96,2022-03-19,11.1,43.5,0.0,0.0,23.6,44.3
Holstein Kiel,Ingolstadt,2022-03-20,10.2,45.5,0.0,0.0,27.0,49.7
Nürnberg,Dresden,2022-03-20,12.8,40.0,0.0,0.0,14.0,34.6
Jahn Regensburg,Paderborn 07,2022-03-20,12.0,44.0,0.0,0.0,22.5,47.2
Ingolstadt,Erzgebirge Aue,2022-04-01,1.9,97.0,0.9,0.0,11.0,23.8
Dresden,Schalke 04,2022-04-01,4.0,37.0,0.0,0.0,12.4,25.2
Hamburger SV,Paderborn 07,2022-04-02,5.8,40.0,0.0,0.0,18.0,39.2
Hannover 96,Jahn Regensburg,2022-04-02,5.0,45.5,0.0,0.0,18.5,37.8
Darmstadt 98,Holstein Kiel,2022-04-02,3.4,57.0,0.0,0.0,21.4,42.8
Hansa Rostock,St Pauli,2022-04-02,-0.3,69.0,0.0,0.0,8.1,12.2
Karlsruher,Düsseldorf,2022-04-03,5.4,45.5,0.0,0.0,6.4,19.4
Heidenheim,Nürnberg,2022-04-03,-0.1,64.0,0.0,0.0,8.6,24.8
Hamburger SV,Erzgebirge Aue,2022-04-05,4.9,93.5,0.7,0.0,5.8,13.7
Jahn Regensburg,Ingolstadt,2022-04-08,4.6,67.0,0.0,0.0,5.9,17.3
St Pauli,Werder Bremen,2022-04-09,7.0,62.5,0.7,0.2,29.5,58.7
Erzgebirge Aue,Hannover 96,2022-04-09,4.8,74.5,2.1,1.3,23.4,59.4
Schalke 04,Heidenheim,2022-04-09,8.4,55.5,0.0,0.0,28.0,57.6
Nürnberg,Darmstadt 98,2022-04-09,2.1,73.5,0.0,0.0,11.2,20.9
Holstein Kiel,Hamburger SV,2022-04-10,7.0,59.5,0.1,0.0,28.0,56.2
Paderborn 07,Karlsruher,2022-04-10,7.7,50.5,0.2,0.0,18.6,40.3
Dresden,Holstein Kiel,2022-04-16,10.0,41.5,0.0,0.0,15.2,32.8
Hannover 96,Düsseldorf,2022-04-16,11.7,43.0,0.0,0.0,11.8,27.7
Hamburger SV,Karlsruher,2022-04-16,4.6,72.0,0.0,0.0,8.9,17.3
Ingolstadt,Paderborn 07,2022-04-17,11.4,42.0,0.0,0.0,12.0,29.2
Heidenheim,Erzgebirge Aue,2022-04-17,10.8,43.0,0.0,0.0,14.8,34.9
Hansa Rostock,Jahn Regensburg,2022-04-17,11.7,50.0,0.0,0.0,9.6,22.3
Darmstadt 98,Schalke 04,2022-04-17,15.2,34.5,0.0,0.0,10.9,25.6
Karlsruher,Ingolstadt,2022-04-22,14.3,60.0,0.0,0.0,10.0,23.4
Holstein Kiel,Heidenheim,2022-04-23,12.7,61.0,0.0,0.0,19.0,38.9
Schalke 04,Werder Bremen,2022-04-23,17.4,46.5,0.0,0.0,23.5,45.0
Jahn Regensburg,Hamburger SV,2022-04-23,14.7,45.5,0.0,0.0,20.2,43.2
St Pauli,Darmstadt 98,2022-04-23,9.6,66.0,0.0,0.0,17.4,43.2
Nürnberg,Sandhausen,2022-04-24,10.0,70.0,0.0,0.0,17.0,36.7
Erzgebirge Aue,Hansa Rostock,2022-04-24,9.1,84.5,2.7,0.0,13.7,30.2
Paderborn 07,Hannover 96,2022-04-24,15.2,45.0,0.1,0.0,19.5,41.4
Hannover 96,Karlsruher,2022-04-29,11.4,59.5,0.0,0.0,16.2,33.1
Heidenheim,Düsseldorf,2022-04-29,12.1,60.0,0.0,0.0,8.4,15.5
St Pauli,Nürnberg,2022-04-29,9.2,62.0,0.0,0.0,14.0,31.0
Ingolstadt,Hamburger SV,2022-04-30,14.2,53.5,0.0,0.0,8.2,20.2
Hansa Rostock,Paderborn 07,2022-04-30,11.2,66.0,0.0,0.0,14.6,31.3
Dresden,Jahn Regensburg,2022-04-30,17.2,42.5,0.0,0.0,7.4,18.7
Darmstadt 98,Erzgebirge Aue,2022-04-30,9.3,77.5,0.0,0.0,10.0,20.2
Paderborn 07,Sandhausen,2022-05-06,14.9,70.5,0.0,0.0,6.9,11.5
Ingolstadt,Hansa Rostock,2022-05-07,17.4,70.0,0.2,0.0,5.8,27.7
Jahn Regensburg,Heidenheim,2022-05-07,21.4,44.0,0.0,0.0,5.5,18.0
Hamburger SV,Hannover 96,2022-05-07,17.9,60.0,0.0,0.0,13.8,35.6
Schalke 04,St Pauli,2022-05-07,14.4,72.5,0.0,0.0,12.3,22.0
Holstein Kiel,Nürnberg,2022-05-08,15.3,42.5,0.0,0.0,9.9,24.5
Karlsruher,Dresden,2022-05-08,22.2,38.5,0.0,0.0,12.4,31.7
Erzgebirge Aue,Werder Bremen,2022-05-08,16.0,70.0,1.0,0.0,11.8,35.6
Darmstadt 98,Paderborn 07,2022-05-15,25.8,28.5,0.0,0.0,10.2,24.1
Dresden,Erzgebirge Aue,2022-05-15,20.9,39.5,0.0,0.0,6.4,15.8
Hansa Rostock,Hamburger SV,2022-05-15,15.8,50.0,0.0,0.0,9.4,26.6
Nürnberg,Schalke 04,2022-05-15,24.6,31.5,0.0,0.0,6.6,17.6
St Pauli,Düsseldorf,2022-05-15,20.1,40.5,0.0,0.0,5.2,15.8
Heidenheim,Karlsruher,2022-05-15,22.2,35.5,0.0,0.0,7.9,19.1
Hannover 96,Ingolstadt,2022-05-15,22.0,35.0,0.0,0.0,8.1,20.2
Liverpool,Bournemouth,2025-08-15,17.5,81.0,0.0,0.0,7.6,26.6
Aston Villa,Newcastle United,2025-08-16,22.4,48.5,0.0,0.0,10.6,32.4
Sunderland,West Ham United,2025-08-16,17.4,74.0,0.0,0.0,7.1,22.7
Brighton,Fulham,2025-08-16,21.3,60.7,0.0,0.0,21.4,43.6
Tottenham Hotspur,Burnley,2025-08-16,21.7,53.3,0.0,0.0,12.8,32.0
Wolves,Manchester City,2025-08-16,21.4,50.5,0.0,0.0,13.3,33.8
Chelsea,Crystal Palace,2025-08-17,23.5,47.7,0.0,0.0,8.6,28.4
Nottingham Forest,Brentford,2025-08-17,23.5,47.7,0.0,0.0,8.6,28.4
Manchester Utd,Arsenal,2025-08-17,22.6,58.0,0.0,0.0,11.8,34.2
Leeds United,Everton,2025-08-18,17.1,73.7,0.0,0.0,12.5,29.5
West Ham United,Chelsea,2025-08-22,20.2,47.7,0.0,0.0,3.3,19.1
Manchester City,Tottenham Hotspur,2025-08-23,21.0,55.0,0.0,0.0,3.1,16.2
Bournemouth,Wolves,2025-08-23,21.8,48.3,0.0,0.0,10.0,31.3
Brentford,Aston Villa,2025-08-23,22.4,44.0,0.0,0.0,2.0,13.0
Burnley,Sunderland,2025-08-23,18.8,70.3,0.0,0.0,6.9,20.9
Arsenal,Leeds United,2025-08-23,21.3,48.5,0.0,0.0,6.8,20.9
Crystal Palace,Nottingham Forest,2025-08-24,23.4,40.0,0.0,0.0,7.0,24.1
Everton,Brighton,2025-08-24,22.7,50.0,0.0,0.0,9.1,29.5
Fulham,Manchester Utd,2025-08-24,23.2,40.5,0.0,0.0,7.8,22.3
Newcastle United,Liverpool,2025-08-25,21.6,53.3,0.0,0.0,10.5,22.7
Chelsea,Fulham,2025-08-30,19.8,64.0,0.1,0.0,20.8,53.6
Wolves,Everton,2025-08-30,18.2,75.0,0.2,0.0,27.6,59.8
Manchester Utd,Burnley,2025-08-30,18.9,67.7,1.2,0.0,17.6,54.7
Sunderland,Brentford,2025-08-30,20.5,48.0,0.0,0.0,21.4,48.2
Tottenham Hotspur,Bournemouth,2025-08-30,19.2,72.0,0.1,0.0,21.3,56.9
Leeds United,Newcastle United,2025-08-30,17.8,79.0,0.6,0.0,21.0,47.9
Nottingham Forest,West Ham United,2025-08-31,20.0,55.0,0.0,0.0,19.7,49.0
Brighton,Manchester City,2025-08-31,18.5,66.3,0.3,0.0,26.2,54.7
Liverpool,Arsenal,2025-08-31,18.6,53.5,0.0,0.0,21.5,53.6
Aston Villa,Crystal Palace,2025-08-31,15.5,74.0,0.0,0.0,18.4,52.2
Arsenal,Nottingham Forest,2025-09-13,16.2,68.0,1.8,0.0,12.5,44.3
Newcastle United,Wolves,2025-09-13,15.0,58.3,0.9,0.0,18.7,47.2
Fulham,Leeds United,2025-09-13,16.2,64.3,2.4,0.0,12.8,45.4
Crystal Palace,Sunderland,2025-09-13,16.0,64.3,0.3,0.0,16.0,52.9
Everton,Aston Villa,2025-09-13,15.4,57.7,0.0,0.0,20.4,52.6
Bournemouth,Brighton,2025-09-13,16.7,53.3,0.0,0.0,21.7,57.2
West Ham United,Tottenham Hotspur,2025-09-13,15.6,59.5,0.0,0.0,11.2,32.4
Brentford,Chelsea,2025-09-13,13.3,69.3,0.0,0.0,10.3,24.5
Burnley,Liverpool,2025-09-14,12.2,85.7,2.7,0.0,23.0,51.5
Manchester City,Manchester Utd,2025-09-14,13.6,84.5,0.6,0.0,22.4,52.2
Liverpool,Everton,2025-09-20,13.2,96.0,4.3,0.0,10.4,25.6
Wolves,Leeds United,2025-09-20,16.7,83.3,3.5,0.0,20.4,44.6
Brighton,Tottenham Hotspur,2025-09-20,19.0,76.3,0.9,0.0,36.2,73.4
Burnley,Nottingham Forest,2025-09-20,11.1,94.3,11.6,0.0,17.7,37.1
West Ham United,Crystal Palace,2025-09-20,20.2,71.3,0.0,0.0,17.8,45.0
Manchester Utd,Chelsea,2025-09-20,11.4,89.5,6.0,0.0,26.8,60.5
Fulham,Brentford,2025-09-20,15.6,79.3,0.0,0.0,23.7,56.2
Bournemouth,Newcastle United,2025-09-21,14.6,57.0,0.0,0.0,15.0,36.7
Sunderland,Aston Villa,2025-09-21,13.0,55.3,0.0,0.0,13.6,38.9
Arsenal,Manchester City,2025-09-21,14.7,43.5,0.0,0.0,11.3,29.2
Brentford,Manchester Utd,2025-09-27,16.6,56.0,0.0,0.0,15.2,37.1
Crystal Palace,Liverpool,2025-09-27,16.7,54.0,0.0,0.0,14.5,36.0
Manchester City,Burnley,2025-09-27,14.6,68.3,0.0,0.0,13.6,44.6
Chelsea,Brighton,2025-09-27,17.0,52.7,0.0,0.0,14.1,35.3
Leeds United,Bournemouth,2025-09-27,14.7,66.7,0.0,0.0,15.9,43.6
Nottingham Forest,Sunderland,2025-09-27,15.2,63.0,0.0,0.0,10.8,33.8
Tottenham Hotspur,Wolves,2025-09-27,12.8,78.7,0.0,0.0,9.2,21.6
Aston Villa,Fulham,2025-09-28,16.1,52.7,0.0,0.0,8.4,28.1
Newcastle United,Arsenal,2025-09-28,14.6,64.0,0.0,0.0,4.1,13.7
Everton,West Ham United,2025-09-29,12.5,85.0,0.0,0.0,5.7,12.2
Bournemouth,Fulham,2025-10-03,17.0,95.3,2.3,0.0,39.5,76.7
Leeds United,Tottenham Hotspur,2025-10-04,12.3,71.0,0.3,0.0,27.7,63.0
Arsenal,West Ham United,2025-10-04,13.1,58.0,0.0,0.0,28.0,83.2
Manchester Utd,Sunderland,2025-10-04,11.8,76.3,0.6,0.0,22.4,73.8
Chelsea,Liverpool,2025-10-04,12.5,67.0,0.0,0.0,19.6,54.0
Wolves,Brighton,2025-10-05,14.1,58.3,0.0,0.0,25.0,57.2
Everton,Crystal Palace,2025-10-05,13.9,66.0,0.1,0.0,34.4,83.9
Aston Villa,Burnley,2025-10-05,14.1,56.0,0.0,0.0,22.7,61.2
Newcastle United,Nottingham Forest,2025-10-05,14.8,54.0,0.0,0.0,26.1,60.8
Brentford,Manchester City,2025-10-05,14.6,60.5,0.0,0.0,14.6,38.2
Nottingham Forest,Chelsea,2025-10-18,14.6,60.0,0.0,0.0,12.8,35.6
Sunderland,Wolves,2025-10-18,11.9,71.3,0.0,0.0,11.1,27.4
Burnley,Leeds United,2025-10-18,11.4,82.0,0.0,0.0,13.2,31.0
Brighton,Newcastle United,2025-10-18,14.0,63.7,0.0,0.0,17.2,42.8
Crystal Palace,Bournemouth,2025-10-18,14.0,62.7,0.0,0.0,9.7,33.5
Manchester City,Everton,2025-10-18,12.8,76.0,0.0,0.0,10.6,27.0
Fulham,Arsenal,2025-10-18,12.8,69.5,0.0,0.0,9.1,20.5
Tottenham Hotspur,Aston Villa,2025-10-19,14.8,88.3,0.9,0.0,15.8,35.6
Liverpool,Manchester Utd,2025-10-19,14.5,93.0,1.1,0.0,21.8,49.3
West Ham United,Brentford,2025-10-20,12.0,94.3,0.3,0.0,5.5,21.2
Leeds United,West Ham United,2025-10-24,8.6,82.3,0.8,0.0,15.2,34.2
Newcastle United,Fulham,2025-10-25,8.0,55.0,0.0,0.0,20.7,51.8
Chelsea,Sunderland,2025-10-25,10.4,64.3,0.1,0.0,16.4,40.7
Manchester Utd,Brighton,2025-10-25,7.8,62.0,0.0,0.0,11.6,28.1
Brentford,Liverpool,2025-10-25,7.1,73.3,0.0,0.0,14.6,36.0
Arsenal,Crystal Palace,2025-10-26,9.4,65.3,0.0,0.0,16.1,45.4
Aston Villa,Manchester City,2025-10-26,8.4,74.7,0.4,0.0,18.1,51.1
Wolves,Burnley,2025-10-26,8.6,74.7,0.5,0.0,20.1,51.8
Bournemouth,Nottingham Forest,2025-10-26,10.6,60.3,0.0,0.0,20.8,56.9
Everton,Tottenham Hotspur,2025-10-26,11.0,87.0,1.7,0.0,38.0,75.6
Crystal Palace,Brentford,2025-11-01,13.2,69.7,0.3,0.0,16.7,45.7
Nottingham Forest,Manchester Utd,2025-11-01,13.5,67.7,0.4,0.0,16.2,44.6
Fulham,Wolves,2025-11-01,13.5,67.7,0.4,0.0,16.2,44.6
Burnley,Arsenal,2025-11-01,9.3,81.3,0.2,0.0,20.8,55.8
Brighton,Leeds United,2025-11-01,12.9,73.0,0.4,0.0,30.8,58.0
Tottenham Hotspur,Chelsea,2025-11-01,10.6,87.5,0.6,0.0,14.3,40.0
Liverpool,Aston Villa,2025-11-01,7.9,80.0,0.0,0.0,13.6,28.4
West Ham United,Newcastle United,2025-11-02,12.0,63.3,0.0,0.0,13.3,33.8
Manchester City,Bournemouth,2025-11-02,9.6,72.0,0.0,0.0,9.6,24.5
Sunderland,Everton,2025-11-03,15.0,81.0,0.3,0.0,28.9,61.9
Tottenham Hotspur,Manchester Utd,2025-11-08,13.4,79.0,0.0,0.0,10.8,26.6
West Ham United,Burnley,2025-11-08,13.8,76.0,0.0,0.0,7.8,25.9
Everton,Fulham,2025-11-08,12.7,77.7,0.0,0.0,6.5,23.4
Sunderland,Arsenal,2025-11-08,11.0,85.5,0.0,0.0,8.2,15.8
Chelsea,Wolves,2025-11-08,10.2,84.0,0.0,0.0,7.5,15.8
Aston Villa,Bournemouth,2025-11-09,12.4,85.7,0.0,0.0,15.8,43.2
Nottingham Forest,Leeds United,2025-11-09,13.4,77.0,0.0,0.0,12.0,34.2
Crystal Palace,Brighton,2025-11-09,13.3,77.0,0.1,0.0,13.8,39.2
Brentford,Newcastle United,2025-11-09,13.4,78.3,0.2,0.0,12.4,34.2
Manchester City,Liverpool,2025-11-09,11.9,88.0,0.5,0.0,13.5,30.6
Burnley,Chelsea,2025-11-22,4.6,98.5,0.0,0.0,10.2,32.4
Bournemouth,West Ham United,2025-11-22,9.6,89.7,5.3,0.0,35.0,66.2
Fulham,Sunderland,2025-11-22,7.4,84.7,1.6,0.0,18.0,45.0
Wolves,Crystal Palace,2025-11-22,7.5,96.3,0.0,0.0,11.8,34.6
Liverpool,Nottingham Forest,2025-11-22,7.5,94.3,0.2,0.0,3.7,14.4
Brighton,Brentford,2025-11-22,8.3,82.7,2.5,0.0,36.5,67.3
Newcastle United,Manchester City,2025-11-22,4.4,95.5,0.0,0.0,7.1,13.0
Leeds United,Aston Villa,2025-11-23,6.3,83.3,0.3,0.0,18.1,47.2
Arsenal,Tottenham Hotspur,2025-11-23,7.6,71.0,0.0,0.0,15.4,36.0
Manchester Utd,Everton,2025-11-24,5.9,82.7,0.1,0.0,9.8,22.0
Sunderland,Bournemouth,2025-11-29,6.0,92.3,2.6,0.0,11.4,27.4
Brentford,Burnley,2025-11-29,8.1,85.0,0.0,0.0,13.5,37.1
Manchester City,Leeds United,2025-11-29,5.4,93.0,0.4,0.0,4.5,13.3
Everton,Newcastle United,2025-11-29,5.8,90.0,0.3,0.0,15.2,36.7
Tottenham Hotspur,Fulham,2025-11-29,5.5,86.7,0.0,0.0,15.3,34.9
Crystal Palace,Manchester Utd,2025-11-30,6.5,74.0,0.0,0.0,11.9,28.8
Nottingham Forest,Brighton,2025-11-30,7.4,73.0,0.0,0.0,10.4,28.8
Aston Villa,Wolves,2025-11-30,6.4,75.5,0.0,0.0,12.0,34.9
West Ham United,Liverpool,2025-11-30,7.3,73.5,0.0,0.0,10.6,35.3
Chelsea,Arsenal,2025-11-30,6.1,78.5,0.0,0.0,9.2,21.2
Bournemouth,Everton,2025-12-02,7.9,87.0,0.3,0.0,14.8,32.8
Fulham,Manchester City,2025-12-02,8.0,87.5,0.2,0.0,10.3,22.0
Newcastle United,Tottenham Hotspur,2025-12-02,4.8,91.5,0.0,0.0,14.8,30.2
Burnley,Crystal Palace,2025-12-03,5.0,93.5,0.0,0.0,20.0,40.3
Wolves,Nottingham Forest,2025-12-03,5.1,94.0,0.0,0.0,14.8,28.8
Arsenal,Brentford,2025-12-03,6.2,90.0,0.0,0.0,10.3,21.2
Brighton,Aston Villa,2025-12-03,8.8,76.0,0.0,0.0,19.5,37.4
Liverpool,Sunderland,2025-12-03,5.7,91.5,0.0,0.0,16.1,33.8
Leeds United,Chelsea,2025-12-03,4.3,93.0,0.0,0.0,10.4,21.2
Manchester Utd,West Ham United,2025-12-04,5.2,91.3,0.8,0.0,7.4,15.5
Aston Villa,Arsenal,2025-12-06,10.2,85.0,0.1,0.0,23.0,50.4
Newcastle United,Burnley,2025-12-06,7.7,91.0,0.0,0.0,6.7,20.9
Manchester City,Sunderland,2025-12-06,9.7,90.3,1.9,0.0,14.6,32.8
Tottenham Hotspur,Brentford,2025-12-06,11.1,79.0,0.0,0.0,21.1,46.8
Bournemouth,Chelsea,2025-12-06,11.5,80.3,0.0,0.0,30.0,66.2
Everton,Nottingham Forest,2025-12-06,9.9,88.3,1.4,0.0,23.3,47.9
Leeds United,Liverpool,2025-12-06,9.4,88.5,0.4,0.0,16.7,39.6
Brighton,West Ham United,2025-12-07,13.4,94.7,5.7,0.0,40.7,81.0
Fulham,Crystal Palace,2025-12-07,14.0,88.5,0.0,0.0,25.3,58.3
Wolves,Manchester Utd,2025-12-08,10.0,94.3,0.0,0.0,15.6,34.2
Liverpool,Brighton,2025-12-13,9.7,76.7,0.0,0.0,16.4,36.0
Chelsea,Everton,2025-12-13,8.6,83.3,0.0,0.0,7.8,19.8
Burnley,Fulham,2025-12-13,8.0,84.0,0.1,0.0,26.0,55.8
Arsenal,Wolves,2025-12-13,6.6,90.0,0.0,0.0,11.8,25.9
Crystal Palace,Manchester City,2025-12-14,9.9,78.3,0.0,0.0,18.6,47.5
Sunderland,Newcastle United,2025-12-14,10.7,85.3,9.9,0.0,28.4,61.2
West Ham United,Aston Villa,2025-12-14,10.2,77.7,0.0,0.0,17.0,44.3
Nottingham Forest,Tottenham Hotspur,2025-12-14,10.1,78.0,0.0,0.0,16.9,40.7
Brentford,Leeds United,2025-12-14,9.2,82.5,0.0,0.0,16.0,36.0
Manchester Utd,Bournemouth,2025-12-15,7.8,97.7,0.6,0.0,3.7,9.7
Newcastle United,Chelsea,2025-12-20,4.9,93.0,0.0,0.0,11.5,24.5
Brighton,Sunderland,2025-12-20,8.8,82.3,0.5,0.0,15.9,32.4
Wolves,Brentford,2025-12-20,6.6,87.0,0.1,0.0,15.6,34.9
Manchester City,West Ham United,2025-12-20,7.2,85.3,0.0,0.0,12.4,33.5
Bournemouth,Burnley,2025-12-20,9.6,73.0,0.0,0.0,21.8,45.0
Tottenham Hotspur,Liverpool,2025-12-20,6.8,92.0,0.0,0.0,12.8,26.6
Everton,Arsenal,2025-12-20,6.0,87.3,0.0,0.0,25.2,50.0
Leeds United,Crystal Palace,2025-12-20,5.9,95.7,0.0,0.0,11.0,25.2
Aston Villa,Manchester Utd,2025-12-21,8.4,97.0,0.0,0.0,11.0,23.8
Fulham,Nottingham Forest,2025-12-22,7.9,97.0,0.0,0.0,9.5,19.8
Manchester Utd,Newcastle United,2025-12-26,4.7,85.7,0.0,0.0,15.0,33.8
Nottingham Forest,Manchester City,2025-12-27,7.0,83.0,0.0,0.0,20.0,52.2
Liverpool,Wolves,2025-12-27,5.9,83.0,0.0,0.0,9.7,22.3
West Ham United,Fulham,2025-12-27,7.4,82.0,0.0,0.0,16.4,40.3
Arsenal,Brighton,2025-12-27,7.1,83.3,0.0,0.0,17.0,41.8
Burnley,Everton,2025-12-27,5.8,87.3,0.0,0.0,23.5,58.7
Brentford,Bournemouth,2025-12-27,7.2,82.3,0.0,0.0,17.4,43.9
Chelsea,Aston Villa,2025-12-27,7.0,83.0,0.0,0.0,15.2,36.7
Sunderland,Leeds United,2025-12-28,6.4,82.7,0.1,0.0,8.5,21.2
Crystal Palace,Tottenham Hotspur,2025-12-28,6.4,79.0,0.0,0.0,12.4,28.1
West Ham United,Brighton,2025-12-30,2.4,89.5,0.0,0.0,9.2,19.8
Nottingham Forest,Everton,2025-12-30,2.7,88.5,0.0,0.0,8.8,18.7
Burnley,Newcastle United,2025-12-30,0.8,89.0,0.0,0.0,3.0,10.1
Chelsea,Bournemouth,2025-12-30,2.7,88.5,0.0,0.0,8.8,18.7
Manchester Utd,Wolves,2025-12-30,1.8,87.5,0.0,0.0,4.5,9.4
Arsenal,Aston Villa,2025-12-30,2.0,91.5,0.0,0.0,9.1,19.8
Liverpool,Leeds United,2026-01-01,5.2,76.0,0.0,0.0,29.0,64.1
Crystal Palace,Fulham,2026-01-01,4.2,81.0,0.0,0.0,13.5,29.5
Brentford,Tottenham Hotspur,2026-01-01,3.8,80.0,0.0,0.0,15.3,34.6
Sunderland,Manchester City,2026-01-01,1.8,60.3,0.0,0.0,24.3,50.8
Aston Villa,Nottingham Forest,2026-01-03,1.2,68.0,0.0,0.0,14.0,33.5
Brighton,Burnley,2026-01-03,1.8,63.0,0.0,0.0,21.4,48.6
Wolves,West Ham United,2026-01-03,0.7,74.0,0.0,0.0,15.8,35.6
Bournemouth,Arsenal,2026-01-03,1.0,71.0,0.0,0.0,13.8,27.7
Leeds United,Manchester Utd,2026-01-04,1.7,63.0,0.0,0.0,11.2,24.5
Everton,Brentford,2026-01-04,3.2,75.7,1.2,0.7,18.6,45.4
Newcastle United,Crystal Palace,2026-01-04,-0.8,76.0,0.0,0.0,14.1,33.8
Tottenham Hotspur,Sunderland,2026-01-04,1.1,73.0,0.0,0.0,9.6,24.8
Fulham,Liverpool,2026-01-04,1.0,76.0,0.0,0.0,8.9,20.2
Manchester City,Chelsea,2026-01-04,-0.4,87.5,0.0,0.0,6.5,15.1
West Ham United,Nottingham Forest,2026-01-06,2.9,82.3,0.4,0.0,15.7,37.1
Fulham,Chelsea,2026-01-07,2.4,81.0,0.0,0.0,11.4,25.2
Everton,Wolves,2026-01-07,5.3,69.0,0.0,0.0,17.2,42.8
Manchester City,Brighton,2026-01-07,1.5,80.5,0.0,0.0,3.4,13.0
Crystal Palace,Aston Villa,2026-01-07,2.2,82.0,0.0,0.0,11.9,26.3
Brentford,Sunderland,2026-01-07,2.0,83.0,0.0,0.0,10.4,22.7
Bournemouth,Tottenham Hotspur,2026-01-07,5.8,83.5,0.0,0.0,4.0,15.5
Burnley,Manchester Utd,2026-01-07,0.4,82.5,0.0,0.0,8.0,23.4
Newcastle United,Leeds United,2026-01-07,1.9,90.0,0.4,0.1,10.7,22.3
Arsenal,Liverpool,2026-01-08,4.8,97.3,6.0,0.0,21.5,54.4
Manchester Utd,Manchester City,2026-01-17,8.3,83.0,0.0,0.0,11.2,29.5
Chelsea,Brentford,2026-01-17,9.5,82.7,0.0,0.0,6.1,15.1
Liverpool,Burnley,2026-01-17,8.0,83.3,0.0,0.0,11.3,34.9
Tottenham Hotspur,West Ham United,2026-01-17,9.1,86.3,0.0,0.0,6.9,18.4
Sunderland,Crystal Palace,2026-01-17,7.1,93.0,0.0,0.0,8.0,23.4
Leeds United,Fulham,2026-01-17,7.3,90.7,0.0,0.0,6.0,20.5
Nottingham Forest,Arsenal,2026-01-17,7.8,91.5,0.0,0.0,7.4,14.8
Wolves,Newcastle United,2026-01-18,6.2,97.3,0.9,0.0,5.9,15.5
Aston Villa,Everton,2026-01-18,6.2,97.5,0.3,0.0,6.8,14.8
Brighton,Bournemouth,2026-01-19,9.4,91.0,0.5,0.0,21.4,38.9
West Ham United,Sunderland,2026-01-24,9.0,75.0,0.0,0.0,15.2,43.6
Burnley,Tottenham Hotspur,2026-01-24,6.5,81.0,0.0,0.0,26.9,59.0
Fulham,Brighton,2026-01-24,8.4,77.0,0.0,0.0,16.4,38.2
Manchester City,Wolves,2026-01-24,8.2,71.7,0.0,0.0,19.4,49.3
Bournemouth,Liverpool,2026-01-24,7.4,89.0,1.6,0.0,31.3,64.1
Brentford,Nottingham Forest,2026-01-25,7.8,79.3,0.2,0.0,12.9,31.3
Newcastle United,Aston Villa,2026-01-25,5.7,83.0,0.2,0.0,19.2,47.2
Crystal Palace,Chelsea,2026-01-25,7.6,80.0,0.0,0.0,13.1,35.3
Arsenal,Manchester Utd,2026-01-25,6.2,86.5,0.0,0.0,10.8,28.4
Everton,Leeds United,2026-01-26,4.1,88.0,0.8,0.0,29.4,60.5
Wolves,Bournemouth,2026-01-31,7.3,85.7,0.4,0.0,15.6,35.3
Leeds United,Arsenal,2026-01-31,8.7,74.7,0.0,0.0,12.7,33.5
Brighton,Everton,2026-01-31,8.3,85.7,0.5,0.0,14.5,32.4
Chelsea,West Ham United,2026-01-31,7.8,84.5,0.1,0.0,10.1,25.2
Liverpool,Newcastle United,2026-01-31,5.2,92.0,0.6,0.0,10.3,22.0
Aston Villa,Brentford,2026-02-01,7.8,88.0,0.6,0.0,4.4,14.4
Nottingham Forest,Crystal Palace,2026-02-01,8.9,88.0,0.1,0.0,4.7,14.8
Manchester Utd,Fulham,2026-02-01,8.8,84.3,0.1,0.0,4.6,16.9
Tottenham Hotspur,Manchester City,2026-02-01,7.4,93.5,0.3,0.0,6.5,13.7
Sunderland,Burnley,2026-02-02,4.7,88.7,0.8,0.0,24.6,49.3
Leeds United,Nottingham Forest,2026-02-06,4.3,97.7,0.1,0.0,11.1,24.5
Manchester Utd,Tottenham Hotspur,2026-02-07,8.2,84.0,2.0,0.0,12.6,37.1
Arsenal,Sunderland,2026-02-07,10.4,81.3,0.1,0.0,14.8,36.7
Burnley,West Ham United,2026-02-07,7.0,95.7,1.0,0.0,19.2,44.6
Fulham,Everton,2026-02-07,10.4,81.0,0.2,0.0,14.0,36.0
Bournemouth,Aston Villa,2026-02-07,10.6,84.0,0.0,0.0,25.8,57.2
Wolves,Chelsea,2026-02-07,9.3,86.0,2.0,0.0,16.9,37.8
Newcastle United,Brentford,2026-02-07,7.0,94.5,0.0,0.0,13.3,28.8
Brighton,Crystal Palace,2026-02-08,9.3,88.0,0.1,0.0,15.5,34.9
Liverpool,Manchester City,2026-02-08,8.9,84.0,0.7,0.0,11.4,27.0
Everton,Bournemouth,2026-02-10,7.4,96.0,2.1,0.0,20.0,36.4
Chelsea,Leeds United,2026-02-10,9.0,96.0,0.1,0.0,6.9,15.1
Tottenham Hotspur,Newcastle United,2026-02-10,8.7,98.5,0.4,0.0,8.4,18.7
West Ham United,Manchester Utd,2026-02-10,9.0,98.0,0.2,0.0,6.8,16.2
Nottingham Forest,Wolves,2026-02-11,9.4,90.5,0.3,0.0,8.8,22.7
Manchester City,Fulham,2026-02-11,8.0,95.5,0.4,0.0,7.4,16.2
Aston Villa,Brighton,2026-02-11,7.1,91.5,0.0,0.0,8.4,18.7
Crystal Palace,Burnley,2026-02-11,9.2,91.5,0.9,0.0,9.8,23.8
Sunderland,Liverpool,2026-02-11,5.8,94.5,2.8,0.0,29.0,56.2
Brentford,Arsenal,2026-02-12,7.0,95.0,0.2,0.0,4.6,20.5
Wolves,Arsenal,2026-02-18,1.9,92.3,1.4,0.2,23.2,45.0
Chelsea,Burnley,2026-02-21,12.8,87.0,0.1,0.0,16.0,48.6
Brentford,Brighton,2026-02-21,12.9,87.0,0.1,0.0,15.5,42.1
Aston Villa,Leeds United,2026-02-21,12.6,82.3,0.4,0.0,19.1,51.1
West Ham United,Bournemouth,2026-02-21,13.0,88.0,1.5,0.0,16.0,36.0
Manchester City,Newcastle United,2026-02-21,11.2,92.0,0.5,0.0,18.1,40.0
Sunderland,Fulham,2026-02-22,11.5,64.0,0.1,0.0,21.0,54.7
Nottingham Forest,Liverpool,2026-02-22,13.0,77.3,0.2,0.0,16.6,43.9
Crystal Palace,Wolves,2026-02-22,12.9,78.7,0.2,0.0,17.3,44.3
Tottenham Hotspur,Arsenal,2026-02-22,12.3,73.0,0.0,0.0,16.5,49.3
Everton,Manchester Utd,2026-02-23,9.9,93.3,0.3,0.0,7.4,17.3
Wolves,Aston Villa,2026-02-27,7.8,95.7,3.3,0.0,15.4,32.8
Bournemouth,Sunderland,2026-02-28,10.0,56.5,0.2,0.0,18.2,42.8
Burnley,Brentford,2026-02-28,6.1,76.3,0.1,0.0,15.4,33.8
Liverpool,West Ham United,2026-02-28,7.4,59.3,0.0,0.0,11.0,35.3
Newcastle United,Everton,2026-02-28,7.6,71.3,0.3,0.0,5.1,17.3
Leeds United,Manchester City,2026-02-28,5.9,66.0,0.0,0.0,8.6,23.8
Brighton,Nottingham Forest,2026-03-01,10.4,89.3,0.4,0.0,29.5,63.7
Manchester Utd,Crystal Palace,2026-03-01,12.3,73.3,0.0,0.0,19.4,52.9
Fulham,Tottenham Hotspur,2026-03-01,12.0,83.3,0.2,0.0,16.5,46.1
Arsenal,Chelsea,2026-03-01,11.8,82.0,0.0,0.0,17.8,44.6
Bournemouth,Brentford,2026-03-03,10.2,82.5,0.0,0.0,13.1,25.2
Leeds United,Sunderland,2026-03-03,6.1,81.5,0.0,0.0,8.7,18.4
Everton,Burnley,2026-03-03,8.8,76.0,0.0,0.0,13.6,26.6
Wolves,Liverpool,2026-03-03,8.8,77.5,0.0,0.0,11.4,23.0
Brighton,Arsenal,2026-03-04,10.3,74.5,0.0,0.0,18.8,33.5
Manchester City,Nottingham Forest,2026-03-04,10.2,80.0,0.0,0.0,13.0,27.7
Fulham,West Ham United,2026-03-04,9.0,87.0,0.0,0.0,10.8,22.7
Aston Villa,Chelsea,2026-03-04,9.2,87.5,0.0,0.0,12.5,25.6
Newcastle United,Manchester Utd,2026-03-04,8.0,85.5,0.0,0.0,13.8,27.4
Tottenham Hotspur,Crystal Palace,2026-03-05,11.3,82.0,0.0,0.0,6.9,17.3
Sunderland,Brighton,2026-03-14,9.1,51.7,0.0,0.0,15.4,37.8
Burnley,Bournemouth,2026-03-14,7.2,63.0,0.1,0.0,17.1,39.2
Arsenal,Everton,2026-03-14,8.2,57.5,0.0,0.0,6.8,29.2
Chelsea,Newcastle United,2026-03-14,8.7,54.0,0.0,0.0,6.6,27.0
West Ham United,Manchester City,2026-03-14,5.9,70.7,0.0,0.0,3.4,9.7
Nottingham Forest,Fulham,2026-03-15,11.1,63.3,0.0,0.0,24.4,61.2
Crystal Palace,Leeds United,2026-03-15,10.8,64.7,0.0,0.0,26.7,62.6
Manchester Utd,Aston Villa,2026-03-15,8.6,85.7,3.6,0.0,21.5,53.3
Liverpool,Tottenham Hotspur,2026-03-15,7.4,78.5,0.4,0.0,24.4,58.7
Brentford,Wolves,2026-03-16,9.4,87.0,0.0,0.0,12.1,27.0
Bournemouth,Manchester Utd,2026-03-20,10.5,75.7,0.0,0.0,8.8,19.8
Brighton,Liverpool,2026-03-21,11.2,65.5,0.0,0.0,12.4,30.2
Fulham,Burnley,2026-03-21,12.3,48.0,0.0,0.0,6.1,20.5
Everton,Chelsea,2026-03-21,10.0,100.0,0.0,0.0,4.2,13.3
Leeds United,Brentford,2026-03-21,9.3,79.0,0.0,0.0,5.0,11.2
Newcastle United,Sunderland,2026-03-22,11.4,69.0,0.0,0.0,10.0,29.9
Aston Villa,West Ham United,2026-03-22,13.2,63.5,0.0,0.0,6.1,18.7
Tottenham Hotspur,Nottingham Forest,2026-03-22,11.4,65.0,0.0,0.0,3.4,13.7
West Ham United,Wolves,2026-04-10,9.8,49.7,0.0,0.0,12.1,32.0
Arsenal,Bournemouth,2026-04-11,11.4,41.5,0.0,0.0,18.4,47.2
Burnley,Brighton,2026-04-11,7.6,68.3,2.2,1.1,25.6,64.4
Brentford,Everton,2026-04-11,12.4,30.3,0.1,0.0,24.0,60.8
Liverpool,Fulham,2026-04-11,8.4,67.0,0.5,0.0,22.0,61.6
Crystal Palace,Newcastle United,2026-04-12,14.2,38.3,0.2,0.0,21.6,54.7
Nottingham Forest,Aston Villa,2026-04-12,14.6,35.7,0.1,0.0,20.7,55.1
Sunderland,Tottenham Hotspur,2026-04-12,12.1,51.7,0.0,0.0,24.1,58.7
Chelsea,Manchester City,2026-04-12,13.2,41.5,0.1,0.0,17.6,50.4
Manchester Utd,Leeds United,2026-04-13,7.4,80.7,0.0,0.0,4.2,10.4
Brentford,Fulham,2026-04-18,16.0,38.5,0.0,0.0,11.5,34.9
Newcastle United,Bournemouth,2026-04-18,13.4,57.7,0.2,0.0,22.1,53.3
Leeds United,Wolves,2026-04-18,12.8,59.3,0.2,0.0,19.2,46.4
Tottenham Hotspur,Brighton,2026-04-18,15.0,38.0,0.0,0.0,11.8,33.5
Chelsea,Manchester Utd,2026-04-18,13.3,49.0,0.0,0.0,10.8,31.7
Nottingham Forest,Burnley,2026-04-19,15.5,28.0,0.0,0.0,10.2,31.3
Aston Villa,Sunderland,2026-04-19,12.4,39.3,0.0,0.0,11.4,32.4
Everton,Liverpool,2026-04-19,10.1,64.0,0.0,0.0,12.1,34.2
Manchester City,Arsenal,2026-04-19,10.9,60.5,0.0,0.0,10.0,25.9
Crystal Palace,West Ham United,2026-04-20,10.4,56.0,0.0,0.0,14.0,34.6
Brighton,Chelsea,2026-04-21,8.7,67.7,0.0,0.0,25.0,46.8
Burnley,Manchester City,2026-04-22,6.9,78.3,0.0,0.0,24.5,51.5
Bournemouth,Leeds United,2026-04-22,13.1,46.0,0.0,0.0,23.8,52.6
Sunderland,Nottingham Forest,2026-04-24,10.6,81.3,0.0,0.0,2.9,15.1
Fulham,Aston Villa,2026-04-25,19.2,14.0,0.0,0.0,1.3,13.7
Wolves,Tottenham Hotspur,2026-04-25,19.5,25.0,0.0,0.0,5.1,18.4
Liverpool,Crystal Palace,2026-04-25,18.9,29.0,0.0,0.0,5.2,19.4
West Ham United,Everton,2026-04-25,20.9,11.7,0.0,0.0,4.3,21.2
Arsenal,Newcastle United,2026-04-25,20.3,15.0,0.0,0.0,8.8,24.5
Manchester Utd,Brentford,2026-04-27,12.7,66.0,0.0,0.0,8.1,26.3
Manchester Utd,Fulham,2024-08-16,14.3,75.0,0.0,0.0,5.1,15.8
Ipswich Town,Liverpool,2024-08-17,22.2,48.0,0.0,0.0,7.2,20.5
Newcastle United,Southampton,2024-08-17,18.7,56.7,0.0,0.0,18.4,34.6
Everton,Brighton,2024-08-17,17.4,62.7,0.0,0.0,11.9,26.6
Nottingham Forest,Bournemouth,2024-08-17,22.1,40.3,0.0,0.0,9.4,22.3
Arsenal,Wolves,2024-08-17,21.9,41.7,0.0,0.0,8.0,20.5
West Ham United,Aston Villa,2024-08-17,21.5,40.0,0.0,0.0,8.9,20.2
Brentford,Crystal Palace,2024-08-18,23.6,36.3,0.0,0.0,14.6,31.7
Chelsea,Manchester City,2024-08-18,24.6,34.5,0.0,0.0,16.8,31.3
Leicester City,Tottenham Hotspur,2024-08-19,17.6,74.7,0.0,0.0,29.8,51.5
Brighton,Manchester Utd,2024-08-24,16.2,86.0,1.5,0.0,16.0,43.2
Manchester City,Ipswich Town,2024-08-24,16.0,60.3,0.0,0.0,21.0,40.3
Southampton,Nottingham Forest,2024-08-24,18.2,60.7,0.1,0.0,20.2,44.6
Tottenham Hotspur,Everton,2024-08-24,16.3,85.0,1.1,0.0,12.2,30.6
Fulham,Leicester City,2024-08-24,16.5,82.7,3.3,0.0,15.8,33.1
Crystal Palace,West Ham United,2024-08-24,16.1,85.7,4.1,0.0,15.9,36.4
Aston Villa,Arsenal,2024-08-24,15.8,53.0,0.0,0.0,19.6,40.7
Wolves,Chelsea,2024-08-25,15.6,68.3,0.0,0.0,29.8,60.8
Bournemouth,Newcastle United,2024-08-25,17.2,63.3,0.3,0.0,33.5,64.4
Liverpool,Brentford,2024-08-25,16.3,74.0,0.1,0.0,26.4,51.8
Arsenal,Brighton,2024-08-31,19.6,56.0,0.0,0.0,25.2,45.7
Ipswich Town,Fulham,2024-08-31,19.3,61.3,0.1,0.0,26.0,51.5
Nottingham Forest,Wolves,2024-08-31,19.9,58.7,0.0,0.0,28.3,50.8
Brentford,Southampton,2024-08-31,20.1,56.3,0.0,0.0,25.8,51.1
Leicester City,Aston Villa,2024-08-31,18.1,59.3,0.1,0.0,23.4,45.0
Everton,Bournemouth,2024-08-31,19.5,54.7,0.0,0.0,18.2,34.6
West Ham United,Manchester City,2024-08-31,18.4,69.5,0.0,0.0,21.6,47.2
Newcastle United,Tottenham Hotspur,2024-09-01,15.8,89.5,2.1,0.0,17.8,38.2
Chelsea,Crystal Palace,2024-09-01,26.6,59.5,0.0,0.0,16.4,33.1
Manchester Utd,Liverpool,2024-09-01,19.0,87.0,10.3,0.0,12.5,24.8
Southampton,Manchester Utd,2024-09-14,16.0,60.0,0.0,0.0,12.8,27.0
Manchester City,Brentford,2024-09-14,18.1,61.7,0.0,0.0,19.4,38.5
Liverpool,Nottingham Forest,2024-09-14,17.5,62.7,0.0,0.0,21.3,39.6
Crystal Palace,Leicester City,2024-09-14,17.9,51.3,0.0,0.0,14.5,30.6
Fulham,West Ham United,2024-09-14,18.3,49.3,0.0,0.0,14.7,28.4
Brighton,Ipswich Town,2024-09-14,15.7,58.0,0.0,0.0,13.4,27.0
Aston Villa,Everton,2024-09-14,15.2,64.0,0.0,0.0,15.1,34.6
Bournemouth,Chelsea,2024-09-14,12.8,79.3,0.0,0.0,9.1,18.4
Tottenham Hotspur,Arsenal,2024-09-15,18.5,59.3,0.0,0.0,16.3,34.6
Wolves,Newcastle United,2024-09-15,15.6,81.0,0.0,0.0,13.2,29.9
West Ham United,Chelsea,2024-09-21,23.0,55.5,0.1,0.0,13.2,34.9
Tottenham Hotspur,Brentford,2024-09-21,22.5,55.0,0.0,0.0,15.8,36.0
Aston Villa,Wolves,2024-09-21,19.3,75.0,7.1,0.0,12.1,37.1
Fulham,Newcastle United,2024-09-21,22.6,57.7,0.3,0.0,15.2,34.2
Southampton,Ipswich Town,2024-09-21,21.2,64.7,0.1,0.0,13.9,33.8
Leicester City,Everton,2024-09-21,19.0,78.3,6.2,0.0,15.9,40.7
Liverpool,Bournemouth,2024-09-21,20.4,66.0,0.4,0.0,18.6,36.4
Crystal Palace,Manchester Utd,2024-09-21,20.2,66.5,0.0,0.0,10.0,23.4
Brighton,Nottingham Forest,2024-09-22,18.3,84.7,1.9,0.0,16.9,40.7
Manchester City,Arsenal,2024-09-22,15.9,86.0,0.0,0.0,24.5,44.6
Newcastle United,Manchester City,2024-09-28,11.9,64.5,0.0,0.0,16.0,34.2
Brentford,West Ham United,2024-09-28,13.4,57.7,0.0,0.0,9.9,25.9
Everton,Crystal Palace,2024-09-28,12.3,70.7,0.2,0.0,19.8,37.8
Arsenal,Leicester City,2024-09-28,13.2,58.7,0.0,0.0,11.2,27.4
Chelsea,Brighton,2024-09-28,13.4,57.7,0.0,0.0,10.9,26.6
Nottingham Forest,Fulham,2024-09-28,13.4,57.7,0.0,0.0,10.9,26.6
Wolves,Liverpool,2024-09-28,10.6,75.5,0.0,0.0,6.1,22.3
Ipswich Town,Aston Villa,2024-09-29,13.7,61.7,0.0,0.0,24.9,47.9
Manchester Utd,Tottenham Hotspur,2024-09-29,13.3,63.5,0.0,0.0,25.0,46.4
Bournemouth,Southampton,2024-09-30,12.3,79.3,0.0,0.0,22.8,44.6
Crystal Palace,Liverpool,2024-10-05,16.3,57.5,0.0,0.0,17.4,35.3
Brentford,Wolves,2024-10-05,15.9,57.7,0.0,0.0,16.5,34.2
Leicester City,Bournemouth,2024-10-05,15.5,60.3,0.0,0.0,22.0,42.1
Manchester City,Fulham,2024-10-05,15.8,61.3,0.0,0.0,19.6,41.4
West Ham United,Ipswich Town,2024-10-05,16.1,56.0,0.0,0.0,17.4,32.0
Arsenal,Southampton,2024-10-05,15.9,57.3,0.0,0.0,17.9,32.8
Everton,Newcastle United,2024-10-05,14.2,64.5,0.0,0.0,21.5,37.8
Aston Villa,Manchester Utd,2024-10-06,12.8,87.3,0.2,0.0,18.3,36.7
Chelsea,Nottingham Forest,2024-10-06,14.8,76.3,0.0,0.0,19.0,36.4
Brighton,Tottenham Hotspur,2024-10-06,15.7,90.0,1.0,0.0,21.0,38.9
Tottenham Hotspur,West Ham United,2024-10-19,15.6,77.0,0.0,0.0,13.2,30.6
Fulham,Aston Villa,2024-10-19,16.0,68.3,0.0,0.0,11.2,26.6
Ipswich Town,Everton,2024-10-19,15.2,79.3,0.2,0.0,14.1,36.7
Southampton,Leicester City,2024-10-19,16.0,65.0,0.0,0.0,10.6,25.9
Manchester Utd,Brentford,2024-10-19,14.3,71.3,0.1,0.0,9.6,25.2
Newcastle United,Brighton,2024-10-19,14.2,71.3,0.0,0.0,10.7,22.3
Bournemouth,Arsenal,2024-10-19,13.0,84.0,0.0,0.0,11.2,24.8
Wolves,Manchester City,2024-10-20,15.6,71.3,0.0,0.0,30.2,60.8
Liverpool,Chelsea,2024-10-20,14.6,61.0,0.0,0.0,40.3,70.9
Nottingham Forest,Crystal Palace,2024-10-21,10.9,95.3,0.2,0.0,10.4,18.7
Leicester City,Nottingham Forest,2024-10-25,13.4,92.7,0.0,0.0,8.8,16.2
Brighton,Wolves,2024-10-26,14.2,92.3,0.5,0.0,6.8,14.4
Manchester City,Southampton,2024-10-26,13.2,74.0,0.0,0.0,12.8,26.6
Brentford,Ipswich Town,2024-10-26,13.6,91.7,0.1,0.0,3.1,9.7
Aston Villa,Bournemouth,2024-10-26,13.2,78.0,0.0,0.0,9.3,22.3
Everton,Fulham,2024-10-26,11.0,80.5,0.0,0.0,10.0,18.0
West Ham United,Manchester Utd,2024-10-27,14.0,66.3,0.0,0.0,3.2,10.8
Chelsea,Newcastle United,2024-10-27,14.1,66.0,0.0,0.0,3.6,11.2
Crystal Palace,Tottenham Hotspur,2024-10-27,14.2,67.3,0.0,0.0,3.8,12.6
Arsenal,Liverpool,2024-10-27,12.2,79.0,0.0,0.0,5.8,12.2
Newcastle United,Arsenal,2024-11-02,12.6,87.0,0.0,0.0,15.6,29.9
Liverpool,Brighton,2024-11-02,12.3,84.3,0.0,0.0,10.8,24.8
Southampton,Everton,2024-11-02,13.8,81.7,0.0,0.0,11.7,25.6
Nottingham Forest,West Ham United,2024-11-02,14.1,80.7,0.1,0.0,12.9,22.7
Ipswich Town,Leicester City,2024-11-02,13.0,82.7,0.0,0.0,12.4,29.5
Bournemouth,Manchester City,2024-11-02,13.4,87.7,0.4,0.0,18.8,37.4
Wolves,Crystal Palace,2024-11-02,11.6,91.0,0.0,0.0,6.6,12.6
Tottenham Hotspur,Aston Villa,2024-11-03,12.8,76.0,0.0,0.0,12.4,25.9
Manchester Utd,Chelsea,2024-11-03,11.2,82.0,0.0,0.0,3.9,13.3
Fulham,Brentford,2024-11-04,11.1,89.7,0.0,0.0,9.0,16.6
West Ham United,Everton,2024-11-09,8.6,72.0,0.0,0.0,5.1,11.9
Crystal Palace,Fulham,2024-11-09,8.6,74.0,0.0,0.0,5.8,13.0
Wolves,Southampton,2024-11-09,7.1,73.3,0.0,0.0,3.8,11.9
Brentford,Bournemouth,2024-11-09,8.5,74.0,0.0,0.0,4.6,11.5
Brighton,Manchester City,2024-11-09,8.4,85.5,0.0,0.0,6.8,13.7
Liverpool,Aston Villa,2024-11-09,7.1,77.0,0.0,0.0,9.2,15.8
Tottenham Hotspur,Ipswich Town,2024-11-10,10.4,87.7,0.0,0.0,9.1,19.1
Nottingham Forest,Newcastle United,2024-11-10,11.1,86.3,0.0,0.0,9.3,18.7
Manchester Utd,Leicester City,2024-11-10,11.9,89.7,0.4,0.0,9.6,18.0
Chelsea,Arsenal,2024-11-10,11.0,91.0,0.0,0.0,7.7,13.3
Leicester City,Chelsea,2024-11-23,10.2,93.5,1.3,0.0,34.2,70.9
Aston Villa,Crystal Palace,2024-11-23,12.5,92.3,1.3,0.0,32.6,79.9
Fulham,Wolves,2024-11-23,11.3,89.0,3.8,0.0,28.7,65.9
Bournemouth,Brighton,2024-11-23,13.7,92.0,4.3,0.0,47.5,92.9
Arsenal,Nottingham Forest,2024-11-23,11.1,89.7,2.2,0.0,27.8,64.8
Everton,Brentford,2024-11-23,13.1,88.0,9.5,0.0,20.6,61.2
Manchester City,Tottenham Hotspur,2024-11-23,12.7,93.0,2.0,0.0,18.1,46.4
Southampton,Liverpool,2024-11-24,16.5,74.0,1.1,0.0,37.5,95.4
Ipswich Town,Manchester Utd,2024-11-24,16.0,66.5,0.0,0.0,38.5,76.3
Newcastle United,West Ham United,2024-11-25,6.6,75.0,0.0,0.0,25.7,55.1
Brighton,Southampton,2024-11-29,9.6,73.0,0.0,0.0,23.3,43.2
Wolves,Bournemouth,2024-11-30,12.7,93.0,0.0,0.0,16.8,36.7
Nottingham Forest,Ipswich Town,2024-11-30,13.1,90.3,0.0,0.0,9.2,20.9
Brentford,Leicester City,2024-11-30,13.3,90.0,0.0,0.0,9.8,21.6
Crystal Palace,Newcastle United,2024-11-30,13.0,91.0,0.0,0.0,10.8,23.8
West Ham United,Arsenal,2024-11-30,11.9,95.5,0.0,0.0,11.4,24.5
Manchester Utd,Everton,2024-12-01,13.2,89.0,0.2,0.0,12.1,34.9
Tottenham Hotspur,Fulham,2024-12-01,11.8,95.5,1.3,0.0,14.6,33.1
Chelsea,Aston Villa,2024-12-01,12.6,93.5,0.7,0.0,15.2,35.6
Liverpool,Manchester City,2024-12-01,12.3,86.0,0.0,0.0,12.6,27.4
Ipswich Town,Crystal Palace,2024-12-03,1.9,95.5,0.0,0.0,7.4,14.8
Leicester City,West Ham United,2024-12-03,2.0,92.5,0.0,0.0,8.2,19.4
Newcastle United,Liverpool,2024-12-04,6.2,92.5,0.4,0.0,23.2,51.5
Everton,Wolves,2024-12-04,9.0,91.5,0.8,0.0,24.8,49.0
Manchester City,Nottingham Forest,2024-12-04,8.5,90.0,1.4,0.0,22.1,47.9
Southampton,Chelsea,2024-12-04,9.9,86.5,1.0,0.0,19.0,37.8
Arsenal,Manchester Utd,2024-12-04,9.0,84.5,0.4,0.0,15.6,35.3
Aston Villa,Brentford,2024-12-04,8.3,93.5,0.7,0.0,25.0,56.5
Fulham,Brighton,2024-12-05,12.2,85.5,3.0,0.0,28.0,75.2
Bournemouth,Tottenham Hotspur,2024-12-05,11.4,73.5,0.2,0.0,32.7,82.1
Aston Villa,Southampton,2024-12-07,5.3,87.7,2.7,0.0,40.3,92.2
Crystal Palace,Manchester City,2024-12-07,6.7,80.3,0.1,0.0,23.8,60.5
Brentford,Newcastle United,2024-12-07,6.8,79.7,0.0,0.0,26.3,59.0
Manchester Utd,Nottingham Forest,2024-12-07,6.1,78.0,0.7,0.0,31.5,71.3
Leicester City,Brighton,2024-12-08,5.7,91.3,1.2,0.0,28.6,61.2
Ipswich Town,Bournemouth,2024-12-08,8.0,81.7,0.6,0.0,26.0,58.0
Fulham,Arsenal,2024-12-08,6.8,84.7,0.9,0.0,24.0,58.7
Tottenham Hotspur,Chelsea,2024-12-08,6.6,90.0,1.2,0.0,28.0,61.9
West Ham United,Wolves,2024-12-09,7.5,80.0,0.0,0.0,21.3,49.7
Liverpool,Fulham,2024-12-14,7.9,80.3,0.2,0.0,18.1,41.8
Wolves,Ipswich Town,2024-12-14,6.4,79.3,0.0,0.0,12.4,29.5
Newcastle United,Leicester City,2024-12-14,5.6,85.0,0.0,0.0,16.6,37.1
Arsenal,Everton,2024-12-14,6.6,79.3,0.0,0.0,11.1,29.9
Nottingham Forest,Aston Villa,2024-12-14,5.3,84.0,0.0,0.0,10.4,22.3
Brighton,Crystal Palace,2024-12-15,11.9,89.3,0.0,0.0,17.3,36.0
Manchester City,Manchester Utd,2024-12-15,11.4,85.5,0.0,0.0,12.8,29.5
Southampton,Tottenham Hotspur,2024-12-15,11.0,89.7,0.0,0.0,16.9,34.9
Chelsea,Brentford,2024-12-15,11.0,87.7,0.0,0.0,15.2,35.6
Bournemouth,West Ham United,2024-12-16,9.9,90.0,0.0,0.0,13.0,29.9
Aston Villa,Manchester City,2024-12-21,11.5,80.5,0.1,0.0,26.5,61.6
Ipswich Town,Newcastle United,2024-12-21,11.0,86.3,0.7,0.0,26.3,53.6
Brentford,Nottingham Forest,2024-12-21,12.0,84.0,0.4,0.0,23.4,59.4
West Ham United,Brighton,2024-12-21,11.9,83.3,0.2,0.0,22.3,56.5
Crystal Palace,Arsenal,2024-12-21,10.2,81.0,0.1,0.0,19.2,52.6
Manchester Utd,Bournemouth,2024-12-22,5.7,75.3,0.1,0.0,27.5,66.6
Leicester City,Wolves,2024-12-22,4.6,70.0,0.0,0.0,27.4,66.6
Everton,Chelsea,2024-12-22,6.5,74.3,2.2,0.6,39.5,94.0
Fulham,Southampton,2024-12-22,5.5,65.7,0.1,0.0,20.1,54.4
Tottenham Hotspur,Liverpool,2024-12-22,5.3,68.5,0.0,0.0,26.3,59.0
Manchester City,Everton,2024-12-26,8.0,94.0,0.0,0.0,3.8,14.0
Southampton,West Ham United,2024-12-26,7.6,88.0,0.0,0.0,3.1,11.5
Newcastle United,Aston Villa,2024-12-26,7.4,96.3,0.0,0.0,3.1,7.2
Nottingham Forest,Tottenham Hotspur,2024-12-26,7.1,91.0,0.0,0.0,1.7,6.8
Bournemouth,Crystal Palace,2024-12-26,7.5,86.3,0.0,0.0,4.9,13.7
Chelsea,Fulham,2024-12-26,7.1,91.0,0.0,0.0,1.7,6.8
Wolves,Manchester Utd,2024-12-26,5.7,99.0,0.0,0.0,5.3,11.9
Liverpool,Leicester City,2024-12-26,6.8,97.0,0.0,0.0,8.3,19.8
Brighton,Brentford,2024-12-27,5.0,94.5,0.0,0.0,4.2,8.6
Arsenal,Ipswich Town,2024-12-27,6.1,96.0,0.0,0.0,0.3,2.2
Leicester City,Manchester City,2024-12-29,7.9,88.5,0.0,0.0,14.6,36.7
Everton,Nottingham Forest,2024-12-29,9.1,84.0,0.0,0.0,15.3,38.9
Tottenham Hotspur,Wolves,2024-12-29,5.8,93.3,0.0,0.0,11.1,24.5
Fulham,Bournemouth,2024-12-29,6.1,91.0,0.0,0.0,9.8,24.1
Crystal Palace,Southampton,2024-12-29,6.1,90.3,0.0,0.0,10.1,23.0
West Ham United,Liverpool,2024-12-29,6.6,92.5,0.0,0.0,9.9,21.6
Aston Villa,Brighton,2024-12-30,7.6,86.0,0.0,0.0,16.6,40.0
Ipswich Town,Chelsea,2024-12-30,5.6,92.0,0.0,0.0,16.6,32.0
Manchester Utd,Newcastle United,2024-12-30,8.3,85.3,0.0,0.0,9.4,26.3
Brentford,Arsenal,2025-01-01,6.0,91.0,1.1,0.0,16.0,36.4
Tottenham Hotspur,Newcastle United,2025-01-04,2.4,84.0,0.0,0.0,6.6,15.8
Aston Villa,Leicester City,2025-01-04,0.8,89.0,0.0,0.0,7.3,18.0
Bournemouth,Everton,2025-01-04,4.3,74.3,0.1,0.0,19.8,40.3
Crystal Palace,Chelsea,2025-01-04,3.0,77.3,0.0,0.0,9.0,20.5
Southampton,Brentford,2025-01-04,3.2,71.0,0.0,0.0,13.9,28.8
Manchester City,West Ham United,2025-01-04,1.7,88.0,0.0,0.0,5.6,10.4
Brighton,Arsenal,2025-01-04,4.2,72.0,0.1,0.0,24.7,45.4
Fulham,Ipswich Town,2025-01-05,12.3,92.7,0.4,0.0,22.7,52.2
Liverpool,Manchester Utd,2025-01-05,1.4,94.0,1.8,0.1,11.6,24.1
Wolves,Nottingham Forest,2025-01-06,1.7,86.3,0.0,0.0,16.9,33.5
West Ham United,Fulham,2025-01-14,7.8,93.5,0.0,0.0,7.9,16.6
Chelsea,Bournemouth,2025-01-14,7.8,92.5,0.0,0.0,7.1,15.5
Brentford,Manchester City,2025-01-14,7.6,94.5,0.0,0.0,6.6,13.3
Nottingham Forest,Liverpool,2025-01-14,7.8,93.0,0.0,0.0,6.9,15.5
Leicester City,Crystal Palace,2025-01-15,4.4,98.0,0.0,0.0,8.2,16.6
Everton,Aston Villa,2025-01-15,4.0,99.5,0.0,0.0,7.1,14.0
Newcastle United,Wolves,2025-01-15,4.8,78.5,0.0,0.0,8.3,15.1
Arsenal,Tottenham Hotspur,2025-01-15,8.3,98.0,0.0,0.0,3.7,9.7
Ipswich Town,Brighton,2025-01-16,6.1,95.0,0.0,0.0,12.1,23.4
Manchester Utd,Southampton,2025-01-16,1.6,84.7,0.0,0.0,6.0,13.0
Newcastle United,Bournemouth,2025-01-18,5.0,88.0,0.0,0.0,4.8,14.0
Leicester City,Fulham,2025-01-18,1.6,84.7,0.0,0.0,4.4,15.8
West Ham United,Crystal Palace,2025-01-18,3.2,85.3,0.0,0.0,5.9,16.2
Brentford,Liverpool,2025-01-18,2.8,84.3,0.0,0.0,4.7,14.0
Arsenal,Aston Villa,2025-01-18,2.4,91.0,0.0,0.0,7.4,19.4
Everton,Tottenham Hotspur,2025-01-19,2.3,86.3,0.0,0.0,9.7,24.5
Manchester Utd,Brighton,2025-01-19,1.8,83.0,0.0,0.0,8.4,27.4
Nottingham Forest,Southampton,2025-01-19,3.3,78.3,0.0,0.0,7.1,20.5
Ipswich Town,Manchester City,2025-01-19,2.6,82.0,0.0,0.0,4.9,21.6
Chelsea,Wolves,2025-01-20,4.0,92.3,0.0,0.0,5.4,10.4
Southampton,Newcastle United,2025-01-25,6.7,63.7,0.0,0.0,2.1,12.2
Brighton,Everton,2025-01-25,6.1,71.0,0.0,0.0,1.9,16.6
Liverpool,Ipswich Town,2025-01-25,6.1,64.0,0.0,0.0,8.7,30.2
Bournemouth,Nottingham Forest,2025-01-25,6.6,67.7,0.0,0.0,3.9,10.4
Wolves,Arsenal,2025-01-25,5.6,65.7,0.0,0.0,13.2,33.8
Manchester City,Chelsea,2025-01-25,3.2,74.5,0.0,0.0,7.1,17.3
Crystal Palace,Brentford,2025-01-26,5.1,93.7,5.2,0.0,32.1,72.0
Tottenham Hotspur,Leicester City,2025-01-26,4.7,94.7,4.5,0.0,29.2,59.4
Aston Villa,West Ham United,2025-01-26,5.1,95.0,1.2,0.0,26.8,74.2
Fulham,Manchester Utd,2025-01-26,7.4,91.3,0.1,0.0,18.2,40.7
Nottingham Forest,Brighton,2025-02-01,6.5,75.5,0.0,0.0,10.4,25.2
Everton,Leicester City,2025-02-01,6.6,73.7,0.0,0.0,17.0,40.3
Newcastle United,Fulham,2025-02-01,6.5,72.3,0.0,0.0,13.2,31.0
Bournemouth,Liverpool,2025-02-01,7.2,81.3,0.3,0.0,14.2,37.1
Ipswich Town,Southampton,2025-02-01,5.4,74.7,0.0,0.0,13.0,31.7
Wolves,Aston Villa,2025-02-01,5.1,79.0,0.0,0.0,14.4,31.0
Manchester Utd,Crystal Palace,2025-02-02,7.1,71.0,0.0,0.0,10.2,32.8
Brentford,Tottenham Hotspur,2025-02-02,7.5,71.0,0.0,0.0,7.3,19.8
Arsenal,Manchester City,2025-02-02,5.3,80.0,0.0,0.0,5.3,19.1
Chelsea,West Ham United,2025-02-03,5.9,93.3,0.0,0.0,10.3,23.4
Everton,Liverpool,2025-02-12,3.6,81.0,0.0,0.0,9.5,23.8
Brighton,Chelsea,2025-02-14,3.6,79.7,0.0,0.0,21.0,38.9
Leicester City,Arsenal,2025-02-15,3.4,92.5,0.7,0.0,13.4,30.2
Fulham,Nottingham Forest,2025-02-15,5.4,77.7,0.0,0.0,7.8,19.8
Manchester City,Newcastle United,2025-02-15,4.6,85.3,0.3,0.0,5.5,18.0
Southampton,Bournemouth,2025-02-15,6.1,81.0,0.0,0.0,10.8,28.1
Aston Villa,Ipswich Town,2025-02-15,3.6,97.3,1.1,0.0,9.1,22.0
West Ham United,Brentford,2025-02-15,4.8,80.0,0.0,0.0,9.1,22.0
Crystal Palace,Everton,2025-02-15,4.1,82.5,0.7,0.0,8.6,19.4
Liverpool,Wolves,2025-02-16,4.2,75.3,0.0,0.0,19.7,50.0
Tottenham Hotspur,Manchester Utd,2025-02-16,3.0,72.0,0.0,0.0,14.6,36.0
Aston Villa,Liverpool,2025-02-19,7.0,93.5,0.0,0.0,17.6,41.4
Leicester City,Brentford,2025-02-21,11.6,87.3,0.3,0.0,23.4,58.0
Everton,Manchester Utd,2025-02-22,11.7,66.0,0.0,0.0,14.6,36.4
Fulham,Crystal Palace,2025-02-22,12.8,65.7,0.0,0.0,11.3,28.8
Bournemouth,Wolves,2025-02-22,11.6,80.0,0.1,0.0,17.2,42.1
Ipswich Town,Tottenham Hotspur,2025-02-22,12.2,73.7,0.0,0.0,12.7,28.8
Arsenal,West Ham United,2025-02-22,12.7,66.0,0.2,0.0,12.3,31.7
Southampton,Brighton,2025-02-22,12.4,72.3,0.5,0.0,13.8,37.1
Aston Villa,Chelsea,2025-02-22,10.0,71.0,0.0,0.0,10.4,27.0
Newcastle United,Nottingham Forest,2025-02-23,10.2,81.7,2.6,0.0,32.5,71.6
Manchester City,Liverpool,2025-02-23,10.8,87.0,2.3,0.0,30.2,68.4
Brighton,Bournemouth,2025-02-25,6.6,74.5,0.0,0.0,14.9,29.2
Crystal Palace,Aston Villa,2025-02-25,6.6,75.5,0.0,0.0,8.6,17.6
Wolves,Fulham,2025-02-25,4.9,82.0,0.0,0.0,12.0,24.8
Chelsea,Southampton,2025-02-25,6.4,77.5,0.0,0.0,9.0,18.0
Tottenham Hotspur,Manchester City,2025-02-26,4.9,88.5,0.0,0.0,13.0,27.4
Nottingham Forest,Arsenal,2025-02-26,5.6,84.0,0.0,0.0,11.8,26.6
Manchester Utd,Ipswich Town,2025-02-26,5.1,88.5,0.0,0.0,13.4,31.7
Brentford,Everton,2025-02-26,5.2,85.5,0.0,0.0,11.8,25.9
Liverpool,Newcastle United,2025-02-26,5.1,88.0,0.4,0.0,10.2,43.9
West Ham United,Leicester City,2025-02-27,4.7,75.0,0.0,0.0,7.1,14.8
Nottingham Forest,Manchester City,2025-03-08,14.8,60.5,0.0,0.0,10.2,28.1
Liverpool,Southampton,2025-03-08,16.9,48.0,0.0,0.0,15.6,44.3
Brighton,Fulham,2025-03-08,13.7,64.3,0.0,0.0,16.7,34.2
Crystal Palace,Ipswich Town,2025-03-08,15.3,56.7,0.0,0.0,11.8,29.2
Brentford,Aston Villa,2025-03-08,13.3,68.5,0.0,0.0,7.8,24.5
Wolves,Everton,2025-03-08,10.7,78.7,0.0,0.0,12.7,25.6
Chelsea,Leicester City,2025-03-09,16.0,56.3,0.0,0.0,10.4,28.8
Tottenham Hotspur,Bournemouth,2025-03-09,15.2,56.3,0.0,0.0,12.5,31.0
Manchester Utd,Arsenal,2025-03-09,14.7,63.5,0.0,0.0,11.8,28.4
West Ham United,Newcastle United,2025-03-10,7.9,82.3,0.0,0.0,13.2,32.0
Everton,West Ham United,2025-03-15,7.4,64.0,0.1,0.0,11.2,29.9
Southampton,Wolves,2025-03-15,7.5,49.0,0.0,0.0,20.0,49.3
Ipswich Town,Nottingham Forest,2025-03-15,6.6,52.3,0.0,0.0,21.2,45.0
Manchester City,Brighton,2025-03-15,8.4,57.7,0.0,0.0,9.3,25.2
Bournemouth,Brentford,2025-03-15,6.8,55.0,0.0,0.0,18.8,52.9
Arsenal,Chelsea,2025-03-16,7.4,60.0,0.0,0.0,15.8,41.4
Fulham,Tottenham Hotspur,2025-03-16,7.8,55.0,0.0,0.0,16.0,39.6
Leicester City,Manchester Utd,2025-03-16,6.3,86.0,0.1,0.0,10.9,28.1
Arsenal,Fulham,2025-04-01,9.0,64.0,0.0,0.0,16.0,40.7
Wolves,West Ham United,2025-04-01,9.8,62.5,0.0,0.0,17.3,34.6
Nottingham Forest,Manchester Utd,2025-04-01,9.3,64.7,0.0,0.0,14.7,40.3
Newcastle United,Brentford,2025-04-02,6.6,84.5,0.0,0.0,5.0,13.7
Manchester City,Leicester City,2025-04-02,9.1,68.5,0.0,0.0,16.3,38.5
Southampton,Crystal Palace,2025-04-02,11.0,67.5,0.0,0.0,20.7,44.6
Bournemouth,Ipswich Town,2025-04-02,12.1,61.5,0.0,0.0,24.4,49.3
Brighton,Aston Villa,2025-04-02,10.8,71.5,0.0,0.0,25.0,46.4
Liverpool,Everton,2025-04-02,9.3,66.7,0.0,0.0,17.2,37.4
Chelsea,Tottenham Hotspur,2025-04-03,13.9,64.3,0.0,0.0,10.9,27.7
Everton,Arsenal,2025-04-05,14.0,49.5,0.0,0.0,17.2,43.6
Crystal Palace,Brighton,2025-04-05,16.9,32.3,0.0,0.0,18.3,46.8
Ipswich Town,Wolves,2025-04-05,11.8,50.0,0.0,0.0,19.7,42.8
West Ham United,Bournemouth,2025-04-05,16.3,36.0,0.0,0.0,18.1,46.1
Aston Villa,Nottingham Forest,2025-04-05,12.0,43.0,0.0,0.0,18.9,47.5
Fulham,Liverpool,2025-04-06,15.1,30.7,0.0,0.0,14.4,39.6
Brentford,Chelsea,2025-04-06,15.7,28.7,0.0,0.0,14.6,39.2
Tottenham Hotspur,Southampton,2025-04-06,13.2,44.3,0.0,0.0,15.6,38.9
Manchester Utd,Manchester City,2025-04-06,14.1,44.0,0.0,0.0,10.6,28.8
Leicester City,Newcastle United,2025-04-07,8.5,64.7,0.0,0.0,10.2,22.3
Manchester City,Crystal Palace,2025-04-12,19.4,33.0,0.0,0.0,11.0,33.5
Brighton,Leicester City,2025-04-12,16.8,60.0,0.0,0.0,12.2,32.8
Southampton,Aston Villa,2025-04-12,17.3,42.0,0.0,0.0,10.6,32.0
Nottingham Forest,Everton,2025-04-12,21.9,28.0,0.0,0.0,11.6,33.8
Arsenal,Brentford,2025-04-12,20.6,31.0,0.0,0.0,9.6,32.0
Liverpool,West Ham United,2025-04-13,10.9,53.0,0.0,0.0,12.9,42.1
Chelsea,Ipswich Town,2025-04-13,15.6,46.3,0.2,0.0,15.1,42.1
Wolves,Tottenham Hotspur,2025-04-13,12.7,45.0,0.0,0.0,15.0,35.6
Newcastle United,Manchester Utd,2025-04-13,11.3,43.5,0.0,0.0,18.3,45.0
Bournemouth,Fulham,2025-04-14,10.3,87.7,0.7,0.0,11.0,22.0
Newcastle United,Crystal Palace,2025-04-16,8.9,71.5,0.0,0.0,19.8,44.6
Everton,Manchester City,2025-04-19,14.9,45.7,0.0,0.0,18.1,49.0
West Ham United,Southampton,2025-04-19,15.0,44.7,0.0,0.0,19.6,50.8
Crystal Palace,Bournemouth,2025-04-19,15.3,41.7,0.0,0.0,20.5,52.2
Brentford,Brighton,2025-04-19,16.0,39.0,0.0,0.0,19.5,50.4
Aston Villa,Newcastle United,2025-04-19,12.4,57.5,0.0,0.0,17.9,47.5
Fulham,Chelsea,2025-04-20,15.0,50.7,0.0,0.0,11.9,33.8
Ipswich Town,Arsenal,2025-04-20,11.8,65.7,0.0,0.0,12.2,31.0
Manchester Utd,Wolves,2025-04-20,15.4,39.0,0.0,0.0,5.8,23.8
Leicester City,Liverpool,2025-04-20,13.6,48.5,0.0,0.0,10.0,27.0
Tottenham Hotspur,Nottingham Forest,2025-04-21,11.1,80.7,0.0,0.0,6.8,18.0
Manchester City,Aston Villa,2025-04-22,12.1,64.3,0.0,0.0,9.6,23.4
Arsenal,Crystal Palace,2025-04-23,9.2,82.7,0.0,0.0,4.3,24.1
Chelsea,Everton,2025-04-26,16.8,51.0,0.0,0.0,9.4,28.8
Brighton,West Ham United,2025-04-26,15.9,64.3,0.2,0.0,7.3,23.8
Wolves,Leicester City,2025-04-26,14.7,63.0,0.0,0.0,9.1,25.2
Southampton,Fulham,2025-04-26,17.3,52.7,0.0,0.0,6.7,24.5
Newcastle United,Ipswich Town,2025-04-26,16.4,53.0,0.3,0.0,12.7,32.4
Bournemouth,Manchester Utd,2025-04-27,17.2,54.3,0.0,0.0,13.7,35.3
Liverpool,Tottenham Hotspur,2025-04-27,17.4,58.0,0.0,0.0,10.5,28.8
Nottingham Forest,Brentford,2025-05-01,25.2,32.5,0.0,0.0,8.6,26.3
Manchester City,Wolves,2025-05-02,14.3,57.3,0.0,0.0,9.4,27.4
Aston Villa,Fulham,2025-05-03,14.6,52.0,0.0,0.0,16.4,45.7
Leicester City,Southampton,2025-05-03,14.6,52.0,0.2,0.0,15.2,40.0
Everton,Ipswich Town,2025-05-03,14.4,52.0,0.0,0.0,14.0,47.5
Arsenal,Bournemouth,2025-05-03,14.6,54.5,0.0,0.0,17.4,47.5
Brighton,Newcastle United,2025-05-04,12.9,47.0,0.0,0.0,22.6,47.2
West Ham United,Tottenham Hotspur,2025-05-04,12.8,44.3,0.0,0.0,19.2,48.6
Brentford,Manchester Utd,2025-05-04,13.0,44.7,0.0,0.0,18.3,45.7
Chelsea,Liverpool,2025-05-04,12.4,45.0,0.0,0.0,18.2,45.4
Crystal Palace,Nottingham Forest,2025-05-05,9.9,54.0,0.0,0.0,14.8,50.8
Ipswich Town,Brentford,2025-05-10,19.5,30.3,0.0,0.0,17.6,42.5
Fulham,Everton,2025-05-10,22.3,21.7,0.0,0.0,13.5,39.2
Wolves,Brighton,2025-05-10,20.3,29.3,0.0,0.0,13.4,34.2
Southampton,Manchester City,2025-05-10,20.8,28.0,0.0,0.0,17.6,46.8
Bournemouth,Aston Villa,2025-05-10,18.8,39.5,0.0,0.0,19.8,45.4
Newcastle United,Chelsea,2025-05-11,18.7,44.3,0.0,0.0,12.8,36.0
Nottingham Forest,Leicester City,2025-05-11,23.4,36.0,0.0,0.0,13.0,38.5
Tottenham Hotspur,Crystal Palace,2025-05-11,22.0,40.5,0.0,0.0,16.0,44.3
Manchester Utd,West Ham United,2025-05-11,23.8,24.5,0.0,0.0,11.2,33.5
Liverpool,Arsenal,2025-05-11,23.3,24.0,0.0,0.0,8.0,26.6
Aston Villa,Tottenham Hotspur,2025-05-16,16.0,50.5,0.0,0.0,16.1,41.0
Chelsea,Manchester Utd,2025-05-16,12.3,68.0,0.0,0.0,13.7,32.8
Everton,Southampton,2025-05-18,19.4,38.7,0.0,0.0,8.6,37.4
West Ham United,Nottingham Forest,2025-05-18,16.2,47.0,0.0,0.0,8.3,26.6
Brentford,Fulham,2025-05-18,16.8,44.3,0.0,0.0,7.7,28.4
Leicester City,Ipswich Town,2025-05-18,16.9,44.3,0.0,0.0,9.1,28.4
Arsenal,Newcastle United,2025-05-18,17.3,42.5,0.0,0.0,7.6,25.2
Brighton,Liverpool,2025-05-19,13.2,62.3,0.0,0.0,18.5,38.2
Manchester City,Bournemouth,2025-05-20,16.6,48.7,0.0,0.0,6.4,17.6
Crystal Palace,Wolves,2025-05-20,17.9,43.3,0.0,0.0,9.8,28.8
Manchester Utd,Aston Villa,2025-05-25,14.9,54.3,1.1,0.0,22.3,58.0
Ipswich Town,West Ham United,2025-05-25,17.9,46.0,0.0,0.0,23.3,56.2
Wolves,Brentford,2025-05-25,15.0,52.3,0.1,0.0,25.3,56.9
Southampton,Arsenal,2025-05-25,17.8,42.3,0.0,0.0,24.9,61.2
Liverpool,Crystal Palace,2025-05-25,14.1,60.3,0.1,0.0,26.4,67.0
Nottingham Forest,Chelsea,2025-05-25,18.8,38.3,0.0,0.0,20.6,52.2
Fulham,Manchester City,2025-05-25,18.8,38.3,0.0,0.0,20.6,52.2
Newcastle United,Everton,2025-05-25,13.9,59.3,0.4,0.0,27.2,67.3
Bournemouth,Leicester City,2025-05-25,17.2,43.7,0.0,0.0,25.5,58.0
Tottenham Hotspur,Brighton,2025-05-25,18.4,41.0,0.0,0.0,22.3,50.8
Burnley,Manchester City,2023-08-11,17.1,70.7,0.0,0.0,14.2,31.3
Arsenal,Nottingham Forest,2023-08-12,19.9,66.5,0.2,0.0,30.0,53.6
Everton,Fulham,2023-08-12,19.9,66.0,0.2,0.0,27.3,54.7
Sheffield United,Crystal Palace,2023-08-12,19.9,68.7,0.6,0.0,27.2,54.4
Bournemouth,West Ham United,2023-08-12,18.4,79.0,0.6,0.0,32.9,61.2
Newcastle United,Aston Villa,2023-08-12,19.4,67.5,0.0,0.0,15.4,42.1
Brentford,Tottenham Hotspur,2023-08-13,21.5,55.3,0.0,0.0,23.9,46.4
Chelsea,Liverpool,2023-08-13,20.5,58.5,0.0,0.0,24.3,43.9
Manchester Utd,Wolves,2023-08-14,16.0,88.3,0.3,0.0,22.9,41.4
Nottingham Forest,Sheffield United,2023-08-18,20.3,87.5,0.0,0.0,16.8,29.2
Wolves,Brighton,2023-08-19,21.3,61.7,0.2,0.0,25.3,51.8
Fulham,Brentford,2023-08-19,22.5,58.7,0.0,0.0,26.3,47.5
Liverpool,Bournemouth,2023-08-19,21.2,59.3,0.0,0.0,26.1,52.6
Tottenham Hotspur,Manchester Utd,2023-08-19,20.8,66.5,0.0,0.0,22.1,48.2
Manchester City,Newcastle United,2023-08-19,18.1,72.0,0.0,0.0,15.2,28.8
Aston Villa,Everton,2023-08-20,21.3,56.7,0.3,0.0,20.1,42.1
West Ham United,Chelsea,2023-08-20,22.6,55.0,0.0,0.0,17.1,32.0
Crystal Palace,Arsenal,2023-08-21,17.7,79.7,0.0,0.0,13.6,25.6
Chelsea,Luton Town,2023-08-25,15.2,75.0,0.0,0.0,12.5,26.6
Bournemouth,Tottenham Hotspur,2023-08-26,18.2,66.5,1.7,0.0,16.0,35.6
Everton,Wolves,2023-08-26,16.6,67.7,0.3,0.0,21.2,40.3
Manchester Utd,Nottingham Forest,2023-08-26,16.8,64.7,2.5,0.0,9.9,28.4
Brentford,Crystal Palace,2023-08-26,18.1,63.3,0.2,0.0,14.4,31.7
Arsenal,Fulham,2023-08-26,17.9,64.0,0.4,0.0,16.2,32.0
Sheffield United,Manchester City,2023-08-27,16.2,73.7,1.0,0.0,22.3,45.4
Burnley,Aston Villa,2023-08-27,14.6,82.0,0.5,0.0,24.0,48.2
Newcastle United,Liverpool,2023-08-27,15.4,84.5,1.6,0.0,6.2,16.6
Luton Town,West Ham United,2023-09-01,16.8,85.3,0.0,0.0,7.3,15.1
Sheffield United,Everton,2023-09-02,20.4,60.0,0.0,0.0,3.0,18.7
Brentford,Bournemouth,2023-09-02,22.9,58.3,0.0,0.0,12.9,30.2
Manchester City,Fulham,2023-09-02,21.9,58.3,0.0,0.0,5.4,14.4
Chelsea,Nottingham Forest,2023-09-02,22.9,58.3,0.0,0.0,14.4,29.9
Burnley,Tottenham Hotspur,2023-09-02,20.5,63.0,0.0,0.0,7.5,19.4
Crystal Palace,Wolves,2023-09-03,24.3,55.7,0.0,0.0,4.0,16.2
Liverpool,Aston Villa,2023-09-03,22.3,57.0,0.0,0.0,4.4,15.8
Arsenal,Manchester Utd,2023-09-03,24.1,55.0,0.0,0.0,7.0,15.5
Wolves,Liverpool,2023-09-16,17.6,76.5,0.0,0.0,17.0,37.4
Tottenham Hotspur,Sheffield United,2023-09-16,24.8,51.0,0.0,0.0,9.3,21.6
West Ham United,Manchester City,2023-09-16,25.1,48.0,0.0,0.0,10.6,21.6
Aston Villa,Crystal Palace,2023-09-16,20.4,64.0,0.0,0.0,17.8,36.0
Fulham,Luton Town,2023-09-16,25.4,45.0,0.0,0.0,12.2,24.8
Manchester Utd,Brighton,2023-09-16,16.8,78.3,0.0,0.0,19.9,37.1
Newcastle United,Brentford,2023-09-16,13.6,80.5,0.0,0.0,17.7,37.4
Bournemouth,Chelsea,2023-09-17,19.2,88.0,0.5,0.0,21.4,45.0
Everton,Arsenal,2023-09-17,19.2,74.5,0.0,0.0,14.2,26.6
Nottingham Forest,Burnley,2023-09-18,14.5,62.5,0.0,0.0,23.9,44.6
Luton Town,Wolves,2023-09-23,15.7,51.3,0.0,0.0,16.0,32.0
Manchester City,Nottingham Forest,2023-09-23,15.2,58.0,0.0,0.0,13.4,27.7
Crystal Palace,Fulham,2023-09-23,16.7,49.3,0.0,0.0,15.0,30.2
Brentford,Everton,2023-09-23,15.4,55.5,0.0,0.0,10.9,28.4
Burnley,Manchester Utd,2023-09-23,11.4,69.7,0.0,0.0,15.0,37.8
Chelsea,Aston Villa,2023-09-24,19.7,67.3,0.0,0.0,29.3,52.9
Arsenal,Tottenham Hotspur,2023-09-24,19.6,68.0,0.1,0.0,29.8,55.1
Liverpool,West Ham United,2023-09-24,19.6,76.0,0.2,0.0,31.2,54.4
Sheffield United,Newcastle United,2023-09-24,18.9,71.0,0.0,0.0,31.4,58.7
Aston Villa,Brighton,2023-09-30,14.9,78.0,0.9,0.0,14.4,31.0
Manchester Utd,Crystal Palace,2023-09-30,13.9,89.0,2.8,0.0,10.7,20.9
Wolves,Manchester City,2023-09-30,14.2,88.0,4.4,0.0,12.2,28.1
West Ham United,Sheffield United,2023-09-30,18.5,60.0,0.0,0.0,17.6,33.1
Bournemouth,Arsenal,2023-09-30,17.2,74.3,0.0,0.0,20.7,41.4
Newcastle United,Burnley,2023-09-30,14.7,80.3,0.8,0.0,13.5,25.6
Everton,Luton Town,2023-09-30,13.6,90.7,4.3,0.0,17.7,35.3
Tottenham Hotspur,Liverpool,2023-09-30,16.2,70.0,0.0,0.0,17.0,35.3
Nottingham Forest,Brentford,2023-10-01,22.3,71.0,0.0,0.0,18.2,37.8
Fulham,Chelsea,2023-10-02,18.9,86.7,0.0,0.0,9.5,22.0
Luton Town,Burnley,2023-10-03,12.9,76.5,0.0,0.0,17.6,37.4
Luton Town,Tottenham Hotspur,2023-10-07,20.6,64.5,0.0,0.0,20.4,40.7
Burnley,Chelsea,2023-10-07,18.0,83.0,0.0,0.0,17.7,44.6
Manchester Utd,Brentford,2023-10-07,21.1,74.3,0.0,0.0,7.6,25.2
Everton,Bournemouth,2023-10-07,20.2,73.0,0.0,0.0,7.1,23.8
Fulham,Sheffield United,2023-10-07,22.5,56.0,0.0,0.0,19.8,36.7
Crystal Palace,Nottingham Forest,2023-10-07,19.4,75.0,0.0,0.0,15.4,31.3
West Ham United,Newcastle United,2023-10-08,22.7,50.3,0.0,0.0,10.2,20.9
Wolves,Aston Villa,2023-10-08,20.6,59.7,0.0,0.0,10.1,22.3
Arsenal,Manchester City,2023-10-08,20.2,62.0,0.0,0.0,8.2,18.7
Liverpool,Everton,2023-10-21,11.5,77.0,0.1,0.0,16.6,36.0
Brentford,Burnley,2023-10-21,14.3,86.0,2.5,0.0,10.5,37.1
Nottingham Forest,Luton Town,2023-10-21,14.6,83.3,1.9,0.0,13.1,33.8
Bournemouth,Wolves,2023-10-21,12.0,86.0,0.6,0.0,21.5,43.6
Newcastle United,Crystal Palace,2023-10-21,11.4,71.3,0.0,0.0,14.7,33.8
Manchester City,Brighton,2023-10-21,11.9,73.7,0.1,0.0,12.5,25.6
Chelsea,Arsenal,2023-10-21,12.0,90.0,0.2,0.0,16.5,37.4
Sheffield United,Manchester Utd,2023-10-21,7.8,90.3,0.0,0.0,8.2,15.8
Aston Villa,West Ham United,2023-10-22,11.4,81.5,0.0,0.0,9.0,24.5
Tottenham Hotspur,Fulham,2023-10-23,11.1,92.0,0.8,0.0,10.5,25.2
Crystal Palace,Tottenham Hotspur,2023-10-27,9.5,91.7,0.0,0.0,13.3,25.9
Chelsea,Brentford,2023-10-28,15.2,62.5,0.0,0.0,24.2,43.9
Arsenal,Sheffield United,2023-10-28,13.4,76.0,1.2,0.0,18.9,38.2
Bournemouth,Burnley,2023-10-28,12.9,85.7,1.5,0.0,27.7,52.2
Wolves,Newcastle United,2023-10-28,10.4,86.5,2.7,0.0,16.4,34.6
West Ham United,Everton,2023-10-29,11.3,85.0,3.3,0.0,13.7,32.4
Liverpool,Nottingham Forest,2023-10-29,13.1,70.7,0.0,0.0,16.1,31.0
Aston Villa,Luton Town,2023-10-29,11.8,76.3,0.1,0.0,19.3,38.9
Manchester Utd,Manchester City,2023-10-29,12.6,74.0,0.0,0.0,9.4,19.1
Fulham,Manchester Utd,2023-11-04,12.1,81.0,1.2,0.0,23.6,45.7
Brentford,West Ham United,2023-11-04,11.3,84.3,1.2,0.0,19.7,40.0
Burnley,Crystal Palace,2023-11-04,7.5,89.7,0.4,0.0,19.5,44.6
Manchester City,Bournemouth,2023-11-04,8.3,87.3,0.8,0.0,19.4,34.9
Everton,Brighton,2023-11-04,8.1,88.3,1.8,0.0,19.3,35.3
Sheffield United,Wolves,2023-11-04,7.9,92.3,1.9,0.0,18.4,34.6
Newcastle United,Arsenal,2023-11-04,8.0,87.5,0.3,0.0,11.2,21.2
Nottingham Forest,Aston Villa,2023-11-05,12.4,64.7,0.1,0.0,24.0,45.4
Luton Town,Liverpool,2023-11-05,9.4,79.5,0.0,0.0,17.0,31.3
Tottenham Hotspur,Chelsea,2023-11-06,7.7,90.3,0.0,0.0,14.2,30.2
Wolves,Tottenham Hotspur,2023-11-11,9.0,75.5,0.0,0.0,7.4,23.8
Manchester Utd,Luton Town,2023-11-11,7.5,81.3,0.0,0.0,3.5,13.0
Crystal Palace,Everton,2023-11-11,8.5,79.7,0.0,0.0,7.1,20.5
Arsenal,Burnley,2023-11-11,9.0,76.3,0.0,0.0,6.1,19.1
Bournemouth,Newcastle United,2023-11-11,8.5,81.5,0.0,0.0,10.1,18.7
Aston Villa,Fulham,2023-11-12,6.8,96.3,0.2,0.0,16.5,32.8
Liverpool,Brentford,2023-11-12,7.6,89.3,2.4,0.0,26.7,49.0
West Ham United,Nottingham Forest,2023-11-12,8.9,89.7,0.0,0.0,10.6,19.4
Chelsea,Manchester City,2023-11-12,8.6,89.5,0.1,0.0,11.2,20.2
Manchester City,Liverpool,2023-11-25,4.0,75.0,0.0,0.0,2.9,9.7
Sheffield United,Bournemouth,2023-11-25,4.3,72.7,0.0,0.0,9.6,23.8
Newcastle United,Chelsea,2023-11-25,4.4,81.0,0.0,0.0,10.0,22.7
Luton Town,Crystal Palace,2023-11-25,3.1,76.3,0.0,0.0,10.7,26.6
Burnley,West Ham United,2023-11-25,1.4,83.7,0.0,0.0,4.6,11.9
Nottingham Forest,Brighton,2023-11-25,4.1,69.7,0.0,0.0,9.6,24.5
Brentford,Arsenal,2023-11-25,1.6,85.5,0.0,0.0,8.4,15.5
Tottenham Hotspur,Aston Villa,2023-11-26,4.5,86.7,0.0,0.0,8.2,18.4
Everton,Manchester Utd,2023-11-26,4.2,90.5,0.0,0.0,12.3,22.0
Fulham,Wolves,2023-11-27,5.5,89.3,0.1,0.0,20.1,34.6
Arsenal,Wolves,2023-12-02,-1.1,93.3,0.0,0.0,7.4,16.6
Brentford,Luton Town,2023-12-02,-1.0,92.0,0.0,0.0,6.0,15.8
Burnley,Sheffield United,2023-12-02,0.0,82.7,0.0,0.0,15.4,30.2
Nottingham Forest,Everton,2023-12-02,-3.0,96.5,0.0,0.0,8.0,11.2
Newcastle United,Manchester Utd,2023-12-02,-0.9,89.3,0.3,0.2,11.1,18.7
Bournemouth,Aston Villa,2023-12-03,9.0,86.7,2.2,0.0,22.8,43.6
West Ham United,Crystal Palace,2023-12-03,7.1,91.7,0.8,0.0,13.4,27.7
Liverpool,Fulham,2023-12-03,2.3,93.7,0.8,0.1,10.5,21.6
Chelsea,Brighton,2023-12-03,7.3,91.7,1.0,0.0,14.5,28.1
Manchester City,Tottenham Hotspur,2023-12-03,2.2,92.0,0.8,0.0,9.5,16.6
Wolves,Burnley,2023-12-05,0.5,96.5,0.0,0.0,7.0,13.0
Luton Town,Arsenal,2023-12-05,3.6,96.5,0.0,0.0,13.6,24.5
Sheffield United,Liverpool,2023-12-06,0.4,91.0,0.0,0.0,10.5,19.8
Crystal Palace,Bournemouth,2023-12-06,2.5,92.5,0.0,0.0,11.8,22.0
Fulham,Nottingham Forest,2023-12-06,1.8,94.0,0.0,0.0,9.0,15.1
Aston Villa,Manchester City,2023-12-06,2.0,94.5,0.0,0.0,18.5,34.2
Manchester Utd,Chelsea,2023-12-06,3.7,73.5,0.0,0.0,21.6,37.1
Everton,Newcastle United,2023-12-07,7.2,91.5,0.0,0.0,24.0,46.8
Tottenham Hotspur,West Ham United,2023-12-07,7.0,91.5,1.5,0.0,21.0,40.7
Crystal Palace,Liverpool,2023-12-09,13.8,90.0,0.1,0.0,29.0,52.6
Sheffield United,Brentford,2023-12-09,10.0,79.3,0.3,0.0,38.0,72.4
Wolves,Nottingham Forest,2023-12-09,9.5,72.0,0.0,0.0,34.7,70.6
Manchester Utd,Bournemouth,2023-12-09,9.5,83.0,3.1,0.0,32.1,64.8
Aston Villa,Arsenal,2023-12-09,8.4,71.0,0.0,0.0,33.3,62.6
Luton Town,Manchester City,2023-12-10,9.4,92.3,2.7,0.0,28.1,59.0
Fulham,West Ham United,2023-12-10,10.8,88.0,0.3,0.0,28.9,53.3
Everton,Chelsea,2023-12-10,9.5,84.3,0.1,0.0,23.2,46.8
Tottenham Hotspur,Newcastle United,2023-12-10,10.4,86.0,0.0,0.0,25.8,49.3
Nottingham Forest,Tottenham Hotspur,2023-12-15,4.9,91.7,0.0,0.0,12.0,20.9
Chelsea,Sheffield United,2023-12-16,11.1,91.0,0.0,0.0,18.4,31.3
Newcastle United,Fulham,2023-12-16,11.7,78.0,0.0,0.0,31.8,59.4
Manchester City,Crystal Palace,2023-12-16,11.2,85.3,0.1,0.0,13.7,30.2
Burnley,Everton,2023-12-16,9.8,90.5,0.0,0.0,25.0,49.7
West Ham United,Wolves,2023-12-17,10.4,78.7,0.0,0.0,24.4,50.4
Arsenal,Brighton,2023-12-17,10.3,78.7,0.0,0.0,24.5,52.6
Brentford,Aston Villa,2023-12-17,10.5,78.7,0.0,0.0,21.4,52.9
Liverpool,Manchester Utd,2023-12-17,10.8,80.0,0.0,0.0,18.4,36.4
Crystal Palace,Brighton,2023-12-21,8.6,74.7,0.0,0.0,21.5,49.3
Aston Villa,Sheffield United,2023-12-22,8.9,77.0,0.0,0.0,22.7,46.4
West Ham United,Manchester Utd,2023-12-23,11.0,71.5,0.0,0.0,24.1,49.3
Fulham,Burnley,2023-12-23,10.3,76.0,0.0,0.0,25.4,46.4
Nottingham Forest,Bournemouth,2023-12-23,10.3,76.0,0.0,0.0,25.4,46.4
Luton Town,Newcastle United,2023-12-23,9.1,80.0,0.0,0.0,26.3,52.9
Tottenham Hotspur,Everton,2023-12-23,10.0,77.7,0.0,0.0,23.3,47.2
Liverpool,Arsenal,2023-12-23,10.1,80.5,0.4,0.0,31.6,55.8
Wolves,Chelsea,2023-12-24,12.6,87.7,0.0,0.0,23.0,48.6
Newcastle United,Nottingham Forest,2023-12-26,5.4,75.5,0.0,0.0,11.9,29.9
Bournemouth,Fulham,2023-12-26,8.2,83.3,0.0,0.0,3.8,12.2
Sheffield United,Luton Town,2023-12-26,6.6,79.3,0.0,0.0,7.7,24.8
Burnley,Liverpool,2023-12-26,3.4,96.5,0.0,0.0,4.4,12.6
Manchester Utd,Aston Villa,2023-12-26,4.9,92.3,0.0,0.0,7.5,13.7
Brentford,Wolves,2023-12-27,10.4,80.5,0.0,0.0,28.0,50.8
Chelsea,Crystal Palace,2023-12-27,10.4,80.5,0.0,0.0,29.9,50.4
Everton,Manchester City,2023-12-27,8.4,72.5,0.0,0.0,33.0,64.8
Arsenal,West Ham United,2023-12-28,9.3,87.0,0.2,0.0,28.4,49.3
Luton Town,Chelsea,2023-12-30,9.8,89.5,0.0,0.0,28.4,51.1
Crystal Palace,Brentford,2023-12-30,10.8,84.7,0.1,0.0,28.9,53.6
Wolves,Everton,2023-12-30,9.8,88.7,1.1,0.0,29.5,64.4
Manchester City,Sheffield United,2023-12-30,9.8,86.3,0.8,0.0,29.2,54.7
Aston Villa,Burnley,2023-12-30,10.1,86.0,0.5,0.0,31.0,60.8
Nottingham Forest,Manchester Utd,2023-12-30,11.1,84.0,0.0,0.0,32.4,54.7
Fulham,Arsenal,2023-12-31,9.4,73.3,0.0,0.0,28.7,52.6
Tottenham Hotspur,Bournemouth,2023-12-31,8.9,76.0,0.0,0.0,28.3,55.8
Liverpool,Newcastle United,2024-01-01,6.9,91.0,5.6,0.0,29.7,58.7
West Ham United,Brighton,2024-01-02,9.6,81.0,0.0,0.0,31.6,63.7
Burnley,Luton Town,2024-01-12,2.4,93.0,0.0,0.0,10.6,22.0
Chelsea,Fulham,2024-01-13,3.4,82.0,0.0,0.0,10.4,20.5
Newcastle United,Manchester City,2024-01-13,3.1,88.5,0.0,0.0,13.8,25.6
Everton,Aston Villa,2024-01-14,4.7,77.0,0.0,0.0,20.6,40.7
Manchester Utd,Tottenham Hotspur,2024-01-14,2.4,86.5,0.0,0.0,10.0,19.1
Arsenal,Crystal Palace,2024-01-20,4.9,75.0,0.0,0.0,24.4,44.6
Brentford,Nottingham Forest,2024-01-20,2.8,64.0,0.0,0.0,21.2,38.2
Sheffield United,West Ham United,2024-01-21,11.2,74.7,0.2,0.0,46.9,88.2
Bournemouth,Liverpool,2024-01-21,11.4,79.0,0.1,0.0,51.4,90.7
Nottingham Forest,Arsenal,2024-01-30,6.2,85.5,0.0,0.0,5.2,9.4
Luton Town,Brighton,2024-01-30,5.8,81.5,0.0,0.0,8.1,14.8
Fulham,Everton,2024-01-30,6.2,85.5,0.0,0.0,5.2,9.4
Crystal Palace,Sheffield United,2024-01-30,6.4,84.3,0.0,0.0,6.5,13.0
Aston Villa,Newcastle United,2024-01-30,1.5,85.5,0.0,0.0,7.8,13.7
Manchester City,Burnley,2024-01-31,8.5,86.0,2.0,0.0,24.5,51.8
Tottenham Hotspur,Brentford,2024-01-31,10.4,87.0,0.0,0.0,26.6,52.6
Liverpool,Chelsea,2024-01-31,7.2,82.0,0.0,0.0,27.1,48.6
West Ham United,Bournemouth,2024-02-01,3.8,84.0,0.0,0.0,10.2,18.4
Wolves,Manchester Utd,2024-02-01,3.0,91.0,0.0,0.0,13.0,24.1
Everton,Tottenham Hotspur,2024-02-03,9.1,81.0,0.0,0.0,21.1,45.4
Burnley,Fulham,2024-02-03,7.9,80.0,0.0,0.0,23.9,50.4
Newcastle United,Luton Town,2024-02-03,9.1,72.0,0.0,0.0,24.3,49.3
Sheffield United,Aston Villa,2024-02-03,8.6,83.5,0.2,0.0,15.8,28.8
Chelsea,Wolves,2024-02-04,12.9,77.3,0.0,0.0,31.7,64.1
Bournemouth,Nottingham Forest,2024-02-04,11.2,88.0,0.0,0.0,26.0,52.6
Manchester Utd,West Ham United,2024-02-04,12.0,81.3,1.6,0.0,33.2,59.0
Arsenal,Liverpool,2024-02-04,11.9,82.5,0.0,0.0,28.6,50.4
Brentford,Manchester City,2024-02-05,10.5,77.0,0.0,0.0,24.5,47.5
Manchester City,Everton,2024-02-10,8.2,83.5,0.1,0.0,6.2,15.1
Wolves,Brentford,2024-02-10,9.0,79.0,0.0,0.0,10.2,25.2
Fulham,Bournemouth,2024-02-10,10.6,80.0,0.4,0.0,8.7,25.2
Tottenham Hotspur,Brighton,2024-02-10,10.3,86.7,0.9,0.0,7.4,25.9
Liverpool,Burnley,2024-02-10,9.0,77.0,0.0,0.0,14.1,30.2
Luton Town,Sheffield United,2024-02-10,9.8,84.3,0.3,0.0,8.7,24.1
Nottingham Forest,Newcastle United,2024-02-10,9.0,86.5,0.2,0.0,6.4,11.2
West Ham United,Arsenal,2024-02-11,10.3,72.7,0.6,0.0,18.7,35.3
Aston Villa,Manchester Utd,2024-02-11,7.4,78.0,0.1,0.0,15.6,31.7
Crystal Palace,Chelsea,2024-02-12,4.0,77.3,0.0,0.0,12.6,24.5
Brentford,Liverpool,2024-02-17,13.3,85.5,0.1,0.0,17.8,37.4
Nottingham Forest,West Ham United,2024-02-17,12.2,86.7,0.0,0.0,21.1,38.2
Burnley,Arsenal,2024-02-17,11.9,91.7,1.3,0.0,22.1,47.9
Fulham,Aston Villa,2024-02-17,12.2,86.7,0.0,0.0,21.1,38.2
Newcastle United,Bournemouth,2024-02-17,11.8,84.3,0.1,0.0,18.4,35.3
Tottenham Hotspur,Wolves,2024-02-17,12.4,86.0,0.0,0.0,20.0,41.0
Manchester City,Chelsea,2024-02-17,12.1,90.5,2.3,0.0,24.6,42.8
Sheffield United,Brighton,2024-02-18,12.2,77.7,0.0,0.0,22.2,44.6
Luton Town,Manchester Utd,2024-02-18,12.2,74.5,0.0,0.0,16.1,38.2
Everton,Crystal Palace,2024-02-19,7.9,81.0,0.0,0.0,12.4,29.9
Manchester City,Brentford,2024-02-20,9.8,90.5,0.3,0.0,15.9,34.2
Liverpool,Luton Town,2024-02-21,9.1,90.5,0.0,0.0,15.8,37.4
Aston Villa,Nottingham Forest,2024-02-24,6.7,70.0,0.1,0.0,9.8,23.0
Manchester Utd,Fulham,2024-02-24,7.6,65.0,0.1,0.0,9.1,19.8
Crystal Palace,Burnley,2024-02-24,7.2,78.3,0.5,0.0,7.2,18.7
Bournemouth,Manchester City,2024-02-24,6.1,77.0,0.0,0.0,7.6,24.5
Arsenal,Newcastle United,2024-02-24,2.2,95.3,0.0,0.0,5.2,9.4
Wolves,Sheffield United,2024-02-25,7.6,70.0,0.0,0.0,21.5,42.1
West Ham United,Brentford,2024-02-26,4.6,81.0,0.0,0.0,20.2,43.2
Brentford,Chelsea,2024-03-02,7.7,66.3,0.7,0.0,20.0,42.8
Newcastle United,Wolves,2024-03-02,6.1,84.0,2.2,0.8,16.0,32.4
Fulham,Brighton,2024-03-02,7.9,63.7,0.2,0.0,20.4,38.9
Everton,West Ham United,2024-03-02,4.5,92.3,1.0,0.0,14.4,30.6
Tottenham Hotspur,Crystal Palace,2024-03-02,7.5,71.0,0.1,0.0,19.8,42.5
Nottingham Forest,Liverpool,2024-03-02,7.9,63.7,0.2,0.0,20.4,38.9
Luton Town,Aston Villa,2024-03-02,4.6,80.0,0.0,0.0,14.8,35.3
Burnley,Bournemouth,2024-03-03,6.3,71.7,0.0,0.0,8.5,23.8
Manchester City,Manchester Utd,2024-03-03,7.8,62.5,0.1,0.0,4.6,16.2
Sheffield United,Arsenal,2024-03-04,7.2,65.3,0.5,0.0,25.6,46.4
Manchester Utd,Everton,2024-03-09,9.4,76.0,0.0,0.0,22.1,42.5
Wolves,Fulham,2024-03-09,10.4,73.0,0.2,0.0,21.6,47.9
Bournemouth,Sheffield United,2024-03-09,9.2,80.3,0.3,0.0,23.6,47.2
Crystal Palace,Luton Town,2024-03-09,11.8,64.3,0.0,0.0,21.0,43.6
Arsenal,Brentford,2024-03-09,9.5,79.5,0.0,0.0,17.4,36.0
Aston Villa,Tottenham Hotspur,2024-03-10,7.6,93.3,1.4,0.0,14.5,35.3
West Ham United,Burnley,2024-03-10,8.8,91.0,1.7,0.0,14.5,28.4
Liverpool,Manchester City,2024-03-10,8.0,89.0,1.4,0.0,20.0,40.3
Chelsea,Newcastle United,2024-03-11,7.8,81.3,0.0,0.0,9.4,16.6
Bournemouth,Luton Town,2024-03-13,9.9,90.5,0.0,0.0,15.1,31.7
Burnley,Brentford,2024-03-16,9.0,71.3,0.2,0.0,18.0,38.9
Luton Town,Nottingham Forest,2024-03-16,11.1,61.3,0.0,0.0,15.0,28.1
Fulham,Tottenham Hotspur,2024-03-16,10.2,68.5,0.0,0.0,12.9,26.3
West Ham United,Aston Villa,2024-03-17,14.4,78.0,0.3,0.0,17.5,37.1
Newcastle United,West Ham United,2024-03-30,12.4,55.5,0.0,0.0,15.6,31.3
Nottingham Forest,Crystal Palace,2024-03-30,13.9,50.7,0.0,0.0,10.6,22.0
Sheffield United,Fulham,2024-03-30,12.9,50.7,0.0,0.0,14.6,32.4
Chelsea,Burnley,2024-03-30,13.9,50.7,0.0,0.0,10.6,22.0
Tottenham Hotspur,Luton Town,2024-03-30,13.8,50.3,0.0,0.0,9.5,22.3
Bournemouth,Everton,2024-03-30,10.7,79.0,0.0,0.0,16.5,35.6
Aston Villa,Wolves,2024-03-30,11.0,62.0,0.0,0.0,11.5,27.7
Brentford,Manchester Utd,2024-03-30,6.3,86.3,0.0,0.0,7.9,19.8
Liverpool,Brighton,2024-03-31,12.8,56.7,0.0,0.0,28.1,52.6
Manchester City,Arsenal,2024-03-31,10.9,67.0,0.0,0.0,25.6,52.6
Newcastle United,Everton,2024-04-02,5.9,96.0,0.0,0.0,6.8,10.8
Nottingham Forest,Fulham,2024-04-02,10.2,89.0,2.5,0.0,21.5,40.7
Bournemouth,Crystal Palace,2024-04-02,10.6,86.0,1.0,0.0,37.4,74.5
Burnley,Wolves,2024-04-02,8.4,84.0,0.1,0.0,8.4,19.8
West Ham United,Tottenham Hotspur,2024-04-02,10.4,88.0,0.6,0.0,23.2,42.5
Brentford,Brighton,2024-04-03,10.4,78.0,0.0,0.0,17.5,36.0
Arsenal,Luton Town,2024-04-03,10.3,77.5,0.0,0.0,17.0,37.4
Manchester City,Aston Villa,2024-04-03,7.8,84.0,0.0,0.0,11.2,33.8
Liverpool,Sheffield United,2024-04-04,10.4,92.0,1.6,0.0,14.8,25.2
Chelsea,Manchester Utd,2024-04-04,11.9,89.0,0.5,0.0,20.8,36.7
Crystal Palace,Manchester City,2024-04-06,18.9,58.5,0.0,0.0,33.3,64.1
Luton Town,Bournemouth,2024-04-06,15.9,64.7,0.0,0.0,32.9,69.5
Everton,Burnley,2024-04-06,16.2,57.0,0.0,0.0,39.7,73.8
Wolves,West Ham United,2024-04-06,15.2,65.3,0.1,0.0,39.0,76.7
Aston Villa,Brentford,2024-04-06,15.4,64.7,0.2,0.0,37.7,74.2
Fulham,Newcastle United,2024-04-06,16.9,62.0,0.0,0.0,32.9,61.2
Manchester Utd,Liverpool,2024-04-07,12.5,76.0,1.8,0.0,32.2,70.2
Sheffield United,Chelsea,2024-04-07,12.6,74.5,0.2,0.0,30.9,57.2
Tottenham Hotspur,Nottingham Forest,2024-04-07,13.0,68.3,0.0,0.0,26.8,66.2
Newcastle United,Tottenham Hotspur,2024-04-13,14.0,74.0,0.0,0.0,30.4,62.3
Manchester City,Luton Town,2024-04-13,14.1,69.7,0.8,0.0,28.7,61.2
Burnley,Brighton,2024-04-13,12.0,78.7,0.5,0.0,32.5,72.7
Nottingham Forest,Wolves,2024-04-13,18.0,57.3,0.0,0.0,23.4,41.8
Brentford,Sheffield United,2024-04-13,17.9,57.7,0.0,0.0,21.8,42.1
Bournemouth,Manchester Utd,2024-04-13,12.8,85.0,0.0,0.0,20.7,39.2
Liverpool,Crystal Palace,2024-04-14,10.8,61.3,0.4,0.0,19.9,38.5
West Ham United,Fulham,2024-04-14,13.4,45.3,0.0,0.0,16.6,32.8
Arsenal,Aston Villa,2024-04-14,12.7,47.0,0.0,0.0,19.8,37.1
Chelsea,Everton,2024-04-15,6.9,64.0,0.0,0.0,26.2,53.6
Sheffield United,Burnley,2024-04-20,9.8,58.0,0.0,0.0,10.4,29.9
Luton Town,Brentford,2024-04-20,8.6,57.7,0.0,0.0,19.0,38.2
Wolves,Arsenal,2024-04-20,7.0,71.5,0.0,0.0,7.2,16.9
Everton,Nottingham Forest,2024-04-21,11.6,61.0,0.0,0.0,9.8,22.3
Crystal Palace,West Ham United,2024-04-21,10.2,52.7,0.0,0.0,20.5,40.0
Aston Villa,Bournemouth,2024-04-21,9.9,51.0,0.0,0.0,16.3,34.2
Fulham,Liverpool,2024-04-21,10.2,54.0,0.0,0.0,22.5,38.9
Arsenal,Chelsea,2024-04-23,7.2,73.3,0.0,0.0,11.2,31.3
Wolves,Bournemouth,2024-04-24,5.8,71.0,0.0,0.0,5.7,13.7
Everton,Liverpool,2024-04-24,4.9,76.7,0.0,0.0,7.5,24.1
Manchester Utd,Sheffield United,2024-04-24,4.9,77.0,0.0,0.0,8.9,28.8
Crystal Palace,Newcastle United,2024-04-24,5.2,73.3,0.0,0.0,6.8,20.5
West Ham United,Liverpool,2024-04-27,11.5,70.0,0.2,0.0,14.0,34.6
Wolves,Luton Town,2024-04-27,8.1,76.7,0.3,0.0,16.4,34.6
Manchester Utd,Burnley,2024-04-27,10.5,61.3,0.2,0.0,15.0,31.0
Fulham,Crystal Palace,2024-04-27,12.0,68.7,0.1,0.0,14.4,27.4
Newcastle United,Sheffield United,2024-04-27,8.3,70.0,0.7,0.0,15.8,33.8
Everton,Brentford,2024-04-27,10.0,65.0,0.1,0.0,12.0,24.5
Aston Villa,Chelsea,2024-04-27,6.3,87.7,0.2,0.0,14.7,28.1
Tottenham Hotspur,Arsenal,2024-04-28,8.9,72.0,0.3,0.0,22.9,49.7
Bournemouth,Brighton,2024-04-28,12.2,57.0,0.4,0.0,19.0,42.8
Nottingham Forest,Manchester City,2024-04-28,11.2,58.5,0.0,0.0,17.9,37.8
Chelsea,Tottenham Hotspur,2024-05-02,14.0,81.0,0.0,0.0,21.0,37.4
Luton Town,Everton,2024-05-03,9.4,85.0,0.5,0.0,16.9,29.9
Arsenal,Bournemouth,2024-05-04,14.8,61.5,0.2,0.0,10.4,27.7
Brentford,Fulham,2024-05-04,15.5,56.3,0.1,0.0,4.0,19.8
Burnley,Newcastle United,2024-05-04,11.0,95.3,1.4,0.0,12.0,25.9
Sheffield United,Nottingham Forest,2024-05-04,14.2,67.0,0.0,0.0,15.3,36.0
Manchester City,Wolves,2024-05-04,12.7,79.5,0.0,0.0,4.8,19.1
Chelsea,West Ham United,2024-05-05,14.9,69.3,0.1,0.0,15.0,31.0
Liverpool,Tottenham Hotspur,2024-05-05,16.5,61.0,0.0,0.0,9.0,19.4
Crystal Palace,Manchester Utd,2024-05-06,12.1,91.7,0.8,0.0,13.0,25.2
Fulham,Manchester City,2024-05-11,20.9,57.5,0.0,0.0,20.4,38.5
Newcastle United,Brighton,2024-05-11,19.8,69.7,0.0,0.0,15.7,32.0
Tottenham Hotspur,Burnley,2024-05-11,20.0,57.7,0.0,0.0,17.8,37.8
Wolves,Crystal Palace,2024-05-11,20.4,57.0,0.0,0.0,15.0,33.8
Bournemouth,Brentford,2024-05-11,19.7,61.0,0.0,0.0,16.1,32.8
Everton,Sheffield United,2024-05-11,21.7,50.3,0.0,0.0,20.3,39.2
West Ham United,Luton Town,2024-05-11,20.2,59.0,0.0,0.0,19.1,37.4
Nottingham Forest,Chelsea,2024-05-11,18.5,66.5,0.0,0.0,16.8,34.2
Manchester Utd,Arsenal,2024-05-12,22.6,56.0,0.0,0.0,14.0,30.6
Aston Villa,Liverpool,2024-05-13,14.3,81.3,0.3,0.0,20.5,41.8
Tottenham Hotspur,Manchester City,2024-05-14,13.9,84.7,0.0,0.0,14.6,27.0
Manchester Utd,Newcastle United,2024-05-15,14.2,88.0,0.4,0.0,7.0,18.7
Liverpool,Wolves,2024-05-19,19.6,70.3,0.0,0.0,12.4,27.0
Luton Town,Fulham,2024-05-19,18.5,56.0,0.0,0.0,17.6,34.2
Chelsea,Bournemouth,2024-05-19,20.9,46.0,0.0,0.0,16.1,32.4
Burnley,Nottingham Forest,2024-05-19,18.8,60.3,0.0,0.0,11.4,25.2
Crystal Palace,Aston Villa,2024-05-19,20.8,46.7,0.0,0.0,14.7,29.2
Brentford,Newcastle United,2024-05-19,20.7,48.0,0.1,0.0,15.8,35.3
Manchester City,West Ham United,2024-05-19,20.5,52.0,0.0,0.0,11.5,25.2
Arsenal,Everton,2024-05-19,20.6,47.3,0.0,0.0,16.5,33.1
Sheffield United,Tottenham Hotspur,2024-05-19,18.9,57.7,0.0,0.0,13.0,27.0
Crystal Palace,Arsenal,2022-08-05,18.2,40.0,0.0,0.0,10.5,27.7
Fulham,Liverpool,2022-08-06,21.6,35.0,0.0,0.0,8.0,22.0
Newcastle United,Nottingham Forest,2022-08-06,18.3,57.7,0.0,0.0,21.5,41.8
Bournemouth,Aston Villa,2022-08-06,23.3,27.3,0.0,0.0,6.6,24.8
Leeds United,Wolves,2022-08-06,18.5,56.0,0.0,0.0,14.8,30.6
Tottenham Hotspur,Southampton,2022-08-06,22.7,31.3,0.0,0.0,8.7,24.5
Everton,Chelsea,2022-08-06,17.0,65.5,0.0,0.0,14.4,28.4
Leicester City,Brentford,2022-08-07,22.8,40.0,0.0,0.0,14.4,31.3
Manchester Utd,Brighton,2022-08-07,20.0,58.3,0.0,0.0,16.3,35.6
West Ham United,Manchester City,2022-08-07,25.8,30.0,0.0,0.0,8.1,20.5
Aston Villa,Everton,2022-08-13,29.5,34.5,0.0,0.0,10.5,31.0
Arsenal,Leicester City,2022-08-13,32.6,21.0,0.0,0.0,15.7,34.9
Southampton,Leeds United,2022-08-13,31.0,28.7,0.0,0.0,15.5,36.4
Wolves,Fulham,2022-08-13,30.3,31.7,0.0,0.0,9.7,25.2
Manchester City,Bournemouth,2022-08-13,29.4,38.3,0.0,0.0,9.5,25.6
Brentford,Manchester Utd,2022-08-13,31.0,22.0,0.0,0.0,13.2,30.2
Nottingham Forest,West Ham United,2022-08-14,31.5,24.0,0.0,0.0,15.1,31.7
Chelsea,Tottenham Hotspur,2022-08-14,30.5,25.0,0.0,0.0,14.6,31.7
Liverpool,Crystal Palace,2022-08-15,17.4,87.0,0.1,0.0,6.3,14.8
Tottenham Hotspur,Wolves,2022-08-20,21.4,53.5,0.0,0.0,16.2,37.4
Everton,Nottingham Forest,2022-08-20,20.3,54.0,0.9,0.0,30.7,57.2
Crystal Palace,Aston Villa,2022-08-20,22.6,45.3,0.0,0.0,17.5,35.6
Fulham,Brentford,2022-08-20,23.0,45.0,0.0,0.0,18.6,33.1
Leicester City,Southampton,2022-08-20,22.7,44.0,0.0,0.0,24.8,49.0
Bournemouth,Arsenal,2022-08-20,19.0,69.5,0.0,0.0,25.1,50.0
West Ham United,Brighton,2022-08-21,22.7,48.7,0.0,0.0,6.8,22.3
Leeds United,Chelsea,2022-08-21,19.9,47.3,0.0,0.0,15.1,36.7
Newcastle United,Manchester City,2022-08-21,18.8,47.0,0.0,0.0,14.6,29.9
Manchester Utd,Liverpool,2022-08-22,18.0,93.0,0.4,0.0,6.0,10.1
Southampton,Manchester Utd,2022-08-27,23.3,51.0,0.4,0.0,6.2,20.2
Brentford,Everton,2022-08-27,23.2,43.3,0.0,0.0,11.1,25.6
Manchester City,Crystal Palace,2022-08-27,21.3,54.0,0.1,0.0,3.1,14.0
Chelsea,Leicester City,2022-08-27,23.1,43.7,0.0,0.0,10.2,24.5
Liverpool,Bournemouth,2022-08-27,19.1,58.3,0.0,0.0,14.2,30.2
Arsenal,Fulham,2022-08-27,20.1,59.0,0.0,0.0,16.6,37.8
Wolves,Newcastle United,2022-08-28,20.9,54.7,0.0,0.0,8.9,22.0
Aston Villa,West Ham United,2022-08-28,21.2,51.0,0.0,0.0,8.2,20.9
Nottingham Forest,Tottenham Hotspur,2022-08-28,21.2,53.5,0.0,0.0,16.6,29.5
Fulham,Brighton,2022-08-30,19.2,62.0,0.0,0.0,11.1,25.6
Crystal Palace,Brentford,2022-08-30,19.0,62.0,0.0,0.0,11.5,28.1
Southampton,Chelsea,2022-08-30,19.3,62.5,0.0,0.0,16.1,29.9
Leeds United,Everton,2022-08-30,14.3,71.0,0.0,0.0,13.2,27.4
Bournemouth,Wolves,2022-08-31,19.6,56.5,0.0,0.0,18.6,34.6
Manchester City,Nottingham Forest,2022-08-31,16.5,68.5,0.0,0.0,15.2,28.1
Arsenal,Aston Villa,2022-08-31,17.4,57.0,0.0,0.0,16.5,33.1
West Ham United,Tottenham Hotspur,2022-08-31,17.5,57.0,0.0,0.0,15.7,32.0
Liverpool,Newcastle United,2022-08-31,16.8,64.7,0.0,0.0,15.7,29.5
Leicester City,Manchester Utd,2022-09-01,16.7,71.0,0.0,0.0,15.9,30.2
Everton,Liverpool,2022-09-03,21.6,58.0,0.1,0.0,20.6,43.9
Tottenham Hotspur,Fulham,2022-09-03,23.1,57.3,0.0,0.0,13.9,31.0
Nottingham Forest,Bournemouth,2022-09-03,23.2,56.0,0.1,0.0,17.8,36.7
Wolves,Southampton,2022-09-03,19.2,72.0,0.5,0.0,15.3,34.9
Newcastle United,Crystal Palace,2022-09-03,19.7,74.3,0.0,0.0,25.0,50.0
Chelsea,West Ham United,2022-09-03,23.2,56.0,0.1,0.0,17.8,36.7
Brentford,Leeds United,2022-09-03,22.9,56.3,0.1,0.0,17.3,39.6
Aston Villa,Manchester City,2022-09-03,19.4,68.5,0.0,0.0,16.8,33.1
Manchester Utd,Arsenal,2022-09-04,23.2,56.0,0.0,0.0,17.7,36.7
Nottingham Forest,Fulham,2022-09-16,10.1,63.7,0.0,0.0,7.9,23.8
Aston Villa,Southampton,2022-09-16,9.7,61.0,0.0,0.0,11.7,26.3
Wolves,Manchester City,2022-09-17,14.3,53.0,0.0,0.0,16.2,37.8
Newcastle United,Bournemouth,2022-09-17,15.3,50.3,0.0,0.0,20.3,38.9
Tottenham Hotspur,Leicester City,2022-09-17,14.4,48.5,0.0,0.0,9.8,34.9
Brentford,Arsenal,2022-09-18,16.5,56.7,0.0,0.0,18.8,40.3
Everton,West Ham United,2022-09-18,14.6,76.0,0.3,0.0,23.2,42.5
Arsenal,Tottenham Hotspur,2022-10-01,17.9,53.0,0.0,0.0,23.8,51.5
Fulham,Newcastle United,2022-10-01,18.3,53.3,0.0,0.0,22.3,42.8
Liverpool,Brighton,2022-10-01,15.7,68.0,0.1,0.0,27.8,55.4
Crystal Palace,Chelsea,2022-10-01,18.0,54.3,0.1,0.0,22.2,49.3
Bournemouth,Brentford,2022-10-01,17.6,65.7,0.1,0.0,25.3,47.2
Southampton,Everton,2022-10-01,18.0,62.3,0.0,0.0,22.6,43.9
West Ham United,Wolves,2022-10-01,16.2,64.0,0.0,0.0,19.8,36.7
Manchester City,Manchester Utd,2022-10-02,15.5,62.7,0.0,0.0,17.5,34.9
Leeds United,Aston Villa,2022-10-02,14.8,65.0,0.0,0.0,15.6,36.0
Leicester City,Nottingham Forest,2022-10-03,13.0,81.0,0.0,0.0,18.6,32.4
Newcastle United,Brentford,2022-10-08,13.6,66.0,0.0,0.0,20.5,42.5
Bournemouth,Leicester City,2022-10-08,15.1,62.0,0.0,0.0,13.8,28.4
Chelsea,Wolves,2022-10-08,15.9,48.3,0.0,0.0,12.3,23.8
Manchester City,Southampton,2022-10-08,14.0,63.7,0.0,0.0,13.7,34.2
West Ham United,Fulham,2022-10-09,17.2,51.0,0.0,0.0,14.2,32.0
Crystal Palace,Leeds United,2022-10-09,16.8,53.7,0.0,0.0,14.6,32.8
Arsenal,Liverpool,2022-10-09,14.8,59.5,0.0,0.0,14.6,31.7
Everton,Manchester Utd,2022-10-09,13.4,79.0,1.1,0.0,24.4,45.7
Nottingham Forest,Aston Villa,2022-10-10,9.0,77.0,0.0,0.0,8.9,13.7
Brentford,Brighton,2022-10-14,11.1,95.7,0.0,0.0,8.5,15.5
Leicester City,Crystal Palace,2022-10-15,14.2,58.0,0.1,0.0,26.4,47.5
Fulham,Bournemouth,2022-10-15,15.9,63.0,0.1,0.0,26.8,50.4
Wolves,Nottingham Forest,2022-10-15,13.7,54.7,0.0,0.0,24.6,50.8
Tottenham Hotspur,Everton,2022-10-15,13.6,71.5,0.0,0.0,24.2,49.0
Manchester Utd,Newcastle United,2022-10-16,13.0,56.3,0.0,0.0,10.5,22.7
Aston Villa,Chelsea,2022-10-16,13.9,63.0,0.0,0.0,13.0,30.2
Leeds United,Arsenal,2022-10-16,12.9,58.7,0.0,0.0,11.5,34.2
Southampton,West Ham United,2022-10-16,15.5,75.7,0.6,0.0,15.6,33.5
Liverpool,Manchester City,2022-10-16,11.9,66.0,0.0,0.0,15.5,29.2
Crystal Palace,Wolves,2022-10-18,12.1,92.0,0.0,0.0,16.9,30.6
Bournemouth,Southampton,2022-10-19,17.5,86.0,2.3,0.0,29.6,60.8
Newcastle United,Everton,2022-10-19,11.4,76.5,0.0,0.0,21.5,38.2
Brentford,Chelsea,2022-10-19,15.4,87.0,0.5,0.0,20.9,40.3
Liverpool,West Ham United,2022-10-19,11.6,74.5,0.0,0.0,31.6,56.9
Manchester Utd,Tottenham Hotspur,2022-10-19,11.2,81.5,0.4,0.0,31.9,58.0
Fulham,Aston Villa,2022-10-20,11.4,95.0,0.0,0.0,8.1,13.0
Leicester City,Leeds United,2022-10-20,10.8,94.5,0.0,0.0,12.1,22.7
Nottingham Forest,Liverpool,2022-10-22,17.4,67.0,0.0,0.0,19.8,40.0
Everton,Crystal Palace,2022-10-22,16.4,68.0,0.0,0.0,18.2,38.2
Manchester City,Brighton,2022-10-22,16.1,71.7,0.1,0.0,17.6,41.0
Chelsea,Manchester Utd,2022-10-22,14.4,88.0,0.0,0.0,9.1,17.3
Wolves,Leicester City,2022-10-23,16.1,77.0,0.5,0.0,14.9,40.0
Aston Villa,Brentford,2022-10-23,15.9,80.3,0.4,0.0,14.5,37.8
Leeds United,Fulham,2022-10-23,14.6,90.0,0.7,0.0,17.6,41.0
Southampton,Arsenal,2022-10-23,17.2,84.3,10.1,0.0,8.1,33.5
Tottenham Hotspur,Newcastle United,2022-10-23,16.6,80.0,0.0,0.0,20.8,42.5
West Ham United,Bournemouth,2022-10-24,12.1,92.3,0.0,0.0,15.9,29.9
Leicester City,Manchester City,2022-10-29,17.2,88.5,0.0,0.0,19.2,34.9
Crystal Palace,Southampton,2022-10-29,20.4,74.0,0.0,0.0,13.9,35.3
Newcastle United,Aston Villa,2022-10-29,12.6,93.3,0.0,0.0,13.4,34.6
Bournemouth,Tottenham Hotspur,2022-10-29,17.9,83.0,0.0,0.0,27.4,51.5
Brentford,Wolves,2022-10-29,20.5,76.0,0.0,0.0,14.1,31.0
Fulham,Everton,2022-10-29,18.1,79.5,0.0,0.0,15.7,26.6
Liverpool,Leeds United,2022-10-29,14.6,90.0,0.0,0.0,17.4,32.0
Arsenal,Nottingham Forest,2022-10-30,15.0,81.0,0.1,0.0,20.5,42.5
Manchester Utd,West Ham United,2022-10-30,13.3,73.5,0.0,0.0,21.6,40.3
Leeds United,Bournemouth,2022-11-05,12.1,84.3,0.0,0.0,17.4,34.9
Wolves,Brighton,2022-11-05,12.4,88.0,0.0,0.0,22.4,43.9
Manchester City,Fulham,2022-11-05,12.2,88.3,0.8,0.0,21.8,41.4
Nottingham Forest,Brentford,2022-11-05,12.3,89.3,0.5,0.0,22.1,36.0
Everton,Leicester City,2022-11-05,10.5,89.5,0.0,0.0,12.5,22.3
Chelsea,Arsenal,2022-11-06,13.3,89.7,2.9,0.0,15.7,30.6
Southampton,Newcastle United,2022-11-06,12.3,86.0,6.6,0.0,23.0,49.7
West Ham United,Crystal Palace,2022-11-06,13.1,88.3,6.3,0.0,19.3,42.5
Aston Villa,Manchester Utd,2022-11-06,10.8,91.7,1.7,0.0,18.8,37.4
Tottenham Hotspur,Liverpool,2022-11-06,11.6,85.0,0.0,0.0,22.7,44.3
Manchester City,Brentford,2022-11-12,13.4,76.5,0.0,0.0,15.6,30.2
Tottenham Hotspur,Leeds United,2022-11-12,14.6,87.3,0.0,0.0,11.6,24.5
Nottingham Forest,Crystal Palace,2022-11-12,15.1,85.0,0.0,0.0,10.3,20.9
West Ham United,Leicester City,2022-11-12,14.8,86.3,0.0,0.0,10.5,22.7
Liverpool,Southampton,2022-11-12,13.2,81.3,0.0,0.0,17.9,36.0
Bournemouth,Everton,2022-11-12,15.2,86.7,0.0,0.0,20.4,37.4
Newcastle United,Chelsea,2022-11-12,10.1,90.5,0.0,0.0,12.9,24.8
Wolves,Arsenal,2022-11-12,12.3,89.0,0.0,0.0,17.4,32.0
Fulham,Manchester Utd,2022-11-13,12.0,96.0,0.0,0.0,8.0,16.6
Brentford,Tottenham Hotspur,2022-12-26,7.0,76.5,0.0,0.0,14.8,29.9
Crystal Palace,Fulham,2022-12-26,6.2,74.7,0.0,0.0,18.0,33.8
Everton,Wolves,2022-12-26,5.7,74.3,0.3,0.0,27.8,51.8
Leicester City,Newcastle United,2022-12-26,5.3,78.3,0.0,0.0,22.2,40.3
Southampton,Brighton,2022-12-26,6.9,76.0,0.0,0.0,14.0,28.8
Aston Villa,Liverpool,2022-12-26,3.4,81.5,0.0,0.0,17.4,31.7
Arsenal,West Ham United,2022-12-26,3.9,87.7,0.0,0.0,18.8,36.4
Chelsea,Bournemouth,2022-12-27,8.6,89.5,1.3,0.0,27.2,45.0
Manchester Utd,Nottingham Forest,2022-12-27,9.0,90.0,4.2,0.0,25.0,62.6
Leeds United,Manchester City,2022-12-28,9.1,76.7,0.0,0.0,30.5,55.4
West Ham United,Brentford,2022-12-30,11.1,86.0,0.0,0.0,25.0,48.6
Liverpool,Leicester City,2022-12-30,8.9,76.3,0.0,0.0,30.5,57.2
Wolves,Manchester Utd,2022-12-31,10.9,90.5,0.1,0.0,19.8,41.4
Newcastle United,Leeds United,2022-12-31,6.5,94.7,1.1,0.0,7.1,15.8
Fulham,Southampton,2022-12-31,12.8,88.0,2.1,0.0,33.9,57.6
Bournemouth,Crystal Palace,2022-12-31,12.5,87.7,1.7,0.0,43.4,75.6
Manchester City,Everton,2022-12-31,10.6,88.7,0.3,0.0,16.6,33.1
Tottenham Hotspur,Aston Villa,2023-01-01,10.9,81.7,0.2,0.0,23.1,50.4
Nottingham Forest,Chelsea,2023-01-01,10.2,86.5,0.4,0.0,16.4,29.9
Brentford,Liverpool,2023-01-02,3.1,92.0,0.0,0.0,7.2,11.9
Leicester City,Fulham,2023-01-03,11.0,91.0,0.1,0.0,31.4,55.1
Everton,Brighton,2023-01-03,11.4,90.0,1.0,0.0,17.4,36.0
Arsenal,Newcastle United,2023-01-03,11.0,90.5,0.7,0.0,35.4,68.0
Manchester Utd,Bournemouth,2023-01-03,11.2,91.0,2.0,0.0,24.1,50.4
Southampton,Nottingham Forest,2023-01-04,10.2,84.5,0.0,0.0,19.6,41.0
Leeds United,West Ham United,2023-01-04,9.4,83.5,0.1,0.0,31.3,58.3
Crystal Palace,Tottenham Hotspur,2023-01-04,10.1,81.7,0.0,0.0,27.3,54.0
Aston Villa,Wolves,2023-01-04,9.6,84.7,0.0,0.0,23.7,43.9
Chelsea,Manchester City,2023-01-05,10.7,87.3,0.0,0.0,27.0,47.2
Fulham,Chelsea,2023-01-12,7.7,77.7,0.0,0.0,29.1,48.2
Aston Villa,Leeds United,2023-01-13,5.0,81.0,0.0,0.0,19.7,38.9
Manchester Utd,Manchester City,2023-01-14,6.8,82.0,0.4,0.0,23.2,47.5
Nottingham Forest,Leicester City,2023-01-14,10.1,80.3,0.0,0.0,26.9,48.2
Wolves,West Ham United,2023-01-14,5.9,75.3,0.0,0.0,26.0,49.7
Everton,Southampton,2023-01-14,6.4,70.3,0.0,0.0,37.7,72.7
Brentford,Bournemouth,2023-01-14,7.6,69.5,0.0,0.0,23.8,44.6
Newcastle United,Fulham,2023-01-15,5.6,77.3,0.0,0.0,16.6,33.1
Chelsea,Crystal Palace,2023-01-15,7.3,69.7,0.0,0.0,21.9,45.4
Tottenham Hotspur,Arsenal,2023-01-15,5.2,77.5,0.0,0.0,14.8,33.1
Crystal Palace,Manchester Utd,2023-01-18,-0.5,92.0,0.0,0.0,12.9,22.7
Manchester City,Tottenham Hotspur,2023-01-19,2.7,82.3,0.5,0.0,13.4,27.0
Liverpool,Chelsea,2023-01-21,2.4,86.0,0.0,0.0,23.0,41.8
Southampton,Aston Villa,2023-01-21,3.6,73.0,0.0,0.0,7.9,22.0
Bournemouth,Nottingham Forest,2023-01-21,4.7,79.0,0.0,0.0,9.2,21.2
Leicester City,Brighton,2023-01-21,1.6,79.0,0.0,0.0,7.1,17.6
West Ham United,Everton,2023-01-21,4.7,79.0,0.0,0.0,5.9,13.3
Crystal Palace,Newcastle United,2023-01-21,2.1,88.0,0.0,0.0,6.1,7.6
Leeds United,Brentford,2023-01-22,3.7,77.0,0.0,0.0,5.0,14.4
Manchester City,Wolves,2023-01-22,3.9,79.0,0.0,0.0,8.3,19.4
Arsenal,Manchester Utd,2023-01-22,-0.2,92.5,0.0,0.0,3.8,5.4
Fulham,Tottenham Hotspur,2023-01-23,1.3,93.3,0.0,0.0,6.3,10.4
Chelsea,Fulham,2023-02-03,8.9,87.7,0.0,0.0,11.2,22.3
Everton,Arsenal,2023-02-04,9.4,82.5,0.2,0.0,11.1,24.5
Brentford,Southampton,2023-02-04,9.2,72.0,0.0,0.0,9.1,22.0
Wolves,Liverpool,2023-02-04,8.6,79.7,0.0,0.0,13.4,34.6
Manchester Utd,Crystal Palace,2023-02-04,9.1,80.3,0.0,0.0,13.5,25.2
Aston Villa,Leicester City,2023-02-04,8.2,81.0,0.0,0.0,15.2,33.5
Newcastle United,West Ham United,2023-02-04,9.6,72.0,0.0,0.0,15.4,30.6
Nottingham Forest,Leeds United,2023-02-05,7.7,66.7,0.0,0.0,10.5,21.6
Tottenham Hotspur,Manchester City,2023-02-05,6.4,71.0,0.0,0.0,8.8,22.3
Manchester Utd,Leeds United,2023-02-08,2.9,86.0,0.0,0.0,15.1,27.0
West Ham United,Chelsea,2023-02-11,10.6,73.0,0.0,0.0,8.6,22.7
Arsenal,Brentford,2023-02-11,10.4,70.0,0.0,0.0,5.4,17.6
Leicester City,Tottenham Hotspur,2023-02-11,9.6,72.3,0.0,0.0,10.5,27.4
Fulham,Nottingham Forest,2023-02-11,10.4,70.7,0.0,0.0,5.1,16.6
Crystal Palace,Brighton,2023-02-11,10.0,73.0,0.0,0.0,4.8,18.0
Southampton,Wolves,2023-02-11,10.3,74.3,0.0,0.0,5.9,16.9
Bournemouth,Newcastle United,2023-02-11,8.3,93.0,0.0,0.0,7.8,13.7
Leeds United,Manchester Utd,2023-02-12,9.0,66.7,0.0,0.0,11.0,22.3
Manchester City,Aston Villa,2023-02-12,8.4,70.5,0.0,0.0,7.6,21.6
Liverpool,Everton,2023-02-13,5.3,91.3,0.0,0.0,15.4,27.4
Arsenal,Manchester City,2023-02-15,7.6,84.5,0.0,0.0,16.7,30.2
Aston Villa,Arsenal,2023-02-18,12.4,80.5,0.3,0.0,22.8,58.7
Brentford,Crystal Palace,2023-02-18,12.4,85.3,0.7,0.0,20.2,41.4
Everton,Leeds United,2023-02-18,11.2,76.0,0.0,0.0,25.7,51.1
Chelsea,Southampton,2023-02-18,12.4,84.7,0.7,0.0,22.7,41.8
Wolves,Bournemouth,2023-02-18,11.8,80.3,0.6,0.0,21.6,49.0
Nottingham Forest,Manchester City,2023-02-18,12.4,84.7,0.7,0.0,22.7,41.8
Newcastle United,Liverpool,2023-02-18,7.4,90.5,0.4,0.0,3.8,10.8
Manchester Utd,Leicester City,2023-02-19,11.0,67.0,0.0,0.0,17.5,35.6
Tottenham Hotspur,West Ham United,2023-02-19,10.6,68.0,0.0,0.0,10.8,25.6
Fulham,Wolves,2023-02-24,4.4,85.3,0.0,0.0,12.9,24.1
Leicester City,Arsenal,2023-02-25,5.7,67.7,0.0,0.0,24.5,47.2
Everton,Aston Villa,2023-02-25,6.8,56.0,0.0,0.0,20.0,38.2
Leeds United,Southampton,2023-02-25,5.8,66.3,0.0,0.0,23.2,45.4
West Ham United,Nottingham Forest,2023-02-25,7.1,60.0,0.0,0.0,24.4,47.2
Bournemouth,Manchester City,2023-02-25,6.0,66.5,0.0,0.0,20.6,37.8
Crystal Palace,Liverpool,2023-02-25,4.6,66.0,0.0,0.0,17.2,35.3
Tottenham Hotspur,Chelsea,2023-02-26,6.9,49.0,0.0,0.0,20.0,40.3
Arsenal,Everton,2023-03-01,5.2,86.0,0.1,0.0,11.9,23.0
Liverpool,Wolves,2023-03-01,6.4,81.7,0.1,0.0,13.8,25.6
Manchester City,Newcastle United,2023-03-04,6.2,58.0,0.0,0.0,6.4,19.4
Chelsea,Leeds United,2023-03-04,6.5,66.7,0.0,0.0,12.2,23.8
Aston Villa,Crystal Palace,2023-03-04,5.1,63.3,0.0,0.0,10.0,23.8
Wolves,Tottenham Hotspur,2023-03-04,5.0,64.0,0.0,0.0,10.6,24.8
Arsenal,Bournemouth,2023-03-04,6.5,66.7,0.0,0.0,12.3,26.6
Southampton,Leicester City,2023-03-04,5.1,66.5,0.0,0.0,8.9,20.5
Nottingham Forest,Everton,2023-03-05,4.7,56.3,0.0,0.0,11.3,22.3
Liverpool,Manchester Utd,2023-03-05,5.9,80.0,0.1,0.0,13.8,33.5
Brentford,Fulham,2023-03-06,5.4,89.3,0.1,0.0,13.5,27.4
Bournemouth,Liverpool,2023-03-11,5.8,80.5,0.0,0.0,25.1,44.3
Tottenham Hotspur,Nottingham Forest,2023-03-11,6.9,52.0,0.0,0.0,13.4,29.2
Everton,Brentford,2023-03-11,3.8,78.7,1.5,0.1,18.8,34.6
Leicester City,Chelsea,2023-03-11,5.4,60.3,0.0,0.0,12.9,28.1
Leeds United,Brighton,2023-03-11,2.5,74.3,0.0,0.0,8.0,18.7
Crystal Palace,Manchester City,2023-03-11,5.2,64.5,0.1,0.0,13.6,30.6
Fulham,Arsenal,2023-03-12,12.8,68.7,0.0,0.0,26.0,43.6
West Ham United,Aston Villa,2023-03-12,12.9,66.3,0.0,0.0,24.7,48.6
Manchester Utd,Southampton,2023-03-12,12.6,67.3,0.0,0.0,26.7,58.0
Newcastle United,Wolves,2023-03-12,10.4,76.0,0.3,0.0,18.7,41.8
Southampton,Brentford,2023-03-15,7.6,91.0,2.5,0.0,18.4,33.1
Nottingham Forest,Newcastle United,2023-03-17,9.1,92.7,0.0,0.0,10.6,20.5
Wolves,Leeds United,2023-03-18,11.8,79.3,1.9,0.0,9.2,24.5
Brentford,Leicester City,2023-03-18,12.8,71.3,0.5,0.0,8.3,23.0
Aston Villa,Bournemouth,2023-03-18,12.4,75.0,0.3,0.0,11.4,24.5
Southampton,Tottenham Hotspur,2023-03-18,12.6,77.7,1.9,0.0,13.5,31.7
Chelsea,Everton,2023-03-18,11.4,79.0,0.1,0.0,8.6,19.4
Arsenal,Crystal Palace,2023-03-19,10.1,60.0,0.2,0.0,13.1,28.4
Manchester City,Liverpool,2023-04-01,9.4,67.0,0.2,0.0,13.6,27.0
Arsenal,Leeds United,2023-04-01,11.2,68.3,0.3,0.0,20.2,39.6
Bournemouth,Fulham,2023-04-01,11.5,77.3,0.4,0.0,13.9,31.3
Crystal Palace,Leicester City,2023-04-01,11.2,70.0,0.3,0.0,19.3,38.5
Nottingham Forest,Wolves,2023-04-01,11.5,68.3,0.3,0.0,20.2,35.6
Chelsea,Aston Villa,2023-04-01,10.4,71.0,0.0,0.0,17.2,36.0
West Ham United,Southampton,2023-04-02,10.7,51.0,0.0,0.0,16.3,35.6
Newcastle United,Manchester Utd,2023-04-02,7.1,65.0,0.0,0.0,11.2,26.3
Everton,Tottenham Hotspur,2023-04-03,6.0,79.0,0.0,0.0,10.2,20.2
Leeds United,Nottingham Forest,2023-04-04,7.1,74.0,0.0,0.0,9.8,18.7
Leicester City,Aston Villa,2023-04-04,5.8,77.5,0.0,0.0,8.4,14.4
Bournemouth,Brighton,2023-04-04,6.0,83.0,0.0,0.0,7.0,15.5
Chelsea,Liverpool,2023-04-04,5.0,84.0,0.0,0.0,9.6,21.2
West Ham United,Newcastle United,2023-04-05,8.5,84.7,0.8,0.0,9.9,17.6
Manchester Utd,Brentford,2023-04-05,9.4,93.0,0.8,0.0,11.6,23.0
Manchester Utd,Everton,2023-04-08,14.3,47.0,0.0,0.0,10.7,25.6
Fulham,West Ham United,2023-04-08,13.5,52.3,0.0,0.0,8.9,19.1
Wolves,Chelsea,2023-04-08,13.6,47.0,0.0,0.0,9.4,24.1
Tottenham Hotspur,Brighton,2023-04-08,12.9,55.3,0.0,0.0,8.1,18.7
Leicester City,Bournemouth,2023-04-08,13.3,49.7,0.0,0.0,6.6,18.0
Brentford,Newcastle United,2023-04-08,13.7,51.7,0.0,0.0,7.5,19.8
Aston Villa,Nottingham Forest,2023-04-08,13.4,47.7,0.0,0.0,9.6,23.0
Southampton,Manchester City,2023-04-08,11.2,69.5,0.0,0.0,9.8,22.3
Leeds United,Crystal Palace,2023-04-09,12.2,61.0,0.0,0.0,19.1,37.1
Liverpool,Arsenal,2023-04-09,13.8,63.5,0.0,0.0,22.8,45.0
Aston Villa,Newcastle United,2023-04-15,10.8,68.5,0.3,0.0,3.4,24.8
Southampton,Crystal Palace,2023-04-15,12.9,59.7,0.0,0.0,9.2,28.4
Everton,Fulham,2023-04-15,13.0,58.7,0.0,0.0,4.3,16.2
Tottenham Hotspur,Bournemouth,2023-04-15,13.5,58.7,0.1,0.0,9.9,24.8
Chelsea,Brighton,2023-04-15,14.1,56.0,0.1,0.0,8.5,20.2
Wolves,Brentford,2023-04-15,11.9,63.0,0.0,0.0,2.9,12.2
Manchester City,Leicester City,2023-04-15,12.4,67.0,0.0,0.0,4.9,16.2
West Ham United,Arsenal,2023-04-16,15.3,50.0,0.0,0.0,5.3,15.5
Nottingham Forest,Manchester Utd,2023-04-16,13.6,59.0,0.0,0.0,9.2,18.0
Leeds United,Liverpool,2023-04-17,7.6,88.7,0.0,0.0,10.6,29.2
Arsenal,Southampton,2023-04-21,6.5,87.3,0.0,0.0,6.6,15.8
Fulham,Leeds United,2023-04-22,12.9,56.0,0.0,0.0,10.0,22.7
Brentford,Aston Villa,2023-04-22,12.7,58.0,0.0,0.0,11.0,25.6
Crystal Palace,Everton,2023-04-22,12.6,57.7,0.0,0.0,12.5,28.4
Liverpool,Nottingham Forest,2023-04-22,10.5,73.3,0.6,0.0,9.9,29.5
Leicester City,Wolves,2023-04-22,11.6,58.3,0.0,0.0,15.0,30.2
Bournemouth,West Ham United,2023-04-23,12.2,62.3,1.4,0.0,17.7,42.5
Newcastle United,Tottenham Hotspur,2023-04-23,10.6,72.7,0.6,0.0,16.5,37.4
Wolves,Crystal Palace,2023-04-25,6.8,57.5,0.0,0.0,7.8,15.8
Aston Villa,Fulham,2023-04-25,6.3,65.5,0.0,0.0,6.7,10.1
Leeds United,Leicester City,2023-04-25,6.3,64.3,0.0,0.0,7.5,13.0
Nottingham Forest,Brighton,2023-04-26,9.3,66.5,0.0,0.0,10.8,19.8
Chelsea,Brentford,2023-04-26,9.3,66.5,0.0,0.0,10.8,19.8
West Ham United,Liverpool,2023-04-26,8.6,68.0,0.0,0.0,14.8,26.3
Manchester City,Arsenal,2023-04-26,7.0,74.3,0.0,0.0,6.3,14.8
Southampton,Bournemouth,2023-04-27,11.2,97.0,0.6,0.0,10.0,28.8
Everton,Newcastle United,2023-04-27,10.4,84.0,0.2,0.0,20.6,36.4
Tottenham Hotspur,Manchester Utd,2023-04-27,9.4,89.0,0.2,0.0,21.0,40.0
Crystal Palace,West Ham United,2023-04-29,16.4,59.5,0.1,0.0,3.6,17.6
Brentford,Nottingham Forest,2023-04-29,17.2,55.0,0.0,0.0,4.2,13.7
Fulham,Manchester City,2023-04-30,16.8,53.3,0.0,0.0,12.7,26.3
Manchester Utd,Aston Villa,2023-04-30,13.6,79.0,0.7,0.0,20.2,42.5
Newcastle United,Southampton,2023-04-30,14.0,81.7,2.2,0.0,14.5,28.4
Bournemouth,Leeds United,2023-04-30,11.8,84.7,0.2,0.0,8.3,24.1
Liverpool,Tottenham Hotspur,2023-04-30,15.3,75.5,0.3,0.0,9.6,24.5
Leicester City,Everton,2023-05-01,11.2,81.7,0.0,0.0,13.9,28.8
Arsenal,Chelsea,2023-05-02,8.5,75.7,0.0,0.0,14.4,33.5
Liverpool,Fulham,2023-05-03,11.0,65.3,0.0,0.0,22.1,39.2
Manchester City,West Ham United,2023-05-03,9.9,67.0,0.0,0.0,16.0,29.9
Tottenham Hotspur,Crystal Palace,2023-05-06,13.8,90.7,3.4,0.0,16.8,34.9
Manchester City,Leeds United,2023-05-06,15.2,78.3,1.0,0.0,8.6,23.0
Bournemouth,Chelsea,2023-05-06,14.0,91.7,0.0,0.0,23.5,45.7
Wolves,Aston Villa,2023-05-06,14.3,81.0,0.6,0.0,16.9,34.6
Liverpool,Brentford,2023-05-06,14.4,84.0,0.3,0.0,7.7,20.9
Newcastle United,Arsenal,2023-05-07,14.4,91.5,0.3,0.0,8.8,21.2
West Ham United,Manchester Utd,2023-05-07,16.8,73.3,0.0,0.0,6.6,20.2
Fulham,Leicester City,2023-05-08,15.1,75.0,0.0,0.0,21.7,41.0
Nottingham Forest,Southampton,2023-05-08,13.0,89.0,0.8,0.0,15.7,29.5
Leeds United,Newcastle United,2023-05-13,13.5,69.5,0.0,0.0,4.6,20.5
Chelsea,Nottingham Forest,2023-05-13,14.9,70.7,0.0,0.0,16.6,31.3
Manchester Utd,Wolves,2023-05-13,17.6,60.0,0.0,0.0,2.8,14.0
Aston Villa,Tottenham Hotspur,2023-05-13,14.7,70.7,0.0,0.0,8.0,24.5
Crystal Palace,Bournemouth,2023-05-13,14.7,71.0,0.0,0.0,16.3,34.9
Southampton,Fulham,2023-05-13,14.4,74.7,0.0,0.0,13.6,30.6
Brentford,West Ham United,2023-05-14,18.7,62.7,0.0,0.0,6.3,22.0
Everton,Manchester City,2023-05-14,15.7,68.3,0.0,0.0,12.6,34.6
Arsenal,Brighton,2023-05-14,18.4,59.5,0.4,0.0,9.0,18.7
Leicester City,Liverpool,2023-05-15,10.1,68.0,0.0,0.0,16.0,28.1
Newcastle United,Brighton,2023-05-18,14.2,71.0,0.0,0.0,8.5,16.2
Tottenham Hotspur,Brentford,2023-05-20,17.9,54.0,0.0,0.0,19.2,40.7
Wolves,Everton,2023-05-20,17.5,48.0,0.0,0.0,15.2,33.8
Liverpool,Aston Villa,2023-05-20,18.8,49.7,0.0,0.0,6.5,17.6
Bournemouth,Manchester Utd,2023-05-20,18.2,48.0,0.0,0.0,20.2,37.4
Fulham,Crystal Palace,2023-05-20,18.5,48.7,0.0,0.0,21.5,38.2
Nottingham Forest,Arsenal,2023-05-20,17.0,52.5,0.0,0.0,21.4,39.6
West Ham United,Leeds United,2023-05-21,17.5,54.0,0.0,0.0,19.2,37.1
Manchester City,Chelsea,2023-05-21,19.2,43.7,0.0,0.0,9.5,25.6
Newcastle United,Leicester City,2023-05-22,10.3,80.0,0.0,0.0,6.6,22.7
Manchester Utd,Chelsea,2023-05-25,14.4,75.7,0.2,0.0,4.9,14.0
Brentford,Manchester City,2023-05-28,19.8,46.0,0.0,0.0,22.4,43.6
Everton,Bournemouth,2023-05-28,17.3,66.5,0.0,0.0,7.0,23.4
Crystal Palace,Nottingham Forest,2023-05-28,19.2,46.0,0.0,0.0,23.5,44.6
Southampton,Liverpool,2023-05-28,20.8,42.5,0.0,0.0,20.2,38.9
Leicester City,West Ham United,2023-05-28,16.9,65.5,0.0,0.0,22.0,41.4
Aston Villa,Brighton,2023-05-28,17.8,63.5,0.0,0.0,17.4,38.5
Leeds United,Tottenham Hotspur,2023-05-28,14.3,66.0,0.0,0.0,17.5,33.5
Arsenal,Wolves,2023-05-28,19.6,46.5,0.0,0.0,23.7,46.4
Manchester Utd,Fulham,2023-05-28,17.0,64.5,0.0,0.0,20.6,40.0
Chelsea,Newcastle United,2023-05-28,19.8,46.0,0.0,0.0,24.4,41.0
Brentford,Arsenal,2021-08-13,17.9,78.3,0.0,0.0,12.5,28.1
Manchester Utd,Leeds United,2021-08-14,17.0,72.0,0.3,0.0,13.8,31.3
Everton,Southampton,2021-08-14,15.9,83.0,1.5,0.0,7.2,20.2
Leicester City,Wolves,2021-08-14,18.8,83.7,2.1,0.0,13.2,36.7
Chelsea,Crystal Palace,2021-08-14,22.7,58.7,0.0,0.0,17.3,33.8
Burnley,Brighton,2021-08-14,14.9,79.7,0.3,0.0,14.1,38.9
Watford,Aston Villa,2021-08-14,22.1,59.0,0.0,0.0,16.9,38.5
Norwich City,Liverpool,2021-08-14,20.9,70.0,0.2,0.0,11.6,31.0
Newcastle United,West Ham United,2021-08-15,21.7,56.3,0.1,0.0,20.7,43.2
Tottenham Hotspur,Manchester City,2021-08-15,20.6,58.5,0.0,0.0,19.0,42.8
Liverpool,Burnley,2021-08-21,18.1,82.5,0.6,0.0,14.8,32.4
Leeds United,Everton,2021-08-21,17.9,85.0,1.5,0.0,12.3,27.7
Crystal Palace,Brentford,2021-08-21,19.5,79.7,0.1,0.0,8.9,22.3
Manchester City,Norwich City,2021-08-21,18.4,81.0,0.8,0.0,10.4,27.4
Aston Villa,Newcastle United,2021-08-21,17.2,81.7,1.0,0.0,13.3,33.5
Wolves,Tottenham Hotspur,2021-08-22,19.7,68.0,0.1,0.0,14.7,35.3
Southampton,Manchester Utd,2021-08-22,20.9,62.7,0.1,0.0,16.1,35.3
Arsenal,Chelsea,2021-08-22,20.6,67.5,0.0,0.0,14.2,31.7
West Ham United,Leicester City,2021-08-23,16.1,69.7,0.0,0.0,15.0,30.6
Manchester City,Arsenal,2021-08-28,18.9,60.5,0.0,0.0,6.1,19.4
West Ham United,Crystal Palace,2021-08-28,19.7,59.0,0.0,0.0,19.9,42.1
Norwich City,Leicester City,2021-08-28,17.9,66.0,0.0,0.0,21.5,47.2
Aston Villa,Brentford,2021-08-28,19.3,52.3,0.0,0.0,12.1,28.4
Newcastle United,Southampton,2021-08-28,18.6,63.3,0.1,0.0,21.7,42.5
Liverpool,Chelsea,2021-08-28,16.9,70.0,0.0,0.0,10.6,26.6
Burnley,Leeds United,2021-08-29,15.7,75.7,0.0,0.0,12.7,30.2
Tottenham Hotspur,Watford,2021-08-29,17.8,60.3,0.1,0.0,15.5,33.5
Wolves,Manchester Utd,2021-08-29,16.8,61.0,0.0,0.0,12.8,28.1
Crystal Palace,Tottenham Hotspur,2021-09-11,19.8,68.0,0.0,0.0,13.8,32.8
Leicester City,Manchester City,2021-09-11,20.6,54.0,0.0,0.0,18.1,37.4
Brentford,Brighton,2021-09-11,21.0,54.3,0.0,0.0,12.1,28.4
Southampton,West Ham United,2021-09-11,20.3,58.7,0.0,0.0,12.8,27.4
Arsenal,Norwich City,2021-09-11,21.0,54.7,0.0,0.0,14.2,31.3
Manchester Utd,Newcastle United,2021-09-11,17.6,77.7,0.2,0.0,17.6,36.0
Watford,Wolves,2021-09-11,20.3,60.0,0.0,0.0,14.4,34.9
Chelsea,Aston Villa,2021-09-11,19.8,63.5,0.0,0.0,11.7,22.3
Leeds United,Liverpool,2021-09-12,16.7,63.5,0.0,0.0,4.2,11.9
Everton,Burnley,2021-09-13,15.9,77.7,0.0,0.0,12.7,27.4
Newcastle United,Leeds United,2021-09-17,16.0,88.7,0.0,0.0,8.5,17.6
Wolves,Brentford,2021-09-18,19.8,66.0,0.0,0.0,6.7,22.0
Norwich City,Watford,2021-09-18,20.8,56.7,0.0,0.0,16.0,34.6
Burnley,Arsenal,2021-09-18,19.3,64.0,0.0,0.0,11.0,25.2
Manchester City,Southampton,2021-09-18,20.5,60.7,0.0,0.0,8.4,24.1
Liverpool,Crystal Palace,2021-09-18,19.1,69.0,0.5,0.0,10.1,26.3
Aston Villa,Everton,2021-09-18,18.6,72.0,0.0,0.0,5.5,15.5
West Ham United,Manchester Utd,2021-09-19,18.5,80.3,0.7,0.0,8.1,21.6
Tottenham Hotspur,Chelsea,2021-09-19,17.5,82.0,0.5,0.0,9.5,20.2
Chelsea,Manchester City,2021-09-25,19.1,78.0,0.0,0.0,7.2,20.2
Manchester Utd,Aston Villa,2021-09-25,18.6,85.0,0.2,0.0,9.6,22.0
Everton,Norwich City,2021-09-25,20.6,72.3,0.0,0.0,10.5,22.0
Leeds United,West Ham United,2021-09-25,19.5,78.0,0.2,0.0,3.2,12.2
Watford,Newcastle United,2021-09-25,19.0,77.3,0.0,0.0,6.8,16.9
Leicester City,Burnley,2021-09-25,21.0,63.3,0.0,0.0,8.6,21.6
Brentford,Liverpool,2021-09-25,18.4,85.0,0.0,0.0,6.9,15.5
Southampton,Wolves,2021-09-26,20.2,64.3,0.0,0.0,20.6,42.5
Arsenal,Tottenham Hotspur,2021-09-26,19.8,68.0,0.0,0.0,18.6,37.1
Crystal Palace,Brighton,2021-09-27,13.1,72.0,0.0,0.0,15.7,31.7
Manchester Utd,Everton,2021-10-02,11.7,88.0,0.4,0.0,24.0,54.7
Leeds United,Watford,2021-10-02,11.1,93.3,2.3,0.0,17.6,44.3
Chelsea,Southampton,2021-10-02,14.5,90.3,8.0,0.0,24.7,55.4
Wolves,Newcastle United,2021-10-02,12.2,94.7,1.5,0.0,14.7,38.5
Burnley,Norwich City,2021-10-02,11.3,91.3,1.2,0.0,17.2,59.8
West Ham United,Brentford,2021-10-03,15.1,63.7,0.8,0.0,28.0,55.8
Tottenham Hotspur,Aston Villa,2021-10-03,14.8,64.7,0.7,0.0,27.8,59.8
Crystal Palace,Leicester City,2021-10-03,14.8,67.0,0.4,0.0,28.9,60.5
Liverpool,Manchester City,2021-10-03,13.3,72.5,0.3,0.0,24.0,56.9
Watford,Liverpool,2021-10-16,14.0,81.0,0.1,0.0,7.6,23.0
Aston Villa,Wolves,2021-10-16,13.9,81.3,0.1,0.0,10.0,28.4
Manchester City,Burnley,2021-10-16,14.6,76.7,0.2,0.0,11.5,31.3
Southampton,Leeds United,2021-10-16,16.1,77.0,0.2,0.0,11.7,24.1
Leicester City,Manchester Utd,2021-10-16,14.6,73.7,0.0,0.0,13.2,29.5
Norwich City,Brighton,2021-10-16,13.9,66.7,0.0,0.0,12.2,30.2
Brentford,Chelsea,2021-10-16,13.2,90.5,0.1,0.0,9.2,16.2
Everton,West Ham United,2021-10-17,16.4,83.7,0.5,0.0,11.7,24.5
Newcastle United,Tottenham Hotspur,2021-10-17,13.8,87.5,0.0,0.0,12.6,26.6
Arsenal,Crystal Palace,2021-10-18,15.8,94.7,3.4,0.0,19.9,37.1
Arsenal,Aston Villa,2021-10-22,8.0,87.7,0.0,0.0,9.5,16.6
Chelsea,Norwich City,2021-10-23,13.1,64.5,0.0,0.0,14.6,26.6
Southampton,Burnley,2021-10-23,13.4,61.7,0.0,0.0,18.3,40.0
Crystal Palace,Newcastle United,2021-10-23,13.2,68.3,0.0,0.0,15.8,35.6
Everton,Watford,2021-10-23,12.6,74.0,0.0,0.0,21.8,45.7
Leeds United,Wolves,2021-10-23,12.4,70.7,0.0,0.0,18.8,39.6
Brentford,Leicester City,2021-10-24,14.5,67.7,0.0,0.0,20.2,40.3
West Ham United,Tottenham Hotspur,2021-10-24,14.6,64.7,0.0,0.0,19.3,38.9
Manchester Utd,Liverpool,2021-10-24,12.9,85.5,0.0,0.0,19.6,39.2
Leicester City,Arsenal,2021-10-30,12.2,72.0,0.0,0.0,21.2,39.6
Newcastle United,Chelsea,2021-10-30,13.1,63.7,0.0,0.0,16.3,36.4
Manchester City,Crystal Palace,2021-10-30,11.1,78.0,0.3,0.0,13.0,38.2
Liverpool,Brighton,2021-10-30,11.5,70.3,0.1,0.0,14.0,35.6
Burnley,Brentford,2021-10-30,9.4,83.3,0.6,0.0,19.4,43.9
Watford,Southampton,2021-10-30,12.8,64.7,0.0,0.0,15.3,35.3
Tottenham Hotspur,Manchester Utd,2021-10-30,11.1,76.0,0.0,0.0,14.6,28.1
Norwich City,Leeds United,2021-10-31,12.5,81.0,0.9,0.0,29.4,83.5
Aston Villa,West Ham United,2021-10-31,10.2,74.0,0.0,0.0,37.4,74.5
Wolves,Everton,2021-11-01,5.4,92.3,0.0,0.0,10.0,20.2
Southampton,Aston Villa,2021-11-05,8.1,93.7,0.0,0.0,7.3,14.0
Manchester Utd,Manchester City,2021-11-06,12.7,75.5,0.1,0.0,24.0,51.1
Chelsea,Burnley,2021-11-06,12.5,75.7,0.0,0.0,26.7,51.5
Brentford,Norwich City,2021-11-06,12.4,76.3,0.0,0.0,24.6,52.6
Crystal Palace,Wolves,2021-11-06,12.3,76.0,0.0,0.0,25.6,57.2
Arsenal,Watford,2021-11-07,11.9,59.0,0.0,0.0,21.5,46.8
Leeds United,Leicester City,2021-11-07,10.8,69.3,0.0,0.0,31.1,65.2
Everton,Tottenham Hotspur,2021-11-07,11.3,65.7,0.0,0.0,34.2,68.0
West Ham United,Liverpool,2021-11-07,9.8,70.5,0.0,0.0,13.8,32.4
Leicester City,Chelsea,2021-11-20,11.0,74.0,0.0,0.0,18.1,34.2
Burnley,Crystal Palace,2021-11-20,10.2,93.7,1.0,0.0,24.4,52.6
Aston Villa,Brighton,2021-11-20,10.1,73.3,0.0,0.0,12.8,32.8
Newcastle United,Brentford,2021-11-20,9.9,80.3,0.0,0.0,12.2,25.9
Norwich City,Southampton,2021-11-20,10.3,81.0,0.0,0.0,14.2,32.8
Watford,Manchester Utd,2021-11-20,10.0,79.0,0.0,0.0,10.0,27.7
Wolves,West Ham United,2021-11-20,10.1,73.0,0.0,0.0,13.3,32.4
Liverpool,Arsenal,2021-11-20,10.9,90.5,1.3,0.0,21.6,47.5
Manchester City,Everton,2021-11-21,6.4,68.3,0.0,0.0,15.0,30.6
Tottenham Hotspur,Leeds United,2021-11-21,5.8,74.5,0.0,0.0,22.4,43.9
Arsenal,Newcastle United,2021-11-27,5.1,84.5,0.9,0.0,27.0,60.5
Liverpool,Southampton,2021-11-27,3.5,54.7,0.0,0.0,36.3,78.5
Norwich City,Wolves,2021-11-27,6.2,84.3,0.6,0.0,27.9,56.9
Crystal Palace,Aston Villa,2021-11-27,4.0,79.7,0.1,0.0,33.9,64.4
Manchester City,West Ham United,2021-11-28,0.3,83.7,2.2,1.5,5.5,14.0
Brentford,Everton,2021-11-28,3.2,63.0,0.0,0.0,14.3,31.0
Leicester City,Watford,2021-11-28,1.7,71.0,0.7,0.5,12.1,27.0
Chelsea,Manchester Utd,2021-11-28,1.9,66.5,0.0,0.0,9.8,20.9
Newcastle United,Norwich City,2021-11-30,9.8,91.5,0.0,0.0,23.8,41.4
Leeds United,Crystal Palace,2021-11-30,8.8,88.0,0.6,0.0,18.7,36.7
West Ham United,Brighton,2021-12-01,5.4,84.0,0.0,0.0,21.4,37.8
Watford,Chelsea,2021-12-01,4.6,83.5,0.0,0.0,21.9,41.0
Southampton,Leicester City,2021-12-01,5.8,81.0,0.0,0.0,21.2,39.6
Wolves,Burnley,2021-12-01,2.8,88.0,0.0,0.0,17.8,33.8
Aston Villa,Manchester City,2021-12-01,1.9,89.5,0.0,0.0,15.8,29.9
Everton,Liverpool,2021-12-01,3.6,71.5,0.0,0.0,16.9,31.0
Tottenham Hotspur,Brentford,2021-12-02,-0.0,75.0,0.0,0.0,13.3,25.6
Manchester Utd,Arsenal,2021-12-02,0.8,80.0,0.0,0.0,7.8,13.7
West Ham United,Chelsea,2021-12-04,7.4,69.5,0.0,0.0,23.0,44.6
Newcastle United,Burnley,2021-12-04,5.7,69.3,0.0,0.0,24.9,44.3
Southampton,Brighton,2021-12-04,6.4,71.3,0.0,0.0,23.9,46.4
Wolves,Liverpool,2021-12-04,5.2,71.0,0.0,0.0,29.6,59.8
Watford,Manchester City,2021-12-04,4.2,72.0,0.0,0.0,21.9,41.0
Tottenham Hotspur,Norwich City,2021-12-05,6.4,89.7,0.2,0.0,22.2,51.5
Manchester Utd,Crystal Palace,2021-12-05,6.6,80.0,0.0,0.0,12.8,25.6
Leeds United,Brentford,2021-12-05,6.3,88.3,0.3,0.0,19.6,41.4
Aston Villa,Leicester City,2021-12-05,5.0,81.0,0.0,0.0,19.8,41.0
Everton,Arsenal,2021-12-06,4.3,84.3,5.5,1.6,26.5,54.7
Brentford,Watford,2021-12-10,3.8,84.0,0.0,0.0,15.5,31.3
Manchester City,Wolves,2021-12-11,6.7,88.0,0.2,0.0,15.3,27.0
Liverpool,Aston Villa,2021-12-11,7.8,93.3,4.5,0.0,17.6,32.4
Arsenal,Southampton,2021-12-11,6.5,87.3,1.0,0.0,14.1,26.6
Chelsea,Leeds United,2021-12-11,6.8,86.3,1.1,0.0,13.9,23.0
Norwich City,Manchester Utd,2021-12-11,6.1,83.5,0.2,0.0,18.0,33.5
Leicester City,Newcastle United,2021-12-12,12.1,90.7,0.0,0.0,21.6,39.6
Burnley,West Ham United,2021-12-12,11.9,93.7,0.1,0.0,22.6,47.2
Crystal Palace,Everton,2021-12-12,11.9,91.0,0.0,0.0,18.6,34.9
Norwich City,Aston Villa,2021-12-14,11.4,87.5,0.0,0.0,18.0,32.8
Manchester City,Leeds United,2021-12-14,9.2,94.7,0.3,0.0,9.9,20.2
Crystal Palace,Southampton,2021-12-15,9.3,95.5,0.0,0.0,10.9,19.4
Arsenal,West Ham United,2021-12-15,8.6,96.3,0.0,0.0,9.8,17.6
Chelsea,Everton,2021-12-16,6.9,97.0,0.0,0.0,7.6,9.7
Liverpool,Newcastle United,2021-12-16,8.2,89.0,0.0,0.0,3.5,7.6
Leeds United,Arsenal,2021-12-18,4.8,98.5,0.0,0.0,4.6,8.6
Wolves,Chelsea,2021-12-19,3.9,97.7,0.0,0.0,6.8,19.4
Newcastle United,Manchester City,2021-12-19,5.4,94.5,0.0,0.0,10.8,21.2
Tottenham Hotspur,Liverpool,2021-12-19,5.8,94.0,0.0,0.0,9.9,19.8
Tottenham Hotspur,Crystal Palace,2021-12-26,8.5,98.3,0.0,0.0,4.6,12.6
Norwich City,Arsenal,2021-12-26,6.0,97.0,0.6,0.0,13.5,30.6
West Ham United,Southampton,2021-12-26,8.6,97.7,0.0,0.0,4.7,11.2
Manchester City,Leicester City,2021-12-26,5.5,89.7,0.0,0.0,9.6,19.1
Aston Villa,Chelsea,2021-12-26,6.2,99.0,0.0,0.0,5.6,10.1
Newcastle United,Manchester Utd,2021-12-27,9.0,93.3,3.7,0.0,17.8,31.0
Crystal Palace,Norwich City,2021-12-28,10.6,78.7,0.0,0.0,24.8,58.0
Southampton,Tottenham Hotspur,2021-12-28,10.4,82.0,0.0,0.0,24.7,56.9
Watford,West Ham United,2021-12-28,9.9,81.7,0.0,0.0,24.5,55.8
Leicester City,Liverpool,2021-12-28,7.7,91.7,0.0,0.0,17.2,37.1
Chelsea,Brighton,2021-12-29,11.4,89.5,0.0,0.0,21.0,34.2
Brentford,Manchester City,2021-12-29,12.2,91.5,0.0,0.0,20.0,36.4
Manchester Utd,Burnley,2021-12-30,13.1,85.0,0.1,0.0,27.2,50.0
Arsenal,Manchester City,2022-01-01,14.7,76.5,0.0,0.0,19.2,43.6
Watford,Tottenham Hotspur,2022-01-01,13.4,86.3,0.1,0.0,21.8,42.1
Crystal Palace,West Ham United,2022-01-01,13.0,85.0,0.0,0.0,22.7,42.5
Brentford,Aston Villa,2022-01-02,11.2,84.3,1.8,0.0,24.9,56.5
Everton,Brighton,2022-01-02,9.9,83.0,1.8,0.0,21.9,39.2
Leeds United,Burnley,2022-01-02,9.9,80.3,2.9,0.0,26.5,51.5
Chelsea,Liverpool,2022-01-02,10.4,88.0,0.3,0.0,26.6,47.5
Manchester Utd,Wolves,2022-01-03,6.4,88.5,0.0,0.0,12.8,25.9
Southampton,Brentford,2022-01-11,9.0,92.5,0.5,0.0,12.1,22.0
West Ham United,Norwich City,2022-01-12,1.9,100.0,0.0,0.0,5.4,10.1
Manchester City,Chelsea,2022-01-15,4.4,78.5,0.0,0.0,3.2,12.2
Norwich City,Everton,2022-01-15,5.6,93.3,0.0,0.0,13.0,27.7
Newcastle United,Watford,2022-01-15,4.4,88.0,0.0,0.0,12.0,27.4
Wolves,Southampton,2022-01-15,2.5,96.7,0.0,0.0,10.1,23.4
Aston Villa,Manchester Utd,2022-01-15,2.0,95.5,0.0,0.0,11.7,21.6
West Ham United,Leeds United,2022-01-16,7.7,90.3,0.0,0.0,7.7,18.4
Liverpool,Brentford,2022-01-16,7.1,77.7,0.0,0.0,19.3,38.9
Leicester City,Tottenham Hotspur,2022-01-19,3.8,85.5,0.0,0.0,16.6,31.7
Brentford,Manchester Utd,2022-01-19,4.0,87.7,0.0,0.0,14.5,27.4
Watford,Norwich City,2022-01-21,1.0,92.7,0.0,0.0,10.1,20.9
Everton,Aston Villa,2022-01-22,7.6,84.5,0.0,0.0,19.5,35.6
Brentford,Wolves,2022-01-22,6.1,79.0,0.0,0.0,8.9,24.1
Manchester Utd,West Ham United,2022-01-22,7.7,81.7,0.0,0.0,12.2,29.5
Leeds United,Newcastle United,2022-01-22,7.6,80.7,0.0,0.0,13.2,36.4
Southampton,Manchester City,2022-01-22,2.8,91.5,0.0,0.0,5.9,10.4
Crystal Palace,Liverpool,2022-01-23,5.7,76.3,0.0,0.0,5.5,13.3
Arsenal,Burnley,2022-01-23,5.7,77.7,0.0,0.0,6.2,14.0
Leicester City,Brighton,2022-01-23,3.8,80.3,0.0,0.0,10.6,22.3
Chelsea,Tottenham Hotspur,2022-01-23,5.0,82.0,0.0,0.0,3.4,10.1
Burnley,Watford,2022-02-05,7.5,89.7,5.3,0.0,40.0,83.2
West Ham United,Watford,2022-02-08,10.1,78.5,0.0,0.0,20.6,37.1
Newcastle United,Everton,2022-02-08,9.6,82.5,0.0,0.0,20.0,34.2
Burnley,Manchester Utd,2022-02-08,9.5,95.7,4.9,0.0,25.3,52.6
Norwich City,Crystal Palace,2022-02-09,8.4,95.0,0.2,0.0,3.6,7.9
Manchester City,Brentford,2022-02-09,5.2,74.5,0.0,0.0,7.6,17.3
Tottenham Hotspur,Southampton,2022-02-09,9.4,86.5,0.1,0.0,8.6,19.4
Aston Villa,Leeds United,2022-02-09,5.3,78.0,0.0,0.0,9.7,18.4
Wolves,Arsenal,2022-02-10,3.5,73.5,0.0,0.0,20.9,38.9
Liverpool,Leicester City,2022-02-10,5.6,74.0,0.3,0.0,27.4,50.4
Manchester Utd,Southampton,2022-02-12,5.9,84.0,0.8,0.0,29.3,57.2
Everton,Leeds United,2022-02-12,8.4,79.3,0.1,0.0,29.4,57.6
Brentford,Crystal Palace,2022-02-12,7.2,66.0,0.0,0.0,24.1,49.0
Watford,Brighton,2022-02-12,6.7,67.0,0.0,0.0,25.8,54.0
Norwich City,Manchester City,2022-02-12,5.8,58.5,0.0,0.0,30.0,54.4
Tottenham Hotspur,Wolves,2022-02-13,7.6,88.7,3.1,0.0,28.1,54.4
Newcastle United,Aston Villa,2022-02-13,7.1,89.0,2.7,0.0,30.1,59.8
Burnley,Liverpool,2022-02-13,7.6,92.7,3.8,0.0,33.8,69.8
Leicester City,West Ham United,2022-02-13,8.2,91.0,1.2,0.0,33.8,61.6
Manchester Utd,Brighton,2022-02-15,6.4,85.5,0.6,0.0,15.0,28.1
West Ham United,Newcastle United,2022-02-19,7.2,78.0,2.2,0.0,31.9,74.9
Southampton,Everton,2022-02-19,9.4,80.7,0.9,0.0,35.0,84.2
Arsenal,Brentford,2022-02-19,7.8,84.7,0.6,0.0,35.0,76.7
Crystal Palace,Chelsea,2022-02-19,7.9,85.3,5.9,0.0,37.2,79.6
Liverpool,Norwich City,2022-02-19,4.7,84.0,0.1,0.0,19.1,42.8
Aston Villa,Watford,2022-02-19,7.7,81.7,0.0,0.0,29.7,66.2
Manchester City,Tottenham Hotspur,2022-02-19,3.0,92.0,0.0,0.0,8.5,23.8
Leeds United,Manchester Utd,2022-02-20,11.0,87.3,8.3,0.0,33.9,66.2
Wolves,Leicester City,2022-02-20,9.2,89.0,5.0,0.0,35.4,82.1
Burnley,Tottenham Hotspur,2022-02-23,7.4,91.0,2.5,0.0,32.2,74.9
Watford,Crystal Palace,2022-02-23,7.8,78.5,0.0,0.0,23.0,43.9
Liverpool,Leeds United,2022-02-23,9.3,79.5,0.6,0.0,31.8,54.7
Arsenal,Wolves,2022-02-24,3.6,61.5,0.0,0.0,20.5,36.4
Southampton,Norwich City,2022-02-25,3.2,88.3,0.0,0.0,7.1,12.2
Leeds United,Tottenham Hotspur,2022-02-26,9.1,68.5,0.0,0.0,24.4,45.0
Crystal Palace,Burnley,2022-02-26,8.9,58.7,0.0,0.0,16.8,38.5
Manchester Utd,Watford,2022-02-26,10.0,60.0,0.0,0.0,26.0,52.9
Brentford,Newcastle United,2022-02-26,9.1,59.0,0.0,0.0,16.3,38.5
Everton,Manchester City,2022-02-26,8.6,62.0,0.0,0.0,27.8,50.8
West Ham United,Wolves,2022-02-27,9.0,58.0,0.0,0.0,18.1,34.9
Burnley,Leicester City,2022-03-01,3.8,90.0,0.0,0.0,17.2,36.0
Leicester City,Leeds United,2022-03-05,6.6,69.5,0.1,0.0,28.6,58.0
Aston Villa,Southampton,2022-03-05,7.2,55.7,0.1,0.0,26.3,55.8
Newcastle United,Brighton,2022-03-05,6.4,80.3,0.0,0.0,29.8,55.1
Burnley,Chelsea,2022-03-05,7.2,55.7,0.0,0.0,24.5,51.1
Norwich City,Brentford,2022-03-05,5.8,88.3,0.8,0.0,13.8,31.3
Wolves,Crystal Palace,2022-03-05,7.6,52.3,0.0,0.0,23.3,51.8
Liverpool,West Ham United,2022-03-05,6.8,57.5,0.0,0.0,12.8,31.7
Watford,Arsenal,2022-03-06,6.5,58.3,0.0,0.0,24.1,50.0
Manchester City,Manchester Utd,2022-03-06,7.8,55.5,0.0,0.0,9.8,24.5
Tottenham Hotspur,Everton,2022-03-07,3.4,63.7,0.0,0.0,21.5,41.4
Wolves,Watford,2022-03-10,9.5,86.5,0.2,0.0,16.2,31.3
Southampton,Newcastle United,2022-03-10,9.6,88.5,0.1,0.0,12.6,23.8
Norwich City,Chelsea,2022-03-10,9.3,73.0,0.0,0.0,17.8,31.3
Leeds United,Aston Villa,2022-03-10,11.0,82.0,0.0,0.0,17.7,33.1
Brentford,Burnley,2022-03-12,11.1,64.0,0.0,0.0,22.6,45.4
Manchester Utd,Tottenham Hotspur,2022-03-12,10.4,58.5,0.0,0.0,20.4,42.8
Chelsea,Newcastle United,2022-03-13,9.8,79.3,0.7,0.0,15.1,33.8
Everton,Wolves,2022-03-13,12.0,53.3,0.0,0.0,31.1,64.8
Leeds United,Norwich City,2022-03-13,11.9,58.3,0.1,0.0,25.7,55.1
West Ham United,Aston Villa,2022-03-13,10.0,79.3,0.9,0.0,13.5,37.8
Southampton,Watford,2022-03-13,10.9,68.7,0.1,0.0,20.0,43.2
Arsenal,Leicester City,2022-03-13,9.5,83.0,0.0,0.0,13.2,25.6
Crystal Palace,Manchester City,2022-03-14,6.1,93.3,0.0,0.0,7.0,14.0
Arsenal,Liverpool,2022-03-16,7.7,90.5,0.7,0.0,19.7,39.2
Everton,Newcastle United,2022-03-17,8.6,89.5,0.0,0.0,14.6,26.3
Wolves,Leeds United,2022-03-18,8.7,78.3,0.0,0.0,13.5,25.6
Aston Villa,Arsenal,2022-03-19,12.8,53.5,0.0,0.0,22.8,47.2
Leicester City,Brentford,2022-03-20,9.6,49.3,0.0,0.0,12.0,35.6
Tottenham Hotspur,West Ham United,2022-03-20,9.9,47.0,0.0,0.0,2.4,10.4
Liverpool,Watford,2022-04-02,7.9,59.0,0.2,0.0,9.6,24.1
Burnley,Manchester City,2022-04-02,6.7,55.0,0.2,0.0,11.1,26.6
Chelsea,Brentford,2022-04-02,7.3,54.7,0.6,0.1,13.5,27.7
Wolves,Aston Villa,2022-04-02,6.7,57.0,0.4,0.0,8.7,22.3
Leeds United,Southampton,2022-04-02,6.8,58.0,0.4,0.0,11.9,29.9
Manchester Utd,Leicester City,2022-04-02,6.7,58.5,0.0,0.0,9.2,23.8
West Ham United,Everton,2022-04-03,9.1,41.7,0.0,0.0,10.7,24.5
Tottenham Hotspur,Newcastle United,2022-04-03,8.4,48.5,0.0,0.0,11.0,25.2
Crystal Palace,Arsenal,2022-04-04,11.6,82.3,0.0,0.0,18.9,34.6
Burnley,Everton,2022-04-06,7.1,86.5,1.9,0.0,30.1,67.3
Newcastle United,Wolves,2022-04-08,3.9,79.7,0.0,0.0,8.4,24.5
Everton,Manchester Utd,2022-04-09,7.8,65.0,0.1,0.0,23.1,45.7
Arsenal,Brighton,2022-04-09,10.4,42.0,0.2,0.0,17.2,33.8
Watford,Leeds United,2022-04-09,9.7,45.3,0.0,0.0,17.1,35.6
Southampton,Chelsea,2022-04-09,10.0,46.3,0.0,0.0,14.6,31.7
Aston Villa,Tottenham Hotspur,2022-04-09,7.9,54.0,0.0,0.0,14.2,34.9
Brentford,West Ham United,2022-04-10,12.6,46.3,0.0,0.0,14.6,34.2
Norwich City,Burnley,2022-04-10,10.8,48.7,0.0,0.0,13.3,28.8
Leicester City,Crystal Palace,2022-04-10,10.9,49.3,0.0,0.0,12.3,28.8
Manchester City,Liverpool,2022-04-10,10.2,51.5,0.0,0.0,8.2,19.8
Tottenham Hotspur,Brighton,2022-04-16,16.5,57.0,0.0,0.0,13.0,32.0
Watford,Brentford,2022-04-16,17.1,53.3,0.0,0.0,11.8,28.1
Southampton,Arsenal,2022-04-16,16.7,59.0,0.0,0.0,11.3,30.2
Manchester Utd,Norwich City,2022-04-16,19.6,53.7,0.0,0.0,17.5,36.7
West Ham United,Burnley,2022-04-17,17.6,33.5,0.0,0.0,16.9,33.8
Newcastle United,Leicester City,2022-04-17,16.7,39.5,0.0,0.0,19.2,36.4
Liverpool,Manchester Utd,2022-04-19,7.6,84.3,0.0,0.0,7.1,22.0
Everton,Leicester City,2022-04-20,11.8,59.5,0.0,0.0,16.2,28.8
Chelsea,Arsenal,2022-04-20,10.8,55.5,0.0,0.0,14.4,26.3
Newcastle United,Crystal Palace,2022-04-20,9.8,61.5,0.0,0.0,14.6,26.6
Manchester City,Brighton,2022-04-20,10.2,66.0,0.0,0.0,13.3,25.2
Burnley,Southampton,2022-04-21,9.6,71.5,0.0,0.0,22.9,46.1
Arsenal,Manchester Utd,2022-04-23,16.0,57.0,0.1,0.0,28.2,58.3
Norwich City,Newcastle United,2022-04-23,12.8,68.0,0.0,0.0,27.0,57.2
Leicester City,Aston Villa,2022-04-23,13.5,63.0,0.0,0.0,32.5,61.2
Manchester City,Watford,2022-04-23,14.5,53.0,0.0,0.0,32.0,63.7
Brentford,Tottenham Hotspur,2022-04-23,14.8,58.5,0.0,0.0,25.4,52.9
Chelsea,West Ham United,2022-04-24,17.4,41.0,0.0,0.0,21.7,41.0
Burnley,Wolves,2022-04-24,12.6,58.0,0.0,0.0,24.4,57.6
Liverpool,Everton,2022-04-24,14.2,47.0,0.0,0.0,19.5,38.5
Crystal Palace,Leeds United,2022-04-25,9.3,73.0,0.0,0.0,10.2,29.2
Manchester Utd,Chelsea,2022-04-28,9.2,70.0,0.0,0.0,9.0,16.2
Newcastle United,Liverpool,2022-04-30,15.0,49.0,0.0,0.0,6.6,20.5
Watford,Burnley,2022-04-30,15.9,42.7,0.0,0.0,3.4,14.0
Wolves,Brighton,2022-04-30,14.8,45.0,0.0,0.0,12.4,27.4
Aston Villa,Norwich City,2022-04-30,14.9,44.3,0.0,0.0,11.6,27.0
Southampton,Crystal Palace,2022-04-30,14.9,54.7,0.0,0.0,9.4,25.6
Leeds United,Manchester City,2022-04-30,11.8,65.0,0.2,0.0,14.4,31.0
Tottenham Hotspur,Leicester City,2022-05-01,13.0,59.0,0.0,0.0,12.5,31.0
Everton,Chelsea,2022-05-01,13.0,77.0,0.5,0.0,10.7,23.4
West Ham United,Arsenal,2022-05-01,12.0,72.0,0.1,0.0,13.5,26.3
Manchester Utd,Brentford,2022-05-02,12.1,82.3,0.1,0.0,11.1,22.3
Burnley,Aston Villa,2022-05-07,13.8,71.0,0.0,0.0,14.7,33.1
Crystal Palace,Watford,2022-05-07,17.4,64.7,0.2,0.0,13.9,34.6
Brentford,Southampton,2022-05-07,17.8,61.7,0.4,0.0,14.2,31.7
Chelsea,Wolves,2022-05-07,17.5,64.3,0.1,0.0,14.5,30.2
Liverpool,Tottenham Hotspur,2022-05-07,12.9,80.5,0.0,0.0,12.1,28.1
Leicester City,Everton,2022-05-08,15.9,59.0,0.0,0.0,5.3,17.3
Arsenal,Leeds United,2022-05-08,16.8,52.3,0.0,0.0,11.8,29.5
Norwich City,West Ham United,2022-05-08,13.0,62.0,0.0,0.0,10.1,27.7
Manchester City,Newcastle United,2022-05-08,16.4,63.0,0.0,0.0,11.9,28.8
Aston Villa,Liverpool,2022-05-10,13.2,61.0,0.0,0.0,19.5,46.4
Leeds United,Chelsea,2022-05-11,11.1,69.5,0.0,0.0,18.2,41.8
Leicester City,Norwich City,2022-05-11,11.3,69.0,0.0,0.0,13.8,34.9
Watford,Everton,2022-05-11,12.4,78.0,0.1,0.0,12.6,32.4
Wolves,Manchester City,2022-05-11,10.6,72.5,0.0,0.0,12.2,25.6
Tottenham Hotspur,Arsenal,2022-05-12,13.4,58.5,0.0,0.0,14.8,33.1
Tottenham Hotspur,Burnley,2022-05-15,18.8,70.7,1.3,0.0,13.2,42.1
Wolves,Norwich City,2022-05-15,18.6,61.7,0.0,0.0,19.4,44.6
Aston Villa,Crystal Palace,2022-05-15,18.2,63.7,0.2,0.0,19.2,49.3
Watford,Leicester City,2022-05-15,16.1,86.7,6.8,0.0,15.4,40.0
West Ham United,Manchester City,2022-05-15,16.5,84.7,7.3,0.0,12.3,26.6
Leeds United,Brighton,2022-05-15,16.9,64.3,0.1,0.0,22.7,46.1
Everton,Brentford,2022-05-15,20.0,58.5,0.0,0.0,27.0,53.3
Newcastle United,Arsenal,2022-05-16,15.8,70.0,0.0,0.0,15.8,38.9
Southampton,Liverpool,2022-05-17,16.5,84.0,0.0,0.0,14.1,27.0
Everton,Crystal Palace,2022-05-19,14.5,61.5,0.0,0.0,10.8,22.3
Aston Villa,Burnley,2022-05-19,14.4,66.3,0.0,0.0,11.1,24.1
Chelsea,Leicester City,2022-05-19,15.6,70.7,0.0,0.0,12.0,29.5
Burnley,Newcastle United,2022-05-22,15.7,76.7,1.0,0.0,18.7,42.5
Crystal Palace,Manchester Utd,2022-05-22,19.7,49.3,0.0,0.0,9.6,28.8
Manchester City,Aston Villa,2022-05-22,17.6,68.3,0.2,0.0,16.8,39.2
Brentford,Leeds United,2022-05-22,19.9,51.7,0.0,0.0,10.4,29.5
Arsenal,Everton,2022-05-22,20.2,50.3,0.0,0.0,12.0,29.2
Norwich City,Tottenham Hotspur,2022-05-22,17.9,55.3,0.0,0.0,19.8,42.8
Leicester City,Southampton,2022-05-22,18.8,61.0,0.0,0.0,17.1,34.6
Liverpool,Wolves,2022-05-22,16.3,74.7,0.2,0.0,15.7,36.4
Chelsea,Watford,2022-05-22,20.2,49.3,0.0,0.0,10.8,26.3
Rennes,Marseille,2025-08-15,26.2,49.5,0.0,0.0,16.2,32.4
Lens,Lyon,2025-08-16,20.9,65.0,0.0,0.0,16.3,37.1
Monaco,Le Havre,2025-08-16,33.4,24.3,0.0,0.0,23.4,45.7
Nice,Toulouse,2025-08-16,28.2,45.5,0.0,0.0,7.1,15.8
Brest,Lille,2025-08-17,27.7,51.3,0.0,0.0,12.1,32.0
Angers,Paris FC,2025-08-17,29.4,30.5,0.0,0.0,12.6,31.0
Metz,Strasbourg,2025-08-17,26.4,30.0,0.0,0.0,15.0,33.8
Nantes,Paris Saint-Germain,2025-08-17,26.6,37.5,0.0,0.0,13.9,27.4
Paris Saint-Germain,Angers,2025-08-22,17.3,68.0,0.0,0.0,6.0,17.3
Marseille,Paris FC,2025-08-23,27.5,27.3,0.0,0.0,22.2,52.2
Nice,Auxerre,2025-08-23,24.4,75.0,0.0,0.0,4.5,19.1
Lyon,Metz,2025-08-23,17.0,58.5,0.0,0.0,14.2,30.2
Lorient,Rennes,2025-08-24,25.1,46.7,0.0,0.0,9.5,28.4
Toulouse,Brest,2025-08-24,29.5,34.5,0.0,0.0,1.0,7.9
Le Havre,Lens,2025-08-24,21.6,48.5,0.0,0.0,10.5,26.3
Strasbourg,Nantes,2025-08-24,20.0,52.5,0.0,0.0,4.1,11.9
Lille,Monaco,2025-08-24,15.8,57.5,0.0,0.0,5.1,8.3
Lens,Brest,2025-08-29,16.0,77.0,0.0,0.0,13.8,27.7
Lorient,Lille,2025-08-30,19.1,93.0,3.8,0.0,30.7,63.4
Nantes,Auxerre,2025-08-30,19.3,89.7,1.4,0.0,20.7,44.6
Toulouse,Paris Saint-Germain,2025-08-30,19.5,83.5,0.0,0.0,7.2,15.5
Angers,Rennes,2025-08-31,21.6,51.0,0.0,0.0,17.6,40.3
Le Havre,Nice,2025-08-31,18.4,69.5,0.4,0.0,15.2,37.1
Monaco,Strasbourg,2025-08-31,24.0,68.5,0.0,0.0,18.8,38.9
Paris FC,Metz,2025-08-31,15.8,87.5,0.0,0.0,12.0,26.3
Lyon,Marseille,2025-08-31,21.6,64.0,0.0,0.0,13.9,29.5
Marseille,Lorient,2025-09-12,20.5,72.5,0.0,0.0,8.9,19.1
Nice,Nantes,2025-09-13,21.7,62.3,0.0,0.0,9.4,27.4
Lille,Toulouse,2025-09-14,17.8,68.0,0.0,0.0,16.2,36.0
Metz,Angers,2025-09-14,19.1,74.0,0.0,0.0,15.6,30.2
Brest,Paris FC,2025-09-14,18.2,91.0,0.9,0.0,37.8,72.4
Paris Saint-Germain,Lens,2025-09-14,20.0,83.5,0.0,0.0,15.4,34.6
Strasbourg,Le Havre,2025-09-14,19.0,72.0,0.0,0.0,9.8,21.6
Rennes,Lyon,2025-09-14,18.6,90.0,0.2,0.0,22.4,47.2
Lyon,Angers,2025-09-19,22.5,57.5,0.0,0.0,12.4,30.2
Nantes,Rennes,2025-09-20,18.5,73.0,0.0,0.0,19.2,50.0
Brest,Nice,2025-09-20,14.1,79.7,0.0,0.0,17.3,43.6
Lens,Lille,2025-09-20,18.4,75.0,0.0,0.0,20.0,42.8
Paris FC,Strasbourg,2025-09-21,18.1,51.3,0.0,0.0,5.0,16.6
Monaco,Metz,2025-09-21,20.2,96.0,0.9,0.0,7.7,18.0
Le Havre,Lorient,2025-09-21,14.1,67.0,0.0,0.0,17.0,41.0
Marseille,Paris Saint-Germain,2025-09-22,18.0,76.7,0.0,0.0,7.8,21.2
Strasbourg,Marseille,2025-09-26,11.0,96.5,1.6,0.0,3.6,10.8
Lorient,Monaco,2025-09-27,15.5,66.7,0.0,0.0,11.3,33.8
Toulouse,Nantes,2025-09-27,15.7,65.3,0.0,0.0,14.4,30.6
Paris Saint-Germain,Auxerre,2025-09-27,11.6,82.5,0.0,0.0,7.0,14.4
Nice,Paris FC,2025-09-28,21.1,54.3,0.0,0.0,10.8,33.1
Metz,Le Havre,2025-09-28,12.2,79.5,0.0,0.0,6.2,14.0
Lille,Lyon,2025-09-28,15.5,70.0,0.0,0.0,3.5,7.9
Angers,Brest,2025-09-28,17.6,67.0,0.0,0.0,6.7,21.2
Rennes,Lens,2025-09-28,13.8,93.0,0.0,0.0,13.0,26.6
Paris FC,Lorient,2025-10-03,17.0,96.5,0.0,0.0,19.8,36.0
Metz,Marseille,2025-10-04,11.1,83.7,0.1,0.0,22.5,48.2
Brest,Nantes,2025-10-04,12.5,70.3,0.0,0.0,22.5,52.2
Lyon,Toulouse,2025-10-05,13.9,55.3,0.0,0.0,12.4,33.1
Strasbourg,Angers,2025-10-05,11.2,77.0,0.3,0.0,8.8,23.4
Monaco,Nice,2025-10-05,15.1,44.5,0.0,0.0,28.0,51.1
Le Havre,Rennes,2025-10-05,14.4,65.0,0.0,0.0,25.3,60.5
Lille,Paris Saint-Germain,2025-10-05,11.4,70.0,0.0,0.0,11.1,22.7
Paris Saint-Germain,Strasbourg,2025-10-17,11.5,79.5,0.0,0.0,8.4,17.3
Nice,Lyon,2025-10-18,18.3,59.7,0.0,0.0,2.6,22.0
Angers,Monaco,2025-10-18,13.3,78.0,0.0,0.0,10.2,19.4
Marseille,Le Havre,2025-10-18,15.4,86.5,0.0,0.0,7.0,14.4
Lens,Paris FC,2025-10-19,12.8,82.3,0.3,0.0,17.4,36.0
Rennes,Auxerre,2025-10-19,16.0,96.0,1.5,0.0,21.0,53.3
Lorient,Brest,2025-10-19,14.8,92.5,0.0,0.0,16.4,36.0
Toulouse,Metz,2025-10-19,18.1,69.5,0.1,0.0,15.0,33.8
Nantes,Lille,2025-10-19,14.8,94.0,0.2,0.0,13.4,43.9
Paris FC,Nantes,2025-10-24,9.4,88.5,0.0,0.0,19.0,35.3
Brest,Paris Saint-Germain,2025-10-25,10.5,72.7,0.1,0.0,20.3,52.6
Monaco,Toulouse,2025-10-25,15.9,73.7,0.0,0.0,14.3,30.6
Lens,Marseille,2025-10-25,7.2,77.5,0.0,0.0,15.1,30.2
Lille,Metz,2025-10-26,9.6,61.0,0.2,0.0,18.7,46.4
Angers,Lorient,2025-10-26,11.0,68.0,0.0,0.0,11.5,25.2
Rennes,Nice,2025-10-26,10.7,71.0,0.0,0.0,13.6,31.3
Lyon,Strasbourg,2025-10-26,5.6,97.0,0.3,0.0,5.1,11.9
Metz,Lens,2025-10-29,11.8,89.0,1.3,0.0,20.7,42.1
Lorient,Paris Saint-Germain,2025-10-29,11.0,94.0,0.0,0.0,14.0,28.4
Le Havre,Brest,2025-10-29,12.3,91.7,1.8,0.0,22.2,46.4
Nice,Lille,2025-10-29,15.2,94.3,3.8,0.0,9.3,22.3
Strasbourg,Auxerre,2025-10-29,12.1,74.0,0.8,0.0,17.2,33.5
Marseille,Angers,2025-10-29,16.4,95.0,10.4,0.0,34.4,66.2
Nantes,Monaco,2025-10-29,10.6,97.0,0.0,0.0,11.0,23.4
Paris FC,Lyon,2025-10-29,10.6,96.5,0.0,0.0,16.9,31.0
Toulouse,Rennes,2025-10-29,13.8,88.0,0.0,0.0,10.9,22.7
Paris Saint-Germain,Nice,2025-11-01,13.1,81.7,0.1,0.0,13.5,32.4
Monaco,Paris FC,2025-11-01,17.7,94.7,0.1,0.0,17.1,33.8
Rennes,Strasbourg,2025-11-02,13.0,70.3,0.1,0.0,15.8,46.4
Lille,Angers,2025-11-02,9.6,79.0,0.0,0.0,13.2,31.3
Nantes,Metz,2025-11-02,12.0,81.0,0.0,0.0,11.0,21.2
Lens,Lorient,2025-11-02,9.7,77.0,0.0,0.0,13.0,30.6
Toulouse,Le Havre,2025-11-02,13.6,80.5,0.3,0.0,16.5,34.2
Brest,Lyon,2025-11-02,12.8,92.5,0.0,0.0,17.5,31.3
Paris FC,Rennes,2025-11-07,11.3,94.0,0.0,0.0,11.3,20.2
Marseille,Brest,2025-11-08,14.9,76.7,0.0,0.0,11.9,25.6
Le Havre,Nantes,2025-11-08,12.2,86.7,0.0,0.0,10.9,22.0
Monaco,Lens,2025-11-08,13.3,73.5,0.0,0.0,23.8,42.1
Lorient,Toulouse,2025-11-09,14.4,84.7,0.6,0.0,24.2,56.5
Strasbourg,Lille,2025-11-09,7.7,97.5,0.0,0.0,3.8,10.4
Angers,Auxerre,2025-11-09,11.6,89.0,0.0,0.0,11.9,22.3
Metz,Nice,2025-11-09,7.2,90.0,0.0,0.0,6.2,16.2
Lyon,Paris Saint-Germain,2025-11-09,8.4,89.5,0.0,0.0,7.5,18.4
Nice,Marseille,2025-11-21,3.4,64.0,0.0,0.0,5.6,20.9
Lens,Strasbourg,2025-11-22,0.1,82.7,0.0,0.0,21.2,42.8
Rennes,Monaco,2025-11-22,4.9,91.7,1.1,0.0,21.9,45.4
Paris Saint-Germain,Le Havre,2025-11-22,0.0,80.5,0.1,0.1,15.2,33.5
Toulouse,Angers,2025-11-23,11.9,80.0,0.0,0.0,13.6,31.3
Brest,Metz,2025-11-23,10.4,72.0,0.0,0.0,15.4,32.8
Nantes,Lorient,2025-11-23,10.1,96.0,0.6,0.0,8.7,20.9
Lille,Paris FC,2025-11-23,3.6,95.0,0.0,0.0,13.2,24.1
Metz,Rennes,2025-11-28,4.0,95.0,0.0,0.0,2.8,7.6
Monaco,Paris Saint-Germain,2025-11-29,8.5,59.0,0.0,0.0,7.5,14.0
Paris FC,Auxerre,2025-11-29,9.4,96.7,1.8,0.0,14.8,40.3
Marseille,Toulouse,2025-11-29,10.6,84.0,0.0,0.0,13.5,25.9
Strasbourg,Brest,2025-11-30,6.8,94.0,2.6,0.0,4.0,13.0
Lorient,Nice,2025-11-30,9.6,70.0,0.0,0.0,10.8,23.4
Le Havre,Lille,2025-11-30,7.8,76.5,0.0,0.0,12.2,22.0
Angers,Lens,2025-11-30,6.1,86.5,0.0,0.0,6.2,10.8
Lyon,Nantes,2025-11-30,5.4,97.0,0.9,0.0,5.7,11.9
Brest,Monaco,2025-12-05,12.4,84.0,0.5,0.0,31.0,65.9
Lille,Marseille,2025-12-05,5.2,87.7,0.8,0.0,26.0,53.3
Nantes,Lens,2025-12-06,12.3,79.3,0.0,0.0,16.9,36.0
Toulouse,Strasbourg,2025-12-06,10.8,91.7,0.0,0.0,7.1,20.2
Paris Saint-Germain,Rennes,2025-12-06,10.2,88.5,0.3,0.0,16.0,35.6
Nice,Angers,2025-12-07,12.6,69.3,0.0,0.0,4.8,15.5
Le Havre,Paris FC,2025-12-07,14.3,90.0,0.3,0.0,31.7,66.2
Lorient,Lyon,2025-12-07,14.4,94.0,1.9,0.0,35.2,70.9
Angers,Nantes,2025-12-12,8.1,94.5,0.2,0.0,4.1,8.6
Rennes,Brest,2025-12-13,10.7,93.0,0.0,0.0,5.8,13.3
Metz,Paris Saint-Germain,2025-12-13,3.2,98.7,0.0,0.0,1.0,2.5
Paris FC,Toulouse,2025-12-13,6.8,99.0,0.0,0.0,7.0,12.2
Lyon,Le Havre,2025-12-14,6.5,83.3,0.0,0.0,4.9,15.1
Strasbourg,Lorient,2025-12-14,4.2,97.5,0.0,0.0,4.0,9.4
Lens,Nice,2025-12-14,8.1,92.5,0.0,0.0,15.8,32.8
Marseille,Monaco,2025-12-14,11.4,85.5,0.0,0.0,15.9,31.3
Toulouse,Lens,2026-01-02,1.1,99.0,0.0,0.0,5.0,10.4
Monaco,Lyon,2026-01-03,3.5,45.7,0.0,0.0,25.5,45.7
Nice,Strasbourg,2026-01-03,7.2,68.7,0.0,0.0,9.7,23.8
Lille,Rennes,2026-01-03,-0.6,89.0,0.0,0.0,13.8,27.7
Marseille,Nantes,2026-01-04,6.3,64.7,0.0,0.0,16.2,35.3
Lorient,Metz,2026-01-04,0.4,84.5,0.0,0.0,6.4,13.0
Brest,Auxerre,2026-01-04,2.8,82.0,0.0,0.0,3.6,15.8
Le Havre,Angers,2026-01-04,2.8,66.5,0.0,0.0,7.0,15.5
Paris Saint-Germain,Paris FC,2026-01-04,-1.4,77.5,0.0,0.0,7.8,15.8
Monaco,Lorient,2026-01-16,11.4,84.7,2.1,0.0,17.3,34.9
Paris Saint-Germain,Lille,2026-01-16,7.9,95.3,0.9,0.0,7.0,16.9
Lens,Auxerre,2026-01-17,8.6,92.3,0.0,0.0,5.3,13.0
Toulouse,Nice,2026-01-17,10.6,89.0,0.4,0.0,14.9,36.0
Angers,Marseille,2026-01-17,8.1,97.0,0.3,0.0,13.0,24.5
Strasbourg,Metz,2026-01-18,1.0,90.0,0.0,0.0,1.7,10.4
Rennes,Le Havre,2026-01-18,9.8,94.5,0.0,0.0,5.9,11.9
Nantes,Paris FC,2026-01-18,10.5,93.0,0.0,0.0,3.8,10.8
Lyon,Brest,2026-01-18,4.2,100.0,0.0,0.0,1.6,4.7
Rennes,Lorient,2026-01-24,7.3,91.0,0.0,0.0,16.9,38.5
Le Havre,Monaco,2026-01-24,7.6,78.3,0.3,0.0,22.8,52.2
Marseille,Lens,2026-01-24,7.2,85.5,0.0,0.0,15.0,29.9
Nantes,Nice,2026-01-25,8.5,73.3,0.3,0.0,10.5,32.8
Paris FC,Angers,2026-01-25,5.2,91.5,0.0,0.0,7.3,14.0
Metz,Lyon,2026-01-25,3.6,85.5,0.1,0.0,19.2,33.8
Brest,Toulouse,2026-01-25,6.4,83.0,0.0,0.0,8.1,16.9
Lille,Strasbourg,2026-01-25,4.3,89.0,0.0,0.0,5.4,11.2
Lens,Le Havre,2026-01-30,7.0,90.0,1.8,0.0,22.0,42.5
Paris FC,Marseille,2026-01-31,6.9,89.7,0.2,0.0,6.3,26.6
Lorient,Nantes,2026-01-31,9.4,90.7,0.0,0.0,17.0,34.9
Monaco,Rennes,2026-01-31,5.5,88.5,0.0,0.0,10.8,18.0
Lyon,Lille,2026-02-01,8.4,78.0,0.6,0.0,7.6,16.6
Toulouse,Auxerre,2026-02-01,11.1,76.0,0.0,0.0,3.3,6.5
Nice,Brest,2026-02-01,9.5,84.0,0.0,0.0,2.6,13.0
Angers,Metz,2026-02-01,9.4,91.0,0.0,0.0,14.3,28.1
Strasbourg,Paris Saint-Germain,2026-02-01,3.4,91.0,0.0,0.0,8.0,16.2
Metz,Lille,2026-02-06,4.8,83.0,0.0,0.0,10.0,19.4
Lens,Rennes,2026-02-07,10.1,75.3,0.1,0.0,14.6,37.1
Brest,Lorient,2026-02-07,9.1,90.0,0.0,0.0,11.7,25.6
Nantes,Lyon,2026-02-07,7.6,96.0,0.0,0.0,9.8,19.4
Nice,Monaco,2026-02-08,11.0,84.3,1.0,0.0,15.3,37.4
Le Havre,Strasbourg,2026-02-08,9.4,84.5,0.0,0.0,9.5,27.7
Angers,Toulouse,2026-02-08,10.0,78.0,0.0,0.0,6.2,12.2
Paris Saint-Germain,Marseille,2026-02-08,7.6,86.0,0.0,0.0,6.4,13.0
Rennes,Paris Saint-Germain,2026-02-13,7.4,93.7,1.1,0.0,12.4,23.8
Monaco,Nantes,2026-02-13,7.6,93.5,5.8,0.0,18.0,33.8
Marseille,Strasbourg,2026-02-14,10.0,66.3,0.0,0.0,39.5,82.1
Lille,Brest,2026-02-14,-0.4,86.0,0.0,0.0,6.2,20.5
Paris FC,Lens,2026-02-14,-0.2,84.0,0.0,0.0,4.7,9.4
Le Havre,Toulouse,2026-02-15,8.2,94.7,1.9,0.0,26.2,72.7
Lorient,Angers,2026-02-15,11.8,90.5,0.0,0.0,31.3,59.4
Metz,Auxerre,2026-02-15,5.4,87.5,1.1,0.0,25.5,46.8
Lyon,Nice,2026-02-15,4.9,90.0,0.4,0.0,11.5,26.3
Brest,Marseille,2026-02-20,11.0,95.5,0.0,0.0,18.8,34.6
Lens,Monaco,2026-02-21,11.7,90.3,0.6,0.0,17.8,37.1
Toulouse,Paris FC,2026-02-21,9.5,82.7,0.0,0.0,4.3,8.3
Paris Saint-Germain,Metz,2026-02-21,12.3,88.0,0.1,0.0,16.4,36.0
Angers,Lille,2026-02-22,11.8,79.5,0.0,0.0,15.2,33.8
Nice,Lorient,2026-02-22,11.4,93.5,0.0,0.0,1.0,7.6
Nantes,Le Havre,2026-02-22,11.4,82.5,0.0,0.0,16.0,42.5
Strasbourg,Lyon,2026-02-22,10.9,91.5,0.5,0.0,13.4,24.8
Strasbourg,Lens,2026-02-27,11.5,69.5,0.0,0.0,8.7,17.6
Rennes,Toulouse,2026-02-28,10.9,63.0,0.0,0.0,10.9,28.1
Monaco,Angers,2026-02-28,11.9,79.7,0.0,0.0,5.4,17.3
Le Havre,Paris Saint-Germain,2026-02-28,6.7,81.5,0.0,0.0,9.8,20.9
Paris FC,Nice,2026-03-01,12.2,58.3,0.0,0.0,15.7,36.7
Lorient,Auxerre,2026-03-01,11.2,77.0,0.0,0.0,22.6,58.0
Metz,Brest,2026-03-01,7.4,73.0,0.0,0.0,12.7,23.4
Lille,Nantes,2026-03-01,10.9,69.5,0.0,0.0,15.6,33.8
Marseille,Lyon,2026-03-01,10.8,90.0,0.1,0.0,7.2,15.8
Paris Saint-Germain,Monaco,2026-03-06,12.8,82.5,0.0,0.0,4.9,10.8
Nantes,Angers,2026-03-07,15.0,79.0,0.0,0.0,6.0,17.3
Toulouse,Marseille,2026-03-07,10.4,90.0,0.0,0.0,15.9,32.4
Lens,Metz,2026-03-08,13.4,74.7,0.0,0.0,3.2,12.6
Lille,Lorient,2026-03-08,11.6,80.5,0.0,0.0,0.8,7.9
Brest,Le Havre,2026-03-08,11.6,93.5,0.5,0.0,6.1,15.1
Nice,Rennes,2026-03-08,13.9,81.5,0.0,0.0,4.6,20.9
Lyon,Paris FC,2026-03-08,11.6,72.5,0.0,0.0,13.2,26.6
Marseille,Auxerre,2026-03-13,11.7,84.0,0.0,0.0,10.9,22.0
Lorient,Lens,2026-03-14,8.4,74.7,0.0,0.0,11.7,32.0
Angers,Nice,2026-03-14,6.5,86.3,0.0,0.0,7.3,21.2
Monaco,Brest,2026-03-14,6.6,58.0,0.0,0.0,36.4,67.7
Strasbourg,Paris FC,2026-03-15,9.0,56.0,0.0,0.0,4.5,16.9
Metz,Toulouse,2026-03-15,5.0,64.0,0.0,0.0,11.6,38.9
Le Havre,Lyon,2026-03-15,10.7,62.0,0.1,0.0,24.6,48.6
Rennes,Lille,2026-03-15,9.8,86.5,0.0,0.0,12.8,33.1
Lens,Angers,2026-03-20,8.4,79.5,0.0,0.0,9.7,18.4
Toulouse,Lorient,2026-03-21,16.4,52.0,0.0,0.0,3.4,16.6
Nice,Paris Saint-Germain,2026-03-21,9.8,81.5,0.0,0.0,7.6,15.8
Lyon,Monaco,2026-03-22,9.5,74.7,0.3,0.0,9.6,25.2
Rennes,Metz,2026-03-22,11.2,73.0,0.0,0.0,15.3,35.3
Marseille,Lille,2026-03-22,8.0,85.5,2.0,0.0,20.5,46.1
Paris FC,Le Havre,2026-03-22,11.5,63.0,0.0,0.0,8.0,22.7
Nantes,Strasbourg,2026-03-22,9.3,78.5,0.0,0.0,13.4,28.1
Paris Saint-Germain,Toulouse,2026-04-03,11.3,92.5,0.0,0.0,14.0,31.0
Strasbourg,Nice,2026-04-04,15.6,71.7,0.0,0.0,2.5,15.5
Brest,Rennes,2026-04-04,11.8,78.3,0.0,0.0,29.3,62.3
Lille,Lens,2026-04-04,14.2,67.0,0.0,0.0,24.4,47.9
Angers,Lyon,2026-04-05,15.1,61.0,0.0,0.0,12.6,33.1
Le Havre,Auxerre,2026-04-05,10.0,69.0,0.0,0.0,15.5,43.6
Lorient,Paris FC,2026-04-05,12.0,65.0,0.0,0.0,10.2,26.6
Metz,Nantes,2026-04-05,17.6,65.5,0.0,0.0,16.4,32.0
Monaco,Marseille,2026-04-05,12.2,91.0,0.0,0.0,7.4,13.0
Paris FC,Monaco,2026-04-10,12.8,63.3,0.0,0.0,8.2,16.9
Marseille,Metz,2026-04-10,16.3,71.0,0.0,0.0,4.0,14.4
Rennes,Angers,2026-04-11,8.0,66.0,0.0,0.0,16.6,33.5
Toulouse,Lille,2026-04-12,7.0,96.0,1.9,0.0,11.9,27.7
Nice,Le Havre,2026-04-12,19.6,53.5,0.0,0.0,16.5,39.2
Lyon,Lorient,2026-04-12,6.8,92.5,1.4,0.0,14.0,30.6
Lens,Toulouse,2026-04-17,13.9,72.0,0.0,0.0,4.4,8.3
Lorient,Marseille,2026-04-18,15.2,52.7,0.0,0.0,16.1,38.5
Angers,Le Havre,2026-04-18,13.9,60.7,0.0,0.0,18.2,42.1
Lille,Nice,2026-04-18,9.8,73.5,0.0,0.0,8.3,16.2
Monaco,Auxerre,2026-04-19,24.2,41.7,0.0,0.0,17.8,36.7
Metz,Paris FC,2026-04-19,14.8,65.5,0.0,0.0,6.8,20.2
Nantes,Brest,2026-04-19,17.5,46.0,0.0,0.0,12.6,32.0
Strasbourg,Rennes,2026-04-19,15.0,43.5,0.0,0.0,10.1,31.0
Paris Saint-Germain,Lyon,2026-04-19,13.5,56.5,0.0,0.0,12.0,27.7
Paris Saint-Germain,Nantes,2026-04-22,16.4,33.7,0.0,0.0,14.2,43.9
Brest,Lens,2026-04-24,15.1,70.5,0.0,0.0,4.3,15.1
Lyon,Auxerre,2026-04-25,23.8,27.3,0.0,0.0,12.8,33.5
Angers,Paris Saint-Germain,2026-04-25,20.9,32.7,0.0,0.0,8.2,19.8
Toulouse,Monaco,2026-04-25,16.2,76.5,0.0,0.0,7.3,19.4
Lorient,Strasbourg,2026-04-26,19.3,64.3,0.0,0.0,9.0,29.2
Paris FC,Lille,2026-04-26,19.2,42.5,0.0,0.0,8.7,19.4
Rennes,Nantes,2026-04-26,22.0,32.5,0.0,0.0,7.4,20.5
Le Havre,Metz,2026-04-26,18.2,40.5,0.0,0.0,11.1,27.4
Marseille,Nice,2026-04-26,14.8,91.5,0.0,0.0,5.7,27.4
Le Havre,Paris Saint-Germain,2024-08-16,19.4,93.0,0.1,0.0,8.0,16.2
Brest,Marseille,2024-08-17,17.6,59.7,0.0,0.0,11.8,27.0
Reims,Lille,2024-08-17,18.9,93.7,4.1,0.0,6.0,15.1
Monaco,Saint-Étienne,2024-08-17,23.9,81.3,0.0,0.0,8.0,20.5
Angers,Lens,2024-08-18,20.9,52.3,0.0,0.0,13.5,30.6
Toulouse,Nantes,2024-08-18,23.1,45.3,0.0,0.0,19.5,43.2
Rennes,Lyon,2024-08-18,15.8,85.0,0.0,0.0,8.2,17.6
Paris Saint-Germain,Montpellier,2024-08-23,22.2,71.5,0.0,0.0,13.8,26.3
Lyon,Monaco,2024-08-24,29.5,43.3,0.0,0.0,29.4,64.1
Lille,Angers,2024-08-24,16.8,86.3,0.7,0.0,19.6,36.7
Saint-Étienne,Le Havre,2024-08-24,23.3,68.3,0.1,0.0,14.5,37.4
Lens,Brest,2024-08-25,19.3,57.3,0.1,0.0,20.3,40.0
Strasbourg,Rennes,2024-08-25,20.4,56.7,0.0,0.0,4.8,11.5
Nice,Toulouse,2024-08-25,26.5,71.0,0.0,0.0,3.2,19.8
Nantes,Auxerre,2024-08-25,19.7,47.7,0.0,0.0,13.1,26.6
Marseille,Reims,2024-08-25,23.0,55.5,0.0,0.0,22.6,41.0
Lyon,Strasbourg,2024-08-30,24.4,68.0,0.0,0.0,6.2,11.9
Brest,Saint-Étienne,2024-08-31,21.3,77.3,0.0,0.0,13.4,29.2
Toulouse,Marseille,2024-08-31,24.1,59.7,0.0,0.0,14.9,27.7
Monaco,Lens,2024-09-01,28.2,40.0,0.0,0.0,9.4,36.7
Angers,Nice,2024-09-01,22.7,67.7,0.0,0.0,14.7,37.1
Reims,Rennes,2024-09-01,26.7,60.7,0.0,0.0,9.4,27.0
Le Havre,Auxerre,2024-09-01,24.9,60.0,0.0,0.0,15.3,34.6
Lille,Paris Saint-Germain,2024-09-01,23.0,76.0,0.0,0.0,8.9,15.5
Saint-Étienne,Lille,2024-09-13,8.2,78.5,0.0,0.0,11.4,32.8
Marseille,Nice,2024-09-14,19.5,41.3,0.0,0.0,25.6,57.2
Paris Saint-Germain,Brest,2024-09-14,10.1,78.3,0.0,0.0,7.9,12.6
Rennes,Montpellier,2024-09-15,19.1,52.0,0.0,0.0,4.6,13.7
Strasbourg,Angers,2024-09-15,13.3,65.0,0.0,0.0,7.9,19.4
Toulouse,Le Havre,2024-09-15,17.2,52.3,0.0,0.0,13.1,31.3
Nantes,Reims,2024-09-15,17.6,60.3,0.0,0.0,9.2,24.5
Lens,Lyon,2024-09-15,13.6,76.0,0.0,0.0,10.3,19.1
Nice,Saint-Étienne,2024-09-20,16.6,72.0,0.0,0.0,9.2,20.2
Lille,Strasbourg,2024-09-21,21.5,66.7,0.0,0.0,7.0,20.5
Rennes,Lens,2024-09-21,16.8,88.3,1.3,0.0,6.9,20.9
Reims,Paris Saint-Germain,2024-09-21,18.0,76.3,0.0,0.0,10.3,18.7
Monaco,Le Havre,2024-09-22,23.3,62.7,0.3,0.0,20.5,45.0
Angers,Nantes,2024-09-22,17.3,82.3,0.5,0.0,13.3,29.5
Brest,Toulouse,2024-09-22,15.6,86.0,0.1,0.0,14.3,31.7
Lyon,Marseille,2024-09-22,15.8,95.5,1.2,0.0,6.8,15.5
Paris Saint-Germain,Rennes,2024-09-27,11.6,86.3,1.0,0.0,18.6,34.2
Lens,Nice,2024-09-28,11.3,64.0,0.0,0.0,8.3,23.0
Le Havre,Lille,2024-09-28,10.8,70.3,0.0,0.0,5.2,10.4
Monaco,Montpellier,2024-09-28,13.8,51.0,0.0,0.0,25.6,48.6
Toulouse,Lyon,2024-09-29,21.2,37.7,0.0,0.0,9.4,20.5
Angers,Reims,2024-09-29,12.7,82.3,0.0,0.0,17.2,32.0
Nantes,Saint-Étienne,2024-09-29,13.4,82.0,0.3,0.0,22.5,42.1
Strasbourg,Marseille,2024-09-29,10.2,73.5,0.0,0.0,8.7,12.6
Marseille,Angers,2024-10-04,13.5,59.0,0.0,0.0,25.0,50.0
Saint-Étienne,Auxerre,2024-10-05,10.1,79.3,0.0,0.0,7.1,18.0
Lille,Toulouse,2024-10-05,10.3,75.3,0.0,0.0,11.1,20.5
Rennes,Monaco,2024-10-05,13.0,83.7,4.4,0.0,18.7,40.0
Lyon,Nantes,2024-10-06,17.0,69.7,0.0,0.0,24.0,44.6
Brest,Le Havre,2024-10-06,15.3,84.3,0.0,0.0,19.2,46.4
Reims,Montpellier,2024-10-06,14.3,91.7,0.8,0.0,14.3,30.6
Strasbourg,Lens,2024-10-06,14.1,74.0,0.0,0.0,10.1,21.2
Nice,Paris Saint-Germain,2024-10-06,16.4,84.5,0.0,0.0,4.8,10.4
Monaco,Lille,2024-10-18,12.4,91.0,0.0,0.0,4.2,7.6
Brest,Rennes,2024-10-19,13.3,82.0,0.0,0.0,8.0,20.9
Saint-Étienne,Lens,2024-10-19,11.1,93.7,0.0,0.0,4.3,10.4
Paris Saint-Germain,Strasbourg,2024-10-19,13.8,95.3,0.1,0.0,8.6,21.6
Le Havre,Lyon,2024-10-20,18.2,85.0,0.2,0.0,34.2,61.9
Nantes,Nice,2024-10-20,18.9,78.3,0.1,0.0,25.2,49.0
Toulouse,Angers,2024-10-20,19.1,73.7,0.0,0.0,7.1,15.8
Rennes,Le Havre,2024-10-25,12.0,90.0,0.0,0.0,6.8,13.7
Angers,Saint-Étienne,2024-10-26,14.3,82.3,0.0,0.0,6.6,18.7
Reims,Brest,2024-10-26,14.4,94.3,0.0,0.0,7.9,14.8
Lens,Lille,2024-10-26,12.5,99.0,0.7,0.0,7.4,13.3
Lyon,Auxerre,2024-10-27,18.8,76.0,0.0,0.0,3.5,10.8
Nice,Monaco,2024-10-27,16.5,86.3,0.0,0.0,5.1,13.3
Strasbourg,Nantes,2024-10-27,13.7,89.0,0.0,0.0,7.4,10.1
Marseille,Paris Saint-Germain,2024-10-27,17.0,85.5,0.0,0.0,6.5,14.4
Monaco,Angers,2024-11-01,13.9,89.0,0.0,0.0,8.4,12.6
Lille,Lyon,2024-11-01,10.8,96.0,0.0,0.0,4.3,8.3
Paris Saint-Germain,Lens,2024-11-02,11.3,80.7,0.0,0.0,10.1,22.7
Brest,Nice,2024-11-02,12.7,87.3,0.0,0.0,10.6,20.2
Saint-Étienne,Strasbourg,2024-11-02,8.4,100.0,0.0,0.0,5.6,11.9
Toulouse,Reims,2024-11-03,18.9,72.7,0.0,0.0,18.1,34.9
Le Havre,Montpellier,2024-11-03,11.1,83.0,0.0,0.0,12.9,26.6
Nantes,Marseille,2024-11-03,11.2,95.5,0.0,0.0,12.1,20.5
Marseille,Auxerre,2024-11-08,16.0,72.5,0.1,0.0,21.0,38.2
Strasbourg,Monaco,2024-11-09,7.2,96.3,0.0,0.0,6.9,9.4
Lens,Nantes,2024-11-09,9.1,96.0,0.0,0.0,2.3,3.2
Angers,Paris Saint-Germain,2024-11-09,11.7,97.0,0.0,0.0,4.0,7.2
Nice,Lille,2024-11-10,17.0,73.3,0.0,0.0,5.3,18.7
Rennes,Toulouse,2024-11-10,12.5,86.7,0.0,0.0,4.9,10.8
Le Havre,Reims,2024-11-10,11.2,88.3,0.0,0.0,4.3,10.8
Lyon,Saint-Étienne,2024-11-10,9.8,92.5,0.0,0.0,15.2,29.9
Monaco,Brest,2024-11-22,3.8,51.3,0.0,0.0,9.4,17.3
Paris Saint-Germain,Toulouse,2024-11-22,1.4,89.0,0.0,0.0,12.3,24.8
Lens,Marseille,2024-11-23,7.3,74.0,5.9,0.0,28.5,62.6
Saint-Étienne,Montpellier,2024-11-23,6.3,75.0,0.0,0.0,22.3,51.8
Reims,Lyon,2024-11-23,10.3,58.0,0.0,0.0,27.4,56.9
Lille,Rennes,2024-11-24,17.3,51.3,0.0,0.0,33.5,70.2
Nantes,Le Havre,2024-11-24,17.5,59.7,0.0,0.0,34.7,71.6
Nice,Strasbourg,2024-11-24,9.8,85.0,0.0,0.0,3.8,11.2
Reims,Lens,2024-11-29,1.9,91.5,0.0,0.0,12.9,26.3
Rennes,Saint-Étienne,2024-11-30,10.1,97.7,0.0,0.0,9.9,24.1
Brest,Strasbourg,2024-11-30,13.6,91.7,0.1,0.0,25.4,49.3
Paris Saint-Germain,Nantes,2024-11-30,3.1,94.3,0.0,0.0,5.0,11.5
Toulouse,Auxerre,2024-12-01,12.7,85.0,0.0,0.0,5.7,11.5
Lyon,Nice,2024-12-01,6.7,87.0,0.0,0.0,1.6,4.0
Le Havre,Angers,2024-12-01,12.6,90.0,0.0,0.0,18.3,37.1
Marseille,Monaco,2024-12-01,9.3,84.5,0.0,0.0,3.3,7.9
Lille,Brest,2024-12-06,5.5,85.0,0.0,0.0,11.4,26.3
Monaco,Toulouse,2024-12-07,10.4,61.7,0.0,0.0,26.2,48.2
Nice,Le Havre,2024-12-07,10.3,82.7,0.0,0.0,6.5,29.2
Angers,Lyon,2024-12-07,7.0,82.0,1.0,0.0,32.0,66.6
Lens,Montpellier,2024-12-08,6.9,84.3,0.0,0.0,16.6,44.3
Strasbourg,Reims,2024-12-08,5.5,83.3,0.0,0.0,12.4,29.5
Nantes,Rennes,2024-12-08,7.0,76.3,0.0,0.0,25.7,58.7
Saint-Étienne,Marseille,2024-12-08,3.2,99.0,0.1,0.0,13.2,28.1
Toulouse,Saint-Étienne,2024-12-13,5.0,93.5,0.0,0.0,7.5,16.2
Marseille,Lille,2024-12-14,9.7,78.0,0.0,0.0,17.7,40.0
Reims,Monaco,2024-12-14,3.4,93.0,0.0,0.0,13.8,28.8
Le Havre,Strasbourg,2024-12-15,11.1,93.7,0.1,0.0,21.9,43.9
Brest,Nantes,2024-12-15,10.9,90.0,0.0,0.0,13.9,26.6
Rennes,Angers,2024-12-15,10.4,87.7,0.0,0.0,10.2,20.2
Paris Saint-Germain,Lyon,2024-12-15,9.1,92.5,0.0,0.0,13.0,27.4
Monaco,Paris Saint-Germain,2024-12-18,5.9,100.0,0.0,0.0,4.7,8.6
Nice,Rennes,2025-01-03,7.2,74.0,0.0,0.0,5.6,17.6
Saint-Étienne,Reims,2025-01-04,8.3,86.7,0.8,0.0,17.2,38.9
Lille,Nantes,2025-01-04,1.5,76.0,0.0,0.0,13.5,28.1
Lyon,Montpellier,2025-01-04,4.2,87.7,2.0,0.0,21.2,40.7
Lens,Toulouse,2025-01-05,12.5,85.7,1.7,0.0,27.9,60.8
Strasbourg,Auxerre,2025-01-05,7.7,95.3,0.3,0.0,20.5,42.5
Angers,Brest,2025-01-05,13.4,83.0,4.2,0.0,24.7,51.8
Marseille,Le Havre,2025-01-05,13.2,90.5,0.0,0.0,30.0,60.5
Nantes,Monaco,2025-01-10,6.0,91.0,0.0,0.0,8.3,20.5
Brest,Lyon,2025-01-11,7.9,94.7,0.0,0.0,4.9,12.6
Reims,Nice,2025-01-11,0.1,93.7,0.0,0.0,8.2,17.6
Rennes,Marseille,2025-01-11,0.6,92.5,0.0,0.0,6.6,12.6
Le Havre,Lens,2025-01-12,2.4,94.0,0.0,0.0,1.5,7.2
Toulouse,Strasbourg,2025-01-12,1.7,71.5,0.0,0.0,11.3,23.0
Paris Saint-Germain,Saint-Étienne,2025-01-12,0.8,94.5,0.0,0.0,6.8,15.1
Lille,Nice,2025-01-17,-0.6,99.5,0.0,0.0,6.5,13.0
Lens,Paris Saint-Germain,2025-01-18,0.3,81.7,0.0,0.0,7.6,20.2
Rennes,Brest,2025-01-18,0.1,88.3,0.0,0.0,8.4,19.4
Lyon,Toulouse,2025-01-18,-2.5,91.0,0.0,0.0,1.8,7.6
Saint-Étienne,Nantes,2025-01-19,6.8,49.0,0.0,0.0,4.5,16.6
Angers,Auxerre,2025-01-19,2.6,89.0,0.0,0.0,9.5,18.0
Reims,Le Havre,2025-01-19,-1.8,92.0,0.0,0.0,5.0,11.2
Marseille,Strasbourg,2025-01-19,9.6,74.0,0.0,0.0,5.6,13.3
Monaco,Rennes,2025-01-25,13.9,81.7,0.2,0.0,26.2,55.8
Strasbourg,Lille,2025-01-25,9.7,94.0,4.9,0.0,15.1,39.2
Paris Saint-Germain,Reims,2025-01-25,7.0,97.5,0.6,0.0,10.9,23.4
Le Havre,Brest,2025-01-26,7.9,84.3,2.2,0.0,39.3,85.7
Lens,Angers,2025-01-26,6.3,86.5,1.7,0.0,31.0,61.2
Toulouse,Montpellier,2025-01-26,10.1,76.5,0.0,0.0,22.1,46.8
Nantes,Lyon,2025-01-26,10.8,89.5,2.1,0.0,25.7,53.6
Nice,Marseille,2025-01-26,10.6,69.5,0.0,0.0,3.9,17.3
Brest,Paris Saint-Germain,2025-02-01,6.5,83.0,0.0,0.0,13.2,28.8
Monaco,Auxerre,2025-02-01,5.8,88.7,1.8,0.0,16.1,30.2
Lille,Saint-Étienne,2025-02-01,-1.4,91.0,0.0,0.0,6.9,13.3
Toulouse,Nice,2025-02-02,10.2,66.0,0.0,0.0,6.0,17.3
Reims,Nantes,2025-02-02,0.6,86.5,0.0,0.0,2.4,5.0
Rennes,Strasbourg,2025-02-02,3.0,89.5,0.0,0.0,8.8,17.6
Angers,Le Havre,2025-02-02,2.4,88.5,0.0,0.0,1.2,8.6
Marseille,Lyon,2025-02-02,7.2,80.5,0.0,0.0,4.9,16.2
Nantes,Brest,2025-02-07,2.7,94.7,0.0,0.0,5.8,12.6
Paris Saint-Germain,Monaco,2025-02-07,6.2,84.0,0.2,0.0,14.6,30.6
Nice,Lens,2025-02-08,10.4,67.3,4.1,0.0,13.2,45.0
Lille,Le Havre,2025-02-08,4.5,86.3,0.3,0.0,6.5,13.3
Saint-Étienne,Rennes,2025-02-08,1.0,95.0,2.2,1.5,5.4,11.5
Lyon,Reims,2025-02-09,7.3,76.0,0.0,0.0,2.4,12.2
Strasbourg,Montpellier,2025-02-09,2.0,91.5,0.0,0.0,2.8,4.7
Angers,Marseille,2025-02-09,5.1,95.5,1.1,0.0,7.8,16.6
Brest,Auxerre,2025-02-14,8.9,95.0,0.1,0.0,18.0,33.8
Marseille,Saint-Étienne,2025-02-15,9.9,65.7,0.0,0.0,4.6,17.6
Monaco,Nantes,2025-02-15,5.4,77.7,0.0,0.0,2.2,5.8
Toulouse,Paris Saint-Germain,2025-02-15,5.7,60.5,0.0,0.0,17.6,36.0
Reims,Angers,2025-02-16,2.6,74.5,0.0,0.0,10.7,20.5
Lens,Strasbourg,2025-02-16,1.6,75.5,0.0,0.0,11.5,30.2
Le Havre,Nice,2025-02-16,5.0,78.0,0.0,0.0,13.0,27.0
Rennes,Lille,2025-02-16,5.8,80.0,0.0,0.0,9.3,18.4
Rennes,Reims,2025-02-21,11.6,94.5,0.7,0.0,14.1,29.2
Lille,Monaco,2025-02-22,9.6,94.0,0.3,0.0,14.7,33.1
Saint-Étienne,Angers,2025-02-22,8.1,94.0,3.8,0.0,7.3,16.2
Nantes,Lens,2025-02-23,13.3,66.7,0.0,0.0,21.9,52.6
Strasbourg,Brest,2025-02-23,10.2,81.0,0.0,0.0,6.2,13.7
Nice,Montpellier,2025-02-23,12.1,98.0,0.0,0.0,2.4,14.4
Le Havre,Toulouse,2025-02-23,11.8,68.0,0.0,0.0,27.0,51.8
Lyon,Paris Saint-Germain,2025-02-23,8.6,86.5,0.0,0.0,0.9,6.1
Monaco,Reims,2025-02-28,7.0,59.0,0.0,0.0,24.6,43.9
Saint-Étienne,Nice,2025-03-01,4.3,75.3,0.0,0.0,8.3,30.6
Lens,Le Havre,2025-03-01,3.4,83.0,0.0,0.0,7.5,19.1
Paris Saint-Germain,Lille,2025-03-01,2.4,84.5,0.0,0.0,11.5,28.4
Lyon,Brest,2025-03-02,9.6,62.3,0.0,0.0,10.1,29.2
Angers,Toulouse,2025-03-02,8.4,69.0,0.0,0.0,10.0,27.0
Marseille,Nantes,2025-03-02,9.6,71.5,0.0,0.0,1.9,8.6
Toulouse,Monaco,2025-03-07,11.1,84.0,0.0,0.0,32.0,67.0
Rennes,Paris Saint-Germain,2025-03-08,15.2,75.3,0.3,0.0,14.6,35.3
Lille,Montpellier,2025-03-08,11.6,66.7,0.0,0.0,10.0,19.8
Marseille,Lens,2025-03-08,12.2,67.0,0.0,0.0,23.8,49.7
Brest,Angers,2025-03-09,11.4,91.7,2.8,0.0,5.2,16.6
Nantes,Strasbourg,2025-03-09,11.0,95.0,1.3,0.0,6.2,20.5
Reims,Auxerre,2025-03-09,14.3,64.0,0.0,0.0,9.3,20.5
Le Havre,Saint-Étienne,2025-03-09,13.2,71.0,0.0,0.0,14.0,27.0
Nice,Lyon,2025-03-09,12.1,88.5,7.8,0.0,15.7,41.8
Nice,Auxerre,2025-03-14,11.0,95.0,0.6,0.0,4.2,12.2
Nantes,Lille,2025-03-15,6.8,52.3,0.0,0.0,11.2,37.1
Angers,Monaco,2025-03-15,5.4,62.7,0.0,0.0,12.9,26.6
Lens,Rennes,2025-03-15,3.6,73.0,0.0,0.0,14.7,29.5
Lyon,Le Havre,2025-03-16,7.5,57.0,0.0,0.0,5.2,15.8
Brest,Reims,2025-03-16,7.0,72.0,0.0,0.0,18.7,44.3
Strasbourg,Toulouse,2025-03-16,6.4,76.0,0.0,0.0,5.2,14.8
Paris Saint-Germain,Marseille,2025-03-16,6.8,65.0,0.0,0.0,12.8,33.5
Strasbourg,Lyon,2025-03-28,9.2,82.0,0.0,0.0,2.8,5.4
Reims,Marseille,2025-03-29,10.6,54.7,0.0,0.0,11.1,37.8
Saint-Étienne,Paris Saint-Germain,2025-03-29,7.1,69.7,0.0,0.0,21.7,50.0
Monaco,Nice,2025-03-29,11.7,50.0,0.0,0.0,40.5,74.5
Toulouse,Brest,2025-03-30,14.4,49.0,0.0,0.0,17.5,43.2
Le Havre,Nantes,2025-03-30,10.4,86.0,0.0,0.0,14.9,37.4
Angers,Rennes,2025-03-30,14.6,74.5,0.0,0.0,10.0,27.4
Lille,Lens,2025-03-30,7.5,82.0,0.0,0.0,5.6,13.0
Nice,Nantes,2025-04-04,12.1,73.5,0.0,0.0,11.0,24.8
Paris Saint-Germain,Angers,2025-04-05,20.9,40.7,0.0,0.0,9.8,28.8
Brest,Monaco,2025-04-05,15.1,75.3,0.0,0.0,10.8,26.6
Lyon,Lille,2025-04-05,13.8,78.0,0.0,0.0,11.8,23.4
Lens,Saint-Étienne,2025-04-06,14.3,39.3,0.0,0.0,15.7,36.7
Rennes,Auxerre,2025-04-06,18.2,60.0,0.0,0.0,9.0,25.2
Reims,Strasbourg,2025-04-06,11.4,51.0,0.0,0.0,13.3,34.6
Marseille,Toulouse,2025-04-06,15.0,81.5,0.0,0.0,7.6,17.6
Lens,Reims,2025-04-11,13.3,62.0,0.0,0.0,9.4,18.7
Monaco,Marseille,2025-04-12,17.4,57.3,0.0,0.0,12.5,35.3
Toulouse,Lille,2025-04-12,15.2,74.7,0.0,0.0,16.9,42.1
Strasbourg,Nice,2025-04-12,15.6,61.0,0.0,0.0,5.2,10.8
Saint-Étienne,Brest,2025-04-13,13.8,85.7,2.6,0.0,2.4,16.2
Angers,Montpellier,2025-04-13,14.0,71.0,0.1,0.0,11.3,27.4
Le Havre,Rennes,2025-04-13,12.5,71.5,0.0,0.0,10.4,31.7
Rennes,Nantes,2025-04-18,12.4,88.5,0.4,0.0,17.3,34.2
Paris Saint-Germain,Le Havre,2025-04-19,16.0,71.0,1.8,0.0,13.3,38.5
Monaco,Strasbourg,2025-04-19,14.1,76.0,7.7,0.0,30.5,59.0
Marseille,Montpellier,2025-04-19,13.4,94.0,2.0,0.0,26.9,58.3
Lille,Auxerre,2025-04-20,14.8,68.0,0.1,0.0,8.8,26.3
Nice,Angers,2025-04-20,14.8,79.0,0.0,0.0,3.0,22.7
Reims,Toulouse,2025-04-20,12.8,70.0,0.9,0.0,10.1,34.6
Brest,Lens,2025-04-20,11.9,79.0,0.0,0.0,12.0,30.2
Saint-Étienne,Lyon,2025-04-20,10.5,71.5,0.1,0.0,16.6,44.6
Nantes,Paris Saint-Germain,2025-04-22,10.8,84.5,0.0,0.0,10.3,20.5
Paris Saint-Germain,Nice,2025-04-25,12.4,78.0,0.0,0.0,7.7,17.3
Strasbourg,Saint-Étienne,2025-04-26,15.1,70.0,0.0,0.0,13.4,32.0
Le Havre,Monaco,2025-04-26,12.4,76.7,0.0,0.0,15.6,36.7
Lyon,Rennes,2025-04-26,12.8,80.5,0.0,0.0,8.1,18.4
Angers,Lille,2025-04-27,19.9,48.7,0.0,0.0,9.2,24.8
Nantes,Toulouse,2025-04-27,18.5,63.0,0.0,0.0,5.2,21.6
Lens,Auxerre,2025-04-27,17.4,57.0,0.0,0.0,11.6,30.6
Marseille,Brest,2025-04-27,14.9,79.0,0.0,0.0,6.0,13.3
Nice,Reims,2025-05-02,17.6,81.0,0.0,0.0,4.4,14.4
Strasbourg,Paris Saint-Germain,2025-05-03,20.5,67.3,1.6,0.0,8.0,43.9
Toulouse,Rennes,2025-05-03,21.3,66.3,0.0,0.0,6.4,19.4
Saint-Étienne,Monaco,2025-05-03,15.7,80.0,0.0,0.0,11.9,33.5
Nantes,Angers,2025-05-04,15.8,61.3,0.0,0.0,18.9,47.2
Brest,Montpellier,2025-05-04,12.6,61.0,0.0,0.0,26.4,59.8
Lyon,Lens,2025-05-04,14.8,96.0,1.8,0.0,13.8,30.2
Lille,Marseille,2025-05-04,8.5,69.5,0.0,0.0,15.2,38.9
Brest,Lille,2025-05-10,13.1,89.7,0.2,0.0,6.5,14.0
Monaco,Lyon,2025-05-10,14.6,66.3,0.0,0.0,8.7,19.1
Angers,Strasbourg,2025-05-10,14.7,94.7,1.3,0.0,3.0,12.6
Rennes,Nice,2025-05-10,16.5,65.7,0.0,0.0,10.4,30.2
Reims,Saint-Étienne,2025-05-10,16.1,41.3,0.0,0.0,13.5,26.6
Le Havre,Marseille,2025-05-10,16.6,48.3,0.0,0.0,19.8,41.4
Toulouse,Lens,2025-05-10,15.2,85.7,0.0,0.0,25.4,59.0
Saint-Étienne,Toulouse,2025-05-17,12.3,64.3,0.0,0.0,6.6,22.3
Paris Saint-Germain,Auxerre,2025-05-17,14.9,58.3,0.0,0.0,11.1,27.7
Lyon,Angers,2025-05-17,15.0,69.3,0.0,0.0,9.8,32.8
Strasbourg,Le Havre,2025-05-17,15.0,49.7,0.0,0.0,10.8,33.1
Lens,Monaco,2025-05-17,10.6,79.0,0.0,0.0,9.7,23.8
Marseille,Rennes,2025-05-17,17.2,71.3,0.0,0.0,9.9,30.2
Nantes,Montpellier,2025-05-17,15.8,60.7,0.0,0.0,9.9,21.2
Nice,Brest,2025-05-17,16.1,74.3,0.0,0.0,4.3,11.2
Lille,Reims,2025-05-17,10.4,80.0,0.0,0.0,8.8,22.3
Nice,Lille,2023-08-11,23.9,68.3,0.0,0.0,4.7,7.9
Marseille,Reims,2023-08-12,23.6,65.7,0.0,0.0,5.6,21.2
Paris Saint-Germain,Lorient,2023-08-12,18.9,70.3,0.0,0.0,7.4,13.0
Brest,Lens,2023-08-13,19.1,73.7,0.5,0.0,22.1,45.7
Montpellier,Le Havre,2023-08-13,27.6,52.7,0.0,0.0,12.9,32.4
Clermont Foot,Monaco,2023-08-13,27.6,60.3,2.2,0.0,6.3,28.1
Nantes,Toulouse,2023-08-13,23.0,55.7,0.0,0.0,14.3,31.7
Rennes,Metz,2023-08-13,21.4,59.0,0.0,0.0,12.1,29.5
Strasbourg,Lyon,2023-08-13,22.6,86.5,0.0,0.0,3.6,5.4
Metz,Marseille,2023-08-18,25.6,37.0,0.0,0.0,12.2,24.5
Lyon,Montpellier,2023-08-19,30.2,44.3,0.0,0.0,11.5,24.1
Toulouse,Paris Saint-Germain,2023-08-19,26.7,54.7,0.0,0.0,7.3,11.2
Lille,Nantes,2023-08-20,25.8,53.3,0.0,0.0,3.3,14.8
Reims,Clermont Foot,2023-08-20,28.5,52.0,0.2,0.0,5.0,14.4
Le Havre,Brest,2023-08-20,21.3,74.7,0.0,0.0,12.0,34.9
Lorient,Nice,2023-08-20,21.2,74.7,0.0,0.0,12.4,29.5
Monaco,Strasbourg,2023-08-20,30.1,39.7,0.0,0.0,8.3,32.8
Lens,Rennes,2023-08-20,19.0,78.0,0.0,0.0,13.2,30.2
Nantes,Monaco,2023-08-25,16.9,72.7,0.0,0.0,12.3,29.5
Marseille,Brest,2023-08-26,24.9,72.3,0.3,0.0,7.5,37.4
Paris Saint-Germain,Lens,2023-08-26,15.4,81.7,0.1,0.0,5.3,16.2
Rennes,Le Havre,2023-08-27,19.3,64.7,0.6,0.0,21.4,45.4
Montpellier,Reims,2023-08-27,23.5,43.7,0.0,0.0,16.2,36.4
Clermont Foot,Metz,2023-08-27,20.3,47.3,0.0,0.0,16.3,38.2
Strasbourg,Toulouse,2023-08-27,18.1,76.7,0.6,0.0,7.0,19.4
Lorient,Lille,2023-08-27,18.5,63.5,0.0,0.0,17.4,38.9
Nice,Lyon,2023-08-27,21.4,94.0,6.5,0.0,3.4,11.9
Nantes,Marseille,2023-09-01,17.0,91.7,0.0,0.0,6.5,13.0
Brest,Rennes,2023-09-02,19.5,74.0,0.0,0.0,16.8,36.0
Monaco,Lens,2023-09-02,20.5,75.3,0.0,0.0,5.7,14.0
Toulouse,Clermont Foot,2023-09-03,30.0,33.0,0.0,0.0,17.2,42.8
Le Havre,Lorient,2023-09-03,27.5,61.7,0.0,0.0,13.3,28.1
Metz,Reims,2023-09-03,27.6,35.0,0.0,0.0,13.2,33.1
Lille,Montpellier,2023-09-03,24.6,59.3,0.0,0.0,10.8,23.8
Nice,Strasbourg,2023-09-03,25.0,63.0,0.0,0.0,3.5,14.4
Lyon,Paris Saint-Germain,2023-09-03,22.7,63.5,0.0,0.0,7.2,13.7
Paris Saint-Germain,Nice,2023-09-15,18.6,72.3,0.0,0.0,7.8,14.8
Rennes,Lille,2023-09-16,22.0,76.7,0.0,0.0,8.3,20.9
Lens,Metz,2023-09-16,18.2,93.3,0.0,0.0,11.6,24.1
Lorient,Monaco,2023-09-17,21.1,75.0,0.1,0.0,11.7,39.2
Strasbourg,Montpellier,2023-09-17,28.5,45.0,0.0,0.0,7.9,27.0
Clermont Foot,Nantes,2023-09-17,27.2,51.7,0.0,0.0,15.1,41.4
Reims,Brest,2023-09-17,25.8,64.0,0.0,0.0,7.0,25.2
Marseille,Toulouse,2023-09-17,27.0,55.5,0.0,0.0,27.2,53.3
Lyon,Le Havre,2023-09-17,23.3,68.5,1.8,0.0,22.8,42.1
Monaco,Nice,2023-09-22,16.6,58.3,0.0,0.0,17.7,33.8
Nantes,Lorient,2023-09-23,16.7,63.7,0.0,0.0,9.7,24.8
Brest,Lyon,2023-09-23,17.1,81.0,0.0,0.0,23.0,44.3
Metz,Strasbourg,2023-09-24,17.5,45.7,0.0,0.0,5.1,19.8
Le Havre,Clermont Foot,2023-09-24,19.5,56.0,0.0,0.0,19.1,37.8
Lens,Toulouse,2023-09-24,18.9,56.0,0.0,0.0,19.4,37.8
Montpellier,Rennes,2023-09-24,19.3,49.5,0.0,0.0,8.4,20.9
Paris Saint-Germain,Marseille,2023-09-24,14.0,71.5,0.0,0.0,10.0,18.7
Lille,Reims,2023-09-26,15.3,92.0,0.0,0.0,7.1,14.0
Strasbourg,Lens,2023-09-29,17.2,79.3,0.0,0.0,9.8,18.4
Clermont Foot,Paris Saint-Germain,2023-09-30,20.5,66.0,0.0,0.0,7.9,22.0
Monaco,Marseille,2023-09-30,21.9,44.3,0.0,0.0,22.8,42.5
Reims,Lyon,2023-10-01,23.4,58.0,0.0,0.0,8.2,19.1
Le Havre,Lille,2023-10-01,24.9,60.7,0.0,0.0,11.0,26.6
Nice,Brest,2023-10-01,25.0,58.3,0.0,0.0,6.5,24.5
Toulouse,Metz,2023-10-01,31.6,31.0,0.0,0.0,5.0,15.8
Lorient,Montpellier,2023-10-01,19.0,95.5,0.0,0.0,5.2,16.6
Rennes,Nantes,2023-10-01,18.5,90.5,0.0,0.0,7.8,11.5
Strasbourg,Nantes,2023-10-06,11.6,82.0,0.0,0.0,6.8,10.8
Metz,Nice,2023-10-07,18.5,48.7,0.0,0.0,4.7,16.9
Reims,Monaco,2023-10-07,14.4,86.7,0.0,0.0,8.6,15.1
Marseille,Le Havre,2023-10-08,24.5,47.3,0.0,0.0,10.1,25.6
Lyon,Lorient,2023-10-08,24.3,48.7,0.0,0.0,2.0,10.4
Brest,Toulouse,2023-10-08,23.0,55.0,0.0,0.0,5.0,16.2
Lens,Lille,2023-10-08,18.8,70.5,0.0,0.0,6.4,7.9
Rennes,Paris Saint-Germain,2023-10-08,14.6,86.0,0.0,0.0,7.2,11.9
Le Havre,Lens,2023-10-20,13.9,86.0,0.3,0.0,25.4,50.8
Paris Saint-Germain,Strasbourg,2023-10-21,13.3,77.7,1.7,0.0,30.2,62.3
Nice,Marseille,2023-10-21,13.4,63.3,0.0,0.0,5.5,13.3
Lorient,Rennes,2023-10-22,16.2,65.3,0.7,0.0,16.4,35.3
Nantes,Montpellier,2023-10-22,16.3,68.7,0.1,0.0,12.0,27.4
Toulouse,Reims,2023-10-22,18.2,46.0,0.0,0.0,14.9,31.7
Lille,Brest,2023-10-22,14.6,71.0,0.0,0.0,13.1,34.9
Monaco,Metz,2023-10-22,14.7,60.0,0.0,0.0,7.6,14.0
Lyon,Clermont Foot,2023-10-22,9.8,88.0,0.0,0.0,7.0,10.8
Clermont Foot,Nice,2023-10-27,10.4,80.7,0.0,0.0,6.4,20.5
Reims,Lorient,2023-10-28,12.6,85.7,1.6,0.0,23.3,51.5
Lens,Nantes,2023-10-28,13.6,86.0,1.4,0.0,35.8,69.8
Brest,Paris Saint-Germain,2023-10-29,12.6,70.7,1.5,0.0,39.0,78.8
Metz,Le Havre,2023-10-29,16.0,73.0,0.0,0.0,19.0,49.3
Lille,Monaco,2023-10-29,14.1,68.3,0.3,0.0,29.5,56.9
Montpellier,Toulouse,2023-10-29,19.0,81.7,0.9,0.0,24.6,49.0
Rennes,Strasbourg,2023-10-29,12.2,73.0,0.0,0.0,24.5,50.8
Paris Saint-Germain,Montpellier,2023-11-03,7.8,83.7,0.0,0.0,19.1,34.6
Lorient,Lens,2023-11-04,11.4,85.3,4.3,0.0,38.2,87.1
Marseille,Lille,2023-11-04,15.1,85.3,0.0,0.0,22.1,55.8
Lyon,Metz,2023-11-05,14.3,57.3,0.0,0.0,15.8,43.2
Strasbourg,Clermont Foot,2023-11-05,12.1,73.0,1.0,0.0,19.7,52.2
Toulouse,Le Havre,2023-11-05,13.3,67.3,0.0,0.0,20.1,46.4
Nantes,Reims,2023-11-05,12.8,75.0,0.0,0.0,22.7,43.9
Monaco,Brest,2023-11-05,14.0,61.0,0.0,0.0,15.7,31.0
Nice,Rennes,2023-11-05,13.4,58.5,0.0,0.0,9.7,25.2
Montpellier,Nice,2023-11-10,10.2,74.0,0.0,0.0,13.6,28.4
Reims,Paris Saint-Germain,2023-11-11,6.6,92.7,0.0,0.0,7.0,22.0
Le Havre,Monaco,2023-11-11,7.7,90.7,0.0,0.0,13.8,28.1
Clermont Foot,Lorient,2023-11-12,14.0,69.3,0.3,0.0,16.6,46.1
Metz,Nantes,2023-11-12,11.8,71.0,0.0,0.0,7.7,23.8
Lille,Toulouse,2023-11-12,8.3,81.0,0.1,0.0,11.9,25.6
Rennes,Lyon,2023-11-12,13.8,86.0,0.2,0.0,18.0,41.8
Lens,Marseille,2023-11-12,7.9,93.5,0.9,0.0,11.4,18.7
Paris Saint-Germain,Monaco,2023-11-24,3.3,72.3,0.0,0.0,10.6,26.3
Clermont Foot,Lens,2023-11-25,3.9,79.0,0.2,0.0,5.8,24.1
Strasbourg,Marseille,2023-11-25,4.8,82.3,0.0,0.0,23.5,44.6
Nice,Toulouse,2023-11-26,13.5,45.7,0.0,0.0,4.0,13.7
Montpellier,Brest,2023-11-26,10.7,44.3,0.0,0.0,3.0,15.1
Lorient,Metz,2023-11-26,10.7,70.7,0.0,0.0,13.0,28.8
Nantes,Le Havre,2023-11-26,6.9,70.0,0.0,0.0,7.8,19.8
Rennes,Reims,2023-11-26,6.6,84.5,0.0,0.0,13.0,23.8
Lyon,Lille,2023-11-26,-0.2,94.0,0.0,0.0,7.2,10.4
Montpellier,Clermont Foot,2023-11-29,8.1,53.0,0.0,0.0,7.5,19.4
Reims,Strasbourg,2023-12-01,-3.2,89.3,0.0,0.0,11.7,22.0
Lens,Lyon,2023-12-02,-0.4,92.3,0.0,0.0,8.6,15.1
Nantes,Nice,2023-12-02,2.0,74.3,0.0,0.0,14.2,26.6
Le Havre,Paris Saint-Germain,2023-12-03,6.8,80.0,0.0,0.0,22.0,45.0
Monaco,Montpellier,2023-12-03,5.3,55.7,0.0,0.0,13.6,39.6
Brest,Clermont Foot,2023-12-03,10.3,85.7,3.4,0.0,27.7,55.8
Toulouse,Lorient,2023-12-03,6.8,50.3,0.0,0.0,7.4,16.9
Lille,Metz,2023-12-03,2.2,77.0,0.1,0.0,24.7,43.9
Marseille,Rennes,2023-12-03,7.0,66.0,0.0,0.0,9.4,18.7
Marseille,Lyon,2023-12-06,4.2,82.7,0.0,0.0,10.9,23.8
Brest,Strasbourg,2023-12-07,11.2,86.0,0.0,0.0,19.5,37.4
Montpellier,Lens,2023-12-08,9.1,76.3,0.0,0.0,14.8,27.7
Rennes,Monaco,2023-12-09,11.5,77.3,0.0,0.0,24.0,45.0
Paris Saint-Germain,Nantes,2023-12-09,9.7,78.3,0.0,0.0,30.8,57.2
Nice,Reims,2023-12-10,17.0,46.0,0.0,0.0,5.0,17.3
Strasbourg,Le Havre,2023-12-10,10.1,67.0,0.0,0.0,23.3,44.3
Metz,Brest,2023-12-10,10.2,53.3,0.0,0.0,14.4,34.6
Clermont Foot,Lille,2023-12-10,11.1,75.7,3.6,0.0,9.8,40.0
Lyon,Toulouse,2023-12-10,9.1,67.5,1.2,0.0,15.2,28.8
Lorient,Marseille,2023-12-10,13.5,94.5,0.0,0.0,24.4,45.7
Monaco,Lyon,2023-12-15,8.1,73.0,0.0,0.0,31.0,59.4
Le Havre,Nice,2023-12-16,8.8,83.0,0.0,0.0,9.1,18.0
Lens,Reims,2023-12-16,7.7,90.0,0.0,0.0,12.3,24.1
Nantes,Brest,2023-12-17,4.5,90.7,0.0,0.0,4.9,14.4
Toulouse,Rennes,2023-12-17,10.4,77.7,0.0,0.0,3.7,10.8
Lorient,Strasbourg,2023-12-17,9.3,78.3,0.0,0.0,9.0,21.2
Metz,Montpellier,2023-12-17,5.7,79.3,0.0,0.0,4.8,15.1
Marseille,Clermont Foot,2023-12-17,7.5,76.5,0.0,0.0,7.3,13.3
Lille,Paris Saint-Germain,2023-12-17,3.4,92.0,0.0,0.0,15.0,27.7
Lyon,Nantes,2023-12-20,3.1,94.7,0.0,0.0,3.0,7.2
Reims,Le Havre,2023-12-20,8.2,87.0,0.0,0.0,23.7,43.9
Nice,Lens,2023-12-20,6.8,77.7,0.0,0.0,5.3,15.1
Paris Saint-Germain,Metz,2023-12-20,9.1,84.0,0.0,0.0,20.5,37.1
Strasbourg,Lille,2023-12-20,5.1,79.3,0.1,0.0,22.7,41.0
Toulouse,Monaco,2023-12-20,5.3,94.3,0.3,0.0,14.3,27.4
Brest,Lorient,2023-12-20,11.3,82.3,0.0,0.0,23.0,42.5
Montpellier,Marseille,2023-12-20,7.7,62.7,0.0,0.0,17.7,33.8
Clermont Foot,Rennes,2023-12-20,5.4,86.3,0.0,0.0,9.3,24.1
Marseille,Strasbourg,2024-01-12,0.7,87.0,0.0,0.0,12.0,28.1
Monaco,Reims,2024-01-13,4.0,80.3,0.0,0.0,8.1,17.3
Rennes,Nice,2024-01-13,-1.1,94.7,0.0,0.0,6.1,14.4
Lille,Lorient,2024-01-14,0.9,84.3,0.1,0.1,14.0,27.7
Brest,Montpellier,2024-01-14,5.2,90.7,0.5,0.0,7.1,14.0
Nantes,Clermont Foot,2024-01-14,4.2,83.0,0.0,0.0,4.9,16.2
Metz,Toulouse,2024-01-14,4.1,44.3,0.0,0.0,3.0,13.3
Le Havre,Lyon,2024-01-14,2.8,87.0,0.1,0.0,7.0,20.2
Lens,Paris Saint-Germain,2024-01-14,0.8,88.5,0.0,0.0,11.9,20.2
Lyon,Rennes,2024-01-26,9.6,94.3,0.2,0.0,8.5,18.7
Nice,Metz,2024-01-27,12.3,84.3,0.0,0.0,4.0,8.3
Marseille,Monaco,2024-01-27,11.4,77.3,0.0,0.0,3.1,5.4
Montpellier,Lille,2024-01-28,11.9,82.7,0.5,0.0,14.1,31.0
Lorient,Le Havre,2024-01-28,12.2,90.3,0.0,0.0,8.8,25.6
Reims,Nantes,2024-01-28,8.6,76.7,0.0,0.0,10.2,26.6
Clermont Foot,Strasbourg,2024-01-28,16.2,49.0,0.0,0.0,11.5,30.2
Toulouse,Lens,2024-01-28,11.1,77.0,0.0,0.0,11.6,23.8
Paris Saint-Germain,Brest,2024-01-28,5.9,88.0,0.0,0.0,11.2,19.4
Strasbourg,Paris Saint-Germain,2024-02-02,5.6,88.3,0.0,0.0,13.0,23.4
Rennes,Montpellier,2024-02-03,9.7,83.7,0.0,0.0,5.2,18.7
Nantes,Lens,2024-02-03,9.0,92.3,0.0,0.0,6.0,10.4
Monaco,Le Havre,2024-02-04,14.8,47.0,0.0,0.0,24.3,52.6
Lille,Clermont Foot,2024-02-04,9.9,88.0,0.0,0.0,25.1,47.5
Metz,Lorient,2024-02-04,8.3,70.3,0.0,0.0,5.0,15.5
Reims,Toulouse,2024-02-04,9.3,84.0,0.0,0.0,21.8,42.8
Brest,Nice,2024-02-04,9.4,84.0,0.0,0.0,11.2,27.7
Lyon,Marseille,2024-02-04,1.5,96.0,0.0,0.0,7.1,10.8
Marseille,Metz,2024-02-09,13.0,90.0,0.4,0.0,25.1,46.8
Lens,Strasbourg,2024-02-10,10.1,92.7,1.7,0.0,7.8,20.2
Paris Saint-Germain,Lille,2024-02-10,6.1,92.3,0.0,0.0,9.9,21.2
Le Havre,Rennes,2024-02-11,9.2,86.3,0.7,0.0,33.5,75.2
Lorient,Reims,2024-02-11,10.8,63.7,0.0,0.0,22.5,50.0
Toulouse,Nantes,2024-02-11,9.4,73.7,0.9,0.0,19.3,49.7
Clermont Foot,Brest,2024-02-11,9.8,62.3,0.0,0.0,19.3,50.0
Montpellier,Lyon,2024-02-11,9.6,64.0,0.0,0.0,17.0,36.4
Nice,Monaco,2024-02-11,6.9,62.5,0.0,0.0,10.6,23.0
Lyon,Nice,2024-02-16,10.8,85.0,0.0,0.0,7.4,15.5
Lille,Le Havre,2024-02-17,11.9,75.0,0.0,0.0,9.8,29.9
Nantes,Paris Saint-Germain,2024-02-17,8.2,94.0,0.0,0.0,8.2,14.4
Strasbourg,Lorient,2024-02-18,11.8,74.3,0.0,0.0,12.0,25.6
Rennes,Clermont Foot,2024-02-18,14.7,83.3,0.2,0.0,15.3,40.3
Montpellier,Metz,2024-02-18,18.1,56.3,0.0,0.0,2.1,10.1
Monaco,Toulouse,2024-02-18,16.7,58.3,0.0,0.0,11.9,27.4
Reims,Lens,2024-02-18,9.5,92.5,0.6,0.0,21.1,38.2
Brest,Marseille,2024-02-18,10.4,90.0,0.0,0.0,13.2,24.1
Metz,Lyon,2024-02-23,2.6,75.7,0.1,0.0,19.1,38.5
Lorient,Nantes,2024-02-24,9.6,60.7,0.0,0.0,17.4,44.3
Strasbourg,Brest,2024-02-24,3.3,81.7,0.0,0.0,10.1,22.7
Lens,Monaco,2024-02-25,8.5,72.7,0.2,0.0,22.3,41.4
Toulouse,Lille,2024-02-25,9.0,86.0,4.0,0.0,15.6,30.2
Le Havre,Reims,2024-02-25,7.8,91.0,5.4,0.0,29.5,56.5
Nice,Clermont Foot,2024-02-25,11.0,69.7,0.2,0.0,14.3,46.4
Paris Saint-Germain,Rennes,2024-02-25,7.8,89.0,2.2,0.0,22.3,40.3
Marseille,Montpellier,2024-02-25,11.4,89.5,2.5,0.0,18.4,39.6
Monaco,Paris Saint-Germain,2024-03-01,9.7,64.7,0.0,0.0,14.4,26.6
Reims,Lille,2024-03-02,10.0,81.7,2.3,0.0,14.8,36.4
Clermont Foot,Marseille,2024-03-02,8.0,92.3,1.7,0.0,5.1,34.2
Toulouse,Nice,2024-03-03,7.7,65.3,0.4,0.0,23.3,49.3
Nantes,Metz,2024-03-03,10.0,53.0,0.2,0.0,13.8,29.2
Montpellier,Strasbourg,2024-03-03,6.7,83.7,4.8,0.0,17.1,50.0
Brest,Le Havre,2024-03-03,9.4,56.0,0.0,0.0,18.1,36.7
Rennes,Lorient,2024-03-03,7.8,66.0,0.0,0.0,6.1,18.7
Lyon,Lens,2024-03-03,4.2,91.0,0.5,0.0,17.8,36.7
Nice,Montpellier,2024-03-08,9.1,82.0,0.3,0.0,10.7,25.6
Lorient,Lyon,2024-03-09,9.7,76.0,1.6,0.0,14.5,33.8
Lens,Brest,2024-03-09,9.8,77.7,0.6,0.0,23.2,42.8
Paris Saint-Germain,Reims,2024-03-10,9.2,84.3,1.1,0.0,6.4,18.4
Le Havre,Toulouse,2024-03-10,8.5,84.3,0.0,0.0,8.2,22.0
Metz,Clermont Foot,2024-03-10,10.1,49.0,0.0,0.0,3.3,19.8
Strasbourg,Monaco,2024-03-10,11.0,77.3,1.6,0.0,6.7,22.7
Lille,Rennes,2024-03-10,9.6,85.0,0.8,0.0,5.4,14.0
Marseille,Nantes,2024-03-10,10.0,87.5,3.6,0.0,13.0,24.5
Toulouse,Lyon,2024-03-15,10.0,92.7,0.0,0.0,6.0,10.4
Nantes,Strasbourg,2024-03-16,14.9,79.7,0.1,0.0,12.0,30.6
Lens,Nice,2024-03-16,8.2,72.3,0.0,0.0,10.5,20.2
Brest,Lille,2024-03-17,12.8,84.0,0.3,0.0,15.8,34.2
Clermont Foot,Le Havre,2024-03-17,17.7,62.0,0.2,0.0,3.9,19.1
Monaco,Lorient,2024-03-17,18.6,63.0,0.0,0.0,9.0,23.0
Reims,Metz,2024-03-17,11.3,92.0,2.8,0.0,13.0,27.4
Rennes,Marseille,2024-03-17,14.7,83.0,0.2,0.0,13.6,33.8
Montpellier,Paris Saint-Germain,2024-03-17,12.0,84.0,0.0,0.0,2.0,3.2
Lille,Lens,2024-03-29,10.0,82.7,0.1,0.0,17.6,33.1
Metz,Monaco,2024-03-30,10.4,78.7,0.3,0.0,18.0,43.2
Lyon,Reims,2024-03-30,9.9,87.7,0.2,0.0,14.5,40.0
Lorient,Brest,2024-03-31,10.3,74.0,0.4,0.0,22.0,46.8
Le Havre,Montpellier,2024-03-31,12.1,79.3,2.1,0.0,16.0,42.5
Clermont Foot,Toulouse,2024-03-31,12.1,74.3,4.8,0.0,8.8,38.5
Nice,Nantes,2024-03-31,14.4,75.7,0.4,0.0,5.4,14.4
Strasbourg,Rennes,2024-03-31,13.6,87.0,0.0,0.0,3.5,18.4
Marseille,Paris Saint-Germain,2024-03-31,13.7,92.5,4.1,0.0,35.8,77.4
Lille,Marseille,2024-04-05,15.3,83.7,0.0,0.0,18.2,40.0
Lens,Le Havre,2024-04-06,19.8,59.7,0.0,0.0,18.5,41.4
Paris Saint-Germain,Clermont Foot,2024-04-06,16.0,77.7,0.0,0.0,8.7,15.8
Brest,Metz,2024-04-07,13.4,76.3,0.6,0.0,35.7,72.0
Reims,Nice,2024-04-07,18.9,64.7,0.3,0.0,4.7,23.4
Toulouse,Strasbourg,2024-04-07,21.1,54.3,0.0,0.0,13.3,37.8
Montpellier,Lorient,2024-04-07,18.5,59.7,0.0,0.0,10.8,25.2
Monaco,Rennes,2024-04-07,18.4,58.5,0.0,0.0,14.0,27.4
Nantes,Lyon,2024-04-07,9.8,95.5,0.0,0.0,6.8,12.2
Metz,Lens,2024-04-12,11.1,72.3,0.0,0.0,4.7,12.2
Strasbourg,Reims,2024-04-13,21.0,64.7,0.0,0.0,6.0,16.6
Rennes,Toulouse,2024-04-13,11.7,74.7,0.0,0.0,11.1,22.3
Le Havre,Nantes,2024-04-14,12.3,75.0,0.0,0.0,10.7,27.0
Clermont Foot,Montpellier,2024-04-14,26.3,50.0,0.0,0.0,6.2,20.5
Lyon,Brest,2024-04-14,19.6,61.0,0.0,0.0,12.5,22.3
Nice,Lorient,2024-04-19,10.2,61.0,0.0,0.0,5.2,16.6
Nantes,Rennes,2024-04-20,12.4,52.0,0.0,0.0,17.2,35.3
Lens,Clermont Foot,2024-04-20,6.5,73.0,0.0,0.0,16.8,35.6
Reims,Montpellier,2024-04-21,8.7,53.0,0.0,0.0,24.4,49.3
Le Havre,Metz,2024-04-21,9.6,61.7,0.1,0.0,30.1,59.0
Lille,Strasbourg,2024-04-21,9.4,53.7,0.0,0.0,18.3,42.5
Brest,Monaco,2024-04-21,9.4,61.0,0.0,0.0,24.3,51.1
Toulouse,Marseille,2024-04-21,8.8,48.3,0.0,0.0,17.2,45.0
Paris Saint-Germain,Lyon,2024-04-21,4.9,71.3,0.0,0.0,10.6,23.8
Lorient,Paris Saint-Germain,2024-04-24,10.9,89.3,0.6,0.0,7.7,21.6
Marseille,Nice,2024-04-24,10.4,50.3,0.0,0.0,32.0,59.4
Monaco,Lille,2024-04-24,9.3,59.7,0.0,0.0,22.2,45.4
Montpellier,Nantes,2024-04-26,11.3,86.3,0.2,0.0,11.9,24.8
Paris Saint-Germain,Le Havre,2024-04-27,12.1,89.0,5.4,0.0,14.9,37.4
Metz,Lille,2024-04-28,9.0,89.7,9.5,0.0,7.6,20.5
Strasbourg,Nice,2024-04-28,12.7,79.3,0.8,0.0,19.8,41.0
Lorient,Toulouse,2024-04-28,12.4,72.0,0.3,0.0,13.4,39.6
Clermont Foot,Reims,2024-04-28,11.7,81.7,0.3,0.0,4.0,18.0
Rennes,Brest,2024-04-28,11.9,75.0,2.1,0.0,5.3,30.2
Lyon,Monaco,2024-04-28,10.5,92.3,2.6,0.0,4.2,13.3
Marseille,Lens,2024-04-28,14.0,83.3,0.0,0.0,3.3,10.1
Toulouse,Montpellier,2024-05-03,12.3,71.3,0.0,0.0,6.2,14.8
Lens,Lorient,2024-05-03,8.6,86.7,0.0,0.0,6.6,10.4
Le Havre,Strasbourg,2024-05-04,15.2,57.3,0.1,0.0,5.3,25.2
Monaco,Clermont Foot,2024-05-04,17.1,55.3,0.0,0.0,10.4,26.6
Metz,Rennes,2024-05-04,12.4,79.3,1.6,0.0,15.4,34.6
Brest,Nantes,2024-05-04,12.6,96.3,0.3,0.0,13.9,28.4
Lille,Lyon,2024-05-06,10.7,88.7,0.0,0.0,6.4,11.5
Brest,Reims,2024-05-10,16.8,69.7,0.0,0.0,14.0,31.7
Nice,Le Havre,2024-05-10,16.3,78.7,0.0,0.0,4.8,14.0
Marseille,Lorient,2024-05-12,15.1,72.3,0.0,0.0,6.6,9.7
Nantes,Lille,2024-05-12,13.7,83.3,0.0,0.0,13.2,32.4
Rennes,Lens,2024-05-12,13.4,87.7,0.0,0.0,14.6,32.0
Strasbourg,Metz,2024-05-12,17.0,83.3,0.0,0.0,7.6,10.8
Clermont Foot,Lyon,2024-05-12,14.0,93.7,0.1,0.0,2.9,9.4
Montpellier,Monaco,2024-05-12,14.2,89.3,0.0,0.0,6.2,9.4
Paris Saint-Germain,Toulouse,2024-05-12,16.2,88.0,0.0,0.0,11.1,20.2
Nice,Paris Saint-Germain,2024-05-15,15.1,88.7,0.0,0.0,3.6,9.0
Reims,Marseille,2024-05-15,13.5,93.0,0.8,0.0,4.4,7.9
Metz,Paris Saint-Germain,2024-05-19,12.0,86.7,0.6,0.0,3.2,7.6
Monaco,Nantes,2024-05-19,15.4,90.0,0.0,0.0,5.0,9.0
Toulouse,Brest,2024-05-19,13.7,94.0,0.3,0.0,6.5,20.2
Reims,Rennes,2024-05-19,12.9,90.7,0.0,0.0,7.5,11.2
Lyon,Strasbourg,2024-05-19,13.8,90.3,0.0,0.0,6.7,9.7
Lens,Montpellier,2024-05-19,12.7,87.3,0.0,0.0,10.1,20.5
Le Havre,Marseille,2024-05-19,12.6,87.0,0.0,0.0,12.2,23.8
Lorient,Clermont Foot,2024-05-19,13.6,91.7,0.0,0.0,7.1,13.3
Lille,Nice,2024-05-19,13.0,84.0,0.0,0.0,10.0,20.5
Lyon,Ajaccio,2022-08-05,25.6,46.7,0.0,0.0,17.0,33.5
Strasbourg,Monaco,2022-08-06,25.2,30.0,0.0,0.0,20.0,40.0
Clermont Foot,Paris Saint-Germain,2022-08-06,21.1,50.3,0.0,0.0,13.0,31.7
Toulouse,Nice,2022-08-07,32.0,29.0,0.0,0.0,7.3,23.4
Angers,Nantes,2022-08-07,27.9,24.0,0.0,0.0,19.9,40.7
Lille,Auxerre,2022-08-07,23.8,37.3,0.0,0.0,15.3,33.1
Montpellier,Troyes,2022-08-07,32.8,30.3,0.0,0.0,17.6,42.5
Lens,Brest,2022-08-07,23.6,37.7,0.0,0.0,17.4,36.0
Rennes,Lorient,2022-08-07,26.1,28.0,0.0,0.0,18.4,36.7
Marseille,Reims,2022-08-07,24.7,81.5,0.0,0.0,4.8,11.2
Nantes,Lille,2022-08-12,26.5,30.3,0.0,0.0,7.8,13.7
Monaco,Rennes,2022-08-13,29.6,59.3,0.0,0.0,14.7,36.7
Paris Saint-Germain,Montpellier,2022-08-13,22.9,38.7,0.0,0.0,7.6,13.3
Ajaccio,Lens,2022-08-14,30.8,45.3,0.0,0.0,8.0,31.7
Reims,Clermont Foot,2022-08-14,23.8,61.0,0.1,0.0,20.3,49.3
Troyes,Toulouse,2022-08-14,26.1,48.3,0.2,0.0,16.5,48.2
Nice,Strasbourg,2022-08-14,26.7,63.5,0.0,0.0,1.8,20.9
Brest,Marseille,2022-08-14,18.2,93.0,0.0,0.0,12.5,23.4
Lyon,Troyes,2022-08-19,19.2,82.3,0.7,0.0,6.8,16.2
Monaco,Lens,2022-08-20,27.9,41.3,0.0,0.0,20.9,47.9
Marseille,Nantes,2022-08-20,24.4,51.3,0.0,0.0,23.5,45.0
Strasbourg,Reims,2022-08-21,25.8,42.7,0.0,0.0,5.2,18.0
Angers,Brest,2022-08-21,22.0,64.7,0.2,0.0,13.6,30.2
Clermont Foot,Nice,2022-08-21,24.0,47.7,0.0,0.0,9.6,24.5
Toulouse,Lorient,2022-08-21,26.0,46.0,0.5,0.0,18.6,40.0
Montpellier,Auxerre,2022-08-21,30.9,27.3,0.0,0.0,16.7,37.1
Rennes,Ajaccio,2022-08-21,19.0,87.0,0.3,0.0,7.9,19.1
Lille,Paris Saint-Germain,2022-08-21,19.4,66.5,0.0,0.0,11.2,19.4
Ajaccio,Lille,2022-08-26,22.8,87.7,0.0,0.0,3.3,10.8
Lens,Rennes,2022-08-27,16.6,71.7,0.0,0.0,11.3,27.7
Nantes,Toulouse,2022-08-28,26.3,34.7,0.0,0.0,15.1,32.4
Troyes,Angers,2022-08-28,26.8,43.7,0.0,0.0,8.4,23.4
Lorient,Clermont Foot,2022-08-28,25.0,41.3,0.0,0.0,15.6,33.1
Nice,Marseille,2022-08-28,27.3,63.0,0.0,0.0,10.9,30.6
Brest,Montpellier,2022-08-28,24.3,51.0,0.0,0.0,15.9,36.0
Reims,Lyon,2022-08-28,23.5,46.0,0.0,0.0,16.3,30.6
Paris Saint-Germain,Monaco,2022-08-28,21.1,50.5,0.0,0.0,18.2,32.4
Angers,Reims,2022-08-31,21.1,84.0,0.2,0.0,3.2,18.4
Lyon,Auxerre,2022-08-31,22.8,58.3,0.0,0.0,11.1,31.3
Strasbourg,Nantes,2022-08-31,19.5,83.7,0.1,0.0,5.2,19.8
Monaco,Troyes,2022-08-31,26.5,45.7,0.0,0.0,19.4,39.6
Montpellier,Ajaccio,2022-08-31,25.5,56.0,0.0,0.0,8.4,23.0
Lens,Lorient,2022-08-31,19.8,61.3,0.0,0.0,12.8,24.5
Marseille,Clermont Foot,2022-08-31,24.6,57.0,0.0,0.0,14.3,30.6
Toulouse,Paris Saint-Germain,2022-08-31,21.7,61.3,0.0,0.0,6.4,12.6
Rennes,Brest,2022-08-31,19.6,91.3,0.4,0.0,7.2,20.5
Lille,Nice,2022-08-31,19.9,60.0,0.0,0.0,14.1,24.5
Lyon,Angers,2022-09-03,19.8,78.0,0.0,0.0,6.9,20.9
Nantes,Paris Saint-Germain,2022-09-03,17.3,81.7,0.0,0.0,9.6,19.1
Montpellier,Lille,2022-09-04,26.9,65.3,0.4,0.0,11.0,28.8
Brest,Strasbourg,2022-09-04,18.8,86.7,6.8,0.0,29.7,61.6
Ajaccio,Lorient,2022-09-04,29.3,50.3,0.0,0.0,6.4,22.3
Clermont Foot,Toulouse,2022-09-04,28.2,36.0,0.0,0.0,5.3,18.7
Reims,Lens,2022-09-04,27.1,35.0,0.0,0.0,9.5,21.6
Troyes,Rennes,2022-09-04,26.0,39.0,0.0,0.0,12.0,23.4
Nice,Monaco,2022-09-04,23.2,81.5,0.0,0.0,3.6,8.6
Lorient,Lyon,2022-09-07,16.7,80.3,1.8,0.0,25.3,51.5
Lens,Troyes,2022-09-09,14.5,90.3,0.0,0.0,17.8,34.2
Paris Saint-Germain,Brest,2022-09-10,17.7,81.0,0.1,0.0,9.4,24.1
Marseille,Lille,2022-09-10,21.5,72.3,0.0,0.0,18.8,34.9
Strasbourg,Clermont Foot,2022-09-11,20.8,61.3,0.0,0.0,3.6,16.2
Ajaccio,Nice,2022-09-11,26.4,47.7,0.0,0.0,12.0,32.4
Lorient,Nantes,2022-09-11,23.0,64.0,0.0,0.0,12.0,28.1
Toulouse,Reims,2022-09-11,30.7,26.7,0.0,0.0,4.0,15.1
Angers,Montpellier,2022-09-11,25.8,42.3,0.0,0.0,11.6,25.9
Rennes,Auxerre,2022-09-11,23.1,56.0,0.0,0.0,7.6,21.2
Monaco,Lyon,2022-09-11,20.0,60.5,0.0,0.0,6.4,11.9
Montpellier,Strasbourg,2022-09-17,19.2,36.0,0.0,0.0,18.0,35.6
Lille,Toulouse,2022-09-17,11.9,72.7,0.0,0.0,8.8,16.6
Reims,Monaco,2022-09-18,16.0,54.3,0.0,0.0,26.8,50.8
Brest,Ajaccio,2022-09-18,16.3,65.3,0.0,0.0,13.9,33.5
Marseille,Rennes,2022-09-18,22.7,46.3,0.0,0.0,10.3,24.5
Nice,Angers,2022-09-18,23.7,42.3,0.0,0.0,11.1,27.7
Clermont Foot,Troyes,2022-09-18,17.5,41.0,0.0,0.0,7.8,22.7
Nantes,Lens,2022-09-18,17.9,45.0,0.0,0.0,10.2,23.4
Lyon,Paris Saint-Germain,2022-09-18,12.0,69.5,0.0,0.0,9.2,16.9
Angers,Marseille,2022-09-30,14.3,83.7,0.4,0.0,21.6,43.2
Strasbourg,Rennes,2022-10-01,14.7,76.3,0.0,0.0,16.8,40.7
Paris Saint-Germain,Nice,2022-10-01,15.7,73.7,0.0,0.0,14.0,28.1
Lorient,Lille,2022-10-02,16.8,89.7,0.6,0.0,26.2,55.4
Troyes,Reims,2022-10-02,18.2,80.3,2.4,0.0,19.6,44.3
Ajaccio,Clermont Foot,2022-10-02,22.6,65.3,0.0,0.0,8.3,30.2
Toulouse,Montpellier,2022-10-02,21.7,61.3,0.0,0.0,10.3,22.3
Monaco,Nantes,2022-10-02,21.1,65.0,0.0,0.0,7.8,15.8
Lens,Lyon,2022-10-02,9.0,95.0,0.0,0.0,8.7,11.9
Lyon,Toulouse,2022-10-07,16.0,77.0,1.0,0.0,6.7,17.3
Marseille,Ajaccio,2022-10-08,17.8,86.3,0.0,0.0,8.4,22.3
Reims,Paris Saint-Germain,2022-10-08,7.4,87.0,0.0,0.0,9.9,13.3
Montpellier,Monaco,2022-10-09,20.7,68.0,0.0,0.0,11.8,31.0
Brest,Lorient,2022-10-09,17.2,66.3,0.0,0.0,17.1,33.8
Nice,Troyes,2022-10-09,18.6,86.3,2.6,0.0,4.5,11.2
Clermont Foot,Auxerre,2022-10-09,20.4,55.3,0.0,0.0,4.2,21.2
Angers,Strasbourg,2022-10-09,20.4,50.3,0.0,0.0,8.9,23.8
Rennes,Nantes,2022-10-09,15.4,68.5,0.0,0.0,7.1,15.8
Lille,Lens,2022-10-09,11.0,80.0,0.0,0.0,12.5,20.9
Strasbourg,Lille,2022-10-14,13.4,91.7,5.5,0.0,18.2,33.8
Lorient,Reims,2022-10-15,15.1,82.0,0.0,0.0,18.6,43.9
Lens,Montpellier,2022-10-15,14.1,76.0,0.0,0.0,15.8,27.7
Toulouse,Angers,2022-10-16,24.6,56.0,0.0,0.0,20.4,42.5
Rennes,Lyon,2022-10-16,20.1,72.7,0.0,0.0,16.6,42.1
Troyes,Ajaccio,2022-10-16,21.3,76.7,0.0,0.0,10.6,25.2
Nantes,Brest,2022-10-16,22.4,64.3,0.0,0.0,20.2,40.7
Monaco,Clermont Foot,2022-10-16,20.2,82.5,0.0,0.0,17.6,37.1
Paris Saint-Germain,Marseille,2022-10-16,16.6,91.0,0.0,0.0,11.2,20.9
Ajaccio,Paris Saint-Germain,2022-10-21,16.8,85.7,0.0,0.0,6.5,20.5
Montpellier,Lyon,2022-10-22,18.8,88.0,0.0,0.0,8.3,22.0
Marseille,Lens,2022-10-22,20.4,96.7,0.0,0.0,21.5,37.8
Angers,Rennes,2022-10-23,19.4,60.7,0.2,0.0,26.1,69.8
Troyes,Lorient,2022-10-23,19.7,70.0,0.6,0.0,21.7,49.7
Toulouse,Strasbourg,2022-10-23,24.1,49.3,0.0,0.0,15.8,49.3
Reims,Auxerre,2022-10-23,18.9,77.3,1.3,0.0,22.4,43.9
Clermont Foot,Brest,2022-10-23,22.6,46.7,0.0,0.0,19.2,59.4
Nice,Nantes,2022-10-23,20.7,74.5,0.0,0.0,8.2,18.4
Lille,Monaco,2022-10-23,16.0,76.0,0.1,0.0,23.7,50.4
Lens,Toulouse,2022-10-28,13.0,95.3,0.0,0.0,6.3,11.5
Paris Saint-Germain,Troyes,2022-10-29,20.3,59.7,0.0,0.0,9.1,30.2
Strasbourg,Marseille,2022-10-29,14.9,84.7,0.0,0.0,10.3,18.7
Monaco,Angers,2022-10-30,22.3,63.0,0.0,0.0,9.2,25.2
Rennes,Montpellier,2022-10-30,16.8,74.0,0.2,0.0,17.4,42.5
Brest,Reims,2022-10-30,15.6,78.7,0.2,0.0,24.4,52.2
Nantes,Clermont Foot,2022-10-30,17.4,73.3,0.0,0.0,14.2,29.9
Lorient,Nice,2022-10-30,15.1,80.5,0.0,0.0,16.4,34.6
Lyon,Lille,2022-10-30,15.4,84.5,0.0,0.0,11.4,21.6
Troyes,Auxerre,2022-11-04,7.5,93.7,0.0,0.0,14.8,26.3
Ajaccio,Strasbourg,2022-11-05,15.0,59.0,0.0,0.0,10.8,42.1
Angers,Lens,2022-11-05,12.5,85.7,0.0,0.0,13.0,24.8
Lorient,Paris Saint-Germain,2022-11-06,15.2,71.3,0.2,0.0,34.1,70.2
Clermont Foot,Montpellier,2022-11-06,14.4,66.0,0.8,0.0,7.2,20.2
Nice,Brest,2022-11-06,17.8,55.0,0.0,0.0,9.4,24.5
Toulouse,Monaco,2022-11-06,16.3,55.3,0.0,0.0,7.9,19.1
Reims,Nantes,2022-11-06,9.1,88.0,3.8,0.0,17.3,35.3
Lille,Rennes,2022-11-06,10.4,90.0,0.0,0.0,27.2,49.0
Marseille,Lyon,2022-11-06,11.3,97.0,0.0,0.0,8.0,13.3
Lyon,Nice,2022-11-11,11.0,89.7,0.0,0.0,3.8,8.3
Lens,Clermont Foot,2022-11-12,10.9,93.7,0.0,0.0,10.1,18.0
Rennes,Toulouse,2022-11-12,11.9,93.0,0.0,0.0,11.3,24.1
Paris Saint-Germain,Auxerre,2022-11-13,12.8,84.7,0.0,0.0,5.0,16.6
Montpellier,Reims,2022-11-13,16.4,80.0,0.0,0.0,6.6,17.3
Brest,Troyes,2022-11-13,16.3,85.7,0.0,0.0,17.3,34.6
Nantes,Ajaccio,2022-11-13,18.3,73.0,0.0,0.0,9.8,21.6
Lille,Angers,2022-11-13,11.3,85.3,0.0,0.0,6.8,14.0
Strasbourg,Lorient,2022-11-13,5.4,96.5,0.0,0.0,7.0,11.2
Monaco,Marseille,2022-11-13,13.3,86.5,0.0,0.0,10.2,18.4
Troyes,Nantes,2022-12-28,11.2,74.0,0.0,0.0,24.6,47.5
Ajaccio,Angers,2022-12-28,13.8,87.0,0.1,0.0,5.9,15.5
Clermont Foot,Lille,2022-12-28,8.7,84.0,0.0,0.0,10.6,30.2
Paris Saint-Germain,Strasbourg,2022-12-28,11.3,86.0,0.3,0.0,31.9,58.3
Brest,Lyon,2022-12-28,10.7,76.3,0.3,0.0,35.0,68.4
Lorient,Montpellier,2022-12-29,9.5,79.3,0.1,0.0,16.1,40.0
Reims,Rennes,2022-12-29,7.3,86.0,0.0,0.0,16.4,30.2
Marseille,Toulouse,2022-12-29,13.0,89.7,0.0,0.0,10.3,28.8
Nice,Lens,2022-12-29,11.7,83.7,1.2,0.0,3.3,9.0
Monaco,Brest,2023-01-01,15.6,78.0,0.0,0.0,20.8,47.2
Angers,Lorient,2023-01-01,14.0,79.3,1.0,0.0,22.8,45.0
Toulouse,Ajaccio,2023-01-01,15.5,70.0,0.0,0.0,12.4,28.4
Nantes,Auxerre,2023-01-01,13.8,80.7,0.7,0.0,20.6,38.2
Lyon,Clermont Foot,2023-01-01,14.0,66.0,0.0,0.0,34.3,66.6
Lens,Paris Saint-Germain,2023-01-01,12.2,87.0,0.2,0.0,24.8,42.8
Strasbourg,Troyes,2023-01-02,12.9,72.3,0.2,0.0,16.5,30.6
Lille,Reims,2023-01-02,7.6,89.0,0.0,0.0,16.0,33.8
Montpellier,Marseille,2023-01-02,13.0,95.3,1.6,0.0,11.8,24.1
Rennes,Nice,2023-01-02,7.5,91.7,0.0,0.0,13.2,24.5
Nantes,Lyon,2023-01-11,10.6,78.3,0.0,0.0,21.9,38.9
Brest,Lille,2023-01-11,11.2,80.7,0.0,0.0,33.2,62.3
Clermont Foot,Rennes,2023-01-11,6.2,85.7,0.0,0.0,8.9,27.0
Ajaccio,Reims,2023-01-11,10.0,93.0,0.1,0.0,1.9,13.3
Paris Saint-Germain,Angers,2023-01-11,9.4,74.7,0.0,0.0,25.9,47.5
Troyes,Marseille,2023-01-11,8.0,80.7,0.0,0.0,24.1,42.8
Nice,Montpellier,2023-01-11,8.6,74.0,0.0,0.0,7.3,16.6
Strasbourg,Lens,2023-01-11,6.9,90.0,0.0,0.0,17.2,31.7
Lorient,Monaco,2023-01-11,11.7,80.3,0.1,0.0,34.6,65.5
Lens,Auxerre,2023-01-14,11.7,88.3,0.6,0.0,30.0,62.3
Marseille,Lorient,2023-01-14,9.4,81.0,0.0,0.0,8.0,14.0
Lyon,Strasbourg,2023-01-14,8.2,76.0,7.0,0.0,24.3,43.9
Lille,Troyes,2023-01-15,6.4,81.0,0.8,0.0,29.6,66.6
Toulouse,Brest,2023-01-15,7.4,79.7,0.5,0.0,15.3,36.4
Montpellier,Nantes,2023-01-15,10.2,58.0,0.0,0.0,11.2,29.2
Angers,Clermont Foot,2023-01-15,8.4,71.3,0.0,0.0,26.0,55.1
Reims,Nice,2023-01-15,7.1,65.7,0.0,0.0,27.2,56.5
Monaco,Ajaccio,2023-01-15,8.2,68.5,0.0,0.0,17.5,38.9
Rennes,Paris Saint-Germain,2023-01-15,6.9,86.5,1.2,0.0,25.1,51.1
Lorient,Rennes,2023-01-27,4.5,83.3,0.0,0.0,15.2,31.3
Troyes,Lens,2023-01-28,2.8,71.3,0.0,0.0,14.6,38.9
Marseille,Monaco,2023-01-28,2.5,88.3,0.0,0.0,5.8,14.0
Nice,Lille,2023-01-29,11.1,42.3,0.0,0.0,10.0,22.7
Clermont Foot,Nantes,2023-01-29,2.0,74.3,0.0,0.0,5.0,15.1
Strasbourg,Toulouse,2023-01-29,2.2,69.0,0.0,0.0,4.8,11.9
Brest,Angers,2023-01-29,7.7,74.7,0.0,0.0,10.2,23.8
Ajaccio,Lyon,2023-01-29,7.8,73.5,0.0,0.0,4.0,9.7
Paris Saint-Germain,Reims,2023-01-29,3.6,74.5,0.0,0.0,12.6,23.0
Reims,Lorient,2023-02-01,6.4,82.7,0.1,0.0,17.4,32.8
Lille,Clermont Foot,2023-02-01,6.7,85.0,0.1,0.0,20.7,36.4
Toulouse,Troyes,2023-02-01,1.8,88.0,0.0,0.0,9.5,13.3
Angers,Ajaccio,2023-02-01,6.8,82.0,0.0,0.0,8.6,15.8
Nantes,Marseille,2023-02-01,7.0,82.3,0.0,0.0,8.1,14.8
Lens,Nice,2023-02-01,6.5,87.7,0.0,0.0,19.2,35.3
Monaco,Auxerre,2023-02-01,6.8,59.3,0.0,0.0,28.6,55.8
Montpellier,Paris Saint-Germain,2023-02-01,2.4,78.7,0.0,0.0,7.5,13.3
Rennes,Strasbourg,2023-02-01,6.4,80.7,0.0,0.0,9.6,17.6
Lyon,Brest,2023-02-01,2.4,86.0,0.0,0.0,9.8,18.4
Paris Saint-Germain,Toulouse,2023-02-04,8.9,85.7,0.2,0.0,9.5,20.5
Troyes,Lyon,2023-02-04,7.1,95.3,0.0,0.0,9.9,19.4
Rennes,Lille,2023-02-04,6.8,87.3,0.0,0.0,7.6,16.9
Clermont Foot,Monaco,2023-02-05,6.4,84.0,0.2,0.0,15.2,37.8
Ajaccio,Nantes,2023-02-05,12.9,80.3,0.1,0.0,3.3,15.5
Lorient,Angers,2023-02-05,11.4,71.0,0.0,0.0,14.0,31.0
Strasbourg,Montpellier,2023-02-05,5.6,90.7,2.4,0.0,9.7,24.1
Brest,Lens,2023-02-05,7.7,87.0,0.0,0.0,11.6,22.3
Marseille,Nice,2023-02-05,7.2,73.0,0.0,0.0,15.7,39.2
Nice,Ajaccio,2023-02-10,3.0,74.7,0.0,0.0,5.5,14.8
Monaco,Paris Saint-Germain,2023-02-11,9.2,52.3,0.0,0.0,2.2,5.4
Clermont Foot,Marseille,2023-02-11,-0.5,64.0,0.0,0.0,5.7,12.6
Toulouse,Rennes,2023-02-12,13.4,44.0,0.0,0.0,1.9,10.8
Angers,Auxerre,2023-02-12,10.7,68.0,0.0,0.0,12.3,26.3
Montpellier,Brest,2023-02-12,10.3,60.3,0.0,0.0,5.1,13.3
Reims,Troyes,2023-02-12,9.2,68.0,0.0,0.0,10.8,23.4
Lille,Strasbourg,2023-02-12,8.2,70.0,0.0,0.0,9.6,20.9
Nantes,Lorient,2023-02-12,7.6,83.0,0.0,0.0,11.2,22.0
Lyon,Lens,2023-02-12,-2.0,91.5,0.0,0.0,7.9,12.6
Nice,Reims,2023-02-18,11.7,72.3,0.0,0.0,1.7,14.0
Strasbourg,Angers,2023-02-18,10.4,70.7,0.0,0.0,11.2,23.4
Paris Saint-Germain,Lille,2023-02-19,11.3,68.0,0.0,0.0,14.9,32.4
Rennes,Clermont Foot,2023-02-19,11.5,73.0,0.0,0.0,7.8,19.1
Lorient,Ajaccio,2023-02-19,10.8,83.0,0.0,0.0,9.0,23.4
Brest,Monaco,2023-02-19,10.6,77.0,0.0,0.0,5.9,17.3
Troyes,Montpellier,2023-02-19,10.7,67.7,0.0,0.0,14.3,30.2
Lens,Nantes,2023-02-19,7.4,83.5,0.0,0.0,7.0,21.6
Toulouse,Marseille,2023-02-19,8.4,89.5,0.0,0.0,5.8,14.0
Lille,Brest,2023-02-24,4.1,92.3,0.0,0.0,13.3,23.8
Angers,Lyon,2023-02-25,7.1,59.0,0.0,0.0,18.3,44.3
Montpellier,Lens,2023-02-25,8.9,56.3,0.0,0.0,12.8,32.4
Lorient,Auxerre,2023-02-26,7.9,46.0,0.0,0.0,26.5,59.0
Ajaccio,Troyes,2023-02-26,9.1,75.0,0.1,0.0,12.5,34.6
Reims,Toulouse,2023-02-26,3.3,45.7,0.0,0.0,30.8,58.0
Clermont Foot,Strasbourg,2023-02-26,1.8,47.7,0.2,0.1,31.9,72.4
Nantes,Rennes,2023-02-26,6.7,41.7,0.0,0.0,29.7,58.0
Monaco,Nice,2023-02-26,4.8,35.0,0.0,0.0,38.3,92.5
Marseille,Paris Saint-Germain,2023-02-26,2.5,89.0,2.0,0.8,14.4,31.3
Nice,Auxerre,2023-03-03,7.9,78.0,0.0,0.0,4.5,15.1
Lens,Lille,2023-03-04,5.9,84.7,0.0,0.0,12.3,25.9
Paris Saint-Germain,Nantes,2023-03-04,4.3,81.0,0.0,0.0,5.9,12.2
Troyes,Monaco,2023-03-05,5.8,71.0,0.2,0.0,7.8,19.1
Toulouse,Clermont Foot,2023-03-05,11.0,59.7,0.0,0.0,6.1,19.8
Montpellier,Angers,2023-03-05,15.5,43.0,0.0,0.0,4.2,14.4
Reims,Ajaccio,2023-03-05,5.6,66.0,0.0,0.0,5.9,14.0
Strasbourg,Brest,2023-03-05,6.3,64.3,0.0,0.0,8.9,20.2
Lyon,Lorient,2023-03-05,5.2,68.0,0.0,0.0,8.6,23.8
Rennes,Marseille,2023-03-05,4.2,80.0,0.0,0.0,11.6,24.5
Lille,Lyon,2023-03-10,1.2,79.3,0.0,0.0,9.4,27.7
Brest,Paris Saint-Germain,2023-03-11,10.8,94.3,0.0,0.0,19.5,36.7
Clermont Foot,Lens,2023-03-12,16.0,51.7,0.0,0.0,8.6,26.6
Angers,Toulouse,2023-03-12,14.1,77.0,0.5,0.0,22.3,45.0
Lorient,Troyes,2023-03-12,11.6,98.3,3.3,0.0,26.9,50.0
Nantes,Nice,2023-03-12,13.0,87.7,1.0,0.0,23.3,43.9
Ajaccio,Montpellier,2023-03-12,16.5,69.7,0.0,0.0,7.3,23.4
Monaco,Reims,2023-03-12,15.4,56.5,0.0,0.0,7.8,24.8
Marseille,Strasbourg,2023-03-12,12.0,64.0,0.0,0.0,8.1,22.7
Lyon,Nantes,2023-03-17,10.8,47.7,0.0,0.0,17.0,34.9
Toulouse,Lille,2023-03-18,13.2,74.3,1.8,0.0,5.6,19.8
Lens,Angers,2023-03-18,10.4,90.0,0.0,0.0,13.8,25.9
Ajaccio,Monaco,2023-03-19,15.8,67.0,0.1,0.0,5.9,18.7
Strasbourg,Auxerre,2023-03-19,13.1,73.3,6.1,0.0,8.4,28.1
Nice,Lorient,2023-03-19,13.7,77.7,4.2,0.0,6.7,27.4
Montpellier,Clermont Foot,2023-03-19,16.5,60.7,0.1,0.0,9.0,24.8
Troyes,Brest,2023-03-19,10.8,78.7,4.4,0.0,16.4,38.9
Paris Saint-Germain,Rennes,2023-03-19,9.2,68.0,0.0,0.0,11.4,25.9
Reims,Marseille,2023-03-19,6.0,82.5,0.0,0.0,10.2,21.2
Marseille,Montpellier,2023-03-31,13.7,55.7,0.0,0.0,28.6,55.8
Rennes,Lens,2023-04-01,8.8,87.7,0.0,0.0,14.0,25.6
Lille,Lorient,2023-04-02,6.4,77.7,0.0,0.0,18.5,38.2
Angers,Nice,2023-04-02,12.2,65.3,0.0,0.0,19.9,40.7
Brest,Toulouse,2023-04-02,12.1,66.7,0.1,0.0,15.9,33.8
Nantes,Reims,2023-04-02,12.3,66.3,0.1,0.0,19.3,38.2
Clermont Foot,Ajaccio,2023-04-02,8.8,78.3,0.4,0.0,18.6,46.4
Monaco,Strasbourg,2023-04-02,13.2,55.0,0.0,0.0,30.8,65.2
Paris Saint-Germain,Lyon,2023-04-02,6.9,76.5,0.0,0.0,15.6,31.3
Lens,Strasbourg,2023-04-07,4.7,92.0,0.0,0.0,7.6,14.8
Angers,Lille,2023-04-08,14.9,56.3,0.0,0.0,10.5,27.0
Nice,Paris Saint-Germain,2023-04-08,11.2,69.3,0.0,0.0,5.9,15.8
Lyon,Rennes,2023-04-09,15.4,53.0,0.0,0.0,4.2,17.3
Montpellier,Toulouse,2023-04-09,18.8,39.3,0.0,0.0,12.9,31.0
Reims,Brest,2023-04-09,15.0,51.7,0.0,0.0,7.8,20.5
Ajaccio,Auxerre,2023-04-09,15.8,58.3,0.0,0.0,8.7,24.8
Troyes,Clermont Foot,2023-04-09,15.2,53.0,0.0,0.0,6.3,19.4
Nantes,Monaco,2023-04-09,16.4,70.5,0.0,0.0,7.1,15.5
Lorient,Marseille,2023-04-09,11.3,94.5,0.0,0.0,7.2,13.3
Toulouse,Lyon,2023-04-14,9.7,94.7,2.9,0.0,22.5,49.7
Rennes,Reims,2023-04-15,11.6,58.7,0.0,0.0,16.5,40.0
Paris Saint-Germain,Lens,2023-04-15,7.6,89.3,0.0,0.0,13.2,25.9
Lille,Montpellier,2023-04-16,12.8,57.3,0.0,0.0,17.5,34.6
Strasbourg,Ajaccio,2023-04-16,10.7,80.0,0.8,0.0,13.8,29.5
Brest,Nice,2023-04-16,13.2,69.0,0.0,0.0,10.6,26.3
Clermont Foot,Angers,2023-04-16,12.7,46.3,0.0,0.0,20.7,50.0
Monaco,Lorient,2023-04-16,13.4,52.5,0.0,0.0,37.2,75.6
Marseille,Troyes,2023-04-16,11.6,64.5,0.0,0.0,22.4,47.2
Angers,Paris Saint-Germain,2023-04-21,10.4,62.3,0.0,0.0,11.4,20.9
Lens,Monaco,2023-04-22,9.5,88.7,0.0,0.0,13.3,24.1
Reims,Strasbourg,2023-04-23,13.1,77.3,0.7,0.0,27.1,61.9
Nice,Clermont Foot,2023-04-23,17.0,67.7,0.0,0.0,8.7,30.6
Ajaccio,Brest,2023-04-23,17.8,69.7,0.3,0.0,13.0,33.5
Nantes,Troyes,2023-04-23,14.3,68.7,0.2,0.0,27.0,55.1
Lorient,Toulouse,2023-04-23,12.8,70.3,0.0,0.0,28.4,60.8
Montpellier,Rennes,2023-04-23,14.7,75.0,0.7,0.0,8.6,33.8
Lyon,Marseille,2023-04-23,10.8,87.0,0.0,0.0,11.2,21.6
Strasbourg,Lyon,2023-04-28,12.8,93.7,0.0,0.0,6.0,10.1
Lille,Ajaccio,2023-04-29,14.0,63.0,0.0,0.0,9.6,20.2
Monaco,Montpellier,2023-04-30,22.6,42.3,0.0,0.0,18.9,45.4
Rennes,Angers,2023-04-30,15.6,79.7,1.3,0.0,8.4,25.9
Troyes,Nice,2023-04-30,16.4,59.0,0.0,0.0,9.9,23.8
Clermont Foot,Reims,2023-04-30,18.3,47.3,0.0,0.0,14.9,37.8
Paris Saint-Germain,Lorient,2023-04-30,15.6,61.0,0.0,0.0,6.6,14.0
Marseille,Auxerre,2023-04-30,14.1,96.5,0.0,0.0,4.8,9.7
Toulouse,Lens,2023-05-02,12.7,72.7,0.0,0.0,8.7,16.6
Brest,Nantes,2023-05-03,17.0,65.0,0.0,0.0,18.3,36.0
Nice,Rennes,2023-05-06,17.8,76.3,0.0,0.0,4.3,21.6
Reims,Lille,2023-05-06,15.3,84.0,0.0,0.0,8.3,18.7
Lens,Marseille,2023-05-06,12.8,95.7,0.0,0.0,7.6,12.6
Angers,Monaco,2023-05-07,19.3,66.3,0.2,0.0,11.1,24.5
Lorient,Brest,2023-05-07,16.4,79.7,0.0,0.0,19.0,38.9
Ajaccio,Toulouse,2023-05-07,21.6,55.3,0.0,0.0,4.4,16.2
Nantes,Strasbourg,2023-05-07,18.4,72.7,0.3,0.0,15.3,32.4
Lyon,Montpellier,2023-05-07,16.0,82.5,0.5,0.0,6.6,20.9
Troyes,Paris Saint-Germain,2023-05-07,13.6,93.0,0.0,0.0,5.9,9.4
Lens,Reims,2023-05-12,12.9,89.7,0.1,0.0,14.5,28.1
Strasbourg,Nice,2023-05-13,16.6,62.3,0.0,0.0,13.8,28.8
Paris Saint-Germain,Ajaccio,2023-05-13,12.5,89.3,0.0,0.0,13.1,24.5
Clermont Foot,Lyon,2023-05-14,16.1,69.0,2.2,0.0,17.0,46.4
Toulouse,Nantes,2023-05-14,17.3,63.0,0.4,0.0,17.7,38.9
Montpellier,Lorient,2023-05-14,19.3,56.0,0.8,0.0,11.1,31.7
Rennes,Troyes,2023-05-14,19.1,58.7,0.1,0.0,14.6,31.7
Brest,Auxerre,2023-05-14,16.1,71.7,0.0,0.0,12.3,32.8
Monaco,Lille,2023-05-14,19.8,45.0,0.0,0.0,22.0,44.3
Marseille,Angers,2023-05-14,16.4,61.5,0.0,0.0,25.2,46.4
Lyon,Monaco,2023-05-19,13.4,85.3,1.4,0.0,13.3,25.2
Nantes,Montpellier,2023-05-20,18.9,50.0,0.0,0.0,18.6,39.2
Lille,Marseille,2023-05-20,14.3,76.0,0.0,0.0,13.4,23.8
Ajaccio,Rennes,2023-05-21,16.6,90.3,0.6,0.0,6.0,18.7
Nice,Toulouse,2023-05-21,23.3,59.3,0.0,0.0,16.2,33.8
Reims,Angers,2023-05-21,21.2,66.0,0.1,0.0,16.8,35.6
Brest,Clermont Foot,2023-05-21,16.8,67.3,0.0,0.0,21.8,43.9
Troyes,Strasbourg,2023-05-21,21.8,64.7,0.0,0.0,15.1,29.5
Lorient,Lens,2023-05-21,17.6,66.0,0.0,0.0,18.9,37.8
Lyon,Reims,2023-05-27,19.6,76.0,0.0,0.0,4.9,10.4
Marseille,Brest,2023-05-27,17.8,97.7,0.0,0.0,4.6,8.3
Clermont Foot,Lorient,2023-05-27,17.4,82.3,0.0,0.0,5.2,10.1
Angers,Troyes,2023-05-27,19.1,58.7,0.0,0.0,11.9,24.5
Strasbourg,Paris Saint-Germain,2023-05-27,16.8,59.0,0.0,0.0,10.9,29.5
Lens,Ajaccio,2023-05-27,13.1,85.0,0.0,0.0,11.4,25.6
Toulouse,Auxerre,2023-05-27,17.3,86.0,0.0,0.0,7.0,13.7
Rennes,Monaco,2023-05-27,17.8,72.0,0.0,0.0,12.9,27.7
Lille,Nantes,2023-05-27,13.8,82.7,0.0,0.0,13.1,24.1
Montpellier,Nice,2023-05-27,17.4,78.0,0.0,0.0,6.4,11.5
Lorient,Strasbourg,2023-06-03,17.0,70.0,0.0,0.0,21.5,38.9
Ajaccio,Marseille,2023-06-03,19.0,87.3,0.0,0.0,3.0,9.4
Nice,Lyon,2023-06-03,19.7,86.0,0.0,0.0,3.8,17.3
Monaco,Toulouse,2023-06-03,17.7,89.3,0.0,0.0,5.1,9.7
Brest,Rennes,2023-06-03,14.9,76.0,0.0,0.0,19.2,36.0
Troyes,Lille,2023-06-03,18.1,55.0,0.0,0.0,12.5,21.6
Paris Saint-Germain,Clermont Foot,2023-06-03,18.1,52.7,0.0,0.0,15.3,27.4
Reims,Montpellier,2023-06-03,17.7,49.0,0.0,0.0,17.6,33.8
Nantes,Angers,2023-06-03,20.1,52.3,0.0,0.0,15.2,26.3
Monaco,Nantes,2021-08-06,20.6,73.7,0.0,0.0,5.8,15.5
Lyon,Brest,2021-08-07,18.8,86.0,0.1,0.0,7.4,20.2
Troyes,Paris Saint-Germain,2021-08-07,17.0,67.7,0.0,0.0,18.3,35.3
Rennes,Lens,2021-08-08,19.2,54.3,0.3,0.0,20.5,45.4
Saint-Étienne,Lorient,2021-08-08,20.9,39.0,0.0,0.0,10.5,28.1
Nice,Reims,2021-08-08,32.5,20.3,0.0,0.0,18.0,41.0
Strasbourg,Angers,2021-08-08,20.3,51.7,0.4,0.0,15.1,41.0
Metz,Lille,2021-08-08,18.7,50.3,0.0,0.0,7.0,20.9
Montpellier,Marseille,2021-08-08,19.6,53.0,0.0,0.0,10.3,19.1
Lorient,Monaco,2021-08-13,15.2,91.0,0.0,0.0,5.8,11.9
Lille,Nice,2021-08-14,22.8,66.3,0.0,0.0,5.3,18.0
Paris Saint-Germain,Strasbourg,2021-08-14,20.4,63.0,0.0,0.0,7.7,15.1
Angers,Lyon,2021-08-15,25.5,50.0,0.0,0.0,17.1,39.6
Brest,Rennes,2021-08-15,17.2,78.7,0.5,0.0,30.0,58.7
Nantes,Metz,2021-08-15,22.2,65.7,0.1,0.0,21.1,44.3
Reims,Montpellier,2021-08-15,28.5,41.3,0.0,0.0,15.3,34.2
Clermont Foot,Troyes,2021-08-15,28.8,54.0,0.0,0.0,18.6,52.2
Lens,Saint-Étienne,2021-08-15,19.5,73.3,0.0,0.0,24.5,50.4
Marseille,Bordeaux,2021-08-15,23.7,84.0,0.0,0.0,2.9,9.0
Brest,Paris Saint-Germain,2021-08-20,15.2,98.3,0.0,0.0,6.4,10.4
Monaco,Lens,2021-08-21,25.9,69.0,0.0,0.0,13.4,36.4
Saint-Étienne,Lille,2021-08-21,21.6,71.0,0.0,0.0,9.2,36.0
Lyon,Clermont Foot,2021-08-22,24.8,57.0,0.4,0.0,10.5,28.4
Montpellier,Lorient,2021-08-22,32.7,33.3,0.1,0.0,17.7,45.0
Metz,Reims,2021-08-22,21.6,58.7,1.0,0.0,14.6,35.6
Strasbourg,Troyes,2021-08-22,18.8,80.0,6.2,0.0,11.3,34.9
Rennes,Nantes,2021-08-22,19.6,65.3,0.0,0.0,14.6,32.0
Nantes,Lyon,2021-08-27,17.6,59.3,0.0,0.0,11.6,23.0
Nice,Bordeaux,2021-08-28,23.8,55.0,0.0,0.0,8.4,23.8
Marseille,Saint-Étienne,2021-08-28,20.3,54.0,0.0,0.0,16.0,32.0
Troyes,Monaco,2021-08-29,17.3,63.3,0.2,0.0,14.9,32.4
Strasbourg,Brest,2021-08-29,16.8,77.0,1.2,0.0,12.4,31.0
Lens,Lorient,2021-08-29,16.8,67.0,0.0,0.0,21.1,42.5
Angers,Rennes,2021-08-29,21.5,47.0,0.0,0.0,18.1,38.2
Clermont Foot,Metz,2021-08-29,18.2,61.0,0.1,0.0,12.2,31.3
Lille,Montpellier,2021-08-29,16.3,71.7,0.0,0.0,19.6,40.3
Reims,Paris Saint-Germain,2021-08-29,14.2,80.0,0.0,0.0,10.8,23.4
Lorient,Lille,2021-09-10,16.0,90.7,0.0,0.0,11.3,28.1
Paris Saint-Germain,Clermont Foot,2021-09-11,20.2,52.7,0.0,0.0,10.2,25.6
Monaco,Marseille,2021-09-11,22.0,62.3,0.0,0.0,8.5,16.6
Montpellier,Saint-Étienne,2021-09-12,28.6,38.7,0.0,0.0,8.1,28.1
Rennes,Reims,2021-09-12,21.9,54.3,0.0,0.0,6.2,19.1
Brest,Angers,2021-09-12,20.4,65.3,0.0,0.0,5.6,20.5
Metz,Troyes,2021-09-12,23.3,42.7,0.0,0.0,2.8,15.8
Nantes,Nice,2021-09-12,21.6,56.0,0.0,0.0,7.8,21.2
Lyon,Strasbourg,2021-09-12,19.0,73.5,0.0,0.0,6.2,13.7
Strasbourg,Metz,2021-09-17,14.2,83.0,0.0,0.0,6.7,14.8
Lens,Lille,2021-09-18,21.1,53.0,0.0,0.0,11.3,29.9
Saint-Étienne,Bordeaux,2021-09-18,16.1,90.7,11.6,0.0,8.4,32.4
Nice,Monaco,2021-09-19,27.3,26.3,0.0,0.0,20.6,47.2
Clermont Foot,Brest,2021-09-19,14.9,88.0,1.7,0.0,3.4,15.5
Troyes,Montpellier,2021-09-19,16.6,80.3,0.2,0.0,5.3,23.8
Reims,Lorient,2021-09-19,18.4,70.7,0.0,0.0,4.8,14.8
Angers,Nantes,2021-09-19,19.3,61.3,0.1,0.0,13.4,31.3
Marseille,Rennes,2021-09-19,20.5,60.3,0.0,0.0,29.2,61.9
Paris Saint-Germain,Lyon,2021-09-19,16.1,84.5,0.2,0.0,15.7,36.7
Montpellier,Bordeaux,2021-09-22,18.4,76.7,0.0,0.0,6.7,10.8
Rennes,Clermont Foot,2021-09-22,15.5,80.7,0.0,0.0,10.9,23.4
Lille,Reims,2021-09-22,14.7,70.3,0.0,0.0,5.9,8.3
Nantes,Brest,2021-09-22,15.9,72.3,0.0,0.0,7.4,17.3
Monaco,Saint-Étienne,2021-09-22,19.2,61.0,0.0,0.0,13.2,27.0
Lens,Strasbourg,2021-09-22,12.0,84.3,0.0,0.0,6.3,9.7
Metz,Paris Saint-Germain,2021-09-22,12.3,83.7,0.0,0.0,4.6,11.2
Lorient,Nice,2021-09-22,14.7,82.3,0.0,0.0,13.0,26.6
Lyon,Troyes,2021-09-22,13.9,87.0,0.0,0.0,6.3,14.8
Angers,Marseille,2021-09-22,13.5,82.3,0.0,0.0,7.0,13.0
Saint-Étienne,Nice,2021-09-25,21.0,69.7,0.0,0.0,13.0,41.4
Strasbourg,Lille,2021-09-25,20.2,67.0,0.0,0.0,3.2,10.4
Paris Saint-Germain,Montpellier,2021-09-25,17.0,93.7,0.0,0.0,11.7,25.2
Lyon,Lorient,2021-09-25,18.2,91.0,1.0,0.0,8.1,23.4
Brest,Metz,2021-09-26,18.8,84.0,0.0,0.0,23.6,48.2
Troyes,Angers,2021-09-26,19.1,74.7,0.5,0.0,19.4,43.9
Reims,Nantes,2021-09-26,19.0,77.0,0.9,0.0,16.3,39.2
Clermont Foot,Monaco,2021-09-26,19.1,66.0,0.0,0.0,6.1,21.6
Marseille,Lens,2021-09-26,18.2,91.5,0.0,0.0,8.0,14.8
Lens,Reims,2021-10-01,13.4,94.0,0.1,0.0,13.1,26.3
Montpellier,Strasbourg,2021-10-02,19.6,84.7,0.1,0.0,14.4,35.6
Nice,Brest,2021-10-02,18.5,86.0,0.0,0.0,3.3,9.4
Rennes,Paris Saint-Germain,2021-10-03,16.6,50.7,0.0,0.0,21.9,46.4
Nantes,Troyes,2021-10-03,16.5,56.0,0.0,0.0,20.7,42.5
Lorient,Clermont Foot,2021-10-03,16.0,58.7,0.0,0.0,27.9,60.1
Angers,Metz,2021-10-03,16.6,52.7,0.0,0.0,19.2,41.8
Monaco,Bordeaux,2021-10-03,21.8,78.0,4.0,0.0,28.4,67.3
Lille,Marseille,2021-10-03,12.6,83.3,0.0,0.0,18.9,34.2
Saint-Étienne,Lyon,2021-10-03,11.9,89.0,7.0,0.0,13.4,31.7
Paris Saint-Germain,Angers,2021-10-15,10.8,94.7,0.0,0.0,7.2,16.2
Clermont Foot,Lille,2021-10-16,11.6,79.0,0.0,0.0,5.5,16.9
Lyon,Monaco,2021-10-16,8.3,94.3,0.0,0.0,6.7,10.8
Troyes,Nice,2021-10-17,13.4,58.0,0.0,0.0,9.3,21.2
Brest,Reims,2021-10-17,17.0,74.3,0.0,0.0,10.9,25.6
Strasbourg,Saint-Étienne,2021-10-17,11.1,75.3,0.0,0.0,6.7,15.1
Metz,Rennes,2021-10-17,15.7,62.7,0.0,0.0,5.4,13.7
Montpellier,Lens,2021-10-17,14.9,80.3,0.0,0.0,7.6,17.6
Marseille,Lorient,2021-10-17,13.5,92.5,0.0,0.0,6.2,11.2
Saint-Étienne,Angers,2021-10-22,3.0,93.3,0.0,0.0,7.4,14.8
Nantes,Clermont Foot,2021-10-23,11.4,69.0,0.0,0.0,9.3,24.8
Lille,Brest,2021-10-23,9.3,82.7,0.0,0.0,12.8,22.3
Nice,Lyon,2021-10-24,21.0,46.7,0.0,0.0,7.6,22.7
Reims,Troyes,2021-10-24,12.1,66.7,0.0,0.0,11.1,27.0
Lens,Metz,2021-10-24,12.3,68.7,0.0,0.0,15.7,29.5
Lorient,Bordeaux,2021-10-24,15.0,92.3,1.1,0.0,21.4,41.0
Rennes,Strasbourg,2021-10-24,15.9,76.3,0.0,0.0,16.7,36.4
Monaco,Montpellier,2021-10-24,15.4,68.3,0.0,0.0,7.8,11.5
Marseille,Paris Saint-Germain,2021-10-24,14.5,71.5,0.0,0.0,7.8,16.2
Paris Saint-Germain,Lille,2021-10-29,11.4,93.7,0.0,0.0,13.4,26.3
Metz,Saint-Étienne,2021-10-30,13.4,76.7,0.3,0.0,15.6,36.0
Lyon,Lens,2021-10-30,13.7,81.7,0.1,0.0,9.7,27.0
Angers,Nice,2021-10-31,14.8,80.7,0.9,0.0,23.7,64.8
Montpellier,Nantes,2021-10-31,16.4,91.0,2.1,0.0,18.7,37.4
Troyes,Rennes,2021-10-31,19.4,65.0,0.6,0.0,27.8,55.8
Strasbourg,Lorient,2021-10-31,16.4,75.0,0.0,0.0,11.6,20.9
Brest,Monaco,2021-10-31,11.8,72.0,0.3,0.0,30.3,65.9
Clermont Foot,Marseille,2021-10-31,15.6,85.0,1.8,0.0,6.2,36.0
Lens,Troyes,2021-11-05,4.1,91.3,0.0,0.0,8.9,16.9
Lille,Angers,2021-11-06,10.1,80.3,0.0,0.0,20.4,37.8
Marseille,Metz,2021-11-07,14.4,59.3,0.0,0.0,22.1,43.9
Saint-Étienne,Clermont Foot,2021-11-07,7.8,77.3,0.0,0.0,10.2,28.4
Lorient,Brest,2021-11-07,13.6,70.0,0.0,0.0,12.4,28.8
Reims,Monaco,2021-11-07,10.7,70.7,0.0,0.0,15.8,40.0
Nantes,Strasbourg,2021-11-07,13.6,74.3,0.0,0.0,13.0,25.6
Nice,Montpellier,2021-11-07,16.5,55.0,0.0,0.0,8.3,19.4
Rennes,Lyon,2021-11-07,8.8,89.0,0.0,0.0,7.6,13.0
Monaco,Lille,2021-11-19,6.6,90.0,0.0,0.0,10.2,19.1
Paris Saint-Germain,Nantes,2021-11-20,7.4,89.7,0.0,0.0,6.5,13.7
Rennes,Montpellier,2021-11-20,6.9,93.3,0.0,0.0,3.8,7.2
Brest,Lens,2021-11-21,10.4,62.0,0.2,0.0,24.0,46.8
Metz,Bordeaux,2021-11-21,5.5,86.3,0.0,0.0,2.0,9.0
Strasbourg,Reims,2021-11-21,4.5,85.3,0.0,0.0,2.8,9.7
Angers,Lorient,2021-11-21,8.1,91.0,3.6,0.0,19.2,40.3
Troyes,Saint-Étienne,2021-11-21,4.5,86.7,0.4,0.0,3.2,10.8
Clermont Foot,Nice,2021-11-21,5.0,97.0,0.4,0.0,8.8,19.8
Lens,Angers,2021-11-26,4.4,92.3,1.3,0.0,17.3,31.7
Lille,Nantes,2021-11-27,2.3,93.3,1.1,0.4,17.1,32.8
Nice,Metz,2021-11-27,7.6,59.0,0.0,0.0,9.3,23.4
Saint-Étienne,Paris Saint-Germain,2021-11-28,2.4,78.0,0.8,0.6,15.5,34.9
Reims,Clermont Foot,2021-11-28,3.0,95.3,1.3,0.0,19.5,36.4
Monaco,Strasbourg,2021-11-28,8.1,50.7,0.1,0.0,16.3,38.2
Lorient,Rennes,2021-11-28,6.5,78.7,0.1,0.0,15.2,40.0
Montpellier,Lyon,2021-11-28,4.7,59.3,0.0,0.0,17.1,37.1
Marseille,Troyes,2021-11-28,5.6,71.0,0.0,0.0,31.6,57.6
Strasbourg,Bordeaux,2021-12-01,6.7,89.7,5.3,0.0,13.5,31.7
Troyes,Lorient,2021-12-01,5.7,89.3,0.0,0.0,19.3,36.0
Brest,Saint-Étienne,2021-12-01,7.6,73.0,0.4,0.0,24.4,49.7
Metz,Montpellier,2021-12-01,2.0,95.3,0.3,0.0,6.7,13.7
Angers,Monaco,2021-12-01,6.5,87.0,0.0,0.0,12.9,24.1
Clermont Foot,Lens,2021-12-01,5.5,91.0,0.1,0.0,6.7,18.4
Lyon,Reims,2021-12-01,1.7,98.7,0.0,0.0,6.1,17.6
Paris Saint-Germain,Nice,2021-12-01,5.2,90.3,0.0,0.0,15.1,29.5
Nantes,Marseille,2021-12-01,5.4,90.0,0.0,0.0,11.3,19.8
Rennes,Lille,2021-12-01,5.4,86.7,0.0,0.0,11.4,24.8
Marseille,Brest,2021-12-04,12.6,76.3,0.0,0.0,31.3,60.1
Lille,Troyes,2021-12-04,3.5,73.3,0.0,0.0,17.6,30.2
Lens,Paris Saint-Germain,2021-12-04,3.4,82.7,0.0,0.0,21.4,36.0
Saint-Étienne,Rennes,2021-12-05,3.9,68.0,0.3,0.2,9.4,26.6
Lorient,Nantes,2021-12-05,9.1,62.7,0.0,0.0,26.4,54.0
Monaco,Metz,2021-12-05,6.4,81.0,0.1,0.0,14.6,32.0
Reims,Angers,2021-12-05,4.1,87.3,0.2,0.0,8.0,19.4
Montpellier,Clermont Foot,2021-12-05,7.6,56.0,0.0,0.0,18.3,40.3
Nice,Strasbourg,2021-12-05,8.9,62.0,0.0,0.0,6.6,16.6
Nantes,Lens,2021-12-10,5.2,76.0,0.0,0.0,13.6,30.2
Brest,Montpellier,2021-12-11,11.7,95.7,0.0,0.0,17.2,34.9
Reims,Saint-Étienne,2021-12-11,2.8,92.7,0.0,0.0,12.5,22.7
Lille,Lyon,2021-12-12,10.7,92.7,0.0,0.0,16.2,33.5
Angers,Clermont Foot,2021-12-12,11.7,89.3,0.0,0.0,9.7,24.1
Rennes,Nice,2021-12-12,12.1,89.3,0.0,0.0,9.9,23.4
Troyes,Bordeaux,2021-12-12,7.6,95.7,0.1,0.0,9.0,20.9
Metz,Lorient,2021-12-12,3.6,58.7,0.0,0.0,3.8,11.5
Strasbourg,Marseille,2021-12-12,4.3,78.3,0.2,0.0,13.9,30.6
Paris Saint-Germain,Monaco,2021-12-12,8.9,96.0,0.0,0.0,11.6,20.5
Saint-Étienne,Nantes,2021-12-22,3.3,85.7,0.0,0.0,15.2,35.3
Nice,Lens,2021-12-22,4.9,81.0,0.0,0.0,6.9,17.3
Marseille,Reims,2021-12-22,8.0,75.7,0.0,0.0,10.8,20.2
Troyes,Brest,2021-12-22,-1.7,93.0,0.0,0.0,8.4,16.6
Monaco,Rennes,2021-12-22,4.2,87.3,0.0,0.0,10.3,20.2
Lorient,Paris Saint-Germain,2021-12-22,6.4,89.7,0.0,0.0,14.8,29.5
Lyon,Metz,2021-12-22,3.0,88.3,0.0,0.0,13.2,27.7
Montpellier,Angers,2021-12-22,6.5,88.0,0.3,0.0,9.9,19.4
Lens,Rennes,2022-01-08,6.8,87.7,3.2,0.0,26.9,52.6
Brest,Nice,2022-01-09,9.4,91.3,1.3,0.0,22.1,45.4
Metz,Strasbourg,2022-01-09,2.7,87.0,1.8,1.0,6.4,23.4
Clermont Foot,Reims,2022-01-09,7.0,70.0,0.0,0.0,13.9,47.9
Nantes,Monaco,2022-01-09,8.4,94.5,1.1,0.0,8.7,17.6
Lyon,Paris Saint-Germain,2022-01-09,3.3,94.5,0.0,0.0,7.3,13.7
Nice,Nantes,2022-01-14,6.2,73.0,0.0,0.0,4.6,15.1
Saint-Étienne,Lens,2022-01-15,2.2,50.3,0.0,0.0,4.7,9.0
Paris Saint-Germain,Brest,2022-01-15,2.7,84.0,0.0,0.0,10.4,21.2
Rennes,Bordeaux,2022-01-16,9.0,84.0,0.1,0.0,16.7,36.7
Lorient,Angers,2022-01-16,10.5,83.7,0.0,0.0,13.8,29.5
Reims,Metz,2022-01-16,1.8,93.0,0.7,0.0,12.9,25.6
Strasbourg,Montpellier,2022-01-16,1.9,90.3,0.0,0.0,12.0,25.2
Monaco,Clermont Foot,2022-01-16,9.5,35.0,0.0,0.0,22.9,48.2
Troyes,Lyon,2022-01-16,0.4,95.5,0.1,0.0,12.8,22.0
Marseille,Lille,2022-01-16,4.4,63.0,0.0,0.0,25.4,47.2
Clermont Foot,Strasbourg,2022-01-19,0.8,91.7,0.3,0.2,4.7,14.4
Montpellier,Troyes,2022-01-19,5.1,76.3,0.0,0.0,11.8,24.5
Lille,Lorient,2022-01-19,6.2,91.7,0.1,0.0,14.5,27.7
Lyon,Saint-Étienne,2022-01-21,0.6,68.0,0.0,0.0,22.1,42.5
Brest,Lille,2022-01-22,6.9,82.3,0.0,0.0,8.5,20.9
Lens,Marseille,2022-01-22,4.2,86.3,0.0,0.0,5.3,14.8
Metz,Nice,2022-01-23,2.7,72.0,0.0,0.0,3.8,14.8
Nantes,Lorient,2022-01-23,5.5,78.0,0.0,0.0,19.7,38.5
Clermont Foot,Rennes,2022-01-23,3.8,76.3,0.0,0.0,4.6,16.9
Angers,Troyes,2022-01-23,5.1,77.7,0.0,0.0,17.4,34.9
Montpellier,Monaco,2022-01-23,5.1,75.0,0.0,0.0,11.6,20.9
Paris Saint-Germain,Reims,2022-01-23,3.4,87.5,0.0,0.0,6.2,11.5
Angers,Saint-Étienne,2022-01-26,1.2,90.0,0.0,0.0,4.8,10.8
Lyon,Marseille,2022-02-01,3.0,92.0,1.5,0.0,3.4,7.9
Marseille,Angers,2022-02-04,10.0,68.0,0.0,0.0,23.4,43.9
Saint-Étienne,Montpellier,2022-02-05,2.3,77.0,0.0,0.0,8.5,25.9
Monaco,Lyon,2022-02-05,7.2,55.7,0.0,0.0,25.2,48.6
Lorient,Lens,2022-02-06,11.2,88.7,0.6,0.0,32.8,63.7
Troyes,Metz,2022-02-06,8.1,88.3,1.6,0.0,37.3,67.3
Reims,Bordeaux,2022-02-06,9.3,88.3,3.0,0.0,39.9,79.6
Nice,Clermont Foot,2022-02-06,12.2,83.0,0.0,0.0,9.7,27.7
Strasbourg,Nantes,2022-02-06,6.0,82.7,2.0,0.0,32.7,59.0
Rennes,Brest,2022-02-06,11.8,83.3,0.2,0.0,28.3,56.5
Lille,Paris Saint-Germain,2022-02-06,7.4,75.0,0.2,0.0,29.7,53.6
Paris Saint-Germain,Rennes,2022-02-11,-0.1,88.7,0.0,0.0,9.4,12.2
Montpellier,Lille,2022-02-12,9.5,83.3,0.3,0.0,5.8,21.2
Lyon,Nice,2022-02-12,2.8,85.3,0.0,0.0,7.5,14.0
Monaco,Lorient,2022-02-13,11.9,60.7,0.0,0.0,23.9,53.6
Nantes,Reims,2022-02-13,10.9,83.0,1.7,0.0,28.4,54.0
Clermont Foot,Saint-Étienne,2022-02-13,11.8,60.7,0.0,0.0,24.8,57.2
Brest,Troyes,2022-02-13,10.4,96.0,6.9,0.0,27.5,80.3
Angers,Strasbourg,2022-02-13,12.6,69.0,0.0,0.0,27.2,52.9
Lens,Bordeaux,2022-02-13,10.1,66.0,0.0,0.0,32.1,57.6
Metz,Marseille,2022-02-13,5.8,77.5,0.0,0.0,18.5,38.5
Lille,Metz,2022-02-18,5.4,63.0,0.0,0.0,32.0,61.6
Lens,Lyon,2022-02-19,7.2,73.0,2.6,0.0,39.8,72.7
Nantes,Paris Saint-Germain,2022-02-19,9.7,85.3,0.2,0.0,20.3,46.8
Nice,Angers,2022-02-20,15.8,62.7,0.0,0.0,12.1,29.9
Lorient,Montpellier,2022-02-20,11.7,85.3,0.2,0.0,37.7,73.4
Rennes,Troyes,2022-02-20,12.2,77.3,0.3,0.0,31.7,64.1
Saint-Étienne,Strasbourg,2022-02-20,10.9,59.7,0.0,0.0,11.4,26.3
Reims,Brest,2022-02-20,11.3,72.3,0.0,0.0,31.0,64.1
Marseille,Clermont Foot,2022-02-20,10.3,73.5,0.0,0.0,26.8,47.5
Montpellier,Rennes,2022-02-25,6.5,43.7,0.0,0.0,15.2,35.3
Strasbourg,Nice,2022-02-26,4.8,55.7,0.0,0.0,14.8,30.2
Paris Saint-Germain,Saint-Étienne,2022-02-26,2.9,69.3,0.0,0.0,15.4,28.1
Monaco,Reims,2022-02-27,13.9,37.3,0.0,0.0,10.1,32.0
Angers,Lens,2022-02-27,12.7,59.3,0.0,0.0,11.0,25.2
Brest,Lorient,2022-02-27,11.2,82.7,0.5,0.0,20.4,40.7
Clermont Foot,Bordeaux,2022-02-27,10.5,44.3,0.0,0.0,5.5,22.7
Metz,Nantes,2022-02-27,8.1,57.0,0.0,0.0,8.6,24.8
Troyes,Marseille,2022-02-27,4.2,68.0,0.0,0.0,9.8,23.8
Lyon,Lille,2022-02-27,4.6,69.0,0.0,0.0,2.9,9.0
Lorient,Lyon,2022-03-04,4.9,79.3,0.0,0.0,10.0,23.0
Lens,Brest,2022-03-05,8.3,80.3,0.0,0.0,10.4,20.9
Nice,Paris Saint-Germain,2022-03-05,8.2,82.7,0.6,0.0,6.2,12.6
Saint-Étienne,Metz,2022-03-06,6.1,42.7,0.0,0.0,9.6,27.4
Nantes,Montpellier,2022-03-06,8.6,73.3,0.0,0.0,15.4,32.4
Rennes,Angers,2022-03-06,9.9,50.3,0.0,0.0,14.7,31.7
Reims,Strasbourg,2022-03-06,6.8,41.7,0.0,0.0,17.7,37.1
Lille,Clermont Foot,2022-03-06,4.6,57.0,0.0,0.0,16.2,38.2
Marseille,Monaco,2022-03-06,6.5,86.5,0.0,0.0,6.0,10.8
Lille,Saint-Étienne,2022-03-11,9.7,84.7,0.8,0.0,23.0,40.7
Montpellier,Nice,2022-03-12,9.0,85.7,3.1,0.0,26.7,62.6
Troyes,Nantes,2022-03-12,7.7,85.3,1.7,0.0,15.3,28.8
Paris Saint-Germain,Bordeaux,2022-03-13,9.9,84.7,1.5,0.0,20.8,40.0
Angers,Reims,2022-03-13,10.5,67.0,1.2,0.0,20.2,42.5
Clermont Foot,Lorient,2022-03-13,7.3,86.7,6.6,0.0,7.6,39.6
Metz,Lens,2022-03-13,7.0,76.3,1.3,0.0,11.7,28.4
Strasbourg,Monaco,2022-03-13,13.9,53.0,0.0,0.0,10.7,22.0
Lyon,Rennes,2022-03-13,8.9,77.5,1.4,0.0,19.4,43.9
Brest,Marseille,2022-03-13,7.2,85.5,3.4,0.0,12.6,24.1
Saint-Étienne,Troyes,2022-03-18,6.4,96.0,0.0,0.0,2.8,7.2
Lens,Clermont Foot,2022-03-19,11.7,49.0,0.0,0.0,22.4,46.1
Nantes,Lille,2022-03-19,12.1,75.7,0.0,0.0,13.2,27.0
Monaco,Paris Saint-Germain,2022-03-20,14.3,44.3,0.1,0.0,16.1,35.6
Lorient,Strasbourg,2022-03-20,13.8,72.0,0.0,0.0,14.6,31.0
Angers,Brest,2022-03-20,14.8,61.3,0.0,0.0,7.0,20.5
Rennes,Metz,2022-03-20,13.0,66.7,0.0,0.0,10.7,24.1
Reims,Lyon,2022-03-20,7.9,61.5,0.0,0.0,8.0,16.2
Marseille,Nice,2022-03-20,11.6,50.5,0.0,0.0,24.8,46.8
Nice,Rennes,2022-04-02,9.8,66.3,0.0,0.0,8.8,22.7
Lille,Bordeaux,2022-04-02,4.3,49.0,0.0,0.0,15.1,34.2
Strasbourg,Lens,2022-04-03,5.4,49.0,0.0,0.0,14.4,35.6
Montpellier,Brest,2022-04-03,9.2,43.0,0.0,0.0,10.1,27.0
Troyes,Reims,2022-04-03,5.8,46.3,0.0,0.0,14.7,29.9
Metz,Monaco,2022-04-03,1.9,59.3,0.0,0.0,15.6,38.2
Saint-Étienne,Marseille,2022-04-03,2.9,59.3,0.0,0.0,17.1,38.9
Clermont Foot,Nantes,2022-04-03,3.6,59.0,0.0,0.0,16.3,40.3
Lyon,Angers,2022-04-03,5.0,50.5,0.0,0.0,18.8,37.4
Paris Saint-Germain,Lorient,2022-04-03,3.1,67.0,0.0,0.0,7.0,13.7
Lorient,Saint-Étienne,2022-04-08,7.4,74.0,0.0,0.0,17.0,32.0
Reims,Rennes,2022-04-09,7.4,59.3,0.0,0.0,13.4,32.8
Clermont Foot,Paris Saint-Germain,2022-04-09,2.9,83.3,0.0,0.0,5.3,15.8
Brest,Nantes,2022-04-10,12.1,47.0,0.0,0.0,25.2,47.5
Monaco,Troyes,2022-04-10,17.9,23.3,0.0,0.0,5.2,20.9
Angers,Lille,2022-04-10,14.6,45.7,0.0,0.0,18.4,37.4
Lens,Nice,2022-04-10,10.1,61.0,0.0,0.0,8.4,22.7
Strasbourg,Lyon,2022-04-10,5.3,72.0,0.0,0.0,9.8,13.7
Marseille,Montpellier,2022-04-10,7.6,77.3,0.0,0.0,8.4,13.0
Rennes,Monaco,2022-04-15,13.0,82.7,0.0,0.0,10.7,21.6
Saint-Étienne,Brest,2022-04-16,17.1,40.7,0.0,0.0,18.9,44.6
Lille,Lens,2022-04-16,10.4,67.0,0.0,0.0,13.0,23.4
Nice,Lorient,2022-04-17,18.2,45.7,0.0,0.0,12.7,36.7
Metz,Clermont Foot,2022-04-17,16.6,30.3,0.0,0.0,8.0,23.8
Troyes,Strasbourg,2022-04-17,17.9,38.7,0.0,0.0,18.3,34.9
Montpellier,Reims,2022-04-17,19.3,45.0,0.0,0.0,15.7,36.0
Nantes,Angers,2022-04-17,19.4,50.3,0.0,0.0,3.5,15.1
Lyon,Bordeaux,2022-04-17,16.2,48.5,0.0,0.0,8.8,19.4
Paris Saint-Germain,Marseille,2022-04-17,11.4,64.5,0.0,0.0,10.2,18.0
Reims,Lille,2022-04-20,11.8,50.3,0.0,0.0,10.9,28.4
Troyes,Clermont Foot,2022-04-20,12.1,55.0,0.0,0.0,13.4,27.0
Monaco,Nice,2022-04-20,14.2,92.0,0.2,0.0,5.3,16.9
Lorient,Metz,2022-04-20,14.0,69.7,0.0,0.0,11.9,23.4
Strasbourg,Rennes,2022-04-20,8.7,60.3,0.0,0.0,10.5,28.4
Angers,Paris Saint-Germain,2022-04-20,13.1,71.0,0.0,0.0,5.9,9.4
Lens,Montpellier,2022-04-20,10.2,59.3,0.0,0.0,8.4,17.3
Brest,Lyon,2022-04-20,8.1,96.3,0.0,0.0,5.6,17.3
Marseille,Nantes,2022-04-20,13.2,76.7,0.0,0.0,9.8,31.0
Lyon,Montpellier,2022-04-23,12.0,80.7,6.2,0.0,25.1,54.0
Saint-Étienne,Monaco,2022-04-23,8.8,85.3,3.5,0.0,14.7,33.5
Paris Saint-Germain,Lens,2022-04-23,13.0,66.0,0.0,0.0,13.8,27.7
Rennes,Lorient,2022-04-24,16.8,65.3,6.6,0.0,7.4,34.6
Clermont Foot,Angers,2022-04-24,14.0,74.0,1.9,0.0,6.6,25.9
Nice,Troyes,2022-04-24,14.3,81.0,0.2,0.0,9.7,29.5
Metz,Brest,2022-04-24,13.4,58.7,1.1,0.0,9.1,26.6
Nantes,Bordeaux,2022-04-24,16.4,71.7,1.7,0.0,7.8,26.3
Lille,Strasbourg,2022-04-24,15.8,47.5,0.0,0.0,22.5,42.8
Reims,Marseille,2022-04-24,12.4,63.5,0.0,0.0,9.0,18.0
Strasbourg,Paris Saint-Germain,2022-04-29,14.1,58.3,0.0,0.0,12.2,21.6
Lens,Nantes,2022-04-30,11.5,54.0,0.0,0.0,19.6,39.6
Rennes,Saint-Étienne,2022-04-30,12.1,65.0,0.0,0.0,8.7,20.5
Troyes,Lille,2022-05-01,15.2,48.7,0.0,0.0,9.3,21.2
Lorient,Reims,2022-05-01,14.7,66.0,0.0,0.0,11.2,31.0
Monaco,Angers,2022-05-01,22.7,27.0,0.0,0.0,14.1,36.7
Brest,Clermont Foot,2022-05-01,14.3,70.3,0.0,0.0,10.8,30.6
Montpellier,Metz,2022-05-01,22.9,36.7,0.0,0.0,9.5,28.1
Marseille,Lyon,2022-05-01,13.5,73.0,0.0,0.0,7.2,11.5
Lille,Monaco,2022-05-06,13.6,74.3,0.0,0.0,12.3,22.3
Brest,Strasbourg,2022-05-07,15.9,64.7,0.0,0.0,15.5,33.5
Metz,Lyon,2022-05-08,19.1,42.0,0.1,0.0,17.7,47.2
Angers,Bordeaux,2022-05-08,21.8,47.0,0.0,0.0,9.6,27.0
Reims,Lens,2022-05-08,19.8,55.7,0.1,0.0,13.9,28.4
Clermont Foot,Montpellier,2022-05-08,19.9,47.7,0.3,0.0,15.5,40.0
Lorient,Marseille,2022-05-08,20.1,55.0,0.0,0.0,3.1,15.1
Paris Saint-Germain,Troyes,2022-05-08,15.9,64.0,0.0,0.0,10.0,17.6
Nice,Saint-Étienne,2022-05-11,18.4,80.0,0.0,0.0,2.2,12.2
Nantes,Rennes,2022-05-11,15.1,85.0,0.0,0.0,13.2,36.4
Nice,Lille,2022-05-14,16.8,97.7,0.0,0.0,2.3,8.6
Montpellier,Paris Saint-Germain,2022-05-14,18.1,80.3,0.0,0.0,5.4,16.6
Troyes,Lens,2022-05-14,16.2,57.3,0.0,0.0,8.9,16.2
Lyon,Nantes,2022-05-14,18.2,65.3,0.0,0.0,8.6,17.3
Rennes,Marseille,2022-05-14,20.1,55.0,0.0,0.0,15.1,29.2
Monaco,Brest,2022-05-14,17.8,88.7,0.0,0.0,9.7,19.8
Metz,Angers,2022-05-14,17.0,63.0,0.0,0.0,9.6,20.5
Saint-Étienne,Reims,2022-05-14,17.0,70.0,0.0,0.0,5.9,12.6
Strasbourg,Clermont Foot,2022-05-14,15.4,66.0,0.0,0.0,7.1,13.0
Clermont Foot,Lyon,2022-05-21,21.7,66.7,0.0,0.0,6.6,17.6
Lille,Rennes,2022-05-21,11.9,81.0,0.0,0.0,8.3,11.5
Angers,Montpellier,2022-05-21,20.3,58.7,0.0,0.0,12.4,26.6
Lorient,Troyes,2022-05-21,16.5,73.3,0.0,0.0,15.3,37.1
Lens,Monaco,2022-05-21,12.0,82.3,0.0,0.0,7.2,11.2
Brest,Bordeaux,2022-05-21,12.4,84.0,0.0,0.0,13.1,25.6
Reims,Nice,2022-05-21,13.3,77.7,0.0,0.0,7.9,13.7
Marseille,Strasbourg,2022-05-21,19.1,89.7,0.0,0.0,1.9,4.3
Paris Saint-Germain,Metz,2022-05-21,16.0,67.0,0.0,0.0,9.6,27.4
Nantes,Saint-Étienne,2022-05-21,20.6,59.0,0.0,0.0,15.5,31.7
Sassuolo,Napoli,2025-08-23,22.5,76.0,0.6,0.0,5.9,14.8
Genoa,Lecce,2025-08-23,22.6,88.0,0.0,0.0,6.2,24.1
Roma,Bologna,2025-08-23,22.8,83.0,0.0,0.0,7.2,14.8
Milan,Cremonese,2025-08-23,21.4,86.0,0.0,0.0,7.2,18.4
Como,Lazio,2025-08-24,20.0,81.0,0.0,0.0,4.3,15.5
Cagliari,Fiorentina,2025-08-24,27.2,49.5,0.0,0.0,9.0,24.1
Atalanta,Pisa,2025-08-24,17.8,85.5,0.0,0.0,1.6,6.5
Juventus,Parma,2025-08-24,20.1,77.5,0.0,0.0,6.2,14.4
Udinese,Hellas Verona,2025-08-25,21.0,68.0,0.0,0.0,0.6,5.4
Inter,Torino,2025-08-25,21.3,87.0,0.0,0.0,2.5,6.1
Cremonese,Sassuolo,2025-08-29,20.4,86.5,0.0,0.0,13.4,26.6
Parma,Atalanta,2025-08-30,20.2,78.5,0.0,0.0,3.6,7.6
Bologna,Como,2025-08-30,21.1,64.5,0.0,0.0,7.8,16.9
Napoli,Cagliari,2025-08-30,21.8,72.0,0.0,0.0,6.6,21.6
Torino,Fiorentina,2025-08-31,21.6,73.0,0.0,0.0,3.0,15.8
Genoa,Juventus,2025-08-31,21.2,86.5,0.0,0.0,8.8,27.0
Inter,Udinese,2025-08-31,20.6,74.5,0.0,0.0,6.4,15.8
Lazio,Hellas Verona,2025-08-31,20.4,84.0,0.0,0.0,0.8,7.9
Cagliari,Parma,2025-09-13,26.2,64.7,0.0,0.0,15.2,37.8
Juventus,Inter,2025-09-13,19.4,83.7,0.2,0.0,3.5,12.2
Fiorentina,Napoli,2025-09-13,19.7,90.0,0.0,0.0,5.7,14.8
Roma,Torino,2025-09-14,26.2,61.0,0.0,0.0,11.7,30.2
Atalanta,Lecce,2025-09-14,22.9,66.7,0.0,0.0,5.8,22.0
Sassuolo,Lazio,2025-09-14,22.2,69.3,0.0,0.0,6.4,15.1
Milan,Bologna,2025-09-14,20.0,79.0,0.0,0.0,7.4,14.8
Como,Genoa,2025-09-15,19.8,86.5,0.0,0.0,0.6,6.8
Bologna,Genoa,2025-09-20,29.4,43.0,0.0,0.0,8.4,22.0
Udinese,Milan,2025-09-20,18.8,93.5,0.0,0.0,3.3,7.9
Lazio,Roma,2025-09-21,28.7,44.0,0.0,0.0,11.0,29.9
Cremonese,Parma,2025-09-21,28.9,46.3,0.0,0.0,12.0,28.1
Torino,Atalanta,2025-09-21,22.8,70.3,1.8,0.0,6.7,28.8
Fiorentina,Como,2025-09-21,23.1,77.3,0.0,0.0,5.7,17.6
Inter,Sassuolo,2025-09-21,19.6,84.0,0.0,0.0,11.9,25.2
Napoli,Pisa,2025-09-22,22.6,85.5,0.0,0.0,1.9,5.4
Como,Cremonese,2025-09-27,15.8,75.3,1.1,0.0,5.3,16.9
Juventus,Atalanta,2025-09-27,13.1,75.3,0.0,0.0,7.0,21.2
Cagliari,Inter,2025-09-27,20.2,70.5,0.0,0.0,14.6,28.4
Sassuolo,Udinese,2025-09-28,19.8,60.0,0.0,0.0,5.6,22.0
Roma,Hellas Verona,2025-09-28,22.2,49.3,0.0,0.0,16.8,36.4
Milan,Napoli,2025-09-28,14.5,79.0,0.0,0.0,2.8,5.4
Parma,Torino,2025-09-29,18.1,69.5,0.0,0.0,2.2,4.7
Genoa,Lazio,2025-09-29,14.4,84.5,0.0,0.0,5.3,15.1
Parma,Lecce,2025-10-04,17.6,65.0,0.0,0.0,5.5,18.4
Lazio,Torino,2025-10-04,19.3,49.3,0.0,0.0,10.1,30.6
Inter,Cremonese,2025-10-04,15.2,83.3,0.0,0.0,3.8,9.0
Atalanta,Como,2025-10-04,14.5,88.0,0.3,0.0,1.6,9.4
Udinese,Cagliari,2025-10-05,10.5,83.5,0.2,0.0,4.9,22.0
Bologna,Pisa,2025-10-05,14.1,64.3,0.0,0.0,6.9,35.6
Fiorentina,Roma,2025-10-05,14.2,65.3,0.0,0.0,17.1,55.1
Napoli,Genoa,2025-10-05,19.6,65.3,0.0,0.0,14.8,40.3
Juventus,Milan,2025-10-05,11.4,84.0,0.0,0.0,2.3,21.6
Torino,Napoli,2025-10-18,14.3,73.0,0.0,0.0,3.5,10.8
Roma,Inter,2025-10-18,15.2,79.0,0.0,0.0,2.8,7.9
Como,Juventus,2025-10-19,15.8,60.0,0.0,0.0,5.0,20.9
Cagliari,Bologna,2025-10-19,20.8,59.0,0.0,0.0,8.9,25.6
Genoa,Parma,2025-10-19,18.3,60.0,0.0,0.0,10.1,32.8
Atalanta,Lazio,2025-10-19,11.8,84.0,0.0,0.0,1.8,5.8
Milan,Fiorentina,2025-10-19,13.3,78.0,0.0,0.0,5.9,13.3
Cremonese,Udinese,2025-10-20,11.9,97.0,1.4,0.0,5.7,10.8
Milan,Pisa,2025-10-24,10.8,65.0,0.0,0.0,3.5,14.8
Udinese,Lecce,2025-10-25,15.1,73.0,0.1,0.0,6.9,20.2
Parma,Como,2025-10-25,15.2,82.7,0.0,0.0,3.4,18.4
Napoli,Inter,2025-10-25,19.4,74.0,0.3,0.0,13.6,33.1
Cremonese,Atalanta,2025-10-25,12.4,89.0,0.1,0.0,7.8,26.3
Torino,Genoa,2025-10-26,19.3,23.5,0.0,0.0,10.6,30.2
Sassuolo,Roma,2025-10-26,16.6,75.7,0.0,0.0,1.8,10.8
Fiorentina,Bologna,2025-10-26,13.8,85.0,1.1,0.0,5.9,24.1
Lazio,Juventus,2025-10-26,16.0,81.0,0.0,0.0,6.4,26.3
Atalanta,Milan,2025-10-28,7.4,91.0,0.0,0.0,3.8,12.6
Como,Hellas Verona,2025-10-29,12.1,92.5,4.2,0.0,2.2,9.7
Juventus,Udinese,2025-10-29,10.6,89.0,0.1,0.0,3.8,11.9
Roma,Parma,2025-10-29,16.6,78.0,0.0,0.0,11.3,23.8
Genoa,Cremonese,2025-10-29,15.0,98.0,0.5,0.0,9.3,30.6
Inter,Fiorentina,2025-10-29,12.2,95.0,1.7,0.0,7.4,15.1
Bologna,Torino,2025-10-29,15.8,75.5,0.0,0.0,8.6,22.0
Cagliari,Sassuolo,2025-10-30,19.2,87.5,0.6,0.0,5.8,25.6
Udinese,Atalanta,2025-11-01,16.7,88.0,0.8,0.0,9.2,22.0
Napoli,Como,2025-11-01,17.6,91.3,0.0,0.0,3.0,7.6
Cremonese,Juventus,2025-11-01,15.4,97.5,1.0,0.0,4.9,15.5
Torino,Pisa,2025-11-02,14.8,82.0,0.2,0.0,2.7,12.6
Fiorentina,Lecce,2025-11-02,18.1,83.0,1.4,0.0,4.4,22.7
Parma,Bologna,2025-11-02,13.8,96.3,9.9,0.0,8.4,29.2
Milan,Roma,2025-11-02,12.2,92.5,0.0,0.0,10.8,22.0
Sassuolo,Genoa,2025-11-03,11.1,87.5,0.0,0.0,3.6,9.0
Lazio,Cagliari,2025-11-03,14.9,71.0,0.0,0.0,15.4,38.2
Como,Cagliari,2025-11-08,11.6,76.7,0.0,0.0,4.6,16.9
Juventus,Torino,2025-11-08,8.3,81.7,0.0,0.0,0.8,3.6
Parma,Milan,2025-11-08,7.8,90.0,0.0,0.0,3.2,8.6
Atalanta,Sassuolo,2025-11-09,12.9,69.5,0.0,0.0,5.8,18.0
Genoa,Fiorentina,2025-11-09,12.2,77.0,0.0,0.0,19.4,49.7
Bologna,Napoli,2025-11-09,11.4,73.3,0.0,0.0,5.3,19.1
Roma,Udinese,2025-11-09,15.0,70.0,0.0,0.0,14.2,29.5
Inter,Lazio,2025-11-09,7.6,90.0,0.0,0.0,3.0,6.8
Cagliari,Genoa,2025-11-22,11.1,60.7,0.0,0.0,26.4,61.9
Udinese,Bologna,2025-11-22,6.1,41.3,0.2,0.0,11.2,25.6
Fiorentina,Juventus,2025-11-22,4.9,78.3,0.0,0.0,14.5,38.9
Napoli,Atalanta,2025-11-22,5.7,91.5,0.0,0.0,4.0,13.7
Cremonese,Roma,2025-11-23,4.9,76.0,0.0,0.0,1.6,12.6
Lazio,Lecce,2025-11-23,6.2,72.7,0.0,0.0,3.4,9.7
Inter,Milan,2025-11-23,3.2,91.5,0.1,0.0,5.6,11.5
Torino,Como,2025-11-24,1.6,94.5,0.3,0.1,3.8,10.1
Sassuolo,Pisa,2025-11-24,3.6,95.0,0.7,0.0,6.0,11.2
Como,Sassuolo,2025-11-28,3.2,88.0,0.0,0.0,3.4,10.1
Parma,Udinese,2025-11-29,6.4,74.0,0.0,0.0,1.4,7.6
Genoa,Hellas Verona,2025-11-29,11.4,72.7,0.0,0.0,3.0,14.8
Juventus,Cagliari,2025-11-29,1.4,74.0,0.0,0.0,1.9,5.8
Milan,Lazio,2025-11-29,3.2,90.5,0.0,0.0,3.4,8.3
Atalanta,Fiorentina,2025-11-30,4.2,85.0,0.0,0.0,6.7,19.1
Roma,Napoli,2025-11-30,7.0,83.5,0.0,0.0,5.2,11.2
Bologna,Cremonese,2025-12-01,5.5,97.5,0.0,0.0,6.6,12.2
Sassuolo,Fiorentina,2025-12-06,8.2,90.7,0.0,0.0,3.2,14.0
Inter,Como,2025-12-06,5.6,93.7,0.0,0.0,7.1,14.4
Cremonese,Lecce,2025-12-07,7.8,90.5,0.0,0.0,9.4,21.2
Cagliari,Roma,2025-12-07,16.9,72.3,0.0,0.0,24.2,58.0
Lazio,Bologna,2025-12-07,11.9,79.3,0.0,0.0,8.7,20.2
Napoli,Juventus,2025-12-07,9.8,80.0,0.0,0.0,5.6,13.0
Udinese,Genoa,2025-12-08,6.2,90.0,0.0,0.0,3.3,8.3
Torino,Milan,2025-12-08,3.0,94.5,0.0,0.0,1.4,4.7
Torino,Cremonese,2025-12-13,7.8,81.3,0.0,0.0,0.8,5.8
Parma,Lazio,2025-12-13,6.4,91.0,0.0,0.0,3.8,7.2
Atalanta,Cagliari,2025-12-13,2.6,91.0,0.0,0.0,6.4,18.0
Milan,Sassuolo,2025-12-14,7.8,86.5,0.0,0.0,2.5,12.6
Udinese,Napoli,2025-12-14,9.4,69.3,0.0,0.0,1.1,7.9
Fiorentina,Hellas Verona,2025-12-14,10.1,81.0,0.0,0.0,2.0,6.8
Genoa,Inter,2025-12-14,10.2,92.7,0.0,0.0,6.4,19.1
Bologna,Juventus,2025-12-14,3.4,93.0,0.0,0.0,4.4,10.4
Roma,Como,2025-12-15,9.3,88.5,0.0,0.0,7.4,15.8
Lazio,Cremonese,2025-12-20,10.8,89.3,0.0,0.0,6.2,12.2
Juventus,Roma,2025-12-20,6.8,93.5,0.0,0.0,2.6,7.2
Cagliari,Pisa,2025-12-21,14.8,89.0,1.8,0.0,13.5,25.2
Sassuolo,Torino,2025-12-21,8.2,90.3,0.0,0.0,5.2,17.6
Fiorentina,Udinese,2025-12-21,8.4,91.7,0.0,0.0,7.6,16.9
Genoa,Atalanta,2025-12-21,8.3,92.0,0.0,0.0,19.5,42.1
Parma,Fiorentina,2025-12-27,8.4,76.0,0.0,0.0,8.0,19.8
Torino,Cagliari,2025-12-27,8.0,71.3,0.0,0.0,3.6,11.2
Udinese,Lazio,2025-12-27,3.1,85.0,0.0,0.0,2.9,7.9
Milan,Hellas Verona,2025-12-28,8.6,73.0,0.0,0.0,3.2,14.0
Cremonese,Napoli,2025-12-28,7.0,81.3,0.0,0.0,4.9,14.4
Bologna,Sassuolo,2025-12-28,2.9,94.3,0.0,0.0,4.6,11.5
Atalanta,Inter,2025-12-28,3.4,60.5,0.0,0.0,1.2,5.4
Roma,Genoa,2025-12-29,6.2,93.5,0.0,0.0,6.1,11.5
Cagliari,Milan,2026-01-02,12.7,76.5,0.0,0.0,8.0,16.9
Como,Udinese,2026-01-03,7.6,59.0,0.0,0.0,5.6,19.8
Genoa,Pisa,2026-01-03,7.6,67.0,0.0,0.0,15.8,36.7
Sassuolo,Parma,2026-01-03,2.9,91.3,0.0,0.0,2.6,10.1
Juventus,Lecce,2026-01-03,1.6,75.3,0.0,0.0,2.3,9.0
Atalanta,Roma,2026-01-03,-1.1,86.0,0.0,0.0,1.8,7.6
Lazio,Napoli,2026-01-04,12.2,94.5,2.5,0.0,5.4,18.0
Fiorentina,Cremonese,2026-01-04,7.0,77.0,0.3,0.0,17.1,42.5
Inter,Bologna,2026-01-04,-0.6,89.5,0.0,0.0,4.8,10.1
Sassuolo,Juventus,2026-01-06,-2.0,93.0,0.0,0.0,4.8,9.0
Napoli,Hellas Verona,2026-01-07,7.0,91.5,1.0,0.0,8.2,34.9
Bologna,Atalanta,2026-01-07,-2.6,80.5,0.0,0.0,7.1,16.2
Torino,Udinese,2026-01-07,-2.6,75.5,0.0,0.0,2.4,5.0
Parma,Inter,2026-01-07,-3.4,88.0,0.0,0.0,6.7,13.3
Lazio,Fiorentina,2026-01-07,2.4,71.0,0.0,0.0,16.8,35.3
Cremonese,Cagliari,2026-01-08,-1.5,79.5,0.0,0.0,2.1,10.1
Milan,Genoa,2026-01-08,0.1,78.0,0.0,0.0,4.0,10.4
Udinese,Pisa,2026-01-10,7.1,66.0,0.0,0.0,2.3,8.6
Como,Bologna,2026-01-10,7.4,26.3,0.0,0.0,11.7,36.0
Roma,Sassuolo,2026-01-10,5.9,86.3,0.0,0.0,9.4,22.0
Atalanta,Torino,2026-01-10,2.0,51.0,0.0,0.0,11.6,27.0
Fiorentina,Milan,2026-01-11,8.2,48.3,0.0,0.0,6.4,27.0
Inter,Napoli,2026-01-11,2.2,68.0,0.0,0.0,6.5,15.1
Genoa,Cagliari,2026-01-12,8.9,88.0,0.1,0.0,8.0,20.2
Juventus,Cremonese,2026-01-12,0.0,78.5,0.0,0.0,1.1,2.5
Napoli,Parma,2026-01-14,10.2,87.0,0.0,0.0,1.7,9.4
Inter,Lecce,2026-01-14,5.7,88.5,0.1,0.0,5.6,12.6
Como,Milan,2026-01-15,6.2,100.0,0.0,0.0,2.5,6.8
Udinese,Inter,2026-01-17,11.3,64.0,0.0,0.0,10.8,21.2
Napoli,Sassuolo,2026-01-17,12.2,79.3,0.0,0.0,13.2,30.2
Cagliari,Juventus,2026-01-17,13.5,88.5,0.3,0.0,15.8,29.2
Parma,Genoa,2026-01-18,7.2,86.0,0.2,0.0,11.5,24.5
Bologna,Fiorentina,2026-01-18,7.4,93.3,0.1,0.0,12.0,25.9
Torino,Roma,2026-01-18,7.7,75.0,0.4,0.0,7.9,22.0
Milan,Lecce,2026-01-18,7.3,71.0,0.0,0.0,8.3,18.7
Cremonese,Hellas Verona,2026-01-19,4.2,75.0,0.0,0.0,5.8,11.5
Lazio,Como,2026-01-19,10.8,69.0,0.0,0.0,12.4,25.9
Inter,Pisa,2026-01-23,2.8,95.0,0.6,0.0,7.7,16.6
Como,Torino,2026-01-24,6.3,89.7,0.0,0.0,4.7,19.4
Fiorentina,Cagliari,2026-01-24,10.4,80.0,0.0,0.0,8.5,21.6
Sassuolo,Cremonese,2026-01-25,6.8,86.0,0.0,0.0,10.0,24.5
Atalanta,Parma,2026-01-25,6.2,88.7,0.0,0.0,4.0,17.3
Genoa,Bologna,2026-01-25,8.6,86.3,0.3,0.0,6.8,23.8
Juventus,Napoli,2026-01-25,4.2,94.3,0.0,0.0,1.6,8.6
Roma,Milan,2026-01-25,7.3,95.0,0.2,0.0,10.2,25.2
Lazio,Genoa,2026-01-30,7.6,97.5,0.0,0.0,3.0,12.6
Napoli,Fiorentina,2026-01-31,11.2,76.3,0.0,0.0,16.3,46.4
Cagliari,Hellas Verona,2026-01-31,10.8,83.0,1.4,0.0,20.8,43.2
Torino,Lecce,2026-02-01,8.3,74.5,0.0,0.0,4.0,15.8
Como,Atalanta,2026-02-01,7.7,79.7,0.0,0.0,5.3,20.5
Cremonese,Inter,2026-02-01,3.8,94.7,0.0,0.0,2.1,4.3
Parma,Juventus,2026-02-01,3.2,96.0,0.0,0.0,3.5,6.8
Udinese,Roma,2026-02-02,4.9,81.0,0.0,0.0,1.8,5.8
Bologna,Milan,2026-02-03,5.2,97.0,0.0,0.0,4.0,9.0
Genoa,Napoli,2026-02-07,9.3,94.3,0.6,0.0,4.4,12.6
Fiorentina,Torino,2026-02-07,8.7,92.5,1.0,0.0,1.8,5.0
Bologna,Parma,2026-02-08,11.4,81.0,0.1,0.0,6.1,19.1
Sassuolo,Inter,2026-02-08,8.1,94.0,0.0,0.0,5.3,10.8
Juventus,Lazio,2026-02-08,6.0,99.0,0.1,0.0,3.4,8.3
Atalanta,Cremonese,2026-02-09,5.6,97.0,0.0,0.0,6.7,15.5
Roma,Cagliari,2026-02-09,9.0,91.0,0.0,0.0,1.5,4.7
Como,Fiorentina,2026-02-14,9.6,90.3,0.2,0.0,4.9,19.4
Lazio,Atalanta,2026-02-14,10.8,87.3,0.4,0.0,8.7,26.3
Inter,Juventus,2026-02-14,8.6,95.0,0.1,0.0,6.1,11.9
Udinese,Sassuolo,2026-02-15,14.6,27.5,0.0,0.0,9.9,28.4
Parma,Hellas Verona,2026-02-15,13.9,45.7,0.0,0.0,2.0,11.2
Cremonese,Genoa,2026-02-15,14.1,47.3,0.0,0.0,3.6,16.6
Torino,Bologna,2026-02-15,8.5,65.7,0.0,0.0,2.6,7.6
Napoli,Roma,2026-02-15,9.6,73.5,0.0,0.0,7.6,23.4
Cagliari,Lecce,2026-02-16,14.3,77.0,0.0,0.0,26.0,54.0
Milan,Como,2026-02-18,7.4,73.5,0.0,0.0,5.2,12.6
Sassuolo,Hellas Verona,2026-02-20,7.4,70.0,0.0,0.0,10.6,25.9
Juventus,Como,2026-02-21,14.8,59.0,0.0,0.0,2.5,11.2
Cagliari,Lazio,2026-02-21,11.8,83.0,0.0,0.0,22.3,43.2
Genoa,Torino,2026-02-22,13.6,78.5,0.0,0.0,9.2,31.3
Atalanta,Napoli,2026-02-22,12.4,70.7,0.0,0.0,3.7,19.1
Milan,Parma,2026-02-22,10.2,83.0,0.0,0.0,1.3,3.6
Roma,Cremonese,2026-02-22,9.0,95.0,0.0,0.0,1.0,4.7
Fiorentina,Pisa,2026-02-23,12.3,88.0,0.0,0.0,2.3,8.6
Bologna,Udinese,2026-02-23,9.1,93.0,0.0,0.0,1.4,7.9
Parma,Cagliari,2026-02-27,9.5,94.5,0.0,0.0,5.4,11.9
Como,Lecce,2026-02-28,13.5,70.7,0.0,0.0,5.0,17.3
Inter,Genoa,2026-02-28,10.4,84.5,0.0,0.0,2.2,4.0
Cremonese,Milan,2026-03-01,13.0,75.5,0.0,0.0,10.0,25.2
Sassuolo,Atalanta,2026-03-01,13.1,74.3,0.0,0.0,7.7,20.2
Torino,Lazio,2026-03-01,10.0,90.7,1.4,0.0,5.3,18.7
Roma,Juventus,2026-03-01,12.0,89.0,0.0,0.0,3.4,11.9
Udinese,Fiorentina,2026-03-02,8.4,94.5,0.1,0.0,4.8,10.8
Napoli,Torino,2026-03-06,12.8,76.5,0.0,0.0,4.7,18.7
Cagliari,Como,2026-03-07,15.4,82.0,0.1,0.0,7.6,30.2
Atalanta,Udinese,2026-03-07,11.6,71.3,0.0,0.0,1.8,11.5
Juventus,Pisa,2026-03-07,10.4,80.0,0.0,0.0,0.4,2.9
Bologna,Hellas Verona,2026-03-08,13.6,73.0,0.0,0.0,6.4,20.9
Fiorentina,Parma,2026-03-08,15.9,62.0,0.2,0.0,3.6,15.5
Genoa,Roma,2026-03-08,12.5,77.0,0.0,0.0,7.0,22.3
Milan,Inter,2026-03-08,10.7,79.0,0.0,0.0,5.3,11.5
Lazio,Sassuolo,2026-03-09,11.8,89.5,0.0,0.0,6.6,14.8
Torino,Parma,2026-03-13,11.8,80.5,0.0,0.0,5.3,12.6
Inter,Atalanta,2026-03-14,9.8,92.3,6.9,0.0,18.7,42.5
Napoli,Lecce,2026-03-14,12.6,79.7,0.0,0.0,9.6,28.1
Udinese,Juventus,2026-03-14,9.2,88.5,0.4,0.0,12.5,23.8
Sassuolo,Bologna,2026-03-15,14.2,73.3,0.3,0.0,18.3,45.7
Como,Roma,2026-03-15,10.2,83.7,0.1,0.0,5.2,25.9
Lazio,Milan,2026-03-15,11.5,87.0,0.0,0.0,7.6,15.5
Cremonese,Fiorentina,2026-03-16,10.6,73.0,0.0,0.0,8.4,15.8
Cagliari,Napoli,2026-03-20,12.0,71.5,0.0,0.0,6.4,11.9
Genoa,Udinese,2026-03-20,8.1,76.5,0.0,0.0,10.2,24.8
Parma,Cremonese,2026-03-21,13.9,43.7,0.0,0.0,12.6,30.6
Milan,Torino,2026-03-21,11.7,64.0,0.0,0.0,4.8,18.7
Juventus,Sassuolo,2026-03-21,9.6,82.0,0.3,0.0,11.2,24.8
Como,Pisa,2026-03-22,12.1,46.5,0.1,0.0,6.2,24.1
Bologna,Lazio,2026-03-22,11.2,59.3,1.1,0.0,8.1,23.4
Atalanta,Hellas Verona,2026-03-22,11.6,47.0,0.1,0.0,3.3,14.8
Roma,Lecce,2026-03-22,9.6,83.7,1.1,0.0,5.8,16.2
Fiorentina,Inter,2026-03-22,7.7,73.5,0.0,0.0,7.0,22.0
Sassuolo,Cagliari,2026-04-04,19.9,45.0,0.0,0.0,5.2,17.6
Lazio,Parma,2026-04-04,16.0,41.0,0.0,0.0,14.0,31.0
Cremonese,Bologna,2026-04-05,23.4,31.3,0.0,0.0,1.4,12.6
Inter,Roma,2026-04-05,16.2,53.0,0.0,0.0,11.4,24.8
Udinese,Como,2026-04-06,22.2,41.0,0.0,0.0,6.4,20.5
Juventus,Genoa,2026-04-06,21.8,42.7,0.0,0.0,6.5,21.2
Napoli,Milan,2026-04-06,13.8,94.0,0.0,0.0,6.3,13.3
Roma,Pisa,2026-04-10,14.6,84.0,0.0,0.0,4.2,12.2
Torino,Hellas Verona,2026-04-11,19.5,47.0,0.0,0.0,3.2,16.2
Cagliari,Cremonese,2026-04-11,21.3,56.3,0.0,0.0,13.6,33.5
Milan,Udinese,2026-04-11,19.8,40.3,0.0,0.0,2.4,18.0
Atalanta,Juventus,2026-04-11,15.2,56.0,0.0,0.0,3.8,11.2
Genoa,Sassuolo,2026-04-12,19.2,67.0,0.0,0.0,15.8,42.8
Parma,Napoli,2026-04-12,17.3,69.7,0.1,0.0,12.0,29.2
Bologna,Lecce,2026-04-12,14.5,84.7,0.0,0.0,10.8,26.3
Como,Inter,2026-04-12,14.0,78.5,0.1,0.0,3.6,11.5
Fiorentina,Lazio,2026-04-13,14.4,95.5,0.2,0.0,6.6,16.9
Sassuolo,Como,2026-04-17,17.8,76.0,0.0,0.0,6.0,11.2
Inter,Cagliari,2026-04-17,19.3,61.0,0.0,0.0,3.1,9.7
Udinese,Parma,2026-04-18,22.7,42.3,0.0,0.0,7.4,25.2
Napoli,Lazio,2026-04-18,20.6,48.0,0.0,0.0,2.5,18.4
Roma,Atalanta,2026-04-18,18.0,50.5,0.0,0.0,15.6,32.0
Cremonese,Torino,2026-04-19,21.9,52.5,0.0,0.0,6.6,20.5
Juventus,Bologna,2026-04-19,16.2,78.0,0.0,0.0,5.2,19.4
Napoli,Cremonese,2026-04-24,15.7,62.0,0.0,0.0,4.4,18.0
Parma,Pisa,2026-04-25,24.7,40.0,0.0,0.0,5.5,19.4
Bologna,Roma,2026-04-25,19.9,49.3,0.0,0.0,9.1,31.0
Fiorentina,Sassuolo,2026-04-26,23.6,31.0,0.0,0.0,9.3,27.7
Genoa,Como,2026-04-26,17.2,77.0,0.0,0.0,6.2,27.4
Torino,Inter,2026-04-26,22.4,48.7,0.0,0.0,5.2,20.5
Milan,Juventus,2026-04-26,19.2,54.5,0.0,0.0,7.8,27.4
Cagliari,Atalanta,2026-04-27,16.8,84.0,0.0,0.0,6.4,20.5
Lazio,Udinese,2026-04-27,14.6,87.0,0.0,0.0,0.6,11.9
Genoa,Inter,2024-08-17,24.8,78.0,0.0,0.0,7.8,23.4
Parma,Fiorentina,2024-08-17,27.2,51.0,0.0,0.0,7.8,15.1
Milan,Torino,2024-08-17,25.0,64.0,0.0,0.0,14.7,24.8
Bologna,Udinese,2024-08-18,22.0,82.5,4.6,0.0,7.6,21.2
Cagliari,Roma,2024-08-18,24.0,70.0,0.0,0.0,17.6,31.0
Lazio,Venezia,2024-08-18,23.0,88.0,0.0,0.0,6.7,13.7
Juventus,Como,2024-08-19,22.1,70.0,0.0,0.0,5.2,10.4
Udinese,Lazio,2024-08-24,26.6,72.0,0.0,0.0,5.2,12.6
Parma,Milan,2024-08-24,27.0,59.0,0.0,0.0,7.5,14.0
Monza,Genoa,2024-08-24,23.6,78.0,0.0,0.0,5.2,6.5
Inter,Lecce,2024-08-24,25.6,59.5,0.0,0.0,12.4,23.4
Torino,Atalanta,2024-08-25,27.7,53.5,0.0,0.0,3.8,9.7
Fiorentina,Venezia,2024-08-25,26.7,54.0,0.0,0.0,6.8,25.6
Napoli,Bologna,2024-08-25,25.2,85.5,0.0,0.0,3.0,13.0
Roma,Empoli,2024-08-25,25.8,74.5,0.0,0.0,1.8,7.6
Cagliari,Como,2024-08-26,28.0,52.0,0.0,0.0,20.4,34.9
Venezia,Torino,2024-08-30,27.6,69.5,0.0,0.0,7.4,10.8
Inter,Atalanta,2024-08-30,25.0,65.0,0.0,0.0,6.2,13.0
Bologna,Empoli,2024-08-31,28.2,54.5,0.0,0.0,4.0,10.1
Lazio,Milan,2024-08-31,25.9,82.5,0.0,0.0,5.9,12.6
Napoli,Parma,2024-08-31,25.4,84.5,0.0,0.0,5.8,13.0
Genoa,Hellas Verona,2024-09-01,26.2,68.0,0.0,0.0,12.3,28.4
Fiorentina,Monza,2024-09-01,28.8,40.5,0.0,0.0,5.4,11.2
Udinese,Como,2024-09-01,24.1,57.5,0.0,0.0,4.2,10.4
Juventus,Roma,2024-09-01,23.1,78.0,0.0,0.0,5.4,11.2
Como,Bologna,2024-09-14,17.7,42.3,0.0,0.0,21.1,66.2
Milan,Venezia,2024-09-14,14.8,43.0,0.0,0.0,16.0,29.9
Genoa,Roma,2024-09-15,24.6,46.0,0.0,0.0,9.9,32.0
Torino,Lecce,2024-09-15,25.0,33.3,0.0,0.0,3.4,19.1
Cagliari,Napoli,2024-09-15,20.3,57.7,0.0,0.0,21.5,42.5
Monza,Inter,2024-09-15,15.8,66.5,0.0,0.0,10.4,18.0
Parma,Udinese,2024-09-16,18.4,66.5,0.0,0.0,6.5,9.7
Lazio,Hellas Verona,2024-09-16,15.4,88.5,0.0,0.0,5.6,27.0
Cagliari,Empoli,2024-09-20,21.6,71.5,0.0,0.0,5.6,16.9
Venezia,Genoa,2024-09-21,22.6,55.0,0.0,0.0,6.8,20.5
Juventus,Napoli,2024-09-21,17.5,81.3,0.0,0.0,5.7,8.3
Fiorentina,Lazio,2024-09-22,25.0,50.5,0.0,0.0,1.4,10.4
Monza,Bologna,2024-09-22,21.6,60.3,0.0,0.0,3.5,13.7
Roma,Udinese,2024-09-22,20.5,86.0,0.0,0.0,5.5,16.2
Inter,Milan,2024-09-22,17.4,82.5,0.0,0.0,3.8,7.9
Milan,Lecce,2024-09-27,16.0,87.0,2.3,0.0,9.2,33.5
Udinese,Inter,2024-09-28,17.0,59.0,0.0,0.0,9.2,38.2
Genoa,Juventus,2024-09-28,16.9,83.3,0.0,0.0,3.7,13.0
Bologna,Atalanta,2024-09-28,14.8,86.5,0.0,0.0,4.2,8.6
Torino,Lazio,2024-09-29,19.4,46.0,0.0,0.0,2.0,15.8
Como,Hellas Verona,2024-09-29,18.5,56.7,0.0,0.0,5.8,17.3
Roma,Venezia,2024-09-29,22.8,40.7,0.0,0.0,15.6,30.2
Napoli,Monza,2024-09-29,16.6,59.5,0.0,0.0,10.0,22.0
Parma,Cagliari,2024-09-30,15.4,84.0,0.0,0.0,5.6,11.2
Napoli,Como,2024-10-04,17.6,75.5,0.0,0.0,4.6,18.0
Udinese,Lecce,2024-10-05,15.0,69.0,0.0,0.0,6.5,16.2
Inter,Torino,2024-10-05,11.3,93.0,0.0,0.0,9.0,15.8
Juventus,Cagliari,2024-10-06,15.3,70.5,0.0,0.0,2.8,13.0
Lazio,Empoli,2024-10-06,18.4,69.0,0.0,0.0,8.8,19.4
Bologna,Parma,2024-10-06,17.1,68.7,0.0,0.0,7.0,16.9
Monza,Roma,2024-10-06,13.8,74.7,0.0,0.0,3.9,5.4
Fiorentina,Milan,2024-10-06,12.7,90.0,0.0,0.0,4.6,7.2
Genoa,Bologna,2024-10-19,16.5,90.0,10.3,0.0,23.4,56.5
Como,Parma,2024-10-19,15.8,84.0,2.1,0.0,10.2,25.2
Milan,Udinese,2024-10-19,15.4,89.3,2.1,0.0,5.5,15.1
Juventus,Lazio,2024-10-19,14.3,93.0,0.1,0.0,3.6,17.6
Venezia,Atalanta,2024-10-20,19.5,70.3,0.0,0.0,6.4,16.2
Cagliari,Torino,2024-10-20,17.4,92.7,0.0,0.0,3.9,6.5
Roma,Inter,2024-10-20,16.5,94.0,0.0,0.0,7.2,15.5
Udinese,Cagliari,2024-10-25,16.0,88.5,0.2,0.0,4.0,8.3
Torino,Como,2024-10-25,13.9,96.5,0.5,0.0,5.3,12.6
Napoli,Lecce,2024-10-26,20.9,86.7,0.0,0.0,9.4,23.8
Parma,Empoli,2024-10-27,20.8,74.5,0.0,0.0,6.2,16.9
Lazio,Genoa,2024-10-27,21.0,74.3,0.0,0.0,9.7,28.8
Monza,Venezia,2024-10-27,17.3,91.3,0.7,0.0,3.2,13.3
Inter,Juventus,2024-10-27,15.7,96.7,0.3,0.0,4.3,8.3
Fiorentina,Roma,2024-10-27,14.2,96.0,0.0,0.0,5.4,11.2
Cagliari,Bologna,2024-10-29,19.7,87.5,0.0,0.0,10.9,18.0
Milan,Napoli,2024-10-29,12.6,97.5,0.0,0.0,5.6,9.4
Venezia,Udinese,2024-10-30,17.0,83.5,0.0,0.0,2.9,5.4
Juventus,Parma,2024-10-30,13.4,100.0,0.0,0.0,2.2,3.2
Genoa,Fiorentina,2024-10-31,15.6,89.0,0.0,0.0,13.6,28.1
Roma,Torino,2024-10-31,15.4,91.5,0.0,0.0,6.4,13.3
Como,Lazio,2024-10-31,13.0,95.0,0.0,0.0,4.0,9.0
Bologna,Lecce,2024-11-02,17.2,76.0,0.0,0.0,3.5,13.7
Udinese,Juventus,2024-11-02,14.3,68.0,0.0,0.0,9.5,22.7
Monza,Milan,2024-11-02,11.1,94.0,0.0,0.0,3.0,6.1
Napoli,Atalanta,2024-11-03,22.6,52.0,0.0,0.0,7.6,21.6
Torino,Fiorentina,2024-11-03,15.9,81.7,0.0,0.0,6.0,15.1
Inter,Venezia,2024-11-03,9.6,94.0,0.0,0.0,5.4,9.0
Parma,Genoa,2024-11-04,10.1,97.5,0.0,0.0,5.1,9.0
Lazio,Cagliari,2024-11-04,13.8,90.0,0.0,0.0,4.9,9.0
Genoa,Como,2024-11-07,10.4,89.5,0.0,0.0,19.5,40.0
Venezia,Parma,2024-11-09,12.5,78.0,0.0,0.0,7.6,15.8
Cagliari,Milan,2024-11-09,17.4,88.7,0.0,0.0,4.5,10.1
Juventus,Torino,2024-11-09,8.4,86.0,0.0,0.0,3.9,5.0
Fiorentina,Hellas Verona,2024-11-10,15.5,59.7,0.0,0.0,15.2,33.8
Roma,Bologna,2024-11-10,17.8,72.7,0.0,0.0,4.2,13.3
Monza,Lazio,2024-11-10,8.4,94.7,0.0,0.0,3.7,7.2
Inter,Napoli,2024-11-10,6.2,99.0,0.0,0.0,6.2,9.4
Milan,Juventus,2024-11-23,5.0,71.7,0.0,0.0,2.1,6.5
Parma,Atalanta,2024-11-23,2.4,80.0,0.0,0.0,5.6,11.9
Genoa,Cagliari,2024-11-24,11.6,97.0,2.9,0.0,11.9,29.9
Como,Fiorentina,2024-11-24,7.7,81.0,0.0,0.0,2.8,19.4
Torino,Monza,2024-11-24,3.8,59.7,0.0,0.0,0.7,8.3
Napoli,Roma,2024-11-24,8.3,69.0,0.0,0.0,4.3,8.6
Lazio,Bologna,2024-11-24,6.6,69.0,0.0,0.0,8.0,15.8
Venezia,Lecce,2024-11-25,6.2,90.5,0.0,0.0,3.0,6.8
Cagliari,Hellas Verona,2024-11-29,15.2,82.5,0.0,0.0,12.5,27.7
Como,Monza,2024-11-30,9.0,72.7,0.0,0.0,1.7,7.6
Milan,Empoli,2024-11-30,5.4,93.7,0.0,0.0,1.2,9.0
Bologna,Venezia,2024-11-30,3.4,91.5,0.0,0.0,6.6,12.2
Udinese,Genoa,2024-12-01,14.0,48.5,0.0,0.0,3.3,14.0
Torino,Napoli,2024-12-01,7.0,68.0,0.0,0.0,1.4,9.7
Parma,Lazio,2024-12-01,7.2,84.3,0.0,0.0,6.5,18.0
Roma,Atalanta,2024-12-02,7.6,88.0,0.0,0.0,5.7,12.2
Inter,Parma,2024-12-06,2.8,83.5,0.0,0.0,10.4,24.1
Genoa,Torino,2024-12-07,10.6,91.0,1.9,0.0,12.6,38.5
Juventus,Bologna,2024-12-07,0.4,93.0,0.2,0.0,3.4,10.8
Roma,Lecce,2024-12-07,11.0,83.0,0.1,0.0,13.2,31.7
Fiorentina,Cagliari,2024-12-08,6.2,77.5,0.5,0.0,11.5,37.8
Venezia,Como,2024-12-08,6.8,78.7,5.4,0.0,31.8,56.9
Napoli,Lazio,2024-12-08,8.4,94.0,0.9,0.0,4.4,14.4
Monza,Udinese,2024-12-09,4.6,88.0,0.0,0.0,4.6,11.9
Cagliari,Atalanta,2024-12-14,14.0,78.0,0.1,0.0,17.3,39.2
Udinese,Napoli,2024-12-14,3.4,92.7,0.0,0.0,2.4,5.8
Juventus,Venezia,2024-12-14,-0.3,92.0,0.0,0.0,2.8,6.1
Parma,Hellas Verona,2024-12-15,5.2,86.3,0.0,0.0,3.1,14.4
Bologna,Fiorentina,2024-12-15,5.0,85.3,0.0,0.0,4.6,20.2
Como,Roma,2024-12-15,6.0,58.7,0.0,0.0,9.7,28.8
Milan,Genoa,2024-12-15,-0.4,98.0,0.0,0.0,5.3,12.2
Lazio,Inter,2024-12-16,6.8,72.0,0.0,0.0,7.9,15.5
Torino,Bologna,2024-12-21,6.6,54.0,0.0,0.0,3.0,9.7
Genoa,Napoli,2024-12-21,5.1,59.7,0.0,0.0,4.8,14.8
Roma,Parma,2024-12-22,10.3,73.5,0.1,0.0,14.0,36.4
Venezia,Cagliari,2024-12-22,4.4,82.7,0.1,0.0,7.4,18.7
Monza,Juventus,2024-12-22,-0.0,96.5,0.0,0.0,2.5,7.9
Fiorentina,Udinese,2024-12-23,1.8,67.0,0.0,0.0,3.6,14.0
Inter,Como,2024-12-23,6.9,43.0,0.0,0.0,13.7,38.5
Parma,Monza,2024-12-28,7.0,74.0,0.0,0.0,2.6,8.3
Cagliari,Inter,2024-12-28,11.2,85.0,0.0,0.0,12.6,23.0
Lazio,Atalanta,2024-12-28,6.9,82.0,0.0,0.0,8.2,16.2
Udinese,Torino,2024-12-29,13.1,60.5,0.0,0.0,2.6,9.7
Napoli,Venezia,2024-12-29,12.8,65.7,0.0,0.0,4.2,11.2
Juventus,Fiorentina,2024-12-29,3.3,71.3,0.0,0.0,1.1,8.6
Milan,Roma,2024-12-29,2.0,85.0,0.0,0.0,3.4,10.8
Como,Lecce,2024-12-30,4.8,68.5,0.0,0.0,1.7,6.5
Bologna,Hellas Verona,2024-12-30,2.4,92.0,0.0,0.0,2.7,9.7
Venezia,Empoli,2025-01-04,5.5,62.0,0.0,0.0,2.9,18.0
Fiorentina,Napoli,2025-01-04,1.6,74.0,0.0,0.0,3.3,7.9
Monza,Cagliari,2025-01-05,4.4,82.5,0.0,0.0,2.4,12.6
Torino,Parma,2025-01-05,0.6,90.0,0.0,0.0,3.3,8.6
Roma,Lazio,2025-01-05,11.8,83.0,0.0,0.0,12.1,24.8
Lazio,Como,2025-01-10,9.9,98.5,0.0,0.0,1.2,4.3
Udinese,Atalanta,2025-01-11,5.8,42.7,0.0,0.0,9.0,20.2
Torino,Juventus,2025-01-11,2.0,80.0,0.0,0.0,2.4,8.3
Milan,Cagliari,2025-01-11,1.9,82.0,0.0,0.0,4.5,10.1
Genoa,Parma,2025-01-12,8.9,43.5,0.0,0.0,17.9,51.1
Venezia,Inter,2025-01-12,5.6,49.7,0.0,0.0,5.1,11.9
Bologna,Roma,2025-01-12,1.0,67.7,0.0,0.0,6.0,14.8
Napoli,Hellas Verona,2025-01-12,7.0,61.5,0.0,0.0,18.3,46.1
Monza,Fiorentina,2025-01-13,-0.6,72.5,0.0,0.0,4.4,10.8
Como,Milan,2025-01-14,1.2,85.0,0.0,0.0,5.4,12.2
Inter,Bologna,2025-01-15,-0.8,68.5,0.0,0.0,4.2,8.3
Roma,Genoa,2025-01-17,8.8,68.0,0.0,0.0,23.2,47.5
Bologna,Monza,2025-01-18,5.8,66.7,0.1,0.0,6.6,18.7
Juventus,Milan,2025-01-18,3.2,60.0,0.0,0.0,1.1,3.6
Fiorentina,Torino,2025-01-19,11.4,62.5,0.0,0.0,17.6,42.8
Parma,Venezia,2025-01-19,6.4,83.3,0.0,0.0,2.6,9.0
Cagliari,Lecce,2025-01-19,13.2,72.3,0.8,0.0,4.8,25.9
Inter,Empoli,2025-01-19,5.6,93.0,0.1,0.0,5.1,10.8
Como,Udinese,2025-01-20,6.0,89.0,0.0,0.0,5.7,13.7
Torino,Cagliari,2025-01-24,4.0,94.5,0.0,0.0,2.6,6.1
Como,Atalanta,2025-01-25,7.3,99.0,0.9,0.0,3.6,11.5
Napoli,Juventus,2025-01-25,11.5,94.7,0.0,0.0,3.4,11.2
Milan,Parma,2025-01-26,9.0,85.5,0.0,0.0,3.2,15.5
Udinese,Roma,2025-01-26,9.7,97.3,1.5,0.0,9.0,25.9
Lazio,Fiorentina,2025-01-26,8.6,87.5,0.0,0.0,5.2,9.4
Venezia,Hellas Verona,2025-01-27,8.8,95.5,2.5,0.0,15.2,38.9
Genoa,Monza,2025-01-27,13.3,100.0,3.6,0.0,13.8,47.9
Parma,Lecce,2025-01-31,6.2,100.0,0.8,0.0,8.9,16.9
Monza,Hellas Verona,2025-02-01,7.7,94.7,1.1,0.0,4.1,10.1
Udinese,Venezia,2025-02-01,10.7,59.0,0.0,0.0,5.9,15.8
Bologna,Como,2025-02-01,7.8,93.0,0.0,0.0,2.4,6.5
Juventus,Empoli,2025-02-02,11.4,65.0,0.0,0.0,3.4,14.4
Fiorentina,Genoa,2025-02-02,11.2,70.7,0.0,0.0,18.3,42.8
Milan,Inter,2025-02-02,8.4,80.3,0.0,0.0,0.9,2.9
Roma,Napoli,2025-02-02,9.6,71.0,0.0,0.0,15.6,31.3
Cagliari,Lazio,2025-02-03,11.4,87.0,0.0,0.0,2.8,7.6
Fiorentina,Inter,2025-02-06,1.8,95.5,0.0,0.0,7.8,17.6
Como,Juventus,2025-02-07,4.0,81.0,0.0,0.0,2.6,6.5
Torino,Genoa,2025-02-08,2.5,98.0,0.3,0.0,3.7,11.2
Venezia,Roma,2025-02-09,8.5,94.0,0.5,0.0,11.6,21.6
Cagliari,Parma,2025-02-09,15.2,56.3,0.0,0.0,4.4,15.8
Lazio,Monza,2025-02-09,14.3,70.3,0.0,0.0,8.7,27.4
Napoli,Udinese,2025-02-09,10.3,81.0,0.0,0.0,8.2,21.2
Inter,Fiorentina,2025-02-10,7.2,91.5,0.0,0.0,2.0,7.9
Bologna,Torino,2025-02-14,3.8,92.5,2.4,0.0,15.0,30.2
Lazio,Napoli,2025-02-15,7.0,68.7,0.0,0.0,26.9,58.0
Milan,Hellas Verona,2025-02-15,3.4,83.0,0.0,0.0,6.4,13.3
Fiorentina,Como,2025-02-16,11.4,53.0,0.0,0.0,5.0,16.6
Monza,Lecce,2025-02-16,5.9,68.3,0.0,0.0,3.3,12.2
Udinese,Empoli,2025-02-16,4.9,50.3,0.0,0.0,16.0,37.1
Parma,Roma,2025-02-16,4.0,82.0,0.0,0.0,7.1,14.4
Juventus,Inter,2025-02-16,1.4,91.5,0.0,0.0,4.0,11.2
Genoa,Venezia,2025-02-17,3.2,80.0,0.0,0.0,20.4,43.9
Venezia,Lazio,2025-02-22,8.9,72.3,0.0,0.0,6.2,18.7
Parma,Bologna,2025-02-22,11.0,74.3,0.0,0.0,3.7,12.6
Torino,Milan,2025-02-22,7.1,89.7,0.0,0.0,1.0,4.7
Inter,Genoa,2025-02-22,7.3,95.0,0.0,0.0,4.6,9.4
Como,Napoli,2025-02-23,13.5,73.0,0.0,0.0,6.6,21.6
Cagliari,Juventus,2025-02-23,13.5,82.5,0.0,0.0,12.8,23.8
Roma,Monza,2025-02-24,10.2,96.0,4.8,0.0,7.2,17.3
Bologna,Milan,2025-02-27,5.9,91.5,0.0,0.0,6.9,15.5
Fiorentina,Lecce,2025-02-28,7.0,96.0,2.3,0.0,5.2,13.7
Napoli,Inter,2025-03-01,11.8,80.3,0.5,0.0,9.7,22.3
Udinese,Parma,2025-03-01,4.0,78.0,0.0,0.0,7.0,22.7
Monza,Torino,2025-03-02,11.2,56.5,0.0,0.0,4.8,18.0
Genoa,Empoli,2025-03-02,13.6,41.3,0.0,0.0,17.3,41.8
Bologna,Cagliari,2025-03-02,11.3,52.7,0.0,0.0,10.9,27.4
Roma,Como,2025-03-02,12.4,69.7,0.0,0.0,16.2,37.4
Milan,Lazio,2025-03-02,6.6,76.5,0.0,0.0,2.2,4.0
Juventus,Hellas Verona,2025-03-03,5.8,69.5,0.0,0.0,0.4,2.2
Cagliari,Genoa,2025-03-07,12.2,86.0,0.0,0.0,4.8,10.8
Parma,Torino,2025-03-08,15.1,55.0,0.0,0.0,3.4,13.3
Como,Venezia,2025-03-08,15.4,40.7,0.0,0.0,7.9,26.6
Inter,Monza,2025-03-08,9.3,75.5,0.0,0.0,4.3,8.6
Napoli,Fiorentina,2025-03-09,16.2,72.3,0.0,0.0,14.7,40.0
Juventus,Atalanta,2025-03-09,7.3,96.5,2.3,0.0,5.7,12.6
Lazio,Udinese,2025-03-10,12.5,91.0,1.0,0.0,3.8,11.9
Genoa,Lecce,2025-03-14,10.2,94.5,3.6,0.0,3.6,13.3
Udinese,Hellas Verona,2025-03-15,11.3,78.7,3.4,0.0,9.4,31.7
Monza,Parma,2025-03-15,11.6,84.0,4.2,0.0,11.7,32.8
Milan,Como,2025-03-15,10.4,93.7,3.3,0.0,10.3,23.8
Torino,Empoli,2025-03-15,8.6,96.5,4.0,0.0,6.2,14.0
Venezia,Napoli,2025-03-16,14.0,58.0,0.0,0.0,10.0,31.7
Bologna,Lazio,2025-03-16,14.6,32.7,0.0,0.0,15.9,36.7
Roma,Cagliari,2025-03-16,12.4,61.3,0.0,0.0,14.9,43.6
Fiorentina,Juventus,2025-03-16,9.3,66.7,0.0,0.0,11.0,33.5
Como,Empoli,2025-03-29,16.3,55.0,0.5,0.0,5.0,34.2
Venezia,Bologna,2025-03-29,13.2,86.3,1.4,0.0,7.9,16.6
Juventus,Genoa,2025-03-29,12.9,71.7,0.0,0.0,3.1,11.5
Cagliari,Monza,2025-03-30,17.5,50.5,0.1,0.0,19.3,43.2
Fiorentina,Atalanta,2025-03-30,18.2,50.0,0.0,0.0,15.8,44.3
Inter,Udinese,2025-03-30,16.5,60.7,0.0,0.0,6.4,14.4
Napoli,Milan,2025-03-30,12.6,77.0,0.0,0.0,4.9,12.2
Lazio,Torino,2025-03-31,10.8,52.5,0.0,0.0,22.6,46.8
Genoa,Udinese,2025-04-04,12.7,76.5,0.0,0.0,4.7,16.2
Monza,Como,2025-04-05,21.6,40.7,0.0,0.0,8.2,23.8
Parma,Inter,2025-04-05,16.8,73.3,0.0,0.0,6.3,17.6
Milan,Fiorentina,2025-04-05,14.4,60.0,0.0,0.0,10.1,25.6
Torino,Hellas Verona,2025-04-06,22.4,41.7,0.0,0.0,12.7,40.0
Roma,Juventus,2025-04-06,12.2,66.0,0.0,0.0,15.8,43.2
Bologna,Napoli,2025-04-07,6.2,70.0,0.0,0.0,8.8,20.5
Udinese,Milan,2025-04-11,10.9,86.5,0.0,0.0,0.6,3.6
Venezia,Monza,2025-04-12,16.5,66.7,0.0,0.0,8.6,25.9
Inter,Cagliari,2025-04-12,18.2,55.3,0.0,0.0,6.7,18.0
Juventus,Lecce,2025-04-12,14.4,69.0,0.0,0.0,4.5,11.5
Fiorentina,Parma,2025-04-13,14.2,94.0,7.1,0.0,4.2,12.2
Como,Torino,2025-04-13,14.5,73.0,0.0,0.0,4.8,13.0
Lazio,Roma,2025-04-13,15.3,64.5,0.7,0.0,8.6,23.4
Napoli,Empoli,2025-04-14,16.5,82.5,1.2,0.0,25.3,59.4
Monza,Napoli,2025-04-19,14.7,79.0,0.0,0.0,3.7,14.0
Roma,Hellas Verona,2025-04-19,13.2,72.5,0.0,0.0,6.3,14.8
Bologna,Inter,2025-04-20,16.5,74.3,0.4,0.0,11.9,27.0
Milan,Atalanta,2025-04-20,12.8,83.5,0.0,0.0,7.2,20.5
Cagliari,Fiorentina,2025-04-23,15.2,80.0,0.0,0.0,21.0,42.1
Parma,Juventus,2025-04-23,16.7,85.5,0.0,0.0,6.6,12.2
Torino,Udinese,2025-04-23,14.8,85.0,0.4,0.0,14.8,34.6
Genoa,Lazio,2025-04-23,14.4,93.5,0.1,0.0,11.2,30.2
Como,Genoa,2025-04-27,19.3,60.5,0.2,0.0,5.4,22.7
Venezia,Milan,2025-04-27,20.5,53.5,0.0,0.0,14.1,33.8
Inter,Roma,2025-04-27,19.6,59.3,0.0,0.0,9.7,31.3
Fiorentina,Empoli,2025-04-27,19.8,62.0,1.8,0.0,9.9,35.3
Juventus,Monza,2025-04-27,15.6,84.7,0.0,0.0,2.7,15.5
Napoli,Torino,2025-04-27,16.3,80.5,0.0,0.0,8.9,22.0
Udinese,Bologna,2025-04-28,17.6,71.0,0.0,0.0,4.2,10.1
Lazio,Parma,2025-04-28,14.8,86.5,0.0,0.0,8.9,18.4
Torino,Venezia,2025-05-02,18.9,67.5,0.0,0.0,3.4,8.3
Parma,Como,2025-05-03,23.6,45.3,0.0,0.0,16.0,36.4
Cagliari,Udinese,2025-05-03,22.2,56.3,0.0,0.0,16.2,40.0
Inter,Hellas Verona,2025-05-03,17.4,59.5,0.0,0.0,11.2,24.8
Monza,Atalanta,2025-05-04,20.2,66.7,7.6,0.0,5.7,32.4
Roma,Fiorentina,2025-05-04,17.3,67.3,0.0,0.0,10.7,27.4
Bologna,Juventus,2025-05-04,18.2,71.0,0.0,0.0,10.6,24.5
Genoa,Milan,2025-05-05,14.5,97.0,1.4,0.0,7.5,18.0
Milan,Bologna,2025-05-09,14.2,84.0,0.0,0.0,5.8,13.7
Como,Cagliari,2025-05-10,18.6,60.7,0.1,0.0,3.9,18.0
Lazio,Juventus,2025-05-10,18.7,75.7,0.0,0.0,2.8,18.7
Udinese,Monza,2025-05-11,21.8,49.5,0.0,0.0,6.6,20.5
Torino,Inter,2025-05-11,14.8,89.3,0.3,0.0,3.4,38.2
Napoli,Genoa,2025-05-11,15.6,86.5,0.0,0.0,3.2,8.6
Venezia,Fiorentina,2025-05-12,16.5,81.5,0.0,0.0,17.4,35.6
Genoa,Atalanta,2025-05-17,14.2,77.5,0.0,0.0,6.8,17.3
Parma,Napoli,2025-05-18,16.4,68.5,0.0,0.0,13.4,26.3
Fiorentina,Bologna,2025-05-18,15.1,83.5,0.0,0.0,4.8,15.8
Cagliari,Venezia,2025-05-18,18.0,85.0,0.0,0.0,3.6,11.5
Roma,Milan,2025-05-18,15.5,82.0,0.0,0.0,4.0,10.1
Monza,Empoli,2025-05-18,17.6,59.5,0.0,0.0,8.8,19.1
Juventus,Udinese,2025-05-18,16.2,83.0,0.0,0.0,2.6,9.7
Inter,Lazio,2025-05-18,17.5,61.5,0.0,0.0,10.0,26.3
Napoli,Cagliari,2025-05-23,16.8,81.5,0.0,0.0,2.8,7.2
Como,Inter,2025-05-23,13.8,83.5,0.0,0.0,2.8,13.7
Bologna,Genoa,2025-05-24,17.1,47.7,0.0,0.0,9.9,23.8
Milan,Monza,2025-05-24,16.0,73.5,0.0,0.0,5.6,12.6
Udinese,Fiorentina,2025-05-25,13.6,83.5,0.0,0.0,1.6,4.3
Lazio,Lecce,2025-05-25,17.0,64.5,0.0,0.0,12.2,30.2
Torino,Roma,2025-05-25,17.4,85.5,0.0,0.0,2.9,8.6
Venezia,Juventus,2025-05-25,16.4,75.5,0.0,0.0,5.6,14.8
Empoli,Hellas Verona,2023-08-19,31.6,38.0,0.0,0.0,4.4,15.1
Frosinone,Napoli,2023-08-19,27.2,69.0,0.0,0.0,4.4,14.4
Genoa,Fiorentina,2023-08-19,26.6,65.5,0.0,0.0,3.8,13.0
Inter,Monza,2023-08-19,27.8,55.5,0.0,0.0,7.6,11.2
Roma,Salernitana,2023-08-20,29.4,55.5,0.0,0.0,10.3,27.4
Sassuolo,Atalanta,2023-08-20,29.6,45.5,0.0,0.0,7.8,18.7
Udinese,Juventus,2023-08-20,24.2,77.5,0.0,0.0,4.4,9.4
Torino,Cagliari,2023-08-21,31.8,39.0,0.0,0.0,5.0,16.9
Bologna,Milan,2023-08-21,26.2,52.5,0.0,0.0,6.2,12.2
Frosinone,Atalanta,2023-08-26,26.8,58.0,0.0,0.0,6.2,15.5
Monza,Empoli,2023-08-26,21.3,87.5,1.5,0.0,16.4,42.1
Milan,Torino,2023-08-26,22.2,78.5,0.0,0.0,12.3,26.6
Fiorentina,Lecce,2023-08-27,28.6,50.5,0.0,0.0,3.8,16.6
Juventus,Bologna,2023-08-27,19.4,91.0,5.0,0.0,6.0,13.7
Napoli,Sassuolo,2023-08-27,23.6,75.0,0.0,0.0,5.8,11.5
Lazio,Genoa,2023-08-27,28.8,28.5,0.0,0.0,11.2,20.9
Salernitana,Udinese,2023-08-28,23.2,67.0,0.0,0.0,15.1,36.4
Cagliari,Inter,2023-08-28,22.8,54.0,0.0,0.0,21.6,38.9
Sassuolo,Hellas Verona,2023-09-01,23.2,63.5,0.0,0.0,6.6,10.1
Roma,Milan,2023-09-01,20.2,91.0,0.0,0.0,1.8,6.1
Udinese,Frosinone,2023-09-02,21.6,86.0,0.0,0.0,4.3,11.5
Bologna,Cagliari,2023-09-02,24.2,66.0,0.0,0.0,10.1,20.2
Napoli,Lazio,2023-09-02,21.3,94.0,0.0,0.0,4.3,12.6
Torino,Genoa,2023-09-03,23.6,60.0,0.0,0.0,6.4,11.5
Inter,Fiorentina,2023-09-03,23.4,76.5,0.0,0.0,6.4,8.3
Empoli,Juventus,2023-09-03,23.6,64.0,0.0,0.0,3.0,8.3
Juventus,Lazio,2023-09-16,21.7,76.3,8.1,0.0,5.6,16.9
Inter,Milan,2023-09-16,20.6,88.3,5.4,0.0,8.3,16.2
Genoa,Napoli,2023-09-16,20.8,92.5,0.4,0.0,4.0,15.1
Cagliari,Udinese,2023-09-17,31.6,58.0,0.0,0.0,23.0,42.5
Monza,Lecce,2023-09-17,24.5,70.3,0.1,0.0,6.6,20.5
Frosinone,Sassuolo,2023-09-17,30.0,45.0,0.0,0.0,13.6,32.4
Fiorentina,Atalanta,2023-09-17,26.5,53.7,0.0,0.0,6.8,17.6
Roma,Empoli,2023-09-17,22.7,82.0,0.0,0.0,4.4,6.1
Salernitana,Torino,2023-09-18,25.4,71.0,0.0,0.0,3.1,9.7
Salernitana,Frosinone,2023-09-22,26.4,66.5,0.0,0.0,2.8,10.4
Milan,Hellas Verona,2023-09-23,21.7,57.7,0.0,0.0,4.0,15.5
Sassuolo,Juventus,2023-09-23,17.9,78.0,1.6,0.0,6.5,18.4
Lazio,Monza,2023-09-23,16.9,87.5,0.0,0.0,9.6,18.7
Empoli,Inter,2023-09-24,23.4,42.0,0.0,0.0,19.1,41.8
Udinese,Fiorentina,2023-09-24,19.9,61.0,0.0,0.0,10.4,28.1
Bologna,Napoli,2023-09-24,17.1,62.3,0.0,0.0,7.5,15.8
Torino,Roma,2023-09-24,15.8,60.5,0.0,0.0,2.3,6.5
Juventus,Lecce,2023-09-26,16.6,74.5,0.0,0.0,4.4,9.4
Empoli,Salernitana,2023-09-27,21.0,57.0,0.0,0.0,8.3,22.3
Cagliari,Milan,2023-09-27,23.0,67.5,0.0,0.0,4.6,19.8
Napoli,Udinese,2023-09-27,21.3,63.0,0.0,0.0,8.0,20.9
Lazio,Torino,2023-09-27,20.0,68.5,0.0,0.0,14.4,28.1
Inter,Sassuolo,2023-09-27,18.2,78.0,0.0,0.0,9.6,16.9
Monza,Bologna,2023-09-28,18.8,78.0,0.0,0.0,4.6,8.6
Frosinone,Fiorentina,2023-09-28,21.8,67.0,0.0,0.0,3.8,7.6
Genoa,Roma,2023-09-28,19.4,68.5,0.0,0.0,11.2,24.1
Milan,Lazio,2023-09-30,21.6,71.3,0.0,0.0,5.3,8.3
Salernitana,Inter,2023-09-30,19.5,69.5,0.0,0.0,5.6,14.0
Bologna,Empoli,2023-10-01,26.8,37.0,0.0,0.0,7.4,20.9
Udinese,Genoa,2023-10-01,24.3,61.7,0.0,0.0,4.6,13.3
Roma,Frosinone,2023-10-01,18.1,97.0,0.0,0.0,4.0,6.5
Torino,Hellas Verona,2023-10-02,20.2,79.0,0.0,0.0,6.2,9.7
Sassuolo,Monza,2023-10-02,20.3,60.0,0.0,0.0,7.8,12.6
Fiorentina,Cagliari,2023-10-02,18.8,65.5,0.0,0.0,5.9,10.4
Empoli,Udinese,2023-10-06,22.0,62.0,0.0,0.0,4.0,9.0
Inter,Bologna,2023-10-07,24.3,61.7,0.0,0.0,6.1,19.1
Juventus,Torino,2023-10-07,21.3,66.7,0.0,0.0,4.6,11.9
Genoa,Milan,2023-10-07,18.2,91.5,0.0,0.0,7.6,18.7
Monza,Salernitana,2023-10-08,26.2,55.5,0.0,0.0,9.2,19.4
Frosinone,Hellas Verona,2023-10-08,26.5,54.0,0.0,0.0,6.1,14.4
Lazio,Atalanta,2023-10-08,27.1,50.0,0.0,0.0,12.2,27.4
Cagliari,Roma,2023-10-08,22.4,78.0,0.0,0.0,9.1,28.8
Napoli,Fiorentina,2023-10-08,20.0,90.0,0.0,0.0,5.1,10.8
Torino,Inter,2023-10-21,13.5,91.7,1.6,0.0,7.1,26.6
Sassuolo,Lazio,2023-10-21,13.4,92.5,0.0,0.0,6.2,10.1
Roma,Monza,2023-10-22,22.9,51.0,0.0,0.0,12.0,26.6
Salernitana,Cagliari,2023-10-22,21.1,77.3,1.0,0.0,5.0,19.4
Bologna,Frosinone,2023-10-22,21.6,42.0,0.0,0.0,12.9,25.2
Milan,Juventus,2023-10-22,13.8,88.0,0.1,0.0,6.4,13.0
Udinese,Lecce,2023-10-23,15.8,87.5,0.0,0.0,3.2,9.7
Fiorentina,Empoli,2023-10-23,17.6,89.5,0.1,0.0,5.0,13.7
Genoa,Salernitana,2023-10-27,15.6,90.5,0.0,0.0,6.5,17.3
Sassuolo,Bologna,2023-10-28,19.1,52.3,0.0,0.0,9.3,31.0
Juventus,Hellas Verona,2023-10-28,8.8,82.0,0.0,0.0,6.2,9.7
Cagliari,Frosinone,2023-10-29,25.0,71.5,0.0,0.0,20.7,43.9
Monza,Udinese,2023-10-29,15.3,82.3,0.1,0.0,11.5,31.0
Inter,Roma,2023-10-29,14.6,91.3,0.5,0.0,8.4,17.3
Napoli,Milan,2023-10-29,17.2,89.0,0.0,0.0,6.2,13.7
Empoli,Atalanta,2023-10-30,18.1,88.0,7.4,0.0,18.4,63.0
Lazio,Fiorentina,2023-10-30,20.3,81.0,13.7,0.0,32.8,67.0
Bologna,Lazio,2023-11-03,11.2,75.5,0.0,0.0,19.9,39.2
Salernitana,Napoli,2023-11-04,17.6,60.7,0.0,0.0,11.3,32.8
Milan,Udinese,2023-11-04,9.9,90.5,5.6,0.0,12.8,24.5
Cagliari,Genoa,2023-11-05,21.4,55.0,0.0,0.0,26.9,51.1
Roma,Lecce,2023-11-05,16.2,83.7,0.0,0.0,11.3,29.9
Fiorentina,Juventus,2023-11-05,14.4,81.0,0.0,0.0,13.0,31.7
Frosinone,Empoli,2023-11-06,14.8,78.5,0.0,0.0,2.5,7.2
Torino,Sassuolo,2023-11-06,8.0,82.5,0.0,0.0,5.2,8.6
Sassuolo,Salernitana,2023-11-10,8.0,94.5,0.0,0.0,6.0,9.7
Genoa,Hellas Verona,2023-11-10,8.4,74.5,0.0,0.0,17.0,37.8
Juventus,Cagliari,2023-11-11,4.3,68.7,0.0,0.0,6.1,11.5
Monza,Torino,2023-11-11,4.4,83.5,0.0,0.0,4.9,14.0
Napoli,Empoli,2023-11-12,17.2,81.0,1.9,0.0,16.6,45.7
Fiorentina,Bologna,2023-11-12,12.0,83.7,0.0,0.0,3.8,15.5
Udinese,Atalanta,2023-11-12,12.2,71.3,0.0,0.0,4.6,15.1
Lazio,Roma,2023-11-12,11.2,97.0,0.0,0.0,7.3,19.1
Inter,Frosinone,2023-11-12,6.8,75.0,0.0,0.0,8.8,15.5
Salernitana,Lazio,2023-11-25,9.1,54.0,0.2,0.0,26.8,63.7
Milan,Fiorentina,2023-11-25,4.7,35.5,0.0,0.0,13.8,27.0
Cagliari,Monza,2023-11-26,15.6,41.0,0.0,0.0,19.6,36.0
Empoli,Sassuolo,2023-11-26,10.7,50.3,0.0,0.0,3.0,7.6
Frosinone,Genoa,2023-11-26,10.8,44.7,0.0,0.0,5.0,13.3
Roma,Udinese,2023-11-26,6.0,76.0,0.0,0.0,4.8,6.8
Juventus,Inter,2023-11-26,-0.2,72.0,0.0,0.0,3.6,7.6
Bologna,Torino,2023-11-27,5.8,77.0,0.0,0.0,3.5,8.3
Monza,Juventus,2023-12-01,6.6,98.0,5.1,0.0,10.5,33.8
Genoa,Empoli,2023-12-02,12.2,63.0,0.0,0.0,4.2,19.8
Lazio,Cagliari,2023-12-02,12.0,67.0,0.0,0.0,19.3,38.9
Milan,Frosinone,2023-12-02,6.2,28.0,0.0,0.0,23.8,49.3
Udinese,Hellas Verona,2023-12-03,4.4,57.7,0.0,0.0,10.0,20.5
Fiorentina,Salernitana,2023-12-03,8.5,62.0,0.0,0.0,17.0,40.7
Sassuolo,Roma,2023-12-03,2.5,82.0,0.0,0.0,8.0,13.0
Napoli,Inter,2023-12-03,9.2,72.0,0.0,0.0,11.3,25.9
Torino,Atalanta,2023-12-04,0.2,92.5,0.0,0.0,3.2,8.3
Juventus,Napoli,2023-12-08,0.4,100.0,0.0,0.0,3.5,6.8
Inter,Udinese,2023-12-09,3.3,95.5,0.3,0.0,3.2,11.5
Frosinone,Torino,2023-12-10,15.4,60.0,0.0,0.0,17.0,40.0
Monza,Genoa,2023-12-10,8.0,79.7,0.0,0.0,14.8,30.2
Salernitana,Bologna,2023-12-10,12.4,63.3,0.0,0.0,22.5,54.4
Roma,Fiorentina,2023-12-10,9.6,79.5,0.0,0.0,17.0,31.3
Empoli,Lecce,2023-12-11,11.1,90.0,0.0,0.0,1.5,6.8
Cagliari,Sassuolo,2023-12-11,14.7,89.0,0.0,0.0,14.4,24.5
Genoa,Juventus,2023-12-15,8.2,56.0,0.0,0.0,17.6,36.4
Napoli,Cagliari,2023-12-16,8.8,51.0,0.0,0.0,18.3,44.3
Torino,Empoli,2023-12-16,-1.6,94.5,0.0,0.0,7.0,10.8
Milan,Monza,2023-12-17,7.0,79.5,0.0,0.0,8.4,18.4
Udinese,Sassuolo,2023-12-17,6.7,85.3,0.0,0.0,6.1,10.4
Fiorentina,Hellas Verona,2023-12-17,10.2,53.0,0.0,0.0,10.5,27.4
Bologna,Roma,2023-12-17,3.0,87.0,0.0,0.0,4.6,10.4
Lazio,Inter,2023-12-17,4.9,89.0,0.0,0.0,10.3,20.9
Empoli,Lazio,2023-12-22,8.8,94.0,0.0,0.0,9.2,20.5
Sassuolo,Genoa,2023-12-22,11.6,55.0,0.0,0.0,15.9,27.4
Monza,Fiorentina,2023-12-22,11.0,47.5,0.0,0.0,15.7,26.6
Salernitana,Milan,2023-12-22,10.2,88.0,0.0,0.0,5.6,14.4
Frosinone,Juventus,2023-12-23,12.2,76.0,0.0,0.0,7.4,19.1
Torino,Udinese,2023-12-23,16.1,37.3,0.0,0.0,16.2,39.2
Bologna,Atalanta,2023-12-23,16.3,54.3,0.0,0.0,18.0,45.0
Inter,Lecce,2023-12-23,10.1,75.0,0.0,0.0,16.2,27.0
Roma,Napoli,2023-12-23,10.8,91.0,0.0,0.0,11.7,20.5
Fiorentina,Torino,2023-12-29,9.8,96.5,0.0,0.0,4.0,8.6
Napoli,Monza,2023-12-29,13.0,81.5,0.0,0.0,4.3,9.4
Genoa,Inter,2023-12-29,10.8,95.5,0.0,0.0,4.0,7.6
Lazio,Frosinone,2023-12-29,10.3,93.0,0.0,0.0,3.8,8.3
Cagliari,Empoli,2023-12-30,15.0,77.7,0.0,0.0,3.4,11.2
Udinese,Bologna,2023-12-30,10.2,81.3,0.0,0.0,3.8,12.6
Milan,Sassuolo,2023-12-30,8.1,84.0,0.0,0.0,3.6,8.3
Juventus,Roma,2023-12-30,2.4,95.0,0.0,0.0,3.2,4.7
Bologna,Genoa,2024-01-05,10.5,91.5,0.3,0.0,15.2,31.3
Inter,Hellas Verona,2024-01-06,6.7,89.5,0.0,0.0,8.2,16.6
Frosinone,Monza,2024-01-06,12.8,80.0,1.2,0.0,3.8,13.3
Sassuolo,Fiorentina,2024-01-06,6.4,95.0,2.1,0.0,13.8,24.8
Empoli,Milan,2024-01-07,8.0,81.5,2.1,0.0,15.5,35.3
Torino,Napoli,2024-01-07,7.8,76.0,0.0,0.0,4.3,16.6
Udinese,Lazio,2024-01-07,8.9,59.7,0.0,0.0,8.8,16.2
Salernitana,Juventus,2024-01-07,9.9,94.7,1.4,0.0,2.7,16.6
Roma,Atalanta,2024-01-07,7.8,91.5,0.0,0.0,9.6,18.4
Genoa,Torino,2024-01-13,9.4,87.0,0.4,0.0,13.2,33.1
Napoli,Salernitana,2024-01-13,10.0,56.7,0.0,0.0,6.1,15.8
Monza,Inter,2024-01-13,-1.2,88.5,0.0,0.0,7.4,11.2
Lazio,Lecce,2024-01-14,12.8,70.0,0.0,0.0,6.4,16.9
Cagliari,Bologna,2024-01-14,14.3,76.3,0.0,0.0,4.5,15.8
Fiorentina,Udinese,2024-01-14,8.4,80.0,0.0,0.0,5.8,16.2
Milan,Roma,2024-01-14,0.9,89.0,0.0,0.0,4.0,6.8
Juventus,Sassuolo,2024-01-16,-0.8,100.0,0.0,0.0,3.9,6.8
Roma,Hellas Verona,2024-01-20,5.6,46.0,0.0,0.0,31.3,57.6
Udinese,Milan,2024-01-20,-4.4,70.0,0.0,0.0,7.0,14.4
Frosinone,Cagliari,2024-01-21,10.8,37.0,0.0,0.0,3.6,14.0
Empoli,Monza,2024-01-21,8.4,35.3,0.0,0.0,10.3,28.1
Salernitana,Genoa,2024-01-21,7.0,67.0,0.0,0.0,6.6,20.5
Cagliari,Torino,2024-01-26,12.6,86.0,0.0,0.0,17.2,33.8
Juventus,Empoli,2024-01-27,9.5,63.7,0.0,0.0,3.3,5.4
Milan,Bologna,2024-01-27,4.2,94.0,0.0,0.0,14.4,24.8
Genoa,Lecce,2024-01-28,13.6,61.0,0.0,0.0,9.2,24.1
Monza,Sassuolo,2024-01-28,5.3,87.7,0.0,0.0,4.5,14.8
Lazio,Napoli,2024-01-28,10.1,80.3,0.0,0.0,2.8,8.3
Fiorentina,Inter,2024-01-28,2.0,87.5,0.0,0.0,5.2,10.8
Salernitana,Roma,2024-01-29,7.4,80.0,0.0,0.0,7.6,18.4
Empoli,Genoa,2024-02-03,12.3,78.3,0.0,0.0,6.7,17.6
Udinese,Monza,2024-02-03,8.4,69.7,0.0,0.0,6.1,13.7
Frosinone,Milan,2024-02-03,10.0,78.0,0.0,0.0,2.6,7.6
Bologna,Sassuolo,2024-02-03,7.6,86.5,0.0,0.0,13.4,24.8
Torino,Salernitana,2024-02-04,13.4,54.5,0.0,0.0,1.6,11.2
Napoli,Hellas Verona,2024-02-04,14.5,75.7,0.0,0.0,8.0,23.0
Inter,Juventus,2024-02-04,8.6,90.0,0.0,0.0,15.8,25.9
Roma,Cagliari,2024-02-05,8.3,95.5,0.0,0.0,9.0,11.5
Salernitana,Empoli,2024-02-09,12.7,55.5,0.0,0.0,2.8,11.5
Cagliari,Lazio,2024-02-10,14.4,80.3,0.6,0.0,16.4,35.3
Roma,Inter,2024-02-10,12.0,93.0,9.1,0.0,19.3,38.9
Sassuolo,Torino,2024-02-10,9.4,95.0,1.5,0.0,9.9,28.8
Fiorentina,Frosinone,2024-02-11,12.8,74.0,0.1,0.0,17.1,41.8
Monza,Hellas Verona,2024-02-11,11.6,79.7,0.1,0.0,8.4,22.0
Bologna,Lecce,2024-02-11,10.9,88.7,1.0,0.0,10.2,27.4
Genoa,Atalanta,2024-02-11,8.7,84.7,0.0,0.0,6.2,17.3
Milan,Napoli,2024-02-11,6.2,97.5,0.0,0.0,7.6,11.2
Juventus,Udinese,2024-02-12,4.2,93.0,0.0,0.0,4.2,6.5
Bologna,Fiorentina,2024-02-14,6.9,88.0,0.0,0.0,3.7,10.4
Torino,Lecce,2024-02-16,7.0,80.7,0.0,0.0,6.8,10.8
Inter,Salernitana,2024-02-16,7.2,91.3,0.0,0.0,4.4,6.5
Napoli,Genoa,2024-02-17,15.4,90.7,0.0,0.0,6.9,21.2
Lazio,Bologna,2024-02-18,17.4,65.0,0.0,0.0,4.6,14.0
Empoli,Fiorentina,2024-02-18,16.4,61.0,0.0,0.0,6.0,13.0
Udinese,Cagliari,2024-02-18,15.1,62.3,0.0,0.0,3.8,19.8
Frosinone,Roma,2024-02-18,10.8,93.0,0.0,0.0,6.6,11.2
Monza,Milan,2024-02-18,8.8,91.5,0.0,0.0,7.1,11.9
Torino,Lazio,2024-02-22,6.5,92.5,0.8,0.0,3.0,9.4
Bologna,Hellas Verona,2024-02-23,9.8,73.5,0.0,0.0,17.5,37.1
Sassuolo,Empoli,2024-02-24,11.2,62.3,0.0,0.0,8.9,26.3
Salernitana,Monza,2024-02-24,10.7,85.3,0.0,0.0,2.3,13.3
Genoa,Udinese,2024-02-24,7.5,88.0,0.2,0.0,7.5,19.8
Juventus,Frosinone,2024-02-25,8.2,72.5,0.0,0.0,5.0,15.8
Cagliari,Napoli,2024-02-25,14.9,42.3,0.0,0.0,20.6,40.0
Milan,Atalanta,2024-02-25,6.6,89.0,0.1,0.0,9.7,17.3
Roma,Torino,2024-02-26,11.7,83.5,1.0,0.0,20.7,37.8
Fiorentina,Lazio,2024-02-26,10.5,86.5,1.8,0.0,14.4,38.2
Sassuolo,Napoli,2024-02-28,11.6,92.3,0.7,0.0,8.6,18.4
Inter,Atalanta,2024-02-28,8.7,93.5,0.0,0.0,5.4,10.4
Lazio,Milan,2024-03-01,9.6,91.5,0.9,0.0,7.4,15.8
Udinese,Salernitana,2024-03-02,12.3,77.7,0.6,0.0,4.8,19.4
Monza,Roma,2024-03-02,9.2,94.3,0.6,0.0,12.1,24.5
Torino,Fiorentina,2024-03-02,7.4,92.0,0.1,0.0,14.5,31.0
Empoli,Cagliari,2024-03-03,13.1,69.0,2.3,0.0,12.5,36.4
Frosinone,Lecce,2024-03-03,14.5,64.0,0.0,0.0,11.5,28.4
Napoli,Juventus,2024-03-03,13.0,77.0,1.9,0.0,21.9,48.2
Inter,Genoa,2024-03-04,8.0,88.5,0.0,0.0,8.8,14.8
Napoli,Torino,2024-03-08,9.6,84.0,1.7,0.0,10.4,20.2
Cagliari,Salernitana,2024-03-09,14.6,79.0,0.0,0.0,23.8,42.5
Sassuolo,Frosinone,2024-03-09,11.6,70.3,0.0,0.0,7.5,19.4
Bologna,Inter,2024-03-09,10.3,84.3,0.8,0.0,12.1,24.5
Genoa,Monza,2024-03-09,10.1,91.5,1.7,0.0,11.0,36.0
Milan,Empoli,2024-03-10,8.4,85.3,0.2,0.0,6.9,28.4
Juventus,Atalanta,2024-03-10,7.3,88.0,0.0,0.0,6.4,16.6
Fiorentina,Roma,2024-03-10,7.8,92.0,0.0,0.0,6.7,20.9
Lazio,Udinese,2024-03-11,8.6,96.0,0.2,0.0,6.6,11.9
Empoli,Bologna,2024-03-15,11.0,94.0,0.1,0.0,3.4,8.3
Udinese,Torino,2024-03-16,16.6,61.7,0.0,0.0,4.4,14.4
Monza,Cagliari,2024-03-16,18.2,60.7,0.0,0.0,8.3,19.4
Salernitana,Lecce,2024-03-16,12.8,91.3,0.2,0.0,2.9,11.2
Frosinone,Lazio,2024-03-16,10.4,93.0,0.0,0.0,2.4,6.1
Juventus,Genoa,2024-03-17,16.8,58.0,0.0,0.0,5.5,18.0
Roma,Sassuolo,2024-03-17,13.7,86.3,0.0,0.0,8.2,23.8
Inter,Napoli,2024-03-17,12.4,86.0,0.0,0.0,8.8,14.4
Napoli,Atalanta,2024-03-30,20.5,41.5,0.0,0.0,29.0,67.3
Torino,Monza,2024-03-30,9.9,92.7,4.3,0.0,3.6,29.9
Genoa,Frosinone,2024-03-30,15.9,71.7,0.1,0.0,27.6,64.1
Lazio,Juventus,2024-03-30,17.0,60.7,0.0,0.0,14.0,38.9
Fiorentina,Milan,2024-03-30,15.4,69.0,0.0,0.0,7.9,22.3
Bologna,Salernitana,2024-04-01,16.5,60.0,0.2,0.0,9.8,32.8
Sassuolo,Udinese,2024-04-01,16.1,53.3,0.0,0.0,4.7,12.6
Cagliari,Hellas Verona,2024-04-01,14.7,78.3,1.0,0.0,21.1,41.8
Inter,Empoli,2024-04-01,8.2,92.5,0.0,0.0,6.9,13.3
Salernitana,Sassuolo,2024-04-05,13.2,95.5,0.0,0.0,2.8,8.3
Milan,Lecce,2024-04-06,21.3,56.3,0.0,0.0,8.2,19.4
Roma,Lazio,2024-04-06,14.2,75.0,0.0,0.0,6.6,22.0
Empoli,Torino,2024-04-06,12.1,83.5,0.0,0.0,6.8,12.6
Frosinone,Bologna,2024-04-07,24.2,51.0,0.0,0.0,1.8,11.5
Monza,Napoli,2024-04-07,22.4,59.7,0.0,0.0,6.3,20.9
Cagliari,Atalanta,2024-04-07,17.2,66.3,0.0,0.0,9.0,27.0
Juventus,Fiorentina,2024-04-07,16.1,82.5,0.0,0.0,3.6,5.4
Udinese,Inter,2024-04-08,14.1,95.0,0.0,0.0,3.5,8.6
Lazio,Salernitana,2024-04-12,17.0,88.0,0.0,0.0,8.3,11.2
Torino,Juventus,2024-04-13,21.7,73.3,0.0,0.0,5.3,11.2
Bologna,Monza,2024-04-13,14.8,91.5,0.0,0.0,8.0,16.6
Napoli,Frosinone,2024-04-14,24.8,60.0,0.0,0.0,9.2,24.8
Sassuolo,Milan,2024-04-14,26.9,53.7,0.0,0.0,3.4,14.0
Inter,Cagliari,2024-04-14,18.3,48.5,0.0,0.0,12.4,24.1
Fiorentina,Genoa,2024-04-15,15.6,73.5,0.0,0.0,4.9,20.9
Genoa,Lazio,2024-04-19,12.0,66.0,0.0,0.0,10.8,33.1
Cagliari,Juventus,2024-04-19,12.3,70.0,0.0,0.0,14.6,27.4
Empoli,Napoli,2024-04-20,11.2,66.7,0.0,0.0,7.5,25.2
Sassuolo,Lecce,2024-04-21,14.6,38.0,0.0,0.0,5.6,22.0
Torino,Frosinone,2024-04-21,15.1,30.0,0.0,0.0,12.0,31.3
Salernitana,Fiorentina,2024-04-21,13.6,60.0,0.0,0.0,8.2,20.2
Monza,Atalanta,2024-04-21,6.3,86.5,3.0,0.0,17.8,39.2
Roma,Bologna,2024-04-22,12.4,77.0,0.0,0.0,4.8,16.2
Milan,Inter,2024-04-22,5.9,91.0,1.5,0.0,6.8,12.6
Udinese,Roma,2024-04-25,6.3,74.3,0.0,0.0,6.8,15.5
Frosinone,Salernitana,2024-04-26,9.8,88.5,0.0,0.0,5.4,8.6
Juventus,Milan,2024-04-27,9.8,86.7,0.5,0.0,3.0,10.8
Lazio,Hellas Verona,2024-04-27,14.0,70.0,0.0,0.0,5.9,9.7
Inter,Torino,2024-04-28,14.8,81.0,0.1,0.0,9.4,19.8
Bologna,Udinese,2024-04-28,19.3,71.0,0.6,0.0,14.4,31.7
Napoli,Roma,2024-04-28,17.3,81.0,0.0,0.0,4.2,10.8
Fiorentina,Sassuolo,2024-04-28,13.3,92.5,0.0,0.0,5.5,11.5
Genoa,Cagliari,2024-04-29,16.4,82.5,0.0,0.0,17.0,34.9
Torino,Bologna,2024-05-03,12.0,91.5,0.6,0.0,6.6,20.9
Monza,Lazio,2024-05-04,16.5,73.3,0.0,0.0,4.8,13.0
Sassuolo,Inter,2024-05-04,14.1,81.5,0.0,0.0,6.2,11.2
Cagliari,Lecce,2024-05-05,19.6,59.0,0.0,0.0,18.4,37.1
Empoli,Frosinone,2024-05-05,19.7,53.0,0.0,0.0,13.9,28.4
Milan,Genoa,2024-05-05,16.4,66.7,0.0,0.0,16.1,33.5
Roma,Juventus,2024-05-05,13.4,84.0,0.0,0.0,4.1,10.1
Salernitana,Atalanta,2024-05-06,17.9,72.0,0.0,0.0,2.7,11.5
Udinese,Napoli,2024-05-06,13.5,88.0,0.0,0.0,7.6,15.1
Frosinone,Inter,2024-05-10,14.6,87.0,0.0,0.0,4.4,8.3
Napoli,Bologna,2024-05-11,18.2,74.7,0.0,0.0,5.2,23.4
Milan,Cagliari,2024-05-11,18.8,64.0,0.0,0.0,6.7,9.4
Lazio,Empoli,2024-05-12,24.0,45.5,0.0,0.0,11.6,29.9
Genoa,Sassuolo,2024-05-12,20.9,54.7,0.0,0.0,9.1,28.8
Juventus,Salernitana,2024-05-12,19.7,74.0,0.4,0.0,7.0,16.9
Fiorentina,Monza,2024-05-13,15.3,91.5,0.0,0.0,5.1,17.6
Fiorentina,Napoli,2024-05-17,15.0,85.0,0.0,0.0,4.6,12.6
Torino,Milan,2024-05-18,14.6,84.0,0.0,0.0,2.7,5.0
Sassuolo,Cagliari,2024-05-19,22.3,64.0,0.0,0.0,4.6,16.6
Monza,Frosinone,2024-05-19,22.2,51.3,0.0,0.0,3.2,15.8
Udinese,Empoli,2024-05-19,22.3,59.7,0.0,0.0,9.4,23.4
Inter,Lazio,2024-05-19,20.4,68.3,0.0,0.0,4.1,8.3
Roma,Genoa,2024-05-19,17.8,96.0,0.0,0.0,4.8,7.9
Salernitana,Hellas Verona,2024-05-20,25.2,72.5,0.0,0.0,1.8,11.2
Bologna,Juventus,2024-05-20,17.1,97.0,0.7,0.0,10.8,21.6
Cagliari,Fiorentina,2024-05-23,19.1,74.0,0.0,0.0,3.6,11.9
Genoa,Bologna,2024-05-24,15.6,84.5,0.0,0.0,5.0,16.6
Juventus,Monza,2024-05-25,18.0,70.3,0.1,0.0,4.8,12.2
Milan,Salernitana,2024-05-25,17.0,71.5,0.0,0.0,0.8,2.2
Napoli,Lecce,2024-05-26,20.0,76.3,0.0,0.0,5.0,18.7
Frosinone,Udinese,2024-05-26,18.0,76.5,0.0,0.0,5.4,9.0
Empoli,Roma,2024-05-26,14.6,94.5,0.0,0.0,7.2,11.5
Lazio,Sassuolo,2024-05-26,18.8,70.0,0.0,0.0,11.7,24.1
Milan,Udinese,2022-08-13,26.4,34.0,0.0,0.0,9.8,18.4
Sampdoria,Atalanta,2022-08-13,25.0,59.5,0.0,0.0,2.9,14.0
Monza,Torino,2022-08-13,22.7,44.5,0.0,0.0,6.8,14.4
Lazio,Bologna,2022-08-14,24.2,72.5,0.0,0.0,8.8,28.4
Fiorentina,Cremonese,2022-08-14,27.9,36.5,0.0,0.0,8.9,35.6
Spezia,Empoli,2022-08-14,24.0,60.0,0.0,0.0,3.4,8.3
Salernitana,Roma,2022-08-14,23.0,77.5,0.0,0.0,1.8,8.6
Juventus,Sassuolo,2022-08-15,22.0,63.5,0.0,0.0,6.0,13.0
Udinese,Salernitana,2022-08-20,22.6,64.0,0.0,0.0,5.4,24.5
Torino,Lazio,2022-08-20,25.6,55.0,0.0,0.0,6.8,12.6
Sassuolo,Lecce,2022-08-20,22.8,56.5,0.0,0.0,4.8,9.0
Inter,Spezia,2022-08-20,21.6,74.5,0.0,0.0,10.4,16.9
Empoli,Fiorentina,2022-08-21,26.8,53.0,0.0,0.0,2.4,5.0
Napoli,Monza,2022-08-21,24.7,78.0,0.0,0.0,4.0,16.2
Bologna,Hellas Verona,2022-08-21,23.5,60.0,0.0,0.0,8.2,15.5
Roma,Cremonese,2022-08-22,24.8,80.5,0.0,0.0,6.6,17.6
Sampdoria,Juventus,2022-08-22,22.4,76.0,0.0,0.0,4.2,13.3
Monza,Udinese,2022-08-26,24.6,68.5,0.0,0.0,5.5,13.7
Lazio,Inter,2022-08-26,25.1,88.0,0.0,0.0,4.9,13.0
Cremonese,Torino,2022-08-27,24.8,64.0,0.0,0.0,6.4,15.1
Juventus,Roma,2022-08-27,22.4,73.5,0.0,0.0,9.7,23.8
Milan,Bologna,2022-08-27,23.0,72.5,0.7,0.0,6.4,7.9
Spezia,Sassuolo,2022-08-27,23.6,92.5,0.0,0.0,2.4,6.8
Salernitana,Sampdoria,2022-08-28,22.6,88.5,0.0,0.0,1.6,6.1
Fiorentina,Napoli,2022-08-28,21.6,86.0,0.0,0.0,5.6,9.7
Sassuolo,Milan,2022-08-30,24.8,68.0,0.0,0.0,6.1,10.1
Inter,Cremonese,2022-08-30,21.8,89.0,0.0,0.0,5.2,9.0
Roma,Monza,2022-08-30,24.2,86.0,0.0,0.0,7.7,19.1
Sampdoria,Lazio,2022-08-31,23.5,84.0,0.0,0.0,2.0,10.8
Empoli,Hellas Verona,2022-08-31,23.0,81.5,0.0,0.0,5.4,13.0
Udinese,Fiorentina,2022-08-31,21.3,70.5,0.0,0.0,10.8,25.2
Napoli,Lecce,2022-08-31,23.8,89.5,0.0,0.0,4.4,12.6
Juventus,Spezia,2022-08-31,21.2,76.5,0.0,0.0,4.4,7.6
Bologna,Salernitana,2022-09-01,18.2,89.0,0.0,0.0,5.6,11.2
Fiorentina,Juventus,2022-09-03,25.5,63.7,0.0,0.0,5.0,18.0
Milan,Inter,2022-09-03,23.0,62.7,0.0,0.0,5.3,13.0
Lazio,Napoli,2022-09-03,21.8,91.0,0.8,0.0,7.4,17.3
Cremonese,Sassuolo,2022-09-04,27.4,58.0,0.0,0.0,3.0,14.8
Spezia,Bologna,2022-09-04,26.3,65.3,0.0,0.0,2.5,14.4
Udinese,Roma,2022-09-04,20.0,86.0,0.0,0.0,4.4,8.3
Salernitana,Empoli,2022-09-05,25.2,76.5,0.0,0.0,2.8,7.6
Monza,Atalanta,2022-09-05,23.0,70.5,0.0,0.0,3.1,5.8
Torino,Lecce,2022-09-05,20.5,89.5,0.0,0.0,2.8,5.0
Napoli,Spezia,2022-09-10,26.9,63.0,0.0,0.0,16.0,41.8
Inter,Torino,2022-09-10,21.4,73.3,0.0,0.0,5.9,10.1
Sampdoria,Milan,2022-09-10,21.0,83.0,0.0,0.0,4.4,12.2
Bologna,Fiorentina,2022-09-11,25.6,44.3,0.0,0.0,3.4,16.6
Sassuolo,Udinese,2022-09-11,26.3,44.0,0.0,0.0,1.6,13.7
Lazio,Hellas Verona,2022-09-11,23.6,68.0,0.0,0.0,9.1,22.3
Juventus,Salernitana,2022-09-11,18.2,72.5,0.0,0.0,5.5,13.7
Empoli,Roma,2022-09-12,20.1,75.0,0.0,0.0,6.8,15.5
Salernitana,Lecce,2022-09-16,22.3,97.5,0.1,0.0,7.6,21.2
Bologna,Empoli,2022-09-17,16.7,49.7,0.0,0.0,6.9,24.5
Spezia,Sampdoria,2022-09-17,17.4,59.0,0.0,0.0,6.7,18.7
Torino,Sassuolo,2022-09-17,15.2,43.0,0.0,0.0,5.4,11.9
Udinese,Inter,2022-09-18,20.0,51.0,0.2,0.0,8.7,25.6
Cremonese,Lazio,2022-09-18,23.3,24.3,0.0,0.0,11.8,33.5
Monza,Juventus,2022-09-18,22.3,26.0,0.0,0.0,12.5,30.6
Fiorentina,Hellas Verona,2022-09-18,22.5,46.7,0.0,0.0,5.6,22.0
Roma,Atalanta,2022-09-18,18.3,67.7,0.0,0.0,6.5,22.7
Milan,Napoli,2022-09-18,15.9,48.0,0.0,0.0,8.1,13.3
Napoli,Torino,2022-10-01,20.2,58.0,0.0,0.0,23.5,57.2
Inter,Roma,2022-10-01,15.8,76.0,0.0,0.0,6.6,13.0
Empoli,Milan,2022-10-01,16.4,84.5,0.0,0.0,8.6,16.6
Lazio,Spezia,2022-10-02,24.2,54.5,0.0,0.0,4.0,15.1
Sassuolo,Salernitana,2022-10-02,23.8,61.7,0.0,0.0,4.6,14.4
Sampdoria,Monza,2022-10-02,20.2,80.7,0.0,0.0,13.1,39.6
Juventus,Bologna,2022-10-02,13.4,90.0,0.0,0.0,5.2,8.6
Sassuolo,Inter,2022-10-08,23.3,52.0,0.0,0.0,6.4,18.4
Milan,Juventus,2022-10-08,17.3,85.7,0.6,0.0,8.6,20.5
Bologna,Sampdoria,2022-10-08,15.1,84.5,0.0,0.0,6.0,10.8
Torino,Empoli,2022-10-09,15.9,92.0,3.6,0.0,12.8,27.4
Monza,Spezia,2022-10-09,20.3,60.7,0.0,0.0,12.7,28.1
Salernitana,Hellas Verona,2022-10-09,21.0,74.7,0.0,0.0,4.2,17.6
Udinese,Atalanta,2022-10-09,19.7,56.3,0.0,0.0,14.7,32.4
Valencia,Real Sociedad,2025-08-16,29.6,57.5,0.0,0.0,4.3,14.4
Valencia,Real Sociedad,2025-08-16,29.6,57.5,0.0,0.0,4.3,14.4
Oviedo,Real Madrid,2025-08-24,18.1,90.0,0.0,0.0,1.6,4.0
Valencia,Getafe,2025-08-29,26.8,49.5,0.0,0.0,11.1,30.6
Oviedo,Real Sociedad,2025-08-30,21.0,79.3,0.0,0.0,2.4,14.0
Valencia,Athletic Club,2025-09-20,25.1,76.7,0.0,0.0,2.8,14.8
Oviedo,Barcelona,2025-09-25,10.2,89.0,0.0,0.0,4.1,13.3
Valencia,Oviedo,2025-09-30,20.1,77.7,0.0,0.0,7.5,18.0
Oviedo,Levante,2025-10-04,14.4,97.7,2.6,0.0,5.6,21.2
Oviedo,Espanyol,2025-10-17,13.7,90.3,0.0,0.0,2.2,6.8
Valencia,Villarreal,2025-10-25,21.4,76.7,0.0,0.0,16.2,50.8
Oviedo,Osasuna,2025-11-03,8.5,88.7,0.0,0.0,5.5,14.8
Valencia,Real Betis,2025-11-09,15.7,74.0,0.0,0.0,3.8,15.8
Valencia,Levante,2025-11-21,8.6,28.0,0.0,0.0,19.9,45.0
Oviedo,Rayo Vallecano,2025-11-23,14.7,65.7,0.1,0.0,14.2,39.2
Oviedo,Mallorca,2025-12-05,14.0,70.3,0.2,0.0,4.2,19.1
Valencia,Sevilla,2025-12-07,20.4,43.5,0.0,0.0,3.6,22.3
Valencia,Mallorca,2025-12-19,11.6,91.7,0.0,0.0,5.4,11.5
Oviedo,Celta Vigo,2025-12-20,12.1,65.7,0.0,0.0,4.4,20.2
Oviedo,Real Betis,2026-01-10,10.0,56.7,0.0,0.0,13.1,34.9
Valencia,Elche,2026-01-10,9.4,55.7,0.0,0.0,12.3,28.1
Valencia,Espanyol,2026-01-24,10.6,48.5,0.0,0.0,24.8,70.2
Oviedo,Girona,2026-01-31,11.7,52.3,0.0,0.0,24.7,58.0
Valencia,Real Madrid,2026-02-08,13.0,45.0,0.0,0.0,13.5,49.7
Oviedo,Athletic Club,2026-02-15,14.1,54.3,0.0,0.0,20.4,47.5
Oviedo,Atlético Madrid,2026-02-28,6.1,80.0,0.0,0.0,3.5,7.9
Valencia,Osasuna,2026-03-01,14.4,69.5,0.0,0.0,8.8,29.2
Valencia,Alavés,2026-03-08,11.8,89.0,2.2,0.0,4.5,10.4
Oviedo,Valencia,2026-03-14,7.6,97.5,1.6,0.0,12.2,30.2
Valencia,Celta Vigo,2026-04-05,20.2,46.5,0.0,0.0,11.2,31.7
Oviedo,Sevilla,2026-04-05,13.4,89.0,0.0,0.0,5.1,16.9
Oviedo,Villarreal,2026-04-23,12.6,92.5,0.0,0.0,0.2,3.2
Valencia,Girona,2026-04-25,17.6,72.0,0.0,0.0,7.2,25.6
Oviedo,Elche,2026-04-26,15.6,85.0,0.0,0.0,8.0,20.9
Valencia,Barcelona,2024-08-17,26.4,70.5,0.0,0.0,8.4,25.6
Valladolid,Espanyol,2024-08-19,28.2,20.0,0.0,0.0,8.1,24.5
Atlético Madrid,Girona,2024-08-25,26.5,47.5,0.0,0.0,14.0,32.4
Valladolid,Leganés,2024-08-28,29.9,27.7,0.0,0.0,13.5,34.2
Atlético Madrid,Espanyol,2024-08-28,26.4,50.0,0.0,0.0,8.0,16.6
Valencia,Villarreal,2024-08-31,25.6,69.0,0.0,0.0,4.5,10.1
Atlético Madrid,Valencia,2024-09-15,22.4,18.0,0.0,0.0,16.9,33.8
Valladolid,Real Sociedad,2024-09-21,20.7,49.3,0.0,0.0,12.6,29.2
Valencia,Girona,2024-09-21,20.4,90.5,0.0,0.0,9.1,18.4
Valencia,Osasuna,2024-09-24,23.9,36.3,0.0,0.0,20.1,35.3
Valladolid,Mallorca,2024-09-27,10.5,56.7,0.0,0.0,14.9,27.7
Atlético Madrid,Real Madrid,2024-09-29,16.8,43.7,0.0,0.0,5.5,10.4
Valladolid,Rayo Vallecano,2024-10-05,20.0,63.0,0.0,0.0,21.3,38.2
Atlético Madrid,Leganés,2024-10-20,18.8,70.0,0.0,0.0,5.5,15.5
Valencia,Las Palmas,2024-10-21,18.4,89.7,0.0,0.0,5.1,9.0
Valladolid,Villarreal,2024-10-26,8.9,68.0,0.0,0.0,8.9,23.0
Atlético Madrid,Las Palmas,2024-11-03,18.8,55.3,0.1,0.0,9.3,22.0
Valladolid,Athletic Club,2024-11-10,11.6,93.5,0.2,0.0,6.4,16.2
Valencia,Real Betis,2024-11-23,17.8,74.3,0.0,0.0,6.6,21.6
Atlético Madrid,Alavés,2024-11-23,15.0,71.5,0.0,0.0,3.8,20.2
Valladolid,Atlético Madrid,2024-11-30,8.2,90.3,0.0,0.0,4.2,9.4
Valencia,Rayo Vallecano,2024-12-07,17.2,56.5,0.0,0.0,11.2,24.5
Atlético Madrid,Sevilla,2024-12-08,4.3,69.7,0.0,0.0,5.4,10.8
Valladolid,Valencia,2024-12-13,0.9,89.3,0.0,0.0,4.1,10.8
Atlético Madrid,Getafe,2024-12-15,9.8,55.7,0.0,0.0,2.3,10.4
Valencia,Alavés,2024-12-22,19.0,44.3,0.0,0.0,12.4,36.0
Valencia,Real Madrid,2025-01-03,14.0,46.3,0.0,0.0,14.4,36.4
Valladolid,Real Betis,2025-01-11,12.8,70.5,0.0,0.0,6.2,27.4
Atlético Madrid,Osasuna,2025-01-12,12.0,42.5,0.0,0.0,17.6,40.3
Valencia,Real Sociedad,2025-01-19,8.1,77.3,0.0,0.0,5.6,16.9
Atlético Madrid,Villarreal,2025-01-25,11.2,77.5,0.1,0.0,13.2,34.2
Valladolid,Real Madrid,2025-01-25,4.5,82.7,0.0,0.0,9.8,27.7
Atlético Madrid,Mallorca,2025-02-01,8.4,63.0,0.0,0.0,8.8,24.1
Valencia,Celta Vigo,2025-02-02,12.5,51.0,0.0,0.0,8.4,29.5
Valencia,Leganés,2025-02-09,14.2,62.5,0.0,0.0,9.0,27.4
Atlético Madrid,Celta Vigo,2025-02-15,11.2,77.0,0.0,0.0,6.0,12.2
Valladolid,Sevilla,2025-02-16,11.3,69.5,0.1,0.0,15.2,38.9
Valencia,Atlético Madrid,2025-02-22,13.4,90.0,2.4,0.0,8.5,23.8
Valladolid,Las Palmas,2025-02-28,6.3,76.7,0.0,0.0,20.5,40.0
Atlético Madrid,Athletic Club,2025-03-01,5.1,85.3,1.3,0.0,16.2,32.4
Valencia,Valladolid,2025-03-08,14.6,93.5,1.5,0.0,12.4,30.2
Valladolid,Celta Vigo,2025-03-15,7.1,54.3,0.1,0.0,2.5,16.2
Atlético Madrid,Barcelona,2025-03-16,5.1,71.3,0.0,0.0,5.4,23.4
Valencia,Mallorca,2025-03-30,16.4,47.0,0.0,0.0,4.7,22.0
Valladolid,Getafe,2025-04-06,13.4,67.5,0.0,0.0,5.2,10.8
Valencia,Sevilla,2025-04-11,15.2,83.0,0.2,0.0,8.1,21.6
Atlético Madrid,Valladolid,2025-04-14,10.9,81.0,1.1,0.0,12.8,32.8
Valladolid,Osasuna,2025-04-20,12.9,51.7,0.0,0.0,14.9,34.6
Valencia,Espanyol,2025-04-22,16.0,85.7,0.3,0.0,1.9,22.0
Atlético Madrid,Rayo Vallecano,2025-04-24,16.2,70.0,0.0,0.0,2.7,7.9
Valladolid,Barcelona,2025-05-03,11.9,75.3,0.0,0.0,7.6,27.7
Valencia,Getafe,2025-05-10,20.2,69.3,0.1,0.0,12.4,37.4
Atlético Madrid,Real Sociedad,2025-05-10,11.9,72.3,0.0,0.0,10.2,28.1
Valladolid,Girona,2025-05-13,13.4,66.7,0.0,0.0,7.5,19.1
Valencia,Athletic Club,2025-05-18,21.2,60.7,0.0,0.0,9.6,27.7
Atlético Madrid,Real Betis,2025-05-18,23.4,35.3,0.0,0.0,6.8,38.9
Valladolid,Alavés,2025-05-18,19.9,38.7,0.3,0.0,17.9,37.4
Atlético Madrid,Granada,2023-08-14,28.0,14.0,0.0,0.0,10.6,18.7
Valencia,Las Palmas,2023-08-18,26.4,83.0,0.0,0.0,4.8,15.8
Valencia,Osasuna,2023-08-27,24.5,31.0,0.0,0.0,16.6,39.2
Rayo Vallecano,Atlético Madrid,2023-08-28,23.0,32.0,0.0,0.0,9.4,20.5
Rayo Vallecano,Alavés,2023-09-15,19.1,79.0,0.0,0.0,5.2,11.2
Valencia,Atlético Madrid,2023-09-16,25.4,76.0,0.0,0.0,10.4,24.8
Rayo Vallecano,Villarreal,2023-09-24,24.5,36.0,0.0,0.0,3.2,9.7
Atlético Madrid,Real Madrid,2023-09-24,15.2,69.7,0.0,0.0,5.7,9.7
Valencia,Real Sociedad,2023-09-27,21.0,86.0,0.0,0.0,5.8,9.0
Rayo Vallecano,Mallorca,2023-09-30,29.8,31.5,0.0,0.0,2.6,13.0
Atlético Madrid,Cádiz,2023-10-01,19.5,57.7,0.0,0.0,6.4,10.4
Atlético Madrid,Real Sociedad,2023-10-08,27.7,38.0,0.0,0.0,5.5,11.5
Valencia,Cádiz,2023-10-23,20.0,59.7,0.0,0.0,11.3,22.0
Rayo Vallecano,Real Sociedad,2023-10-29,14.7,78.0,3.1,0.0,16.0,36.7
Atlético Madrid,Alavés,2023-10-29,12.8,93.3,1.5,0.0,9.7,26.3
Valencia,Granada,2023-11-05,20.2,31.0,0.0,0.0,20.8,46.4
Rayo Vallecano,Girona,2023-11-11,17.5,78.0,0.0,0.0,23.6,45.0
Atlético Madrid,Villarreal,2023-11-12,13.6,93.7,0.0,0.0,11.6,22.7
Rayo Vallecano,Barcelona,2023-11-25,15.6,52.7,0.0,0.0,3.2,11.5
Valencia,Celta Vigo,2023-11-25,15.4,74.0,0.0,0.0,8.4,27.0
Atlético Madrid,Mallorca,2023-11-25,6.4,85.3,0.0,0.0,5.0,8.6
Atlético Madrid,Almería,2023-12-10,13.0,86.0,0.3,0.0,10.8,23.0
Rayo Vallecano,Celta Vigo,2023-12-11,7.9,97.0,0.0,0.0,1.5,5.8
Valencia,Barcelona,2023-12-16,9.0,86.0,0.0,0.0,6.2,14.4
Rayo Vallecano,Valencia,2023-12-19,3.4,92.0,0.0,0.0,8.3,11.9
Atlético Madrid,Getafe,2023-12-19,0.9,90.5,0.0,0.0,6.8,10.1
Atlético Madrid,Sevilla,2023-12-23,9.8,69.5,0.0,0.0,5.6,10.8
Getafe,Rayo Vallecano,2024-01-02,8.4,87.7,0.0,0.0,7.1,18.7
Valencia,Villarreal,2024-01-02,15.2,55.5,0.0,0.0,16.6,31.7
Rayo Vallecano,Las Palmas,2024-01-20,9.5,64.3,0.0,0.0,5.0,18.7
Valencia,Athletic Club,2024-01-20,11.4,67.0,0.0,0.0,6.1,16.9
Atlético Madrid,Valencia,2024-01-28,8.7,83.0,0.0,0.0,7.4,13.7
Atlético Madrid,Rayo Vallecano,2024-01-31,5.8,95.0,0.0,0.0,6.3,9.7
Valencia,Almería,2024-02-03,17.8,45.7,0.0,0.0,9.7,24.5
Rayo Vallecano,Sevilla,2024-02-05,7.0,82.3,0.0,0.0,6.1,9.7
Atlético Madrid,Las Palmas,2024-02-17,16.8,35.3,0.0,0.0,3.3,13.3
Valencia,Sevilla,2024-02-17,11.8,67.0,0.0,0.0,5.8,10.4
Rayo Vallecano,Real Madrid,2024-02-18,15.8,48.3,0.0,0.0,3.0,13.0
Rayo Vallecano,Cádiz,2024-03-02,8.5,81.5,2.1,0.0,33.9,70.6
Valencia,Real Madrid,2024-03-02,15.1,49.0,1.2,0.0,25.2,49.3
Atlético Madrid,Real Betis,2024-03-03,9.8,44.0,0.1,0.0,18.4,40.3
Valencia,Getafe,2024-03-09,10.6,73.0,1.6,0.0,18.4,40.7
Rayo Vallecano,Real Betis,2024-03-17,17.1,71.0,0.0,0.0,5.8,8.3
Atlético Madrid,Barcelona,2024-03-17,13.2,80.7,0.0,0.0,4.0,7.9
Valencia,Mallorca,2024-03-30,12.6,85.0,0.0,0.0,9.2,30.6
Atlético Madrid,Girona,2024-04-13,25.8,24.3,0.0,0.0,4.3,15.8
Rayo Vallecano,Getafe,2024-04-13,26.6,17.5,0.0,0.0,8.2,19.4
Rayo Vallecano,Osasuna,2024-04-20,24.2,14.5,0.0,0.0,12.9,27.7
Valencia,Real Betis,2024-04-20,15.3,62.0,0.0,0.0,9.6,30.2
Atlético Madrid,Athletic Club,2024-04-27,10.1,67.3,0.0,0.0,10.3,24.8
Valencia,Alavés,2024-05-05,21.2,57.5,0.0,0.0,6.8,32.0
Rayo Vallecano,Almería,2024-05-05,14.3,82.0,0.2,0.0,17.5,31.3
Atlético Madrid,Celta Vigo,2024-05-12,27.5,24.5,0.0,0.0,9.3,23.8
Valencia,Rayo Vallecano,2024-05-12,19.0,68.0,0.0,0.0,11.0,26.6
Rayo Vallecano,Granada,2024-05-15,15.2,34.0,0.0,0.0,17.0,31.0
Valencia,Girona,2024-05-19,18.9,78.0,0.0,0.0,9.0,27.0
Atlético Madrid,Osasuna,2024-05-19,16.2,47.0,0.0,0.0,11.1,29.9
Rayo Vallecano,Athletic Club,2024-05-25,26.4,15.5,0.0,0.0,18.5,37.8
Valladolid,Villarreal,2022-08-13,28.5,21.7,0.0,0.0,24.5,51.8
Valencia,Girona,2022-08-14,30.7,53.0,0.0,0.0,9.9,23.8
Mallorca,Real Betis,2022-08-20,24.6,79.5,0.0,0.0,4.5,15.1
Atlético Madrid,Villarreal,2022-08-21,30.6,21.5,0.0,0.0,9.7,33.5
Rayo Vallecano,Mallorca,2022-08-27,28.6,30.0,0.0,0.0,5.6,10.1
Valencia,Atlético Madrid,2022-08-29,25.4,86.5,0.0,0.0,3.8,9.4
Mallorca,Girona,2022-09-03,30.7,55.0,0.0,0.0,16.3,52.2
Valencia,Getafe,2022-09-04,25.2,83.0,0.0,0.0,4.4,10.1
Valladolid,Almería,2022-09-05,19.2,60.7,0.0,0.0,15.2,34.6
Rayo Vallecano,Valencia,2022-09-10,32.8,23.0,0.0,0.0,10.8,26.6
Atlético Madrid,Celta Vigo,2022-09-10,27.1,31.7,0.0,0.0,4.7,15.1
Valladolid,Cádiz,2022-09-16,16.9,60.3,0.0,0.0,16.2,29.5
Mallorca,Almería,2022-09-17,25.1,58.3,0.0,0.0,16.6,43.2
Valencia,Celta Vigo,2022-09-17,24.7,65.0,0.0,0.0,8.5,20.9
Atlético Madrid,Real Madrid,2022-09-18,22.0,57.7,0.0,0.0,8.9,22.3
Mallorca,Barcelona,2022-10-01,20.9,63.7,0.0,0.0,4.5,11.5
Rayo Vallecano,Elche,2022-10-03,21.2,36.3,0.0,0.0,9.1,17.6
Atlético Madrid,Girona,2022-10-08,25.0,30.5,0.0,0.0,7.6,20.5
Valladolid,Real Betis,2022-10-09,24.3,31.0,0.0,0.0,15.0,32.8
Rayo Vallecano,Getafe,2022-10-14,18.3,60.3,0.0,0.0,6.0,9.7
Valencia,Elche,2022-10-15,22.8,77.5,0.0,0.0,5.9,19.4
Mallorca,Sevilla,2022-10-15,19.8,87.5,0.0,0.0,5.1,12.6
Atlético Madrid,Rayo Vallecano,2022-10-18,18.9,62.0,0.0,0.0,7.0,13.7
Valladolid,Celta Vigo,2022-10-19,13.8,91.3,0.4,0.0,11.6,50.8
Rayo Vallecano,Cádiz,2022-10-22,19.7,66.7,4.5,0.0,18.0,43.9
Valladolid,Real Sociedad,2022-10-22,17.0,69.5,1.3,0.0,24.2,56.5
Valencia,Mallorca,2022-10-22,20.2,92.5,0.0,0.0,4.8,7.9
Mallorca,Espanyol,2022-10-28,18.6,91.0,0.0,0.0,6.5,15.1
Valencia,Barcelona,2022-10-29,17.3,93.7,0.0,0.0,5.7,11.9
Valladolid,Elche,2022-11-05,12.7,58.5,0.0,0.0,3.6,10.8
Atlético Madrid,Espanyol,2022-11-06,17.6,44.7,0.0,0.0,5.4,15.1
Rayo Vallecano,Real Madrid,2022-11-07,11.6,83.7,0.0,0.0,7.2,13.7
Mallorca,Atlético Madrid,2022-11-09,18.9,78.5,0.0,0.0,6.6,14.0
Rayo Vallecano,Celta Vigo,2022-11-10,13.5,58.7,0.0,0.0,7.5,14.0
Valencia,Real Betis,2022-11-10,15.1,86.7,4.7,0.0,17.2,34.6
Atlético Madrid,Elche,2022-12-29,11.4,87.5,0.1,0.0,19.5,40.3
Valladolid,Real Madrid,2022-12-30,9.2,82.0,0.0,0.0,16.0,32.8
Valencia,Cádiz,2023-01-06,7.4,94.7,0.0,0.0,5.7,10.1
Mallorca,Valladolid,2023-01-07,12.8,80.0,0.0,0.0,9.8,24.5
Rayo Vallecano,Real Betis,2023-01-08,12.2,90.5,0.2,0.0,30.0,53.3
Atlético Madrid,Barcelona,2023-01-08,12.0,92.7,0.9,0.0,19.2,44.6
Valladolid,Rayo Vallecano,2023-01-14,9.9,79.3,0.0,0.0,14.6,31.7
Mallorca,Celta Vigo,2023-01-20,7.6,79.3,0.0,0.0,7.1,14.8
Rayo Vallecano,Real Sociedad,2023-01-21,9.8,42.0,0.0,0.0,14.0,29.5
Atlético Madrid,Valladolid,2023-01-21,4.8,54.5,0.0,0.0,15.0,32.4
Valencia,Almería,2023-01-23,6.3,62.0,0.0,0.0,6.5,10.8
Valladolid,Valencia,2023-01-29,4.8,58.0,0.0,0.0,21.1,42.8
Atlético Madrid,Getafe,2023-02-04,9.4,41.5,0.0,0.0,13.6,28.1
Mallorca,Real Madrid,2023-02-05,15.1,49.0,0.0,0.0,14.1,36.4
Rayo Vallecano,Almería,2023-02-06,5.3,81.7,0.0,0.0,9.6,19.1
Valencia,Athletic Club,2023-02-11,6.7,78.7,0.0,0.0,8.4,11.9
Valladolid,Osasuna,2023-02-12,4.1,73.5,0.0,0.0,8.3,22.3
Mallorca,Villarreal,2023-02-18,10.4,88.0,0.0,0.0,4.0,7.9
Rayo Vallecano,Sevilla,2023-02-19,20.0,25.0,0.0,0.0,14.2,27.4
Atlético Madrid,Athletic Club,2023-02-19,14.4,46.0,0.0,0.0,7.4,14.4
Valencia,Real Sociedad,2023-02-25,8.7,63.3,0.0,0.0,12.2,28.4
Mallorca,Elche,2023-03-04,8.5,84.5,0.0,0.0,4.9,11.9
Atlético Madrid,Sevilla,2023-03-04,6.1,49.3,0.0,0.0,5.0,9.7
Valladolid,Espanyol,2023-03-05,6.0,66.3,0.1,0.0,4.0,13.0
Rayo Vallecano,Athletic Club,2023-03-05,6.4,78.5,0.8,0.0,6.4,18.0
Valencia,Osasuna,2023-03-11,22.4,39.0,0.0,0.0,20.2,37.1
Mallorca,Real Sociedad,2023-03-12,21.0,59.0,0.0,0.0,13.4,36.4
Valladolid,Athletic Club,2023-03-17,7.9,84.3,0.1,0.0,14.5,31.3
Rayo Vallecano,Girona,2023-03-18,15.8,36.5,0.0,0.0,14.1,27.7
Atlético Madrid,Valencia,2023-03-18,11.2,63.3,0.0,0.0,9.4,27.0
Mallorca,Osasuna,2023-03-31,17.2,65.7,0.0,0.0,2.1,13.3
Atlético Madrid,Real Betis,2023-04-02,11.3,36.0,0.0,0.0,13.7,28.8
Valencia,Rayo Vallecano,2023-04-03,13.6,69.7,0.0,0.0,6.2,18.4
Valladolid,Mallorca,2023-04-09,25.2,15.7,0.0,0.0,17.5,38.5
Rayo Vallecano,Atlético Madrid,2023-04-09,20.9,25.0,0.0,0.0,16.6,34.2
Rayo Vallecano,Osasuna,2023-04-14,15.0,54.0,0.0,0.0,16.7,38.2
Atlético Madrid,Almería,2023-04-16,21.0,20.5,0.0,0.0,14.1,37.8
Valencia,Sevilla,2023-04-16,13.4,68.7,0.0,0.0,4.3,9.4
Valladolid,Girona,2023-04-22,15.2,37.5,0.0,0.0,15.8,35.6
Mallorca,Getafe,2023-04-23,17.8,83.0,0.0,0.0,4.0,22.0
Atlético Madrid,Mallorca,2023-04-26,23.2,26.5,0.0,0.0,10.6,23.4
Rayo Vallecano,Barcelona,2023-04-26,21.6,28.5,0.0,0.0,12.5,25.9
Valencia,Valladolid,2023-04-27,16.7,81.5,0.0,0.0,5.6,24.1
Valladolid,Atlético Madrid,2023-04-30,15.7,45.3,0.0,0.0,11.9,23.4
Mallorca,Athletic Club,2023-05-01,17.9,84.3,0.0,0.0,9.2,23.8
Valencia,Villarreal,2023-05-03,18.4,75.0,0.0,0.0,12.0,24.1
Atlético Madrid,Cádiz,2023-05-03,22.6,26.5,0.0,0.0,12.9,34.6
Rayo Vallecano,Valladolid,2023-05-04,18.4,34.0,0.0,0.0,13.4,22.7
Mallorca,Cádiz,2023-05-12,14.6,90.3,0.0,0.0,8.2,18.0
Valladolid,Sevilla,2023-05-14,18.0,28.5,0.0,0.0,14.2,31.0
Rayo Vallecano,Espanyol,2023-05-21,19.9,35.7,0.9,0.0,12.7,35.6
Atlético Madrid,Osasuna,2023-05-21,22.0,28.5,0.0,0.0,5.2,25.2
Valencia,Real Madrid,2023-05-21,19.0,69.5,0.0,0.0,9.4,27.7
Valladolid,Barcelona,2023-05-23,15.1,69.5,0.0,0.0,19.7,40.3
Mallorca,Valencia,2023-05-25,18.0,86.5,0.0,0.0,6.2,16.2
Atlético Madrid,Real Sociedad,2023-05-28,18.4,61.3,0.0,0.0,8.1,20.2
Rayo Vallecano,Villarreal,2023-05-28,17.6,65.3,0.0,0.0,10.6,19.8
Valencia,Espanyol,2023-05-28,19.0,81.0,0.0,0.0,4.2,14.8
Mallorca,Rayo Vallecano,2023-06-04,20.3,81.5,0.0,0.0,5.4,21.2
Valladolid,Getafe,2023-06-04,15.7,83.7,0.6,0.0,10.0,36.4
Valencia,Getafe,2021-08-13,24.1,94.3,0.0,0.0,4.6,9.0
Mallorca,Real Betis,2021-08-14,28.5,69.0,0.0,0.0,2.0,15.5
Real Sociedad,Rayo Vallecano,2021-08-22,21.7,84.0,0.0,0.0,8.9,29.9
Atlético Madrid,Elche,2021-08-22,32.2,20.0,0.0,0.0,9.2,18.0
Mallorca,Espanyol,2021-08-27,24.8,88.7,0.0,0.0,5.3,20.2
Valencia,Alavés,2021-08-27,24.4,71.0,0.0,0.0,4.7,9.7
Real Sociedad,Levante,2021-08-28,17.4,85.5,0.0,0.0,5.4,15.1
Rayo Vallecano,Granada,2021-08-29,26.9,33.5,0.0,0.0,15.2,31.7
Atlético Madrid,Villarreal,2021-08-29,24.4,40.5,0.0,0.0,7.0,20.5
Rayo Vallecano,Getafe,2021-09-18,24.9,38.3,0.0,0.0,16.0,34.2
Atlético Madrid,Athletic Club,2021-09-18,24.5,34.5,0.0,0.0,14.0,31.7
Mallorca,Villarreal,2021-09-19,26.3,53.0,0.2,0.0,4.5,18.0
Real Sociedad,Sevilla,2021-09-19,18.8,75.5,0.0,0.0,9.3,25.9
Valencia,Real Madrid,2021-09-19,20.2,71.3,0.0,0.0,6.9,16.9
Valencia,Athletic Club,2021-09-25,25.5,82.0,0.3,0.0,11.8,33.1
Mallorca,Osasuna,2021-09-26,26.5,76.0,0.0,0.0,7.6,27.0
Rayo Vallecano,Cádiz,2021-09-26,18.8,69.5,0.0,0.0,6.6,13.3
Real Sociedad,Elche,2021-09-26,18.6,84.5,0.0,0.0,6.9,18.4
Mallorca,Levante,2021-10-02,22.7,80.0,0.0,0.0,9.4,28.8
Atlético Madrid,Barcelona,2021-10-02,18.5,56.7,0.0,0.0,10.0,19.4
Real Sociedad,Mallorca,2021-10-16,12.8,93.3,0.0,0.0,4.9,13.3
Rayo Vallecano,Elche,2021-10-17,22.3,46.3,0.0,0.0,8.4,22.3
Valencia,Mallorca,2021-10-23,21.1,51.3,0.0,0.0,12.3,27.7
Atlético Madrid,Real Sociedad,2021-10-24,10.5,63.0,0.0,0.0,5.2,9.7
Mallorca,Sevilla,2021-10-27,16.0,84.3,0.0,0.0,3.7,9.0
Rayo Vallecano,Barcelona,2021-10-27,15.7,48.0,0.0,0.0,5.9,11.9
Valencia,Villarreal,2021-10-30,22.4,70.0,0.0,0.0,21.9,39.6
Atlético Madrid,Real Betis,2021-10-31,17.2,91.0,2.4,0.0,17.6,48.6
Real Sociedad,Athletic Club,2021-10-31,15.0,99.7,0.5,0.0,4.4,12.6
Rayo Vallecano,Celta Vigo,2021-11-01,11.6,67.0,0.0,0.0,8.2,14.8
Valencia,Atlético Madrid,2021-11-07,15.2,56.5,0.0,0.0,8.0,16.6
Mallorca,Elche,2021-11-07,15.0,60.5,0.0,0.0,9.9,29.9
Atlético Madrid,Osasuna,2021-11-20,9.9,89.5,0.0,0.0,7.9,16.6
Real Sociedad,Valencia,2021-11-21,10.2,97.7,0.8,0.0,5.3,18.0
Rayo Vallecano,Mallorca,2021-11-22,4.5,96.7,0.7,0.0,7.5,29.2
Valencia,Rayo Vallecano,2021-11-27,12.2,37.0,0.0,0.0,16.5,29.9
Mallorca,Getafe,2021-11-27,10.4,67.5,0.0,0.0,16.0,41.0
Atlético Madrid,Mallorca,2021-12-04,7.5,93.5,0.0,0.0,15.6,29.9
Real Sociedad,Real Madrid,2021-12-04,8.2,92.0,1.3,0.0,20.3,47.9
Rayo Vallecano,Espanyol,2021-12-05,9.7,55.7,0.0,0.0,21.2,39.2
Mallorca,Celta Vigo,2021-12-10,14.0,64.7,0.0,0.0,29.1,77.4
Valencia,Elche,2021-12-11,16.6,50.5,0.0,0.0,12.0,24.5
Rayo Vallecano,Alavés,2021-12-18,9.6,66.7,0.1,0.0,9.7,24.1
Real Sociedad,Villarreal,2021-12-18,10.7,67.0,0.0,0.0,8.0,20.5
Valencia,Espanyol,2021-12-31,13.2,86.5,0.0,0.0,6.3,11.2
Atlético Madrid,Rayo Vallecano,2022-01-02,11.4,70.0,0.0,0.0,5.0,9.4
Mallorca,Barcelona,2022-01-02,11.4,99.3,0.0,0.0,3.2,8.6
Real Sociedad,Celta Vigo,2022-01-08,11.2,60.5,0.0,0.0,14.0,36.4
Rayo Vallecano,Real Betis,2022-01-09,12.5,65.0,0.0,0.0,21.3,43.6
Valencia,Sevilla,2022-01-19,6.2,89.5,0.0,0.0,8.4,15.5
Atlético Madrid,Valencia,2022-01-22,1.0,86.3,0.0,0.0,7.5,14.0
Rayo Vallecano,Athletic Club,2022-01-23,4.2,78.5,0.0,0.0,10.1,17.6
Real Sociedad,Getafe,2022-01-23,5.5,63.5,0.0,0.0,9.4,20.2
Mallorca,Cádiz,2022-02-05,14.0,70.0,0.0,0.0,4.8,16.6
Valencia,Real Sociedad,2022-02-06,15.8,63.0,0.0,0.0,10.1,33.1
Rayo Vallecano,Osasuna,2022-02-12,12.0,46.5,0.0,0.0,6.3,13.0
Atlético Madrid,Getafe,2022-02-12,8.6,68.3,0.0,0.0,6.8,10.8
Real Sociedad,Granada,2022-02-13,16.0,47.5,1.2,0.0,20.4,53.3
Mallorca,Athletic Club,2022-02-14,11.0,64.7,0.0,0.0,10.0,26.6
Atlético Madrid,Levante,2022-02-16,10.5,69.0,0.0,0.0,5.4,18.0
Valencia,Barcelona,2022-02-20,13.8,56.5,0.0,0.0,12.4,28.8
Mallorca,Valencia,2022-02-26,14.8,41.3,0.0,0.0,16.7,39.6
Rayo Vallecano,Real Madrid,2022-02-26,8.6,79.5,0.0,0.0,7.8,22.3
Atlético Madrid,Celta Vigo,2022-02-26,8.1,84.7,0.0,0.0,6.2,12.2
Real Sociedad,Osasuna,2022-02-27,9.5,90.5,0.0,0.0,6.2,11.5
Mallorca,Real Sociedad,2022-03-02,10.5,91.7,0.1,0.0,5.5,15.1
Valencia,Granada,2022-03-05,10.3,87.0,0.0,0.0,6.7,21.2
Atlético Madrid,Cádiz,2022-03-11,8.6,91.7,2.3,0.0,9.8,22.0
Rayo Vallecano,Sevilla,2022-03-13,13.4,44.3,0.0,0.0,11.2,24.8
Real Sociedad,Alavés,2022-03-13,11.4,63.0,0.0,0.0,15.0,31.7
Mallorca,Real Madrid,2022-03-14,14.9,80.3,0.0,0.0,18.6,44.6
Rayo Vallecano,Atlético Madrid,2022-03-19,8.9,82.3,0.0,0.0,7.9,18.0
Atlético Madrid,Alavés,2022-04-02,4.2,50.7,0.0,0.0,12.6,24.5
Valencia,Cádiz,2022-04-03,10.2,53.0,0.0,0.0,12.6,28.8
Real Sociedad,Espanyol,2022-04-04,3.6,77.3,0.0,0.0,8.3,14.4
Mallorca,Atlético Madrid,2022-04-09,17.4,44.5,0.0,0.0,8.0,30.6
Rayo Vallecano,Valencia,2022-04-11,12.8,78.7,2.1,0.0,16.0,40.7
Real Sociedad,Real Betis,2022-04-15,11.9,93.7,0.0,0.0,5.7,13.3
Valencia,Osasuna,2022-04-16,18.0,71.0,0.0,0.0,9.1,17.3
Atlético Madrid,Espanyol,2022-04-17,25.4,25.0,0.0,0.0,5.3,14.0
Mallorca,Alavés,2022-04-19,16.7,59.7,0.0,0.0,10.7,28.8
Atlético Madrid,Granada,2022-04-20,9.3,53.3,0.0,0.0,20.0,53.6
Real Sociedad,Barcelona,2022-04-21,8.0,94.0,0.0,0.0,6.2,13.7
Valencia,Levante,2022-04-30,17.9,76.5,0.0,0.0,5.8,18.0
Rayo Vallecano,Real Sociedad,2022-05-01,20.2,50.0,0.0,0.0,10.6,26.3
Mallorca,Granada,2022-05-07,24.4,31.3,0.0,0.0,10.3,26.6
Atlético Madrid,Real Madrid,2022-05-08,18.1,41.0,0.0,0.0,11.0,22.7
Valencia,Real Betis,2022-05-10,18.2,78.7,0.0,0.0,7.0,22.0
Real Sociedad,Cádiz,2022-05-12,15.0,94.0,2.0,0.0,4.3,15.1
Rayo Vallecano,Villarreal,2022-05-12,23.8,34.3,0.0,0.0,10.6,24.1
Atlético Madrid,Sevilla,2022-05-15,20.5,45.5,0.0,0.0,9.0,24.8
Mallorca,Rayo Vallecano,2022-05-15,21.0,51.5,0.0,0.0,4.4,16.2
Rayo Vallecano,Levante,2022-05-20,26.6,35.7,0.0,0.0,14.0,27.4
Valencia,Celta Vigo,2022-05-21,23.5,53.5,0.0,0.0,5.5,21.6
Real Sociedad,Atlético Madrid,2022-05-22,18.4,89.0,2.0,0.0,9.4,24.5
Elversberg,Nürnberg,2025-08-02,18.9,55.3,0.3,0.0,16.1,40.3
Düsseldorf,Hannover 96,2025-08-09,26.3,47.7,0.0,0.0,11.7,31.7
Elversberg,Kaiserslautern,2025-08-22,17.4,44.0,0.0,0.0,10.2,20.5
Düsseldorf,Karlsruher,2025-08-30,17.6,69.0,0.0,0.0,10.0,20.2
Elversberg,Dresden,2025-09-14,17.6,65.5,0.1,0.0,12.6,34.2
Düsseldorf,Darmstadt 98,2025-09-21,15.5,70.5,0.0,0.0,14.0,34.9
Elversberg,Holstein Kiel,2025-09-27,14.4,67.7,0.2,0.0,4.4,17.6
Düsseldorf,Nürnberg,2025-10-03,11.0,75.5,0.8,0.0,21.3,42.8
Düsseldorf,BTSV,2025-10-17,11.1,89.0,0.1,0.0,4.7,9.4
Elversberg,Greuther Fürth,2025-10-19,14.2,74.0,0.0,0.0,10.0,23.8
Elversberg,Hannover 96,2025-10-31,11.2,91.5,0.0,0.0,11.0,21.2
Düsseldorf,Kaiserslautern,2025-11-02,12.4,80.5,1.5,0.0,10.2,32.8
Düsseldorf,Magdeburg,2025-11-22,2.5,61.3,0.0,0.0,9.1,23.0
Elversberg,Darmstadt 98,2025-11-30,6.4,97.5,0.7,0.0,10.2,22.3
Düsseldorf,Schalke 04,2025-12-05,4.3,90.5,0.0,0.0,13.4,26.6
Elversberg,Düsseldorf,2025-12-14,4.6,95.5,0.0,0.0,4.4,13.0
Düsseldorf,Greuther Fürth,2025-12-20,8.3,87.7,0.0,0.0,3.8,11.2
Düsseldorf,Arminia,2026-01-16,7.9,95.0,0.2,0.0,8.5,21.6
Elversberg,Bochum,2026-01-25,0.3,75.0,0.0,0.0,3.4,16.9
Düsseldorf,Paderborn 07,2026-02-01,7.8,78.5,0.0,0.0,14.5,33.5
Elversberg,Hertha BSC,2026-02-07,9.2,77.0,0.2,0.0,5.0,20.9
Düsseldorf,Preußen Münster,2026-02-13,3.2,83.0,0.0,0.0,12.5,29.5
Elversberg,BTSV,2026-02-21,9.3,89.0,0.8,0.0,20.6,51.8
Düsseldorf,Bochum,2026-02-27,13.7,64.0,0.0,0.0,11.0,20.5
Elversberg,Magdeburg,2026-03-06,10.9,68.5,0.0,0.0,9.6,18.0
Elversberg,Arminia,2026-03-21,12.8,47.3,0.3,0.0,12.6,32.4
Düsseldorf,Hertha BSC,2026-03-22,15.2,41.5,0.0,0.0,7.2,19.1
Düsseldorf,Holstein Kiel,2026-04-10,9.4,66.5,0.0,0.0,4.1,7.9
Elversberg,Schalke 04,2026-04-12,10.0,55.0,0.0,0.0,0.3,9.0
Elversberg,Karlsruher,2026-04-17,15.9,65.0,0.0,0.0,7.2,14.4
Düsseldorf,Dresden,2026-04-24,14.8,50.5,0.0,0.0,8.4,23.4
Elversberg,Köln,2024-08-10,25.0,51.3,0.0,0.0,12.3,32.0
Düsseldorf,Karlsruher,2024-08-10,24.1,53.3,0.0,0.0,12.2,29.9
Düsseldorf,Hannover 96,2024-08-30,18.3,72.0,0.0,0.0,17.5,32.4
Elversberg,Darmstadt 98,2024-08-31,28.3,54.0,0.0,0.0,14.0,32.8
Düsseldorf,Köln,2024-09-21,23.3,53.0,0.0,0.0,7.2,20.2
Elversberg,Ulm,2024-09-22,22.6,56.5,0.0,0.0,6.8,19.1
Elversberg,Kaiserslautern,2024-10-05,13.5,60.3,0.1,0.0,11.4,28.8
Düsseldorf,Hamburger SV,2024-10-06,15.0,63.0,0.0,0.0,21.6,42.1
Elversberg,Hamburger SV,2024-10-26,15.1,76.3,0.0,0.0,11.6,27.0
Düsseldorf,Kaiserslautern,2024-10-26,12.8,84.5,0.0,0.0,19.6,36.0
Düsseldorf,Paderborn 07,2024-11-09,9.9,87.5,0.0,0.0,9.6,18.0
Elversberg,Hannover 96,2024-11-10,8.6,86.0,0.0,0.0,3.7,14.8
Düsseldorf,Elversberg,2024-11-23,4.7,78.7,0.0,0.0,18.7,41.4
Elversberg,Paderborn 07,2024-11-30,3.8,77.7,0.0,0.0,5.7,18.7
Elversberg,Nürnberg,2024-12-06,4.1,79.0,0.0,0.0,14.6,39.6
Düsseldorf,BTSV,2024-12-08,8.0,67.5,0.0,0.0,9.2,29.2
Elversberg,Schalke 04,2024-12-20,1.4,87.0,0.0,0.0,13.8,29.5
Düsseldorf,Magdeburg,2024-12-20,3.1,84.0,0.0,0.0,13.2,27.4
Düsseldorf,Darmstadt 98,2025-01-17,-0.6,90.0,0.0,0.0,4.8,9.0
Elversberg,Magdeburg,2025-01-19,2.7,68.5,0.0,0.0,0.9,11.2
Elversberg,Karlsruher,2025-01-31,0.6,81.0,0.0,0.0,4.4,11.9
Düsseldorf,Ulm,2025-02-01,5.6,61.0,0.0,0.0,2.6,13.0
Elversberg,Greuther Fürth,2025-02-15,2.3,56.7,0.0,0.0,10.2,31.3
Düsseldorf,Hertha BSC,2025-02-15,0.4,76.0,0.3,0.2,4.9,10.8
Düsseldorf,Greuther Fürth,2025-02-28,3.5,86.0,0.0,0.0,6.1,12.6
Elversberg,Hertha BSC,2025-03-02,8.0,56.5,0.0,0.0,12.0,30.6
Elversberg,Preußen Münster,2025-03-15,6.9,58.7,0.0,0.0,24.0,57.6
Düsseldorf,Jahn Regensburg,2025-03-15,6.7,58.3,0.0,0.0,18.2,42.5
Düsseldorf,Preußen Münster,2025-04-05,16.8,36.0,0.0,0.0,16.6,40.7
Elversberg,Jahn Regensburg,2025-04-06,9.2,33.5,0.0,0.0,19.8,47.2
Elversberg,Düsseldorf,2025-04-19,16.9,56.3,0.0,0.0,7.3,25.2
Düsseldorf,Nürnberg,2025-04-26,12.4,68.5,0.0,0.0,12.0,25.9
Elversberg,BTSV,2025-05-10,19.3,25.3,0.0,0.0,13.7,37.8
Düsseldorf,Schalke 04,2025-05-10,22.7,23.7,0.0,0.0,8.5,27.7
Düsseldorf,Hertha BSC,2023-07-29,17.0,91.5,0.0,0.0,8.4,17.3
Elversberg,Hansa Rostock,2023-08-05,19.1,65.3,0.4,0.0,14.4,37.8
Düsseldorf,Paderborn 07,2023-08-19,27.3,73.7,2.9,0.0,14.4,41.8
Elversberg,Düsseldorf,2023-08-26,19.7,62.3,0.8,0.0,13.8,35.6
Düsseldorf,Karlsruher,2023-09-01,17.6,88.0,0.0,0.0,2.8,8.3
Elversberg,Hamburger SV,2023-09-16,24.6,59.7,0.0,0.0,2.5,16.6
Düsseldorf,Hannover 96,2023-09-24,19.0,55.0,0.0,0.0,13.2,29.9
Elversberg,Greuther Fürth,2023-10-01,21.4,56.5,0.0,0.0,4.3,15.5
Düsseldorf,Osnabrück,2023-10-06,15.4,79.5,0.0,0.0,13.1,23.8
Elversberg,BTSV,2023-10-20,11.8,89.5,0.0,0.0,13.4,25.6
Düsseldorf,Kaiserslautern,2023-10-21,13.8,61.5,0.0,0.0,25.3,47.5
Elversberg,St Pauli,2023-11-03,5.4,86.0,0.0,0.0,12.2,25.6
Düsseldorf,Wehen Wiesbaden,2023-11-03,8.1,74.0,0.0,0.0,16.5,31.7
Elversberg,Paderborn 07,2023-11-25,3.3,87.7,0.4,0.0,24.4,50.4
Düsseldorf,Schalke 04,2023-11-25,2.9,96.0,0.0,0.0,9.0,25.6
Elversberg,Nürnberg,2023-12-10,8.6,79.5,0.0,0.0,20.2,52.6
Düsseldorf,Holstein Kiel,2023-12-10,10.4,75.5,0.0,0.0,21.1,50.4
Elversberg,Hannover 96,2024-01-20,-0.3,63.3,0.0,0.0,3.7,14.4
Düsseldorf,St Pauli,2024-01-27,2.2,79.5,0.0,0.0,12.0,22.3
Elversberg,Kaiserslautern,2024-02-04,7.2,92.5,0.0,0.0,22.5,46.1
Düsseldorf,Elversberg,2024-02-10,12.9,74.7,0.0,0.0,13.8,30.6
Elversberg,Osnabrück,2024-02-18,9.0,73.0,0.2,0.0,21.1,48.2
Düsseldorf,Hansa Rostock,2024-02-25,8.4,72.5,0.8,0.0,12.1,33.5
Elversberg,Wehen Wiesbaden,2024-03-03,13.8,66.0,0.0,0.0,7.4,20.2
Düsseldorf,Hamburger SV,2024-03-08,6.9,60.5,0.0,0.0,13.4,25.2
Elversberg,Holstein Kiel,2024-03-16,10.5,79.3,0.4,0.0,18.4,42.5
Elversberg,Magdeburg,2024-04-06,22.7,39.0,0.0,0.0,18.9,41.0
Düsseldorf,BTSV,2024-04-07,20.6,49.5,0.7,0.0,21.3,44.3
Elversberg,Schalke 04,2024-04-19,6.2,84.0,0.1,0.0,19.8,47.5
Düsseldorf,Greuther Fürth,2024-04-20,8.4,73.3,1.9,0.0,16.1,40.3
Düsseldorf,Nürnberg,2024-05-03,11.8,81.5,0.0,0.0,2.6,11.9
Elversberg,Hertha BSC,2024-05-05,16.2,70.5,0.4,0.0,11.6,32.8
Düsseldorf,Magdeburg,2024-05-19,17.2,77.0,6.3,0.0,13.8,36.7
Elversberg,Karlsruher,2024-05-19,15.7,76.0,0.1,0.0,12.0,32.0
Sandhausen,Arminia,2022-07-16,26.3,27.7,0.0,0.0,13.0,35.6
Düsseldorf,Paderborn 07,2022-07-22,20.0,59.0,0.0,0.0,8.2,24.8
Sandhausen,Düsseldorf,2022-08-05,22.1,65.5,0.0,0.0,15.8,36.0
Düsseldorf,Greuther Fürth,2022-08-14,32.0,29.0,0.0,0.0,5.2,18.0
Sandhausen,Nürnberg,2022-08-20,23.8,64.0,0.2,0.0,11.1,32.4
Düsseldorf,Jahn Regensburg,2022-08-26,19.4,84.0,0.0,0.0,15.5,32.8
Sandhausen,Kaiserslautern,2022-09-04,25.6,45.5,0.0,0.0,4.4,19.4
Düsseldorf,Hansa Rostock,2022-09-10,15.0,94.5,0.0,0.0,9.4,25.2
Sandhausen,Hannover 96,2022-09-16,12.4,83.0,0.1,0.0,6.9,19.8
Düsseldorf,Arminia,2022-10-01,16.7,67.7,8.6,0.0,21.9,51.5
Sandhausen,Magdeburg,2022-10-09,17.4,50.0,0.0,0.0,13.8,32.0
Düsseldorf,Nürnberg,2022-10-15,17.7,83.7,0.4,0.0,17.4,37.8
Sandhausen,BTSV,2022-10-30,21.8,61.0,0.0,0.0,3.3,8.6
Düsseldorf,St Pauli,2022-11-05,10.9,74.0,0.0,0.0,14.8,32.8
Sandhausen,Heidenheim,2022-11-09,12.0,94.0,0.5,0.0,12.0,27.7
Düsseldorf,Kaiserslautern,2022-11-11,9.4,82.0,0.0,0.0,14.8,27.0
Düsseldorf,Magdeburg,2023-01-27,3.3,84.0,0.0,0.0,15.0,30.6
Sandhausen,Darmstadt 98,2023-02-03,8.0,83.5,0.2,0.0,23.2,47.9
Düsseldorf,Sandhausen,2023-02-12,9.4,77.5,0.0,0.0,3.2,10.1
Sandhausen,Karlsruher,2023-02-19,10.9,67.0,0.1,0.0,20.9,44.6
Düsseldorf,BTSV,2023-02-24,4.5,91.0,0.9,0.0,17.5,36.0
Sandhausen,Holstein Kiel,2023-03-04,4.4,68.3,0.1,0.0,9.8,24.5
Düsseldorf,Heidenheim,2023-03-11,-0.2,76.5,0.0,0.0,7.4,13.0
Sandhausen,St Pauli,2023-03-19,14.2,59.5,0.7,0.0,14.1,33.8
Düsseldorf,Hamburger SV,2023-03-31,10.1,86.5,1.5,0.0,24.8,51.1
Sandhausen,Greuther Fürth,2023-04-09,13.8,42.0,0.0,0.0,12.1,28.8
Düsseldorf,Darmstadt 98,2023-04-16,13.6,65.5,0.0,0.0,14.0,32.8
Sandhausen,Paderborn 07,2023-04-23,19.0,44.0,0.1,0.0,10.9,27.0
Düsseldorf,Karlsruher,2023-04-30,16.8,50.5,0.0,0.0,12.3,26.6
Sandhausen,Jahn Regensburg,2023-04-30,16.6,47.0,0.0,0.0,16.4,36.0
Düsseldorf,Holstein Kiel,2023-05-06,19.8,54.7,0.0,0.0,4.8,18.0
Sandhausen,Hansa Rostock,2023-05-12,14.0,71.5,0.0,0.0,12.6,25.9
Düsseldorf,Hannover 96,2023-05-21,22.7,61.0,0.0,0.0,12.0,30.2
Sandhausen,Hamburger SV,2023-05-28,25.2,30.5,0.0,0.0,11.9,28.1
Werder Bremen,Hannover 96,2021-07-24,22.4,58.0,0.0,0.0,9.8,29.9
Sandhausen,Düsseldorf,2021-07-25,23.5,67.0,0.4,0.0,8.5,25.6
Düsseldorf,Werder Bremen,2021-07-31,15.9,86.5,0.4,0.0,5.9,15.5
Sandhausen,Karlsruher,2021-08-14,28.8,45.5,0.0,0.0,2.2,17.6
Werder Bremen,Paderborn 07,2021-08-15,25.0,49.5,0.0,0.0,15.4,33.5
Düsseldorf,Holstein Kiel,2021-08-20,18.1,83.5,0.0,0.0,5.3,16.2
Sandhausen,Ingolstadt,2021-08-27,15.2,80.0,0.5,0.0,9.8,26.3
Werder Bremen,Hansa Rostock,2021-08-29,18.6,80.5,0.6,0.0,16.8,38.2
Sandhausen,Heidenheim,2021-09-18,21.0,54.0,0.0,0.0,5.0,19.8
Düsseldorf,Jahn Regensburg,2021-09-18,21.1,57.0,0.0,0.0,6.5,18.0
Werder Bremen,Hamburger SV,2021-09-18,15.3,84.0,0.0,0.0,11.9,24.5
Werder Bremen,Heidenheim,2021-10-01,14.2,60.0,0.0,0.0,13.2,25.9
Düsseldorf,Paderborn 07,2021-10-02,17.6,63.0,0.1,0.0,21.1,42.8
Sandhausen,Darmstadt 98,2021-10-03,19.9,70.5,1.9,0.0,17.1,45.7
Düsseldorf,Karlsruher,2021-10-23,12.1,63.5,0.0,0.0,8.2,18.7
Sandhausen,Werder Bremen,2021-10-24,13.7,57.5,0.0,0.0,5.0,18.4
Werder Bremen,St Pauli,2021-10-30,12.9,79.5,1.1,0.0,14.8,32.0
Düsseldorf,Hannover 96,2021-11-06,10.6,75.5,0.0,0.0,16.6,33.1
Sandhausen,Nürnberg,2021-11-19,7.1,91.5,0.1,0.0,6.4,12.6
Werder Bremen,Schalke 04,2021-11-20,10.0,92.5,0.5,0.0,18.6,35.3
Düsseldorf,Heidenheim,2021-11-26,3.4,86.5,0.7,0.2,21.4,41.4
Werder Bremen,Erzgebirge Aue,2021-12-03,3.6,84.5,1.2,0.2,24.7,49.3
Sandhausen,Paderborn 07,2021-12-04,5.7,96.0,2.4,0.0,8.7,20.9
Düsseldorf,St Pauli,2021-12-11,3.8,93.0,0.0,0.0,11.2,22.3
Düsseldorf,Sandhausen,2021-12-17,6.4,96.0,0.0,0.0,6.1,11.9
Werder Bremen,Düsseldorf,2022-01-15,6.2,82.5,0.0,0.0,8.0,17.3
Sandhausen,Jahn Regensburg,2022-01-16,2.2,85.5,0.0,0.0,17.8,39.2
Düsseldorf,Nürnberg,2022-01-21,4.0,95.0,0.0,0.0,16.2,30.2
Werder Bremen,Karlsruher,2022-02-05,6.0,65.5,0.0,0.0,28.7,60.1
Sandhausen,Erzgebirge Aue,2022-02-05,6.0,76.0,0.4,0.0,19.6,44.6
Düsseldorf,Schalke 04,2022-02-13,9.2,63.5,0.0,0.0,21.6,41.8
Werder Bremen,Ingolstadt,2022-02-19,6.6,57.0,0.2,0.0,31.0,65.2
Sandhausen,Hamburger SV,2022-02-19,8.2,43.0,0.0,0.0,22.6,48.2
Düsseldorf,Erzgebirge Aue,2022-02-20,9.0,87.0,1.2,0.0,31.6,59.8
Sandhausen,Hannover 96,2022-03-05,7.2,41.0,0.0,0.0,13.5,32.0
Werder Bremen,Dresden,2022-03-06,5.1,49.5,0.0,0.0,14.6,31.3
Düsseldorf,Ingolstadt,2022-03-06,5.8,48.5,0.0,0.0,18.0,37.1
Sandhausen,Hansa Rostock,2022-03-19,12.2,38.0,0.0,0.0,19.1,40.7
Düsseldorf,Hamburger SV,2022-03-19,11.3,41.5,0.0,0.0,22.4,44.3
Werder Bremen,Darmstadt 98,2022-03-19,5.4,66.0,0.0,0.0,18.6,34.9
Werder Bremen,Sandhausen,2022-04-03,6.0,65.5,0.6,0.1,17.2,37.8
Düsseldorf,Hansa Rostock,2022-04-08,5.6,75.0,0.0,0.0,7.8,17.3
Sandhausen,Dresden,2022-04-10,8.5,68.5,0.3,0.0,9.6,28.8
Sandhausen,St Pauli,2022-04-16,14.8,40.0,0.0,0.0,13.6,31.7
Werder Bremen,Nürnberg,2022-04-17,14.5,32.5,0.0,0.0,10.8,24.8
Düsseldorf,Dresden,2022-04-22,12.8,59.0,0.0,0.0,17.7,42.1
Sandhausen,Schalke 04,2022-04-29,15.8,51.0,0.0,0.0,11.8,23.8
Werder Bremen,Holstein Kiel,2022-04-29,8.2,67.0,0.0,0.0,13.4,33.5
Düsseldorf,Darmstadt 98,2022-05-06,18.2,57.5,0.0,0.0,2.7,12.6
Werder Bremen,Jahn Regensburg,2022-05-15,21.0,41.5,0.0,0.0,7.2,19.4
Sandhausen,Holstein Kiel,2022-05-15,26.0,33.0,0.0,0.0,10.2,23.8
Brighton,Luton Town,2023-08-12,18.0,80.7,0.4,0.0,35.1,66.2
Brighton,West Ham United,2023-08-26,16.5,73.5,0.0,0.0,17.4,36.4
Brighton,Newcastle United,2023-09-02,20.4,81.5,0.0,0.0,6.8,21.6
Brighton,Bournemouth,2023-09-24,17.9,74.0,0.0,0.0,29.2,55.4
Brighton,Liverpool,2023-10-08,20.4,62.0,0.0,0.0,8.8,22.0
Brighton,Fulham,2023-10-29,12.2,81.3,0.4,0.0,30.5,57.6
Brighton,Sheffield United,2023-11-12,10.2,81.3,0.0,0.0,12.9,27.4
Brighton,Brentford,2023-12-06,6.6,81.0,0.0,0.0,14.5,29.5
Brighton,Burnley,2023-12-09,11.3,84.3,0.0,0.0,34.3,64.1
Brighton,Tottenham Hotspur,2023-12-28,10.1,89.5,0.2,0.0,37.2,72.4
Brighton,Wolves,2024-01-22,7.8,73.0,0.0,0.0,32.0,58.7
Brighton,Crystal Palace,2024-02-03,10.0,92.7,0.0,0.0,23.1,45.7
Brighton,Everton,2024-02-24,6.1,84.0,0.8,0.0,13.8,38.5
Brighton,Nottingham Forest,2024-03-10,9.0,89.7,2.1,0.0,3.3,11.9
Brighton,Arsenal,2024-04-06,13.6,73.5,0.0,0.0,33.2,59.8
Brighton,Manchester City,2024-04-25,8.6,89.7,1.2,0.0,18.6,44.6
Brighton,Aston Villa,2024-05-05,12.6,86.7,0.1,0.0,15.0,31.0
Brighton,Chelsea,2024-05-15,14.2,79.5,0.0,0.0,11.4,21.2
Brighton,Manchester Utd,2024-05-19,16.2,86.0,1.2,0.0,7.8,26.3
Brighton,Newcastle United,2022-08-13,28.8,30.7,0.0,0.0,14.4,31.7
Brighton,Leeds United,2022-08-27,19.0,74.0,0.8,0.0,13.3,36.4
Brighton,Leicester City,2022-09-04,20.7,72.7,0.0,0.0,15.2,36.4
Brighton,Tottenham Hotspur,2022-10-08,12.5,72.5,0.0,0.0,11.2,28.8
Brighton,Nottingham Forest,2022-10-18,14.1,81.0,0.0,0.0,22.0,41.0
Brighton,Chelsea,2022-10-29,18.5,82.7,0.0,0.0,9.9,34.6
Brighton,Aston Villa,2022-11-13,13.2,92.3,0.0,0.0,14.5,31.0
Brighton,Arsenal,2022-12-31,12.2,89.0,1.6,0.0,42.4,80.6
Brighton,Liverpool,2023-01-14,10.3,90.0,0.6,0.0,28.4,66.2
Brighton,Bournemouth,2023-02-04,9.0,67.0,0.0,0.0,10.5,24.5
Brighton,Fulham,2023-02-18,9.9,93.0,0.0,0.0,28.5,57.2
Brighton,West Ham United,2023-03-04,6.5,67.3,0.0,0.0,11.8,27.0
Brighton,Crystal Palace,2023-03-15,7.2,88.0,0.5,0.0,20.5,37.8
Brighton,Brentford,2023-04-01,11.5,72.0,0.2,0.0,17.5,37.8
Brighton,Wolves,2023-04-29,12.1,76.3,0.0,0.0,12.1,32.8
Brighton,Manchester Utd,2023-05-04,12.3,89.3,0.0,0.0,14.4,34.6
Brighton,Everton,2023-05-08,12.1,90.0,0.7,0.0,17.5,36.4
Brighton,Southampton,2023-05-21,16.8,60.0,0.0,0.0,19.8,42.5
Brighton,Manchester City,2023-05-24,14.8,92.0,0.0,0.0,6.3,20.2
Brighton,Watford,2021-08-21,17.9,88.5,0.0,0.0,14.0,32.0
Brighton,Everton,2021-08-28,19.3,60.0,0.0,0.0,17.7,39.6
Brighton,Leicester City,2021-09-19,17.0,86.3,0.6,0.0,10.0,22.7
Brighton,Arsenal,2021-10-02,17.2,90.0,2.5,0.0,53.0,106.6
Brighton,Manchester City,2021-10-23,13.0,68.0,0.0,0.0,17.6,33.8
Brighton,Newcastle United,2021-11-06,12.0,80.5,0.0,0.0,30.0,57.6
Brighton,Leeds United,2021-11-27,3.8,71.5,0.1,0.0,42.0,80.3
Brighton,Wolves,2021-12-15,9.8,97.0,0.0,0.0,11.2,23.8
Brighton,Brentford,2021-12-26,6.9,95.3,0.0,0.0,8.2,16.2
Brighton,Crystal Palace,2022-01-14,3.3,80.0,0.0,0.0,10.2,19.8
Brighton,Chelsea,2022-01-18,5.5,91.3,0.0,0.0,5.1,15.5
Brighton,Burnley,2022-02-19,7.9,90.0,3.2,0.0,48.3,100.8
Brighton,Aston Villa,2022-02-26,7.5,67.0,0.0,0.0,19.9,40.3
Brighton,Liverpool,2022-03-12,9.4,82.5,0.4,0.0,25.0,59.0
Brighton,Tottenham Hotspur,2022-03-16,9.4,88.0,0.6,0.0,21.0,42.8
Brighton,Norwich City,2022-04-02,7.5,43.0,0.1,0.0,15.3,33.1
Brighton,Southampton,2022-04-24,16.6,45.0,0.0,0.0,23.1,49.0
Brighton,Manchester Utd,2022-05-07,15.4,78.5,0.2,0.0,10.4,23.0
Brighton,West Ham United,2022-05-22,16.4,68.3,0.0,0.0,8.2,29.5
Auxerre,Lorient,2025-08-17,25.2,43.0,0.0,0.0,14.6,32.4
Auxerre,Monaco,2025-09-13,14.1,90.5,0.9,0.0,12.2,28.4
Auxerre,Toulouse,2025-09-21,13.0,92.0,0.1,0.0,5.8,16.9
Auxerre,Lens,2025-10-04,10.5,71.0,0.0,0.0,17.8,35.6
Auxerre,Le Havre,2025-10-26,8.2,72.0,0.0,0.0,12.5,25.2
Auxerre,Marseille,2025-11-01,11.9,91.5,0.0,0.0,14.9,27.7
Auxerre,Lyon,2025-11-23,4.9,95.7,5.4,0.0,24.6,45.7
Auxerre,Metz,2025-12-07,13.3,90.0,0.0,0.0,23.4,43.6
Auxerre,Lille,2025-12-14,3.6,95.5,0.0,0.0,7.2,12.6
Auxerre,Paris Saint-Germain,2026-01-23,4.9,91.0,0.0,0.0,16.0,31.0
Auxerre,Paris FC,2026-02-08,7.5,85.5,0.0,0.0,4.4,7.2
Auxerre,Rennes,2026-02-22,11.4,81.7,0.2,0.0,19.8,43.2
Auxerre,Strasbourg,2026-03-07,11.7,75.0,0.0,0.0,6.8,12.6
Auxerre,Brest,2026-03-21,9.8,67.7,0.0,0.0,8.7,18.0
Auxerre,Nantes,2026-04-11,9.1,91.7,0.7,0.0,16.1,41.8
Auxerre,Nice,2024-08-18,19.3,61.0,0.0,0.0,13.4,28.1
Montpellier,Strasbourg,2024-08-18,26.0,36.3,0.0,0.0,24.8,48.6
Montpellier,Nantes,2024-08-31,24.8,59.3,0.0,0.0,6.1,19.4
Auxerre,Monaco,2024-09-14,10.3,68.7,0.0,0.0,9.2,25.6
Montpellier,Auxerre,2024-09-22,18.5,92.3,4.6,0.0,9.6,30.6
Auxerre,Brest,2024-09-27,11.4,91.0,2.4,0.0,17.4,36.0
Auxerre,Reims,2024-10-20,17.6,79.0,0.0,0.0,14.2,26.3
Montpellier,Marseille,2024-10-20,15.0,86.0,0.0,0.0,6.0,10.4
Montpellier,Toulouse,2024-10-27,15.7,93.3,0.6,0.0,9.5,27.7
Auxerre,Rennes,2024-11-03,9.4,93.3,0.0,0.0,5.9,10.8
Montpellier,Brest,2024-11-10,15.7,83.3,0.0,0.0,5.3,10.1
Auxerre,Angers,2024-11-24,15.6,63.7,0.0,0.0,34.5,66.6
Montpellier,Lille,2024-12-01,13.2,84.0,0.0,0.0,3.6,11.2
Auxerre,Paris Saint-Germain,2024-12-06,5.5,87.0,0.0,0.0,13.5,28.1
Auxerre,Lens,2024-12-14,2.1,91.7,0.0,0.0,8.3,16.6
Montpellier,Nice,2024-12-15,9.2,51.3,0.0,0.0,13.6,42.1
Auxerre,Lille,2025-01-10,-1.1,89.5,0.0,0.0,6.3,13.3
Montpellier,Angers,2025-01-12,3.0,63.0,0.0,0.0,1.9,4.0
Montpellier,Monaco,2025-01-17,3.4,73.7,0.0,0.0,5.8,13.7
Auxerre,Saint-Étienne,2025-01-24,12.0,56.0,0.0,0.0,20.1,41.0
Montpellier,Lens,2025-01-31,3.8,77.0,0.0,0.0,5.8,10.4
Auxerre,Toulouse,2025-02-09,5.8,71.5,0.0,0.0,3.6,10.1
Montpellier,Lyon,2025-02-16,12.5,71.7,0.0,0.0,5.8,16.2
Auxerre,Marseille,2025-02-22,7.2,92.5,0.0,0.0,5.7,10.4
Auxerre,Strasbourg,2025-03-02,6.4,77.0,0.0,0.0,8.7,19.8
Montpellier,Rennes,2025-03-02,11.6,74.0,0.0,0.0,1.5,8.3
Montpellier,Saint-Étienne,2025-03-16,8.8,64.5,0.0,0.0,7.9,19.4
Auxerre,Montpellier,2025-03-30,11.8,77.0,0.0,0.0,9.6,34.9
Montpellier,Le Havre,2025-04-06,20.8,57.5,0.0,0.0,4.9,24.1
Auxerre,Lyon,2025-04-13,10.5,89.5,0.0,0.0,6.7,11.9
Montpellier,Reims,2025-04-27,19.6,59.5,0.0,0.0,4.2,15.8
Auxerre,Le Havre,2025-05-04,14.1,55.0,0.0,0.0,13.4,36.7
Auxerre,Nantes,2025-05-10,16.0,68.7,0.0,0.0,12.2,23.4
Montpellier,Paris Saint-Germain,2025-05-10,14.1,92.7,0.0,0.0,6.6,14.0
Auxerre,Angers,2022-08-14,24.2,56.0,0.7,0.0,16.7,35.3
Auxerre,Strasbourg,2022-08-27,23.7,39.7,0.0,0.0,12.2,29.9
Auxerre,Marseille,2022-09-03,23.8,47.7,0.0,0.0,8.1,28.4
Auxerre,Lorient,2022-09-16,12.7,62.0,0.0,0.0,11.6,24.5
Auxerre,Brest,2022-10-02,19.0,74.7,0.1,0.0,23.8,50.4
Auxerre,Nice,2022-10-16,23.7,62.3,0.0,0.0,14.1,28.1
Auxerre,Ajaccio,2022-10-30,21.1,54.7,0.0,0.0,14.5,30.2
Auxerre,Monaco,2022-12-28,11.3,79.0,2.5,0.0,26.0,47.2
Auxerre,Toulouse,2023-01-11,7.5,83.7,0.0,0.0,18.0,34.2
Auxerre,Montpellier,2023-01-29,2.2,71.0,0.0,0.0,4.9,17.6
Auxerre,Reims,2023-02-05,7.1,71.0,0.1,0.0,23.2,44.3
Auxerre,Lyon,2023-02-17,11.1,92.7,0.0,0.0,14.5,28.8
Auxerre,Rennes,2023-03-11,7.1,80.3,0.0,0.0,2.7,10.4
Auxerre,Troyes,2023-04-01,10.5,74.0,1.0,0.0,17.4,45.0
Auxerre,Nantes,2023-04-16,9.9,73.3,0.0,0.0,15.0,31.0
Auxerre,Lille,2023-04-22,14.5,73.7,0.2,0.0,13.0,30.2
Auxerre,Clermont Foot,2023-05-07,18.3,68.7,0.8,0.0,14.3,29.2
Auxerre,Paris Saint-Germain,2023-05-21,16.8,88.5,0.0,0.0,5.9,14.8
Auxerre,Lens,2023-06-03,17.7,58.3,0.0,0.0,8.9,19.1
Bordeaux,Clermont Foot,2021-08-08,22.3,46.7,0.0,0.0,15.0,35.6
Bordeaux,Angers,2021-08-22,24.9,54.0,0.0,0.0,11.0,27.0
Bordeaux,Lens,2021-09-12,27.0,38.0,0.0,0.0,6.9,22.0
Bordeaux,Rennes,2021-09-26,22.1,63.3,0.2,0.0,19.1,38.9
Bordeaux,Nantes,2021-10-17,22.0,52.0,0.0,0.0,8.3,22.7
Nice,Marseille,2021-10-27,8.6,95.3,0.0,0.0,7.7,16.2
Bordeaux,Reims,2021-10-31,17.1,83.3,1.8,0.0,16.2,45.7
Bordeaux,Paris Saint-Germain,2021-11-06,5.9,91.7,0.0,0.0,8.1,14.4
Bordeaux,Brest,2021-11-28,7.1,55.3,0.0,0.0,16.1,36.4
Bordeaux,Lyon,2021-12-05,7.6,68.0,0.0,0.0,17.0,33.1
Bordeaux,Lille,2021-12-22,6.9,91.0,0.0,0.0,16.3,31.0
Bordeaux,Marseille,2022-01-07,8.8,80.0,2.0,0.0,18.2,34.2
Bordeaux,Strasbourg,2022-01-23,8.2,70.3,0.0,0.0,6.8,16.6
Bordeaux,Monaco,2022-02-20,11.0,84.5,0.0,0.0,16.8,34.2
Bordeaux,Troyes,2022-03-06,11.6,43.0,0.0,0.0,12.9,27.7
Bordeaux,Montpellier,2022-03-20,17.3,58.7,0.0,0.0,15.6,36.4
Bordeaux,Metz,2022-04-10,17.2,39.0,0.0,0.0,18.5,38.2
Bordeaux,Saint-Étienne,2022-04-20,13.2,77.7,0.1,0.0,3.7,15.8
Bordeaux,Nice,2022-05-01,18.6,51.5,0.0,0.0,7.0,19.1
Bordeaux,Lorient,2022-05-14,20.6,68.7,0.0,0.0,7.5,16.2
Lecce,Milan,2025-08-29,26.3,75.5,0.0,0.0,11.6,22.3
Pisa,Roma,2025-08-30,17.6,97.0,0.0,0.0,8.7,18.0
Pisa,Udinese,2025-09-14,24.0,67.7,0.0,0.0,8.7,30.6
Hellas Verona,Cremonese,2025-09-15,21.4,74.0,0.0,0.0,4.2,10.4
Lecce,Cagliari,2025-09-19,22.1,82.5,0.0,0.0,11.2,21.2
Hellas Verona,Juventus,2025-09-20,24.3,57.7,0.0,0.0,5.8,19.1
Pisa,Fiorentina,2025-09-28,21.0,56.3,0.0,0.0,6.9,19.4
Lecce,Bologna,2025-09-28,19.5,79.3,0.7,0.0,12.3,29.2
Hellas Verona,Sassuolo,2025-10-03,9.1,88.0,0.0,0.0,4.8,15.5
Pisa,Hellas Verona,2025-10-18,19.3,50.7,0.0,0.0,5.5,14.0
Lecce,Sassuolo,2025-10-18,18.2,79.7,0.1,0.0,4.5,15.8
Hellas Verona,Cagliari,2025-10-26,15.0,68.3,0.0,0.0,7.4,23.8
Lecce,Napoli,2025-10-28,14.2,85.5,0.0,0.0,5.0,10.1
Pisa,Lazio,2025-10-30,16.0,97.5,1.0,0.0,11.9,24.1
Hellas Verona,Inter,2025-11-02,15.5,93.5,3.6,0.0,4.6,20.9
Pisa,Cremonese,2025-11-07,11.4,81.5,0.0,0.0,9.2,18.7
Lecce,Hellas Verona,2025-11-08,16.5,83.7,0.0,0.0,6.8,21.6
Hellas Verona,Parma,2025-11-23,6.8,67.5,0.0,0.0,6.4,19.4
Lecce,Torino,2025-11-30,15.5,57.5,0.0,0.0,12.4,31.7
Pisa,Inter,2025-11-30,8.9,77.7,0.0,0.0,7.7,15.8
Hellas Verona,Atalanta,2025-12-06,4.1,87.5,0.0,0.0,2.7,9.4
Pisa,Parma,2025-12-08,11.8,79.0,0.0,0.0,4.8,15.1
Lecce,Pisa,2025-12-12,12.9,90.5,0.0,0.0,13.5,25.6
Lecce,Como,2025-12-27,11.6,73.3,0.0,0.0,14.7,40.3
Pisa,Juventus,2025-12-27,3.3,90.0,0.0,0.0,4.3,7.9
Hellas Verona,Torino,2026-01-04,2.0,63.0,0.0,0.0,11.6,25.6
Pisa,Como,2026-01-06,4.3,77.3,0.0,0.0,7.0,16.6
Lecce,Roma,2026-01-06,16.4,75.0,0.0,0.0,24.7,49.3
Lecce,Parma,2026-01-11,10.7,43.0,0.2,0.0,27.4,55.4
Hellas Verona,Lazio,2026-01-11,2.0,79.7,0.0,0.0,3.8,10.8
Hellas Verona,Bologna,2026-01-15,4.6,97.0,0.0,0.0,1.8,6.8
Pisa,Atalanta,2026-01-16,7.4,99.0,0.0,0.0,7.4,16.9
Lecce,Lazio,2026-01-24,14.7,78.5,0.0,0.0,18.6,36.0
Hellas Verona,Udinese,2026-01-26,2.5,89.5,0.0,0.0,3.0,13.3
Pisa,Sassuolo,2026-01-31,11.6,61.7,0.0,0.0,12.1,29.2
Hellas Verona,Pisa,2026-02-06,7.0,87.5,0.0,0.0,2.8,10.1
Lecce,Udinese,2026-02-08,14.8,63.3,0.0,0.0,6.5,18.0
Pisa,Milan,2026-02-13,9.3,96.0,0.0,0.0,7.3,18.7
Lecce,Inter,2026-02-21,10.5,71.3,0.0,0.0,20.8,45.4
Hellas Verona,Napoli,2026-02-28,10.9,85.7,0.0,0.0,4.4,13.7
Pisa,Bologna,2026-03-02,11.0,94.0,0.0,0.0,4.4,11.9
Lecce,Cremonese,2026-03-08,13.7,88.0,0.9,0.0,11.4,23.8
Hellas Verona,Genoa,2026-03-15,14.9,58.5,0.1,0.0,23.8,56.2
Pisa,Cagliari,2026-03-15,18.2,45.0,0.0,0.0,19.6,42.5
Hellas Verona,Fiorentina,2026-04-04,18.0,45.7,0.0,0.0,2.9,11.5
Pisa,Torino,2026-04-05,14.6,73.0,0.0,0.0,6.8,26.6
Lecce,Atalanta,2026-04-06,20.0,49.7,0.0,0.0,4.6,20.9
Hellas Verona,Milan,2026-04-19,22.0,44.3,0.4,0.0,10.7,31.7
Pisa,Genoa,2026-04-19,17.2,71.3,0.0,0.0,6.0,26.3
Lecce,Fiorentina,2026-04-20,15.0,84.0,0.0,0.0,7.4,14.8
Hellas Verona,Lecce,2026-04-25,18.0,37.0,0.0,0.0,3.4,11.2
Empoli,Monza,2024-08-17,24.4,68.5,0.0,0.0,9.5,17.6
Hellas Verona,Napoli,2024-08-18,24.4,74.0,0.5,0.0,4.3,13.0
Lecce,Atalanta,2024-08-19,23.2,88.5,0.0,0.0,4.6,18.4
Hellas Verona,Juventus,2024-08-26,22.1,71.5,0.0,0.0,6.6,15.8
Lecce,Cagliari,2024-08-31,26.6,71.5,0.0,0.0,13.0,24.8
Empoli,Juventus,2024-09-14,17.7,56.3,0.0,0.0,6.0,19.1
Atalanta,Fiorentina,2024-09-15,21.6,56.0,0.0,0.0,4.2,13.3
Hellas Verona,Torino,2024-09-20,16.8,65.5,0.0,0.0,10.4,19.1
Lecce,Parma,2024-09-21,18.8,90.5,0.0,0.0,7.2,12.2
Atalanta,Como,2024-09-24,12.6,96.5,0.0,0.0,4.8,13.3
Empoli,Fiorentina,2024-09-29,16.4,69.0,0.0,0.0,8.0,12.6
Hellas Verona,Venezia,2024-10-04,12.2,87.0,0.0,0.0,6.1,11.9
Atalanta,Genoa,2024-10-05,11.4,92.3,0.0,0.0,4.2,15.8
Empoli,Napoli,2024-10-20,23.0,67.5,0.0,0.0,19.6,41.8
Lecce,Fiorentina,2024-10-20,20.5,69.7,0.0,0.0,17.8,43.9
Hellas Verona,Monza,2024-10-21,14.7,88.5,0.0,0.0,4.2,11.5
Atalanta,Hellas Verona,2024-10-26,15.2,92.5,1.9,0.0,6.9,19.8
Lecce,Hellas Verona,2024-10-29,18.2,89.5,0.0,0.0,13.1,24.8
Empoli,Inter,2024-10-30,14.4,90.0,0.0,0.0,5.9,10.1
Atalanta,Monza,2024-10-30,10.4,97.0,0.0,0.0,4.4,14.0
Hellas Verona,Roma,2024-11-03,11.4,83.0,0.0,0.0,4.2,10.4
Empoli,Como,2024-11-04,12.6,84.5,0.0,0.0,3.6,6.1
Lecce,Empoli,2024-11-08,12.0,89.0,0.0,0.0,10.2,13.7
Atalanta,Udinese,2024-11-10,15.7,70.0,0.0,0.0,3.6,13.0
Hellas Verona,Inter,2024-11-23,7.5,67.3,0.0,0.0,1.8,14.0
Empoli,Udinese,2024-11-25,10.1,89.0,0.0,0.0,3.4,6.5
Lecce,Juventus,2024-12-01,13.4,72.0,0.0,0.0,12.8,25.6
Atalanta,Milan,2024-12-06,1.4,66.5,0.0,0.0,5.0,20.9
Hellas Verona,Empoli,2024-12-08,5.9,95.0,2.3,0.0,7.7,17.6
Empoli,Torino,2024-12-13,6.2,86.5,0.8,0.0,10.0,21.2
Lecce,Monza,2024-12-15,13.5,69.5,0.1,0.0,16.9,36.0
Hellas Verona,Milan,2024-12-20,1.5,62.0,0.0,0.0,6.4,14.4
Lecce,Lazio,2024-12-21,7.0,73.5,0.0,0.0,15.4,27.4
Atalanta,Empoli,2024-12-22,1.9,99.3,0.1,0.0,2.0,13.3
Empoli,Genoa,2024-12-28,5.4,71.0,0.0,0.0,1.5,7.6
Hellas Verona,Udinese,2025-01-04,0.3,93.0,0.0,0.0,3.4,8.6
Lecce,Genoa,2025-01-05,13.1,77.7,0.0,0.0,8.1,23.4
Empoli,Lecce,2025-01-11,8.8,62.7,0.0,0.0,23.4,46.8
Atalanta,Juventus,2025-01-14,0.6,74.0,0.0,0.0,1.6,6.5
Atalanta,Napoli,2025-01-18,2.8,58.0,0.0,0.0,4.4,13.0
Hellas Verona,Lazio,2025-01-19,5.9,93.3,0.0,0.0,1.6,6.5
Empoli,Bologna,2025-01-25,8.8,90.5,0.0,0.0,7.0,14.4
Lecce,Inter,2025-01-26,13.6,92.3,0.0,0.0,15.8,33.8
Atalanta,Torino,2025-02-01,7.0,95.7,0.0,0.0,1.1,4.3
Hellas Verona,Atalanta,2025-02-08,7.2,69.3,0.1,0.0,3.3,9.0
Empoli,Milan,2025-02-08,7.3,93.0,3.5,0.0,19.7,38.5
Lecce,Bologna,2025-02-09,9.4,77.7,0.0,0.0,1.0,3.2
Atalanta,Cagliari,2025-02-15,6.9,68.7,0.0,0.0,5.8,22.0
Lecce,Udinese,2025-02-21,5.1,77.5,0.0,0.0,3.9,5.8
Hellas Verona,Fiorentina,2025-02-23,10.9,80.0,0.0,0.0,4.9,19.4
Empoli,Atalanta,2025-02-23,11.4,92.3,0.0,0.0,5.0,10.4
Atalanta,Venezia,2025-03-01,9.1,70.0,1.1,0.0,4.0,18.7
Lecce,Milan,2025-03-08,11.9,91.7,0.0,0.0,6.3,14.4
Hellas Verona,Bologna,2025-03-09,15.2,51.0,0.0,0.0,7.0,20.2
Empoli,Roma,2025-03-09,13.1,85.3,3.6,0.0,4.1,13.0
Atalanta,Inter,2025-03-16,6.6,75.0,0.0,0.0,1.6,6.1
Lecce,Roma,2025-03-29,10.5,97.5,0.1,0.0,2.6,14.8
Hellas Verona,Parma,2025-03-31,10.0,78.5,0.0,0.0,4.2,9.7
Lecce,Venezia,2025-04-06,19.5,46.0,0.0,0.0,13.0,33.1
Empoli,Cagliari,2025-04-06,15.8,63.0,0.0,0.0,23.7,49.7
Atalanta,Lazio,2025-04-06,11.0,66.7,0.0,0.0,8.8,37.8
Atalanta,Bologna,2025-04-13,14.9,63.0,0.0,0.0,5.6,18.0
Hellas Verona,Genoa,2025-04-13,15.1,74.7,0.0,0.0,6.0,19.1
Lecce,Como,2025-04-19,19.4,54.7,0.0,0.0,6.1,26.6
Empoli,Venezia,2025-04-20,18.0,71.7,0.1,0.0,12.1,33.5
Atalanta,Lecce,2025-04-27,12.8,86.5,0.0,0.0,8.7,22.0
Hellas Verona,Cagliari,2025-04-28,14.0,85.0,0.0,0.0,6.2,15.1
Lecce,Napoli,2025-05-03,22.4,41.3,0.0,0.0,10.5,23.8
Empoli,Lazio,2025-05-04,22.2,57.5,0.0,0.0,10.6,27.7
Empoli,Parma,2025-05-10,14.9,88.5,0.0,0.0,5.0,10.4
Hellas Verona,Lecce,2025-05-11,21.6,49.7,0.0,0.0,5.0,18.0
Atalanta,Roma,2025-05-12,15.0,84.0,0.0,0.0,4.7,10.8
Hellas Verona,Como,2025-05-18,15.8,77.5,0.0,0.0,5.0,17.6
Lecce,Torino,2025-05-18,16.2,90.0,0.0,0.0,8.9,17.6
Atalanta,Parma,2025-05-25,14.2,89.5,0.0,0.0,5.8,14.8
Empoli,Hellas Verona,2025-05-25,15.2,84.5,0.0,0.0,8.1,15.1
Lecce,Lazio,2023-08-20,26.4,68.5,0.0,0.0,18.1,34.2
Hellas Verona,Roma,2023-08-26,26.0,58.5,0.0,0.0,8.3,19.8
Atalanta,Monza,2023-09-02,17.8,90.0,0.0,0.0,5.6,14.8
Lecce,Salernitana,2023-09-03,23.7,82.0,0.0,0.0,16.6,31.7
Hellas Verona,Bologna,2023-09-18,19.5,89.0,1.5,0.0,7.0,29.5
Lecce,Genoa,2023-09-22,24.9,77.5,0.0,0.0,17.0,32.4
Atalanta,Cagliari,2023-09-24,20.6,52.3,0.0,0.0,4.6,19.1
Hellas Verona,Atalanta,2023-09-27,18.6,64.5,0.0,0.0,8.2,18.4
Lecce,Napoli,2023-09-30,24.8,60.7,0.0,0.0,13.9,32.4
Atalanta,Juventus,2023-10-01,19.6,82.3,0.0,0.0,3.3,11.9
Lecce,Sassuolo,2023-10-06,19.9,94.0,0.0,0.0,11.0,20.2
Hellas Verona,Napoli,2023-10-21,19.8,66.7,0.1,0.0,5.9,19.4
Atalanta,Genoa,2023-10-22,13.6,85.0,0.0,0.0,4.3,14.0
Lecce,Torino,2023-10-28,18.1,86.3,0.0,0.0,7.5,12.6
Atalanta,Inter,2023-11-04,9.4,82.0,6.8,0.0,8.1,23.4
Hellas Verona,Monza,2023-11-05,17.1,62.0,0.0,0.0,16.6,35.6
Lecce,Milan,2023-11-11,17.0,57.7,0.1,0.0,9.8,28.4
Atalanta,Napoli,2023-11-25,4.1,33.7,0.0,0.0,13.0,44.3
Hellas Verona,Lecce,2023-11-27,4.4,79.0,0.0,0.0,3.4,7.9
Lecce,Bologna,2023-12-03,16.5,50.5,0.0,0.0,8.1,22.7
Hellas Verona,Lazio,2023-12-09,5.4,90.3,0.0,0.0,7.7,16.6
Atalanta,Milan,2023-12-09,2.6,100.0,0.0,0.0,2.7,10.1
Lecce,Frosinone,2023-12-16,11.5,63.7,0.0,0.0,24.8,51.1
Atalanta,Salernitana,2023-12-18,2.6,74.5,0.0,0.0,4.0,15.1
Hellas Verona,Cagliari,2023-12-23,11.7,58.7,0.0,0.0,11.2,29.2
Atalanta,Lecce,2023-12-30,11.4,65.5,0.0,0.0,2.8,11.5
Hellas Verona,Salernitana,2023-12-30,7.6,93.7,0.0,0.0,2.5,5.0
Lecce,Cagliari,2024-01-06,12.7,89.0,5.0,0.0,18.8,70.9
Hellas Verona,Empoli,2024-01-13,0.9,95.3,0.0,0.0,5.2,12.2
Atalanta,Frosinone,2024-01-15,-0.6,81.5,0.0,0.0,7.8,21.6
Lecce,Juventus,2024-01-21,9.0,60.5,0.0,0.0,17.6,36.7
Atalanta,Udinese,2024-01-27,11.9,73.0,0.0,0.0,5.2,12.2
Hellas Verona,Frosinone,2024-01-28,6.5,76.7,0.0,0.0,4.2,11.9
Lecce,Fiorentina,2024-02-02,10.2,60.0,0.0,0.0,11.2,25.2
Atalanta,Lazio,2024-02-04,8.9,79.0,0.0,0.0,3.9,10.4
Hellas Verona,Juventus,2024-02-17,11.9,88.7,0.0,0.0,1.9,6.5
Atalanta,Sassuolo,2024-02-17,7.6,86.0,0.0,0.0,3.6,9.4
Lecce,Inter,2024-02-25,13.5,81.3,0.8,0.0,14.3,33.5
Hellas Verona,Sassuolo,2024-03-03,14.0,60.5,0.1,0.0,21.2,45.0
Atalanta,Bologna,2024-03-03,9.6,72.7,0.8,0.0,11.8,33.1
Lecce,Hellas Verona,2024-03-10,17.1,64.0,0.0,0.0,32.8,67.0
Hellas Verona,Milan,2024-03-17,17.3,71.7,0.2,0.0,5.3,19.1
Lecce,Roma,2024-04-01,17.0,76.3,0.0,0.0,19.2,39.2
Hellas Verona,Genoa,2024-04-07,19.8,76.7,0.0,0.0,4.2,10.8
Lecce,Empoli,2024-04-13,21.9,59.3,0.0,0.0,14.2,36.0
Atalanta,Hellas Verona,2024-04-15,13.6,89.0,0.0,0.0,5.3,12.6
Hellas Verona,Udinese,2024-04-20,7.6,78.0,0.0,0.0,6.5,15.5
Lecce,Monza,2024-04-27,19.5,55.0,0.0,0.0,10.1,28.1
Atalanta,Empoli,2024-04-28,14.9,72.0,0.0,0.0,3.0,10.4
Hellas Verona,Fiorentina,2024-05-05,21.7,50.3,0.0,0.0,10.7,26.6
Hellas Verona,Torino,2024-05-12,24.4,43.3,0.0,0.0,6.2,18.0
Atalanta,Roma,2024-05-12,15.9,79.0,0.0,0.0,11.4,25.9
Lecce,Udinese,2024-05-13,18.8,66.5,0.0,0.0,7.6,10.4
Lecce,Atalanta,2024-05-18,20.7,84.7,0.2,0.0,7.1,34.2
Atalanta,Torino,2024-05-26,20.6,69.0,0.0,0.0,3.8,13.0
Hellas Verona,Inter,2024-05-26,17.3,68.5,0.0,0.0,6.6,14.8
Atalanta,Fiorentina,2024-06-02,17.8,80.0,0.0,0.0,2.4,18.7
Lecce,Inter,2022-08-13,22.8,79.0,0.3,0.0,9.2,18.7
Hellas Verona,Napoli,2022-08-15,27.7,45.0,0.0,0.0,3.4,17.6
Atalanta,Milan,2022-08-21,20.5,71.0,0.0,0.0,10.0,21.6
Hellas Verona,Atalanta,2022-08-28,25.4,59.5,0.0,0.0,3.2,7.9
Lecce,Empoli,2022-08-28,22.0,90.5,0.0,0.0,6.0,10.4
Atalanta,Torino,2022-09-01,18.4,86.5,1.4,0.0,10.6,24.5
Hellas Verona,Sampdoria,2022-09-04,23.2,72.3,0.0,0.0,4.9,14.0
Atalanta,Cremonese,2022-09-11,23.8,56.0,0.0,0.0,6.2,23.0
Lecce,Monza,2022-09-11,26.3,60.3,0.1,0.0,12.2,36.7
Lecce,Cremonese,2022-10-02,21.5,65.3,0.0,0.0,10.0,37.4
Atalanta,Fiorentina,2022-10-02,16.1,85.0,0.0,0.0,5.3,14.8
Hellas Verona,Udinese,2022-10-03,16.7,88.5,0.0,0.0,8.9,17.3
Cremonese,Napoli,2022-10-09,18.2,74.3,0.1,0.0,7.2,20.2
Roma,Lecce,2022-10-09,17.4,90.0,0.0,0.0,4.6,8.6
Fiorentina,Lazio,2022-10-10,14.6,94.5,0.0,0.0,5.4,11.2
Empoli,Monza,2022-10-15,20.9,73.7,0.0,0.0,6.0,15.8
Torino,Juventus,2022-10-15,15.6,85.3,0.0,0.0,6.6,13.3
Atalanta,Sassuolo,2022-10-15,13.1,90.0,0.0,0.0,8.3,18.7
Inter,Salernitana,2022-10-16,22.0,61.5,0.0,0.0,2.2,11.9
Spezia,Cremonese,2022-10-16,20.8,80.3,0.0,0.0,4.2,15.1
Lazio,Udinese,2022-10-16,22.4,69.7,0.0,0.0,9.8,22.3
Napoli,Bologna,2022-10-16,17.4,90.7,0.0,0.0,5.2,10.8
Hellas Verona,Milan,2022-10-16,15.6,81.5,0.0,0.0,8.0,15.8
Sampdoria,Roma,2022-10-17,18.2,84.0,0.0,0.0,7.8,20.2
Lecce,Fiorentina,2022-10-17,17.1,93.0,0.0,0.0,9.0,15.8
Juventus,Empoli,2022-10-21,15.4,95.0,0.6,0.0,5.7,14.8
Salernitana,Spezia,2022-10-22,20.8,85.7,0.4,0.0,6.2,22.3
Milan,Monza,2022-10-22,16.9,88.3,0.0,0.0,8.5,10.1
Fiorentina,Inter,2022-10-22,18.0,93.5,0.0,0.0,5.7,18.0
Udinese,Torino,2022-10-23,20.5,78.5,0.0,0.0,7.2,17.3
Bologna,Lecce,2022-10-23,24.3,55.7,0.0,0.0,8.2,24.5
Atalanta,Lazio,2022-10-23,16.6,92.7,0.0,0.0,7.5,16.9
Roma,Napoli,2022-10-23,17.5,93.5,0.0,0.0,7.1,16.6
Cremonese,Sampdoria,2022-10-24,18.0,80.5,0.0,0.0,5.5,24.5
Sassuolo,Hellas Verona,2022-10-24,16.5,82.0,0.0,0.0,5.9,12.2
Napoli,Sassuolo,2022-10-29,23.2,58.3,0.0,0.0,4.3,22.7
Lecce,Juventus,2022-10-29,17.5,95.7,0.0,0.0,13.0,24.1
Inter,Sampdoria,2022-10-29,13.4,95.0,0.0,0.0,4.7,8.3
Empoli,Atalanta,2022-10-30,24.6,40.5,0.0,0.0,2.6,12.6
Cremonese,Udinese,2022-10-30,20.0,71.0,0.0,0.0,6.3,15.8
Spezia,Fiorentina,2022-10-30,20.2,78.7,0.0,0.0,3.4,16.2
Lazio,Salernitana,2022-10-30,17.2,90.0,0.0,0.0,4.2,11.2
Torino,Milan,2022-10-30,15.4,83.0,0.0,0.0,2.1,4.7
Hellas Verona,Roma,2022-10-31,16.4,65.5,0.0,0.0,3.6,5.8
Monza,Bologna,2022-10-31,13.5,80.0,0.0,0.0,3.8,5.8
Udinese,Lecce,2022-11-04,11.7,68.0,0.0,0.0,15.2,27.7
Empoli,Sassuolo,2022-11-05,15.9,47.7,0.0,0.0,15.0,45.4
Salernitana,Cremonese,2022-11-05,15.8,70.7,0.6,0.0,9.6,28.8
Atalanta,Napoli,2022-11-05,10.2,65.3,0.0,0.0,7.0,17.6
Milan,Spezia,2022-11-05,10.0,52.5,0.0,0.0,10.2,20.5
Bologna,Torino,2022-11-06,16.2,48.0,0.0,0.0,4.6,16.9
Monza,Hellas Verona,2022-11-06,13.9,56.7,0.0,0.0,2.9,7.6
Sampdoria,Fiorentina,2022-11-06,17.1,54.3,0.0,0.0,3.2,12.2
Roma,Lazio,2022-11-06,13.4,65.0,0.0,0.0,15.2,28.1
Juventus,Inter,2022-11-06,6.6,79.0,0.0,0.0,3.8,8.6
Spezia,Udinese,2022-11-08,14.8,88.0,0.1,0.0,7.0,17.3
Napoli,Empoli,2022-11-08,14.9,78.0,0.0,0.0,3.0,6.1
Cremonese,Milan,2022-11-08,9.6,95.5,0.0,0.0,5.6,7.6
Lecce,Atalanta,2022-11-09,12.2,96.5,0.0,0.0,5.2,10.1
Sassuolo,Roma,2022-11-09,11.8,90.5,0.0,0.0,2.3,6.1
Inter,Bologna,2022-11-09,12.1,95.0,4.0,0.0,3.7,7.2
Fiorentina,Salernitana,2022-11-09,14.6,88.5,0.2,0.0,6.5,15.8
Torino,Sampdoria,2022-11-09,10.4,92.5,0.6,0.0,2.1,6.5
Hellas Verona,Juventus,2022-11-10,10.8,89.5,0.0,0.0,5.2,12.6
Lazio,Monza,2022-11-10,14.2,84.0,0.0,0.0,10.8,21.2
Empoli,Cremonese,2022-11-11,12.2,83.5,0.0,0.0,10.9,21.2
Napoli,Udinese,2022-11-12,17.3,65.3,0.0,0.0,7.7,22.0
Sampdoria,Lecce,2022-11-12,15.0,63.3,0.0,0.0,15.6,32.0
Bologna,Sassuolo,2022-11-12,9.0,89.0,0.0,0.0,6.2,8.6
Atalanta,Inter,2022-11-13,13.8,63.0,0.0,0.0,8.0,23.0
Roma,Torino,2022-11-13,16.0,61.0,0.0,0.0,6.6,21.2
Hellas Verona,Spezia,2022-11-13,13.5,62.7,0.0,0.0,10.2,27.4
Monza,Salernitana,2022-11-13,12.8,74.0,0.0,0.0,4.8,13.7
Milan,Fiorentina,2022-11-13,10.7,79.3,0.0,0.0,8.3,16.2
Juventus,Lazio,2022-11-13,7.0,97.0,0.0,0.0,4.3,8.6
Sassuolo,Sampdoria,2023-01-04,11.6,86.0,0.0,0.0,5.4,16.2
Salernitana,Milan,2023-01-04,16.3,79.0,0.0,0.0,6.5,18.0
Spezia,Atalanta,2023-01-04,14.0,86.0,0.0,0.0,5.2,14.4
Torino,Hellas Verona,2023-01-04,10.3,77.5,0.0,0.0,3.4,10.1
Lecce,Lazio,2023-01-04,12.8,89.0,0.0,0.0,13.9,31.0
Roma,Bologna,2023-01-04,13.3,88.5,0.0,0.0,3.2,5.8
Fiorentina,Monza,2023-01-04,9.4,98.0,0.0,0.0,5.6,11.2
Cremonese,Juventus,2023-01-04,6.2,99.5,0.0,0.0,8.8,10.8
Udinese,Empoli,2023-01-04,6.4,99.0,0.0,0.0,5.4,10.4
Inter,Napoli,2023-01-04,5.7,98.0,0.0,0.0,6.5,10.8
Fiorentina,Sassuolo,2023-01-07,12.2,85.7,0.0,0.0,3.1,13.0
Juventus,Udinese,2023-01-07,4.6,96.0,0.0,0.0,4.0,11.9
Monza,Inter,2023-01-07,6.6,93.5,0.0,0.0,4.4,8.6
Salernitana,Torino,2023-01-08,14.8,79.5,0.2,0.0,7.6,21.6
Spezia,Lecce,2023-01-08,12.7,88.3,2.5,0.0,12.8,38.5
Lazio,Empoli,2023-01-08,13.4,81.0,0.5,0.0,13.4,34.2
Sampdoria,Napoli,2023-01-08,12.4,96.3,13.8,0.0,17.3,45.0
Milan,Roma,2023-01-08,7.0,96.0,5.7,0.0,10.3,18.7
Hellas Verona,Cremonese,2023-01-09,5.8,84.5,0.0,0.0,7.9,16.2
Bologna,Atalanta,2023-01-09,6.6,66.5,0.0,0.0,12.7,24.5
Napoli,Juventus,2023-01-13,11.7,87.0,0.0,0.0,8.0,18.7
Cremonese,Monza,2023-01-14,7.2,84.7,0.0,0.0,7.5,19.1
Lecce,Milan,2023-01-14,9.3,90.3,0.0,0.0,9.8,22.3
Inter,Hellas Verona,2023-01-14,5.1,93.0,0.0,0.0,4.7,7.6
Sassuolo,Lazio,2023-01-15,6.8,86.0,0.0,0.0,3.8,10.1
Udinese,Bologna,2023-01-15,7.2,91.0,1.1,0.0,3.4,9.7
Torino,Spezia,2023-01-15,6.2,81.7,0.0,0.0,5.8,22.3
Atalanta,Salernitana,2023-01-15,5.8,98.7,0.9,0.0,2.2,8.6
Roma,Fiorentina,2023-01-15,10.0,92.0,0.0,0.0,11.1,19.8
Empoli,Sampdoria,2023-01-16,7.3,89.0,7.7,0.0,7.0,31.0
Hellas Verona,Lecce,2023-01-21,6.4,63.7,0.0,0.0,6.0,18.0
Salernitana,Napoli,2023-01-21,5.8,87.7,0.6,0.0,8.9,23.0
Fiorentina,Torino,2023-01-21,2.8,80.5,0.5,0.2,12.6,30.2
Sampdoria,Udinese,2023-01-22,7.0,59.5,0.1,0.1,22.0,53.3
Monza,Sassuolo,2023-01-22,5.1,63.3,0.0,0.0,9.6,24.8
Spezia,Roma,2023-01-22,5.7,60.3,0.0,0.0,14.3,33.8
Juventus,Atalanta,2023-01-22,-3.0,80.0,0.0,0.0,5.6,12.6
Bologna,Cremonese,2023-01-23,2.0,89.5,0.0,0.0,7.2,20.9
Inter,Empoli,2023-01-23,4.2,79.5,0.0,0.0,13.2,27.4
Lazio,Milan,2023-01-24,5.3,82.0,0.0,0.0,17.8,31.0
Bologna,Spezia,2023-01-27,0.8,76.5,0.0,0.0,5.9,12.6
Lecce,Salernitana,2023-01-27,7.2,89.5,0.0,0.0,6.2,12.6
Empoli,Torino,2023-01-28,5.9,58.0,0.0,0.0,21.5,50.8
Cremonese,Inter,2023-01-28,1.0,82.3,0.0,0.0,9.5,11.9
Atalanta,Sampdoria,2023-01-28,-0.8,75.5,0.0,0.0,4.3,11.5
Milan,Sassuolo,2023-01-29,7.8,53.5,0.0,0.0,4.8,14.8
Juventus,Monza,2023-01-29,7.3,51.3,0.0,0.0,2.6,10.1
Lazio,Fiorentina,2023-01-29,5.3,72.7,0.0,0.0,14.7,28.1
Napoli,Roma,2023-01-29,5.4,72.5,0.0,0.0,10.4,27.4
Udinese,Hellas Verona,2023-01-30,-1.0,86.5,0.0,0.0,7.2,11.5
Cremonese,Lecce,2023-02-04,13.5,72.3,0.0,0.0,5.1,9.7
Roma,Empoli,2023-02-04,10.4,69.3,0.0,0.0,18.3,35.3
Sassuolo,Atalanta,2023-02-04,6.1,83.5,0.0,0.0,18.2,37.1
Spezia,Napoli,2023-02-05,9.2,61.0,0.0,0.0,15.0,32.4
Torino,Udinese,2023-02-05,8.1,60.7,0.0,0.0,9.8,25.9
Fiorentina,Bologna,2023-02-05,3.7,67.7,0.0,0.0,8.9,25.2
Inter,Milan,2023-02-05,4.9,69.5,0.0,0.0,11.2,20.5
Hellas Verona,Lazio,2023-02-06,3.2,72.0,0.0,0.0,11.4,22.0
Monza,Sampdoria,2023-02-06,2.4,80.5,0.3,0.0,15.9,29.2
Salernitana,Juventus,2023-02-07,4.4,51.0,0.0,0.0,2.4,11.5
Milan,Torino,2023-02-10,-1.7,79.5,0.0,0.0,4.2,7.6
Empoli,Spezia,2023-02-11,9.2,48.7,0.0,0.0,3.9,9.0
Lecce,Roma,2023-02-11,7.4,78.0,0.0,0.0,8.4,15.5
Lazio,Atalanta,2023-02-11,4.2,81.5,0.0,0.0,7.4,13.7
Udinese,Sassuolo,2023-02-12,13.0,34.0,0.0,0.0,2.3,12.6
Bologna,Monza,2023-02-12,9.9,60.0,0.0,0.0,4.5,15.5
Juventus,Fiorentina,2023-02-12,1.6,50.3,0.0,0.0,9.2,16.9
Napoli,Cremonese,2023-02-12,7.3,73.5,0.0,0.0,12.0,32.0
Hellas Verona,Salernitana,2023-02-13,6.2,77.0,0.0,0.0,4.8,7.6
Sampdoria,Inter,2023-02-13,6.3,84.5,0.0,0.0,5.8,18.4
Sassuolo,Napoli,2023-02-17,6.2,90.0,0.0,0.0,10.2,18.7
Sampdoria,Bologna,2023-02-18,11.7,74.0,0.0,0.0,15.0,36.7
Monza,Milan,2023-02-18,8.6,86.0,0.0,0.0,10.7,23.4
Inter,Udinese,2023-02-18,7.5,86.5,0.0,0.0,11.6,22.0
Atalanta,Lecce,2023-02-19,11.6,80.0,0.0,0.0,11.2,30.2
Fiorentina,Empoli,2023-02-19,13.8,73.7,0.0,0.0,11.5,35.3
Salernitana,Lazio,2023-02-19,13.9,81.3,0.1,0.0,5.9,21.6
Spezia,Juventus,2023-02-19,10.7,93.0,0.0,0.0,5.8,12.6
Roma,Hellas Verona,2023-02-19,9.5,95.5,0.0,0.0,5.6,10.4
Torino,Cremonese,2023-02-20,7.5,90.5,0.0,0.0,3.0,6.1
Empoli,Napoli,2023-02-25,12.2,94.0,1.9,0.0,5.1,13.7
Lecce,Sassuolo,2023-02-25,14.2,85.5,0.1,0.0,24.6,49.3
Bologna,Inter,2023-02-26,3.4,86.0,1.9,0.2,25.1,50.0
Salernitana,Monza,2023-02-26,13.1,80.3,4.6,0.0,18.5,46.4
Udinese,Spezia,2023-02-26,5.0,38.7,0.0,0.0,7.8,22.0
Milan,Atalanta,2023-02-26,2.4,94.0,0.5,0.0,13.6,23.8
Hellas Verona,Fiorentina,2023-02-27,5.4,50.5,0.0,0.0,13.7,27.0
Lazio,Sampdoria,2023-02-27,6.9,94.5,0.0,0.0,11.8,22.3
Cremonese,Roma,2023-02-28,3.0,82.0,0.0,0.0,9.4,11.9
Juventus,Torino,2023-02-28,-0.6,92.0,0.0,0.0,6.6,10.8
Napoli,Lazio,2023-03-03,9.5,81.5,0.2,0.0,9.8,28.8
Monza,Empoli,2023-03-04,14.1,53.3,0.0,0.0,5.5,17.6
Atalanta,Udinese,2023-03-04,7.8,79.3,0.0,0.0,4.9,11.5
Fiorentina,Milan,2023-03-04,3.6,86.0,0.0,0.0,6.5,14.8
Spezia,Hellas Verona,2023-03-05,12.2,75.0,0.0,0.0,11.2,27.0
Sampdoria,Salernitana,2023-03-05,12.7,77.7,0.1,0.0,16.2,40.3
Inter,Lecce,2023-03-05,10.6,69.0,0.0,0.0,8.6,16.9
Roma,Juventus,2023-03-05,8.4,89.5,0.0,0.0,4.2,8.3
Sassuolo,Cremonese,2023-03-06,7.4,80.5,0.0,0.0,6.2,11.9
Torino,Bologna,2023-03-06,5.1,88.5,0.0,0.0,6.8,15.1
Spezia,Inter,2023-03-10,9.2,96.0,0.0,0.0,3.2,10.8
Empoli,Udinese,2023-03-11,16.9,67.3,0.0,0.0,12.7,35.6
Napoli,Atalanta,2023-03-11,13.0,94.3,0.0,0.0,5.2,15.8
Bologna,Lazio,2023-03-11,9.2,93.5,0.0,0.0,10.0,25.6
Lecce,Torino,2023-03-12,14.8,60.5,0.0,0.0,21.5,46.4
Cremonese,Fiorentina,2023-03-12,15.5,56.0,0.0,0.0,7.8,20.9
Hellas Verona,Monza,2023-03-12,14.6,51.3,0.0,0.0,7.9,19.1
Roma,Sassuolo,2023-03-12,15.0,65.0,0.0,0.0,9.5,19.1
Juventus,Sampdoria,2023-03-12,7.8,89.5,0.0,0.0,5.0,9.0
Milan,Salernitana,2023-03-13,12.0,84.0,1.0,0.0,5.4,11.9
Sassuolo,Spezia,2023-03-17,7.8,70.0,0.0,0.0,8.2,14.4
Atalanta,Empoli,2023-03-17,5.8,75.0,0.0,0.0,4.0,9.0
Monza,Cremonese,2023-03-18,14.9,41.0,0.0,0.0,3.3,15.8
Salernitana,Bologna,2023-03-18,11.4,77.7,0.0,0.0,3.2,10.8
Udinese,Milan,2023-03-18,4.5,80.0,0.0,0.0,4.8,8.3
Sampdoria,Hellas Verona,2023-03-19,14.6,75.5,0.0,0.0,11.0,29.5
Torino,Napoli,2023-03-19,15.4,46.3,0.0,0.0,6.6,18.0
Fiorentina,Lecce,2023-03-19,13.5,89.7,3.8,0.0,4.3,12.6
Lazio,Roma,2023-03-19,12.4,89.7,0.0,0.0,6.6,13.0
Inter,Juventus,2023-03-19,11.7,70.0,0.0,0.0,3.4,9.7
Cremonese,Atalanta,2023-04-01,20.0,27.3,0.0,0.0,13.8,37.4
Inter,Fiorentina,2023-04-01,14.8,44.0,0.0,0.0,7.7,20.9
Juventus,Hellas Verona,2023-04-01,11.2,47.5,0.0,0.0,7.8,13.3
Bologna,Udinese,2023-04-02,12.1,81.0,1.3,0.0,9.3,25.6
Spezia,Salernitana,2023-04-02,16.9,46.0,0.0,0.0,17.1,41.0
Monza,Lazio,2023-04-02,17.0,42.0,0.0,0.0,4.2,17.6
Roma,Sampdoria,2023-04-02,11.5,86.7,0.8,0.0,6.4,24.1
Napoli,Milan,2023-04-02,12.4,75.0,0.0,0.0,15.0,37.4
Empoli,Lecce,2023-04-03,9.1,55.0,0.0,0.0,16.2,33.5
Sassuolo,Torino,2023-04-03,7.0,68.5,0.0,0.0,8.6,15.5
Salernitana,Inter,2023-04-07,12.6,68.0,0.0,0.0,7.2,28.4
Lecce,Napoli,2023-04-07,7.8,68.3,0.0,0.0,6.9,13.0
Milan,Empoli,2023-04-07,7.1,88.0,0.0,0.0,4.9,9.4
Udinese,Monza,2023-04-08,14.8,38.5,0.0,0.0,1.8,16.9
Fiorentina,Spezia,2023-04-08,15.0,54.5,0.3,0.0,14.2,39.2
Atalanta,Bologna,2023-04-08,13.2,57.0,0.0,0.0,10.4,30.2
Sampdoria,Cremonese,2023-04-08,15.4,56.5,0.0,0.0,9.0,25.2
Torino,Roma,2023-04-08,12.9,40.0,0.0,0.0,6.6,12.6
Hellas Verona,Sassuolo,2023-04-08,11.1,81.0,4.6,0.0,8.2,29.9
Lazio,Juventus,2023-04-08,6.7,94.0,0.0,0.0,6.4,10.4
Cremonese,Empoli,2023-04-14,12.6,43.5,0.0,0.0,11.8,23.4
Spezia,Lazio,2023-04-14,10.8,91.0,0.0,0.0,6.2,15.8
Bologna,Milan,2023-04-15,16.5,46.0,0.1,0.0,11.1,25.9
Napoli,Hellas Verona,2023-04-15,11.5,92.0,2.0,0.0,9.3,32.8
Inter,Monza,2023-04-15,9.1,86.0,0.0,0.0,7.2,15.8
Lecce,Sampdoria,2023-04-16,15.3,74.5,3.1,0.0,18.4,45.7
Torino,Salernitana,2023-04-16,21.5,24.7,0.0,0.0,9.8,30.6
Sassuolo,Juventus,2023-04-16,13.0,55.3,0.0,0.0,6.9,21.6
Roma,Udinese,2023-04-16,11.1,68.0,0.0,0.0,26.6,50.0
Fiorentina,Atalanta,2023-04-17,11.5,72.0,0.0,0.0,8.9,21.6
Hellas Verona,Bologna,2023-04-21,11.4,81.0,0.0,0.0,5.2,12.6
Salernitana,Sassuolo,2023-04-22,18.3,71.7,0.0,0.0,6.8,25.2
Lazio,Torino,2023-04-22,15.7,78.0,0.0,0.0,9.2,22.7
Sampdoria,Spezia,2023-04-22,13.4,83.0,0.0,0.0,4.7,10.8
Empoli,Inter,2023-04-23,22.6,42.0,0.0,0.0,8.6,24.1
Udinese,Cremonese,2023-04-23,18.6,48.0,0.0,0.0,10.2,26.6
Monza,Fiorentina,2023-04-23,19.8,52.3,0.4,0.0,8.4,24.1
Milan,Lecce,2023-04-23,16.7,67.3,0.0,0.0,7.1,28.4
Juventus,Napoli,2023-04-23,12.5,93.0,0.1,0.0,7.8,27.0
Atalanta,Roma,2023-04-24,11.5,74.0,0.0,0.0,6.8,18.0
Lecce,Udinese,2023-04-28,12.8,63.5,0.0,0.0,2.8,7.2
Spezia,Monza,2023-04-28,13.4,93.0,0.0,0.0,4.0,8.6
Roma,Milan,2023-04-29,16.9,82.0,0.0,0.0,9.1,27.7
Torino,Atalanta,2023-04-29,17.5,69.0,0.0,0.0,2.2,10.1
Inter,Lazio,2023-04-30,21.4,55.0,0.0,0.0,16.7,36.4
Napoli,Salernitana,2023-04-30,18.1,77.7,0.5,0.0,11.1,28.1
Cremonese,Hellas Verona,2023-04-30,19.9,62.0,0.0,0.0,21.0,41.4
Sassuolo,Empoli,2023-04-30,19.1,67.3,0.6,0.0,19.4,42.1
Fiorentina,Sampdoria,2023-04-30,18.5,68.7,0.0,0.0,7.1,27.4
Bologna,Juventus,2023-04-30,13.8,86.0,0.0,0.0,7.6,19.1
Atalanta,Spezia,2023-05-03,16.1,73.7,0.0,0.0,5.6,17.3
Salernitana,Fiorentina,2023-05-03,17.2,68.0,0.0,0.0,10.1,28.8
Sampdoria,Torino,2023-05-03,19.3,68.3,0.0,0.0,3.3,18.0
Juventus,Lecce,2023-05-03,17.5,62.0,0.0,0.0,5.7,11.9
Milan,Cremonese,2023-05-03,13.7,80.0,0.0,0.0,7.4,13.0
Lazio,Sassuolo,2023-05-03,14.2,88.7,0.0,0.0,12.4,26.3
Hellas Verona,Inter,2023-05-03,12.2,74.0,0.0,0.0,9.1,18.4
Monza,Roma,2023-05-03,13.9,78.7,0.0,0.0,8.0,13.7
Empoli,Bologna,2023-05-04,14.6,79.0,0.0,0.0,5.6,10.8
Udinese,Napoli,2023-05-04,13.8,81.5,0.0,0.0,9.6,18.7
Milan,Lazio,2023-05-06,25.9,40.7,0.0,0.0,2.3,17.6
Roma,Inter,2023-05-06,17.6,76.0,0.0,0.0,8.8,22.3
Cremonese,Spezia,2023-05-06,19.5,74.0,0.0,0.0,9.8,18.0
Atalanta,Juventus,2023-05-07,22.2,61.5,0.1,0.0,5.4,19.1
Torino,Monza,2023-05-07,21.7,48.7,0.0,0.0,1.6,16.2
Napoli,Fiorentina,2023-05-07,17.1,90.3,0.0,0.0,4.0,17.6
Lecce,Hellas Verona,2023-05-07,14.7,70.5,0.0,0.0,7.1,12.6
Udinese,Sampdoria,2023-05-08,15.8,73.5,0.1,0.0,8.8,20.2
Empoli,Salernitana,2023-05-08,18.1,84.5,0.2,0.0,2.6,11.5
Sassuolo,Bologna,2023-05-08,16.2,85.0,0.0,0.0,8.2,17.3
Lazio,Lecce,2023-05-12,12.6,90.0,0.0,0.0,7.4,9.4
Salernitana,Atalanta,2023-05-13,19.1,77.7,0.8,0.0,2.8,21.6
Spezia,Milan,2023-05-13,14.3,83.7,0.3,0.0,6.5,24.5
Inter,Sassuolo,2023-05-13,13.1,86.5,0.0,0.0,8.0,15.8
Hellas Verona,Torino,2023-05-14,15.4,78.0,0.3,0.0,4.6,17.6
Fiorentina,Udinese,2023-05-14,17.9,60.7,0.1,0.0,5.6,20.9
Monza,Napoli,2023-05-14,17.6,62.3,0.2,0.0,8.6,26.3
Bologna,Roma,2023-05-14,12.8,85.3,0.0,0.0,3.9,10.8
Juventus,Cremonese,2023-05-14,12.6,82.5,0.0,0.0,5.2,9.0
Sampdoria,Empoli,2023-05-15,15.6,71.0,0.0,0.0,14.2,33.1
Sassuolo,Monza,2023-05-19,13.2,94.5,0.4,0.0,7.4,17.6
Cremonese,Bologna,2023-05-20,16.5,88.3,2.7,0.0,15.9,34.6
Atalanta,Hellas Verona,2023-05-20,14.1,94.0,0.6,0.0,3.7,12.6
Milan,Sampdoria,2023-05-20,14.4,89.0,0.3,0.0,11.4,18.7
Lecce,Spezia,2023-05-21,21.0,69.0,0.0,0.0,11.9,31.3
Torino,Fiorentina,2023-05-21,18.8,69.0,0.1,0.0,13.2,33.8
Napoli,Inter,2023-05-21,17.2,85.3,0.2,0.0,13.0,33.8
Udinese,Lazio,2023-05-21,18.2,66.0,0.0,0.0,8.1,22.7
Roma,Salernitana,2023-05-22,18.4,81.5,0.0,0.0,8.0,14.4
Empoli,Juventus,2023-05-22,16.2,92.5,0.0,0.0,4.8,7.9
Sampdoria,Sassuolo,2023-05-26,19.6,80.5,0.0,0.0,3.4,10.8
Salernitana,Udinese,2023-05-27,23.0,83.7,0.3,0.0,5.6,22.0
Spezia,Torino,2023-05-27,23.8,72.7,2.8,0.0,2.3,12.6
Fiorentina,Roma,2023-05-27,21.3,58.0,0.0,0.0,7.6,26.3
Inter,Atalanta,2023-05-27,18.2,86.5,0.0,0.0,9.6,20.2
Hellas Verona,Empoli,2023-05-28,24.5,48.5,0.0,0.0,4.2,19.1
Monza,Lecce,2023-05-28,23.5,55.3,0.4,0.0,3.0,14.4
Bologna,Napoli,2023-05-28,23.8,55.0,0.0,0.0,5.9,20.9
Lazio,Cremonese,2023-05-28,22.0,70.7,0.0,0.0,4.1,16.6
Juventus,Milan,2023-05-28,17.6,83.5,0.0,0.0,4.5,8.3
Sassuolo,Fiorentina,2023-06-02,19.4,70.5,0.0,0.0,7.8,15.1
Torino,Inter,2023-06-03,17.8,89.5,0.0,0.0,3.2,9.7
Cremonese,Salernitana,2023-06-03,17.3,95.0,0.2,0.0,4.2,22.7
Empoli,Lazio,2023-06-03,17.1,93.7,0.0,0.0,4.4,7.9
Napoli,Sampdoria,2023-06-04,21.2,85.5,0.0,0.0,3.0,13.0
Atalanta,Monza,2023-06-04,15.8,95.0,0.8,0.0,5.3,23.4
Lecce,Bologna,2023-06-04,18.8,90.3,0.0,0.0,6.4,8.6
Milan,Hellas Verona,2023-06-04,17.1,92.3,0.1,0.0,8.1,19.8
Udinese,Juventus,2023-06-04,17.7,82.0,1.3,0.0,10.2,25.2
Roma,Spezia,2023-06-04,18.7,93.7,0.0,0.0,5.3,10.8
Hellas Verona,Sassuolo,2021-08-21,27.6,45.5,0.0,0.0,3.1,8.6
Inter,Genoa,2021-08-21,27.8,50.5,0.0,0.0,8.4,17.6
Torino,Atalanta,2021-08-21,24.4,62.5,0.0,0.0,6.1,14.0
Empoli,Lazio,2021-08-21,23.6,73.0,0.0,0.0,9.2,20.9
Udinese,Juventus,2021-08-22,24.4,73.0,0.0,0.0,6.4,14.0
Bologna,Salernitana,2021-08-22,28.1,46.5,0.0,0.0,21.5,43.6
Napoli,Venezia,2021-08-22,23.8,84.5,0.0,0.0,5.4,15.1
Roma,Fiorentina,2021-08-22,23.3,82.5,0.0,0.0,7.8,14.4
Cagliari,Spezia,2021-08-23,26.6,49.0,0.0,0.0,22.0,46.8
Sampdoria,Milan,2021-08-23,22.8,86.5,0.2,0.0,7.4,19.4
Udinese,Venezia,2021-08-27,18.4,65.0,0.0,0.0,7.3,14.0
Hellas Verona,Inter,2021-08-27,17.8,60.0,0.0,0.0,6.4,13.0
Atalanta,Bologna,2021-08-28,18.6,57.0,0.0,0.0,17.2,40.0
Lazio,Spezia,2021-08-28,22.0,78.5,0.0,0.0,6.6,23.8
Fiorentina,Torino,2021-08-28,17.0,65.5,0.0,0.0,6.6,20.5
Juventus,Empoli,2021-08-28,17.2,70.0,0.1,0.0,7.3,21.2
Sassuolo,Sampdoria,2021-08-29,19.6,51.0,0.0,0.0,8.0,15.8
Genoa,Napoli,2021-08-29,20.8,73.0,0.0,0.0,4.4,13.7
Milan,Cagliari,2021-08-29,19.0,55.0,0.0,0.0,7.3,13.7
Salernitana,Roma,2021-08-29,21.0,61.5,0.0,0.0,7.8,28.8
Empoli,Venezia,2021-09-11,30.3,25.0,0.0,0.0,11.5,28.4
Napoli,Juventus,2021-09-11,24.9,53.0,0.0,0.0,6.4,23.0
Atalanta,Fiorentina,2021-09-11,19.0,77.5,0.0,0.0,5.8,16.6
Sampdoria,Inter,2021-09-12,27.8,50.0,0.0,0.0,8.4,28.8
Torino,Salernitana,2021-09-12,28.4,37.0,0.0,0.0,1.8,13.7
Cagliari,Genoa,2021-09-12,25.8,58.3,0.0,0.0,10.6,38.5
Spezia,Udinese,2021-09-12,25.2,70.3,0.0,0.0,9.3,27.0
Milan,Lazio,2021-09-12,26.9,44.3,0.0,0.0,1.0,8.3
Roma,Sassuolo,2021-09-12,21.0,79.0,0.0,0.0,2.4,8.6
Bologna,Hellas Verona,2021-09-13,22.8,45.5,0.0,0.0,9.2,19.1
Sassuolo,Torino,2021-09-17,20.0,80.5,0.0,0.0,4.8,8.3
Genoa,Fiorentina,2021-09-18,22.9,86.0,0.4,0.0,10.4,29.9
Inter,Bologna,2021-09-18,20.2,89.0,1.8,0.0,6.1,26.6
Salernitana,Atalanta,2021-09-18,23.0,91.5,0.0,0.0,2.4,7.2
Empoli,Sampdoria,2021-09-19,22.1,84.5,8.7,0.0,10.4,43.2
Venezia,Spezia,2021-09-19,21.1,80.3,4.3,0.0,4.9,29.5
Lazio,Cagliari,2021-09-19,22.5,78.7,0.0,0.0,15.7,37.4
Hellas Verona,Roma,2021-09-19,17.2,87.7,3.8,0.0,6.1,32.4
Juventus,Milan,2021-09-19,13.5,73.0,0.0,0.0,6.4,11.2
Udinese,Napoli,2021-09-20,15.5,65.0,0.0,0.0,11.1,21.2
Bologna,Genoa,2021-09-21,17.0,68.5,0.0,0.0,8.9,17.6
Atalanta,Sassuolo,2021-09-21,16.0,61.5,0.0,0.0,18.0,40.7
Fiorentina,Inter,2021-09-21,15.4,77.5,0.0,0.0,7.4,23.4
Spezia,Juventus,2021-09-22,18.4,89.5,0.0,0.0,3.5,9.4
Salernitana,Hellas Verona,2021-09-22,22.2,35.0,0.0,0.0,17.1,43.2
Cagliari,Empoli,2021-09-22,22.7,78.0,0.0,0.0,7.5,19.1
Milan,Venezia,2021-09-22,16.2,81.5,0.0,0.0,9.0,14.8
Torino,Lazio,2021-09-23,17.9,69.0,0.0,0.0,5.7,13.7
Sampdoria,Napoli,2021-09-23,18.6,79.0,0.0,0.0,4.6,14.0
Roma,Udinese,2021-09-23,19.2,84.5,0.0,0.0,3.4,8.6
Spezia,Milan,2021-09-25,24.1,65.3,0.0,0.0,3.4,16.9
Inter,Atalanta,2021-09-25,20.1,81.7,0.0,0.0,5.2,8.3
Genoa,Hellas Verona,2021-09-25,21.0,87.0,0.4,0.0,6.6,24.5
Juventus,Sampdoria,2021-09-26,18.8,80.0,0.4,0.0,5.1,20.2
Sassuolo,Salernitana,2021-09-26,21.0,90.0,0.4,0.0,9.7,36.4
Empoli,Bologna,2021-09-26,19.7,95.3,24.3,0.0,6.7,51.8
Udinese,Fiorentina,2021-09-26,21.2,81.0,0.8,0.0,3.1,19.4
Lazio,Roma,2021-09-26,23.7,78.0,0.0,0.0,11.0,24.5
Napoli,Cagliari,2021-09-26,20.6,94.5,0.0,0.0,4.3,18.0
Venezia,Torino,2021-09-27,18.0,90.5,0.0,0.0,4.6,10.4
Cagliari,Venezia,2021-10-01,20.8,90.5,0.0,0.0,4.8,10.1
Salernitana,Genoa,2021-10-02,23.4,66.0,0.0,0.0,2.3,19.1
Torino,Juventus,2021-10-02,17.6,74.3,0.1,0.0,9.7,22.0
Sassuolo,Inter,2021-10-02,15.6,86.0,0.0,0.0,6.2,10.4
Bologna,Lazio,2021-10-03,26.0,39.5,0.0,0.0,14.0,33.5
Hellas Verona,Spezia,2021-10-03,22.5,59.7,0.0,0.0,7.7,22.7
Sampdoria,Udinese,2021-10-03,19.8,94.0,1.3,0.0,15.0,38.5
Roma,Empoli,2021-10-03,20.4,86.7,0.0,0.0,11.3,28.4
Fiorentina,Napoli,2021-10-03,20.9,72.7,0.0,0.0,4.6,11.9
Atalanta,Milan,2021-10-03,18.5,85.0,0.0,0.0,6.4,16.6
Spezia,Salernitana,2021-10-16,19.1,44.3,0.0,0.0,10.4,27.0
Lazio,Inter,2021-10-16,14.2,73.3,0.0,0.0,4.8,20.9
Milan,Hellas Verona,2021-10-16,9.4,87.0,0.0,0.0,6.8,10.1
Cagliari,Sampdoria,2021-10-17,19.8,73.5,0.0,0.0,10.4,28.4
Udinese,Bologna,2021-10-17,16.8,59.3,0.0,0.0,5.0,9.7
Empoli,Atalanta,2021-10-17,18.9,45.3,0.0,0.0,8.2,19.4
Genoa,Sassuolo,2021-10-17,18.7,60.3,0.0,0.0,5.3,19.4
Napoli,Torino,2021-10-17,15.9,71.3,0.0,0.0,8.2,22.0
Juventus,Roma,2021-10-17,9.4,84.5,0.0,0.0,4.4,8.6
Venezia,Fiorentina,2021-10-18,10.4,83.5,0.0,0.0,5.6,8.3
Torino,Genoa,2021-10-22,14.4,62.0,0.0,0.0,5.8,9.4
Sampdoria,Spezia,2021-10-22,12.5,86.5,0.0,0.0,7.3,19.4
Salernitana,Empoli,2021-10-23,22.0,68.0,0.0,0.0,2.1,8.3
Sassuolo,Venezia,2021-10-23,13.5,84.3,0.0,0.0,2.0,4.3
Bologna,Milan,2021-10-23,11.8,94.0,0.0,0.0,6.1,10.8
Atalanta,Udinese,2021-10-24,15.4,47.0,0.0,0.0,25.1,54.0
Fiorentina,Cagliari,2021-10-24,15.5,54.3,0.0,0.0,18.8,47.9
Hellas Verona,Lazio,2021-10-24,14.8,53.7,0.0,0.0,9.6,25.2
Roma,Napoli,2021-10-24,16.8,64.0,0.0,0.0,12.9,24.8
Inter,Juventus,2021-10-24,10.2,78.0,0.0,0.0,7.3,13.0
Venezia,Salernitana,2021-10-26,12.2,69.5,0.0,0.0,8.0,14.4
Spezia,Genoa,2021-10-26,12.9,69.0,0.0,0.0,13.0,29.2
Milan,Torino,2021-10-26,7.8,88.5,0.0,0.0,5.9,9.7
Udinese,Hellas Verona,2021-10-27,8.2,87.0,0.0,0.0,3.2,8.3
Juventus,Sassuolo,2021-10-27,12.3,58.5,0.0,0.0,3.3,9.4
Sampdoria,Atalanta,2021-10-27,13.6,55.5,0.0,0.0,15.0,31.7
Lazio,Fiorentina,2021-10-27,12.9,72.5,0.0,0.0,14.5,25.9
Cagliari,Roma,2021-10-27,15.8,86.5,0.0,0.0,4.7,8.3
Empoli,Inter,2021-10-27,11.5,76.0,0.0,0.0,9.4,18.0
Napoli,Bologna,2021-10-28,13.6,76.0,0.0,0.0,9.6,23.8
Atalanta,Lazio,2021-10-30,15.5,72.0,0.0,0.0,2.2,12.2
Hellas Verona,Juventus,2021-10-30,11.1,76.3,0.0,0.0,5.6,11.5
Torino,Sampdoria,2021-10-30,7.2,99.5,0.0,0.0,3.0,7.9
Inter,Udinese,2021-10-31,11.0,84.5,0.1,0.0,4.4,13.0
Sassuolo,Empoli,2021-10-31,12.6,75.3,0.0,0.0,6.8,16.9
Genoa,Venezia,2021-10-31,11.8,82.3,0.0,0.0,20.7,44.6
Fiorentina,Spezia,2021-10-31,18.1,60.7,0.0,0.0,4.6,16.2
Salernitana,Napoli,2021-10-31,16.7,89.3,0.0,0.0,3.1,11.2
Roma,Milan,2021-10-31,14.2,95.5,1.6,0.0,5.8,13.7
Bologna,Cagliari,2021-11-01,11.4,86.0,0.0,0.0,21.8,49.7
Empoli,Genoa,2021-11-05,11.0,69.5,0.0,0.0,14.1,28.1
Spezia,Torino,2021-11-06,13.0,54.3,0.0,0.0,23.4,56.2
Juventus,Fiorentina,2021-11-06,5.5,69.3,0.0,0.0,6.6,11.2
Cagliari,Atalanta,2021-11-06,15.5,79.0,0.0,0.0,5.8,15.1
Venezia,Roma,2021-11-07,12.3,59.5,0.0,0.0,9.0,23.8
Udinese,Sassuolo,2021-11-07,11.8,73.3,0.0,0.0,5.7,13.3
Sampdoria,Bologna,2021-11-07,13.0,66.0,0.1,0.0,29.5,71.3
Lazio,Salernitana,2021-11-07,18.8,71.3,2.1,0.0,18.1,33.1
Napoli,Hellas Verona,2021-11-07,18.7,72.3,4.6,0.0,9.6,34.6
Milan,Inter,2021-11-07,5.2,86.5,0.0,0.0,5.7,11.9
Atalanta,Spezia,2021-11-20,10.3,92.7,0.0,0.0,3.5,22.0
Lazio,Juventus,2021-11-20,11.2,95.3,0.0,0.0,5.9,13.7
Fiorentina,Milan,2021-11-20,7.6,100.0,0.0,0.0,4.0,7.9
Sassuolo,Cagliari,2021-11-21,10.1,82.5,0.0,0.0,5.5,15.8
Bologna,Venezia,2021-11-21,7.6,98.3,0.0,0.0,6.6,21.2
Salernitana,Sampdoria,2021-11-21,15.8,85.0,0.2,0.0,6.1,24.8
Inter,Napoli,2021-11-21,7.9,93.7,0.8,0.0,3.1,9.0
Genoa,Roma,2021-11-21,12.3,92.5,1.4,0.0,9.0,26.3
Hellas Verona,Empoli,2021-11-22,10.3,76.5,0.0,0.0,10.5,23.0
Torino,Udinese,2021-11-22,7.3,98.0,0.1,0.0,3.1,8.3
Cagliari,Salernitana,2021-11-26,11.0,89.0,0.0,0.0,10.1,19.4
Sampdoria,Hellas Verona,2021-11-27,12.4,67.3,0.0,0.0,14.9,37.8
Empoli,Fiorentina,2021-11-27,10.2,81.7,0.3,0.0,17.6,43.2
Juventus,Atalanta,2021-11-27,3.4,92.0,0.0,0.0,4.0,9.4
Venezia,Inter,2021-11-27,8.0,91.0,0.8,0.0,14.9,34.6
Udinese,Genoa,2021-11-28,9.6,81.0,0.2,0.0,7.8,19.1
Spezia,Bologna,2021-11-28,6.3,75.3,0.0,0.0,9.6,33.1
Milan,Sassuolo,2021-11-28,6.6,73.3,0.0,0.0,9.4,20.5
Roma,Torino,2021-11-28,9.2,63.7,0.0,0.0,11.3,34.9
Napoli,Lazio,2021-11-28,8.9,87.0,1.2,0.0,14.1,42.8
Fiorentina,Sampdoria,2021-11-30,5.1,69.5,0.0,0.0,10.4,25.2
Atalanta,Venezia,2021-11-30,7.3,74.5,0.0,0.0,10.0,27.0
Hellas Verona,Cagliari,2021-11-30,7.9,40.0,0.0,0.0,24.8,48.2
Salernitana,Juventus,2021-11-30,6.5,61.0,0.0,0.0,6.8,13.3
Inter,Spezia,2021-12-01,5.9,83.5,0.0,0.0,7.2,13.0
Bologna,Roma,2021-12-01,7.4,84.5,0.1,0.0,3.7,11.5
Sassuolo,Napoli,2021-12-01,6.2,85.0,0.0,0.0,4.0,9.0
Genoa,Milan,2021-12-01,9.2,88.5,0.0,0.0,4.8,13.7
Torino,Empoli,2021-12-02,3.0,87.5,0.1,0.0,3.4,10.1
Lazio,Udinese,2021-12-02,10.2,94.0,0.0,0.0,3.6,6.1
Milan,Salernitana,2021-12-04,5.1,81.3,0.0,0.0,8.3,15.5
Roma,Inter,2021-12-04,11.1,87.7,4.8,0.0,12.3,33.5
Napoli,Atalanta,2021-12-04,11.5,91.5,1.1,0.0,5.0,22.3
Bologna,Fiorentina,2021-12-05,7.4,80.5,0.0,0.0,9.4,26.3
Spezia,Sassuolo,2021-12-05,11.1,67.7,0.0,0.0,2.1,11.5
Venezia,Hellas Verona,2021-12-05,6.9,76.3,0.1,0.0,13.3,33.8
Sampdoria,Lazio,2021-12-05,5.5,52.7,0.0,0.0,16.1,36.4
Juventus,Genoa,2021-12-05,-3.6,84.5,0.0,0.0,6.2,9.7
Empoli,Udinese,2021-12-06,3.1,65.5,0.0,0.0,9.4,14.4
Cagliari,Torino,2021-12-06,9.6,54.0,0.0,0.0,23.4,45.7
Genoa,Sampdoria,2021-12-10,2.4,84.5,0.0,0.0,24.3,60.8
Fiorentina,Salernitana,2021-12-11,8.1,61.0,0.0,0.0,14.9,39.6
Venezia,Juventus,2021-12-11,2.5,79.7,0.0,0.0,5.5,10.1
Udinese,Milan,2021-12-11,-0.6,73.0,0.0,0.0,7.6,14.0
Torino,Bologna,2021-12-12,8.2,29.5,0.0,0.0,1.2,11.5
Hellas Verona,Atalanta,2021-12-12,7.1,70.3,0.0,0.0,8.3,21.2
Sassuolo,Lazio,2021-12-12,3.2,71.0,0.0,0.0,8.9,18.4
Napoli,Empoli,2021-12-12,7.5,62.3,0.0,0.0,14.2,36.7
Inter,Cagliari,2021-12-12,1.0,84.0,0.0,0.0,7.8,13.3
Roma,Spezia,2021-12-13,6.2,63.5,0.0,0.0,12.8,23.4
Lazio,Genoa,2021-12-17,8.2,82.5,0.0,0.0,13.8,24.8
Salernitana,Inter,2021-12-17,9.2,67.5,0.0,0.0,6.4,22.0
Atalanta,Roma,2021-12-18,7.2,62.3,0.0,0.0,13.6,32.0
Bologna,Juventus,2021-12-18,-2.1,98.7,0.0,0.0,6.2,10.1
Cagliari,Udinese,2021-12-18,7.6,80.5,0.0,0.0,5.8,11.9
Fiorentina,Sassuolo,2021-12-19,9.5,57.5,0.0,0.0,4.0,12.2
Spezia,Empoli,2021-12-19,10.5,89.7,0.0,0.0,4.0,18.0
Torino,Hellas Verona,2021-12-19,-0.5,88.3,0.0,0.0,4.5,9.7
Sampdoria,Venezia,2021-12-19,7.5,89.7,0.0,0.0,5.5,10.4
Milan,Napoli,2021-12-19,-0.3,87.0,0.0,0.0,10.5,17.3
Genoa,Atalanta,2021-12-21,6.9,86.0,0.0,0.0,17.3,36.7
Juventus,Cagliari,2021-12-21,2.8,85.0,0.0,0.0,4.9,7.9
Sassuolo,Bologna,2021-12-22,4.4,81.0,0.0,0.0,3.6,6.1
Venezia,Lazio,2021-12-22,3.6,83.5,0.0,0.0,6.8,10.8
Hellas Verona,Fiorentina,2021-12-22,1.8,88.5,0.0,0.0,3.4,9.4
Inter,Torino,2021-12-22,0.2,100.0,0.0,0.0,6.5,11.9
Roma,Sampdoria,2021-12-22,7.1,90.0,0.0,0.0,5.8,10.1
Napoli,Spezia,2021-12-22,9.3,69.5,0.0,0.0,8.0,18.0
Empoli,Milan,2021-12-22,3.4,87.5,0.0,0.0,7.7,16.9
Sampdoria,Cagliari,2022-01-06,9.4,57.5,0.0,0.0,21.8,50.4
Lazio,Empoli,2022-01-06,11.5,65.0,0.0,0.0,4.9,19.8
Spezia,Hellas Verona,2022-01-06,8.9,51.5,0.0,0.0,24.6,52.2
Sassuolo,Genoa,2022-01-06,2.2,91.5,0.0,0.0,8.6,11.9
Milan,Roma,2022-01-06,2.1,89.0,0.0,0.0,8.8,10.8
Juventus,Napoli,2022-01-06,-2.6,86.0,0.0,0.0,4.4,8.6
Venezia,Milan,2022-01-09,4.8,58.0,0.0,0.0,6.0,15.8
Empoli,Sassuolo,2022-01-09,4.8,74.5,0.2,0.0,15.6,32.0
Udinese,Atalanta,2022-01-09,2.0,80.0,0.0,0.0,5.2,9.4
Napoli,Sampdoria,2022-01-09,8.9,91.0,1.7,0.0,13.6,28.8
Genoa,Spezia,2022-01-09,5.6,49.5,0.0,0.0,17.7,40.0
Roma,Juventus,2022-01-09,4.3,88.0,0.0,0.0,22.6,43.2
Hellas Verona,Salernitana,2022-01-09,0.6,74.0,0.0,0.0,3.4,9.4
Inter,Lazio,2022-01-09,-2.4,98.5,0.0,0.0,4.8,10.1
Torino,Fiorentina,2022-01-10,3.3,53.3,0.0,0.0,4.4,8.3
Cagliari,Bologna,2022-01-11,7.4,78.0,0.0,0.0,6.9,18.0
Sampdoria,Torino,2022-01-15,11.3,84.0,0.0,0.0,3.0,15.8
Salernitana,Lazio,2022-01-15,9.3,78.0,0.0,0.0,6.3,19.8
Juventus,Udinese,2022-01-15,1.8,53.5,0.0,0.0,5.2,9.4
Sassuolo,Hellas Verona,2022-01-16,9.0,69.0,0.0,0.0,4.9,18.0
Venezia,Empoli,2022-01-16,5.7,83.3,0.0,0.0,5.3,13.0
Roma,Cagliari,2022-01-16,6.9,91.3,0.0,0.0,5.3,10.1
Atalanta,Inter,2022-01-16,4.0,87.0,0.0,0.0,10.6,21.2
Bologna,Napoli,2022-01-17,6.0,65.5,0.0,0.0,9.6,19.1
Milan,Spezia,2022-01-17,5.8,57.0,0.0,0.0,16.0,27.0
Fiorentina,Genoa,2022-01-17,2.7,99.0,0.0,0.0,5.6,8.3
Hellas Verona,Bologna,2022-01-21,-1.7,71.5,0.0,0.0,7.9,18.4
Genoa,Udinese,2022-01-22,9.3,75.7,0.0,0.0,4.7,17.6
Inter,Venezia,2022-01-22,2.0,79.3,0.0,0.0,12.9,22.3
Lazio,Atalanta,2022-01-22,3.4,76.0,0.0,0.0,9.9,17.3
Cagliari,Fiorentina,2022-01-23,12.8,60.5,0.0,0.0,7.8,19.4
Spezia,Sampdoria,2022-01-23,9.7,85.0,0.0,0.0,6.4,22.7
Napoli,Salernitana,2022-01-23,9.9,59.7,0.0,0.0,10.1,27.4
Torino,Sassuolo,2022-01-23,5.9,56.0,0.0,0.0,3.1,14.4
Empoli,Roma,2022-01-23,1.8,97.3,0.0,0.0,5.8,9.7
Milan,Juventus,2022-01-23,-0.4,96.5,0.0,0.0,1.8,6.5
Roma,Genoa,2022-02-05,14.0,74.3,0.0,0.0,4.7,17.6
Inter,Milan,2022-02-05,4.4,97.0,0.0,0.0,8.0,11.5
Fiorentina,Lazio,2022-02-05,5.4,95.5,0.0,0.0,6.8,15.1
Atalanta,Cagliari,2022-02-06,7.1,96.0,0.1,0.0,15.8,33.8
Sampdoria,Sassuolo,2022-02-06,10.9,96.0,1.2,0.0,12.8,32.4
Bologna,Empoli,2022-02-06,7.8,84.3,0.0,0.0,4.9,23.8
Venezia,Napoli,2022-02-06,7.3,85.0,0.0,0.0,10.6,25.6
Udinese,Torino,2022-02-06,5.3,96.0,0.0,0.0,8.9,20.5
Juventus,Hellas Verona,2022-02-06,0.0,99.0,0.0,0.0,3.2,8.6
Salernitana,Spezia,2022-02-07,8.8,44.0,0.0,0.0,13.4,52.6
Lazio,Bologna,2022-02-12,15.7,46.0,0.0,0.0,4.3,11.9
Napoli,Inter,2022-02-12,10.9,71.0,0.0,0.0,13.8,35.6
Torino,Venezia,2022-02-12,1.8,86.0,0.0,0.0,3.8,9.7
Milan,Sampdoria,2022-02-13,8.2,54.0,0.0,0.0,2.0,13.3
Empoli,Cagliari,2022-02-13,11.5,64.0,0.0,0.0,3.8,15.1
Hellas Verona,Udinese,2022-02-13,7.3,56.0,0.0,0.0,6.5,19.4
Genoa,Salernitana,2022-02-13,11.0,54.3,0.0,0.0,5.3,16.2
Sassuolo,Roma,2022-02-13,3.1,73.3,0.0,0.0,7.5,13.7
Atalanta,Juventus,2022-02-13,3.0,71.5,0.0,0.0,6.9,15.1
Spezia,Fiorentina,2022-02-14,9.4,86.0,0.2,0.0,8.7,22.3
Juventus,Torino,2022-02-18,3.3,98.0,0.0,0.0,0.4,4.7
Sampdoria,Empoli,2022-02-19,12.6,93.7,0.5,0.0,9.5,29.2
Roma,Hellas Verona,2022-02-19,12.1,89.7,0.0,0.0,8.1,21.2
Salernitana,Milan,2022-02-19,11.4,85.0,0.0,0.0,2.2,6.1
Fiorentina,Atalanta,2022-02-20,16.2,66.5,0.1,0.0,7.4,19.4
Venezia,Genoa,2022-02-20,11.0,84.0,0.0,0.0,11.0,21.2
Inter,Sassuolo,2022-02-20,7.9,92.0,0.0,0.0,8.3,11.9
Udinese,Lazio,2022-02-20,5.8,94.5,0.0,0.0,5.4,8.6
Cagliari,Napoli,2022-02-21,12.7,60.3,0.0,0.0,29.4,69.1
Bologna,Spezia,2022-02-21,7.5,33.3,0.0,0.0,15.2,44.6
Milan,Udinese,2022-02-25,8.5,21.5,0.0,0.0,25.0,53.3
Genoa,Inter,2022-02-25,8.3,27.3,0.0,0.0,25.5,66.2
Salernitana,Bologna,2022-02-26,8.0,82.7,4.1,0.0,11.9,41.8
Empoli,Juventus,2022-02-26,6.8,45.7,0.0,0.0,17.3,35.3
Sassuolo,Fiorentina,2022-02-26,3.1,63.0,0.0,0.0,9.7,14.0
Torino,Cagliari,2022-02-27,10.6,27.5,0.0,0.0,4.5,17.6
Hellas Verona,Venezia,2022-02-27,11.2,26.5,0.0,0.0,3.1,14.0
Spezia,Roma,2022-02-27,6.4,49.0,0.0,0.0,6.8,22.7
Lazio,Napoli,2022-02-27,5.2,72.0,0.0,0.0,24.7,45.4
Atalanta,Sampdoria,2022-02-28,2.8,39.0,0.0,0.0,22.8,61.6
Inter,Salernitana,2022-03-04,5.2,68.0,0.0,0.0,13.0,22.0
Udinese,Sampdoria,2022-03-05,8.3,37.3,0.0,0.0,12.5,27.4
Roma,Atalanta,2022-03-05,6.9,52.7,0.0,0.0,20.7,41.8
Cagliari,Lazio,2022-03-05,9.4,68.5,0.0,0.0,10.4,20.5
Genoa,Empoli,2022-03-06,10.5,38.0,0.0,0.0,15.6,38.5
Bologna,Torino,2022-03-06,7.3,43.0,0.0,0.0,13.2,31.0
Venezia,Sassuolo,2022-03-06,8.7,39.7,0.0,0.0,14.8,31.0
Fiorentina,Hellas Verona,2022-03-06,7.5,49.7,0.0,0.0,15.5,40.3
Juventus,Spezia,2022-03-06,5.0,45.0,0.0,0.0,6.1,11.9
Napoli,Milan,2022-03-06,5.8,86.0,0.3,0.0,4.2,10.1
Salernitana,Sassuolo,2022-03-12,11.7,43.7,0.0,0.0,10.2,27.0
Spezia,Cagliari,2022-03-12,11.5,50.7,0.0,0.0,7.5,23.4
Sampdoria,Juventus,2022-03-12,8.1,59.0,0.0,0.0,18.6,43.2
Milan,Empoli,2022-03-12,4.3,62.0,0.0,0.0,7.6,14.0
Fiorentina,Bologna,2022-03-13,12.6,44.5,0.0,0.0,2.9,13.0
Hellas Verona,Napoli,2022-03-13,9.1,41.7,0.0,0.0,5.6,20.9
Udinese,Roma,2022-03-13,3.6,72.0,0.0,0.0,5.8,16.9
Atalanta,Genoa,2022-03-13,3.5,70.0,0.0,0.0,6.7,13.7
Torino,Inter,2022-03-13,5.3,67.5,0.1,0.0,6.4,13.7
Lazio,Venezia,2022-03-14,8.2,90.0,0.0,0.0,5.3,10.1
Sassuolo,Spezia,2022-03-18,8.9,59.5,0.0,0.0,9.0,22.7
Genoa,Torino,2022-03-18,9.3,45.0,0.0,0.0,8.9,22.3
Napoli,Udinese,2022-03-19,13.1,56.3,0.0,0.0,14.7,36.4
Inter,Fiorentina,2022-03-19,10.0,43.0,0.0,0.0,14.0,30.2
Cagliari,Milan,2022-03-19,12.4,85.0,0.9,0.0,16.2,37.1
Venezia,Sampdoria,2022-03-20,12.0,33.0,0.0,0.0,15.0,36.4
Empoli,Hellas Verona,2022-03-20,12.5,47.3,0.0,0.0,22.9,46.1
Juventus,Salernitana,2022-03-20,13.0,27.0,0.0,0.0,2.1,19.4
Roma,Lazio,2022-03-20,10.6,56.3,0.9,0.0,10.2,32.8
Bologna,Atalanta,2022-03-20,3.4,84.5,0.0,0.0,5.1,13.0
Spezia,Venezia,2022-04-02,9.0,62.0,0.0,0.0,6.2,28.4
Lazio,Sassuolo,2022-04-02,5.3,86.7,2.8,0.4,10.3,33.8
Salernitana,Torino,2022-04-02,4.6,84.5,1.4,0.4,12.4,28.4
Fiorentina,Empoli,2022-04-03,12.0,55.0,0.1,0.0,1.5,19.8
Udinese,Cagliari,2022-04-03,10.5,44.0,0.0,0.0,6.1,18.0
Atalanta,Napoli,2022-04-03,10.6,43.0,0.0,0.0,12.5,36.7
Sampdoria,Roma,2022-04-03,9.3,70.0,0.0,0.0,3.8,18.0
Juventus,Inter,2022-04-03,4.9,94.5,2.4,0.0,7.4,14.8
Hellas Verona,Genoa,2022-04-04,10.1,52.0,0.0,0.0,3.6,9.7
Milan,Bologna,2022-04-04,5.4,76.5,0.0,0.0,6.8,8.3
Empoli,Spezia,2022-04-09,14.8,49.7,0.0,0.0,19.7,52.9
Inter,Hellas Verona,2022-04-09,12.0,27.7,0.0,0.0,24.1,60.1
Cagliari,Juventus,2022-04-09,11.9,64.0,0.0,0.0,28.3,52.2
Genoa,Lazio,2022-04-10,15.6,38.0,0.0,0.0,11.4,34.6
Venezia,Udinese,2022-04-10,13.7,43.3,0.0,0.0,19.2,36.0
Sassuolo,Atalanta,2022-04-10,15.2,30.0,0.0,0.0,4.6,15.1
Napoli,Fiorentina,2022-04-10,15.1,41.3,0.0,0.0,6.8,26.3
Roma,Salernitana,2022-04-10,11.6,39.3,0.0,0.0,17.2,37.4
Torino,Milan,2022-04-10,9.1,32.5,0.0,0.0,5.8,15.1
Bologna,Sampdoria,2022-04-11,11.4,41.0,0.0,0.0,15.6,30.6
Spezia,Inter,2022-04-15,14.6,69.3,0.0,0.0,3.0,9.0
Milan,Genoa,2022-04-15,16.7,47.3,0.0,0.0,11.5,20.5
Cagliari,Sassuolo,2022-04-16,19.0,49.0,0.0,0.0,13.6,32.0
Udinese,Empoli,2022-04-16,20.2,30.0,0.0,0.0,9.0,23.0
Sampdoria,Salernitana,2022-04-16,26.2,21.5,0.0,0.0,10.2,31.7
Fiorentina,Venezia,2022-04-16,18.5,47.5,0.0,0.0,15.8,38.5
Juventus,Bologna,2022-04-16,19.8,33.0,0.0,0.0,10.2,28.8
Lazio,Torino,2022-04-16,15.2,62.0,0.0,0.0,18.0,37.8
Napoli,Roma,2022-04-18,10.5,85.3,0.0,0.0,5.4,19.4
Atalanta,Hellas Verona,2022-04-18,10.6,59.7,0.0,0.0,7.5,19.4
Udinese,Salernitana,2022-04-20,10.2,68.0,0.0,0.0,8.2,13.7
Venezia,Atalanta,2022-04-23,14.1,84.7,0.0,0.0,14.6,29.5
Torino,Spezia,2022-04-23,14.3,80.3,1.1,0.0,8.2,25.6
Inter,Roma,2022-04-23,12.9,88.3,5.3,0.0,23.1,42.5
Hellas Verona,Sampdoria,2022-04-23,13.3,84.0,0.8,0.0,25.2,52.2
Salernitana,Fiorentina,2022-04-24,17.8,80.5,0.0,0.0,11.8,31.7
Bologna,Udinese,2022-04-24,14.0,76.7,2.7,0.0,6.0,25.2
Empoli,Napoli,2022-04-24,12.6,80.7,6.6,0.0,8.3,29.2
Genoa,Cagliari,2022-04-24,12.3,86.7,0.0,0.0,6.9,23.0
Lazio,Milan,2022-04-24,12.5,93.5,1.2,0.0,8.8,18.0
Sassuolo,Juventus,2022-04-25,12.0,74.5,0.0,0.0,5.6,10.8
Fiorentina,Udinese,2022-04-27,16.4,64.3,0.0,0.0,9.5,26.6
Atalanta,Torino,2022-04-27,11.9,68.5,0.0,0.0,15.4,39.6
Bologna,Inter,2022-04-27,10.6,78.0,0.0,0.0,6.8,16.2
Cagliari,Hellas Verona,2022-04-30,18.3,61.7,0.0,0.0,17.9,41.4
Napoli,Sassuolo,2022-04-30,19.3,49.3,0.0,0.0,14.9,41.0
Sampdoria,Genoa,2022-04-30,16.4,71.7,0.0,0.0,3.9,18.4
Spezia,Lazio,2022-04-30,14.2,73.0,0.0,0.0,7.2,17.6
Juventus,Venezia,2022-05-01,22.2,28.5,0.0,0.0,4.5,20.2
Milan,Fiorentina,2022-05-01,21.8,29.3,0.0,0.0,5.8,19.4
Empoli,Torino,2022-05-01,15.8,59.0,1.5,0.0,8.6,24.1
Udinese,Inter,2022-05-01,14.6,65.7,0.0,0.0,6.6,18.4
Roma,Bologna,2022-05-01,12.9,77.0,0.0,0.0,11.4,23.4
Atalanta,Salernitana,2022-05-02,14.4,72.5,0.0,0.0,6.2,21.2
Salernitana,Venezia,2022-05-05,20.0,67.0,0.2,0.0,3.3,19.1
Inter,Empoli,2022-05-06,13.9,89.5,0.9,0.0,3.9,9.7
Genoa,Juventus,2022-05-06,15.1,76.7,0.0,0.0,23.2,51.5
Torino,Napoli,2022-05-07,17.3,72.3,4.6,0.0,8.3,23.0
Sassuolo,Udinese,2022-05-07,14.2,91.7,1.3,0.0,7.2,19.8
Lazio,Sampdoria,2022-05-07,16.2,61.5,0.0,0.0,17.8,33.8
Spezia,Atalanta,2022-05-08,21.5,57.0,0.0,0.0,6.8,24.5
Venezia,Bologna,2022-05-08,21.0,64.0,0.0,0.0,10.0,26.3
Salernitana,Cagliari,2022-05-08,17.7,72.0,0.0,0.0,3.2,13.7
Hellas Verona,Milan,2022-05-08,14.8,70.0,0.0,0.0,7.5,16.2
Fiorentina,Roma,2022-05-09,15.1,81.5,0.0,0.0,7.0,15.8
Empoli,Salernitana,2022-05-14,23.6,47.7,0.0,0.0,16.0,34.9
Hellas Verona,Torino,2022-05-14,22.2,62.7,0.0,0.0,7.3,24.5
Udinese,Spezia,2022-05-14,21.9,67.7,0.0,0.0,5.0,11.2
Roma,Venezia,2022-05-14,17.0,74.0,0.0,0.0,5.4,11.9
Bologna,Sassuolo,2022-05-15,27.2,49.5,0.0,0.0,7.7,22.7
Napoli,Genoa,2022-05-15,21.3,70.7,0.0,0.0,6.9,28.8
Milan,Atalanta,2022-05-15,22.7,66.3,0.0,0.0,8.5,20.5
Cagliari,Inter,2022-05-15,17.2,80.0,0.0,0.0,4.5,10.1
Sampdoria,Fiorentina,2022-05-16,18.2,66.0,0.0,0.0,2.0,13.7
Juventus,Lazio,2022-05-16,18.8,83.0,0.0,0.0,6.0,10.1
Torino,Roma,2022-05-20,20.4,69.5,0.0,0.0,5.4,23.8
Genoa,Bologna,2022-05-21,21.0,84.0,0.0,0.0,11.0,29.5
Atalanta,Empoli,2022-05-21,20.1,77.5,0.0,0.0,2.8,6.8
Lazio,Hellas Verona,2022-05-21,18.3,95.5,0.0,0.0,6.6,14.8
Fiorentina,Juventus,2022-05-21,18.2,85.0,0.0,0.0,5.7,14.4
Spezia,Napoli,2022-05-22,20.7,83.0,0.0,0.0,8.9,26.6
Inter,Sampdoria,2022-05-22,28.2,53.0,0.0,0.0,6.0,18.0
Sassuolo,Milan,2022-05-22,27.3,63.0,0.0,0.0,5.0,14.4
Salernitana,Udinese,2022-05-22,17.3,97.0,0.0,0.0,2.7,9.0
Venezia,Cagliari,2022-05-22,21.4,91.3,0.0,0.0,5.5,9.4
Bayern Munich,RB Leipzig,2025-08-22,15.4,70.5,0.0,0.0,6.2,13.0
Union Berlin,Stuttgart,2025-08-23,16.1,42.0,0.0,0.0,17.2,50.0
Freiburg,Augsburg,2025-08-23,19.5,52.0,0.0,0.0,9.8,25.6
Heidenheim,Wolfsburg,2025-08-23,16.0,54.5,0.0,0.0,13.5,31.7
Leverkusen,Hoffenheim,2025-08-23,19.2,44.0,0.0,0.0,13.0,31.0
Eintracht Frankfurt,Werder Bremen,2025-08-23,18.8,49.0,0.0,0.0,11.7,32.0
St Pauli,Dortmund,2025-08-23,15.8,61.0,0.0,0.0,11.6,28.4
Mainz 05,Köln,2025-08-24,22.2,25.0,0.0,0.0,3.8,21.6
Gladbach,Hamburger SV,2025-08-24,18.0,49.0,0.0,0.0,10.0,22.7
Hamburger SV,St Pauli,2025-08-29,18.2,74.5,0.0,0.0,14.4,29.2
Stuttgart,Gladbach,2025-08-30,20.9,51.5,0.0,0.0,7.6,24.1
Hoffenheim,Eintracht Frankfurt,2025-08-30,19.9,59.5,0.0,0.0,14.4,34.6
RB Leipzig,Heidenheim,2025-08-30,21.2,56.5,0.0,0.0,11.4,29.5
Werder Bremen,Leverkusen,2025-08-30,22.0,47.5,0.0,0.0,13.6,37.4
Augsburg,Bayern Munich,2025-08-30,15.4,77.0,0.0,0.0,7.0,13.7
Wolfsburg,Mainz 05,2025-08-31,24.8,46.0,0.0,0.0,10.6,25.6
Dortmund,Union Berlin,2025-08-31,22.6,63.0,0.0,0.0,10.9,28.4
Köln,Freiburg,2025-08-31,20.0,78.5,0.0,0.0,0.8,4.0
Leverkusen,Eintracht Frankfurt,2025-09-12,13.6,76.5,0.0,0.0,11.7,23.0
Freiburg,Stuttgart,2025-09-13,20.0,61.0,0.0,0.0,9.3,26.3
Wolfsburg,Köln,2025-09-13,18.0,62.0,0.1,0.0,16.6,44.3
Mainz 05,RB Leipzig,2025-09-13,18.6,59.5,0.0,0.0,12.9,35.3
Union Berlin,Hoffenheim,2025-09-13,19.8,54.0,0.0,0.0,10.4,30.2
Heidenheim,Dortmund,2025-09-13,18.2,59.0,0.0,0.0,8.6,26.6
Bayern Munich,Hamburger SV,2025-09-13,15.7,74.0,0.0,0.0,10.0,19.8
St Pauli,Augsburg,2025-09-14,16.5,64.5,0.0,0.0,10.1,34.6
Gladbach,Werder Bremen,2025-09-14,16.4,64.5,0.0,0.0,10.4,24.1
Stuttgart,St Pauli,2025-09-19,17.6,84.0,0.0,0.0,7.8,16.2
Hamburger SV,Heidenheim,2025-09-20,24.5,65.0,0.0,0.0,12.8,25.6
Werder Bremen,Freiburg,2025-09-20,24.9,64.5,0.0,0.0,14.2,33.8
Augsburg,Mainz 05,2025-09-20,26.4,52.5,0.0,0.0,5.4,13.0
Hoffenheim,Bayern Munich,2025-09-20,27.7,44.5,0.0,0.0,14.3,27.7
RB Leipzig,Köln,2025-09-20,22.9,62.5,0.0,0.0,13.4,26.3
Eintracht Frankfurt,Union Berlin,2025-09-21,15.3,88.5,2.0,0.0,7.2,22.0
Leverkusen,Gladbach,2025-09-21,13.8,81.5,0.1,0.0,9.2,22.3
Dortmund,Wolfsburg,2025-09-21,12.8,80.0,0.0,0.0,6.8,16.6
Bayern Munich,Werder Bremen,2025-09-26,11.2,94.0,0.0,0.0,5.9,16.9
Wolfsburg,RB Leipzig,2025-09-27,16.9,66.0,0.0,0.0,9.2,24.8
Heidenheim,Augsburg,2025-09-27,13.0,74.5,0.0,0.0,8.6,22.0
Mainz 05,Dortmund,2025-09-27,15.4,65.5,0.0,0.0,3.1,12.2
St Pauli,Leverkusen,2025-09-27,17.4,64.5,0.0,0.0,10.1,26.6
Gladbach,Eintracht Frankfurt,2025-09-27,12.8,81.5,0.0,0.0,3.4,9.7
Freiburg,Hoffenheim,2025-09-28,15.8,80.0,0.0,0.0,6.7,25.6
Köln,Stuttgart,2025-09-28,15.4,79.0,0.0,0.0,2.0,3.6
Union Berlin,Hamburger SV,2025-09-28,11.5,73.0,0.0,0.0,9.8,19.1
Hoffenheim,Köln,2025-10-03,10.2,76.5,0.0,0.0,8.4,17.6
Dortmund,RB Leipzig,2025-10-04,11.4,69.5,1.0,0.0,21.8,57.6
Augsburg,Wolfsburg,2025-10-04,13.7,84.0,2.7,0.0,28.0,58.7
Werder Bremen,St Pauli,2025-10-04,12.0,68.5,1.0,0.0,24.6,59.0
Leverkusen,Union Berlin,2025-10-04,11.6,71.0,2.9,0.0,21.5,63.0
Eintracht Frankfurt,Bayern Munich,2025-10-04,11.0,67.0,0.0,0.0,19.8,42.1
Stuttgart,Heidenheim,2025-10-05,11.5,68.5,0.1,0.0,18.6,54.0
Hamburger SV,Mainz 05,2025-10-05,11.1,93.0,1.4,0.0,26.0,52.2
Gladbach,Freiburg,2025-10-05,11.4,76.0,0.0,0.0,16.2,31.7
Union Berlin,Gladbach,2025-10-17,9.2,82.5,0.1,0.0,14.2,29.5
Köln,Augsburg,2025-10-18,12.5,62.5,0.0,0.0,7.2,20.9
Heidenheim,Werder Bremen,2025-10-18,9.8,64.0,0.0,0.0,7.4,20.2
Mainz 05,Leverkusen,2025-10-18,11.6,62.0,0.0,0.0,8.0,20.9
Wolfsburg,Stuttgart,2025-10-18,8.2,61.5,0.0,0.0,3.9,11.5
RB Leipzig,Hamburger SV,2025-10-18,8.4,67.0,0.0,0.0,3.5,14.8
Bayern Munich,Dortmund,2025-10-18,6.8,77.5,0.0,0.0,10.5,20.2
Freiburg,Eintracht Frankfurt,2025-10-19,15.4,72.5,0.0,0.0,3.7,8.3
St Pauli,Hoffenheim,2025-10-19,8.0,69.5,0.0,0.0,17.2,34.6
Werder Bremen,Union Berlin,2025-10-24,8.1,78.0,0.0,0.0,23.6,50.0
Eintracht Frankfurt,St Pauli,2025-10-25,11.2,77.5,0.4,0.0,19.4,45.4
Hamburger SV,Wolfsburg,2025-10-25,10.3,92.5,0.6,0.0,23.8,49.3
Hoffenheim,Heidenheim,2025-10-25,11.4,64.0,0.0,0.0,24.6,48.2
Augsburg,RB Leipzig,2025-10-25,8.6,77.5,0.0,0.0,25.4,53.6
Gladbach,Bayern Munich,2025-10-25,9.6,92.5,0.6,0.0,23.0,47.9
Dortmund,Köln,2025-10-25,8.2,91.5,0.5,0.0,19.4,38.9
Leverkusen,Freiburg,2025-10-26,8.8,64.5,0.0,0.0,21.4,48.2
Stuttgart,Mainz 05,2025-10-26,6.6,73.0,0.0,0.0,14.4,30.2
Augsburg,Dortmund,2025-10-31,8.2,92.5,0.0,0.0,6.6,15.8
Union Berlin,Freiburg,2025-11-01,13.8,77.0,0.2,0.0,10.6,23.0
RB Leipzig,Stuttgart,2025-11-01,14.4,75.5,0.1,0.0,11.9,24.1
Heidenheim,Eintracht Frankfurt,2025-11-01,11.8,86.0,0.3,0.0,8.3,18.4
St Pauli,Gladbach,2025-11-01,13.6,88.0,0.7,0.0,17.2,34.2
Mainz 05,Werder Bremen,2025-11-01,13.2,96.0,0.5,0.0,9.7,27.0
Bayern Munich,Leverkusen,2025-11-01,12.4,83.0,0.0,0.0,6.1,13.3
Köln,Hamburger SV,2025-11-02,12.2,74.0,0.5,0.0,7.8,17.3
Wolfsburg,Hoffenheim,2025-11-02,10.0,88.0,0.0,0.0,8.3,23.4
Werder Bremen,Wolfsburg,2025-11-07,9.6,94.5,0.0,0.0,6.8,13.3
Hamburger SV,Dortmund,2025-11-08,7.4,84.5,0.0,0.0,2.3,6.5
Union Berlin,Bayern Munich,2025-11-08,6.2,89.0,0.0,0.0,4.4,10.8
Hoffenheim,RB Leipzig,2025-11-08,5.5,88.5,0.0,0.0,5.2,12.2
Leverkusen,Heidenheim,2025-11-08,10.2,88.5,0.0,0.0,3.6,9.7
Gladbach,Köln,2025-11-08,8.6,97.0,0.0,0.0,4.6,9.7
Freiburg,St Pauli,2025-11-09,9.6,90.0,0.0,0.0,2.2,6.8
Stuttgart,Augsburg,2025-11-09,8.4,95.5,0.3,0.0,7.0,16.9
Eintracht Frankfurt,Mainz 05,2025-11-09,7.0,99.5,0.0,0.0,5.0,10.8
Mainz 05,Hoffenheim,2025-11-21,-2.2,87.0,0.0,0.0,4.6,12.6
Wolfsburg,Leverkusen,2025-11-22,-0.1,74.0,0.0,0.0,10.9,20.9
Heidenheim,Gladbach,2025-11-22,-4.2,64.0,0.0,0.0,3.8,9.4
Dortmund,Stuttgart,2025-11-22,1.5,58.5,0.0,0.0,12.6,27.7
Bayern Munich,Freiburg,2025-11-22,-4.0,72.0,0.0,0.0,0.4,11.9
Augsburg,Hamburger SV,2025-11-22,-3.2,67.5,0.0,0.0,0.6,10.1
Köln,Eintracht Frankfurt,2025-11-22,-0.2,67.0,0.0,0.0,11.4,22.7
RB Leipzig,Werder Bremen,2025-11-23,-0.6,53.5,0.0,0.0,13.4,28.4
St Pauli,Union Berlin,2025-11-23,0.5,48.0,0.0,0.0,20.6,42.1
Gladbach,RB Leipzig,2025-11-28,8.5,96.5,0.0,0.0,14.0,27.4
Union Berlin,Heidenheim,2025-11-29,6.1,94.0,0.0,0.0,7.3,16.9
Hoffenheim,Augsburg,2025-11-29,7.4,96.5,0.0,0.0,7.6,14.4
Bayern Munich,St Pauli,2025-11-29,1.2,96.5,0.0,0.0,4.8,8.3
Werder Bremen,Köln,2025-11-29,8.6,82.0,0.0,0.0,15.1,29.9
Leverkusen,Dortmund,2025-11-29,10.0,87.0,0.0,0.0,15.2,33.5
Hamburger SV,Stuttgart,2025-11-30,6.8,81.0,0.0,0.0,17.6,36.7
Eintracht Frankfurt,Wolfsburg,2025-11-30,6.1,97.5,0.2,0.0,10.1,17.6
Freiburg,Mainz 05,2025-11-30,4.8,93.5,0.2,0.0,3.8,6.8
Mainz 05,Gladbach,2025-12-05,2.6,100.0,0.0,0.0,3.5,10.4
Augsburg,Leverkusen,2025-12-06,4.6,82.5,0.0,0.0,16.8,32.8
Heidenheim,Freiburg,2025-12-06,4.8,86.0,0.0,0.0,15.0,31.7
Stuttgart,Bayern Munich,2025-12-06,8.4,81.0,0.0,0.0,12.5,26.3
Köln,St Pauli,2025-12-06,8.3,91.5,1.4,0.0,10.9,25.6
Wolfsburg,Union Berlin,2025-12-06,6.3,80.0,0.0,0.0,11.6,24.1
RB Leipzig,Eintracht Frankfurt,2025-12-06,5.1,84.0,0.0,0.0,16.0,32.4
Hamburger SV,Werder Bremen,2025-12-07,7.8,96.5,0.0,0.0,9.6,19.8
Dortmund,Hoffenheim,2025-12-07,10.6,89.5,1.4,0.0,18.9,38.9
Union Berlin,RB Leipzig,2025-12-12,4.8,98.5,0.0,0.0,5.8,10.8
St Pauli,Heidenheim,2025-12-13,7.2,92.5,0.0,0.0,10.4,25.6
Eintracht Frankfurt,Augsburg,2025-12-13,5.6,96.5,0.0,0.0,4.4,9.0
Hoffenheim,Hamburger SV,2025-12-13,5.4,97.5,0.0,0.0,2.1,6.5
Gladbach,Wolfsburg,2025-12-13,8.0,99.0,0.0,0.0,5.8,11.9
Leverkusen,Köln,2025-12-13,6.7,97.5,0.0,0.0,3.6,11.5
Freiburg,Dortmund,2025-12-14,2.6,99.5,0.0,0.0,1.0,8.6
Bayern Munich,Mainz 05,2025-12-14,1.4,98.0,0.0,0.0,5.0,10.8
Werder Bremen,Stuttgart,2025-12-14,7.2,87.5,0.0,0.0,14.8,31.3
Dortmund,Gladbach,2025-12-19,7.7,94.5,0.0,0.0,8.6,16.9
Stuttgart,Hoffenheim,2025-12-20,7.1,91.0,0.0,0.0,7.2,14.0
Hamburger SV,Eintracht Frankfurt,2025-12-20,4.2,100.0,0.0,0.0,6.8,16.9
Wolfsburg,Freiburg,2025-12-20,6.4,93.0,0.0,0.0,9.0,18.0
Köln,Union Berlin,2025-12-20,8.2,94.0,0.0,0.0,9.4,17.6
Augsburg,Werder Bremen,2025-12-20,3.6,89.0,0.0,0.0,5.2,11.2
RB Leipzig,Leverkusen,2025-12-20,7.0,98.5,0.0,0.0,9.8,18.7
Mainz 05,St Pauli,2025-12-21,6.6,76.0,0.0,0.0,14.4,31.3
Heidenheim,Bayern Munich,2025-12-21,-1.0,96.0,0.0,0.0,13.9,27.7
Eintracht Frankfurt,Dortmund,2026-01-09,2.9,95.5,1.0,0.0,21.1,43.2
Freiburg,Hamburger SV,2026-01-10,1.4,87.5,0.2,0.1,15.5,30.2
Heidenheim,Köln,2026-01-10,-0.8,90.5,0.2,0.1,14.6,30.2
Union Berlin,Mainz 05,2026-01-10,-2.7,83.0,0.0,0.0,9.4,18.7
Leverkusen,Stuttgart,2026-01-10,-1.7,71.5,0.0,0.0,7.7,20.9
Gladbach,Augsburg,2026-01-11,-1.2,81.0,0.0,0.0,8.6,18.7
Bayern Munich,Wolfsburg,2026-01-11,-5.8,81.5,0.0,0.0,0.8,5.0
Stuttgart,Eintracht Frankfurt,2026-01-13,6.2,86.5,0.0,0.0,11.0,20.5
Mainz 05,Heidenheim,2026-01-13,3.3,96.0,0.0,0.0,2.0,9.0
Dortmund,Werder Bremen,2026-01-13,8.2,82.5,0.0,0.0,19.6,40.0
Wolfsburg,St Pauli,2026-01-14,1.8,100.0,0.0,0.0,4.4,10.1
Hoffenheim,Gladbach,2026-01-14,5.0,93.0,0.0,0.0,5.9,12.2
RB Leipzig,Freiburg,2026-01-14,3.5,98.5,0.0,0.0,7.1,13.0
Köln,Bayern Munich,2026-01-14,7.8,95.5,0.0,0.0,9.2,16.6
Augsburg,Union Berlin,2026-01-15,1.5,90.5,0.0,0.0,12.4,23.0
Werder Bremen,Eintracht Frankfurt,2026-01-16,7.9,93.0,0.0,0.0,10.4,17.3
Hoffenheim,Leverkusen,2026-01-17,2.2,76.5,0.0,0.0,13.6,26.6
Köln,Mainz 05,2026-01-17,8.6,74.5,0.0,0.0,10.4,20.9
Wolfsburg,Heidenheim,2026-01-17,2.3,88.5,0.0,0.0,14.0,28.1
Dortmund,St Pauli,2026-01-17,9.8,79.5,0.0,0.0,4.5,8.6
Hamburger SV,Gladbach,2026-01-17,1.5,92.5,0.0,0.0,16.2,31.7
RB Leipzig,Bayern Munich,2026-01-17,1.2,93.5,0.0,0.0,12.4,24.8
Stuttgart,Union Berlin,2026-01-18,2.7,79.5,0.0,0.0,6.2,19.1
Augsburg,Freiburg,2026-01-18,-1.0,90.0,0.0,0.0,6.2,11.5
St Pauli,Hamburger SV,2026-01-23,-4.6,79.0,0.0,0.0,17.5,38.2
Leverkusen,Werder Bremen,2026-01-24,4.4,75.0,0.0,0.0,8.9,20.9
Heidenheim,RB Leipzig,2026-01-24,-2.2,80.0,0.0,0.0,7.4,20.9
Mainz 05,Wolfsburg,2026-01-24,0.3,68.0,0.0,0.0,7.4,18.0
Bayern Munich,Augsburg,2026-01-24,-1.2,78.0,0.0,0.0,8.2,16.9
Eintracht Frankfurt,Hoffenheim,2026-01-24,0.8,58.0,0.0,0.0,6.4,14.4
Union Berlin,Dortmund,2026-01-24,-2.3,81.0,0.0,0.0,11.9,25.2
Gladbach,Stuttgart,2026-01-25,0.4,73.0,0.0,0.0,8.1,17.6
Freiburg,Köln,2026-01-25,1.6,96.5,0.0,0.0,3.9,7.6
Werder Bremen,Hoffenheim,2026-01-27,-0.9,90.5,0.0,0.0,19.8,39.2
St Pauli,RB Leipzig,2026-01-27,0.0,95.5,0.0,0.0,15.4,30.6
Köln,Wolfsburg,2026-01-30,2.9,88.0,0.0,0.0,15.2,33.8
Augsburg,St Pauli,2026-01-31,1.5,91.5,0.0,0.0,4.8,15.1
Werder Bremen,Gladbach,2026-01-31,-1.0,87.0,0.0,0.0,16.2,31.3
RB Leipzig,Mainz 05,2026-01-31,-1.8,88.0,0.0,0.0,14.6,28.8
Eintracht Frankfurt,Leverkusen,2026-01-31,3.0,88.0,0.0,0.0,6.6,18.4
Hoffenheim,Union Berlin,2026-01-31,3.8,88.0,0.0,0.0,12.3,23.8
Hamburger SV,Bayern Munich,2026-01-31,-3.6,85.5,0.0,0.0,19.8,39.6
Stuttgart,Freiburg,2026-02-01,5.3,78.0,0.0,0.0,9.4,19.8
Dortmund,Heidenheim,2026-02-01,4.9,87.0,0.0,0.0,10.6,21.6
Union Berlin,Eintracht Frankfurt,2026-02-06,0.4,99.0,0.1,0.0,5.8,11.9
Heidenheim,Hamburger SV,2026-02-07,3.6,89.0,0.0,0.0,4.5,9.0
St Pauli,Stuttgart,2026-02-07,1.2,96.0,0.4,0.0,9.6,18.4
Mainz 05,Augsburg,2026-02-07,8.8,78.0,0.0,0.0,3.8,11.5
Wolfsburg,Dortmund,2026-02-07,1.0,100.0,0.1,0.0,8.2,15.5
Freiburg,Werder Bremen,2026-02-07,10.4,68.0,0.0,0.0,2.6,12.2
Gladbach,Leverkusen,2026-02-07,7.7,88.0,0.0,0.0,10.3,18.7
Köln,RB Leipzig,2026-02-08,7.0,81.0,0.0,0.0,10.2,27.7
Bayern Munich,Hoffenheim,2026-02-08,3.6,92.0,0.0,0.0,5.7,13.0
Dortmund,Mainz 05,2026-02-13,1.3,89.0,0.0,0.0,12.1,27.7
Hamburger SV,Union Berlin,2026-02-14,-1.4,73.5,0.0,0.0,9.0,20.2
Hoffenheim,Freiburg,2026-02-14,2.5,88.5,0.6,0.0,14.8,29.2
Eintracht Frankfurt,Gladbach,2026-02-14,3.2,68.5,0.0,0.0,17.0,41.4
Werder Bremen,Bayern Munich,2026-02-14,-0.4,77.5,0.0,0.0,8.6,22.7
Leverkusen,St Pauli,2026-02-14,1.4,76.0,0.0,0.0,13.9,32.4
Stuttgart,Köln,2026-02-14,1.0,97.0,0.9,0.2,13.5,26.3
Augsburg,Heidenheim,2026-02-15,0.2,67.0,0.0,0.0,5.1,14.0
RB Leipzig,Wolfsburg,2026-02-15,-2.3,69.5,0.0,0.0,12.1,28.1
Mainz 05,Hamburger SV,2026-02-20,3.2,92.5,0.4,0.0,9.6,23.0
Wolfsburg,Augsburg,2026-02-21,9.0,76.0,0.1,0.0,20.0,47.5
Köln,Hoffenheim,2026-02-21,9.6,93.5,0.3,0.0,16.2,31.3
Bayern Munich,Eintracht Frankfurt,2026-02-21,4.8,96.0,1.4,0.0,14.0,28.8
Union Berlin,Leverkusen,2026-02-21,7.6,81.0,0.0,0.0,15.2,34.6
RB Leipzig,Dortmund,2026-02-21,6.2,85.0,0.0,0.0,14.2,27.4
Freiburg,Gladbach,2026-02-22,12.0,75.5,0.0,0.0,17.5,36.7
St Pauli,Werder Bremen,2026-02-22,8.8,95.0,0.1,0.0,23.2,47.9
Heidenheim,Stuttgart,2026-02-22,7.6,91.5,0.8,0.0,19.5,38.5
Augsburg,Köln,2026-02-27,8.2,74.5,0.0,0.0,8.4,16.9
Werder Bremen,Heidenheim,2026-02-28,12.9,57.5,0.1,0.0,25.8,54.0
Leverkusen,Mainz 05,2026-02-28,11.9,59.0,0.0,0.0,21.5,52.6
Hoffenheim,St Pauli,2026-02-28,12.6,59.0,0.0,0.0,17.5,42.1
Gladbach,Union Berlin,2026-02-28,10.5,66.5,0.0,0.0,27.9,63.4
Dortmund,Bayern Munich,2026-02-28,8.9,74.0,0.0,0.0,21.8,52.9
Stuttgart,Wolfsburg,2026-03-01,12.2,52.0,0.0,0.0,5.8,15.1
Eintracht Frankfurt,Freiburg,2026-03-01,9.6,68.5,0.0,0.0,7.0,14.4
Hamburger SV,RB Leipzig,2026-03-01,7.9,64.5,0.0,0.0,12.6,23.4
Hamburger SV,Leverkusen,2026-03-04,5.0,71.0,0.0,0.0,9.6,17.6
Bayern Munich,Gladbach,2026-03-06,5.6,83.5,0.0,0.0,5.4,9.4
Wolfsburg,Hamburger SV,2026-03-07,14.4,51.5,0.0,0.0,5.1,14.0
Mainz 05,Stuttgart,2026-03-07,15.8,53.0,0.0,0.0,5.2,15.5
Heidenheim,Hoffenheim,2026-03-07,13.6,52.0,0.0,0.0,6.0,17.3
Freiburg,Leverkusen,2026-03-07,14.8,60.0,0.0,0.0,1.6,11.9
RB Leipzig,Augsburg,2026-03-07,15.2,52.0,0.0,0.0,7.9,18.7
Köln,Dortmund,2026-03-07,12.0,71.5,0.0,0.0,6.2,14.4
St Pauli,Eintracht Frankfurt,2026-03-08,14.4,57.5,0.0,0.0,9.6,20.5
Union Berlin,Werder Bremen,2026-03-08,10.2,62.0,0.0,0.0,11.8,23.0
Gladbach,St Pauli,2026-03-13,4.8,97.5,0.7,0.0,6.2,12.6
Hoffenheim,Wolfsburg,2026-03-14,6.4,64.5,0.0,0.0,16.6,39.6
Eintracht Frankfurt,Heidenheim,2026-03-14,7.4,60.0,0.0,0.0,15.0,38.2
Leverkusen,Bayern Munich,2026-03-14,4.2,83.5,0.2,0.0,9.0,24.5
Dortmund,Augsburg,2026-03-14,3.6,95.5,0.8,0.0,8.0,18.4
Hamburger SV,Köln,2026-03-14,4.8,91.5,0.1,0.0,5.6,12.2
Werder Bremen,Mainz 05,2026-03-15,8.8,56.5,0.0,0.0,11.6,28.8
Freiburg,Union Berlin,2026-03-15,6.9,68.0,0.0,0.0,3.0,16.2
Stuttgart,RB Leipzig,2026-03-15,4.9,77.0,0.0,0.0,4.6,9.0
RB Leipzig,Hoffenheim,2026-03-20,7.0,78.0,0.0,0.0,8.0,15.5
Heidenheim,Leverkusen,2026-03-21,8.0,62.5,0.0,0.0,11.9,29.2
Wolfsburg,Werder Bremen,2026-03-21,9.2,67.0,0.0,0.0,14.2,33.8
Köln,Gladbach,2026-03-21,12.8,54.0,0.0,0.0,14.2,33.5
Bayern Munich,Union Berlin,2026-03-21,7.6,73.0,0.4,0.0,13.5,38.5
Dortmund,Hamburger SV,2026-03-21,8.2,75.0,0.0,0.0,13.5,29.2
Mainz 05,Eintracht Frankfurt,2026-03-22,13.2,41.5,0.0,0.0,12.0,34.2
St Pauli,Freiburg,2026-03-22,10.4,59.5,0.0,0.0,7.6,16.2
Augsburg,Stuttgart,2026-03-22,5.5,65.0,0.0,0.0,9.7,23.4
Werder Bremen,RB Leipzig,2026-04-04,13.1,49.5,0.0,0.0,14.4,37.4
Gladbach,Heidenheim,2026-04-04,14.6,69.5,0.0,0.0,14.8,38.9
Hoffenheim,Mainz 05,2026-04-04,14.4,73.0,0.1,0.0,19.5,43.2
Freiburg,Bayern Munich,2026-04-04,16.1,64.5,0.0,0.0,8.5,27.0
Hamburger SV,Augsburg,2026-04-04,12.0,46.0,0.0,0.0,18.0,50.4
Leverkusen,Wolfsburg,2026-04-04,14.9,69.0,0.0,0.0,11.6,30.6
Stuttgart,Dortmund,2026-04-04,11.4,86.0,0.0,0.0,4.2,10.4
Union Berlin,St Pauli,2026-04-05,13.6,60.0,0.1,0.0,19.8,55.4
Eintracht Frankfurt,Köln,2026-04-05,14.9,50.0,0.0,0.0,18.0,40.7
Augsburg,Hoffenheim,2026-04-10,8.0,92.5,0.0,0.0,5.4,9.4
Wolfsburg,Eintracht Frankfurt,2026-04-11,13.2,35.5,0.0,0.0,21.4,46.4
RB Leipzig,Gladbach,2026-04-11,11.9,44.5,0.0,0.0,16.4,39.6
Dortmund,Leverkusen,2026-04-11,18.0,51.0,0.0,0.0,17.3,40.7
Heidenheim,Union Berlin,2026-04-11,15.6,57.0,0.0,0.0,8.9,25.2
St Pauli,Bayern Munich,2026-04-11,11.2,48.0,0.0,0.0,21.3,45.7
Köln,Werder Bremen,2026-04-12,13.1,48.5,0.0,0.0,4.4,15.1
Stuttgart,Hamburger SV,2026-04-12,8.0,88.0,2.9,0.0,3.6,12.6
Mainz 05,Freiburg,2026-04-12,8.6,77.0,0.0,0.0,3.0,8.6
St Pauli,Köln,2026-04-17,13.0,66.5,0.0,0.0,12.0,25.9
Werder Bremen,Hamburger SV,2026-04-18,17.2,53.5,0.0,0.0,9.7,31.0
Leverkusen,Augsburg,2026-04-18,16.2,74.5,2.1,0.0,9.6,27.0
Hoffenheim,Dortmund,2026-04-18,20.5,46.0,0.0,0.0,7.2,17.6
Union Berlin,Wolfsburg,2026-04-18,20.8,27.5,0.0,0.0,5.2,18.4
Eintracht Frankfurt,RB Leipzig,2026-04-18,18.3,56.0,0.0,0.0,5.0,14.4
Freiburg,Heidenheim,2026-04-19,15.8,51.0,0.0,0.0,14.4,33.5
Bayern Munich,Stuttgart,2026-04-19,11.7,62.5,0.0,0.0,15.0,36.7
Gladbach,Mainz 05,2026-04-19,9.2,72.5,0.0,0.0,10.5,19.1
RB Leipzig,Union Berlin,2026-04-24,10.0,75.0,0.0,0.0,7.2,17.3
Heidenheim,St Pauli,2026-04-25,17.8,33.5,0.0,0.0,12.8,31.0
Köln,Leverkusen,2026-04-25,16.4,41.0,0.0,0.0,8.6,25.2
Wolfsburg,Gladbach,2026-04-25,14.2,54.5,0.0,0.0,24.0,51.5
Augsburg,Eintracht Frankfurt,2026-04-25,20.1,22.5,0.0,0.0,12.8,32.0
Mainz 05,Bayern Munich,2026-04-25,19.5,18.0,0.0,0.0,14.6,34.6
Hamburger SV,Hoffenheim,2026-04-25,8.0,74.0,0.0,0.0,23.8,58.3
Stuttgart,Werder Bremen,2026-04-26,18.3,34.0,0.0,0.0,8.8,23.0
Dortmund,Freiburg,2026-04-26,14.1,31.0,0.0,0.0,7.4,22.0
Gladbach,Leverkusen,2024-08-23,18.8,92.0,1.8,0.0,11.1,33.8
Hoffenheim,Holstein Kiel,2024-08-24,33.2,30.5,0.0,0.0,15.1,38.2
Mainz 05,Union Berlin,2024-08-24,31.5,37.5,0.0,0.0,20.3,42.8
Augsburg,Werder Bremen,2024-08-24,28.6,50.5,0.0,0.0,8.0,20.2
Freiburg,Stuttgart,2024-08-24,31.7,40.0,0.0,0.0,14.6,40.0
RB Leipzig,Bochum,2024-08-24,32.8,30.5,0.0,0.0,18.1,36.0
Dortmund,Eintracht Frankfurt,2024-08-24,24.3,65.5,1.6,0.0,20.8,45.7
Wolfsburg,Bayern Munich,2024-08-25,20.8,44.5,0.0,0.0,14.0,34.2
St Pauli,Heidenheim,2024-08-25,18.2,57.5,0.0,0.0,9.2,28.1
Union Berlin,St Pauli,2024-08-30,19.1,76.0,0.5,0.0,18.5,33.8
Werder Bremen,Dortmund,2024-08-31,21.2,55.0,0.0,0.0,12.1,27.4
Eintracht Frankfurt,Hoffenheim,2024-08-31,30.4,46.0,0.0,0.0,14.0,32.0
Bochum,Gladbach,2024-08-31,23.8,63.0,0.0,0.0,20.0,37.8
Holstein Kiel,Wolfsburg,2024-08-31,17.6,58.5,0.0,0.0,12.0,26.6
Stuttgart,Mainz 05,2024-08-31,28.6,55.0,0.3,0.0,10.7,24.8
Leverkusen,RB Leipzig,2024-08-31,23.0,76.5,0.0,0.0,9.1,16.6
Heidenheim,Augsburg,2024-09-01,25.4,62.0,0.0,0.0,6.3,22.3
Bayern Munich,Freiburg,2024-09-01,23.9,73.0,0.0,0.0,6.4,13.3
Dortmund,Heidenheim,2024-09-13,9.5,85.0,0.0,0.0,9.6,17.3
RB Leipzig,Union Berlin,2024-09-14,15.5,46.5,0.0,0.0,27.1,54.7
Gladbach,Stuttgart,2024-09-14,15.1,52.5,0.0,0.0,12.6,29.5
Freiburg,Bochum,2024-09-14,13.6,57.0,0.0,0.0,10.8,26.6
Wolfsburg,Eintracht Frankfurt,2024-09-14,15.0,48.5,0.0,0.0,19.3,45.4
Hoffenheim,Leverkusen,2024-09-14,14.0,58.5,0.0,0.0,16.0,36.7
Holstein Kiel,Bayern Munich,2024-09-14,11.4,69.5,0.0,0.0,11.8,21.2
Augsburg,St Pauli,2024-09-15,12.6,53.0,0.0,0.0,14.4,33.1
Mainz 05,Werder Bremen,2024-09-15,14.6,64.0,0.0,0.0,10.9,27.7
Augsburg,Mainz 05,2024-09-20,12.8,86.0,0.0,0.0,8.0,14.8
Union Berlin,Hoffenheim,2024-09-21,21.8,43.0,0.0,0.0,12.2,27.0
Bochum,Holstein Kiel,2024-09-21,22.8,59.5,0.2,0.0,3.1,11.5
Heidenheim,Freiburg,2024-09-21,20.0,63.5,0.0,0.0,6.8,16.2
Werder Bremen,Bayern Munich,2024-09-21,22.0,56.0,0.0,0.0,10.3,27.4
Eintracht Frankfurt,Gladbach,2024-09-21,17.7,74.0,0.0,0.0,5.4,7.2
Leverkusen,Wolfsburg,2024-09-22,23.6,52.5,0.0,0.0,2.2,12.2
Stuttgart,Dortmund,2024-09-22,18.7,78.0,0.0,0.0,6.8,11.2
St Pauli,RB Leipzig,2024-09-22,15.0,84.0,0.0,0.0,7.6,13.0
Dortmund,Bochum,2024-09-27,11.2,90.0,0.1,0.0,19.8,43.6
Mainz 05,Heidenheim,2024-09-28,13.2,55.5,0.0,0.0,14.0,36.0
Freiburg,St Pauli,2024-09-28,13.3,62.0,0.0,0.0,7.2,20.5
RB Leipzig,Augsburg,2024-09-28,13.3,56.0,0.0,0.0,18.6,39.6
Gladbach,Union Berlin,2024-09-28,11.8,73.0,0.9,0.0,16.0,37.1
Wolfsburg,Stuttgart,2024-09-28,10.9,72.0,0.5,0.0,16.7,43.6
Bayern Munich,Leverkusen,2024-09-28,9.6,73.5,0.0,0.0,11.0,22.0
Holstein Kiel,Eintracht Frankfurt,2024-09-29,13.0,68.5,0.0,0.0,8.7,23.8
Hoffenheim,Werder Bremen,2024-09-29,12.0,60.5,0.0,0.0,13.8,27.4
Augsburg,Gladbach,2024-10-04,8.1,94.0,0.3,0.0,7.4,15.5
Bochum,Wolfsburg,2024-10-05,13.6,61.5,0.0,0.0,11.3,20.9
Union Berlin,Dortmund,2024-10-05,12.4,72.5,0.0,0.0,5.9,17.6
Werder Bremen,Freiburg,2024-10-05,13.2,64.0,0.0,0.0,6.8,17.3
Leverkusen,Holstein Kiel,2024-10-05,14.5,66.5,0.0,0.0,4.4,13.7
St Pauli,Mainz 05,2024-10-05,9.9,80.0,0.0,0.0,5.5,9.7
Heidenheim,RB Leipzig,2024-10-06,11.2,72.0,0.0,0.0,6.6,17.6
Eintracht Frankfurt,Bayern Munich,2024-10-06,11.2,79.5,0.0,0.0,7.8,14.8
Stuttgart,Hoffenheim,2024-10-06,12.1,78.5,1.8,0.0,8.4,16.6
Dortmund,St Pauli,2024-10-18,14.7,95.0,0.0,0.0,7.0,15.5
Leverkusen,Eintracht Frankfurt,2024-10-19,16.4,78.5,0.0,0.0,9.0,16.6
Mainz 05,RB Leipzig,2024-10-19,15.4,78.0,0.0,0.0,7.2,24.1
Freiburg,Augsburg,2024-10-19,15.6,83.0,0.0,0.0,5.3,18.7
Hoffenheim,Bochum,2024-10-19,16.2,83.5,0.0,0.0,4.3,14.8
Gladbach,Heidenheim,2024-10-19,15.8,77.5,0.2,0.0,12.2,32.0
Bayern Munich,Stuttgart,2024-10-19,13.8,91.0,0.1,0.0,6.3,11.2
Holstein Kiel,Union Berlin,2024-10-20,15.6,77.0,0.0,0.0,20.8,37.4
Wolfsburg,Werder Bremen,2024-10-20,15.4,85.5,0.0,0.0,10.6,19.4
Mainz 05,Gladbach,2024-10-25,11.6,96.0,0.0,0.0,8.4,16.9
St Pauli,Wolfsburg,2024-10-26,14.8,90.5,0.0,0.0,10.8,19.8
Stuttgart,Holstein Kiel,2024-10-26,13.7,80.0,0.0,0.0,11.6,24.8
Augsburg,Dortmund,2024-10-26,11.7,86.0,0.0,0.0,10.4,23.8
RB Leipzig,Freiburg,2024-10-26,15.5,79.0,0.0,0.0,8.6,15.8
Werder Bremen,Leverkusen,2024-10-26,13.6,92.0,0.0,0.0,9.6,17.3
Bochum,Bayern Munich,2024-10-27,14.5,87.5,0.0,0.0,7.1,19.4
Union Berlin,Eintracht Frankfurt,2024-10-27,13.2,91.0,0.0,0.0,13.4,25.9
Heidenheim,Hoffenheim,2024-10-27,10.0,94.0,0.0,0.0,8.4,10.4
Leverkusen,Stuttgart,2024-11-01,10.5,92.5,0.0,0.0,4.8,8.6
Wolfsburg,Augsburg,2024-11-02,8.3,73.0,0.0,0.0,3.8,11.2
Bayern Munich,Union Berlin,2024-11-02,8.9,77.5,0.0,0.0,7.4,19.1
Eintracht Frankfurt,Bochum,2024-11-02,12.7,76.5,0.0,0.0,9.9,19.4
Holstein Kiel,Heidenheim,2024-11-02,6.4,79.0,0.0,0.0,5.6,11.9
Hoffenheim,St Pauli,2024-11-02,11.2,77.5,0.0,0.0,11.0,25.2
Dortmund,RB Leipzig,2024-11-02,7.9,77.0,0.0,0.0,10.4,18.4
Freiburg,Mainz 05,2024-11-03,10.5,83.0,0.0,0.0,1.6,8.3
Gladbach,Werder Bremen,2024-11-03,8.4,91.0,0.0,0.0,7.8,13.3
Union Berlin,Freiburg,2024-11-08,3.6,92.5,0.0,0.0,16.8,27.7
Bochum,Leverkusen,2024-11-09,9.0,87.5,0.0,0.0,4.1,15.1
Werder Bremen,Holstein Kiel,2024-11-09,6.9,85.5,0.0,0.0,7.8,19.1
Mainz 05,Dortmund,2024-11-09,7.7,88.5,0.0,0.0,2.9,12.6
St Pauli,Bayern Munich,2024-11-09,5.9,84.5,0.0,0.0,9.5,20.2
RB Leipzig,Gladbach,2024-11-09,3.0,96.0,0.0,0.0,5.6,7.9
Augsburg,Hoffenheim,2024-11-10,3.9,92.5,0.0,0.0,5.5,14.8
Stuttgart,Eintracht Frankfurt,2024-11-10,5.2,91.0,0.0,0.0,3.9,5.0
Heidenheim,Wolfsburg,2024-11-10,3.6,94.5,0.0,0.0,2.2,6.1
Bayern Munich,Augsburg,2024-11-22,-0.8,83.5,0.1,0.1,27.2,55.1
Wolfsburg,Union Berlin,2024-11-23,3.4,78.0,0.0,0.0,17.2,34.2
Leverkusen,Heidenheim,2024-11-23,5.7,62.0,0.0,0.0,19.4,40.0
Hoffenheim,RB Leipzig,2024-11-23,4.8,60.0,0.0,0.0,12.0,23.8
Stuttgart,Bochum,2024-11-23,4.4,57.5,0.0,0.0,11.6,25.9
Dortmund,Freiburg,2024-11-23,4.9,65.0,0.0,0.0,23.1,50.8
Eintracht Frankfurt,Werder Bremen,2024-11-23,4.4,65.5,0.0,0.0,13.6,27.7
Holstein Kiel,Mainz 05,2024-11-24,14.0,64.0,0.0,0.0,28.6,56.9
Gladbach,St Pauli,2024-11-24,16.6,55.0,0.0,0.0,27.4,53.6
St Pauli,Holstein Kiel,2024-11-29,1.8,88.5,0.0,0.0,9.1,18.4
RB Leipzig,Wolfsburg,2024-11-30,2.6,83.0,0.0,0.0,9.0,17.3
Freiburg,Gladbach,2024-11-30,-1.2,96.5,0.0,0.0,1.0,7.2
Union Berlin,Leverkusen,2024-11-30,3.0,84.5,0.0,0.0,8.5,16.9
Werder Bremen,Stuttgart,2024-11-30,2.8,76.5,0.0,0.0,9.4,18.4
Augsburg,Bochum,2024-11-30,0.8,84.5,0.0,0.0,10.2,18.7
Dortmund,Bayern Munich,2024-11-30,3.2,70.5,0.0,0.0,11.6,22.7
Mainz 05,Hoffenheim,2024-12-01,-1.2,96.0,0.0,0.0,4.8,15.1
Heidenheim,Eintracht Frankfurt,2024-12-01,-3.0,86.5,0.0,0.0,6.0,11.5
Stuttgart,Union Berlin,2024-12-06,5.1,71.0,0.0,0.0,21.5,50.0
Bochum,Werder Bremen,2024-12-07,8.6,75.5,0.0,0.0,19.8,43.6
Holstein Kiel,RB Leipzig,2024-12-07,4.2,97.0,0.7,0.0,17.2,35.3
Leverkusen,St Pauli,2024-12-07,8.9,72.5,0.1,0.0,15.8,37.1
Eintracht Frankfurt,Augsburg,2024-12-07,6.1,97.0,0.1,0.0,15.4,28.8
Bayern Munich,Heidenheim,2024-12-07,5.0,74.0,0.8,0.0,10.6,20.2
Gladbach,Dortmund,2024-12-07,6.6,84.0,1.0,0.0,25.3,48.6
Wolfsburg,Mainz 05,2024-12-08,4.8,97.0,0.0,0.0,14.2,31.0
Hoffenheim,Freiburg,2024-12-08,3.8,90.5,0.0,0.0,11.3,27.0
Freiburg,Wolfsburg,2024-12-13,-1.7,94.5,0.0,0.0,1.3,3.6
Augsburg,Leverkusen,2024-12-14,1.5,88.5,0.0,0.0,18.0,36.7
Mainz 05,Bayern Munich,2024-12-14,1.0,83.5,0.0,0.0,10.8,26.6
Union Berlin,Bochum,2024-12-14,1.2,84.5,0.0,0.0,15.2,31.3
Gladbach,Holstein Kiel,2024-12-14,3.3,88.0,0.0,0.0,17.9,34.2
St Pauli,Werder Bremen,2024-12-14,4.1,96.5,0.0,0.0,16.7,35.6
Heidenheim,Stuttgart,2024-12-15,2.0,76.0,0.0,0.0,17.5,36.0
Dortmund,Hoffenheim,2024-12-15,7.7,92.0,0.1,0.0,21.3,45.0
RB Leipzig,Eintracht Frankfurt,2024-12-15,6.2,89.0,2.9,0.0,23.6,49.3
Bayern Munich,RB Leipzig,2024-12-20,-0.7,85.5,0.0,0.0,13.2,25.6
Werder Bremen,Union Berlin,2024-12-21,7.6,84.5,0.6,0.0,25.2,48.6
Eintracht Frankfurt,Mainz 05,2024-12-21,6.8,86.0,0.0,0.0,20.3,42.8
Stuttgart,St Pauli,2024-12-21,6.5,74.0,0.0,0.0,15.8,38.5
Hoffenheim,Gladbach,2024-12-21,6.2,77.5,0.0,0.0,21.6,42.5
Holstein Kiel,Augsburg,2024-12-21,6.5,89.0,0.4,0.0,24.4,49.0
Leverkusen,Freiburg,2024-12-21,7.8,87.0,1.6,0.0,20.5,38.9
Bochum,Heidenheim,2024-12-22,2.8,80.0,0.0,0.0,17.4,39.2
Wolfsburg,Dortmund,2024-12-22,3.4,86.5,0.0,0.0,20.0,40.7
Dortmund,Leverkusen,2025-01-10,-0.2,93.0,0.0,0.0,12.5,27.0
Mainz 05,Bochum,2025-01-11,0.3,78.0,0.0,0.0,9.4,22.3
St Pauli,Eintracht Frankfurt,2025-01-11,0.4,75.0,0.0,0.0,17.6,40.3
Heidenheim,Union Berlin,2025-01-11,-2.2,73.0,0.0,0.0,12.0,27.4
Freiburg,Holstein Kiel,2025-01-11,0.6,81.0,0.0,0.0,10.1,24.5
Hoffenheim,Wolfsburg,2025-01-11,-0.4,82.5,0.0,0.0,8.6,19.4
Gladbach,Bayern Munich,2025-01-11,-0.6,95.5,0.0,0.0,13.0,24.8
RB Leipzig,Werder Bremen,2025-01-12,-1.0,83.5,0.0,0.0,11.6,30.6
Augsburg,Stuttgart,2025-01-12,-2.9,75.0,0.0,0.0,8.4,15.1
Holstein Kiel,Dortmund,2025-01-14,4.2,100.0,0.0,0.0,15.0,27.7
Wolfsburg,Gladbach,2025-01-14,1.7,92.0,0.2,0.0,18.6,35.3
Leverkusen,Mainz 05,2025-01-14,1.4,77.5,0.0,0.0,2.6,8.6
Eintracht Frankfurt,Freiburg,2025-01-14,-1.1,72.5,0.0,0.0,8.4,16.2
Bochum,St Pauli,2025-01-15,1.8,99.0,0.0,0.0,3.8,5.8
Union Berlin,Augsburg,2025-01-15,2.2,100.0,0.0,0.0,3.4,11.2
Stuttgart,RB Leipzig,2025-01-15,0.4,95.0,0.0,0.0,0.6,4.0
Werder Bremen,Heidenheim,2025-01-15,4.4,100.0,0.0,0.0,5.3,10.4
Bayern Munich,Hoffenheim,2025-01-15,0.0,98.0,0.2,0.0,4.6,10.4
Eintracht Frankfurt,Dortmund,2025-01-17,-2.2,93.0,0.0,0.0,6.0,12.2
Stuttgart,Freiburg,2025-01-18,1.0,80.0,0.0,0.0,4.0,13.7
Bochum,RB Leipzig,2025-01-18,0.0,81.0,0.0,0.0,4.7,13.3
Bayern Munich,Wolfsburg,2025-01-18,-1.0,74.0,0.0,0.0,2.2,11.2
Holstein Kiel,Hoffenheim,2025-01-18,0.6,93.5,0.0,0.0,4.9,10.4
Heidenheim,St Pauli,2025-01-18,-3.0,85.5,0.0,0.0,5.6,19.8
Leverkusen,Gladbach,2025-01-18,0.2,81.0,0.0,0.0,8.2,16.2
Union Berlin,Mainz 05,2025-01-19,2.8,74.0,0.0,0.0,10.6,20.5
Werder Bremen,Augsburg,2025-01-19,-1.0,86.5,0.0,0.0,6.6,11.9
Wolfsburg,Holstein Kiel,2025-01-24,6.8,87.0,0.4,0.0,19.2,40.0
Mainz 05,Stuttgart,2025-01-25,11.0,83.0,0.7,0.0,6.8,25.9
RB Leipzig,Leverkusen,2025-01-25,12.4,55.5,0.0,0.0,14.6,35.3
Freiburg,Bayern Munich,2025-01-25,13.2,68.5,0.0,0.0,5.9,18.7
Augsburg,Heidenheim,2025-01-25,9.8,64.0,0.0,0.0,2.4,4.0
Dortmund,Werder Bremen,2025-01-25,7.2,90.5,0.0,0.0,6.0,19.4
Gladbach,Bochum,2025-01-25,6.9,96.0,0.5,0.0,2.8,5.0
Hoffenheim,Eintracht Frankfurt,2025-01-26,5.0,72.0,0.0,0.0,3.6,27.7
St Pauli,Union Berlin,2025-01-26,2.8,95.5,0.0,0.0,6.6,15.5
Werder Bremen,Mainz 05,2025-01-31,0.6,91.0,0.0,0.0,6.6,12.2
St Pauli,Augsburg,2025-02-01,2.7,91.5,0.0,0.0,3.4,11.5
Bochum,Freiburg,2025-02-01,3.3,78.0,0.0,0.0,7.6,20.5
Heidenheim,Dortmund,2025-02-01,1.3,62.5,0.0,0.0,11.0,28.4
Stuttgart,Gladbach,2025-02-01,3.4,65.0,0.0,0.0,7.0,20.9
Bayern Munich,Holstein Kiel,2025-02-01,2.9,70.5,0.0,0.0,10.6,31.0
Union Berlin,RB Leipzig,2025-02-01,2.8,90.0,0.0,0.0,6.4,13.0
Eintracht Frankfurt,Wolfsburg,2025-02-02,2.6,63.5,0.0,0.0,4.4,15.1
Leverkusen,Hoffenheim,2025-02-02,0.6,73.0,0.0,0.0,5.6,11.5
Bayern Munich,Werder Bremen,2025-02-07,-0.4,82.5,0.0,0.0,9.4,18.4
Wolfsburg,Leverkusen,2025-02-08,4.0,72.5,0.0,0.0,13.1,32.4
Hoffenheim,Union Berlin,2025-02-08,6.6,65.0,0.0,0.0,12.8,26.6
Dortmund,Stuttgart,2025-02-08,6.7,74.5,0.0,0.0,6.0,15.1
Freiburg,Heidenheim,2025-02-08,2.6,66.5,0.0,0.0,2.6,8.6
Mainz 05,Augsburg,2025-02-08,5.2,70.0,0.0,0.0,8.3,21.2
Gladbach,Eintracht Frankfurt,2025-02-08,4.3,74.0,0.0,0.0,10.6,19.4
Holstein Kiel,Bochum,2025-02-09,2.6,80.0,0.0,0.0,17.8,40.7
RB Leipzig,St Pauli,2025-02-09,0.5,74.0,0.0,0.0,7.9,15.1
Augsburg,RB Leipzig,2025-02-14,-1.6,79.5,0.0,0.0,2.1,5.0
Union Berlin,Gladbach,2025-02-15,-0.8,75.0,0.0,0.0,1.5,11.2
Stuttgart,Wolfsburg,2025-02-15,0.5,71.5,0.0,0.0,4.1,16.9
Bochum,Dortmund,2025-02-15,1.8,64.0,0.0,0.0,5.6,15.8
St Pauli,Freiburg,2025-02-15,1.2,64.5,0.0,0.0,2.7,12.2
Leverkusen,Bayern Munich,2025-02-15,1.0,68.5,0.0,0.0,6.0,12.2
Werder Bremen,Hoffenheim,2025-02-16,0.9,51.0,0.0,0.0,12.4,29.2
Eintracht Frankfurt,Holstein Kiel,2025-02-16,0.7,65.5,0.0,0.0,7.9,16.9
Heidenheim,Mainz 05,2025-02-16,-3.2,84.5,0.0,0.0,9.3,19.4
Freiburg,Werder Bremen,2025-02-21,4.6,89.5,0.0,0.0,1.5,4.0
Holstein Kiel,Leverkusen,2025-02-22,10.6,78.5,0.0,0.0,11.4,22.0
Mainz 05,St Pauli,2025-02-22,12.2,76.0,0.0,0.0,10.6,29.9
Gladbach,Augsburg,2025-02-22,13.2,72.0,0.1,0.0,17.0,33.8
Wolfsburg,Bochum,2025-02-22,12.4,68.0,0.0,0.0,9.4,18.4
Dortmund,Union Berlin,2025-02-22,11.6,80.0,0.1,0.0,15.6,34.9
RB Leipzig,Heidenheim,2025-02-23,11.0,73.5,0.0,0.0,5.6,21.2
Bayern Munich,Eintracht Frankfurt,2025-02-23,6.1,87.0,0.0,0.0,2.6,4.7
Hoffenheim,Stuttgart,2025-02-23,5.2,90.0,0.0,0.0,5.4,9.7
Stuttgart,Bayern Munich,2025-02-28,1.3,91.5,0.0,0.0,0.6,3.6
RB Leipzig,Mainz 05,2025-03-01,5.7,67.5,0.0,0.0,7.6,22.7
Heidenheim,Gladbach,2025-03-01,3.6,61.0,0.0,0.0,14.8,34.6
Werder Bremen,Wolfsburg,2025-03-01,6.6,68.0,0.0,0.0,9.7,25.2
St Pauli,Dortmund,2025-03-01,5.2,79.0,0.0,0.0,9.8,26.3
Bochum,Hoffenheim,2025-03-01,6.1,68.0,0.0,0.0,7.2,21.6
Eintracht Frankfurt,Leverkusen,2025-03-01,4.2,78.0,0.0,0.0,10.4,20.9
Union Berlin,Holstein Kiel,2025-03-02,6.7,71.0,0.0,0.0,9.8,27.7
Augsburg,Freiburg,2025-03-02,3.0,74.5,0.0,0.0,11.6,24.5
Gladbach,Mainz 05,2025-03-07,7.7,74.0,0.0,0.0,7.2,10.8
Wolfsburg,St Pauli,2025-03-08,14.2,52.5,0.0,0.0,11.1,24.5
Holstein Kiel,Stuttgart,2025-03-08,14.8,54.5,0.0,0.0,8.6,18.7
Dortmund,Augsburg,2025-03-08,16.7,48.5,0.0,0.0,12.0,26.3
Bayern Munich,Bochum,2025-03-08,14.2,48.5,0.0,0.0,4.5,13.7
Leverkusen,Werder Bremen,2025-03-08,17.4,45.5,0.0,0.0,6.1,17.6
Freiburg,RB Leipzig,2025-03-08,7.7,73.0,0.0,0.0,2.8,5.4
Eintracht Frankfurt,Union Berlin,2025-03-09,15.8,46.5,0.0,0.0,6.6,17.6
Hoffenheim,Heidenheim,2025-03-09,12.0,63.5,0.0,0.0,12.4,23.4
St Pauli,Hoffenheim,2025-03-14,1.4,88.5,0.0,0.0,10.6,26.3
Augsburg,Wolfsburg,2025-03-15,5.0,74.0,0.0,0.0,20.4,49.3
Werder Bremen,Gladbach,2025-03-15,6.8,53.5,0.0,0.0,10.9,27.0
Union Berlin,Bayern Munich,2025-03-15,6.8,66.5,0.0,0.0,8.4,23.4
Mainz 05,Freiburg,2025-03-15,7.0,62.0,0.0,0.0,18.9,46.1
RB Leipzig,Dortmund,2025-03-15,4.9,65.0,0.0,0.0,13.8,28.4
Bochum,Eintracht Frankfurt,2025-03-16,7.6,51.5,0.0,0.0,11.0,27.7
Heidenheim,Holstein Kiel,2025-03-16,5.2,62.0,0.0,0.0,8.2,19.8
Stuttgart,Leverkusen,2025-03-16,5.6,61.0,0.0,0.0,8.4,19.8
Leverkusen,Bochum,2025-03-28,8.4,83.0,0.0,0.0,3.2,13.0
Bayern Munich,St Pauli,2025-03-29,9.6,73.0,0.0,0.0,12.1,26.3
Holstein Kiel,Werder Bremen,2025-03-29,11.2,56.5,0.0,0.0,17.2,38.9
Hoffenheim,Augsburg,2025-03-29,12.4,57.0,0.0,0.0,17.1,38.9
Wolfsburg,Heidenheim,2025-03-29,12.6,46.5,0.0,0.0,14.2,33.1
Gladbach,RB Leipzig,2025-03-29,11.7,50.0,0.0,0.0,12.7,31.0
Eintracht Frankfurt,Stuttgart,2025-03-29,8.8,65.5,0.0,0.0,6.2,15.8
Freiburg,Union Berlin,2025-03-30,13.2,57.5,0.0,0.0,13.6,32.0
Dortmund,Mainz 05,2025-03-30,9.4,71.0,0.2,0.0,19.8,45.4
Augsburg,Bayern Munich,2025-04-04,8.0,75.5,0.0,0.0,4.4,11.5
Freiburg,Dortmund,2025-04-05,20.2,44.5,0.0,0.0,8.6,20.2
Mainz 05,Holstein Kiel,2025-04-05,16.8,49.5,0.0,0.0,13.9,30.2
Heidenheim,Leverkusen,2025-04-05,15.9,46.0,0.0,0.0,14.5,32.0
Bochum,Stuttgart,2025-04-05,14.6,35.5,0.0,0.0,18.2,43.6
RB Leipzig,Hoffenheim,2025-04-05,10.6,39.5,0.0,0.0,19.6,50.0
Werder Bremen,Eintracht Frankfurt,2025-04-05,6.9,55.5,0.0,0.0,12.7,33.8
St Pauli,Gladbach,2025-04-06,8.8,40.5,0.0,0.0,9.4,25.2
Union Berlin,Wolfsburg,2025-04-06,4.5,54.5,0.0,0.0,10.2,37.1
Wolfsburg,RB Leipzig,2025-04-11,9.8,84.5,0.0,0.0,11.0,22.7
Gladbach,Freiburg,2025-04-12,21.2,40.5,0.0,0.0,17.2,34.9
Bochum,Augsburg,2025-04-12,23.6,24.0,0.0,0.0,14.0,35.6
Leverkusen,Union Berlin,2025-04-12,22.7,29.5,0.0,0.0,16.4,36.7
Holstein Kiel,St Pauli,2025-04-12,16.3,61.0,0.0,0.0,4.9,16.2
Hoffenheim,Mainz 05,2025-04-12,20.6,45.5,0.0,0.0,9.4,23.4
Bayern Munich,Dortmund,2025-04-12,11.6,78.0,0.0,0.0,7.0,13.0
Stuttgart,Werder Bremen,2025-04-13,17.8,52.5,0.1,0.0,7.1,19.4
Eintracht Frankfurt,Heidenheim,2025-04-13,17.5,54.5,0.0,0.0,13.4,38.5
Heidenheim,Bayern Munich,2025-04-19,16.5,52.0,0.0,0.0,8.6,23.4
Mainz 05,Wolfsburg,2025-04-19,15.8,50.0,0.0,0.0,4.1,17.3
RB Leipzig,Holstein Kiel,2025-04-19,11.8,65.5,0.0,0.0,4.2,15.1
Freiburg,Hoffenheim,2025-04-19,18.5,55.0,0.0,0.0,7.1,17.3
Werder Bremen,Bochum,2025-04-19,12.7,58.0,0.0,0.0,8.2,23.8
Union Berlin,Stuttgart,2025-04-19,9.5,79.0,0.0,0.0,4.4,15.1
Augsburg,Eintracht Frankfurt,2025-04-20,15.7,60.5,0.0,0.0,22.9,51.8
Dortmund,Gladbach,2025-04-20,14.2,89.5,1.1,0.0,5.4,15.1
St Pauli,Leverkusen,2025-04-20,10.7,80.0,0.0,0.0,4.2,11.5
Stuttgart,Heidenheim,2025-04-25,10.8,85.0,0.0,0.0,8.0,16.6
Wolfsburg,Freiburg,2025-04-26,14.9,48.5,0.0,0.0,14.0,34.2
Holstein Kiel,Gladbach,2025-04-26,14.5,51.5,0.0,0.0,12.1,27.4
Leverkusen,Augsburg,2025-04-26,19.4,40.0,0.0,0.0,6.4,17.6
Bayern Munich,Mainz 05,2025-04-26,14.0,53.5,0.0,0.0,17.3,43.6
Hoffenheim,Dortmund,2025-04-26,15.4,66.0,0.1,0.0,12.2,25.2
Eintracht Frankfurt,RB Leipzig,2025-04-26,15.0,56.5,0.0,0.0,10.8,20.5
Bochum,Union Berlin,2025-04-27,18.8,48.0,0.0,0.0,4.6,16.6
Werder Bremen,St Pauli,2025-04-27,15.4,56.0,0.0,0.0,2.1,13.7
Heidenheim,Bochum,2025-05-02,16.5,69.0,0.0,0.0,8.0,14.4
Gladbach,Hoffenheim,2025-05-03,15.0,89.5,2.0,0.0,11.0,27.4
RB Leipzig,Bayern Munich,2025-05-03,16.3,81.5,0.1,0.0,4.3,18.0
St Pauli,Stuttgart,2025-05-03,16.1,44.5,0.0,0.0,13.7,34.9
Union Berlin,Werder Bremen,2025-05-03,16.5,50.0,0.0,0.0,6.8,26.3
Dortmund,Wolfsburg,2025-05-03,14.3,59.5,0.0,0.0,13.7,30.6
Augsburg,Holstein Kiel,2025-05-04,10.4,79.5,0.0,0.0,8.0,24.1
Freiburg,Leverkusen,2025-05-04,11.0,81.5,0.6,0.0,12.5,33.5
Mainz 05,Eintracht Frankfurt,2025-05-04,10.4,73.5,0.0,0.0,6.4,17.3
Wolfsburg,Hoffenheim,2025-05-09,11.8,51.5,0.0,0.0,7.4,14.4
Bochum,Mainz 05,2025-05-10,21.2,27.5,0.0,0.0,12.8,33.8
Union Berlin,Heidenheim,2025-05-10,17.7,46.0,0.0,0.0,11.3,29.2
Holstein Kiel,Freiburg,2025-05-10,16.3,48.5,0.0,0.0,10.2,27.0
Werder Bremen,RB Leipzig,2025-05-10,18.2,53.5,0.0,0.0,10.0,24.5
Bayern Munich,Gladbach,2025-05-10,11.9,67.0,0.0,0.0,5.6,17.3
Leverkusen,Dortmund,2025-05-11,24.2,28.0,0.0,0.0,12.0,30.2
Eintracht Frankfurt,St Pauli,2025-05-11,23.2,23.0,0.0,0.0,11.8,32.8
Stuttgart,Augsburg,2025-05-11,18.2,34.0,0.0,0.0,11.4,31.7
Freiburg,Eintracht Frankfurt,2025-05-17,19.0,36.5,0.0,0.0,11.3,33.1
St Pauli,Bochum,2025-05-17,18.3,39.5,0.1,0.0,13.6,33.8
Dortmund,Holstein Kiel,2025-05-17,18.4,32.5,0.0,0.0,14.4,35.3
Heidenheim,Werder Bremen,2025-05-17,14.5,44.0,0.0,0.0,16.8,38.5
RB Leipzig,Stuttgart,2025-05-17,15.9,43.5,0.2,0.0,21.0,55.1
Augsburg,Union Berlin,2025-05-17,16.0,37.0,0.0,0.0,15.6,37.4
Gladbach,Wolfsburg,2025-05-17,17.8,41.5,0.0,0.0,12.4,29.2
Hoffenheim,Bayern Munich,2025-05-17,17.4,42.0,0.0,0.0,14.2,32.8
Mainz 05,Leverkusen,2025-05-17,18.0,36.5,0.0,0.0,13.8,34.6
Werder Bremen,Bayern Munich,2023-08-18,21.0,92.5,0.0,0.0,8.1,18.7
Wolfsburg,Heidenheim,2023-08-19,31.2,47.0,0.0,0.0,10.1,23.8
Stuttgart,Bochum,2023-08-19,29.3,51.0,0.0,0.0,9.1,27.0
Augsburg,Gladbach,2023-08-19,31.0,40.0,0.0,0.0,4.9,14.0
Hoffenheim,Freiburg,2023-08-19,28.8,57.0,0.0,0.0,8.4,20.2
Leverkusen,RB Leipzig,2023-08-19,25.4,78.0,0.1,0.0,10.2,22.7
Dortmund,Köln,2023-08-19,22.0,92.5,0.0,0.0,5.4,13.3
Union Berlin,Mainz 05,2023-08-20,28.4,42.0,0.0,0.0,12.9,25.2
Eintracht Frankfurt,Darmstadt 98,2023-08-20,28.2,69.5,0.0,0.0,4.0,9.7
RB Leipzig,Stuttgart,2023-08-25,21.2,83.5,0.0,0.0,11.9,21.6
Freiburg,Werder Bremen,2023-08-26,20.2,67.0,0.0,0.0,8.5,22.7
Bochum,Dortmund,2023-08-26,20.8,50.5,0.0,0.0,15.4,38.2
Heidenheim,Hoffenheim,2023-08-26,17.4,92.5,5.8,0.0,8.7,21.2
Köln,Wolfsburg,2023-08-26,21.6,48.0,0.0,0.0,14.2,30.6
Darmstadt 98,Union Berlin,2023-08-26,22.2,49.0,0.0,0.0,11.5,25.6
Gladbach,Leverkusen,2023-08-26,17.0,76.5,0.0,0.0,5.4,24.5
Mainz 05,Eintracht Frankfurt,2023-08-27,20.3,50.5,0.0,0.0,13.2,29.2
Bayern Munich,Augsburg,2023-08-27,15.8,90.5,0.9,0.0,7.6,15.5
Dortmund,Heidenheim,2023-09-01,14.8,96.0,0.0,0.0,6.1,9.4
Augsburg,Bochum,2023-09-02,23.8,55.0,0.0,0.0,6.7,19.4
Stuttgart,Freiburg,2023-09-02,25.5,51.0,0.0,0.0,7.3,17.3
Hoffenheim,Wolfsburg,2023-09-02,25.2,53.5,0.0,0.0,5.8,18.0
Werder Bremen,Mainz 05,2023-09-02,20.8,62.5,0.0,0.0,5.8,14.0
Leverkusen,Darmstadt 98,2023-09-02,21.0,78.5,0.1,0.0,9.4,27.7
Gladbach,Bayern Munich,2023-09-02,18.6,89.0,0.0,0.0,6.6,13.0
Eintracht Frankfurt,Köln,2023-09-03,22.8,58.5,0.0,0.0,10.0,21.6
Union Berlin,RB Leipzig,2023-09-03,18.6,59.5,0.0,0.0,8.1,21.2
Bayern Munich,Leverkusen,2023-09-15,16.2,80.0,0.0,0.0,8.8,15.8
RB Leipzig,Augsburg,2023-09-16,24.9,48.5,0.0,0.0,4.0,16.6
Wolfsburg,Union Berlin,2023-09-16,23.7,56.0,0.0,0.0,6.6,18.4
Köln,Hoffenheim,2023-09-16,24.9,60.5,0.0,0.0,2.5,15.5
Freiburg,Dortmund,2023-09-16,22.2,77.5,1.1,0.0,9.4,29.5
Mainz 05,Stuttgart,2023-09-16,25.0,59.0,0.0,0.0,3.3,13.3
Bochum,Eintracht Frankfurt,2023-09-16,20.2,85.0,0.0,0.0,7.2,10.1
Heidenheim,Werder Bremen,2023-09-17,24.2,56.0,0.0,0.0,7.6,18.7
Darmstadt 98,Gladbach,2023-09-17,24.0,68.5,0.0,0.0,5.2,12.2
Stuttgart,Darmstadt 98,2023-09-22,14.0,75.5,0.0,0.0,11.8,29.5
Union Berlin,Hoffenheim,2023-09-23,18.2,48.5,0.0,0.0,20.2,40.7
Dortmund,Wolfsburg,2023-09-23,15.6,65.5,0.0,0.0,17.7,40.7
Augsburg,Mainz 05,2023-09-23,14.2,63.5,0.0,0.0,8.1,24.5
Gladbach,RB Leipzig,2023-09-23,16.0,64.0,0.0,0.0,17.6,39.2
Bayern Munich,Bochum,2023-09-23,14.3,60.0,0.0,0.0,9.8,25.2
Werder Bremen,Köln,2023-09-23,13.6,86.5,0.0,0.0,10.9,22.3
Leverkusen,Heidenheim,2023-09-24,19.0,56.5,0.0,0.0,12.2,24.1
Eintracht Frankfurt,Freiburg,2023-09-24,16.0,60.0,0.0,0.0,8.6,17.3
Hoffenheim,Dortmund,2023-09-29,17.1,84.5,0.0,0.0,14.6,31.0
Köln,Stuttgart,2023-09-30,18.5,59.0,0.0,0.0,5.0,11.5
Wolfsburg,Eintracht Frankfurt,2023-09-30,18.0,56.5,0.0,0.0,11.2,31.3
Bochum,Gladbach,2023-09-30,17.8,66.0,0.0,0.0,8.5,19.8
Heidenheim,Union Berlin,2023-09-30,17.2,61.0,0.0,0.0,7.4,20.2
Mainz 05,Leverkusen,2023-09-30,18.9,56.0,0.0,0.0,1.5,8.3
RB Leipzig,Bayern Munich,2023-09-30,14.2,68.5,0.0,0.0,7.0,11.9
Darmstadt 98,Werder Bremen,2023-10-01,21.2,58.5,0.0,0.0,5.2,18.0
Freiburg,Augsburg,2023-10-01,20.4,63.0,0.0,0.0,1.6,3.2
Gladbach,Mainz 05,2023-10-06,15.0,79.5,0.0,0.0,18.7,35.6
Augsburg,Darmstadt 98,2023-10-07,17.2,53.0,0.0,0.0,13.1,30.6
Stuttgart,Wolfsburg,2023-10-07,19.2,50.5,0.0,0.0,6.5,20.2
RB Leipzig,Bochum,2023-10-07,18.6,68.0,0.0,0.0,24.8,46.8
Dortmund,Union Berlin,2023-10-07,19.6,69.5,0.0,0.0,23.0,46.8
Werder Bremen,Hoffenheim,2023-10-07,17.0,84.5,0.2,0.0,24.1,47.5
Leverkusen,Köln,2023-10-08,19.6,77.0,0.0,0.0,2.8,12.2
Bayern Munich,Freiburg,2023-10-08,16.6,72.0,0.0,0.0,5.2,8.6
Eintracht Frankfurt,Heidenheim,2023-10-08,13.6,95.0,0.0,0.0,4.0,13.7
Dortmund,Werder Bremen,2023-10-20,13.0,88.0,0.0,0.0,19.2,36.7
Wolfsburg,Leverkusen,2023-10-21,15.4,69.0,0.0,0.0,13.6,30.6
Freiburg,Bochum,2023-10-21,16.0,55.0,0.0,0.0,11.3,33.1
Union Berlin,Stuttgart,2023-10-21,15.0,79.5,0.0,0.0,9.0,23.0
Darmstadt 98,RB Leipzig,2023-10-21,15.9,58.5,0.0,0.0,12.2,36.0
Hoffenheim,Eintracht Frankfurt,2023-10-21,15.8,60.5,0.0,0.0,7.9,27.7
Mainz 05,Bayern Munich,2023-10-21,12.5,67.5,0.0,0.0,10.3,23.0
Köln,Gladbach,2023-10-22,14.2,77.0,0.0,0.0,9.6,26.3
Heidenheim,Augsburg,2023-10-22,9.8,71.0,0.0,0.0,7.5,15.1
Bochum,Mainz 05,2023-10-27,9.6,92.0,0.0,0.0,13.4,26.6
Stuttgart,Hoffenheim,2023-10-28,13.6,62.5,0.0,0.0,11.3,22.3
Gladbach,Heidenheim,2023-10-28,13.0,73.5,0.0,0.0,16.2,37.4
Werder Bremen,Union Berlin,2023-10-28,11.2,90.0,0.0,0.0,10.2,19.1
Augsburg,Wolfsburg,2023-10-28,12.8,59.0,0.0,0.0,9.7,25.6
Bayern Munich,Darmstadt 98,2023-10-28,13.2,67.5,0.0,0.0,4.6,19.8
RB Leipzig,Köln,2023-10-28,10.7,83.0,0.3,0.0,18.1,33.8
Eintracht Frankfurt,Dortmund,2023-10-29,13.3,91.0,2.4,0.0,18.2,45.0
Leverkusen,Freiburg,2023-10-29,13.8,74.0,0.0,0.0,20.2,39.2
Darmstadt 98,Bochum,2023-11-03,6.4,85.0,0.0,0.0,15.4,29.2
Freiburg,Gladbach,2023-11-04,10.6,71.5,0.8,0.0,27.6,54.7
Mainz 05,RB Leipzig,2023-11-04,8.4,89.5,2.2,0.0,19.1,41.0
Köln,Augsburg,2023-11-04,10.0,81.5,1.4,0.0,26.8,52.6
Union Berlin,Eintracht Frankfurt,2023-11-04,9.6,68.5,0.0,0.0,17.5,32.8
Hoffenheim,Leverkusen,2023-11-04,8.9,71.5,0.2,0.0,22.3,42.8
Dortmund,Bayern Munich,2023-11-04,9.4,86.0,1.8,0.0,25.5,56.5
Wolfsburg,Werder Bremen,2023-11-05,10.1,88.5,2.0,0.0,16.0,33.1
Heidenheim,Stuttgart,2023-11-05,7.8,84.0,1.5,0.0,29.2,59.0
Gladbach,Wolfsburg,2023-11-10,7.2,94.0,4.9,0.0,4.6,16.6
Stuttgart,Dortmund,2023-11-11,7.0,65.0,0.0,0.0,11.9,42.8
Augsburg,Hoffenheim,2023-11-11,5.2,62.5,0.0,0.0,13.6,36.0
Darmstadt 98,Mainz 05,2023-11-11,7.4,73.5,0.0,0.0,12.7,26.3
Bayern Munich,Heidenheim,2023-11-11,5.4,67.5,0.0,0.0,12.4,38.9
Bochum,Köln,2023-11-11,5.6,93.0,0.0,0.0,16.6,29.5
Leverkusen,Union Berlin,2023-11-12,8.7,81.5,0.1,0.0,7.7,13.7
Werder Bremen,Eintracht Frankfurt,2023-11-12,6.5,92.0,0.2,0.0,10.6,19.8
RB Leipzig,Freiburg,2023-11-12,5.2,77.5,0.0,0.0,10.4,18.7
Köln,Bayern Munich,2023-11-24,3.8,81.0,0.3,0.0,28.0,55.4
Dortmund,Gladbach,2023-11-25,4.0,92.5,2.9,1.0,15.3,36.0
Union Berlin,Augsburg,2023-11-25,1.7,88.0,0.0,0.0,13.2,23.8
Freiburg,Darmstadt 98,2023-11-25,3.6,73.0,1.7,0.9,10.0,21.2
Wolfsburg,RB Leipzig,2023-11-25,2.3,87.0,0.1,0.0,12.6,26.3
Werder Bremen,Leverkusen,2023-11-25,3.8,72.5,0.0,0.0,15.6,29.5
Eintracht Frankfurt,Stuttgart,2023-11-25,4.2,87.5,1.1,0.1,17.2,33.8
Heidenheim,Bochum,2023-11-26,0.2,92.0,0.0,0.0,15.4,34.6
Hoffenheim,Mainz 05,2023-11-26,3.6,90.5,0.0,0.0,17.6,34.6
Darmstadt 98,Köln,2023-12-01,-0.2,80.5,0.0,0.0,15.4,29.9
RB Leipzig,Heidenheim,2023-12-02,-3.8,87.5,0.0,0.0,9.2,22.0
Gladbach,Hoffenheim,2023-12-02,-0.9,84.5,0.0,0.0,8.4,18.4
Bochum,Wolfsburg,2023-12-02,-0.4,79.5,0.0,0.0,12.4,24.8
Stuttgart,Werder Bremen,2023-12-02,-3.0,73.5,0.0,0.0,12.6,25.9
Mainz 05,Freiburg,2023-12-03,-2.6,84.5,0.0,0.0,5.9,19.8
Leverkusen,Dortmund,2023-12-03,0.6,69.0,0.1,0.1,18.8,33.8
Augsburg,Eintracht Frankfurt,2023-12-03,-10.4,92.5,0.0,0.0,10.0,15.8
Hoffenheim,Bochum,2023-12-08,4.0,100.0,0.0,0.0,10.6,20.2
Werder Bremen,Augsburg,2023-12-09,6.2,87.0,0.1,0.0,20.2,38.5
Heidenheim,Darmstadt 98,2023-12-09,3.0,95.5,0.1,0.0,12.3,25.6
Wolfsburg,Freiburg,2023-12-09,4.8,91.0,0.0,0.0,14.7,29.2
Union Berlin,Gladbach,2023-12-09,2.4,95.5,0.0,0.0,12.8,21.2
Eintracht Frankfurt,Bayern Munich,2023-12-09,6.6,89.5,1.3,0.0,18.8,34.9
Dortmund,RB Leipzig,2023-12-09,7.2,86.5,1.2,0.0,33.1,69.8
Stuttgart,Leverkusen,2023-12-10,8.3,72.5,0.0,0.0,13.0,30.6
Köln,Mainz 05,2023-12-10,8.6,80.0,2.0,0.0,18.6,34.2
Gladbach,Werder Bremen,2023-12-15,4.4,92.5,0.0,0.0,12.0,22.0
Darmstadt 98,Wolfsburg,2023-12-16,4.6,86.5,0.0,0.0,11.1,21.6
Augsburg,Dortmund,2023-12-16,3.0,90.5,0.0,0.0,6.6,10.4
Mainz 05,Heidenheim,2023-12-16,4.6,82.5,0.0,0.0,6.4,15.1
Bochum,Union Berlin,2023-12-16,7.8,83.5,0.0,0.0,20.8,40.0
RB Leipzig,Hoffenheim,2023-12-16,5.6,78.0,0.0,0.0,17.0,32.0
Freiburg,Köln,2023-12-17,3.9,89.0,0.0,0.0,2.8,6.5
Leverkusen,Eintracht Frankfurt,2023-12-17,4.8,96.0,0.0,0.0,7.4,13.3
Bayern Munich,Stuttgart,2023-12-17,-0.4,90.5,0.0,0.0,4.8,8.6
Werder Bremen,RB Leipzig,2023-12-19,7.8,94.5,2.7,0.0,15.0,28.4
Hoffenheim,Darmstadt 98,2023-12-19,4.6,87.5,0.3,0.0,21.2,41.0
Dortmund,Mainz 05,2023-12-19,6.8,96.5,1.8,0.0,14.8,36.4
Union Berlin,Köln,2023-12-20,4.1,89.0,0.0,0.0,23.3,40.7
Stuttgart,Augsburg,2023-12-20,5.0,73.5,0.0,0.0,19.0,37.8
Leverkusen,Bochum,2023-12-20,7.6,85.5,0.1,0.0,23.0,42.1
Eintracht Frankfurt,Gladbach,2023-12-20,6.3,82.5,0.0,0.0,23.0,42.8
Heidenheim,Freiburg,2023-12-20,2.1,79.5,0.2,0.1,19.4,44.6
Wolfsburg,Bayern Munich,2023-12-20,5.8,92.5,1.3,0.0,21.0,42.8
Bayern Munich,Hoffenheim,2024-01-12,-4.2,91.0,0.0,0.0,4.3,12.6
Freiburg,Union Berlin,2024-01-13,-2.4,87.0,0.0,0.0,4.1,12.6
Köln,Heidenheim,2024-01-13,1.5,88.0,0.0,0.0,17.2,30.2
RB Leipzig,Eintracht Frankfurt,2024-01-13,1.2,82.0,0.0,0.0,23.2,41.8
Mainz 05,Wolfsburg,2024-01-13,0.5,78.0,0.0,0.0,13.0,27.0
Augsburg,Leverkusen,2024-01-13,-2.6,81.5,0.0,0.0,11.0,27.0
Darmstadt 98,Dortmund,2024-01-13,-0.6,77.0,0.0,0.0,14.2,31.0
Bochum,Werder Bremen,2024-01-14,-0.3,92.5,0.0,0.0,18.5,36.4
Gladbach,Stuttgart,2024-01-14,-0.6,87.5,0.0,0.0,20.8,40.0
Köln,Dortmund,2024-01-20,-2.0,78.0,0.0,0.0,11.4,19.8
Bochum,Stuttgart,2024-01-20,-1.0,62.0,0.0,0.0,14.3,25.9
Freiburg,Hoffenheim,2024-01-20,-3.3,75.0,0.0,0.0,6.6,14.0
Darmstadt 98,Eintracht Frankfurt,2024-01-20,-4.8,89.5,0.0,0.0,3.7,6.8
Heidenheim,Wolfsburg,2024-01-20,-3.6,71.5,0.0,0.0,5.9,15.1
RB Leipzig,Leverkusen,2024-01-20,-3.5,78.5,0.0,0.0,14.0,26.3
Bayern Munich,Werder Bremen,2024-01-21,2.3,49.0,0.0,0.0,9.2,17.3
Gladbach,Augsburg,2024-01-21,4.2,86.5,0.0,0.0,25.6,49.7
Bayern Munich,Union Berlin,2024-01-24,6.5,78.5,0.0,0.0,25.6,54.7
Eintracht Frankfurt,Mainz 05,2024-01-26,4.2,82.0,0.0,0.0,12.5,22.3
Stuttgart,RB Leipzig,2024-01-27,5.1,73.5,0.0,0.0,5.6,15.1
Hoffenheim,Heidenheim,2024-01-27,4.9,72.5,0.0,0.0,7.8,16.6
Wolfsburg,Köln,2024-01-27,5.6,76.5,0.0,0.0,13.6,32.4
Augsburg,Bayern Munich,2024-01-27,2.7,73.0,0.0,0.0,6.2,11.2
Werder Bremen,Freiburg,2024-01-27,6.0,79.5,0.0,0.0,11.4,27.7
Leverkusen,Gladbach,2024-01-27,2.5,82.0,0.0,0.0,9.9,16.6
Union Berlin,Darmstadt 98,2024-01-28,4.2,79.5,0.0,0.0,12.1,19.8
Dortmund,Bochum,2024-01-28,8.2,38.5,0.0,0.0,20.0,35.6
Heidenheim,Dortmund,2024-02-02,5.5,60.0,0.0,0.0,21.0,42.1
Bayern Munich,Gladbach,2024-02-03,9.6,66.5,0.0,0.0,14.5,37.8
Bochum,Augsburg,2024-02-03,9.0,94.0,0.6,0.0,23.4,42.1
Freiburg,Stuttgart,2024-02-03,9.2,78.5,0.0,0.0,5.7,16.9
Mainz 05,Werder Bremen,2024-02-03,8.9,82.5,0.0,0.0,15.9,39.2
Darmstadt 98,Leverkusen,2024-02-03,9.2,80.5,0.0,0.0,18.6,38.2
Köln,Eintracht Frankfurt,2024-02-03,9.4,89.5,0.1,0.0,17.7,33.8
Wolfsburg,Hoffenheim,2024-02-04,8.0,74.5,0.1,0.0,27.0,52.6
RB Leipzig,Union Berlin,2024-02-04,7.8,90.5,3.0,0.0,15.2,40.3
Mainz 05,Union Berlin,2024-02-07,4.4,97.5,3.6,0.0,9.0,16.6
Dortmund,Freiburg,2024-02-09,9.8,86.5,0.0,0.0,13.8,26.6
Augsburg,RB Leipzig,2024-02-10,12.7,57.5,0.0,0.0,12.9,25.6
Gladbach,Darmstadt 98,2024-02-10,11.9,80.5,0.0,0.0,11.4,24.8
Eintracht Frankfurt,Bochum,2024-02-10,12.1,83.5,0.0,0.0,8.6,21.6
Union Berlin,Wolfsburg,2024-02-10,11.0,92.0,0.0,0.0,9.3,18.7
Werder Bremen,Heidenheim,2024-02-10,11.6,86.0,0.1,0.0,9.0,21.6
Leverkusen,Bayern Munich,2024-02-10,10.0,91.5,0.9,0.0,5.2,9.0
Stuttgart,Mainz 05,2024-02-11,9.5,63.0,0.0,0.0,10.7,33.5
Hoffenheim,Köln,2024-02-11,7.8,73.0,0.0,0.0,14.0,27.7
Köln,Werder Bremen,2024-02-16,9.9,95.5,0.0,0.0,12.8,23.8
Mainz 05,Augsburg,2024-02-17,11.9,69.0,0.0,0.0,8.4,20.9
Wolfsburg,Dortmund,2024-02-17,8.9,66.5,0.0,0.0,12.8,31.0
Hoffenheim,Union Berlin,2024-02-17,12.1,64.5,0.0,0.0,7.0,19.8
Darmstadt 98,Stuttgart,2024-02-17,12.6,69.5,0.0,0.0,5.2,16.9
Heidenheim,Leverkusen,2024-02-17,9.6,70.5,0.0,0.0,9.2,25.9
RB Leipzig,Gladbach,2024-02-17,6.9,82.0,0.0,0.0,11.4,20.5
Freiburg,Eintracht Frankfurt,2024-02-18,11.7,69.5,0.0,0.0,15.7,34.2
Bochum,Bayern Munich,2024-02-18,9.8,90.5,0.4,0.0,34.7,60.8
Leverkusen,Mainz 05,2024-02-23,4.8,84.0,0.2,0.0,15.7,27.7
Werder Bremen,Darmstadt 98,2024-02-24,6.2,81.5,0.6,0.1,14.4,34.9
Stuttgart,Köln,2024-02-24,8.4,49.5,0.0,0.0,9.4,24.8
Gladbach,Bochum,2024-02-24,6.4,64.5,0.1,0.0,17.6,45.0
Union Berlin,Heidenheim,2024-02-24,9.3,57.5,0.0,0.0,16.6,38.5
Bayern Munich,RB Leipzig,2024-02-24,3.8,79.0,0.6,0.0,5.2,12.6
Eintracht Frankfurt,Wolfsburg,2024-02-25,8.9,59.5,0.0,0.0,7.5,25.6
Dortmund,Hoffenheim,2024-02-25,4.8,74.5,0.0,0.0,8.4,16.6
Augsburg,Freiburg,2024-02-25,3.8,76.0,0.0,0.0,14.1,26.3
Freiburg,Bayern Munich,2024-03-01,3.9,89.5,0.0,0.0,6.3,12.2
Bochum,RB Leipzig,2024-03-02,12.3,62.0,0.0,0.0,15.8,36.4
Darmstadt 98,Augsburg,2024-03-02,14.0,56.0,0.0,0.0,7.0,19.1
Heidenheim,Eintracht Frankfurt,2024-03-02,11.8,58.0,0.0,0.0,12.9,29.2
Mainz 05,Gladbach,2024-03-02,11.8,70.0,0.0,0.0,9.0,24.1
Union Berlin,Dortmund,2024-03-02,11.0,79.5,0.0,0.0,8.4,20.2
Wolfsburg,Stuttgart,2024-03-02,8.6,83.0,0.0,0.0,11.6,20.5
Köln,Leverkusen,2024-03-03,16.0,61.0,0.0,0.0,5.6,15.5
Hoffenheim,Werder Bremen,2024-03-03,12.0,71.5,0.0,0.0,12.0,22.7
Stuttgart,Union Berlin,2024-03-08,4.6,67.5,0.0,0.0,10.0,22.0
Augsburg,Heidenheim,2024-03-09,13.5,49.0,0.0,0.0,10.8,22.7
Bayern Munich,Mainz 05,2024-03-09,14.4,45.5,0.0,0.0,9.6,21.6
Gladbach,Köln,2024-03-09,13.5,53.5,0.0,0.0,18.0,37.8
RB Leipzig,Darmstadt 98,2024-03-09,11.2,54.5,0.0,0.0,13.8,24.1
Werder Bremen,Dortmund,2024-03-09,5.4,71.5,0.0,0.0,13.0,30.2
Bochum,Freiburg,2024-03-10,12.8,65.5,0.0,0.0,22.0,41.4
Eintracht Frankfurt,Hoffenheim,2024-03-10,10.6,77.5,0.0,0.0,4.8,7.9
Leverkusen,Wolfsburg,2024-03-10,10.9,65.5,0.0,0.0,15.2,29.5
Köln,RB Leipzig,2024-03-15,10.4,85.5,0.0,0.0,12.0,20.9
Wolfsburg,Augsburg,2024-03-16,9.6,52.0,0.0,0.0,20.5,51.5
Mainz 05,Bochum,2024-03-16,10.6,60.5,0.0,0.0,16.8,36.7
Darmstadt 98,Bayern Munich,2024-03-16,11.6,57.0,0.0,0.0,15.2,33.5
Heidenheim,Gladbach,2024-03-16,10.0,70.5,0.1,0.0,22.9,52.2
Union Berlin,Werder Bremen,2024-03-16,9.3,66.0,0.0,0.0,21.6,48.2
Hoffenheim,Stuttgart,2024-03-16,8.9,73.5,0.0,0.0,12.0,23.4
Freiburg,Leverkusen,2024-03-17,13.2,75.5,0.0,0.0,2.0,9.7
Dortmund,Eintracht Frankfurt,2024-03-17,10.4,70.0,0.0,0.0,6.6,12.2
Gladbach,Freiburg,2024-03-30,12.4,69.0,0.2,0.0,22.6,55.1
RB Leipzig,Mainz 05,2024-03-30,20.8,58.5,0.0,0.0,4.4,15.1
Eintracht Frankfurt,Union Berlin,2024-03-30,16.4,65.5,0.0,0.0,10.6,26.6
Werder Bremen,Wolfsburg,2024-03-30,19.4,51.5,0.0,0.0,12.8,29.5
Leverkusen,Hoffenheim,2024-03-30,14.2,66.0,0.0,0.0,13.2,39.6
Bayern Munich,Dortmund,2024-03-30,14.4,45.5,0.0,0.0,17.9,37.1
Augsburg,Köln,2024-03-31,18.4,40.0,0.0,0.0,13.0,32.4
Stuttgart,Heidenheim,2024-03-31,13.4,79.5,0.0,0.0,9.6,21.2
Bochum,Darmstadt 98,2024-03-31,11.2,82.0,0.0,0.0,13.4,24.8
Eintracht Frankfurt,Werder Bremen,2024-04-05,15.2,72.0,0.2,0.0,13.0,29.5
Heidenheim,Bayern Munich,2024-04-06,22.4,33.0,0.0,0.0,13.1,30.6
Köln,Bochum,2024-04-06,23.8,50.0,0.0,0.0,16.0,39.2
Mainz 05,Darmstadt 98,2024-04-06,22.8,51.5,0.0,0.0,10.6,30.2
Freiburg,RB Leipzig,2024-04-06,25.1,35.5,0.0,0.0,12.0,30.2
Union Berlin,Leverkusen,2024-04-06,21.8,61.0,0.0,0.0,6.6,20.2
Dortmund,Stuttgart,2024-04-06,19.8,50.0,0.0,0.0,17.1,31.3
Hoffenheim,Augsburg,2024-04-07,22.0,53.5,0.0,0.0,7.4,17.3
Wolfsburg,Gladbach,2024-04-07,19.0,65.5,0.0,0.0,5.6,14.0
Augsburg,Union Berlin,2024-04-12,10.0,78.5,0.0,0.0,7.2,9.4
Bochum,Heidenheim,2024-04-13,22.6,56.0,0.0,0.0,18.4,38.2
Mainz 05,Hoffenheim,2024-04-13,21.8,58.5,0.0,0.0,11.4,24.8
Gladbach,Dortmund,2024-04-13,22.6,52.5,0.0,0.0,17.6,38.9
RB Leipzig,Wolfsburg,2024-04-13,21.0,56.0,0.0,0.0,13.6,33.1
Bayern Munich,Köln,2024-04-13,22.2,45.0,0.0,0.0,4.6,12.6
Stuttgart,Eintracht Frankfurt,2024-04-13,17.3,77.0,0.0,0.0,5.4,9.7
Darmstadt 98,Freiburg,2024-04-14,20.1,51.0,0.0,0.0,12.2,32.0
Leverkusen,Werder Bremen,2024-04-14,13.5,60.5,0.0,0.0,7.7,22.0
Eintracht Frankfurt,Augsburg,2024-04-19,5.8,80.5,0.0,0.0,15.3,28.8
Wolfsburg,Bochum,2024-04-20,7.4,70.0,0.0,0.0,5.8,27.4
Heidenheim,RB Leipzig,2024-04-20,5.8,58.5,0.2,0.0,16.9,41.4
Köln,Darmstadt 98,2024-04-20,8.8,65.0,0.2,0.0,19.1,39.6
Hoffenheim,Gladbach,2024-04-20,7.8,74.0,0.4,0.0,12.5,36.4
Union Berlin,Bayern Munich,2024-04-20,4.4,70.0,0.0,0.0,6.8,19.4
Werder Bremen,Stuttgart,2024-04-21,9.0,47.0,0.1,0.0,14.2,31.3
Dortmund,Leverkusen,2024-04-21,6.8,50.5,0.0,0.0,14.0,40.3
Freiburg,Mainz 05,2024-04-21,2.8,91.5,0.0,0.0,7.6,15.8
Bochum,Hoffenheim,2024-04-26,7.2,93.0,0.9,0.0,4.0,7.9
Freiburg,Wolfsburg,2024-04-27,20.0,40.0,0.0,0.0,8.6,22.7
Bayern Munich,Eintracht Frankfurt,2024-04-27,18.6,32.5,0.0,0.0,1.2,17.3
RB Leipzig,Dortmund,2024-04-27,19.2,39.5,0.0,0.0,7.8,23.4
Augsburg,Werder Bremen,2024-04-27,18.4,36.0,0.0,0.0,9.2,23.8
Leverkusen,Stuttgart,2024-04-27,14.8,65.5,0.0,0.0,12.4,21.2
Gladbach,Union Berlin,2024-04-28,15.0,58.0,0.0,0.0,25.8,60.1
Mainz 05,Köln,2024-04-28,12.2,72.5,0.0,0.0,12.5,30.6
Darmstadt 98,Heidenheim,2024-04-28,12.0,73.5,0.0,0.0,10.6,22.0
Hoffenheim,RB Leipzig,2024-05-03,10.1,80.5,0.0,0.0,8.2,15.8
Werder Bremen,Gladbach,2024-05-04,15.8,61.0,0.0,0.0,8.6,23.0
Stuttgart,Bayern Munich,2024-05-04,19.1,43.5,0.0,0.0,9.0,28.1
Wolfsburg,Darmstadt 98,2024-05-04,17.7,52.5,0.0,0.0,6.5,16.6
Dortmund,Augsburg,2024-05-04,16.0,54.5,0.1,0.0,12.2,31.0
Köln,Freiburg,2024-05-04,11.8,92.5,2.2,0.0,6.4,15.1
Union Berlin,Bochum,2024-05-05,18.1,65.5,0.1,0.0,16.0,35.3
Eintracht Frankfurt,Leverkusen,2024-05-05,16.6,67.0,0.0,0.0,5.9,20.2
Heidenheim,Mainz 05,2024-05-05,11.6,87.5,0.0,0.0,3.6,7.6
Augsburg,Stuttgart,2024-05-10,11.6,69.5,0.0,0.0,8.4,17.3
RB Leipzig,Werder Bremen,2024-05-11,19.8,53.5,0.0,0.0,11.6,23.8
Gladbach,Eintracht Frankfurt,2024-05-11,22.0,52.0,0.0,0.0,13.0,29.9
Freiburg,Heidenheim,2024-05-11,23.8,41.0,0.0,0.0,3.9,10.4
Köln,Union Berlin,2024-05-11,22.9,47.0,0.0,0.0,6.8,15.8
Mainz 05,Dortmund,2024-05-11,17.5,62.0,0.0,0.0,9.2,24.1
Darmstadt 98,Hoffenheim,2024-05-12,23.2,44.5,0.0,0.0,13.0,28.1
Bayern Munich,Wolfsburg,2024-05-12,19.0,54.0,0.0,0.0,8.0,22.3
Bochum,Leverkusen,2024-05-12,18.2,66.5,0.0,0.0,12.6,21.2
Wolfsburg,Mainz 05,2024-05-18,18.7,55.0,0.2,0.0,8.1,21.6
Eintracht Frankfurt,RB Leipzig,2024-05-18,18.2,69.0,0.0,0.0,9.8,22.0
Stuttgart,Gladbach,2024-05-18,19.2,51.0,0.0,0.0,10.3,23.0
Union Berlin,Freiburg,2024-05-18,18.5,58.0,0.2,0.0,14.8,34.9
Dortmund,Darmstadt 98,2024-05-18,17.5,73.5,0.3,0.0,12.0,28.1
Heidenheim,Köln,2024-05-18,17.4,52.0,0.0,0.0,9.9,27.4
Hoffenheim,Bayern Munich,2024-05-18,18.6,56.0,0.0,0.0,10.1,25.6
Werder Bremen,Bochum,2024-05-18,21.0,47.0,0.0,0.0,11.8,30.2
Leverkusen,Augsburg,2024-05-18,18.8,64.5,0.3,0.0,10.6,28.1
Eintracht Frankfurt,Bayern Munich,2022-08-05,19.0,61.0,0.0,0.0,7.1,20.5
Bochum,Mainz 05,2022-08-06,21.2,36.0,0.0,0.0,9.4,23.0
Augsburg,Freiburg,2022-08-06,20.8,51.5,0.0,0.0,8.8,23.0
Gladbach,Hoffenheim,2022-08-06,20.5,43.0,0.0,0.0,9.6,22.3
Union Berlin,Hertha BSC,2022-08-06,22.2,31.5,0.0,0.0,15.4,31.3
Wolfsburg,Werder Bremen,2022-08-06,20.4,38.5,0.0,0.0,9.9,22.7
Dortmund,Leverkusen,2022-08-06,18.8,44.5,0.0,0.0,7.2,21.2
Stuttgart,RB Leipzig,2022-08-07,26.8,30.0,0.0,0.0,11.6,26.6
Köln,Schalke 04,2022-08-07,24.0,31.5,0.0,0.0,15.8,33.8
Freiburg,Dortmund,2022-08-12,23.4,32.0,0.0,0.0,10.8,21.2
Leverkusen,Augsburg,2022-08-13,31.4,23.5,0.0,0.0,8.9,21.2
Hoffenheim,Bochum,2022-08-13,29.2,26.5,0.0,0.0,11.2,27.0
Werder Bremen,Stuttgart,2022-08-13,29.0,39.0,0.0,0.0,13.4,28.4
RB Leipzig,Köln,2022-08-13,25.4,51.0,0.0,0.0,12.2,34.6
Hertha BSC,Eintracht Frankfurt,2022-08-13,24.2,68.5,0.0,0.0,1.8,15.1
Schalke 04,Gladbach,2022-08-13,27.2,35.0,0.0,0.0,10.2,31.7
Mainz 05,Union Berlin,2022-08-14,31.0,28.0,0.0,0.0,3.2,22.3
Bayern Munich,Wolfsburg,2022-08-14,25.8,36.5,0.0,0.0,7.6,24.1
Gladbach,Hertha BSC,2022-08-19,19.0,90.5,0.3,0.0,8.8,16.9
Leverkusen,Hoffenheim,2022-08-20,24.3,47.0,0.0,0.0,13.3,28.4
Wolfsburg,Schalke 04,2022-08-20,22.6,61.5,0.0,0.0,9.0,22.3
Stuttgart,Freiburg,2022-08-20,23.5,59.5,0.1,0.0,9.1,23.4
Augsburg,Mainz 05,2022-08-20,19.0,82.0,1.6,0.0,11.5,31.3
Dortmund,Werder Bremen,2022-08-20,23.2,55.5,0.0,0.0,13.6,28.8
Union Berlin,RB Leipzig,2022-08-20,19.4,87.5,0.2,0.0,9.2,17.3
Eintracht Frankfurt,Köln,2022-08-21,27.0,32.0,0.0,0.0,6.4,18.7
Bochum,Bayern Munich,2022-08-21,23.0,42.5,0.0,0.0,11.0,20.9
Freiburg,Bochum,2022-08-26,19.2,90.0,0.7,0.0,4.8,15.8
Hoffenheim,Augsburg,2022-08-27,22.2,71.5,0.2,0.0,7.4,18.7
RB Leipzig,Wolfsburg,2022-08-27,23.3,58.0,0.0,0.0,14.5,31.0
Mainz 05,Leverkusen,2022-08-27,22.7,63.0,0.1,0.0,12.8,29.5
Schalke 04,Union Berlin,2022-08-27,22.4,48.0,0.0,0.0,7.5,17.6
Hertha BSC,Dortmund,2022-08-27,22.4,78.5,0.2,0.0,14.7,29.2
Bayern Munich,Gladbach,2022-08-27,17.5,92.5,3.9,0.0,3.8,23.0
Köln,Stuttgart,2022-08-28,23.9,35.0,0.0,0.0,12.8,27.0
Werder Bremen,Eintracht Frankfurt,2022-08-28,17.8,63.0,0.0,0.0,16.0,37.1
Dortmund,Hoffenheim,2022-09-02,19.0,43.0,0.0,0.0,14.6,28.1
Leverkusen,Freiburg,2022-09-03,23.2,56.5,0.3,0.0,14.4,33.8
Wolfsburg,Köln,2022-09-03,23.6,25.5,0.0,0.0,16.2,35.6
Bochum,Werder Bremen,2022-09-03,24.4,45.0,0.1,0.0,9.2,22.0
Stuttgart,Schalke 04,2022-09-03,21.9,61.0,0.1,0.0,6.8,23.0
Union Berlin,Bayern Munich,2022-09-03,20.4,42.5,0.0,0.0,18.8,41.4
Eintracht Frankfurt,RB Leipzig,2022-09-03,17.2,92.5,0.0,0.0,5.6,16.6
Augsburg,Hertha BSC,2022-09-04,23.2,46.0,0.0,0.0,5.7,17.3
Gladbach,Mainz 05,2022-09-04,25.0,40.5,0.0,0.0,6.8,19.1
Werder Bremen,Augsburg,2022-09-09,15.2,86.5,3.0,0.0,10.8,22.7
Eintracht Frankfurt,Wolfsburg,2022-09-10,17.8,76.0,0.5,0.0,15.2,42.5
Hertha BSC,Leverkusen,2022-09-10,18.8,71.0,0.1,0.0,11.6,24.8
Hoffenheim,Mainz 05,2022-09-10,17.3,73.0,0.1,0.0,21.9,51.5
RB Leipzig,Dortmund,2022-09-10,18.8,64.0,0.0,0.0,12.2,27.0
Bayern Munich,Stuttgart,2022-09-10,16.0,73.0,0.5,0.0,15.6,36.4
Schalke 04,Bochum,2022-09-10,15.4,94.0,0.0,0.0,7.8,20.5
Köln,Union Berlin,2022-09-11,20.5,60.5,0.0,0.0,4.8,20.5
Freiburg,Gladbach,2022-09-11,18.6,66.5,0.0,0.0,7.7,17.3
Mainz 05,Hertha BSC,2022-09-16,10.4,80.0,0.0,0.0,13.6,30.2
Dortmund,Schalke 04,2022-09-17,12.5,70.0,2.1,0.0,22.2,47.9
Leverkusen,Werder Bremen,2022-09-17,12.6,77.5,0.4,0.0,18.0,45.4
Stuttgart,Eintracht Frankfurt,2022-09-17,12.6,68.5,0.1,0.0,19.2,42.5
Augsburg,Bayern Munich,2022-09-17,10.2,68.0,0.2,0.0,22.0,49.3
Gladbach,RB Leipzig,2022-09-17,11.6,61.0,0.0,0.0,17.8,34.9
Union Berlin,Wolfsburg,2022-09-18,13.0,54.5,0.0,0.0,22.6,46.1
Bochum,Köln,2022-09-18,10.0,87.5,2.6,0.0,15.1,34.9
Hoffenheim,Freiburg,2022-09-18,10.2,87.0,0.9,0.0,16.8,36.7
Bayern Munich,Leverkusen,2022-09-30,10.7,83.0,0.0,0.0,3.2,5.8
Wolfsburg,Stuttgart,2022-10-01,15.0,64.0,0.0,0.0,20.8,45.7
RB Leipzig,Bochum,2022-10-01,13.2,79.5,0.3,0.0,20.2,48.2
Freiburg,Mainz 05,2022-10-01,13.5,82.0,0.1,0.0,21.8,43.6
Köln,Dortmund,2022-10-01,16.0,72.5,0.7,0.0,17.9,41.8
Eintracht Frankfurt,Union Berlin,2022-10-01,16.0,71.5,0.7,0.0,21.4,49.3
Werder Bremen,Gladbach,2022-10-01,11.9,86.5,0.0,0.0,15.5,29.2
Hertha BSC,Hoffenheim,2022-10-02,15.0,61.5,0.0,0.0,16.9,39.6
Schalke 04,Augsburg,2022-10-02,13.2,77.0,0.0,0.0,9.9,23.8
Hoffenheim,Werder Bremen,2022-10-07,13.2,92.0,0.1,0.0,5.6,11.9
Mainz 05,RB Leipzig,2022-10-08,14.7,62.0,0.0,0.0,6.6,22.7
Leverkusen,Schalke 04,2022-10-08,14.6,59.0,0.0,0.0,11.0,28.1
Bochum,Eintracht Frankfurt,2022-10-08,14.2,60.0,0.0,0.0,14.2,32.8
Augsburg,Wolfsburg,2022-10-08,13.9,73.5,0.2,0.0,7.7,19.1
Dortmund,Bayern Munich,2022-10-08,10.4,77.0,0.0,0.0,8.8,15.5
Gladbach,Köln,2022-10-09,15.4,58.0,0.0,0.0,13.4,31.3
Hertha BSC,Freiburg,2022-10-09,10.6,74.5,0.0,0.0,10.8,20.5
Stuttgart,Union Berlin,2022-10-09,10.2,88.5,0.0,0.0,7.5,14.8
Schalke 04,Hoffenheim,2022-10-14,12.8,96.5,0.0,0.0,9.0,17.6
Eintracht Frankfurt,Leverkusen,2022-10-15,17.6,84.5,0.3,0.0,17.5,33.8
Werder Bremen,Mainz 05,2022-10-15,16.4,79.0,0.3,0.0,15.8,35.6
Stuttgart,Bochum,2022-10-15,18.0,78.0,0.0,0.0,13.8,35.6
Wolfsburg,Gladbach,2022-10-15,17.6,66.5,0.0,0.0,11.0,32.0
RB Leipzig,Hertha BSC,2022-10-15,15.3,82.0,0.0,0.0,14.5,26.6
Köln,Augsburg,2022-10-16,17.0,81.0,0.2,0.0,8.4,15.8
Union Berlin,Dortmund,2022-10-16,13.2,86.0,0.0,0.0,9.0,11.5
Bayern Munich,Freiburg,2022-10-16,15.1,80.5,0.0,0.0,9.3,15.5
Mainz 05,Köln,2022-10-21,14.0,88.5,0.0,0.0,4.5,14.8
Dortmund,Stuttgart,2022-10-22,15.5,77.5,0.0,0.0,10.7,31.7
Freiburg,Werder Bremen,2022-10-22,18.6,70.5,0.0,0.0,5.1,15.5
Leverkusen,Wolfsburg,2022-10-22,15.9,78.5,0.0,0.0,8.0,19.1
Augsburg,RB Leipzig,2022-10-22,14.3,85.0,0.0,0.0,7.7,22.7
Hoffenheim,Bayern Munich,2022-10-22,17.7,73.5,0.0,0.0,6.6,22.0
Gladbach,Eintracht Frankfurt,2022-10-22,14.1,83.5,0.0,0.0,7.8,14.8
Bochum,Union Berlin,2022-10-23,18.7,69.0,0.0,0.0,21.6,42.5
Hertha BSC,Schalke 04,2022-10-23,15.1,83.5,0.0,0.0,14.2,25.9
Werder Bremen,Hertha BSC,2022-10-28,17.6,85.0,0.0,0.0,13.4,24.8
Stuttgart,Augsburg,2022-10-29,20.0,82.0,0.0,0.0,6.6,11.2
Wolfsburg,Bochum,2022-10-29,18.2,80.5,0.0,0.0,5.0,10.8
RB Leipzig,Leverkusen,2022-10-29,18.0,84.5,0.0,0.0,6.6,10.8
Bayern Munich,Mainz 05,2022-10-29,17.2,80.5,0.0,0.0,6.9,11.5
Eintracht Frankfurt,Dortmund,2022-10-29,13.5,92.5,0.0,0.0,5.2,12.6
Union Berlin,Gladbach,2022-10-30,17.6,75.5,0.0,0.0,4.6,8.3
Schalke 04,Freiburg,2022-10-30,16.6,86.0,0.0,0.0,10.2,18.0
Köln,Hoffenheim,2022-10-30,14.8,80.0,0.0,0.0,8.0,13.3
Gladbach,Stuttgart,2022-11-04,6.7,95.5,0.0,0.0,7.1,13.3
Augsburg,Eintracht Frankfurt,2022-11-05,6.4,91.0,0.0,0.0,7.2,23.4
Dortmund,Bochum,2022-11-05,9.0,77.0,0.0,0.0,13.6,30.6
Mainz 05,Wolfsburg,2022-11-05,8.7,77.5,0.0,0.0,7.3,25.2
Hoffenheim,RB Leipzig,2022-11-05,8.8,79.5,0.0,0.0,9.6,28.8
Hertha BSC,Bayern Munich,2022-11-05,8.4,84.5,0.0,0.0,6.6,20.2
Werder Bremen,Schalke 04,2022-11-05,8.2,82.5,0.0,0.0,15.2,28.1
Leverkusen,Union Berlin,2022-11-06,11.1,68.0,0.4,0.0,17.8,37.8
Freiburg,Köln,2022-11-06,11.2,51.0,0.0,0.0,12.7,36.0
Wolfsburg,Dortmund,2022-11-08,14.4,56.5,0.0,0.0,18.4,35.6
Bochum,Gladbach,2022-11-08,13.3,80.5,0.3,0.0,21.2,47.5
Bayern Munich,Werder Bremen,2022-11-08,4.4,86.5,0.0,0.0,8.8,11.2
Stuttgart,Hertha BSC,2022-11-08,11.4,67.0,0.0,0.0,11.0,21.6
Köln,Leverkusen,2022-11-09,11.6,75.5,0.0,0.0,15.0,27.0
Eintracht Frankfurt,Hoffenheim,2022-11-09,10.1,92.0,0.0,0.0,10.0,22.3
Schalke 04,Mainz 05,2022-11-09,10.8,79.5,0.0,0.0,20.4,36.0
Union Berlin,Augsburg,2022-11-09,11.8,86.0,0.0,0.0,16.4,27.7
RB Leipzig,Freiburg,2022-11-09,11.9,84.5,0.0,0.0,14.2,25.2
Gladbach,Dortmund,2022-11-11,5.6,96.0,0.0,0.0,8.2,11.9
Leverkusen,Stuttgart,2022-11-12,11.3,75.5,0.0,0.0,13.8,24.1
Werder Bremen,RB Leipzig,2022-11-12,8.4,88.5,0.0,0.0,6.8,11.2
Hertha BSC,Köln,2022-11-12,8.0,92.0,0.0,0.0,9.0,11.5
Hoffenheim,Wolfsburg,2022-11-12,9.0,90.5,0.0,0.0,5.0,9.7
Augsburg,Bochum,2022-11-12,7.2,85.0,0.0,0.0,4.6,13.3
Schalke 04,Bayern Munich,2022-11-12,8.1,88.0,0.0,0.0,7.1,12.2
Mainz 05,Eintracht Frankfurt,2022-11-13,9.0,73.0,0.0,0.0,7.0,16.9
Freiburg,Union Berlin,2022-11-13,3.0,98.5,0.0,0.0,3.4,7.6
RB Leipzig,Bayern Munich,2023-01-20,-2.6,94.0,0.0,0.0,7.6,12.2
Stuttgart,Mainz 05,2023-01-21,-0.4,75.0,0.2,0.1,15.0,33.5
Bochum,Hertha BSC,2023-01-21,1.0,78.5,0.0,0.0,11.1,35.6
Eintracht Frankfurt,Schalke 04,2023-01-21,0.2,74.0,0.0,0.0,18.6,44.3
Wolfsburg,Freiburg,2023-01-21,1.9,81.0,0.2,0.0,14.2,28.1
Union Berlin,Hoffenheim,2023-01-21,1.8,80.0,1.0,0.6,29.4,51.1
Köln,Werder Bremen,2023-01-21,0.2,85.5,0.0,0.0,11.6,20.9
Dortmund,Augsburg,2023-01-22,1.2,89.0,0.0,0.0,10.6,27.0
Gladbach,Leverkusen,2023-01-22,0.8,89.5,0.0,0.0,9.2,18.4
Schalke 04,RB Leipzig,2023-01-24,0.0,87.5,0.0,0.0,6.4,11.2
Hertha BSC,Wolfsburg,2023-01-24,0.2,86.5,0.0,0.0,4.2,9.4
Hoffenheim,Stuttgart,2023-01-24,2.3,83.0,0.0,0.0,11.9,23.8
Bayern Munich,Köln,2023-01-24,1.8,90.0,0.0,0.0,10.4,19.8
Mainz 05,Dortmund,2023-01-25,0.4,91.0,0.0,0.0,1.8,7.2
Leverkusen,Bochum,2023-01-25,-1.0,89.5,0.1,0.1,4.8,14.8
Augsburg,Gladbach,2023-01-25,-0.4,87.0,0.0,0.0,6.3,13.0
Werder Bremen,Union Berlin,2023-01-25,-1.3,85.5,0.0,0.0,10.4,20.5
Freiburg,Eintracht Frankfurt,2023-01-25,-0.1,97.5,0.0,0.0,4.2,11.5
RB Leipzig,Stuttgart,2023-01-27,1.4,94.0,0.0,0.0,15.0,27.4
Hoffenheim,Gladbach,2023-01-28,1.7,74.0,0.0,0.0,8.4,24.5
Werder Bremen,Wolfsburg,2023-01-28,2.7,76.0,0.0,0.0,5.6,17.6
Mainz 05,Bochum,2023-01-28,0.8,70.0,0.0,0.0,6.8,23.4
Freiburg,Augsburg,2023-01-28,3.4,58.5,0.0,0.0,12.9,33.5
Hertha BSC,Union Berlin,2023-01-28,1.1,71.0,0.0,0.0,7.6,14.0
Bayern Munich,Eintracht Frankfurt,2023-01-28,-0.8,88.0,0.0,0.0,2.8,6.5
Schalke 04,Köln,2023-01-29,1.6,74.0,0.0,0.0,19.3,33.1
Leverkusen,Dortmund,2023-01-29,1.1,76.0,0.0,0.0,10.4,19.4
Augsburg,Leverkusen,2023-02-03,4.4,91.0,1.0,0.0,30.7,60.5
Dortmund,Freiburg,2023-02-04,7.5,72.0,0.0,0.0,3.6,10.8
Bochum,Hoffenheim,2023-02-04,7.6,77.5,0.0,0.0,3.8,11.2
Eintracht Frankfurt,Hertha BSC,2023-02-04,6.2,75.0,0.0,0.0,5.1,16.6
Union Berlin,Mainz 05,2023-02-04,2.4,59.5,0.0,0.0,15.8,33.5
Köln,RB Leipzig,2023-02-04,7.8,83.0,0.0,0.0,4.2,13.0
Gladbach,Schalke 04,2023-02-04,6.4,84.0,0.0,0.0,4.0,6.1
Stuttgart,Werder Bremen,2023-02-05,4.4,95.5,1.3,0.0,9.0,19.1
Wolfsburg,Bayern Munich,2023-02-05,-0.2,88.0,0.0,0.0,4.9,9.7
Schalke 04,Wolfsburg,2023-02-10,5.2,85.5,0.0,0.0,20.0,34.9
Bayern Munich,Bochum,2023-02-11,4.0,57.0,0.0,0.0,7.1,23.0
Mainz 05,Augsburg,2023-02-11,6.4,85.5,0.0,0.0,6.2,19.4
Werder Bremen,Dortmund,2023-02-11,8.8,88.0,0.1,0.0,17.0,32.8
Hoffenheim,Leverkusen,2023-02-11,6.0,73.5,0.0,0.0,8.4,24.8
Freiburg,Stuttgart,2023-02-11,7.2,55.0,0.0,0.0,4.2,10.8
RB Leipzig,Union Berlin,2023-02-11,6.4,90.5,0.0,0.0,16.4,31.3
Hertha BSC,Gladbach,2023-02-12,7.6,91.5,0.0,0.0,10.2,20.2
Köln,Eintracht Frankfurt,2023-02-12,7.5,87.5,0.0,0.0,3.4,4.3
Augsburg,Hoffenheim,2023-02-17,7.6,84.0,0.0,0.0,24.5,46.8
Gladbach,Bayern Munich,2023-02-18,9.9,89.5,0.0,0.0,22.9,47.2
Wolfsburg,RB Leipzig,2023-02-18,9.2,91.5,0.8,0.0,27.2,68.0
Stuttgart,Köln,2023-02-18,13.4,64.0,0.0,0.0,20.4,51.1
Bochum,Freiburg,2023-02-18,9.5,91.0,0.3,0.0,26.8,49.3
Eintracht Frankfurt,Werder Bremen,2023-02-18,9.8,79.0,0.1,0.0,17.8,36.0
Union Berlin,Schalke 04,2023-02-19,5.5,55.0,0.0,0.0,17.3,44.6
Dortmund,Hertha BSC,2023-02-19,7.4,94.0,0.6,0.0,18.8,35.3
Leverkusen,Mainz 05,2023-02-19,7.6,82.5,0.1,0.0,16.2,29.9
Mainz 05,Gladbach,2023-02-24,4.6,86.5,0.0,0.0,14.1,30.6
Hertha BSC,Augsburg,2023-02-25,1.4,72.0,0.1,0.1,19.9,42.1
Köln,Wolfsburg,2023-02-25,5.2,53.5,0.0,0.0,20.5,43.2
Werder Bremen,Bochum,2023-02-25,4.0,47.0,0.0,0.0,18.0,43.6
Hoffenheim,Dortmund,2023-02-25,4.5,65.0,0.5,0.1,15.7,39.2
RB Leipzig,Eintracht Frankfurt,2023-02-25,1.0,81.0,0.7,0.5,20.4,42.1
Schalke 04,Stuttgart,2023-02-25,1.0,55.5,0.0,0.0,11.9,24.5
Freiburg,Leverkusen,2023-02-26,2.4,48.5,0.0,0.0,23.8,53.3
Bayern Munich,Union Berlin,2023-02-26,-1.4,59.0,0.0,0.0,15.4,32.0
Dortmund,RB Leipzig,2023-03-03,2.8,84.0,0.0,0.0,4.6,9.0
Gladbach,Freiburg,2023-03-04,6.6,80.5,0.0,0.0,13.8,31.7
Augsburg,Werder Bremen,2023-03-04,3.4,64.5,0.0,0.0,13.5,30.2
Union Berlin,Köln,2023-03-04,4.6,73.0,0.0,0.0,18.5,34.6
Bochum,Schalke 04,2023-03-04,6.1,81.0,0.2,0.0,13.1,24.1
Mainz 05,Hoffenheim,2023-03-04,5.3,71.5,0.0,0.0,10.5,26.3
Stuttgart,Bayern Munich,2023-03-04,2.0,78.5,0.0,0.0,4.6,14.8
Leverkusen,Hertha BSC,2023-03-05,5.1,76.0,0.0,0.0,10.8,23.4
Wolfsburg,Eintracht Frankfurt,2023-03-05,2.5,83.5,0.9,0.5,12.3,28.8
Köln,Bochum,2023-03-10,1.4,84.5,0.2,0.0,30.8,65.5
Bayern Munich,Augsburg,2023-03-11,3.2,49.5,0.0,0.0,12.7,32.0
Eintracht Frankfurt,Stuttgart,2023-03-11,4.4,50.0,0.0,0.0,4.7,14.8
Hertha BSC,Mainz 05,2023-03-11,3.2,53.0,0.0,0.0,17.6,40.3
RB Leipzig,Gladbach,2023-03-11,3.0,54.5,0.0,0.0,17.4,38.9
Schalke 04,Dortmund,2023-03-11,0.6,72.0,0.0,0.0,7.7,12.2
Freiburg,Hoffenheim,2023-03-12,13.2,56.5,0.0,0.0,20.6,40.7
Werder Bremen,Leverkusen,2023-03-12,6.7,92.0,0.1,0.0,19.1,36.4
Wolfsburg,Union Berlin,2023-03-12,6.4,91.0,0.0,0.0,20.6,40.3
Gladbach,Werder Bremen,2023-03-17,11.0,75.5,0.0,0.0,12.8,24.5
Stuttgart,Wolfsburg,2023-03-18,17.5,50.5,0.0,0.0,6.0,22.3
Hoffenheim,Hertha BSC,2023-03-18,16.6,49.5,0.0,0.0,5.2,15.5
Augsburg,Schalke 04,2023-03-18,16.2,47.5,0.0,0.0,3.3,11.9
Bochum,RB Leipzig,2023-03-18,13.0,78.5,7.0,0.0,11.7,38.2
Dortmund,Köln,2023-03-18,11.4,82.5,0.0,0.0,9.8,23.4
Union Berlin,Eintracht Frankfurt,2023-03-19,13.8,68.5,0.0,0.0,11.8,30.6
Leverkusen,Bayern Munich,2023-03-19,10.5,88.5,0.0,0.0,6.6,12.2
Mainz 05,Freiburg,2023-03-19,7.5,90.5,0.0,0.0,5.6,11.9
Eintracht Frankfurt,Bochum,2023-03-31,10.8,69.5,0.0,0.0,23.7,45.4
Union Berlin,Stuttgart,2023-04-01,7.4,88.5,0.8,0.0,19.6,36.0
Freiburg,Hertha BSC,2023-04-01,11.0,71.0,0.0,0.0,22.2,49.0
Wolfsburg,Augsburg,2023-04-01,8.1,93.0,1.9,0.0,19.5,42.1
Schalke 04,Leverkusen,2023-04-01,9.9,94.0,4.4,0.0,16.4,33.1
RB Leipzig,Mainz 05,2023-04-01,10.8,78.5,0.2,0.0,7.0,21.2
Bayern Munich,Dortmund,2023-04-01,7.8,72.5,0.0,0.0,17.2,38.2
Köln,Gladbach,2023-04-02,8.4,59.0,0.0,0.0,16.7,34.9
Werder Bremen,Hoffenheim,2023-04-02,5.8,56.0,0.0,0.0,15.6,34.6
Leverkusen,Eintracht Frankfurt,2023-04-08,10.9,72.5,0.0,0.0,11.2,24.8
Freiburg,Bayern Munich,2023-04-08,12.1,56.0,0.0,0.0,9.7,22.7
Mainz 05,Werder Bremen,2023-04-08,10.9,67.5,0.0,0.0,10.0,23.0
Augsburg,Köln,2023-04-08,5.6,81.5,0.0,0.0,8.8,23.4
Dortmund,Union Berlin,2023-04-08,9.8,77.0,0.0,0.0,10.0,22.3
Hertha BSC,RB Leipzig,2023-04-08,6.7,86.5,0.0,0.0,7.6,11.2
Gladbach,Wolfsburg,2023-04-09,14.1,48.5,0.0,0.0,11.0,25.9
Bochum,Stuttgart,2023-04-09,10.8,65.0,0.0,0.0,8.2,19.4
Hoffenheim,Schalke 04,2023-04-09,7.9,65.5,0.0,0.0,11.1,20.5
Schalke 04,Hertha BSC,2023-04-14,6.1,86.0,0.0,0.0,8.0,13.3
Köln,Mainz 05,2023-04-15,9.8,75.0,0.3,0.0,18.0,36.7
Stuttgart,Dortmund,2023-04-15,11.0,59.5,0.1,0.0,14.6,34.6
RB Leipzig,Augsburg,2023-04-15,9.5,93.5,1.1,0.0,11.7,24.5
Bayern Munich,Hoffenheim,2023-04-15,8.4,64.0,0.1,0.0,13.8,38.9
Eintracht Frankfurt,Gladbach,2023-04-15,8.3,88.0,0.8,0.0,13.2,24.5
Werder Bremen,Freiburg,2023-04-16,11.9,72.5,0.0,0.0,10.5,23.4
Union Berlin,Bochum,2023-04-16,9.4,86.5,0.0,0.0,15.1,29.2
Wolfsburg,Leverkusen,2023-04-16,9.2,85.0,0.0,0.0,12.2,23.0
Augsburg,Stuttgart,2023-04-21,9.0,87.0,0.0,0.0,3.0,5.4
Hertha BSC,Werder Bremen,2023-04-22,20.2,44.0,0.0,0.0,12.4,27.4
Mainz 05,Bayern Munich,2023-04-22,17.3,59.5,0.0,0.0,15.0,36.0
Bochum,Wolfsburg,2023-04-22,16.5,75.5,0.7,0.0,12.4,37.8
Hoffenheim,Köln,2023-04-22,19.2,48.5,0.0,0.0,11.8,32.0
Dortmund,Eintracht Frankfurt,2023-04-22,14.2,85.5,0.8,0.0,12.5,25.2
Freiburg,Schalke 04,2023-04-23,16.4,64.5,0.0,0.0,15.1,37.4
Leverkusen,RB Leipzig,2023-04-23,12.5,83.0,1.4,0.0,16.6,31.7
Gladbach,Union Berlin,2023-04-23,10.9,82.5,0.4,0.0,26.2,54.7
Bochum,Dortmund,2023-04-28,12.5,89.0,0.3,0.0,16.7,29.9
Köln,Freiburg,2023-04-29,13.5,67.5,0.0,0.0,9.6,19.8
RB Leipzig,Hoffenheim,2023-04-29,13.6,62.5,0.0,0.0,16.2,37.1
Eintracht Frankfurt,Augsburg,2023-04-29,14.6,65.0,0.1,0.0,11.2,24.8
Stuttgart,Gladbach,2023-04-29,14.8,67.0,0.0,0.0,15.5,32.8
Union Berlin,Leverkusen,2023-04-29,14.0,64.0,0.0,0.0,17.8,37.4
Schalke 04,Werder Bremen,2023-04-29,11.9,77.0,0.0,0.0,6.2,13.0
Bayern Munich,Hertha BSC,2023-04-30,15.2,52.0,0.0,0.0,16.8,38.2
Wolfsburg,Mainz 05,2023-04-30,11.4,55.5,0.0,0.0,5.8,14.0
Mainz 05,Schalke 04,2023-05-05,12.3,91.5,0.0,0.0,5.9,16.6
Leverkusen,Köln,2023-05-05,10.2,96.5,0.0,0.0,8.3,11.2
Freiburg,RB Leipzig,2023-05-06,21.0,53.5,0.0,0.0,6.8,17.3
Hoffenheim,Eintracht Frankfurt,2023-05-06,19.6,51.0,0.0,0.0,2.0,11.5
Gladbach,Bochum,2023-05-06,17.8,65.5,0.1,0.0,4.6,20.5
Augsburg,Union Berlin,2023-05-06,18.2,56.0,0.0,0.0,6.2,19.1
Hertha BSC,Stuttgart,2023-05-06,9.9,79.5,0.0,0.0,14.9,28.4
Werder Bremen,Bayern Munich,2023-05-06,12.7,76.5,0.0,0.0,14.4,29.9
Dortmund,Wolfsburg,2023-05-07,16.3,87.5,0.1,0.0,10.3,21.6
Köln,Hertha BSC,2023-05-12,12.2,88.0,0.0,0.0,8.0,13.0
Bayern Munich,Schalke 04,2023-05-13,14.6,69.0,0.2,0.0,7.8,20.9
Bochum,Augsburg,2023-05-13,19.6,48.0,0.0,0.0,15.0,31.0
Wolfsburg,Hoffenheim,2023-05-13,20.0,32.0,0.0,0.0,16.2,44.3
Union Berlin,Freiburg,2023-05-13,20.0,34.0,0.0,0.0,19.4,46.1
Eintracht Frankfurt,Mainz 05,2023-05-13,17.1,68.0,0.2,0.0,7.5,27.7
Dortmund,Gladbach,2023-05-13,15.0,67.0,0.0,0.0,9.5,23.8
Stuttgart,Leverkusen,2023-05-14,17.0,66.0,0.3,0.0,9.5,24.5
RB Leipzig,Werder Bremen,2023-05-14,16.1,69.0,0.0,0.0,7.0,23.8
Freiburg,Wolfsburg,2023-05-19,12.4,73.0,0.0,0.0,7.6,14.4
Werder Bremen,Köln,2023-05-20,17.9,54.0,0.0,0.0,18.8,39.6
Hoffenheim,Union Berlin,2023-05-20,21.7,51.0,0.0,0.0,14.8,38.9
Schalke 04,Eintracht Frankfurt,2023-05-20,17.6,61.5,0.0,0.0,22.6,42.1
Hertha BSC,Bochum,2023-05-20,19.4,57.0,0.0,0.0,19.4,40.7
Bayern Munich,RB Leipzig,2023-05-20,18.4,64.0,0.0,0.0,15.4,29.5
Mainz 05,Stuttgart,2023-05-21,24.6,46.0,0.0,0.0,8.0,23.4
Augsburg,Dortmund,2023-05-21,21.5,53.5,0.0,0.0,9.4,20.5
Leverkusen,Gladbach,2023-05-21,18.1,82.5,0.0,0.0,10.1,20.9
RB Leipzig,Schalke 04,2023-05-27,19.6,39.5,0.0,0.0,10.1,24.8
Köln,Bayern Munich,2023-05-27,22.2,37.5,0.0,0.0,7.0,18.7
Wolfsburg,Hertha BSC,2023-05-27,19.8,44.0,0.0,0.0,6.8,18.7
Dortmund,Mainz 05,2023-05-27,20.0,49.5,0.0,0.0,13.0,28.8
Stuttgart,Hoffenheim,2023-05-27,22.6,41.0,0.0,0.0,13.2,29.9
Bochum,Leverkusen,2023-05-27,20.4,46.0,0.0,0.0,13.6,28.8
Union Berlin,Werder Bremen,2023-05-27,19.8,33.5,0.0,0.0,8.8,20.9
Gladbach,Augsburg,2023-05-27,21.2,47.5,0.0,0.0,11.6,25.9
Eintracht Frankfurt,Freiburg,2023-05-27,23.0,35.5,0.0,0.0,11.6,25.2
Gladbach,Bayern Munich,2021-08-13,16.5,81.0,0.0,0.0,8.0,11.5
Arminia,Freiburg,2021-08-14,23.7,45.5,0.0,0.0,16.6,37.8
Augsburg,Hoffenheim,2021-08-14,27.6,56.0,0.0,0.0,4.1,16.2
Union Berlin,Leverkusen,2021-08-14,26.8,35.5,0.0,0.0,15.7,33.1
Wolfsburg,Bochum,2021-08-14,25.2,43.0,0.0,0.0,16.2,43.9
Stuttgart,Greuther Fürth,2021-08-14,28.1,59.5,0.0,0.0,9.4,23.0
Dortmund,Eintracht Frankfurt,2021-08-14,19.1,75.5,0.0,0.0,7.8,27.7
Mainz 05,RB Leipzig,2021-08-15,27.8,37.5,0.0,0.0,6.9,17.6
Köln,Hertha BSC,2021-08-15,24.2,66.0,0.0,0.0,6.0,19.1
RB Leipzig,Stuttgart,2021-08-20,17.9,64.5,0.0,0.0,6.4,10.1
Greuther Fürth,Arminia,2021-08-21,26.4,43.5,0.0,0.0,4.1,11.9
Bochum,Mainz 05,2021-08-21,23.6,60.5,0.0,0.0,5.2,14.8
Hertha BSC,Wolfsburg,2021-08-21,21.6,60.5,0.0,0.0,4.6,13.3
Eintracht Frankfurt,Augsburg,2021-08-21,27.9,37.0,0.0,0.0,5.6,18.4
Freiburg,Dortmund,2021-08-21,27.0,53.0,0.0,0.0,9.3,21.6
Leverkusen,Gladbach,2021-08-21,21.2,77.5,0.0,0.0,6.1,11.2
Hoffenheim,Union Berlin,2021-08-22,17.2,90.5,2.8,0.0,11.8,33.5
Bayern Munich,Köln,2021-08-22,17.2,93.0,1.6,0.0,11.6,29.5
Dortmund,Hoffenheim,2021-08-27,14.0,92.5,0.4,0.0,9.2,21.6
Arminia,Eintracht Frankfurt,2021-08-28,16.2,80.0,0.1,0.0,15.0,32.8
Augsburg,Leverkusen,2021-08-28,13.8,71.5,0.4,0.0,8.8,25.2
Stuttgart,Freiburg,2021-08-28,15.4,75.5,0.5,0.0,9.0,24.8
Köln,Bochum,2021-08-28,18.2,72.0,0.4,0.0,17.1,36.7
Mainz 05,Greuther Fürth,2021-08-28,16.8,68.0,0.2,0.0,6.2,17.6
Bayern Munich,Hertha BSC,2021-08-28,11.2,90.5,0.0,0.0,6.3,16.2
Union Berlin,Gladbach,2021-08-29,16.5,87.5,1.1,0.0,9.5,18.7
Wolfsburg,RB Leipzig,2021-08-29,16.0,91.0,0.8,0.0,18.5,39.2
Hoffenheim,Mainz 05,2021-09-11,20.2,76.5,0.0,0.0,12.8,34.6
Freiburg,Köln,2021-09-11,20.5,71.5,0.2,0.0,7.6,21.6
Greuther Fürth,Wolfsburg,2021-09-11,20.4,72.0,0.4,0.0,7.1,22.7
Union Berlin,Augsburg,2021-09-11,22.0,63.5,0.0,0.0,8.8,25.9
Leverkusen,Dortmund,2021-09-11,19.2,73.0,0.0,0.0,15.4,30.6
RB Leipzig,Bayern Munich,2021-09-11,18.2,84.0,0.0,0.0,7.6,14.8
Eintracht Frankfurt,Stuttgart,2021-09-12,22.6,46.5,0.0,0.0,8.4,23.0
Bochum,Hertha BSC,2021-09-12,18.0,71.0,0.0,0.0,8.4,17.3
Gladbach,Arminia,2021-09-12,15.8,82.0,0.0,0.0,5.1,8.6
Hertha BSC,Greuther Fürth,2021-09-17,12.6,81.0,0.0,0.0,8.5,15.8
Augsburg,Gladbach,2021-09-18,18.6,54.0,0.0,0.0,8.2,19.1
Arminia,Hoffenheim,2021-09-18,17.0,72.0,0.0,0.0,9.1,23.0
Mainz 05,Freiburg,2021-09-18,20.5,55.0,0.0,0.0,5.8,14.0
Bayern Munich,Bochum,2021-09-18,18.8,53.0,0.0,0.0,6.0,15.8
Köln,RB Leipzig,2021-09-18,17.2,75.0,0.0,0.0,10.0,20.9
Stuttgart,Leverkusen,2021-09-19,17.8,70.0,0.2,0.0,8.8,22.3
Dortmund,Union Berlin,2021-09-19,13.8,69.0,0.0,0.0,12.8,24.8
Wolfsburg,Eintracht Frankfurt,2021-09-19,12.5,76.5,0.0,0.0,6.3,13.7
Greuther Fürth,Bayern Munich,2021-09-24,12.4,90.5,0.0,0.0,6.2,11.5
Hoffenheim,Wolfsburg,2021-09-25,22.2,62.5,0.0,0.0,5.6,14.8
Eintracht Frankfurt,Köln,2021-09-25,23.0,44.5,0.0,0.0,4.6,14.8
RB Leipzig,Hertha BSC,2021-09-25,20.5,69.5,0.0,0.0,6.0,15.1
Union Berlin,Arminia,2021-09-25,20.4,70.0,0.0,0.0,8.9,26.3
Leverkusen,Mainz 05,2021-09-25,21.6,66.0,0.0,0.0,6.4,15.5
Gladbach,Dortmund,2021-09-25,17.0,83.0,0.0,0.0,8.6,15.1
Bochum,Stuttgart,2021-09-26,19.9,80.5,0.0,0.0,11.4,20.9
Freiburg,Augsburg,2021-09-26,18.1,72.0,0.0,0.0,9.4,20.2
Köln,Greuther Fürth,2021-10-01,13.4,79.0,1.0,0.0,7.0,14.0
Stuttgart,Hoffenheim,2021-10-02,21.2,57.0,0.0,0.0,10.6,26.3
Hertha BSC,Freiburg,2021-10-02,18.2,65.5,0.0,0.0,9.7,20.9
Wolfsburg,Gladbach,2021-10-02,16.8,68.5,0.0,0.0,7.9,27.0
Dortmund,Augsburg,2021-10-02,17.0,65.0,0.0,0.0,20.4,47.5
RB Leipzig,Bochum,2021-10-02,15.8,64.5,0.0,0.0,14.4,25.9
Mainz 05,Union Berlin,2021-10-03,16.6,80.5,0.2,0.0,16.6,39.6
Bayern Munich,Eintracht Frankfurt,2021-10-03,18.0,58.5,0.0,0.0,11.6,22.3
Arminia,Leverkusen,2021-10-03,12.8,83.5,0.1,0.0,18.5,46.8
Hoffenheim,Köln,2021-10-15,9.8,87.5,0.1,0.0,5.6,12.2
Freiburg,RB Leipzig,2021-10-16,12.7,76.5,0.0,0.0,3.0,11.5
Dortmund,Mainz 05,2021-10-16,10.4,79.0,0.0,0.0,3.0,10.8
Union Berlin,Wolfsburg,2021-10-16,10.2,79.5,0.0,0.0,8.4,22.7
Eintracht Frankfurt,Hertha BSC,2021-10-16,12.4,62.5,0.0,0.0,3.2,9.7
Greuther Fürth,Bochum,2021-10-16,11.4,61.5,0.0,0.0,5.7,13.0
Gladbach,Stuttgart,2021-10-16,6.8,91.0,0.0,0.0,7.6,10.1
Leverkusen,Bayern Munich,2021-10-17,12.6,68.0,0.0,0.0,5.8,10.4
Augsburg,Arminia,2021-10-17,8.4,84.0,0.0,0.0,5.8,10.8
Mainz 05,Augsburg,2021-10-22,8.4,72.5,0.0,0.0,13.4,29.9
Wolfsburg,Freiburg,2021-10-23,9.6,74.5,0.0,0.0,8.3,27.4
Arminia,Dortmund,2021-10-23,10.3,67.5,0.0,0.0,5.6,20.2
Bayern Munich,Hoffenheim,2021-10-23,8.8,66.5,0.0,0.0,6.4,16.6
RB Leipzig,Greuther Fürth,2021-10-23,9.6,69.0,0.0,0.0,10.6,24.5
Hertha BSC,Gladbach,2021-10-23,6.5,88.5,0.0,0.0,7.4,15.1
Köln,Leverkusen,2021-10-24,12.1,69.0,0.0,0.0,15.8,28.4
Stuttgart,Union Berlin,2021-10-24,9.0,82.0,0.0,0.0,6.4,12.6
Bochum,Eintracht Frankfurt,2021-10-24,9.2,69.0,0.0,0.0,20.0,34.9
Hoffenheim,Hertha BSC,2021-10-29,7.8,93.0,0.0,0.0,9.7,19.4
Arminia,Mainz 05,2021-10-30,12.6,75.0,0.1,0.0,18.8,40.0
Union Berlin,Bayern Munich,2021-10-30,12.6,63.0,0.0,0.0,16.3,29.5
Dortmund,Köln,2021-10-30,13.3,67.0,0.0,0.0,26.7,50.0
Freiburg,Greuther Fürth,2021-10-30,10.5,91.5,0.0,0.0,2.2,16.6
Leverkusen,Wolfsburg,2021-10-30,13.8,72.5,0.0,0.0,21.8,39.6
Eintracht Frankfurt,RB Leipzig,2021-10-30,10.2,84.5,0.0,0.0,13.4,26.6
Augsburg,Stuttgart,2021-10-31,13.5,69.5,0.0,0.0,6.1,13.3
Gladbach,Bochum,2021-10-31,16.0,78.0,4.1,0.0,24.8,49.7
Mainz 05,Gladbach,2021-11-05,3.4,97.5,0.0,0.0,5.1,11.5
Bochum,Hoffenheim,2021-11-06,9.7,78.5,0.2,0.0,21.4,38.2
Wolfsburg,Augsburg,2021-11-06,9.6,77.0,0.0,0.0,17.8,35.6
Bayern Munich,Freiburg,2021-11-06,7.3,76.0,0.0,0.0,3.6,11.9
Stuttgart,Arminia,2021-11-06,5.2,91.5,0.0,0.0,5.2,10.4
RB Leipzig,Dortmund,2021-11-06,6.2,83.5,0.0,0.0,20.4,36.4
Hertha BSC,Leverkusen,2021-11-07,8.8,72.5,0.1,0.0,18.8,37.4
Köln,Union Berlin,2021-11-07,8.6,80.5,0.0,0.0,20.1,36.7
Greuther Fürth,Eintracht Frankfurt,2021-11-07,6.2,91.0,0.0,0.0,15.2,29.2
Augsburg,Bayern Munich,2021-11-19,2.9,95.5,0.0,0.0,8.0,15.1
Dortmund,Stuttgart,2021-11-20,9.6,81.0,0.0,0.0,11.0,24.1
Leverkusen,Bochum,2021-11-20,9.1,84.5,0.0,0.0,4.6,12.6
Hoffenheim,RB Leipzig,2021-11-20,7.0,84.5,0.0,0.0,4.8,14.0
Arminia,Wolfsburg,2021-11-20,9.3,88.5,0.0,0.0,16.6,33.5
Gladbach,Greuther Fürth,2021-11-20,9.4,82.0,0.0,0.0,8.1,19.8
Union Berlin,Hertha BSC,2021-11-20,10.0,80.5,0.0,0.0,20.7,36.0
Freiburg,Eintracht Frankfurt,2021-11-21,4.9,87.0,0.0,0.0,5.6,12.2
Mainz 05,Köln,2021-11-21,5.8,96.0,0.3,0.0,2.8,6.5
Stuttgart,Mainz 05,2021-11-26,1.8,79.5,0.0,0.0,15.6,31.0
Köln,Gladbach,2021-11-27,3.0,77.0,0.0,0.0,9.4,21.2
Bochum,Freiburg,2021-11-27,2.1,88.0,0.0,0.0,8.4,20.5
Greuther Fürth,Hoffenheim,2021-11-27,2.6,86.5,0.4,0.0,7.2,17.3
Hertha BSC,Augsburg,2021-11-27,2.3,92.0,0.7,0.0,11.8,22.0
Wolfsburg,Dortmund,2021-11-27,3.8,86.0,0.3,0.0,7.7,16.6
Bayern Munich,Arminia,2021-11-27,1.8,77.5,0.0,0.0,11.2,25.6
Eintracht Frankfurt,Union Berlin,2021-11-28,2.6,93.0,0.4,0.1,2.9,11.5
RB Leipzig,Leverkusen,2021-11-28,-1.5,94.0,0.0,0.0,8.4,12.2
Union Berlin,RB Leipzig,2021-12-03,1.6,74.0,0.2,0.1,26.0,45.4
Augsburg,Bochum,2021-12-04,5.6,87.0,1.7,0.0,28.8,59.4
Leverkusen,Greuther Fürth,2021-12-04,4.1,95.5,3.1,0.0,11.5,25.6
Mainz 05,Wolfsburg,2021-12-04,2.2,97.5,2.1,0.0,3.4,12.6
Arminia,Köln,2021-12-04,3.1,89.5,1.4,0.0,11.9,26.6
Hoffenheim,Eintracht Frankfurt,2021-12-04,7.8,92.5,2.4,0.0,19.5,40.7
Dortmund,Bayern Munich,2021-12-04,3.4,96.0,1.4,0.0,17.7,37.8
Stuttgart,Hertha BSC,2021-12-05,2.8,92.5,0.3,0.1,5.7,13.0
Gladbach,Freiburg,2021-12-05,2.4,97.5,0.0,0.0,4.7,8.6
Köln,Augsburg,2021-12-10,1.0,93.5,0.0,0.0,5.8,8.3
Hertha BSC,Arminia,2021-12-11,-1.6,95.0,0.0,0.0,8.0,14.0
Freiburg,Hoffenheim,2021-12-11,3.4,89.5,0.5,0.0,9.7,23.0
RB Leipzig,Gladbach,2021-12-11,0.2,97.0,0.0,0.0,5.8,13.0
Bochum,Dortmund,2021-12-11,3.6,94.0,0.0,0.0,7.8,13.7
Bayern Munich,Mainz 05,2021-12-11,0.8,89.0,0.0,0.0,12.2,25.6
Wolfsburg,Stuttgart,2021-12-11,0.2,88.0,0.0,0.0,14.4,26.6
Greuther Fürth,Union Berlin,2021-12-12,3.1,80.5,0.6,0.0,6.9,14.0
Eintracht Frankfurt,Leverkusen,2021-12-12,4.9,90.5,0.0,0.0,15.2,28.8
Stuttgart,Bayern Munich,2021-12-14,6.4,96.0,0.0,0.0,7.0,14.4
Arminia,Bochum,2021-12-14,7.4,97.0,0.2,0.0,12.6,25.2
Wolfsburg,Köln,2021-12-14,7.4,93.0,0.0,0.0,12.2,22.7
Mainz 05,Hertha BSC,2021-12-14,2.0,98.0,0.0,0.0,4.1,9.4
Gladbach,Eintracht Frankfurt,2021-12-15,7.4,97.0,0.0,0.0,10.4,22.7
Union Berlin,Freiburg,2021-12-15,7.8,90.5,0.1,0.0,16.7,28.8
Dortmund,Greuther Fürth,2021-12-15,8.0,95.5,0.0,0.0,11.6,21.2
Augsburg,RB Leipzig,2021-12-15,3.0,97.0,0.0,0.0,4.9,10.1
Leverkusen,Hoffenheim,2021-12-15,7.0,96.5,0.0,0.0,5.2,14.0
Bayern Munich,Wolfsburg,2021-12-17,0.4,97.5,0.0,0.0,5.4,9.7
Eintracht Frankfurt,Mainz 05,2021-12-18,3.6,91.5,0.0,0.0,2.9,6.8
Greuther Fürth,Augsburg,2021-12-18,3.0,91.0,0.0,0.0,5.8,14.4
RB Leipzig,Arminia,2021-12-18,5.8,92.0,0.0,0.0,14.4,25.6
Hoffenheim,Gladbach,2021-12-18,2.8,91.5,0.0,0.0,6.3,17.6
Bochum,Union Berlin,2021-12-18,6.4,96.5,0.0,0.0,6.9,13.3
Hertha BSC,Dortmund,2021-12-18,6.4,94.5,0.0,0.0,16.6,29.9
Freiburg,Leverkusen,2021-12-19,1.8,96.5,0.0,0.0,3.2,9.7
Köln,Stuttgart,2021-12-19,5.6,91.5,0.0,0.0,12.6,23.0
Bayern Munich,Gladbach,2022-01-07,0.1,83.5,0.1,0.1,14.9,30.6
Greuther Fürth,Stuttgart,2022-01-08,0.3,71.5,0.0,0.0,8.0,31.3
Hoffenheim,Augsburg,2022-01-08,2.8,69.5,0.1,0.0,10.7,34.9
RB Leipzig,Mainz 05,2022-01-08,1.0,85.5,0.0,0.0,10.9,20.2
Leverkusen,Union Berlin,2022-01-08,2.5,89.5,1.4,0.3,25.3,46.4
Freiburg,Arminia,2022-01-08,5.0,58.0,0.1,0.0,17.1,49.0
Eintracht Frankfurt,Dortmund,2022-01-08,2.6,84.0,0.1,0.0,18.0,32.8
Hertha BSC,Köln,2022-01-09,1.9,89.0,0.0,0.0,7.0,17.3
Bochum,Wolfsburg,2022-01-09,2.9,92.5,0.0,0.0,14.0,26.3
Dortmund,Freiburg,2022-01-14,2.5,94.5,0.0,0.0,3.2,9.7
Union Berlin,Hoffenheim,2022-01-15,1.8,88.0,0.0,0.0,5.6,20.9
Köln,Bayern Munich,2022-01-15,2.7,90.0,0.0,0.0,12.4,24.1
Stuttgart,RB Leipzig,2022-01-15,2.8,94.0,0.0,0.0,7.7,15.1
Mainz 05,Bochum,2022-01-15,1.2,97.0,0.0,0.0,5.9,13.7
Wolfsburg,Hertha BSC,2022-01-15,4.0,86.5,0.0,0.0,4.2,10.1
Gladbach,Leverkusen,2022-01-15,1.5,95.5,0.0,0.0,12.1,22.3
Augsburg,Eintracht Frankfurt,2022-01-16,2.0,80.5,0.1,0.0,14.5,39.2
Arminia,Greuther Fürth,2022-01-16,4.1,91.0,0.1,0.0,19.6,39.2
Eintracht Frankfurt,Arminia,2022-01-21,3.6,85.5,0.0,0.0,13.2,27.7
Freiburg,Stuttgart,2022-01-22,4.1,69.0,0.0,0.0,0.9,11.2
Gladbach,Union Berlin,2022-01-22,5.1,93.0,0.0,0.0,13.3,30.2
Greuther Fürth,Mainz 05,2022-01-22,3.0,97.0,0.1,0.0,16.1,31.3
Leverkusen,Augsburg,2022-01-22,5.2,95.0,0.1,0.0,12.9,25.9
Hoffenheim,Dortmund,2022-01-22,3.2,93.0,0.0,0.0,13.7,29.5
Bochum,Köln,2022-01-22,4.8,95.5,0.1,0.0,10.0,20.2
RB Leipzig,Wolfsburg,2022-01-23,4.9,93.0,0.0,0.0,8.2,17.6
Hertha BSC,Bayern Munich,2022-01-23,5.4,95.0,0.0,0.0,6.2,11.5
Hertha BSC,Bochum,2022-02-04,6.7,81.0,1.0,0.0,24.8,47.5
Augsburg,Union Berlin,2022-02-05,3.8,56.5,0.0,0.0,16.8,38.2
Arminia,Gladbach,2022-02-05,4.8,74.5,0.0,0.0,25.6,59.8
Mainz 05,Hoffenheim,2022-02-05,4.9,69.0,0.0,0.0,17.6,42.8
Stuttgart,Eintracht Frankfurt,2022-02-05,6.4,58.0,0.0,0.0,12.0,35.6
Köln,Freiburg,2022-02-05,6.4,58.5,0.0,0.0,19.9,43.6
Bayern Munich,RB Leipzig,2022-02-05,1.2,65.5,0.0,0.0,13.2,24.5
Dortmund,Leverkusen,2022-02-06,6.0,86.5,0.7,0.0,28.9,57.6
Wolfsburg,Greuther Fürth,2022-02-06,4.2,90.0,0.2,0.0,23.6,50.0
RB Leipzig,Köln,2022-02-11,2.8,87.5,0.3,0.0,19.6,36.0
Freiburg,Mainz 05,2022-02-12,3.6,74.5,0.0,0.0,4.2,13.7
Bochum,Bayern Munich,2022-02-12,5.2,61.5,0.0,0.0,16.2,36.0
Greuther Fürth,Hertha BSC,2022-02-12,4.6,59.0,0.0,0.0,9.5,27.0
Eintracht Frankfurt,Wolfsburg,2022-02-12,5.8,65.5,0.0,0.0,6.8,15.8
Gladbach,Augsburg,2022-02-12,6.1,55.5,0.0,0.0,12.2,30.2
Leverkusen,Stuttgart,2022-02-12,2.4,73.5,0.0,0.0,16.6,29.5
Union Berlin,Dortmund,2022-02-13,6.5,62.0,0.0,0.0,17.5,33.5
Hoffenheim,Arminia,2022-02-13,3.5,63.0,0.0,0.0,12.8,24.5
Mainz 05,Leverkusen,2022-02-18,6.8,61.0,0.0,0.0,32.4,70.9
Arminia,Union Berlin,2022-02-19,6.0,53.0,0.0,0.0,24.9,55.4
Wolfsburg,Hoffenheim,2022-02-19,6.0,49.5,0.0,0.0,23.4,68.8
Augsburg,Freiburg,2022-02-19,6.5,41.0,0.0,0.0,17.2,44.3
Stuttgart,Bochum,2022-02-19,8.0,45.5,0.0,0.0,16.7,42.8
Köln,Eintracht Frankfurt,2022-02-19,6.2,63.5,0.3,0.0,23.9,43.9
Bayern Munich,Greuther Fürth,2022-02-20,9.0,55.5,0.0,0.0,28.0,58.7
Dortmund,Gladbach,2022-02-20,8.8,88.0,2.8,0.0,34.8,65.9
Hertha BSC,RB Leipzig,2022-02-20,7.8,87.0,1.1,0.0,27.4,49.7
Hoffenheim,Stuttgart,2022-02-25,1.4,86.0,0.0,0.0,9.4,20.9
Leverkusen,Arminia,2022-02-26,6.4,63.5,0.0,0.0,5.0,14.8
Greuther Fürth,Köln,2022-02-26,4.2,66.5,0.0,0.0,5.9,18.4
Gladbach,Wolfsburg,2022-02-26,5.6,63.0,0.0,0.0,8.4,19.4
Freiburg,Hertha BSC,2022-02-26,7.0,44.0,0.0,0.0,12.6,27.0
Union Berlin,Mainz 05,2022-02-26,5.8,72.0,0.0,0.0,7.4,24.5
Eintracht Frankfurt,Bayern Munich,2022-02-26,1.3,81.0,0.0,0.0,7.8,11.2
Bochum,RB Leipzig,2022-02-27,8.1,50.5,0.0,0.0,15.7,31.3
Augsburg,Dortmund,2022-02-27,1.4,56.0,0.0,0.0,14.4,33.8
Arminia,Augsburg,2022-03-04,-1.2,87.0,0.0,0.0,13.0,25.9
Bayern Munich,Leverkusen,2022-03-05,3.0,39.0,0.0,0.0,15.3,33.8
Bochum,Greuther Fürth,2022-03-05,8.2,48.0,0.0,0.0,4.5,14.8
Hertha BSC,Eintracht Frankfurt,2022-03-05,2.6,65.0,0.0,0.0,10.4,22.0
Wolfsburg,Union Berlin,2022-03-05,4.5,54.0,0.0,0.0,8.3,21.2
RB Leipzig,Freiburg,2022-03-05,4.0,52.5,0.0,0.0,7.4,17.3
Stuttgart,Gladbach,2022-03-05,-0.2,63.5,0.0,0.0,7.7,14.4
Köln,Hoffenheim,2022-03-06,3.2,59.5,0.0,0.0,13.0,28.8
Freiburg,Wolfsburg,2022-03-12,12.2,61.0,0.0,0.0,12.9,29.9
Hoffenheim,Bayern Munich,2022-03-12,12.5,49.0,0.0,0.0,7.0,17.3
Union Berlin,Stuttgart,2022-03-12,8.5,39.0,0.0,0.0,19.0,34.9
Gladbach,Hertha BSC,2022-03-12,10.2,70.0,0.0,0.0,14.6,30.2
Leverkusen,Köln,2022-03-13,14.6,48.5,0.0,0.0,16.8,33.8
Dortmund,Arminia,2022-03-13,11.4,55.0,0.0,0.0,11.6,21.6
Eintracht Frankfurt,Bochum,2022-03-13,9.7,61.5,0.0,0.0,8.1,15.8
Greuther Fürth,RB Leipzig,2022-03-13,2.4,59.0,0.0,0.0,9.4,15.1
Mainz 05,Dortmund,2022-03-16,8.7,72.0,0.0,0.0,15.4,31.7
Bochum,Gladbach,2022-03-18,6.6,76.5,0.0,0.0,14.0,27.0
Greuther Fürth,Freiburg,2022-03-19,7.0,61.0,0.0,0.0,16.2,38.2
Stuttgart,Augsburg,2022-03-19,8.1,57.0,0.1,0.0,19.5,44.3
Hertha BSC,Hoffenheim,2022-03-19,9.3,53.0,0.0,0.0,20.2,42.5
Mainz 05,Arminia,2022-03-19,8.7,43.0,0.0,0.0,24.8,54.0
Bayern Munich,Union Berlin,2022-03-19,5.7,50.0,0.0,0.0,13.6,25.9
RB Leipzig,Eintracht Frankfurt,2022-03-20,10.6,36.5,0.0,0.0,21.2,46.4
Wolfsburg,Leverkusen,2022-03-20,8.9,39.5,0.0,0.0,22.8,44.6
Köln,Dortmund,2022-03-20,8.1,83.0,0.5,0.0,7.3,15.8
Union Berlin,Köln,2022-04-01,1.3,55.0,0.0,0.0,24.8,47.2
Freiburg,Bayern Munich,2022-04-02,2.0,71.0,0.4,0.3,17.5,36.4
Leverkusen,Hertha BSC,2022-04-02,4.6,55.0,0.0,0.0,16.1,35.6
Arminia,Stuttgart,2022-04-02,4.8,40.0,0.0,0.0,18.6,38.2
Eintracht Frankfurt,Greuther Fürth,2022-04-02,3.8,56.0,0.0,0.0,21.2,43.9
Hoffenheim,Bochum,2022-04-02,2.7,60.5,0.1,0.1,14.6,36.0
Dortmund,RB Leipzig,2022-04-02,2.6,52.5,0.0,0.0,8.8,18.7
Augsburg,Wolfsburg,2022-04-03,0.6,61.5,0.0,0.0,7.5,20.9
Gladbach,Mainz 05,2022-04-03,5.1,64.5,0.0,0.0,11.0,27.4
Augsburg,Mainz 05,2022-04-06,9.5,78.0,0.0,0.0,8.4,21.6
Stuttgart,Dortmund,2022-04-08,11.1,77.5,0.7,0.0,28.1,59.0
Wolfsburg,Arminia,2022-04-09,6.3,67.5,1.6,0.7,24.0,52.6
Greuther Fürth,Gladbach,2022-04-09,6.8,55.5,0.8,0.3,21.2,50.0
Köln,Mainz 05,2022-04-09,9.4,43.0,0.0,0.0,22.8,46.8
Bayern Munich,Augsburg,2022-04-09,7.0,41.0,0.0,0.0,18.4,40.3
Hertha BSC,Union Berlin,2022-04-09,5.2,63.5,0.0,0.0,15.6,33.8
Bochum,Leverkusen,2022-04-10,9.4,49.0,0.0,0.0,11.2,25.2
Eintracht Frankfurt,Freiburg,2022-04-10,8.1,65.5,0.0,0.0,4.6,17.6
RB Leipzig,Hoffenheim,2022-04-10,3.8,70.0,0.0,0.0,11.8,27.4
Freiburg,Bochum,2022-04-16,15.0,45.0,0.0,0.0,18.0,38.9
Augsburg,Hertha BSC,2022-04-16,10.0,52.5,0.0,0.0,14.0,31.7
Mainz 05,Stuttgart,2022-04-16,13.2,39.0,0.0,0.0,16.5,35.3
Dortmund,Wolfsburg,2022-04-16,12.6,41.5,0.0,0.0,18.4,36.7
Gladbach,Köln,2022-04-16,10.4,56.5,0.0,0.0,11.6,23.4
Arminia,Bayern Munich,2022-04-17,14.2,32.0,0.0,0.0,12.8,28.1
Hoffenheim,Greuther Fürth,2022-04-17,11.6,47.0,0.0,0.0,14.1,32.0
Union Berlin,Eintracht Frankfurt,2022-04-17,10.7,55.0,0.0,0.0,12.6,23.4
Leverkusen,RB Leipzig,2022-04-17,11.1,45.5,0.0,0.0,14.8,25.2
Wolfsburg,Mainz 05,2022-04-22,10.3,78.5,0.0,0.0,15.8,30.6
Freiburg,Gladbach,2022-04-23,15.0,68.5,0.1,0.0,5.8,21.6
Köln,Arminia,2022-04-23,16.6,50.0,0.0,0.0,21.0,44.3
Eintracht Frankfurt,Hoffenheim,2022-04-23,16.1,49.0,0.0,0.0,15.3,35.3
RB Leipzig,Union Berlin,2022-04-23,15.9,38.0,0.0,0.0,21.8,43.2
Greuther Fürth,Leverkusen,2022-04-23,14.4,55.0,0.0,0.0,17.6,38.9
Bayern Munich,Dortmund,2022-04-23,11.5,69.5,0.0,0.0,15.4,29.2
Bochum,Augsburg,2022-04-24,15.3,46.5,0.0,0.0,20.6,40.3
Hertha BSC,Stuttgart,2022-04-24,13.0,60.0,0.6,0.0,15.6,29.9
Union Berlin,Greuther Fürth,2022-04-29,11.8,49.0,0.0,0.0,7.8,10.8
Mainz 05,Bayern Munich,2022-04-30,11.6,66.0,0.0,0.0,15.0,32.8
Arminia,Hertha BSC,2022-04-30,12.1,51.5,0.0,0.0,8.3,23.0
Dortmund,Bochum,2022-04-30,12.8,49.5,0.0,0.0,10.1,22.0
Stuttgart,Wolfsburg,2022-04-30,11.4,82.5,0.2,0.0,14.6,33.5
Augsburg,Köln,2022-04-30,11.8,68.5,0.1,0.0,3.1,13.0
Hoffenheim,Freiburg,2022-04-30,9.8,89.5,2.6,0.0,7.2,18.0
Gladbach,RB Leipzig,2022-05-02,12.0,58.0,0.0,0.0,14.0,30.6
Leverkusen,Eintracht Frankfurt,2022-05-02,12.6,59.5,0.0,0.0,11.9,20.9
Bochum,Arminia,2022-05-06,13.2,72.5,0.0,0.0,5.4,6.8
Freiburg,Union Berlin,2022-05-07,20.2,41.5,0.0,0.0,10.8,31.7
Greuther Fürth,Dortmund,2022-05-07,19.2,44.5,0.0,0.0,9.4,20.5
Köln,Wolfsburg,2022-05-07,19.8,52.0,0.2,0.0,10.5,28.8
Hoffenheim,Leverkusen,2022-05-07,20.0,43.0,0.0,0.0,9.0,21.6
Hertha BSC,Mainz 05,2022-05-07,17.2,56.0,0.0,0.0,11.0,19.8
Eintracht Frankfurt,Gladbach,2022-05-08,20.4,49.5,0.1,0.0,14.0,35.6
Bayern Munich,Stuttgart,2022-05-08,15.6,65.0,0.0,0.0,11.8,28.8
RB Leipzig,Augsburg,2022-05-08,13.6,39.0,0.0,0.0,9.7,16.6
Leverkusen,Freiburg,2022-05-14,22.0,40.0,0.0,0.0,4.9,16.9
Gladbach,Hoffenheim,2022-05-14,22.0,41.0,0.0,0.0,5.3,19.1
Stuttgart,Köln,2022-05-14,21.8,47.5,0.0,0.0,8.7,20.2
Arminia,RB Leipzig,2022-05-14,20.7,40.5,0.0,0.0,11.4,27.0
Dortmund,Hertha BSC,2022-05-14,20.8,44.0,0.0,0.0,8.1,22.0
Union Berlin,Bochum,2022-05-14,19.5,41.5,0.0,0.0,23.0,43.6
Wolfsburg,Bayern Munich,2022-05-14,19.6,41.0,0.0,0.0,18.8,42.1
Mainz 05,Eintracht Frankfurt,2022-05-14,24.0,27.5,0.0,0.0,6.0,19.8
Augsburg,Greuther Fürth,2022-05-14,21.0,42.5,0.0,0.0,7.2,20.2
