,diff_Per 90 Minutes_Gls,diff_Cotes,AvgCA,AvgCH,diff_manager_clean_sheet_pct,diff_pi_rating,home_pi_rating,attendance,Humidite_Moy_%,Vent_Moy_kmh,diff_Poss,AvgCAHH,home_Per 90 Minutes_Gls,Temp_Moy_C
0,-0.2799999999999998,3.3599999999999994,5.02,1.66,-8.799999999999999,0.0,0.0,73297.0,75.0,5.1,1.2000000000000028,1.82,1.11,14.3
1,-1.3200000000000003,-6.52,1.35,7.87,3.1999999999999993,0.0,0.0,30014.0,48.0,7.2,-17.1,1.99,0.92,22.2
2,0.0,0.98,3.23,2.25,5.0,0.0,0.0,29763.0,52.7,15.5,-7.299999999999997,1.93,1.5,18.9
3,0.3700000000000001,16.96,18.11,1.15,35.0,0.0,0.0,60261.0,41.7,8.0,8.799999999999997,1.99,1.76,21.9
4,-0.6499999999999999,-0.6800000000000002,2.38,3.06,4.199999999999999,0.0,0.0,39217.0,62.7,11.9,-11.399999999999999,1.83,1.03,17.4
5,1.08,5.94,7.33,1.39,-2.799999999999997,0.0,0.0,52196.0,56.7,18.4,2.799999999999997,1.82,1.74,18.7
6,-0.3400000000000001,0.3599999999999999,2.83,2.47,-14.800000000000004,0.0,0.0,62463.0,40.0,8.9,-2.1000000000000014,1.82,1.13,21.5
7,0.41999999999999993,-0.22999999999999998,2.62,2.85,-3.400000000000002,0.0,0.0,16988.0,36.3,14.6,5.100000000000001,2.05,1.71,23.6
8,-0.26,-1.6600000000000001,1.98,3.64,-14.8,0.0,0.0,39818.0,34.5,16.8,-4.199999999999996,1.9,1.61,24.6
9,-0.7400000000000001,-2.8600000000000003,1.71,4.57,-19.4,0.0,0.0,31977.0,74.7,29.8,-9.300000000000004,1.99,0.87,17.6
10,-0.29000000000000004,-2.92,1.74,4.66,-17.299999999999997,-0.04000000000000001,0.13,41587.0,53.0,19.6,-6.399999999999999,1.94,1.47,15.8
11,0.5199999999999999,2.33,4.21,1.88,11.899999999999999,-0.039999999999999994,-0.06999999999999999,25401.0,82.7,15.8,6.899999999999999,1.87,1.39,16.5
12,-0.84,0.6800000000000002,3.04,2.36,-3.1000000000000014,-0.039999999999999994,-0.06999999999999999,31150.0,60.7,20.2,7.299999999999997,2.03,0.66,18.2
13,0.5800000000000001,6.54,7.91,1.37,-0.5,0.36,0.03,61357.0,85.0,12.2,13.800000000000004,2.0,1.61,16.3
14,0.9500000000000001,26.41,27.5,1.09,8.600000000000001,0.45999999999999996,0.22999999999999998,53147.0,60.3,21.0,20.699999999999996,1.84,1.87,16.0
15,0.5699999999999998,0.3999999999999999,2.81,2.41,12.6,0.26,0.33,31537.0,86.0,16.0,-1.2000000000000028,2.09,1.68,16.2
16,0.16000000000000014,1.7400000000000002,3.72,1.98,17.200000000000003,0.06000000000000001,-0.06999999999999999,25099.0,85.7,15.9,-5.600000000000001,1.99,1.29,16.1
17,-0.24,0.07000000000000028,2.64,2.57,0.8999999999999986,-0.039999999999999994,0.03,11161.0,63.3,33.5,-2.799999999999997,1.92,1.5,17.2
18,-0.2200000000000002,-1.9800000000000002,1.91,3.89,-12.8,0.05999999999999997,-0.17,31235.0,68.3,29.8,-9.0,1.97,1.39,15.6
19,0.5300000000000002,10.6,11.82,1.22,-0.8999999999999986,0.15999999999999998,0.22999999999999998,60017.0,74.0,26.4,9.800000000000004,2.03,2.24,16.3
20,-0.6,-2.09,1.91,4.0,-20.200000000000003,-0.0003999999999999976,-0.1002,31725.0,59.3,23.4,-5.100000000000001,1.97,0.87,18.1
21,-0.7400000000000002,-5.92,1.4,7.32,-24.700000000000003,-0.3974,0.1003,62469.0,69.5,21.6,-12.899999999999999,1.99,1.13,18.4
22,-0.46999999999999986,-0.6299999999999999,2.4,3.03,9.600000000000001,-0.4979,-0.4977,29517.0,61.3,26.0,-11.699999999999996,1.81,0.92,19.3
23,0.1100000000000001,1.73,3.73,2.0,15.0,0.7001000000000001,0.0998,29918.0,53.0,23.4,-6.899999999999999,1.98,1.5,19.0
24,1.0499999999999998,2.62,4.42,1.8,4.800000000000001,0.10059999999999995,-0.09920000000000002,16955.0,56.3,25.8,-0.6000000000000014,2.02,1.71,20.1
25,0.08000000000000007,6.63,8.0,1.37,21.8,0.0010999999999999899,0.39980000000000004,60326.0,56.0,25.2,4.600000000000001,2.05,1.76,19.6
26,-0.47,-0.5299999999999998,2.43,2.96,7.399999999999999,-0.6984,-0.6982,38805.0,54.7,18.2,-7.600000000000001,1.81,1.03,19.5
27,0.32000000000000006,3.32,4.97,1.65,-7.300000000000001,0.5006,0.20030000000000003,39298.0,59.5,16.4,14.300000000000004,1.8,1.61,26.6
28,0.1299999999999999,0.18000000000000016,2.64,2.46,-7.799999999999997,-0.2984,0.0998,52211.0,89.5,17.8,-3.4000000000000057,1.88,1.74,15.8
29,-1.1300000000000001,-1.61,1.95,3.56,-15.200000000000001,-0.39790000000000003,0.0012999999999999817,73738.0,87.0,12.5,-4.200000000000003,1.91,1.11,19.0
30,-0.1100000000000001,-0.9199999999999999,2.19,3.11,-2.8000000000000007,-0.041089000000000014,0.12670800000000002,11235.0,79.3,9.1,-8.600000000000001,1.95,1.5,12.8
31,0.43999999999999995,3.5600000000000005,5.24,1.68,0.30000000000000426,0.8549059999999999,0.030198000000000003,41573.0,64.0,15.1,9.600000000000001,1.85,1.47,15.2
32,0.42000000000000004,3.5999999999999996,5.27,1.67,22.6,-0.037598999999999994,-0.267797,25147.0,51.3,14.5,-2.6000000000000014,1.85,1.29,17.9
33,0.16000000000000014,12.66,13.85,1.19,10.900000000000002,0.655416,0.7257129999999999,52148.0,61.7,19.4,13.399999999999999,2.0,1.87,18.1
34,0.26,0.8199999999999998,3.15,2.33,6.5,0.1554235,0.027710500000000006,26528.0,49.3,14.7,3.8999999999999986,2.0,1.39,18.3
35,0.7599999999999999,5.0,6.48,1.48,-5.800000000000001,0.9539160000000001,0.4287055000000001,41573.0,58.0,13.4,11.699999999999996,1.8,1.68,15.7
36,-0.45000000000000007,-2.3900000000000006,1.8,4.19,11.299999999999999,-0.04258649999999997,-0.369297,31144.0,60.0,12.8,-5.0,1.86,0.66,16.0
37,0.7400000000000002,10.76,11.99,1.23,0.8000000000000007,0.660911,0.7272105,60344.0,62.7,21.3,16.5,1.84,2.24,17.5
38,-0.1499999999999999,-0.2400000000000002,2.53,2.77,-18.1,-0.04308650000000003,0.326708,61645.0,59.3,16.3,-2.1999999999999957,2.01,1.61,18.5
39,-0.3500000000000001,-1.5499999999999998,2.04,3.59,-9.100000000000001,-0.7380915,-0.5667995,30255.0,81.0,13.2,-3.1999999999999957,1.84,1.39,15.6
40,-0.16000000000000003,1.46,3.57,2.11,-19.9,0.690047475,-0.200385995,31765.0,78.3,15.9,4.5,1.82,0.87,19.0
41,0.17999999999999994,-0.41000000000000014,2.44,2.85,19.5,-0.3006855725,-0.297609005,25172.0,66.5,10.0,-10.700000000000003,1.78,1.29,20.2
42,0.08000000000000007,3.66,5.28,1.62,17.700000000000003,0.7890325125000001,0.09592347,39978.0,75.0,12.1,2.3999999999999986,1.78,1.47,19.3
43,-0.26,0.5100000000000002,2.95,2.44,-7.100000000000001,-0.20864314750000007,-0.6990840675000001,31117.0,64.7,13.9,7.899999999999999,2.08,0.66,21.2
44,-0.09999999999999987,4.720000000000001,6.19,1.47,0.1999999999999993,0.19334935250000002,0.1969234325,61246.0,55.0,15.8,6.800000000000004,1.97,1.61,22.5
45,0.7400000000000002,9.120000000000001,10.38,1.26,5.800000000000001,0.5969924999999999,0.5939059449999999,60347.0,66.0,18.6,9.200000000000003,1.84,2.24,20.4
46,-0.3500000000000001,-0.43999999999999995,2.45,2.89,0.29999999999999716,-0.30066816,-0.003066617499999997,25700.0,57.7,15.2,1.0,1.79,1.39,22.6
47,-0.4800000000000002,-1.5299999999999998,2.0,3.53,-9.900000000000002,-0.39452743749999997,-0.09693588249999999,62473.0,55.5,13.2,-8.700000000000003,1.86,1.13,23.0
48,0.17999999999999994,2.49,4.33,1.84,-1.8000000000000007,0.19433186500000005,0.39393592000000005,31444.0,84.7,16.9,11.099999999999994,2.07,1.68,18.3
49,0.1100000000000001,3.2,4.98,1.78,-7.399999999999999,0.29285685249999993,0.79243592,52846.0,86.0,24.5,4.399999999999999,2.02,1.87,15.9
50,-0.8500000000000003,-7.390000000000001,1.32,8.71,-15.8,-1.7200848624375,-0.8591638799375001,31413.0,75.5,6.1,-9.600000000000001,2.01,1.39,10.6
51,-0.26,-0.10000000000000009,2.65,2.75,-2.700000000000003,-0.5308776554875,-0.856983232625,38954.0,70.7,19.8,-1.8999999999999986,1.99,1.03,12.3
52,0.89,14.450000000000001,15.65,1.2,37.5,0.7648795841375,0.5310433517625001,60323.0,58.7,11.2,11.5,1.81,1.76,13.2
53,0.5800000000000001,0.9700000000000002,3.2,2.23,13.8,0.25950407207500004,-0.16545917323750003,17050.0,57.7,9.9,-0.5,1.93,1.71,13.4
54,-0.06999999999999984,2.4899999999999998,4.26,1.77,-0.3999999999999986,0.26265465713749997,0.6256189178125,39495.0,57.7,10.9,4.800000000000004,1.95,1.61,13.4
55,0.1100000000000001,0.48999999999999977,3.03,2.54,5.600000000000001,0.06213899102500001,0.23057571432500001,30139.0,64.7,15.5,-11.099999999999994,1.81,1.5,12.6
56,-0.13000000000000012,-3.2800000000000002,1.67,4.95,-18.5,-0.6348734340375,0.12609820170000002,52248.0,64.5,16.0,-10.0,2.04,1.74,11.9
57,-0.5499999999999999,-1.5899999999999999,2.06,3.65,1.2999999999999972,-0.7234624431750001,-0.4614841357375,29943.0,61.7,24.9,-9.899999999999999,1.82,0.92,13.7
58,-0.5,1.1300000000000003,3.24,2.11,-16.299999999999997,-0.3343835461,0.03157313963750001,73587.0,63.5,25.0,-1.2000000000000028,1.85,1.11,13.3
59,0.84,4.58,6.1,1.52,-1.8999999999999986,0.4579392592625001,-0.2701015925,11243.0,79.3,22.8,0.0,1.83,1.5,12.3
60,-0.71,-1.69,1.98,3.67,8.299999999999997,-0.88360141321775,-0.7843288443475624,39265.0,64.5,21.5,-10.399999999999999,1.87,1.03,14.2
61,0.32000000000000006,1.52,3.57,2.05,16.7,0.7838067620274376,-0.19675669359787504,16960.0,57.7,16.5,-0.20000000000000284,2.06,1.71,15.9
62,-0.63,-1.46,2.04,3.5,-12.5,-0.2976205456580001,-0.40001183445431254,31706.0,60.3,22.0,-3.1000000000000014,1.84,0.87,15.5
63,1.1,14.13,15.31,1.18,23.1,1.5929701093080002,0.6972189538418125,60307.0,57.3,17.9,8.399999999999999,1.87,1.76,15.9
64,0.20999999999999985,2.0700000000000003,3.98,1.91,-16.1,0.09420109856949993,-0.3936657249521251,62467.0,56.0,17.4,7.799999999999997,1.9,1.13,16.1
65,-0.9500000000000002,-3.3600000000000003,1.67,5.03,4.300000000000001,-1.38108052360275,-0.3987599654149375,25185.0,57.5,17.4,-14.900000000000006,2.03,1.29,16.3
66,0.4800000000000002,9.67,10.93,1.26,18.200000000000003,0.48904985031218745,0.7877972685673125,53017.0,61.3,19.6,9.0,1.97,1.87,15.8
67,0.1100000000000001,4.84,6.34,1.5,-2.1999999999999993,0.6940406251569375,0.7943056445268125,39501.0,76.3,19.0,15.899999999999999,2.07,1.61,14.8
68,0.3599999999999999,0.8599999999999999,3.06,2.2,17.1,0.585115937853625,0.288360995221625,42682.0,87.3,18.3,-3.0,1.91,1.47,12.8
69,0.06999999999999984,-0.6200000000000001,2.27,2.89,-3.6999999999999993,-0.5000072340463126,0.19427753396068753,31487.0,90.0,21.0,-2.4000000000000057,1.88,1.68,15.7
70,-0.26,-3.0799999999999996,1.77,4.85,-25.0,-1.033133494819875,-0.17387939152460247,11235.0,84.0,11.2,-8.399999999999999,1.89,1.5,13.0
71,-0.10999999999999999,0.6699999999999999,3.05,2.38,1.6000000000000014,0.05251501925269619,-0.7573958180287775,29862.0,79.3,14.1,-0.29999999999999716,2.03,0.92,15.2
72,-0.08000000000000007,0.41000000000000014,2.89,2.48,-8.300000000000004,-0.024242748025670946,0.23119266750668593,26743.0,68.3,11.2,1.7999999999999972,2.11,1.39,16.0
73,-0.20999999999999996,1.1199999999999997,3.32,2.2,14.399999999999999,-0.7292625731936251,-1.0577863049196476,31145.0,65.0,10.6,3.1000000000000014,1.89,0.66,16.0
74,0.06000000000000005,2.8699999999999997,4.6,1.73,-4.099999999999998,-0.1419230083268203,0.12485456180409878,52220.0,71.3,10.7,-1.0,1.91,1.74,14.2
75,0.4800000000000002,4.72,6.17,1.45,14.0,0.7459214622817412,0.6217847318367685,61381.0,77.0,13.2,6.300000000000004,1.9,1.61,15.6
76,-0.5999999999999999,3.03,4.72,1.69,-16.1,-0.23315363553471968,-0.2638293629427319,73738.0,71.3,9.6,5.600000000000001,1.84,1.11,14.3
77,-0.4800000000000002,-6.950000000000001,1.35,8.3,-27.6,-2.001996441130927,-1.1466444218151755,31319.0,71.3,30.2,-13.199999999999996,1.87,1.39,15.6
78,0.6300000000000001,2.96,4.63,1.67,3.0,0.34457971416877076,1.1054151555697986,60277.0,61.0,40.3,0.6000000000000014,1.83,2.24,14.6
79,0.20999999999999996,0.8700000000000001,3.23,2.36,-5.100000000000001,0.6555897852925835,0.1337352224956597,29443.0,91.3,16.4,-1.5999999999999943,2.01,1.5,10.2
80,-0.63,-0.5099999999999998,2.45,2.96,-17.5,-0.40262731816118746,-0.20217004459199067,31879.0,92.7,8.8,4.199999999999996,1.78,0.87,13.4
81,-0.3599999999999999,-0.1299999999999999,2.63,2.76,8.0,-0.5809621434320246,-0.5796482621852103,38742.0,80.5,10.0,-11.399999999999999,1.97,1.03,11.0
82,-0.030000000000000027,2.5100000000000002,4.32,1.81,7.700000000000003,0.4840279258427316,0.4853142017922285,42165.0,78.0,9.3,2.0,2.02,1.47,13.2
83,1.21,19.439999999999998,20.56,1.12,15.700000000000003,2.1594820291637764,0.9753420371100969,52844.0,74.0,12.8,12.799999999999997,1.91,1.87,13.2
84,0.29000000000000004,4.1,5.67,1.57,13.2,1.6627023946988058,0.39606795508928494,31840.0,92.3,6.8,4.199999999999996,1.95,1.68,14.2
85,0.7899999999999999,3.41,5.07,1.66,-2.3000000000000007,0.8858168975393552,-0.10184149558568582,17109.0,91.7,3.1,7.299999999999997,1.83,1.71,13.6
86,-0.4800000000000002,1.06,3.32,2.26,19.2,-0.48960382117778156,0.6840884358211732,60383.0,79.0,5.8,-0.8000000000000043,1.93,1.76,12.2
87,0.019999999999999796,-1.15,2.15,3.3,2.299999999999999,-0.19774352836850562,-0.3904071231335639,62474.0,66.3,3.2,-5.100000000000001,2.01,1.13,14.0
88,-0.32000000000000006,-1.8,1.93,3.73,3.200000000000003,-1.4766317383958207,-0.5885766138704609,25108.0,67.3,3.8,-11.900000000000006,1.94,1.29,14.2
89,-0.1299999999999999,2.37,4.16,1.79,3.6999999999999993,0.6969941631261389,0.6925583399718718,39526.0,66.0,3.6,5.800000000000004,1.98,1.61,14.1
90,-0.020000000000000018,-2.04,1.95,3.99,-25.9,-0.7274873072656985,-0.07095085233863643,52249.0,87.0,15.6,-5.600000000000001,1.91,1.74,12.6
91,0.3700000000000001,1.73,3.78,2.05,12.100000000000001,0.7478625424701122,0.4284441369783909,30112.0,86.7,8.3,-7.199999999999996,2.04,1.5,12.6
92,0.050000000000000044,0.6100000000000003,2.97,2.36,21.5,-0.6230724006361595,-1.0532293086373443,29874.0,82.7,12.4,-4.799999999999997,2.03,0.92,13.0
93,-0.3700000000000001,-4.28,1.55,5.83,-17.6,-1.0008382113855674,0.03370641557871059,11231.0,87.7,18.8,-12.799999999999997,1.97,1.5,13.4
94,0.5600000000000003,6.11,7.49,1.38,2.6000000000000014,0.843489794777275,1.201244237893066,60331.0,84.3,10.8,5.400000000000006,1.98,2.24,12.3
95,-0.37,0.009999999999999787,2.71,2.7,-5.5,-0.6365991304398104,-1.2433425819078605,31143.0,81.7,11.7,7.600000000000001,1.94,0.66,13.8
96,0.09999999999999987,0.5999999999999996,3.03,2.43,-20.1,-0.7171274724575449,-1.2283209276360267,31124.0,91.0,6.6,5.300000000000004,2.08,1.39,11.6
97,0.14000000000000012,1.67,3.61,1.94,-0.8000000000000043,0.3577779036703659,0.8106719658333807,61253.0,76.0,12.4,4.200000000000003,1.94,1.61,12.8
98,-0.5,-0.06999999999999984,2.58,2.65,-12.200000000000001,-1.022725681563142,-0.26365231240690085,73813.0,82.0,3.9,-3.6000000000000014,1.97,1.11,11.2
99,-0.32000000000000006,1.6,3.62,2.02,-7.300000000000001,0.06467965060303675,0.02840907052965416,24931.0,89.7,9.0,4.399999999999999,2.0,1.39,11.1
100,0.7700000000000002,4.93,6.41,1.48,-1.9000000000000021,1.082343837237813,1.2670267889191795,60292.0,77.0,9.2,7.200000000000003,2.04,2.24,7.1
101,-0.19000000000000017,-2.3100000000000005,1.8,4.11,-14.400000000000002,-0.6675685438176728,0.2919718920896773,31715.0,85.5,6.8,-9.0,1.87,1.68,8.4
102,0.7299999999999999,2.0100000000000002,3.93,1.92,-11.899999999999999,-0.08457570401807746,-1.254735290273739,31403.0,73.3,3.8,-0.3999999999999986,1.92,1.39,7.1
103,-0.09999999999999987,-1.0900000000000003,2.26,3.35,10.700000000000003,-0.5828647648174085,-0.4847790925407695,25142.0,74.0,5.8,-9.5,1.93,1.29,8.6
104,0.09999999999999987,1.33,3.49,2.16,-14.5,0.09424735434087839,-0.5856790927793708,62463.0,72.0,5.1,7.5,1.85,1.13,8.6
105,0.20999999999999996,0.06000000000000005,2.66,2.6,6.699999999999999,-0.21465778845600586,-0.10594718182036741,16587.0,74.0,4.6,-0.6000000000000014,1.92,1.71,8.5
106,-0.1499999999999999,-0.5999999999999996,2.41,3.01,-22.2,0.2010607223576918,0.7839597407484254,39780.0,91.0,7.7,0.20000000000000284,1.81,1.61,11.0
107,0.2400000000000001,7.539999999999999,8.87,1.33,3.0999999999999996,0.1147335860052805,-0.2885386839990851,73829.0,89.7,9.6,8.100000000000001,1.9,1.11,11.9
108,-0.24,-0.08999999999999986,2.67,2.76,5.899999999999999,0.6920182400683482,0.6947048242660403,30145.0,86.7,13.9,-10.099999999999994,1.99,1.5,11.9
109,0.6900000000000001,9.31,10.56,1.25,-2.1000000000000014,2.1589970229491926,1.078883076315029,61505.0,87.7,9.1,14.100000000000001,1.84,1.61,10.4
110,0.17999999999999994,3.22,4.95,1.73,-2.3999999999999986,0.7319594395842381,0.02009467086755573,42175.0,92.3,32.6,7.700000000000003,1.92,1.47,12.5
111,0.26,5.53,6.94,1.41,10.700000000000003,-0.05188549801202136,0.8862025931882617,52478.0,93.0,18.1,6.599999999999994,2.03,1.87,12.7
112,-0.6799999999999999,0.77,3.13,2.36,0.6999999999999993,-0.6145813174704574,-0.6494552103485448,38915.0,88.0,20.6,-7.0,2.01,1.03,13.1
113,-0.17999999999999994,0.3799999999999999,2.84,2.46,-3.1999999999999993,-0.32767241711540723,0.037637317693358416,11196.0,92.0,47.5,-3.799999999999997,1.79,1.5,13.7
114,0.26,7.02,8.43,1.41,20.0,0.15265958893682352,0.6139043220025221,60298.0,89.7,27.8,15.699999999999996,1.93,1.76,11.1
115,-0.7400000000000001,-5.46,1.45,6.91,-15.3,-1.4256530392109763,-0.6726986020743393,31880.0,93.5,34.2,-11.700000000000003,1.9,0.87,10.2
116,0.0,4.3,5.85,1.55,9.399999999999999,1.4094837602062007,0.32517134845255197,26685.0,89.0,28.7,4.199999999999996,1.9,1.39,11.3
117,-1.58,-7.799999999999999,1.32,9.12,-3.900000000000002,-2.7721975345087424,-1.340582464775752,31278.0,74.0,37.5,-9.200000000000003,1.97,0.66,16.5
118,-0.19000000000000006,-3.3899999999999997,1.67,5.06,18.4,-0.9202066095903061,-0.9393189615194176,30017.0,66.5,38.5,-12.899999999999999,2.04,0.92,16.0
119,0.6100000000000001,5.03,6.5,1.47,6.200000000000003,0.852297004949109,0.2361466753980338,52094.0,75.0,25.7,2.8999999999999986,1.99,1.74,6.6
120,1.02,5.9,7.29,1.39,1.3000000000000007,1.9503928498263972,0.4936713727231886,31542.0,73.0,23.3,3.799999999999997,2.0,1.68,9.6
121,-0.6300000000000001,-5.93,1.44,7.37,-32.1,-1.2650298685841674,-0.38188884452632965,62475.0,95.5,11.4,-8.5,1.9,1.13,11.9
122,0.58,3.1400000000000006,4.86,1.72,-4.0,1.1567259594818489,0.19200803101038272,30237.0,92.3,12.4,0.6000000000000014,1.9,1.5,12.6
123,-0.44999999999999996,-1.0099999999999998,2.24,3.25,11.0,-0.6800901618920495,-0.6782049715187612,25101.0,91.0,10.8,-8.5,1.94,1.29,13.0
124,-0.1100000000000001,-0.08999999999999986,2.62,2.71,-10.0,-0.656540672731553,-0.7472649929526176,26685.0,93.0,16.8,-0.3999999999999986,1.96,1.39,12.7
125,0.84,3.6599999999999993,5.27,1.61,19.2,0.7876235374128447,-0.00794679946543967,17084.0,90.0,9.8,2.5,2.01,1.71,13.3
126,0.2200000000000002,1.61,3.56,1.95,7.5,1.379704734058702,1.367828663710223,61141.0,95.5,14.6,2.4000000000000057,1.95,1.61,11.8
127,0.3700000000000001,1.46,3.5,2.04,-11.8,1.0912920613821249,1.5477540820604467,60248.0,86.0,12.6,-3.5999999999999943,2.03,2.24,12.3
128,0.08000000000000007,4.06,5.68,1.62,-16.799999999999997,0.6826689187841296,0.006286615022936988,73817.0,89.0,12.1,12.600000000000001,2.05,1.11,13.2
129,0.14000000000000012,2.9400000000000004,4.66,1.72,-4.900000000000002,0.8893912982709475,0.8758261719405821,40853.0,93.5,15.2,6.600000000000001,1.9,1.61,12.6
130,-0.37,-0.98,2.29,3.27,-1.1000000000000014,-0.32412977796475584,-1.0289342986740568,29533.0,95.5,7.4,-2.1999999999999957,1.91,0.92,1.9
131,-0.2599999999999999,-0.6100000000000003,2.38,2.99,-5.399999999999999,-0.3560685240078114,-1.0616322191912202,30947.0,92.5,8.2,-3.0,1.82,0.87,2.0
132,0.6499999999999999,5.41,6.86,1.45,34.4,0.8339426042859008,1.2068158747149171,60256.0,84.5,15.6,3.3999999999999986,1.99,1.76,9.0
133,-0.24,3.1999999999999997,4.89,1.69,1.0000000000000036,-0.5372332526865069,-0.2791181698390107,42148.0,93.5,25.0,2.6000000000000014,1.84,1.47,8.3
134,-0.5000000000000002,-1.64,1.99,3.63,-6.699999999999999,-1.683812882189708,0.02848473956382802,52237.0,92.5,23.2,-6.400000000000006,1.85,1.74,6.2
135,-0.9500000000000001,-7.42,1.32,8.74,-0.9000000000000021,-2.558348728303304,-1.4169695128540765,31193.0,86.5,19.0,-8.600000000000001,2.01,0.66,9.9
136,-0.3599999999999999,1.6300000000000003,3.74,2.11,17.4,-0.06898666957831212,-1.042968959167272,38820.0,91.5,24.8,-7.200000000000003,1.81,1.03,9.0
137,0.3700000000000001,8.02,9.34,1.32,12.600000000000001,0.03569407977225891,0.2919184809852324,51764.0,90.0,22.1,20.099999999999994,1.89,1.87,8.5
138,-0.29000000000000004,0.06000000000000005,2.66,2.6,-3.8000000000000007,-0.42889695515224224,0.025022453321814415,26368.0,85.5,28.0,0.0,1.92,1.39,12.2
139,-0.1100000000000001,0.8699999999999997,3.05,2.18,-6.899999999999999,-1.194937163624652,0.1359929764152777,11234.0,73.5,32.7,-6.200000000000003,1.91,1.5,11.4
140,-0.5800000000000001,-2.9299999999999997,1.74,4.67,-7.5,-1.1381651801854957,-0.5764251695991247,25142.0,80.3,23.8,-18.5,1.93,1.29,6.7
141,-0.030000000000000027,-0.6200000000000001,2.33,2.95,7.599999999999998,0.078525112609287,0.08542891658406357,17078.0,79.7,26.3,-3.3999999999999986,1.86,1.71,6.8
142,0.8099999999999999,7.83,9.15,1.32,5.800000000000004,1.7277457656369817,-0.10643200357557817,42453.0,87.7,40.3,2.0,1.88,1.47,5.3
143,-0.3899999999999999,3.41,5.09,1.68,-14.4,0.22064011183861115,0.20704298345044586,73778.0,78.0,31.5,12.299999999999997,1.88,1.11,6.1
144,-0.58,-1.8800000000000001,1.93,3.81,9.0,-1.3692813120176341,-1.1573136497842331,29180.0,81.7,26.0,-7.899999999999999,1.94,0.92,8.0
145,-0.8099999999999999,-3.25,1.67,4.92,-15.7,-1.1716268002694765,-0.8898518765711811,31647.0,91.3,28.6,-6.899999999999999,2.04,0.87,5.7
146,-0.3700000000000001,-3.7199999999999998,1.62,5.34,-25.6,-1.175479223595912,0.19716693809757563,26954.0,84.7,24.0,-4.600000000000001,1.81,1.39,6.8
147,0.0,-0.6599999999999997,2.24,2.9,4.099999999999998,-0.3036320175859044,1.2549554542218064,61184.0,90.0,28.0,-2.3999999999999986,1.89,1.61,6.6
148,-0.26,2.42,4.24,1.82,2.8999999999999986,0.46698318513340364,-0.8773440378034478,62474.0,80.0,21.3,0.29999999999999716,2.03,1.13,7.5
149,0.87,8.129999999999999,9.42,1.29,11.600000000000001,0.7512901721076568,-0.16270357046217704,52235.0,85.0,16.6,5.899999999999999,1.95,1.74,5.6
150,0.8500000000000003,8.29,9.58,1.29,6.400000000000002,1.5608342231270325,1.7338785573425877,60333.0,80.3,18.1,5.400000000000006,1.98,2.24,7.9
151,0.030000000000000027,0.04999999999999982,2.76,2.71,-2.700000000000003,0.16257680457479085,0.11750607217102776,30117.0,86.5,14.0,-9.299999999999997,1.93,1.5,6.0
152,0.46999999999999986,1.79,3.77,1.98,-19.0,-0.13152506378703932,-1.4119923070111844,30866.0,79.3,12.4,7.5,1.98,1.39,6.4
153,0.73,11.49,12.72,1.23,17.6,2.069392791394888,1.3967687655755079,60176.0,79.3,11.1,16.0,1.97,1.76,6.6
154,0.3899999999999999,2.15,4.05,1.9,-6.900000000000002,0.9066511333951452,0.305916789696948,30893.0,89.3,17.3,9.5,1.9,1.68,11.9
155,0.76,3.96,5.5,1.54,27.0,0.5101094017941908,0.5860491846854436,53184.0,85.5,12.8,7.799999999999997,2.11,1.87,11.4
156,-0.9500000000000001,-2.21,1.77,3.98,-5.0,-3.0220126546941106,-1.8955390403843748,31090.0,89.7,16.9,-6.200000000000003,1.92,0.66,11.0
157,-0.09999999999999987,6.33,7.68,1.35,-3.8999999999999986,1.4320330206987641,1.6870693117197813,39571.0,87.7,15.2,9.200000000000003,1.93,1.61,11.0
158,0.3700000000000001,2.67,4.41,1.74,7.100000000000001,1.1448002094024277,0.3351212556733128,11204.0,90.0,13.0,0.10000000000000142,1.92,1.5,9.9
159,-0.47,-5.66,1.48,7.14,-14.899999999999999,-1.7226228896497549,-0.3662010880312215,25167.0,81.0,19.2,-14.100000000000001,2.09,1.29,10.2
160,0.20999999999999996,0.2599999999999998,2.75,2.49,1.6999999999999993,0.00550326797635714,0.19219645612451097,17115.0,84.0,23.4,6.699999999999996,1.84,1.71,12.0
161,-0.82,-2.9700000000000006,1.72,4.69,9.899999999999999,-1.354664847220365,-1.1511248685430804,29774.0,86.3,26.3,-10.699999999999996,1.97,0.92,11.0
162,-0.40000000000000013,-1.0100000000000002,2.19,3.2,-9.899999999999999,-0.5677564860573618,-0.11425784838088912,42345.0,80.5,26.5,-10.799999999999997,1.96,1.47,11.5
163,-0.55,-0.31000000000000005,2.46,2.77,-10.3,-0.845338486712075,-0.7739549526821027,62460.0,83.3,22.3,-3.8999999999999986,2.05,1.13,11.9
164,-0.3899999999999999,2.34,4.2,1.86,-9.4,-0.09090692472607692,0.20849032990022376,73720.0,75.3,27.5,5.0,1.85,1.11,5.7
165,-0.5199999999999999,-0.48,2.44,2.92,-2.5,0.26109738998295384,-1.2802372917092955,31818.0,70.0,27.4,-2.700000000000003,1.8,0.87,4.6
166,-0.5800000000000001,-3.16,1.68,4.84,4.599999999999998,-2.3821862084786933,-0.6322770618624058,39358.0,74.3,39.5,-16.200000000000003,2.02,1.03,6.5
167,0.7299999999999999,3.83,5.45,1.62,-2.5,2.6212774824420944,0.21084850533119034,26819.0,65.7,20.1,3.799999999999997,2.03,1.39,5.5
168,-0.6300000000000001,-3.0500000000000007,1.64,4.69,1.0999999999999979,-0.05471083519068687,1.6413635510362656,61439.0,68.5,26.3,-3.0,1.87,1.61,5.3
169,0.20999999999999996,1.3900000000000001,3.47,2.08,-10.100000000000001,1.416530693585643,0.6289427200026703,11129.0,86.3,4.9,5.700000000000003,1.8,1.5,7.5
170,-0.46999999999999986,-0.79,2.29,3.08,9.0,-1.5675943294501513,-2.3673225896986936,31059.0,88.0,3.1,0.10000000000000142,1.88,0.66,7.6
171,0.27,1.8599999999999999,3.8,1.94,-8.600000000000001,0.6681857203917853,0.626766654441183,52168.0,96.3,3.1,0.7999999999999972,1.94,1.74,7.4
172,0.2799999999999998,-2.5299999999999994,1.82,4.35,-0.5999999999999996,-1.0889740592661887,-1.2100291947423345,31407.0,99.0,5.3,-5.399999999999999,1.84,1.39,5.7
173,-0.1100000000000001,0.9099999999999997,3.07,2.16,-1.8999999999999986,-0.8949164007241834,0.4167207044880356,30200.0,97.0,4.6,-13.5,1.9,1.5,6.8
174,0.8400000000000001,7.380000000000001,8.72,1.34,10.200000000000003,1.0310259860661983,0.3806598552461859,55527.0,94.0,3.8,20.4,1.96,1.87,8.0
175,0.2200000000000002,4.82,6.28,1.46,3.400000000000002,1.6002560976549143,1.767998215573894,39687.0,91.0,1.7,4.800000000000004,1.99,1.61,7.1
176,1.37,26.130000000000003,27.21,1.08,18.3,3.637343610710209,2.025800832050999,60300.0,97.0,8.3,12.300000000000004,1.97,2.24,6.8
177,0.84,17.45,18.59,1.14,16.0,3.3521602314772636,1.7778086871702847,60271.0,96.0,0.3,16.299999999999997,1.97,1.76,6.1
178,-0.030000000000000027,3.2699999999999996,4.89,1.62,-3.5,0.13498790181178272,0.0971568415964119,31548.0,94.5,4.2,4.399999999999999,2.0,1.68,5.0
179,-1.0,-8.35,1.27,9.62,-30.1,-2.108860785921514,-1.7633560606056593,32057.0,88.5,14.6,-15.899999999999999,1.95,0.87,7.9
180,-0.47,0.20000000000000018,2.89,2.69,2.3999999999999986,-1.106406287381338,-0.6152110008896814,25414.0,84.0,15.3,-0.30000000000000426,1.85,1.03,9.1
181,0.63,4.67,6.2,1.53,8.200000000000003,1.7389792979363985,-0.7505053201150444,25130.0,90.3,10.1,-5.700000000000003,1.88,1.29,6.1
182,-0.1100000000000001,0.8800000000000003,3.18,2.3,-0.6000000000000014,-0.2861166681274876,0.3057433984072544,27301.0,91.0,9.8,3.799999999999997,1.96,1.39,6.1
183,0.2200000000000002,2.92,4.58,1.66,16.9,2.271746847654602,1.237162523208598,61284.0,93.3,11.1,6.600000000000001,1.8,1.61,5.8
184,-1.1100000000000003,-6.0600000000000005,1.38,7.44,-12.900000000000002,-2.855180345893241,-0.677566231895793,62476.0,92.5,9.9,-9.300000000000004,1.86,1.13,6.6
185,-0.6900000000000001,-6.0600000000000005,1.39,7.45,6.199999999999999,-3.257587678235212,-1.6275907431495924,29968.0,92.0,16.6,-16.5,1.82,0.92,5.6
186,-0.20999999999999996,2.17,4.06,1.89,4.5000000000000036,-0.37456003943599636,-0.30807813734864337,41414.0,86.0,16.6,-1.7999999999999972,1.86,1.47,7.6
187,-0.6299999999999999,-0.2200000000000002,2.52,2.74,-8.500000000000002,-1.1899257316117007,-0.2965000057724768,73809.0,85.3,9.4,2.200000000000003,2.01,1.11,8.3
188,-0.050000000000000044,-4.33,1.54,5.87,-18.3,-1.8382040067192105,-0.007156120706311889,47190.0,91.0,16.0,-9.0,1.73,1.71,6.0
189,-0.08000000000000007,-2.93,1.81,4.74,-21.8,-1.9572477640891295,0.094609101890173,31714.0,72.0,24.7,-4.600000000000001,1.83,1.68,4.2
190,0.47,3.4099999999999997,5.1,1.69,-7.399999999999999,1.460108452646879,0.6204294831941045,11223.0,74.3,19.8,7.600000000000001,1.88,1.5,4.3
191,0.7400000000000002,9.01,10.25,1.24,24.700000000000003,1.7582507515525743,0.5649604213862474,52737.0,88.0,5.6,12.899999999999999,2.01,1.87,1.7
192,-0.1299999999999999,-2.02,1.79,3.81,7.799999999999997,0.07832769178915955,1.195803788970325,61293.0,84.0,6.6,3.4000000000000057,1.88,1.61,2.4
193,-0.32000000000000006,-1.6,1.98,3.58,7.300000000000001,-2.13290921329917,-0.6892002166047264,25179.0,77.3,9.0,-14.300000000000004,1.86,1.29,3.0
194,-1.0499999999999998,-1.1800000000000002,2.15,3.33,-4.800000000000001,-2.3228246208890453,-2.550789721561761,31001.0,71.0,13.9,0.6000000000000014,1.99,0.66,3.2
195,0.6,7.16,8.49,1.33,20.200000000000003,1.6466064195245882,-0.3362053371514634,42386.0,89.0,7.3,5.100000000000001,1.89,1.47,0.8
196,0.46999999999999986,4.459999999999999,6.02,1.56,-9.600000000000001,1.718476786506308,0.2771739817478918,27042.0,92.7,22.7,11.699999999999996,1.94,1.39,12.3
197,1.1300000000000001,6.54,7.9,1.36,15.200000000000001,3.2138885893824005,2.693338212267982,60275.0,94.0,11.6,4.200000000000003,2.0,2.24,1.4
198,-0.1100000000000001,-1.85,2.01,3.86,-15.0,-1.7088888452624804,-0.9932255902077306,29940.0,86.3,16.9,6.899999999999999,1.85,1.39,1.7
199,-0.7400000000000002,-3.76,1.61,5.37,-0.8000000000000007,-1.6101499584926324,1.0371188108284375,30249.0,98.0,7.5,-16.5,1.85,1.5,8.3
200,-0.16000000000000014,-3.56,1.6,5.16,-10.900000000000002,-0.5357483914056456,0.29042077622283896,17048.0,94.5,6.6,-13.399999999999999,1.91,1.71,7.6
201,-0.26,-0.6499999999999999,2.42,3.07,-6.5,-1.6930806742239244,-1.4544990764085641,62456.0,93.5,7.9,-3.8999999999999986,1.81,1.13,7.8
202,0.1100000000000001,4.02,5.54,1.52,2.8000000000000007,0.7799155096970776,1.4630444506279476,39092.0,92.5,7.1,8.600000000000001,1.81,1.61,7.8
203,-0.43999999999999995,-1.19,2.29,3.48,-0.30000000000000426,-0.6279400579404539,-0.9023784271895403,39085.0,99.5,7.1,-9.600000000000001,1.92,1.03,4.0
204,-0.42000000000000004,-1.9800000000000002,1.95,3.93,-22.6,-1.3360430540401982,-2.044578724578429,29766.0,98.0,8.2,2.6000000000000014,1.9,0.87,4.4
205,0.3500000000000001,6.51,7.88,1.37,9.100000000000001,2.5625488816215296,1.2478677356401113,51975.0,78.5,8.3,3.1999999999999957,2.03,1.74,4.8
206,0.1499999999999999,6.17,7.55,1.38,18.1,1.0066584766474778,2.072070627158857,60287.0,98.0,3.7,2.1999999999999957,1.81,1.76,8.3
207,-0.7599999999999999,-1.84,1.97,3.81,5.800000000000001,-1.4771057615365033,-1.4027104208258847,29403.0,95.0,12.1,-11.699999999999996,1.89,0.92,6.1
208,0.45000000000000007,9.49,10.77,1.28,-11.299999999999999,2.5946946642898094,-0.4744809341675063,73722.0,84.7,6.0,5.0,2.02,1.11,1.6
209,-0.5199999999999999,-2.7,1.8,4.5,-11.899999999999999,-2.4280147037524684,-2.267898509308228,31500.0,84.7,4.4,-6.899999999999999,1.83,0.87,1.6
210,0.29000000000000004,4.489999999999999,6.06,1.57,17.299999999999997,2.2846154043144082,2.1370373347756195,60067.0,91.0,7.4,6.399999999999999,1.95,1.76,2.4
211,-0.16000000000000014,-0.13999999999999968,2.64,2.78,-17.200000000000003,-0.8908177872290131,-1.3760336730374445,62469.0,85.3,5.9,5.600000000000001,1.99,1.13,3.2
212,-0.5300000000000002,-4.5600000000000005,1.48,6.04,0.8999999999999986,-2.4061185013487396,0.2630995181798672,17215.0,84.3,4.7,-9.800000000000004,1.91,1.71,2.8
213,0.24,3.41,5.05,1.64,-0.8999999999999986,0.7880264727526483,1.5050549912320037,52227.0,88.0,4.8,2.799999999999997,2.04,1.74,5.0
214,0.84,6.73,8.13,1.4,3.1000000000000014,4.241371685756768,1.0151695606209006,30180.0,78.0,10.4,-7.299999999999997,1.88,1.5,2.6
215,-0.5699999999999998,0.8700000000000001,3.18,2.31,-12.6,-0.6144642193918914,-0.31745440748895537,73758.0,83.0,8.4,1.2000000000000028,1.97,1.11,1.8
216,-0.5800000000000001,0.2200000000000002,2.79,2.57,0.5,-2.0296841697944545,-1.029238726899838,39326.0,86.3,9.7,-13.800000000000004,1.85,1.03,2.3
217,-0.9500000000000001,-6.33,1.39,7.72,-8.600000000000001,-2.4788153176896586,-1.6253248920182022,29841.0,82.0,4.9,-20.699999999999996,1.82,0.92,2.6
218,0.2200000000000002,5.21,6.64,1.43,12.8,3.001013274652773,1.4291448730794623,39221.0,92.3,5.4,9.0,1.87,1.61,4.0
219,0.26,0.5,2.84,2.34,14.8,-0.11304345762319046,1.471096349083008,52687.0,74.5,7.1,4.199999999999996,2.04,1.87,3.2
220,1.3200000000000003,20.46,21.57,1.11,-3.1999999999999993,5.1301182424516165,2.8871874270218627,60420.0,64.0,8.7,17.1,1.91,2.24,6.1
221,0.6499999999999999,3.67,5.37,1.7,-4.199999999999999,1.4730277968568424,0.5239374908059766,31087.0,71.0,1.9,11.399999999999999,1.9,1.68,6.1
222,0.0,1.78,3.77,1.99,-5.0,-0.012994051348998115,1.0509686508431186,11228.0,67.7,3.9,7.299999999999997,1.98,1.5,6.6
223,-1.08,-5.0200000000000005,1.46,6.48,2.799999999999997,-4.4461101255753235,-3.2749952667070827,31141.0,63.7,2.1,-2.799999999999997,1.89,0.66,6.7
224,-0.3700000000000001,-4.27,1.6,5.87,-35.0,-3.822477592954094,-1.7268633352000469,31503.0,65.7,13.2,-8.799999999999997,1.85,1.39,5.6
225,0.7400000000000001,4.07,5.58,1.51,19.4,3.4060554578351097,0.9202970220456443,61295.0,94.7,29.2,9.300000000000004,2.03,1.61,4.7
226,-0.41999999999999993,1.7300000000000002,3.7,1.97,3.400000000000002,-0.30480008543118753,-0.2596699747445766,25066.0,93.7,32.1,-5.100000000000001,1.97,1.29,5.1
227,0.3400000000000001,5.05,6.52,1.47,14.800000000000004,1.495424591584083,-0.10615499251721652,41628.0,95.0,26.8,2.1000000000000014,2.02,1.47,5.1
228,0.2799999999999998,0.6000000000000001,2.99,2.39,8.799999999999999,0.9223582073174743,0.37797612092547833,27288.0,91.3,18.2,-1.2000000000000028,2.04,1.39,7.4
229,-0.08000000000000007,-0.8700000000000001,2.3,3.17,-17.700000000000003,-1.6941188317601394,-1.8377509472352764,31385.0,79.0,14.4,-2.3999999999999986,1.88,1.39,5.1
230,0.26,2.09,4.01,1.92,7.100000000000001,0.9954844918617103,-2.487280224217496,29902.0,74.7,13.0,-7.899999999999999,1.91,0.92,5.4
231,0.3500000000000001,3.1,4.83,1.73,-0.29999999999999716,1.135519978351473,1.378884308240364,52173.0,72.3,13.2,-1.0,1.92,1.74,6.5
232,-0.7400000000000002,-2.8,1.71,4.51,-5.800000000000001,-1.6105032147097411,1.5210336210998636,11239.0,81.3,14.2,-9.200000000000003,1.99,1.5,7.2
233,-0.17999999999999994,0.0900000000000003,2.72,2.63,1.8000000000000007,0.2073253801136794,0.5938977319353718,30164.0,82.0,12.7,-11.099999999999994,1.91,1.5,5.6
234,0.16000000000000003,2.38,4.33,1.95,19.9,1.5270029914337084,-0.8117251670665815,39376.0,73.7,17.0,-4.5,1.95,1.03,6.6
235,0.09999999999999987,1.3399999999999999,3.34,2.0,-0.1999999999999993,-0.5996606344970138,0.17360611025945497,17154.0,71.0,7.3,-6.800000000000004,1.99,1.71,7.5
236,-0.17999999999999994,2.95,4.74,1.79,-19.5,-0.021624321037987893,-0.40977029535540854,73751.0,71.0,10.2,10.700000000000003,2.01,1.11,7.1
237,-0.1100000000000001,1.9000000000000001,3.81,1.91,7.399999999999999,0.5648403034181528,2.206501869789277,60355.0,80.0,5.3,-4.399999999999999,1.89,1.76,5.3
238,0.4800000000000002,8.11,9.4,1.29,9.900000000000002,2.9776770505614616,1.4135745894180825,39459.0,93.3,10.3,8.700000000000003,1.94,1.61,5.9
239,-1.2100000000000002,-6.03,1.46,7.49,1.5999999999999979,-3.802844501759806,-0.44936018202375,39280.0,81.0,9.5,-16.800000000000004,1.84,1.03,3.6
240,0.06999999999999984,-0.5700000000000003,2.36,2.93,0.3999999999999986,-1.7510772254430145,-0.2823910212777393,31324.0,79.7,21.0,-4.800000000000004,1.83,1.68,3.6
241,0.13000000000000012,1.19,3.26,2.07,18.5,0.03127905953960819,1.2744857678882147,52479.0,85.3,5.5,10.0,1.82,1.87,4.6
242,0.26,2.3400000000000003,4.36,2.02,2.700000000000003,0.30209186359234036,-0.15825409592261058,25108.0,82.5,8.6,1.8999999999999986,2.01,1.29,4.1
243,-0.84,-4.51,1.51,6.02,1.8999999999999986,-4.64687343079331,-3.3477872936198976,31037.0,81.0,10.8,0.0,1.82,0.66,6.1
244,-0.1100000000000001,1.3399999999999999,3.5,2.16,-5.600000000000001,-0.8838191752541552,0.3790419297806483,27164.0,77.7,7.8,11.099999999999994,1.86,1.39,5.4
245,-0.5800000000000001,0.5,2.88,2.38,-13.8,-1.5658184893225116,-1.6192140758905715,62415.0,80.0,9.1,0.5,2.06,1.13,4.8
246,0.5499999999999999,5.75,7.18,1.43,-1.2999999999999972,2.300154937042867,-0.3221027096339376,42510.0,97.3,9.1,9.899999999999999,1.91,1.47,3.6
247,-0.89,-8.78,1.32,10.1,-37.5,-5.274770811815308,-2.7010931435431216,31968.0,92.5,13.4,-11.5,1.9,0.87,3.4
248,0.8500000000000003,10.709999999999999,11.94,1.23,15.8,5.023750450303733,3.364470097227257,60248.0,75.3,19.7,9.600000000000001,1.83,2.24,4.2
249,0.5,0.8799999999999999,3.08,2.2,16.299999999999997,1.6399306153342024,1.0002684415839838,61383.0,72.0,14.6,1.2000000000000028,1.92,1.61,3.0
250,-0.7700000000000002,-1.9300000000000002,1.9,3.83,1.9000000000000021,-3.7729548292948905,-0.36360348431915196,41910.0,93.5,17.6,-7.200000000000003,1.97,1.47,7.0
251,-0.84,-1.6800000000000002,1.98,3.66,-19.2,-2.9734946104693725,-2.9047192894840452,31077.0,87.3,23.4,-2.5,1.9,0.87,11.6
252,-0.14000000000000012,0.029999999999999805,2.65,2.62,4.900000000000002,-1.5646695282107375,-0.3747387101726775,42423.0,71.0,10.4,-6.600000000000001,1.93,1.47,10.0
253,0.09999999999999987,1.6400000000000001,3.72,2.08,-10.700000000000003,0.7432255808974915,0.4534610256569191,26777.0,65.7,11.3,9.5,1.79,1.39,12.8
254,0.6300000000000001,10.5,11.79,1.29,32.1,4.518688797657068,2.7773038142131097,60262.0,66.0,12.3,8.5,1.88,1.76,12.7
255,0.1100000000000001,3.58,5.22,1.64,10.0,3.2100133708444027,1.5058517700194458,11206.0,80.0,17.2,0.3999999999999986,1.8,1.5,11.6
256,-1.02,-4.140000000000001,1.56,5.7,-1.3000000000000007,-3.5509172913154066,-3.554552926465931,30775.0,72.3,13.8,-3.799999999999997,1.98,0.66,12.4
257,-0.6900000000000001,-1.31,2.07,3.38,2.1000000000000014,-3.642825660498903,-2.58075687199159,30003.0,73.7,12.7,-14.100000000000001,1.8,0.92,12.2
258,-0.08000000000000007,0.27,2.92,2.65,16.799999999999997,0.3726270204765584,-0.32883550019698926,39290.0,66.0,14.6,-12.600000000000001,1.85,1.03,11.7
259,0.24,1.9800000000000002,3.89,1.91,-5.899999999999999,-0.3150789055122283,0.8733631036463045,52223.0,81.7,32.5,10.099999999999994,1.9,1.74,10.2
260,-0.3700000000000001,-0.9500000000000002,2.19,3.14,11.8,-1.7761571982387476,1.6443293725905166,52803.0,87.0,30.2,3.5999999999999943,1.95,1.87,10.8
261,0.0,0.6800000000000002,3.1,2.42,-9.399999999999999,-1.7778564317231667,-1.558111533970735,28708.0,82.0,12.0,-4.199999999999996,2.05,1.39,4.9
262,-0.17999999999999994,0.9300000000000002,3.19,2.26,2.3999999999999986,0.24086693519553895,-0.056048427336084866,24712.0,75.5,8.6,-7.700000000000003,1.95,1.29,6.6
263,0.17999999999999994,1.6600000000000001,3.64,1.98,3.1999999999999993,-0.9511919247723251,0.4086097783928988,31138.0,74.5,14.9,3.799999999999997,1.97,1.68,6.6
264,0.9500000000000001,14.909999999999998,16.08,1.17,0.9000000000000021,5.07890581040636,1.1121074703970062,39485.0,77.5,9.0,8.600000000000001,1.93,1.61,6.4
265,0.19000000000000006,4.84,6.35,1.51,-18.4,2.2229433581179308,-0.6695993855711648,73827.0,88.5,13.4,12.899999999999999,1.83,1.11,5.1
266,0.5000000000000002,6.34,7.71,1.37,6.699999999999999,2.6966672866642045,3.6416057848380703,60374.0,88.0,10.2,6.400000000000006,1.98,2.24,5.1
267,0.6799999999999999,1.46,3.54,2.08,-0.6999999999999993,0.8446064832323528,0.48390784793298064,17082.0,85.5,11.8,7.0,2.07,1.71,5.2
268,-0.26,-2.2900000000000005,1.94,4.23,-20.0,-1.5078437555938529,1.1168666146309716,30200.0,84.0,12.0,-15.699999999999996,1.92,1.5,4.8
269,-0.26,-2.0599999999999996,1.82,3.88,-10.700000000000003,-0.049355498376892015,1.3738546602048183,60820.0,88.5,13.0,-6.599999999999994,2.04,1.61,4.9
270,0.2599999999999999,2.9999999999999996,4.77,1.77,5.399999999999999,1.731060276976025,-1.5887915394556735,62455.0,75.0,7.1,3.0,1.98,1.13,4.7
271,-0.3700000000000001,-1.8499999999999999,1.95,3.8,-12.600000000000001,-0.45855754768088497,1.0944058334089408,30252.0,65.0,11.4,-20.099999999999994,1.91,1.5,14.3
272,1.58,22.88,23.99,1.11,3.900000000000002,8.10952625936207,3.798122448404749,60399.0,48.0,15.6,9.200000000000003,2.04,2.24,16.9
273,0.37,4.71,6.26,1.55,1.1000000000000014,3.1641752648864436,0.21274723798793746,25155.0,56.7,11.8,2.1999999999999957,1.92,1.29,15.3
274,0.29000000000000004,1.8400000000000003,3.85,2.01,3.8000000000000007,0.14251012242294459,0.4833657380167604,31584.0,64.3,16.7,0.0,2.0,1.68,13.7
275,0.24,0.9899999999999998,3.15,2.16,-1.0000000000000036,1.015395843372465,0.4496848155168189,17171.0,68.5,7.8,-2.6000000000000014,2.13,1.71,13.3
276,0.3599999999999999,0.0,2.84,2.84,-17.4,-1.3527466489289088,-1.6792222518121191,30738.0,78.7,12.7,7.200000000000003,1.94,1.39,10.7
277,0.7400000000000001,10.99,12.22,1.23,15.3,4.937909456391793,1.4567129413449744,39750.0,56.3,10.4,11.700000000000003,1.81,1.61,16.0
278,-0.6499999999999999,-3.3199999999999994,1.78,5.1,-34.4,-3.2578852538086096,-0.6107141023617545,73812.0,63.5,11.8,-3.3999999999999986,1.85,1.11,14.7
279,0.1100000000000001,-0.3999999999999999,2.4,2.8,6.899999999999999,-0.04094430584465947,1.2441014376967028,61178.0,56.3,12.5,6.200000000000003,1.79,1.61,15.2
280,-0.6100000000000001,-1.15,2.2,3.35,-6.200000000000003,-2.2158686754477404,-1.4274468408405536,62463.0,82.3,13.2,-2.8999999999999986,1.97,1.13,7.9
281,-0.7299999999999999,-1.8599999999999999,2.04,3.9,11.899999999999999,-2.738397661093037,-4.4408561796605115,30950.0,49.0,20.0,0.3999999999999986,1.83,0.66,7.5
282,-0.58,-2.0300000000000002,1.96,3.99,4.0,-4.172305771721419,-3.005607150574074,29878.0,52.3,21.2,-0.6000000000000014,1.89,0.92,6.6
283,0.19000000000000017,2.3400000000000003,4.15,1.81,14.400000000000002,0.9280174059467756,1.4806705933514213,52471.0,57.7,9.3,9.0,2.02,1.87,8.4
284,-0.09999999999999987,1.6799999999999997,3.82,2.14,14.5,1.2431281613354601,-0.30323933612785486,39343.0,64.0,11.2,-7.5,1.81,1.03,7.4
285,-0.20999999999999996,2.5300000000000002,4.29,1.76,-6.699999999999999,1.0002331857121822,1.314841022012139,11180.0,55.0,18.8,0.6000000000000014,1.94,1.5,6.8
286,-0.2400000000000001,-2.69,1.81,4.5,-3.0999999999999996,-2.902082291672148,-3.5265069677648593,31773.0,86.0,10.9,-8.100000000000001,1.82,0.87,6.3
287,-0.2200000000000002,2.19,4.04,1.85,-7.5,-0.9427379930199955,0.27156816620593055,27182.0,55.0,16.0,-2.4000000000000057,1.84,1.39,7.8
288,0.1499999999999999,3.5100000000000002,5.24,1.73,22.2,1.1588583311147969,2.6608817251778123,60311.0,60.0,15.8,-0.20000000000000284,1.94,1.76,7.4
289,0.3899999999999999,0.75,3.11,2.36,14.4,1.6847721798398103,1.3758370922887382,30249.0,72.7,15.8,-12.299999999999997,2.01,1.5,7.2
290,0.26,0.8399999999999999,3.21,2.37,-2.8999999999999986,-0.07599865021630214,-1.5861505068729398,29587.0,62.5,17.3,-0.29999999999999716,2.02,1.39,9.8
291,0.3700000000000001,5.97,7.46,1.49,25.6,2.278805577351208,2.7250874335222384,60256.0,64.0,16.0,4.600000000000001,1.84,1.76,9.0
292,-0.63,-4.069999999999999,1.61,5.68,-8.200000000000003,-4.824090553018552,-4.557164191355047,30158.0,67.5,20.7,5.700000000000003,1.83,0.66,11.0
293,0.20999999999999996,0.6799999999999997,3.03,2.35,-4.5000000000000036,1.0179273230731631,0.5872932744343795,27895.0,71.5,25.0,1.7999999999999972,2.03,1.68,10.8
294,1.0,12.020000000000001,13.22,1.2,30.1,5.288027062628186,1.4460305063216874,52148.0,68.5,16.3,15.899999999999999,1.93,1.87,9.1
295,0.58,6.36,7.75,1.39,-9.0,4.394585477799045,1.179839856083578,11192.0,61.5,24.4,7.899999999999999,1.85,1.5,12.1
296,0.030000000000000027,3.01,4.68,1.67,-7.599999999999998,0.4577334890014304,0.9073424912299479,52021.0,84.5,5.0,3.3999999999999986,1.83,1.74,6.6
297,1.2100000000000002,5.59,7.07,1.48,-1.5999999999999979,4.267029794042471,3.9275748171079385,60457.0,66.7,17.2,16.800000000000004,1.82,2.24,9.3
298,0.0,2.9000000000000004,4.58,1.68,-4.099999999999998,0.3982252164577633,1.4378176857185894,39852.0,64.3,10.9,2.3999999999999986,1.84,1.61,13.9
299,-0.3899999999999999,0.28000000000000025,2.81,2.53,6.900000000000002,0.020602271079398826,0.2728059088984125,24564.0,32.3,18.3,-9.5,1.83,1.29,16.9
300,-0.030000000000000027,1.4299999999999997,3.57,2.14,2.700000000000003,-1.532957643412957,-0.0955444120234179,42743.0,43.0,18.9,9.299999999999997,1.83,1.47,12.0
301,-0.46999999999999986,-0.20999999999999996,2.63,2.84,19.0,-1.5470021807046135,-3.0627726943264717,29549.0,50.0,19.7,-7.5,2.01,0.92,11.8
302,-0.73,-2.03,2.07,4.1,-17.6,-3.1718132335998024,-0.3881198279643199,39316.0,49.5,17.2,-16.0,1.79,1.03,14.0
303,-0.3700000000000001,-0.6000000000000001,2.38,2.98,-7.100000000000001,-2.608398778602302,-1.5805318499077192,62459.0,36.0,18.1,-0.10000000000000142,1.82,1.13,16.3
304,-0.76,-1.2800000000000002,2.11,3.39,-27.0,-1.9601015976604195,-0.37051122665187314,73738.0,44.0,10.6,-7.799999999999997,2.03,1.11,14.1
305,0.9500000000000001,6.31,7.68,1.37,5.0,5.534627333933069,0.9715835953431149,60984.0,44.3,15.6,6.200000000000003,1.95,1.61,13.2
306,-0.8500000000000003,-2.2700000000000005,1.92,4.19,-6.400000000000002,-3.5885637840799394,0.3876758840577866,27770.0,30.7,14.4,-5.400000000000006,1.92,1.39,15.1
307,0.09999999999999987,-0.48,2.41,2.89,3.8999999999999986,-1.1239288899627757,0.3818976696735247,17183.0,28.7,14.6,-9.200000000000003,1.79,1.71,15.7
308,-0.87,-5.7299999999999995,1.45,7.18,-11.600000000000001,-4.960610244778299,-3.985556420993358,30403.0,64.7,10.2,-5.899999999999999,1.87,0.87,8.5
309,0.050000000000000044,3.58,5.21,1.63,18.3,2.440317025344145,2.7978343394674834,60184.0,31.0,9.6,9.0,1.8,1.76,20.6
310,0.8099999999999999,8.75,10.04,1.29,15.7,4.473060018943877,0.18230664917441064,31150.0,60.0,12.2,6.899999999999999,2.04,1.68,16.8
311,0.47,2.24,4.21,1.97,-2.3999999999999986,1.7620092049687952,1.3597484431724745,30199.0,36.0,12.3,0.30000000000000426,1.98,1.5,20.5
312,-0.8099999999999999,-4.58,1.52,6.1,-5.800000000000004,-4.687490978113936,-4.705370601920289,30199.0,42.0,10.6,-2.0,2.05,0.66,17.3
313,0.5800000000000001,3.5300000000000002,5.16,1.63,7.5,1.2670869654772288,1.6097898630202443,52489.0,33.0,11.0,18.5,2.06,1.87,19.4
314,-0.2200000000000002,0.8200000000000003,3.1,2.28,-16.9,-2.5074159831988307,-1.3935055245253813,31463.0,45.0,15.0,-6.600000000000001,1.98,1.39,12.7
315,0.6900000000000001,12.33,13.53,1.2,-6.199999999999999,4.715244598609435,1.5302069151864865,39805.0,46.3,15.1,16.5,1.96,1.61,15.6
316,1.1100000000000003,9.350000000000001,10.63,1.28,12.900000000000002,5.485786705232034,3.888296849217326,60376.0,53.0,12.9,9.300000000000004,2.02,2.24,10.9
317,0.6299999999999999,3.6499999999999995,5.26,1.61,8.500000000000002,1.6709614912246202,1.2802507725610492,52252.0,43.5,18.3,-2.200000000000003,2.02,1.74,11.3
318,0.1100000000000001,1.0599999999999996,3.3,2.24,0.6000000000000014,0.5692062318233851,1.0448249348015715,11195.0,87.7,11.0,-3.799999999999997,1.93,1.5,10.3
319,0.44999999999999996,3.4299999999999997,5.1,1.67,-11.0,1.4628576327345246,1.5418959651049262,52197.0,71.5,19.8,8.5,1.84,1.74,8.9
320,-0.27,0.1499999999999999,2.69,2.54,8.600000000000001,-1.7158987556381764,0.2886829213030772,42618.0,57.5,17.9,-0.7999999999999972,1.89,1.47,12.4
321,0.46999999999999986,3.77,5.37,1.6,-9.0,3.371872224541171,-1.6400609224885476,62461.0,44.7,19.6,-0.10000000000000142,1.99,1.13,15.0
322,0.030000000000000027,-0.050000000000000266,2.59,2.64,3.5,0.269777550170368,0.39971889925005927,17083.0,39.0,19.5,-4.399999999999999,1.96,1.71,16.0
323,-0.20999999999999996,0.15000000000000036,2.72,2.57,10.100000000000001,-1.4956262831083804,-0.3836473794659258,25185.0,41.7,20.5,-5.700000000000003,1.87,1.29,15.3
324,-0.8400000000000001,-2.1499999999999995,1.91,4.06,-10.200000000000003,-2.136905143964335,-0.2634507157714769,39332.0,45.7,18.1,-20.4,1.94,1.03,14.9
325,-0.2200000000000002,-0.77,2.3,3.07,-3.400000000000002,-1.0681659580561362,0.4084647341373032,27712.0,50.7,11.9,-4.800000000000004,1.88,1.39,15.0
326,-0.84,-7.720000000000001,1.35,9.07,-16.0,-5.887094214770665,-3.1314614604299016,29549.0,65.7,12.2,-16.299999999999997,1.85,0.92,11.8
327,-0.2799999999999998,0.19999999999999973,2.76,2.56,0.5999999999999996,0.5586125334019392,-0.652355911207448,73819.0,39.0,5.8,5.399999999999999,1.86,1.11,15.4
328,-1.37,-10.62,1.22,11.84,-18.3,-8.169255985365913,-4.2383880696747465,30402.0,48.5,10.0,-12.300000000000004,1.83,0.87,13.6
329,0.1100000000000001,0.56,2.96,2.4,1.8999999999999986,-0.289565018390175,0.9313733787574554,59314.0,80.7,6.8,13.5,2.05,1.61,11.1
330,0.40000000000000013,1.93,3.84,1.91,9.899999999999999,1.5255074873917684,2.0927699024730364,51834.0,64.3,9.6,10.799999999999997,1.9,1.87,12.1
331,0.47,7.199999999999999,8.6,1.4,14.899999999999999,3.562366531317293,3.156197283266909,60167.0,82.7,4.3,14.100000000000001,1.87,1.76,9.2
332,0.55,2.58,4.36,1.78,10.3,1.6482105204417967,-0.03870976316945693,31499.0,64.3,7.3,3.8999999999999986,2.0,1.68,15.9
333,0.5199999999999999,4.58,6.11,1.53,2.5,3.2493664078055398,-1.0781753819423774,31518.0,63.0,9.1,2.700000000000003,1.89,1.39,14.7
334,0.82,14.44,15.61,1.17,-9.899999999999999,5.258028172519111,1.7260021831630628,52171.0,53.0,12.7,10.699999999999996,1.81,1.74,16.4
335,0.5800000000000001,5.869999999999999,7.31,1.44,-4.599999999999998,2.0840560524548137,1.6012898624031586,39894.0,51.0,9.4,16.200000000000003,1.96,1.61,16.8
336,-0.7299999999999999,-3.5000000000000004,1.65,5.15,2.5,-5.248879349834597,-4.9650737859070135,28946.0,52.7,6.7,-3.799999999999997,2.04,0.66,17.3
337,0.3899999999999999,1.74,3.69,1.95,9.4,1.9196497461013704,1.1345007722269127,11241.0,54.3,13.7,-5.0,1.94,1.5,17.2
338,0.6300000000000001,11.59,12.79,1.2,-1.0999999999999979,3.2172004319149297,4.020021635764336,60415.0,58.0,10.5,3.0,1.87,2.24,17.4
339,-0.20999999999999996,0.7599999999999998,3.07,2.31,-1.6999999999999993,0.7811205605564722,1.3494905720556796,29040.0,35.0,10.7,-6.699999999999996,1.98,1.5,23.0
340,0.4800000000000002,7.75,9.09,1.34,27.6,2.9795645790174827,2.1551423650360775,53282.0,57.3,9.4,13.199999999999996,1.94,1.87,14.3
341,0.26,3.25,4.93,1.68,25.0,2.013482927113917,3.1083854506103226,60110.0,54.5,17.4,8.399999999999999,1.86,1.76,14.6
342,0.08000000000000007,2.3199999999999994,4.18,1.86,8.300000000000004,0.11732878533981594,0.5048899525182269,42515.0,52.0,16.4,-1.7999999999999972,1.86,1.47,14.6
343,0.20999999999999996,0.4500000000000002,2.87,2.42,-14.399999999999999,0.48753443144895137,-4.581294957708889,31240.0,52.0,15.2,-3.1000000000000014,2.08,0.87,14.6
344,0.10999999999999999,4.35,5.91,1.56,-1.6000000000000014,3.233389938704071,-0.5423459097893811,39305.0,52.0,14.0,0.29999999999999716,1.94,1.03,14.4
345,-0.4800000000000002,2.1100000000000003,3.97,1.86,-14.0,-2.1975864370180256,-1.7486792310090447,62468.0,44.3,19.2,-6.300000000000004,1.85,1.13,12.8
346,-0.06000000000000005,-0.9100000000000001,2.21,3.12,4.099999999999998,-1.9466628580721332,0.023049184228334095,31580.0,47.0,22.6,1.0,1.94,1.68,12.9
347,0.5999999999999999,3.14,4.79,1.65,16.1,1.5478263394459406,0.8022756143019898,18915.0,44.7,18.3,-5.600000000000001,2.07,1.71,13.0
348,-0.6300000000000001,0.5099999999999998,2.86,2.35,-3.0,-2.713066051463877,1.6608695821408845,39829.0,45.0,18.2,-0.6000000000000014,2.03,1.61,12.4
349,-0.20999999999999996,1.19,3.39,2.2,5.100000000000001,-1.4739423846466946,-0.35835741539379745,25096.0,54.0,14.8,1.5999999999999943,1.88,1.29,9.9
350,-0.7899999999999999,-4.13,1.53,5.66,2.3000000000000007,-4.594105381404693,-3.7295688987999323,29511.0,30.3,17.6,-7.299999999999997,1.8,0.92,19.5
351,-0.29000000000000004,-0.5299999999999998,2.45,2.98,-13.2,-0.8823068896050124,-0.8795243910863176,31279.0,29.3,13.4,-4.199999999999996,1.79,1.39,20.3
352,0.3599999999999999,3.13,4.89,1.76,-8.0,0.9066606705880115,0.31814781110511003,27653.0,21.7,13.5,11.399999999999999,1.98,1.39,22.3
353,-1.21,-12.65,1.19,13.84,-15.700000000000003,-7.446636259141585,-5.236391717000595,30937.0,28.0,17.6,-12.799999999999997,1.89,0.66,20.8
354,0.030000000000000027,0.10000000000000009,2.68,2.58,-7.700000000000003,0.6606666295404476,1.2349699381319754,11187.0,39.5,19.8,-2.0,1.9,1.5,18.8
355,0.4800000000000002,0.9199999999999999,3.16,2.24,-19.2,1.22205226737269,4.190370303347443,60324.0,24.0,8.0,0.8000000000000043,1.94,2.24,23.3
356,-0.019999999999999796,1.6500000000000004,3.66,2.01,-2.299999999999999,0.9598797053772334,-0.8078115934467212,73804.0,24.5,11.2,5.100000000000001,2.01,1.11,23.8
357,0.63,6.41,7.8,1.39,17.5,5.551947887195798,1.1382152573296638,30245.0,24.0,12.6,-4.199999999999996,1.86,1.5,24.1
358,0.32000000000000006,-0.7799999999999998,2.27,3.05,-3.200000000000003,0.8489069772944547,0.46791927382389076,60254.0,40.5,16.0,11.900000000000006,1.9,1.61,22.0
359,0.1299999999999999,0.7899999999999996,3.03,2.24,-3.6999999999999993,0.14554381561190266,1.9899787280101067,52231.0,44.3,12.8,-5.800000000000004,1.96,1.74,18.7
360,-0.14000000000000012,8.950000000000001,10.21,1.26,0.8000000000000043,0.4739319028018115,0.70760664173923,42239.0,50.5,16.1,-4.200000000000003,1.88,1.47,16.0
361,0.5,3.8899999999999997,5.46,1.57,12.200000000000001,2.7177736234498706,1.6751626314762635,39849.0,68.0,13.7,3.6000000000000014,1.93,1.61,12.3
362,0.37,6.11,7.54,1.43,5.5,4.875178979574926,-0.35397955612996135,39201.0,38.7,8.6,-7.600000000000001,1.96,1.03,19.4
363,-0.3700000000000001,-0.5899999999999999,2.41,3.0,-12.100000000000001,-2.6133474181907532,-1.5328919002970685,62466.0,47.0,8.3,7.199999999999996,1.81,1.13,16.2
364,0.32000000000000006,1.46,3.5,2.04,7.300000000000001,0.8879514479455667,0.9715659556977366,17136.0,44.3,7.7,-4.399999999999999,2.04,1.71,16.8
365,-0.050000000000000044,0.77,3.04,2.27,-21.5,-0.519374518537246,-4.355972890430155,31986.0,44.3,9.1,4.799999999999997,1.97,0.87,16.9
366,0.020000000000000018,2.0900000000000003,3.99,1.9,25.9,0.8451772883795692,3.0044282973116165,60160.0,42.5,7.6,5.600000000000001,1.9,1.76,17.3
367,-0.5600000000000003,0.75,2.97,2.22,-2.6000000000000014,-3.92588907793991,0.22837096407066976,31611.0,62.3,18.5,-5.400000000000006,1.94,1.68,13.2
368,-0.09999999999999987,0.75,3.12,2.37,20.1,0.9583696880542009,-0.14674316858409173,24766.0,43.3,9.8,-5.300000000000004,2.03,1.29,17.9
369,0.3700000000000001,7.1899999999999995,8.53,1.34,17.6,1.101344755861009,2.203011360845282,52487.0,48.7,6.4,12.799999999999997,1.92,1.87,16.6
370,-0.06999999999999984,-1.8,1.91,3.71,3.6999999999999993,-0.2519560110089418,0.06604439845142754,61449.0,41.0,22.3,2.4000000000000057,1.95,1.61,18.4
371,-0.1100000000000001,-1.38,2.06,3.44,2.1999999999999993,-0.5341849825562832,1.197388780802731,30263.0,45.0,26.5,-15.899999999999999,1.81,1.5,16.2
372,-1.1,-10.48,1.25,11.73,-23.1,-8.444985051676731,-5.3747826408070125,31289.0,42.3,24.9,-8.399999999999999,2.03,0.66,17.8
373,0.71,9.610000000000001,10.88,1.27,-8.299999999999997,2.301832346401781,2.093476895373945,52221.0,59.3,27.2,10.399999999999999,1.95,1.74,13.9
374,-0.3599999999999999,-3.0700000000000003,1.67,4.74,-17.1,-1.974259106081579,-1.099022123856358,73839.0,54.3,22.3,3.0,2.04,1.11,14.9
375,0.9500000000000002,5.62,6.99,1.37,-4.300000000000001,4.046165613645242,4.06463059662088,60382.0,60.3,26.4,14.900000000000006,1.91,2.24,14.1
376,-0.20999999999999985,-0.98,2.22,3.2,16.1,-2.3593700812794807,-4.009195244485595,29771.0,46.0,23.3,-7.799999999999997,1.94,0.92,17.9
377,-0.4800000000000002,-4.539999999999999,1.52,6.06,-18.200000000000003,-2.1494503720740794,0.21805426499189778,27671.0,38.3,20.6,-9.0,2.05,1.39,18.8
378,0.63,7.1899999999999995,8.53,1.34,12.5,5.120549346601047,0.9371733287635782,11238.0,43.7,25.5,3.1000000000000014,1.93,1.5,17.2
379,-0.32000000000000006,-0.5900000000000003,2.32,2.91,-16.7,-2.1074472066560306,-1.2703210081980216,31382.0,52.3,25.3,0.20000000000000284,1.85,1.39,15.0
380,0.09000000000000008,7.39,8.68,1.29,5.800000000000001,2.9328291865220804,4.014399768552654,60315.0,81.0,7.6,9.200000000000003,1.94,1.62,17.5
381,-0.06000000000000005,0.5500000000000003,2.93,2.38,8.600000000000001,-1.256602046947123,0.6953656866948131,42526.0,48.5,10.6,1.0,1.95,1.29,22.4
382,0.19999999999999996,2.4299999999999997,4.26,1.83,3.8000000000000007,0.6479391125530565,0.6467406294053246,31478.0,60.7,21.4,1.5,1.8,1.38,21.3
383,-0.20999999999999996,-1.15,2.25,3.4,11.0,1.4316220136125122,0.0,46233.0,74.0,7.1,2.1000000000000014,1.86,0.97,17.4
384,0.32999999999999996,4.61,6.16,1.55,21.4,-0.26269582149352777,-0.26269582149352777,61077.0,53.3,12.8,8.100000000000001,1.88,1.24,21.7
385,-1.23,-4.73,1.51,6.24,-27.6,-3.876541157370348,-1.2897837721647414,31456.0,50.5,13.3,-16.9,1.91,0.68,21.4
386,-0.22999999999999998,2.25,4.16,1.91,-1.6999999999999993,0.21347074329078375,1.0700597057155123,29949.0,58.0,13.3,-0.3999999999999986,1.86,1.18,21.5
387,0.47,2.4399999999999995,4.26,1.82,-7.300000000000001,1.7902070274023694,1.858902838446233,39678.0,47.7,8.6,11.899999999999999,1.79,1.53,23.5
388,-0.08000000000000007,-1.86,1.93,3.79,-34.4,-4.077128313937285,-0.9191508283259501,73475.0,58.0,11.8,-3.3999999999999986,1.86,1.68,22.6
389,0.1100000000000001,0.8200000000000003,3.16,2.34,-12.399999999999999,0.06684628929582703,0.0,36820.0,73.7,12.5,1.6000000000000014,1.91,1.26,17.1
390,-0.3500000000000001,-3.0300000000000002,1.72,4.75,-9.900000000000002,-3.5144157068536708,-1.6944639035444498,62462.0,47.7,3.3,-15.600000000000001,1.85,1.18,20.2
391,0.5,7.609999999999999,8.94,1.33,30.0,3.1979260754881276,3.2675918440416485,60110.0,48.5,6.8,10.299999999999997,1.91,1.76,21.3
392,0.85,2.5200000000000005,4.32,1.8,10.0,2.626635794341073,0.9262347279631834,11070.0,48.3,10.0,6.899999999999999,1.99,1.53,21.8
393,0.6699999999999999,3.92,5.46,1.54,10.700000000000003,2.988757021804815,2.997374679418755,51785.0,55.0,3.1,10.5,1.81,1.91,21.0
394,-0.05999999999999994,0.8400000000000003,3.22,2.38,-18.4,-0.5341553690394052,-0.27131347910746767,21285.0,70.3,6.9,-2.8000000000000043,1.94,0.91,18.8
395,0.11999999999999988,-1.0699999999999998,2.18,3.25,-1.0000000000000036,0.01600761921163374,0.6876563161411825,16838.0,44.0,2.0,-6.299999999999997,1.92,1.41,22.4
396,-0.11999999999999988,0.6699999999999999,3.06,2.39,5.100000000000001,-1.1313455058181832,0.10764684618087533,24876.0,40.0,7.0,-1.0,1.95,1.06,23.4
397,-0.22999999999999998,-0.46999999999999975,2.43,2.9,4.199999999999999,-0.7500129916919072,-0.1365120578493479,51759.0,50.0,9.1,-8.699999999999996,2.06,1.15,22.7
398,-0.5,-1.37,2.08,3.45,8.799999999999999,1.0608063991712973,0.032041212415033486,27512.0,40.5,7.8,-1.3000000000000043,2.01,1.18,23.2
399,-0.27,-0.6299999999999999,2.29,2.92,-6.699999999999999,-2.1940508992128422,1.9756847234072006,52230.0,53.3,10.5,-6.700000000000003,1.83,1.35,21.6
400,-0.29000000000000004,1.95,3.84,1.89,6.899999999999999,-0.7295401062685141,0.253561442722964,61250.0,72.0,21.3,-0.5,1.85,1.24,19.2
401,-0.09000000000000008,-1.6099999999999999,2.06,3.67,-4.100000000000001,-2.2409995789723034,-0.38434460106903856,36727.0,79.0,21.0,-7.199999999999996,1.73,1.26,17.8
402,-0.43999999999999995,-0.75,2.35,3.1,-2.8000000000000007,-0.6674051649583839,0.09017111308674042,46267.0,48.0,21.4,-3.0,1.8,0.97,20.5
403,0.7699999999999999,6.22,7.6,1.38,5.1,-0.8948184524981366,-0.9934611547604072,74257.0,67.7,17.6,10.800000000000004,1.76,1.68,18.9
404,-0.46999999999999986,-1.0100000000000002,2.32,3.33,-17.4,-1.7945058945152959,-1.7572678874061842,30271.0,75.0,27.6,-0.6000000000000014,1.84,0.68,18.2
405,0.3500000000000001,3.3600000000000003,5.03,1.67,3.400000000000002,2.235642544355776,2.232379724774953,39745.0,64.0,20.8,6.800000000000004,2.09,1.53,19.8
406,0.0,3.3300000000000005,4.98,1.65,12.100000000000001,3.370227449480149,1.2633356244699676,30215.0,59.7,21.0,4.700000000000003,1.8,1.18,19.1
407,-0.53,-1.4400000000000004,2.03,3.47,-14.400000000000002,-2.312680025425631,0.43975086888409975,31485.0,66.3,26.2,-7.600000000000001,1.77,1.38,18.5
408,-0.1399999999999999,0.6399999999999997,3.01,2.37,-19.2,0.5671631544597711,4.288765368123979,60455.0,53.5,21.5,3.6000000000000014,1.96,1.62,18.6
409,0.22999999999999998,1.35,3.44,2.09,-2.3999999999999986,0.5184251613156408,0.601728735025607,41036.0,74.0,18.4,7.699999999999996,1.74,1.29,15.5
410,-0.1200000000000001,-2.38,1.83,4.21,3.8999999999999986,-1.7069622598328413,0.6842392522203323,16795.0,69.3,10.3,-10.5,1.98,1.41,13.3
411,-0.06000000000000005,-1.1,2.17,3.27,-14.0,-1.8872498310170873,-1.7600406877627808,62459.0,59.5,11.2,-7.399999999999999,1.94,1.18,15.6
412,0.15000000000000013,0.3999999999999999,2.82,2.42,-3.1999999999999993,0.5881395794489076,1.1094538484601355,11167.0,53.3,21.7,-2.3999999999999986,1.72,1.53,16.7
413,-0.14000000000000012,0.17999999999999972,2.8,2.62,-0.30000000000000426,-0.11087113158249354,0.15826547763653517,52114.0,57.7,20.4,-9.799999999999997,1.82,1.15,15.4
414,0.67,7.12,8.48,1.36,9.100000000000001,3.7537453379420107,1.8754499800084032,52145.0,58.3,18.7,9.399999999999999,1.77,1.35,15.0
415,-0.08000000000000007,1.7199999999999998,3.76,2.04,4.399999999999999,0.24105499631513289,-0.16208460685904413,27327.0,64.3,12.8,5.599999999999994,1.73,1.18,16.2
416,0.09000000000000008,3.7300000000000004,5.41,1.68,6.200000000000003,0.25238756060501216,0.4158956995165445,25154.0,64.3,16.0,1.6000000000000014,1.86,1.06,16.0
417,0.5800000000000001,6.07,7.48,1.41,20.0,2.73795354221394,3.654438029436507,60167.0,68.0,12.5,8.799999999999997,1.89,1.76,16.2
418,-0.7100000000000001,-7.3100000000000005,1.32,8.63,-20.3,-4.5290463468764415,-0.1731167945247613,21678.0,85.7,23.0,-17.800000000000004,1.9,0.91,12.2
419,0.22999999999999998,3.18,4.83,1.65,27.0,3.5898545566805193,2.6708674941826027,52534.0,84.5,22.4,7.799999999999997,2.03,1.91,13.6
420,-0.22999999999999998,1.46,3.58,2.12,-7.300000000000001,-0.7560639453601163,-0.09328988184061979,26113.0,79.3,23.7,3.6999999999999957,1.79,1.18,15.6
421,-0.2699999999999999,-1.23,2.18,3.41,-19.5,-0.9406458177240156,-0.2804715627903791,21475.0,94.3,17.7,-5.400000000000006,1.94,0.91,11.1
422,-0.58,-0.2999999999999998,2.58,2.88,-5.0,-1.4575923030512963,-1.9295266312438977,30807.0,83.3,20.4,-2.200000000000003,1.9,0.68,16.7
423,0.1499999999999999,-0.13000000000000034,2.51,2.64,-12.200000000000001,-3.5837044904685236,-1.1710377897145139,74124.0,89.5,26.8,-5.5,1.96,1.68,11.4
424,0.11999999999999988,-0.73,2.31,3.04,-17.200000000000003,-2.4652382003212145,-2.080604438607695,62455.0,71.3,17.8,-3.700000000000003,1.83,1.18,20.2
425,0.4700000000000002,4.8,6.31,1.51,-1.5999999999999979,4.334464487322851,4.463284320617299,60342.0,96.0,10.4,15.5,1.81,1.62,13.2
426,0.1399999999999999,0.9700000000000002,3.14,2.17,-3.6999999999999993,0.0064820728092512825,0.45425496690847245,31488.0,76.3,36.2,2.8999999999999986,1.84,1.38,19.0
427,-0.32000000000000006,-1.7599999999999998,2.04,3.8,-3.8000000000000043,-0.10381217684655886,0.19477007671455737,46261.0,55.3,13.6,-9.299999999999997,1.77,0.97,13.0
428,0.17999999999999994,0.6400000000000001,3.02,2.38,0.8999999999999986,-0.7501681027558023,1.176513150562891,11212.0,57.0,15.0,-2.5,2.0,1.53,14.6
429,-0.1499999999999999,1.4900000000000002,3.54,2.05,7.399999999999999,0.9878300403262372,3.910748261725437,60161.0,43.5,11.3,-4.399999999999999,1.99,1.76,14.7
430,0.5599999999999999,4.52,6.05,1.53,16.9,2.6300439741919086,0.4778053044632674,60537.0,78.7,9.2,6.399999999999999,1.85,1.24,12.8
431,-0.56,-2.1399999999999997,1.87,4.01,4.300000000000001,-4.009304427468771,0.5023075707119133,25118.0,54.0,14.5,-13.399999999999999,1.93,1.06,16.7
432,-0.27,-0.5,2.46,2.96,-5.0,-1.3994862807845276,-0.24922228970785787,36574.0,66.7,15.9,-4.699999999999996,1.74,1.26,14.7
433,0.20999999999999996,2.9800000000000004,4.73,1.75,1.1000000000000014,0.5201818882462262,0.6854710258450164,30226.0,64.0,13.2,2.6000000000000014,1.94,1.18,14.4
434,0.9999999999999999,12.98,14.17,1.19,32.1,3.2636257053025903,2.957857371600831,52427.0,68.3,13.6,18.6,1.88,1.91,14.6
435,-0.27,-1.23,2.07,3.3,16.1,1.5721130110548671,0.4889937437926959,17193.0,56.0,15.2,-5.0,1.76,1.41,16.6
436,0.15000000000000013,1.5899999999999999,3.57,1.98,-0.3999999999999986,1.900525621757241,2.3247481783016672,39597.0,52.7,14.1,5.300000000000004,1.93,1.53,17.0
437,0.1100000000000001,1.0899999999999999,3.34,2.25,8.300000000000004,0.24757275479070262,0.32806319267688344,40350.0,52.7,8.4,2.6000000000000014,1.91,1.29,16.1
438,-0.4099999999999999,-1.19,2.21,3.4,-25.9,-1.9228786987188917,1.9529304128049143,52199.0,64.0,4.1,-3.1000000000000014,1.91,1.35,14.6
439,-0.030000000000000027,3.6300000000000003,5.28,1.65,14.5,2.278770403337151,0.08049215573106189,51890.0,85.0,5.7,1.6000000000000014,1.8,1.15,12.5
440,0.3500000000000001,2.0599999999999996,4.01,1.95,0.6000000000000014,1.2615382580126129,1.1732665596727472,11165.0,95.3,39.5,-0.8999999999999986,1.91,1.53,17.0
441,0.020000000000000018,-0.20000000000000018,2.55,2.75,-11.899999999999999,-0.7068799428962431,-0.2722248583039352,36703.0,71.0,27.7,-4.199999999999996,1.99,1.26,12.3
442,0.5800000000000001,13.450000000000001,14.63,1.18,32.1,6.153079113619615,3.9961947180302118,60181.0,58.0,28.0,13.5,1.84,1.76,13.1
443,0.71,3.4899999999999993,5.1,1.61,-13.299999999999999,-1.5431487492469182,-1.2452587022068968,74004.0,76.3,22.4,8.0,1.74,1.68,11.8
444,-0.09000000000000008,-0.56,2.31,2.87,-3.0,-2.336319925850459,2.085245550192881,39538.0,67.0,19.6,-1.5,1.81,1.53,12.5
445,-0.5,-3.41,1.62,5.03,-10.900000000000002,-2.6604060643368967,0.6511331787374216,17028.0,60.5,14.6,-12.799999999999997,1.78,1.41,14.6
446,0.38,4.58,6.13,1.55,22.200000000000003,1.156275534078176,0.49682532890292996,40308.0,56.0,22.7,12.100000000000001,1.92,1.29,14.1
447,0.17000000000000015,4.55,6.06,1.51,-5.899999999999999,1.2796746898947235,1.8325448062985088,52189.0,54.0,26.1,5.699999999999996,1.8,1.35,14.8
448,-0.6999999999999998,-1.38,2.08,3.46,-13.2,-2.772813634510894,-2.1090884498576816,29504.0,58.3,25.0,-9.299999999999997,2.02,0.68,14.1
449,0.08999999999999986,0.16999999999999993,2.82,2.65,-2.700000000000003,-0.553255789134881,0.03909830371437613,51770.0,66.0,34.4,-2.1000000000000014,1.82,1.15,13.9
450,-0.3500000000000001,-0.7999999999999998,2.27,3.07,2.1999999999999993,-1.7776586599688744,0.3892684898532589,30495.0,73.0,10.7,-10.899999999999999,1.84,1.18,12.5
451,0.76,5.85,7.29,1.44,10.200000000000003,3.3163726300925833,3.428237212752634,52498.0,76.0,10.6,16.299999999999997,1.93,1.91,12.8
452,-0.47,1.31,3.44,2.13,10.100000000000001,-0.8173710544791013,0.5195878139035828,25125.0,62.7,9.7,-4.199999999999996,1.8,1.06,14.0
453,0.029999999999999805,-0.43999999999999995,2.42,2.86,4.099999999999998,-1.3162853163683774,0.679861116480658,31620.0,63.7,17.2,-0.10000000000000142,1.75,1.38,14.0
454,0.2899999999999999,0.5899999999999999,3.08,2.49,13.899999999999999,2.245398684978914,0.1201743032937867,46578.0,71.3,11.1,1.1000000000000014,2.08,0.97,11.9
455,-0.35,-1.29,2.19,3.48,-9.5,-0.32497836891540127,-0.7236688275048553,21646.0,82.0,13.2,-3.9000000000000057,1.93,0.91,11.4
456,-0.5800000000000001,-5.27,1.5,6.77,-25.6,-4.387393329511916,-0.2519640070498026,27736.0,69.5,9.1,-4.700000000000003,1.98,1.18,12.8
457,-0.050000000000000044,0.9699999999999998,3.21,2.24,-0.8000000000000043,7.673364528748561e-05,0.5611206848778266,61291.0,88.3,15.8,-4.0,1.91,1.24,14.8
458,-0.05999999999999983,2.88,4.55,1.67,15.200000000000001,5.40742683487475,4.3398838764140875,60337.0,93.0,21.8,7.0,1.8,1.62,14.5
459,-0.22999999999999998,-0.18000000000000016,2.57,2.75,-13.8,-2.830554209080411,-2.296119000021305,62452.0,94.3,5.5,-5.100000000000001,1.83,1.18,12.0
460,0.08000000000000007,2.7699999999999996,4.56,1.79,2.1000000000000014,1.9416508785418722,-0.570315350434031,36788.0,82.3,15.2,3.200000000000003,1.97,1.26,8.6
461,0.56,5.76,7.2,1.44,-1.0999999999999979,2.209091546653397,2.488038856522289,39489.0,64.3,16.4,13.5,1.91,1.53,10.4
462,0.17000000000000015,4.02,5.62,1.6,-0.29999999999999716,2.2795920466694364,1.9195650062671934,52152.0,55.0,20.7,1.6000000000000014,1.97,1.35,8.0
463,0.30000000000000004,1.4200000000000002,3.41,1.99,-12.6,-1.6669483673487884,-0.9105058242862885,74124.0,62.0,11.6,-0.19999999999999574,1.95,1.68,7.8
464,-0.2100000000000002,-2.0999999999999996,1.82,3.92,0.8999999999999986,-3.43256430422601,0.750282438013704,17214.0,73.3,14.6,-12.0,1.97,1.41,7.1
465,-0.09000000000000008,1.1199999999999997,3.32,2.2,0.5,-0.4726738553990868,-0.04155355418948656,51781.0,87.0,38.0,-5.799999999999997,1.86,1.15,11.0
466,0.3500000000000001,1.8699999999999999,3.82,1.95,-5.0,1.2947152299571854,1.3628720131102885,11204.0,60.3,20.8,3.1999999999999957,1.92,1.53,10.6
467,0.7,6.7,8.08,1.38,14.899999999999999,3.7498176866385755,4.243492355814554,60103.0,65.3,16.1,9.799999999999997,1.79,1.76,9.4
468,-0.22999999999999998,2.42,4.34,1.92,4.5,-1.7319534525999545,-2.2839973882602327,29116.0,74.7,20.1,1.7000000000000028,1.88,0.68,8.6
469,-0.6199999999999999,-2.34,1.82,4.16,-9.899999999999999,-2.8906110147014052,0.6910443349007656,41988.0,74.7,18.1,-6.5,1.98,1.29,8.4
470,0.33000000000000007,3.02,4.67,1.65,-1.9000000000000021,3.320186530744311,4.095683920718583,60407.0,80.0,13.6,5.700000000000003,2.02,1.62,7.9
471,-0.29000000000000004,-0.71,2.31,3.02,4.099999999999998,-1.5882364668564173,0.7587569319326049,61202.0,87.5,14.3,-8.200000000000003,1.82,1.24,10.6
472,-0.85,-12.42,1.24,13.66,-39.5,-4.725446970304639,-0.430703702923278,21538.0,81.3,20.8,-14.200000000000003,1.78,0.91,9.3
473,0.4999999999999999,2.6500000000000004,4.44,1.79,9.399999999999999,1.9867085408283371,-0.4186290801688959,26413.0,67.7,16.2,7.799999999999997,1.98,1.18,13.5
474,0.11999999999999988,1.95,3.88,1.93,8.2,1.0881314060524963,0.5781078012257559,31512.0,73.0,30.8,7.099999999999994,1.9,1.38,12.9
475,-0.34999999999999987,1.54,3.6,2.06,3.400000000000002,-0.3950215019256629,0.4424237576091712,25083.0,69.7,16.7,-1.3999999999999986,2.02,1.06,13.2
476,-0.5,-1.15,2.12,3.27,14.4,0.6368014417524337,-0.09536964069711085,30778.0,67.0,15.9,-5.399999999999999,1.98,1.18,12.2
477,-0.17000000000000015,-3.3500000000000005,1.64,4.99,-6.200000000000003,-4.55042502061704,-2.5722579745831937,62441.0,63.3,13.3,-10.399999999999999,1.75,1.18,12.0
478,0.3799999999999999,5.45,6.86,1.41,17.6,1.9708038575681612,3.497202294528664,52387.0,72.0,9.6,10.0,1.8,1.91,9.6
479,-0.17999999999999994,-0.8700000000000001,2.37,3.24,-3.5,0.7891829525146503,0.41999276760215914,41476.0,81.0,28.9,0.5,1.8,0.97,15.0
480,-0.43999999999999995,-0.52,2.38,2.9,16.299999999999997,1.3356851895076693,0.6366981142668869,61210.0,79.0,10.8,-2.700000000000003,1.77,1.24,13.4
481,-0.030000000000000027,0.9199999999999999,3.23,2.31,8.0,-0.17668164727688035,-0.33524427014991787,52491.0,77.7,6.5,-7.199999999999996,1.94,1.15,12.7
482,0.2699999999999999,2.37,4.23,1.86,7.399999999999999,-1.7424293814083538,-2.3795058494801085,62449.0,76.0,7.8,0.7000000000000028,1.83,1.18,13.8
483,-0.79,-5.87,1.46,7.33,-21.1,-4.115069179690252,0.3860468528395859,46799.0,85.5,8.2,-11.399999999999999,2.02,0.97,11.0
484,0.85,6.759999999999999,8.12,1.36,12.8,5.134456294747832,2.46905221645474,39467.0,84.0,7.5,14.600000000000001,1.98,1.53,10.2
485,-0.08000000000000007,1.23,3.46,2.23,10.0,0.6460292998906049,-0.128553647905873,30708.0,85.0,14.8,1.5,1.87,1.18,12.2
486,-0.24,0.8000000000000003,3.1,2.3,7.700000000000003,-0.7441541336203492,0.6220983226279941,40792.0,85.7,15.8,3.5,1.95,1.29,12.4
487,0.05999999999999983,-0.3599999999999999,2.47,2.83,7.599999999999998,-1.1199447689055553,0.6654701520252058,17207.0,78.3,12.4,-5.299999999999997,2.02,1.41,13.4
488,-0.31999999999999984,0.5900000000000003,2.97,2.38,6.900000000000002,-0.2282682790766939,0.6143988651187995,24326.0,77.0,13.8,-6.599999999999994,2.01,1.06,13.3
489,0.2899999999999998,1.8,3.69,1.89,11.8,-0.5917347128240387,3.657348275240823,52432.0,88.0,13.5,0.7999999999999972,1.86,1.91,11.9
490,-0.38,-2.6199999999999997,1.81,4.43,-20.1,-3.495272003333535,-2.909731796819352,29976.0,96.3,11.8,-2.700000000000003,1.78,0.68,7.5
491,-0.030000000000000027,1.37,3.47,2.1,-3.5,0.030455926930376354,0.8715258028001099,31458.0,82.7,36.5,5.199999999999996,1.78,1.38,8.3
492,-0.5599999999999998,-1.72,1.95,3.67,-18.5,-2.3204917517187096,1.6098151970862333,52181.0,95.5,7.1,-7.5,1.86,1.35,4.4
493,0.20999999999999996,1.79,3.81,2.02,-4.5,-0.7060682298474591,-0.32944603110942194,27560.0,84.7,18.0,6.699999999999996,1.99,1.18,7.4
494,-0.62,-3.88,1.58,5.46,-17.3,-3.4291685499597975,-0.7157886149787965,21499.0,98.5,10.2,-16.300000000000004,1.84,0.91,4.6
495,0.3500000000000001,3.2800000000000002,4.95,1.67,7.100000000000001,3.293325388153308,0.9925316855802415,11216.0,89.7,35.0,7.899999999999999,1.81,1.53,9.6
496,0.44000000000000017,5.13,6.58,1.45,0.8000000000000007,3.9379081089060675,3.9761243145007414,60419.0,94.3,3.7,12.399999999999999,1.92,1.62,7.5
497,-0.030000000000000027,-0.9500000000000002,2.27,3.22,-12.700000000000003,-1.9371718945931207,-0.9413528012970248,36819.0,83.3,18.1,-8.199999999999996,1.86,1.26,6.3
498,0.52,5.680000000000001,7.15,1.47,18.1,3.9105209983120384,4.510540686631387,60345.0,71.0,15.4,6.100000000000001,1.74,1.76,7.6
499,0.53,2.2299999999999995,4.09,1.86,-16.799999999999997,-0.4979477873797106,-0.6623086492932441,74158.0,82.7,9.8,8.5,1.83,1.68,5.9
500,0.6499999999999999,10.34,11.56,1.22,22.6,4.910371431870408,3.8487044900463494,52483.0,93.0,4.5,14.699999999999996,1.79,1.91,5.4
501,-0.56,-0.8400000000000003,2.3,3.14,3.8999999999999986,-0.6429732010506751,0.30309185758879986,46973.0,92.3,11.4,-5.799999999999997,1.84,0.97,6.0
502,0.4999999999999999,5.130000000000001,6.61,1.48,21.2,1.699864927733383,0.7712221555043854,17176.0,85.0,13.5,5.800000000000004,1.77,1.41,8.1
503,-0.20000000000000018,-0.03000000000000025,2.65,2.68,8.299999999999997,-1.7282682566952587,-0.036850600850431986,52489.0,90.0,15.2,-8.799999999999997,1.88,1.15,5.8
504,0.06000000000000005,0.7000000000000002,3.04,2.34,7.5,0.6054879832710934,0.3495722933109088,60546.0,86.7,15.3,-1.3999999999999986,1.98,1.24,5.5
505,-0.22999999999999998,-0.5499999999999998,2.46,3.01,-22.2,-1.8347539894086249,2.926234092231202,39820.0,78.5,9.2,2.1000000000000014,1.71,1.53,6.1
506,0.61,5.37,6.83,1.46,17.700000000000003,4.238388670625815,1.1161332338231305,42139.0,75.5,12.0,10.399999999999999,1.98,1.29,6.4
507,-0.6199999999999999,1.33,3.4,2.07,19.5,1.587882756853861,0.7980638464975153,25189.0,74.0,11.9,-6.399999999999999,2.1,1.06,6.5
508,-0.44000000000000017,-3.49,1.58,5.07,-12.900000000000002,-5.880761849588511,-2.2543270756323,62469.0,73.5,10.6,-17.1,1.88,1.18,7.3
509,-0.19999999999999996,-0.3400000000000003,2.51,2.85,1.8000000000000007,-0.5534677770262537,0.38790574613920437,30522.0,77.5,14.0,-5.599999999999994,2.03,1.18,6.4
510,0.3800000000000001,1.17,3.34,2.17,-7.399999999999999,1.2310594522011773,0.8728501926342216,11161.0,87.0,14.8,6.299999999999997,1.85,1.53,7.9
511,-0.73,-3.51,1.63,5.14,-18.200000000000003,-4.017040882930827,-0.1228882500438292,26700.0,87.5,10.3,-9.100000000000001,2.04,1.18,8.0
512,0.1100000000000001,2.24,4.07,1.83,-7.799999999999997,1.796231461166797,2.0127763145613504,52007.0,91.5,14.8,3.0,1.79,1.35,4.8
513,-0.27,-1.99,1.95,3.94,-7.800000000000001,-4.012522946842952,-1.107115084664707,36767.0,93.0,10.4,-12.399999999999999,1.89,1.26,4.3
514,0.6500000000000001,6.630000000000001,7.98,1.35,1.9000000000000021,3.450724241114215,3.827030964708268,60146.0,91.5,16.1,15.0,1.93,1.62,5.7
515,0.08999999999999986,0.9199999999999999,3.17,2.25,-4.5000000000000036,0.0036648938103254203,1.1686061842803268,31247.0,76.0,19.5,-1.1000000000000014,1.91,1.38,8.8
516,-0.15000000000000002,-3.2600000000000002,1.73,4.99,-24.6,-1.7502678803035767,-1.0901434475903307,19365.0,93.5,20.0,-4.400000000000006,1.87,0.91,5.0
517,0.3500000000000001,6.0,7.43,1.43,18.3,3.849091480827065,4.781814311692783,60110.0,90.0,10.3,8.399999999999999,1.93,1.76,6.2
518,-0.4999999999999999,-0.73,2.37,3.1,-15.0,-3.331736578473891,-3.171063493449555,28646.0,94.0,14.8,-3.700000000000003,1.79,0.68,5.1
519,0.5,5.8100000000000005,7.21,1.4,-2.299999999999999,1.803043769812281,-0.6518794965720762,73938.0,91.3,7.4,10.100000000000001,1.79,1.68,5.2
520,-0.3600000000000001,-2.6400000000000006,1.76,4.4,-10.8,-4.696829813433189,-0.9170524699304923,36842.0,88.5,16.7,-13.899999999999999,1.84,1.26,9.4
521,0.94,9.34,10.59,1.25,13.700000000000003,3.5805070836727184,4.004067428472343,52436.0,90.3,14.6,15.799999999999997,1.86,1.91,9.7
522,-0.16999999999999993,0.48,2.9,2.42,0.1999999999999993,-0.5264422775694665,0.2555260107003873,60759.0,79.0,21.1,2.299999999999997,1.75,1.24,11.1
523,0.0,-1.2800000000000002,2.05,3.33,-2.8000000000000007,-1.9786503520708145,0.7366948953732158,11240.0,80.3,30.0,-7.700000000000003,2.03,1.53,11.5
524,0.44000000000000006,8.2,9.5,1.3,13.600000000000001,3.185187265444329,1.9737951572555164,52041.0,91.0,6.7,11.100000000000001,1.87,1.35,7.7
525,-0.47,-2.28,1.9,4.18,-17.299999999999997,-3.6376092393495947,1.294959614939053,42888.0,85.0,23.0,-2.1000000000000014,1.9,1.29,10.2
526,-0.030000000000000027,1.6400000000000001,3.72,2.08,2.3999999999999986,-0.49606836443791597,-0.22205396230594981,52501.0,88.3,23.3,-3.1000000000000014,1.74,1.15,9.9
527,0.19999999999999996,3.56,5.16,1.6,10.3,3.454495907346571,1.0385878598112752,31293.0,94.7,40.7,10.299999999999997,1.96,1.38,13.4
528,0.11999999999999988,0.3599999999999999,2.85,2.49,-10.700000000000003,-1.0141761389409032,-0.2328030456291751,27283.0,88.5,25.3,5.099999999999994,1.76,1.18,14.0
529,-0.9999999999999999,-3.4000000000000004,1.64,5.04,-0.5999999999999996,-2.593510095136048,-3.2844048105571857,30338.0,94.3,15.6,-9.100000000000001,2.02,0.68,10.0
530,-0.2699999999999999,-1.89,1.99,3.88,-13.899999999999999,-0.9077340069271206,-1.2654661718615912,19739.0,84.0,26.0,-9.5,1.8,0.91,8.0
531,0.3800000000000001,3.0599999999999996,4.77,1.71,-4.599999999999998,2.6850256161674366,2.7354519956836763,39552.0,83.3,7.8,14.0,1.87,1.53,8.6
532,0.2400000000000002,2.63,4.37,1.74,2.6000000000000014,2.794977814160989,3.7862931944355314,60429.0,76.7,16.4,6.800000000000004,1.92,1.62,9.7
533,1.08,21.189999999999998,22.31,1.12,35.0,8.445818068173406,4.844380808091899,60242.0,90.0,11.8,12.5,1.83,1.76,6.6
534,0.1499999999999999,1.42,3.56,2.14,11.7,1.5329043977453327,0.6093360768820064,17159.0,82.5,16.0,1.8999999999999986,1.81,1.41,9.2
535,-0.06000000000000005,0.08000000000000007,2.7,2.62,-1.8999999999999986,-0.4266241617784581,0.0015340603097765415,30579.0,78.3,19.9,-2.6999999999999957,1.86,1.18,9.9
536,-0.3800000000000001,-1.25,2.16,3.41,4.799999999999997,-1.8564063407103069,0.1714628802179879,47158.0,85.3,28.4,-8.299999999999997,1.95,0.97,10.7
537,-0.8499999999999999,-2.1599999999999997,1.85,4.01,-7.5,-3.3498626804369556,0.9063022126170236,25166.0,78.3,18.6,-14.199999999999996,1.9,1.06,9.9
538,-0.1100000000000001,-1.13,2.18,3.31,-14.800000000000004,-3.7517832291343636,-2.3686355679985627,62447.0,77.7,17.0,-11.399999999999999,1.93,1.18,10.2
539,0.1499999999999999,2.34,4.1,1.76,-9.4,-1.0904504130303878,-0.3738622658968179,73951.0,97.7,3.7,2.200000000000003,1.92,1.68,7.8
540,-0.6100000000000001,-4.72,1.54,6.26,-17.6,-4.9783002101539555,-0.10614849240292304,52513.0,87.3,25.2,-11.899999999999999,1.86,1.15,6.0
541,-0.3800000000000001,-1.52,2.02,3.54,1.0999999999999979,-3.7862932040853843,0.15602510127934227,61138.0,92.0,12.8,-9.700000000000003,1.79,1.24,6.8
542,0.73,10.82,12.02,1.2,24.700000000000003,7.049292231504685,4.569415579651794,52454.0,85.3,12.4,17.9,1.86,1.91,7.2
543,0.19999999999999996,-0.16999999999999993,2.66,2.83,-15.100000000000001,-1.478955324893808,-0.8859037988745997,36334.0,95.7,11.0,-0.5,1.94,1.26,5.9
544,0.62,5.0,6.47,1.47,14.5,2.1320633968953735,0.7411358950684178,10762.0,73.0,21.8,8.600000000000001,1.95,1.53,9.6
545,-0.7299999999999999,-1.27,2.15,3.42,-16.7,-4.200879724633918,-3.629208169740638,27662.0,87.0,15.6,-4.100000000000001,1.95,0.68,6.6
546,-0.17999999999999994,-0.3799999999999999,2.41,2.79,-3.6999999999999993,-0.9434396783780958,1.948587189224743,52226.0,93.0,11.5,-5.200000000000003,2.0,1.35,4.9
547,0.4099999999999999,2.4399999999999995,4.27,1.83,-0.6999999999999993,0.5845453574238078,0.8352902693453472,31426.0,82.3,15.9,8.199999999999996,1.78,1.38,8.8
548,-0.3899999999999999,1.52,3.53,2.01,17.1,1.892798758821795,1.494388744990129,43157.0,97.0,11.0,1.2999999999999972,1.96,1.29,8.4
549,0.0,0.20000000000000018,2.75,2.55,-5.600000000000001,-0.5059380160877751,-0.23227083496910617,26647.0,97.0,9.5,4.099999999999994,1.84,1.18,7.9
550,0.32999999999999985,0.18999999999999995,2.66,2.47,-8.500000000000002,-2.3822504076541904,-0.458946020037557,73996.0,85.7,15.0,-0.29999999999999716,1.84,1.68,4.7
551,0.24,2.4600000000000004,4.23,1.77,-4.900000000000002,1.3623849180149283,2.9173096692109484,39765.0,83.0,15.2,4.200000000000003,1.95,1.53,7.0
552,-0.73,-3.5599999999999996,1.61,5.17,-12.600000000000001,-4.603031627456041,0.20113749103823,30778.0,88.5,17.0,-13.199999999999996,1.82,1.18,6.4
553,-0.23999999999999988,-1.48,2.18,3.66,-21.9,-1.1390101934903254,-1.3502671848424788,21637.0,87.3,23.5,-2.3000000000000043,1.95,0.91,5.8
554,0.0,-0.5899999999999999,2.39,2.98,-6.5,-2.5548890458067,-2.714630190695367,62464.0,82.0,16.4,-8.799999999999997,1.77,1.18,7.4
555,0.9400000000000001,9.98,11.22,1.24,15.8,7.891590610461768,4.0533868393442996,60466.0,83.0,9.7,16.1,1.81,1.62,5.9
556,-0.1200000000000001,0.7600000000000002,3.04,2.28,6.699999999999999,0.08019157818616929,0.7806671562701102,17152.0,82.3,17.4,-2.799999999999997,1.95,1.41,7.2
557,0.3800000000000001,7.549999999999999,8.87,1.32,21.8,4.1748926741420345,4.977260216700262,60209.0,83.3,17.0,3.200000000000003,1.84,1.76,7.1
558,-0.17999999999999994,0.9900000000000002,3.22,2.23,3.200000000000003,0.27070018209497015,0.31565674939473937,25186.0,79.0,12.4,-3.6999999999999957,1.91,1.06,6.4
559,-0.29000000000000004,-0.20999999999999996,2.63,2.84,8.899999999999999,0.8921766609587891,0.28366763870865846,46675.0,82.7,8.5,-1.1000000000000014,1.98,0.97,6.4
560,-0.44000000000000006,-4.15,1.56,5.71,-13.600000000000001,-3.21596526945339,-1.3745721338750272,21020.0,89.0,3.0,-11.100000000000001,1.85,0.91,0.8
561,-0.19999999999999996,-1.2199999999999998,2.1,3.32,-10.3,-3.585097751395272,-2.8318557454663336,62464.0,89.5,9.2,-10.299999999999997,1.98,1.18,2.4
562,0.030000000000000027,2.39,4.29,1.9,-2.3999999999999986,0.2811046914951151,0.09415264917551021,30617.0,91.5,10.0,3.1000000000000014,1.83,1.18,2.6
563,0.0,3.69,5.25,1.56,2.8000000000000007,2.349621208646002,2.780497744620874,39765.0,88.5,8.8,7.700000000000003,1.87,1.53,2.7
564,0.47,6.39,7.76,1.37,17.299999999999997,3.334649077543457,5.026385753329552,60279.0,91.5,9.1,2.1000000000000014,1.8,1.76,2.0
565,0.9999999999999999,6.26,7.63,1.37,0.5999999999999996,3.4917110500658737,-0.37703476799928604,73589.0,87.5,4.5,9.100000000000001,1.77,1.68,1.8
566,0.16999999999999993,0.5100000000000002,2.91,2.4,-0.1999999999999993,0.8739561301689354,1.0502661983791794,17141.0,80.0,15.3,-2.299999999999997,1.74,1.41,3.8
567,-0.94,-5.8100000000000005,1.42,7.23,-13.700000000000003,-4.661947204953126,0.24920675540386453,46920.0,60.3,24.3,-15.799999999999997,1.86,0.97,1.8
568,-0.11999999999999988,1.1199999999999997,3.34,2.22,10.700000000000003,0.22681883860196528,0.18430324848426452,25111.0,81.0,13.5,-5.099999999999994,1.88,1.06,4.2
569,0.3600000000000001,5.21,6.68,1.47,10.8,4.657977025237328,4.083928886291991,60343.0,76.0,29.0,13.899999999999999,1.74,1.62,5.2
570,0.1100000000000001,2.1999999999999997,4.1,1.9,2.700000000000003,1.5756627954557774,1.438409921173812,43039.0,68.0,14.0,6.699999999999996,1.86,1.29,1.2
571,-0.4999999999999999,0.03000000000000025,2.66,2.63,-2.8999999999999986,-0.977357006105473,-3.82128726281483,29874.0,74.0,15.8,1.0,1.89,0.68,0.7
572,0.46999999999999986,5.55,7.0,1.45,17.7,2.353808824699722,0.7653165171719619,31373.0,63.0,21.4,11.0,1.94,1.38,1.8
573,-0.22999999999999998,-4.44,1.51,5.95,-25.0,-4.807087865923733,0.4726246420181017,11240.0,71.0,13.8,-5.600000000000001,1.98,1.53,1.0
574,-0.44000000000000017,-2.1900000000000004,1.88,4.07,-6.400000000000002,-4.042020497090495,-0.011381495924690944,27547.0,76.0,8.9,-8.300000000000004,1.91,1.18,1.0
575,-0.41999999999999993,-0.14000000000000012,2.59,2.73,4.4,-0.09626493056953467,-0.5207582538191501,36909.0,63.0,11.2,-6.899999999999999,1.94,1.26,1.7
576,0.27,1.9800000000000002,3.95,1.97,3.0,-0.03183664256754146,0.2106798488610887,60877.0,73.0,9.6,5.299999999999997,1.9,1.24,1.1
577,0.29000000000000004,3.2200000000000006,4.9,1.68,-11.0,1.902144154939841,2.055313309231096,51979.0,76.0,14.1,6.699999999999996,1.82,1.35,-0.8
578,-0.26,0.5499999999999998,3.01,2.46,0.6999999999999993,-0.971442936590464,0.044453481137870704,52514.0,75.7,18.6,-3.5,2.05,1.15,3.2
579,0.3799999999999999,4.41,5.88,1.47,14.8,2.1790945857545814,4.917844224332225,52471.0,87.5,6.5,2.299999999999997,1.93,1.91,-0.4
580,0.0,-0.5299999999999998,2.39,2.92,-12.100000000000001,-2.819442481435198,-3.1188170417398844,62429.0,82.3,15.7,-4.700000000000003,1.76,1.18,2.9
581,0.46999999999999986,2.67,4.51,1.84,17.4,3.365711173605126,-0.180689304179177,51768.0,69.0,17.2,0.6000000000000014,1.82,1.15,5.3
582,-0.22999999999999998,-0.6100000000000003,2.38,2.99,2.3999999999999986,-1.6078517321305794,-0.007320124934046129,24841.0,82.0,11.9,-7.699999999999996,1.77,1.06,2.2
583,0.29000000000000004,1.04,3.21,2.17,-6.899999999999999,0.18582104927379398,0.3666600813477204,11212.0,83.5,4.0,0.5,1.87,1.53,5.8
584,0.53,4.29,5.79,1.5,14.400000000000002,3.9534012783549897,4.876948751403453,51728.0,80.5,3.4,7.600000000000001,1.75,1.91,1.5
585,-0.3500000000000001,-1.6,2.01,3.61,-3.400000000000002,-2.8008165049456553,-0.02117139343923847,26990.0,81.0,11.4,-6.800000000000004,1.78,1.18,2.4
586,0.43999999999999995,2.0600000000000005,4.07,2.01,2.8000000000000007,0.9686818948295901,1.2410392030453825,17016.0,83.0,10.4,3.0,1.96,1.41,2.0
587,-0.7699999999999999,-3.08,1.72,4.8,-5.1,-1.3517486155017984,-1.7467232634042615,21047.0,82.5,8.0,-10.800000000000004,1.88,0.91,0.4
588,0.09000000000000008,3.9499999999999993,5.56,1.61,4.100000000000001,2.766079517622699,2.2158025884563965,51176.0,90.0,10.7,7.199999999999996,1.74,1.35,1.9
589,0.1399999999999999,4.08,5.65,1.57,19.2,1.345248169931864,5.385677068612216,60258.0,97.3,21.5,-3.6000000000000014,1.93,1.76,4.8
590,-0.5800000000000001,-4.1899999999999995,1.6,5.79,-20.0,-5.532422600474419,-0.1834717727118625,30729.0,94.5,7.0,-8.799999999999997,1.75,1.18,5.8
591,-0.09000000000000008,0.77,3.15,2.38,-6.200000000000003,0.03648158396333363,0.007200717689940406,47257.0,93.0,8.0,-1.6000000000000014,1.99,0.97,7.1
592,0.08000000000000007,0.79,3.1,2.31,-4.399999999999999,-0.6692792206636787,-0.606446531578189,36300.0,90.7,6.0,-5.599999999999994,1.96,1.26,7.3
593,0.06000000000000005,2.29,4.13,1.84,14.0,3.3464879666530036,0.11176813732029538,60857.0,86.3,6.9,7.399999999999999,1.8,1.24,9.1
594,0.7100000000000001,10.68,11.91,1.23,20.3,5.847119659856763,4.077155139530011,60431.0,83.3,11.3,17.800000000000004,1.86,1.62,8.0
595,-0.22999999999999998,-0.7799999999999998,2.23,3.01,-27.0,-5.1989151359916494,-0.3717333909799721,74004.0,83.0,11.2,-7.799999999999997,1.86,1.68,8.3
596,0.1200000000000001,2.0700000000000003,3.93,1.86,-3.8999999999999986,1.1894452354104543,2.695641028981689,39704.0,82.7,6.1,10.5,1.82,1.53,9.5
597,-0.67,-2.7800000000000002,1.72,4.5,-9.100000000000001,-5.771544112784561,-3.4995719219162775,29751.0,97.3,5.9,-9.399999999999999,1.89,0.68,6.2
598,0.14000000000000012,4.17,5.77,1.6,0.30000000000000426,1.850010208583083,1.6224923485358802,43059.0,97.5,6.8,9.799999999999997,1.72,1.29,6.2
599,-0.15000000000000013,1.5899999999999999,3.55,1.96,3.1999999999999993,0.5375835033388867,0.9733144794402382,30172.0,91.0,21.4,2.3999999999999986,1.89,1.38,9.4
600,-0.09000000000000008,-2.44,1.77,4.21,-5.800000000000001,-3.549500647612681,0.46841889361804584,11260.0,89.0,31.3,-9.200000000000003,1.85,1.53,7.4
601,-0.32999999999999996,-1.8400000000000003,2.01,3.85,-21.4,-1.675764619514499,-1.7107289220274686,21618.0,81.0,26.9,-8.100000000000001,1.79,0.91,6.5
602,-0.19999999999999996,0.18999999999999995,2.76,2.57,-3.8000000000000007,-0.9511402689413724,-0.010513707017828583,27239.0,77.0,16.4,-1.5,1.83,1.18,8.4
603,1.23,8.2,9.5,1.3,27.6,8.131901370684073,4.631187169331719,52469.0,71.7,19.4,16.9,1.82,1.91,8.2
604,0.20999999999999996,1.0699999999999998,3.28,2.21,-11.0,-3.165005699269567,-3.0879873894994434,62456.0,75.0,15.2,-2.1000000000000014,1.88,1.18,9.0
605,0.06000000000000005,1.1099999999999999,3.26,2.15,-8.600000000000001,0.7898721728113951,2.27311447030436,52134.0,83.0,19.2,-1.0,1.84,1.35,5.7
606,0.22999999999999998,2.54,4.38,1.84,1.6999999999999993,1.5279526794577771,1.3421430197482866,17134.0,79.3,12.9,0.3999999999999986,1.79,1.41,7.8
607,-0.47,-1.2800000000000002,2.11,3.39,7.300000000000001,-2.958792261158213,-0.09909845835357656,25163.0,80.0,13.1,-11.899999999999999,1.72,1.06,7.6
608,0.08000000000000007,4.15,5.69,1.54,34.4,5.527027530060199,5.351288714760185,60296.0,86.5,10.8,3.3999999999999986,1.88,1.76,6.2
609,-0.1100000000000001,0.5399999999999996,3.03,2.49,12.399999999999999,0.44483232647058335,-0.08826780900428724,51979.0,88.0,29.4,-1.6000000000000014,2.07,1.15,4.1
610,0.27,3.1400000000000006,4.78,1.64,6.699999999999999,1.8910069285523603,3.9301720379926635,60416.0,92.0,10.3,6.700000000000003,2.01,1.62,5.2
611,-0.5,-4.3,1.57,5.87,-30.0,-5.694529550952401,-0.5008759738425177,36858.0,74.7,12.7,-10.299999999999997,1.81,1.26,8.7
612,0.3500000000000001,3.5200000000000005,5.11,1.59,9.900000000000002,5.977062202501941,3.0748998414988455,39361.0,84.5,10.1,15.600000000000001,1.93,1.53,7.8
613,-0.85,-0.5699999999999998,2.37,2.94,-10.0,-4.186221091355043,-3.6300546944989343,30161.0,85.7,15.6,-6.899999999999999,1.77,0.68,7.3
614,0.22999999999999998,2.17,4.08,1.91,-4.199999999999999,0.9863628312154771,0.8658708605788369,31419.0,85.7,14.5,8.699999999999996,1.85,1.38,8.3
615,-0.11999999999999988,0.8300000000000001,3.13,2.3,1.0000000000000036,0.6126884020060241,1.717191658357022,41415.0,88.0,4.4,6.299999999999997,1.95,1.29,7.8
616,0.5,3.9499999999999997,5.47,1.52,-8.799999999999999,-0.08234567197659111,-0.018103677649712824,73895.0,84.3,4.6,1.3000000000000043,1.81,1.68,8.8
617,0.11999999999999988,1.6400000000000001,3.73,2.09,-5.100000000000001,0.366134600735584,0.05183010368779847,30334.0,84.0,4.1,1.0,1.78,1.18,8.7
618,-0.6699999999999999,-3.3300000000000005,1.65,4.98,-10.700000000000003,-4.773870788088841,-0.013343125610542125,61337.0,93.5,6.5,-10.5,1.99,1.24,7.4
619,0.05999999999999994,2.55,4.46,1.91,18.4,1.623543380203672,-0.10880671872622412,46370.0,88.7,24.6,2.8000000000000043,1.86,0.97,4.7
620,0.08000000000000007,1.2599999999999998,3.4,2.14,-10.0,-0.9224027567718763,-0.9024033260877558,36835.0,97.7,11.1,-1.5,1.83,1.26,4.3
621,0.79,10.78,12.04,1.26,21.1,5.442105364982364,5.595180929355122,60312.0,81.3,14.8,11.399999999999999,1.81,1.76,10.4
622,-0.05999999999999983,1.85,3.77,1.92,-7.599999999999998,0.5410534457220371,1.778620144083065,52032.0,94.5,13.3,5.299999999999997,1.86,1.35,7.0
623,0.24,-0.48999999999999977,2.35,2.84,-7.700000000000003,-0.8188929249476579,0.765235291399334,11248.0,84.0,25.8,-3.5,1.78,1.53,10.6
624,-0.2699999999999999,-0.9199999999999999,2.19,3.11,-7.399999999999999,0.948044667961708,-1.9942323820288776,21273.0,95.7,19.2,-0.7000000000000028,1.9,0.91,7.0
625,-0.85,-3.7299999999999995,1.58,5.31,-12.8,-6.954138119528494,-3.839123589042159,29762.0,86.0,16.9,-14.600000000000001,1.83,0.68,9.3
626,0.030000000000000027,1.27,3.4,2.13,-8.0,0.0793904224475581,-0.0061697340330046785,27155.0,81.0,14.0,7.199999999999996,1.81,1.18,10.4
627,0.43999999999999995,3.3600000000000003,4.95,1.59,-16.299999999999997,0.07178182238026806,0.05230805071017014,73985.0,84.0,12.6,2.700000000000003,1.96,1.68,8.2
628,0.31999999999999984,1.2000000000000002,3.39,2.19,-6.900000000000002,1.113412870466867,0.8309390464227595,31179.0,88.0,15.5,6.599999999999994,1.85,1.38,9.3
629,-0.2899999999999998,0.8599999999999999,3.01,2.15,-11.8,-0.5759413051879525,4.190717003349902,60336.0,84.0,11.4,-0.7999999999999972,1.87,1.62,8.9
630,-0.1100000000000001,-0.75,2.25,3.0,7.799999999999997,-1.8350297394126514,-0.1891148625581966,59773.0,98.5,8.4,-3.0,1.84,1.24,8.7
631,-0.5,-2.78,1.69,4.47,2.299999999999999,-2.929485968249046,-2.7075368266507773,62473.0,98.0,6.8,-10.100000000000001,1.92,1.18,9.0
632,0.27,4.5200000000000005,6.03,1.51,7.800000000000001,4.03803515219259,3.310243839888693,39253.0,96.0,6.9,12.399999999999999,1.79,1.53,9.0
633,-0.3800000000000001,0.6800000000000002,3.0,2.32,7.399999999999999,-0.6944929603923973,0.044836795631675,51793.0,96.0,20.0,-6.299999999999997,1.96,1.15,7.4
634,0.15000000000000002,5.44,6.9,1.46,24.6,2.0820658456769126,-0.14690675969177325,24641.0,91.5,9.8,4.400000000000006,2.0,1.06,9.2
635,0.73,6.01,7.38,1.37,18.200000000000003,5.030345288157156,4.893778602011914,50717.0,95.5,7.4,9.100000000000001,1.97,1.91,8.0
636,-0.08999999999999986,1.2799999999999998,3.34,2.06,4.5000000000000036,0.9146617696518284,1.6100337517222536,39495.0,91.5,8.4,1.1000000000000014,1.77,1.29,7.1
637,0.4999999999999999,2.93,4.66,1.73,15.0,3.8797403153447774,-0.15461258309973883,29921.0,93.5,7.9,3.700000000000003,1.91,1.18,7.2
638,-0.6500000000000001,-2.7,1.75,4.45,-1.9000000000000021,-4.153310618678173,-0.08971390880233066,47159.0,94.5,29.0,-15.0,1.84,0.97,5.8
639,-0.3500000000000001,-3.4000000000000004,1.68,5.08,-18.3,-4.467698436940572,1.370271965589638,17224.0,95.0,4.6,-8.399999999999999,1.94,1.41,7.0
640,-1.08,-11.11,1.24,12.35,-35.0,-9.8305861072133,-3.9849541968677924,29843.0,92.3,23.2,-12.5,1.83,0.68,1.9
641,-0.3500000000000001,-0.20000000000000018,2.46,2.66,-7.100000000000001,-3.5887466880316428,-2.7228893968095322,62437.0,88.0,16.0,-7.899999999999999,1.93,1.18,13.0
642,0.62,10.37,11.6,1.23,17.3,5.348615940268031,3.2600536641277302,39603.0,87.0,16.0,16.300000000000004,1.82,1.53,12.8
643,0.5599999999999998,3.7699999999999996,5.31,1.54,18.5,3.3718871474137373,5.138626875571129,52187.0,92.0,18.1,7.5,1.83,1.91,11.2
644,0.030000000000000027,2.3599999999999994,4.18,1.82,12.700000000000003,2.353061579416928,1.6754604428739945,43048.0,82.3,19.1,8.199999999999996,1.81,1.29,12.6
645,0.030000000000000027,0.8799999999999999,3.13,2.25,3.5,0.7326651668556566,1.362610457774341,17163.0,87.0,15.5,-5.199999999999996,1.92,1.41,12.9
646,0.38,2.6700000000000004,4.44,1.77,20.1,3.678484177411568,-0.28731708892015784,24547.0,78.7,17.3,2.700000000000003,1.73,1.06,12.9
647,-0.44000000000000017,-1.96,1.87,3.83,-0.8000000000000007,-4.376841441458914,-0.2040112846764627,30737.0,63.0,25.9,-12.399999999999999,1.91,1.18,12.7
648,-0.20999999999999996,-0.30000000000000027,2.55,2.85,4.5,0.18246760399551692,-0.1989473557089398,47222.0,64.0,21.0,-6.699999999999996,1.99,0.97,11.5
649,-0.52,-5.75,1.45,7.2,-18.1,-6.136418693670574,-0.30993971386113334,61439.0,73.0,16.5,-6.100000000000001,1.78,1.24,12.3
650,-0.53,-1.53,1.99,3.52,16.799999999999997,-0.3189924513233866,-0.08169073956636302,52326.0,93.3,7.4,-8.5,1.8,1.15,9.9
651,-0.61,-2.8599999999999994,1.74,4.6,-17.700000000000003,-5.651103980421578,-4.017408845444668,30197.0,95.7,15.4,-10.399999999999999,1.84,0.68,7.8
652,-0.6499999999999999,-3.0799999999999996,1.69,4.77,-22.6,-5.827603268479909,-0.6358358286458488,36838.0,66.0,8.6,-14.699999999999996,1.94,1.26,5.9
653,0.44000000000000017,5.28,6.69,1.41,12.900000000000002,7.015891612944531,4.280945949575156,60425.0,59.3,11.0,17.1,1.82,1.62,7.4
654,0.20000000000000018,2.5599999999999996,4.34,1.78,-8.299999999999997,1.9236949412042064,1.7135991638944603,52514.0,71.3,5.1,8.799999999999997,1.74,1.35,7.6
655,0.56,2.4699999999999998,4.27,1.8,-3.8999999999999986,1.3077732515108695,0.8779135577819521,11240.0,56.5,18.2,5.799999999999997,1.77,1.53,10.0
656,-0.4999999999999999,-2.57,1.77,4.34,-21.2,-3.1607663283790237,-2.031819196438961,20069.0,76.3,15.4,-5.800000000000004,1.82,0.91,6.1
657,-0.06000000000000005,1.4300000000000002,3.45,2.02,-7.5,0.4587549987083013,-0.15050262168447914,27439.0,83.3,16.5,1.3999999999999986,1.96,1.18,12.0
658,0.19999999999999996,1.3900000000000001,3.48,2.09,-1.8000000000000007,1.1757356942221309,0.8636086167529626,31427.0,89.3,29.5,5.599999999999994,1.78,1.38,10.4
659,0.6199999999999999,4.44,5.95,1.51,-19.5,0.6014162593076222,0.3657067495004066,73934.0,73.3,19.4,6.399999999999999,1.82,1.68,12.3
660,0.22999999999999998,4.55,6.05,1.5,22.2,2.922486301914698,6.125796886341088,60296.0,82.0,17.8,-2.1000000000000014,1.82,1.76,11.8
661,0.1200000000000001,0.1499999999999999,2.65,2.5,-6.699999999999999,-0.40176860877376974,0.8413746915243978,11108.0,82.5,13.1,2.799999999999997,1.82,1.53,10.2
662,0.29000000000000004,2.6999999999999997,4.51,1.81,-8.899999999999999,-0.34337698483208623,-0.7366978123034492,36713.0,81.5,8.7,1.1000000000000014,1.76,1.26,6.1
663,0.23999999999999988,4.12,5.73,1.61,21.9,2.075538062193341,-0.07047730260372503,51959.0,76.0,13.6,2.3000000000000043,1.77,1.15,8.8
664,-0.9400000000000001,-5.42,1.43,6.85,-15.8,-8.335019817052993,-3.81915332554256,30247.0,77.5,11.4,-16.1,1.86,0.68,8.8
665,-0.32999999999999985,-0.040000000000000036,2.52,2.56,8.500000000000002,1.1412810209845707,1.5739806891884394,52184.0,85.5,13.8,0.29999999999999716,1.9,1.35,8.0
666,0.73,6.23,7.62,1.39,12.600000000000001,5.668877822489718,5.292629423491661,51965.0,80.0,13.0,13.199999999999996,1.85,1.91,10.2
667,-0.3800000000000001,-3.3600000000000003,1.67,5.03,-21.8,-5.253454516549663,0.927729938281852,31575.0,74.5,18.8,-3.200000000000003,1.94,1.38,10.3
668,-0.24,-0.10000000000000009,2.54,2.64,4.900000000000002,-1.7124834008611616,1.4354396150748021,42084.0,87.5,12.5,-4.200000000000003,1.91,1.29,9.2
669,0.0,0.9299999999999997,3.13,2.2,6.5,2.8870698086266304,-0.08279639667802065,27191.0,87.0,10.8,8.799999999999997,1.88,1.18,9.0
670,0.17999999999999994,0.3900000000000001,2.83,2.44,-3.200000000000003,-0.37426141688856135,-0.6769638453992389,60213.0,82.0,6.9,3.6999999999999957,1.75,1.24,11.3
671,-0.62,-2.0999999999999996,1.82,3.92,-14.5,-3.119021209054366,-2.3056376744860994,20281.0,63.0,17.1,-8.600000000000001,1.95,0.91,7.2
672,-0.4099999999999999,-1.6300000000000003,2.01,3.64,0.6999999999999993,-1.0890349232601237,-0.26503771239552343,45497.0,51.7,15.4,-8.199999999999996,1.77,0.97,9.1
673,0.17999999999999994,2.61,4.3,1.69,3.6999999999999993,1.8310863148481415,3.469360598931658,39587.0,54.0,6.6,5.200000000000003,1.89,1.53,8.7
674,0.6100000000000001,7.21,8.58,1.37,17.6,6.195772175163458,6.284917182248766,60176.0,57.5,6.8,11.899999999999999,1.87,1.76,8.2
675,-0.73,-3.1799999999999997,1.63,4.81,-24.700000000000003,-8.05971589064073,-2.825430856261518,62459.0,70.7,3.4,-17.9,1.99,1.18,5.9
676,0.3800000000000001,6.94,8.24,1.3,-1.0999999999999979,5.309283930739964,4.404191392425168,60248.0,78.5,24.4,9.700000000000003,1.77,1.62,7.4
677,0.3899999999999999,2.8699999999999997,4.56,1.69,-17.1,-0.7455959587703166,0.3684060733087914,73997.0,85.7,21.5,-1.2999999999999972,1.88,1.68,8.6
678,0.0,0.8399999999999999,3.13,2.29,5.600000000000001,-0.09067226416445506,-0.31790400988560885,30013.0,78.3,26.9,-4.099999999999994,1.92,1.18,9.8
679,-0.19999999999999996,0.029999999999999805,2.69,2.66,15.100000000000001,0.7904071917841684,-0.0745737355951204,25155.0,64.7,26.7,0.5,1.89,1.06,10.8
680,0.7299999999999999,4.25,5.78,1.53,16.7,4.978612683711594,1.2711344572542986,17155.0,87.0,12.1,4.100000000000001,1.89,1.41,9.4
681,-0.1499999999999999,-0.9199999999999999,2.15,3.07,9.4,0.2856543754203519,0.8277884285229948,11250.0,75.7,8.8,-2.200000000000003,1.9,1.53,10.5
682,-0.2400000000000002,-0.8599999999999999,2.19,3.05,-2.6000000000000014,-3.399092936523168,0.9485520362482998,31680.0,65.5,12.4,-6.800000000000004,1.92,1.38,11.2
683,0.2699999999999999,4.4,5.92,1.52,13.899999999999999,2.1223574613988516,-0.19768510704197606,27323.0,48.0,6.1,9.5,1.86,1.18,12.3
684,-0.3800000000000001,-0.9299999999999997,2.22,3.15,4.599999999999998,-3.3800812993962914,-0.04987613203887445,52547.0,100.0,4.2,-14.0,1.98,1.15,10.0
685,-0.1499999999999999,0.6000000000000001,2.95,2.35,-11.7,-2.0472702852561087,-0.831028891420368,36386.0,79.0,5.0,-1.8999999999999986,2.04,1.26,9.3
686,0.06000000000000005,0.6299999999999999,3.0,2.37,1.8999999999999986,-0.5010954700963097,-0.8485461186610963,61519.0,65.0,3.4,2.6999999999999957,2.04,1.24,11.4
687,0.3800000000000001,4.3,5.83,1.53,-4.799999999999997,2.16702225343698,1.7774297156577572,52253.0,69.0,10.0,8.299999999999997,1.95,1.35,11.4
688,0.1100000000000001,2.82,4.55,1.73,14.800000000000004,3.755406329093571,0.9402740522852564,42130.0,63.5,6.1,11.399999999999999,1.93,1.29,13.2
689,0.4999999999999999,2.61,4.38,1.77,2.8999999999999986,0.6862299178758908,-2.9663552451628465,62457.0,49.7,12.1,-1.0,1.73,1.18,9.8
690,0.22999999999999998,4.930000000000001,6.4,1.47,25.0,5.627578164727057,6.423938321372949,60210.0,41.5,18.4,5.600000000000001,1.77,1.76,11.4
691,0.26,1.2200000000000002,3.37,2.15,-0.6999999999999993,0.9989807679513529,1.23600504240946,17220.0,30.3,24.0,3.5,1.82,1.41,12.4
692,-0.46999999999999986,-3.7,1.59,5.29,-17.7,-3.514978282064749,-2.4794307811338334,20408.0,68.3,25.6,-11.0,1.83,0.91,7.6
693,0.44000000000000017,2.67,4.38,1.71,6.400000000000002,4.298946402437823,4.260649508088852,60401.0,67.0,22.0,8.300000000000004,1.88,1.62,8.4
694,-0.29000000000000004,-0.4900000000000002,2.42,2.91,11.0,-1.7451203759446137,-0.10852577155404125,25141.0,38.3,21.6,-6.699999999999996,2.05,1.06,14.2
695,-0.27,-0.2200000000000002,2.53,2.75,-3.0,0.9272832147985769,-0.24875742651203792,47010.0,51.7,24.1,-5.299999999999997,1.99,0.97,12.1
696,-0.1100000000000001,0.6400000000000001,2.99,2.35,-2.700000000000003,-1.1114531465550566,-0.019956125915268075,30591.0,60.7,15.8,-6.699999999999996,1.97,1.18,11.4
697,-0.3799999999999999,-1.54,1.94,3.48,-14.8,-2.1806816940655733,3.0433047608604356,39552.0,41.5,17.6,-2.299999999999997,1.85,1.53,13.2
698,0.41999999999999993,3.46,5.08,1.62,-4.4,1.4243548649738322,0.5735623249797447,73989.0,80.7,4.2,6.899999999999999,1.75,1.68,7.4
699,-0.1499999999999999,1.1099999999999999,3.21,2.1,12.200000000000001,2.287767618675888,2.7242081693307636,39733.0,49.0,10.8,5.5,1.79,1.53,13.3
700,-0.1399999999999999,-0.7200000000000002,2.21,2.93,3.6999999999999993,-2.4893768347572136,-1.241404225236622,61167.0,38.0,11.8,-2.8999999999999986,1.87,1.24,15.0
701,0.22999999999999998,1.56,3.52,1.96,7.300000000000001,1.3878123009064844,1.2010101385697032,17171.0,38.5,11.5,-3.6999999999999957,1.9,1.41,16.0
702,-0.17999999999999994,0.8599999999999999,3.04,2.18,-0.8999999999999986,0.6033709550413209,1.5578690025108493,52109.0,57.7,22.1,2.5,1.92,1.35,13.4
703,0.58,4.7299999999999995,6.26,1.53,5.0,3.3054832477801392,-0.7136707656692183,36840.0,59.3,19.2,2.200000000000003,1.81,1.26,12.8
704,-0.4700000000000002,-0.96,2.24,3.2,1.5999999999999979,-4.137135597778799,0.2720191782978638,52585.0,64.0,12.1,-15.5,1.86,1.15,10.1
705,0.2699999999999999,5.38,6.84,1.46,19.5,2.647457029541017,-0.0443988601824928,29458.0,42.0,10.0,5.400000000000006,1.97,1.18,12.4
706,0.32000000000000006,3.07,4.8,1.73,3.8000000000000043,1.299333597493044,1.1159397549070131,42599.0,39.3,11.4,9.299999999999997,1.93,1.29,12.4
707,0.1499999999999999,2.38,4.22,1.84,-7.399999999999999,-0.7227173840936327,5.543083046455681,52523.0,60.5,10.0,4.399999999999999,1.78,1.91,10.9
708,-0.11999999999999988,0.22999999999999998,2.76,2.53,17.200000000000003,2.569986225077908,-0.029800169674318172,24974.0,56.0,14.0,3.700000000000003,1.82,1.06,10.4
709,-0.15000000000000013,0.73,3.01,2.28,0.3999999999999986,-1.3172436058905783,1.2655257253468057,31220.0,67.7,25.0,-5.300000000000004,1.94,1.38,8.7
710,0.27,2.1899999999999995,4.02,1.83,5.0,1.547713084152854,1.087514902244735,11226.0,46.0,23.8,4.699999999999996,1.81,1.53,13.1
711,-0.9999999999999999,-14.629999999999999,1.15,15.78,-32.1,-8.565315237951955,-2.9486186045758047,21259.0,78.3,24.5,-18.6,1.88,0.91,6.9
712,-0.20999999999999996,0.08999999999999986,2.75,2.66,-1.1000000000000014,-0.45926102926836776,-0.24689717459856558,47047.0,81.3,2.9,-2.6000000000000014,1.83,0.97,10.6
713,0.56,3.65,5.21,1.56,-4.300000000000001,4.591119198887476,4.518469098087769,60314.0,29.0,5.2,13.399999999999999,1.92,1.62,18.9
714,-0.5599999999999999,-2.9800000000000004,1.64,4.62,-16.9,-3.013669256147621,-4.272626597210457,31253.0,25.0,5.1,-6.399999999999999,1.99,0.68,19.5
715,-0.1100000000000001,0.27,2.7,2.43,-8.300000000000004,-1.3293061877517969,-0.1498631008322488,27606.0,14.0,1.3,-2.6000000000000014,1.76,1.18,19.2
716,0.030000000000000027,0.3999999999999999,2.82,2.42,-14.5,-2.719641319913594,-2.5569364636268364,62454.0,11.7,4.3,-1.6000000000000014,1.75,1.18,20.9
717,0.4099999999999999,6.21,7.59,1.38,25.9,4.767334695893203,6.192186843628845,60204.0,15.0,8.8,3.1000000000000014,1.84,1.76,20.3
