home_roll_pts_for_10,away_roll_pts_for_10,home_roll_pts_against_10,away_roll_pts_against_10,home_roll_pt_diff_10,away_roll_pt_diff_10,pt_diff_diff_10,scoring_momentum,defense_momentum,home_rest_days,away_rest_days,home_is_b2b,away_is_b2b,rest_diff,b2b_advantage,is_playoffs
-1.951827574435476,1.2764929497066901,-0.6985197652948648,1.3397751175351291,-1.047852061848612,-0.09582716175196755,-0.6632815153513065,-2.417097934519715,1.5165232025989595,-0.2158167769441807,-0.1413473244607061,-0.4014830678366994,-0.45974649415900753,-0.1126780150629839,-0.07479066767254888,-0.26228616495138807
0.8898762717686011,0.577004994418133,0.20625857415393128,1.4525215557654922,0.5820675095262997,-0.8142455592471198,0.9892256980975482,0.2149947056622837,0.9287025060863823,-0.9098211008083231,-0.1413473244607061,2.490765066104216,-0.45974649415900753,-1.1112917636796007,-2.1713681886236746,-0.26228616495138807
-1.1053625989704294,-1.2300055567439796,-0.3592278880015651,-0.9151536470720668,-0.6272276563325058,-0.24977396121521447,-0.25933530761936424,0.12577122633408552,-0.4148876573709503,-0.2158167769441807,-0.1413473244607061,-0.4014830678366994,-0.45974649415900753,-0.1126780150629839,-0.07479066767254888,-0.26228616495138807
-0.5007447593525448,1.9759809049952473,1.6199747295426867,0.38143039257706635,-1.941678923570338,1.3923252330594194,-2.352511111321247,-1.8817570585504952,-0.9187339686674562,-0.2158167769441807,-0.854722568656716,-0.4014830678366994,2.1751117468100603,0.8859357335536329,2.0217868532785768,-0.26228616495138807
-1.830904006511895,1.1599116238252607,-0.24613059557046196,-0.06955536034436709,-1.3633203659856916,1.0844316341329254,-1.7282306084627908,-2.2386509758633033,0.1309458465335877,-0.2158167769441807,-0.1413473244607061,-0.4014830678366994,-0.45974649415900753,-0.1126780150629839,-0.07479066767254888,-0.26228616495138807
-0.5007447593525448,0.5187143314774133,-1.0943602888037114,1.1706554601895893,0.5820675095262997,-0.6089831599627906,0.8423361680132057,-0.7664635669479496,1.6844719730311233,-0.9098211008083231,-0.1413473244607061,2.490765066104216,-0.45974649415900753,-1.1112917636796007,-2.1713681886236746,-0.26228616495138807
-0.7425918951996966,1.9176902420545276,-1.6598467509592174,1.1142822410744124,0.8975358136633794,0.6739068355642671,0.14461090011257807,-2.0155922775427926,2.0623567065035044,-0.2158167769441807,-0.1413473244607061,-0.4014830678366994,-0.45974649415900753,-0.1126780150629839,-0.07479066767254888,-0.26228616495138807
-0.6821301112379112,-1.9877841749732466,0.6020990976627874,-1.3661393999935099,-1.1530081632276385,-0.506351960320626,-0.4429472202247925,1.018006019616113,-1.4645674725719942,-0.2158167769441807,-0.1413473244607061,-0.4014830678366994,-0.45974649415900753,-0.1126780150629839,-0.07479066767254888,-0.26228616495138807
-1.1658243829322148,-0.5305176014554224,-1.0378116425881645,1.1706554601895893,-0.048869098747859656,-1.5326639567422722,1.0626704631397195,-0.4541813892992331,1.6424847804230842,-0.2158167769441807,0.5720279197353038,-0.4014830678366994,-0.45974649415900753,-1.1112917636796007,-0.07479066767254888,-0.26228616495138807
-1.6495186546265286,-1.2008602252736198,-1.716395397174764,-0.85878042795689,0.16144310401019346,-0.2754317611257556,0.30986162145746354,-0.29804030047488245,0.6347921578300866,-0.2158167769441807,-0.1413473244607061,-0.4014830678366994,-0.45974649415900753,-0.1126780150629839,-0.07479066767254888,-0.26228616495138807
0.46664378403608286,-1.2445782224791546,-1.7729440433903108,0.24049734478911958,2.054252928832671,-1.3145726575026726,2.375495638268532,1.296829392516753,1.4955296062949361,0.4781875469199617,-0.1413473244607061,-0.4014830678366994,-0.45974649415900753,0.8859357335536329,-0.07479066767254888,-0.26228616495138807
-1.1053625989704294,0.591577660153308,-0.6985197652948648,1.2552152888623591,-0.31175935219542605,-0.6218120599180612,0.22723626078502082,-1.268345638169093,1.453542413686897,-0.2158167769441807,-0.1413473244607061,-0.4014830678366994,-0.45974649415900753,-0.1126780150629839,-0.07479066767254888,-0.26228616495138807
0.8898762717686011,1.3930742755881098,-1.0943602888037114,-0.407794675035447,1.791362675385105,1.5975876323437483,0.10788851759149254,-0.409569649635134,0.5088305800059618,-0.2158167769441807,0.5720279197353038,-0.4014830678366994,-0.45974649415900753,-1.1112917636796007,-0.07479066767254888,-0.26228616495138807
1.2979933135106756,-0.4139362755739929,0.27694438192337195,0.9592558885076643,0.8712467883186227,-1.237599257771049,1.4941584577624762,1.2745235226846998,0.5088305800059618,-0.2158167769441807,-0.1413473244607061,-0.4014830678366994,-0.45974649415900753,-0.1126780150629839,-0.07479066767254888,-0.26228616495138807
0.30037387814116023,0.4604236685367035,0.192121412600047,0.7478563168257394,0.08257602797592353,-0.2754317611257556,0.25477804767583506,-0.13074627673450137,0.41435939663786825,-0.2158167769441807,-0.1413473244607061,-0.4014830678366994,-0.45974649415900753,-0.1126780150629839,-0.07479066767254888,-0.26228616495138807
0.5724519059692098,-1.900348180562177,-0.9954001579265022,-0.9433402566296599,1.423316320558512,-0.8142455592471198,1.576783818434919,1.8767820081500717,0.036474663165494164,-0.2158167769441807,-0.1413473244607061,-0.4014830678366994,-0.45974649415900753,-0.1126780150629839,-0.07479066767254888,-0.26228616495138807
-1.0600162609990877,-0.5305176014554224,1.1251740751566213,-0.6332875514961733,-1.9679679489150945,0.10943523753236167,-1.4528127395546482,-0.37611084488705776,-1.3071155002918382,-0.9098211008083231,0.5720279197353038,2.490765066104216,-0.45974649415900753,-2.1099055122962174,-2.1713681886236746,-0.26228616495138807
0.25502754016981866,-1.9294935120325367,1.7613463450815583,-0.5769143323809869,-1.415898416675205,-1.173454757994696,-0.14916816005610725,1.6648762447455916,-1.7374842245242597,-0.2158167769441807,0.5720279197353038,-0.4014830678366994,-0.45974649415900753,-1.1112917636796007,-0.07479066767254888,-0.26228616495138807
-0.7425918951996966,0.577004994418133,0.9555281365099715,-1.478885838223873,-1.53419903072661,1.8541656314491601,-2.3984140894726043,-0.9895222652684603,-1.810961811588337,-0.9098211008083231,-0.1413473244607061,2.490765066104216,-0.45974649415900753,-1.1112917636796007,-2.1713681886236746,-0.26228616495138807
1.116607961625309,-1.3582450152135461,1.6765233757582334,-1.298491537055293,-0.5877941183153708,-0.013722202038235855,-0.400716480325544,1.8633984862508421,-2.2119395009951313,-0.2158167769441807,-0.854722568656716,-0.4014830678366994,2.1751117468100603,0.8859357335536329,2.0217868532785768,-0.26228616495138807
-0.01705048765823098,0.7227316517699125,0.7717450363094372,1.6357345178898242,-0.7323837577115323,-0.8527322591129316,0.09870792196122097,-0.5657107384594923,0.6452889559820946,1.1721918707841041,0.5720279197353038,-0.4014830678366994,-0.45974649415900753,0.8859357335536329,-0.07479066767254888,-0.26228616495138807
-0.7879382331710382,-2.3812461498230597,-0.4016393726632276,-1.2815795713207399,-0.31175935219542605,-0.929705658844555,0.4475705559115348,1.2410647179366237,-0.6563140148671917,-0.2158167769441807,-0.1413473244607061,-0.4014830678366994,-0.45974649415900753,-0.1126780150629839,-0.07479066767254888,-0.26228616495138807
-1.044900815008644,1.4659376042640044,-2.8473683214857664,-0.09774196990196028,1.7387846246955916,1.3794963331041488,0.22723626078502082,-1.8929099934665181,2.041363110199481,-0.2158167769441807,-0.1413473244607061,-0.4014830678366994,-0.45974649415900753,-0.1126780150629839,-0.07479066767254888,-0.26228616495138807
0.9624304125227486,-2.118938166589851,0.4211434297730234,-0.6051009419385801,0.44536457773356514,-1.3145726575026726,1.251790733123311,2.331821752723909,-0.7633813560176969,-0.2158167769441807,-0.1413473244607061,-0.4014830678366994,-0.45974649415900753,-0.1126780150629839,-0.07479066767254888,-0.26228616495138807
0.39106655408384344,-0.19534628954631877,0.192121412600047,-2.2540176010575945,0.16144310401019346,1.8798234313597013,-1.2324784444281343,0.43805340398279435,-1.8214586097403451,1.1721918707841041,-0.1413473244607061,-0.4014830678366994,-0.45974649415900753,1.8845494821702495,-0.07479066767254888,-0.26228616495138807
0.055503653095916615,0.7751932484165538,0.896152057983645,-0.21612573004383873,-0.7849618084010456,0.8791692348485963,-1.1773948706465058,-0.5523272165602606,-0.826362144929761,-0.2158167769441807,-0.1413473244607061,-0.4014830678366994,-0.45974649415900753,-0.1126780150629839,-0.07479066767254888,-0.26228616495138807
-1.1416396693475033,-1.1483986286269785,-1.5467494585281143,-0.5205411132658101,0.44536457773356514,-0.5371413202132754,0.695446637928863,0.03654774700587974,0.7607537356542112,-0.2158167769441807,-0.1413473244607061,-0.4014830678366994,-0.45974649415900753,-0.1126780150629839,-0.07479066767254888,-0.26228616495138807
0.34572021611250187,1.3347836126474,-1.6315724278514392,-0.14002188423834527,1.8176517007298616,1.3025229333725252,0.3374034083482778,-0.7664635669479496,1.1071480746705542,0.4781875469199617,0.5720279197353038,-0.4014830678366994,-0.45974649415900753,-0.1126780150629839,-0.07479066767254888,-0.26228616495138807
-0.1258816987894498,-0.7986546509826998,-0.6306613898362039,0.5956486252147525,0.4769114081472731,-1.2452965977442112,1.2242489462324966,0.5183545353781784,0.9119076290431595,-0.2158167769441807,-0.1413473244607061,-0.4014830678366994,-0.45974649415900753,-0.1126780150629839,-0.07479066767254888,-0.26228616495138807
0.7084909198832346,-0.5538338666317039,1.2693731230062728,-0.7234847020804586,-0.5641339955050898,0.17101395731766045,-0.5163919852669638,0.9466272361535525,-1.481362349615208,-0.2158167769441807,-0.1413473244607061,-0.4014830678366994,-0.45974649415900753,-0.1126780150629839,-0.07479066767254888,-0.26228616495138807
-0.6065528812856719,0.28555167971456424,-1.4195150045431268,1.3397751175351291,0.7923797122843528,-0.9681923587103668,1.246282375745148,-0.666087152703721,2.051859908351489,0.4781875469199617,-0.1413473244607061,-0.4014830678366994,-0.45974649415900753,0.8859357335536329,-0.07479066767254888,-0.26228616495138807
-0.8877001767079893,-0.23906428675185362,1.0318688089009644,-0.5205411132658101,-1.7313667208122847,0.2633820369956086,-1.3977291657730198,-0.47202608516487843,-1.1538622472724847,-0.2158167769441807,-0.1413473244607061,-0.4014830678366994,-0.45974649415900753,-0.1126780150629839,-0.07479066767254888,-0.26228616495138807
-1.7946269361348213,1.7719635847027482,-0.1895819493549152,0.5364567451438145,-1.3843515862614972,1.071602734177655,-1.7337389658409537,-2.680307198537909,0.540320974461993,-0.2158167769441807,-0.1413473244607061,-0.4014830678366994,-0.45974649415900753,-0.1126780150629839,-0.07479066767254888,-0.26228616495138807
0.7447679902603085,1.1249372260608324,0.3872142420436953,1.2044793916586978,0.28763042566502534,-0.10609028171618401,0.2768114771884865,-0.3114238223741122,0.6095998422652612,-0.9098211008083231,-0.1413473244607061,2.490765066104216,-0.45974649415900753,-1.1112917636796007,-2.1713681886236746,-0.26228616495138807
-0.13797405558181203,-1.0259882364514803,-0.1895819493549152,-1.1124599139751998,0.0562870026311669,0.10943523753236167,-0.03900101249285024,0.6834179721353507,-0.6878044093232228,-0.9098211008083231,-0.854722568656716,2.490765066104216,2.1751117468100603,-0.1126780150629839,-0.07479066767254888,-0.26228616495138807
0.315489324131604,0.9500652372386931,-0.10475898003159027,1.1706554601895893,0.37175530676824653,-0.22924772128678156,0.4237010072728291,-0.4943319549969318,0.9496961023903983,-0.9098211008083231,-0.1413473244607061,2.490765066104216,-0.45974649415900753,-1.1112917636796007,-2.1713681886236746,-0.26228616495138807
1.1619542995966508,-0.5188594688672755,-0.6561082806332024,-0.4528932503275932,1.620484010644187,-0.04451156193088524,1.1636570150727052,1.2544482398358534,0.14984008320720713,-0.2158167769441807,-0.1413473244607061,-0.4014830678366994,-0.45974649415900753,-0.1126780150629839,-0.07479066767254888,-0.26228616495138807
-0.5612065433143302,0.5653468618299862,-2.3949791517613637,-0.48671718179670165,1.7387846246955916,0.9407479546338952,0.5412126313403032,-0.8467646983433318,1.41575394033966,-0.9098211008083231,-0.854722568656716,2.490765066104216,2.1751117468100603,-0.1126780150629839,-0.07479066767254888,-0.26228616495138807
-0.1984358395435974,0.6061503258884829,1.2693731230062728,1.1988420697471824,-1.3528047558477891,-0.5576675601417083,-0.5457698912838322,-0.6103224781235914,-0.04959908168098794,-0.2158167769441807,-0.854722568656716,-0.4014830678366994,2.1751117468100603,0.8859357335536329,2.0217868532785768,-0.26228616495138807
-0.1984358395435974,-1.2591508882143294,1.0403511058332964,-0.8305938183992968,-1.1398636505552602,-0.35240516085737905,-0.5439337721577782,0.8172531911276556,-1.3910898855079166,-0.2158167769441807,-0.1413473244607061,-0.4014830678366994,-0.45974649415900753,-0.1126780150629839,-0.07479066767254888,-0.26228616495138807
1.0410307316730696,0.6352956573588429,1.3372314984649336,0.015004468328402876,-0.33804837754018263,0.5456178360115613,-0.6265591328302208,0.2819123151584362,-0.9817147575795114,-0.2158167769441807,-0.1413473244607061,-0.4014830678366994,-0.45974649415900753,-0.1126780150629839,-0.07479066767254888,-0.26228616495138807
0.6359367791290871,-0.4139362755739929,0.7604353070663231,-0.6896607706113501,-0.15402520012688622,0.2633820369956086,-0.29605769014044986,0.7860249733627862,-1.0782853005780086,-0.2158167769441807,-0.1413473244607061,-0.4014830678366994,-0.45974649415900753,-0.1126780150629839,-0.07479066767254888,-0.26228616495138807
-2.157397639905554,0.0815343594220651,-0.5967322021068758,0.38143039257706635,-1.3212579254340813,-0.2754317611257556,-0.7257095656371522,-1.654237186263569,0.7271639815677763,-0.2158167769441807,-0.1413473244607061,-0.4014830678366994,-0.45974649415900753,-0.1126780150629839,-0.07479066767254888,-0.26228616495138807
0.6359367791290871,-0.7636802532182715,-1.4110327076107947,0.8042295359409162,1.8649719463504237,-1.4043749571895667,2.307559230604524,1.053695411347396,1.6466834996838862,-0.2158167769441807,-0.1413473244607061,-0.4014830678366994,-0.45974649415900753,-0.1126780150629839,-0.07479066767254888,-0.26228616495138807
-2.084843499151409,0.9500652372386931,-0.9020948916708451,0.22358537905456655,-0.9742427908832934,0.6328543557074013,-1.133328011621203,-2.2654180196617646,0.8363306823486871,0.4781875469199617,-0.1413473244607061,-0.4014830678366994,-0.45974649415900753,0.8859357335536329,-0.07479066767254888,-0.26228616495138807
0.5271055679978682,0.9500652372386931,-1.5128202707987837,0.08828965317813268,1.8649719463504237,0.7560117952779988,0.7615469264668173,-0.33819086617257355,1.1890231002562341,-0.2158167769441807,-0.1413473244607061,-0.4014830678366994,-0.45974649415900753,-0.1126780150629839,-0.07479066767254888,-0.26228616495138807
-0.803053679161482,0.8976036405920518,1.4786031140038054,1.1706554601895893,-2.073124050294121,-0.2754317611257556,-1.250839635688677,-1.2794985730851158,-0.2259452906347632,-0.2158167769441807,-0.854722568656716,-0.4014830678366994,2.1751117468100603,0.8859357335536329,2.0217868532785768,-0.26228616495138807
0.8173221310144535,-1.5214588714475383,-0.427086263460226,-0.7460339897265268,1.1078480164214324,-0.6602987597838729,1.246282375745148,1.7674832459730194,-0.23854144841717498,-0.9098211008083231,-0.1413473244607061,2.490765066104216,-0.45974649415900753,-1.1112917636796007,-2.1713681886236746,-0.26228616495138807
-0.1258816987894498,-0.36397285019624026,-1.8860413358214139,1.2672952643870379,1.6441441334544677,-1.4740175569467497,2.203162743151723,0.18567841959730702,2.344270714014634,-0.2158167769441807,-0.854722568656716,-0.4014830678366994,2.1751117468100603,0.8859357335536329,2.0217868532785768,-0.26228616495138807
-2.4355218461297796,-0.7886619659071478,-0.8116170577259679,0.9290559496959581,-1.3633203659856916,-1.5399947567167125,0.14985695475844743,-1.1934616465900632,1.2945908988135972,-0.9098211008083231,-0.854722568656716,2.490765066104216,2.1751117468100603,-0.1126780150629839,-0.07479066767254888,-0.26228616495138807
-0.10774316360091418,0.7851859334921057,1.3655058215727118,1.0740156559921405,-1.3633203659856916,-0.28642796108741614,-0.7472183896852166,-0.680426640452897,-0.21394894988961122,-0.2158167769441807,-0.1413473244607061,-0.4014830678366994,-0.45974649415900753,-0.1126780150629839,-0.07479066767254888,-0.26228616495138807
-1.6797495466074266,0.4895690000070634,-1.348829196773686,-0.15411518901713706,-0.20660325081639946,0.5712756359221025,-0.5531143677880495,-1.6140866205658855,0.8867153134783359,0.4781875469199617,-0.1413473244607061,-0.4014830678366994,-0.45974649415900753,0.8859357335536329,-0.07479066767254888,-0.26228616495138807
0.7991835958259179,-0.029217900165285967,0.29108154347725623,0.798592214029401,0.42433335745775985,-0.752666839461821,0.8349916915089884,0.6120391886727903,0.37867028292103494,-0.2158167769441807,-0.1413473244607061,-0.4014830678366994,-0.45974649415900753,-0.1126780150629839,-0.07479066767254888,-0.26228616495138807
0.5271055679978682,1.0433302979438313,0.12547479384600665,1.2552152888623591,0.341710706374239,-0.22411616130467335,0.399044550437243,-0.409569649635134,0.8417290356840051,-0.2158167769441807,-0.1413473244607061,-0.4014830678366994,-0.45974649415900753,-0.1126780150629839,-0.07479066767254888,-0.26228616495138807
-0.923977247085063,-0.8885888166626581,-0.6419711190793181,-1.0762199874011542,-0.20660325081639946,0.19740483722564564,-0.2855655808487111,-0.0016908869919205684,-0.3249151017822888,-0.9098211008083231,-0.1413473244607061,2.490765066104216,-0.45974649415900753,-1.1112917636796007,-2.1713681886236746,-0.26228616495138807
-1.1053625989704294,0.7602042208032295,-0.6015792289253534,1.3397751175351291,-0.4018931533774489,-0.550336760167268,0.11313457223736176,-1.3974010279116738,1.444545158128033,0.4781875469199617,-0.1413473244607061,-0.4014830678366994,-0.45974649415900753,0.8859357335536329,-0.07479066767254888,-0.26228616495138807
-0.31935940746717845,-1.5381133465734627,-0.47232518043266825,-0.6413408685126257,0.16144310401019346,-0.7702607594004779,0.6639703100536467,0.9415287516205123,-0.1269754794872377,0.4781875469199617,-0.1413473244607061,-0.4014830678366994,-0.45974649415900753,0.8859357335536329,-0.07479066767254888,-0.26228616495138807
-0.04296268078471116,-0.28902771212960626,1.0464098893563896,-0.15814184752536808,-1.0102963113561025,-0.11048876170084819,-0.6265591328302208,0.18950228299708477,-0.8947412871771414,-0.9098211008083231,0.5720279197353038,2.490765066104216,-0.45974649415900753,-2.1099055122962174,-2.1713681886236746,-0.26228616495138807
0.8294144878068157,0.1356614035813013,-1.3205548736659176,-0.15814184752536808,1.9490968274536449,0.2633820369956086,1.1728376107029768,0.5081575663121,0.8627226319880283,-0.2158167769441807,-0.1413473244607061,-0.4014830678366994,-0.45974649415900753,-0.1126780150629839,-0.07479066767254888,-0.26228616495138807
-0.923977247085063,-0.00590163498900454,-0.6349025383023711,0.49417683080742947,-0.21317550715258865,-0.45503636049954366,0.176742984818528,-0.6772400876197439,0.8394797217942892,-0.9098211008083231,-0.1413473244607061,2.490765066104216,-0.45974649415900753,-1.1112917636796007,-2.1713681886236746,-0.26228616495138807
-1.5890568706647432,0.7227316517699125,-0.6136967959715399,-0.46416789415063336,-0.8112508337458022,1.0587738342223845,-1.3242844007308485,-1.725615969726137,0.10995225022956452,0.4781875469199617,0.5720279197353038,-0.4014830678366994,-0.45974649415900753,-0.1126780150629839,-0.07479066767254888,-0.26228616495138807
0.6782600279023369,0.28555167971456424,0.26280722036948767,0.47001687975806733,0.3454662814234899,-0.17646596147081117,0.36756822256202676,0.2819123151584362,0.1549385280238953,0.4781875469199617,-0.1413473244607061,-0.4014830678366994,-0.45974649415900753,0.8859357335536329,-0.07479066767254888,-0.26228616495138807
0.2247966481889208,0.6602773700477191,-0.6136967959715399,1.2431353133376806,0.7660906869395961,-0.550336760167268,0.9288960696700505,-0.339465487305836,1.3815643692159707,1.8661961946482464,-0.1413473244607061,-0.4014830678366994,-0.45974649415900753,2.883163230786866,-0.07479066767254888,-0.26228616495138807
-0.22866673152449524,-0.4576542727795277,-1.7446697202825423,1.0226757600122418,1.423316320558512,-1.3338160074355783,1.9485979414609114,0.1815359009142075,2.0571083074274967,-0.2158167769441807,-0.1413473244607061,-0.4014830678366994,-0.45974649415900753,-0.1126780150629839,-0.07479066767254888,-0.26228616495138807
0.6480291359214493,0.40213300559599374,-1.4336521660970112,0.07137768744357965,1.8965187767641316,0.28903983690614976,1.1177540369213481,0.17038296599818462,1.117644872822562,0.4781875469199617,0.5720279197353038,-0.4014830678366994,-0.45974649415900753,-0.1126780150629839,-0.07479066767254888,-0.26228616495138807
0.6782600279023369,0.5478596629477732,-0.6136967959715399,-0.0766020127337678,1.1604260671109456,0.5520322859891966,0.4154384712055848,0.08115948666997883,0.39861419940985265,0.4781875469199617,-0.1413473244607061,-0.4014830678366994,-0.45974649415900753,0.8859357335536329,-0.07479066767254888,-0.26228616495138807
-0.6745723882426842,-0.8885888166626581,-1.0166059002573333,-0.44806126011771885,0.35861079409586827,-0.3743975607807,0.5183922936307713,0.18233253912249864,0.42110733830701985,-0.2158167769441807,-0.1413473244607061,-0.4014830678366994,-0.45974649415900753,-0.1126780150629839,-0.07479066767254888,-0.26228616495138807
-1.1507089369417711,-2.5373818541285407,0.40417883590835935,-1.1970197426479698,-1.37646487865807,-1.1441315580969347,-0.14261059174877047,1.0928900111951427,-1.1916507206197215,-0.2158167769441807,-0.1413473244607061,-0.4014830678366994,-0.45974649415900753,-0.1126780150629839,-0.07479066767254888,-0.26228616495138807
-0.357148022443293,0.4604236685367035,-0.46525659965572125,0.2767372713631652,0.1220095659930585,0.15342003737900367,-0.02457436221670945,-0.6158989455816066,0.5515675439105766,-0.9098211008083231,-0.1413473244607061,2.490765066104216,-0.45974649415900753,-1.1112917636796007,-2.1713681886236746,-0.26228616495138807
0.7084909198832346,-0.8136436785960242,0.7555882802478456,-1.269499595796061,-0.08642484924036914,0.4393212363821765,-0.3747485098284905,1.145468132942119,-1.5065546651800334,0.4781875469199617,-0.1413473244607061,-0.4014830678366994,-0.45974649415900753,0.8859357335536329,-0.07479066767254888,-0.26228616495138807
-0.22434803267007758,-0.03921058524083799,-0.5531089607405928,0.49417683080742947,0.3191772560787333,-0.484359560397305,0.5695413264279979,-0.13552610598422546,0.7787482467719428,-0.2158167769441807,1.2854031639313137,-0.4014830678366994,-0.45974649415900753,-2.1099055122962174,-0.07479066767254888,-0.26228616495138807
-1.490806471726833,0.5478596629477732,-0.5288738266482149,1.2129353745259743,-0.804678577409613,-0.6218120599180612,-0.11703607535015728,-1.5192866737796646,1.2960904414067411,-0.2158167769441807,-0.1413473244607061,-0.4014830678366994,-0.45974649415900753,-0.1126780150629839,-0.07479066767254888,-0.26228616495138807
-0.6065528812856719,-0.4139362755739929,-0.46525659965572125,0.7901362311621244,-0.09487489310118379,-1.083652458307802,0.7092175313742701,-0.13074627673450137,0.9339509051623827,-0.2158167769441807,0.5720279197353038,-0.4014830678366994,-0.45974649415900753,-1.1112917636796007,-0.07479066767254888,-0.26228616495138807
-0.8433615351360115,0.48540538122557986,0.9413909749560871,-1.2453396447466942,-1.6086846025367534,1.5609336324715468,-2.2405952788760333,-0.9937710023793243,-1.626518072631582,-0.2158167769441807,-0.1413473244607061,-0.4014830678366994,-0.45974649415900753,-0.1126780150629839,-0.07479066767254888,-0.26228616495138807
0.5724519059692098,-0.17348729094355136,0.9131166518483089,0.07137768744357965,-0.351192890212561,-0.21770171132703806,-0.08949428845934303,0.555159220601061,-0.6248236204111605,-0.2158167769441807,-0.1413473244607061,-0.4014830678366994,-0.45974649415900753,-0.1126780150629839,-0.07479066767254888,-0.26228616495138807
0.6404714129262222,-0.9191220210601725,0.9767338788408026,-0.6896607706113501,-0.351192890212561,-0.1813531614537714,-0.11550597607844539,1.176005930926475,-1.2388863123037683,1.1721918707841041,-0.1413473244607061,-0.4014830678366994,-0.45974649415900753,1.8845494821702495,-0.07479066767254888,-0.26228616495138807
0.760315306136195,-0.06419229792971431,-1.304398117604326,-0.5930209664139015,1.873985326468626,0.4833060362288185,0.9629954248682014,0.6101272569728995,0.5268250911236898,0.4781875469199617,-0.1413473244607061,-0.4014830678366994,-0.45974649415900753,0.8859357335536329,-0.07479066767254888,-0.26228616495138807
0.760315306136195,0.7713072042205031,-0.26228735163205363,1.3773572636119193,0.9050469637618813,-0.5747727600820691,1.0434349294381986,-0.029307678212554335,1.2206134642184807,-0.2158167769441807,-0.854722568656716,-0.4014830678366994,2.1751117468100603,0.8859357335536329,2.0217868532785768,-0.26228616495138807
0.0056226813274398236,-0.18910086137410095,-0.10475898003159027,-2.0426180293756695,0.10229279698449101,1.692888032011473,-1.1400167312946865,0.14887373437442242,-1.443573876267971,0.4781875469199617,-0.1413473244607061,-0.4014830678366994,-0.45974649415900753,0.8859357335536329,-0.07479066767254888,-0.26228616495138807
0.30037387814116023,-2.337528152617525,1.2736142714724399,-1.3238594856571249,-0.9229791914610179,-0.8527322591129316,-0.034410714677714525,2.010617227142377,-1.9316749903364543,-0.2158167769441807,-0.1413473244607061,-0.4014830678366994,-0.45974649415900753,-0.1126780150629839,-0.07479066767254888,-0.26228616495138807
-1.2090113714763502,0.20783079579361374,-0.4561684243710766,-0.2762571637666972,-0.6272276563325058,0.43443403639921635,-0.748967074567173,-1.0511289533760246,0.1329452366577779,-0.2158167769441807,-0.1413473244607061,-0.4014830678366994,-0.45974649415900753,-0.1126780150629839,-0.07479066767254888,-0.26228616495138807
-0.6619761832506452,0.1356614035813013,-0.7739179602489312,0.1800974671657118,0.14391708711368903,-0.04451156193088524,0.13237010593888285,-0.5922653454024096,0.7087695924252067,-0.2158167769441807,-0.1413473244607061,-0.4014830678366994,-0.45974649415900753,-0.1126780150629839,-0.07479066767254888,-0.26228616495138807
0.2938958298595415,-0.08605129653248174,-0.8681657039415147,-1.4084193143298949,1.0627811158304212,1.206306183707996,-0.1209706163345593,0.2827089533667273,-0.4043908592189423,-0.2158167769441807,-0.1413473244607061,-0.4014830678366994,-0.45974649415900753,-0.1126780150629839,-0.07479066767254888,-0.26228616495138807
0.371632409238982,-0.5110873804751817,0.05276939156887307,-0.8963625740336801,0.2741103554877219,0.36601323663777324,-0.07047734036806652,0.6653608394141689,-0.7067986155030558,-0.2158167769441807,-0.1413473244607061,-0.4014830678366994,-0.45974649415900753,-0.1126780150629839,-0.07479066767254888,-0.26228616495138807
0.25502754016981866,0.591577660153308,0.08609270094589083,-0.4148413274248477,0.14172633500162596,0.8984125847815022,-0.5439337721577782,-0.2645814957268062,-0.3729004647629111,0.4781875469199617,-0.854722568656716,-0.4014830678366994,2.1751117468100603,1.8845494821702495,2.0217868532785768,-0.26228616495138807
-0.10774316360091418,-0.32650028116292323,-2.0556872744680637,-0.30914154158388524,1.8176517007298616,-0.00602486206507351,1.2738241626359623,0.17038296599818462,1.2960904414067411,-0.9098211008083231,-0.1413473244607061,2.490765066104216,-0.45974649415900753,-1.1112917636796007,-2.1713681886236746,-0.26228616495138807
0.18700803321280624,0.052389027951715184,0.3405616089158656,1.1142822410744124,-0.15402520012688622,-0.9681923587103668,0.585279490365606,0.09788888904401694,0.5770597679940318,-0.2158167769441807,-0.854722568656716,-0.4014830678366994,2.1751117468100603,0.8859357335536329,2.0217868532785768,-0.26228616495138807
-0.01705048765823098,0.4604236685367035,-0.06234749536992781,0.15593751611634962,0.04314248995878858,0.2633820369956086,-0.15834875568637866,-0.3649579099710349,0.16243624098961887,-0.9098211008083231,-0.854722568656716,2.490765066104216,2.1751117468100603,-0.1126780150629839,-0.07479066767254888,-0.26228616495138807
0.48175923002652665,-0.19534628954631877,-1.2710748082273082,-0.6896607706113501,1.6007672416356193,0.4558155363246673,0.7918428920467129,0.5049710134789468,0.43010459386588384,-0.9098211008083231,-0.854722568656716,2.490765066104216,2.1751117468100603,-0.1126780150629839,-0.07479066767254888,-0.26228616495138807
-1.0045929590341145,-0.18910086137410095,-0.1895819493549152,0.32505717346188956,-0.6973317239185235,-0.462367160473984,-0.1561628995839331,-0.5965140825132754,0.38286900218183706,-0.2158167769441807,0.5720279197353038,-0.4014830678366994,-0.45974649415900753,-1.1112917636796007,-0.07479066767254888,-0.26228616495138807
-0.238743695518127,-1.2882962196846894,-0.07648465692381208,0.26868395434671277,-0.1364991832303818,-1.3787171572790253,0.8912993447079864,0.8098179011836385,0.25690742435771236,-0.9098211008083231,0.5720279197353038,2.490765066104216,-0.45974649415900753,-2.1099055122962174,-2.1713681886236746,-0.26228616495138807
-0.4201290474034934,-0.10305273989019331,0.3570549640620712,0.17472858915474349,-0.6973317239185235,-0.24977396121521447,-0.3082984843141452,-0.23112269097873003,-0.13497303998401106,-0.9098211008083231,-0.854722568656716,2.490765066104216,2.1751117468100603,-0.1126780150629839,-0.07479066767254888,-0.26228616495138807
-0.11782012759454594,-0.37896187780956453,-1.3205548736659176,-0.6558368391422416,1.125374033317937,0.2633820369956086,0.5975202845393012,0.20309824175185856,0.4920357029627479,-0.2158167769441807,-0.1413473244607061,-0.4014830678366994,-0.45974649415900753,-0.1126780150629839,-0.07479066767254888,-0.26228616495138807
0.8294144878068157,-1.11342423086255,0.526700902708721,-0.14471965249794014,0.23154717159621116,-0.8484559591278414,0.7688914029710344,1.4641234162571344,-0.4988620425870358,-0.2158167769441807,-0.1413473244607061,-0.4014830678366994,-0.45974649415900753,-0.1126780150629839,-0.07479066767254888,-0.26228616495138807
-2.1332129263208426,0.4604236685367035,-1.3394044224044275,-0.21612573004383873,-0.6097016394360013,0.6020649958147519,-0.856686063295691,-1.9263687982145945,0.8335315361748137,-0.2158167769441807,-0.1413473244607061,-0.4014830678366994,-0.45974649415900753,-0.1126780150629839,-0.07479066767254888,-0.26228616495138807
-1.0146699230277463,0.3729876741256339,-0.06234749536992781,-1.6409588431800122,-0.8243953464181805,1.8220933815609837,-1.879710436362269,-1.0341340049325594,-1.175905523391706,-0.2158167769441807,-0.1413473244607061,-0.4014830678366994,-0.45974649415900753,-0.1126780150629839,-0.07479066767254888,-0.26228616495138807
0.5452441031864038,0.7713072042205031,0.18363911566771499,0.21231073523152638,0.3034038408718793,0.48574963622029865,-0.1357032864650425,-0.1879980093034298,0.02177914575267688,-0.9098211008083231,-0.1413473244607061,2.490765066104216,-0.45974649415900753,-1.1112917636796007,-2.1713681886236746,-0.26228616495138807
0.4263359280615533,-0.25849450773209187,0.20625857415393128,-2.1929466136828157,0.1789691209066979,1.7686396317473567,-1.1406724881254202,0.512406303422964,-1.7864692825669743,-0.2158167769441807,-0.1413473244607061,-0.4014830678366994,-0.45974649415900753,-0.1126780150629839,-0.07479066767254888,-0.26228616495138807
-0.5612065433143302,-0.1691154912229969,-0.5797676082422094,-1.3492274342589567,0.05102919756221557,1.0793000741508174,-0.7367262803934779,-0.28465677857565275,-0.5744389892815116,-0.9098211008083231,-0.854722568656716,2.490765066104216,2.1751117468100603,-0.1126780150629839,-0.07479066767254888,-0.26228616495138807
0.18700803321280624,-0.37896187780956453,-0.8469599616106834,-0.18230179857473025,0.9501138643528927,-0.16766900150148278,0.7835803559794686,0.42801576255837115,0.49308538277794617,0.4781875469199617,-0.1413473244607061,-0.4014830678366994,-0.45974649415900753,0.8859357335536329,-0.07479066767254888,-0.26228616495138807
0.5996597087520158,0.08882069228965755,1.2354439352769446,0.473036873639237,-0.6272276563325058,-0.35240516085737905,-0.1858905425771929,0.37448167496145035,-0.5649918709447019,0.4781875469199617,-0.1413473244607061,-0.4014830678366994,-0.45974649415900753,0.8859357335536329,-0.07479066767254888,-0.26228616495138807
-0.144020233977988,0.343842342655274,1.2015147475476142,0.06198215092438272,-1.242390849399811,0.24627683705524783,-1.0439702141532279,-0.3694190839374429,-0.8459561681468466,-0.2158167769441807,-0.1413473244607061,-0.4014830678366994,-0.45974649415900753,-0.1126780150629839,-0.07479066767254888,-0.26228616495138807
0.29130461054689244,-1.1911451147835006,-0.22351113708424566,-0.05076428730598044,0.46113799294041913,-1.0024027585910884,1.0394129542096986,1.126561252798763,0.12814670035971604,-0.9098211008083231,-0.854722568656716,2.490765066104216,2.1751117468100603,-0.1126780150629839,-0.07479066767254888,-0.26228616495138807
-0.7425918951996966,-1.11342423086255,0.030957770885729135,0.49417683080742947,-0.6745479019530677,-1.4300327571001077,0.552229346096629,0.3042181849904895,0.3450805288346,-0.2158167769441807,-0.1413473244607061,-0.4014830678366994,-0.45974649415900753,-0.1126780150629839,-0.07479066767254888,-0.26228616495138807
-2.1392591047170186,0.32441212167504324,-1.2753159566934753,-1.7231697877229835,-0.6745479019530677,1.8541656314491601,-1.7980031352528532,-1.826735912964768,-0.3365115645026081,-0.9098211008083231,-0.854722568656716,2.490765066104216,2.1751117468100603,-0.1126780150629839,-0.07479066767254888,-0.26228616495138807
0.055503653095916615,0.013528585991236197,-0.019936010708265343,0.3062661004234957,0.06680261276906956,-0.26687916115557525,0.23764093583266183,0.030599515050667162,0.2429116934883648,-0.2158167769441807,-0.1413473244607061,-0.4014830678366994,-0.45974649415900753,-0.1126780150629839,-0.07479066767254888,-0.26228616495138807
0.30541236013797224,0.654725878339081,0.5832495489242678,-0.18230179857473025,-0.2767073184024172,0.7423276353257101,-0.7244854862197826,-0.2757344306428348,-0.5688406969337719,0.4781875469199617,-0.1413473244607061,-0.4014830678366994,-0.45974649415900753,0.8859357335536329,-0.07479066767254888,-0.26228616495138807
-0.7788689655767704,0.13010991187266321,-0.8342365162121842,-1.7231697877229835,0.09834944318277751,1.683113632045552,-1.135776170455942,-0.6742659716421404,-0.6640116668453333,0.4781875469199617,-0.1413473244607061,-0.4014830678366994,-0.45974649415900753,0.8859357335536329,-0.07479066767254888,-0.26228616495138807
-0.7425918951996966,-1.3057834185669022,0.04792236475039557,-0.31759752445116174,-0.6903213171599217,-0.8604295990860938,0.1335941853562523,0.4514369258820241,-0.2721312025036117,-0.2158167769441807,-0.854722568656716,-0.4014830678366994,2.1751117468100603,0.8859357335536329,2.0217868532785768,-0.26228616495138807
-1.0872240637818937,-0.8025406951787505,-0.8512011100768507,-0.8399893549184961,-0.15402520012688622,0.05811963771127937,-0.1491681600561072,-0.1879980093034298,0.006383841796398828,0.4781875469199617,-0.1413473244607061,-0.4014830678366994,-0.45974649415900753,0.8859357335536329,-0.07479066767254888,-0.26228616495138807
-1.2323323452901864,-0.6859593692973209,0.81132908866032,-0.3890036019970603,-1.8260072120534085,-0.24977396121521447,-1.0966056291001172,-0.38428966382547913,-0.8921420800156951,0.4781875469199617,-0.1413473244607061,-0.4014830678366994,-0.45974649415900753,0.8859357335536329,-0.07479066767254888,-0.26228616495138807
-0.36168265624042817,0.7227316517699125,-0.6645905775655344,0.08828965317813268,0.3034038408718793,0.5558809559757778,-0.1858905425771929,-0.8199976545448723,0.5592152111356107,-0.2158167769441807,-0.1413473244607061,-0.4014830678366994,-0.45974649415900753,-0.1126780150629839,-0.07479066767254888,-0.26228616495138807
0.6722138495061609,-1.2533218219202609,0.04792236475039557,0.7140323853566309,0.540005068974689,-1.753321035972926,1.6318673922165474,1.4552010683243106,0.49623442222354824,-0.2158167769441807,-0.1413473244607061,-0.4014830678366994,-0.45974649415900753,-0.1126780150629839,-0.07479066767254888,-0.26228616495138807
-0.08960462841237857,-0.3439874800451362,0.18363911566771499,-1.7889385433573597,-0.24866569136801012,1.3256149532920123,-1.1223112968648774,0.19715000979664407,-1.4687661918327963,-0.2158167769441807,-0.1413473244607061,-0.4014830678366994,-0.45974649415900753,-0.1126780150629839,-0.07479066767254888,-0.26228616495138807
-0.4160982618060376,-0.23906428675185362,0.3872142420436953,-1.121855450494397,-0.7218681475736296,0.8107484350871532,-1.0843648349264223,-0.1240545157848865,-1.1230716393599214,-0.2158167769441807,-0.1413473244607061,-0.4014830678366994,-0.45974649415900753,-0.1126780150629839,-0.07479066767254888,-0.26228616495138807
0.4364128920551851,0.355500475243421,-0.08779438616692625,-0.38524538738937864,0.46113799294041913,0.6636437156000506,-0.15284039830821575,0.04993126890510947,-0.2217465713739611,-0.2158167769441807,-0.1413473244607061,-0.4014830678366994,-0.45974649415900753,-0.1126780150629839,-0.07479066767254888,-0.26228616495138807
0.10387308026535007,0.33801327636120554,0.4513027077546475,-1.4676111944008328,-0.32928536909193046,1.6335085522185062,-1.3989532451903894,-0.1820497773482153,-1.4281785723116858,-0.2158167769441807,-0.1413473244607061,-0.4014830678366994,-0.45974649415900753,-0.1126780150629839,-0.07479066767254888,-0.26228616495138807
-0.597483613691404,0.11067969089242496,-0.7663781407535257,0.15593751611634962,0.19298993442390142,-0.04451156193088524,0.16664432962522946,-0.5255601727618011,0.6851767889597371,-0.2158167769441807,-0.1413473244607061,-0.4014830678366994,-0.45974649415900753,-0.1126780150629839,-0.07479066767254888,-0.26228616495138807
-0.01705048765823098,0.3205260774789926,0.9640104334423034,0.1390255503817966,-0.9111491300558774,0.15561927737133577,-0.7477429951498035,-0.2578897347771914,-0.6122274626287469,-0.2158167769441807,-0.1413473244607061,-0.4014830678366994,-0.45974649415900753,-0.1126780150629839,-0.07479066767254888,-0.26228616495138807
-1.2686094156672603,-0.7986546509826998,0.14970992793838453,-0.875692393691443,-1.242390849399811,0.09404055758603701,-0.9350271460073405,-0.32480734427334385,-0.7633813560176969,-0.2158167769441807,-0.1413473244607061,-0.4014830678366994,-0.45974649415900753,-0.1126780150629839,-0.07479066767254888,-0.26228616495138807
-1.8490425417004306,-1.0434754353336932,-0.9360240794001756,0.37579307066555107,-0.7376415627804837,-1.2606912776905361,0.3869786247517435,-0.5657107384594923,0.9748884179552235,-0.2158167769441807,-0.1413473244607061,-0.4014830678366994,-0.45974649415900753,-0.1126780150629839,-0.07479066767254888,-0.26228616495138807
-0.797007500765306,-0.5188594688672755,-0.39315707573089553,-1.924234269233791,-0.32753276740228005,1.2948255933993629,-1.1553614411338544,-0.19097212528103893,-1.141266089490071,-0.2158167769441807,-0.1413473244607061,-0.4014830678366994,-0.45974649415900753,-0.1126780150629839,-0.07479066767254888,-0.26228616495138807
-0.3254055858633544,-0.6412698610427735,-1.258351362828809,0.6632964881529695,0.8870202035254766,-1.1683231980125877,1.4555999561153363,0.2506840973935668,1.4283500981220718,-0.2158167769441807,-0.1413473244607061,-0.4014830678366994,-0.45974649415900753,-0.1126780150629839,-0.07479066767254888,-0.26228616495138807
0.5452441031864038,0.3205260774789926,0.6586477438783341,-0.03009410696374335,-0.13825178492003223,0.3095660768345827,-0.3180911196531013,0.156999444098953,-0.5114582003694476,-0.2158167769441807,-0.1413473244607061,-0.4014830678366994,-0.45974649415900753,-0.1126780150629839,-0.07479066767254888,-0.26228616495138807
-1.413717697175553,-0.6937314576894148,-0.44405085732489,-1.3492274342589567,-0.8165086388147536,0.6174596757610765,-1.0121441493016203,-0.5121766508625714,-0.6752082515408111,0.4781875469199617,-0.854722568656716,-0.4014830678366994,2.1751117468100603,1.8845494821702495,2.0217868532785768,-0.26228616495138807
0.47268996243225886,-1.0959370319803372,0.21756830339704544,-1.4676111944008328,0.20876334963075543,0.37114479661988153,-0.1197902540392387,1.1875306303397029,-1.254631509531784,-0.9098211008083231,0.5720279197353038,2.490765066104216,-0.45974649415900753,-2.1099055122962174,-2.1713681886236746,-0.26228616495138807
0.5271055679978682,-0.9735266398048391,0.1327453340737205,-1.095547948240647,0.3349506712855873,0.14022459742501106,0.1335941853562524,1.13399654274278,-0.9145352494066487,-0.9098211008083231,-0.854722568656716,2.490765066104216,2.1751117468100603,-0.1126780150629839,-0.07479066767254888,-0.26228616495138807
-1.1053625989704294,-1.568091401800111,-0.9529886732648396,-0.16538983284017722,-0.0751581240926163,-1.2299019177978865,0.8276472150047715,0.38451931638587167,0.5844075267004359,0.4781875469199617,-0.854722568656716,-0.4014830678366994,2.1751117468100603,1.8845494821702495,2.0217868532785768,-0.26228616495138807
0.7084909198832346,0.6702700551232712,-0.03690060457292937,-0.09774196990196028,0.6504189754226669,0.6790383955463754,-0.03165653598863316,0.009780703207418383,-0.0454003624201876,-0.2158167769441807,-0.1413473244607061,-0.4014830678366994,-0.45974649415900753,-0.1126780150629839,-0.07479066767254888,-0.26228616495138807
-0.36168265624042817,-0.1691154912229969,-0.03690060457292937,-1.2477556398516314,-0.28021252178171807,0.9869319944728692,-0.9019770017383634,-0.13743803768411814,-0.9019390916242351,-0.2158167769441807,-0.1413473244607061,-0.4014830678366994,-0.45974649415900753,-0.1126780150629839,-0.07479066767254888,-0.26228616495138807
-1.177916739724577,0.2680644808323513,0.21756830339704544,0.5110887965419826,-1.226617434192957,-0.22924772128678156,-0.692659421368175,-1.0742845706302524,0.21911895101047357,-0.2158167769441807,-0.1413473244607061,-0.4014830678366994,-0.45974649415900753,-0.1126780150629839,-0.07479066767254888,-0.26228616495138807
-0.3254055858633544,-1.1483986286269785,0.09881614634439005,0.6802084538875225,-0.37485301302284196,-1.6301635964023289,0.9047642182990513,0.6388062324712517,0.43325363331148586,-0.2158167769441807,-0.1413473244607061,-0.4014830678366994,-0.45974649415900753,-0.1126780150629839,-0.07479066767254888,-0.26228616495138807
0.47268996243225886,0.6003212595944145,1.3033023107356032,-1.1462838454443083,-0.8007352236078995,1.5719298324332074,-1.684163749437488,-0.11067099388565486,-1.8214586097403451,1.1721918707841041,-0.1413473244607061,-0.4014830678366994,-0.45974649415900753,1.8845494821702495,-0.07479066767254888,-0.26228616495138807
-0.4886524025601826,0.040730895363568255,0.030957770885729135,-1.5859949545427112,-0.45372008905711186,1.4795617527552594,-1.3756957362603686,-0.39172495376949434,-1.2042468784021334,-0.2158167769441807,-0.1413473244607061,-0.4014830678366994,-0.45974649415900753,-0.1126780150629839,-0.07479066767254888,-0.26228616495138807
-0.2891285154862806,0.28555167971456424,0.7943644947956535,-1.180107776913417,-0.9900162060901473,1.3256149532920123,-1.640096890412185,-0.43187551946718733,-1.4687661918327963,-0.2158167769441807,-0.1413473244607061,-0.4014830678366994,-0.45974649415900753,-0.1126780150629839,-0.07479066767254888,-0.26228616495138807
0.29130461054689244,-0.2915258833984949,0.1327453340737205,0.1390255503817966,0.12989627359648548,-0.38319452075002847,0.364945195239092,0.43805340398279435,0.004984268709462996,-0.2158167769441807,-0.1413473244607061,-0.4014830678366994,-0.45974649415900753,-0.1126780150629839,-0.07479066767254888,-0.26228616495138807
-1.1960552749131126,0.9850396350031214,0.6247185561490037,0.10520161891268812,-1.6209528143643068,0.7714064752243235,-1.684163749437488,-1.6363924903979312,-0.38549662254532285,-0.9098211008083231,-0.854722568656716,2.490765066104216,2.1751117468100603,-0.1126780150629839,-0.07479066767254888,-0.26228616495138807
-0.670037754445549,-1.0959370319803372,-1.258351362828809,-1.3661393999935099,0.5873253145952511,0.2787767169419333,0.2107111886505323,0.3443687506881825,-0.08318883576742465,-0.2158167769441807,-0.1413473244607061,-0.4014830678366994,-0.45974649415900753,-0.1126780150629839,-0.07479066767254888,-0.26228616495138807
-1.7946269361348213,-0.5713210655139193,-1.0717408303174951,-1.095547948240647,-0.5641339955050898,0.494302236190479,-0.7477429951498035,-0.8869152640410228,-0.020208046855362302,0.4781875469199617,0.5720279197353038,-0.4014830678366994,-0.45974649415900753,-0.1126780150629839,-0.07479066767254888,-0.26228616495138807
-0.8695616415194536,-1.8129121861511073,-0.9360240794001756,-0.03009410696374335,0.11412285838963149,-1.56858487661703,1.2022155167198452,0.7458744076650952,0.6725806311773254,-0.2158167769441807,-0.1413473244607061,-0.4014830678366994,-0.45974649415900753,-0.1126780150629839,-0.07479066767254888,-0.26228616495138807
0.001088047530304632,-0.8686034465115541,0.030957770885729135,0.443440933603768,-0.02783787847205435,-1.1683231980125877,0.8166305002484456,0.6655732762697111,0.307292055487363,-0.2158167769441807,0.5720279197353038,-0.4014830678366994,-0.45974649415900753,-1.1112917636796007,-0.07479066767254888,-0.26228616495138807
-1.2141938101016483,0.40796207189006223,-0.3592278880015651,-0.41906931885848714,-0.7218681475736296,0.7406171153316741,-1.0341775788142715,-1.2081197896225553,-0.0454003624201876,-0.2158167769441807,0.5720279197353038,-0.4014830678366994,-0.45974649415900753,-1.1112917636796007,-0.07479066767254888,-0.26228616495138807
0.7629065254488441,-0.09916669569414267,0.7943644947956535,-0.9095163251605515,-0.0751581240926163,0.7406171153316741,-0.582492273804918,0.6388062324712517,-1.2672276673141958,0.4781875469199617,-0.854722568656716,-0.4014830678366994,2.1751117468100603,1.8845494821702495,2.0217868532785768,-0.26228616495138807
-0.9602543174621369,0.33801327636120554,-1.241386768964145,0.17284948185090265,0.3191772560787333,0.14022459742501106,0.12257747059992669,-0.9672163954364069,1.0504653646496978,-0.2158167769441807,-0.1413473244607061,-0.4014830678366994,-0.45974649415900753,-0.1126780150629839,-0.07479066767254888,-0.26228616495138807
0.5452441031864038,0.11067969089242496,0.4890018052316843,0.8493281112330624,0.019482367148507602,-0.6756934397301976,0.49714577231500034,0.3176017068897192,0.26950358214012415,-0.2158167769441807,-0.1413473244607061,-0.4014830678366994,-0.45974649415900753,-0.1126780150629839,-0.07479066767254888,-0.26228616495138807
-0.9602543174621369,0.5478596629477732,-0.44405085732489,-0.43598128459304014,-0.42217325864340394,0.8791692348485963,-0.9240104312510147,-1.1278186582271732,0.004984268709462996,-0.9098211008083231,-0.1413473244607061,2.490765066104216,-0.45974649415900753,-1.1112917636796007,-2.1713681886236746,-0.26228616495138807
-0.4886524025601826,-0.13414109345857103,0.20060370953237902,-0.18230179857473025,-0.6114542411256517,0.04785651774706291,-0.46130841148533536,-0.25788973477718946,-0.28472736028602347,-0.2158167769441807,-0.1413473244607061,-0.4014830678366994,-0.45974649415900753,-0.1126780150629839,-0.07479066767254888,-0.26228616495138807
-0.8695616415194536,-0.8161418498649128,0.5059663990963483,-1.7551146118882512,-1.226617434192957,0.8791692348485963,-1.4858628838236254,-0.016986340591042974,-1.682900874133807,-0.2158167769441807,-0.854722568656716,-0.4014830678366994,2.1751117468100603,0.8859357335536329,2.0217868532785768,-0.26228616495138807
-0.670037754445549,0.4779108674189165,-1.3262097382874698,-0.3006855587166087,0.6504189754226669,0.6944330754927001,-0.04267325074495882,-0.8601482202425615,0.7607537356542112,-0.9098211008083231,-0.854722568656716,2.490765066104216,2.1751117468100603,-0.1126780150629839,-0.07479066767254888,-0.26228616495138807
0.18247339941567103,-0.5188594688672755,-0.9869178609941701,0.27432127625822805,1.0763011860077245,-0.706482799622847,1.2572990905014736,0.5317380572774063,0.9370999446079865,-0.2158167769441807,-0.1413473244607061,-0.4014830678366994,-0.45974649415900753,-0.1126780150629839,-0.07479066767254888,-0.26228616495138807
-0.08960462841237857,0.39047487300784683,-0.8851302978061787,0.037553755974471185,0.7450594666637909,0.3095660768345827,0.2988449067011379,-0.3649579099710349,0.6851767889597353,1.1721918707841041,-0.1413473244607061,-0.4014830678366994,-0.45974649415900753,1.8845494821702495,-0.07479066767254888,-0.26228616495138807
-0.23471290992067118,0.33801327636120554,-1.088705424182159,0.08828965317813268,0.8081531274912067,0.21719799715663451,0.4090120542643948,-0.43187551946718733,0.8741191556959224,0.4781875469199617,-0.1413473244607061,-0.4014830678366994,-0.45974649415900753,0.8859357335536329,-0.07479066767254888,-0.26228616495138807
-1.0328084582162818,0.005756497599142387,0.5738247745550092,-0.43598128459304014,-1.431671831882059,0.40193415651253084,-1.2875620182097627,-0.7664635669479496,-0.7507851982352851,-0.2158167769441807,-0.1413473244607061,-0.4014830678366994,-0.45974649415900753,-0.1126780150629839,-0.07479066767254888,-0.26228616495138807
-0.10774316360091418,-0.37896187780956453,0.7943644947956535,0.5956486252147525,-0.8322820540216075,-0.8758242790324187,0.04546046730564684,0.21053353169587571,-0.146169624679487,-0.9098211008083231,0.5720279197353038,2.490765066104216,-0.45974649415900753,-2.1099055122962174,-2.1713681886236746,-0.26228616495138807
-0.597483613691404,-2.092707368266529,-0.46101545118955406,-0.06391803843285182,-0.09093153929947029,-1.7841103958655757,1.2132322314761708,1.1607635865412396,0.2946958977049494,0.4781875469199617,-0.1413473244607061,-0.4014830678366994,-0.45974649415900753,0.8859357335536329,-0.07479066767254888,-0.26228616495138807
-0.5067909377487207,-0.20408988898742525,-0.8342365162121842,-1.5690829888081583,0.3349506712855873,1.248641553560389,-0.659609277099198,-0.2177391690795003,-0.5492466737166863,-0.2158167769441807,0.5720279197353038,-0.4014830678366994,-0.45974649415900753,-1.1112917636796007,-0.07479066767254888,-0.26228616495138807
-0.8332845711423799,-1.777937788386679,0.33632046044969843,-1.095547948240647,-1.0373364517107093,-0.5679306801059247,-0.3180911196531013,0.7458744076650952,-1.065689142795597,-0.2158167769441807,-0.1413473244607061,-0.4014830678366994,-0.45974649415900753,-0.1126780150629839,-0.07479066767254888,-0.26228616495138807
0.9080148069571367,0.5478596629477732,-0.10475898003159027,0.1390255503817966,0.8870202035254766,0.3557501166735568,0.364945195239092,0.2506840973935668,0.1813304776632383,-0.2158167769441807,-0.854722568656716,-0.4014830678366994,2.1751117468100603,0.8859357335536329,2.0217868532785768,-0.26228616495138807
0.7810450606373822,-0.7461930543360585,0.5568601806903452,-1.6536428174809281,0.16144310401019346,0.8483798749559469,-0.4943585557543124,1.1473800646420118,-1.6451124007865716,-0.2158167769441807,-0.1413473244607061,-0.4014830678366994,-0.45974649415900753,-0.1126780150629839,-0.07479066767254888,-0.26228616495138807
-0.9783928526506724,-0.7287058554538431,-1.15656379964082,1.0353597343131578,0.2245367648376094,-1.5839795565633545,1.2903492347704508,-0.1642050814825776,1.6298886226406724,0.4781875469199617,-0.854722568656716,-0.4014830678366994,2.1751117468100603,1.8845494821702495,2.0217868532785768,-0.26228616495138807
-1.0328084582162818,-1.2882962196846894,-0.9869178609941701,-1.129371879709753,0.019482367148507602,-0.10609028171618401,0.08952732633094958,0.22391705359510733,-0.10838115133224815,0.4781875469199617,-0.854722568656716,-0.4014830678366994,2.1751117468100603,1.8845494821702495,2.0217868532785768,-0.26228616495138807
-0.03518902284676659,-0.18660269010521233,-0.2404757309489097,-0.8080445307532285,0.19298993442390142,0.5712756359221025,-0.27402426062779844,0.1168488784012638,-0.4232850958925617,0.4781875469199617,-0.1413473244607061,-0.4014830678366994,-0.45974649415900753,0.8859357335536329,-0.07479066767254888,-0.26228616495138807
0.34572021611250187,-0.1691154912229969,-0.2404757309489097,0.9338879399058324,0.5242316537678351,-0.9989817186030162,1.0810316544002625,0.38451931638587167,0.8741191556959224,-0.2158167769441807,-0.1413473244607061,-0.4014830678366994,-0.45974649415900753,-0.1126780150629839,-0.07479066767254888,-0.26228616495138807
-0.3072670506748162,0.2505772819501359,-0.7154843591595289,-0.6051009419385801,0.3980443321130032,0.7714064752243235,-0.27402426062779844,-0.4184919975679557,0.0805612154039371,-0.2158167769441807,0.5720279197353038,-0.4014830678366994,-0.45974649415900753,-1.1112917636796007,-0.07479066767254888,-0.26228616495138807
-1.286747950855796,0.7926804472987692,-0.5628030143775454,0.6802084538875225,-0.5956808259187977,0.0786458776397123,-0.472325126241661,-1.5560913590025491,0.924503786825573,0.4781875469199617,-0.1413473244607061,-0.4014830678366994,-0.45974649415900753,0.8859357335536329,-0.07479066767254888,-0.26228616495138807
-0.01705048765823098,-0.13414109345857103,-0.41012166959555957,-0.5881889762040271,0.36649750169929524,0.41732883645885555,-0.04267325074495882,0.09008183460280245,-0.13357346689707522,-0.2158167769441807,-0.1413473244607061,-0.4014830678366994,-0.45974649415900753,-0.1126780150629839,-0.07479066767254888,-0.26228616495138807
-0.16215876916652358,0.3205260774789926,-1.2753159566934753,0.1390255503817966,1.0447543555940164,0.15561927737133577,0.6183296346345831,-0.3649579099710349,1.0504653646496995,-0.2158167769441807,-0.1413473244607061,-0.4014830678366994,-0.45974649415900753,-0.1126780150629839,-0.07479066767254888,-0.26228616495138807
-1.7764884009462856,0.40796207189006223,-0.20654654321957924,0.24049734478911958,-1.3528047558477891,0.14022459742501106,-1.0451942935705976,-1.6230089684987017,0.3324843710521865,-0.2158167769441807,1.2854031639313137,-0.4014830678366994,-0.45974649415900753,-2.1099055122962174,-0.07479066767254888,-0.26228616495138807
-0.5430680081257946,-0.11665389457635561,-0.5119092327835509,0.42652896786921257,0.003708951941653619,-0.4909572803743013,0.3539284804827663,-0.3114238223741141,0.6977729467421488,-0.2158167769441807,0.5720279197353038,-0.4014830678366994,-0.45974649415900753,-1.1112917636796007,-0.07479066767254888,-0.26228616495138807
0.5271055679978682,-0.4489106733384213,-0.20654654321957924,0.5956486252147525,0.6504189754226669,-0.9374029988177174,1.1250985134255653,0.7324908857658654,0.5970036844828477,0.4781875469199617,-0.854722568656716,-0.4014830678366994,2.1751117468100603,1.8845494821702495,2.0217868532785768,-0.26228616495138807
-0.03518902284676659,-0.4314234744562058,-0.39315707573089553,-0.46980521606214865,0.3349506712855873,0.04785651774706291,0.19969447389420658,0.3042181849904895,-0.05799652020259936,-0.9098211008083231,0.5720279197353038,2.490765066104216,-0.45974649415900753,-2.1099055122962174,-2.1713681886236746,-0.26228616495138807
-1.177916739724577,-0.9910138386870521,-1.1904929873701504,0.5787366594801995,0.08257602797592353,-1.3992433972074585,1.058998224887611,-0.11067099388565677,1.3149846780803607,-0.9098211008083231,-0.1413473244607061,2.490765066104216,-0.45974649415900753,-1.1112917636796007,-2.1713681886236746,-0.26228616495138807
0.45455142724372066,1.2473476182363303,-0.03690060457292937,-0.06391803843285182,0.4295911625267112,1.1562734738824407,-0.5274087000232895,-0.619244826056415,-0.020208046855362302,-0.2158167769441807,-0.1413473244607061,-0.4014830678366994,-0.45974649415900753,-0.1126780150629839,-0.07479066767254888,-0.26228616495138807
-1.4499947675526266,-1.0784498330981216,-1.3940681137461284,0.5280007622765379,0.03525578235536159,-1.4300327571001077,1.0479815101312853,-0.24450621287796165,1.4283500981220718,-0.2158167769441807,0.5720279197353038,-0.4014830678366994,-0.45974649415900753,-1.1112917636796007,-0.07479066767254888,-0.26228616495138807
-1.3048864860443314,-0.8161418498649128,-1.15656379964082,-1.2477556398516314,-0.05938470888576232,0.41732883645885555,-0.3401245491657527,-0.33819086617257355,-0.0705926779850111,-0.2158167769441807,-0.1413473244607061,-0.4014830678366994,-0.45974649415900753,-0.1126780150629839,-0.07479066767254888,-0.26228616495138807
1.2889240459164077,-0.9385522420404108,0.40417883590835935,0.7478563168257394,0.7450594666637909,-1.5070061568317312,1.5988172479475702,1.6693374187119996,0.25690742435771236,-0.2158167769441807,-0.1413473244607061,-0.4014830678366994,-0.45974649415900753,-0.1126780150629839,-0.07479066767254888,-0.26228616495138807
0.21875046979274484,-1.882860981679964,-0.25744032481357615,0.003729824505362714,0.4295911625267112,-1.660952956294978,1.4886501003843133,1.6024198092158473,0.19392663544565006,-0.2158167769441807,-0.1413473244607061,-0.4014830678366994,-0.45974649415900753,-0.1126780150629839,-0.07479066767254888,-0.26228616495138807
-1.8490425417004306,0.33801327636120554,-1.5976432401221088,-0.6896607706113501,-0.12247836971317826,0.9253532746875704,-0.7477429951498035,-1.6230089684986997,0.6725806311773236,-0.2158167769441807,-0.1413473244607061,-0.4014830678366994,-0.45974649415900753,-0.1126780150629839,-0.07479066767254888,-0.26228616495138807
-0.9783928526506724,0.4254492707722752,0.28542667885570394,0.20667341332001113,-1.116203527744979,0.18640863726398513,-0.912993716494689,-1.0475175268317891,-0.05799652020259936,-0.2158167769441807,-0.1413473244607061,-0.4014830678366994,-0.45974649415900753,-0.1126780150629839,-0.07479066767254888,-0.26228616495138807
-0.6518992192570134,-1.4456810096246158,0.45507261750235384,-0.14847786710562177,-0.9900162060901473,-1.1375338381199382,0.12257747059992666,0.6254227105720219,-0.44847741145738523,1.8661961946482464,-0.854722568656716,-0.4014830678366994,2.1751117468100603,3.881776979403483,2.0217868532785768,-0.26228616495138807
-1.2323323452901864,-0.39644907669178,-0.6645905775655344,-0.3514214559202702,-0.45372008905711186,-0.02911688198456055,-0.29605769014044986,-0.6058613041571834,0.23171510879288712,-0.2158167769441807,-0.1413473244607061,-0.4014830678366994,-0.45974649415900753,-0.1126780150629839,-0.07479066767254888,-0.26228616495138807
-0.9421157822735986,-0.4489106733384213,-1.4619264892047892,-0.875692393691443,0.540005068974689,0.40193415651253084,0.08952732633094958,-0.3515743880718033,0.4332536333114877,1.8661961946482464,-0.1413473244607061,-0.4014830678366994,-0.45974649415900753,2.883163230786866,-0.07479066767254888,-0.26228616495138807
-0.6518992192570134,-0.2915258833984949,-0.22351113708424566,-0.11465393563651333,-0.35907959781598797,-0.1522743215551581,-0.1418236835518901,-0.2578897347771914,0.08056121540393889,-0.2158167769441807,-0.1413473244607061,-0.4014830678366994,-0.45974649415900753,-0.1126780150629839,-0.07479066767254888,-0.26228616495138807
0.309443145735428,-0.4838850711028496,0.47203721136702026,0.32505717346188956,-0.16979861533374022,-0.7218774795691717,0.3979953395080692,0.5986556667735605,-0.10838115133224994,-0.2158167769441807,-0.1413473244607061,-0.4014830678366994,-0.45974649415900753,-0.1126780150629839,-0.07479066767254888,-0.26228616495138807
0.5271055679978682,-0.27403868451628194,-0.22351113708424566,-1.02790008530243,0.666192390629521,0.6944330754927001,-0.031656535988633064,0.5986556667735605,-0.5996313048463352,0.4781875469199617,-0.1413473244607061,-0.4014830678366994,-0.45974649415900753,0.8859357335536329,-0.07479066767254888,-0.26228616495138807
-0.5612065433143302,0.8451420439454105,-0.7663781407535257,0.8493281112330624,0.2245367648376094,-0.02911688198456055,0.17766104438155514,-1.0609010487310206,1.2016192580386478,0.4781875469199617,-0.1413473244607061,-0.4014830678366994,-0.45974649415900753,0.8859357335536329,-0.07479066767254888,-0.26228616495138807
0.20061193460420923,1.2998092148829716,-0.6306613898362039,-0.5881889762040271,0.7608328818706448,1.6796925920574801,-0.6706259918555237,-0.8467646983433318,0.030176584274286506,-0.2158167769441807,-0.1413473244607061,-0.4014830678366994,-0.45974649415900753,-0.1126780150629839,-0.07479066767254888,-0.26228616495138807
0.36385875130103745,-0.37896187780956453,-0.29136951254290416,0.12211358464724115,0.5873253145952511,-0.44477324053532724,0.7284967821978402,0.5585051010758676,0.30729205548736116,-0.9098211008083231,-0.854722568656716,2.490765066104216,2.1751117468100603,-0.1126780150629839,-0.07479066767254888,-0.26228616495138807
-0.923977247085063,-0.25655148563406655,-1.7503245849040945,0.1897614475854581,0.8239265426980608,-0.3985892006963531,0.8606973592737485,-0.48540960706411007,1.4409462559044852,-0.9098211008083231,0.5720279197353038,2.490765066104216,-0.45974649415900753,-2.1099055122962174,-2.1713681886236746,-0.26228616495138807
-0.18029730435506178,0.3205260774789926,0.20060370953237902,-0.5374530790003632,-0.34330618260913404,0.7714064752243235,-0.7918098541751063,-0.37834143187026653,-0.5492466737166846,0.4781875469199617,0.5720279197353038,-0.4014830678366994,-0.45974649415900753,-0.1126780150629839,-0.07479066767254888,-0.26228616495138807
-1.3593020916099434,-1.2358346230380481,-1.7503245849040945,0.8493281112330624,0.44536457773356514,-1.8610837955971993,1.642884106972873,-0.05713690628873406,1.9321964094185706,-0.2158167769441807,-0.1413473244607061,-0.4014830678366994,-0.45974649415900753,-0.1126780150629839,-0.07479066767254888,-0.26228616495138807
-1.1416396693475033,0.6352956573588429,-1.3262097382874698,-0.04700607269829879,0.2403101800444634,0.6020649958147519,-0.2630075458714728,-1.3285714867156304,0.9496961023903983,-0.2158167769441807,-0.854722568656716,-0.4014830678366994,2.1751117468100603,0.8859357335536329,2.0217868532785768,-0.26228616495138807
-1.5588259786838454,0.1456540886568533,-1.903005929686078,-0.21612573004383873,0.4138177473198572,0.3249607567809074,0.056477182061972504,-1.261653877219478,1.2520038891682965,-0.2158167769441807,-0.1413473244607061,-0.4014830678366994,-0.45974649415900753,-0.1126780150629839,-0.07479066767254888,-0.26228616495138807
-1.3411635564214053,0.21560288418570756,-0.15565276162558475,0.15593751611634962,-1.0215630365038553,0.04785651774706291,-0.7477429951498035,-1.1545857020256327,0.23171510879288712,-0.2158167769441807,-0.1413473244607061,-0.4014830678366994,-0.45974649415900753,-0.1126780150629839,-0.07479066767254888,-0.26228616495138807
-0.923977247085063,-0.6237826621605606,-1.5637140523927782,-0.9940761538333215,0.6504189754226669,0.3557501166735568,0.19969447389420653,-0.20435564718026866,0.4206574755290741,0.4781875469199617,-0.1413473244607061,-0.4014830678366994,-0.45974649415900753,0.8859357335536329,-0.07479066767254888,-0.26228616495138807
-0.1258816987894498,-1.4107066118601874,0.6416831500136702,1.2044793916586978,-0.7060947323667757,-2.3383188739332645,1.1801820872071938,0.9867778018512455,0.4206574755290741,-0.2158167769441807,-0.854722568656716,-0.4014830678366994,2.1751117468100603,0.8859357335536329,2.0217868532785768,-0.26228616495138807
1.6516947496871406,-1.568091401800111,0.18363911566771499,0.08828965317813268,1.2655821684899722,-1.4608221169927569,1.9293186906373414,2.418814645068906,-0.0705926779850129,0.4781875469199617,-0.1413473244607061,-0.4014830678366994,-0.45974649415900753,0.8859357335536329,-0.07479066767254888,-0.26228616495138807
-0.9965313878392106,-1.638040197328968,-0.7663781407535257,0.2912332419927811,-0.15402520012688622,-1.7071369961339522,1.1140817986692397,0.5183545353781766,0.7859460512190365,-0.2158167769441807,-0.1413473244607061,-0.4014830678366994,-0.45974649415900753,-0.1126780150629839,-0.07479066767254888,-0.26228616495138807
0.21875046979274484,-0.46639787222063417,-0.27440491867824013,-0.6220129076731331,0.44536457773356514,0.15561927737133577,0.19969447389420655,0.5183545353781766,-0.25953504472119815,-0.2158167769441807,-0.1413473244607061,-0.4014830678366994,-0.45974649415900753,-0.1126780150629839,-0.07479066767254888,-0.26228616495138807
-0.07146609322384039,-0.6062954632783452,-0.6476259837008703,0.15593751611634962,0.540005068974689,-0.6756934397301976,0.8606973592737485,0.411286360184333,0.5970036844828495,-0.2158167769441807,-0.1413473244607061,-0.4014830678366994,-0.45974649415900753,-0.1126780150629839,-0.07479066767254888,-0.26228616495138807
-0.1984358395435974,-0.9210650431581978,0.30239127272037036,-0.7234847020804586,-0.45372008905711186,-0.1522743215551581,-0.2079239720898443,0.5585051010758695,-0.7633813560176987,-0.2158167769441807,-0.854722568656716,-0.4014830678366994,2.1751117468100603,0.8859357335536329,2.0217868532785768,-0.26228616495138807
-0.797007500765306,-1.3582450152135461,-0.9699532671295037,-1.1970197426479698,0.20876334963075543,-0.10609028171618401,0.221727903406858,0.451436925882026,-0.17136194024431228,0.4781875469199617,-0.1413473244607061,-0.4014830678366994,-0.45974649415900753,0.8859357335536329,-0.07479066767254888,-0.26228616495138807
0.7991835958259179,-0.6762442588072018,1.014904215036298,0.22358537905456655,-0.24866569136801012,-0.7988508793007952,0.3979953395080692,1.1072294989443188,-0.5870351470639216,0.4781875469199617,-0.854722568656716,-0.4014830678366994,2.1751117468100603,1.8845494821702495,2.0217868532785768,-0.26228616495138807
0.14619632903859983,0.4429364696544906,-0.1895819493549152,0.02064179023991815,0.3034038408718793,0.37114479661988153,-0.053689965501284534,-0.23112269097873003,0.156138162098413,0.4781875469199617,-0.854722568656716,-0.4014830678366994,2.1751117468100603,1.8845494821702495,2.0217868532785768,-0.26228616495138807
-0.923977247085063,0.5828340607122016,-1.6824662094454337,0.08828965317813268,0.7608328818706448,0.43272351640518025,0.22172790340685794,-1.1278186582271732,1.314984678080359,-0.2158167769441807,-0.1413473244607061,-0.4014830678366994,-0.45974649415900753,-0.1126780150629839,-0.07479066767254888,-0.26228616495138807
-0.9602543174621369,1.3872452092940413,-0.5797676082422094,-0.3345094901857172,-0.29598593698857206,1.5257457925942333,-1.2985787329660885,-1.770227709390236,0.1813304776632365,0.4781875469199617,0.5720279197353038,-0.4014830678366994,-0.45974649415900753,-0.1126780150629839,-0.07479066767254888,-0.26228616495138807
0.07364218828445222,-0.06419229792971431,-0.6306613898362039,0.1897614475854581,0.6504189754226669,-0.22924772128678156,0.6183296346345831,0.10346535650203217,0.6095998422652612,-0.9098211008083231,-0.1413473244607061,2.490765066104216,-0.45974649415900753,-1.1112917636796007,-2.1713681886236746,-0.26228616495138807
0.45455142724372066,-0.23906428675185362,-0.4779800450542205,0.12211358464724115,0.8396999579049147,-0.32161580096472975,0.8166305002484456,0.5183545353781766,0.44584979109389944,-0.2158167769441807,-0.1413473244607061,-0.4014830678366994,-0.45974649415900753,-0.1126780150629839,-0.07479066767254888,-0.26228616495138807
-0.216574374732133,0.1981156853034946,-0.8851302978061787,0.32505717346188956,0.634645560215813,-0.12148496166250872,0.5301959165839776,-0.3114238223741122,0.8993114712607477,-0.2158167769441807,-0.1413473244607061,-0.4014830678366994,-0.45974649415900753,-0.1126780150629839,-0.07479066767254888,-0.26228616495138807
-0.4160982618060376,1.8593995791138178,-0.9020948916708451,0.460352899338321,0.4769114081472731,1.2178521936677396,-0.5384254147796151,-1.730077143692545,1.0126768913024606,-0.2158167769441807,-0.1413473244607061,-0.4014830678366994,-0.45974649415900753,-0.1126780150629839,-0.07479066767254888,-0.26228616495138807
-0.144020233977988,-1.2008602252736198,-0.29136951254290416,0.544912728011091,0.14566968880333947,-1.5531901966707053,1.2132322314761708,0.8127920171612476,0.622196000047673,-0.2158167769441807,-0.1413473244607061,-0.4014830678366994,-0.45974649415900753,-0.1126780150629839,-0.07479066767254888,-0.26228616495138807
-0.9783928526506724,-0.7461930543360585,-1.3771035198814643,-1.4506992286662799,0.4295911625267112,0.6636437156000506,-0.17487382782086716,-0.15082155958334595,-0.05799652020259936,0.4781875469199617,-0.1413473244607061,-0.4014830678366994,-0.45974649415900753,0.8859357335536329,-0.07479066767254888,-0.26228616495138807
0.03736511790737843,-0.7287058554538431,0.21756830339704544,-1.4506992286662799,-0.16979861533374022,0.6790383955463754,-0.6045257033175695,0.5852721448743289,-1.2420353517493723,-0.2158167769441807,-0.1413473244607061,-0.4014830678366994,-0.45974649415900753,-0.1126780150629839,-0.07479066767254888,-0.26228616495138807
0.9080148069571367,-0.8686034465115541,0.3872142420436953,0.4096170021346595,0.4295911625267112,-1.1375338381199382,1.1140817986692397,1.3347493712312355,0.01758042649187475,-0.2158167769441807,-0.854722568656716,-0.4014830678366994,2.1751117468100603,0.8859357335536329,2.0217868532785768,-0.26228616495138807
0.8535992013915272,-0.22157708786964067,1.371160686194264,-0.46980521606214865,-0.5325871650913818,0.23259267710295922,-0.5384254147796153,0.7994084952620178,-1.3679969295734968,-0.2158167769441807,-0.854722568656716,-0.4014830678366994,2.1751117468100603,0.8859357335536329,2.0217868532785768,-0.26228616495138807
0.38199728648957565,-0.11665389457635561,-0.7324489530241953,0.20667341332001113,1.0132075251803085,-0.29082644107208033,0.915780933055377,0.37113579448664197,0.6977729467421488,-0.2158167769441807,-0.1413473244607061,-0.4014830678366994,-0.45974649415900753,-0.1126780150629839,-0.07479066767254888,-0.26228616495138807
-0.6337606840684779,-0.7636802532182715,-0.9190594855355092,-0.6896607706113501,0.3034038408718793,-0.04451156193088524,0.24376133291950935,0.1168488784012619,0.16873431988082477,-0.2158167769441807,-0.1413473244607061,-0.4014830678366994,-0.45974649415900753,-0.1126780150629839,-0.07479066767254888,-0.26228616495138807
0.07364218828445222,-1.2708090208024765,-0.8172719223475202,-1.0617240167715385,0.8239265426980608,-0.1522743215551581,0.6844299231725374,1.0269283675489365,-0.18395809802672405,-0.2158167769441807,-0.1413473244607061,-0.4014830678366994,-0.45974649415900753,-0.1126780150629839,-0.07479066767254888,-0.26228616495138807
-1.3955791619870146,-0.9735266398048391,0.28542667885570394,-1.4168752971971714,-1.478992077502621,0.43272351640518025,-1.3426455919913913,-0.28465677857565086,-1.2672276673141958,0.4781875469199617,-0.854722568656716,-0.4014830678366994,2.1751117468100603,1.8845494821702495,2.0217868532785768,-0.26228616495138807
0.07364218828445222,-0.6237826621605606,-0.29136951254290416,-1.3323154685244014,0.3349506712855873,0.6636437156000506,-0.24097411635882138,0.5317380572774082,-0.7759775138001105,1.1721918707841041,-0.854722568656716,-0.4014830678366994,2.1751117468100603,2.883163230786866,2.0217868532785768,-0.26228616495138807
-1.5588259786838454,0.28555167971456424,0.8622228702543144,-0.8080445307532285,-2.157248931397342,0.9869319944728692,-2.212966057741121,-1.3687220524133217,-1.2420353517493723,0.4781875469199617,-0.1413473244607061,-0.4014830678366994,-0.45974649415900753,0.8859357335536329,-0.07479066767254888,-0.26228616495138807
-1.177916739724577,-1.0959370319803372,-0.8003073284828538,-1.02790008530243,-0.28021252178171807,-0.02911688198456055,-0.1748738278208672,-0.030369862490272702,-0.17136194024431228,-0.2158167769441807,0.5720279197353038,-0.4014830678366994,-0.45974649415900753,-1.1112917636796007,-0.07479066767254888,-0.26228616495138807
1.379616721859091,-1.8478865839155356,-0.22351113708424566,-2.008794097906561,1.4075429053516582,0.20180331721030983,0.8386639297610972,2.4321981669681376,-1.3302084562262582,-0.2158167769441807,0.5720279197353038,-0.4014830678366994,-0.45974649415900753,-1.1112917636796007,-0.07479066767254888,-0.26228616495138807
-0.144020233977988,1.8244251813493895,-0.2404757309489097,0.47726486507287647,0.09834944318277751,1.1716681538287657,-0.769776424662455,-1.5025572714056263,0.5340228955707871,-0.2158167769441807,-0.854722568656716,-0.4014830678366994,2.1751117468100603,0.8859357335536329,2.0217868532785768,-0.26228616495138807
-1.2504708804787221,0.02324369648135532,-0.20654654321957924,-0.04700607269829879,-0.8953757148490235,0.0632511976933876,-0.6706259918555237,-0.9404493516379455,0.11834968875117415,-0.2158167769441807,-0.1413473244607061,-0.4014830678366994,-0.45974649415900753,-0.1126780150629839,-0.07479066767254888,-0.26228616495138807
-0.05332755803530478,0.5828340607122016,-0.1726173554902512,0.544912728011091,0.11412285838963149,0.017067157854413532,0.06749389681829818,-0.48540960706411007,0.5340228955707871,-0.2158167769441807,-0.1413473244607061,-0.4014830678366994,-0.45974649415900753,-0.1126780150629839,-0.07479066767254888,-0.26228616495138807
-0.3072670506748162,-1.2708090208024765,0.23453289726170948,-1.4845231601353883,-0.4852669194708199,0.23259267710295922,-0.5053752705106382,0.745874407665097,-1.2798238250966092,1.1721918707841041,-0.1413473244607061,-0.4014830678366994,-0.45974649415900753,1.8845494821702495,-0.07479066767254888,-0.26228616495138807
-1.486271837929698,-0.08167949681192725,1.1336563720889532,0.4096170021346595,-2.34652991387959,-0.44477324053532724,-1.32061216247874,-1.0341340049325594,-0.5366505159342728,-0.2158167769441807,0.5720279197353038,-0.4014830678366994,-0.45974649415900753,-1.1112917636796007,-0.07479066767254888,-0.26228616495138807
1.143815764408115,-0.5888082643961322,1.5238420309762475,-0.4528932503275932,-0.42217325864340394,-0.10609028171618401,-0.21894068684617002,1.2945988055335462,-1.4687661918327946,-0.2158167769441807,-0.1413473244607061,-0.4014830678366994,-0.45974649415900753,-0.1126780150629839,-0.07479066767254888,-0.26228616495138807
1.4158937922361647,1.8069379824671765,-0.34226329413690104,0.5618246937456465,1.549503642213344,1.0793000741508174,0.30986162145746365,-0.33819086617257355,0.6725806311773254,-0.2158167769441807,-0.1413473244607061,-0.4014830678366994,-0.45974649415900753,-0.1126780150629839,-0.07479066767254888,-0.26228616495138807
-1.1416396693475033,-0.13414109345857103,-0.10475898003159027,-0.11465393563651333,-0.8953757148490235,-0.013722202038235855,-0.6155424180738952,-0.7396965231494882,-0.007611889072948758,1.8661961946482464,-0.1413473244607061,-0.4014830678366994,-0.45974649415900753,2.883163230786866,-0.07479066767254888,-0.26228616495138807
-0.4523753321831114,0.5478596629477732,-0.7833427346181898,-0.7234847020804586,0.3349506712855873,1.1408787939361162,-0.582492273804918,-0.7530800450487198,0.04277274205670004,0.4781875469199617,-0.1413473244607061,-0.4014830678366994,-0.45974649415900753,0.8859357335536329,-0.07479066767254888,-0.26228616495138807
-0.6881762896340872,0.058218094245783676,-0.46101545118955406,-0.672748804876797,-0.16979861533374022,0.6636437156000506,-0.5935089885612437,-0.5523272165602625,-0.15876578246190054,-0.2158167769441807,-0.1413473244607061,-0.4014830678366994,-0.45974649415900753,-0.1126780150629839,-0.07479066767254888,-0.26228616495138807
-0.23471290992067118,-0.22157708786964067,-0.9190594855355092,0.47726486507287647,0.6504189754226669,-0.6295093998912236,0.9047642182990512,-0.0036028186918113446,1.037869206867286,0.4781875469199617,-0.1413473244607061,-0.4014830678366994,-0.45974649415900753,0.8859357335536329,-0.07479066767254888,-0.26228616495138807
-0.8151460359538442,-0.06419229792971431,-1.15656379964082,-0.19921376430928328,0.36649750169929524,0.12482991747868638,0.1666443296252294,-0.5523272165602625,0.7103691045245624,-0.2158167769441807,-0.1413473244607061,-0.4014830678366994,-0.45974649415900753,-0.1126780150629839,-0.07479066767254888,-0.26228616495138807
-0.23471290992067118,-1.4806554073890414,0.47203721136702026,-0.9264282908951069,-0.6430010715393596,-0.46016792048165195,-0.11979025403923867,0.9600107580527822,-1.0404968272307733,1.1721918707841041,-0.1413473244607061,-0.4014830678366994,-0.45974649415900753,1.8845494821702495,-0.07479066767254888,-0.26228616495138807
-0.05332755803530478,-0.9035778442759824,-0.7494135468888593,-1.129371879709753,0.6504189754226669,0.23259267710295922,0.28782819194481213,0.6521897543704813,-0.28472736028602347,-0.2158167769441807,-0.1413473244607061,-0.4014830678366994,-0.45974649415900753,-0.1126780150629839,-0.07479066767254888,-0.26228616495138807
-1.1235011341589651,-1.375732214095759,-0.8342365162121842,-0.9940761538333215,-0.20134544574744817,-0.30622112101840504,0.07851061157462387,0.22391705359510733,-0.1209773091146617,-0.2158167769441807,-0.1413473244607061,-0.4014830678366994,-0.45974649415900753,-0.1126780150629839,-0.07479066767254888,-0.26228616495138807
-0.5067909377487207,1.5621171981161805,0.35328505431436485,1.7118383636953176,-0.7691883931941916,-0.18306368144780746,-0.4062248377037069,-1.569474880901779,1.0126768913024606,-0.9098211008083231,-0.854722568656716,2.490765066104216,2.1751117468100603,-0.1126780150629839,-0.07479066767254888,-0.26228616495138807
-0.1984358395435974,0.7227316517699125,-1.0208470487235006,1.0015358028440493,0.7766062970774988,-0.2754317611257556,0.7395134969541659,-0.6995459574517972,1.5039270448165476,-0.9098211008083231,-0.854722568656716,2.490765066104216,2.1751117468100603,-0.1126780150629839,-0.07479066767254888,-0.26228616495138807
-0.7425918951996966,-1.6905017939756093,-0.08779438616692625,-1.5859949545427112,-0.5641339955050898,-0.04451156193088524,-0.3621579786784041,0.7458744076650952,-1.1160737739252458,0.4781875469199617,0.5720279197353038,-0.4014830678366994,-0.45974649415900753,-0.1126780150629839,-0.07479066767254888,-0.26228616495138807
-1.613241584249455,-0.3439874800451362,0.7773999009309895,0.02064179023991815,-2.1257021009836343,-0.32161580096472975,-1.2545118739407857,-0.9270658297387159,-0.5618428314990981,-0.9098211008083231,-0.854722568656716,2.490765066104216,2.1751117468100603,-0.1126780150629839,-0.07479066767254888,-0.26228616495138807
1.21636990516226,-1.0085010375692676,-0.5797676082422094,-1.298491537055293,1.5968238878339058,0.294171396888258,0.9047642182990512,1.6693374187119996,-0.5366505159342728,-0.2158167769441807,-0.1413473244607061,-0.4014830678366994,-0.45974649415900753,-0.1126780150629839,-0.07479066767254888,-0.26228616495138807
-0.1258816987894498,-0.9385522420404108,-0.002971416843601321,-0.7234847020804586,-0.10670495450632426,-0.16766900150148278,0.04546046730564679,0.6254227105720219,-0.5366505159342728,-0.2158167769441807,-0.1413473244607061,-0.4014830678366994,-0.45974649415900753,-0.1126780150629839,-0.07479066767254888,-0.26228616495138807
-0.6518992192570134,-1.882860981679964,-0.46101545118955406,-1.6705547832154812,-0.13825178492003223,-0.1368796416088334,0.0013936082803439947,0.9600107580527841,-0.9019390916242351,-0.2158167769441807,-0.854722568656716,-0.4014830678366994,2.1751117468100603,0.8859357335536329,2.0217868532785768,-0.26228616495138807
0.18247339941567103,0.3205260774789926,-0.13868816776092074,-0.09774196990196028,0.28763042566502534,0.37114479661988153,-0.06470668025761023,-0.11067099388565677,0.030176584274288293,-0.2158167769441807,-0.1413473244607061,-0.4014830678366994,-0.45974649415900753,-0.1126780150629839,-0.07479066767254888,-0.26228616495138807
-0.5430680081257946,-0.6062954632783452,-0.5628030143775454,-0.46980521606214865,0.05102919756221557,-0.10609028171618401,0.11156075584360098,0.06331479080433919,0.06796505762152534,-0.2158167769441807,-0.1413473244607061,-0.4014830678366994,-0.45974649415900753,-0.1126780150629839,-0.07479066767254888,-0.26228616495138807
-0.36168265624042817,-0.15162829234078395,0.5568601806903452,-0.38524538738937864,-0.8322820540216075,0.21719799715663451,-0.7367262803934779,-0.15082155958334786,-0.7004005671056364,-0.2158167769441807,-0.1413473244607061,-0.4014830678366994,-0.45974649415900753,-0.1126780150629839,-0.07479066767254888,-0.26228616495138807
-0.7788689655767704,0.23309008306792298,-1.088705424182159,-0.7234847020804586,0.3349506712855873,0.8637745549022717,-0.38419140819105546,-0.7530800450487198,0.26950358214012415,-0.2158167769441807,-0.1413473244607061,-0.4014830678366994,-0.45974649415900753,-0.1126780150629839,-0.07479066767254888,-0.26228616495138807
-0.03518902284676659,-0.4489106733384213,0.45507261750235384,-0.5712770104694717,-0.45372008905711186,0.12482991747868638,-0.4062248377037069,0.3176017068897211,-0.7633813560176969,-0.2158167769441807,-0.1413473244607061,-0.4014830678366994,-0.45974649415900753,-0.1126780150629839,-0.07479066767254888,-0.26228616495138807
-0.8695616415194536,-1.3407578163313305,-0.13868816776092074,-1.8565864062955766,-0.6272276563325058,0.5096969161368037,-0.802826568931432,0.38451931638587167,-1.2798238250966092,-0.2158167769441807,-0.1413473244607061,-0.4014830678366994,-0.45974649415900753,-0.1126780150629839,-0.07479066767254888,-0.26228616495138807
0.4364128920551851,1.597091595880609,-0.5967322021068758,1.8133101581026405,0.9343404491460388,-0.24464240123310627,0.8276472150047715,-0.9002987859402545,1.793638673812034,0.4781875469199617,-0.1413473244607061,-0.4014830678366994,-0.45974649415900753,0.8859357335536329,-0.07479066767254888,-0.26228616495138807
0.18247339941567103,0.21560288418570756,0.14970992793838453,-0.46980521606214865,0.019482367148507602,0.6174596757610765,-0.4282582672163583,-0.030369862490272702,-0.46107356923979875,-0.2158167769441807,-0.854722568656716,-0.4014830678366994,2.1751117468100603,0.8859357335536329,2.0217868532785768,-0.26228616495138807
1.5247250033673836,-0.046705099047501385,0.5398955868256787,-0.5036291475312571,0.8239265426980608,0.41732883645885555,0.2768114771884865,1.1607635865412413,-0.7759775138001105,0.4781875469199617,-0.1413473244607061,-0.4014830678366994,-0.45974649415900753,0.8859357335536329,-0.07479066767254888,-0.26228616495138807
-0.23471290992067118,-0.23906428675185362,-0.15565276162558475,0.2912332419927811,-0.05938470888576232,-0.4755626004279766,0.29884490670113784,0.009780703207418383,0.3324843710521865,0.4781875469199617,-0.1413473244607061,-0.4014830678366994,-0.45974649415900753,0.8859357335536329,-0.07479066767254888,-0.26228616495138807
1.597279144121531,-0.9735266398048391,-0.3252987002722346,-0.03009410696374335,1.6914643790750297,-0.8296402391934445,1.7750846840487817,1.9236243347973796,0.21911895101047535,-0.9098211008083231,0.5720279197353038,2.490765066104216,-0.45974649415900753,-2.1099055122962174,-2.1713681886236746,-0.26228616495138807
-0.23471290992067118,-1.2358346230380481,-0.545838420512879,-0.01318214122919032,0.3034038408718793,-1.0759551183346396,0.9818812215933311,0.7726414514635566,0.3954651599642488,-0.9098211008083231,-0.854722568656716,2.490765066104216,2.1751117468100603,-0.1126780150629839,-0.07479066767254888,-0.26228616495138807
-0.8151460359538442,-0.5013722699850626,-1.9199705235507445,0.1390255503817966,1.0763011860077245,-0.5679306801059247,1.1581486576945423,-0.2177391690795003,1.5291193603813729,-0.9098211008083231,-0.854722568656716,2.490765066104216,2.1751117468100603,-0.1126780150629839,-0.07479066767254888,-0.26228616495138807
-0.8332845711423799,-0.4139362755739929,-0.27440491867824013,-0.8080445307532285,-0.46949350426396586,0.37114479661988153,-0.5935089885612438,-0.29804030047488245,-0.39809278032773643,-0.2158167769441807,-0.854722568656716,-0.4014830678366994,2.1751117468100603,0.8859357335536329,2.0217868532785768,-0.26228616495138807
0.309443145735428,-0.36147467892735163,0.9470458395776394,0.1390255503817966,-0.6114542411256517,-0.44477324053532724,-0.10877353928291299,0.5049710134789468,-0.5996313048463352,-0.2158167769441807,0.5720279197353038,-0.4014830678366994,-0.45974649415900753,-1.1112917636796007,-0.07479066767254888,-0.26228616495138807
-0.5612065433143302,-0.13414109345857103,-0.8512011100768507,0.20667341332001113,0.3034038408718793,-0.30622112101840504,0.43104548377704627,-0.3114238223741122,0.7859460512190365,-0.9098211008083231,-0.854722568656716,2.490765066104216,2.1751117468100603,-0.1126780150629839,-0.07479066767254888,-0.26228616495138807
-0.8151460359538442,-0.8860906453937695,-0.41012166959555957,-1.3661393999935099,-0.32753276740228005,0.4635128762978296,-0.5604588442922667,0.07669831270357082,-0.7129967248880481,-0.2158167769441807,-0.1413473244607061,-0.4014830678366994,-0.45974649415900753,-0.1126780150629839,-0.07479066767254888,-0.26228616495138807
-0.6881762896340872,-0.029217900165285967,0.11578074020905407,0.798592214029401,-0.7060947323667757,-0.752666839461821,0.04546046730564674,-0.48540960706411007,0.5088305800059618,-0.2158167769441807,-0.1413473244607061,-0.4014830678366994,-0.45974649415900753,-0.1126780150629839,-0.07479066767254888,-0.26228616495138807
-1.5588259786838454,0.6877572540054842,-1.173528393505484,-0.08083000416740725,-0.2644391065748641,0.6790383955463754,-0.6706259918555237,-1.6765430560956225,0.81113836678386,-0.2158167769441807,-0.1413473244607061,-0.4014830678366994,-0.45974649415900753,-0.1126780150629839,-0.07479066767254888,-0.26228616495138807
0.45455142724372066,-0.7112186565716302,0.18363911566771499,-0.01318214122919032,0.2245367648376094,-0.6141147199448989,0.5962962051219317,0.8797096266574,-0.146169624679487,-0.2158167769441807,-0.854722568656716,-0.4014830678366994,2.1751117468100603,0.8859357335536329,2.0217868532785768,-0.26228616495138807
1.8149415663839688,-0.9560394409226237,-0.44405085732489,-0.9264282908951069,1.9911592680052554,0.0016724779080888352,1.389499667577382,2.0708430756889125,-0.36030430698049937,-0.2158167769441807,0.5720279197353038,-0.4014830678366994,-0.45974649415900753,-1.1112917636796007,-0.07479066767254888,-0.26228616495138807
-0.9602543174621369,-0.7636802532182715,-1.2753159566934753,-1.6874667489500366,0.3507240864924413,0.8637745549022717,-0.3731746934347298,-0.1240545157848865,-0.3099196758508488,-0.2158167769441807,-0.1413473244607061,-0.4014830678366994,-0.45974649415900753,-0.1126780150629839,-0.07479066767254888,-0.26228616495138807
0.27316607535835424,-0.029217900165285967,0.5738247745550092,-0.13156590137106874,-0.29598593698857206,0.09404055758603701,-0.27402426062779844,0.22391705359510544,-0.5240543581518611,-0.2158167769441807,0.5720279197353038,-0.4014830678366994,-0.45974649415900753,-1.1112917636796007,-0.07479066767254888,-0.26228616495138807
0.6177982439405515,-0.4489106733384213,-0.22351113708424566,-0.13156590137106874,0.7450594666637909,-0.2754317611257556,0.7174800674415145,0.7994084952620178,0.06796505762152534,-0.2158167769441807,-0.1413473244607061,-0.4014830678366994,-0.45974649415900753,-0.1126780150629839,-0.07479066767254888,-0.26228616495138807
1.143815764408115,-1.0959370319803372,1.2863377168709391,1.2552152888623591,-0.20134544574744817,-2.1073986747383944,1.3674662380647307,1.6827209406112313,-0.020208046855362302,-0.2158167769441807,1.2854031639313137,-0.4014830678366994,-0.45974649415900753,-2.1099055122962174,-0.07479066767254888,-0.26228616495138807
0.01922658271884282,-0.30901308228071034,-0.08779438616692625,0.2912332419927811,0.09834944318277751,-0.5371413202132754,0.4530789132896976,0.2506840973935687,0.2820997399225377,-0.2158167769441807,-0.1413473244607061,-0.4014830678366994,-0.45974649415900753,-0.1126780150629839,-0.07479066767254888,-0.26228616495138807
-0.2891285154862806,0.005756497599142387,-0.25744032481357615,-0.38524538738937864,-0.012064463265200366,0.3557501166735568,-0.2630075458714728,-0.2177391690795003,-0.09578499354983641,-0.2158167769441807,-0.1413473244607061,-0.4014830678366994,-0.45974649415900753,-0.1126780150629839,-0.07479066767254888,-0.26228616495138807
1.016846018088358,-0.39644907669178,0.7604353070663231,-0.09774196990196028,0.17721651921704745,-0.2600370811794309,0.30986162145746354,1.053695411347398,-0.6374197781935722,-0.9098211008083231,0.5720279197353038,2.490765066104216,-0.45974649415900753,-2.1099055122962174,-2.1713681886236746,-0.26228616495138807
1.597279144121531,-0.011730701283073033,0.6416831500136702,-0.5881889762040271,0.7923797122843528,0.5250915960831284,0.17766104438155514,1.1875306303397029,-0.9145352494066487,-0.2158167769441807,-0.1413473244607061,-0.4014830678366994,-0.45974649415900753,-0.1126780150629839,-0.07479066767254888,-0.26228616495138807
-0.01705048765823098,-0.8161418498649128,0.8622228702543144,-1.180107776913417,-0.8165086388147536,0.3557501166735568,-0.8248599984440835,0.6120391886727903,-1.5191508229624469,-0.2158167769441807,-0.854722568656716,-0.4014830678366994,2.1751117468100603,0.8859357335536329,2.0217868532785768,-0.26228616495138807
0.12805779385006164,-1.0784498330981216,-1.0717408303174951,-0.5374530790003632,1.1078480164214324,-0.46016792048165195,1.1030650839129137,0.9198601923550911,0.39546515996425063,-0.2158167769441807,-0.1413473244607061,-0.4014830678366994,-0.45974649415900753,-0.1126780150629839,-0.07479066767254888,-0.26228616495138807
-1.6857957250036024,-0.8161418498649128,-0.44405085732489,-0.21612573004383873,-1.0531098669175634,-0.5217466402669507,-0.3621579786784041,-0.619244826056415,0.16873431988082477,-0.2158167769441807,-0.1413473244607061,-0.4014830678366994,-0.45974649415900753,-0.1126780150629839,-0.07479066767254888,-0.26228616495138807
-0.724453360011161,-1.0434754353336932,0.4381080236376898,-0.841868462222337,-1.0373364517107093,-0.1522743215551581,-0.6155424180738952,0.26406761929279654,-0.9523237227538858,-0.2158167769441807,-0.1413473244607061,-0.4014830678366994,-0.45974649415900753,-0.1126780150629839,-0.07479066767254888,-0.26228616495138807
-0.4160982618060376,-0.06419229792971431,-0.002971416843601321,-0.4021573531239317,-0.35907959781598797,0.3095660768345827,-0.472325126241661,-0.2578897347771914,-0.2973235180684352,-0.2158167769441807,-0.1413473244607061,-0.4014830678366994,-0.45974649415900753,-0.1126780150629839,-0.07479066767254888,-0.26228616495138807
1.8693571719495807,-0.8860906453937695,-0.29136951254290416,-0.5543650447349187,1.8965187767641316,-0.2754317611257556,1.5217002446532903,2.0574595537896845,-0.19655425580913757,-0.2158167769441807,-0.1413473244607061,-0.4014830678366994,-0.45974649415900753,-0.1126780150629839,-0.07479066767254888,-0.26228616495138807
-0.7425918951996966,-1.4281938107424004,-1.6315724278514392,0.20667341332001113,0.8712467883186227,-1.4454274370464324,1.642884106972873,0.5451215791766378,1.3653693092100094,-0.2158167769441807,-0.1413473244607061,-0.4014830678366994,-0.45974649415900753,-0.1126780150629839,-0.07479066767254888,-0.26228616495138807
-0.8695616415194536,-0.09916669569414267,0.5059663990963483,-0.2499496615129472,-1.226617434192957,0.14022459742501106,-0.9570605755199918,-0.5657107384594923,-0.5618428314990981,1.1721918707841041,-0.1413473244607061,-0.4014830678366994,-0.45974649415900753,1.8845494821702495,-0.07479066767254888,-0.26228616495138807
-0.16215876916652358,0.6003212595944145,-0.34226329413690104,-0.31759752445116174,0.17721651921704745,0.8175905150632975,-0.46130841148533536,-0.579094260358722,0.01758042649187654,-0.2158167769441807,-0.1413473244607061,-0.4014830678366994,-0.45974649415900753,-0.1126780150629839,-0.07479066767254888,-0.26228616495138807
-0.07146609322384039,-0.9385522420404108,-0.13868816776092074,-1.5352590573390497,0.06680261276906956,0.5712756359221025,-0.3621579786784041,0.665573276269713,-1.0404968272307715,-0.2158167769441807,-0.1413473244607061,-0.4014830678366994,-0.45974649415900753,-0.1126780150629839,-0.07479066767254888,-0.26228616495138807
0.6722138495061609,-0.9035778442759824,-0.29136951254290416,0.17284948185090265,0.8554733731117689,-0.9527976787640421,1.2793325200141252,1.1875306303397009,0.3450805288345982,-0.2158167769441807,-0.1413473244607061,-0.4014830678366994,-0.45974649415900753,-0.1126780150629839,-0.07479066767254888,-0.26228616495138807
0.21875046979274484,-0.09916669569414267,0.7095415254723286,-0.3345094901857172,-0.46949350426396586,0.21719799715663451,-0.48334184099798677,0.23730057549433706,-0.7759775138001105,-0.2158167769441807,-0.1413473244607061,-0.4014830678366994,-0.45974649415900753,-0.1126780150629839,-0.07479066767254888,-0.26228616495138807
-1.286747950855796,0.2680644808323513,1.1675855598182838,-1.1124599139751998,-2.204569177017904,1.248641553560389,-2.433300352867635,-1.1545857020256345,-1.6954970319162204,-0.2158167769441807,-0.1413473244607061,-0.4014830678366994,-0.45974649415900753,-0.1126780150629839,-0.07479066767254888,-0.26228616495138807
-0.23471290992067118,-0.8860906453937695,-0.0538651984375958,-0.28377359298205324,-0.15402520012688622,-0.5217466402669507,0.26579476243216077,0.5049710134789468,-0.1713619402443105,-0.2158167769441807,-0.1413473244607061,-0.4014830678366994,-0.45974649415900753,-0.1126780150629839,-0.07479066767254888,-0.26228616495138807
0.8898762717686011,-0.2915258833984949,0.16667452180304856,0.1897614475854581,0.6188721450089589,-0.42937856058900253,0.7395134969541659,0.8797096266574,0.01758042649187654,0.4781875469199617,-0.1413473244607061,-0.4014830678366994,-0.45974649415900753,0.8859357335536329,-0.07479066767254888,-0.26228616495138807
-1.0690855285933556,-1.7429633906222506,-0.20654654321957924,0.37579307066555107,-0.7376415627804837,-1.8764784755435238,0.8276472150047715,0.5451215791766378,0.43325363331148586,-0.9098211008083231,-0.854722568656716,2.490765066104216,2.1751117468100603,-0.1126780150629839,-0.07479066767254888,-0.26228616495138807
0.6903523846946991,-0.6937314576894148,0.7095415254723286,-0.5374530790003632,-0.05938470888576232,-0.12148496166250872,0.04546046730564678,1.0403118894481662,-0.9271314071890586,0.4781875469199617,-0.1413473244607061,-0.4014830678366994,-0.45974649415900753,0.8859357335536329,-0.07479066767254888,-0.26228616495138807
0.12805779385006164,0.8276548450631951,0.09881614634439005,1.2552152888623591,0.019482367148507602,-0.4139838806426778,0.30986162145746354,-0.538943694661031,0.8615229979135106,0.4781875469199617,0.5720279197353038,-0.4014830678366994,-0.45974649415900753,-0.1126780150629839,-0.07479066767254888,-0.26228616495138807
0.9624304125227486,-0.6587570599249889,0.9470458395776394,0.544912728011091,-0.04361129367890833,-1.0759551183346396,0.7395134969541659,1.2142976741381641,-0.297323518068437,-0.9098211008083231,0.5720279197353038,2.490765066104216,-0.45974649415900753,-2.1099055122962174,-2.1713681886236746,-0.26228616495138807
-0.4886524025601826,1.6670403914094656,-0.9360240794001756,0.544912728011091,0.44536457773356514,0.9715373145265445,-0.38419140819105546,-1.6363924903979312,1.1008499957793483,0.4781875469199617,0.5720279197353038,-0.4014830678366994,-0.45974649415900753,-0.1126780150629839,-0.07479066767254888,-0.26228616495138807
0.9624304125227486,-0.6762442588072018,-0.019936010708265343,0.2574093105236726,0.8554733731117689,-0.8296402391934445,1.1911988019635196,1.227681196037394,0.2065227932280618,-0.9098211008083231,-0.854722568656716,2.490765066104216,2.1751117468100603,-0.1126780150629839,-0.07479066767254888,-0.26228616495138807
-0.470513867371647,-0.32650028116292323,0.6925769316076646,-0.31759752445116174,-1.0531098669175634,0.0016724779080888352,-0.7367262803934779,-0.09728747198642514,-0.7507851982352851,-0.9098211008083231,-0.854722568656716,2.490765066104216,2.1751117468100603,-0.1126780150629839,-0.07479066767254888,-0.26228616495138807
-0.144020233977988,1.1599116238252607,-0.1726173554902512,-0.06391803843285182,0.03525578235536159,1.0793000741508174,-0.7477429951498035,-0.9939834392348683,0.08056121540393889,-0.2158167769441807,-0.1413473244607061,-0.4014830678366994,-0.45974649415900753,-0.1126780150629839,-0.07479066767254888,-0.26228616495138807
1.833080101572507,-0.2915258833984949,0.23453289726170948,0.5618246937456465,1.37599607493795,-0.7680615194081458,1.5106835298969647,1.5756527654173857,0.24431126657530064,-0.9098211008083231,-0.1413473244607061,2.490765066104216,-0.45974649415900753,-1.1112917636796007,-2.1713681886236746,-0.26228616495138807
-1.504410373118236,1.0200140327675498,1.5747358125702444,-0.14847786710562177,-2.772412124464648,1.0331160343118433,-2.675668077506801,-1.8906794064833115,-1.2798238250966092,-0.2158167769441807,-0.1413473244607061,-0.4014830678366994,-0.45974649415900753,-0.1126780150629839,-0.07479066767254888,-0.26228616495138807
0.7266294550717702,-0.11665389457635561,-1.241386768964145,-0.6389248734076886,1.7861048703161537,0.4789075562441543,0.9047642182990513,0.62542271057202,0.44584979109389944,-0.2158167769441807,-0.1413473244607061,-0.4014830678366994,-0.45974649415900753,-0.1126780150629839,-0.07479066767254888,-0.26228616495138807
0.055503653095916615,-1.0609626342159089,0.30239127272037036,-2.177913755252101,-0.23289227616115613,1.048510714258168,-0.912993716494689,0.8529425828589406,-1.8466509253051704,-0.9098211008083231,-0.1413473244607061,2.490765066104216,-0.45974649415900753,-1.1112917636796007,-2.1713681886236746,-0.26228616495138807
-0.5612065433143302,-0.08167949681192725,0.4381080236376898,0.2574093105236726,-0.8953757148490235,-0.30622112101840504,-0.4062248377037069,-0.3515743880718052,-0.13357346689707522,-0.9098211008083231,-0.1413473244607061,2.490765066104216,-0.45974649415900753,-1.1112917636796007,-2.1713681886236746,-0.26228616495138807
-0.03518902284676659,1.7369891869383198,-0.2404757309489097,-0.08083000416740725,0.19298993442390142,1.6027191923258566,-1.0121441493016203,-1.35533853051409,0.11834968875117415,-0.2158167769441807,-0.1413473244607061,-0.4014830678366994,-0.45974649415900753,-0.1126780150629839,-0.07479066767254888,-0.26228616495138807
-0.3072670506748162,-0.23906428675185362,0.5738247745550092,-0.3514214559202702,-0.8007352236078995,0.10943523753236167,-0.6375758475865465,-0.04375338438950243,-0.6878044093232228,0.4781875469199617,-0.1413473244607061,-0.4014830678366994,-0.45974649415900753,0.8859357335536329,-0.07479066767254888,-0.26228616495138807
-1.7039342601921381,-0.11665389457635561,0.5229309929610148,-0.5712770104694717,-1.9679679489150945,0.41732883645885555,-1.6731470346811623,-1.1679692239248642,-0.8137659871473475,-0.2158167769441807,-0.1413473244607061,-0.4014830678366994,-0.45974649415900753,-0.1126780150629839,-0.07479066767254888,-0.26228616495138807
-0.7607304303882322,-0.9735266398048391,0.4890018052316843,-0.6389248734076886,-1.116203527744979,-0.2754317611257556,-0.582492273804918,0.18376648789741626,-0.8389583027121728,-0.2158167769441807,-0.1413473244607061,-0.4014830678366994,-0.45974649415900753,-0.1126780150629839,-0.07479066767254888,-0.26228616495138807
-0.27098998029774496,0.6527828562410558,-0.20654654321957924,1.1368315287204809,-0.04361129367890833,-0.46016792048165195,0.2988449067011379,-0.6995459574517972,1.000080733520047,0.4781875469199617,-0.1413473244607061,-0.4014830678366994,-0.45974649415900753,0.8859357335536329,-0.07479066767254888,-0.26228616495138807
0.7447679902603085,-0.5188594688672755,0.08185155247972362,0.3081452077273365,0.571551899388397,-0.7372721595154964,0.9267976478117027,0.9466272361535525,0.16873431988082654,-0.2158167769441807,-0.854722568656716,-0.4014830678366994,2.1751117468100603,0.8859357335536329,2.0217868532785768,-0.26228616495138807
-0.923977247085063,1.3347836126474,-0.6136967959715399,-0.5881889762040271,-0.23289227616115613,1.7104819519501298,-1.3867124510166942,-1.7033100998940838,0.01758042649187475,-0.2158167769441807,-0.854722568656716,-0.4014830678366994,2.1751117468100603,0.8859357335536329,2.0217868532785768,-0.26228616495138807
-0.7425918951996966,-1.1483986286269785,0.2684620849910399,-1.3999633314626183,-0.8953757148490235,0.2633820369956086,-0.8138432836877577,0.33098522878895087,-1.2420353517493723,-0.2158167769441807,0.5720279197353038,-0.4014830678366994,-0.45974649415900753,-1.1112917636796007,-0.07479066767254888,-0.26228616495138807
-0.597483613691404,1.3872452092940413,-0.7494135468888593,-0.4528932503275932,0.17721651921704745,1.6335085522185062,-1.0451942935705976,-1.5025572714056263,0.21911895101047535,-0.2158167769441807,-0.854722568656716,-0.4014830678366994,2.1751117468100603,0.8859357335536329,2.0217868532785768,-0.26228616495138807
-0.05332755803530478,-1.0959370319803372,-0.20654654321957924,-0.5374530790003632,0.14566968880333947,-0.4755626004279766,0.442062198533372,0.7994084952620178,-0.24693888693878638,-0.9098211008083231,0.5720279197353038,2.490765066104216,-0.45974649415900753,-2.1099055122962174,-2.1713681886236746,-0.26228616495138807
-0.4342367969945732,-0.15162829234078395,-0.34226329413690104,-0.5712770104694717,-0.05938470888576232,0.38653947656620613,-0.3180911196531013,-0.20435564718026866,-0.1713619402443105,-0.2158167769441807,-0.854722568656716,-0.4014830678366994,2.1751117468100603,0.8859357335536329,2.0217868532785768,-0.26228616495138807
-1.4499947675526266,-0.32650028116292323,-0.7324489530241953,0.6971204196220779,-0.5799074107119437,-0.9220083188713927,0.25477804767583506,-0.8199976545448723,1.0630615224321112,-0.9098211008083231,-0.1413473244607061,2.490765066104216,-0.45974649415900753,-1.1112917636796007,-2.1713681886236746,-0.26228616495138807
-1.3593020916099434,1.4397068059406826,-2.5476604965433496,-0.08083000416740725,1.1867150924557024,1.341009633238337,-0.1308069687955644,-2.104815756870998,1.8314271471592711,-0.2158167769441807,-0.1413473244607061,-0.4014830678366994,-0.45974649415900753,-0.1126780150629839,-0.07479066767254888,-0.26228616495138807
-0.01705048765823098,1.5096556014695393,-0.9020948916708451,0.003729824505362714,0.8239265426980608,1.3256149532920123,-0.3731746934347298,-1.1679692239248642,0.6725806311773236,-0.2158167769441807,0.5720279197353038,-0.4014830678366994,-0.45974649415900753,-1.1112917636796007,-0.07479066767254888,-0.26228616495138807
-0.4160982618060376,-0.4314234744562058,-0.20654654321957924,0.05446572170902662,-0.16979861533374022,-0.42937856058900253,0.18867775913788085,0.02316422510664811,0.19392663544565006,0.4781875469199617,-0.1413473244607061,-0.4014830678366994,-0.45974649415900753,0.8859357335536329,-0.07479066767254888,-0.26228616495138807
-0.8151460359538442,1.194886021589689,-0.6476259837008703,0.1390255503817966,-0.10670495450632426,0.9253532746875704,-0.7367262803934779,-1.515940793304858,0.5844075267004377,-0.2158167769441807,-0.854722568656716,-0.4014830678366994,2.1751117468100603,0.8859357335536329,2.0217868532785768,-0.26228616495138807
0.7629065254488441,0.11067969089242496,-1.241386768964145,0.6971204196220779,1.8176517007298616,-0.5371413202132754,1.6539008217291988,0.47820396968048545,1.4409462559044852,0.4781875469199617,-0.854722568656716,-0.4014830678366994,2.1751117468100603,1.8845494821702495,2.0217868532785768,-0.26228616495138807
-1.8127654713233594,-0.6587570599249889,0.23453289726170948,-0.4021573531239317,-1.7944603816397007,-0.21385304134045688,-1.100277867352226,-0.833381176444102,-0.4736697270222105,-0.2158167769441807,-0.1413473244607061,-0.4014830678366994,-0.45974649415900753,-0.1126780150629839,-0.07479066767254888,-0.26228616495138807
-0.5612065433143302,-0.7461930543360585,-1.088705424182159,0.27432127625822805,0.5242316537678351,-0.906613638925068,1.014931365862308,0.1569994440989549,1.0126768913024606,0.4781875469199617,-0.1413473244607061,-0.4014830678366994,-0.45974649415900753,0.8859357335536329,-0.07479066767254888,-0.26228616495138807
0.9624304125227486,0.40796207189006223,0.9131166518483089,-0.21612573004383873,-0.012064463265200366,0.5558809559757778,-0.4062248377037069,0.3979028382851033,-0.8389583027121728,1.1721918707841041,-0.1413473244607061,-0.4014830678366994,-0.45974649415900753,1.8845494821702495,-0.07479066767254888,-0.26228616495138807
0.5815211735634777,-0.2915258833984949,0.45507261750235384,0.5280007622765379,0.08257602797592353,-0.7372721595154964,0.585279490365606,0.6521897543704813,0.05536889983911359,1.1721918707841041,-0.1413473244607061,-0.4014830678366994,-0.45974649415900753,1.8845494821702495,-0.07479066767254888,-0.26228616495138807
1.143815764408115,1.1599116238252607,-0.27440491867824013,-0.43598128459304014,1.2498087532831184,1.4179830329699605,-0.14182368355189007,-0.04375338438950243,-0.1209773091146617,-0.2158167769441807,-0.1413473244607061,-0.4014830678366994,-0.45974649415900753,-0.1126780150629839,-0.07479066767254888,-0.26228616495138807
0.10991925866152602,0.6352956573588429,-0.3592278880015651,0.9338879399058324,0.4295911625267112,-0.29082644107208033,0.5081624870713262,-0.405108475668726,0.96229226017281,-0.2158167769441807,-0.1413473244607061,-0.4014830678366994,-0.45974649415900753,-0.1126780150629839,-0.07479066767254888,-0.26228616495138807
-0.4342367969945732,0.11067969089242496,0.47203721136702026,0.47726486507287647,-0.8165086388147536,-0.33701048091105434,-0.32910783440942704,-0.405108475668726,0.004984268709462996,0.4781875469199617,0.5720279197353038,-0.4014830678366994,-0.45974649415900753,-0.1126780150629839,-0.07479066767254888,-0.26228616495138807
-0.5793450785028659,-0.25655148563406655,0.2684620849910399,-0.16538983284017722,-0.7534149779873376,-0.07530092182353462,-0.472325126241661,-0.23112269097873003,-0.3225158336332623,1.1721918707841041,-0.1413473244607061,-0.4014830678366994,-0.45974649415900753,1.8845494821702495,-0.07479066767254888,-0.26228616495138807
-1.504410373118236,-0.30901308228071034,1.5917004064349085,0.2912332419927811,-2.7881855396715016,-0.5371413202132754,-1.5629798871179053,-0.8735317421417931,-0.9649198805362975,1.1721918707841041,0.5720279197353038,-0.4014830678366994,-0.45974649415900753,0.8859357335536329,-0.07479066767254888,-0.26228616495138807
-1.5951030490609193,-0.39644907669178,-0.6645905775655344,0.02064179023991815,-0.7691883931941916,-0.36779984080370376,-0.2740242606277985,-0.8735317421417931,0.5088305800059618,-0.2158167769441807,-0.854722568656716,-0.4014830678366994,2.1751117468100603,0.8859357335536329,2.0217868532785768,-0.26228616495138807
-0.23471290992067118,-0.046705099047501385,0.6586477438783341,0.37579307066555107,-0.8165086388147536,-0.38319452075002847,-0.29605769014044986,-0.13743803768411622,-0.20915041359154934,-0.2158167769441807,-0.1413473244607061,-0.4014830678366994,-0.45974649415900753,-0.1126780150629839,-0.07479066767254888,-0.26228616495138807
-1.6676571898150643,-0.6412698610427735,0.30239127272037036,-0.6051009419385801,-1.7313667208122847,-0.013722202038235855,-1.199428300159157,-0.7396965231494882,-0.6752082515408111,-0.2158167769441807,-0.1413473244607061,-0.4014830678366994,-0.45974649415900753,-0.1126780150629839,-0.07479066767254888,-0.26228616495138807
-1.6495186546265286,0.8101676461809821,-2.886952373836649,0.08828965317813268,1.2498087532831184,0.6328543557074013,0.42002876902072056,-1.8371453188863887,2.209311880631645,0.4781875469199617,-0.1413473244607061,-0.4014830678366994,-0.45974649415900753,0.8859357335536329,-0.07479066767254888,-0.26228616495138807
0.3275816809239662,0.16314128753906626,-0.34226329413690104,-0.6389248734076886,0.603098729802105,0.7252224353853494,-0.09775682452658732,0.1168488784012638,-0.2217465713739611,0.4781875469199617,-0.1413473244607061,-0.4014830678366994,-0.45974649415900753,0.8859357335536329,-0.07479066767254888,-0.26228616495138807
-0.8151460359538442,0.9325780383564801,-0.8342365162121842,0.22358537905456655,0.06680261276906956,0.6174596757610765,-0.39520812294738117,-1.3151879648164007,0.7859460512190365,1.1721918707841041,-0.1413473244607061,-0.4014830678366994,-0.45974649415900753,1.8845494821702495,-0.07479066767254888,-0.26228616495138807
0.7810450606373822,0.3729876741256339,0.7434707132016591,0.3081452077273365,-0.012064463265200366,0.04785651774706291,-0.0426732507449588,0.29083466309125977,-0.32251583363326053,-0.2158167769441807,-0.1413473244607061,-0.4014830678366994,-0.45974649415900753,-0.1126780150629839,-0.07479066767254888,-0.26228616495138807
0.5996597087520158,0.4429364696544906,-1.3092451444228035,-0.41906931885848714,1.7387846246955916,0.7714064752243235,0.662396493659886,0.10346535650203217,0.6599844733949101,-0.2158167769441807,-0.1413473244607061,-0.4014830678366994,-0.45974649415900753,-0.1126780150629839,-0.07479066767254888,-0.26228616495138807
-0.6518992192570134,-0.32650028116292323,0.5568601806903452,-0.43598128459304014,-1.0846566973312712,0.10943523753236167,-0.8358767132004091,-0.23112269097873003,-0.7381890404528734,-0.2158167769441807,-0.1413473244607061,-0.4014830678366994,-0.45974649415900753,-0.1126780150629839,-0.07479066767254888,-0.26228616495138807
-0.3254055858633544,-0.6412698610427735,-0.9360240794001756,-0.16538983284017722,0.5873253145952511,-0.4139838806426778,0.7064633526851887,0.2506840973935668,0.5718113689180242,-0.2158167769441807,-0.1413473244607061,-0.4014830678366994,-0.45974649415900753,-0.1126780150629839,-0.07479066767254888,-0.26228616495138807
0.49082849762079445,-0.2915258833984949,-0.545838420512879,0.2912332419927811,0.9343404491460388,-0.5217466402669507,1.025948080618634,0.5852721448743289,0.622196000047673,-0.2158167769441807,-0.1413473244607061,-0.4014830678366994,-0.45974649415900753,-0.1126780150629839,-0.07479066767254888,-0.26228616495138807
-1.9760122880201878,0.3030388785967772,-2.5646250904080135,0.9846238371094963,0.666192390629521,-0.6295093998912236,0.915780933055377,-1.6899265779948522,2.6375812452336698,-0.9098211008083231,0.5720279197353038,2.490765066104216,-0.45974649415900753,-2.1099055122962174,-2.1713681886236746,-0.26228616495138807
0.18247339941567103,0.5303724640655603,-0.29136951254290416,0.8324161454985094,0.4295911625267112,-0.29082644107208033,0.5081624870713262,-0.271273256676423,0.8363306823486854,-0.2158167769441807,-0.854722568656716,-0.4014830678366994,2.1751117468100603,0.8859357335536329,2.0217868532785768,-0.26228616495138807
-0.27098998029774496,-0.4838850711028496,0.81132908866032,-0.9095163251605515,-0.9900162060901473,0.40193415651253084,-0.9790940050326431,0.17038296599818462,-1.2798238250966092,-0.9098211008083231,-0.854722568656716,2.490765066104216,2.1751117468100603,-0.1126780150629839,-0.07479066767254888,-0.26228616495138807
0.07364218828445222,-0.5538338666317039,0.6247185561490037,0.32505717346188956,-0.5168137498845278,-0.7834561993544704,0.19969447389420658,0.47820396968048545,-0.2217465713739611,-0.9098211008083231,-0.1413473244607061,2.490765066104216,-0.45974649415900753,-1.1112917636796007,-2.1713681886236746,-0.26228616495138807
-0.216574374732133,-0.11665389457635561,0.21756830339704544,-0.21612573004383873,-0.39062642822969595,0.09404055758603701,-0.3401245491657527,-0.07052042818796378,-0.3225158336332623,0.4781875469199617,-0.854722568656716,-0.4014830678366994,2.1751117468100603,1.8845494821702495,2.0217868532785768,-0.26228616495138807
0.6903523846946991,1.2998092148829716,0.16667452180304856,-0.6220129076731331,0.44536457773356514,1.7104819519501298,-0.9129937164946892,-0.48540960706410813,-0.5870351470639216,0.4781875469199617,0.5720279197353038,-0.4014830678366994,-0.45974649415900753,-0.1126780150629839,-0.07479066767254888,-0.26228616495138807
-1.4318562323640884,-1.3582450152135461,-0.6136967959715399,1.4581588776770076,-0.6745479019530677,-2.523055033289161,1.3344160937957537,-0.016986340591041073,1.5417155181637847,-0.2158167769441807,-0.1413473244607061,-0.4014830678366994,-0.45974649415900753,-0.1126780150629839,-0.07479066767254888,-0.26228616495138807
-0.34354412105189003,0.23309008306792298,0.47203721136702026,0.3081452077273365,-0.7376415627804837,-0.07530092182353462,-0.46130841148533536,-0.43187551946718733,-0.1209773091146617,-0.2158167769441807,-0.854722568656716,-0.4014830678366994,2.1751117468100603,0.8859357335536329,2.0217868532785768,-0.26228616495138807
-0.3979597266174994,-0.8686034465115541,-0.4949446389188845,0.49417683080742947,0.11412285838963149,-1.2145072378515618,0.948831077324354,0.37113579448664197,0.735561420089386,-0.2158167769441807,-0.1413473244607061,-0.4014830678366994,-0.45974649415900753,-0.1126780150629839,-0.07479066767254888,-0.26228616495138807
-0.724453360011161,0.9150908394742647,-0.10475898003159027,0.9169759741712793,-0.5325871650913818,-0.02911688198456055,-0.3511412639220784,-1.2348868334210168,0.7607537356542112,-0.2158167769441807,-0.1413473244607061,-0.4014830678366994,-0.45974649415900753,-0.1126780150629839,-0.07479066767254888,-0.26228616495138807
-0.1258816987894498,0.23309008306792298,0.726506119336995,-0.7234847020804586,-0.7849618084010456,0.8637745549022717,-1.1663781558901802,-0.2712732566764211,-1.0782853005780104,0.4781875469199617,-0.1413473244607061,-0.4014830678366994,-0.45974649415900753,0.8859357335536329,-0.07479066767254888,-0.26228616495138807
-1.6676571898150643,-0.6937314576894148,0.21756830339704544,-0.4528932503275932,-1.6524996447780147,-0.19845836139413217,-1.0121441493016203,-0.6995459574517972,-0.4988620425870358,-0.2158167769441807,-0.1413473244607061,-0.4014830678366994,-0.45974649415900753,-0.1126780150629839,-0.07479066767254888,-0.26228616495138807
-0.7607304303882322,0.33801327636120554,-0.20654654321957924,0.07137768744357965,-0.46949350426396586,0.23259267710295922,-0.4943585557543124,-0.8199976545448704,0.2065227932280618,-0.2158167769441807,-0.854722568656716,-0.4014830678366994,2.1751117468100603,0.8859357335536329,2.0217868532785768,-0.26228616495138807
0.6722138495061609,0.4604236685367035,-1.1904929873701504,0.1390255503817966,1.6914643790750297,0.2787767169419333,0.9818812215933311,0.14361592219972327,0.9874845757376371,-0.2158167769441807,-0.1413473244607061,-0.4014830678366994,-0.45974649415900753,-0.1126780150629839,-0.07479066767254888,-0.26228616495138807
0.07364218828445222,0.39047487300784683,-0.5967322021068758,-0.19921376430928328,0.6188721450089589,0.5250915960831284,0.056477182061972456,-0.24450621287795976,0.2946958977049512,-0.2158167769441807,-0.1413473244607061,-0.4014830678366994,-0.45974649415900753,-0.1126780150629839,-0.07479066767254888,-0.26228616495138807
0.309443145735428,-1.0085010375692676,1.1675855598182838,-0.5712770104694717,-0.8165086388147536,-0.36779984080370376,-0.30707440489677557,1.0001613237504752,-1.292419982879021,-0.2158167769441807,-0.1413473244607061,-0.4014830678366994,-0.45974649415900753,-0.1126780150629839,-0.07479066767254888,-0.26228616495138807
-0.144020233977988,0.33801327636120554,0.47203721136702026,0.5618246937456465,-0.5641339955050898,-0.21385304134045688,-0.24097411635882138,-0.3649579099710349,0.06796505762152534,-0.2158167769441807,-0.1413473244607061,-0.4014830678366994,-0.45974649415900753,-0.1126780150629839,-0.07479066767254888,-0.26228616495138807
-1.3048864860443314,-2.0227585727376747,1.1336563720889532,-2.5499770014122896,-2.1887957618110505,0.5404862760294531,-1.9155147593203274,0.5852721448743309,-2.7409781278564553,-0.2158167769441807,-0.1413473244607061,-0.4014830678366994,-0.45974649415900753,-0.1126780150629839,-0.07479066767254888,-0.26228616495138807
0.25502754016981866,0.16314128753906626,0.5568601806903452,0.798592214029401,-0.29598593698857206,-0.5833253600522494,0.2107111886505323,0.06331479080434109,0.1813304776632365,-0.2158167769441807,-0.1413473244607061,-0.4014830678366994,-0.45974649415900753,-0.1126780150629839,-0.07479066767254888,-0.26228616495138807
-0.6518992192570134,1.2998092148829716,0.20060370953237902,-0.5881889762040271,-0.7534149779873376,1.6796925920574801,-1.7282306084627908,-1.475790227607165,-0.5870351470639235,-0.2158167769441807,-0.1413473244607061,-0.4014830678366994,-0.45974649415900753,-0.1126780150629839,-0.07479066767254888,-0.26228616495138807
0.36385875130103745,-0.4139362755739929,-0.6645905775655344,-0.06391803843285182,0.9343404491460388,-0.30622112101840504,0.8717140740300742,0.5852721448743289,0.44584979109389944,0.4781875469199617,-0.854722568656716,-0.4014830678366994,2.1751117468100603,1.8845494821702495,2.0217868532785768,-0.26228616495138807
0.09178072347298784,0.040730895363568255,0.828293682524984,-0.6051009419385801,-0.6903213171599217,0.5866703158684271,-0.9019770017383634,0.03654774700587974,-1.065689142795597,-0.2158167769441807,-0.1413473244607061,-0.4014830678366994,-0.45974649415900753,-0.1126780150629839,-0.07479066767254888,-0.26228616495138807
1.343339651482017,0.7402188506521254,0.9470458395776394,-0.5712770104694717,0.28763042566502534,1.1716681538287657,-0.6375758475865466,0.42466988208356465,-1.1286699317076592,-0.2158167769441807,-0.854722568656716,-0.4014830678366994,2.1751117468100603,0.8859357335536329,2.0217868532785768,-0.26228616495138807
-0.01705048765823098,0.6178084584766299,0.6077539622843396,0.544912728011091,-0.5799074107119437,0.04785651774706291,-0.43927498197268394,-0.48540960706411007,-0.0454003624201876,-0.2158167769441807,-0.1413473244607061,-0.4014830678366994,-0.45974649415900753,-0.1126780150629839,-0.07479066767254888,-0.26228616495138807
-0.1984358395435974,0.5478596629477732,-0.9699532671295037,-0.04700607269829879,0.7292860514569368,0.5250915960831284,0.1335941853562523,-0.5657107384594923,0.6851767889597353,-0.2158167769441807,0.5720279197353038,-0.4014830678366994,-0.45974649415900753,-1.1112917636796007,-0.07479066767254888,-0.26228616495138807
0.5271055679978682,0.9500652372386931,0.726506119336995,-1.0617240167715385,-0.21711886095430213,1.8028500316280778,-1.4417960247983226,-0.33819086617257355,-1.33020845622626,0.4781875469199617,-0.1413473244607061,-0.4014830678366994,-0.45974649415900753,0.8859357335536329,-0.07479066767254888,-0.26228616495138807
0.001088047530304632,-0.27403868451628194,-0.4779800450542205,-0.48671718179670165,0.44536457773356514,0.20180331721030983,0.1666443296252294,0.21053353169587571,-0.007611889072948758,-0.2158167769441807,-0.1413473244607061,-0.4014830678366994,-0.45974649415900753,-0.1126780150629839,-0.07479066767254888,-0.26228616495138807
0.6722138495061609,0.3205260774789926,0.3193558665850344,-0.875692393691443,0.28763042566502534,1.0793000741508174,-0.5714755590485924,0.2506840973935668,-0.8893429338418216,0.4781875469199617,0.5720279197353038,-0.4014830678366994,-0.45974649415900753,-0.1126780150629839,-0.07479066767254888,-0.26228616495138807
0.49082849762079445,-0.046705099047501385,-0.07082979230225982,0.8155041797639564,0.4926848233541271,-0.7834561993544704,0.9047642182990513,0.3979028382851033,0.6599844733949118,1.1721918707841041,-0.1413473244607061,-0.4014830678366994,-0.45974649415900753,1.8845494821702495,-0.07479066767254888,-0.26228616495138807
-1.0328084582162818,0.1981156853034946,0.9979396211716339,0.358881104930998,-1.8260072120534085,-0.1522743215551581,-1.1663781558901802,-0.9136823078394842,-0.4736697270222105,-0.2158167769441807,-0.1413473244607061,-0.4014830678366994,-0.45974649415900753,-0.1126780150629839,-0.07479066767254888,-0.26228616495138807
0.12805779385006164,-1.2533218219202609,0.6586477438783341,-0.960252222364213,-0.5010403346776738,-0.22924772128678156,-0.1858905425771929,1.053695411347396,-1.2042468784021334,-0.2158167769441807,-0.1413473244607061,-0.4014830678366994,-0.45974649415900753,-0.1126780150629839,-0.07479066767254888,-0.26228616495138807
-1.0872240637818937,-0.4489106733384213,-0.6815551714302008,-0.2499496615129472,-0.31175935219542605,-0.16766900150148278,-0.0977568245265873,-0.4586425632656487,0.31988821326977473,0.4781875469199617,-0.854722568656716,-0.4014830678366994,2.1751117468100603,1.8845494821702495,2.0217868532785768,-0.26228616495138807
0.41827435686664943,-2.075220169384316,0.3702496481790289,-2.2793855496594264,0.019482367148507602,0.2479873570492839,-0.16385711306454148,1.8968572909989183,-1.9726125031292951,-0.2158167769441807,-0.1413473244607061,-0.4014830678366994,-0.45974649415900753,-0.1126780150629839,-0.07479066767254888,-0.26228616495138807
-0.5430680081257946,0.4604236685367035,-0.3252987002722346,1.1030075972513722,-0.16979861533374022,-0.5987200399985741,0.30986162145746354,-0.7530800450487198,1.0630615224321094,-0.2158167769441807,-0.1413473244607061,-0.4014830678366994,-0.45974649415900753,-0.1126780150629839,-0.07479066767254888,-0.26228616495138807
-1.504410373118236,-0.6237826621605606,-0.1895819493549152,0.3081452077273365,-1.1319769429518332,-0.8296402391934445,-0.19690725733351866,-0.6326283479556447,0.3702728443994253,0.4781875469199617,-0.1413473244607061,-0.4014830678366994,-0.45974649415900753,0.8859357335536329,-0.07479066767254888,-0.26228616495138807
-0.5249294729372564,1.0375012316497627,0.6586477438783341,-0.04700607269829879,-1.0688832821244172,0.9561426345802198,-1.430779310041997,-1.181352745824094,-0.5240543581518611,-0.2158167769441807,-0.854722568656716,-0.4014830678366994,2.1751117468100603,0.8859357335536329,2.0217868532785768,-0.26228616495138807
-1.0146699230277463,-0.6237826621605606,0.47203721136702026,0.17284948185090265,-1.3212579254340813,-0.706482799622847,-0.41724155246003264,-0.2712732566764211,-0.2217465713739629,0.4781875469199617,0.5720279197353038,-0.4014830678366994,-0.45974649415900753,-0.1126780150629839,-0.07479066767254888,-0.26228616495138807
0.5996597087520158,0.02324369648135532,-1.0717408303174951,-1.0786359825060914,1.5179568117996358,1.0023266744191939,0.3429117657264406,0.42466988208356465,-0.007611889072948758,0.4781875469199617,-0.1413473244607061,-0.4014830678366994,-0.45974649415900753,0.8859357335536329,-0.07479066767254888,-0.26228616495138807
-0.6337606840684779,0.4254492707722752,-0.7663781407535257,0.6971204196220779,0.16144310401019346,-0.2600370811794309,0.29884490670113784,-0.793230610746411,1.0882538379969364,-0.9098211008083231,-0.1413473244607061,2.490765066104216,-0.45974649415900753,-1.1112917636796007,-2.1713681886236746,-0.26228616495138807
0.6177982439405515,0.4604236685367035,0.30239127272037036,-0.41906931885848714,0.2560835952513174,0.7868011551706482,-0.38419140819105546,0.10346535650203217,-0.5366505159342746,-0.2158167769441807,-0.1413473244607061,-0.4014830678366994,-0.45974649415900753,-0.1126780150629839,-0.07479066767254888,-0.26228616495138807
-0.18029730435506178,-1.3057834185669022,0.09881614634439005,-0.9095163251605515,-0.24866569136801012,-0.32161580096472975,0.05647718206197248,0.8663261047581684,-0.7507851982352851,-0.2158167769441807,-0.854722568656716,-0.4014830678366994,2.1751117468100603,0.8859357335536329,2.0217868532785768,-0.26228616495138807
0.8173221310144535,-0.8686034465115541,-0.34226329413690104,0.10520161891268812,1.0289809403871626,-0.8604295990860938,1.3344160937957537,1.2678317617350832,0.33248437105218825,0.4781875469199617,-0.1413473244607061,-0.4014830678366994,-0.45974649415900753,0.8859357335536329,-0.07479066767254888,-0.26228616495138807
-2.0485664287743353,-0.11665389457635561,-2.7512356229193276,0.7478563168257394,0.7766062970774988,-0.7834561993544704,1.1030650839129137,-1.4222561400102443,2.599792771886431,-0.2158167769441807,-0.1413473244607061,-0.4014830678366994,-0.45974649415900753,-0.1126780150629839,-0.07479066767254888,-0.26228616495138807
0.6540753143176252,0.3030388785967772,0.6756123377429982,-0.85878042795689,-0.05938470888576232,1.048510714258168,-0.7918098541751063,0.2506840973935687,-1.141266089490071,-0.2158167769441807,-0.1413473244607061,-0.4014830678366994,-0.45974649415900753,-0.1126780150629839,-0.07479066767254888,-0.26228616495138807
1.579140608932993,1.0025268338853344,1.4220544677882585,0.24049734478911958,0.05102919756221557,0.6636437156000506,-0.43927498197268394,0.3979028382851033,-0.8767467760594099,0.4781875469199617,-0.1413473244607061,-0.4014830678366994,-0.45974649415900753,0.8859357335536329,-0.07479066767254888,-0.26228616495138807
0.14619632903859983,0.9500652372386931,-0.5288738266482149,0.2574093105236726,0.6188721450089589,0.6020649958147519,0.0013936082803439702,-0.6192448260564131,0.5844075267004359,0.4781875469199617,-0.1413473244607061,-0.4014830678366994,-0.45974649415900753,0.8859357335536329,-0.07479066767254888,-0.26228616495138807
-0.1984358395435974,-0.011730701283073033,0.30239127272037036,1.0691836657822662,-0.45372008905711186,-0.9835870386566914,0.3869786247517435,-0.13743803768411622,0.5718113689180242,-0.2158167769441807,-0.1413473244607061,-0.4014830678366994,-0.45974649415900753,-0.1126780150629839,-0.07479066767254888,-0.26228616495138807
-0.6337606840684779,0.040730895363568255,-0.4779800450542205,-0.5712770104694717,-0.10670495450632426,0.5558809559757778,-0.472325126241661,-0.49879312896333977,-0.0705926779850111,-0.2158167769441807,1.2854031639313137,-0.4014830678366994,-0.45974649415900753,-2.1099055122962174,-0.07479066767254888,-0.26228616495138807
-0.3072670506748162,-0.13414109345857103,0.47203721136702026,-0.11465393563651333,-0.7060947323667757,-0.013722202038235855,-0.48334184099798677,-0.12405451578488459,-0.4358812536749735,-0.2158167769441807,-0.1413473244607061,-0.4014830678366994,-0.45974649415900753,-0.1126780150629839,-0.07479066767254888,-0.26228616495138807
0.23688900498128304,0.7577060495343408,0.3702496481790289,0.32505717346188956,-0.13825178492003223,0.37114479661988153,-0.3621579786784041,-0.405108475668726,-0.03280420463777406,-0.2158167769441807,-0.1413473244607061,-0.4014830678366994,-0.45974649415900753,-0.1126780150629839,-0.07479066767254888,-0.26228616495138807
-0.4342367969945732,-0.5888082643961322,1.0657979966302948,0.42652896786921257,-1.368578171054643,-0.906613638925068,-0.30707440489677557,0.13023240030049354,-0.47366972702221233,-0.2158167769441807,-0.1413473244607061,-0.4014830678366994,-0.45974649415900753,-0.1126780150629839,-0.07479066767254888,-0.26228616495138807
-0.9783928526506724,0.3205260774789926,-0.5797676082422094,1.3397751175351291,-0.31175935219542605,-0.9374029988177174,0.4530789132896976,-0.9672163954364069,1.4283500981220718,-0.2158167769441807,0.5720279197353038,-0.4014830678366994,-0.45974649415900753,-1.1112917636796007,-0.07479066767254888,-0.26228616495138807
-0.5430680081257946,0.3729876741256339,-0.08779438616692625,0.3419691391964426,-0.39062642822969595,0.017067157854413532,-0.28504097538412415,-0.6861624355525674,0.31988821326977473,-0.2158167769441807,-0.854722568656716,-0.4014830678366994,2.1751117468100603,0.8859357335536329,2.0217868532785768,-0.26228616495138807
-1.7583498657577474,0.4429364696544906,-2.445872933355358,0.1390255503817966,0.7450594666637909,0.2633820369956086,0.33189505097011496,-1.6363924903979312,1.9196002516361588,-0.9098211008083231,-0.854722568656716,2.490765066104216,2.1751117468100603,-0.1126780150629839,-0.07479066767254888,-0.26228616495138807
-0.216574374732133,0.7926804472987692,-0.41012166959555957,0.3081452077273365,0.19298993442390142,0.41732883645885555,-0.1638571130645415,-0.7664635669479496,0.5340228955707871,-0.2158167769441807,-0.1413473244607061,-0.4014830678366994,-0.45974649415900753,-0.1126780150629839,-0.07479066767254888,-0.26228616495138807
-0.4342367969945732,1.1074500271786194,0.18363911566771499,-1.2646676055861867,-0.5483605802982358,2.126138310500896,-1.9044980445640018,-1.1679692239248642,-1.0782853005780104,-0.9098211008083231,-0.1413473244607061,2.490765066104216,-0.45974649415900753,-1.1112917636796007,-2.1713681886236746,-0.26228616495138807
-0.670037754445549,-1.2882962196846894,1.082762590494959,-0.8926043594259985,-1.5894059839505987,-0.32161580096472975,-0.8799435722257118,0.4915874915797171,-1.4687661918327963,0.4781875469199617,-0.1413473244607061,-0.4014830678366994,-0.45974649415900753,0.8859357335536329,-0.07479066767254888,-0.26228616495138807
0.45455142724372066,0.4604236685367035,0.40417883590835935,-0.04700607269829879,0.019482367148507602,0.44811819635150496,-0.30707440489677557,-0.016986340591042974,-0.33511199141567405,-0.2158167769441807,-0.1413473244607061,-0.4014830678366994,-0.45974649415900753,-0.1126780150629839,-0.07479066767254888,-0.26228616495138807
-0.10774316360091418,0.0757052931279966,0.7095415254723286,-0.77422059928412,-0.7534149779873376,0.7714064752243235,-1.0782444378395746,-0.13743803768411622,-1.103477616142834,-0.2158167769441807,-0.1413473244607061,-0.4014830678366994,-0.45974649415900753,-0.1126780150629839,-0.07479066767254888,-0.26228616495138807
0.4364128920551851,-0.6237826621605606,-0.41012166959555957,-0.3006855587166087,0.7608328818706448,-0.2754317611257556,0.7284967821978401,0.7994084952620178,0.0805612154039371,-0.2158167769441807,-0.1413473244607061,-0.4014830678366994,-0.45974649415900753,-0.1126780150629839,-0.07479066767254888,-0.26228616495138807
1.2707855107278696,-0.1691154912229969,0.9131166518483089,0.8662400769676178,0.2560835952513174,-0.9374029988177174,0.8496806445174229,1.0670789332466257,-0.03280420463777406,-0.2158167769441807,-0.854722568656716,-0.4014830678366994,2.1751117468100603,0.8859357335536329,2.0217868532785768,-0.26228616495138807
0.10991925866152602,0.11067969089242496,1.0657979966302948,0.6971204196220779,-0.8953757148490235,-0.5371413202132754,-0.24097411635882138,-0.0036028186918113446,-0.2721312025036117,-0.2158167769441807,-0.1413473244607061,-0.4014830678366994,-0.45974649415900753,-0.1126780150629839,-0.07479066767254888,-0.26228616495138807
-0.144020233977988,0.040730895363568255,0.7943644947956535,-1.5521710230736028,-0.8638288844353155,1.4487723928626097,-1.640096890412185,-0.13743803768411622,-1.7458816630458691,-0.2158167769441807,-0.1413473244607061,-0.4014830678366994,-0.45974649415900753,-0.1126780150629839,-0.07479066767254888,-0.26228616495138807
0.6722138495061609,-0.4838850711028496,0.23453289726170948,1.4750708434115607,0.36649750169929524,-1.7687157159192508,1.5217002446532903,0.8663261047581703,0.924503786825573,-0.2158167769441807,-0.1413473244607061,-0.4014830678366994,-0.45974649415900753,-0.1126780150629839,-0.07479066767254888,-0.26228616495138807
-0.4342367969945732,0.5478596629477732,-0.15565276162558475,0.2574093105236726,-0.23289227616115613,0.2479873570492839,-0.3401245491657527,-0.7396965231494882,0.30729205548736116,-0.2158167769441807,-0.1413473244607061,-0.4014830678366994,-0.45974649415900753,-0.1126780150629839,-0.07479066767254888,-0.26228616495138807
0.7629065254488441,0.1456540886568533,0.8791874641189785,-0.08083000416740725,-0.15402520012688622,0.20180331721030983,-0.2519908311151471,0.4514369258820241,-0.7129967248880481,-0.9098211008083231,-0.1413473244607061,2.490765066104216,-0.45974649415900753,-1.1112917636796007,-2.1713681886236746,-0.26228616495138807
0.5815211735634777,-0.27403868451628194,-0.29136951254290416,-0.7065727363459031,0.7766062970774988,0.40193415651253084,0.2547780476758351,0.6388062324712517,-0.3099196758508488,-0.2158167769441807,-0.1413473244607061,-0.4014830678366994,-0.45974649415900753,-0.1126780150629839,-0.07479066767254888,-0.26228616495138807
-0.9602543174621369,-0.8511162476293411,-0.0538651984375958,0.7816802482948478,-0.7849618084010456,-1.4608221169927569,0.49714577231500034,-0.05713690628873406,0.6221960000476747,-0.2158167769441807,-0.1413473244607061,-0.4014830678366994,-0.45974649415900753,-0.1126780150629839,-0.07479066767254888,-0.26228616495138807
0.23688900498128304,-0.39644907669178,-0.27440491867824013,1.661102466491656,0.46113799294041913,-1.8610837955971993,1.6539008217291988,0.47820396968048734,1.4409462559044852,0.4781875469199617,-0.854722568656716,-0.4014830678366994,2.1751117468100603,1.8845494821702495,2.0217868532785768,-0.26228616495138807
0.45455142724372066,-0.2915258833984949,-0.545838420512879,0.49417683080742947,0.9027936187323308,-0.706482799622847,1.136115228181891,0.5585051010758676,0.773349893436623,0.4781875469199617,-0.854722568656716,-0.4014830678366994,2.1751117468100603,1.8845494821702495,2.0217868532785768,-0.26228616495138807
0.38199728648957565,1.2473476182363303,0.35328505431436485,0.9338879399058324,0.003708951941653619,0.2479873570492839,-0.1748738278208672,-0.6727789136533358,0.43325363331148586,-0.2158167769441807,-0.854722568656716,-0.4014830678366994,2.1751117468100603,0.8859357335536329,2.0217868532785768,-0.26228616495138807
-1.54068744349531,0.5303724640655603,-2.4628375272200245,0.47726486507287647,0.9501138643528927,0.03246183780073822,0.6403630641472345,-1.5427078371033194,2.1841195650668217,-0.2158167769441807,-0.1413473244607061,-0.4014830678366994,-0.45974649415900753,-0.1126780150629839,-0.07479066767254888,-0.26228616495138807
-0.2528514451092068,0.5478596629477732,0.030957770885729135,0.07137768744357965,-0.24866569136801012,0.41732883645885555,-0.472325126241661,-0.6058613041571834,0.030176584274288293,-0.2158167769441807,-0.1413473244607061,-0.4014830678366994,-0.45974649415900753,-0.1126780150629839,-0.07479066767254888,-0.26228616495138807
-0.07146609322384039,-0.7461930543360585,0.4211434297730234,-0.5881889762040271,-0.45372008905711186,-0.12148496166250872,-0.22995740160249567,0.5183545353781784,-0.7507851982352851,0.4781875469199617,-0.854722568656716,-0.4014830678366994,2.1751117468100603,1.8845494821702495,2.0217868532785768,-0.26228616495138807
-1.1960552749131126,0.23309008306792298,-0.8512011100768507,1.1537434944550362,-0.24866569136801012,-0.8450349191397692,0.43104548377704627,-1.0609010487310206,1.491330887034136,0.4781875469199617,-0.1413473244607061,-0.4014830678366994,-0.45974649415900753,0.8859357335536329,-0.07479066767254888,-0.26228616495138807
0.7629065254488441,0.7052444528876995,0.4211434297730234,-1.1970197426479698,0.27185701045817134,1.7104819519501298,-1.0341775788142715,0.02316422510664811,-1.2042468784021334,-0.2158167769441807,0.5720279197353038,-0.4014830678366994,-0.45974649415900753,-1.1112917636796007,-0.07479066767254888,-0.26228616495138807
0.34572021611250187,-0.6062954632783452,0.20060370953237902,0.7309443510911864,0.11412285838963149,-1.199112557905237,0.9378143625680283,0.7191073638666338,0.39546515996425063,-0.9098211008083231,-0.1413473244607061,2.490765066104216,-0.45974649415900753,-1.1112917636796007,-2.1713681886236746,-0.26228616495138807
0.38199728648957565,0.39047487300784683,1.082762590494959,0.6125605909493079,-0.6745479019530677,-0.21385304134045688,-0.3180911196531013,-0.016986340591041073,-0.3477081491980858,-0.2158167769441807,-0.854722568656716,-0.4014830678366994,2.1751117468100603,0.8859357335536329,2.0217868532785768,-0.26228616495138807
-0.16215876916652358,0.355500475243421,-1.9199705235507445,0.1897614475854581,1.6441441334544677,0.14022459742501106,1.0479815101312853,-0.3917249537694963,1.56690783372861,-0.2158167769441807,-0.1413473244607061,-0.4014830678366994,-0.45974649415900753,-0.1126780150629839,-0.07479066767254888,-0.26228616495138807
-1.2686094156672603,-0.046705099047501385,-0.9020948916708451,1.3059511860660207,-0.2644391065748641,-1.2299019177978865,0.695446637928863,-0.9002987859402545,1.6424847804230842,1.1721918707841041,-0.1413473244607061,-0.4014830678366994,-0.45974649415900753,1.8845494821702495,-0.07479066767254888,-0.26228616495138807
-0.4342367969945732,-0.32650028116292323,-0.5797676082422094,0.32505717346188956,0.16144310401019346,-0.5833253600522494,0.5301959165839776,-0.07052042818796378,0.6725806311773236,0.4781875469199617,0.5720279197353038,-0.4014830678366994,-0.45974649415900753,-0.1126780150629839,-0.07479066767254888,-0.26228616495138807
-1.3774406267984791,0.058218094245783676,-2.225333213114714,-0.43598128459304014,0.8712467883186227,0.44811819635150496,0.28782819194481213,-1.0609010487310206,1.3275808358627723,-0.2158167769441807,-0.1413473244607061,-0.4014830678366994,-0.45974649415900753,-0.1126780150629839,-0.07479066767254888,-0.26228616495138807
0.36385875130103745,0.02324369648135532,-0.3761924818662291,0.460352899338321,0.666192390629521,-0.3985892006963531,0.7505302117104915,0.2506840973935668,0.622196000047673,0.4781875469199617,-0.854722568656716,-0.4014830678366994,2.1751117468100603,1.8845494821702495,2.0217868532785768,-0.26228616495138807
-1.1053625989704294,-0.4489106733384213,-0.13868816776092074,-0.5712770104694717,-0.8322820540216075,0.12482991747868638,-0.6706259918555237,-0.47202608516487843,-0.32251583363326053,-0.2158167769441807,-0.1413473244607061,-0.4014830678366994,-0.45974649415900753,-0.1126780150629839,-0.07479066767254888,-0.26228616495138807
0.40013582167811124,0.33801327636120554,-0.5119092327835509,0.8493281112330624,0.8239265426980608,-0.4755626004279766,0.915780933055377,0.03654774700587974,1.0126768913024606,-0.2158167769441807,-0.854722568656716,-0.4014830678366994,2.1751117468100603,0.8859357335536329,2.0217868532785768,-0.26228616495138807
-0.3072670506748162,-0.4139362755739929,-2.191404025385383,0.12211358464724115,1.7703314551092995,-0.4755626004279766,1.576783818434919,0.09008183460280245,1.7180617271175582,-0.9098211008083231,-0.1413473244607061,2.490765066104216,-0.45974649415900753,-1.1112917636796007,-2.1713681886236746,-0.26228616495138807
0.27316607535835424,0.8276548450631951,-0.22351113708424566,1.2890392203314678,0.44536457773356514,-0.44477324053532724,0.6293463493909088,-0.43187551946718733,1.1260423113441735,-0.2158167769441807,-0.1413473244607061,-0.4014830678366994,-0.45974649415900753,-0.1126780150629839,-0.07479066767254888,-0.26228616495138807
0.14619632903859983,0.7052444528876995,0.30239127272037036,0.15593751611634962,-0.15402520012688622,0.4789075562441543,-0.4502916967290097,-0.43187551946718733,-0.10838115133224994,-0.2158167769441807,-0.1413473244607061,-0.4014830678366994,-0.45974649415900753,-0.1126780150629839,-0.07479066767254888,-0.26228616495138807
0.38199728648957565,0.21560288418570756,0.7773999009309895,1.0860956315168193,-0.39062642822969595,-0.7988508793007952,0.2988449067011379,0.1168488784012638,0.23171510879288712,-0.2158167769441807,-0.854722568656716,-0.4014830678366994,2.1751117468100603,0.8859357335536329,2.0217868532785768,-0.26228616495138807
0.5633826383749421,-0.18660269010521233,0.2684620849910399,-0.3345094901857172,0.2403101800444634,0.14022459742501106,0.06749389681829819,0.5585051010758695,-0.448477411457387,-0.2158167769441807,-0.1413473244607061,-0.4014830678366994,-0.45974649415900753,-0.1126780150629839,-0.07479066767254888,-0.26228616495138807
0.8354606662029916,-0.32650028116292323,0.16667452180304856,0.7816802482948478,0.571551899388397,-0.9989817186030162,1.1140817986692397,0.8663261047581703,0.45844594887631296,0.4781875469199617,0.5720279197353038,-0.4014830678366994,-0.45974649415900753,-0.1126780150629839,-0.07479066767254888,-0.26228616495138807
0.47268996243225886,-0.5013722699850626,0.5907893684196732,0.6802084538875225,-0.13825178492003223,-1.060560438388315,0.6623964936598858,0.7324908857658654,0.06796505762152534,-0.2158167769441807,-0.1413473244607061,-0.4014830678366994,-0.45974649415900753,-0.1126780150629839,-0.07479066767254888,-0.26228616495138807
-0.05332755803530478,-0.6937314576894148,-0.5288738266482149,0.49417683080742947,0.44536457773356514,-1.060560438388315,1.070014939643937,0.4915874915797152,0.7607537356542112,-0.2158167769441807,-0.854722568656716,-0.4014830678366994,2.1751117468100603,0.8859357335536329,2.0217868532785768,-0.26228616495138807
-1.5225489083067716,-0.36147467892735163,-1.2074575812348145,-0.13156590137106874,-0.20134544574744817,-0.19845836139413217,0.0013936082803439947,-0.8467646983433318,0.7985422090014482,0.4781875469199617,-0.1413473244607061,-0.4014830678366994,-0.45974649415900753,0.8859357335536329,-0.07479066767254888,-0.26228616495138807
0.3275816809239662,0.5128852651833449,0.04792236475039557,-0.3006855587166087,0.2403101800444634,0.7252224353853494,-0.3511412639220784,-0.15082155958334595,-0.2595350447212,0.4781875469199617,-0.1413473244607061,-0.4014830678366994,-0.45974649415900753,0.8859357335536329,-0.07479066767254888,-0.26228616495138807
-0.18029730435506178,0.7577060495343408,0.08185155247972362,0.32505717346188956,-0.23289227616115613,0.37114479661988153,-0.4282582672163583,-0.7129294793510288,0.1813304776632383,-0.2158167769441807,-0.854722568656716,-0.4014830678366994,2.1751117468100603,0.8859357335536329,2.0217868532785768,-0.26228616495138807
-1.2504708804787221,-0.27403868451628194,-2.0556872744680637,-0.01318214122919032,0.8239265426980608,-0.22924772128678156,0.7395134969541659,-0.7129294793510269,1.5165232025989595,-0.2158167769441807,-0.1413473244607061,-0.4014830678366994,-0.45974649415900753,-0.1126780150629839,-0.07479066767254888,-0.26228616495138807
0.07364218828445222,-0.32650028116292323,0.81132908866032,0.6463845224184164,-0.6903213171599217,-0.8758242790324187,0.14461090011257807,0.3042181849904895,-0.1209773091146617,-0.2158167769441807,-0.1413473244607061,-0.4014830678366994,-0.45974649415900753,-0.1126780150629839,-0.07479066767254888,-0.26228616495138807
0.03736511790737843,-1.0259882364514803,-0.6815551714302008,-1.2308436741170783,0.666192390629521,0.21719799715663451,0.30986162145746354,0.8127920171612476,-0.41068893811014817,-0.2158167769441807,-0.1413473244607061,-0.4014830678366994,-0.45974649415900753,-0.1126780150629839,-0.07479066767254888,-0.26228616495138807
-0.8332845711423799,0.3205260774789926,-0.6476259837008703,0.32505717346188956,-0.12247836971317826,-0.013722202038235855,-0.0757233950139359,-0.8601482202425634,0.7229652623069742,-0.2158167769441807,-0.1413473244607061,-0.4014830678366994,-0.45974649415900753,-0.1126780150629839,-0.07479066767254888,-0.26228616495138807
0.21875046979274484,-0.5713210655139193,-0.12172357389625431,0.7309443510911864,0.3034038408718793,-1.1683231980125877,1.0479815101312853,0.5986556667735605,0.6347921578300866,-0.2158167769441807,-0.854722568656716,-0.4014830678366994,2.1751117468100603,0.8859357335536329,2.0217868532785768,-0.26228616495138807
0.14619632903859983,0.0757052931279966,0.04792236475039557,-1.5014351258699412,0.08257602797592353,1.433377712916285,-0.9680772902763175,0.04993126890511137,-1.1538622472724847,0.4781875469199617,0.5720279197353038,-0.4014830678366994,-0.45974649415900753,-0.1126780150629839,-0.07479066767254888,-0.26228616495138807
-0.923977247085063,-0.4838850711028496,-0.20654654321957924,-0.3514214559202702,-0.6114542411256517,-0.10609028171618401,-0.3511412639220784,-0.3114238223741122,-0.10838115133224994,-0.2158167769441807,-0.1413473244607061,-0.4014830678366994,-0.45974649415900753,-0.1126780150629839,-0.07479066767254888,-0.26228616495138807
0.9805689477112843,-0.3439874800451362,-0.1895819493549152,-0.757308633549567,1.0289809403871626,0.38653947656620613,0.442062198533372,0.9867778018512435,-0.4232850958925617,-0.2158167769441807,-0.1413473244607061,-0.4014830678366994,-0.45974649415900753,-0.1126780150629839,-0.07479066767254888,-0.26228616495138807
0.6722138495061609,-0.25655148563406655,1.371160686194264,1.4750708434115607,-0.6903213171599217,-1.56858487661703,0.6403630641472345,0.6923403200681725,0.0805612154039371,-0.2158167769441807,-0.1413473244607061,-0.4014830678366994,-0.45974649415900753,-0.1126780150629839,-0.07479066767254888,-0.26228616495138807
-0.2528514451092068,0.16314128753906626,-2.123545649926725,0.6802084538875225,1.7545580399024456,-0.4755626004279766,1.5657671036785932,-0.3114238223741122,2.08335030280752,-0.2158167769441807,-0.1413473244607061,-0.4014830678366994,-0.45974649415900753,-0.1126780150629839,-0.07479066767254888,-0.26228616495138807
-0.7425918951996966,-0.4314234744562058,-0.8342365162121842,-0.38524538738937864,0.12989627359648548,-0.02911688198456055,0.11156075584360099,-0.2177391690795003,0.3324843710521865,-0.2158167769441807,-0.1413473244607061,-0.4014830678366994,-0.45974649415900753,-0.1126780150629839,-0.07479066767254888,-0.26228616495138807
-0.7788689655767704,0.6003212595944145,-0.44405085732489,1.6272785350225476,-0.2644391065748641,-0.9527976787640421,0.49714577231500046,-1.0341340049325594,1.5417155181637847,-0.2158167769441807,-0.1413473244607061,-0.4014830678366994,-0.45974649415900753,-0.1126780150629839,-0.07479066767254888,-0.26228616495138807
-0.03518902284676659,0.49539806630113187,0.9979396211716339,-1.6536428174809281,-0.9584693756764393,1.9414021511450001,-2.0587320511525613,-0.405108475668726,-1.9726125031292951,1.1721918707841041,-0.1413473244607061,-0.4014830678366994,-0.45974649415900753,1.8845494821702495,-0.07479066767254888,-0.26228616495138807
0.055503653095916615,0.2505772819501359,-2.174439431520719,-0.4528932503275932,2.0700263440395252,0.6328543557074013,0.9928979363496568,-0.15082155958334595,1.2771962047331236,-0.2158167769441807,-0.1413473244607061,-0.4014830678366994,-0.45974649415900753,-0.1126780150629839,-0.07479066767254888,-0.26228616495138807
0.3275816809239662,-0.4838850711028496,0.16667452180304856,0.5618246937456465,0.12989627359648548,-0.9374029988177174,0.7615469264668172,0.6120391886727922,0.2946958977049512,-0.2158167769441807,-0.1413473244607061,-0.4014830678366994,-0.45974649415900753,-0.1126780150629839,-0.07479066767254888,-0.26228616495138807
-0.6337606840684779,0.0757052931279966,0.726506119336995,0.47726486507287647,-1.226617434192957,-0.36779984080370376,-0.5935089885612437,-0.5255601727618011,-0.18395809802672405,0.4781875469199617,1.2854031639313137,-0.4014830678366994,-0.45974649415900753,-1.1112917636796007,-0.07479066767254888,-0.26228616495138807
-1.740211330569212,-0.011730701283073033,-1.2922805505581394,0.08828965317813268,-0.31175935219542605,-0.09069560176985932,-0.1528403983082158,-1.2750373991187078,1.0252730490848723,0.4781875469199617,0.5720279197353038,-0.4014830678366994,-0.45974649415900753,-0.1126780150629839,-0.07479066767254888,-0.26228616495138807
1.0349845532768938,-0.1691154912229969,0.7604353070663231,-0.26686162724750023,0.19298993442390142,0.09404055758603701,0.06749389681829818,0.8930931485566298,-0.7633813560176969,0.4781875469199617,0.5720279197353038,-0.4014830678366994,-0.45974649415900753,-0.1126780150629839,-0.07479066767254888,-0.26228616495138807
-0.7788689655767704,0.9850396350031214,-1.614607833986775,-0.3006855587166087,0.8239265426980608,1.1408787939361162,-0.24097411635882138,-1.3285714867156304,0.9748884179552235,0.4781875469199617,0.5720279197353038,-0.4014830678366994,-0.45974649415900753,-0.1126780150629839,-0.07479066767254888,-0.26228616495138807
0.41827435686664943,0.40796207189006223,-0.15565276162558475,1.8978699867754105,0.5084582385609812,-1.3684540373148089,1.3344160937957537,-0.0036028186918113446,1.529119360381371,0.4781875469199617,0.5720279197353038,-0.4014830678366994,-0.45974649415900753,-0.1126780150629839,-0.07479066767254888,-0.26228616495138807
0.34572021611250187,-1.2183474241558325,0.6416831500136702,-0.3514214559202702,-0.29598593698857206,-0.752666839461821,0.33189505097011496,1.1875306303397009,-0.7381890404528734,0.4781875469199617,0.5720279197353038,-0.4014830678366994,-0.45974649415900753,-0.1126780150629839,-0.07479066767254888,-0.26228616495138807
-0.4160982618060376,-0.7112186565716302,0.7773999009309895,-1.298491537055293,-1.0846566973312712,0.5558809559757778,-1.1553614411338544,0.23730057549433706,-1.5443431385272703,0.4781875469199617,0.5720279197353038,-0.4014830678366994,-0.45974649415900753,-0.1126780150629839,-0.07479066767254888,-0.26228616495138807
-0.4342367969945732,0.8451420439454105,0.40417883590835935,-0.46980521606214865,-0.7534149779873376,1.1716681538287657,-1.3646790215040425,-0.9672163954364069,-0.6500159359759857,1.1721918707841041,-0.1413473244607061,-0.4014830678366994,-0.45974649415900753,1.8845494821702495,-0.07479066767254888,-0.26228616495138807
-0.08960462841237857,-0.6587570599249889,-0.39315707573089553,-0.38524538738937864,0.28763042566502534,-0.22924772128678156,0.364945195239092,0.43805340398279435,0.004984268709462996,-0.2158167769441807,-0.854722568656716,-0.4014830678366994,2.1751117468100603,0.8859357335536329,2.0217868532785768,-0.26228616495138807
-0.2891285154862806,-0.30901308228071034,-0.03690060457292937,-1.0617240167715385,-0.21711886095430213,0.6944330754927001,-0.6485925623428722,0.023164225106650012,-0.7633813560176987,1.1721918707841041,-0.854722568656716,-0.4014830678366994,2.1751117468100603,2.883163230786866,2.0217868532785768,-0.26228616495138807
-0.36168265624042817,-0.18660269010521233,0.08185155247972362,0.8155041797639564,-0.39062642822969595,-0.906613638925068,0.3759619099954178,-0.1240545157848865,0.5466190533532007,1.1721918707841041,-0.854722568656716,-0.4014830678366994,2.1751117468100603,2.883163230786866,2.0217868532785768,-0.26228616495138807
0.001088047530304632,0.6003212595944145,0.3702496481790289,0.3081452077273365,-0.34330618260913404,0.2479873570492839,-0.4172415524600325,-0.4586425632656487,-0.04540036242018581,1.1721918707841041,-0.1413473244607061,-0.4014830678366994,-0.45974649415900753,1.8845494821702495,-0.07479066767254888,-0.26228616495138807
0.40013582167811124,0.8276548450631951,-0.6645905775655344,1.762574260898979,0.9658872795597466,-0.8758242790324187,1.3013659495267764,-0.33819086617257355,1.8062348315944459,1.1721918707841041,-0.1413473244607061,-0.4014830678366994,-0.45974649415900753,1.8845494821702495,-0.07479066767254888,-0.26228616495138807
0.01922658271884282,0.33801327636120554,1.1336563720889532,1.9824298154481805,-1.0373364517107093,-1.5070061568317312,0.35392848048276637,-0.24450621287795976,0.6347921578300866,-0.2158167769441807,-0.854722568656716,-0.4014830678366994,2.1751117468100603,0.8859357335536329,2.0217868532785768,-0.26228616495138807
-0.6337606840684779,0.355500475243421,-0.44405085732489,-1.5183470916044968,-0.13825178492003223,1.695087272003805,-1.309595447722414,-0.7396965231494902,-0.8011698293649357,-0.2158167769441807,-0.1413473244607061,-0.4014830678366994,-0.45974649415900753,-0.1126780150629839,-0.07479066767254888,-0.26228616495138807
0.41827435686664943,-0.23906428675185362,-1.4279973014754588,0.5280007622765379,1.6914643790750297,-0.6910881196765223,1.6759342512418502,0.4915874915797171,1.453542413686897,-0.2158167769441807,-0.1413473244607061,-0.4014830678366994,-0.45974649415900753,-0.1126780150629839,-0.07479066767254888,-0.26228616495138807
-0.470513867371647,0.2505772819501359,-0.12172357389625431,0.7478563168257394,-0.29598593698857206,-0.46016792048165195,0.1225774705999267,-0.538943694661031,0.6473883156124983,-0.9098211008083231,1.2854031639313137,2.490765066104216,-0.45974649415900753,-3.108519260912834,-2.1713681886236746,-0.26228616495138807
0.309443145735428,1.1773988227074736,0.8791874641189785,-0.09774196990196028,-0.5483605802982358,1.1254841139897913,-1.1884115854028314,-0.6727789136533358,-0.7255928826704598,-0.9098211008083231,-0.1413473244607061,2.490765066104216,-0.45974649415900753,-1.1112917636796007,-2.1713681886236746,-0.26228616495138807
0.8898762717686011,-0.20408988898742525,0.5398955868256787,0.05446572170902662,0.27185701045817134,-0.22924772128678156,0.3539284804827663,0.8127920171612476,-0.3603043069804976,-0.2158167769441807,-0.1413473244607061,-0.4014830678366994,-0.45974649415900753,-0.1126780150629839,-0.07479066767254888,-0.26228616495138807
0.6540753143176252,-0.27403868451628194,1.0318688089009644,0.24049734478911958,-0.39062642822969595,-0.46016792048165195,0.056477182061972504,0.6923403200681744,-0.5870351470639235,-0.2158167769441807,0.5720279197353038,-0.4014830678366994,-0.45974649415900753,-1.1112917636796007,-0.07479066767254888,-0.26228616495138807
0.12805779385006164,0.2680644808323513,1.014904215036298,0.6463845224184164,-0.8322820540216075,-0.35240516085737905,-0.329107834409427,-0.11067099388565677,-0.27213120250360995,-0.9098211008083231,-0.1413473244607061,2.490765066104216,-0.45974649415900753,-1.1112917636796007,-2.1713681886236746,-0.26228616495138807
-0.07146609322384039,0.7227316517699125,0.5738247745550092,0.05446572170902662,-0.5956808259187977,0.5866703158684271,-0.835876713200409,-0.6058613041571834,-0.38549662254532285,-0.9098211008083231,-0.854722568656716,2.490765066104216,2.1751117468100603,-0.1126780150629839,-0.07479066767254888,-0.26228616495138807
-0.144020233977988,0.4779108674189165,1.5577712187055779,-0.31759752445116174,-1.573632568743745,0.7098277554390248,-1.607046746143208,-0.47202608516487843,-1.3931892451383203,-0.2158167769441807,-0.854722568656716,-0.4014830678366994,2.1751117468100603,0.8859357335536329,2.0217868532785768,-0.26228616495138807
-0.34354412105189003,0.23309008306792298,0.33632046044969843,0.24049734478911958,-0.6114542411256517,-0.013722202038235855,-0.4172415524600325,-0.43187551946718733,-0.0705926779850111,-0.9098211008083231,-0.854722568656716,2.490765066104216,2.1751117468100603,-0.1126780150629839,-0.07479066767254888,-0.26228616495138807
-1.3774406267984791,1.1074500271786194,-1.1395992057761535,1.491982809146116,-0.13825178492003223,-0.38319452075002847,0.17766104438155522,-1.86391236268485,1.957388724983396,-0.2158167769441807,-0.854722568656716,-0.4014830678366994,2.1751117468100603,0.8859357335536329,2.0217868532785768,-0.26228616495138807
0.09178072347298784,-0.08167949681192725,-0.5288738266482149,-1.1124599139751998,0.571551899388397,0.9407479546338952,-0.2740242606277985,0.13023240030049163,-0.4358812536749735,-0.2158167769441807,-0.1413473244607061,-0.4014830678366994,-0.45974649415900753,-0.1126780150629839,-0.07479066767254888,-0.26228616495138807
-0.2528514451092068,-1.1833730263914068,-0.1895819493549152,-0.3345094901857172,-0.04361129367890833,-0.7372721595154964,0.49714577231500046,0.7191073638666358,-0.10838115133224994,-0.2158167769441807,-0.1413473244607061,-0.4014830678366994,-0.45974649415900753,-0.1126780150629839,-0.07479066767254888,-0.26228616495138807
-0.216574374732133,-0.7811674521004844,-0.2404757309489097,-1.213931708382523,0.03525578235536159,0.41732883645885555,-0.27402426062779844,0.43805340398279435,-0.7255928826704598,-0.2158167769441807,0.5720279197353038,-0.4014830678366994,-0.45974649415900753,-1.1112917636796007,-0.07479066767254888,-0.26228616495138807
0.20061193460420923,-0.23906428675185362,1.7783109389462224,0.08828965317813268,-1.478992077502621,-0.29082644107208033,-0.8248599984440835,0.33098522878895087,-1.254631509531784,-0.2158167769441807,-0.1413473244607061,-0.4014830678366994,-0.45974649415900753,-0.1126780150629839,-0.07479066767254888,-0.26228616495138807
0.20061193460420923,0.49539806630113187,0.7604353070663231,-0.8926043594259985,-0.5325871650913818,1.248641553560389,-1.2655285886971115,-0.23112269097873003,-1.2294391939669587,-0.2158167769441807,-0.1413473244607061,-0.4014830678366994,-0.45974649415900753,-0.1126780150629839,-0.07479066767254888,-0.26228616495138807
-0.23471290992067118,0.11067969089242496,0.09881614634439005,-1.1970197426479698,-0.29598593698857206,1.1870628337750901,-1.0562110083269232,-0.2578897347771914,-0.9649198805362975,-0.2158167769441807,-0.1413473244607061,-0.4014830678366994,-0.45974649415900753,-0.1126780150629839,-0.07479066767254888,-0.26228616495138807
0.9987074828998199,-1.0959370319803372,0.23453289726170948,-1.4337872629317268,0.6504189754226669,0.3403554367272321,0.21071118865053223,1.5756527654173857,-1.2420353517493723,-0.2158167769441807,-0.1413473244607061,-0.4014830678366994,-0.45974649415900753,-0.1126780150629839,-0.07479066767254888,-0.26228616495138807
0.6359367791290871,0.6877572540054842,0.7943644947956535,1.1368315287204809,-0.18557203054059418,-0.42937856058900253,0.17766104438155517,-0.05713690628873406,0.25690742435771236,-0.2158167769441807,-0.1413473244607061,-0.4014830678366994,-0.45974649415900753,-0.1126780150629839,-0.07479066767254888,-0.26228616495138807
0.7266294550717702,0.21560288418570756,1.0657979966302948,1.5088947748806691,-0.35907959781598797,-1.1837178779589126,0.5962962051219318,0.37113579448664197,0.3324843710521865,-0.2158167769441807,-0.1413473244607061,-0.4014830678366994,-0.45974649415900753,-0.1126780150629839,-0.07479066767254888,-0.26228616495138807
-0.07146609322384039,0.49539806630113187,0.726506119336995,0.07137768744357965,-0.7376415627804837,0.37114479661988153,-0.7807931394187807,-0.43187551946718733,-0.48626588480462407,-0.2158167769441807,1.2854031639313137,-0.4014830678366994,-0.45974649415900753,-2.1099055122962174,-0.07479066767254888,-0.26228616495138807
-0.597483613691404,-0.029217900165285967,0.20060370953237902,0.22358537905456655,-0.7060947323667757,-0.22924772128678156,-0.329107834409427,-0.41849199756795763,0.01758042649187654,-0.9098211008083231,-0.1413473244607061,2.490765066104216,-0.45974649415900753,-1.1112917636796007,-2.1713681886236746,-0.26228616495138807
0.27316607535835424,-0.09916669569414267,-0.15565276162558475,0.02064179023991815,0.3822709169061492,-0.10609028171618401,0.3429117657264406,0.27745114119202813,0.1309458465335877,-0.2158167769441807,-0.1413473244607061,-0.4014830678366994,-0.45974649415900753,-0.1126780150629839,-0.07479066767254888,-0.26228616495138807
-0.470513867371647,-0.20408988898742525,0.33632046044969843,0.24049734478911958,-0.7218681475736296,-0.3985892006963531,-0.21894068684616996,-0.19097212528103893,-0.0705926779850111,-0.2158167769441807,-0.1413473244607061,-0.4014830678366994,-0.45974649415900753,-0.1126780150629839,-0.07479066767254888,-0.26228616495138807
1.1619542995966508,0.8801164417098388,0.8791874641189785,-0.48671718179670165,0.19298993442390142,1.2178521936677396,-0.7367262803934778,0.18376648789741434,-1.0153045116659463,-0.2158167769441807,0.5720279197353038,-0.4014830678366994,-0.45974649415900753,-1.1112917636796007,-0.07479066767254888,-0.26228616495138807
0.18247339941567103,-0.029217900165285967,0.5738247745550092,0.460352899338321,-0.37485301302284196,-0.44477324053532724,0.056477182061972504,0.156999444098953,-0.08318883576742465,-0.2158167769441807,-0.1413473244607061,-0.4014830678366994,-0.45974649415900753,-0.1126780150629839,-0.07479066767254888,-0.26228616495138807
0.5089670328093326,-0.23906428675185362,1.1166917782242893,-0.7234847020804586,-0.5956808259187977,0.44811819635150496,-0.7367262803934779,0.5585051010758695,-1.3679969295734968,-0.9098211008083231,-0.1413473244607061,2.490765066104216,-0.45974649415900753,-1.1112917636796007,-2.1713681886236746,-0.26228616495138807
-1.0872240637818937,0.39047487300784683,-0.15565276162558475,-0.5543650447349187,-0.8007352236078995,0.8483798749559469,-1.1663781558901802,-1.101051614428712,-0.297323518068437,-0.2158167769441807,-0.1413473244607061,-0.4014830678366994,-0.45974649415900753,-0.1126780150629839,-0.07479066767254888,-0.26228616495138807
-0.23471290992067118,0.4779108674189165,0.21756830339704544,1.8133101581026405,-0.40639984343654995,-1.2299019177978865,0.5962962051219317,-0.538943694661031,1.1890231002562341,-0.9098211008083231,-0.854722568656716,2.490765066104216,2.1751117468100603,-0.1126780150629839,-0.07479066767254888,-0.26228616495138807
0.3275816809239662,-1.0259882364514803,0.5907893684196732,-1.1970197426479698,-0.2644391065748641,0.18640863726398513,-0.3180911196531013,1.0269283675489365,-1.3302084562262582,-0.9098211008083231,-0.854722568656716,2.490765066104216,2.1751117468100603,-0.1126780150629839,-0.07479066767254888,-0.26228616495138807
0.03736511790737843,-0.08167949681192725,0.013993177021065112,-1.095547948240647,0.019482367148507602,0.9253532746875704,-0.6485925623428722,0.09008183460280055,-0.826362144929761,-0.2158167769441807,-0.1413473244607061,-0.4014830678366994,-0.45974649415900753,-0.1126780150629839,-0.07479066767254888,-0.26228616495138807
0.27316607535835424,-0.046705099047501385,0.8622228702543144,-0.6896607706113501,-0.5641339955050898,0.5866703158684271,-0.8138432836877576,0.23730057549433706,-1.1538622472724847,-0.2158167769441807,-0.1413473244607061,-0.4014830678366994,-0.45974649415900753,-0.1126780150629839,-0.07479066767254888,-0.26228616495138807
0.001088047530304632,0.7577060495343408,0.04792236475039557,-0.5712770104694717,-0.04361129367890833,1.1870628337750901,-0.879943572225712,-0.5790942603587239,-0.46107356923979875,-0.2158167769441807,-0.854722568656716,-0.4014830678366994,2.1751117468100603,0.8859357335536329,2.0217868532785768,-0.26228616495138807
0.49082849762079445,1.054988430531978,-0.9869178609941701,0.8662400769676178,1.3444492445242422,0.14022459742501106,0.838663929761097,-0.445259041366419,1.377965466992423,-0.2158167769441807,-0.854722568656716,-0.4014830678366994,2.1751117468100603,0.8859357335536329,2.0217868532785768,-0.26228616495138807
0.5452441031864038,1.457194004822898,1.642594188028903,-0.03009410696374335,-1.0531098669175634,1.3102202733456878,-1.6731470346811623,-0.7129294793510288,-1.2420353517493703,-0.2158167769441807,0.5720279197353038,-0.4014830678366994,-0.45974649415900753,-1.1112917636796007,-0.07479066767254888,-0.26228616495138807
1.053123088465432,-0.11665389457635561,0.21756830339704544,-0.31759752445116174,0.7135126362500829,0.18640863726398513,0.364945195239092,0.8663261047581703,-0.39809278032773643,-0.2158167769441807,0.5720279197353038,-0.4014830678366994,-0.45974649415900753,-1.1112917636796007,-0.07479066767254888,-0.26228616495138807
0.36385875130103745,0.4779108674189165,-1.003882454858834,1.0860956315168193,1.2498087532831184,-0.5679306801059247,1.2793325200141252,-0.09728747198642514,1.5543116759461966,-0.9098211008083231,-0.1413473244607061,2.490765066104216,-0.45974649415900753,-1.1112917636796007,-2.1713681886236746,-0.26228616495138807
-0.16215876916652358,0.11067969089242496,0.4890018052316843,-0.21612573004383873,-0.5956808259187977,0.294171396888258,-0.6265591328302208,-0.20435564718026866,-0.5240543581518611,-0.2158167769441807,-0.1413473244607061,-0.4014830678366994,-0.45974649415900753,-0.1126780150629839,-0.07479066767254888,-0.26228616495138807
-1.2504708804787221,0.040730895363568255,0.11578074020905407,-0.5036291475312571,-1.1950706037792491,0.494302236190479,-1.1884115854028314,-0.9538328735371753,-0.46107356923979875,-0.2158167769441807,-0.1413473244607061,-0.4014830678366994,-0.45974649415900753,-0.1126780150629839,-0.07479066767254888,-0.26228616495138807
0.001088047530304632,-0.5538338666317039,-0.08779438616692625,0.05446572170902662,0.08257602797592353,-0.5371413202132754,0.442062198533372,0.42466988208356277,0.10575353096876418,-0.2158167769441807,0.5720279197353038,-0.4014830678366994,-0.45974649415900753,-1.1112917636796007,-0.07479066767254888,-0.26228616495138807
1.579140608932993,0.39047487300784683,-0.20654654321957924,1.1199195629859278,1.565277057420198,-0.6756934397301976,1.576783818434919,0.8663261047581703,0.9874845757376354,-0.2158167769441807,-0.1413473244607061,-0.4014830678366994,-0.45974649415900753,-0.1126780150629839,-0.07479066767254888,-0.26228616495138807
0.38199728648957565,-0.37896187780956453,-0.7494135468888593,-0.04700607269829879,1.0289809403871626,-0.29082644107208033,0.9267976478117027,0.5718886229750992,0.5214267377883736,-0.2158167769441807,0.5720279197353038,-0.4014830678366994,-0.45974649415900753,-1.1112917636796007,-0.07479066767254888,-0.26228616495138807
0.41827435686664943,0.7926804472987692,1.5068774371115836,1.2044793916586978,-1.0373364517107093,-0.3985892006963531,-0.43927498197268394,-0.29804030047488245,-0.2217465713739611,-0.2158167769441807,0.5720279197353038,-0.4014830678366994,-0.45974649415900753,-1.1112917636796007,-0.07479066767254888,-0.26228616495138807
0.25502754016981866,-0.7636802532182715,-0.6985197652948648,-1.0617240167715385,0.8712467883186227,0.294171396888258,0.39799533950806915,0.7726414514635566,-0.2721312025036117,-0.2158167769441807,-0.1413473244607061,-0.4014830678366994,-0.45974649415900753,-0.1126780150629839,-0.07479066767254888,-0.26228616495138807
-0.16215876916652358,0.6527828562410558,0.81132908866032,0.9677118713749409,-0.8953757148490235,-0.30622112101840504,-0.4062248377037069,-0.6192448260564131,0.11834968875117415,0.4781875469199617,0.5720279197353038,-0.4014830678366994,-0.45974649415900753,-0.1126780150629839,-0.07479066767254888,-0.26228616495138807
0.41827435686664943,0.4604236685367035,0.013993177021065112,1.4750708434115607,0.3507240864924413,-0.9374029988177174,0.915780933055377,-0.04375338438950243,1.0882538379969346,0.4781875469199617,-0.1413473244607061,-0.4014830678366994,-0.45974649415900753,0.8859357335536329,-0.07479066767254888,-0.26228616495138807
0.5089670328093326,0.5653468618299862,-1.0208470487235006,0.7309443510911864,1.3917694901448041,-0.16766900150148278,1.092048369156588,-0.05713690628873216,1.3023885202979488,-0.2158167769441807,-0.1413473244607061,-0.4014830678366994,-0.45974649415900753,-0.1126780150629839,-0.07479066767254888,-0.26228616495138807
-0.3798211914289638,1.1074500271786194,-0.07082979230225982,0.24049734478911958,-0.2644391065748641,0.7560117952779988,-0.7257095656371522,-1.1278186582271732,0.23171510879288712,-0.2158167769441807,-0.854722568656716,-0.4014830678366994,2.1751117468100603,0.8859357335536329,2.0217868532785768,-0.26228616495138807
-0.3254055858633544,0.09319249201021203,-0.7324489530241953,0.7816802482948478,0.3980443321130032,-0.6295093998912236,0.7284967821978401,-0.3114238223741141,1.1260423113441735,-0.2158167769441807,-0.1413473244607061,-0.4014830678366994,-0.45974649415900753,-0.1126780150629839,-0.07479066767254888,-0.26228616495138807
-0.10774316360091418,-0.046705099047501385,0.1327453340737205,-0.31759752445116174,-0.21711886095430213,0.2479873570492839,-0.329107834409427,-0.04375338438950243,-0.33511199141567405,0.4781875469199617,-0.1413473244607061,-0.4014830678366994,-0.45974649415900753,0.8859357335536329,-0.07479066767254888,-0.26228616495138807
0.5633826383749421,0.6352956573588429,0.7773999009309895,1.1875674259241422,-0.23289227616115613,-0.5217466402669507,0.2107111886505323,-0.07052042818796378,0.30729205548736116,0.4781875469199617,-0.1413473244607061,-0.4014830678366994,-0.45974649415900753,0.8859357335536329,-0.07479066767254888,-0.26228616495138807
-0.10774316360091418,0.4254492707722752,0.845258276389648,-0.5036291475312571,-0.8796022996421694,0.8329851950096223,-1.210445014915483,-0.405108475668726,-1.0027083538835346,-0.2158167769441807,-0.1413473244607061,-0.4014830678366994,-0.45974649415900753,-0.1126780150629839,-0.07479066767254888,-0.26228616495138807
0.8354606662029916,-1.3407578163313305,0.7095415254723286,0.358881104930998,0.06680261276906956,-1.5070061568317312,1.1250985134255653,1.6425703749135383,-0.25953504472119815,-0.2158167769441807,-0.1413473244607061,-0.4014830678366994,-0.45974649415900753,-0.1126780150629839,-0.07479066767254888,-0.26228616495138807
0.07364218828445222,0.3729876741256339,1.1675855598182838,-0.9095163251605515,-1.0215630365038553,1.1562734738824407,-1.5409464576052538,-0.23112269097873003,-1.5443431385272703,-0.2158167769441807,0.5720279197353038,-0.4014830678366994,-0.45974649415900753,-1.1112917636796007,-0.07479066767254888,-0.26228616495138807
0.309443145735428,0.6527828562410558,-1.0547762364528286,0.37579307066555107,1.2498087532831184,0.23259267710295922,0.7064633526851888,-0.2712732566764211,1.0630615224321094,-0.2158167769441807,-0.1413473244607061,-0.4014830678366994,-0.45974649415900753,-0.1126780150629839,-0.07479066767254888,-0.26228616495138807
-0.08960462841237857,0.23309008306792298,-1.3771035198814643,1.5934546035534392,1.2024885076625564,-1.2452965977442112,1.7310178250234787,-0.24450621287796165,2.209311880631645,-0.2158167769441807,-0.1413473244607061,-0.4014830678366994,-0.45974649415900753,-0.1126780150629839,-0.07479066767254888,-0.26228616495138807
0.27316607535835424,0.5478596629477732,0.1327453340737205,-0.18230179857473025,0.11412285838963149,0.6482490356537259,-0.38419140819105546,-0.2177391690795003,-0.23434272915637464,-0.2158167769441807,-0.1413473244607061,-0.4014830678366994,-0.45974649415900753,-0.1126780150629839,-0.07479066767254888,-0.26228616495138807
0.41827435686664943,-0.15162829234078395,1.0318688089009644,1.491982809146116,-0.5956808259187977,-1.4916114768854065,0.6513797789035602,0.42466988208356465,0.3450805288346,-0.2158167769441807,-0.1413473244607061,-0.4014830678366994,-0.45974649415900753,-0.1126780150629839,-0.07479066767254888,-0.26228616495138807
0.29130461054689244,-0.6237826621605606,-0.3592278880015651,-0.19921376430928328,0.5873253145952511,-0.36779984080370376,0.6734132084162117,0.6923403200681744,0.11834968875117594,-0.2158167769441807,-0.1413473244607061,-0.4014830678366994,-0.45974649415900753,-0.1126780150629839,-0.07479066767254888,-0.26228616495138807
-0.2528514451092068,-0.23906428675185362,0.23453289726170948,0.8831520427021708,-0.4379466738502579,-1.0143763985493408,0.42002876902072056,-0.0036028186918113446,0.4836382644411365,-0.2158167769441807,-0.854722568656716,-0.4014830678366994,2.1751117468100603,0.8859357335536329,2.0217868532785768,-0.26228616495138807
0.9624304125227486,0.9675524361209085,1.0488334027656283,1.3228631518005762,-0.13825178492003223,-0.35240516085737905,0.15562761486890378,-0.030369862490272702,0.2065227932280636,-0.9098211008083231,-0.1413473244607061,2.490765066104216,-0.45974649415900753,-1.1112917636796007,-2.1713681886236746,-0.26228616495138807
0.03736511790737843,0.4779108674189165,0.013993177021065112,0.07137768744357965,0.019482367148507602,0.3557501166735568,-0.24097411635882138,-0.33819086617257355,0.04277274205670004,1.8661961946482464,-0.854722568656716,-0.4014830678366994,2.1751117468100603,3.881776979403483,2.0217868532785768,-0.26228616495138807
0.9261533421456749,-0.36147467892735163,1.082762590494959,-0.757308633549567,-0.20134544574744817,0.37114479661988153,-0.4062248377037069,0.9600107580527841,-1.3679969295734968,-0.2158167769441807,-0.1413473244607061,-0.4014830678366994,-0.45974649415900753,-0.1126780150629839,-0.07479066767254888,-0.26228616495138807
0.40013582167811124,1.8069379824671765,1.0657979966302948,-0.41906931885848714,-0.6430010715393596,1.9721915110376493,-1.8604311855386988,-1.0876680925294822,-1.1034776161428357,-0.2158167769441807,-0.1413473244607061,-0.4014830678366994,-0.45974649415900753,-0.1126780150629839,-0.07479066767254888,-0.26228616495138807
0.47268996243225886,0.3729876741256339,-0.4949446389188845,0.3081452077273365,0.8712467883186227,0.04785651774706291,0.5742627756092804,0.06331479080434109,0.5970036844828495,0.4781875469199617,-0.1413473244607061,-0.4014830678366994,-0.45974649415900753,0.8859357335536329,-0.07479066767254888,-0.26228616495138807
0.309443145735428,0.4254492707722752,0.28542667885570394,-0.841868462222337,0.003708951941653619,1.1408787939361162,-0.8138432836877577,-0.09728747198642514,-0.8389583027121728,-0.9098211008083231,-0.854722568656716,2.490765066104216,2.1751117468100603,-0.1126780150629839,-0.07479066767254888,-0.26228616495138807
-1.3411635564214053,0.39047487300784683,0.4890018052316843,1.0691836657822662,-1.6209528143643068,-0.6295093998912236,-0.6816427066118494,-1.2884209210179376,0.4332536333114877,-0.9098211008083231,-0.1413473244607061,2.490765066104216,-0.45974649415900753,-1.1112917636796007,-2.1713681886236746,-0.26228616495138807
0.6540753143176252,-0.029217900165285967,0.16667452180304856,-0.4021573531239317,0.4138177473198572,0.3403554367272321,0.04546046730564679,0.5049710134789468,-0.4232850958925599,0.4781875469199617,0.5720279197353038,-0.4014830678366994,-0.45974649415900753,-0.1126780150629839,-0.07479066767254888,-0.26228616495138807
0.6540753143176252,1.3872452092940413,0.30239127272037036,-0.6220129076731331,0.28763042566502534,1.787455351681753,-1.0782444378395746,-0.579094260358722,-0.6878044093232228,-0.2158167769441807,-0.1413473244607061,-0.4014830678366994,-0.45974649415900753,-0.1126780150629839,-0.07479066767254888,-0.26228616495138807
0.6722138495061609,0.16314128753906626,0.33632046044969843,-0.8080445307532285,0.27185701045817134,0.8791692348485963,-0.43927498197268394,0.37113579448664197,-0.8515544604945846,-0.2158167769441807,0.5720279197353038,-0.4014830678366994,-0.45974649415900753,-1.1112917636796007,-0.07479066767254888,-0.26228616495138807
-1.0146699230277463,-0.37896187780956453,-0.29136951254290416,-0.6896607706113501,-0.6114542411256517,0.294171396888258,-0.6375758475865465,-0.4586425632656487,-0.297323518068437,-0.2158167769441807,-0.1413473244607061,-0.4014830678366994,-0.45974649415900753,-0.1126780150629839,-0.07479066767254888,-0.26228616495138807
-0.6518992192570134,-0.08167949681192725,-0.10475898003159027,-0.9771641880987685,-0.46949350426396586,0.8175905150632975,-0.912993716494689,-0.41849199756795763,-0.6500159359759857,-0.2158167769441807,-0.1413473244607061,-0.4014830678366994,-0.45974649415900753,-0.1126780150629839,-0.07479066767254888,-0.26228616495138807
0.29130461054689244,-0.1691154912229969,0.0648869586150596,0.17284948185090265,0.19298993442390142,-0.30622112101840504,0.3539284804827663,0.34436875068818057,0.0805612154039371,-0.2158167769441807,-0.854722568656716,-0.4014830678366994,2.1751117468100603,0.8859357335536329,2.0217868532785768,-0.26228616495138807
0.3275816809239662,0.005756497599142387,1.4050898739235946,1.4412469119424522,-1.0215630365038553,-1.30687531752951,0.22172790340685788,0.23730057549433706,0.030176584274286506,-0.2158167769441807,-0.1413473244607061,-0.4014830678366994,-0.45974649415900753,-0.1126780150629839,-0.07479066767254888,-0.26228616495138807
0.9080148069571367,-0.029217900165285967,-0.427086263460226,-0.38524538738937864,1.1867150924557024,0.3249607567809074,0.5962962051219317,0.6923403200681725,0.030176584274288293,-0.9098211008083231,-0.1413473244607061,2.490765066104216,-0.45974649415900753,-1.1112917636796007,-2.1713681886236746,-0.26228616495138807
0.7447679902603085,0.0757052931279966,0.5398955868256787,-0.16538983284017722,0.14566968880333947,0.21719799715663451,-0.05368996550128449,0.4915874915797171,-0.5240543581518611,-0.2158167769441807,-0.1413473244607061,-0.4014830678366994,-0.45974649415900753,-0.1126780150629839,-0.07479066767254888,-0.26228616495138807
-0.144020233977988,0.040730895363568255,0.18363911566771499,1.2721272545969122,-0.29598593698857206,-1.1221391581736138,0.5962962051219317,-0.13743803768411622,0.81113836678386,-0.2158167769441807,-0.1413473244607061,-0.4014830678366994,-0.45974649415900753,-0.1126780150629839,-0.07479066767254888,-0.26228616495138807
0.6722138495061609,1.2648348171185433,1.0997271843596228,1.1368315287204809,-0.4379466738502579,0.0786458776397123,-0.3621579786784041,-0.47202608516487843,0.030176584274288293,-0.2158167769441807,-0.1413473244607061,-0.4014830678366994,-0.45974649415900753,-0.1126780150629839,-0.07479066767254888,-0.26228616495138807
0.41827435686664943,0.8626292428276234,-0.6645905775655344,1.0353597343131578,0.9816606947666007,-0.18306368144780746,0.8166305002484457,-0.3515743880718033,1.26460004695071,-0.2158167769441807,-0.1413473244607061,-0.4014830678366994,-0.45974649415900753,-0.1126780150629839,-0.07479066767254888,-0.26228616495138807
0.6903523846946991,0.40796207189006223,1.371160686194264,-0.08083000416740725,-0.6745479019530677,0.43272351640518025,-0.7807931394187807,0.197150009796646,-1.0782853005780104,-0.9098211008083231,-0.1413473244607061,2.490765066104216,-0.45974649415900753,-1.1112917636796007,-2.1713681886236746,-0.26228616495138807
0.8354606662029916,0.7926804472987692,0.9979396211716339,1.0522717000477109,-0.20134544574744817,-0.2600370811794309,0.04546046730564677,0.009780703207418383,0.04277274205670004,0.4781875469199617,-0.854722568656716,-0.4014830678366994,2.1751117468100603,1.8845494821702495,2.0217868532785768,-0.26228616495138807
-0.16215876916652358,0.3729876741256339,-0.25744032481357615,0.1390255503817966,0.09834944318277751,0.20180331721030983,-0.0757233950139359,-0.405108475668726,0.2946958977049512,-0.2158167769441807,-0.854722568656716,-0.4014830678366994,2.1751117468100603,0.8859357335536329,2.0217868532785768,-0.26228616495138807
0.41827435686664943,-0.09916669569414267,0.9809750273069698,0.27432127625822805,-0.5483605802982358,-0.33701048091105434,-0.1418236835518901,0.38451931638587356,-0.5240543581518611,0.4781875469199617,-0.1413473244607061,-0.4014830678366994,-0.45974649415900753,0.8859357335536329,-0.07479066767254888,-0.26228616495138807
0.9442918773342105,0.3729876741256339,0.3872142420436953,0.8155041797639564,0.46113799294041913,-0.4139838806426778,0.6183296346345831,0.411286360184333,0.31988821326977473,-0.9098211008083231,-0.1413473244607061,2.490765066104216,-0.45974649415900753,-1.1112917636796007,-2.1713681886236746,-0.26228616495138807
-0.16215876916652358,0.2505772819501359,1.388125280058928,-0.31759752445116174,-1.431671831882059,0.5096969161368037,-1.3646790215040425,-0.3114238223741122,-1.2672276673141958,-0.2158167769441807,-0.1413473244607061,-0.4014830678366994,-0.45974649415900753,-0.1126780150629839,-0.07479066767254888,-0.26228616495138807
0.14619632903859983,0.7402188506521254,-0.6136967959715399,0.8662400769676178,0.6977392210432289,-0.1368796416088334,0.585279490365606,-0.4586425632656468,1.1008499957793483,0.4781875469199617,-0.854722568656716,-0.4014830678366994,2.1751117468100603,1.8845494821702495,2.0217868532785768,-0.26228616495138807
0.9805689477112843,0.28555167971456424,0.30239127272037036,0.037553755974471185,0.571551899388397,0.21719799715663451,0.24376133291950935,0.5049710134789468,-0.19655425580913757,-0.2158167769441807,-0.854722568656716,-0.4014830678366994,2.1751117468100603,0.8859357335536329,2.0217868532785768,-0.26228616495138807
-1.413717697175553,-0.20408988898742525,-0.46101545118955406,-0.23303769577839176,-0.8007352236078995,0.03246183780073822,-0.582492273804918,-0.8869152640410247,0.16873431988082477,-0.2158167769441807,-0.1413473244607061,-0.4014830678366994,-0.45974649415900753,-0.1126780150629839,-0.07479066767254888,-0.26228616495138807
-0.9965313878392106,-0.15162829234078395,0.896152057983645,-0.11465393563651333,-1.6998198903985768,-0.02911688198456055,-1.1663781558901802,-0.619244826056415,-0.7507851982352851,0.4781875469199617,-0.1413473244607061,-0.4014830678366994,-0.45974649415900753,0.8859357335536329,-0.07479066767254888,-0.26228616495138807
0.23688900498128304,1.089962828296404,0.45507261750235384,1.0522717000477109,-0.21711886095430213,0.0016724779080888352,-0.1528403983082158,-0.6593953917541042,0.44584979109389944,-0.2158167769441807,-0.1413473244607061,-0.4014830678366994,-0.45974649415900753,-0.1126780150629839,-0.07479066767254888,-0.26228616495138807
-0.797007500765306,-0.4314234744562058,-0.22351113708424566,-0.23303769577839176,-0.4852669194708199,-0.16766900150148278,-0.21894068684616996,-0.2578897347771914,-0.007611889072948758,-0.2158167769441807,-0.1413473244607061,-0.4014830678366994,-0.45974649415900753,-0.1126780150629839,-0.07479066767254888,-0.26228616495138807
0.6722138495061609,0.4429364696544906,0.21756830339704544,1.1030075972513722,0.3822709169061492,-0.6141147199448989,0.7064633526851887,0.156999444098953,0.6599844733949101,-0.2158167769441807,-0.1413473244607061,-0.4014830678366994,-0.45974649415900753,-0.1126780150629839,-0.07479066767254888,-0.26228616495138807
-0.470513867371647,1.317296413765187,-0.9020948916708451,-0.5881889762040271,0.4295911625267112,1.695087272003805,-0.9129937164946892,-1.355338530514092,0.23171510879288712,-0.2158167769441807,-0.1413473244607061,-0.4014830678366994,-0.45974649415900753,-0.1126780150629839,-0.07479066767254888,-0.26228616495138807
0.9442918773342105,1.352270811529613,-0.545838420512879,1.1199195629859278,1.3286758293173881,0.17101395731766045,0.80561378549212,-0.33819086617257355,1.2394077313858847,0.4781875469199617,-0.1413473244607061,-0.4014830678366994,-0.45974649415900753,0.8859357335536329,-0.07479066767254888,-0.26228616495138807
0.6903523846946991,1.089962828296404,-0.10475898003159027,0.6463845224184164,0.6977392210432289,0.37114479661988153,0.221727903406858,-0.3248073442733419,0.5592152111356125,-0.2158167769441807,-0.1413473244607061,-0.4014830678366994,-0.45974649415900753,-0.1126780150629839,-0.07479066767254888,-0.26228616495138807
1.053123088465432,-0.13414109345857103,1.388125280058928,0.1390255503817966,-0.37485301302284196,-0.24464240123310627,-0.08674010977026161,0.8797096266574019,-0.9271314071890586,-0.2158167769441807,-0.1413473244607061,-0.4014830678366994,-0.45974649415900753,-0.1126780150629839,-0.07479066767254888,-0.26228616495138807
0.40013582167811124,0.4779108674189165,-0.5628030143775454,1.6441905007571005,0.8712467883186227,-1.0759551183346396,1.3784829528210563,-0.07052042818796378,1.6424847804230842,-0.9098211008083231,-0.1413473244607061,2.490765066104216,-0.45974649415900753,-1.1112917636796007,-2.1713681886236746,-0.26228616495138807
0.01922658271884282,-0.4314234744562058,-0.9529886732648396,0.8831520427021708,0.9027936187323308,-1.1837178779589126,1.4776333856279875,0.34436875068818057,1.3653693092100094,0.4781875469199617,0.5720279197353038,-0.4014830678366994,-0.45974649415900753,-0.1126780150629839,-0.07479066767254888,-0.26228616495138807
0.5271055679978682,0.33801327636120554,-0.39315707573089553,0.12211358464724115,0.8239265426980608,0.18640863726398513,0.442062198533372,0.13023240030049354,0.38286900218183706,0.4781875469199617,-0.1413473244607061,-0.4014830678366994,-0.45974649415900753,0.8859357335536329,-0.07479066767254888,-0.26228616495138807
-0.670037754445549,0.1981156853034946,-0.5797676082422094,1.0522717000477109,-0.04361129367890833,-0.7834561993544704,0.5301959165839776,-0.6460118698548745,1.2142154158210594,-0.2158167769441807,-0.1413473244607061,-0.4014830678366994,-0.45974649415900753,-0.1126780150629839,-0.07479066767254888,-0.26228616495138807
0.3275816809239662,-1.9702969760910336,0.930081245712973,-0.31759752445116174,-0.5799074107119437,-1.4454274370464324,0.6293463493909088,1.7496385501073837,-0.9271314071890586,0.4781875469199617,-0.1413473244607061,-0.4014830678366994,-0.45974649415900753,0.8859357335536329,-0.07479066767254888,-0.26228616495138807
1.1619542995966508,0.005756497599142387,0.8791874641189785,-0.2499496615129472,0.19298993442390142,0.23259267710295922,-0.03165653598863311,0.8529425828589386,-0.8389583027121728,-0.2158167769441807,-0.1413473244607061,-0.4014830678366994,-0.45974649415900753,-0.1126780150629839,-0.07479066767254888,-0.26228616495138807
-0.6518992192570134,0.9850396350031214,-0.8851302978061787,0.3081452077273365,0.2560835952513174,0.5866703158684271,-0.24097411635882138,-1.2348868334210168,0.8867153134783359,-0.2158167769441807,-0.1413473244607061,-0.4014830678366994,-0.45974649415900753,-0.1126780150629839,-0.07479066767254888,-0.26228616495138807
-0.4886524025601826,0.1456540886568533,-0.46101545118955406,0.8831520427021708,0.003708951941653619,-0.6756934397301976,0.4861290575586747,-0.47202608516487843,1.000080733520047,-0.2158167769441807,-0.854722568656716,-0.4014830678366994,2.1751117468100603,0.8859357335536329,2.0217868532785768,-0.26228616495138807
0.34572021611250187,0.33801327636120554,0.7773999009309895,0.10520161891268812,-0.42217325864340394,0.20180331721030983,-0.43927498197268405,-0.0036028186918113446,-0.4988620425870358,-0.2158167769441807,-0.1413473244607061,-0.4014830678366994,-0.45974649415900753,-0.1126780150629839,-0.07479066767254888,-0.26228616495138807
0.6540753143176252,-0.20408988898742525,-0.15565276162558475,1.3397751175351291,0.7135126362500829,-1.3992433972074585,1.4996668151406392,0.6388062324712517,1.1134461535617601,-0.2158167769441807,-0.1413473244607061,-0.4014830678366994,-0.45974649415900753,-0.1126780150629839,-0.07479066767254888,-0.26228616495138807
0.25502754016981866,-0.36147467892735163,1.9140276898635442,-0.28377359298205324,-1.5578591535368909,-0.059906241877209936,-1.0451942935705976,0.46482044778125575,-1.632516243004158,-0.9098211008083231,0.5720279197353038,2.490765066104216,-0.45974649415900753,-2.1099055122962174,-2.1713681886236746,-0.26228616495138807
0.4364128920551851,0.8976036405920518,-0.1726173554902512,0.6294725566838609,0.540005068974689,0.21719799715663451,0.221727903406858,-0.3649579099710349,0.5970036844828495,-0.2158167769441807,-0.1413473244607061,-0.4014830678366994,-0.45974649415900753,-0.1126780150629839,-0.07479066767254888,-0.26228616495138807
1.3614781866705528,-1.1658858275091912,1.1506209659536197,0.5618246937456465,0.11412285838963149,-1.5377955167243804,1.1801820872071938,1.8968572909989163,-0.4358812536749735,-0.2158167769441807,0.5720279197353038,-0.4014830678366994,-0.45974649415900753,-1.1112917636796007,-0.07479066767254888,-0.26228616495138807
-0.4342367969945732,0.7751932484165538,-0.6645905775655344,0.2574093105236726,0.2403101800444634,0.44811819635150496,-0.15284039830821583,-0.9136823078394842,0.6851767889597353,-0.2158167769441807,0.5720279197353038,-0.4014830678366994,-0.45974649415900753,-1.1112917636796007,-0.07479066767254888,-0.26228616495138807
0.9442918773342105,0.40796207189006223,-0.427086263460226,1.5596306720843307,1.2182619228694105,-1.060560438388315,1.609833962703896,0.38451931638587167,1.4787347292517223,-0.2158167769441807,-0.1413473244607061,-0.4014830678366994,-0.45974649415900753,-0.1126780150629839,-0.07479066767254888,-0.26228616495138807
0.9624304125227486,0.4429364696544906,-0.03690060457292937,0.037553755974471185,0.8712467883186227,0.3557501166735568,0.3539284804827663,0.37113579448664197,0.0553688998391118,-0.2158167769441807,-0.1413473244607061,-0.4014830678366994,-0.45974649415900753,-0.1126780150629839,-0.07479066767254888,-0.26228616495138807
0.9442918773342105,-0.7287058554538431,1.082762590494959,0.6802084538875225,-0.18557203054059418,-1.2606912776905361,0.7725636412231429,1.2544482398358534,-0.297323518068437,0.4781875469199617,-0.1413473244607061,-0.4014830678366994,-0.45974649415900753,0.8859357335536329,-0.07479066767254888,-0.26228616495138807
1.252646975539334,-1.7079889928578247,-0.2404757309489097,-0.31759752445116174,1.3129024141105343,-1.2145072378515618,1.7861013988051073,2.2314453384796806,-0.05799652020259936,-0.2158167769441807,-0.854722568656716,-0.4014830678366994,2.1751117468100603,0.8859357335536329,2.0217868532785768,-0.26228616495138807
-0.10774316360091418,0.4604236685367035,-0.3083341064075706,1.1537434944550362,0.19298993442390142,-0.6449040798375483,0.5962962051219317,-0.43187551946718733,1.0882538379969364,-0.2158167769441807,-0.1413473244607061,-0.4014830678366994,-0.45974649415900753,-0.1126780150629839,-0.07479066767254888,-0.26228616495138807
1.2707855107278696,0.7751932484165538,0.23453289726170948,0.15593751611634962,0.8870202035254766,0.5404862760294531,0.23274461816318365,0.34436875068818057,-0.05799652020259936,-0.2158167769441807,-0.1413473244607061,-0.4014830678366994,-0.45974649415900753,-0.1126780150629839,-0.07479066767254888,-0.26228616495138807
-0.5067909377487207,-0.13414109345857103,-0.22351113708424566,0.037553755974471185,-0.23289227616115613,-0.1522743215551581,-0.053689965501284506,-0.2712732566764211,0.19392663544565006,-0.2158167769441807,-0.1413473244607061,-0.4014830678366994,-0.45974649415900753,-0.1126780150629839,-0.07479066767254888,-0.26228616495138807
-0.4886524025601826,-0.5888082643961322,-0.9190594855355092,0.5280007622765379,0.4295911625267112,-0.9989817186030162,1.0149313658623083,0.09008183460280245,1.075657680214523,-0.2158167769441807,-0.854722568656716,-0.4014830678366994,2.1751117468100603,0.8859357335536329,2.0217868532785768,-0.26228616495138807
1.252646975539334,0.28555167971456424,0.9131166518483089,0.3419691391964426,0.2403101800444634,-0.059906241877209936,0.2107111886505323,0.7057238419674041,-0.4232850958925617,0.4781875469199617,-0.1413473244607061,-0.4014830678366994,-0.45974649415900753,0.8859357335536329,-0.07479066767254888,-0.26228616495138807
1.1075386940310412,1.1074500271786194,-0.8512011100768507,-0.08083000416740725,1.7545580399024456,1.048510714258168,0.47511234280234904,-0.030369862490272702,0.5718113689180242,1.1721918707841041,-0.854722568656716,-0.4014830678366994,2.1751117468100603,2.883163230786866,2.0217868532785768,-0.26228616495138807
0.10991925866152602,1.2648348171185433,0.7095415254723286,-0.4021573531239317,-0.5641339955050898,1.4795617527552594,-1.4528127395546482,-0.8869152640410228,-0.8263621449297592,0.4781875469199617,-0.1413473244607061,-0.4014830678366994,-0.45974649415900753,0.8859357335536329,-0.07479066767254888,-0.26228616495138807
1.379616721859091,-1.0784498330981216,1.0657979966302948,0.8831520427021708,0.20876334963075543,-1.753321035972926,1.400516382333708,1.8433232034019955,-0.13357346689707522,-0.2158167769441807,-0.1413473244607061,-0.4014830678366994,-0.45974649415900753,-0.1126780150629839,-0.07479066767254888,-0.26228616495138807
0.20061193460420923,-0.23906428675185362,-0.39315707573089553,-0.6558368391422416,0.540005068974689,0.38653947656620613,0.10054404108727528,0.33098522878895087,-0.1965542558091358,-0.2158167769441807,-0.1413473244607061,-0.4014830678366994,-0.45974649415900753,-0.1126780150629839,-0.07479066767254888,-0.26228616495138807
0.9805689477112843,-0.13414109345857103,0.930081245712973,0.544912728011091,-0.012064463265200366,-0.6141147199448989,0.43104548377704627,0.8261755390604792,-0.28472736028602347,0.4781875469199617,0.5720279197353038,-0.4014830678366994,-0.45974649415900753,-0.1126780150629839,-0.07479066767254888,-0.26228616495138807
0.7629065254488441,0.040730895363568255,1.5917004064349085,1.1875674259241422,-0.8165086388147536,-1.0451657584419902,0.17766104438155514,0.5317380572774082,-0.297323518068437,-0.2158167769441807,0.5720279197353038,-0.4014830678366994,-0.45974649415900753,-1.1112917636796007,-0.07479066767254888,-0.26228616495138807
0.5996597087520158,1.3347836126474,0.33632046044969843,0.42652896786921257,0.20876334963075543,0.7868011551706482,-0.41724155246003264,-0.579094260358722,0.06796505762152534,-0.2158167769441807,-0.854722568656716,-0.4014830678366994,2.1751117468100603,0.8859357335536329,2.0217868532785768,-0.26228616495138807
0.7991835958259179,0.1981156853034946,1.7104525634875638,0.037553755974471185,-0.8953757148490235,0.14022459742501106,-0.7257095656371522,0.43805340398279435,-1.2420353517493723,-0.2158167769441807,-0.1413473244607061,-0.4014830678366994,-0.45974649415900753,-0.1126780150629839,-0.07479066767254888,-0.26228616495138807
0.01922658271884282,-1.760450589504466,0.23453289726170948,-0.3006855587166087,-0.20134544574744817,-1.2760859576368608,0.7725636412231429,1.3615164150296988,-0.39809278032773643,-0.2158167769441807,-0.1413473244607061,-0.4014830678366994,-0.45974649415900753,-0.1126780150629839,-0.07479066767254888,-0.26228616495138807
0.7810450606373822,0.49539806630113187,0.3702496481790289,0.9000640084367263,0.3349506712855873,-0.38319452075002847,0.5081624870713262,0.197150009796646,0.39546515996425063,-0.2158167769441807,-0.1413473244607061,-0.4014830678366994,-0.45974649415900753,-0.1126780150629839,-0.07479066767254888,-0.26228616495138807
0.7810450606373822,1.0375012316497627,0.45507261750235384,0.07137768744357965,0.2560835952513174,0.8483798749559469,-0.4282582672163582,-0.2177391690794984,-0.28472736028602347,-0.9098211008083231,0.5720279197353038,2.490765066104216,-0.45974649415900753,-2.1099055122962174,-2.1713681886236746,-0.26228616495138807
0.09178072347298784,0.5828340607122016,-0.1726173554902512,0.9169759741712793,0.2403101800444634,-0.32161580096472975,0.39799533950806915,-0.37834143187026653,0.8111383667838619,-0.2158167769441807,-0.854722568656716,-0.4014830678366994,2.1751117468100603,0.8859357335536329,2.0217868532785768,-0.26228616495138807
-0.4886524025601826,-0.5538338666317039,-1.0717408303174951,0.358881104930998,0.571551899388397,-0.8142455592471198,0.9818812215933311,0.06331479080434109,1.0630615224321112,-0.2158167769441807,-0.1413473244607061,-0.4014830678366994,-0.45974649415900753,-0.1126780150629839,-0.07479066767254888,-0.26228616495138807
0.8354606662029916,1.089962828296404,0.8622228702543144,0.5618246937456465,-0.0751581240926163,0.44811819635150496,-0.3731746934347298,-0.2177391690794984,-0.2217465713739611,-0.9098211008083231,-0.1413473244607061,2.490765066104216,-0.45974649415900753,-1.1112917636796007,-2.1713681886236746,-0.26228616495138807
0.16433486422713542,0.8976036405920518,1.0488334027656283,-0.26686162724750023,-0.8322820540216075,1.0331160343118433,-1.32061216247874,-0.5657107384594923,-0.9775160383187093,-0.2158167769441807,-0.1413473244607061,-0.4014830678366994,-0.45974649415900753,-0.1126780150629839,-0.07479066767254888,-0.26228616495138807
0.23688900498128304,-0.046705099047501385,0.14970992793838453,0.15593751611634962,0.06680261276906956,-0.18306368144780746,0.17766104438155517,0.2105335316958776,0.004984268709462996,-0.9098211008083231,-0.1413473244607061,2.490765066104216,-0.45974649415900753,-1.1112917636796007,-2.1713681886236746,-0.26228616495138807
-0.6518992192570134,0.40796207189006223,-0.29136951254290416,0.49417683080742947,-0.29598593698857206,-0.09069560176985932,-0.1418236835518901,-0.793230610746411,0.5844075267004359,-0.2158167769441807,-0.1413473244607061,-0.4014830678366994,-0.45974649415900753,-0.1126780150629839,-0.07479066767254888,-0.26228616495138807
1.125677229219577,-0.27403868451628194,-0.7833427346181898,0.5787366594801995,1.707237794281884,-0.7680615194081458,1.7420345397798045,1.0403118894481662,1.0126768913024606,-0.2158167769441807,-0.1413473244607061,-0.4014830678366994,-0.45974649415900753,-0.1126780150629839,-0.07479066767254888,-0.26228616495138807
-0.08960462841237857,-0.9385522420404108,0.6416831500136702,1.3397751175351291,-0.6745479019530677,-2.0458199549530955,0.9928979363496568,0.6521897543704813,0.5214267377883736,-0.2158167769441807,-0.1413473244607061,-0.4014830678366994,-0.45974649415900753,-0.1126780150629839,-0.07479066767254888,-0.26228616495138807
0.45455142724372066,0.9150908394742647,0.18363911566771499,0.8662400769676178,0.2245367648376094,0.017067157854413532,0.14461090011257807,-0.3649579099710349,0.5088305800059618,-0.2158167769441807,-0.1413473244607061,-0.4014830678366994,-0.45974649415900753,-0.1126780150629839,-0.07479066767254888,-0.26228616495138807
0.41827435686664943,-0.32650028116292323,1.2693731230062728,-0.8249564964877816,-0.8165086388147536,0.4635128762978296,-0.9019770017383634,0.5585051010758695,-1.5569392963096822,-0.2158167769441807,-0.1413473244607061,-0.4014830678366994,-0.45974649415900753,-0.1126780150629839,-0.07479066767254888,-0.26228616495138807
0.5271055679978682,1.7719635847027482,1.9649214714575387,0.8831520427021708,-1.368578171054643,0.7560117952779988,-1.496879598579951,-0.9672163954364069,-0.8011698293649357,-0.2158167769441807,-0.1413473244607061,-0.4014830678366994,-0.45974649415900753,-0.1126780150629839,-0.07479066767254888,-0.26228616495138807
0.03736511790737843,0.3205260774789926,0.013993177021065112,0.8493281112330624,0.019482367148507602,-0.4909572803743013,0.364945195239092,-0.2177391690795003,0.622196000047673,-0.9098211008083231,-0.854722568656716,2.490765066104216,2.1751117468100603,-0.1126780150629839,-0.07479066767254888,-0.26228616495138807
0.6359367791290871,1.317296413765187,-1.0547762364528286,0.12211358464724115,1.5337302270064899,1.048510714258168,0.32087833621378925,-0.5389436946610329,0.8741191556959224,0.4781875469199617,-0.1413473244607061,-0.4014830678366994,-0.45974649415900753,0.8859357335536329,-0.07479066767254888,-0.26228616495138807
0.9805689477112843,1.072475629414191,0.6586477438783341,0.6463845224184164,0.2403101800444634,0.3557501166735568,-0.08674010977026161,-0.09728747198642514,-0.007611889072948758,0.4781875469199617,-0.854722568656716,-0.4014830678366994,2.1751117468100603,1.8845494821702495,2.0217868532785768,-0.26228616495138807
-0.08960462841237857,0.2505772819501359,0.013993177021065112,0.32505717346188956,-0.09093153929947029,-0.07530092182353462,-0.009623106475981696,-0.2578897347771914,0.23171510879288712,-0.2158167769441807,0.5720279197353038,-0.4014830678366994,-0.45974649415900753,-1.1112917636796007,-0.07479066767254888,-0.26228616495138807
0.12805779385006164,1.0025268338853344,-0.5288738266482149,0.6802084538875225,0.603098729802105,0.2633820369956086,0.23274461816318365,-0.6727789136533358,0.8993114712607477,0.4781875469199617,-0.854722568656716,-0.4014830678366994,2.1751117468100603,1.8845494821702495,2.0217868532785768,-0.26228616495138807
1.506586468178848,-1.9178353794443899,-0.12172357389625431,-0.41906931885848714,1.423316320558512,-1.30687531752951,1.9293186906373414,2.5794169078596725,-0.2217465713739629,-0.2158167769441807,0.5720279197353038,-0.4014830678366994,-0.45974649415900753,-1.1112917636796007,-0.07479066767254888,-0.26228616495138807
-0.1984358395435974,-0.22157708786964067,-1.088705424182159,-0.04700607269829879,0.8396999579049147,-0.1522743215551581,0.695446637928863,0.023164225106650012,0.773349893436623,-0.9098211008083231,-0.1413473244607061,2.490765066104216,-0.45974649415900753,-1.1112917636796007,-2.1713681886236746,-0.26228616495138807
-0.9421157822735986,1.0375012316497627,-0.12172357389625431,0.7478563168257394,-0.7060947323667757,0.23259267710295922,-0.6596092770991979,-1.4891737495063948,0.6473883156124983,-0.2158167769441807,-0.1413473244607061,-0.4014830678366994,-0.45974649415900753,-0.1126780150629839,-0.07479066767254888,-0.26228616495138807
0.03736511790737843,0.6003212595944145,1.014904215036298,-0.46980521606214865,-0.9111491300558774,0.9561426345802198,-1.32061216247874,-0.43187551946718733,-1.103477616142834,-0.2158167769441807,-0.1413473244607061,-0.4014830678366994,-0.45974649415900753,-0.1126780150629839,-0.07479066767254888,-0.26228616495138807
0.9261533421456749,-1.51562980515347,0.47203721136702026,1.3905110147387907,0.36649750169929524,-2.600028433020784,2.116602841494878,1.8433232034019955,0.6851767889597353,-0.9098211008083231,-0.854722568656716,2.490765066104216,2.1751117468100603,-0.1126780150629839,-0.07479066767254888,-0.26228616495138807
0.36385875130103745,-0.5538338666317039,0.8791874641189785,-1.3154035027898483,-0.5010403346776738,0.7098277554390248,-0.8579101427130607,0.6923403200681725,-1.632516243004158,-0.2158167769441807,-0.1413473244607061,-0.4014830678366994,-0.45974649415900753,-0.1126780150629839,-0.07479066767254888,-0.26228616495138807
0.23688900498128304,0.6702700551232712,-0.03690060457292937,0.7309443510911864,0.2403101800444634,-0.07530092182353462,0.221727903406858,-0.33819086617257355,0.5718113689180242,-0.2158167769441807,-0.1413473244607061,-0.4014830678366994,-0.45974649415900753,-0.1126780150629839,-0.07479066767254888,-0.26228616495138807
-0.597483613691404,-0.046705099047501385,-0.12172357389625431,-0.09774196990196028,-0.40639984343654995,0.04785651774706291,-0.3180911196531013,-0.405108475668726,0.01758042649187475,-0.9098211008083231,-0.854722568656716,2.490765066104216,2.1751117468100603,-0.1126780150629839,-0.07479066767254888,-0.26228616495138807
0.6177982439405515,-0.15162829234078395,1.998850659186869,-1.0617240167715385,-1.3212579254340813,0.8329851950096223,-1.5189130280926024,0.5718886229750992,-2.2749202899071954,-0.2158167769441807,-0.1413473244607061,-0.4014830678366994,-0.45974649415900753,-0.1126780150629839,-0.07479066767254888,-0.26228616495138807
-0.470513867371647,1.1074500271786194,0.11578074020905407,0.5787366594801995,-0.5168137498845278,0.44811819635150496,-0.6816427066118493,-1.1947362677233255,0.3450805288346,-0.2158167769441807,-0.1413473244607061,-0.4014830678366994,-0.45974649415900753,-0.1126780150629839,-0.07479066767254888,-0.26228616495138807
1.2345084403507982,0.5653468618299862,-0.6136967959715399,0.07137768744357965,1.6441441334544677,0.43272351640518025,0.8386639297610972,0.47820396968048734,0.5088305800059618,-0.2158167769441807,-0.1413473244607061,-0.4014830678366994,-0.45974649415900753,-0.1126780150629839,-0.07479066767254888,-0.26228616495138807
1.1619542995966508,0.3030388785967772,-0.8512011100768507,0.08828965317813268,1.8018782855230078,0.18640863726398513,1.1250985134255653,0.6254227105720219,0.6977729467421488,-0.9098211008083231,-0.1413473244607061,2.490765066104216,-0.45974649415900753,-1.1112917636796007,-2.1713681886236746,-0.26228616495138807
1.089400158842503,-0.7461930543360585,0.9470458395776394,0.24049734478911958,0.06680261276906956,-0.8758242790324187,0.6734132084162117,1.3748999369289285,-0.5240543581518611,-0.2158167769441807,-0.854722568656716,-0.4014830678366994,2.1751117468100603,0.8859357335536329,2.0217868532785768,-0.26228616495138807
1.125677229219577,2.2266307556403095,0.845258276389648,0.9846238371094963,0.19298993442390142,1.0639053942044927,-0.6265591328302208,-0.8735317421417931,0.10575353096876418,-0.2158167769441807,0.5720279197353038,-0.4014830678366994,-0.45974649415900753,-1.1112917636796007,-0.07479066767254888,-0.26228616495138807
2.0144654534578734,-0.20408988898742525,-0.44405085732489,-0.3514214559202702,2.164666835280649,0.14022459742501106,1.4115330970900335,1.6425703749135383,0.06796505762152534,-0.2158167769441807,-0.1413473244607061,-0.4014830678366994,-0.45974649415900753,-0.1126780150629839,-0.07479066767254888,-0.26228616495138807
0.3275816809239662,0.4254492707722752,1.1675855598182838,0.6125605909493079,-0.8007352236078995,-0.18306368144780746,-0.4282582672163582,-0.08390395008719351,-0.41068893811014817,0.4781875469199617,-0.1413473244607061,-0.4014830678366994,-0.45974649415900753,0.8859357335536329,-0.07479066767254888,-0.26228616495138807
1.089400158842503,0.8626292428276234,-0.08779438616692625,1.0522717000477109,1.0289809403871626,-0.19845836139413217,0.8606973592737485,0.14361592219972327,0.8489268401310989,0.4781875469199617,-0.1413473244607061,-0.4014830678366994,-0.45974649415900753,0.8859357335536329,-0.07479066767254888,-0.26228616495138807
-0.1984358395435974,-0.046705099047501385,-1.1395992057761535,-0.2499496615129472,0.8870202035254766,0.18640863726398513,0.4861290575586747,-0.11067099388565486,0.6599844733949101,-0.2158167769441807,-0.1413473244607061,-0.4014830678366994,-0.45974649415900753,-0.1126780150629839,-0.07479066767254888,-0.26228616495138807
-0.9783928526506724,0.21560288418570756,1.625629594164239,1.3566870832696822,-2.362303329086444,-1.0451657584419902,-0.9019770017383634,-0.8869152640410228,-0.19655425580913757,-0.2158167769441807,-0.1413473244607061,-0.4014830678366994,-0.45974649415900753,-0.1126780150629839,-0.07479066767254888,-0.26228616495138807
0.01922658271884282,-0.5363466677494909,0.23453289726170948,-0.9264282908951069,-0.20134544574744817,0.37114479661988153,-0.4062248377037069,0.42466988208356465,-0.8641506182769981,-0.2158167769441807,-0.1413473244607061,-0.4014830678366994,-0.45974649415900753,-0.1126780150629839,-0.07479066767254888,-0.26228616495138807
0.10991925866152602,0.6178084584766299,1.540806624840914,0.27432127625822805,-1.337031340640935,0.294171396888258,-1.1443447263775286,-0.3917249537694963,-0.9397275649714723,1.1721918707841041,1.2854031639313137,-0.4014830678366994,-0.45974649415900753,-0.1126780150629839,-0.07479066767254888,-0.26228616495138807
0.4364128920551851,1.1773988227074736,0.21756830339704544,0.2912332419927811,0.17721651921704745,0.7714064752243235,-0.4282582672163582,-0.579094260358722,0.0553688998391118,-0.2158167769441807,-0.1413473244607061,-0.4014830678366994,-0.45974649415900753,-0.1126780150629839,-0.07479066767254888,-0.26228616495138807
-2.2843673862253113,-0.5013722699850626,0.04792236475039557,-0.960252222364213,-2.0310616097425105,0.43272351640518025,-1.7282306084627908,-1.3018044429171691,-0.7507851982352851,0.4781875469199617,-0.1413473244607061,-0.4014830678366994,-0.45974649415900753,0.8859357335536329,-0.07479066767254888,-0.26228616495138807
0.7447679902603085,1.072475629414191,-0.20654654321957924,0.8324161454985094,0.8396999579049147,0.18640863726398513,0.4530789132896976,-0.2712732566764211,0.773349893436623,0.4781875469199617,0.5720279197353038,-0.4014830678366994,-0.45974649415900753,-0.1126780150629839,-0.07479066767254888,-0.26228616495138807
0.4364128920551851,0.23309008306792298,0.0648869586150596,0.08828965317813268,0.3191772560787333,0.12482991747868638,0.13359418535625237,0.14361592219972327,0.01758042649187475,-0.9098211008083231,-0.1413473244607061,2.490765066104216,-0.45974649415900753,-1.1112917636796007,-2.1713681886236746,-0.26228616495138807
2.159573734966166,1.2298604193541174,0.726506119336995,-0.3345094901857172,1.2024885076625564,1.3871936730773111,-0.1528403983082159,0.6521897543704813,-0.788573671582524,-0.2158167769441807,-0.1413473244607061,-0.4014830678366994,-0.45974649415900753,-0.1126780150629839,-0.07479066767254888,-0.26228616495138807
0.20061193460420923,-0.4489106733384213,1.4390190616529226,-1.3661393999935099,-1.1635237733655412,0.8483798749559469,-1.4197625952856712,0.4915874915797171,-2.0859779231710065,-0.2158167769441807,-0.1413473244607061,-0.4014830678366994,-0.45974649415900753,-0.1126780150629839,-0.07479066767254888,-0.26228616495138807
0.3275816809239662,-0.8686034465115541,1.7104525634875638,0.4096170021346595,-1.3054845102272272,-1.1375338381199382,-0.09775682452658742,0.9064766704558614,-0.9649198805362975,0.4781875469199617,-0.1413473244607061,-0.4014830678366994,-0.45974649415900753,0.8859357335536329,-0.07479066767254888,-0.26228616495138807
1.3614781866705528,1.8244251813493895,0.9131166518483089,-0.3006855587166087,0.3349506712855873,1.8798234313597013,-1.1112945821085516,-0.3917249537694963,-0.9019390916242351,-0.2158167769441807,-0.1413473244607061,-0.4014830678366994,-0.45974649415900753,-0.1126780150629839,-0.07479066767254888,-0.26228616495138807
1.125677229219577,0.355500475243421,-0.8681657039415147,1.0522717000477109,1.7861048703161537,-0.6449040798375483,1.7089843955108273,0.5585051010758676,1.4283500981220718,-0.2158167769441807,-0.1413473244607061,-0.4014830678366994,-0.45974649415900753,-0.1126780150629839,-0.07479066767254888,-0.26228616495138807
1.1075386940310412,-0.7287058554538431,0.5568601806903452,-0.960252222364213,0.44536457773356514,0.23259267710295922,0.14461090011257804,1.3748999369289285,-1.1286699317076592,-0.2158167769441807,-0.854722568656716,-0.4014830678366994,2.1751117468100603,0.8859357335536329,2.0217868532785768,-0.26228616495138807
-0.5430680081257946,-0.5363466677494909,0.6756123377429982,0.37579307066555107,-1.1004301125381253,-0.8142455592471198,-0.1858905425771929,0.009780703207418383,-0.2217465713739611,1.8661961946482464,-0.1413473244607061,-0.4014830678366994,-0.45974649415900753,2.883163230786866,-0.07479066767254888,-0.26228616495138807
-0.3798211914289638,1.212373220471902,-0.6985197652948648,1.1030075972513722,0.3191772560787333,0.0632511976933876,0.17766104438155517,-1.2081197896225553,1.3401769936451842,-0.2158167769441807,-0.854722568656716,-0.4014830678366994,2.1751117468100603,0.8859357335536329,2.0217868532785768,-0.26228616495138807
0.9080148069571367,-0.4139362755739929,0.845258276389648,-1.2308436741170783,0.003708951941653619,0.7560117952779988,-0.5384254147796153,0.9867778018512435,-1.5443431385272703,-0.2158167769441807,-0.1413473244607061,-0.4014830678366994,-0.45974649415900753,-0.1126780150629839,-0.07479066767254888,-0.26228616495138807
0.5271055679978682,0.7577060495343408,0.4890018052316843,-0.06391803843285182,0.003708951941653619,0.7252224353853494,-0.5163919852669638,-0.19097212528103893,-0.41068893811014817,-0.2158167769441807,-0.1413473244607061,-0.4014830678366994,-0.45974649415900753,-0.1126780150629839,-0.07479066767254888,-0.26228616495138807
-0.18029730435506178,-0.5013722699850626,-0.39315707573089553,0.02064179023991815,0.20876334963075543,-0.46016792048165195,0.47511234280234904,0.2506840973935668,0.307292055487363,-0.9098211008083231,1.2854031639313137,2.490765066104216,-0.45974649415900753,-3.108519260912834,-2.1713681886236746,-0.26228616495138807
0.001088047530304632,-0.3439874800451362,-0.3592278880015651,0.358881104930998,0.3349506712855873,-0.6295093998912236,0.6844299231725374,0.26406761929279654,0.5340228955707871,0.4781875469199617,-0.854722568656716,-0.4014830678366994,2.1751117468100603,1.8845494821702495,2.0217868532785768,-0.26228616495138807
0.8717377365800655,-0.9385522420404108,0.23453289726170948,1.5088947748806691,0.540005068974689,-2.199766754416342,1.9513521201499928,1.3615164150296988,0.9496961023903983,-0.2158167769441807,0.5720279197353038,-0.4014830678366994,-0.45974649415900753,-1.1112917636796007,-0.07479066767254888,-0.26228616495138807
-2.0122893583972616,0.005756497599142387,-0.20654654321957924,1.1199195629859278,-1.5578591535368909,-1.0143763985493408,-0.36215797867840416,-1.4891737495063968,0.9874845757376354,-0.2158167769441807,-0.854722568656716,-0.4014830678366994,2.1751117468100603,0.8859357335536329,2.0217868532785768,-0.26228616495138807
1.2345084403507982,0.23309008306792298,0.7434707132016591,1.4243349462078991,0.3822709169061492,-1.0913497982809643,1.0479815101312853,0.7324908857658654,0.5088305800059618,-0.9098211008083231,0.5720279197353038,2.490765066104216,-0.45974649415900753,-2.1099055122962174,-2.1713681886236746,-0.26228616495138807
2.0144654534578734,1.0025268338853344,0.5229309929610148,0.27432127625822805,1.2655821684899722,0.6328543557074013,0.43104548377704627,0.7191073638666358,-0.18395809802672405,-0.9098211008083231,-0.1413473244607061,2.490765066104216,-0.45974649415900753,-1.1112917636796007,-2.1713681886236746,-0.26228616495138807
1.452170862613236,-0.5713210655139193,1.2184793414122783,-0.9771641880987685,0.12989627359648548,0.38653947656620613,-0.1858905425771929,1.5087351559212334,-1.632516243004158,-0.2158167769441807,-0.1413473244607061,-0.4014830678366994,-0.45974649415900753,-0.1126780150629839,-0.07479066767254888,-0.26228616495138807
0.12805779385006164,1.1249372260608324,-0.002971416843601321,0.9169759741712793,0.11412285838963149,0.15561927737133577,-0.03165653598863311,-0.7664635669479496,0.6851767889597371,0.4781875469199617,-0.1413473244607061,-0.4014830678366994,-0.45974649415900753,0.8859357335536329,-0.07479066767254888,-0.26228616495138807
1.3252011162934816,1.5271428003517522,-0.8681657039415147,-0.28377359298205324,1.9596124375915476,1.6027191923258566,0.22172790340685808,-0.19097212528103705,0.4332536333114877,-0.2158167769441807,-0.1413473244607061,-0.4014830678366994,-0.45974649415900753,-0.1126780150629839,-0.07479066767254888,-0.26228616495138807
-1.0690855285933556,-0.37896187780956453,-1.5128202707987837,0.49417683080742947,0.4769114081472731,-0.7834561993544704,0.8937475035427257,-0.49879312896333977,1.4913308870341342,-0.2158167769441807,-0.1413473244607061,-0.4014830678366994,-0.45974649415900753,-0.1126780150629839,-0.07479066767254888,-0.26228616495138807
0.34572021611250187,-0.13414109345857103,0.21756830339704544,-0.36833342165482325,0.09834944318277751,0.21719799715663451,-0.08674010977026161,0.3577522725874122,-0.4358812536749735,-0.9098211008083231,-0.1413473244607061,2.490765066104216,-0.45974649415900753,-1.1112917636796007,-2.1713681886236746,-0.26228616495138807
-1.867181076888969,1.911861175760459,-0.3083341064075706,0.05446572170902662,-1.337031340640935,1.6335085522185062,-2.102798910177864,-2.840909461328675,0.26950358214012593,-0.9098211008083231,-0.1413473244607061,2.490765066104216,-0.45974649415900753,-1.1112917636796007,-2.1713681886236746,-0.26228616495138807
0.001088047530304632,-0.8511162476293411,0.845258276389648,0.32505717346188956,-0.7849618084010456,-1.0451657584419902,0.19969447389420658,0.6521897543704813,-0.38549662254532285,-0.2158167769441807,-0.1413473244607061,-0.4014830678366994,-0.45974649415900753,-0.1126780150629839,-0.07479066767254888,-0.26228616495138807
2.359097622040068,1.7719635847027482,0.7095415254723286,0.12211358464724115,1.3917694901448041,1.4487723928626097,-0.06470668025761005,0.38451931638587167,-0.4358812536749735,-0.2158167769441807,-0.854722568656716,-0.4014830678366994,2.1751117468100603,0.8859357335536329,2.0217868532785768,-0.26228616495138807
0.7991835958259179,0.5128852651833449,0.40417883590835935,1.3397751175351291,0.3191772560787333,-0.7680615194081458,0.7725636412231429,0.197150009796646,0.6977729467421488,0.4781875469199617,-0.1413473244607061,-0.4014830678366994,-0.45974649415900753,0.8859357335536329,-0.07479066767254888,-0.26228616495138807
0.5815211735634777,0.7402188506521254,0.09881614634439005,0.3927050364001065,0.4138177473198572,0.294171396888258,0.07851061157462387,-0.13743803768411622,0.21911895101047535,1.1721918707841041,-0.1413473244607061,-0.4014830678366994,-0.45974649415900753,1.8845494821702495,-0.07479066767254888,-0.26228616495138807
-0.6337606840684779,0.6003212595944145,1.5917004064349085,0.12211358464724115,-2.0310616097425105,0.41732883645885555,-1.7172138937064652,-0.9270658297387159,-1.0908814583604223,-0.2158167769441807,-0.1413473244607061,-0.4014830678366994,-0.45974649415900753,-0.1126780150629839,-0.07479066767254888,-0.26228616495138807
-0.07146609322384039,-0.37896187780956453,1.4390190616529226,-0.04700607269829879,-1.400125001468351,-0.29082644107208033,-0.769776424662455,0.23730057549433706,-1.103477616142834,1.1721918707841041,-0.1413473244607061,-0.4014830678366994,-0.45974649415900753,1.8845494821702495,-0.07479066767254888,-0.26228616495138807
-0.2891285154862806,0.28555167971456424,0.2514974911263735,1.7963981923680874,-0.4852669194708199,-1.3838487172611336,0.6513797789035601,-0.43187551946718733,1.1512346269089988,-0.9098211008083231,0.5720279197353038,2.490765066104216,-0.45974649415900753,-2.1099055122962174,-2.1713681886236746,-0.26228616495138807
0.001088047530304632,0.6702700551232712,0.6416831500136702,-0.38524538738937864,-0.5956808259187977,0.9407479546338952,-1.0892611525959002,-0.5121766508625714,-0.7633813560176987,-0.2158167769441807,-0.1413473244607061,-0.4014830678366994,-0.45974649415900753,-0.1126780150629839,-0.07479066767254888,-0.26228616495138807
-1.3411635564214053,0.28555167971456424,-0.1726173554902512,1.3228631518005762,-1.0057896212970014,-0.9527976787640421,-0.020639821232307405,-1.2081197896225553,1.113446153561762,-0.2158167769441807,-0.854722568656716,-0.4014830678366994,2.1751117468100603,0.8859357335536329,2.0217868532785768,-0.26228616495138807
0.16433486422713542,-0.7636802532182715,0.33632046044969843,-0.9264282908951069,-0.16979861533374022,0.17101395731766045,-0.24097411635882138,0.7057238419674041,-0.9397275649714723,-0.2158167769441807,0.5720279197353038,-0.4014830678366994,-0.45974649415900753,-1.1112917636796007,-0.07479066767254888,-0.26228616495138807
-1.2504708804787221,0.33801327636120554,-1.5806786462574447,-1.010988119567877,0.3822709169061492,1.2178521936677396,-0.6045257033175694,-1.181352745824094,0.4206574755290741,-0.2158167769441807,-0.854722568656716,-0.4014830678366994,2.1751117468100603,0.8859357335536329,2.0217868532785768,-0.26228616495138807
-0.216574374732133,0.6702700551232712,1.082762590494959,0.05446572170902662,-1.1950706037792491,0.5404862760294531,-1.2214617296718087,-0.6727789136533358,-0.7633813560176969,0.4781875469199617,-0.854722568656716,-0.4014830678366994,2.1751117468100603,1.8845494821702495,2.0217868532785768,-0.26228616495138807
-0.23471290992067118,0.1456540886568533,0.9470458395776394,-0.08083000416740725,-1.0846566973312712,0.20180331721030983,-0.9019770017383634,-0.28465677857565275,-0.7633813560176987,-0.2158167769441807,0.5720279197353038,-0.4014830678366994,-0.45974649415900753,-1.1112917636796007,-0.07479066767254888,-0.26228616495138807
-0.6156221488799396,1.0200140327675498,0.14970992793838453,-1.2477556398516314,-0.6745479019530677,2.033770230822948,-1.9265314740766533,-1.2348868334210168,-1.0404968272307715,-0.2158167769441807,-0.1413473244607061,-0.4014830678366994,-0.45974649415900753,-0.1126780150629839,-0.07479066767254888,-0.26228616495138807
1.21636990516226,-0.6412698610427735,0.8622228702543144,0.12211358464724115,0.2560835952513174,-0.6756934397301976,0.6623964936598858,1.3882834588281583,-0.5492466737166863,-0.2158167769441807,-0.1413473244607061,-0.4014830678366994,-0.45974649415900753,-0.1126780150629839,-0.07479066767254888,-0.26228616495138807
2.649314185056653,0.7052444528876995,0.45507261750235384,0.42652896786921257,1.8807453615572776,0.23259267710295922,1.1471319429382167,1.4150505026266176,-0.020208046855362302,-0.2158167769441807,0.5720279197353038,-0.4014830678366994,-0.45974649415900753,-1.1112917636796007,-0.07479066767254888,-0.26228616495138807
0.45455142724372066,0.8101676461809821,0.4890018052316843,0.15593751611634962,-0.05938470888576232,0.5712756359221025,-0.4502916967290097,-0.28465677857565275,-0.24693888693878638,-0.2158167769441807,-0.1413473244607061,-0.4014830678366994,-0.45974649415900753,-0.1126780150629839,-0.07479066767254888,-0.26228616495138807
0.14619632903859983,0.6178084584766299,0.23453289726170948,-1.129371879709753,-0.09093153929947029,1.5719298324332074,-1.1884115854028314,-0.3649579099710349,-1.0153045116659463,-0.2158167769441807,-0.854722568656716,-0.4014830678366994,2.1751117468100603,0.8859357335536329,2.0217868532785768,-0.26228616495138807
1.2707855107278696,0.7052444528876995,1.2693731230062728,1.931693918244519,-0.0751581240926163,-1.1375338381199382,0.7615469264668172,0.39790283828510137,0.49623442222355,-0.9098211008083231,-0.1413473244607061,2.490765066104216,-0.45974649415900753,-1.1112917636796007,-2.1713681886236746,-0.26228616495138807
1.4158937922361647,1.2298604193541174,1.3541960923295977,0.5618246937456465,-0.02783787847205435,0.5712756359221025,-0.4282582672163583,0.10346535650203217,-0.5870351470639216,0.4781875469199617,-0.1413473244607061,-0.4014830678366994,-0.45974649415900753,0.8859357335536329,-0.07479066767254888,-0.26228616495138807
1.252646975539334,-0.6237826621605606,0.5398955868256787,-0.8080445307532285,0.5873253145952511,0.18640863726398513,0.2768114771884865,1.4016669807273898,-1.0027083538835346,1.1721918707841041,0.5720279197353038,-0.4014830678366994,-0.45974649415900753,0.8859357335536329,-0.07479066767254888,-0.26228616495138807
0.23688900498128304,-0.4314234744562058,0.28542667885570394,0.7647682825602924,-0.05938470888576232,-1.0759551183346396,0.7284967821978401,0.5049710134789468,0.3576766866170118,-0.2158167769441807,-0.854722568656716,-0.4014830678366994,2.1751117468100603,0.8859357335536329,2.0217868532785768,-0.26228616495138807
-0.3979597266174994,0.28555167971456424,1.642594188028903,0.358881104930998,-1.8733274576739707,-0.07530092182353462,-1.2545118739407857,-0.5121766508625695,-0.952323722753884,-0.2158167769441807,-0.854722568656716,-0.4014830678366994,2.1751117468100603,0.8859357335536329,2.0217868532785768,-0.26228616495138807
-0.9965313878392106,0.6178084584766299,-0.002971416843601321,0.3419691391964426,-0.8638288844353155,0.23259267710295922,-0.7697764246624549,-1.2081197896225573,0.25690742435771236,-0.9098211008083231,-0.1413473244607061,2.490765066104216,-0.45974649415900753,-1.1112917636796007,-2.1713681886236746,-0.26228616495138807
0.7447679902603085,0.39047487300784683,-0.5967322021068758,0.2912332419927811,1.2024885076625564,0.0786458776397123,0.7835803559794686,0.2506840973935687,0.6599844733949118,0.4781875469199617,-0.1413473244607061,-0.4014830678366994,-0.45974649415900753,0.8859357335536329,-0.07479066767254888,-0.26228616495138807
-0.7063148248226229,0.1281668897746379,-0.2404757309489097,2.2191973357319372,-0.39062642822969595,-1.9072678354361732,1.092048369156588,-0.6192448260564131,1.8314271471592711,-0.9098211008083231,0.5720279197353038,2.490765066104216,-0.45974649415900753,-2.1099055122962174,-2.1713681886236746,-0.26228616495138807
-0.6156221488799396,0.2680644808323513,-0.0538651984375958,1.0015358028440493,-0.4852669194708199,-0.6756934397301976,0.14461090011257802,-0.6593953917541061,0.7859460512190365,-0.2158167769441807,-0.1413473244607061,-0.4014830678366994,-0.45974649415900753,-0.1126780150629839,-0.07479066767254888,-0.26228616495138807
0.16433486422713542,0.2505772819501359,1.2693731230062728,-0.43598128459304014,-1.0373364517107093,0.6174596757610765,-1.1663781558901802,-0.07052042818796378,-1.2672276673141958,-0.2158167769441807,-0.1413473244607061,-0.4014830678366994,-0.45974649415900753,-0.1126780150629839,-0.07479066767254888,-0.26228616495138807
0.14619632903859983,0.5303724640655603,-0.002971416843601321,1.864046055306302,0.12989627359648548,-1.2299019177978865,0.9708645068370055,-0.29804030047488245,1.3905616247748347,-0.2158167769441807,-0.854722568656716,-0.4014830678366994,2.1751117468100603,0.8859357335536329,2.0217868532785768,-0.26228616495138807
-0.1258816987894498,-0.09916669569414267,-0.9699532671295037,0.15593751611634962,0.7923797122843528,-0.22924772128678156,0.7174800674415145,-0.016986340591041073,0.8363306823486854,-0.2158167769441807,-0.1413473244607061,-0.4014830678366994,-0.45974649415900753,-0.1126780150629839,-0.07479066767254888,-0.26228616495138807
-0.4886524025601826,-0.5363466677494909,1.4559836555175891,-0.6389248734076886,-1.7786869664328468,0.10943523753236167,-1.32061216247874,0.04993126890511137,-1.556939296309684,-0.9098211008083231,-0.1413473244607061,2.490765066104216,-0.45974649415900753,-1.1112917636796007,-2.1713681886236746,-0.26228616495138807
1.0349845532768938,0.7926804472987692,0.9979396211716339,0.1390255503817966,-0.02783787847205435,0.5712756359221025,-0.4282582672163583,0.156999444098953,-0.6374197781935722,-0.2158167769441807,-0.1413473244607061,-0.4014830678366994,-0.45974649415900753,-0.1126780150629839,-0.07479066767254888,-0.26228616495138807
-1.4499947675526266,0.18062848642128168,-1.86907674195675,0.37579307066555107,0.4769114081472731,-0.18306368144780746,0.4640956280460234,-1.2081197896225573,1.6676770959879095,0.4781875469199617,-0.1413473244607061,-0.4014830678366994,-0.45974649415900753,0.8859357335536329,-0.07479066767254888,-0.26228616495138807
-0.18029730435506178,0.1456540886568533,1.2184793414122783,0.20667341332001113,-1.289711095020373,-0.059906241877209936,-0.8579101427130605,-0.24450621287796165,-0.7507851982352851,-0.2158167769441807,-0.1413473244607061,-0.4014830678366994,-0.45974649415900753,-0.1126780150629839,-0.07479066767254888,-0.26228616495138807
0.38199728648957565,1.1773988227074736,0.11578074020905407,0.6802084538875225,0.2245367648376094,0.41732883645885555,-0.1418236835518901,-0.6192448260564131,0.4206574755290741,-0.2158167769441807,-0.1413473244607061,-0.4014830678366994,-0.45974649415900753,-0.1126780150629839,-0.07479066767254888,-0.26228616495138807
1.053123088465432,-0.4489106733384213,-0.41012166959555957,-1.0786359825060914,1.29712899890368,0.5866703158684271,0.4861290575586747,1.1206130208435503,-0.4988620425870358,-0.2158167769441807,-0.854722568656716,-0.4014830678366994,2.1751117468100603,0.8859357335536329,2.0217868532785768,-0.26228616495138807
-0.1984358395435974,0.8801164417098388,-0.9020948916708451,1.1030075972513722,0.666192390629521,-0.22924772128678156,0.6293463493909088,-0.8199976545448723,1.4913308870341342,-0.2158167769441807,0.5720279197353038,-0.4014830678366994,-0.45974649415900753,-1.1112917636796007,-0.07479066767254888,-0.26228616495138807
-0.9965313878392106,0.11067969089242496,0.04792236475039557,0.49417683080742947,-0.9111491300558774,-0.35240516085737905,-0.38419140819105546,-0.8199976545448723,0.3324843710521865,0.4781875469199617,0.5720279197353038,-0.4014830678366994,-0.45974649415900753,-0.1126780150629839,-0.07479066767254888,-0.26228616495138807
1.3977552570476266,0.23309008306792298,0.6586477438783341,-1.1462838454443083,0.603098729802105,1.248641553560389,-0.4723251262416611,0.8529425828589386,-1.3428046140086716,0.4781875469199617,0.5720279197353038,-0.4014830678366994,-0.45974649415900753,-0.1126780150629839,-0.07479066767254888,-0.26228616495138807
0.8717377365800655,0.49539806630113187,0.3193558665850344,-0.46980521606214865,0.46113799294041913,0.8637745549022717,-0.2960576901404499,0.26406761929279843,-0.5870351470639235,0.4781875469199617,-0.1413473244607061,-0.4014830678366994,-0.45974649415900753,0.8859357335536329,-0.07479066767254888,-0.26228616495138807
0.21875046979274484,-0.6587570599249889,2.355107130344833,-0.13156590137106874,-1.9995147793288024,-0.46016792048165195,-1.0672277230832488,0.665573276269713,-1.8466509253051704,-0.2158167769441807,-0.1413473244607061,-0.4014830678366994,-0.45974649415900753,-0.1126780150629839,-0.07479066767254888,-0.26228616495138807
0.7629065254488441,-0.22157708786964067,0.4890018052316843,0.6294725566838609,0.20876334963075543,-0.7680615194081458,0.695446637928863,0.7324908857658654,0.10575353096876239,0.4781875469199617,-0.1413473244607061,-0.4014830678366994,-0.45974649415900753,0.8859357335536329,-0.07479066767254888,-0.26228616495138807
-0.5249294729372564,0.040730895363568255,-0.08779438616692625,0.3081452077273365,-0.37485301302284196,-0.24464240123310627,-0.08674010977026161,-0.4184919975679557,0.2946958977049512,-0.2158167769441807,-0.1413473244607061,-0.4014830678366994,-0.45974649415900753,-0.1126780150629839,-0.07479066767254888,-0.26228616495138807
0.055503653095916615,-0.18660269010521233,0.14970992793838453,-0.4528932503275932,-0.09093153929947029,0.2479873570492839,-0.24097411635882138,0.18376648789741626,-0.44847741145738523,-0.9098211008083231,-0.1413473244607061,2.490765066104216,-0.45974649415900753,-1.1112917636796007,-2.1713681886236746,-0.26228616495138807
1.089400158842503,0.7926804472987692,0.7604353070663231,0.544912728011091,0.2403101800444634,0.20180331721030983,0.02342703779299539,0.19715000979664407,-0.15876578246189874,0.4781875469199617,-0.854722568656716,-0.4014830678366994,2.1751117468100603,1.8845494821702495,2.0217868532785768,-0.26228616495138807
0.6177982439405515,-0.8511162476293411,1.998850659186869,1.1537434944550362,-1.3212579254340813,-1.7995050758119004,0.364945195239092,1.1072294989443188,-0.6248236204111605,-0.2158167769441807,-0.1413473244607061,-0.4014830678366994,-0.45974649415900753,-0.1126780150629839,-0.07479066767254888,-0.26228616495138807
0.5089670328093326,2.121707562347027,0.18363911566771499,0.3419691391964426,0.27185701045817134,1.5565351524868827,-0.9240104312510148,-1.2482703553202463,0.11834968875117415,-0.9098211008083231,0.5720279197353038,2.490765066104216,-0.45974649415900753,-2.1099055122962174,-2.1713681886236746,-0.26228616495138807
0.7810450606373822,-1.2533218219202609,0.08185155247972362,-0.18230179857473025,0.603098729802105,-0.9374029988177174,1.092048369156588,1.5355021997196947,-0.1965542558091358,-0.2158167769441807,-0.854722568656716,-0.4014830678366994,2.1751117468100603,0.8859357335536329,2.0217868532785768,-0.26228616495138807
0.8535992013915272,0.040730895363568255,0.5568601806903452,1.7287503294298705,0.2245367648376094,-1.5377955167243804,1.2572990905014736,0.5986556667735605,0.8741191556959224,-0.2158167769441807,-0.1413473244607061,-0.4014830678366994,-0.45974649415900753,-0.1126780150629839,-0.07479066767254888,-0.26228616495138807
-0.6337606840684779,0.7052444528876995,-0.8512011100768507,-0.4528932503275932,0.2403101800444634,1.0331160343118433,-0.5714755590485924,-1.0073669611340998,0.2946958977049512,-0.2158167769441807,-0.854722568656716,-0.4014830678366994,2.1751117468100603,0.8859357335536329,2.0217868532785768,-0.26228616495138807
-0.3254055858633544,-1.3407578163313305,1.0488334027656283,-1.7043787146845897,-1.258164264606665,0.37114479661988153,-1.1443447263775286,0.7860249733627862,-2.0481894498237696,0.4781875469199617,-0.1413473244607061,-0.4014830678366994,-0.45974649415900753,0.8859357335536329,-0.07479066767254888,-0.26228616495138807
-0.34354412105189003,0.40796207189006223,0.4211434297730234,1.9655178497136274,-0.6903213171599217,-1.4300327571001077,0.5412126313403032,-0.5657107384594923,1.1512346269089988,-0.2158167769441807,-0.1413473244607061,-0.4014830678366994,-0.45974649415900753,-0.1126780150629839,-0.07479066767254888,-0.26228616495138807
-0.08960462841237857,0.6352956573588429,-0.03690060457292937,0.2912332419927811,-0.04361129367890833,0.294171396888258,-0.24097411635882138,-0.5523272165602625,0.24431126657529886,-0.2158167769441807,-0.1413473244607061,-0.4014830678366994,-0.45974649415900753,-0.1126780150629839,-0.07479066767254888,-0.26228616495138807
0.49082849762079445,1.7020147891738915,-0.2404757309489097,0.02064179023991815,0.6504189754226669,1.4795617527552594,-0.6045257033175695,-0.9404493516379455,0.19392663544565006,-0.2158167769441807,-0.1413473244607061,-0.4014830678366994,-0.45974649415900753,-0.1126780150629839,-0.07479066767254888,-0.26228616495138807
-0.27098998029774496,0.6178084584766299,0.1327453340737205,0.9507999056403879,-0.35907959781598797,-0.32161580096472975,-0.02063982123230738,-0.6727789136533378,0.6095998422652612,-0.2158167769441807,-0.1413473244607061,-0.4014830678366994,-0.45974649415900753,-0.1126780150629839,-0.07479066767254888,-0.26228616495138807
1.089400158842503,0.8101676461809821,0.8622228702543144,0.5280007622765379,0.14566968880333947,0.23259267710295922,-0.0647066802576102,0.18376648789741434,-0.24693888693878638,-0.2158167769441807,-0.1413473244607061,-0.4014830678366994,-0.45974649415900753,-0.1126780150629839,-0.07479066767254888,-0.26228616495138807
0.25502754016981866,0.11067969089242496,2.473859287397486,0.15593751611634962,-2.078381855363072,-0.04451156193088524,-1.4197625952856712,0.10346535650203217,-1.7206893474810439,-0.2158167769441807,-0.1413473244607061,-0.4014830678366994,-0.45974649415900753,-0.1126780150629839,-0.07479066767254888,-0.26228616495138807
0.7810450606373822,1.1249372260608324,-0.5797676082422094,0.9169759741712793,1.2182619228694105,0.15561927737133577,0.7395134969541659,-0.28465677857565086,1.1134461535617601,0.4781875469199617,0.5720279197353038,-0.4014830678366994,-0.45974649415900753,-0.1126780150629839,-0.07479066767254888,-0.26228616495138807
1.6516947496871406,-0.09916669569414267,0.5398955868256787,0.6125605909493079,0.9343404491460388,-0.6449040798375483,1.1140817986692397,1.2945988055335462,0.05536889983911359,-0.2158167769441807,-0.1413473244607061,-0.4014830678366994,-0.45974649415900753,-0.1126780150629839,-0.07479066767254888,-0.26228616495138807
-0.4886524025601826,-1.0609626342159089,-1.1395992057761535,-1.3661393999935099,0.634645560215813,0.3095660768345827,0.221727903406858,0.451436925882026,-0.17136194024431228,-0.2158167769441807,-0.1413473244607061,-0.4014830678366994,-0.45974649415900753,-0.1126780150629839,-0.07479066767254888,-0.26228616495138807
-0.10774316360091418,0.4604236685367035,-0.5119092327835509,-0.09774196990196028,0.3822709169061492,0.494302236190479,-0.08674010977026161,-0.43187551946718733,0.307292055487363,0.4781875469199617,-0.1413473244607061,-0.4014830678366994,-0.45974649415900753,0.8859357335536329,-0.07479066767254888,-0.26228616495138807
0.23688900498128304,0.5303724640655603,0.4890018052316843,0.9338879399058324,-0.24866569136801012,-0.38319452075002847,0.10054404108727528,-0.23112269097873003,0.3324843710521865,0.4781875469199617,-0.854722568656716,-0.4014830678366994,2.1751117468100603,1.8845494821702495,2.0217868532785768,-0.26228616495138807
1.21636990516226,-0.1691154912229969,0.1327453340737205,1.0691836657822662,0.9343404491460388,-1.1221391581736138,1.4555999561153363,1.0269283675489347,0.6977729467421488,-0.2158167769441807,-0.1413473244607061,-0.4014830678366994,-0.45974649415900753,-0.1126780150629839,-0.07479066767254888,-0.26228616495138807
0.23688900498128304,-1.638040197328968,-0.8681657039415147,0.20667341332001113,1.0132075251803085,-1.6301635964023289,1.8742351168557132,1.428434024525851,0.7985422090014482,0.4781875469199617,-0.1413473244607061,-0.4014830678366994,-0.45974649415900753,0.8859357335536329,-0.07479066767254888,-0.26228616495138807
-0.2891285154862806,1.1599116238252607,-0.15565276162558475,0.7816802482948478,-0.10670495450632426,0.3095660768345827,-0.29605769014044986,-1.101051614428712,0.6977729467421488,-0.2158167769441807,-0.1413473244607061,-0.4014830678366994,-0.45974649415900753,-0.1126780150629839,-0.07479066767254888,-0.26228616495138807
0.12805779385006164,1.3872452092940413,2.5756468505854797,0.02064179023991815,-2.2834362530521743,1.2024575137214149,-2.4553337823802868,-0.9672163954364069,-1.897035556434821,-0.2158167769441807,-0.1413473244607061,-0.4014830678366994,-0.45974649415900753,-0.1126780150629839,-0.07479066767254888,-0.26228616495138807
0.309443145735428,1.597091595880609,-0.20654654321957924,1.0015358028440493,0.46113799294041913,0.494302236190479,-0.03165653598863311,-0.9939834392348683,0.8993114712607477,-0.2158167769441807,-0.1413473244607061,-0.4014830678366994,-0.45974649415900753,-0.1126780150629839,-0.07479066767254888,-0.26228616495138807
0.6903523846946991,1.4047324081762567,0.33632046044969843,1.1368315287204809,0.28763042566502534,0.20180331721030983,0.05647718206197248,-0.5657107384594923,0.5970036844828495,0.4781875469199617,-0.1413473244607061,-0.4014830678366994,-0.45974649415900753,0.8859357335536329,-0.07479066767254888,-0.26228616495138807
0.5815211735634777,0.3205260774789926,0.04792236475039557,0.2912332419927811,0.46113799294041913,0.017067157854413532,0.30986162145746354,0.18376648789741434,0.1813304776632365,1.1721918707841041,-0.1413473244607061,-0.4014830678366994,-0.45974649415900753,1.8845494821702495,-0.07479066767254888,-0.26228616495138807
1.3977552570476266,0.040730895363568255,0.6756123377429982,0.15593751611634962,0.5873253145952511,-0.10609028171618401,0.4861290575586748,1.0001613237504752,-0.38549662254532285,-0.2158167769441807,-0.1413473244607061,-0.4014830678366994,-0.45974649415900753,-0.1126780150629839,-0.07479066767254888,-0.26228616495138807
0.12805779385006164,0.02324369648135532,-0.5288738266482149,0.1897614475854581,0.603098729802105,-0.1522743215551581,0.5301959165839776,0.07669831270357082,0.5340228955707871,1.1721918707841041,-0.1413473244607061,-0.4014830678366994,-0.45974649415900753,1.8845494821702495,-0.07479066767254888,-0.26228616495138807
-0.4523753321831114,0.7052444528876995,1.3202669046002695,-0.2499496615129472,-1.6209528143643068,0.8483798749559469,-1.7392473232191166,-0.8735317421417951,-1.166458405054898,1.1721918707841041,-0.1413473244607061,-0.4014830678366994,-0.45974649415900753,1.8845494821702495,-0.07479066767254888,-0.26228616495138807
-0.144020233977988,0.7751932484165538,1.6086650002995724,1.0015358028440493,-1.6209528143643068,-0.22924772128678156,-0.9680772902763175,-0.6995459574517972,-0.44847741145738523,1.1721918707841041,-0.1413473244607061,-0.4014830678366994,-0.45974649415900753,1.8845494821702495,-0.07479066767254888,-0.26228616495138807
1.3977552570476266,0.5478596629477732,0.30239127272037036,-0.3006855587166087,0.9343404491460388,0.7560117952779988,0.11156075584360099,0.6120391886727903,-0.448477411457387,-0.2158167769441807,-0.1413473244607061,-0.4014830678366994,-0.45974649415900753,-0.1126780150629839,-0.07479066767254888,-0.26228616495138807
-0.16215876916652358,-1.655527396211181,0.28542667885570394,0.15593751611634962,-0.40639984343654995,-1.5993742365096792,0.8606973592737485,1.1473800646420098,-0.09578499354983641,0.4781875469199617,-0.1413473244607061,-0.4014830678366994,-0.45974649415900753,0.8859357335536329,-0.07479066767254888,-0.26228616495138807
0.16433486422713542,1.6145787947628218,-0.5967322021068758,0.9000640084367263,0.6977392210432289,0.6020649958147519,0.056477182061972504,-1.1144351363279414,1.113446153561762,-0.2158167769441807,-0.854722568656716,-0.4014830678366994,2.1751117468100603,0.8859357335536329,2.0217868532785768,-0.26228616495138807
-0.5249294729372564,-0.25655148563406655,-0.6815551714302008,0.9338879399058324,0.17721651921704745,-1.0759551183346396,0.8937475035427257,-0.19097212528103893,1.2016192580386478,-0.2158167769441807,-0.1413473244607061,-0.4014830678366994,-0.45974649415900753,-0.1126780150629839,-0.07479066767254888,-0.26228616495138807
-0.8877001767079893,0.21560288418570756,-1.3601389260168002,0.22358537905456655,0.4926848233541271,-0.013722202038235855,0.3539284804827663,-0.8199976545448704,1.176426942473824,-0.2158167769441807,-0.854722568656716,-0.4014830678366994,2.1751117468100603,0.8859357335536329,2.0217868532785768,-0.26228616495138807
0.309443145735428,-1.2708090208024765,0.7604353070663231,-1.6029069202772668,-0.4379466738502579,0.3403554367272321,-0.549442129535941,1.2009141522389326,-1.7584778208282827,-0.2158167769441807,-0.1413473244607061,-0.4014830678366994,-0.45974649415900753,-0.1126780150629839,-0.07479066767254888,-0.26228616495138807
0.47268996243225886,1.5621171981161805,-0.20654654321957924,1.0184477685786024,0.603098729802105,0.44811819635150496,0.10054404108727524,-0.8467646983433318,0.9119076290431595,1.1721918707841041,-0.1413473244607061,-0.4014830678366994,-0.45974649415900753,1.8845494821702495,-0.07479066767254888,-0.26228616495138807
-0.23471290992067118,0.5653468618299862,2.3042133487508383,0.3081452077273365,-2.34652991387959,0.21719799715663451,-1.794330897000745,-0.6058613041571834,-1.481362349615208,-0.2158167769441807,-0.1413473244607061,-0.4014830678366994,-0.45974649415900753,-0.1126780150629839,-0.07479066767254888,-0.26228616495138807
-0.144020233977988,1.1074500271786194,1.5917004064349085,-0.08083000416740725,-1.6051793991574528,1.048510714258168,-1.8714479002950244,-0.9538328735371772,-1.2420353517493723,-0.9098211008083231,-0.1413473244607061,2.490765066104216,-0.45974649415900753,-1.1112917636796007,-2.1713681886236746,-0.26228616495138807
0.40013582167811124,-0.5363466677494909,1.7952755328108887,0.7647682825602924,-1.3212579254340813,-1.1683231980125877,-0.08674010977026164,0.7057238419674041,-0.7633813560176987,1.1721918707841041,-0.854722568656716,-0.4014830678366994,2.1751117468100603,2.883163230786866,2.0217868532785768,-0.26228616495138807
0.8173221310144535,1.4921684025873263,0.1327453340737205,0.5956486252147525,0.5873253145952511,0.7714064752243235,-0.14182368355189007,-0.5389436946610329,0.3450805288345982,-0.2158167769441807,-0.1413473244607061,-0.4014830678366994,-0.45974649415900753,-0.1126780150629839,-0.07479066767254888,-0.26228616495138807
0.47268996243225886,-0.22157708786964067,-0.002971416843601321,0.1390255503817966,0.4138177473198572,-0.32161580096472975,0.5191792018276519,0.5183545353781784,0.10575353096876418,-0.2158167769441807,-0.1413473244607061,-0.4014830678366994,-0.45974649415900753,-0.1126780150629839,-0.07479066767254888,-0.26228616495138807
-0.5067909377487207,0.7577060495343408,0.828293682524984,0.5787366594801995,-1.2108440189861032,0.14022459742501106,-0.9460438607636662,-0.9538328735371772,-0.18395809802672405,-0.2158167769441807,-0.1413473244607061,-0.4014830678366994,-0.45974649415900753,-0.1126780150629839,-0.07479066767254888,-0.26228616495138807
0.38199728648957565,-0.27403868451628194,-0.8342365162121842,-0.04700607269829879,1.1078480164214324,-0.19845836139413217,0.915780933055377,0.4915874915797171,0.5844075267004359,-0.2158167769441807,-0.1413473244607061,-0.4014830678366994,-0.45974649415900753,-0.1126780150629839,-0.07479066767254888,-0.26228616495138807
-0.2528514451092068,1.352270811529613,-0.8342365162121842,0.9677118713749409,0.5557784841815431,0.3095660768345827,0.1666443296252295,-1.221503311521785,1.3401769936451842,-0.2158167769441807,-0.854722568656716,-0.4014830678366994,2.1751117468100603,0.8859357335536329,2.0217868532785768,-0.26228616495138807
0.6903523846946991,-0.5888082643961322,-0.25744032481357615,0.460352899338321,0.8396999579049147,-0.9374029988177174,1.2572990905014736,0.9600107580527841,0.5340228955707871,0.4781875469199617,-0.854722568656716,-0.4014830678366994,2.1751117468100603,1.8845494821702495,2.0217868532785768,-0.26228616495138807
1.2345084403507982,-0.3439874800451362,1.2524085291416087,0.1390255503817966,-0.09093153929947029,-0.42937856058900253,0.24376133291950935,1.174147108440471,-0.8263621449297592,-0.2158167769441807,-0.1413473244607061,-0.4014830678366994,-0.45974649415900753,-0.1126780150629839,-0.07479066767254888,-0.26228616495138807
0.5271055679978682,-0.4489106733384213,1.6086650002995724,-0.5036291475312571,-1.0373364517107093,0.0632511976933876,-0.7697764246624549,0.7324908857658654,-1.5695354540920956,-0.9098211008083231,-0.854722568656716,2.490765066104216,2.1751117468100603,-0.1126780150629839,-0.07479066767254888,-0.26228616495138807
-1.8490425417004306,0.7751932484165538,0.16667452180304856,0.9677118713749409,-1.7629135512259926,-0.19845836139413217,-1.0892611525959002,-1.957597015979462,0.5970036844828495,-0.2158167769441807,-0.1413473244607061,-0.4014830678366994,-0.45974649415900753,-0.1126780150629839,-0.07479066767254888,-0.26228616495138807
0.03736511790737843,0.4779108674189165,0.6925769316076646,-0.3345094901857172,-0.6114542411256517,0.7252224353853494,-0.9460438607636662,-0.33819086617257355,-0.7633813560176987,0.4781875469199617,-0.854722568656716,-0.4014830678366994,2.1751117468100603,1.8845494821702495,2.0217868532785768,-0.26228616495138807
1.470309397801774,-1.3407578163313305,0.2514974911263735,-1.5352590573390497,1.0447543555940164,0.21719799715663451,0.5742627756092804,2.1109936413866053,-1.3302084562262582,-0.2158167769441807,-0.1413473244607061,-0.4014830678366994,-0.45974649415900753,-0.1126780150629839,-0.07479066767254888,-0.26228616495138807
0.5089670328093326,1.5096556014695393,-0.3592278880015651,0.6802084538875225,0.7766062970774988,0.7098277554390248,0.03444375254932109,-0.7798470888471793,0.773349893436623,-0.2158167769441807,-0.854722568656716,-0.4014830678366994,2.1751117468100603,0.8859357335536329,2.0217868532785768,-0.26228616495138807
0.20061193460420923,0.2680644808323513,0.6925769316076646,-0.19921376430928328,-0.46949350426396586,0.41732883645885555,-0.6265591328302208,-0.05713690628873406,-0.6626120937583975,-0.2158167769441807,-0.1413473244607061,-0.4014830678366994,-0.45974649415900753,-0.1126780150629839,-0.07479066767254888,-0.26228616495138807
-1.3411635564214053,0.49539806630113187,0.3872142420436953,-0.19921376430928328,-1.5263123231231828,0.6174596757610765,-1.5078963133362768,-1.3687220524133217,-0.4358812536749735,-0.9098211008083231,-0.1413473244607061,2.490765066104216,-0.45974649415900753,-1.1112917636796007,-2.1713681886236746,-0.26228616495138807
-0.03518902284676659,0.6527828562410558,0.4890018052316843,0.4096170021346595,-0.4852669194708199,0.20180331721030983,-0.48334184099798677,-0.5255601727617992,-0.05799652020259936,0.4781875469199617,-0.1413473244607061,-0.4014830678366994,-0.45974649415900753,0.8859357335536329,-0.07479066767254888,-0.26228616495138807
-0.3979597266174994,0.11067969089242496,0.6925769316076646,0.27432127625822805,-0.9900162060901473,-0.1522743215551581,-0.582492273804918,-0.37834143187026464,-0.3099196758508488,-0.2158167769441807,-0.1413473244607061,-0.4014830678366994,-0.45974649415900753,-0.1126780150629839,-0.07479066767254888,-0.26228616495138807
0.40013582167811124,0.9675524361209085,1.2015147475476142,0.17284948185090265,-0.7691883931941916,0.6944330754927001,-1.0341775788142715,-0.445259041366419,-0.7633813560176987,-0.9098211008083231,-0.1413473244607061,2.490765066104216,-0.45974649415900753,-1.1112917636796007,-2.1713681886236746,-0.26228616495138807
-0.23471290992067118,-0.4489106733384213,1.1506209659536197,-1.298491537055293,-1.2739376798135191,0.7868011551706482,-1.4528127395546482,0.17038296599818462,-1.8214586097403451,-0.2158167769441807,0.5720279197353038,-0.4014830678366994,-0.45974649415900753,-1.1112917636796007,-0.07479066767254888,-0.26228616495138807
0.38199728648957565,0.6003212595944145,0.013993177021065112,-0.48671718179670165,0.3191772560787333,0.9715373145265445,-0.472325126241661,-0.17758860338180732,-0.3729004647629111,-0.2158167769441807,-0.854722568656716,-0.4014830678366994,2.1751117468100603,0.8859357335536329,2.0217868532785768,-0.26228616495138807
1.252646975539334,0.9675524361209085,0.930081245712973,-0.13156590137106874,0.2245367648376094,0.9715373145265445,-0.5384254147796151,0.18376648789741434,-0.7885736715825222,-0.2158167769441807,-0.1413473244607061,-0.4014830678366994,-0.45974649415900753,-0.1126780150629839,-0.07479066767254888,-0.26228616495138807
1.1075386940310412,1.8593995791138178,1.0657979966302948,0.32505717346188956,-0.02783787847205435,1.341009633238337,-0.9790940050326431,-0.6058613041571834,-0.5492466737166863,-0.2158167769441807,-0.1413473244607061,-0.4014830678366994,-0.45974649415900753,-0.1126780150629839,-0.07479066767254888,-0.26228616495138807
-0.18029730435506178,0.005756497599142387,0.9979396211716339,0.08828965317813268,-1.0846566973312712,-0.07530092182353462,-0.7036761361245008,-0.13743803768411814,-0.6752082515408111,-0.2158167769441807,-0.854722568656716,-0.4014830678366994,2.1751117468100603,0.8859357335536329,2.0217868532785768,-0.26228616495138807
0.45455142724372066,0.6877572540054842,0.8791874641189785,-0.06391803843285182,-0.42217325864340394,0.6636437156000506,-0.7697764246624549,-0.19097212528103893,-0.7004005671056346,-0.2158167769441807,-0.1413473244607061,-0.4014830678366994,-0.45974649415900753,-0.1126780150629839,-0.07479066767254888,-0.26228616495138807
0.9624304125227486,-0.2915258833984949,0.1327453340737205,-1.298491537055293,0.7135126362500829,0.9253532746875704,-0.16385711306454148,0.9332437142543227,-1.065689142795597,-0.2158167769441807,-0.854722568656716,-0.4014830678366994,2.1751117468100603,0.8859357335536329,2.0217868532785768,-0.26228616495138807
0.23688900498128304,0.058218094245783676,1.082762590494959,-0.6896607706113501,-0.8007352236078995,0.6790383955463754,-1.0451942935705976,0.13023240030049354,-1.3176122984438463,-0.2158167769441807,0.5720279197353038,-0.4014830678366994,-0.45974649415900753,-1.1112917636796007,-0.07479066767254888,-0.26228616495138807
0.3275816809239662,-0.06419229792971431,-0.4779800450542205,2.185373404262829,0.7292860514569368,-2.0458199549530955,1.9733855496626445,0.29083466309125977,1.9825810405482212,-0.2158167769441807,0.5720279197353038,-0.4014830678366994,-0.45974649415900753,-1.1112917636796007,-0.07479066767254888,-0.26228616495138807
0.6722138495061609,-0.4489106733384213,0.14970992793838453,-0.14847786710562177,0.44536457773356514,-0.2600370811794309,0.49714577231500034,0.839559060959709,-0.2217465713739611,0.4781875469199617,-0.1413473244607061,-0.4014830678366994,-0.45974649415900753,0.8859357335536329,-0.07479066767254888,-0.26228616495138807
0.5996597087520158,0.7926804472987692,0.9470458395776394,0.3927050364001065,-0.35907959781598797,0.3403554367272321,-0.4943585557543124,-0.1642050814825776,-0.41068893811014817,0.4781875469199617,-0.854722568656716,-0.4014830678366994,2.1751117468100603,1.8845494821702495,2.0217868532785768,-0.26228616495138807
0.23688900498128304,0.49539806630113187,-0.2404757309489097,-0.38524538738937864,0.4295911625267112,0.7868011551706482,-0.2630075458714728,-0.20435564718026866,-0.10838115133224994,-0.2158167769441807,-0.1413473244607061,-0.4014830678366994,-0.45974649415900753,-0.1126780150629839,-0.07479066767254888,-0.26228616495138807
0.21875046979274484,0.11067969089242496,0.16667452180304856,0.7647682825602924,0.03525578235536159,-0.5987200399985741,0.4530789132896976,0.07669831270357082,0.44584979109389944,-0.2158167769441807,-0.1413473244607061,-0.4014830678366994,-0.45974649415900753,-0.1126780150629839,-0.07479066767254888,-0.26228616495138807
-0.6337606840684779,0.5828340607122016,0.4890018052316843,-0.8080445307532285,-1.0057896212970014,1.248641553560389,-1.5960300313868825,-0.9136823078394861,-0.9649198805362975,-0.2158167769441807,-0.854722568656716,-0.4014830678366994,2.1751117468100603,0.8859357335536329,2.0217868532785768,-0.26228616495138807
-0.6518992192570134,1.2823220160007587,0.04792236475039557,0.9338879399058324,-0.6114542411256517,0.2787767169419333,-0.6265591328302208,-1.4624067057079353,0.6599844733949101,-0.2158167769441807,0.5720279197353038,-0.4014830678366994,-0.45974649415900753,-1.1112917636796007,-0.07479066767254888,-0.26228616495138807
0.7810450606373822,-0.27403868451628194,1.1845501536829477,-1.1124599139751998,-0.42217325864340394,0.7714064752243235,-0.8468934279567348,0.7860249733627882,-1.7080931896986322,-0.9098211008083231,0.5720279197353038,2.490765066104216,-0.45974649415900753,-2.1099055122962174,-2.1713681886236746,-0.26228616495138807
-0.2528514451092068,-0.4489106733384213,-1.716395397174764,0.9677118713749409,1.37599607493795,-1.2760859576368608,1.874235116855713,0.1569994440989549,1.995177198330633,-0.2158167769441807,-0.1413473244607061,-0.4014830678366994,-0.45974649415900753,-0.1126780150629839,-0.07479066767254888,-0.26228616495138807
0.4364128920551851,-0.32650028116292323,-0.0538651984375958,2.117725541324612,0.4295911625267112,-2.215161434362667,1.8852518316120388,0.5718886229750992,1.6172924648582587,0.4781875469199617,-0.1413473244607061,-0.4014830678366994,-0.45974649415900753,0.8859357335536329,-0.07479066767254888,-0.26228616495138807
-0.08960462841237857,0.6003212595944145,-0.8172719223475202,0.02064179023991815,0.6819658058363749,0.5096969161368037,0.11156075584360095,-0.5255601727618011,0.6221960000476747,-0.2158167769441807,0.5720279197353038,-0.4014830678366994,-0.45974649415900753,-1.1112917636796007,-0.07479066767254888,-0.26228616495138807
1.143815764408115,-0.4314234744562058,-0.2404757309489097,-0.6389248734076886,1.2182619228694105,0.20180331721030983,0.7064633526851887,1.174147108440471,-0.297323518068437,-0.2158167769441807,-0.1413473244607061,-0.4014830678366994,-0.45974649415900753,-0.1126780150629839,-0.07479066767254888,-0.26228616495138807
0.6540753143176252,-0.5188594688672755,0.16667452180304856,0.5110887965419826,0.4138177473198572,-0.9220083188713927,0.9488310773243541,0.8797096266574,0.25690742435771236,-0.2158167769441807,0.5720279197353038,-0.4014830678366994,-0.45974649415900753,-1.1112917636796007,-0.07479066767254888,-0.26228616495138807
0.6540753143176252,0.21560288418570756,0.4211434297730234,-0.04700607269829879,0.17721651921704745,0.23259267710295922,-0.0426732507449588,0.3176017068897211,-0.3477081491980858,-0.2158167769441807,-0.854722568656716,-0.4014830678366994,2.1751117468100603,0.8859357335536329,2.0217868532785768,-0.26228616495138807
-0.3979597266174994,0.4254492707722752,0.9979396211716339,0.24049734478911958,-1.2739376798135191,0.15561927737133577,-1.0011274345452947,-0.6192448260564131,-0.5618428314990981,-0.2158167769441807,-0.1413473244607061,-0.4014830678366994,-0.45974649415900753,-0.1126780150629839,-0.07479066767254888,-0.26228616495138807
1.016846018088358,1.4047324081762567,1.1506209659536197,0.8662400769676178,-0.18557203054059418,0.44811819635150496,-0.4502916967290097,-0.32480734427334385,-0.20915041359154934,-0.2158167769441807,-0.1413473244607061,-0.4014830678366994,-0.45974649415900753,-0.1126780150629839,-0.07479066767254888,-0.26228616495138807
-1.2686094156672603,-0.5538338666317039,-1.0717408303174951,0.9846238371094963,-0.10670495450632426,-1.3838487172611336,0.915780933055377,-0.5121766508625714,1.5291193603813729,1.1721918707841041,0.5720279197353038,-0.4014830678366994,-0.45974649415900753,0.8859357335536329,-0.07479066767254888,-0.26228616495138807
0.9624304125227486,-0.2915258833984949,0.828293682524984,-1.1124599139751998,0.06680261276906956,0.7560117952779988,-0.4943585557543124,0.9332437142543227,-1.443573876267971,-0.2158167769441807,-0.1413473244607061,-0.4014830678366994,-0.45974649415900753,-0.1126780150629839,-0.07479066767254888,-0.26228616495138807
0.9442918773342105,1.7719635847027482,1.2354439352769446,0.1390255503817966,-0.32753276740228005,1.433377712916285,-1.2545118739407857,-0.6593953917541061,-0.8137659871473475,-0.2158167769441807,0.5720279197353038,-0.4014830678366994,-0.45974649415900753,-1.1112917636796007,-0.07479066767254888,-0.26228616495138807
0.7810450606373822,-0.1691154912229969,1.1675855598182838,-1.044812051036983,-0.40639984343654995,0.8021958351169729,-0.8579101427130605,0.7057238419674041,-1.6451124007865698,-0.2158167769441807,-0.1413473244607061,-0.4014830678366994,-0.45974649415900753,-0.1126780150629839,-0.07479066767254888,-0.26228616495138807
-0.23471290992067118,0.6003212595944145,0.030957770885729135,-0.3345094901857172,-0.23289227616115613,0.8329851950096223,-0.7587597099061293,-0.6326283479556447,-0.2721312025036117,-0.2158167769441807,-0.1413473244607061,-0.4014830678366994,-0.45974649415900753,-0.1126780150629839,-0.07479066767254888,-0.26228616495138807
1.5610020737444572,1.1599116238252607,1.4390190616529226,0.8662400769676178,0.019482367148507602,0.23259267710295922,-0.1528403983082158,0.26406761929279843,-0.4232850958925599,-0.2158167769441807,0.5720279197353038,-0.4014830678366994,-0.45974649415900753,-1.1112917636796007,-0.07479066767254888,-0.26228616495138807
-0.5249294729372564,-0.8336290487471282,-1.1395992057761535,0.5280007622765379,0.603098729802105,-1.2145072378515618,1.2903492347704508,0.2506840973935687,1.2394077313858847,-0.2158167769441807,-0.1413473244607061,-0.4014830678366994,-0.45974649415900753,-0.1126780150629839,-0.07479066767254888,-0.26228616495138807
-0.4342367969945732,-0.37896187780956453,0.81132908866032,-0.960252222364213,-1.1319769429518332,0.5404862760294531,-1.1773948706465058,-0.030369862490272702,-1.3176122984438463,-0.2158167769441807,-0.854722568656716,-0.4014830678366994,2.1751117468100603,0.8859357335536329,2.0217868532785768,-0.26228616495138807
0.41827435686664943,0.058218094245783676,-0.08779438616692625,0.460352899338321,0.44536457773356514,-0.36779984080370376,0.5742627756092804,0.26406761929279843,0.4080613177466624,-0.2158167769441807,0.5720279197353038,-0.4014830678366994,-0.45974649415900753,-1.1112917636796007,-0.07479066767254888,-0.26228616495138807
0.7084909198832346,-0.6412698610427735,0.4890018052316843,-1.0786359825060914,0.16144310401019346,0.41732883645885555,-0.1858905425771929,1.013544845649705,-1.1664584050548963,-0.2158167769441807,-0.1413473244607061,-0.4014830678366994,-0.45974649415900753,-0.1126780150629839,-0.07479066767254888,-0.26228616495138807
-1.2141938101016483,-0.23906428675185362,-1.241386768964145,1.1368315287204809,0.09834944318277751,-1.2452965977442112,0.9598477920806798,-0.7129294793510269,1.7684463582472087,-0.2158167769441807,-0.1413473244607061,-0.4014830678366994,-0.45974649415900753,-0.1126780150629839,-0.07479066767254888,-0.26228616495138807
-0.5430680081257946,-0.30901308228071034,-0.22351113708424566,-2.2962975153939795,-0.2644391065748641,1.8182447115744025,-1.4858628838236254,-0.1642050814825776,-1.5443431385272703,0.4781875469199617,-0.1413473244607061,-0.4014830678366994,-0.45974649415900753,0.8859357335536329,-0.07479066767254888,-0.26228616495138807
0.6540753143176252,1.5096556014695393,-0.5119092327835509,-0.13156590137106874,1.0447543555940164,1.4487723928626097,-0.30707440489677557,-0.6727789136533358,0.2820997399225377,-0.2158167769441807,-0.854722568656716,-0.4014830678366994,2.1751117468100603,0.8859357335536329,2.0217868532785768,-0.26228616495138807
-0.8695616415194536,-0.46639787222063417,0.9131166518483089,2.354493061608369,-1.6051793991574528,-2.55384439318181,0.7064633526851889,-0.28465677857565275,1.075657680214523,-0.2158167769441807,-0.1413473244607061,-0.4014830678366994,-0.45974649415900753,-0.1126780150629839,-0.07479066767254888,-0.26228616495138807
0.18247339941567103,0.6003212595944145,-0.5628030143775454,0.8493281112330624,0.6819658058363749,-0.24464240123310627,0.6513797789035601,-0.32480734427334385,1.0504653646496978,-0.2158167769441807,-0.1413473244607061,-0.4014830678366994,-0.45974649415900753,-0.1126780150629839,-0.07479066767254888,-0.26228616495138807
-0.8332845711423799,0.7402188506521254,0.0648869586150596,0.1897614475854581,-0.7849618084010456,0.4789075562441543,-0.8909602869820377,-1.181352745824094,0.09315737318635064,0.4781875469199617,-0.1413473244607061,-0.4014830678366994,-0.45974649415900753,0.8859357335536329,-0.07479066767254888,-0.26228616495138807
0.5452441031864038,-0.37896187780956453,0.5398955868256787,2.472876821750245,-0.02783787847205435,-2.5846337530744594,1.8301682578304104,0.6923403200681725,1.4409462559044834,-0.2158167769441807,-0.854722568656716,-0.4014830678366994,2.1751117468100603,0.8859357335536329,2.0217868532785768,-0.26228616495138807
-0.1984358395435974,-0.5363466677494909,-2.225333213114714,-0.9095163251605515,1.8965187767641316,0.3557501166735568,1.070014939643937,0.26406761929279843,0.9748884179552235,-0.9098211008083231,-0.1413473244607061,2.490765066104216,-0.45974649415900753,-1.1112917636796007,-2.1713681886236746,-0.26228616495138807
1.579140608932993,0.5828340607122016,0.930081245712973,1.1368315287204809,0.5084582385609812,-0.5217466402669507,0.7284967821978402,0.7191073638666338,0.156138162098413,0.4781875469199617,-0.1413473244607061,-0.4014830678366994,-0.45974649415900753,0.8859357335536329,-0.07479066767254888,-0.26228616495138807
-0.2891285154862806,-1.6905017939756093,-0.545838420512879,-1.2815795713207399,0.2560835952513174,-0.32161580096472975,0.4090120542643949,1.0804624551458573,-0.5492466737166863,-0.2158167769441807,-0.854722568656716,-0.4014830678366994,2.1751117468100603,0.8859357335536329,2.0217868532785768,-0.26228616495138807
0.6540753143176252,-0.5888082643961322,-0.22351113708424566,0.5280007622765379,0.7766062970774988,-0.9989817186030162,1.2572990905014736,0.9332437142543227,0.5592152111356125,0.4781875469199617,-0.854722568656716,-0.4014830678366994,2.1751117468100603,1.8845494821702495,2.0217868532785768,-0.26228616495138807
0.7629065254488441,0.33801327636120554,1.1506209659536197,-0.11465393563651333,-0.40639984343654995,0.40193415651253084,-0.5714755590485924,0.3042181849904895,-0.9397275649714723,-0.2158167769441807,-0.854722568656716,-0.4014830678366994,2.1751117468100603,0.8859357335536329,2.0217868532785768,-0.26228616495138807
-0.18029730435506178,0.5303724640655603,0.11578074020905407,0.6971204196220779,-0.2644391065748641,-0.16766900150148278,-0.0647066802576102,-0.5389436946610329,0.4332536333114877,-0.9098211008083231,-0.854722568656716,2.490765066104216,2.1751117468100603,-0.1126780150629839,-0.07479066767254888,-0.26228616495138807
0.47268996243225886,-0.5188594688672755,0.3702496481790289,-0.672748804876797,0.06680261276906956,0.15561927737133577,-0.0647066802576102,0.7458744076650952,-0.7759775138001105,-0.9098211008083231,-0.854722568656716,2.490765066104216,2.1751117468100603,-0.1126780150629839,-0.07479066767254888,-0.26228616495138807
-0.923977247085063,0.0757052931279966,0.6756123377429982,-0.26686162724750023,-1.431671831882059,0.3095660768345827,-1.2214617296718087,-0.7396965231494882,-0.7004005671056346,-0.9098211008083231,-0.1413473244607061,2.490765066104216,-0.45974649415900753,-1.1112917636796007,-2.1713681886236746,-0.26228616495138807
-0.4160982618060376,-0.7287058554538431,-1.173528393505484,-0.18230179857473025,0.7292860514569368,-0.4755626004279766,0.8496806445174226,0.2506840973935668,0.735561420089386,-0.2158167769441807,-0.1413473244607061,-0.4014830678366994,-0.45974649415900753,-0.1126780150629839,-0.07479066767254888,-0.26228616495138807
0.40013582167811124,-0.2915258833984949,-0.29136951254290416,1.1537434944550362,0.6188721450089589,-1.30687531752951,1.3674662380647307,0.5183545353781766,1.075657680214523,-0.2158167769441807,-0.1413473244607061,-0.4014830678366994,-0.45974649415900753,-0.1126780150629839,-0.07479066767254888,-0.26228616495138807
-1.3955791619870146,0.4254492707722752,-1.4958556769341198,-0.19921376430928328,0.17721651921704745,0.5558809559757778,-0.27402426062779844,-1.35533853051409,0.9622922601728118,-0.2158167769441807,-0.1413473244607061,-0.4014830678366994,-0.45974649415900753,-0.1126780150629839,-0.07479066767254888,-0.26228616495138807
0.055503653095916615,0.6178084584766299,-0.3252987002722346,0.3419691391964426,0.3507240864924413,0.23259267710295922,0.0785106115746239,-0.43187551946718733,0.49623442222354824,-0.2158167769441807,0.5720279197353038,-0.4014830678366994,-0.45974649415900753,-1.1112917636796007,-0.07479066767254888,-0.26228616495138807
-0.8695616415194536,0.6003212595944145,0.6586477438783341,0.27432127625822805,-1.368578171054643,0.2787767169419333,-1.1553614411338544,-1.101051614428712,-0.28472736028602347,-0.2158167769441807,-0.1413473244607061,-0.4014830678366994,-0.45974649415900753,-0.1126780150629839,-0.07479066767254888,-0.26228616495138807
1.470309397801774,-0.37896187780956453,1.2524085291416087,0.08828965317813268,0.11412285838963149,-0.4139838806426778,0.3759619099954178,1.3748999369289285,-0.8641506182769981,0.4781875469199617,0.5720279197353038,-0.4014830678366994,-0.45974649415900753,-0.1126780150629839,-0.07479066767254888,-0.26228616495138807
-0.3072670506748162,-0.7461930543360585,-2.4967667149493527,2.1008135755900588,2.054252928832671,-2.5692390731281343,3.2733578909090766,0.3443687506881825,3.4185430277432416,-0.2158167769441807,-0.1413473244607061,-0.4014830678366994,-0.45974649415900753,-0.1126780150629839,-0.07479066767254888,-0.26228616495138807
-0.9058387118965274,-0.5013722699850626,-0.9699532671295037,-0.38524538738937864,0.11412285838963149,-0.09069560176985932,0.14461090011257807,-0.28465677857565275,0.43325363331148586,-0.2158167769441807,-0.1413473244607061,-0.4014830678366994,-0.45974649415900753,-0.1126780150629839,-0.07479066767254888,-0.26228616495138807
0.3275816809239662,-0.39644907669178,-0.07082979230225982,0.8662400769676178,0.3507240864924413,-1.1375338381199382,1.058998224887611,0.5451215791766397,0.6977729467421488,-0.2158167769441807,0.5720279197353038,-0.4014830678366994,-0.45974649415900753,-1.1112917636796007,-0.07479066767254888,-0.26228616495138807
1.2707855107278696,0.7751932484165538,0.845258276389648,-0.08083000416740725,0.3191772560787333,0.7560117952779988,-0.3180911196531013,0.34436875068818057,-0.6878044093232228,-0.2158167769441807,-0.1413473244607061,-0.4014830678366994,-0.45974649415900753,-0.1126780150629839,-0.07479066767254888,-0.26228616495138807
1.8693571719495807,0.3729876741256339,1.727417157352228,0.9846238371094963,0.019482367148507602,-0.5679306801059247,0.42002876902072056,1.093845977045089,-0.5492466737166846,0.4781875469199617,-0.1413473244607061,-0.4014830678366994,-0.45974649415900753,0.8859357335536329,-0.07479066767254888,-0.26228616495138807
-0.4523753321831114,0.4254492707722752,0.7773999009309895,1.0860956315168193,-1.116203527744979,-0.6141147199448989,-0.34012454916575263,-0.6593953917541061,0.23171510879288712,-0.2158167769441807,-0.1413473244607061,-0.4014830678366994,-0.45974649415900753,-0.1126780150629839,-0.07479066767254888,-0.26228616495138807
0.001088047530304632,0.3030388785967772,0.030957770885729135,0.9000640084367263,-0.02783787847205435,-0.5525360001596,0.3759619099954178,-0.23112269097873003,0.6473883156125001,-0.2158167769441807,-0.1413473244607061,-0.4014830678366994,-0.45974649415900753,-0.1126780150629839,-0.07479066767254888,-0.26228616495138807
1.506586468178848,0.5653468618299862,1.5238420309762475,0.20667341332001113,-0.10670495450632426,0.3095660768345827,-0.29605769014044986,0.6789567981689446,-0.9775160383187093,-0.9098211008083231,-0.854722568656716,2.490765066104216,2.1751117468100603,-0.1126780150629839,-0.07479066767254888,-0.26228616495138807
0.29130461054689244,-0.9560394409226237,-0.25744032481357615,-0.875692393691443,0.4926848233541271,-0.04451156193088524,0.3759619099954178,0.9466272361535525,-0.461073569239797,-0.2158167769441807,-0.854722568656716,-0.4014830678366994,2.1751117468100603,0.8859357335536329,2.0217868532785768,-0.26228616495138807
1.92377277751519,-0.22157708786964067,-0.27440491867824013,-1.0786359825060914,1.9280656071778395,0.7868011551706482,0.7835803559794685,1.5890362873166175,-0.5996313048463352,1.1721918707841041,-0.1413473244607061,-0.4014830678366994,-0.45974649415900753,1.8845494821702495,-0.07479066767254888,-0.26228616495138807
0.5452441031864038,1.5096556014695393,-0.15565276162558475,0.9507999056403879,0.6188721450089589,0.4635128762978296,0.10054404108727528,-0.7530800450487198,0.8237345245662736,1.1721918707841041,-0.854722568656716,-0.4014830678366994,2.1751117468100603,2.883163230786866,2.0217868532785768,-0.26228616495138807
-0.2528514451092068,0.40796207189006223,-1.0717408303174951,0.8493281112330624,0.7766062970774988,-0.4139838806426778,0.8386639297610972,-0.49879312896333977,1.4283500981220718,1.1721918707841041,0.5720279197353038,-0.4014830678366994,-0.45974649415900753,0.8859357335536329,-0.07479066767254888,-0.26228616495138807
-0.4342367969945732,-1.2533218219202609,0.9979396211716339,-1.2308436741170783,-1.3054845102272272,0.017067157854413532,-0.9240104312510148,0.6388062324712517,-1.6577085585689832,-0.2158167769441807,-0.1413473244607061,-0.4014830678366994,-0.45974649415900753,-0.1126780150629839,-0.07479066767254888,-0.26228616495138807
-0.01705048765823098,-0.6587570599249889,0.828293682524984,2.1684614385282757,-0.7849618084010456,-2.55384439318181,1.2793325200141252,0.4915874915797171,1.0000807335200488,-0.2158167769441807,-0.1413473244607061,-0.4014830678366994,-0.45974649415900753,-0.1126780150629839,-0.07479066767254888,-0.26228616495138807
1.2345084403507982,-0.6587570599249889,0.9979396211716339,1.0184477685786024,0.14566968880333947,-1.5070061568317312,1.1801820872071938,1.4150505026266216,0.01758042649187475,-0.2158167769441807,-0.1413473244607061,-0.4014830678366994,-0.45974649415900753,-0.1126780150629839,-0.07479066767254888,-0.26228616495138807
0.21875046979274484,-0.27403868451628194,-0.46101545118955406,-2.245561618190318,0.6188721450089589,1.8028500316280778,-0.8579101427130605,0.37113579448664197,-1.33020845622626,-0.2158167769441807,-0.1413473244607061,-0.4014830678366994,-0.45974649415900753,-0.1126780150629839,-0.07479066767254888,-0.26228616495138807
0.7266294550717702,-0.08167949681192725,-0.03690060457292937,-0.36833342165482325,0.666192390629521,0.2633820369956086,0.2768114771884865,0.5986556667735586,-0.24693888693878638,-0.2158167769441807,-0.1413473244607061,-0.4014830678366994,-0.45974649415900753,-0.1126780150629839,-0.07479066767254888,-0.26228616495138807
0.309443145735428,-0.11665389457635561,-0.7833427346181898,1.0353597343131578,0.9974341099734546,-1.0451657584419902,1.4445832413590107,0.3176017068897192,1.3527731514275976,-0.9098211008083231,0.5720279197353038,2.490765066104216,-0.45974649415900753,-2.1099055122962174,-2.1713681886236746,-0.26228616495138807
-0.724453360011161,0.7227316517699125,-0.07082979230225982,1.0860956315168193,-0.5641339955050898,-0.35240516085737905,-0.1418236835518901,-1.0876680925294822,0.8615229979135106,0.4781875469199617,-0.1413473244607061,-0.4014830678366994,-0.45974649415900753,0.8859357335536329,-0.07479066767254888,-0.26228616495138807
-0.1258816987894498,-1.2533218219202609,0.6756123377429982,-1.213931708382523,-0.7376415627804837,0.0016724779080888352,-0.5163919852669638,0.8663261047581703,-1.4057854029207322,-0.2158167769441807,-0.1413473244607061,-0.4014830678366994,-0.45974649415900753,-0.1126780150629839,-0.07479066767254888,-0.26228616495138807
0.4364128920551851,-0.2915258833984949,0.8791874641189785,0.10520161891268812,-0.4379466738502579,-0.35240516085737905,-0.05368996550128448,0.5451215791766378,-0.5744389892815098,-0.2158167769441807,-0.1413473244607061,-0.4014830678366994,-0.45974649415900753,-0.1126780150629839,-0.07479066767254888,-0.26228616495138807
1.3614781866705528,0.28555167971456424,0.828293682524984,0.08828965317813268,0.4138177473198572,0.17101395731766045,0.1666443296252295,0.7860249733627862,-0.5492466737166863,-0.2158167769441807,-0.1413473244607061,-0.4014830678366994,-0.45974649415900753,-0.1126780150629839,-0.07479066767254888,-0.26228616495138807
-0.3979597266174994,0.49539806630113187,-0.8681657039415147,0.003729824505362714,0.46113799294041913,0.43272351640518025,0.012410323036669682,-0.6727789136533358,0.6473883156124983,-0.2158167769441807,-0.1413473244607061,-0.4014830678366994,-0.45974649415900753,-0.1126780150629839,-0.07479066767254888,-0.26228616495138807
0.9261533421456749,0.5478596629477732,0.6586477438783341,-0.21612573004383873,0.19298993442390142,0.6790383955463754,-0.3511412639220784,0.26406761929279843,-0.6500159359759857,0.4781875469199617,-0.1413473244607061,-0.4014830678366994,-0.45974649415900753,0.8859357335536329,-0.07479066767254888,-0.26228616495138807
-0.9421157822735986,1.474681203705111,-1.1395992057761535,-0.3514214559202702,0.2403101800444634,1.6181138722721815,-0.990110719788969,-1.8237617969871571,0.5844075267004359,-0.9098211008083231,-0.1413473244607061,2.490765066104216,-0.45974649415900753,-1.1112917636796007,-2.1713681886236746,-0.26228616495138807
-0.4886524025601826,0.8101676461809821,0.7773999009309895,-0.5881889762040271,-1.1477503581586872,1.248641553560389,-1.6951804641938135,-0.9805999173356367,-1.015304511665948,3.9482091662406735,4.138904140715353,-0.4014830678366994,-0.45974649415900753,-0.1126780150629839,-0.07479066767254888,-0.26228616495138807
0.6359367791290871,1.7020147891738915,1.3372314984649336,0.9507999056403879,-0.6903213171599217,0.6328543557074013,-0.9350271460073405,-0.833381176444102,-0.28472736028602347,3.9482091662406735,4.138904140715353,-0.4014830678366994,-0.45974649415900753,-0.1126780150629839,-0.07479066767254888,-0.26228616495138807
0.14619632903859983,-0.4838850711028496,0.013993177021065112,1.864046055306302,0.11412285838963149,-2.122793354684719,1.5988172479475702,0.47820396968048734,1.3779654669924213,3.9482091662406735,4.138904140715353,-0.4014830678366994,-0.45974649415900753,-0.1126780150629839,-0.07479066767254888,-0.26228616495138807
-0.1258816987894498,-0.4489106733384213,-0.8172719223475202,-0.43598128459304014,0.6504189754226669,0.0016724779080888352,0.4530789132896976,0.2506840973935687,0.2820997399225377,3.9482091662406735,4.138904140715353,-0.4014830678366994,-0.45974649415900753,-0.1126780150629839,-0.07479066767254888,-0.26228616495138807
0.47268996243225886,-0.2915258833984949,0.04792236475039557,0.2574093105236726,0.36649750169929524,-0.4909572803743013,0.6073129198782573,0.5718886229750992,0.15613816209841122,4.642213490104816,4.138904140715353,-0.4014830678366994,-0.45974649415900753,0.8859357335536329,-0.07479066767254888,-0.26228616495138807
-0.01705048765823098,0.9850396350031214,-2.1574748376560526,0.003729824505362714,1.9911592680052554,0.8637745549022717,0.7725636412231428,-0.7664635669479496,1.6046963070758453,3.9482091662406735,4.138904140715353,-0.4014830678366994,-0.45974649415900753,-0.1126780150629839,-0.07479066767254888,-0.26228616495138807
-0.797007500765306,-0.4838850711028496,-0.6645905775655344,0.6463845224184164,-0.0751581240926163,-1.0143763985493408,0.6734132084162116,-0.2177391690794984,0.9748884179552235,4.642213490104816,4.138904140715353,-0.4014830678366994,-0.45974649415900753,0.8859357335536329,-0.07479066767254888,-0.26228616495138807
0.5633826383749421,1.5446299992339676,0.845258276389648,1.1875674259241422,-0.29598593698857206,0.2787767169419333,-0.4062248377037069,-0.7664635669479496,0.25690742435771236,3.9482091662406735,4.852279384911363,-0.4014830678366994,-0.45974649415900753,-1.1112917636796007,-0.07479066767254888,-0.26228616495138807
0.7266294550717702,0.8276548450631951,0.9640104334423034,1.5596306720843307,-0.2644391065748641,-0.6910881196765223,0.30986162145746354,-0.09728747198642514,0.44584979109389944,4.642213490104816,4.852279384911363,-0.4014830678366994,-0.45974649415900753,-0.1126780150629839,-0.07479066767254888,-0.26228616495138807
0.8354606662029916,0.09319249201021203,0.896152057983645,1.0691836657822662,-0.10670495450632426,-0.8912189589787433,0.5632460608529546,0.5451215791766378,0.1309458465335877,3.9482091662406735,4.852279384911363,-0.4014830678366994,-0.45974649415900753,-1.1112917636796007,-0.07479066767254888,-0.26228616495138807
0.7266294550717702,0.3205260774789926,-0.1726173554902512,-0.18230179857473025,0.7923797122843528,0.44811819635150496,0.23274461816318365,0.2908346630912579,-0.007611889072948758,3.9482091662406735,4.852279384911363,-0.4014830678366994,-0.45974649415900753,-1.1112917636796007,-0.07479066767254888,-0.26228616495138807
-0.18029730435506178,1.474681203705111,-0.5797676082422094,0.6632964881529695,0.3822709169061492,0.6944330754927001,-0.22995740160249567,-1.261653877219478,0.924503786825573,3.9482091662406735,-0.854722568656716,-0.4014830678366994,2.1751117468100603,6.877618225253333,2.0217868532785768,-0.26228616495138807
1.669833284875676,-1.1309114297447629,-0.34226329413690104,-0.85878042795689,1.7703314551092995,-0.21385304134045688,1.389499667577382,2.0976101194873737,-0.38549662254532285,3.9482091662406735,4.852279384911363,-0.4014830678366994,-0.45974649415900753,-1.1112917636796007,-0.07479066767254888,-0.26228616495138807
-1.4499947675526266,-0.27403868451628194,-1.088705424182159,0.2574093105236726,-0.24866569136801012,-0.4755626004279766,0.1666443296252294,-0.8601482202425634,1.000080733520047,3.9482091662406735,4.852279384911363,-0.4014830678366994,-0.45974649415900753,-1.1112917636796007,-0.07479066767254888,-0.26228616495138807
0.16433486422713542,1.054988430531978,0.11578074020905407,0.9507999056403879,0.03525578235536159,0.0632511976933876,-0.02063982123230739,-0.6861624355525674,0.6221960000476747,3.9482091662406735,-0.854722568656716,-0.4014830678366994,2.1751117468100603,6.877618225253333,2.0217868532785768,-0.26228616495138807
0.7084909198832346,-0.2915258833984949,0.6586477438783341,-1.8734983720301297,0.003708951941653619,1.4487723928626097,-1.0341775788142715,0.7458744076650952,-1.8844393986524075,4.642213490104816,-0.854722568656716,-0.4014830678366994,2.1751117468100603,7.87623197386995,2.0217868532785768,-0.26228616495138807
1.3252011162934816,-0.7811674521004844,1.3033023107356032,1.4412469119424522,-0.05938470888576232,-1.9996359151141212,1.389499667577382,1.5756527654173857,0.10575353096876239,-0.9098211008083231,4.852279384911363,2.490765066104216,-0.45974649415900753,-8.101588003995918,-2.1713681886236746,-0.26228616495138807
0.5633826383749421,-0.5188594688672755,1.082762590494959,2.1008135755900588,-0.5168137498845278,-2.369108233825914,1.3344160937957537,0.8127920171612476,0.7607537356542112,-0.2158167769441807,-0.1413473244607061,-0.4014830678366994,-0.45974649415900753,-0.1126780150629839,-0.07479066767254888,-0.26228616495138807
-0.8877001767079893,0.3729876741256339,0.40417883590835935,-0.26686162724750023,-1.1477503581586872,0.5712756359221025,-1.210445014915483,-0.9404493516379455,-0.4988620425870358,-0.2158167769441807,-0.1413473244607061,-0.4014830678366994,-0.45974649415900753,-0.1126780150629839,-0.07479066767254888,-0.26228616495138807
-0.4160982618060376,1.2473476182363303,-1.0547762364528286,-0.28377359298205324,0.6188721450089589,1.3564043131846617,-0.5384254147796151,-1.261653877219478,0.5718113689180242,-0.2158167769441807,-0.1413473244607061,-0.4014830678366994,-0.45974649415900753,-0.1126780150629839,-0.07479066767254888,-0.26228616495138807
-0.6881762896340872,0.9150908394742647,-0.6476259837008703,-0.28377359298205324,0.003708951941653619,1.0639053942044927,-0.7587597099061293,-1.2081197896225553,0.26950358214012593,-0.2158167769441807,-0.1413473244607061,-0.4014830678366994,-0.45974649415900753,-0.1126780150629839,-0.07479066767254888,-0.26228616495138807
0.12805779385006164,-1.3232706174491178,0.9979396211716339,-0.46980521606214865,-0.8165086388147536,-0.7372721595154964,-0.04267325074495882,1.1072294989443188,-1.0908814583604223,-0.9098211008083231,-0.854722568656716,2.490765066104216,2.1751117468100603,-0.1126780150629839,-0.07479066767254888,-0.26228616495138807
-0.8151460359538442,-0.39644907669178,-1.0378116425881645,0.798592214029401,0.2560835952513174,-1.0759551183346396,0.9488310773243541,-0.29804030047488245,1.3653693092100094,-0.2158167769441807,-0.1413473244607061,-0.4014830678366994,-0.45974649415900753,-0.1126780150629839,-0.07479066767254888,-0.26228616495138807
0.38199728648957565,-0.1691154912229969,-0.41012166959555957,0.2912332419927811,0.7135126362500829,-0.4139838806426778,0.7945970707357943,0.411286360184333,0.5214267377883736,-0.9098211008083231,-0.1413473244607061,2.490765066104216,-0.45974649415900753,-1.1112917636796007,-2.1713681886236746,-0.26228616495138807
0.14619632903859983,-0.11665389457635561,-1.2753159566934753,-0.5036291475312571,1.3129024141105343,0.3557501166735568,0.6623964936598861,0.197150009796646,0.5718113689180242,-0.2158167769441807,-0.854722568656716,-0.4014830678366994,2.1751117468100603,0.8859357335536329,2.0217868532785768,-0.26228616495138807
1.6335562144986022,2.0692459657003854,1.0657979966302948,2.033165712651842,0.4295911625267112,-0.02911688198456055,0.32087833621378925,-0.37834143187026653,0.7229652623069723,-0.2158167769441807,-0.1413473244607061,-0.4014830678366994,-0.45974649415900753,-0.1126780150629839,-0.07479066767254888,-0.26228616495138807
1.1075386940310412,-0.6762442588072018,1.727417157352228,1.491982809146116,-0.6430010715393596,-1.9534518752751473,0.9488310773243541,1.3347493712312375,-0.1713619402443105,0.4781875469199617,-0.1413473244607061,-0.4014830678366994,-0.45974649415900753,0.8859357335536329,-0.07479066767254888,-0.26228616495138807
1.4340323274247002,-0.2915258833984949,-0.8851302978061787,-0.6220129076731331,2.0700263440395252,0.3095660768345827,1.2242489462324966,1.2812152836343147,0.19392663544565006,-0.2158167769441807,-0.1413473244607061,-0.4014830678366994,-0.45974649415900753,-0.1126780150629839,-0.07479066767254888,-0.26228616495138807
1.1075386940310412,0.6877572540054842,0.9809750273069698,1.0860956315168193,0.05102919756221557,-0.38319452075002847,0.30986162145746354,0.29083466309125977,0.0805612154039371,-0.2158167769441807,-0.1413473244607061,-0.4014830678366994,-0.45974649415900753,-0.1126780150629839,-0.07479066767254888,-0.26228616495138807
0.49082849762079445,1.072475629414191,-0.3083341064075706,1.1875674259241422,0.7135126362500829,-0.1368796416088334,0.5962962051219317,-0.4586425632656487,1.1134461535617601,-0.9098211008083231,-0.1413473244607061,2.490765066104216,-0.45974649415900753,-1.1112917636796007,-2.1713681886236746,-0.26228616495138807
0.9080148069571367,0.5478596629477732,0.14970992793838453,0.6125605909493079,0.6504189754226669,-0.07530092182353462,0.5081624870713262,0.2506840973935668,0.3450805288346,0.4781875469199617,0.5720279197353038,-0.4014830678366994,-0.45974649415900753,-0.1126780150629839,-0.07479066767254888,-0.26228616495138807
-0.9421157822735986,0.5828340607122016,-1.4449618953401253,0.037553755974471185,0.5242316537678351,0.4789075562441543,0.02342703779299539,-1.141202180126403,1.1008499957793483,-0.2158167769441807,-0.1413473244607061,-0.4014830678366994,-0.45974649415900753,-0.1126780150629839,-0.07479066767254888,-0.26228616495138807
1.125677229219577,-0.8860906453937695,0.6416831500136702,0.5280007622765379,0.3822709169061492,-1.2606912776905361,1.1691653724508682,1.5087351559212334,-0.08318883576742465,-0.2158167769441807,-0.1413473244607061,-0.4014830678366994,-0.45974649415900753,-0.1126780150629839,-0.07479066767254888,-0.26228616495138807
0.47268996243225886,0.9850396350031214,-0.8003073284828538,-0.5205411132658101,1.1551682620419945,1.341009633238337,-0.15284039830821583,-0.405108475668726,0.2065227932280618,-0.2158167769441807,-0.1413473244607061,-0.4014830678366994,-0.45974649415900753,-0.1126780150629839,-0.07479066767254888,-0.26228616495138807
0.001088047530304632,-1.3057834185669022,0.6416831500136702,0.037553755974471185,-0.5956808259187977,-1.1837178779589126,0.4310454837770463,1.0001613237504734,-0.448477411457387,-0.2158167769441807,-0.1413473244607061,-0.4014830678366994,-0.45974649415900753,-0.1126780150629839,-0.07479066767254888,-0.26228616495138807
-0.4523753321831114,-1.568091401800111,-1.2074575812348145,-0.7065727363459031,0.7292860514569368,-0.7372721595154964,1.0369647953749597,0.8663261047581684,0.3702728443994253,-0.2158167769441807,-0.1413473244607061,-0.4014830678366994,-0.45974649415900753,-0.1126780150629839,-0.07479066767254888,-0.26228616495138807
-0.1984358395435974,-1.0259882364514803,0.16667452180304856,-0.8249564964877816,-0.32753276740228005,-0.1522743215551581,-0.1197902540392387,0.6388062324712517,-0.7381890404528716,-0.2158167769441807,-0.1413473244607061,-0.4014830678366994,-0.45974649415900753,-0.1126780150629839,-0.07479066767254888,-0.26228616495138807
0.7447679902603085,-0.5888082643961322,1.1166917782242893,1.948605883979072,-0.39062642822969595,-2.2921348340942904,1.3674662380647307,1.0001613237504752,0.622196000047673,0.4781875469199617,0.5720279197353038,-0.4014830678366994,-0.45974649415900753,-0.1126780150629839,-0.07479066767254888,-0.26228616495138807
-0.3072670506748162,-1.1658858275091912,-0.44405085732489,-1.7043787146845897,0.14566968880333947,0.5250915960831284,-0.2740242606277985,0.665573276269713,-0.9397275649714723,-0.2158167769441807,-0.1413473244607061,-0.4014830678366994,-0.45974649415900753,-0.1126780150629839,-0.07479066767254888,-0.26228616495138807
-0.470513867371647,0.6702700551232712,-0.9360240794001756,0.3927050364001065,0.46113799294041913,0.23259267710295922,0.15562761486890378,-0.8601482202425634,0.9874845757376371,0.4781875469199617,-0.1413473244607061,-0.4014830678366994,-0.45974649415900753,0.8859357335536329,-0.07479066767254888,-0.26228616495138807
-0.7607304303882322,0.7926804472987692,0.9470458395776394,-1.02790008530243,-1.542085738330037,1.6335085522185062,-2.246016202010099,-1.1679692239248642,-1.4687661918327963,-0.2158167769441807,-0.1413473244607061,-0.4014830678366994,-0.45974649415900753,-0.1126780150629839,-0.07479066767254888,-0.26228616495138807
1.542863538555919,2.156681960111455,0.9979396211716339,2.134637507059167,0.4138177473198572,-0.04451156193088524,0.32087833621378925,-0.5121766508625714,0.8489268401310989,-0.2158167769441807,-0.1413473244607061,-0.4014830678366994,-0.45974649415900753,-0.1126780150629839,-0.07479066767254888,-0.26228616495138807
0.8535992013915272,-0.029217900165285967,0.2514974911263735,0.7309443510911864,0.5084582385609812,-0.6910881196765223,0.8496806445174229,0.6521897543704813,0.3576766866170136,-0.2158167769441807,0.5720279197353038,-0.4014830678366994,-0.45974649415900753,-1.1112917636796007,-0.07479066767254888,-0.26228616495138807
1.6154176793100667,0.5653468618299862,1.388125280058928,0.9338879399058324,0.11412285838963149,-0.35240516085737905,0.33189505097011496,0.7592579295643268,-0.33511199141567405,-0.2158167769441807,-0.1413473244607061,-0.4014830678366994,-0.45974649415900753,-0.1126780150629839,-0.07479066767254888,-0.26228616495138807
-0.7063148248226229,0.4254492707722752,1.7783109389462224,-0.18230179857473025,-2.2676628378453203,0.5404862760294531,-1.9705983331019559,-0.8467646983433318,-1.4561700340503827,-0.2158167769441807,-0.1413473244607061,-0.4014830678366994,-0.45974649415900753,-0.1126780150629839,-0.07479066767254888,-0.26228616495138807
1.1982313699737246,-0.20408988898742525,0.6077539622843396,-0.03009410696374335,0.4769114081472731,-0.1522743215551581,0.442062198533372,1.0403118894481662,-0.4736697270222105,-0.2158167769441807,-0.1413473244607061,-0.4014830678366994,-0.45974649415900753,-0.1126780150629839,-0.07479066767254888,-0.26228616495138807
1.016846018088358,1.054988430531978,0.726506119336995,1.5427187063497776,0.20876334963075543,-0.4755626004279766,0.4861290575586747,-0.05713690628873406,0.6095998422652612,-0.2158167769441807,-0.1413473244607061,-0.4014830678366994,-0.45974649415900753,-0.1126780150629839,-0.07479066767254888,-0.26228616495138807
-1.286747950855796,-1.7079889928578247,0.1327453340737205,-1.9918821321720082,-1.242390849399811,0.3095660768345827,-1.0892611525959002,0.3577522725874122,-1.5821316118745092,-0.2158167769441807,-0.854722568656716,-0.4014830678366994,2.1751117468100603,0.8859357335536329,2.0217868532785768,-0.26228616495138807
0.8354606662029916,-0.5888082643961322,1.727417157352228,-0.18230179857473025,-0.8796022996421694,-0.35240516085737905,-0.3621579786784041,1.0670789332466277,-1.4183815607031458,-0.9098211008083231,-0.1413473244607061,2.490765066104216,-0.45974649415900753,-1.1112917636796007,-2.1713681886236746,-0.26228616495138807
-1.5588259786838454,-0.5888082643961322,-0.6815551714302008,-1.0786359825060914,-0.7218681475736296,0.4635128762978296,-0.835876713200409,-0.6995459574517972,-0.2973235180684352,-0.2158167769441807,-0.1413473244607061,-0.4014830678366994,-0.45974649415900753,-0.1126780150629839,-0.07479066767254888,-0.26228616495138807
0.34572021611250187,-0.5188594688672755,0.5059663990963483,-0.6558368391422416,-0.16979861533374022,0.14022459742501106,-0.21894068684616996,0.6521897543704813,-0.8641506182769964,-0.2158167769441807,0.5720279197353038,-0.4014830678366994,-0.45974649415900753,-1.1112917636796007,-0.07479066767254888,-0.26228616495138807
0.5271055679978682,-0.6412698610427735,-0.9699532671295037,0.5956486252147525,1.360222659731096,-1.106744478227289,1.7420345397798045,0.8797096266574,1.1638307846914089,-0.2158167769441807,-0.854722568656716,-0.4014830678366994,2.1751117468100603,0.8859357335536329,2.0217868532785768,-0.26228616495138807
-0.7063148248226229,-0.3439874800451362,2.2363549732921775,-0.77422059928412,-2.693545048430378,0.40193415651253084,-2.1688991987158186,-0.2578897347771914,-2.2371318165599563,-0.9098211008083231,-0.854722568656716,2.490765066104216,2.1751117468100603,-0.1126780150629839,-0.07479066767254888,-0.26228616495138807
0.25502754016981866,-0.08167949681192725,-0.3083341064075706,-1.6029069202772668,0.5084582385609812,1.3871936730773111,-0.6375758475865466,0.2506840973935668,-0.9649198805362975,-0.2158167769441807,0.5720279197353038,-0.4014830678366994,-0.45974649415900753,-1.1112917636796007,-0.07479066767254888,-0.26228616495138807
1.7423874256298237,0.3205260774789926,1.1845501536829477,0.358881104930998,0.4138177473198572,-0.04451156193088524,0.32087833621378925,1.0403118894481662,-0.6122274626287469,-0.9098211008083231,-0.854722568656716,2.490765066104216,2.1751117468100603,-0.1126780150629839,-0.07479066767254888,-0.26228616495138807
0.7629065254488441,-0.9035778442759824,-1.2244221750994784,-1.02790008530243,1.8018782855230078,0.14022459742501106,1.1581486576945423,1.2544482398358534,0.14354200431599945,-0.9098211008083231,-0.1413473244607061,2.490765066104216,-0.45974649415900753,-1.1112917636796007,-2.1713681886236746,-0.26228616495138807
-0.6881762896340872,0.1981156853034946,1.5238420309762475,0.9000640084367263,-2.0152881945356564,-0.6449040798375483,-0.9460438607636662,-0.6593953917541061,-0.461073569239797,-0.2158167769441807,-0.1413473244607061,-0.4014830678366994,-0.45974649415900753,-0.1126780150629839,-0.07479066767254888,-0.26228616495138807
1.125677229219577,1.3872452092940413,0.23453289726170948,1.4750708434115607,0.7608328818706448,-0.12148496166250872,0.6183296346345831,-0.23112269097873003,0.924503786825573,-0.2158167769441807,-0.1413473244607061,-0.4014830678366994,-0.45974649415900753,-0.1126780150629839,-0.07479066767254888,-0.26228616495138807
-0.10774316360091418,-0.7636802532182715,-0.1726173554902512,-0.9940761538333215,0.06680261276906956,0.23259267710295922,-0.1197902540392387,0.5049710134789468,-0.6122274626287469,-0.2158167769441807,-0.1413473244607061,-0.4014830678366994,-0.45974649415900753,-0.1126780150629839,-0.07479066767254888,-0.26228616495138807
1.053123088465432,-0.9035778442759824,0.5568601806903452,-1.5690829888081583,0.3980443321130032,0.6328543557074013,-0.17487382782086724,1.4685845902235424,-1.5821316118745092,-0.2158167769441807,-0.854722568656716,-0.4014830678366994,2.1751117468100603,0.8859357335536329,2.0217868532785768,-0.26228616495138807
0.5815211735634777,0.3729876741256339,0.45507261750235384,0.7140323853566309,0.08257602797592353,-0.32161580096472975,0.28782819194481213,0.14361592219972327,0.19392663544565006,-0.2158167769441807,0.5720279197353038,-0.4014830678366994,-0.45974649415900753,-1.1112917636796007,-0.07479066767254888,-0.26228616495138807
0.6722138495061609,-0.7636802532182715,-0.1895819493549152,0.9169759741712793,0.7608328818706448,-1.5070061568317312,1.609833962703896,1.0804624551458573,0.8237345245662736,-0.2158167769441807,-0.1413473244607061,-0.4014830678366994,-0.45974649415900753,-0.1126780150629839,-0.07479066767254888,-0.26228616495138807
1.053123088465432,-0.32650028116292323,-0.13868816776092074,-0.19921376430928328,1.0447543555940164,-0.10609028171618401,0.80561378549212,1.0269283675489365,-0.04540036242018581,-0.9098211008083231,-0.1413473244607061,2.490765066104216,-0.45974649415900753,-1.1112917636796007,-2.1713681886236746,-0.26228616495138807
0.5815211735634777,-0.32650028116292323,-0.12172357389625431,-1.1631958111788614,0.6188721450089589,0.7714064752243235,-0.1197902540392387,0.6789567981689427,-0.7759775138001105,0.4781875469199617,-0.1413473244607061,-0.4014830678366994,-0.45974649415900753,0.8859357335536329,-0.07479066767254888,-0.26228616495138807
-1.9215966824545783,-0.4314234744562058,-1.818182960362753,-1.3492274342589567,0.019482367148507602,0.8483798749559469,-0.5935089885612438,-1.0876680925294822,0.3450805288345982,-0.2158167769441807,-0.1413473244607061,-0.4014830678366994,-0.45974649415900753,-0.1126780150629839,-0.07479066767254888,-0.26228616495138807
-0.03518902284676659,-1.0784498330981216,0.28542667885570394,-0.7065727363459031,-0.29598593698857206,-0.30622112101840504,0.012410323036669703,0.7994084952620178,-0.7381890404528716,-0.2158167769441807,-0.1413473244607061,-0.4014830678366994,-0.45974649415900753,-0.1126780150629839,-0.07479066767254888,-0.26228616495138807
2.631175649868118,1.1424244249430477,2.3042133487508383,1.6272785350225476,0.14566968880333947,-0.4755626004279766,0.442062198533372,1.0670789332466257,-0.4988620425870358,0.4781875469199617,-0.854722568656716,-0.4014830678366994,2.1751117468100603,1.8845494821702495,2.0217868532785768,-0.26228616495138807
-1.7039342601921381,0.7052444528876995,-0.46101545118955406,-1.2308436741170783,-1.0531098669175634,1.741271311842779,-1.9816150478582817,-1.7969947531886976,-0.5744389892815116,-0.2158167769441807,-0.1413473244607061,-0.4014830678366994,-0.45974649415900753,-0.1126780150629839,-0.07479066767254888,-0.26228616495138807
0.9080148069571367,0.5128852651833449,0.930081245712973,1.8133101581026405,-0.0751581240926163,-1.199112557905237,0.80561378549212,0.27745114119202813,0.6599844733949118,0.4781875469199617,-0.1413473244607061,-0.4014830678366994,-0.45974649415900753,0.8859357335536329,-0.07479066767254888,-0.26228616495138807
1.089400158842503,0.02324369648135532,1.2184793414122783,0.6802084538875225,-0.18557203054059418,-0.5987200399985741,0.2988449067011379,0.7860249733627862,-0.39809278032773643,-0.2158167769441807,0.5720279197353038,-0.4014830678366994,-0.45974649415900753,-1.1112917636796007,-0.07479066767254888,-0.26228616495138807
-0.9602543174621369,-0.9385522420404108,0.8791874641189785,2.1684614385282757,-1.6524996447780147,-2.800159272323005,0.8496806445174226,0.009780703207418383,0.9622922601728118,-0.2158167769441807,0.5720279197353038,-0.4014830678366994,-0.45974649415900753,-1.1112917636796007,-0.07479066767254888,-0.26228616495138807
-1.613241584249455,1.072475629414191,-0.4779800450542205,0.9846238371094963,-0.9584693756764393,0.04785651774706291,-0.7036761361245006,-2.0111311035763846,1.0882538379969364,-0.9098211008083231,-0.854722568656716,2.490765066104216,2.1751117468100603,-0.1126780150629839,-0.07479066767254888,-0.26228616495138807
-0.18029730435506178,-0.9210650431581978,-0.46101545118955406,-0.85878042795689,0.27185701045817134,-0.02911688198456055,0.2107111886505323,0.5718886229750992,-0.297323518068437,-0.2158167769441807,-0.1413473244607061,-0.4014830678366994,-0.45974649415900753,-0.1126780150629839,-0.07479066767254888,-0.26228616495138807
3.066500494392998,0.1981156853034946,2.1515320039688524,0.2912332419927811,0.666192390629521,-0.09069560176985932,0.5301959165839776,2.1109936413866053,-1.3805930873559087,-0.9098211008083231,-0.854722568656716,2.490765066104216,2.1751117468100603,-0.1126780150629839,-0.07479066767254888,-0.26228616495138807
-0.1984358395435974,-1.3407578163313305,-1.3771035198814643,0.22358537905456655,1.1078480164214324,-1.3838487172611336,1.764067969292456,0.8797096266574,1.189023100256236,0.4781875469199617,0.5720279197353038,-0.4014830678366994,-0.45974649415900753,-0.1126780150629839,-0.07479066767254888,-0.26228616495138807
1.3614781866705528,-0.39644907669178,-1.0208470487235006,-1.1462838454443083,2.1331200048669414,0.6944330754927001,0.9928979363496568,1.307982327432776,-0.09578499354983641,0.4781875469199617,-0.1413473244607061,-0.4014830678366994,-0.45974649415900753,0.8859357335536329,-0.07479066767254888,-0.26228616495138807
1.4158937922361647,-0.09916669569414267,0.6756123377429982,-1.180107776913417,0.603098729802105,0.9869319944728692,-0.2850409753841242,1.1206130208435503,-1.3805930873559087,0.4781875469199617,-0.1413473244607061,-0.4014830678366994,-0.45974649415900753,0.8859357335536329,-0.07479066767254888,-0.26228616495138807
-1.6495186546265286,0.058218094245783676,-1.4619264892047892,1.0015358028440493,-0.0751581240926163,-0.8604295990860938,0.5632460608529546,-1.261653877219478,1.8314271471592711,-0.2158167769441807,0.5720279197353038,-0.4014830678366994,-0.45974649415900753,-1.1112917636796007,-0.07479066767254888,-0.26228616495138807
0.14619632903859983,1.3872452092940413,-0.427086263460226,-0.7065727363459031,0.5242316537678351,1.8644287514133766,-0.9680772902763175,-0.9538328735371753,-0.20915041359154754,-0.9098211008083231,-0.854722568656716,2.490765066104216,2.1751117468100603,-0.1126780150629839,-0.07479066767254888,-0.26228616495138807
-1.1053625989704294,0.33801327636120554,-0.8342365162121842,1.8133101581026405,-0.18557203054059418,-1.3530593573684842,0.838663929761097,-1.0742845706302504,1.9699848827658075,-0.2158167769441807,-0.1413473244607061,-0.4014830678366994,-0.45974649415900753,-0.1126780150629839,-0.07479066767254888,-0.26228616495138807
0.5633826383749421,0.9500652372386931,0.08185155247972362,-0.841868462222337,0.4138177473198572,1.6027191923258566,-0.8579101427130605,-0.3114238223741122,-0.6878044093232228,-0.2158167769441807,-0.1413473244607061,-0.4014830678366994,-0.45974649415900753,-0.1126780150629839,-0.07479066767254888,-0.26228616495138807
1.379616721859091,-0.06419229792971431,0.5738247745550092,0.9338879399058324,0.666192390629521,-0.906613638925068,1.1140817986692397,1.0670789332466277,0.26950358214012415,-0.2158167769441807,-0.1413473244607061,-0.4014830678366994,-0.45974649415900753,-0.1126780150629839,-0.07479066767254888,-0.26228616495138807
0.14619632903859983,0.39047487300784683,0.09881614634439005,-0.38524538738937864,0.03525578235536159,0.6944330754927001,-0.472325126241661,-0.19097212528103705,-0.36030430698049937,-0.2158167769441807,-0.1413473244607061,-0.4014830678366994,-0.45974649415900753,-0.1126780150629839,-0.07479066767254888,-0.26228616495138807
1.1075386940310412,-0.6062954632783452,1.625629594164239,-1.4168752971971714,-0.5483605802982358,0.7560117952779988,-0.9240104312510147,1.2812152836343147,-2.262324132124782,-0.2158167769441807,-0.1413473244607061,-0.4014830678366994,-0.45974649415900753,-0.1126780150629839,-0.07479066767254888,-0.26228616495138807
-0.9058387118965274,-0.8686034465115541,1.4390190616529226,0.7816802482948478,-2.1257021009836343,-1.4762167969390818,-0.4282582672163582,-0.0036028186918132467,-0.4862658848046223,-0.9098211008083231,-0.854722568656716,2.490765066104216,2.1751117468100603,-0.1126780150629839,-0.07479066767254888,-0.26228616495138807
-0.7607304303882322,-0.20408988898742525,0.5907893684196732,0.2574093105236726,-1.2108440189861032,-0.4139838806426778,-0.5494421295359411,-0.405108475668726,-0.24693888693878638,-0.2158167769441807,-0.1413473244607061,-0.4014830678366994,-0.45974649415900753,-0.1126780150629839,-0.07479066767254888,-0.26228616495138807
-1.5225489083067716,0.5828340607122016,0.18363911566771499,1.6780144322262092,-1.494765492709475,-1.0143763985493408,-0.3180911196531013,-1.569474880901779,1.1134461535617601,-0.2158167769441807,-0.854722568656716,-0.4014830678366994,2.1751117468100603,0.8859357335536329,2.0217868532785768,-0.26228616495138807
-0.1984358395435974,0.8976036405920518,-1.3940681137461284,0.6294725566838609,1.1236214316282864,0.21719799715663451,0.6293463493909088,-0.833381176444102,1.5039270448165458,-0.2158167769441807,-0.854722568656716,-0.4014830678366994,2.1751117468100603,0.8859357335536329,2.0217868532785768,-0.26228616495138807
2.957669283261779,-0.8860906453937695,2.456894693532822,-0.5036291475312571,0.28763042566502534,-0.32161580096472975,0.43104548377704627,2.860470867743514,-2.1993433432127194,-0.2158167769441807,0.5720279197353038,-0.4014830678366994,-0.45974649415900753,-1.1112917636796007,-0.07479066767254888,-0.26228616495138807
0.8535992013915272,-0.7461930543360585,-0.6476259837008703,-0.757308633549567,1.3444492445242422,0.03246183780073822,0.915780933055377,1.2009141522389326,-0.08318883576742465,0.4781875469199617,-0.1413473244607061,-0.4014830678366994,-0.45974649415900753,0.8859357335536329,-0.07479066767254888,-0.26228616495138807
-1.5951030490609193,1.089962828296404,-0.5119092327835509,0.798592214029401,-0.9111491300558774,0.23259267710295922,-0.802826568931432,-2.0111311035763846,0.9748884179552235,-0.2158167769441807,-0.1413473244607061,-0.4014830678366994,-0.45974649415900753,-0.1126780150629839,-0.07479066767254888,-0.26228616495138807
0.5089670328093326,0.1981156853034946,0.9979396211716339,-0.7403966678150116,-0.4852669194708199,0.8483798749559469,-0.9460438607636662,0.22391705359510733,-1.292419982879021,-0.9098211008083231,-0.1413473244607061,2.490765066104216,-0.45974649415900753,-1.1112917636796007,-2.1713681886236746,-0.26228616495138807
1.3070625811049432,0.09319249201021203,0.3872142420436953,-0.5881889762040271,0.7766062970774988,0.6174596757610765,0.10054404108727534,0.8930931485566298,-0.7255928826704616,-0.2158167769441807,-0.1413473244607061,-0.4014830678366994,-0.45974649415900753,-0.1126780150629839,-0.07479066767254888,-0.26228616495138807
-0.5067909377487207,-0.9560394409226237,0.930081245712973,0.08828965317813268,-1.3054845102272272,-0.9220083188713927,-0.25199083111514714,0.3577522725874103,-0.6248236204111605,-0.2158167769441807,-0.1413473244607061,-0.4014830678366994,-0.45974649415900753,-0.1126780150629839,-0.07479066767254888,-0.26228616495138807
-1.4318562323640884,-0.029217900165285967,0.16667452180304856,-0.19921376430928328,-1.400125001468351,0.15561927737133577,-1.0892611525959002,-1.0341340049325594,-0.27213120250360995,-0.9098211008083231,-0.1413473244607061,2.490765066104216,-0.45974649415900753,-1.1112917636796007,-2.1713681886236746,-0.26228616495138807
1.452170862613236,0.0757052931279966,0.9979396211716339,1.0184477685786024,0.3349506712855873,-0.8604295990860938,0.8496806445174229,1.013544845649705,0.01758042649187475,-0.2158167769441807,-0.1413473244607061,-0.4014830678366994,-0.45974649415900753,-0.1126780150629839,-0.07479066767254888,-0.26228616495138807
1.5610020737444572,-0.5188594688672755,-0.3252987002722346,-0.01318214122919032,1.6599175486613218,-0.44477324053532724,1.4776333856279875,1.5488857216189245,0.23171510879288712,-0.2158167769441807,-0.1413473244607061,-0.4014830678366994,-0.45974649415900753,-0.1126780150629839,-0.07479066767254888,-0.26228616495138807
-0.724453360011161,1.212373220471902,-0.4949446389188845,-0.6558368391422416,-0.16979861533374022,1.6642979121111554,-1.309595447722414,-1.4624067057079353,-0.1209773091146617,-0.2158167769441807,-0.1413473244607061,-0.4014830678366994,-0.45974649415900753,-0.1126780150629839,-0.07479066767254888,-0.26228616495138807
0.4364128920551851,0.6877572540054842,0.896152057983645,-0.14847786710562177,-0.45372008905711186,0.7406171153316741,-0.8468934279567348,-0.20435564718026866,-0.7759775138001105,0.4781875469199617,-0.854722568656716,-0.4014830678366994,2.1751117468100603,1.8845494821702495,2.0217868532785768,-0.26228616495138807
-0.16215876916652358,-0.15162829234078395,-0.3761924818662291,-0.9264282908951069,0.20876334963075543,0.7098277554390248,-0.36215797867840416,-0.0036028186918113446,-0.41068893811014995,-0.2158167769441807,-0.1413473244607061,-0.4014830678366994,-0.45974649415900753,-0.1126780150629839,-0.07479066767254888,-0.26228616495138807
-0.1258816987894498,1.457194004822898,-0.13868816776092074,1.0353597343131578,0.019482367148507602,0.3403554367272321,-0.22995740160249567,-1.2081197896225553,0.8741191556959241,-0.9098211008083231,-0.1413473244607061,2.490765066104216,-0.45974649415900753,-1.1112917636796007,-2.1713681886236746,-0.26228616495138807
0.20061193460420923,1.194886021589689,-0.7494135468888593,0.37579307066555107,0.8712467883186227,0.7098277554390248,0.10054404108727524,-0.7664635669479496,0.8363306823486854,0.4781875469199617,-0.854722568656716,-0.4014830678366994,2.1751117468100603,1.8845494821702495,2.0217868532785768,-0.26228616495138807
-0.9965313878392106,-0.15162829234078395,0.04792236475039557,-0.8926043594259985,-0.9111491300558774,0.6790383955463754,-1.1223112968648774,-0.619244826056415,-0.7004005671056364,-0.2158167769441807,-0.1413473244607061,-0.4014830678366994,-0.45974649415900753,-0.1126780150629839,-0.07479066767254888,-0.26228616495138807
0.34572021611250187,-1.3407578163313305,-0.6306613898362039,-1.298491537055293,0.8870202035254766,0.0016724779080888352,0.6183296346345831,1.2812152836343147,-0.4988620425870358,-0.2158167769441807,0.5720279197353038,-0.4014830678366994,-0.45974649415900753,-1.1112917636796007,-0.07479066767254888,-0.26228616495138807
-1.3774406267984791,1.5271428003517522,-0.1895819493549152,1.2044793916586978,-1.0215630365038553,0.2479873570492839,-0.8909602869820377,-2.1851168882663807,1.037869206867286,-0.2158167769441807,-0.854722568656716,-0.4014830678366994,2.1751117468100603,0.8859357335536329,2.0217868532785768,-0.26228616495138807
0.7447679902603085,0.3205260774789926,0.6586477438783341,1.3735990490042376,0.03525578235536159,-0.9681923587103668,0.7174800674415145,0.3042181849904895,0.5340228955707871,-0.2158167769441807,-0.1413473244607061,-0.4014830678366994,-0.45974649415900753,-0.1126780150629839,-0.07479066767254888,-0.26228616495138807
1.3070625811049432,-0.7287058554538431,1.8461693144048832,-0.41906931885848714,-0.5799074107119437,-0.2600370811794309,-0.21894068684617002,1.5221186778204632,-1.6829008741338087,0.4781875469199617,-0.1413473244607061,-0.4014830678366994,-0.45974649415900753,0.8859357335536329,-0.07479066767254888,-0.26228616495138807
-0.8514231063309154,-0.5888082643961322,0.2684620849910399,-0.38524538738937864,-0.9900162060901473,-0.16766900150148278,-0.5714755590485924,-0.17758860338180732,-0.48626588480462407,-0.2158167769441807,-0.1413473244607061,-0.4014830678366994,-0.45974649415900753,-0.1126780150629839,-0.07479066767254888,-0.26228616495138807
-0.5793450785028659,0.040730895363568255,0.013993177021065112,0.6294725566838609,-0.5168137498845278,-0.5371413202132754,0.023427037792995438,-0.4586425632656468,0.4584459488763112,-0.2158167769441807,-0.1413473244607061,-0.4014830678366994,-0.45974649415900753,-0.1126780150629839,-0.07479066767254888,-0.26228616495138807
1.6516947496871406,-0.9210650431581978,-0.3761924818662291,-0.06391803843285182,1.7861048703161537,-0.752666839461821,1.7861013988051073,1.9236243347973796,0.23171510879288712,-0.2158167769441807,-0.1413473244607061,-0.4014830678366994,-0.45974649415900753,-0.1126780150629839,-0.07479066767254888,-0.26228616495138807
-0.1258816987894498,0.5303724640655603,-0.545838420512879,-0.11465393563651333,0.3980443321130032,0.5712756359221025,-0.1308069687955644,-0.49879312896333977,0.31988821326977473,-0.2158167769441807,-0.1413473244607061,-0.4014830678366994,-0.45974649415900753,-0.1126780150629839,-0.07479066767254888,-0.26228616495138807
2.83069953694202,1.4047324081762567,2.117602816239522,-0.43598128459304014,0.4926848233541271,1.6335085522185062,-0.8248599984440835,1.013544845649703,-1.8970355564348191,0.4781875469199617,-0.1413473244607061,-0.4014830678366994,-0.45974649415900753,0.8859357335536329,-0.07479066767254888,-0.26228616495138807
1.089400158842503,-1.0959370319803372,1.5238420309762475,0.7309443510911864,-0.46949350426396586,-1.6301635964023289,0.8386639297610972,1.6425703749135383,-0.5870351470639216,0.4781875469199617,-0.1413473244607061,-0.4014830678366994,-0.45974649415900753,0.8859357335536329,-0.07479066767254888,-0.26228616495138807
-1.1235011341589651,-0.39644907669178,0.0648869586150596,-1.010988119567877,-1.0373364517107093,0.5712756359221025,-1.133328011621203,-0.5255601727617992,-0.8011698293649357,-0.2158167769441807,-0.1413473244607061,-0.4014830678366994,-0.45974649415900753,-0.1126780150629839,-0.07479066767254888,-0.26228616495138807
-0.23471290992067118,1.5621171981161805,-0.3592278880015651,1.2552152888623591,0.12989627359648548,0.23259267710295922,-0.0757233950139359,-1.3687220524133217,1.2016192580386478,-0.2158167769441807,-0.1413473244607061,-0.4014830678366994,-0.45974649415900753,-0.1126780150629839,-0.07479066767254888,-0.26228616495138807
-0.05332755803530478,-1.0085010375692676,-0.5797676082422094,-0.6558368391422416,0.4926848233541271,-0.29082644107208033,0.552229346096629,0.7324908857658654,-0.05799652020259936,0.4781875469199617,-0.1413473244607061,-0.4014830678366994,-0.45974649415900753,0.8859357335536329,-0.07479066767254888,-0.26228616495138807
1.053123088465432,-0.30901308228071034,-0.22351113708424566,0.9846238371094963,1.1236214316282864,-1.1683231980125877,1.6208506774602218,1.013544845649707,0.8993114712607495,0.4781875469199617,-0.1413473244607061,-0.4014830678366994,-0.45974649415900753,0.8859357335536329,-0.07479066767254888,-0.26228616495138807
0.10991925866152602,-0.6587570599249889,0.40417883590835935,0.22358537905456655,-0.28021252178171807,-0.7834561993544704,0.364945195239092,0.5852721448743309,-0.13357346689707345,0.4781875469199617,-0.854722568656716,-0.4014830678366994,2.1751117468100603,1.8845494821702495,2.0217868532785768,-0.26228616495138807
-0.6337606840684779,0.1456540886568533,1.2863377168709391,-0.5881889762040271,-1.7471401360191385,0.6636437156000506,-1.6951804641938135,-0.5790942603587239,-1.393189245138322,1.8661961946482464,-0.1413473244607061,-0.4014830678366994,-0.45974649415900753,2.883163230786866,-0.07479066767254888,-0.26228616495138807
0.14619632903859983,1.5271428003517522,-0.03690060457292937,-0.2499496615129472,0.16144310401019346,1.5719298324332074,-1.0121441493016203,-1.0609010487310189,-0.15876578246190054,-0.2158167769441807,-0.1413473244607061,-0.4014830678366994,-0.45974649415900753,-0.1126780150629839,-0.07479066767254888,-0.26228616495138807
-0.4160982618060376,0.1981156853034946,-0.6645905775655344,0.7647682825602924,0.2560835952513174,-0.5217466402669507,0.552229346096629,-0.4586425632656487,1.0630615224321094,-0.2158167769441807,-0.1413473244607061,-0.4014830678366994,-0.45974649415900753,-0.1126780150629839,-0.07479066767254888,-0.26228616495138807
-1.486271837929698,1.5271428003517522,-0.03690060457292937,1.661102466491656,-1.258164264606665,-0.16766900150148278,-0.7587597099061293,-2.265418019661763,1.26460004695071,-0.2158167769441807,-0.1413473244607061,-0.4014830678366994,-0.45974649415900753,-0.1126780150629839,-0.07479066767254888,-0.26228616495138807
-0.07146609322384039,1.2473476182363303,-0.4949446389188845,1.1875674259241422,0.3980443321130032,0.017067157854413532,0.26579476243216077,-1.007366961134098,1.2520038891682965,-0.2158167769441807,0.5720279197353038,-0.4014830678366994,-0.45974649415900753,-1.1112917636796007,-0.07479066767254888,-0.26228616495138807
0.49082849762079445,2.821195517635584,-0.9360240794001756,2.033165712651842,1.29712899890368,0.6328543557074013,0.4530789132896975,-1.7969947531886976,2.209311880631645,0.4781875469199617,-0.1413473244607061,-0.4014830678366994,-0.45974649415900753,0.8859357335536329,-0.07479066767254888,-0.26228616495138807
1.379616721859091,1.2473476182363303,1.6765233757582334,-0.4021573531239317,-0.35907959781598797,1.4641670728089347,-1.2985787329660885,0.06331479080434109,-1.5443431385272703,0.4781875469199617,-0.1413473244607061,-0.4014830678366994,-0.45974649415900753,0.8859357335536329,-0.07479066767254888,-0.26228616495138807
-0.5430680081257946,-0.8511162476293411,1.3541960923295977,-1.3154035027898483,-1.7313667208122847,0.44811819635150496,-1.529929742848928,0.2506840973935668,-1.9852086609117068,-0.2158167769441807,0.5720279197353038,-0.4014830678366994,-0.45974649415900753,-1.1112917636796007,-0.07479066767254888,-0.26228616495138807
-1.4318562323640884,1.212373220471902,-0.20654654321957924,0.8662400769676178,-1.0531098669175634,0.2787767169419333,-0.9350271460073405,-1.9843640597779233,0.7985422090014482,0.4781875469199617,0.5720279197353038,-0.4014830678366994,-0.45974649415900753,-0.1126780150629839,-0.07479066767254888,-0.26228616495138807
1.470309397801774,0.6003212595944145,1.2693731230062728,0.3927050364001065,0.09834944318277751,0.17101395731766045,-0.05368996550128449,0.6254227105720219,-0.650015935975984,-0.9098211008083231,0.5720279197353038,2.490765066104216,-0.45974649415900753,-2.1099055122962174,-2.1713681886236746,-0.26228616495138807
-0.1984358395435974,-0.9385522420404108,0.4211434297730234,0.12211358464724115,-0.5641339955050898,-0.9374029988177174,0.2768114771884865,0.5718886229750992,-0.2217465713739611,-0.2158167769441807,-0.854722568656716,-0.4014830678366994,2.1751117468100603,0.8859357335536329,2.0217868532785768,-0.26228616495138807
0.21875046979274484,-0.3439874800451362,-0.20654654321957924,0.20667341332001113,0.3822709169061492,-0.4909572803743013,0.6183296346345831,0.42466988208356277,0.30729205548736116,-0.2158167769441807,-0.1413473244607061,-0.4014830678366994,-0.45974649415900753,-0.1126780150629839,-0.07479066767254888,-0.26228616495138807
-0.6881762896340872,0.8101676461809821,0.9809750273069698,0.8662400769676178,-1.510538907916329,-0.07530092182353462,-1.0011274345452947,-1.1278186582271732,-0.08318883576742465,-0.2158167769441807,-0.854722568656716,-0.4014830678366994,2.1751117468100603,0.8859357335536329,2.0217868532785768,-0.26228616495138807
-1.631380119437993,-0.4489106733384213,-0.34226329413690104,1.0691836657822662,-1.1004301125381253,-1.3684540373148089,0.21071118865053223,-0.8601482202425634,1.0504653646496995,-0.9098211008083231,-0.1413473244607061,2.490765066104216,-0.45974649415900753,-1.1112917636796007,-2.1713681886236746,-0.26228616495138807
-1.0146699230277463,-0.08167949681192725,-0.9869178609941701,-0.5036291475312571,0.03525578235536159,0.38653947656620613,-0.2519908311151471,-0.6861624355525674,0.3576766866170118,-0.9098211008083231,-0.1413473244607061,2.490765066104216,-0.45974649415900753,-1.1112917636796007,-2.1713681886236746,-0.26228616495138807
0.9987074828998199,-0.6062954632783452,0.030957770885729135,-0.13156590137106874,0.8396999579049147,-0.4139838806426778,0.8827307887863998,1.2009141522389306,-0.1209773091146617,-0.2158167769441807,-0.1413473244607061,-0.4014830678366994,-0.45974649415900753,-0.1126780150629839,-0.07479066767254888,-0.26228616495138807
0.18247339941567103,0.7402188506521254,-0.427086263460226,-0.4021573531239317,0.5557784841815431,1.0177213543655186,-0.34012454916575274,-0.43187551946718733,0.01758042649187654,-0.2158167769441807,-0.854722568656716,-0.4014830678366994,2.1751117468100603,0.8859357335536329,2.0217868532785768,-0.26228616495138807
-0.4160982618060376,0.7577060495343408,1.2863377168709391,0.2912332419927811,-1.5578591535368909,0.40193415651253084,-1.3756957362603686,-0.8869152640410247,-0.7381890404528734,-0.2158167769441807,-0.1413473244607061,-0.4014830678366994,-0.45974649415900753,-0.1126780150629839,-0.07479066767254888,-0.26228616495138807
-1.54068744349531,1.6670403914094656,-0.002971416843601321,1.4581588776770076,-1.337031340640935,0.14022459742501106,-1.0341775788142715,-2.4126367605533012,1.0882538379969364,-0.2158167769441807,-0.1413473244607061,-0.4014830678366994,-0.45974649415900753,-0.1126780150629839,-0.07479066767254888,-0.26228616495138807
2.885115142507632,1.2648348171185433,1.8800985021342138,-0.2499496615129472,0.7608328818706448,1.341009633238337,-0.4282582672163583,1.1607635865412413,-1.5821316118745092,-0.2158167769441807,-0.1413473244607061,-0.4014830678366994,-0.45974649415900753,-0.1126780150629839,-0.07479066767254888,-0.26228616495138807
-0.7607304303882322,0.18062848642128168,0.28542667885570394,0.5110887965419826,-0.9269225452627314,-0.30622112101840504,-0.4282582672163583,-0.6995459574517972,0.16873431988082477,-0.2158167769441807,-0.1413473244607061,-0.4014830678366994,-0.45974649415900753,-0.1126780150629839,-0.07479066767254888,-0.26228616495138807
0.9805689477112843,-0.06419229792971431,0.828293682524984,-0.672748804876797,0.08257602797592353,0.5558809559757778,-0.3401245491657527,0.7726414514635566,-1.1160737739252475,-0.2158167769441807,-0.1413473244607061,-0.4014830678366994,-0.45974649415900753,-0.1126780150629839,-0.07479066767254888,-0.26228616495138807
1.2345084403507982,-0.2915258833984949,1.0997271843596228,0.5110887965419826,0.05102919756221557,-0.7218774795691717,0.552229346096629,1.13399654274278,-0.4358812536749735,-0.2158167769441807,0.5720279197353038,-0.4014830678366994,-0.45974649415900753,-1.1112917636796007,-0.07479066767254888,-0.26228616495138807
0.16433486422713542,0.6352956573588429,-0.34226329413690104,-0.7234847020804586,0.46113799294041913,1.2178521936677396,-0.5494421295359408,-0.3649579099710349,-0.28472736028602347,-0.2158167769441807,-0.1413473244607061,-0.4014830678366994,-0.45974649415900753,-0.1126780150629839,-0.07479066767254888,-0.26228616495138807
-0.9602543174621369,-1.3932194129779718,-0.03690060457292937,-0.5036291475312571,-0.8007352236078995,-0.7680615194081458,-0.00962310647598164,0.3577522725874103,-0.3477081491980876,-0.2158167769441807,-0.854722568656716,-0.4014830678366994,2.1751117468100603,0.8859357335536329,2.0217868532785768,-0.26228616495138807
-1.1235011341589651,0.3030388785967772,-0.5967322021068758,0.037553755974471185,-0.42217325864340394,0.23259267710295922,-0.46130841148533536,-1.0609010487310189,0.4710421066587247,1.1721918707841041,-0.1413473244607061,-0.4014830678366994,-0.45974649415900753,1.8845494821702495,-0.07479066767254888,-0.26228616495138807
0.5815211735634777,-0.23906428675185362,0.35328505431436485,0.460352899338321,0.17721651921704745,-0.6295093998912236,0.5742627756092804,0.6120391886727903,0.0805612154039371,-0.2158167769441807,-0.1413473244607061,-0.4014830678366994,-0.45974649415900753,-0.1126780150629839,-0.07479066767254888,-0.26228616495138807
0.6177982439405515,1.6320659936450372,-0.41012166959555957,0.15593751611634962,0.9185670339391847,1.2948255933993629,-0.28504097538412415,-0.793230610746411,0.4206574755290741,-0.9098211008083231,-0.854722568656716,2.490765066104216,2.1751117468100603,-0.1126780150629839,-0.07479066767254888,-0.26228616495138807
-0.2528514451092068,0.5653468618299862,1.082762590494959,-0.28377359298205324,-1.226617434192957,0.7560117952779988,-1.3977291657730198,-0.6192448260564131,-1.0153045116659463,-0.2158167769441807,-0.1413473244607061,-0.4014830678366994,-0.45974649415900753,-0.1126780150629839,-0.07479066767254888,-0.26228616495138807
-1.1960552749131126,0.005756497599142387,-0.1726173554902512,-0.672748804876797,-0.8796022996421694,0.6174596757610765,-1.0562110083269232,-0.8869152640410247,-0.3729004647629111,-0.2158167769441807,-0.1413473244607061,-0.4014830678366994,-0.45974649415900753,-0.1126780150629839,-0.07479066767254888,-0.26228616495138807
-1.2323323452901864,-0.13414109345857103,-0.9190594855355092,-0.5205411132658101,-0.21711886095430213,0.3557501166735568,-0.4062248377037069,-0.8066141326456406,0.2946958977049494,-0.2158167769441807,-0.1413473244607061,-0.4014830678366994,-0.45974649415900753,-0.1126780150629839,-0.07479066767254888,-0.26228616495138807
-0.9783928526506724,0.21560288418570756,0.5907893684196732,0.8155041797639564,-1.400125001468351,-0.5525360001596,-0.5824922738049181,-0.8869152640410228,0.16873431988082654,-0.2158167769441807,0.5720279197353038,-0.4014830678366994,-0.45974649415900753,-1.1112917636796007,-0.07479066767254888,-0.26228616495138807
0.27316607535835424,0.4429364696544906,0.28542667885570394,0.32505717346188956,-0.02783787847205435,0.09404055758603701,-0.08674010977026161,-0.13743803768411814,0.030176584274288293,-0.2158167769441807,-0.1413473244607061,-0.4014830678366994,-0.45974649415900753,-0.1126780150629839,-0.07479066767254888,-0.26228616495138807
-0.144020233977988,0.058218094245783676,0.8791874641189785,-0.5712770104694717,-0.9426959604695854,0.5712756359221025,-1.0672277230832488,-0.15082155958334786,-1.0782853005780086,-0.2158167769441807,-0.854722568656716,-0.4014830678366994,2.1751117468100603,0.8859357335536329,2.0217868532785768,-0.26228616495138807
-0.5612065433143302,0.3205260774789926,0.5398955868256787,0.49417683080742947,-0.9900162060901473,-0.16766900150148278,-0.5714755590485924,-0.6593953917541061,-0.03280420463777406,-0.9098211008083231,-0.1413473244607061,2.490765066104216,-0.45974649415900753,-1.1112917636796007,-2.1713681886236746,-0.26228616495138807
-0.3254055858633544,2.9960675064577234,-1.1395992057761535,2.1008135755900588,0.7766062970774988,0.7252224353853494,0.023427037792995438,-2.5330884576463744,2.410850405150244,1.1721918707841041,-0.1413473244607061,-0.4014830678366994,-0.45974649415900753,1.8845494821702495,-0.07479066767254888,-0.26228616495138807
-0.3979597266174994,-0.2915258833984949,0.0648869586150596,-1.0617240167715385,-0.40639984343654995,0.7098277554390248,-0.7918098541751063,-0.07052042818796378,-0.8389583027121728,-0.2158167769441807,-0.1413473244607061,-0.4014830678366994,-0.45974649415900753,-0.1126780150629839,-0.07479066767254888,-0.26228616495138807
1.379616721859091,0.3205260774789926,1.2693731230062728,-0.5374530790003632,0.019482367148507602,0.7714064752243235,-0.5384254147796153,0.7726414514635566,-1.3428046140086698,1.1721918707841041,-0.1413473244607061,-0.4014830678366994,-0.45974649415900753,1.8845494821702495,-0.07479066767254888,-0.26228616495138807
0.055503653095916615,0.8101676461809821,-0.7663781407535257,-0.28377359298205324,0.7608328818706448,0.9715373145265445,-0.16385711306454148,-0.579094260358722,0.3576766866170136,-0.9098211008083231,0.5720279197353038,2.490765066104216,-0.45974649415900753,-2.1099055122962174,-2.1713681886236746,-0.26228616495138807
-1.0872240637818937,0.6178084584766299,-0.6476259837008703,0.07137768744357965,-0.34330618260913404,0.4789075562441543,-0.582492273804918,-1.2750373991187096,0.5340228955707871,-0.2158167769441807,-0.1413473244607061,-0.4014830678366994,-0.45974649415900753,-0.1126780150629839,-0.07479066767254888,-0.26228616495138807
1.5247250033673836,1.317296413765187,0.23453289726170948,1.3566870832696822,1.1078480164214324,-0.07530092182353462,0.8276472150047715,0.1168488784012619,0.8363306823486854,-0.2158167769441807,0.5720279197353038,-0.4014830678366994,-0.45974649415900753,-1.1112917636796007,-0.07479066767254888,-0.26228616495138807
0.16433486422713542,2.7162723243423015,0.28542667885570394,2.0669896441209503,-0.12247836971317826,0.5096969161368037,-0.4502916967290097,-1.9575970159794638,1.3275808358627723,-0.2158167769441807,-0.854722568656716,-0.4014830678366994,2.1751117468100603,0.8859357335536329,2.0217868532785768,-0.26228616495138807
0.3275816809239662,0.23309008306792298,-0.29136951254290416,0.9677118713749409,0.5557784841815431,-0.6756934397301976,0.8717140740300742,0.06331479080434109,0.9370999446079847,-0.2158167769441807,-0.1413473244607061,-0.4014830678366994,-0.45974649415900753,-0.1126780150629839,-0.07479066767254888,-0.26228616495138807
-1.5588259786838454,0.16314128753906626,-0.3592278880015651,0.3081452077273365,-1.0215630365038553,-0.1368796416088334,-0.6155424180738952,-1.2750373991187078,0.49623442222355,-0.2158167769441807,-0.1413473244607061,-0.4014830678366994,-0.45974649415900753,-0.1126780150629839,-0.07479066767254888,-0.26228616495138807
0.055503653095916615,-0.8336290487471282,-0.7154843591595289,-0.3345094901857172,0.7135126362500829,-0.42937856058900253,0.80561378549212,0.6789567981689446,0.2820997399225359,-0.2158167769441807,0.5720279197353038,-0.4014830678366994,-0.45974649415900753,-1.1112917636796007,-0.07479066767254888,-0.26228616495138807
-0.4160982618060376,-0.22157708786964067,0.9131166518483089,-0.28377359298205324,-1.2108440189861032,0.0632511976933876,-0.8909602869820377,-0.13743803768411622,-0.8893429338418216,0.4781875469199617,-0.1413473244607061,-0.4014830678366994,-0.45974649415900753,0.8859357335536329,-0.07479066767254888,-0.26228616495138807
1.4884479329903098,0.49539806630113187,1.3372314984649336,0.02064179023991815,0.05102919756221557,0.41732883645885555,-0.2630075458714728,0.7191073638666338,-0.9775160383187093,1.1721918707841041,-0.1413473244607061,-0.4014830678366994,-0.45974649415900753,1.8845494821702495,-0.07479066767254888,-0.26228616495138807
-0.144020233977988,0.8101676461809821,-0.5288738266482149,0.6632964881529695,0.36649750169929524,0.10943523753236167,0.17766104438155514,-0.7263130012502585,0.8867153134783359,-0.2158167769441807,-0.1413473244607061,-0.4014830678366994,-0.45974649415900753,-0.1126780150629839,-0.07479066767254888,-0.26228616495138807
-0.23471290992067118,-0.046705099047501385,0.828293682524984,-0.5881889762040271,-0.9742427908832934,0.494302236190479,-1.0341775788142715,-0.13743803768411622,-1.0530929850131852,-0.2158167769441807,-0.1413473244607061,-0.4014830678366994,-0.45974649415900753,-0.1126780150629839,-0.07479066767254888,-0.26228616495138807
-0.3072670506748162,-0.1691154912229969,-1.1395992057761535,0.003729824505362714,0.7923797122843528,-0.1522743215551581,0.662396493659886,-0.09728747198642514,0.8489268401310971,-0.2158167769441807,-0.1413473244607061,-0.4014830678366994,-0.45974649415900753,-0.1126780150629839,-0.07479066767254888,-0.26228616495138807
-1.54068744349531,0.9500652372386931,-0.8003073284828538,-0.21612573004383873,-0.5956808259187977,1.0331160343118433,-1.1553614411338544,-1.86391236268485,0.43325363331148586,0.4781875469199617,-0.1413473244607061,-0.4014830678366994,-0.45974649415900753,0.8859357335536329,-0.07479066767254888,-0.26228616495138807
0.09178072347298784,-1.0959370319803372,0.7773999009309895,-0.11465393563651333,-0.6430010715393596,-0.8604295990860938,0.1666443296252295,0.9064766704558614,-0.6626120937583975,-0.2158167769441807,0.5720279197353038,-0.4014830678366994,-0.45974649415900753,-1.1112917636796007,-0.07479066767254888,-0.26228616495138807
0.40013582167811124,0.18062848642128168,-0.8172719223475202,0.2574093105236726,1.1078480164214324,-0.07530092182353462,0.8276472150047715,0.156999444098953,0.7985422090014482,-0.9098211008083231,0.5720279197353038,2.490765066104216,-0.45974649415900753,-2.1099055122962174,-2.1713681886236746,-0.26228616495138807
1.379616721859091,0.3205260774789926,1.3033023107356032,1.1368315287204809,-0.012064463265200366,-0.752666839461821,0.5301959165839776,0.7726414514635566,-0.1209773091146617,0.4781875469199617,-0.1413473244607061,-0.4014830678366994,-0.45974649415900753,0.8859357335536329,-0.07479066767254888,-0.26228616495138807
-0.8514231063309154,0.2680644808323513,-0.6306613898362039,0.42652896786921257,-0.15402520012688622,-0.1522743215551581,0.0013936082803439947,-0.833381176444102,0.7859460512190347,-0.2158167769441807,-0.854722568656716,-0.4014830678366994,2.1751117468100603,0.8859357335536329,2.0217868532785768,-0.26228616495138807
0.25502754016981866,0.6702700551232712,-0.15565276162558475,0.4096170021346595,0.36649750169929524,0.21719799715663451,0.10054404108727526,-0.32480734427334385,0.4206574755290741,-0.9098211008083231,-0.854722568656716,2.490765066104216,2.1751117468100603,-0.1126780150629839,-0.07479066767254888,-0.26228616495138807
-0.597483613691404,1.4047324081762567,-0.08779438616692625,0.7309443510911864,-0.4379466738502579,0.5712756359221025,-0.7146928508808265,-1.515940793304858,0.609599842265263,-0.9098211008083231,-0.1413473244607061,2.490765066104216,-0.45974649415900753,-1.1112917636796007,-2.1713681886236746,-0.26228616495138807
1.8149415663839688,1.194886021589689,1.5238420309762475,-0.6896607706113501,0.16144310401019346,1.6796925920574801,-1.0892611525959002,0.42466988208356277,-1.6451124007865698,-0.2158167769441807,-0.854722568656716,-0.4014830678366994,2.1751117468100603,0.8859357335536329,2.0217868532785768,-0.26228616495138807
0.09178072347298784,0.058218094245783676,0.5398955868256787,-0.19921376430928328,-0.42217325864340394,0.23259267710295922,-0.46130841148533536,0.02316422510664811,-0.5492466737166846,1.8661961946482464,-0.854722568656716,-0.4014830678366994,2.1751117468100603,3.881776979403483,2.0217868532785768,-0.26228616495138807
0.7810450606373822,0.23309008306792298,-0.3252987002722346,0.15593751611634962,0.9816606947666007,0.0632511976933876,0.6403630641472345,0.3979028382851033,0.3576766866170118,1.1721918707841041,-0.1413473244607061,-0.4014830678366994,-0.45974649415900753,1.8845494821702495,-0.07479066767254888,-0.26228616495138807
0.09178072347298784,-1.0609626342159089,0.45507261750235384,-0.13156590137106874,-0.34330618260913404,-0.8142455592471198,0.3429117657264406,0.8797096266574,-0.4358812536749735,-0.2158167769441807,-0.1413473244607061,-0.4014830678366994,-0.45974649415900753,-0.1126780150629839,-0.07479066767254888,-0.26228616495138807
-0.16215876916652358,0.40796207189006223,-0.4779800450542205,0.9169759741712793,0.3034038408718793,-0.4755626004279766,0.5522293460966289,-0.43187551946718733,1.037869206867286,-0.2158167769441807,-0.854722568656716,-0.4014830678366994,2.1751117468100603,0.8859357335536329,2.0217868532785768,-0.26228616495138807
-0.16215876916652358,1.2298604193541174,0.5568601806903452,1.3397751175351291,-0.6587744867462137,-0.1368796416088334,-0.3621579786784041,-1.0609010487310206,0.5844075267004359,-0.2158167769441807,-0.1413473244607061,-0.4014830678366994,-0.45974649415900753,-0.1126780150629839,-0.07479066767254888,-0.26228616495138807
0.6177982439405515,0.4254492707722752,0.1327453340737205,-0.3345094901857172,0.4138177473198572,0.6790383955463754,-0.1969072573335186,0.13023240030049354,-0.3477081491980876,0.4781875469199617,0.5720279197353038,-0.4014830678366994,-0.45974649415900753,-0.1126780150629839,-0.07479066767254888,-0.26228616495138807
1.8693571719495807,-0.39644907669178,0.8791874641189785,-0.3514214559202702,0.8081531274912067,-0.02911688198456055,0.585279490365606,1.6827209406112313,-0.9145352494066469,0.4781875469199617,-0.854722568656716,-0.4014830678366994,2.1751117468100603,1.8845494821702495,2.0217868532785768,-0.26228616495138807
-1.3955791619870146,0.1456540886568533,0.04792236475039557,0.49417683080742947,-1.258164264606665,-0.32161580096472975,-0.6485925623428722,-1.141202180126403,0.3324843710521865,0.4781875469199617,-0.854722568656716,-0.4014830678366994,2.1751117468100603,1.8845494821702495,2.0217868532785768,-0.26228616495138807
-0.7607304303882322,1.1424244249430477,1.1166917782242893,1.407422980473346,-1.6998198903985768,-0.2754317611257556,-0.990110719788969,-1.435639661909474,0.21911895101047535,-0.2158167769441807,-0.854722568656716,-0.4014830678366994,2.1751117468100603,0.8859357335536329,2.0217868532785768,-0.26228616495138807
-0.3979597266174994,0.5128852651833449,-0.1895819493549152,0.22358537905456655,-0.16979861533374022,0.2479873570492839,-0.29605769014044986,-0.6861624355525655,0.307292055487363,0.4781875469199617,-0.854722568656716,-0.4014830678366994,2.1751117468100603,1.8845494821702495,2.0217868532785768,-0.26228616495138807
2.050742523834947,0.02324369648135532,-0.3592278880015651,-0.6051009419385801,2.1173465896600874,0.5712756359221025,1.070014939643937,1.4953516340220037,-0.18395809802672405,-0.2158167769441807,-0.1413473244607061,-0.4014830678366994,-0.45974649415900753,-0.1126780150629839,-0.07479066767254888,-0.26228616495138807
0.21875046979274484,1.5446299992339676,0.5398955868256787,0.7816802482948478,-0.31175935219542605,0.6482490356537259,-0.6816427066118493,-1.0207504830333296,0.1813304776632383,-0.2158167769441807,-0.1413473244607061,-0.4014830678366994,-0.45974649415900753,-0.1126780150629839,-0.07479066767254888,-0.26228616495138807
-2.0122893583972616,1.4047324081762567,-0.4949446389188845,1.5088947748806691,-1.289711095020373,-0.1368796416088334,-0.802826568931432,-2.5598555014448356,1.4913308870341342,0.4781875469199617,-0.1413473244607061,-0.4014830678366994,-0.45974649415900753,0.8859357335536329,-0.07479066767254888,-0.26228616495138807
0.001088047530304632,0.6003212595944145,0.18363911566771499,0.8831520427021708,-0.16979861533374022,-0.2754317611257556,0.07851061157462387,-0.4586425632656487,0.5214267377883736,-0.9098211008083231,-0.1413473244607061,2.490765066104216,-0.45974649415900753,-1.1112917636796007,-2.1713681886236746,-0.26228616495138807
0.47268996243225886,0.2680644808323513,0.013993177021065112,0.5618246937456465,0.3980443321130032,-0.2754317611257556,0.47511234280234904,0.14361592219972327,0.4080613177466624,-0.2158167769441807,0.5720279197353038,-0.4014830678366994,-0.45974649415900753,-1.1112917636796007,-0.07479066767254888,-0.26228616495138807
0.5633826383749421,0.16314128753906626,-0.25744032481357615,0.443440933603768,0.7292860514569368,-0.2600370811794309,0.695446637928863,0.29083466309125977,0.5214267377883753,-0.2158167769441807,-0.1413473244607061,-0.4014830678366994,-0.45974649415900753,-0.1126780150629839,-0.07479066767254888,-0.26228616495138807
0.5452441031864038,-0.6412698610427735,1.2184793414122783,0.1897614475854581,-0.6587744867462137,-0.7372721595154964,0.06749389681829816,0.8930931485566298,-0.7633813560176969,-0.2158167769441807,0.5720279197353038,-0.4014830678366994,-0.45974649415900753,-1.1112917636796007,-0.07479066767254888,-0.26228616495138807
1.125677229219577,-1.498142606271257,1.3202669046002695,-0.03009410696374335,-0.24866569136801012,-1.2914806375831853,0.7505302117104915,1.9771584223943004,-1.0027083538835346,-0.2158167769441807,-0.1413473244607061,-0.4014830678366994,-0.45974649415900753,-0.1126780150629839,-0.07479066767254888,-0.26228616495138807
-0.8514231063309154,0.21560288418570756,-0.4949446389188845,0.5618246937456465,-0.28021252178171807,-0.32161580096472975,0.03444375254932109,-0.7932306107464091,0.7859460512190365,-0.2158167769441807,-0.1413473244607061,-0.4014830678366994,-0.45974649415900753,-0.1126780150629839,-0.07479066767254888,-0.26228616495138807
0.18247339941567103,0.6702700551232712,0.14970992793838453,0.08828965317813268,0.019482367148507602,0.5096969161368037,-0.3511412639220784,-0.37834143187026653,-0.0454003624201876,-0.2158167769441807,-0.1413473244607061,-0.4014830678366994,-0.45974649415900753,-0.1126780150629839,-0.07479066767254888,-0.26228616495138807
-0.4342367969945732,-0.029217900165285967,-0.3592278880015651,-1.4168752971971714,-0.04361129367890833,1.2640362335067135,-0.9350271460073405,-0.29804030047488245,-0.7885736715825222,-0.2158167769441807,1.2854031639313137,-0.4014830678366994,-0.45974649415900753,-2.1099055122962174,-0.07479066767254888,-0.26228616495138807
1.597279144121531,0.4604236685367035,0.9640104334423034,-0.04700607269829879,0.4926848233541271,0.44811819635150496,0.02342703779299539,0.8261755390604792,-0.7507851982352851,-0.9098211008083231,0.5720279197353038,2.490765066104216,-0.45974649415900753,-2.1099055122962174,-2.1713681886236746,-0.26228616495138807
0.45455142724372066,0.11067969089242496,0.16667452180304856,0.32505717346188956,0.2403101800444634,-0.19845836139413217,0.30986162145746354,0.2506840973935668,0.11834968875117594,-0.2158167769441807,-0.1413473244607061,-0.4014830678366994,-0.45974649415900753,-0.1126780150629839,-0.07479066767254888,-0.26228616495138807
0.3275816809239662,0.7052444528876995,0.5738247745550092,1.1706554601895893,-0.24866569136801012,-0.44477324053532724,0.14461090011257807,-0.29804030047488245,0.44584979109389944,-0.2158167769441807,-0.1413473244607061,-0.4014830678366994,-0.45974649415900753,-0.1126780150629839,-0.07479066767254888,-0.26228616495138807
-0.03518902284676659,1.194886021589689,-0.3592278880015651,1.6272785350225476,0.3034038408718793,-0.42937856058900253,0.5191792018276519,-0.9404493516379455,1.4787347292517223,0.4781875469199617,-0.1413473244607061,-0.4014830678366994,-0.45974649415900753,0.8859357335536329,-0.07479066767254888,-0.26228616495138807
-0.7425918951996966,0.058218094245783676,0.4211434297730234,-0.14847786710562177,-1.0373364517107093,0.18640863726398513,-0.8579101427130605,-0.5924777822579537,-0.4232850958925599,-0.9098211008083231,0.5720279197353038,2.490765066104216,-0.45974649415900753,-2.1099055122962174,-2.1713681886236746,-0.26228616495138807
1.8693571719495807,-0.09916669569414267,0.9979396211716339,0.9846238371094963,0.6977392210432289,-0.9835870386566914,1.1911988019635196,1.4552010683243126,-0.007611889072948758,0.4781875469199617,-0.854722568656716,-0.4014830678366994,2.1751117468100603,1.8845494821702495,2.0217868532785768,-0.26228616495138807
0.49082849762079445,0.9325780383564801,0.16667452180304856,0.5280007622765379,0.27185701045817134,0.3403554367272321,-0.053689965501284506,-0.3515743880718052,0.26950358214012593,0.4781875469199617,-0.1413473244607061,-0.4014830678366994,-0.45974649415900753,0.8859357335536329,-0.07479066767254888,-0.26228616495138807
0.36385875130103745,-0.8336290487471282,0.5568601806903452,1.0184477685786024,-0.20134544574744817,-1.660952956294978,1.0479815101312853,0.9064766704558614,0.3450805288345982,-0.2158167769441807,0.5720279197353038,-0.4014830678366994,-0.45974649415900753,-1.1112917636796007,-0.07479066767254888,-0.26228616495138807
0.8717377365800655,1.2648348171185433,0.8622228702543144,1.1199195629859278,-0.04361129367890833,0.09404055758603701,-0.0977568245265873,-0.3248073442733419,0.19392663544565006,-0.2158167769441807,-0.854722568656716,-0.4014830678366994,2.1751117468100603,0.8859357335536329,2.0217868532785768,-0.26228616495138807
-0.1258816987894498,0.355500475243421,-0.7494135468888593,-0.18230179857473025,0.5873253145952511,0.4789075562441543,0.0674938968182982,-0.3649579099710349,0.4206574755290741,0.4781875469199617,0.5720279197353038,-0.4014830678366994,-0.45974649415900753,-0.1126780150629839,-0.07479066767254888,-0.26228616495138807
0.20061193460420923,1.6845275902916785,-0.22351113708424566,-0.13156590137106874,0.3822709169061492,1.6027191923258566,-0.8799435722257118,-1.141202180126403,0.06796505762152534,-0.2158167769441807,-0.1413473244607061,-0.4014830678366994,-0.45974649415900753,-0.1126780150629839,-0.07479066767254888,-0.26228616495138807
-0.597483613691404,-0.08167949681192725,-0.8172719223475202,-1.1462838454443083,0.2403101800444634,0.9715373145265445,-0.5274087000232895,-0.37834143187026653,-0.24693888693878638,-0.2158167769441807,-0.1413473244607061,-0.4014830678366994,-0.45974649415900753,-0.1126780150629839,-0.07479066767254888,-0.26228616495138807
-0.2528514451092068,0.39047487300784683,-0.41012166959555957,-0.3006855587166087,0.16144310401019346,0.6174596757610765,-0.329107834409427,-0.48540960706410813,0.0805612154039371,-0.2158167769441807,-0.1413473244607061,-0.4014830678366994,-0.45974649415900753,-0.1126780150629839,-0.07479066767254888,-0.26228616495138807
-0.3798211914289638,-2.0227585727376747,-0.7833427346181898,-0.43598128459304014,0.3980443321130032,-1.3838487172611336,1.2683158052577992,1.267831761735085,0.25690742435771236,-0.2158167769441807,0.5720279197353038,-0.4014830678366994,-0.45974649415900753,-1.1112917636796007,-0.07479066767254888,-0.26228616495138807
0.6359367791290871,0.5478596629477732,0.7604353070663231,0.6802084538875225,-0.15402520012688622,-0.1368796416088334,-0.009623106475981708,0.04993126890510947,-0.05799652020259936,-0.2158167769441807,-0.854722568656716,-0.4014830678366994,2.1751117468100603,0.8859357335536329,2.0217868532785768,-0.26228616495138807
0.7991835958259179,1.089962828296404,-0.12172357389625431,1.491982809146116,0.8081531274912067,-0.3985892006963531,0.8496806445174226,-0.24450621287795976,1.2016192580386478,0.4781875469199617,-0.1413473244607061,-0.4014830678366994,-0.45974649415900753,0.8859357335536329,-0.07479066767254888,-0.26228616495138807
1.053123088465432,0.16314128753906626,0.3702496481790289,0.6632964881529695,0.571551899388397,-0.46016792048165195,0.7284967821978402,0.6521897543704833,0.21911895101047535,-0.2158167769441807,-0.1413473244607061,-0.4014830678366994,-0.45974649415900753,-0.1126780150629839,-0.07479066767254888,-0.26228616495138807
1.252646975539334,0.5303724640655603,1.0488334027656283,0.12211358464724115,0.11412285838963149,0.3557501166735568,-0.1748738278208672,0.5183545353781766,-0.6878044093232228,0.4781875469199617,-0.1413473244607061,-0.4014830678366994,-0.45974649415900753,0.8859357335536329,-0.07479066767254888,-0.26228616495138807
1.125677229219577,1.5096556014695393,1.6086650002995724,-0.841868462222337,-0.5168137498845278,2.0953489506082468,-1.8604311855386988,-0.32480734427334385,-1.8214586097403451,-0.2158167769441807,-0.1413473244607061,-0.4014830678366994,-0.45974649415900753,-0.1126780150629839,-0.07479066767254888,-0.26228616495138807
-0.8332845711423799,-0.37896187780956453,0.45507261750235384,1.5088947748806691,-1.1477503581586872,-1.7071369961339522,0.42002876902072067,-0.32480734427334385,0.7859460512190365,-0.2158167769441807,-0.1413473244607061,-0.4014830678366994,-0.45974649415900753,-0.1126780150629839,-0.07479066767254888,-0.26228616495138807
0.309443145735428,1.597091595880609,0.9809750273069698,0.6125605909493079,-0.6430010715393596,0.8483798749559469,-1.0562110083269232,-0.9939834392348683,-0.2721312025036117,-0.2158167769441807,-0.1413473244607061,-0.4014830678366994,-0.45974649415900753,-0.1126780150629839,-0.07479066767254888,-0.26228616495138807
0.14619632903859983,-1.638040197328968,-0.019936010708265343,0.17284948185090265,0.14566968880333947,-1.5993742365096792,1.246282375745148,1.3615164150296988,0.14354200431599945,-0.2158167769441807,0.5720279197353038,-0.4014830678366994,-0.45974649415900753,-1.1112917636796007,-0.07479066767254888,-0.26228616495138807
-0.5067909377487207,0.02324369648135532,0.9131166518483089,-0.01318214122919032,-1.289711095020373,0.03246183780073822,-0.9240104312510147,-0.3917249537694963,-0.6878044093232228,-0.2158167769441807,-0.1413473244607061,-0.4014830678366994,-0.45974649415900753,-0.1126780150629839,-0.07479066767254888,-0.26228616495138807
-0.144020233977988,-0.046705099047501385,-0.8512011100768507,0.10520161891268812,0.666192390629521,-0.1368796416088334,0.5632460608529546,-0.07052042818796378,0.7103691045245624,-0.2158167769441807,-0.854722568656716,-0.4014830678366994,2.1751117468100603,0.8859357335536329,2.0217868532785768,-0.26228616495138807
0.38199728648957565,-1.9353225783266053,0.6247185561490037,-0.26686162724750023,-0.24866569136801012,-1.4608221169927569,0.8717140740300742,1.7630220720066134,-0.6626120937583975,-0.2158167769441807,-0.854722568656716,-0.4014830678366994,2.1751117468100603,0.8859357335536329,2.0217868532785768,-0.26228616495138807
0.9987074828998199,1.1424244249430477,0.8622228702543144,-1.010988119567877,0.06680261276906956,1.9260074711986754,-1.3316288772350655,-0.13743803768411814,-1.393189245138322,-0.9098211008083231,-0.854722568656716,2.490765066104216,2.1751117468100603,-0.1126780150629839,-0.07479066767254888,-0.26228616495138807
0.6177982439405515,-0.6412698610427735,0.1327453340737205,-0.6220129076731331,0.4138177473198572,0.0016724779080888352,0.2878281919448122,0.9466272361535525,-0.5618428314990981,0.4781875469199617,-0.1413473244607061,-0.4014830678366994,-0.45974649415900753,0.8859357335536329,-0.07479066767254888,-0.26228616495138807
1.2707855107278696,1.0200140327675498,1.3541960923295977,1.661102466491656,-0.15402520012688622,-0.6141147199448989,0.33189505097011496,0.156999444098953,0.2317151087928889,0.4781875469199617,-0.854722568656716,-0.4014830678366994,2.1751117468100603,1.8845494821702495,2.0217868532785768,-0.26228616495138807
0.21875046979274484,-0.5188594688672755,-0.46101545118955406,-1.010988119567877,0.6188721450089589,0.4635128762978296,0.10054404108727528,0.5585051010758676,-0.41068893811014995,-0.2158167769441807,-0.1413473244607061,-0.4014830678366994,-0.45974649415900753,-0.1126780150629839,-0.07479066767254888,-0.26228616495138807
-0.16215876916652358,1.8419123802316049,-0.29136951254290416,0.32505717346188956,0.12989627359648548,1.3256149532920123,-0.8579101427130605,-1.5293243152040878,0.4584459488763112,0.4781875469199617,-0.854722568656716,-0.4014830678366994,2.1751117468100603,1.8845494821702495,2.0217868532785768,-0.26228616495138807
1.2707855107278696,0.6352956573588429,0.8622228702543144,1.694926397960762,0.3034038408718793,-0.9835870386566914,0.915780933055377,0.4514369258820241,0.622196000047673,-0.9098211008083231,-0.854722568656716,2.490765066104216,2.1751117468100603,-0.1126780150629839,-0.07479066767254888,-0.26228616495138807
-1.7583498657577474,-0.09916669569414267,-0.41012166959555957,0.47726486507287647,-1.1477503581586872,-0.5217466402669507,-0.4282582672163582,-1.221503311521785,0.6599844733949118,-0.2158167769441807,-0.1413473244607061,-0.4014830678366994,-0.45974649415900753,-0.1126780150629839,-0.07479066767254888,-0.26228616495138807
0.3275816809239662,-0.4139362755739929,-0.39315707573089553,0.5787366594801995,0.6504189754226669,-0.8912189589787433,1.092048369156588,0.5585051010758695,0.7229652623069742,-0.2158167769441807,-0.1413473244607061,-0.4014830678366994,-0.45974649415900753,-0.1126780150629839,-0.07479066767254888,-0.26228616495138807
0.5271055679978682,-0.1691154912229969,0.7604353070663231,-0.38524538738937864,-0.24866569136801012,0.20180331721030983,-0.3180911196531013,0.5183545353781766,-0.8515544604945846,0.4781875469199617,-0.854722568656716,-0.4014830678366994,2.1751117468100603,1.8845494821702495,2.0217868532785768,-0.26228616495138807
0.01922658271884282,-0.32650028116292323,-1.2074575812348145,1.3566870832696822,1.1393948468351405,-1.5224008367780557,1.8852518316120388,0.26406761929279843,1.9070040938537454,0.4781875469199617,-0.1413473244607061,-0.4014830678366994,-0.45974649415900753,0.8859357335536329,-0.07479066767254888,-0.26228616495138807
-0.7788689655767704,-0.36147467892735163,0.828293682524984,0.05446572170902662,-1.447445247088913,-0.36779984080370376,-0.7477429951498035,-0.29804030047488245,-0.5744389892815098,-0.2158167769441807,-0.1413473244607061,-0.4014830678366994,-0.45974649415900753,-0.1126780150629839,-0.07479066767254888,-0.26228616495138807
0.10991925866152602,0.1456540886568533,-0.8342365162121842,-0.3345094901857172,0.8712467883186227,0.43272351640518025,0.29884490670113784,-0.030369862490272702,0.37027284439942354,-0.2158167769441807,-0.1413473244607061,-0.4014830678366994,-0.45974649415900753,-0.1126780150629839,-0.07479066767254888,-0.26228616495138807
1.3977552570476266,1.089962828296404,1.5917004064349085,1.2552152888623591,-0.2644391065748641,-0.18306368144780746,-0.05368996550128449,0.197150009796646,-0.24693888693878638,-0.2158167769441807,1.2854031639313137,-0.4014830678366994,-0.45974649415900753,-2.1099055122962174,-0.07479066767254888,-0.26228616495138807
1.0712616236539674,-0.13414109345857103,-0.46101545118955406,1.745662295164426,1.360222659731096,-1.7071369961339522,2.1716864152765067,0.8930931485566317,1.6424847804230842,-0.2158167769441807,-0.1413473244607061,-0.4014830678366994,-0.45974649415900753,-0.1126780150629839,-0.07479066767254888,-0.26228616495138807
1.8874957071381164,1.352270811529613,1.5747358125702444,0.02064179023991815,0.17721651921704745,1.1716681538287657,-0.7146928508808266,0.3577522725874122,-1.1538622472724847,-0.9098211008083231,-0.1413473244607061,2.490765066104216,-0.45974649415900753,-1.1112917636796007,-2.1713681886236746,-0.26228616495138807
-1.5225489083067716,1.6495531925272502,0.23453289726170948,0.6294725566838609,-1.542085738330037,0.8791692348485963,-1.7061971789501393,-2.3858697167548377,0.2946958977049494,0.4781875469199617,-0.1413473244607061,-0.4014830678366994,-0.45974649415900753,0.8859357335536329,-0.07479066767254888,-0.26228616495138807
0.8898762717686011,0.9150908394742647,1.540806624840914,0.8831520427021708,-0.6587744867462137,0.0016724779080888352,-0.46130841148533536,-0.04375338438950243,-0.48626588480462407,-0.2158167769441807,-0.1413473244607061,-0.4014830678366994,-0.45974649415900753,-0.1126780150629839,-0.07479066767254888,-0.26228616495138807
1.1982313699737246,-0.4838850711028496,2.015815253051533,0.1390255503817966,-0.8322820540216075,-0.5525360001596,-0.1858905425771929,1.2544482398358552,-1.3931892451383203,-0.2158167769441807,-0.854722568656716,-0.4014830678366994,2.1751117468100603,0.8859357335536329,2.0217868532785768,-0.26228616495138807
0.3275816809239662,-0.4139362755739929,0.5229309929610148,1.1875674259241422,-0.20134544574744817,-1.4454274370464324,0.8937475035427257,0.5585051010758695,0.49623442222354824,1.1721918707841041,-0.854722568656716,-0.4014830678366994,2.1751117468100603,2.883163230786866,2.0217868532785768,-0.26228616495138807
-0.9602543174621369,0.040730895363568255,0.81132908866032,-0.9771641880987685,-1.5894059839505987,0.9253532746875704,-1.7722974674880931,-0.7396965231494882,-1.33020845622626,-0.9098211008083231,-0.1413473244607061,2.490765066104216,-0.45974649415900753,-1.1112917636796007,-2.1713681886236746,-0.26228616495138807
1.2345084403507982,0.8976036405920518,0.9470458395776394,1.1537434944550362,0.19298993442390142,-0.2600370811794309,0.32087833621378925,0.22391705359510733,0.156138162098413,-0.2158167769441807,-0.854722568656716,-0.4014830678366994,2.1751117468100603,0.8859357335536329,2.0217868532785768,-0.26228616495138807
0.12805779385006164,0.40796207189006223,-0.13868816776092074,-1.3154035027898483,0.2403101800444634,1.5565351524868827,-0.9460438607636662,-0.2177391690795003,-0.8767467760594099,-0.2158167769441807,-0.1413473244607061,-0.4014830678366994,-0.45974649415900753,-0.1126780150629839,-0.07479066767254888,-0.26228616495138807
0.5633826383749421,0.39047487300784683,-0.1895819493549152,-0.6220129076731331,0.666192390629521,0.9099585947412457,-0.1858905425771929,0.1168488784012638,-0.32251583363326053,-0.2158167769441807,-0.854722568656716,-0.4014830678366994,2.1751117468100603,0.8859357335536329,2.0217868532785768,-0.26228616495138807
-0.6518992192570134,1.1249372260608324,0.5229309929610148,-1.095547948240647,-1.0531098669175634,1.987586190983974,-2.157882483959493,-1.3419550086148602,-1.2042468784021352,-0.2158167769441807,-0.1413473244607061,-0.4014830678366994,-0.45974649415900753,-0.1126780150629839,-0.07479066767254888,-0.26228616495138807
1.8149415663839688,0.4604236685367035,0.1327453340737205,0.49417683080742947,1.4548631509722199,-0.04451156193088524,1.0479815101312853,0.9867778018512435,0.26950358214012415,-0.2158167769441807,-0.1413473244607061,-0.4014830678366994,-0.45974649415900753,-0.1126780150629839,-0.07479066767254888,-0.26228616495138807
0.29130461054689244,0.2505772819501359,-0.4779800450542205,0.47726486507287647,0.6977392210432289,-0.21385304134045688,0.6403630641472345,0.023164225106650012,0.7103691045245624,-0.2158167769441807,0.5720279197353038,-0.4014830678366994,-0.45974649415900753,-1.1112917636796007,-0.07479066767254888,-0.26228616495138807
-0.670037754445549,-1.3232706174491178,-0.22351113708424566,-0.36833342165482325,-0.37485301302284196,-0.8296402391934445,0.33189505097011496,0.5183545353781784,-0.10838115133224815,-0.2158167769441807,-0.1413473244607061,-0.4014830678366994,-0.45974649415900753,-0.1126780150629839,-0.07479066767254888,-0.26228616495138807
0.8173221310144535,0.3205260774789926,0.9470458395776394,-1.5352590573390497,-0.16979861533374022,1.6796925920574801,-1.32061216247874,0.3577522725874103,-1.8466509253051704,-0.2158167769441807,-0.854722568656716,-0.4014830678366994,2.1751117468100603,0.8859357335536329,2.0217868532785768,-0.26228616495138807
1.7242488904412856,-0.13414109345857103,1.4559836555175891,-1.180107776913417,0.14566968880333947,0.9561426345802198,-0.582492273804918,1.3748999369289285,-1.9600163453468833,-0.2158167769441807,-0.1413473244607061,-0.4014830678366994,-0.45974649415900753,-0.1126780150629839,-0.07479066767254888,-0.26228616495138807
0.7629065254488441,0.5653468618299862,0.4890018052316843,0.8324161454985094,0.20876334963075543,-0.2600370811794309,0.33189505097011496,0.13023240030049354,0.25690742435771236,-0.2158167769441807,-0.1413473244607061,-0.4014830678366994,-0.45974649415900753,-0.1126780150629839,-0.07479066767254888,-0.26228616495138807
0.4364128920551851,-0.4139362755739929,0.28542667885570394,0.10520161891268812,0.11412285838963149,-0.46016792048165195,0.4090120542643949,0.6388062324712517,-0.13357346689707345,-0.2158167769441807,-0.854722568656716,-0.4014830678366994,2.1751117468100603,0.8859357335536329,2.0217868532785768,-0.26228616495138807
-0.3979597266174994,0.5303724640655603,1.6595587818935693,1.3397751175351291,-1.8891008728808245,-0.752666839461821,-0.7807931394187807,-0.6995459574517972,-0.23434272915637464,0.4781875469199617,-0.1413473244607061,-0.4014830678366994,-0.45974649415900753,0.8859357335536329,-0.07479066767254888,-0.26228616495138807
0.49082849762079445,1.5096556014695393,1.6765233757582334,0.5280007622765379,-1.1319769429518332,0.8483798749559469,-1.3977291657730198,-0.793230610746411,-0.8515544604945846,-0.2158167769441807,-0.1413473244607061,-0.4014830678366994,-0.45974649415900753,-0.1126780150629839,-0.07479066767254888,-0.26228616495138807
-0.34354412105189003,-0.5888082643961322,-0.002971416843601321,1.2383033231278062,-0.29598593698857206,-1.6455582763486534,0.9708645068370055,0.197150009796646,0.9245037868255748,0.4781875469199617,-0.1413473244607061,-0.4014830678366994,-0.45974649415900753,0.8859357335536329,-0.07479066767254888,-0.26228616495138807
0.27316607535835424,-0.029217900165285967,-0.6476259837008703,-0.6051009419385801,0.8396999579049147,0.5250915960831284,0.21071118865053223,0.22391705359510544,0.030176584274288293,-0.2158167769441807,0.5720279197353038,-0.4014830678366994,-0.45974649415900753,-1.1112917636796007,-0.07479066767254888,-0.26228616495138807
-1.3230250212328696,1.0200140327675498,1.1506209659536197,0.9846238371094963,-2.220342592224758,0.0016724779080888352,-1.5519631723615797,-1.7568441874910066,-0.1209773091146617,-0.2158167769441807,-0.1413473244607061,-0.4014830678366994,-0.45974649415900753,-0.1126780150629839,-0.07479066767254888,-0.26228616495138807
1.4884479329903098,0.4429364696544906,0.09881614634439005,-0.4528932503275932,1.2024885076625564,0.8021958351169729,0.26579476243216077,0.7592579295643249,-0.41068893811014817,-0.9098211008083231,-0.1413473244607061,2.490765066104216,-0.45974649415900753,-1.1112917636796007,-2.1713681886236746,-0.26228616495138807
-0.07146609322384039,-1.2882962196846894,-0.13868816776092074,0.5110887965419826,0.06680261276906956,-1.5993742365096792,1.1911988019635196,0.9332437142543227,0.4836382644411365,-0.9098211008083231,-0.1413473244607061,2.490765066104216,-0.45974649415900753,-1.1112917636796007,-2.1713681886236746,-0.26228616495138807
0.36385875130103745,-0.36147467892735163,-0.9529886732648396,-0.06391803843285182,1.2024885076625564,-0.2600370811794309,1.025948080618634,0.5451215791766378,0.6599844733949118,-0.2158167769441807,-0.1413473244607061,-0.4014830678366994,-0.45974649415900753,-0.1126780150629839,-0.07479066767254888,-0.26228616495138807
0.09178072347298784,0.2505772819501359,-0.1726173554902512,-1.298491537055293,0.2403101800444634,1.4025883530236358,-0.8358767132004091,-0.1240545157848865,-0.838958302712171,0.4781875469199617,-0.1413473244607061,-0.4014830678366994,-0.45974649415900753,0.8859357335536329,-0.07479066767254888,-0.26228616495138807
2.1777122701547014,1.072475629414191,0.9131166518483089,-0.8926043594259985,1.0447543555940164,1.7566659917891037,-0.5274087000232895,0.7860249733627862,-1.3428046140086716,-0.9098211008083231,-0.1413473244607061,2.490765066104216,-0.45974649415900753,-1.1112917636796007,-2.1713681886236746,-0.26228616495138807
0.9987074828998199,-0.6237826621605606,0.5738247745550092,1.7963981923680874,0.3349506712855873,-2.1843720744700175,1.7971181135614331,1.2142976741381621,0.9119076290431612,0.4781875469199617,-0.1413473244607061,-0.4014830678366994,-0.45974649415900753,0.8859357335536329,-0.07479066767254888,-0.26228616495138807
0.7447679902603085,0.1281668897746379,0.6586477438783341,-0.48671718179670165,0.03525578235536159,0.5558809559757778,-0.3731746934347298,0.451436925882026,-0.8515544604945846,-0.2158167769441807,-0.1413473244607061,-0.4014830678366994,-0.45974649415900753,-0.1126780150629839,-0.07479066767254888,-0.26228616495138807
1.6154176793100667,0.7402188506521254,-0.8003073284828538,1.2890392203314678,2.148893420073795,-0.5217466402669507,1.874235116855713,0.6254227105720219,1.5543116759461966,-0.9098211008083231,-0.1413473244607061,2.490765066104216,-0.45974649415900753,-1.1112917636796007,-2.1713681886236746,-0.26228616495138807
-0.5067909377487207,-1.4806554073890414,1.3033023107356032,0.3081452077273365,-1.6524996447780147,-1.5839795565633545,-0.020639821232307405,0.7592579295643249,-0.7381890404528716,-0.2158167769441807,-0.1413473244607061,-0.4014830678366994,-0.45974649415900753,-0.1126780150629839,-0.07479066767254888,-0.26228616495138807
-0.8695616415194536,0.09319249201021203,0.11578074020905407,-0.21612573004383873,-0.8638288844353155,0.2787767169419333,-0.802826568931432,-0.7129294793510288,-0.24693888693878638,0.4781875469199617,-0.1413473244607061,-0.4014830678366994,-0.45974649415900753,0.8859357335536329,-0.07479066767254888,-0.26228616495138807
-0.08960462841237857,0.3030388785967772,-1.088705424182159,-0.04700607269829879,0.9343404491460388,0.3095660768345827,0.4310454837770463,-0.29804030047488245,0.773349893436623,0.4781875469199617,-0.1413473244607061,-0.4014830678366994,-0.45974649415900753,0.8859357335536329,-0.07479066767254888,-0.26228616495138807
-0.470513867371647,0.1981156853034946,0.33632046044969843,0.1390255503817966,-0.7218681475736296,0.04785651774706291,-0.5384254147796151,-0.49879312896333977,-0.1461696246794852,0.4781875469199617,0.5720279197353038,-0.4014830678366994,-0.45974649415900753,-0.1126780150629839,-0.07479066767254888,-0.26228616495138807
-0.16215876916652358,1.579604396998396,-0.07082979230225982,1.4243349462078991,-0.0751581240926163,0.09404055758603701,-0.1197902540392387,-1.3285714867156304,1.1134461535617601,-0.2158167769441807,0.5720279197353038,-0.4014830678366994,-0.45974649415900753,-1.1112917636796007,-0.07479066767254888,-0.26228616495138807
0.29130461054689244,0.11067969089242496,-1.1395992057761535,-0.9095163251605515,1.3129024141105343,0.9253532746875704,0.2547780476758352,0.13023240030049354,0.16873431988082477,-0.2158167769441807,0.5720279197353038,-0.4014830678366994,-0.45974649415900753,-1.1112917636796007,-0.07479066767254888,-0.26228616495138807
0.309443145735428,-0.09916669569414267,0.47203721136702026,-0.3345094901857172,-0.16979861533374022,0.21719799715663451,-0.27402426062779844,0.3042181849904895,-0.599631304846337,-0.2158167769441807,-0.854722568656716,-0.4014830678366994,2.1751117468100603,0.8859357335536329,2.0217868532785768,-0.26228616495138807
-1.5588259786838454,0.8801164417098388,1.2354439352769446,0.32505717346188956,-2.50426406594813,0.4789075562441543,-2.0917821954215388,-1.823761796987159,-0.6752082515408111,-0.2158167769441807,-0.1413473244607061,-0.4014830678366994,-0.45974649415900753,-0.1126780150629839,-0.07479066767254888,-0.26228616495138807
0.5271055679978682,-0.1691154912229969,2.083673628510194,0.037553755974471185,-1.478992077502621,-0.18306368144780746,-0.9019770017383634,0.5183545353781766,-1.5191508229624469,-0.2158167769441807,-0.1413473244607061,-0.4014830678366994,-0.45974649415900753,-0.1126780150629839,-0.07479066767254888,-0.26228616495138807
1.8512186367610426,0.5478596629477732,0.6586477438783341,-0.4021573531239317,0.9974341099734546,0.8483798749559469,0.08952732633094958,0.9466272361535525,-0.7885736715825222,-0.2158167769441807,-0.1413473244607061,-0.4014830678366994,-0.45974649415900753,-0.1126780150629839,-0.07479066767254888,-0.26228616495138807
0.5089670328093326,0.3030388785967772,-1.6824662094454337,-0.26686162724750023,2.0069326832121095,0.5096969161368037,1.0369647953749597,0.14361592219972516,1.0504653646496978,-0.2158167769441807,-0.854722568656716,-0.4014830678366994,2.1751117468100603,0.8859357335536329,2.0217868532785768,-0.26228616495138807
-0.5249294729372564,-0.32650028116292323,0.04792236475039557,-0.01318214122919032,-0.5010403346776738,-0.2754317611257556,-0.15284039830821583,-0.13743803768411622,-0.0454003624201876,0.4781875469199617,0.5720279197353038,-0.4014830678366994,-0.45974649415900753,-0.1126780150629839,-0.07479066767254888,-0.26228616495138807
0.18247339941567103,1.8069379824671765,-0.5628030143775454,0.7647682825602924,0.6819658058363749,0.894563914794921,-0.16385711306454148,-1.2482703553202483,0.9874845757376354,-0.2158167769441807,-0.1413473244607061,-0.4014830678366994,-0.45974649415900753,-0.1126780150629839,-0.07479066767254888,-0.26228616495138807
-0.5430680081257946,1.0025268338853344,-0.8172719223475202,0.5618246937456465,0.28763042566502534,0.37114479661988153,-0.06470668025761023,-1.1679692239248642,1.0252730490848743,-0.2158167769441807,-0.1413473244607061,-0.4014830678366994,-0.45974649415900753,-0.1126780150629839,-0.07479066767254888,-0.26228616495138807
1.5610020737444572,-0.08167949681192725,1.7104525634875638,0.27432127625822805,-0.23289227616115613,-0.32161580096472975,0.06749389681829819,1.2142976741381621,-1.065689142795597,-0.2158167769441807,-0.854722568656716,-0.4014830678366994,2.1751117468100603,0.8859357335536329,2.0217868532785768,-0.26228616495138807
0.12805779385006164,0.4604236685367035,-0.5797676082422094,2.117725541324612,0.6504189754226669,-1.5224008367780557,1.5437336741659418,-0.2578897347771914,2.0077733561130446,-0.2158167769441807,-0.1413473244607061,-0.4014830678366994,-0.45974649415900753,-0.1126780150629839,-0.07479066767254888,-0.26228616495138807
0.5271055679978682,-1.638040197328968,0.6416831500136702,1.5427187063497776,-0.13825178492003223,-2.846343312161979,1.9403354053936672,1.6425703749135383,0.6725806311773236,-0.2158167769441807,-0.1413473244607061,-0.4014830678366994,-0.45974649415900753,-0.1126780150629839,-0.07479066767254888,-0.26228616495138807
0.10991925866152602,-1.2708090208024765,-0.2404757309489097,0.443440933603768,0.3191772560787333,-1.5224008367780557,1.312382664283102,1.053695411347398,0.5088305800059618,-0.2158167769441807,-0.1413473244607061,-0.4014830678366994,-0.45974649415900753,-0.1126780150629839,-0.07479066767254888,-0.26228616495138807
1.8693571719495807,0.3205260774789926,1.1675855598182838,-0.841868462222337,0.540005068974689,1.048510714258168,-0.3731746934347298,1.13399654274278,-1.4939585073976216,0.4781875469199617,-0.1413473244607061,-0.4014830678366994,-0.45974649415900753,0.8859357335536329,-0.07479066767254888,-0.26228616495138807
-0.3254055858633544,0.1456540886568533,1.4050898739235946,-0.5036291475312571,-1.5894059839505987,0.5866703158684271,-1.529929742848928,-0.3515743880718052,-1.4183815607031476,-0.2158167769441807,-0.1413473244607061,-0.4014830678366994,-0.45974649415900753,-0.1126780150629839,-0.07479066767254888,-0.26228616495138807
-1.2686094156672603,0.28555167971456424,0.4211434297730234,-0.757308633549567,-1.494765492709475,0.9407479546338952,-1.7172138937064652,-1.1545857020256345,-0.8767467760594099,-0.2158167769441807,-0.1413473244607061,-0.4014830678366994,-0.45974649415900753,-0.1126780150629839,-0.07479066767254888,-0.26228616495138807
1.21636990516226,-0.18660269010521233,-0.002971416843601321,2.269933232935599,1.0605277708008705,-2.2305561143089916,2.3369371366213922,1.0403118894481662,1.6928694115527347,-0.2158167769441807,-0.1413473244607061,-0.4014830678366994,-0.45974649415900753,-0.1126780150629839,-0.07479066767254888,-0.26228616495138807
0.14619632903859983,-0.08167949681192725,0.5568601806903452,-0.11465393563651333,-0.39062642822969595,0.03246183780073822,-0.29605769014044986,0.17038296599818462,-0.4988620425870358,-0.2158167769441807,-0.1413473244607061,-0.4014830678366994,-0.45974649415900753,-0.1126780150629839,-0.07479066767254888,-0.26228616495138807
-0.16215876916652358,0.4429364696544906,-0.34226329413690104,1.2552152888623591,0.17721651921704745,-0.752666839461821,0.6623964936598858,-0.4586425632656487,1.189023100256236,-0.2158167769441807,-0.1413473244607061,-0.4014830678366994,-0.45974649415900753,-0.1126780150629839,-0.07479066767254888,-0.26228616495138807
0.5996597087520158,-0.46639787222063417,-0.15565276162558475,0.37579307066555107,0.666192390629521,-0.752666839461821,1.0039146511059827,0.7994084952620178,0.3954651599642488,-0.2158167769441807,-0.1413473244607061,-0.4014830678366994,-0.45974649415900753,-0.1126780150629839,-0.07479066767254888,-0.26228616495138807
0.25502754016981866,-0.011730701283073033,-0.20654654321957924,2.608172547626679,0.4138177473198572,-2.3845029137722387,1.9954189791752959,0.197150009796646,2.095946460589932,-0.2158167769441807,-0.1413473244607061,-0.4014830678366994,-0.45974649415900753,-0.1126780150629839,-0.07479066767254888,-0.26228616495138807
-0.4160982618060376,-0.7112186565716302,1.8122401266755528,-1.010988119567877,-2.0468350249493645,0.294171396888258,-1.640096890412185,0.23730057549433706,-2.09857408095342,-0.2158167769441807,-0.1413473244607061,-0.4014830678366994,-0.45974649415900753,-0.1126780150629839,-0.07479066767254888,-0.26228616495138807
0.41827435686664943,1.4222196070584696,-1.614607833986775,0.47726486507287647,1.8649719463504237,0.8175905150632975,0.7174800674415145,-0.7798470888471793,1.5543116759461983,0.4781875469199617,-0.1413473244607061,-0.4014830678366994,-0.45974649415900753,0.8859357335536329,-0.07479066767254888,-0.26228616495138807
0.4364128920551851,1.579604396998396,-0.7324489530241953,1.6441905007571005,1.0605277708008705,-0.10609028171618401,0.8166305002484457,-0.8869152640410247,1.7684463582472087,-0.2158167769441807,-0.1413473244607061,-0.4014830678366994,-0.45974649415900753,-0.1126780150629839,-0.07479066767254888,-0.26228616495138807
-0.36168265624042817,-0.08167949681192725,-0.5119092327835509,0.5110887965419826,0.16144310401019346,-0.5371413202132754,0.49714577231500046,-0.20435564718027058,0.7607537356542112,-0.2158167769441807,-0.1413473244607061,-0.4014830678366994,-0.45974649415900753,-0.1126780150629839,-0.07479066767254888,-0.26228616495138807
-0.144020233977988,1.474681203705111,0.47203721136702026,0.8324161454985094,-0.5641339955050898,0.5404862760294531,-0.7807931394187807,-1.2348868334210168,0.26950358214012415,-0.2158167769441807,-0.1413473244607061,-0.4014830678366994,-0.45974649415900753,-0.1126780150629839,-0.07479066767254888,-0.26228616495138807
-1.504410373118236,-0.37896187780956453,0.5568601806903452,0.17284948185090265,-1.8260072120534085,-0.4909572803743013,-0.9240104312510147,-0.8199976545448723,-0.28472736028602524,-0.2158167769441807,0.5720279197353038,-0.4014830678366994,-0.45974649415900753,-1.1112917636796007,-0.07479066767254888,-0.26228616495138807
0.34572021611250187,0.6003212595944145,1.2524085291416087,-0.5543650447349187,-0.8638288844353155,1.0331160343118433,-1.3426455919913913,-0.20435564718026866,-1.3428046140086716,-0.2158167769441807,-0.1413473244607061,-0.4014830678366994,-0.45974649415900753,-0.1126780150629839,-0.07479066767254888,-0.26228616495138807
1.70611035525275,-1.6905017939756093,0.5907893684196732,1.1706554601895893,0.9343404491460388,-2.55384439318181,2.4801544284536265,2.552649864061211,0.4332536333114877,-0.2158167769441807,-0.1413473244607061,-0.4014830678366994,-0.45974649415900753,-0.1126780150629839,-0.07479066767254888,-0.26228616495138807
-1.3230250212328696,0.5653468618299862,0.5738247745550092,-0.9940761538333215,-1.6840464751917226,1.4025883530236358,-2.1799159134721444,-1.4088726181110127,-1.1664584050548963,-0.2158167769441807,-0.1413473244607061,-0.4014830678366994,-0.45974649415900753,-0.1126780150629839,-0.07479066767254888,-0.26228616495138807
0.8535992013915272,0.040730895363568255,0.5568601806903452,0.9169759741712793,0.2245367648376094,-0.7988508793007952,0.7284967821978402,0.5986556667735605,0.26950358214012415,-0.2158167769441807,-0.1413473244607061,-0.4014830678366994,-0.45974649415900753,-0.1126780150629839,-0.07479066767254888,-0.26228616495138807
0.14619632903859983,0.0757052931279966,-0.44405085732489,-0.8080445307532285,0.540005068974689,0.8021958351169729,-0.1969072573335186,0.04993126890511137,-0.2721312025036117,-0.2158167769441807,-0.1413473244607061,-0.4014830678366994,-0.45974649415900753,-0.1126780150629839,-0.07479066767254888,-0.26228616495138807
0.12805779385006164,1.2998092148829716,-0.7154843591595289,-0.9771641880987685,0.7766062970774988,2.033770230822948,-0.912993716494689,-0.9002987859402545,-0.19655425580913757,-0.2158167769441807,1.2854031639313137,-0.4014830678366994,-0.45974649415900753,-2.1099055122962174,-0.07479066767254888,-0.26228616495138807
-1.7220727953806763,-0.4838850711028496,0.9131166518483089,-0.7403966678150116,-2.34652991387959,0.2479873570492839,-1.8163643265133962,-0.9002987859402545,-1.2294391939669587,-0.9098211008083231,-0.854722568656716,2.490765066104216,2.1751117468100603,-0.1126780150629839,-0.07479066767254888,-0.26228616495138807
1.833080101572507,0.005756497599142387,1.1166917782242893,1.2044793916586978,0.5557784841815431,-1.0913497982809643,1.1691653724508682,1.348132893130467,0.06796505762152534,-0.9098211008083231,-0.854722568656716,2.490765066104216,2.1751117468100603,-0.1126780150629839,-0.07479066767254888,-0.26228616495138807
0.6722138495061609,0.9325780383564801,2.083673628510194,-0.09774196990196028,-1.3528047558477891,0.9099585947412457,-1.5960300313868825,-0.2177391690795003,-1.6199200852217464,0.4781875469199617,0.5720279197353038,-0.4014830678366994,-0.45974649415900753,-0.1126780150629839,-0.07479066767254888,-0.26228616495138807
0.7266294550717702,1.7719635847027482,0.7434707132016591,0.5956486252147525,-0.05938470888576232,1.0177213543655186,-0.769776424662455,-0.8199976545448723,-0.10838115133224994,0.4781875469199617,-0.854722568656716,-0.4014830678366994,2.1751117468100603,1.8845494821702495,2.0217868532785768,-0.26228616495138807
2.0144654534578734,-0.22157708786964067,1.2354439352769446,-0.85878042795689,0.603098729802105,0.5866703158684271,0.001393608280344013,1.6559538968127698,-1.556939296309684,-0.9098211008083231,-0.854722568656716,2.490765066104216,2.1751117468100603,-0.1126780150629839,-0.07479066767254888,-0.26228616495138807
0.5089670328093326,0.8101676461809821,0.18363911566771499,-0.13156590137106874,0.27185701045817134,0.8329851950096223,-0.4062248377037069,-0.24450621287795976,-0.23434272915637464,1.1721918707841041,-0.854722568656716,-0.4014830678366994,2.1751117468100603,2.883163230786866,2.0217868532785768,-0.26228616495138807
0.3275816809239662,1.474681203705111,-1.648537021716103,0.4096170021346595,1.8176517007298616,0.9253532746875704,0.6073129198782574,-0.8869152640410228,1.529119360381371,-0.9098211008083231,-0.854722568656716,2.490765066104216,2.1751117468100603,-0.1126780150629839,-0.07479066767254888,-0.26228616495138807
1.252646975539334,0.4779108674189165,-1.1226346119114896,-1.1631958111788614,2.1331200048669414,1.4795617527552594,0.43104548377704627,0.5585051010758695,-0.03280420463777406,-0.9098211008083231,-0.854722568656716,2.490765066104216,2.1751117468100603,-0.1126780150629839,-0.07479066767254888,-0.26228616495138807
0.6722138495061609,0.28555167971456424,1.5238420309762475,1.0522717000477109,-0.8322820540216075,-0.706482799622847,-0.0757233950139359,0.27745114119202813,-0.3477081491980858,-0.2158167769441807,-0.1413473244607061,-0.4014830678366994,-0.45974649415900753,-0.1126780150629839,-0.07479066767254888,-0.26228616495138807
0.45455142724372066,-0.8336290487471282,-0.5797676082422094,-1.02790008530243,0.9343404491460388,0.20180331721030983,0.5081624870713262,0.9733942799520139,-0.33511199141567405,-0.2158167769441807,-0.1413473244607061,-0.4014830678366994,-0.45974649415900753,-0.1126780150629839,-0.07479066767254888,-0.26228616495138807
-0.5793450785028659,-1.655527396211181,2.2363549732921775,1.1030075972513722,-2.5831311419823995,-2.461476313503862,-0.04267325074495872,0.839559060959709,-0.8389583027121728,-0.2158167769441807,-0.1413473244607061,-0.4014830678366994,-0.45974649415900753,-0.1126780150629839,-0.07479066767254888,-0.26228616495138807
0.12805779385006164,0.1281668897746379,-0.6985197652948648,-0.7234847020804586,0.7608328818706448,0.7714064752243235,-0.020639821232307405,-0.0036028186918113446,-0.020208046855362302,-0.2158167769441807,-0.1413473244607061,-0.4014830678366994,-0.45974649415900753,-0.1126780150629839,-0.07479066767254888,-0.26228616495138807
-0.1984358395435974,-0.30901308228071034,-0.39315707573089553,-0.18230179857473025,0.19298993442390142,-0.10609028171618401,0.2107111886505323,0.09008183460280245,0.156138162098413,-0.2158167769441807,-0.1413473244607061,-0.4014830678366994,-0.45974649415900753,-0.1126780150629839,-0.07479066767254888,-0.26228616495138807
0.45455142724372066,-0.13414109345857103,1.4899128432469195,-0.41906931885848714,-0.9900162060901473,0.2633820369956086,-0.879943572225712,0.43805340398279435,-1.4183815607031476,-0.2158167769441807,-0.854722568656716,-0.4014830678366994,2.1751117468100603,0.8859357335536329,2.0217868532785768,-0.26228616495138807
0.7991835958259179,1.3872452092940413,-1.3601389260168002,0.2574093105236726,1.9596124375915476,0.9869319944728692,0.662396493659886,-0.47202608516487843,1.2016192580386478,-0.2158167769441807,-0.1413473244607061,-0.4014830678366994,-0.45974649415900753,-0.1126780150629839,-0.07479066767254888,-0.26228616495138807
0.47268996243225886,-0.5888082643961322,0.5907893684196732,-0.757308633549567,-0.13825178492003223,0.17101395731766045,-0.21894068684616996,0.7994084952620178,-1.0027083538835346,-0.2158167769441807,-0.1413473244607061,-0.4014830678366994,-0.45974649415900753,-0.1126780150629839,-0.07479066767254888,-0.26228616495138807
1.6516947496871406,0.9500652372386931,0.6756123377429982,0.4096170021346595,0.8081531274912067,0.4635128762978296,0.23274461816318365,0.4915874915797171,-0.1965542558091358,-0.2158167769441807,0.5720279197353038,-0.4014830678366994,-0.45974649415900753,-1.1112917636796007,-0.07479066767254888,-0.26228616495138807
0.49082849762079445,-1.51562980515347,2.3381425364801687,1.0184477685786024,-1.7471401360191385,-2.261345474201641,0.3979953395080692,1.5221186778204632,-0.977516038318711,-0.2158167769441807,-0.1413473244607061,-0.4014830678366994,-0.45974649415900753,-0.1126780150629839,-0.07479066767254888,-0.26228616495138807
1.125677229219577,-0.13414109345857103,-1.2753159566934753,-1.3999633314626183,2.164666835280649,1.1562734738824407,0.6844299231725374,0.9332437142543227,-0.09578499354983641,-0.2158167769441807,-0.1413473244607061,-0.4014830678366994,-0.45974649415900753,-0.1126780150629839,-0.07479066767254888,-0.26228616495138807
1.9600498478922639,-0.9385522420404108,1.0657979966302948,-0.2499496615129472,0.7135126362500829,-0.5987200399985741,0.9267976478117027,2.164527728983528,-0.977516038318711,-0.2158167769441807,-0.854722568656716,-0.4014830678366994,2.1751117468100603,0.8859357335536329,2.0217868532785768,-0.26228616495138807
1.0349845532768938,0.4429364696544906,0.04792236475039557,-0.5374530790003632,0.8554733731117689,0.8791692348485963,-0.031656535988633064,0.42466988208356277,-0.4358812536749735,-0.2158167769441807,-0.854722568656716,-0.4014830678366994,2.1751117468100603,0.8859357335536329,2.0217868532785768,-0.26228616495138807
1.6879718200642144,1.4397068059406826,0.4381080236376898,0.7309443510911864,1.0605277708008705,0.6020649958147519,0.30986162145746354,0.14361592219972516,0.21911895101047535,-0.2158167769441807,-0.1413473244607061,-0.4014830678366994,-0.45974649415900753,-0.1126780150629839,-0.07479066767254888,-0.26228616495138807
0.03736511790737843,-0.25655148563406655,-0.6306613898362039,-0.6558368391422416,0.6188721450089589,0.37114479661988153,0.1666443296252294,0.22391705359510544,-0.020208046855362302,-0.2158167769441807,-0.854722568656716,-0.4014830678366994,2.1751117468100603,0.8859357335536329,2.0217868532785768,-0.26228616495138807
-1.4681333027411623,-0.27403868451628194,0.6756123377429982,1.661102466491656,-1.9048742880876786,-1.753321035972926,-0.0757233950139359,-0.8735317421417931,0.7355614200893877,0.4781875469199617,0.5720279197353038,-0.4014830678366994,-0.45974649415900753,-0.1126780150629839,-0.07479066767254888,-0.26228616495138807
0.309443145735428,-0.9035778442759824,1.472948249382253,-0.7065727363459031,-1.1004301125381253,-0.1522743215551581,-0.6596092770991979,0.9198601923550911,-1.6199200852217446,-0.2158167769441807,-0.1413473244607061,-0.4014830678366994,-0.45974649415900753,-0.1126780150629839,-0.07479066767254888,-0.26228616495138807
0.34572021611250187,-1.3932194129779718,0.04792236475039557,1.1537434944550362,0.2560835952513174,-2.2767401541479657,1.808134828317759,1.3213658493320057,0.8237345245662736,0.4781875469199617,-0.1413473244607061,-0.4014830678366994,-0.45974649415900753,0.8859357335536329,-0.07479066767254888,-0.26228616495138807
-0.4160982618060376,0.005756497599142387,2.253319567156844,0.47726486507287647,-2.456943820327568,-0.42937856058900253,-1.4087458805293454,-0.3114238223741141,-1.3176122984438463,-0.2158167769441807,1.2854031639313137,-0.4014830678366994,-0.45974649415900753,-2.1099055122962174,-0.07479066767254888,-0.26228616495138807
0.41827435686664943,0.6527828562410558,0.33632046044969843,-1.3830513657280628,0.05102919756221557,1.833639391520727,-1.276545303453437,-0.19097212528103705,-1.2798238250966074,-0.9098211008083231,-0.1413473244607061,2.490765066104216,-0.45974649415900753,-1.1112917636796007,-2.1713681886236746,-0.26228616495138807
0.14619632903859983,-1.375732214095759,-0.9020948916708451,0.544912728011091,0.9658872795597466,-1.7071369961339522,1.8962685463683642,1.1607635865412413,1.075657680214523,0.4781875469199617,-0.1413473244607061,-0.4014830678366994,-0.45974649415900753,0.8859357335536329,-0.07479066767254888,-0.26228616495138807
1.0349845532768938,2.0692459657003854,-1.4449618953401253,1.2383033231278062,2.243533911314919,0.6944330754927001,1.070014939643937,-0.8199976545448723,1.9951771983306348,-0.2158167769441807,-0.1413473244607061,-0.4014830678366994,-0.45974649415900753,-0.1126780150629839,-0.07479066767254888,-0.26228616495138807
-0.4523753321831114,-1.1309114297447629,-0.6476259837008703,0.9507999056403879,0.20876334963075543,-1.8610837955971993,1.4776333856279875,0.5317380572774063,1.189023100256236,-0.2158167769441807,-0.1413473244607061,-0.4014830678366994,-0.45974649415900753,-0.1126780150629839,-0.07479066767254888,-0.26228616495138807
0.49082849762079445,-0.36147467892735163,0.6756123377429982,2.8111161364413246,-0.20134544574744817,-2.8771326720546284,1.9183019758810156,0.6388062324712517,1.5921001492934335,-0.2158167769441807,-0.854722568656716,-0.4014830678366994,2.1751117468100603,0.8859357335536329,2.0217868532785768,-0.26228616495138807
-0.6337606840684779,-0.7636802532182715,-0.5119092327835509,-0.77422059928412,-0.0751581240926163,0.03246183780073822,-0.0757233950139359,0.1168488784012619,-0.1965542558091358,-0.2158167769441807,-0.1413473244607061,-0.4014830678366994,-0.45974649415900753,-0.1126780150629839,-0.07479066767254888,-0.26228616495138807
0.38199728648957565,-0.18660269010521233,1.082762590494959,1.5258067406152223,-0.6745479019530677,-1.5531901966707053,0.6403630641472347,0.42466988208356465,0.3324843710521865,-0.2158167769441807,-0.1413473244607061,-0.4014830678366994,-0.45974649415900753,-0.1126780150629839,-0.07479066767254888,-0.26228616495138807
0.01922658271884282,-0.39644907669178,-1.0378116425881645,0.12211358464724115,0.9816606947666007,-0.46016792048165195,1.0149313658623083,0.3176017068897211,0.8615229979135106,-0.2158167769441807,-0.1413473244607061,-0.4014830678366994,-0.45974649415900753,-0.1126780150629839,-0.07479066767254888,-0.26228616495138807
-0.9783928526506724,0.9500652372386931,1.472948249382253,-0.09774196990196028,-2.220342592224758,0.9253532746875704,-2.212966057741121,-1.4490231838087038,-1.1664584050548963,-0.9098211008083231,-0.1413473244607061,2.490765066104216,-0.45974649415900753,-1.1112917636796007,-2.1713681886236746,-0.26228616495138807
0.27316607535835424,0.7751932484165538,-0.5967322021068758,0.2574093105236726,0.7923797122843528,0.44811819635150496,0.23274461816318365,-0.3917249537694963,0.6347921578300866,-0.2158167769441807,-0.854722568656716,-0.4014830678366994,2.1751117468100603,0.8859357335536329,2.0217868532785768,-0.26228616495138807
1.2345084403507982,0.0757052931279966,-0.019936010708265343,1.3735990490042376,1.0920746012145786,-1.1837178779589126,1.609833962703896,0.8529425828589406,1.037869206867286,-0.2158167769441807,-0.854722568656716,-0.4014830678366994,2.1751117468100603,0.8859357335536329,2.0217868532785768,-0.26228616495138807
0.16433486422713542,1.8768867779960308,0.6756123377429982,0.8324161454985094,-0.4852669194708199,0.894563914794921,-0.9790940050326431,-1.3151879648163989,0.11834968875117594,0.4781875469199617,-0.1413473244607061,-0.4014830678366994,-0.45974649415900753,0.8859357335536329,-0.07479066767254888,-0.26228616495138807
-0.8151460359538442,1.1424244249430477,-0.6815551714302008,0.5280007622765379,-0.0751581240926163,0.5250915960831284,-0.4282582672163583,-1.475790227607167,0.8993114712607495,-0.9098211008083231,-0.1413473244607061,2.490765066104216,-0.45974649415900753,-1.1112917636796007,-2.1713681886236746,-0.26228616495138807
-0.4523753321831114,1.5096556014695393,-1.173528393505484,0.8831520427021708,0.6977392210432289,0.5250915960831284,0.11156075584360099,-1.4891737495063968,1.529119360381371,-0.2158167769441807,-0.1413473244607061,-0.4014830678366994,-0.45974649415900753,-0.1126780150629839,-0.07479066767254888,-0.26228616495138807
1.1619542995966508,0.3205260774789926,0.35328505431436485,2.0162537469172888,0.6819658058363749,-1.5531901966707053,1.5878005331912446,0.6120391886727903,1.2394077313858847,-0.2158167769441807,-0.1413473244607061,-0.4014830678366994,-0.45974649415900753,-0.1126780150629839,-0.07479066767254888,-0.26228616495138807
1.089400158842503,1.8069379824671765,-1.5128202707987837,1.4581588776770076,2.353947817762897,0.2633820369956086,1.4555999561153363,-0.5790942603587239,2.209311880631645,2.5602005185123886,2.7121536523233334,-0.4014830678366994,-0.45974649415900753,-0.1126780150629839,-0.07479066767254888,3.812629614624696
-0.10774316360091418,1.4222196070584696,-1.1056700180468255,0.8831520427021708,0.9343404491460388,0.44811819635150496,0.33189505097011496,-1.1679692239248642,1.4787347292517223,2.5602005185123886,2.7121536523233334,-0.4014830678366994,-0.45974649415900753,-0.1126780150629839,-0.07479066767254888,3.812629614624696
-0.03518902284676659,-0.09916669569414267,0.35328505431436485,-0.7065727363459031,-0.35907959781598797,0.5558809559757778,-0.6485925623428722,0.04993126890511137,-0.7885736715825222,2.5602005185123886,2.7121536523233334,-0.4014830678366994,-0.45974649415900753,-0.1126780150629839,-0.07479066767254888,3.812629614624696
0.9805689477112843,1.6145787947628218,0.1327453340737205,-0.6389248734076886,0.7292860514569368,2.002980870930299,-0.9240104312510148,-0.5121766508625695,-0.5744389892815116,2.5602005185123886,2.7121536523233334,-0.4014830678366994,-0.45974649415900753,-0.1126780150629839,-0.07479066767254888,3.812629614624696
-0.797007500765306,0.4604236685367035,-0.8003073284828538,0.10520161891268812,0.05102919756221557,0.3095660768345827,-0.1858905425771929,-0.9404493516379455,0.6725806311773236,3.2542048423765313,3.425528896519343,-0.4014830678366994,-0.45974649415900753,-0.1126780150629839,-0.07479066767254888,3.812629614624696
1.1619542995966508,-0.23906428675185362,1.3372314984649336,-0.5543650447349187,-0.23289227616115613,0.294171396888258,-0.3731746934347298,1.0403118894481662,-1.405785402920734,3.2542048423765313,3.425528896519343,-0.4014830678366994,-0.45974649415900753,-0.1126780150629839,-0.07479066767254888,3.812629614624696
0.3275816809239662,0.8101676461809821,-0.6476259837008703,0.460352899338321,0.8870202035254766,0.294171396888258,0.4090120542643948,-0.37834143187026464,0.8237345245662736,3.2542048423765313,3.425528896519343,-0.4014830678366994,-0.45974649415900753,-0.1126780150629839,-0.07479066767254888,3.812629614624696
1.452170862613236,1.4397068059406826,0.6586477438783341,0.1897614475854581,0.6504189754226669,1.0946947540971421,-0.32910783440942704,-0.030369862490272702,-0.3477081491980858,3.2542048423765313,3.425528896519343,-0.4014830678366994,-0.45974649415900753,-0.1126780150629839,-0.07479066767254888,3.812629614624696
0.12805779385006164,-0.32650028116292323,0.030957770885729135,-0.6220129076731331,0.08257602797592353,0.2787767169419333,-0.1418236835518901,0.34436875068818057,-0.4862658848046223,-0.2158167769441807,-0.1413473244607061,-0.4014830678366994,-0.45974649415900753,-0.1126780150629839,-0.07479066767254888,3.812629614624696
0.8173221310144535,1.6495531925272502,0.0648869586150596,-0.3345094901857172,0.6504189754226669,1.7566659917891037,-0.802826568931432,-0.6593953917541061,-0.297323518068437,-0.2158167769441807,-0.1413473244607061,-0.4014830678366994,-0.45974649415900753,-0.1126780150629839,-0.07479066767254888,3.812629614624696
-0.470513867371647,0.8451420439454105,-0.9869178609941701,0.15593751611634962,0.5084582385609812,0.6020649958147519,-0.0757233950139359,-0.9939834392348683,0.8489268401310989,0.4781875469199617,0.5720279197353038,-0.4014830678366994,-0.45974649415900753,-0.1126780150629839,-0.07479066767254888,3.812629614624696
0.01922658271884282,1.072475629414191,-0.9869178609941701,0.6125605909493079,0.9343404491460388,0.38653947656620613,0.3759619099954178,-0.8066141326456406,1.189023100256236,-0.2158167769441807,-0.1413473244607061,-0.4014830678366994,-0.45974649415900753,-0.1126780150629839,-0.07479066767254888,3.812629614624696
0.7266294550717702,1.3697580104118283,-1.6824662094454337,1.2383033231278062,2.196213665694357,0.0786458776397123,1.4776333856279875,-0.5121766508625714,2.171523407284408,0.4781875469199617,0.5720279197353038,-0.4014830678366994,-0.45974649415900753,-0.1126780150629839,-0.07479066767254888,3.812629614624696
0.7447679902603085,1.5446299992339676,0.896152057983645,0.20667341332001113,-0.18557203054059418,1.1716681538287657,-0.9680772902763175,-0.6326283479556447,-0.5114582003694493,0.4781875469199617,0.5720279197353038,-0.4014830678366994,-0.45974649415900753,-0.1126780150629839,-0.07479066767254888,3.812629614624696
-0.9602543174621369,-0.5888082643961322,-1.2074575812348145,-0.31759752445116174,0.28763042566502534,-0.22924772128678156,0.364945195239092,-0.2578897347771914,0.6599844733949118,0.4781875469199617,0.5720279197353038,-0.4014830678366994,-0.45974649415900753,-0.1126780150629839,-0.07479066767254888,3.812629614624696
0.6722138495061609,0.0757052931279966,1.5747358125702444,-0.26686162724750023,-0.8796022996421694,0.3095660768345827,-0.835876713200409,0.43805340398279435,-1.3679969295734968,0.4781875469199617,0.5720279197353038,-0.4014830678366994,-0.45974649415900753,-0.1126780150629839,-0.07479066767254888,3.812629614624696
0.8354606662029916,-0.06419229792971431,0.9131166518483089,-0.9095163251605515,-0.12247836971317826,0.7714064752243235,-0.6375758475865465,0.665573276269713,-1.3554007717910834,-0.2158167769441807,-0.1413473244607061,-0.4014830678366994,-0.45974649415900753,-0.1126780150629839,-0.07479066767254888,3.812629614624696
1.379616721859091,0.6178084584766299,-0.5288738266482149,-0.04700607269829879,1.6914643790750297,0.5866703158684271,0.7615469264668172,0.5451215791766378,0.3576766866170118,0.4781875469199617,0.5720279197353038,-0.4014830678366994,-0.45974649415900753,-0.1126780150629839,-0.07479066767254888,3.812629614624696
-1.1053625989704294,-0.08167949681192725,-0.6985197652948648,-0.6558368391422416,-0.31175935219542605,0.5250915960831284,-0.5935089885612438,-0.7530800450487198,0.030176584274288293,0.4781875469199617,0.5720279197353038,-0.4014830678366994,-0.45974649415900753,-0.1126780150629839,-0.07479066767254888,3.812629614624696
0.7991835958259179,0.6352956573588429,1.0488334027656283,-1.4845231601353883,-0.28021252178171807,1.9106127912523505,-1.5629798871179053,0.10346535650203217,-1.8844393986524075,0.4781875469199617,0.5720279197353038,-0.4014830678366994,-0.45974649415900753,-0.1126780150629839,-0.07479066767254888,3.812629614624696
-0.7788689655767704,-1.0959370319803372,-0.3592278880015651,-1.0786359825060914,-0.34330618260913404,0.017067157854413532,-0.2519908311151471,0.26406761929279843,-0.5366505159342728,-0.2158167769441807,-0.1413473244607061,-0.4014830678366994,-0.45974649415900753,-0.1126780150629839,-0.07479066767254888,3.812629614624696
0.38199728648957565,-0.6412698610427735,-0.1895819493549152,-1.298491537055293,0.5084582385609812,0.6174596757610765,-0.08674010977026156,0.7726414514635566,-0.8263621449297592,0.4781875469199617,0.5720279197353038,-0.4014830678366994,-0.45974649415900753,-0.1126780150629839,-0.07479066767254888,3.812629614624696
0.03736511790737843,1.1599116238252607,0.030957770885729135,1.4581588776770076,0.003708951941653619,-0.30622112101840504,0.221727903406858,-0.8601482202425634,1.0630615224321112,0.4781875469199617,0.5720279197353038,-0.4014830678366994,-0.45974649415900753,-0.1126780150629839,-0.07479066767254888,3.812629614624696
1.2345084403507982,0.3205260774789926,0.0648869586150596,0.460352899338321,1.0132075251803085,-0.1368796416088334,0.80561378549212,0.665573276269713,0.2946958977049494,0.4781875469199617,0.5720279197353038,-0.4014830678366994,-0.45974649415900753,-0.1126780150629839,-0.07479066767254888,3.812629614624696
-1.2686094156672603,-0.23906428675185362,-0.9869178609941701,-0.9771641880987685,-0.18557203054059418,0.6790383955463754,-0.6155424180738952,-0.7530800450487198,0.004984268709462996,-0.2158167769441807,-0.1413473244607061,-0.4014830678366994,-0.45974649415900753,-0.1126780150629839,-0.07479066767254888,3.812629614624696
1.089400158842503,0.1456540886568533,0.8791874641189785,-0.5543650447349187,0.12989627359648548,0.6328543557074013,-0.36215797867840416,0.6923403200681725,-1.065689142795597,-0.2158167769441807,-0.1413473244607061,-0.4014830678366994,-0.45974649415900753,-0.1126780150629839,-0.07479066767254888,3.812629614624696
0.9987074828998199,0.3729876741256339,1.0318688089009644,-0.85878042795689,-0.09093153929947029,1.1100894340434668,-0.8579101427130605,0.4514369258820241,-1.405785402920734,-0.2158167769441807,-0.1413473244607061,-0.4014830678366994,-0.45974649415900753,-0.1126780150629839,-0.07479066767254888,3.812629614624696
0.25502754016981866,-1.2882962196846894,-0.7324489530241953,-1.5521710230736028,0.9027936187323308,0.2787767169419333,0.43104548377704627,1.174147108440471,-0.6122274626287469,-0.2158167769441807,-0.1413473244607061,-0.4014830678366994,-0.45974649415900753,-0.1126780150629839,-0.07479066767254888,3.812629614624696
1.2707855107278696,0.3030388785967772,-0.7833427346181898,-0.13156590137106874,1.8334251159367156,0.38653947656620613,1.0039146511059827,0.7057238419674041,0.4836382644411365,0.4781875469199617,0.5720279197353038,-0.4014830678366994,-0.45974649415900753,-0.1126780150629839,-0.07479066767254888,3.812629614624696
-0.5612065433143302,-1.0259882364514803,0.04792236475039557,-1.0786359825060914,-0.5325871650913818,0.0786458776397123,-0.4282582672163583,0.37113579448664197,-0.8389583027121728,-0.2158167769441807,-0.1413473244607061,-0.4014830678366994,-0.45974649415900753,-0.1126780150629839,-0.07479066767254888,3.812629614624696
1.2889240459164077,0.11067969089242496,-0.22351113708424566,0.5110887965419826,1.3286758293173881,-0.36779984080370376,1.1911988019635196,0.8663261047581703,0.5466190533531989,-0.2158167769441807,-0.1413473244607061,-0.4014830678366994,-0.45974649415900753,-0.1126780150629839,-0.07479066767254888,3.812629614624696
0.41827435686664943,0.6877572540054842,-0.4779800450542205,1.5258067406152223,0.8081531274912067,-0.7834561993544704,1.1250985134255653,-0.2177391690794984,1.4913308870341342,-0.2158167769441807,-0.1413473244607061,-0.4014830678366994,-0.45974649415900753,-0.1126780150629839,-0.07479066767254888,3.812629614624696
0.7629065254488441,0.9325780383564801,-1.0208470487235006,1.2213913573932507,1.6125973030407597,-0.29082644107208033,1.3344160937957537,-0.15082155958334786,1.6676770959879095,-0.2158167769441807,-0.1413473244607061,-0.4014830678366994,-0.45974649415900753,-0.1126780150629839,-0.07479066767254888,3.812629614624696
-0.6518992192570134,-0.6762442588072018,-0.9699532671295037,-0.06391803843285182,0.3349506712855873,-0.5371413202132754,0.6183296346345832,0.03654774700587974,0.6725806311773236,-0.2158167769441807,-0.1413473244607061,-0.4014830678366994,-0.45974649415900753,-0.1126780150629839,-0.07479066767254888,3.812629614624696
0.29130461054689244,0.5828340607122016,-0.5628030143775454,0.8831520427021708,0.7766062970774988,-0.29082644107208033,0.7505302117104915,-0.23112269097873003,1.075657680214523,0.4781875469199617,0.5720279197353038,-0.4014830678366994,-0.45974649415900753,-0.1126780150629839,-0.07479066767254888,3.812629614624696
-1.5588259786838454,-0.4139362755739929,-1.3771035198814643,-1.095547948240647,-0.0751581240926163,0.6328543557074013,-0.5053752705106382,-0.833381176444102,0.2065227932280618,0.4781875469199617,0.5720279197353038,-0.4014830678366994,-0.45974649415900753,-0.1126780150629839,-0.07479066767254888,3.812629614624696
0.12805779385006164,0.8276548450631951,1.2354439352769446,-0.3345094901857172,-1.0373364517107093,1.0331160343118433,-1.463829454310974,-0.538943694661031,-1.166458405054898,-0.2158167769441807,-0.1413473244607061,-0.4014830678366994,-0.45974649415900753,-0.1126780150629839,-0.07479066767254888,3.812629614624696
-0.216574374732133,1.1249372260608324,0.09881614634439005,-0.19921376430928328,-0.28021252178171807,1.1716681538287657,-1.0341775788142715,-1.0207504830333278,-0.2217465713739611,-0.2158167769441807,-0.1413473244607061,-0.4014830678366994,-0.45974649415900753,-0.1126780150629839,-0.07479066767254888,3.812629614624696
0.45455142724372066,1.7020147891738915,0.6416831500136702,-0.3345094901857172,-0.20134544574744817,1.8028500316280778,-1.430779310041997,-0.9672163954364069,-0.7255928826704616,0.4781875469199617,0.5720279197353038,-0.4014830678366994,-0.45974649415900753,-0.1126780150629839,-0.07479066767254888,3.812629614624696
1.2345084403507982,0.28555167971456424,1.0997271843596228,-0.672748804876797,0.05102919756221557,0.8637745549022717,-0.5824922738049181,0.6923403200681744,-1.3176122984438463,-0.2158167769441807,-0.1413473244607061,-0.4014830678366994,-0.45974649415900753,-0.1126780150629839,-0.07479066767254888,3.812629614624696
0.7810450606373822,-0.11665389457635561,-0.12172357389625431,0.1897614475854581,0.7923797122843528,-0.2754317611257556,0.7505302117104915,0.665573276269713,0.23171510879288712,-0.2158167769441807,-0.1413473244607061,-0.4014830678366994,-0.45974649415900753,-0.1126780150629839,-0.07479066767254888,3.812629614624696
1.8693571719495807,0.005756497599142387,-0.22351113708424566,0.798592214029401,1.8334251159367156,-0.7218774795691717,1.7971181135614331,1.3748999369289285,0.7607537356542112,-0.2158167769441807,-0.1413473244607061,-0.4014830678366994,-0.45974649415900753,-0.1126780150629839,-0.07479066767254888,3.812629614624696
-0.3072670506748162,0.8626292428276234,-0.8172719223475202,0.07137768744357965,0.4926848233541271,0.6944330754927001,-0.15284039830821575,-0.8869152640410228,0.6599844733949118,1.1721918707841041,1.2854031639313137,-0.4014830678366994,-0.45974649415900753,-0.1126780150629839,-0.07479066767254888,3.812629614624696
-0.2891285154862806,1.457194004822898,-1.0547762364528286,0.08828965317813268,0.7292860514569368,1.2024575137214149,-0.3511412639220784,-1.3285714867156304,0.8489268401310971,1.1721918707841041,1.2854031639313137,-0.4014830678366994,-0.45974649415900753,-0.1126780150629839,-0.07479066767254888,3.812629614624696
-0.23471290992067118,1.212373220471902,0.0648869586150596,-0.16538983284017722,-0.2644391065748641,1.2178521936677396,-1.0562110083269232,-1.101051614428712,-0.17136194024431228,-0.2158167769441807,-0.1413473244607061,-0.4014830678366994,-0.45974649415900753,-0.1126780150629839,-0.07479066767254888,3.812629614624696
-0.07146609322384039,0.49539806630113187,-0.8681657039415147,0.1897614475854581,0.7450594666637909,0.2633820369956086,0.33189505097011496,-0.43187551946718733,0.7859460512190365,-0.2158167769441807,-0.1413473244607061,-0.4014830678366994,-0.45974649415900753,-0.1126780150629839,-0.07479066767254888,3.812629614624696
0.45455142724372066,-0.5888082643961322,-0.5797676082422094,-1.3154035027898483,0.9343404491460388,0.6790383955463754,0.1666443296252295,0.7860249733627862,-0.5492466737166863,1.1721918707841041,4.852279384911363,-0.4014830678366994,-0.45974649415900753,-5.105746758146068,-0.07479066767254888,3.812629614624696
1.4884479329903098,0.5478596629477732,-0.3761924818662291,-0.5205411132658101,1.6441441334544677,0.9561426345802198,0.4640956280460234,0.6789567981689427,-0.10838115133224994,-0.2158167769441807,1.2854031639313137,-0.4014830678366994,-0.45974649415900753,-2.1099055122962174,-0.07479066767254888,3.812629614624696
-0.8151460359538442,1.089962828296404,-1.1904929873701504,-0.26686162724750023,0.3980443321130032,1.2024575137214149,-0.582492273804918,-1.435639661909474,0.6851767889597371,-0.2158167769441807,-0.1413473244607061,-0.4014830678366994,-0.45974649415900753,-0.1126780150629839,-0.07479066767254888,3.812629614624696
0.7084909198832346,-0.5538338666317039,-0.3083341064075706,-1.2308436741170783,0.9027936187323308,0.6328543557074013,0.17766104438155514,0.9466272361535525,-0.6878044093232228,-0.2158167769441807,-0.1413473244607061,-0.4014830678366994,-0.45974649415900753,-0.1126780150629839,-0.07479066767254888,3.812629614624696
1.053123088465432,0.23309008306792298,-0.5119092327835509,-0.875692393691443,1.3917694901448041,1.0023266744191939,0.2547780476758352,0.5986556667735605,-0.27213120250360995,-0.2158167769441807,-0.1413473244607061,-0.4014830678366994,-0.45974649415900753,-0.1126780150629839,-0.07479066767254888,3.812629614624696
0.055503653095916615,-0.22157708786964067,0.23453289726170948,-1.4845231601353883,-0.16979861533374022,1.1562734738824407,-0.9460438607636662,0.2105335316958776,-1.2798238250966092,1.1721918707841041,1.2854031639313137,-0.4014830678366994,-0.45974649415900753,-0.1126780150629839,-0.07479066767254888,3.812629614624696
-0.8332845711423799,1.054988430531978,-1.173528393505484,-0.4021573531239317,0.36649750169929524,1.2948255933993629,-0.6706259918555237,-1.4222561400102443,0.5718113689180242,-0.2158167769441807,-0.1413473244607061,-0.4014830678366994,-0.45974649415900753,-0.1126780150629839,-0.07479066767254888,3.812629614624696
0.9442918773342105,-0.9560394409226237,-0.1726173554902512,-1.2477556398516314,0.9816606947666007,0.294171396888258,0.47511234280234904,1.4284340245258493,-0.801169829364934,1.1721918707841041,1.2854031639313137,-0.4014830678366994,-0.45974649415900753,-0.1126780150629839,-0.07479066767254888,3.812629614624696
-0.03518902284676659,1.1074500271786194,-0.8512011100768507,-0.4528932503275932,0.7608328818706448,1.3871936730773111,-0.46130841148533547,-0.8735317421417931,0.2946958977049512,-0.2158167769441807,-0.1413473244607061,-0.4014830678366994,-0.45974649415900753,-0.1126780150629839,-0.07479066767254888,3.812629614624696
-0.8514231063309154,0.9325780383564801,-0.9529886732648396,-0.4021573531239317,0.14566968880333947,1.1870628337750901,-0.7477429951498035,-1.3419550086148602,0.4080613177466624,-0.2158167769441807,-0.1413473244607061,-0.4014830678366994,-0.45974649415900753,-0.1126780150629839,-0.07479066767254888,3.812629614624696
0.09178072347298784,-0.23906428675185362,0.21756830339704544,-1.4506992286662799,-0.12247836971317826,1.1100894340434668,-0.879943572225712,0.2506840973935668,-1.2420353517493723,-0.2158167769441807,-0.1413473244607061,-0.4014830678366994,-0.45974649415900753,-0.1126780150629839,-0.07479066767254888,3.812629614624696
0.07364218828445222,0.058218094245783676,-1.0208470487235006,-0.01318214122919032,1.0132075251803085,0.0632511976933876,0.662396493659886,0.009780703207418383,0.7481575778717995,-0.2158167769441807,-0.1413473244607061,-0.4014830678366994,-0.45974649415900753,-0.1126780150629839,-0.07479066767254888,3.812629614624696
0.5089670328093326,-1.8653737827977486,-0.427086263460226,-1.6536428174809281,0.8396999579049147,-0.1368796416088334,0.6844299231725374,1.8031726377043045,-0.9145352494066469,-0.2158167769441807,-0.1413473244607061,-0.4014830678366994,-0.45974649415900753,-0.1126780150629839,-0.07479066767254888,3.812629614624696
0.9261533421456749,-0.6062954632783452,-0.3761924818662291,-1.180107776913417,1.1551682620419945,0.5404862760294531,0.42002876902072056,1.1473800646420098,-0.599631304846337,-0.2158167769441807,-0.1413473244607061,-0.4014830678366994,-0.45974649415900753,-0.1126780150629839,-0.07479066767254888,3.812629614624696
-0.01705048765823098,0.4254492707722752,-1.2753159566934753,0.27432127625822805,1.1709416772488486,0.12482991747868638,0.7284967821978402,-0.33819086617257355,1.1512346269089988,-0.2158167769441807,-0.1413473244607061,-0.4014830678366994,-0.45974649415900753,-0.1126780150629839,-0.07479066767254888,3.812629614624696
-0.2891285154862806,-0.39644907669178,-0.39315707573089553,-1.2815795713207399,0.11412285838963149,0.8175905150632975,-0.5053752705106382,0.09008183460280245,-0.6626120937583975,-0.2158167769441807,-0.1413473244607061,-0.4014830678366994,-0.45974649415900753,-0.1126780150629839,-0.07479066767254888,3.812629614624696
-1.957873752831652,0.4604236685367035,-1.7333599910394282,-0.6389248734076886,-0.09093153929947029,0.9869319944728692,-0.7697764246624549,-1.7969947531886976,0.81113836678386,-0.2158167769441807,-0.1413473244607061,-0.4014830678366994,-0.45974649415900753,-0.1126780150629839,-0.07479066767254888,3.812629614624696
0.27316607535835424,0.09319249201021203,0.2514974911263735,-1.1462838454443083,0.003708951941653619,1.1254841139897913,-0.802826568931432,0.13023240030049163,-1.0404968272307715,-0.2158167769441807,-0.1413473244607061,-0.4014830678366994,-0.45974649415900753,-0.1126780150629839,-0.07479066767254888,3.812629614624696
-0.9602543174621369,0.6877572540054842,-1.6655016155807696,-0.09774196990196028,0.7135126362500829,0.6944330754927001,0.001393608280344013,-1.2348868334210168,1.1638307846914107,-0.2158167769441807,-0.1413473244607061,-0.4014830678366994,-0.45974649415900753,-0.1126780150629839,-0.07479066767254888,3.812629614624696
-0.7607304303882322,-0.06419229792971431,-1.1395992057761535,-0.5205411132658101,0.3980443321130032,0.41732883645885555,-0.020639821232307405,-0.5121766508625695,0.4584459488763112,-0.2158167769441807,-0.1413473244607061,-0.4014830678366994,-0.45974649415900753,-0.1126780150629839,-0.07479066767254888,3.812629614624696
0.16433486422713542,-2.355015351499738,-0.6136967959715399,-2.3639453783321964,0.7135126362500829,0.0786458776397123,0.442062198533372,1.9236243347973778,-1.3050161406614345,-0.2158167769441807,-0.1413473244607061,-0.4014830678366994,-0.45974649415900753,-0.1126780150629839,-0.07479066767254888,3.812629614624696
0.3275816809239662,-1.8129121861511073,-0.44405085732489,-1.8227624748264681,0.6977392210432289,0.0632511976933876,0.442062198533372,1.6291868530143085,-1.02790066944836,0.4781875469199617,0.5720279197353038,-0.4014830678366994,-0.45974649415900753,-0.1126780150629839,-0.07479066767254888,3.812629614624696
0.4364128920551851,-0.27403868451628194,-0.8172719223475202,-1.1631958111788614,1.1393948468351405,0.8175905150632975,0.2107111886505323,0.5317380572774082,-0.25953504472119815,1.8661961946482464,1.2854031639313137,-0.4014830678366994,-0.45974649415900753,0.8859357335536329,-0.07479066767254888,3.812629614624696
0.14619632903859983,-0.4838850711028496,-1.15656379964082,-1.02790008530243,1.2024885076625564,0.5096969161368037,0.47511234280234904,0.47820396968048734,0.09315737318635064,0.4781875469199617,1.9987784081273234,-0.4014830678366994,-0.45974649415900753,-2.1099055122962174,-0.07479066767254888,3.812629614624696
0.6177982439405515,-0.011730701283073033,-0.5967322021068758,-0.6389248734076886,1.0920746012145786,0.5712756359221025,0.35392848048276637,0.46482044778125575,-0.03280420463777406,-0.2158167769441807,-0.1413473244607061,-0.4014830678366994,-0.45974649415900753,-0.1126780150629839,-0.07479066767254888,3.812629614624696
-0.08960462841237857,-0.46639787222063417,-1.1226346119114896,-1.3999633314626183,0.9658872795597466,0.8637745549022717,0.0564771820619724,0.2908346630912579,-0.20915041359154934,-0.2158167769441807,-0.1413473244607061,-0.4014830678366994,-0.45974649415900753,-0.1126780150629839,-0.07479066767254888,3.812629614624696
-0.216574374732133,0.33801327636120554,-0.6985197652948648,-0.7234847020804586,0.46113799294041913,0.9561426345802198,-0.3621579786784041,-0.4184919975679557,-0.020208046855362302,-0.2158167769441807,-0.1413473244607061,-0.4014830678366994,-0.45974649415900753,-0.1126780150629839,-0.07479066767254888,3.812629614624696
-0.6156221488799396,-0.3439874800451362,-1.3092451444228035,-1.2477556398516314,0.6819658058363749,0.8329851950096223,-0.11979025403923874,-0.19097212528103893,0.04277274205670004,-0.2158167769441807,-0.1413473244607061,-0.4014830678366994,-0.45974649415900753,-0.1126780150629839,-0.07479066767254888,3.812629614624696
-0.05332755803530478,0.5303724640655603,-0.6476259837008703,-0.8249564964877816,0.5557784841815431,1.2178521936677396,-0.48334184099798666,-0.445259041366419,-0.13357346689707345,-0.2158167769441807,-0.1413473244607061,-0.4014830678366994,-0.45974649415900753,-0.1126780150629839,-0.07479066767254888,3.812629614624696
-0.4523753321831114,-0.7986546509826998,-1.5128202707987837,-1.1124599139751998,1.0132075251803085,0.3095660768345827,0.4861290575586748,0.27745114119202813,0.2946958977049494,-0.2158167769441807,-0.1413473244607061,-0.4014830678366994,-0.45974649415900753,-0.1126780150629839,-0.07479066767254888,3.812629614624696
-0.7607304303882322,-0.9910138386870521,-1.4619264892047892,-1.6705547832154812,0.6977392210432289,0.6482490356537259,0.023427037792995438,0.197150009796646,-0.15876578246189874,-0.2158167769441807,-0.1413473244607061,-0.4014830678366994,-0.45974649415900753,-0.1126780150629839,-0.07479066767254888,3.812629614624696
-1.177916739724577,-0.9735266398048391,-1.5297848646634502,-1.2815795713207399,0.3980443321130032,0.3095660768345827,0.056477182061972504,-0.1240545157848865,0.1813304776632383,-0.2158167769441807,-0.1413473244607061,-0.4014830678366994,-0.45974649415900753,-0.1126780150629839,-0.07479066767254888,3.812629614624696
-1.1416396693475033,-1.2183474241558325,-1.2753159566934753,-1.6367308517463728,0.19298993442390142,0.41732883645885555,-0.1638571130645415,0.09008183460280055,-0.27213120250360995,-0.2158167769441807,-0.1413473244607061,-0.4014830678366994,-0.45974649415900753,-0.1126780150629839,-0.07479066767254888,3.812629614624696
0.6177982439405515,-1.2533218219202609,-0.8003073284828538,-1.6705547832154812,1.281355583696826,0.41732883645885555,0.5962962051219317,1.4150505026266196,-0.6500159359759857,5.3362178139689584,0.5720279197353038,-0.4014830678366994,-0.45974649415900753,6.877618225253333,-0.07479066767254888,3.812629614624696
0.23688900498128304,-1.5331170040356854,-1.0378116425881645,-1.6198188860118197,1.1709416772488486,0.12482991747868638,0.7284967821978402,1.348132893130469,-0.4358812536749735,0.4781875469199617,0.5720279197353038,-0.4014830678366994,-0.45974649415900753,-0.1126780150629839,-0.07479066767254888,3.812629614624696
-1.3955791619870146,0.3729876741256339,-1.6994308033101,-0.6220129076731331,0.36649750169929524,0.894563914794921,-0.38419140819105546,-1.3151879648163989,0.7985422090014501,0.4781875469199617,0.5720279197353038,-0.4014830678366994,-0.45974649415900753,-0.1126780150629839,-0.07479066767254888,3.812629614624696
-1.4318562323640884,0.28555167971456424,-1.4110327076107947,-1.0786359825060914,0.06680261276906956,1.2332468736140643,-0.8358767132004091,-1.2750373991187078,0.24431126657530064,-0.2158167769441807,-0.1413473244607061,-0.4014830678366994,-0.45974649415900753,-0.1126780150629839,-0.07479066767254888,3.812629614624696
0.055503653095916615,-1.9178353794443899,-1.6655016155807696,-1.5352590573390497,1.5968238878339058,-0.29082644107208033,1.3233993790394278,1.5087351559212334,0.09315737318635064,0.4781875469199617,0.5720279197353038,-0.4014830678366994,-0.45974649415900753,-0.1126780150629839,-0.07479066767254888,3.812629614624696
-0.2528514451092068,0.040730895363568255,-0.10475898003159027,0.42652896786921257,-0.12247836971317826,-0.35240516085737905,0.16664432962522946,-0.2177391690794984,0.3954651599642488,8.80623943328967,9.132530850087424,-0.4014830678366994,-0.45974649415900753,-0.1126780150629839,-0.07479066767254888,-0.26228616495138807
-0.3798211914289638,-0.3439874800451362,-1.8860413358214139,-0.16538983284017722,1.423316320558512,-0.1522743215551581,1.1030650839129137,-0.016986340591042974,1.2771962047331218,8.80623943328967,9.132530850087424,-0.4014830678366994,-0.45974649415900753,-0.1126780150629839,-0.07479066767254888,-0.26228616495138807
-0.27098998029774496,-0.5188594688672755,-1.3940681137461284,0.02064179023991815,1.0605277708008705,-0.4755626004279766,1.0810316544002625,0.19715000979664407,1.0504653646496978,8.80623943328967,9.132530850087424,-0.4014830678366994,-0.45974649415900753,-0.1126780150629839,-0.07479066767254888,-0.26228616495138807
-2.3387829917909206,-1.4631682085068287,-1.7333599910394282,0.798592214029401,-0.42217325864340394,-2.015030595060446,1.1471319429382167,-0.6058613041571834,1.8818117782889199,8.80623943328967,9.132530850087424,-0.4014830678366994,-0.45974649415900753,-0.1126780150629839,-0.07479066767254888,-0.26228616495138807
-0.9421157822735986,0.9325780383564801,0.09881614634439005,1.0691836657822662,-0.9111491300558774,-0.1522743215551581,-0.5274087000232895,-1.4088726181110127,0.7229652623069742,8.80623943328967,9.132530850087424,-0.4014830678366994,-0.45974649415900753,-0.1126780150629839,-0.07479066767254888,-0.26228616495138807
0.6540753143176252,0.5828340607122016,2.7792219769614577,1.1199195629859278,-2.0152881945356564,-0.506351960320626,-1.0451942935705976,0.03654774700587974,-1.2294391939669587,8.80623943328967,9.132530850087424,-0.4014830678366994,-0.45974649415900753,-0.1126780150629839,-0.07479066767254888,-0.26228616495138807
0.16433486422713542,-0.6412698610427735,1.388125280058928,0.358881104930998,-1.1477503581586872,-0.8912189589787433,-0.16385711306454148,0.6120391886727903,-0.7633813560176969,8.80623943328967,9.132530850087424,-0.4014830678366994,-0.45974649415900753,-0.1126780150629839,-0.07479066767254888,-0.26228616495138807
0.9624304125227486,0.2680644808323513,2.372071724209497,0.9507999056403879,-1.368578171054643,-0.6295093998912236,-0.5053752705106382,0.5049710134789468,-1.0530929850131834,8.80623943328967,9.132530850087424,-0.4014830678366994,-0.45974649415900753,-0.1126780150629839,-0.07479066767254888,-0.26228616495138807
-0.23471290992067118,0.355500475243421,-1.241386768964145,0.6802084538875225,0.9501138643528927,-0.30622112101840504,0.8827307887864,-0.445259041366419,1.4283500981220718,8.80623943328967,9.132530850087424,-0.4014830678366994,-0.45974649415900753,-0.1126780150629839,-0.07479066767254888,-0.26228616495138807
-0.6518992192570134,-0.08167949681192725,-0.5797676082422094,1.3228631518005762,-0.02783787847205435,-1.2760859576368608,0.8937475035427257,-0.41849199756795763,1.41575394033966,8.80623943328967,9.132530850087424,-0.4014830678366994,-0.45974649415900753,-0.1126780150629839,-0.07479066767254888,-0.26228616495138807
-2.5564454140533606,-1.6905017939756093,-2.3949791517613637,-1.4845231601353883,0.003708951941653619,-0.1368796416088334,0.10054404108727528,-0.5924777822579537,0.6725806311773236,8.80623943328967,9.132530850087424,-0.4014830678366994,-0.45974649415900753,-0.1126780150629839,-0.07479066767254888,-0.26228616495138807
-1.9034581472660428,-1.9528097772088182,-1.2922805505581394,-1.6029069202772668,-0.45372008905711186,-0.2600370811794309,-0.1308069687955644,0.09008183460280055,-0.23434272915637464,8.80623943328967,9.132530850087424,-0.4014830678366994,-0.45974649415900753,-0.1126780150629839,-0.07479066767254888,-0.26228616495138807
0.45455142724372066,-1.4456810096246158,0.9470458395776394,2.185373404262829,-0.4852669194708199,-3.2619996707127457,1.9954189791752954,1.4418175464250809,0.924503786825573,8.80623943328967,9.132530850087424,-0.4014830678366994,-0.45974649415900753,-0.1126780150629839,-0.07479066767254888,-0.26228616495138807
-0.470513867371647,0.4604236685367035,0.1327453340737205,-0.8926043594259985,-0.5325871650913818,1.2178521936677396,-1.2434951591844599,-0.6995459574517972,-0.7633813560176987,8.80623943328967,9.132530850087424,-0.4014830678366994,-0.45974649415900753,-0.1126780150629839,-0.07479066767254888,-0.26228616495138807
-0.4886524025601826,-0.22157708786964067,-0.0538651984375958,0.3419691391964426,-0.37485301302284196,-0.506351960320626,0.10054404108727528,-0.19097212528103705,0.2946958977049494,-0.2158167769441807,-0.1413473244607061,-0.4014830678366994,-0.45974649415900753,-0.1126780150629839,-0.07479066767254888,-0.26228616495138807
0.6177982439405515,-2.389989749264166,1.0318688089009644,-1.6367308517463728,-0.42217325864340394,-0.6141147199448989,0.14461090011257807,2.2849794260766014,-1.9852086609117068,8.80623943328967,9.132530850087424,-0.4014830678366994,-0.45974649415900753,-0.1126780150629839,-0.07479066767254888,-0.26228616495138807
1.1075386940310412,-0.7636802532182715,2.7113636015027964,1.0860956315168193,-1.5578591535368909,-1.660952956294978,0.10054404108727524,1.4016669807273898,-1.2042468784021334,-0.2158167769441807,-0.1413473244607061,-0.4014830678366994,-0.45974649415900753,-0.1126780150629839,-0.07479066767254888,-0.26228616495138807
-0.4160982618060376,-0.6762442588072018,0.20060370953237902,-0.38524538738937864,-0.5483605802982358,-0.24464240123310627,-0.2079239720898443,0.21053353169587571,-0.4358812536749735,-0.2158167769441807,0.5720279197353038,-0.4014830678366994,-0.45974649415900753,-1.1112917636796007,-0.07479066767254888,-0.26228616495138807
-0.923977247085063,-1.5506042029178984,0.11578074020905407,0.358881104930998,-0.9111491300558774,-1.6917423161876273,0.5742627756092804,0.5049710134789468,0.1813304776632383,-0.2158167769441807,-0.1413473244607061,-0.4014830678366994,-0.45974649415900753,-0.1126780150629839,-0.07479066767254888,-0.26228616495138807
-1.177916739724577,-0.7811674521004844,2.168496597833519,-1.010988119567877,-3.0405601829811655,0.23259267710295922,-2.2900830610354013,-0.271273256676423,-2.363093394384083,-0.2158167769441807,-0.1413473244607061,-0.4014830678366994,-0.45974649415900753,-0.1126780150629839,-0.07479066767254888,-0.26228616495138807
-1.613241584249455,-2.7397337269084447,-1.6824662094454337,-1.7212906804191428,0.16144310401019346,-0.8450349191397692,0.7174800674415145,0.9064766704558614,-0.03280420463777406,-0.2158167769441807,-0.1413473244607061,-0.4014830678366994,-0.45974649415900753,-0.1126780150629839,-0.07479066767254888,-0.26228616495138807
-0.7425918951996966,-0.5188594688672755,0.16667452180304856,-1.7551146118882512,-0.8007352236078995,1.1408787939361162,-1.3756957362603686,-0.15082155958334786,-1.4309777184855574,-0.2158167769441807,0.5720279197353038,-0.4014830678366994,-0.45974649415900753,-1.1112917636796007,-0.07479066767254888,-0.26228616495138807
0.6722138495061609,-2.075220169384316,0.9809750273069698,-1.1631958111788614,-0.32753276740228005,-0.7680615194081458,0.32087833621378925,2.084226597588144,-1.594727769656921,-0.2158167769441807,-0.1413473244607061,-0.4014830678366994,-0.45974649415900753,-0.1126780150629839,-0.07479066767254888,-0.26228616495138807
-0.597483613691404,-0.6062954632783452,-0.7663781407535257,-1.7889385433573597,0.19298993442390142,1.0946947540971421,-0.6485925623428722,0.02316422510664811,-0.7633813560176969,-0.2158167769441807,-0.1413473244607061,-0.4014830678366994,-0.45974649415900753,-0.1126780150629839,-0.07479066767254888,-0.26228616495138807
-2.0122893583972616,0.6877572540054842,-1.903005929686078,0.2912332419927811,0.019482367148507602,0.3403554367272321,-0.22995740160249567,-2.0111311035763846,1.6298886226406706,-0.2158167769441807,-0.1413473244607061,-0.4014830678366994,-0.45974649415900753,-0.1126780150629839,-0.07479066767254888,-0.26228616495138807
0.7810450606373822,-2.2675793570886684,1.2524085291416087,-2.3639453783321964,-0.4852669194708199,0.15561927737133577,-0.4502916967290097,2.3117464698750627,-2.6905934967268066,-0.2158167769441807,-0.1413473244607061,-0.4014830678366994,-0.45974649415900753,-0.1126780150629839,-0.07479066767254888,-0.26228616495138807
0.12805779385006164,0.8976036405920518,1.1506209659536197,1.0015358028440493,-0.9584693756764393,-0.12148496166250872,-0.582492273804918,-0.5924777822579537,-0.10838115133224994,-0.2158167769441807,-0.1413473244607061,-0.4014830678366994,-0.45974649415900753,-0.1126780150629839,-0.07479066767254888,-0.26228616495138807
-1.3048864860443314,-0.8686034465115541,0.030957770885729135,-0.841868462222337,-1.1635237733655412,0.0016724779080888352,-0.8138432836877577,-0.29804030047488245,-0.6500159359759857,-0.9098211008083231,-0.854722568656716,2.490765066104216,2.1751117468100603,-0.1126780150629839,-0.07479066767254888,-0.26228616495138807
0.6177982439405515,-1.2358346230380481,1.371160686194264,-0.3345094901857172,-0.7376415627804837,-0.7834561993544704,0.04546046730564674,1.4016669807273898,-1.2672276673141976,0.4781875469199617,-0.854722568656716,-0.4014830678366994,2.1751117468100603,1.8845494821702495,2.0217868532785768,-0.26228616495138807
-0.797007500765306,-2.5298873403218773,-0.427086263460226,-1.6705547832154812,-0.29598593698857206,-0.706482799622847,0.29884490670113784,1.348132893130467,-0.9271314071890586,0.4781875469199617,-0.854722568656716,-0.4014830678366994,2.1751117468100603,1.8845494821702495,2.0217868532785768,-0.26228616495138807
-0.797007500765306,0.1981156853034946,-0.07082979230225982,1.1030075972513722,-0.6272276563325058,-0.8296402391934445,0.15562761486890372,-0.7396965231494882,0.8741191556959224,-0.2158167769441807,-0.854722568656716,-0.4014830678366994,2.1751117468100603,0.8859357335536329,2.0217868532785768,-0.26228616495138807
-2.193674710282628,1.317296413765187,-1.8521121480920835,2.472876821750245,-0.18557203054059418,-1.0913497982809643,0.6513797789035601,-2.6267731109409884,3.217004503224641,-0.9098211008083231,0.5720279197353038,2.490765066104216,-0.45974649415900753,-2.1099055122962174,-2.1713681886236746,-0.26228616495138807
-0.8514231063309154,-2.0227585727376747,-1.6824662094454337,-1.0617240167715385,0.8239265426980608,-0.8142455592471198,1.1581486576945423,0.9198601923550931,0.4584459488763112,-0.9098211008083231,-0.1413473244607061,2.490765066104216,-0.45974649415900753,-1.1112917636796007,-2.1713681886236746,-0.26228616495138807
0.45455142724372066,-1.7954249872688943,-0.7663781407535257,-1.6705547832154812,1.1078480164214324,-0.059906241877209936,0.8166305002484456,1.7094879844096906,-0.6752082515408092,0.4781875469199617,-0.854722568656716,-0.4014830678366994,2.1751117468100603,1.8845494821702495,2.0217868532785768,-0.26228616495138807
1.053123088465432,1.054988430531978,0.9640104334423034,2.472876821750245,0.019482367148507602,-1.322269997475835,0.9598477920806798,-0.030369862490272702,1.1260423113441718,-0.2158167769441807,-0.1413473244607061,-0.4014830678366994,-0.45974649415900753,-0.1126780150629839,-0.07479066767254888,-0.26228616495138807
-1.830904006511895,-1.4456810096246158,-0.9020948916708451,1.8978699867754105,-0.7534149779873376,-3.000290111625226,1.6208506774602218,-0.24450621287795976,2.08335030280752,-0.9098211008083231,-0.1413473244607061,2.490765066104216,-0.45974649415900753,-1.1112917636796007,-2.1713681886236746,-0.26228616495138807
0.7084909198832346,-0.9385522420404108,0.09881614634439005,-2.1271778580484395,0.5242316537678351,1.1100894340434668,-0.4282582672163583,1.2410647179366237,-1.6577085585689832,-0.2158167769441807,-0.1413473244607061,-0.4014830678366994,-0.45974649415900753,-0.1126780150629839,-0.07479066767254888,-0.26228616495138807
-0.597483613691404,-0.6937314576894148,0.6586477438783341,-0.41906931885848714,-1.1319769429518332,-0.22924772128678156,-0.6265591328302208,0.09008183460280055,-0.8011698293649357,-0.2158167769441807,-0.1413473244607061,-0.4014830678366994,-0.45974649415900753,-0.1126780150629839,-0.07479066767254888,-0.26228616495138807
0.6359367791290871,0.4604236685367035,1.2524085291416087,1.4243349462078991,-0.6114542411256517,-0.8912189589787433,0.2107111886505323,0.1168488784012619,0.1309458465335877,0.4781875469199617,-0.1413473244607061,-0.4014830678366994,-0.45974649415900753,0.8859357335536329,-0.07479066767254888,-0.26228616495138807
-0.10774316360091418,-0.5188594688672755,0.2514974911263735,-0.5881889762040271,-0.32753276740228005,0.0786458776397123,-0.2850409753841242,0.3176017068897192,-0.6248236204111605,-0.2158167769441807,0.5720279197353038,-0.4014830678366994,-0.45974649415900753,-1.1112917636796007,-0.07479066767254888,-0.26228616495138807
-0.8695616415194536,-1.9178353794443899,0.04792236475039557,-0.9095163251605515,-0.8007352236078995,-0.8604295990860938,0.056477182061972504,0.8261755390604774,-0.7129967248880481,0.4781875469199617,0.5720279197353038,-0.4014830678366994,-0.45974649415900753,-0.1126780150629839,-0.07479066767254888,-0.26228616495138807
-1.7946269361348213,0.8801164417098388,-0.3592278880015651,1.0353597343131578,-1.226617434192957,-0.16766900150148278,-0.7367262803934779,-1.9977475816771548,1.037869206867286,-0.2158167769441807,0.5720279197353038,-0.4014830678366994,-0.45974649415900753,-1.1112917636796007,-0.07479066767254888,-0.26228616495138807
-0.5612065433143302,0.21560288418570756,-2.276226994708708,1.2552152888623591,1.628370718247614,-0.9527976787640421,1.8191515430740848,-0.579094260358722,2.624985087451256,-0.9098211008083231,-0.1413473244607061,2.490765066104216,-0.45974649415900753,-1.1112917636796007,-2.1713681886236746,-0.26228616495138807
1.9600498478922639,-1.0434754353336932,2.355107130344833,-0.9433402566296599,-0.4852669194708199,-0.059906241877209936,-0.29605769014044986,2.2448288603789104,-2.451266498860969,-0.2158167769441807,-0.1413473244607061,-0.4014830678366994,-0.45974649415900753,-0.1126780150629839,-0.07479066767254888,-0.26228616495138807
0.29130461054689244,-1.2882962196846894,0.3702496481790289,-0.36833342165482325,-0.09093153929947029,-0.7988508793007952,0.5081624870713262,1.2009141522389326,-0.5492466737166846,-0.9098211008083231,-0.1413473244607061,2.490765066104216,-0.45974649415900753,-1.1112917636796007,-2.1713681886236746,-0.26228616495138807
-0.9783928526506724,-1.3057834185669022,-1.5128202707987837,1.931693918244519,0.5557784841815431,-2.9079220319472783,2.4691377136973007,0.27745114119202813,2.5620042985391938,-0.2158167769441807,-0.854722568656716,-0.4014830678366994,2.1751117468100603,0.8859357335536329,2.0217868532785768,-0.26228616495138807
0.45455142724372066,-0.7986546509826998,0.9809750273069698,-0.7065727363459031,-0.5168137498845278,-0.059906241877209936,-0.3180911196531013,0.9466272361535525,-1.254631509531784,-0.9098211008083231,-0.1413473244607061,2.490765066104216,-0.45974649415900753,-1.1112917636796007,-2.1713681886236746,-0.26228616495138807
0.20061193460420923,-1.1833730263914068,1.0657979966302948,-1.2477556398516314,-0.8165086388147536,0.09404055758603701,-0.6375758475865466,1.053695411347398,-1.7206893474810456,-0.2158167769441807,0.5720279197353038,-0.4014830678366994,-0.45974649415900753,-1.1112917636796007,-0.07479066767254888,-0.26228616495138807
-0.4886524025601826,-0.9385522420404108,-0.002971416843601321,-1.1631958111788614,-0.42217325864340394,0.23259267710295922,-0.46130841148533536,0.3577522725874122,-0.8641506182769964,-0.9098211008083231,0.5720279197353038,2.490765066104216,-0.45974649415900753,-2.1099055122962174,-2.1713681886236746,-0.26228616495138807
0.09178072347298784,-2.652297732497375,1.2354439352769446,-1.7382026461536981,-1.0688832821244172,-0.752666839461821,-0.2079239720898443,2.0976101194873737,-2.211939500995133,-0.9098211008083231,-0.1413473244607061,2.490765066104216,-0.45974649415900753,-1.1112917636796007,-2.1713681886236746,-0.26228616495138807
-0.18029730435506178,-0.5713210655139193,-1.15656379964082,-0.8080445307532285,0.9185670339391847,0.23259267710295922,0.47511234280234904,0.3042181849904895,0.25690742435771236,-0.2158167769441807,-0.854722568656716,-0.4014830678366994,2.1751117468100603,0.8859357335536329,2.0217868532785768,-0.26228616495138807
-2.2662288510367756,-2.0577329705021032,-1.648537021716103,-1.6198188860118197,-0.4379466738502579,-0.33701048091105434,-0.0647066802576102,-0.09728747198642514,0.01758042649187475,0.4781875469199617,0.5720279197353038,-0.4014830678366994,-0.45974649415900753,-0.1126780150629839,-0.07479066767254888,-0.26228616495138807
1.016846018088358,-1.2183474241558325,0.3702496481790289,-1.1631958111788614,0.540005068974689,-0.013722202038235855,0.3869786247517435,1.6827209406112293,-1.141266089490071,-0.2158167769441807,-0.854722568656716,-0.4014830678366994,2.1751117468100603,0.8859357335536329,2.0217868532785768,-0.26228616495138807
-0.5430680081257946,0.8801164417098388,-0.002971416843601321,2.2361093014664903,-0.46949350426396586,-1.2606912776905361,0.5742627756092804,-1.0742845706302524,1.6676770959879095,0.4781875469199617,-0.1413473244607061,-0.4014830678366994,-0.45974649415900753,0.8859357335536329,-0.07479066767254888,-0.26228616495138807
-2.030427893585797,-2.7047593291440166,-1.6994308033101,-1.3830513657280628,-0.18557203054059418,-1.1221391581736138,0.6734132084162116,0.5718886229750992,0.2317151087928889,-0.9098211008083231,-0.854722568656716,2.490765066104216,2.1751117468100603,-0.1126780150629839,-0.07479066767254888,-0.26228616495138807
-0.670037754445549,-0.7461930543360585,-0.29136951254290416,-2.3639453783321964,-0.31175935219542605,1.4949564327015838,-1.2875620182097627,0.07669831270357272,-1.5443431385272721,-0.2158167769441807,-0.1413473244607061,-0.4014830678366994,-0.45974649415900753,-0.1126780150629839,-0.07479066767254888,-0.26228616495138807
-1.2504708804787221,0.33801327636120554,-1.3940681137461284,1.610366569287992,0.20876334963075543,-1.1683231980125877,0.9818812215933311,-1.181352745824094,2.2345041961964687,-0.2158167769441807,-0.1413473244607061,-0.4014830678366994,-0.45974649415900753,-0.1126780150629839,-0.07479066767254888,-0.26228616495138807
-0.1984358395435974,-1.6030657995645397,1.1336563720889532,-0.18230179857473025,-1.226617434192957,-1.2452965977442112,0.03444375254932109,1.0804624551458573,-0.9775160383187093,-0.2158167769441807,-0.1413473244607061,-0.4014830678366994,-0.45974649415900753,-0.1126780150629839,-0.07479066767254888,-0.26228616495138807
-2.5020298084877513,-1.375732214095759,-1.4449618953401253,-0.672748804876797,-0.8322820540216075,-0.5987200399985741,-0.15284039830821575,-0.793230610746411,0.5718113689180242,-0.2158167769441807,-0.1413473244607061,-0.4014830678366994,-0.45974649415900753,-0.1126780150629839,-0.07479066767254888,-0.26228616495138807
0.6903523846946991,0.1981156853034946,0.8622228702543144,1.2721272545969122,-0.20134544574744817,-0.9835870386566914,0.5632460608529546,0.3577522725874122,0.30729205548736116,-0.2158167769441807,-0.1413473244607061,-0.4014830678366994,-0.45974649415900753,-0.1126780150629839,-0.07479066767254888,-0.26228616495138807
1.343339651482017,-1.0085010375692676,1.0318688089009644,-1.213931708382523,0.20876334963075543,0.21719799715663451,-0.009623106475981696,1.7630220720066134,-1.670304716351395,-0.2158167769441807,-0.1413473244607061,-0.4014830678366994,-0.45974649415900753,-0.1126780150629839,-0.07479066767254888,-0.26228616495138807
-0.36168265624042817,0.49539806630113187,-0.7833427346181898,0.5618246937456465,0.4138177473198572,-0.07530092182353462,0.34291176572644066,-0.6460118698548764,1.0000807335200488,-0.2158167769441807,0.5720279197353038,-0.4014830678366994,-0.45974649415900753,-1.1112917636796007,-0.07479066767254888,-0.26228616495138807
-0.5249294729372564,-0.8161418498649128,0.6247185561490037,0.460352899338321,-1.0373364517107093,-1.1375338381199382,0.08952732633094958,0.23730057549433706,-0.1209773091146617,0.4781875469199617,-0.1413473244607061,-0.4014830678366994,-0.45974649415900753,0.8859357335536329,-0.07479066767254888,-0.26228616495138807
-0.4523753321831114,0.6178084584766299,0.030957770885729135,-0.01318214122919032,-0.42217325864340394,0.5558809559757778,-0.692659421368175,-0.8066141326456426,-0.03280420463777406,-0.2158167769441807,-0.854722568656716,-0.4014830678366994,2.1751117468100603,0.8859357335536329,2.0217868532785768,-0.26228616495138807
0.10991925866152602,-0.6062954632783452,-0.0538651984375958,-0.46980521606214865,0.14566968880333947,-0.10609028171618401,0.17766104438155517,0.5451215791766378,-0.3099196758508488,-0.2158167769441807,-0.1413473244607061,-0.4014830678366994,-0.45974649415900753,-0.1126780150629839,-0.07479066767254888,-0.26228616495138807
-0.923977247085063,1.4047324081762567,-0.9360240794001756,1.830222123837196,0.06680261276906956,-0.42937856058900253,0.3539284804827663,-1.7568441874910066,2.058157987242697,-0.2158167769441807,-0.1413473244607061,-0.4014830678366994,-0.45974649415900753,-0.1126780150629839,-0.07479066767254888,-0.26228616495138807
-1.177916739724577,-0.9735266398048391,-0.08779438616692625,1.4412469119424522,-0.9426959604695854,-2.168977394523693,0.8937475035427257,-0.1240545157848865,1.1386384691265854,-0.2158167769441807,-0.1413473244607061,-0.4014830678366994,-0.45974649415900753,-0.1126780150629839,-0.07479066767254888,-0.26228616495138807
-1.286747950855796,-0.9035778442759824,-0.7324489530241953,-1.4845231601353883,-0.4379466738502579,0.5558809559757778,-0.7036761361245006,-0.2578897347771914,-0.5618428314990981,1.1721918707841041,-0.854722568656716,-0.4014830678366994,2.1751117468100603,2.883163230786866,2.0217868532785768,-0.26228616495138807
0.14619632903859983,-1.3232706174491178,0.9131166518483089,-1.0786359825060914,-0.7218681475736296,-0.18306368144780746,-0.3731746934347298,1.1206130208435503,-1.481362349615208,-0.9098211008083231,-0.1413473244607061,2.490765066104216,-0.45974649415900753,-1.1112917636796007,-2.1713681886236746,-0.26228616495138807
-0.5612065433143302,-1.4281938107424004,-0.7154843591595289,-0.26686162724750023,0.17721651921704745,-1.0143763985493408,0.8496806445174229,0.6789567981689427,0.3324843710521865,-0.9098211008083231,-0.854722568656716,2.490765066104216,2.1751117468100603,-0.1126780150629839,-0.07479066767254888,-0.26228616495138807
-0.9421157822735986,0.8451420439454105,-0.25744032481357615,1.9993417811827359,-0.5799074107119437,-1.0759551183346396,0.364945195239092,-1.3419550086148602,1.6802732537703229,-0.2158167769441807,-0.1413473244607061,-0.4014830678366994,-0.45974649415900753,-0.1126780150629839,-0.07479066767254888,-0.26228616495138807
1.506586468178848,-2.7047593291440166,2.3042133487508383,-1.6705547832154812,-0.8322820540216075,-0.8604295990860938,0.03444375254932109,3.1816753933250443,-2.9551128101574675,-0.2158167769441807,-0.1413473244607061,-0.4014830678366994,-0.45974649415900753,-0.1126780150629839,-0.07479066767254888,-0.26228616495138807
-1.1597782045360387,1.0200140327675498,-2.3949791517613637,1.0522717000477109,1.2182619228694105,-0.059906241877209936,0.8937475035427257,-1.6363924903979312,2.5620042985391938,-0.2158167769441807,-0.1413473244607061,-0.4014830678366994,-0.45974649415900753,-0.1126780150629839,-0.07479066767254888,-0.26228616495138807
-2.4657527381106776,0.040730895363568255,-1.0208470487235006,1.5934546035534392,-1.1950706037792491,-1.414638077153783,0.17766104438155525,-1.8505288407856184,1.944792567200984,-0.2158167769441807,-0.1413473244607061,-0.4014830678366994,-0.45974649415900753,-0.1126780150629839,-0.07479066767254888,-0.26228616495138807
0.09178072347298784,-0.5713210655139193,0.013993177021065112,-1.044812051036983,0.06680261276906956,0.44811819635150496,-0.2740242606277985,0.5049710134789468,-0.7885736715825222,-0.2158167769441807,-0.1413473244607061,-0.4014830678366994,-0.45974649415900753,-0.1126780150629839,-0.07479066767254888,-0.26228616495138807
0.34572021611250187,-2.215117760442027,1.4899128432469195,-1.9073223034992381,-1.0846566973312712,-0.21385304134045688,-0.6045257033175695,1.950391378595839,-2.5268434455554445,-0.2158167769441807,-0.1413473244607061,-0.4014830678366994,-0.45974649415900753,-0.1126780150629839,-0.07479066767254888,-0.26228616495138807
-1.0328084582162818,-1.655527396211181,0.81132908866032,-0.09774196990196028,-1.6524996447780147,-1.3684540373148089,-0.17487382782086724,0.5049710134789468,-0.6752082515408111,-0.2158167769441807,-0.1413473244607061,-0.4014830678366994,-0.45974649415900753,-0.1126780150629839,-0.07479066767254888,-0.26228616495138807
-1.286747950855796,-1.620552998446755,-0.8342365162121842,-0.7234847020804586,-0.34330618260913404,-0.7680615194081458,0.30986162145746354,0.29083466309125977,0.0805612154039371,-0.2158167769441807,-0.1413473244607061,-0.4014830678366994,-0.45974649415900753,-0.1126780150629839,-0.07479066767254888,-0.26228616495138807
-1.3774406267984791,-0.7112186565716302,-1.003882454858834,-0.13156590137106874,-0.2644391065748641,-0.506351960320626,0.17766104438155517,-0.47202608516487843,0.6473883156124983,-0.2158167769441807,-0.1413473244607061,-0.4014830678366994,-0.45974649415900753,-0.1126780150629839,-0.07479066767254888,-0.26228616495138807
-0.23471290992067118,1.1599116238252607,-0.2404757309489097,1.0184477685786024,0.019482367148507602,0.09404055758603701,-0.053689965501284506,-1.0609010487310206,0.9370999446079847,-0.2158167769441807,0.5720279197353038,-0.4014830678366994,-0.45974649415900753,-1.1112917636796007,-0.07479066767254888,-0.26228616495138807
-1.413717697175553,0.1456540886568533,-1.003882454858834,0.9846238371094963,-0.29598593698857206,-0.7680615194081458,0.34291176572644066,-1.1545857020256345,1.4787347292517223,0.4781875469199617,-0.1413473244607061,-0.4014830678366994,-0.45974649415900753,0.8859357335536329,-0.07479066767254888,-0.26228616495138807
-0.2891285154862806,0.058218094245783676,0.3193558665850344,0.20667341332001113,-0.5483605802982358,-0.1368796416088334,-0.28504097538412415,-0.2578897347771914,-0.08318883576742465,0.4781875469199617,0.5720279197353038,-0.4014830678366994,-0.45974649415900753,-0.1126780150629839,-0.07479066767254888,-0.26228616495138807
-1.486271837929698,-0.25655148563406655,-0.34226329413690104,-1.2477556398516314,-0.9742427908832934,0.9099585947412457,-1.3316288772350655,-0.9002987859402545,-0.6752082515408092,-0.9098211008083231,0.5720279197353038,2.490765066104216,-0.45974649415900753,-2.1099055122962174,-2.1713681886236746,-0.26228616495138807
1.2345084403507982,-0.6587570599249889,1.7443817512168942,0.8662400769676178,-0.5483605802982358,-1.3684540373148089,0.5962962051219317,1.4150505026266216,-0.6500159359759857,-0.9098211008083231,0.5720279197353038,2.490765066104216,-0.45974649415900753,-2.1099055122962174,-2.1713681886236746,-0.26228616495138807
-1.3411635564214053,-0.06419229792971431,-1.0208470487235006,0.10520161891268812,-0.21711886095430213,-0.1522743215551581,-0.0426732507449588,-0.9404493516379455,0.8363306823486871,-0.2158167769441807,0.5720279197353038,-0.4014830678366994,-0.45974649415900753,-1.1112917636796007,-0.07479066767254888,-0.26228616495138807
-0.7788689655767704,-1.655527396211181,-2.0387226806034,-0.791132565018673,1.2182619228694105,-0.7372721595154964,1.3784829528210563,0.6923403200681725,0.9245037868255748,-0.9098211008083231,-0.854722568656716,2.490765066104216,2.1751117468100603,-0.1126780150629839,-0.07479066767254888,-0.26228616495138807
-2.4113371325450683,-0.32650028116292323,-1.3431743321521339,-0.38524538738937864,-0.8480554692284615,0.0632511976933876,-0.6375758475865466,-1.5293243152040878,0.7103691045245606,-0.2158167769441807,-0.1413473244607061,-0.4014830678366994,-0.45974649415900753,-0.1126780150629839,-0.07479066767254888,-0.26228616495138807
1.21636990516226,-0.8686034465115541,1.2015147475476142,0.6971204196220779,-0.05938470888576232,-1.3992433972074585,0.9598477920806798,1.5622692435181542,-0.3729004647629111,-0.2158167769441807,-0.854722568656716,-0.4014830678366994,2.1751117468100603,0.8859357335536329,2.0217868532785768,-0.26228616495138807
1.2345084403507982,-1.4107066118601874,1.8461693144048832,-1.3830513657280628,-0.6430010715393596,0.017067157854413532,-0.46130841148533536,1.9905419442935322,-2.4008818677313184,0.4781875469199617,0.5720279197353038,-0.4014830678366994,-0.45974649415900753,-0.1126780150629839,-0.07479066767254888,-0.26228616495138807
-0.8877001767079893,-1.4806554073890414,0.9470458395776394,0.27432127625822805,-1.6524996447780147,-1.5531901966707053,-0.04267325074495872,0.47820396968048545,-0.4988620425870358,-0.2158167769441807,-0.1413473244607061,-0.4014830678366994,-0.45974649415900753,-0.1126780150629839,-0.07479066767254888,-0.26228616495138807
-1.177916739724577,-0.4838850711028496,-0.3252987002722346,0.12211358464724115,-0.7218681475736296,-0.5371413202132754,-0.11979025403923867,-0.49879312896333977,0.3324843710521865,0.4781875469199617,-0.854722568656716,-0.4014830678366994,2.1751117468100603,1.8845494821702495,2.0217868532785768,-0.26228616495138807
-1.486271837929698,1.1599116238252607,-1.0378116425881645,1.0184477685786024,-0.32753276740228005,0.09404055758603701,-0.29605769014044986,-1.9843640597779233,1.529119360381371,-0.2158167769441807,-0.854722568656716,-0.4014830678366994,2.1751117468100603,0.8859357335536329,2.0217868532785768,-0.26228616495138807
-0.923977247085063,0.1281668897746379,-1.3601389260168002,1.6780144322262092,0.46113799294041913,-1.414638077153783,1.3344160937957537,-0.7798470888471793,2.2596965117612955,-0.2158167769441807,0.5720279197353038,-0.4014830678366994,-0.45974649415900753,-1.1112917636796007,-0.07479066767254888,-0.26228616495138807
-1.740211330569212,-0.5188594688672755,-0.8003073284828538,0.7816802482948478,-0.7691883931941916,-1.1683231980125877,0.2988449067011378,-0.8869152640410247,1.1764269424738223,-0.2158167769441807,-0.1413473244607061,-0.4014830678366994,-0.45974649415900753,-0.1126780150629839,-0.07479066767254888,-0.26228616495138807
-0.5067909377487207,-0.5713210655139193,-2.2083686192500496,-0.08083000416740725,1.6125973030407597,-0.42937856058900253,1.4335665266026847,0.06331479080434109,1.5795039915110218,-0.2158167769441807,-0.1413473244607061,-0.4014830678366994,-0.45974649415900753,-0.1126780150629839,-0.07479066767254888,-0.26228616495138807
-1.3230250212328696,0.3729876741256339,-0.5119092327835509,1.2213913573932507,-0.6745479019530677,-0.7834561993544704,0.08952732633094958,-1.261653877219478,1.2897923625155354,-0.2158167769441807,0.5720279197353038,-0.4014830678366994,-0.45974649415900753,-1.1112917636796007,-0.07479066767254888,-0.26228616495138807
1.2889240459164077,0.6877572540054842,1.8800985021342138,1.661102466491656,-0.6272276563325058,-0.906613638925068,0.21071118865053223,0.42466988208356465,-0.15876578246189874,-0.2158167769441807,-0.854722568656716,-0.4014830678366994,2.1751117468100603,0.8859357335536329,2.0217868532785768,-0.26228616495138807
-1.1597782045360387,-0.20408988898742525,-0.29136951254290416,-0.5881889762040271,-0.7376415627804837,0.3557501166735568,-0.769776424662455,-0.6995459574517972,-0.2217465713739629,-0.9098211008083231,-0.854722568656716,2.490765066104216,2.1751117468100603,-0.1126780150629839,-0.07479066767254888,-0.26228616495138807
0.49082849762079445,1.457194004822898,0.35328505431436485,0.7816802482948478,0.09834944318277751,0.5712756359221025,-0.3401245491657527,-0.7530800450487198,0.31988821326977473,0.4781875469199617,-0.1413473244607061,-0.4014830678366994,-0.45974649415900753,0.8859357335536329,-0.07479066767254888,-0.26228616495138807
-2.3569215269794586,0.7227316517699125,-1.8351475542274194,0.2574093105236726,-0.34330618260913404,0.40193415651253084,-0.5274087000232895,-2.292185063460226,1.5543116759461966,0.4781875469199617,1.9987784081273234,-0.4014830678366994,-0.45974649415900753,-2.1099055122962174,-0.07479066767254888,-0.26228616495138807
-1.957873752831652,-0.4314234744562058,-0.8512011100768507,0.42652896786921257,-0.9111491300558774,-0.7680615194081458,-0.08674010977026156,-1.1144351363279434,0.9496961023903983,0.4781875469199617,-0.1413473244607061,-0.4014830678366994,-0.45974649415900753,0.8859357335536329,-0.07479066767254888,-0.26228616495138807
-1.2323323452901864,0.0757052931279966,-1.2244221750994784,-1.1970197426479698,0.06680261276906956,1.1562734738824407,-0.7807931394187805,-0.9672163954364069,0.01758042649187475,-0.2158167769441807,-0.1413473244607061,-0.4014830678366994,-0.45974649415900753,-0.1126780150629839,-0.07479066767254888,-0.26228616495138807
-0.4160982618060376,-0.37896187780956453,-0.25744032481357615,0.22358537905456655,-0.12247836971317826,-0.5371413202132754,0.2988449067011379,-0.016986340591042974,0.3576766866170136,-0.2158167769441807,-0.1413473244607061,-0.4014830678366994,-0.45974649415900753,-0.1126780150629839,-0.07479066767254888,-0.26228616495138807
1.016846018088358,-1.3582450152135461,0.5059663990963483,-1.1124599139751998,0.4138177473198572,-0.18306368144780746,0.42002876902072056,1.7897891158050747,-1.2042468784021334,-0.2158167769441807,0.5720279197353038,-0.4014830678366994,-0.45974649415900753,-1.1112917636796007,-0.07479066767254888,-0.26228616495138807
-0.1258816987894498,0.1981156853034946,-1.1226346119114896,-1.4337872629317268,0.9343404491460388,1.4795617527552594,-0.4062248377037069,-0.24450621287795976,-0.23434272915637464,-0.2158167769441807,-0.1413473244607061,-0.4014830678366994,-0.45974649415900753,-0.1126780150629839,-0.07479066767254888,-0.26228616495138807
-0.34354412105189003,-1.0609626342159089,0.35328505431436485,0.8324161454985094,-0.6272276563325058,-1.6917423161876273,0.7725636412231428,0.5585051010758695,0.3576766866170118,-0.2158167769441807,0.5720279197353038,-0.4014830678366994,-0.45974649415900753,-1.1112917636796007,-0.07479066767254888,-0.26228616495138807
0.6359367791290871,-2.2326049593242425,0.16667452180304856,-1.095547948240647,0.3980443321130032,-0.9681923587103668,0.9708645068370055,2.1779112508827576,-0.9397275649714723,-0.2158167769441807,0.5720279197353038,-0.4014830678366994,-0.45974649415900753,-1.1112917636796007,-0.07479066767254888,-0.26228616495138807
-1.286747950855796,-1.9877841749732466,0.08185155247972362,-0.85878042795689,-1.1950706037792491,-0.9681923587103668,-0.14182368355189007,0.5718886229750992,-0.7004005671056346,0.4781875469199617,-0.1413473244607061,-0.4014830678366994,-0.45974649415900753,0.8859357335536329,-0.07479066767254888,-0.26228616495138807
-0.36168265624042817,0.4604236685367035,0.7434707132016591,2.1515494727937203,-1.0057896212970014,-1.5531901966707053,0.4090120542643949,-0.619244826056415,1.0504653646496978,0.4781875469199617,-0.1413473244607061,-0.4014830678366994,-0.45974649415900753,0.8859357335536329,-0.07479066767254888,-0.26228616495138807
-1.0509469934048201,-0.5013722699850626,-0.6645905775655344,-0.01318214122919032,-0.29598593698857206,-0.42937856058900253,0.10054404108727528,-0.3917249537694963,0.4836382644411365,-0.2158167769441807,0.5720279197353038,-0.4014830678366994,-0.45974649415900753,-1.1112917636796007,-0.07479066767254888,-0.26228616495138807
-0.05332755803530478,0.1281668897746379,-1.8351475542274194,-0.5036291475312571,1.6599175486613218,0.5712756359221025,0.7505302117104915,-0.13743803768411622,0.9874845757376354,-0.2158167769441807,-0.1413473244607061,-0.4014830678366994,-0.45974649415900753,-0.1126780150629839,-0.07479066767254888,-0.26228616495138807
0.6540753143176252,-1.1483986286269785,1.1336563720889532,-0.3345094901857172,-0.4852669194708199,-0.706482799622847,0.1666443296252294,1.3615164150296988,-1.0908814583604223,-0.2158167769441807,-0.1413473244607061,-0.4014830678366994,-0.45974649415900753,-0.1126780150629839,-0.07479066767254888,-0.26228616495138807
-0.8877001767079893,0.40796207189006223,-0.3761924818662291,0.27432127625822805,-0.42217325864340394,0.10943523753236167,-0.3731746934347298,-0.9672163954364069,0.4836382644411365,-0.2158167769441807,-0.1413473244607061,-0.4014830678366994,-0.45974649415900753,-0.1126780150629839,-0.07479066767254888,-0.26228616495138807
2.1414351997776304,-0.25655148563406655,1.8122401266755528,1.0522717000477109,0.17721651921704745,-1.1837178779589126,0.9708645068370055,1.7764055939058432,-0.5618428314990981,-0.2158167769441807,-0.1413473244607061,-0.4014830678366994,-0.45974649415900753,-0.1126780150629839,-0.07479066767254888,-0.26228616495138807
-0.3979597266174994,-0.7636802532182715,-0.5628030143775454,0.02064179023991815,0.17721651921704745,-0.6910881196765223,0.6183296346345832,0.29083466309125977,0.4332536333114877,-0.2158167769441807,-0.1413473244607061,-0.4014830678366994,-0.45974649415900753,-0.1126780150629839,-0.07479066767254888,-0.26228616495138807
-0.6156221488799396,-0.3439874800451362,-1.2244221750994784,0.1390255503817966,0.603098729802105,-0.42937856058900253,0.7284967821978401,-0.19097212528103893,1.0126768913024606,-0.2158167769441807,-0.1413473244607061,-0.4014830678366994,-0.45974649415900753,-0.1126780150629839,-0.07479066767254888,-0.26228616495138807
-1.9034581472660428,0.9850396350031214,-1.970864305144739,2.286845198670152,0.17721651921704745,-1.2145072378515618,0.9928979363496568,-2.158349844467921,3.166619872094992,-0.2158167769441807,-0.1413473244607061,-0.4014830678366994,-0.45974649415900753,-0.1126780150629839,-0.07479066767254888,-0.26228616495138807
-1.6857957250036024,1.2298604193541174,-1.0378116425881645,0.8493281112330624,-0.5010403346776738,0.3095660768345827,-0.5714755590485924,-2.1851168882663825,1.4031577825572465,0.4781875469199617,0.5720279197353038,-0.4014830678366994,-0.45974649415900753,-0.1126780150629839,-0.07479066767254888,-0.26228616495138807
2.2321278757203133,0.2680644808323513,1.472948249382253,1.0691836657822662,0.571551899388397,-0.7372721595154964,0.9267976478117027,1.4418175464250809,-0.2973235180684352,-0.9098211008083231,-0.854722568656716,2.490765066104216,2.1751117468100603,-0.1126780150629839,-0.07479066767254888,-0.26228616495138807
0.8898762717686011,0.1281668897746379,0.6416831500136702,-0.11465393563651333,0.17721651921704745,0.21719799715663451,-0.03165653598863309,0.5585051010758695,-0.5618428314990981,-0.2158167769441807,-0.1413473244607061,-0.4014830678366994,-0.45974649415900753,-0.1126780150629839,-0.07479066767254888,-0.26228616495138807
-0.05332755803530478,-0.9910138386870521,-1.241386768964145,-0.01318214122919032,1.1078480164214324,-0.8604295990860938,1.389499667577382,0.7191073638666338,0.9119076290431612,-0.2158167769441807,-0.1413473244607061,-0.4014830678366994,-0.45974649415900753,-0.1126780150629839,-0.07479066767254888,-0.26228616495138807
-0.7063148248226229,-0.9210650431581978,-0.1726173554902512,0.358881104930998,-0.45372008905711186,-1.1375338381199382,0.49714577231500034,0.18376648789741626,0.39546515996425063,-0.2158167769441807,-0.1413473244607061,-0.4014830678366994,-0.45974649415900753,-0.1126780150629839,-0.07479066767254888,-0.26228616495138807
0.01922658271884282,-0.6237826621605606,-1.3262097382874698,-0.41906931885848714,1.2498087532831184,-0.16766900150148278,0.9928979363496571,0.4915874915797171,0.6725806311773236,-0.2158167769441807,-0.1413473244607061,-0.4014830678366994,-0.45974649415900753,-0.1126780150629839,-0.07479066767254888,-0.26228616495138807
0.6359367791290871,-0.4838850711028496,2.270284161021508,-1.5690829888081583,-1.5578591535368909,1.0023266744191939,-1.8053476117570704,0.839559060959709,-2.8543435478981682,-0.2158167769441807,-0.1413473244607061,-0.4014830678366994,-0.45974649415900753,-0.1126780150629839,-0.07479066767254888,-0.26228616495138807
-1.4499947675526266,-0.25655148563406655,-0.07082979230225982,1.3905110147387907,-1.1950706037792491,-1.4916114768854065,0.23274461816318373,-0.8735317421417951,1.0882538379969346,-0.2158167769441807,-0.1413473244607061,-0.4014830678366994,-0.45974649415900753,-0.1126780150629839,-0.07479066767254888,-0.26228616495138807
0.5996597087520158,-0.25655148563406655,1.7443817512168942,0.8155041797639564,-1.1004301125381253,-0.9681923587103668,-0.0757233950139359,0.6388062324712517,-0.6878044093232228,-0.2158167769441807,-0.1413473244607061,-0.4014830678366994,-0.45974649415900753,-0.1126780150629839,-0.07479066767254888,-0.26228616495138807
-1.2141938101016483,-0.3439874800451362,-0.25744032481357615,-1.3154035027898483,-0.8165086388147536,0.894563914794921,-1.210445014915483,-0.6326283479556447,-0.7885736715825222,-0.2158167769441807,-0.1413473244607061,-0.4014830678366994,-0.45974649415900753,-0.1126780150629839,-0.07479066767254888,-0.26228616495138807
-0.4160982618060376,0.6178084584766299,0.21756830339704544,-0.09774196990196028,-0.5641339955050898,0.6328543557074013,-0.8468934279567348,-0.7798470888471812,-0.23434272915637464,-0.2158167769441807,-0.1413473244607061,-0.4014830678366994,-0.45974649415900753,-0.1126780150629839,-0.07479066767254888,-0.26228616495138807
-1.2323323452901864,0.7052444528876995,-1.003882454858834,1.1537434944550362,-0.13825178492003223,-0.42937856058900253,0.2107111886505323,-1.4490231838087055,1.604696307075847,-0.2158167769441807,-0.1413473244607061,-0.4014830678366994,-0.45974649415900753,-0.1126780150629839,-0.07479066767254888,-0.26228616495138807
1.3070625811049432,-1.7429633906222506,0.6756123377429982,-0.9771641880987685,0.5084582385609812,-0.6449040798375483,0.8166305002484456,2.298362947975831,-1.2294391939669587,-0.2158167769441807,0.5720279197353038,-0.4014830678366994,-0.45974649415900753,-1.1112917636796007,-0.07479066767254888,-0.26228616495138807
0.21875046979274484,-0.7636802532182715,-1.15656379964082,-0.791132565018673,1.2655821684899722,0.04785651774706291,0.8496806445174229,0.7458744076650952,0.26950358214012593,-0.9098211008083231,0.5720279197353038,2.490765066104216,-0.45974649415900753,-2.1099055122962174,-2.1713681886236746,-0.26228616495138807
-0.10774316360091418,-1.51562980515347,-0.4779800450542205,-0.6051009419385801,0.3507240864924413,-0.7834561993544704,0.80561378549212,1.0804624551458573,-0.09578499354983641,0.4781875469199617,0.5720279197353038,-0.4014830678366994,-0.45974649415900753,-0.1126780150629839,-0.07479066767254888,-0.26228616495138807
0.25502754016981866,-1.3582450152135461,1.6934879696228975,-0.960252222364213,-1.3528047558477891,-0.32161580096472975,-0.7146928508808265,1.227681196037394,-1.9726125031292934,-0.2158167769441807,-0.854722568656716,-0.4014830678366994,2.1751117468100603,0.8859357335536329,2.0217868532785768,-0.26228616495138807
-0.3979597266174994,0.33801327636120554,-0.10475898003159027,0.02064179023991815,-0.24866569136801012,0.2787767169419333,-0.3731746934347298,-0.5523272165602606,0.09315737318635064,-0.2158167769441807,-0.1413473244607061,-0.4014830678366994,-0.45974649415900753,-0.1126780150629839,-0.07479066767254888,-0.26228616495138807
-1.4499947675526266,0.16314128753906626,-2.0387226806034,0.7647682825602924,0.634645560215813,-0.5525360001596,0.838663929761097,-1.1947362677233255,2.08335030280752,1.1721918707841041,-0.1413473244607061,-0.4014830678366994,-0.45974649415900753,1.8845494821702495,-0.07479066767254888,-0.26228616495138807
-0.6518992192570134,-1.2183474241558325,0.35328505431436485,0.6971204196220779,-0.8953757148490235,-1.7071369961339522,0.5962962051219318,0.4514369258820241,0.25690742435771236,-0.2158167769441807,1.2854031639313137,-0.4014830678366994,-0.45974649415900753,-2.1099055122962174,-0.07479066767254888,-0.26228616495138807
0.21875046979274484,-1.3582450152135461,0.1327453340737205,0.4096170021346595,0.06680261276906956,-1.56858487661703,1.1691653724508682,1.2009141522389326,0.2065227932280618,-0.2158167769441807,-0.1413473244607061,-0.4014830678366994,-0.45974649415900753,-0.1126780150629839,-0.07479066767254888,-0.26228616495138807
0.055503653095916615,-0.37896187780956453,-0.545838420512879,-1.7382026461536981,0.5557784841815431,1.248641553560389,-0.5053752705106382,0.33098522878895087,-0.8893429338418234,-0.9098211008083231,-0.1413473244607061,2.490765066104216,-0.45974649415900753,-1.1112917636796007,-2.1713681886236746,-0.26228616495138807
-0.3254055858633544,2.2965795511691662,-1.2753159566934753,1.5088947748806691,0.9027936187323308,0.6482490356537259,0.1666443296252295,-1.9977475816771548,2.070754145025109,-0.2158167769441807,0.5720279197353038,-0.4014830678366994,-0.45974649415900753,-1.1112917636796007,-0.07479066767254888,-0.26228616495138807
-0.4160982618060376,0.5478596629477732,-0.10475898003159027,1.576542637818886,-0.2644391065748641,-0.9527976787640421,0.49714577231500046,-0.7263130012502585,1.2520038891682983,-0.2158167769441807,-0.1413473244607061,-0.4014830678366994,-0.45974649415900753,-0.1126780150629839,-0.07479066767254888,-0.26228616495138807
-0.4160982618060376,-0.09916669569414267,-1.2753159566934753,-1.6536428174809281,0.8239265426980608,1.4179830329699605,-0.43927498197268394,-0.23112269097873003,-0.28472736028602347,-0.2158167769441807,1.2854031639313137,-0.4014830678366994,-0.45974649415900753,-2.1099055122962174,-0.07479066767254888,-0.26228616495138807
-1.0509469934048201,-0.7811674521004844,-0.5967322021068758,-0.06391803843285182,-0.35907959781598797,-0.6295093998912236,0.19969447389420658,-0.1775886033818092,0.39546515996425063,1.1721918707841041,-0.1413473244607061,-0.4014830678366994,-0.45974649415900753,1.8845494821702495,-0.07479066767254888,-0.26228616495138807
-1.1960552749131126,1.3697580104118283,-0.03690060457292937,0.8324161454985094,-1.0057896212970014,0.44811819635150496,-1.023160864057946,-1.9308299721810025,0.6473883156124983,-0.2158167769441807,-0.1413473244607061,-0.4014830678366994,-0.45974649415900753,-0.1126780150629839,-0.07479066767254888,-0.26228616495138807
-0.8877001767079893,0.1981156853034946,-0.8681657039415147,1.4750708434115607,0.03525578235536159,-1.1683231980125877,0.8606973592737485,-0.8066141326456406,1.7432540426823835,-0.2158167769441807,-0.854722568656716,-0.4014830678366994,2.1751117468100603,0.8859357335536329,2.0217868532785768,-0.26228616495138807
-0.6156221488799396,-1.0784498330981216,-0.20654654321957924,-0.46980521606214865,-0.34330618260913404,-0.5217466402669507,0.13359418535625237,0.37113579448664197,-0.19655425580913757,0.4781875469199617,-0.1413473244607061,-0.4014830678366994,-0.45974649415900753,0.8859357335536329,-0.07479066767254888,-0.26228616495138807
0.47268996243225886,-0.7811674521004844,1.0318688089009644,-0.13156590137106874,-0.5483605802982358,-0.5679306801059247,0.02342703779299539,0.9466272361535525,-0.8641506182769981,-0.2158167769441807,-0.854722568656716,-0.4014830678366994,2.1751117468100603,0.8859357335536329,2.0217868532785768,-0.26228616495138807
0.45455142724372066,-1.1483986286269785,-1.3092451444228035,-1.9580582007028997,1.6125973030407597,0.7714064752243235,0.5742627756092804,1.2142976741381621,-0.48626588480462407,-0.2158167769441807,-0.854722568656716,-0.4014830678366994,2.1751117468100603,0.8859357335536329,2.0217868532785768,-0.26228616495138807
0.18247339941567103,-0.8511162476293411,1.0488334027656283,-0.6389248734076886,-0.8165086388147536,-0.16766900150148278,-0.4502916967290097,0.7860249733627862,-1.254631509531784,-0.2158167769441807,-0.1413473244607061,-0.4014830678366994,-0.45974649415900753,-0.1126780150629839,-0.07479066767254888,-0.26228616495138807
-0.9058387118965274,1.7020147891738915,0.35328505431436485,0.5956486252147525,-1.116203527744979,0.9561426345802198,-1.463829454310974,-1.9709805378786935,0.1813304776632365,-0.2158167769441807,-0.1413473244607061,-0.4014830678366994,-0.45974649415900753,-0.1126780150629839,-0.07479066767254888,-0.26228616495138807
-0.6518992192570134,1.0375012316497627,0.20060370953237902,0.6802084538875225,-0.7534149779873376,0.294171396888258,-0.7367262803934779,-1.2750373991187078,0.3576766866170118,-0.2158167769441807,0.5720279197353038,-0.4014830678366994,-0.45974649415900753,-1.1112917636796007,-0.07479066767254888,-0.26228616495138807
-0.03518902284676659,-1.4806554073890414,1.2693731230062728,0.358881104930998,-1.2108440189861032,-1.6301635964023289,0.3208783362137893,1.1072294989443188,-0.6752082515408092,1.1721918707841041,-0.1413473244607061,-0.4014830678366994,-0.45974649415900753,1.8845494821702495,-0.07479066767254888,-0.26228616495138807
0.3275816809239662,-0.23906428675185362,-0.002971416843601321,1.7118383636953176,0.28763042566502534,-1.7687157159192508,1.466616670871662,0.42466988208356465,1.2771962047331236,-0.2158167769441807,-0.1413473244607061,-0.4014830678366994,-0.45974649415900753,-0.1126780150629839,-0.07479066767254888,-0.26228616495138807
-0.16215876916652358,-0.7461930543360585,-0.13868816776092074,-1.0617240167715385,-0.012064463265200366,0.3095660768345827,-0.22995740160249567,0.451436925882026,-0.6878044093232228,-0.2158167769441807,0.5720279197353038,-0.4014830678366994,-0.45974649415900753,-1.1112917636796007,-0.07479066767254888,-0.26228616495138807
-0.5612065433143302,-1.0085010375692676,0.30239127272037036,0.003729824505362714,-0.7691883931941916,-0.8912189589787433,0.10054404108727524,0.3577522725874122,-0.2217465713739629,-0.2158167769441807,-0.1413473244607061,-0.4014830678366994,-0.45974649415900753,-0.1126780150629839,-0.07479066767254888,-0.26228616495138807
0.16433486422713542,-0.3439874800451362,-0.41012166959555957,-1.7043787146845897,0.5242316537678351,1.248641553560389,-0.5274087000232897,0.38451931638587167,-0.9649198805362975,-0.2158167769441807,-0.1413473244607061,-0.4014830678366994,-0.45974649415900753,-0.1126780150629839,-0.07479066767254888,-0.26228616495138807
0.12805779385006164,0.18062848642128168,-1.3601389260168002,0.02064179023991815,1.37599607493795,0.14022459742501106,0.8606973592737484,-0.04375338438950433,1.0252730490848743,-0.2158167769441807,-0.1413473244607061,-0.4014830678366994,-0.45974649415900753,-0.1126780150629839,-0.07479066767254888,-0.26228616495138807
0.5996597087520158,2.0342715679359573,-0.7494135468888593,1.5258067406152223,1.2182619228694105,0.40193415651253084,0.5632460608529547,-1.1144351363279414,1.692869411552733,-0.2158167769441807,-0.1413473244607061,-0.4014830678366994,-0.45974649415900753,-0.1126780150629839,-0.07479066767254888,-0.26228616495138807
-0.670037754445549,-0.8511162476293411,-0.2404757309489097,-1.044812051036983,-0.35907959781598797,0.20180331721030983,-0.39520812294738117,0.1569994440989549,-0.5996313048463352,-0.2158167769441807,-0.854722568656716,-0.4014830678366994,2.1751117468100603,0.8859357335536329,2.0217868532785768,-0.26228616495138807
-1.5225489083067716,-0.6412698610427735,-0.3592278880015651,-0.03009410696374335,-0.9900162060901473,-0.5371413202132754,-0.30707440489677557,-0.6326283479556447,0.24431126657530064,-0.9098211008083231,-0.1413473244607061,2.490765066104216,-0.45974649415900753,-1.1112917636796007,-2.1713681886236746,-0.26228616495138807
-0.07146609322384039,-0.39644907669178,0.09881614634439005,0.15593751611634962,-0.15402520012688622,-0.4909572803743013,0.24376133291950935,0.2506840973935687,0.04277274205670004,-0.9098211008083231,-0.1413473244607061,2.490765066104216,-0.45974649415900753,-1.1112917636796007,-2.1713681886236746,-0.26228616495138807
1.2345084403507982,-1.0434754353336932,0.5398955868256787,-1.6536428174809281,0.571551899388397,0.5866703158684271,-0.02063982123230735,1.7094879844096906,-1.632516243004158,-0.9098211008083231,-0.1413473244607061,2.490765066104216,-0.45974649415900753,-1.1112917636796007,-2.1713681886236746,-0.26228616495138807
0.21875046979274484,1.4222196070584696,1.4220544677882585,0.798592214029401,-1.1319769429518332,0.5250915960831284,-1.1663781558901802,-0.9270658297387159,-0.46107356923979875,-0.2158167769441807,-0.854722568656716,-0.4014830678366994,2.1751117468100603,0.8859357335536329,2.0217868532785768,-0.26228616495138807
1.2889240459164077,0.9150908394742647,-0.41012166959555957,-1.3830513657280628,1.502183396592782,2.0645595907155974,-0.4282582672163582,0.2506840973935687,-0.7255928826704598,-0.9098211008083231,-0.1413473244607061,2.490765066104216,-0.45974649415900753,-1.1112917636796007,-2.1713681886236746,-0.26228616495138807
-0.4160982618060376,-0.4314234744562058,-0.34226329413690104,-1.8904103377646826,-0.04361129367890833,1.341009633238337,-0.990110719788969,0.02316422510664811,-1.1538622472724827,0.4781875469199617,-0.854722568656716,-0.4014830678366994,2.1751117468100603,1.8845494821702495,2.0217868532785768,-0.26228616495138807
-1.0690855285933556,0.2680644808323513,-0.8342365162121842,0.7140323853566309,-0.15402520012688622,-0.4139838806426778,0.18867775913788085,-0.9939834392348683,1.151234626908997,-0.2158167769441807,-0.1413473244607061,-0.4014830678366994,-0.45974649415900753,-0.1126780150629839,-0.07479066767254888,-0.26228616495138807
-0.6881762896340872,-0.011730701283073033,-0.5967322021068758,-0.3006855587166087,-0.04361129367890833,0.2633820369956086,-0.21894068684616996,-0.49879312896333977,0.21911895101047535,-0.2158167769441807,-0.1413473244607061,-0.4014830678366994,-0.45974649415900753,-0.1126780150629839,-0.07479066767254888,-0.26228616495138807
-0.216574374732133,0.2505772819501359,-0.5797676082422094,-0.28377359298205324,0.3507240864924413,0.4789075562441543,-0.09775682452658725,-0.3515743880718033,0.21911895101047535,-0.2158167769441807,-0.1413473244607061,-0.4014830678366994,-0.45974649415900753,-0.1126780150629839,-0.07479066767254888,-0.26228616495138807
-0.797007500765306,1.072475629414191,-0.25744032481357615,-1.3323154685244014,-0.45372008905711186,2.1569276703935456,-1.8604311855386988,-1.4088726181110127,-0.801169829364934,-0.2158167769441807,-0.1413473244607061,-0.4014830678366994,-0.45974649415900753,-0.1126780150629839,-0.07479066767254888,-0.26228616495138807
-0.8514231063309154,-1.2008602252736198,-0.3592278880015651,-0.9095163251605515,-0.40639984343654995,-0.22924772128678156,-0.1197902540392387,0.29083466309125977,-0.41068893811014817,-0.2158167769441807,-0.1413473244607061,-0.4014830678366994,-0.45974649415900753,-0.1126780150629839,-0.07479066767254888,-0.26228616495138807
-1.8127654713233594,0.058218094245783676,-0.5967322021068758,0.6125605909493079,-1.0215630365038553,-0.506351960320626,-0.3511412639220784,-1.3821055743125532,0.8993114712607495,-0.2158167769441807,-0.1413473244607061,-0.4014830678366994,-0.45974649415900753,-0.1126780150629839,-0.07479066767254888,-0.26228616495138807
-0.7063148248226229,-0.5188594688672755,-0.34226329413690104,0.6632964881529695,-0.29598593698857206,-1.060560438388315,0.5522293460966289,-0.1240545157848865,0.7481575778717995,-0.2158167769441807,0.5720279197353038,-0.4014830678366994,-0.45974649415900753,-1.1112917636796007,-0.07479066767254888,-0.26228616495138807
1.3070625811049432,1.0200140327675498,0.5398955868256787,-0.41906931885848714,0.634645560215813,1.2794309134530382,-0.472325126241661,0.18376648789741434,-0.7129967248880481,-0.2158167769441807,-0.1413473244607061,-0.4014830678366994,-0.45974649415900753,-0.1126780150629839,-0.07479066767254888,-0.26228616495138807
-0.01705048765823098,-0.011730701283073033,0.7434707132016591,-0.14847786710562177,-0.7060947323667757,0.12482991747868638,-0.582492273804918,-0.0036028186918113446,-0.6626120937583975,0.4781875469199617,-0.1413473244607061,-0.4014830678366994,-0.45974649415900753,0.8859357335536329,-0.07479066767254888,-0.26228616495138807
-0.16215876916652358,-0.5363466677494909,-0.41012166959555957,-1.3492274342589567,0.2403101800444634,0.7560117952779988,-0.3731746934347298,0.29083466309125977,-0.7004005671056364,0.4781875469199617,1.9987784081273234,-0.4014830678366994,-0.45974649415900753,-2.1099055122962174,-0.07479066767254888,-0.26228616495138807
-0.7788689655767704,0.040730895363568255,1.6595587818935693,-0.01318214122919032,-2.220342592224758,0.04785651774706291,-1.5850133166305567,-0.6058613041571834,-1.2420353517493723,0.4781875469199617,-0.1413473244607061,-0.4014830678366994,-0.45974649415900753,0.8859357335536329,-0.07479066767254888,-0.26228616495138807
0.16433486422713542,-0.8336290487471282,1.2015147475476142,-1.5521710230736028,-0.9742427908832934,0.6790383955463754,-1.1663781558901802,0.7592579295643268,-2.0481894498237696,-0.2158167769441807,-0.1413473244607061,-0.4014830678366994,-0.45974649415900753,-0.1126780150629839,-0.07479066767254888,-0.26228616495138807
0.16433486422713542,0.4429364696544906,1.3202669046002695,0.6294725566838609,-1.0846566973312712,-0.18306368144780746,-0.6265591328302208,-0.2177391690795003,-0.5114582003694493,0.4781875469199617,-0.1413473244607061,-0.4014830678366994,-0.45974649415900753,0.8859357335536329,-0.07479066767254888,-0.26228616495138807
-0.5430680081257946,-0.06419229792971431,0.45507261750235384,-1.3323154685244014,-0.8953757148490235,1.1562734738824407,-1.4528127395546482,-0.3515743880718052,-1.3302084562262582,0.4781875469199617,0.5720279197353038,-0.4014830678366994,-0.45974649415900753,-0.1126780150629839,-0.07479066767254888,-0.26228616495138807
0.8717377365800655,1.5096556014695393,0.14970992793838453,0.7478563168257394,0.6188721450089589,0.6482490356537259,-0.03165653598863311,-0.5121766508625695,0.44584979109389944,-0.9098211008083231,0.5720279197353038,2.490765066104216,-0.45974649415900753,-2.1099055122962174,-2.1713681886236746,-0.26228616495138807
-0.1984358395435974,-0.06419229792971431,0.845258276389648,-1.2815795713207399,-0.9584693756764393,1.1100894340434668,-1.463829454310974,-0.09728747198642514,-1.5821316118745075,-0.9098211008083231,0.5720279197353038,2.490765066104216,-0.45974649415900753,-2.1099055122962174,-2.1713681886236746,-0.26228616495138807
-0.144020233977988,-0.9385522420404108,1.6595587818935693,-1.9073223034992381,-1.6682730599848687,0.9099585947412457,-1.8163643265133962,0.6120391886727903,-2.6528050233795692,-0.9098211008083231,-0.854722568656716,2.490765066104216,2.1751117468100603,-0.1126780150629839,-0.07479066767254888,-0.26228616495138807
-0.8877001767079893,-0.9560394409226237,1.7783109389462224,0.3927050364001065,-2.42539698991386,-1.199112557905237,-0.8358767132004091,0.07669831270357082,-1.0279006694483581,-0.9098211008083231,1.2854031639313137,2.490765066104216,-0.45974649415900753,-3.108519260912834,-2.1713681886236746,-0.26228616495138807
-0.16215876916652358,0.6003212595944145,-0.019936010708265343,-0.21612573004383873,-0.12247836971317826,0.7252224353853494,-0.6045257033175694,-0.579094260358722,-0.146169624679487,-0.2158167769441807,-0.1413473244607061,-0.4014830678366994,-0.45974649415900753,-0.1126780150629839,-0.07479066767254888,-0.26228616495138807
-0.9421157822735986,-0.5188594688672755,-0.6136967959715399,-0.6558368391422416,-0.24866569136801012,0.14022459742501106,-0.27402426062779844,-0.29804030047488245,-0.03280420463777406,-0.9098211008083231,-0.1413473244607061,2.490765066104216,-0.45974649415900753,-1.1112917636796007,-2.1713681886236746,-0.26228616495138807
-0.7607304303882322,-0.8336290487471282,-0.1895819493549152,0.7647682825602924,-0.4852669194708199,-1.4300327571001077,0.6844299231725374,0.07669831270357272,0.7103691045245606,-0.2158167769441807,-0.1413473244607061,-0.4014830678366994,-0.45974649415900753,-0.1126780150629839,-0.07479066767254888,-0.26228616495138807
-0.6518992192570134,0.8801164417098388,0.3872142420436953,-1.4337872629317268,-0.9269225452627314,2.0799542706619225,-2.1358490544468416,-1.1545857020256345,-1.3554007717910852,-0.9098211008083231,-0.1413473244607061,2.490765066104216,-0.45974649415900753,-1.1112917636796007,-2.1713681886236746,-0.26228616495138807
0.12805779385006164,0.6178084584766299,0.9640104334423034,0.32505717346188956,-0.7849618084010456,0.2479873570492839,-0.7257095656371522,-0.37834143187026653,-0.4736697270222105,-0.2158167769441807,-0.1413473244607061,-0.4014830678366994,-0.45974649415900753,-0.1126780150629839,-0.07479066767254888,-0.26228616495138807
-1.8490425417004306,1.212373220471902,-0.5119092327835509,-0.3006855587166087,-1.1319769429518332,1.341009633238337,-1.7502640379754422,-2.292185063460224,0.156138162098413,-0.2158167769441807,-0.854722568656716,-0.4014830678366994,2.1751117468100603,0.8859357335536329,2.0217868532785768,-0.26228616495138807
-0.2528514451092068,-0.7811674521004844,-0.019936010708265343,-1.3999633314626183,-0.20134544574744817,0.5866703158684271,-0.5604588442922667,0.411286360184333,-1.02790066944836,-0.2158167769441807,-0.1413473244607061,-0.4014830678366994,-0.45974649415900753,-0.1126780150629839,-0.07479066767254888,-0.26228616495138807
-0.6518992192570134,-0.029217900165285967,-0.4779800450542205,-1.1462838454443083,-0.12247836971317826,1.0177213543655186,-0.8138432836877577,-0.4586425632656487,-0.4988620425870358,-0.2158167769441807,-0.1413473244607061,-0.4014830678366994,-0.45974649415900753,-0.1126780150629839,-0.07479066767254888,-0.26228616495138807
-0.05332755803530478,1.2298604193541174,-0.3592278880015651,-0.26686162724750023,0.28763042566502534,1.3256149532920123,-0.7477429951498036,-0.9805999173356386,0.06796505762152534,0.4781875469199617,-0.1413473244607061,-0.4014830678366994,-0.45974649415900753,0.8859357335536329,-0.07479066767254888,-0.26228616495138807
1.6154176793100667,0.02324369648135532,1.1166917782242893,0.08828965317813268,0.36649750169929524,-0.059906241877209936,0.29884490670113784,1.174147108440471,-0.7633813560176987,-0.9098211008083231,-0.1413473244607061,2.490765066104216,-0.45974649415900753,-1.1112917636796007,-2.1713681886236746,-0.26228616495138807
1.9600498478922639,-1.1833730263914068,1.625629594164239,-0.9095163251605515,0.19298993442390142,-0.21385304134045688,0.28782819194481213,2.3518970355727555,-1.8844393986524075,1.8661961946482464,-0.1413473244607061,-0.4014830678366994,-0.45974649415900753,2.883163230786866,-0.07479066767254888,-0.26228616495138807
0.01922658271884282,0.4604236685367035,1.8461693144048832,-1.5521710230736028,-1.6998198903985768,1.8182447115744025,-2.4883839266492638,-0.33819086617257355,-2.5268434455554427,-0.2158167769441807,-0.854722568656716,-0.4014830678366994,2.1751117468100603,0.8859357335536329,2.0217868532785768,-0.26228616495138807
0.12805779385006164,0.28555167971456424,0.6925769316076646,-0.06391803843285182,-0.5325871650913818,0.3095660768345827,-0.5935089885612437,-0.1240545157848865,-0.5618428314990981,-0.2158167769441807,-0.854722568656716,-0.4014830678366994,2.1751117468100603,0.8859357335536329,2.0217868532785768,-0.26228616495138807
-0.2891285154862806,-0.46639787222063417,0.45507261750235384,-1.5859949545427112,-0.6745479019530677,1.0331160343118433,-1.210445014915483,0.14361592219972327,-1.519150822962445,-0.2158167769441807,-0.854722568656716,-0.4014830678366994,2.1751117468100603,0.8859357335536329,2.0217868532785768,-0.26228616495138807
-0.4342367969945732,-0.5013722699850626,1.727417157352228,-0.5881889762040271,-1.9837413641219483,0.09404055758603701,-1.4528127395546482,0.06331479080434109,-1.7206893474810456,-0.2158167769441807,0.5720279197353038,-0.4014830678366994,-0.45974649415900753,-1.1112917636796007,-0.07479066767254888,-0.26228616495138807
0.25502754016981866,-0.32650028116292323,-0.7833427346181898,-1.7043787146845897,0.9501138643528927,1.2640362335067135,-0.24097411635882138,0.43805340398279435,-0.6878044093232228,-0.2158167769441807,-0.1413473244607061,-0.4014830678366994,-0.45974649415900753,-0.1126780150629839,-0.07479066767254888,-0.26228616495138807
-0.08960462841237857,0.9675524361209085,1.4390190616529226,0.3419691391964426,-1.415898416675205,0.5404862760294531,-1.3756957362603686,-0.8066141326456426,-0.8137659871473475,0.4781875469199617,-0.1413473244607061,-0.4014830678366994,-0.45974649415900753,0.8859357335536329,-0.07479066767254888,-0.26228616495138807
-0.797007500765306,-0.36147467892735163,1.0657979966302948,-0.7065727363459031,-1.6840464751917226,0.3249607567809074,-1.4087458805293454,-0.3114238223741122,-1.3176122984438463,-0.9098211008083231,-0.854722568656716,2.490765066104216,2.1751117468100603,-0.1126780150629839,-0.07479066767254888,-0.26228616495138807
-1.1235011341589651,-0.39644907669178,-0.7494135468888593,-0.7234847020804586,-0.28021252178171807,0.3095660768345827,-0.4172415524600325,-0.5255601727617992,0.01758042649187475,-0.2158167769441807,-0.1413473244607061,-0.4014830678366994,-0.45974649415900753,-0.1126780150629839,-0.07479066767254888,-0.26228616495138807
1.2345084403507982,1.6845275902916785,0.5398955868256787,1.8809580210408574,0.571551899388397,-0.22924772128678156,0.5632460608529546,-0.37834143187026464,1.0000807335200488,1.1721918707841041,-0.1413473244607061,-0.4014830678366994,-0.45974649415900753,1.8845494821702495,-0.07479066767254888,-0.26228616495138807
-0.724453360011161,-0.1691154912229969,-0.7494135468888593,-0.19921376430928328,0.06680261276906956,0.03246183780073822,0.023427037792995403,-0.4051084756687279,0.4080613177466624,-0.2158167769441807,-0.1413473244607061,-0.4014830678366994,-0.45974649415900753,-0.1126780150629839,-0.07479066767254888,-0.26228616495138807
-0.27098998029774496,0.6527828562410558,-0.002971416843601321,1.2044793916586978,-0.23289227616115613,-0.5217466402669507,0.2107111886505323,-0.6995459574517972,0.8993114712607495,-0.2158167769441807,-0.1413473244607061,-0.4014830678366994,-0.45974649415900753,-0.1126780150629839,-0.07479066767254888,-0.26228616495138807
1.2345084403507982,-0.5363466677494909,-0.25744032481357615,-0.7403966678150116,1.3129024141105343,0.20180331721030983,0.772563641223143,1.3213658493320077,-0.3603043069804976,-0.2158167769441807,-0.1413473244607061,-0.4014830678366994,-0.45974649415900753,-0.1126780150629839,-0.07479066767254888,-0.26228616495138807
0.9442918773342105,-1.9528097772088182,0.8791874641189785,-0.36833342165482325,0.003708951941653619,-1.3838487172611336,0.9928979363496568,2.1912947727819874,-0.9271314071890586,-0.2158167769441807,-0.1413473244607061,-0.4014830678366994,-0.45974649415900753,-0.1126780150629839,-0.07479066767254888,-0.26228616495138807
-0.2891285154862806,-0.4139362755739929,-0.9360240794001756,-0.6896607706113501,0.6188721450089589,0.2633820369956086,0.24376133291950935,0.10346535650203217,0.1813304776632383,-0.9098211008083231,-0.1413473244607061,2.490765066104216,-0.45974649415900753,-1.1112917636796007,-2.1713681886236746,-0.26228616495138807
0.3275816809239662,1.2298604193541174,-1.241386768964145,0.1390255503817966,1.439089735765366,0.9561426345802198,0.32087833621378925,-0.6995459574517972,1.0252730490848743,-0.2158167769441807,-0.854722568656716,-0.4014830678366994,2.1751117468100603,0.8859357335536329,2.0217868532785768,-0.26228616495138807
-0.2528514451092068,1.4921684025873263,-0.44405085732489,1.5258067406152223,0.19298993442390142,-0.07530092182353462,0.18867775913788085,-1.3285714867156304,1.466138571469309,-0.9098211008083231,0.5720279197353038,2.490765066104216,-0.45974649415900753,-2.1099055122962174,-2.1713681886236746,-0.26228616495138807
-1.830904006511895,0.6003212595944145,0.11578074020905407,1.5596306720843307,-1.6998198903985768,-0.8912189589787433,-0.5494421295359411,-1.8103782750879274,1.075657680214523,-0.9098211008083231,-0.854722568656716,2.490765066104216,2.1751117468100603,-0.1126780150629839,-0.07479066767254888,-0.26228616495138807
2.7400068609993364,0.11067969089242496,2.558682256720811,0.2574093105236726,0.003708951941653619,-0.1368796416088334,0.10054404108727528,1.9370078566966074,-1.7080931896986322,-0.9098211008083231,-0.854722568656716,2.490765066104216,2.1751117468100603,-0.1126780150629839,-0.07479066767254888,-0.26228616495138807
0.47268996243225886,-0.39644907669178,0.47203721136702026,-0.03009410696374335,-0.02783787847205435,-0.32161580096472975,0.2107111886505323,0.6521897543704833,-0.3729004647629111,-0.2158167769441807,-0.1413473244607061,-0.4014830678366994,-0.45974649415900753,-0.1126780150629839,-0.07479066767254888,-0.26228616495138807
1.053123088465432,0.005756497599142387,0.7434707132016591,0.7140323853566309,0.2245367648376094,-0.6449040798375483,0.6183296346345831,0.7726414514635566,-0.020208046855362302,-0.9098211008083231,-0.1413473244607061,2.490765066104216,-0.45974649415900753,-1.1112917636796007,-2.1713681886236746,-0.26228616495138807
0.01922658271884282,0.2505772819501359,1.5917004064349085,1.7118383636953176,-1.463218662295767,-1.3376646774221597,-0.06470668025761024,-0.17758860338180732,0.09315737318635064,-0.2158167769441807,-0.1413473244607061,-0.4014830678366994,-0.45974649415900753,-0.1126780150629839,-0.07479066767254888,-0.26228616495138807
1.6879718200642144,-0.6937314576894148,1.3372314984649336,-0.3514214559202702,0.2245367648376094,-0.29082644107208033,0.364945195239092,1.7764055939058432,-1.254631509531784,-0.9098211008083231,0.5720279197353038,2.490765066104216,-0.45974649415900753,-2.1099055122962174,-2.1713681886236746,-0.26228616495138807
-0.144020233977988,1.5096556014695393,-1.2753159566934753,0.32505717346188956,1.0605277708008705,1.0331160343118433,0.001393608280344013,-1.261653877219478,1.189023100256236,-0.2158167769441807,-0.1413473244607061,-0.4014830678366994,-0.45974649415900753,-0.1126780150629839,-0.07479066767254888,-0.26228616495138807
0.055503653095916615,-0.32650028116292323,-0.5797676082422094,-1.095547948240647,0.5873253145952511,0.7098277554390248,-0.09775682452658732,0.29083466309125977,-0.3854966225453247,-0.9098211008083231,-0.1413473244607061,2.490765066104216,-0.45974649415900753,-1.1112917636796007,-2.1713681886236746,-0.26228616495138807
-0.5430680081257946,-0.7811674521004844,-1.6824662094454337,0.20667341332001113,1.0920746012145786,-0.8758242790324187,1.389499667577382,0.19715000979664407,1.4031577825572465,-0.2158167769441807,0.5720279197353038,-0.4014830678366994,-0.45974649415900753,-1.1112917636796007,-0.07479066767254888,-0.26228616495138807
-0.724453360011161,-0.39644907669178,1.8970630959988777,-0.9433402566296599,-2.393850159500152,0.5096969161368037,-2.03669862163991,-0.23112269097873003,-2.111170238735832,-0.2158167769441807,-0.1413473244607061,-0.4014830678366994,-0.45974649415900753,-0.1126780150629839,-0.07479066767254888,-0.26228616495138807
1.4884479329903098,-1.2183474241558325,-0.6645905775655344,-0.672748804876797,1.9122921919709854,-0.46016792048165195,1.6649175364855247,2.0306925099912214,-0.007611889072950548,0.4781875469199617,-0.1413473244607061,-0.4014830678366994,-0.45974649415900753,0.8859357335536329,-0.07479066767254888,-0.26228616495138807
0.20061193460420923,-1.3057834185669022,0.5907893684196732,-0.5543650447349187,-0.37485301302284196,-0.6449040798375483,0.19969447389420658,1.1473800646420098,-0.8515544604945846,-0.2158167769441807,-0.1413473244607061,-0.4014830678366994,-0.45974649415900753,-0.1126780150629839,-0.07479066767254888,-0.26228616495138807
0.36385875130103745,-0.20408988898742525,-1.0717408303174951,0.22358537905456655,1.3129024141105343,-0.38319452075002847,1.1911988019635196,0.42466988208356277,0.9622922601728118,-0.2158167769441807,-0.1413473244607061,-0.4014830678366994,-0.45974649415900753,-0.1126780150629839,-0.07479066767254888,-0.26228616495138807
-0.4160982618060376,-1.2708090208024765,0.4381080236376898,1.694926397960762,-0.7691883931941916,-2.661607152806083,1.3674662380647307,0.665573276269713,0.9370999446079847,-0.2158167769441807,-0.1413473244607061,-0.4014830678366994,-0.45974649415900753,-0.1126780150629839,-0.07479066767254888,-0.26228616495138807
1.7242488904412856,0.1281668897746379,0.5568601806903452,1.491982809146116,0.9816606947666007,-1.2452965977442112,1.576783818434919,1.174147108440471,0.6977729467421488,-0.2158167769441807,-0.1413473244607061,-0.4014830678366994,-0.45974649415900753,-0.1126780150629839,-0.07479066767254888,-0.26228616495138807
-0.1258816987894498,-0.27403868451628194,-0.8342365162121842,-1.2308436741170783,0.666192390629521,0.8791692348485963,-0.16385711306454148,0.1168488784012638,-0.297323518068437,-0.2158167769441807,-0.1413473244607061,-0.4014830678366994,-0.45974649415900753,-0.1126780150629839,-0.07479066767254888,-0.26228616495138807
-0.2528514451092068,0.11067969089242496,-1.9369351174154084,-0.4528932503275932,1.5810504726270518,0.5096969161368037,0.7395134969541659,-0.2712732566764211,1.1008499957793483,-0.2158167769441807,-0.1413473244607061,-0.4014830678366994,-0.45974649415900753,-0.1126780150629839,-0.07479066767254888,-0.26228616495138807
-0.6156221488799396,0.2680644808323513,-0.6306613898362039,0.4096170021346595,0.05102919756221557,-0.1368796416088334,0.13359418535625237,-0.6593953917541061,0.773349893436623,-0.2158167769441807,-0.1413473244607061,-0.4014830678366994,-0.45974649415900753,-0.1126780150629839,-0.07479066767254888,-0.26228616495138807
-0.4523753321831114,0.09319249201021203,-1.2753159566934753,-1.3154035027898483,0.7923797122843528,1.2794309134530382,-0.3621579786784041,-0.4051084756687279,-0.03280420463777406,1.1721918707841041,-0.1413473244607061,-0.4014830678366994,-0.45974649415900753,1.8845494821702495,-0.07479066767254888,-0.26228616495138807
-1.1053625989704294,1.0025268338853344,-0.03690060457292937,0.460352899338321,-0.9269225452627314,0.4635128762978296,-0.9790940050326431,-1.5828584028010086,0.37027284439942354,-0.2158167769441807,-0.1413473244607061,-0.4014830678366994,-0.45974649415900753,-0.1126780150629839,-0.07479066767254888,-0.26228616495138807
3.2297473110898287,-0.7811674521004844,2.168496597833519,1.0184477685786024,0.7923797122843528,-1.614768916456004,1.7089843955108273,2.980922564836587,-0.8515544604945864,-0.2158167769441807,1.2854031639313137,-0.4014830678366994,-0.45974649415900753,-2.1099055122962174,-0.07479066767254888,-0.26228616495138807
0.4364128920551851,1.9293483746426745,1.6595587818935693,1.8809580210408574,-1.1635237733655412,-0.013722202038235855,-0.802826568931432,-1.1545857020256345,0.16873431988082477,-0.9098211008083231,0.5720279197353038,2.490765066104216,-0.45974649415900753,-2.1099055122962174,-2.1713681886236746,-0.26228616495138807
1.669833284875676,1.0025268338853344,-0.8003073284828538,0.3419691391964426,2.196213665694357,0.5712756359221025,1.1250985134255653,0.46482044778125575,0.8489268401310971,0.4781875469199617,0.5720279197353038,-0.4014830678366994,-0.45974649415900753,-0.1126780150629839,-0.07479066767254888,-0.26228616495138807
0.16433486422713542,0.4604236685367035,1.7613463450815583,0.12211358464724115,-1.494765492709475,0.294171396888258,-1.2545118739407857,-0.23112269097873003,-1.2168430361845468,0.4781875469199617,-0.854722568656716,-0.4014830678366994,2.1751117468100603,1.8845494821702495,2.0217868532785768,-0.26228616495138807
-0.8332845711423799,1.317296413765187,-0.39315707573089553,1.1199195629859278,-0.35907959781598797,0.14022459742501106,-0.3511412639220784,-1.6230089684987017,1.1260423113441735,-0.9098211008083231,0.5720279197353038,2.490765066104216,-0.45974649415900753,-2.1099055122962174,-2.1713681886236746,-0.26228616495138807
0.07364218828445222,-0.2915258833984949,0.09881614634439005,-0.7065727363459031,-0.02783787847205435,0.38653947656620613,-0.29605769014044986,0.27745114119202813,-0.5996313048463352,0.4781875469199617,0.5720279197353038,-0.4014830678366994,-0.45974649415900753,-0.1126780150629839,-0.07479066767254888,-0.26228616495138807
-0.01705048765823098,-0.30901308228071034,0.35328505431436485,-1.5521710230736028,-0.34330618260913404,1.1408787939361162,-1.0562110083269232,0.22391705359510733,-1.4183815607031458,0.4781875469199617,-0.854722568656716,-0.4014830678366994,2.1751117468100603,1.8845494821702495,2.0217868532785768,-0.26228616495138807
1.7605259608183594,-1.620552998446755,0.6077539622843396,0.1897614475854581,0.9658872795597466,-1.5993742365096792,1.8191515430740843,2.5392663421619814,-0.3099196758508488,-0.2158167769441807,1.2854031639313137,-0.4014830678366994,-0.45974649415900753,-2.1099055122962174,-0.07479066767254888,-0.26228616495138807
-0.2528514451092068,-0.06419229792971431,-0.9190594855355092,1.3566870832696822,0.634645560215813,-1.2914806375831853,1.3674662380647307,-0.13743803768411622,1.692869411552733,-0.2158167769441807,1.2854031639313137,-0.4014830678366994,-0.45974649415900753,-2.1099055122962174,-0.07479066767254888,-0.26228616495138807
-0.2528514451092068,1.1773988227074736,-1.2244221750994784,0.07137768744357965,0.9185670339391847,0.9715373145265445,-0.05368996550128448,-1.0876680925294802,0.96229226017281,-0.2158167769441807,-0.1413473244607061,-0.4014830678366994,-0.45974649415900753,-0.1126780150629839,-0.07479066767254888,-0.26228616495138807
0.03736511790737843,-1.1833730263914068,0.18363911566771499,-0.5881889762040271,-0.13825178492003223,-0.506351960320626,0.26579476243216077,0.9332437142543227,-0.5744389892815116,-0.9098211008083231,-0.1413473244607061,2.490765066104216,-0.45974649415900753,-1.1112917636796007,-2.1713681886236746,-0.26228616495138807
-0.5430680081257946,-1.3407578163313305,-0.6136967959715399,1.610366569287992,0.09834944318277751,-2.646212472859758,1.9623688349063186,0.62542271057202,1.6550809382054958,-0.2158167769441807,-0.1413473244607061,-0.4014830678366994,-0.45974649415900753,-0.1126780150629839,-0.07479066767254888,-0.26228616495138807
-1.4681333027411623,0.09319249201021203,-0.427086263460226,-0.5712770104694717,-0.8796022996421694,0.6020649958147519,-1.0451942935705976,-1.1545857020256345,-0.10838115133224815,-0.2158167769441807,-0.1413473244607061,-0.4014830678366994,-0.45974649415900753,-0.1126780150629839,-0.07479066767254888,-0.26228616495138807
-0.470513867371647,2.0342715679359573,-1.258351362828809,1.661102466491656,0.7608328818706448,0.2787767169419333,0.33189505097011496,-1.904062928382541,2.171523407284408,-0.2158167769441807,-0.854722568656716,-0.4014830678366994,2.1751117468100603,0.8859357335536329,2.0217868532785768,-0.26228616495138807
0.055503653095916615,0.5303724640655603,0.09881614634439005,0.49417683080742947,-0.04361129367890833,0.017067157854413532,-0.0426732507449588,-0.3649579099710349,0.2946958977049494,-0.9098211008083231,-0.1413473244607061,2.490765066104216,-0.45974649415900753,-1.1112917636796007,-2.1713681886236746,-0.26228616495138807
3.5018253389178784,-1.8478865839155356,2.117602816239522,0.10520161891268812,1.0763011860077245,-1.722531676080277,1.9844022644189698,3.998070229178105,-1.4939585073976198,0.4781875469199617,-0.854722568656716,-0.4014830678366994,2.1751117468100603,1.8845494821702495,2.0217868532785768,-0.26228616495138807
0.01922658271884282,0.18062848642128168,1.5068774371115836,-0.36833342165482325,-1.3843515862614972,0.494302236190479,-1.32061216247874,-0.1240545157848865,-1.3931892451383203,-0.2158167769441807,-0.1413473244607061,-0.4014830678366994,-0.45974649415900753,-0.1126780150629839,-0.07479066767254888,-0.26228616495138807
-0.8151460359538442,0.02324369648135532,1.2015147475476142,1.491982809146116,-1.8260072120534085,-1.3376646774221597,-0.3180911196531013,-0.619244826056415,0.21911895101047535,0.4781875469199617,-0.1413473244607061,-0.4014830678366994,-0.45974649415900753,0.8859357335536329,-0.07479066767254888,-0.26228616495138807
-1.1597782045360387,-0.4139362755739929,-1.1056700180468255,-0.28377359298205324,0.019482367148507602,-0.10609028171618401,0.08952732633094958,-0.538943694661031,0.609599842265263,-0.2158167769441807,-0.854722568656716,-0.4014830678366994,2.1751117468100603,0.8859357335536329,2.0217868532785768,-0.26228616495138807
0.7447679902603085,-0.046705099047501385,0.2514974911263735,-0.5881889762040271,0.4138177473198572,0.494302236190479,-0.0647066802576102,0.5852721448743309,-0.6248236204111605,-0.2158167769441807,-0.1413473244607061,-0.4014830678366994,-0.45974649415900753,-0.1126780150629839,-0.07479066767254888,-0.26228616495138807
-0.1258816987894498,1.6845275902916785,0.0648869586150596,1.7963981923680874,-0.16979861533374022,-0.1522743215551581,-0.009623106475981713,-1.3821055743125512,1.2897923625155354,-0.2158167769441807,-0.1413473244607061,-0.4014830678366994,-0.45974649415900753,-0.1126780150629839,-0.07479066767254888,-0.26228616495138807
-0.2891285154862806,-1.5506042029178984,-1.3092451444228035,-0.5036291475312571,0.9658872795597466,-0.906613638925068,1.3233993790394278,0.9733942799520139,0.5970036844828477,-0.2158167769441807,-0.1413473244607061,-0.4014830678366994,-0.45974649415900753,-0.1126780150629839,-0.07479066767254888,-0.26228616495138807
-0.470513867371647,1.4397068059406826,-1.4788910830694533,0.3419691391964426,0.9658872795597466,0.9561426345802198,-0.009623106475981738,-1.4490231838087038,1.3527731514275958,0.4781875469199617,-0.1413473244607061,-0.4014830678366994,-0.45974649415900753,0.8859357335536329,-0.07479066767254888,-0.26228616495138807
0.47268996243225886,-0.20408988898742525,0.28542667885570394,0.3927050364001065,0.14566968880333947,-0.5371413202132754,0.4861290575586748,0.5049710134789468,0.08056121540393889,1.1721918707841041,1.2854031639313137,-0.4014830678366994,-0.45974649415900753,-0.1126780150629839,-0.07479066767254888,-0.26228616495138807
0.23688900498128304,1.2823220160007587,-0.7833427346181898,-1.02790008530243,0.9343404491460388,2.0645595907155974,-0.8248599984440833,-0.8066141326456406,-0.18395809802672405,-0.2158167769441807,0.5720279197353038,-0.4014830678366994,-0.45974649415900753,-1.1112917636796007,-0.07479066767254888,-0.26228616495138807
-0.10774316360091418,-0.20408988898742525,-1.1226346119114896,1.4581588776770076,0.9501138643528927,-1.5070061568317312,1.7420345397798045,0.07669831270357082,1.9196002516361588,-0.2158167769441807,-0.1413473244607061,-0.4014830678366994,-0.45974649415900753,-0.1126780150629839,-0.07479066767254888,-0.26228616495138807
0.7629065254488441,-0.6937314576894148,0.930081245712973,-2.4823291384740727,-0.20134544574744817,1.648903232164831,-1.32061216247874,1.093845977045087,-2.5394396033378546,0.4781875469199617,1.2854031639313137,-0.4014830678366994,-0.45974649415900753,-1.1112917636796007,-0.07479066767254888,-0.26228616495138807
0.10991925866152602,0.16314128753906626,-0.07082979230225982,0.3081452077273365,0.16144310401019346,-0.1368796416088334,0.2107111886505323,-0.04375338438950243,0.2820997399225377,-0.2158167769441807,-0.1413473244607061,-0.4014830678366994,-0.45974649415900753,-0.1126780150629839,-0.07479066767254888,-0.26228616495138807
0.9624304125227486,-1.0434754353336932,0.30239127272037036,-1.0617240167715385,0.5557784841815431,0.04785651774706291,0.3539284804827663,1.5087351559212334,-1.015304511665948,-0.9098211008083231,-0.1413473244607061,2.490765066104216,-0.45974649415900753,-1.1112917636796007,-2.1713681886236746,-0.26228616495138807
-1.7583498657577474,0.3030388785967772,-0.3592278880015651,1.3228631518005762,-1.1950706037792491,-0.9374029988177174,-0.16385711306454148,-1.5293243152040858,1.2520038891682983,0.4781875469199617,-0.1413473244607061,-0.4014830678366994,-0.45974649415900753,0.8859357335536329,-0.07479066767254888,-0.26228616495138807
0.4364128920551851,1.2298604193541174,-0.5119092327835509,0.10520161891268812,0.8554733731117689,0.9869319944728692,-0.10877353928291299,-0.619244826056415,0.45844594887631296,-0.2158167769441807,-0.1413473244607061,-0.4014830678366994,-0.45974649415900753,-0.1126780150629839,-0.07479066767254888,-0.26228616495138807
-0.7607304303882322,-0.5538338666317039,-0.4949446389188845,-1.9411462349683466,-0.20134544574744817,1.2794309134530382,-1.0562110083269232,-0.13743803768411622,-1.0782853005780104,-0.2158167769441807,-0.854722568656716,-0.4014830678366994,2.1751117468100603,0.8859357335536329,2.0217868532785768,-0.26228616495138807
-0.216574374732133,1.1074500271786194,0.28542667885570394,0.1897614475854581,-0.45372008905711186,0.8021958351169729,-0.8909602869820377,-1.007366961134098,-0.0705926779850111,-0.9098211008083231,0.5720279197353038,2.490765066104216,-0.45974649415900753,-2.1099055122962174,-2.1713681886236746,-0.26228616495138807
-0.797007500765306,-0.046705099047501385,1.3033023107356032,-0.41906931885848714,-1.9048742880876786,0.3403554367272321,-1.5739966018742308,-0.5523272165602606,-1.2798238250966092,-0.2158167769441807,-0.1413473244607061,-0.4014830678366994,-0.45974649415900753,-0.1126780150629839,-0.07479066767254888,-0.26228616495138807
0.25502754016981866,-0.08167949681192725,-0.9190594855355092,1.3397751175351291,1.0763011860077245,-1.2914806375831853,1.6759342512418502,0.2506840973935668,1.680273253770321,0.4781875469199617,-0.1413473244607061,-0.4014830678366994,-0.45974649415900753,0.8859357335536329,-0.07479066767254888,-0.26228616495138807
0.9624304125227486,0.1456540886568533,-1.2244221750994784,-0.6220129076731331,1.9753858527984014,0.6944330754927001,0.8827307887864,0.5986556667735605,0.44584979109389944,-0.2158167769441807,-0.854722568656716,-0.4014830678366994,2.1751117468100603,0.8859357335536329,2.0217868532785768,-0.26228616495138807
-0.10774316360091418,-0.37896187780956453,0.6416831500136702,-0.77422059928412,-0.6903213171599217,0.37114479661988153,-0.7477429951498036,0.21053353169587571,-1.0530929850131852,-0.2158167769441807,-0.854722568656716,-0.4014830678366994,2.1751117468100603,0.8859357335536329,2.0217868532785768,-0.26228616495138807
0.01922658271884282,-1.6030657995645397,-0.3252987002722346,0.07137768744357965,0.3191772560787333,-1.4762167969390818,1.2793325200141252,1.2410647179366237,0.2946958977049494,-0.2158167769441807,0.5720279197353038,-0.4014830678366994,-0.45974649415900753,-1.1112917636796007,-0.07479066767254888,-0.26228616495138807
-1.8853196120775044,1.5621171981161805,-0.3761924818662291,0.3081452077273365,-1.289711095020373,1.0946947540971421,-1.684163749437488,-2.586622545243295,0.5088305800059618,-0.2158167769441807,-0.1413473244607061,-0.4014830678366994,-0.45974649415900753,-0.1126780150629839,-0.07479066767254888,-0.26228616495138807
-0.05332755803530478,-0.08167949681192725,-0.7494135468888593,0.9000640084367263,0.6504189754226669,-0.8912189589787433,1.092048369156588,0.02316422510664811,1.226811573603473,-0.2158167769441807,-0.854722568656716,-0.4014830678366994,2.1751117468100603,0.8859357335536329,2.0217868532785768,-0.26228616495138807
-1.177916739724577,1.474681203705111,1.2693731230062728,1.830222123837196,-2.204569177017904,-0.36779984080370376,-1.276545303453437,-1.9977475816771548,0.4206574755290759,1.1721918707841041,-0.1413473244607061,-0.4014830678366994,-0.45974649415900753,1.8845494821702495,-0.07479066767254888,-0.26228616495138807
-0.07146609322384039,-0.6762442588072018,-0.5119092327835509,1.3059511860660207,0.4138177473198572,-1.7841103958655757,1.5657671036785932,0.46482044778125575,1.3527731514275976,-0.2158167769441807,-0.1413473244607061,-0.4014830678366994,-0.45974649415900753,-0.1126780150629839,-0.07479066767254888,-0.26228616495138807
-0.03518902284676659,-0.8511162476293411,-1.2244221750994784,1.5258067406152223,1.1078480164214324,-2.1381880346310433,2.3038869923524152,0.6254227105720219,2.0455618294602815,-0.2158167769441807,-0.854722568656716,-0.4014830678366994,2.1751117468100603,0.8859357335536329,2.0217868532785768,-0.26228616495138807
-0.18029730435506178,3.083503500868793,-0.9869178609941701,1.931693918244519,0.7608328818706448,0.9561426345802198,-0.15284039830821583,-2.4929378919486833,2.171523407284408,-0.2158167769441807,0.5720279197353038,-0.4014830678366994,-0.45974649415900753,-1.1112917636796007,-0.07479066767254888,-0.26228616495138807
0.6177982439405515,-0.029217900165285967,-0.9190594855355092,1.5934546035534392,1.3917694901448041,-1.4762167969390818,2.028469123444273,0.47820396968048545,1.8692156205065082,-0.2158167769441807,-0.1413473244607061,-0.4014830678366994,-0.45974649415900753,-0.1126780150629839,-0.07479066767254888,-0.26228616495138807
0.10991925866152602,-0.22157708786964067,0.08185155247972362,-1.095547948240647,0.019482367148507602,0.8021958351169729,-0.5604588442922667,0.2506840973935687,-0.8767467760594099,-0.2158167769441807,-0.854722568656716,-0.4014830678366994,2.1751117468100603,0.8859357335536329,2.0217868532785768,-0.26228616495138807
0.8354606662029916,-1.8653737827977486,1.1506209659536197,-0.5036291475312571,-0.34330618260913404,-1.1837178779589126,0.6073129198782574,2.044076031890453,-1.2294391939669604,0.4781875469199617,-0.1413473244607061,-0.4014830678366994,-0.45974649415900753,0.8859357335536329,-0.07479066767254888,-0.26228616495138807
-0.23471290992067118,1.2298604193541174,-1.4788910830694533,0.4096170021346595,1.1709416772488486,0.7098277554390248,0.30986162145746354,-1.1144351363279434,1.4031577825572465,0.4781875469199617,-0.1413473244607061,-0.4014830678366994,-0.45974649415900753,0.8859357335536329,-0.07479066767254888,-0.26228616495138807
0.9987074828998199,-0.32650028116292323,0.1327453340737205,-0.16538983284017722,0.7450594666637909,-0.1368796416088334,0.6183296346345831,0.9867778018512435,-0.2217465713739629,-0.2158167769441807,-0.1413473244607061,-0.4014830678366994,-0.45974649415900753,-0.1126780150629839,-0.07479066767254888,-0.26228616495138807
0.8535992013915272,-0.6587570599249889,-0.34226329413690104,1.4581588776770076,1.0605277708008705,-1.9072678354361732,2.1055861267385527,1.13399654274278,1.340176993645186,-0.2158167769441807,-0.854722568656716,-0.4014830678366994,2.1751117468100603,0.8859357335536329,2.0217868532785768,-0.26228616495138807
0.8898762717686011,-0.06419229792971431,0.5229309929610148,-0.09774196990196028,0.28763042566502534,0.03246183780073822,0.17766104438155517,0.7057238419674041,-0.46107356923979875,0.4781875469199617,-0.854722568656716,-0.4014830678366994,2.1751117468100603,1.8845494821702495,2.0217868532785768,-0.26228616495138807
-1.867181076888969,0.7227316517699125,-0.29136951254290416,-0.841868462222337,-1.3528047558477891,1.4025883530236358,-1.9485649035893045,-1.9308299721810025,-0.41068893811014995,-0.2158167769441807,-0.854722568656716,-0.4014830678366994,2.1751117468100603,0.8859357335536329,2.0217868532785768,-0.26228616495138807
-0.5612065433143302,0.11067969089242496,-1.1904929873701504,0.7478563168257394,0.6188721450089589,-0.5833253600522494,0.8496806445174229,-0.49879312896333977,1.4409462559044852,-0.2158167769441807,-0.1413473244607061,-0.4014830678366994,-0.45974649415900753,-0.1126780150629839,-0.07479066767254888,-0.26228616495138807
0.27316607535835424,2.7337595232245144,-0.5967322021068758,2.455964856015692,0.7923797122843528,0.17101395731766045,0.43104548377704627,-1.8906794064833115,2.2722926695437073,-0.2158167769441807,-0.1413473244607061,-0.4014830678366994,-0.45974649415900753,-0.1126780150629839,-0.07479066767254888,-0.26228616495138807
-0.4160982618060376,-0.37896187780956453,1.2354439352769446,-1.0786359825060914,-1.510538907916329,0.6482490356537259,-1.5189130280926024,-0.016986340591042974,-1.7206893474810456,-0.2158167769441807,-0.1413473244607061,-0.4014830678366994,-0.45974649415900753,-0.1126780150629839,-0.07479066767254888,-0.26228616495138807
0.09178072347298784,-0.5188594688672755,-0.2404757309489097,-1.3154035027898483,0.3034038408718793,0.7406171153316741,-0.3180911196531013,0.4648204477812538,-0.8011698293649357,-0.2158167769441807,0.5720279197353038,-0.4014830678366994,-0.45974649415900753,-1.1112917636796007,-0.07479066767254888,-0.26228616495138807
-0.5430680081257946,-1.8653737827977486,0.33632046044969843,-0.36833342165482325,-0.7849618084010456,-1.30687531752951,0.38697862475174344,1.0269283675489347,-0.5240543581518593,-0.2158167769441807,-0.1413473244607061,-0.4014830678366994,-0.45974649415900753,-0.1126780150629839,-0.07479066767254888,-0.26228616495138807
-0.9421157822735986,-0.4314234744562058,1.4899128432469195,-0.43598128459304014,-2.204569177017904,0.017067157854413532,-1.5519631723615797,-0.3649579099710349,-1.4309777184855592,-0.2158167769441807,-0.1413473244607061,-0.4014830678366994,-0.45974649415900753,-0.1126780150629839,-0.07479066767254888,-0.26228616495138807
1.9600498478922639,1.7719635847027482,0.4381080236376898,2.1008135755900588,1.29712899890368,-0.35240516085737905,1.1581486576945423,0.09008183460280245,1.2394077313858847,-0.2158167769441807,-0.1413473244607061,-0.4014830678366994,-0.45974649415900753,-0.1126780150629839,-0.07479066767254888,-0.26228616495138807
0.8535992013915272,-1.760450589504466,0.08185155247972362,-0.7403966678150116,0.666192390629521,-0.8758242790324187,1.092048369156588,1.9771584223943004,-0.6122274626287469,-0.9098211008083231,-0.854722568656716,2.490765066104216,2.1751117468100603,-0.1126780150629839,-0.07479066767254888,-0.26228616495138807
0.4364128920551851,0.8626292428276234,0.09881614634439005,-0.43598128459304014,0.28763042566502534,1.1562734738824407,-0.6265591328302208,-0.33819086617257355,-0.39809278032773643,-0.2158167769441807,-0.854722568656716,-0.4014830678366994,2.1751117468100603,0.8859357335536329,2.0217868532785768,-0.26228616495138807
0.4364128920551851,0.9675524361209085,0.828293682524984,-1.3830513657280628,-0.39062642822969595,2.1107436305545715,-1.783314182244419,-0.41849199756795763,-1.6451124007865698,-0.9098211008083231,-0.1413473244607061,2.490765066104216,-0.45974649415900753,-1.1112917636796007,-2.1713681886236746,-0.26228616495138807
3.066500494392998,-0.13414109345857103,2.6435052260441356,-1.044812051036983,0.20876334963075543,0.8329851950096223,-0.4502916967290097,2.3652805574719853,-2.7409781278564536,-0.2158167769441807,0.5720279197353038,-0.4014830678366994,-0.45974649415900753,-1.1112917636796007,-0.07479066767254888,-0.26228616495138807
1.21636990516226,0.49539806630113187,0.845258276389648,-0.6051009419385801,0.27185701045817134,0.9869319944728692,-0.5163919852669638,0.5183545353781766,-1.0782853005780086,-0.2158167769441807,-0.1413473244607061,-0.4014830678366994,-0.45974649415900753,-0.1126780150629839,-0.07479066767254888,-0.26228616495138807
2.2139893405317754,-0.39644907669178,0.6416831500136702,-1.1124599139751998,1.3286758293173881,0.6636437156000506,0.45307891328969774,1.9370078566966094,-1.3050161406614345,0.4781875469199617,1.2854031639313137,-0.4014830678366994,-0.45974649415900753,-1.1112917636796007,-0.07479066767254888,-0.26228616495138807
-0.3979597266174994,1.072475629414191,-0.41012166959555957,0.05446572170902662,0.03525578235536159,0.894563914794921,-0.6155424180738952,-1.1144351363279414,0.3450805288346,0.4781875469199617,0.5720279197353038,-0.4014830678366994,-0.45974649415900753,-0.1126780150629839,-0.07479066767254888,-0.26228616495138807
0.01922658271884282,0.40796207189006223,0.28542667885570394,-0.06391803843285182,-0.24866569136801012,0.41732883645885555,-0.472325126241661,-0.29804030047488245,-0.25953504472119815,1.8661961946482464,1.2854031639313137,-0.4014830678366994,-0.45974649415900753,0.8859357335536329,-0.07479066767254888,-0.26228616495138807
-0.5793450785028659,0.8101676461809821,-0.9699532671295037,-0.3514214559202702,0.3980443321130032,1.0331160343118433,-0.46130841148533536,-1.0475175268317891,0.4584459488763112,1.1721918707841041,1.2854031639313137,-0.4014830678366994,-0.45974649415900753,-0.1126780150629839,-0.07479066767254888,-0.26228616495138807
0.20061193460420923,-1.8129121861511073,0.6586477438783341,-0.3345094901857172,-0.4379466738502579,-1.2914806375831853,0.6183296346345831,1.5355021997196947,-0.7381890404528734,1.1721918707841041,1.2854031639313137,-0.4014830678366994,-0.45974649415900753,-0.1126780150629839,-0.07479066767254888,-0.26228616495138807
-0.216574374732133,-0.7287058554538431,-0.9699532671295037,1.5258067406152223,0.7135126362500829,-2.030425275006771,1.9513521201499928,0.3979028382851033,1.8566194627240946,1.1721918707841041,1.9987784081273234,-0.4014830678366994,-0.45974649415900753,-1.1112917636796007,-0.07479066767254888,-0.26228616495138807
-1.0328084582162818,-1.9702969760910336,1.4220544677882585,-0.9264282908951069,-2.220342592224758,-0.8912189589787433,-0.912993716494689,0.745874407665097,-1.745881663045871,1.1721918707841041,1.2854031639313137,-0.4014830678366994,-0.45974649415900753,-0.1126780150629839,-0.07479066767254888,-0.26228616495138807
2.1051581294005564,0.7577060495343408,2.355107130344833,-0.23303769577839176,-0.35907959781598797,0.8791692348485963,-0.879943572225712,0.9733942799520139,-1.9222278719996444,1.1721918707841041,1.2854031639313137,-0.4014830678366994,-0.45974649415900753,-0.1126780150629839,-0.07479066767254888,-0.26228616495138807
-0.34354412105189003,0.040730895363568255,-1.0717408303174951,0.15593751611634962,0.6977392210432289,-0.10609028171618401,0.5632460608529547,-0.28465677857565086,0.9119076290431612,1.1721918707841041,1.2854031639313137,-0.4014830678366994,-0.45974649415900753,-0.1126780150629839,-0.07479066767254888,-0.26228616495138807
0.5815211735634777,0.9150908394742647,2.0667090346455277,0.3927050364001065,-1.415898416675205,0.44811819635150496,-1.309595447722414,-0.2712732566764211,-1.2420353517493703,1.8661961946482464,1.9987784081273234,-0.4014830678366994,-0.45974649415900753,-0.1126780150629839,-0.07479066767254888,-0.26228616495138807
-1.5951030490609193,-0.5713210655139193,-0.29136951254290416,1.3397751175351291,-1.116203527744979,-1.722531676080277,0.45307891328969774,-0.7396965231494882,1.2142154158210594,1.1721918707841041,1.2854031639313137,-0.4014830678366994,-0.45974649415900753,-0.1126780150629839,-0.07479066767254888,-0.26228616495138807
-1.0509469934048201,1.457194004822898,-1.1056700180468255,-1.129371879709753,0.11412285838963149,2.3108744698567927,-1.5739966018742308,-1.8906794064833115,-0.020208046855360512,1.1721918707841041,1.2854031639313137,-0.4014830678366994,-0.45974649415900753,-0.1126780150629839,-0.07479066767254888,-0.26228616495138807
0.001088047530304632,-0.7287058554538431,0.828293682524984,0.20667341332001113,-0.7691883931941916,-0.8296402391934445,0.0564771820619724,0.5585051010758676,-0.46107356923979875,1.1721918707841041,1.2854031639313137,-0.4014830678366994,-0.45974649415900753,-0.1126780150629839,-0.07479066767254888,-0.26228616495138807
2.5404829739254344,2.838682716517797,0.81132908866032,2.439052890281139,1.4548631509722199,0.2787767169419333,0.8166305002484456,-0.29804030047488245,1.2142154158210594,-0.2158167769441807,0.5720279197353038,-0.4014830678366994,-0.45974649415900753,-1.1112917636796007,-0.07479066767254888,-0.26228616495138807
-0.470513867371647,0.7052444528876995,-0.7833427346181898,-0.48671718179670165,0.3191772560787333,1.0639053942044927,-0.5384254147796153,-0.8869152640410247,0.21911895101047535,-0.2158167769441807,0.5720279197353038,-0.4014830678366994,-0.45974649415900753,-1.1112917636796007,-0.07479066767254888,-0.26228616495138807
-0.1258816987894498,0.02324369648135532,-0.6476259837008703,-0.5712770104694717,0.4926848233541271,0.5404862760294531,-0.04267325074495877,-0.11067099388565486,0.05536889983911359,1.1721918707841041,0.5720279197353038,-0.4014830678366994,-0.45974649415900753,0.8859357335536329,-0.07479066767254888,-0.26228616495138807
-0.05332755803530478,-0.9560394409226237,0.08185155247972362,-1.095547948240647,-0.12247836971317826,0.15561927737133577,-0.1969072573335186,0.6923403200681725,-0.8767467760594099,-0.2158167769441807,-0.1413473244607061,-0.4014830678366994,-0.45974649415900753,-0.1126780150629839,-0.07479066767254888,-0.26228616495138807
0.49082849762079445,-0.39644907669178,-0.10475898003159027,-0.6896607706113501,0.5242316537678351,0.2787767169419333,0.1666443296252294,0.665573276269713,-0.4358812536749735,-0.2158167769441807,-0.1413473244607061,-0.4014830678366994,-0.45974649415900753,-0.1126780150629839,-0.07479066767254888,-0.26228616495138807
0.6177982439405515,0.8626292428276234,-0.10475898003159027,0.9677118713749409,0.634645560215813,-0.12148496166250872,0.5301959165839776,-0.20435564718026866,0.7985422090014482,0.4781875469199617,1.2854031639313137,-0.4014830678366994,-0.45974649415900753,-1.1112917636796007,-0.07479066767254888,-0.26228616495138807
1.089400158842503,1.7544763858205352,0.28542667885570394,2.2530212672010457,0.6819658058363749,-0.506351960320626,0.838663929761097,-0.5389436946610329,1.4661385714693107,-0.2158167769441807,-0.1413473244607061,-0.4014830678366994,-0.45974649415900753,-0.1126780150629839,-0.07479066767254888,-0.26228616495138807
-1.7039342601921381,0.1456540886568533,-0.427086263460226,0.37579307066555107,-1.0846566973312712,-0.21385304134045688,-0.6045257033175695,-1.3687220524133217,0.5970036844828495,-0.2158167769441807,-0.1413473244607061,-0.4014830678366994,-0.45974649415900753,-0.1126780150629839,-0.07479066767254888,-0.26228616495138807
1.379616721859091,0.1456540886568533,-0.9529886732648396,0.49417683080742947,2.0857997592463793,-0.32161580096472975,1.6869509659981758,0.9064766704558614,1.075657680214523,-0.2158167769441807,-0.1413473244607061,-0.4014830678366994,-0.45974649415900753,-0.1126780150629839,-0.07479066767254888,-0.26228616495138807
-1.0328084582162818,-0.32650028116292323,1.014904215036298,-1.213931708382523,-1.8417806272602626,0.8175905150632975,-1.8714479002950244,-0.5121766508625695,-1.6577085585689815,-0.2158167769441807,-0.1413473244607061,-0.4014830678366994,-0.45974649415900753,-0.1126780150629839,-0.07479066767254888,-0.26228616495138807
-1.7946269361348213,-0.2915258833984949,-0.9190594855355092,-1.0786359825060914,-0.7060947323667757,0.7252224353853494,-1.0121441493016203,-1.101051614428712,-0.1209773091146617,-0.2158167769441807,-0.1413473244607061,-0.4014830678366994,-0.45974649415900753,-0.1126780150629839,-0.07479066767254888,-0.26228616495138807
-0.670037754445549,-0.18660269010521233,1.0318688089009644,0.02064179023991815,-1.542085738330037,-0.18306368144780746,-0.9460438607636662,-0.3515743880718033,-0.7507851982352851,-0.2158167769441807,-0.1413473244607061,-0.4014830678366994,-0.45974649415900753,-0.1126780150629839,-0.07479066767254888,-0.26228616495138807
-1.0509469934048201,-1.2882962196846894,1.2524085291416087,-0.21612573004383873,-2.078381855363072,-0.9374029988177174,-0.7807931394187805,0.21053353169587571,-1.0908814583604223,-0.2158167769441807,-0.1413473244607061,-0.4014830678366994,-0.45974649415900753,-0.1126780150629839,-0.07479066767254888,-0.26228616495138807
1.053123088465432,0.8451420439454105,0.08185155247972362,2.4052289588120326,0.8396999579049147,-1.4454274370464324,1.6208506774602218,0.13023240030049354,1.7306578848999736,-0.2158167769441807,-0.1413473244607061,-0.4014830678366994,-0.45974649415900753,-0.1126780150629839,-0.07479066767254888,-0.26228616495138807
1.1619542995966508,-1.1483986286269785,0.09881614634439005,1.3735990490042376,0.9185670339391847,-2.261345474201641,2.2598201333271124,1.7362550282081521,0.9496961023903983,-0.2158167769441807,-0.1413473244607061,-0.4014830678366994,-0.45974649415900753,-0.1126780150629839,-0.07479066767254888,-0.26228616495138807
-1.6676571898150643,2.873657114282228,1.3202669046002695,2.134637507059167,-2.6777716332235237,0.5866703158684271,-2.2900830610354013,-3.4297844248948173,0.6095998422652612,0.4781875469199617,1.2854031639313137,-0.4014830678366994,-0.45974649415900753,-1.1112917636796007,-0.07479066767254888,-0.26228616495138807
-0.4160982618060376,0.02324369648135532,1.1166917782242893,-0.16538983284017722,-1.400125001468351,0.17101395731766045,-1.100277867352226,-0.32480734427334385,-0.9523237227538858,0.4781875469199617,0.5720279197353038,-0.4014830678366994,-0.45974649415900753,-0.1126780150629839,-0.07479066767254888,-0.26228616495138807
1.8693571719495807,-0.15162829234078395,2.40600091193883,-0.03009410696374335,-0.6114542411256517,-0.10609028171618401,-0.3511412639220784,1.4953516340220037,-1.8088624519579333,0.4781875469199617,0.5720279197353038,-0.4014830678366994,-0.45974649415900753,-0.1126780150629839,-0.07479066767254888,-0.26228616495138807
2.3409590868515324,-0.8686034465115541,1.3033023107356032,-0.06391803843285182,0.8239265426980608,-0.706482799622847,1.0810316544002625,2.392047601270445,-1.0153045116659463,1.1721918707841041,0.5720279197353038,-0.4014830678366994,-0.45974649415900753,0.8859357335536329,-0.07479066767254888,-0.26228616495138807
0.7447679902603085,0.9675524361209085,0.896152057983645,-0.03009410696374335,-0.18557203054059418,0.8791692348485963,-0.7587597099061293,-0.19097212528103893,-0.6878044093232228,0.4781875469199617,0.5720279197353038,-0.4014830678366994,-0.45974649415900753,-0.1126780150629839,-0.07479066767254888,-0.26228616495138807
0.20061193460420923,0.005756497599142387,-0.25744032481357615,0.20667341332001113,0.4138177473198572,-0.18306368144780746,0.42002876902072056,0.14361592219972327,0.3450805288346,0.4781875469199617,0.5720279197353038,-0.4014830678366994,-0.45974649415900753,-0.1126780150629839,-0.07479066767254888,-0.26228616495138807
0.21875046979274484,-0.08167949681192725,-0.29136951254290416,-1.5859949545427112,0.46113799294041913,1.3717989931309862,-0.6596092770991978,0.22391705359510544,-0.9649198805362975,1.1721918707841041,0.5720279197353038,-0.4014830678366994,-0.45974649415900753,0.8859357335536329,-0.07479066767254888,-0.26228616495138807
1.5247250033673836,-0.3439874800451362,-0.002971416843601321,-0.7065727363459031,1.3286758293173881,0.3403554367272321,0.6844299231725374,1.3882834588281583,-0.5240543581518593,0.4781875469199617,0.5720279197353038,-0.4014830678366994,-0.45974649415900753,-0.1126780150629839,-0.07479066767254888,-0.26228616495138807
1.4158937922361647,0.49539806630113187,0.23453289726170948,2.3037571644047072,1.0132075251803085,-1.660952956294978,1.8962685463683642,0.665573276269713,1.5417155181637847,0.4781875469199617,0.5720279197353038,-0.4014830678366994,-0.45974649415900753,-0.1126780150629839,-0.07479066767254888,-0.26228616495138807
1.6516947496871406,-1.4806554073890414,-0.12172357389625431,0.7816802482948478,1.549503642213344,-2.015030595060446,2.5242212874789294,2.3518970355727538,0.6725806311773236,0.4781875469199617,0.5720279197353038,-0.4014830678366994,-0.45974649415900753,-0.1126780150629839,-0.07479066767254888,-0.26228616495138807
-1.867181076888969,0.40796207189006223,-1.0378116425881645,0.05446572170902662,-0.6587744867462137,0.3095660768345827,-0.6816427066118493,-1.689926577994854,0.8111383667838619,0.4781875469199617,0.5720279197353038,-0.4014830678366994,-0.45974649415900753,-0.1126780150629839,-0.07479066767254888,-0.26228616495138807
-0.08960462841237857,-1.3932194129779718,-1.173528393505484,-0.14847786710562177,1.0132075251803085,-1.0913497982809643,1.4886501003843133,1.0001613237504734,0.7607537356542112,0.4781875469199617,0.5720279197353038,-0.4014830678366994,-0.45974649415900753,-0.1126780150629839,-0.07479066767254888,-0.26228616495138807
-0.8151460359538442,-0.6237826621605606,-1.0717408303174951,1.2213913573932507,0.28763042566502534,-1.660952956294978,1.389499667577382,-0.1240545157848865,1.7054655693351464,0.4781875469199617,0.5720279197353038,-0.4014830678366994,-0.45974649415900753,-0.1126780150629839,-0.07479066767254888,-0.26228616495138807
0.16433486422713542,-0.8161418498649128,-0.3761924818662291,-0.791132565018673,0.4926848233541271,0.0016724779080888352,0.34291176572644066,0.7458744076650952,-0.3099196758508488,1.1721918707841041,-0.854722568656716,-0.4014830678366994,2.1751117468100603,2.883163230786866,2.0217868532785768,-0.26228616495138807
0.055503653095916615,0.7052444528876995,-0.6985197652948648,0.8662400769676178,0.6977392210432289,-0.16766900150148278,0.6073129198782574,-0.49879312896333977,1.1638307846914107,-0.9098211008083231,-0.854722568656716,2.490765066104216,2.1751117468100603,-0.1126780150629839,-0.07479066767254888,-0.26228616495138807
0.16433486422713542,0.7577060495343408,-0.34226329413690104,1.0691836657822662,0.46113799294041913,-0.30622112101840504,0.5412126313403032,-0.4586425632656487,1.0504653646496995,1.1721918707841041,1.2854031639313137,-0.4014830678366994,-0.45974649415900753,-0.1126780150629839,-0.07479066767254888,-0.26228616495138807
0.29130461054689244,-0.046705099047501385,-0.019936010708265343,-0.875692393691443,0.27185701045817134,0.7560117952779988,-0.3511412639220784,0.2506840973935687,-0.6374197781935722,-0.9098211008083231,1.9987784081273234,2.490765066104216,-0.45974649415900753,-4.10713300952945,-2.1713681886236746,-0.26228616495138807
-0.36168265624042817,0.23309008306792298,0.5398955868256787,0.2912332419927811,-0.8165086388147536,-0.059906241877209936,-0.5274087000232897,-0.445259041366419,-0.18395809802672405,-0.9098211008083231,-0.854722568656716,2.490765066104216,2.1751117468100603,-0.1126780150629839,-0.07479066767254888,-0.26228616495138807
-1.286747950855796,0.3030388785967772,0.6077539622843396,-0.48671718179670165,-1.6840464751917226,0.7098277554390248,-1.684163749437488,-1.181352745824094,-0.8137659871473475,-0.2158167769441807,-0.854722568656716,-0.4014830678366994,2.1751117468100603,0.8859357335536329,2.0217868532785768,-0.26228616495138807
2.359097622040068,2.85616991540001,1.371160686194264,2.0839016098555057,0.7766062970774988,0.6174596757610765,0.10054404108727534,-0.4452590413664171,0.5340228955707871,-0.2158167769441807,-0.1413473244607061,-0.4014830678366994,-0.45974649415900753,-0.1126780150629839,-0.07479066767254888,-0.26228616495138807
-1.7946269361348213,0.4254492707722752,0.6756123377429982,0.27432127625822805,-2.1887957618110505,0.12482991747868638,-1.6180634608995337,-1.649776012297161,-0.2973235180684352,-0.2158167769441807,-0.1413473244607061,-0.4014830678366994,-0.45974649415900753,-0.1126780150629839,-0.07479066767254888,-0.26228616495138807
0.41827435686664943,-0.18660269010521233,0.030957770885729135,0.8831520427021708,0.3349506712855873,-0.9681923587103668,0.9267976478117027,0.451436925882026,0.6347921578300866,-0.2158167769441807,-0.1413473244607061,-0.4014830678366994,-0.45974649415900753,-0.1126780150629839,-0.07479066767254888,-0.26228616495138807
0.5996597087520158,0.02324369648135532,2.7452927892321295,-0.04700607269829879,-2.0310616097425105,0.0632511976933876,-1.463829454310974,0.42466988208356465,-2.0733817653885964,-0.2158167769441807,-0.1413473244607061,-0.4014830678366994,-0.45974649415900753,-0.1126780150629839,-0.07479066767254888,-0.26228616495138807
-0.9421157822735986,-1.9702969760910336,-1.4788910830694533,-0.8249564964877816,0.5557784841815431,-0.9835870386566914,1.092048369156588,0.8127920171612495,0.4836382644411365,-0.2158167769441807,-0.1413473244607061,-0.4014830678366994,-0.45974649415900753,-0.1126780150629839,-0.07479066767254888,-0.26228616495138807
-0.216574374732133,1.0200140327675498,-0.6985197652948648,0.12211358464724115,0.46113799294041913,0.7868011551706482,-0.24097411635882143,-0.9404493516379455,0.6095998422652612,-0.9098211008083231,-0.1413473244607061,2.490765066104216,-0.45974649415900753,-1.1112917636796007,-2.1713681886236746,-0.26228616495138807
-0.16215876916652358,1.8593995791138178,0.5907893684196732,2.455964856015692,-0.6903213171599217,-0.5987200399985741,-0.053689965501284534,-1.5427078371033176,1.3905616247748347,-0.2158167769441807,-0.1413473244607061,-0.4014830678366994,-0.45974649415900753,-0.1126780150629839,-0.07479066767254888,-0.26228616495138807
-1.2504708804787221,1.6670403914094656,1.7104525634875638,-0.01318214122919032,-2.6777716332235237,1.4795617527552594,-2.9290525169022916,-2.1985004101656123,-1.2798238250966092,-0.2158167769441807,-0.1413473244607061,-0.4014830678366994,-0.45974649415900753,-0.1126780150629839,-0.07479066767254888,-0.26228616495138807
0.20061193460420923,1.317296413765187,-0.019936010708265343,-0.03009410696374335,0.19298993442390142,1.1870628337750901,-0.7146928508808265,-0.8601482202425634,-0.007611889072948758,-0.2158167769441807,-0.854722568656716,-0.4014830678366994,2.1751117468100603,0.8859357335536329,2.0217868532785768,-0.26228616495138807
0.36385875130103745,-0.2915258833984949,0.09881614634439005,0.47726486507287647,0.2245367648376094,-0.6910881196765223,0.6513797789035601,0.4915874915797152,0.2820997399225377,-0.9098211008083231,-0.1413473244607061,2.490765066104216,-0.45974649415900753,-1.1112917636796007,-2.1713681886236746,-0.26228616495138807
-0.8151460359538442,-1.4631682085068287,0.2684620849910399,0.37579307066555107,-0.9584693756764393,-1.6301635964023289,0.49714577231500057,0.5183545353781766,0.0805612154039371,0.4781875469199617,-0.854722568656716,-0.4014830678366994,2.1751117468100603,1.8845494821702495,2.0217868532785768,-0.26228616495138807
0.23688900498128304,1.6495531925272502,0.9640104334423034,0.07137768744357965,-0.6903213171599217,1.3871936730773111,-1.4748461690672996,-1.0876680925294802,-0.6626120937583975,-0.2158167769441807,0.5720279197353038,-0.4014830678366994,-0.45974649415900753,-1.1112917636796007,-0.07479066767254888,-0.26228616495138807
0.38199728648957565,-0.9735266398048391,-0.2404757309489097,-0.77422059928412,0.5557784841815431,-0.1522743215551581,0.49714577231500046,1.0269283675489365,-0.39809278032773643,-0.2158167769441807,-0.1413473244607061,-0.4014830678366994,-0.45974649415900753,-0.1126780150629839,-0.07479066767254888,-0.26228616495138807
0.3275816809239662,-0.32650028116292323,-0.13868816776092074,-1.5690829888081583,0.4138177473198572,1.1408787939361162,-0.5274087000232895,0.4915874915797171,-1.065689142795597,-0.2158167769441807,0.5720279197353038,-0.4014830678366994,-0.45974649415900753,-1.1112917636796007,-0.07479066767254888,-0.26228616495138807
0.23688900498128304,0.8801164417098388,-0.7494135468888593,0.9169759741712793,0.9027936187323308,-0.059906241877209936,0.6734132084162116,-0.49879312896333977,1.2394077313858847,-0.2158167769441807,-0.1413473244607061,-0.4014830678366994,-0.45974649415900753,-0.1126780150629839,-0.07479066767254888,-0.26228616495138807
-0.216574374732133,0.4604236685367035,0.7604353070663231,0.12211358464724115,-0.8953757148490235,0.294171396888258,-0.8358767132004091,-0.5121766508625695,-0.4736697270222105,-0.2158167769441807,-0.1413473244607061,-0.4014830678366994,-0.45974649415900753,-0.1126780150629839,-0.07479066767254888,-0.26228616495138807
0.34572021611250187,1.4397068059406826,0.6247185561490037,2.0839016098555057,-0.28021252178171807,-0.6295093998912236,0.25477804767583506,-0.8467646983433318,1.0882538379969364,-0.2158167769441807,-0.1413473244607061,-0.4014830678366994,-0.45974649415900753,-0.1126780150629839,-0.07479066767254888,-0.26228616495138807
0.6359367791290871,1.0025268338853344,-0.12172357389625431,-0.36833342165482325,0.666192390629521,1.2178521936677396,-0.40622483770370676,-0.29804030047488245,-0.18395809802672405,-0.9098211008083231,1.2854031639313137,2.490765066104216,-0.45974649415900753,-3.108519260912834,-2.1713681886236746,-0.26228616495138807
1.92377277751519,-1.2882962196846894,0.18363911566771499,1.491982809146116,1.502183396592782,-2.4922656733965116,2.8326893006560487,2.4054311231696763,0.9748884179552235,-0.2158167769441807,-0.1413473244607061,-0.4014830678366994,-0.45974649415900753,-0.1126780150629839,-0.07479066767254888,-0.26228616495138807
-1.9215966824545783,-0.7287058554538431,-0.5797676082422094,-1.4845231601353883,-1.1319769429518332,0.7098277554390248,-1.2985787329660885,-0.8601482202425634,-0.6752082515408111,-0.2158167769441807,-0.1413473244607061,-0.4014830678366994,-0.45974649415900753,-0.1126780150629839,-0.07479066767254888,-0.26228616495138807
-0.36168265624042817,0.2680644808323513,-0.545838420512879,0.42652896786921257,0.19298993442390142,-0.1522743215551581,0.24376133291950935,-0.4720260851648803,0.7229652623069723,-0.2158167769441807,-0.1413473244607061,-0.4014830678366994,-0.45974649415900753,-0.1126780150629839,-0.07479066767254888,-0.26228616495138807
0.47268996243225886,3.0310419042221493,2.7452927892321295,2.286845198670152,-2.1414755161904884,0.5866703158684271,-1.9155147593203274,-1.9709805378786915,-0.3351119914156759,-0.2158167769441807,-0.1413473244607061,-0.4014830678366994,-0.45974649415900753,-0.1126780150629839,-0.07479066767254888,-0.26228616495138807
-1.0872240637818937,0.1456540886568533,0.6416831500136702,-0.14847786710562177,-1.542085738330037,0.2633820369956086,-1.2655285886971115,-0.9136823078394861,-0.5870351470639235,-0.2158167769441807,-0.1413473244607061,-0.4014830678366994,-0.45974649415900753,-0.1126780150629839,-0.07479066767254888,-0.26228616495138807
2.3228205516629967,-1.4806554073890414,1.3202669046002695,1.779486226633532,0.7923797122843528,-2.9233167118936025,2.645405149798512,2.8470873458442822,0.3450805288345982,0.4781875469199617,-0.854722568656716,-0.4014830678366994,2.1751117468100603,1.8845494821702495,2.0217868532785768,-0.26228616495138807
0.8717377365800655,-1.1658858275091912,0.8622228702543144,0.2574093105236726,-0.04361129367890833,-1.2606912776905361,0.8717140740300742,1.5355021997196947,-0.448477411457387,-0.2158167769441807,-0.1413473244607061,-0.4014830678366994,-0.45974649415900753,-0.1126780150629839,-0.07479066767254888,-0.26228616495138807
-0.3979597266174994,0.058218094245783676,0.0648869586150596,-0.3006855587166087,-0.40639984343654995,0.3249607567809074,-0.5163919852669638,-0.33819086617257355,-0.2721312025036117,-0.2158167769441807,-0.1413473244607061,-0.4014830678366994,-0.45974649415900753,-0.1126780150629839,-0.07479066767254888,-0.26228616495138807
-0.470513867371647,1.8943739768782462,0.6586477438783341,-0.31759752445116174,-1.0215630365038553,1.9567968310913246,-2.11381562493419,-1.7969947531886976,-0.7255928826704598,-0.9098211008083231,-0.854722568656716,2.490765066104216,2.1751117468100603,-0.1126780150629839,-0.07479066767254888,-0.26228616495138807
0.12805779385006164,0.09319249201021203,0.5738247745550092,0.47726486507287647,-0.42217325864340394,-0.35240516085737905,-0.04267325074495882,0.02316422510664811,-0.0705926779850111,-0.2158167769441807,-0.1413473244607061,-0.4014830678366994,-0.45974649415900753,-0.1126780150629839,-0.07479066767254888,-0.26228616495138807
-0.2528514451092068,2.4364771422268796,-1.5637140523927782,2.033165712651842,1.2340353380762643,0.294171396888258,0.6513797789035601,-2.0512816692740774,2.675369718580905,-0.2158167769441807,-0.854722568656716,-0.4014830678366994,2.1751117468100603,0.8859357335536329,2.0217868532785768,-0.26228616495138807
0.5089670328093326,0.9500652372386931,-0.8003073284828538,0.5110887965419826,1.1867150924557024,0.37114479661988153,0.5632460608529546,-0.3515743880718033,0.9748884179552217,-0.2158167769441807,-0.854722568656716,-0.4014830678366994,2.1751117468100603,0.8859357335536329,2.0217868532785768,-0.26228616495138807
0.7810450606373822,0.5478596629477732,0.7604353070663231,-0.41906931885848714,-0.02783787847205435,0.8637745549022717,-0.6375758475865466,0.1569994440989549,-0.8767467760594099,-0.2158167769441807,-0.1413473244607061,-0.4014830678366994,-0.45974649415900753,-0.1126780150629839,-0.07479066767254888,-0.26228616495138807
0.8898762717686011,1.5271428003517522,-0.08779438616692625,0.15593751611634962,0.8554733731117689,1.2024575137214149,-0.26300754587147274,-0.5121766508625695,0.1813304776632383,-0.2158167769441807,-0.1413473244607061,-0.4014830678366994,-0.45974649415900753,-0.1126780150629839,-0.07479066767254888,-0.26228616495138807
-0.7607304303882322,1.054988430531978,-1.003882454858834,1.3905110147387907,0.27185701045817134,-0.33701048091105434,0.43104548377704627,-1.3687220524133217,1.7810425160296206,-0.2158167769441807,-0.854722568656716,-0.4014830678366994,2.1751117468100603,0.8859357335536329,2.0217868532785768,-0.26228616495138807
2.866976607319096,-0.9560394409226237,1.2354439352769446,-1.9073223034992381,1.3444492445242422,0.894563914794921,0.2988449067011379,2.8470873458442822,-2.337901078819258,-0.9098211008083231,-0.1413473244607061,2.490765066104216,-0.45974649415900753,-1.1112917636796007,-2.1713681886236746,-0.26228616495138807
-0.3798211914289638,0.8101676461809821,-0.13868816776092074,2.8449400679104357,-0.20134544574744817,-1.8764784755435238,1.2022155167198452,-0.9002987859402545,2.2219080384140586,-0.2158167769441807,-0.1413473244607061,-0.4014830678366994,-0.45974649415900753,-0.1126780150629839,-0.07479066767254888,-0.26228616495138807
-0.5430680081257946,0.39047487300784683,0.4890018052316843,0.1390255503817966,-0.9269225452627314,0.21719799715663451,-0.802826568931432,-0.6995459574517972,-0.25953504472119815,-0.2158167769441807,-0.1413473244607061,-0.4014830678366994,-0.45974649415900753,-0.1126780150629839,-0.07479066767254888,-0.26228616495138807
0.8173221310144535,0.7402188506521254,-0.29136951254290416,-0.01318214122919032,0.9816606947666007,0.6636437156000506,0.2107111886505323,0.03654774700587974,0.2065227932280618,-0.2158167769441807,-0.1413473244607061,-0.4014830678366994,-0.45974649415900753,-0.1126780150629839,-0.07479066767254888,-0.26228616495138807
-0.16215876916652358,0.7577060495343408,0.2514974911263735,0.8324161454985094,-0.37485301302284196,-0.09069560176985932,-0.1969072573335186,-0.6995459574517972,0.4332536333114877,-0.9098211008083231,-0.854722568656716,2.490765066104216,2.1751117468100603,-0.1126780150629839,-0.07479066767254888,-0.26228616495138807
-1.177916739724577,0.6877572540054842,0.6756123377429982,0.037553755974471185,-1.6524996447780147,0.5712756359221025,-1.5629798871179053,-1.395489096211783,-0.4736697270222105,-0.2158167769441807,-0.1413473244607061,-0.4014830678366994,-0.45974649415900753,-0.1126780150629839,-0.07479066767254888,-0.26228616495138807
1.343339651482017,-1.8129121861511073,0.5907893684196732,-0.7065727363459031,0.6188721450089589,-0.9527976787640421,1.1140817986692397,2.378664079371215,-0.9649198805362957,-0.2158167769441807,0.5720279197353038,-0.4014830678366994,-0.45974649415900753,-1.1112917636796007,-0.07479066767254888,-0.26228616495138807
1.1075386940310412,0.4604236685367035,0.6416831500136702,2.523612718953909,0.36649750169929524,-1.8918731554898485,1.609833962703896,0.46482044778125575,1.4031577825572465,-0.2158167769441807,-0.854722568656716,-0.4014830678366994,2.1751117468100603,0.8859357335536329,2.0217868532785768,-0.26228616495138807
2.1777122701547014,1.089962828296404,1.9479568775928722,-0.21612573004383873,0.08257602797592353,1.1562734738824407,-0.7697764246624549,0.7726414514635566,-1.6073239274393327,-0.2158167769441807,-0.1413473244607061,-0.4014830678366994,-0.45974649415900753,-0.1126780150629839,-0.07479066767254888,-0.26228616495138807
0.49082849762079445,-0.029217900165285967,0.845258276389648,-1.3830513657280628,-0.35907959781598797,1.2332468736140643,-1.133328011621203,0.38451931638587167,-1.6577085585689815,-0.2158167769441807,-0.1413473244607061,-0.4014830678366994,-0.45974649415900753,-0.1126780150629839,-0.07479066767254888,-0.26228616495138807
0.6177982439405515,0.5303724640655603,-0.12172357389625431,0.02064179023991815,0.6504189754226669,0.44811819635150496,0.1335941853562523,0.04993126890510947,0.10575353096876239,-0.2158167769441807,-0.1413473244607061,-0.4014830678366994,-0.45974649415900753,-0.1126780150629839,-0.07479066767254888,-0.26228616495138807
-0.5430680081257946,-0.8161418498649128,-1.0378116425881645,-1.2815795713207399,0.4926848233541271,0.44811819635150496,0.02342703779299539,0.22391705359510544,-0.18395809802672405,-0.2158167769441807,-0.854722568656716,-0.4014830678366994,2.1751117468100603,0.8859357335536329,2.0217868532785768,-0.26228616495138807
-0.16215876916652358,-1.11342423086255,0.5229309929610148,1.0184477685786024,-0.6272276563325058,-1.9072678354361732,0.9267976478117027,0.7324908857658654,0.37027284439942354,0.4781875469199617,-0.1413473244607061,-0.4014830678366994,-0.45974649415900753,0.8859357335536329,-0.07479066767254888,-0.26228616495138807
2.667452720245194,0.23309008306792298,-0.8342365162121842,0.42652896786921257,3.0952983324850347,-0.18306368144780746,2.2928702775960894,1.7897891158050747,0.9370999446079847,-0.2158167769441807,-0.1413473244607061,-0.4014830678366994,-0.45974649415900753,-0.1126780150629839,-0.07479066767254888,-0.26228616495138807
0.8354606662029916,-1.4631682085068287,1.7104525634875638,1.948605883979072,-0.8638288844353155,-3.061868831410525,1.5878005331912446,1.7362550282081521,0.1813304776632365,-0.2158167769441807,-0.1413473244607061,-0.4014830678366994,-0.45974649415900753,-0.1126780150629839,-0.07479066767254888,-0.26228616495138807
0.45455142724372066,1.3347836126474,0.2684620849910399,1.2890392203314678,0.14566968880333947,0.0016724779080888352,0.10054404108727528,-0.6861624355525674,0.7607537356542112,0.4781875469199617,-0.1413473244607061,-0.4014830678366994,-0.45974649415900753,0.8859357335536329,-0.07479066767254888,-0.26228616495138807
2.812561001753484,-0.4314234744562058,1.082762590494959,1.1199195629859278,1.439089735765366,-1.3992433972074585,2.0064356939316212,2.4054311231696746,0.030176584274288293,-0.2158167769441807,-0.1413473244607061,-0.4014830678366994,-0.45974649415900753,-0.1126780150629839,-0.07479066767254888,-0.26228616495138807
1.2889240459164077,-1.6730145950933963,0.21756830339704544,-0.6051009419385801,0.9185670339391847,-0.9220083188713927,1.3013659495267764,2.2314453384796806,-0.6122274626287487,-0.2158167769441807,-0.854722568656716,-0.4014830678366994,2.1751117468100603,0.8859357335536329,2.0217868532785768,-0.26228616495138807
0.8898762717686011,0.6527828562410558,0.6756123377429982,-0.6051009419385801,0.14566968880333947,1.1254841139897913,-0.7036761361245006,0.1569994440989549,-0.952323722753884,-0.2158167769441807,-0.1413473244607061,-0.4014830678366994,-0.45974649415900753,-0.1126780150629839,-0.07479066767254888,-0.26228616495138807
-0.2891285154862806,-0.37896187780956453,0.47203721136702026,0.1897614475854581,-0.6903213171599217,-0.506351960320626,-0.11979025403923874,0.07669831270357082,-0.20915041359154934,-0.2158167769441807,-0.1413473244607061,-0.4014830678366994,-0.45974649415900753,-0.1126780150629839,-0.07479066767254888,-0.26228616495138807
0.3275816809239662,0.6178084584766299,-0.10475898003159027,0.8493281112330624,0.3822709169061492,-0.22924772128678156,0.43104548377704627,-0.23112269097873003,0.7103691045245606,0.4781875469199617,-0.1413473244607061,-0.4014830678366994,-0.45974649415900753,0.8859357335536329,-0.07479066767254888,-0.26228616495138807
1.452170862613236,1.1773988227074736,0.9809750273069698,-0.28377359298205324,0.3507240864924413,1.2948255933993629,-0.6816427066118492,0.17038296599818462,-0.9397275649714723,-0.2158167769441807,-0.854722568656716,-0.4014830678366994,2.1751117468100603,0.8859357335536329,2.0217868532785768,-0.26228616495138807
2.250266410908849,-0.011730701283073033,-1.088705424182159,-1.6536428174809281,2.9691110108302023,1.4949564327015838,1.0039146511059827,1.6693374187119996,-0.4232850958925617,-0.2158167769441807,-0.1413473244607061,-0.4014830678366994,-0.45974649415900753,-0.1126780150629839,-0.07479066767254888,-0.26228616495138807
-0.2891285154862806,0.8451420439454105,0.3702496481790289,-0.11465393563651333,-0.5956808259187977,0.8483798749559469,-1.023160864057946,-0.8601482202425634,-0.3603043069804976,-0.2158167769441807,-0.1413473244607061,-0.4014830678366994,-0.45974649415900753,-0.1126780150629839,-0.07479066767254888,-0.26228616495138807
0.8898762717686011,1.911861175760459,0.40417883590835935,0.02064179023991815,0.3980443321130032,1.6642979121111554,-0.912993716494689,-0.8066141326456406,-0.28472736028602347,-0.2158167769441807,-0.1413473244607061,-0.4014830678366994,-0.45974649415900753,-0.1126780150629839,-0.07479066767254888,-0.26228616495138807
-0.34354412105189003,1.2298604193541174,-0.46101545118955406,1.8978699867754105,0.12989627359648548,-0.6449040798375483,0.552229346096629,-1.1947362677233255,1.7558502004647953,-0.2158167769441807,-0.1413473244607061,-0.4014830678366994,-0.45974649415900753,-0.1126780150629839,-0.07479066767254888,-0.26228616495138807
0.5815211735634777,1.352270811529613,0.30239127272037036,1.1706554601895893,0.2245367648376094,0.12482991747868638,0.06749389681829816,-0.6058613041571834,0.6473883156124983,-0.2158167769441807,-0.1413473244607061,-0.4014830678366994,-0.45974649415900753,-0.1126780150629839,-0.07479066767254888,-0.26228616495138807
0.27316607535835424,0.18062848642128168,0.18363911566771499,0.2574093105236726,0.06680261276906956,-0.07530092182353462,0.10054404108727528,0.06331479080433919,0.0553688998391118,-0.2158167769441807,-0.1413473244607061,-0.4014830678366994,-0.45974649415900753,-0.1126780150629839,-0.07479066767254888,-0.26228616495138807
0.001088047530304632,-0.9910138386870521,-0.5628030143775454,0.6125605909493079,0.5242316537678351,-1.4300327571001077,1.389499667577382,0.7592579295643249,0.8741191556959241,-0.2158167769441807,-0.1413473244607061,-0.4014830678366994,-0.45974649415900753,-0.1126780150629839,-0.07479066767254888,-0.26228616495138807
2.0144654534578734,-1.4281938107424004,2.5926114444501436,0.7478563168257394,-0.6587744867462137,-1.9380571953288226,0.9267976478117028,2.5794169078596725,-1.3679969295734968,-0.2158167769441807,-0.1413473244607061,-0.4014830678366994,-0.45974649415900753,-0.1126780150629839,-0.07479066767254888,-0.26228616495138807
0.7629065254488441,-0.30901308228071034,-0.08779438616692625,1.3566870832696822,0.7450594666637909,-1.5070061568317312,1.5988172479475702,0.7994084952620178,1.075657680214523,-0.9098211008083231,-0.1413473244607061,2.490765066104216,-0.45974649415900753,-1.1112917636796007,-2.1713681886236746,-0.26228616495138807
3.2478858462783644,0.1456540886568533,1.371160686194264,0.22358537905456655,1.549503642213344,-0.07530092182353462,1.136115228181891,2.2849794260766014,-0.8515544604945846,-0.2158167769441807,-0.854722568656716,-0.4014830678366994,2.1751117468100603,0.8859357335536329,2.0217868532785768,-0.26228616495138807
-0.16215876916652358,0.8626292428276234,0.40417883590835935,2.6419964790957846,-0.5168137498845278,-1.6455582763486534,0.8166305002484457,-0.7798470888471793,1.6676770959879077,-0.2158167769441807,0.5720279197353038,-0.4014830678366994,-0.45974649415900753,-1.1112917636796007,-0.07479066767254888,-0.26228616495138807
1.343339651482017,1.7195019880561069,0.5059663990963483,-0.08083000416740725,0.6977392210432289,1.587324512379532,-0.6485925623428722,-0.32480734427334385,-0.4358812536749735,0.4781875469199617,-0.854722568656716,-0.4014830678366994,2.1751117468100603,1.8845494821702495,2.0217868532785768,-0.26228616495138807
-0.07146609322384039,1.212373220471902,-0.3761924818662291,0.24049734478911958,0.28763042566502534,0.8483798749559469,-0.4062248377037069,-0.9805999173356367,0.4584459488763112,-0.9098211008083231,-0.1413473244607061,2.490765066104216,-0.45974649415900753,-1.1112917636796007,-2.1713681886236746,-0.26228616495138807
-0.07146609322384039,0.4254492707722752,-1.15656379964082,0.02064179023991815,1.0132075251803085,0.3557501166735568,0.4530789132896976,-0.37834143187026464,0.8741191556959241,-0.9098211008083231,-0.854722568656716,2.490765066104216,2.1751117468100603,-0.1126780150629839,-0.07479066767254888,-0.26228616495138807
-1.3593020916099434,2.4889387388735185,-0.7154843591595289,2.5743486161575726,-0.5168137498845278,-0.1522743215551581,-0.2519908311151471,-2.9078270708248275,2.4486388784974826,-0.2158167769441807,-0.854722568656716,-0.4014830678366994,2.1751117468100603,0.8859357335536329,2.0217868532785768,-0.26228616495138807
-1.1597782045360387,-0.5538338666317039,2.015815253051533,0.9338879399058324,-2.8828260309126255,-1.3376646774221597,-1.0562110083269232,-0.43187551946718733,-0.8011698293649357,0.4781875469199617,-0.854722568656716,-0.4014830678366994,2.1751117468100603,1.8845494821702495,2.0217868532785768,-0.26228616495138807
1.143815764408115,0.7227316517699125,0.9131166518483089,2.8111161364413246,0.14566968880333947,-1.9226625153824977,1.4776333856279875,0.29083466309125977,1.4157539403396582,0.4781875469199617,-0.854722568656716,-0.4014830678366994,2.1751117468100603,1.8845494821702495,2.0217868532785768,-0.26228616495138807
-0.1258816987894498,0.6352956573588429,-0.2404757309489097,0.49417683080742947,0.11412285838963149,0.10943523753236167,0.0013936082803439947,-0.579094260358722,0.5466190533531989,-0.2158167769441807,-0.1413473244607061,-0.4014830678366994,-0.45974649415900753,-0.1126780150629839,-0.07479066767254888,-0.26228616495138807
0.5271055679978682,1.7369891869383198,0.4211434297730234,1.8809580210408574,0.06680261276906956,-0.18306368144780746,0.17766104438155517,-0.9404493516379455,1.0882538379969364,-0.2158167769441807,-0.1413473244607061,-0.4014830678366994,-0.45974649415900753,-0.1126780150629839,-0.07479066767254888,-0.26228616495138807
0.34572021611250187,0.4779108674189165,0.6077539622843396,-0.4528932503275932,-0.2644391065748641,0.8329851950096223,-0.7807931394187807,-0.11067099388565486,-0.7885736715825222,-0.2158167769441807,-0.1413473244607061,-0.4014830678366994,-0.45974649415900753,-0.1126780150629839,-0.07479066767254888,-0.26228616495138807
2.050742523834947,-0.2915258833984949,-0.7663781407535257,0.5110887965419826,2.495908554624583,-0.7218774795691717,2.259820133327113,1.7362550282081521,0.9496961023903983,-0.2158167769441807,-0.1413473244607061,-0.4014830678366994,-0.45974649415900753,-0.1126780150629839,-0.07479066767254888,-0.26228616495138807
1.3614781866705528,-0.5888082643961322,1.3372314984649336,0.12211358464724115,-0.05938470888576232,-0.6295093998912236,0.40901205426439485,1.4552010683243106,-0.9019390916242351,-0.2158167769441807,0.5720279197353038,-0.4014830678366994,-0.45974649415900753,-1.1112917636796007,-0.07479066767254888,-0.26228616495138807
-0.10774316360091418,-0.046705099047501385,0.6077539622843396,1.1030075972513722,-0.6587744867462137,-1.0451657584419902,0.28782819194481213,-0.04375338438950243,0.37027284439942354,-0.9098211008083231,-0.1413473244607061,2.490765066104216,-0.45974649415900753,-1.1112917636796007,-2.1713681886236746,-0.26228616495138807
0.7447679902603085,-0.7461930543360585,0.726506119336995,1.0522717000477109,-0.02783787847205435,-1.614768916456004,1.136115228181891,1.1206130208435503,0.24431126657529886,-0.9098211008083231,-0.1413473244607061,2.490765066104216,-0.45974649415900753,-1.1112917636796007,-2.1713681886236746,-0.26228616495138807
0.14619632903859983,-1.0959370319803372,0.4890018052316843,1.779486226633532,-0.32753276740228005,-2.5846337530744594,1.6208506774602218,0.9466272361535544,0.96229226017281,-0.9098211008083231,-0.1413473244607061,2.490765066104216,-0.45974649415900753,-1.1112917636796007,-2.1713681886236746,-0.26228616495138807
1.5610020737444572,2.85616991540001,1.3541960923295977,1.2044793916586978,0.09834944318277751,1.4179830329699605,-0.9460438607636662,-1.0341340049325574,-0.10838115133224815,0.4781875469199617,-0.1413473244607061,-0.4014830678366994,-0.45974649415900753,0.8859357335536329,-0.07479066767254888,-0.26228616495138807
1.542863538555919,0.040730895363568255,0.30239127272037036,0.20667341332001113,1.0605277708008705,-0.1522743215551581,0.8496806445174229,1.1072294989443188,-0.0705926779850129,-0.2158167769441807,-0.1413473244607061,-0.4014830678366994,-0.45974649415900753,-0.1126780150629839,-0.07479066767254888,-0.26228616495138807
1.4158937922361647,-1.1658858275091912,1.6595587818935693,-0.5036291475312571,-0.31175935219542605,-0.5679306801059247,0.18867775913788085,1.9370078566966094,-1.6073239274393345,-0.9098211008083231,-0.1413473244607061,2.490765066104216,-0.45974649415900753,-1.1112917636796007,-2.1713681886236746,-0.26228616495138807
0.6540753143176252,0.040730895363568255,-0.39315707573089553,-0.03009410696374335,0.9343404491460388,0.0632511976933876,0.6073129198782574,0.451436925882026,0.26950358214012593,-0.2158167769441807,-0.1413473244607061,-0.4014830678366994,-0.45974649415900753,-0.1126780150629839,-0.07479066767254888,-0.26228616495138807
1.252646975539334,-0.15162829234078395,0.81132908866032,0.544912728011091,0.3349506712855873,-0.6295093998912236,0.6844299231725374,1.0403118894481662,-0.19655425580913757,-0.9098211008083231,-0.1413473244607061,2.490765066104216,-0.45974649415900753,-1.1112917636796007,-2.1713681886236746,-0.26228616495138807
1.8512186367610426,1.7195019880561069,0.14970992793838453,-0.01318214122919032,1.4706365661790741,1.5257457925942333,-0.06470668025761005,0.04993126890510947,-0.1209773091146617,-0.2158167769441807,0.5720279197353038,-0.4014830678366994,-0.45974649415900753,-1.1112917636796007,-0.07479066767254888,-0.26228616495138807
2.1051581294005564,-0.13414109345857103,2.1345674101041885,0.24049734478911958,-0.15402520012688622,-0.33701048091105434,0.13359418535625237,1.6559538968127698,-1.405785402920734,-0.2158167769441807,-0.1413473244607061,-0.4014830678366994,-0.45974649415900753,-0.1126780150629839,-0.07479066767254888,-0.26228616495138807
1.4158937922361647,0.09319249201021203,0.896152057983645,-1.010988119567877,0.3980443321130032,1.0023266744191939,-0.43927498197268394,0.9733942799520139,-1.4183815607031476,-0.9098211008083231,-0.1413473244607061,2.490765066104216,-0.45974649415900753,-1.1112917636796007,-2.1713681886236746,-0.26228616495138807
-1.0328084582162818,0.5303724640655603,1.2354439352769446,-0.3514214559202702,-2.0468350249493645,0.7868011551706482,-1.992631762614607,-1.1679692239248642,-1.17905456283731,0.4781875469199617,-0.854722568656716,-0.4014830678366994,2.1751117468100603,1.8845494821702495,2.0217868532785768,-0.26228616495138807
1.2889240459164077,-0.20408988898742525,0.0648869586150596,-0.875692393691443,1.0605277708008705,0.6174596757610765,0.2988449067011379,1.1072294989443188,-0.7004005671056346,-0.2158167769441807,-0.854722568656716,-0.4014830678366994,2.1751117468100603,0.8859357335536329,2.0217868532785768,-0.26228616495138807
-0.5612065433143302,1.089962828296404,0.2514974911263735,0.6125605909493079,-0.7218681475736296,0.40193415651253084,-0.7918098541751063,-1.2482703553202463,0.26950358214012593,0.4781875469199617,-0.1413473244607061,-0.4014830678366994,-0.45974649415900753,0.8859357335536329,-0.07479066767254888,-0.26228616495138807
1.4340323274247002,3.1534522963976497,1.6595587818935693,1.0522717000477109,-0.29598593698857206,1.8182447115744025,-1.5078963133362768,-1.355338530514092,-0.448477411457387,-0.2158167769441807,-0.1413473244607061,-0.4014830678366994,-0.45974649415900753,-0.1126780150629839,-0.07479066767254888,-0.26228616495138807
0.3275816809239662,1.2648348171185433,-0.8342365162121842,0.6802084538875225,1.0605277708008705,0.494302236190479,0.3869786247517435,-0.7263130012502567,1.1260423113441718,-0.2158167769441807,-0.1413473244607061,-0.4014830678366994,-0.45974649415900753,-0.1126780150629839,-0.07479066767254888,-0.26228616495138807
0.4364128920551851,2.0867331645825984,-0.019936010708265343,0.17284948185090265,0.3980443321130032,1.6796925920574801,-0.9240104312510147,-1.2750373991187078,0.14354200431599945,-0.2158167769441807,-0.1413473244607061,-0.4014830678366994,-0.45974649415900753,-0.1126780150629839,-0.07479066767254888,-0.26228616495138807
0.16433486422713542,2.0517587668181703,0.09881614634439005,-0.9771641880987685,0.05102919756221557,2.6957414685149104,-1.893481329807676,-1.4490231838087038,-0.8011698293649357,0.4781875469199617,0.5720279197353038,-0.4014830678366994,-0.45974649415900753,-0.1126780150629839,-0.07479066767254888,-0.26228616495138807
1.7605259608183594,-1.638040197328968,0.7095415254723286,0.798592214029401,0.8712467883186227,-2.168977394523693,2.1606697005201814,2.552649864061211,0.06796505762152534,0.4781875469199617,0.5720279197353038,-0.4014830678366994,-0.45974649415900753,-0.1126780150629839,-0.07479066767254888,-0.26228616495138807
0.9805689477112843,-0.8686034465115541,0.0648869586150596,-0.08083000416740725,0.7923797122843528,-0.6910881196765223,1.0479815101312853,1.3882834588281583,-0.10838115133224994,0.4781875469199617,0.5720279197353038,-0.4014830678366994,-0.45974649415900753,-0.1126780150629839,-0.07479066767254888,-0.26228616495138807
-1.0328084582162818,0.040730895363568255,1.9140276898635442,0.7309443510911864,-2.6777716332235237,-0.6295093998912236,-1.4197625952856712,-0.7932306107464091,-0.8767467760594099,0.4781875469199617,0.5720279197353038,-0.4014830678366994,-0.45974649415900753,-0.1126780150629839,-0.07479066767254888,-0.26228616495138807
0.7629065254488441,-0.5188594688672755,2.6435052260441356,0.07137768744357965,-1.7944603816397007,-0.5217466402669507,-0.879943572225712,0.9600107580527822,-1.909631714217231,1.1721918707841041,0.5720279197353038,-0.4014830678366994,-0.45974649415900753,0.8859357335536329,-0.07479066767254888,-0.26228616495138807
1.8512186367610426,0.2505772819501359,0.6925769316076646,-0.875692393691443,0.9658872795597466,1.0177213543655186,-0.05368996550128458,1.174147108440471,-1.1664584050548963,0.4781875469199617,0.5720279197353038,-0.4014830678366994,-0.45974649415900753,-0.1126780150629839,-0.07479066767254888,-0.26228616495138807
-1.0146699230277463,0.09319249201021203,1.1675855598182838,1.2044793916586978,-1.9679679489150945,-1.0143763985493408,-0.6485925623428722,-0.8199976545448723,0.030176584274288293,0.4781875469199617,0.5720279197353038,-0.4014830678366994,-0.45974649415900753,-0.1126780150629839,-0.07479066767254888,-0.26228616495138807
-0.05332755803530478,0.8801164417098388,1.0657979966302948,0.7816802482948478,-1.0373364517107093,0.0632511976933876,-0.7697764246624549,-0.7129294793510288,-0.20915041359154934,0.4781875469199617,0.5720279197353038,-0.4014830678366994,-0.45974649415900753,-0.1126780150629839,-0.07479066767254888,-0.26228616495138807
0.001088047530304632,1.3872452092940413,-0.9360240794001756,1.931693918244519,0.8712467883186227,-0.5371413202132754,0.9928979363496568,-1.0609010487310206,2.1337349339371707,0.4781875469199617,0.5720279197353038,-0.4014830678366994,-0.45974649415900753,-0.1126780150629839,-0.07479066767254888,-0.26228616495138807
0.12805779385006164,1.2823220160007587,-0.545838420512879,1.5427187063497776,0.6188721450089589,-0.2754317611257556,0.6293463493909088,-0.8869152640410247,1.5543116759461966,0.4781875469199617,0.5720279197353038,-0.4014830678366994,-0.45974649415900753,-0.1126780150629839,-0.07479066767254888,-0.26228616495138807
0.6540753143176252,-0.029217900165285967,2.5926114444501436,0.9677118713749409,-1.8417806272602626,-0.906613638925068,-0.6375758475865465,0.5049710134789468,-1.2042468784021352,-0.9098211008083231,1.2854031639313137,2.490765066104216,-0.45974649415900753,-3.108519260912834,-2.1713681886236746,-0.26228616495138807
-0.5430680081257946,1.9468355735248875,-0.03690060457292937,-1.0786359825060914,-0.4379466738502579,2.6957414685149104,-2.234999487253773,-1.8906794064833115,-0.7759775138001105,-0.9098211008083231,-0.1413473244607061,2.490765066104216,-0.45974649415900753,-1.1112917636796007,-2.1713681886236746,-0.26228616495138807
1.7786644960068976,1.5096556014695393,0.6247185561490037,1.931693918244519,0.9658872795597466,-0.42937856058900253,0.9818812215933311,0.1569994440989549,0.9748884179552235,-0.9098211008083231,-0.1413473244607061,2.490765066104216,-0.45974649415900753,-1.1112917636796007,-2.1713681886236746,-0.26228616495138807
0.16433486422713542,2.9785803075755104,0.7095415254723286,1.1875674259241422,-0.5168137498845278,1.5411404725405582,-1.463829454310974,-2.158349844467921,0.3576766866170118,-0.9098211008083231,-0.1413473244607061,2.490765066104216,-0.45974649415900753,-1.1112917636796007,-2.1713681886236746,-0.26228616495138807
0.12805779385006164,-0.5363466677494909,-0.5628030143775454,0.4096170021346595,0.634645560215813,-0.8450349191397692,1.0479815101312853,0.5049710134789468,0.7229652623069742,-0.9098211008083231,-0.1413473244607061,2.490765066104216,-0.45974649415900753,-1.1112917636796007,-2.1713681886236746,-0.26228616495138807
0.8354606662029916,0.02324369648135532,0.896152057983645,-0.13156590137106874,-0.10670495450632426,0.14022459742501106,-0.1748738278208672,0.5986556667735605,-0.7633813560176987,-0.2158167769441807,1.2854031639313137,-0.4014830678366994,-0.45974649415900753,-2.1099055122962174,-0.07479066767254888,-0.26228616495138807
0.6540753143176252,-0.7461930543360585,-0.7833427346181898,-0.09774196990196028,1.29712899890368,-0.5679306801059247,1.312382664283102,1.053695411347398,0.5088305800059618,0.4781875469199617,-0.1413473244607061,-0.4014830678366994,-0.45974649415900753,0.8859357335536329,-0.07479066767254888,-0.26228616495138807
0.25502754016981866,1.4047324081762567,-0.3252987002722346,2.0162537469172888,0.5242316537678351,-0.5987200399985741,0.7945970707357943,-0.8869152640410247,1.7432540426823835,-0.2158167769441807,-0.1413473244607061,-0.4014830678366994,-0.45974649415900753,-0.1126780150629839,-0.07479066767254888,-0.26228616495138807
0.25502754016981866,-0.8161418498649128,0.9809750273069698,1.3228631518005762,-0.6903213171599217,-1.9226625153824977,0.8937475035427255,0.8127920171612476,0.25690742435771236,-0.2158167769441807,-0.1413473244607061,-0.4014830678366994,-0.45974649415900753,-0.1126780150629839,-0.07479066767254888,-0.26228616495138807
0.9261533421456749,0.6702700551232712,-0.07082979230225982,0.7140323853566309,0.8712467883186227,-0.059906241877209936,0.6513797789035601,0.17038296599818462,0.5844075267004359,-0.2158167769441807,-0.1413473244607061,-0.4014830678366994,-0.45974649415900753,-0.1126780150629839,-0.07479066767254888,-0.26228616495138807
0.5815211735634777,-1.8653737827977486,0.47203721136702026,0.6294725566838609,0.06680261276906956,-2.215161434362667,1.6318673922165474,1.8567067253012253,0.11834968875117415,0.4781875469199617,-0.1413473244607061,-0.4014830678366994,-0.45974649415900753,0.8859357335536329,-0.07479066767254888,-0.26228616495138807
1.3977552570476266,-0.06419229792971431,0.7943644947956535,-0.41906931885848714,0.4769114081472731,0.3249607567809074,0.10054404108727528,1.0804624551458573,-0.9019390916242351,0.4781875469199617,0.5720279197353038,-0.4014830678366994,-0.45974649415900753,-0.1126780150629839,-0.07479066767254888,-0.26228616495138807
2.2321278757203133,-0.8511162476293411,0.09881614634439005,2.050077678386397,1.8491985311435695,-2.615423112967109,3.1631907433458197,2.298362947975833,1.453542413686897,0.4781875469199617,-0.1413473244607061,-0.4014830678366994,-0.45974649415900753,0.8859357335536329,-0.07479066767254888,-0.26228616495138807
0.001088047530304632,0.49539806630113187,-0.6815551714302008,0.9169759741712793,0.634645560215813,-0.3985892006963531,0.7284967821978401,-0.37834143187026653,1.189023100256236,-0.2158167769441807,-0.854722568656716,-0.4014830678366994,2.1751117468100603,0.8859357335536329,2.0217868532785768,-0.26228616495138807
0.10991925866152602,1.6145787947628218,-0.1726173554902512,-1.6536428174809281,0.2560835952513174,2.9266616677097805,-1.9155147593203274,-1.1545857020256327,-1.103477616142834,-0.2158167769441807,-0.1413473244607061,-0.4014830678366994,-0.45974649415900753,-0.1126780150629839,-0.07479066767254888,-0.26228616495138807
1.796803031195433,-0.9385522420404108,0.7434707132016591,0.5787366594801995,0.8712467883186227,-1.3530593573684842,1.576783818434919,2.044076031890453,-0.1209773091146617,0.4781875469199617,-0.854722568656716,-0.4014830678366994,2.1751117468100603,1.8845494821702495,2.0217868532785768,-0.26228616495138807
2.5223444387368987,0.4254492707722752,0.09881614634439005,0.6802084538875225,2.1015731744532333,-0.24464240123310627,1.642884106972873,1.5355021997196947,0.43325363331148586,-0.9098211008083231,-0.1413473244607061,2.490765066104216,-0.45974649415900753,-1.1112917636796007,-2.1713681886236746,-0.26228616495138807
-0.07146609322384039,2.9436059098110796,-0.15565276162558475,1.1875674259241422,0.08257602797592353,1.5103511126479086,-1.023160864057946,-2.305568585359454,1.000080733520047,-0.2158167769441807,-0.1413473244607061,-0.4014830678366994,-0.45974649415900753,-0.1126780150629839,-0.07479066767254888,-0.26228616495138807
-0.7063148248226229,1.474681203705111,-0.3252987002722346,1.6441905007571005,-0.31175935219542605,-0.19845836139413217,-0.0757233950139359,-1.649776012297161,1.466138571469309,-0.2158167769441807,-0.1413473244607061,-0.4014830678366994,-0.45974649415900753,-0.1126780150629839,-0.07479066767254888,-0.26228616495138807
0.23688900498128304,-0.39644907669178,1.1166917782242893,1.3735990490042376,-0.8322820540216075,-1.5993742365096792,0.5632460608529546,0.47820396968048734,0.19392663544565006,-0.9098211008083231,-0.854722568656716,2.490765066104216,2.1751117468100603,-0.1126780150629839,-0.07479066767254888,-0.26228616495138807
1.379616721859091,0.8101676461809821,1.6086650002995724,0.8324161454985094,-0.29598593698857206,-0.04451156193088524,-0.1748738278208672,0.3979028382851033,-0.5744389892815098,0.4781875469199617,0.5720279197353038,-0.4014830678366994,-0.45974649415900753,-0.1126780150629839,-0.07479066767254888,-0.26228616495138807
1.3070625811049432,1.7195019880561069,-0.9360240794001756,0.6294725566838609,2.0069326832121095,0.9407479546338952,0.72849678219784,-0.3515743880718052,1.1638307846914107,-0.9098211008083231,-0.1413473244607061,2.490765066104216,-0.45974649415900753,-1.1112917636796007,-2.1713681886236746,-0.26228616495138807
-0.27098998029774496,-1.655527396211181,0.47203721136702026,1.0015358028440493,-0.6745479019530677,-2.369108233825914,1.2242489462324966,1.0670789332466257,0.3954651599642488,-0.2158167769441807,-0.854722568656716,-0.4014830678366994,2.1751117468100603,0.8859357335536329,2.0217868532785768,-0.26228616495138807
0.21875046979274484,0.0757052931279966,2.609576038314808,1.5088947748806691,-2.236116007431612,-1.30687531752951,-0.6265591328302208,0.10346535650203217,-0.8137659871473475,-0.2158167769441807,-0.1413473244607061,-0.4014830678366994,-0.45974649415900753,-0.1126780150629839,-0.07479066767254888,-0.26228616495138807
-0.470513867371647,0.6877572540054842,2.253319567156844,0.8155041797639564,-2.50426406594813,-0.1368796416088334,-1.651113605168511,-0.8735317421417931,-1.065689142795597,-0.2158167769441807,-0.854722568656716,-0.4014830678366994,2.1751117468100603,0.8859357335536329,2.0217868532785768,-0.26228616495138807
0.29130461054689244,0.9850396350031214,-0.41012166959555957,0.6294725566838609,0.634645560215813,0.294171396888258,0.23274461816318365,-0.538943694661031,0.773349893436623,-0.2158167769441807,-0.1413473244607061,-0.4014830678366994,-0.45974649415900753,-0.1126780150629839,-0.07479066767254888,-0.26228616495138807
0.7810450606373822,-0.029217900165285967,0.6247185561490037,-0.43598128459304014,0.09834944318277751,0.37114479661988153,-0.1969072573335186,0.5986556667735605,-0.7885736715825222,-0.2158167769441807,-0.1413473244607061,-0.4014830678366994,-0.45974649415900753,-0.1126780150629839,-0.07479066767254888,-0.26228616495138807
1.252646975539334,0.3205260774789926,0.930081245712973,1.0015358028440493,0.2245367648376094,-0.6295093998912236,0.6073129198782573,0.6789567981689427,0.05536889983911359,-0.2158167769441807,-0.1413473244607061,-0.4014830678366994,-0.45974649415900753,-0.1126780150629839,-0.07479066767254888,-0.26228616495138807
1.3614781866705528,1.212373220471902,1.7613463450815583,1.3735990490042376,-0.45372008905711186,-0.18306368144780746,-0.1858905425771929,0.07669831270357082,-0.28472736028602347,-0.2158167769441807,-0.854722568656716,-0.4014830678366994,2.1751117468100603,0.8859357335536329,2.0217868532785768,-0.26228616495138807
-0.05332755803530478,1.7195019880561069,-0.1895819493549152,-1.4337872629317268,0.12989627359648548,2.818898908085508,-1.9265314740766533,-1.355338530514092,-0.9271314071890604,-0.2158167769441807,-0.854722568656716,-0.4014830678366994,2.1751117468100603,0.8859357335536329,2.0217868532785768,-0.26228616495138807
0.45455142724372066,1.212373220471902,2.270284161021508,1.4750708434115607,-1.7155933056054309,-0.2754317611257556,-1.0011274345452947,-0.5924777822579537,-0.5870351470639235,-0.2158167769441807,-0.1413473244607061,-0.4014830678366994,-0.45974649415900753,-0.1126780150629839,-0.07479066767254888,-0.26228616495138807
0.6540753143176252,0.5128852651833449,-0.27440491867824013,0.9507999056403879,0.8239265426980608,-0.4139838806426778,0.8717140740300742,0.09008183460280245,0.9119076290431612,0.4781875469199617,-0.854722568656716,-0.4014830678366994,2.1751117468100603,1.8845494821702495,2.0217868532785768,-0.26228616495138807
-0.8695616415194536,0.8626292428276234,0.40417883590835935,0.9000640084367263,-1.1319769429518332,-0.059906241877209936,-0.7477429951498036,-1.3018044429171691,0.3702728443994253,-0.2158167769441807,-0.1413473244607061,-0.4014830678366994,-0.45974649415900753,-0.1126780150629839,-0.07479066767254888,-0.26228616495138807
2.159573734966166,-0.1691154912229969,0.33632046044969843,1.1537434944550362,1.565277057420198,-1.199112557905237,1.9513521201499928,1.7228715063089204,0.609599842265263,-0.2158167769441807,-0.1413473244607061,-0.4014830678366994,-0.45974649415900753,-0.1126780150629839,-0.07479066767254888,-0.26228616495138807
-0.07146609322384039,2.156681960111455,1.5917004064349085,0.02064179023991815,-1.542085738330037,1.8798234313597013,-2.4222836381113098,-1.7033100998940838,-1.1664584050548963,-0.2158167769441807,-0.1413473244607061,-0.4014830678366994,-0.45974649415900753,-0.1126780150629839,-0.07479066767254888,-0.26228616495138807
0.27316607535835424,-0.6237826621605606,0.6925769316076646,-0.5374530790003632,-0.40639984343654995,-0.059906241877209936,-0.24097411635882138,0.6789567981689427,-0.9145352494066469,-0.2158167769441807,-0.1413473244607061,-0.4014830678366994,-0.45974649415900753,-0.1126780150629839,-0.07479066767254888,-0.26228616495138807
0.7266294550717702,0.40796207189006223,0.20060370953237902,0.9507999056403879,0.44536457773356514,-0.506351960320626,0.6734132084162116,0.22391705359510544,0.5592152111356125,-0.2158167769441807,-0.1413473244607061,-0.4014830678366994,-0.45974649415900753,-0.1126780150629839,-0.07479066767254888,-0.26228616495138807
0.7266294550717702,0.16314128753906626,0.6586477438783341,2.3206691301392603,0.019482367148507602,-1.968846555221472,1.422549811846359,0.411286360184333,1.2394077313858847,0.4781875469199617,-0.1413473244607061,-0.4014830678366994,-0.45974649415900753,0.8859357335536329,-0.07479066767254888,-0.26228616495138807
0.6540753143176252,-1.655527396211181,-0.9869178609941701,1.2890392203314678,1.486409981385928,-2.6308177929134335,2.920823018706655,1.7496385501073817,1.6928694115527347,0.4781875469199617,0.5720279197353038,-0.4014830678366994,-0.45974649415900753,-0.1126780150629839,-0.07479066767254888,-0.26228616495138807
1.125677229219577,-0.09916669569414267,1.540806624840914,-0.3514214559202702,-0.45372008905711186,0.23259267710295922,-0.48334184099798677,0.9064766704558614,-1.405785402920734,-0.2158167769441807,-0.1413473244607061,-0.4014830678366994,-0.45974649415900753,-0.1126780150629839,-0.07479066767254888,-0.26228616495138807
0.38199728648957565,0.5653468618299862,0.5738247745550092,1.1706554601895893,-0.20134544574744817,-0.5679306801059247,0.26579476243216077,-0.15082155958334595,0.44584979109389944,-0.9098211008083231,0.5720279197353038,2.490765066104216,-0.45974649415900753,-2.1099055122962174,-2.1713681886236746,-0.26228616495138807
1.796803031195433,0.1456540886568533,0.7943644947956535,-0.3345094901857172,0.8239265426980608,0.43272351640518025,0.26579476243216077,1.2142976741381621,-0.8389583027121728,0.4781875469199617,-0.1413473244607061,-0.4014830678366994,-0.45974649415900753,0.8859357335536329,-0.07479066767254888,-0.26228616495138807
0.9624304125227486,-0.11665389457635561,0.9809750273069698,0.1897614475854581,-0.0751581240926163,-0.2754317611257556,0.14461090011257807,0.7994084952620178,-0.5870351470639235,-0.2158167769441807,0.5720279197353038,-0.4014830678366994,-0.45974649415900753,-1.1112917636796007,-0.07479066767254888,-0.26228616495138807
3.102777564770069,1.4222196070584696,0.896152057983645,1.8133101581026405,1.8649719463504237,-0.3985892006963531,1.5878005331912446,1.2009141522389306,0.6851767889597353,0.4781875469199617,-0.1413473244607061,-0.4014830678366994,-0.45974649415900753,0.8859357335536329,-0.07479066767254888,-0.26228616495138807
-1.2504708804787221,0.21560288418570756,0.45507261750235384,2.286845198670152,-1.510538907916329,-1.8918731554898485,0.2988449067011379,-1.0876680925294802,1.3653693092100094,-0.2158167769441807,-0.1413473244607061,-0.4014830678366994,-0.45974649415900753,-0.1126780150629839,-0.07479066767254888,-0.26228616495138807
0.9987074828998199,-0.9035778442759824,0.828293682524984,-0.18230179857473025,0.09834944318277751,-0.6295093998912236,0.5191792018276519,1.4284340245258493,-0.7507851982352851,0.4781875469199617,-0.1413473244607061,-0.4014830678366994,-0.45974649415900753,0.8859357335536329,-0.07479066767254888,-0.26228616495138807
1.905634242326652,2.401502744462449,-0.13868816776092074,-0.18230179857473025,1.7861048703161537,2.2800851099641433,-0.38419140819105535,-0.43187551946718733,-0.03280420463777406,-0.2158167769441807,-0.1413473244607061,-0.4014830678366994,-0.45974649415900753,-0.1126780150629839,-0.07479066767254888,-0.26228616495138807
0.8535992013915272,-0.5188594688672755,-1.3771035198814643,-0.875692393691443,2.0227060984189635,0.3403554367272321,1.1691653724508682,1.0269283675489347,0.3702728443994253,0.4781875469199617,0.5720279197353038,-0.4014830678366994,-0.45974649415900753,-0.1126780150629839,-0.07479066767254888,-0.26228616495138807
0.7991835958259179,-2.0227585727376747,0.45507261750235384,1.2044793916586978,0.27185701045817134,-2.8771326720546284,2.248803418570787,2.1377606851850666,0.5592152111356125,-0.2158167769441807,-0.854722568656716,-0.4014830678366994,2.1751117468100603,0.8859357335536329,2.0217868532785768,-0.26228616495138807
1.379616721859091,-0.30901308228071034,-0.6815551714302008,1.3566870832696822,1.8334251159367156,-1.5070061568317312,2.358970566134044,1.2544482398358552,1.5165232025989595,-0.2158167769441807,-0.1413473244607061,-0.4014830678366994,-0.45974649415900753,-0.1126780150629839,-0.07479066767254888,-0.26228616495138807
0.41827435686664943,0.8276548450631951,0.5229309929610148,1.9993417811827359,-0.12247836971317826,-1.0913497982809643,0.695446637928863,-0.3248073442733419,1.1008499957793483,-0.2158167769441807,0.5720279197353038,-0.4014830678366994,-0.45974649415900753,-1.1112917636796007,-0.07479066767254888,-0.26228616495138807
0.29130461054689244,-0.06419229792971431,0.9809750273069698,-0.21612573004383873,-0.6587744867462137,0.14022459742501106,-0.5604588442922667,0.26406761929279843,-0.8893429338418234,0.4781875469199617,-0.1413473244607061,-0.4014830678366994,-0.45974649415900753,0.8859357335536329,-0.07479066767254888,-0.26228616495138807
1.1075386940310412,-0.6762442588072018,1.3541960923295977,-0.9433402566296599,-0.29598593698857206,0.2633820369956086,-0.39520812294738117,1.3347493712312375,-1.7080931896986322,-0.2158167769441807,-0.854722568656716,-0.4014830678366994,2.1751117468100603,0.8859357335536329,2.0217868532785768,-0.26228616495138807
0.20061193460420923,1.4921684025873263,0.09881614634439005,0.4096170021346595,0.08257602797592353,0.9407479546338952,-0.6155424180738952,-0.9939834392348683,0.23171510879288712,-0.2158167769441807,-0.1413473244607061,-0.4014830678366994,-0.45974649415900753,-0.1126780150629839,-0.07479066767254888,-0.26228616495138807
1.452170862613236,1.6670403914094656,1.4220544677882585,-0.08083000416740725,-0.05938470888576232,1.5411404725405582,-1.1443447263775286,-0.20435564718027058,-1.1160737739252475,0.4781875469199617,-0.854722568656716,-0.4014830678366994,2.1751117468100603,1.8845494821702495,2.0217868532785768,-0.26228616495138807
1.452170862613236,2.593861932166801,1.3541960923295977,0.7816802482948478,0.003708951941653619,1.5719298324332074,-1.1223112968648774,-0.9136823078394842,-0.4232850958925599,-0.2158167769441807,-0.1413473244607061,-0.4014830678366994,-0.45974649415900753,-0.1126780150629839,-0.07479066767254888,-0.26228616495138807
-0.07146609322384039,1.1249372260608324,-0.5119092327835509,-1.044812051036983,0.4138177473198572,1.9414021511450001,-1.100277867352226,-0.9136823078394842,-0.3980927803277346,-0.2158167769441807,-0.854722568656716,-0.4014830678366994,2.1751117468100603,0.8859357335536329,2.0217868532785768,-0.26228616495138807
0.8898762717686011,-0.7112186565716302,0.3193558665850344,0.27432127625822805,0.4769114081472731,-0.8758242790324187,0.9598477920806798,1.2009141522389326,-0.03280420463777406,-0.9098211008083231,-0.854722568656716,2.490765066104216,2.1751117468100603,-0.1126780150629839,-0.07479066767254888,-0.26228616495138807
0.9080148069571367,-0.011730701283073033,-0.1895819493549152,2.4052289588120326,0.9658872795597466,-2.199766754416342,2.248803418570787,0.6789567981689427,1.9321964094185724,-0.2158167769441807,-0.1413473244607061,-0.4014830678366994,-0.45974649415900753,-0.1126780150629839,-0.07479066767254888,-0.26228616495138807
-1.2141938101016483,0.7751932484165538,0.1327453340737205,0.7309443510911864,-1.179297188572395,0.017067157854413532,-0.8358767132004091,-1.4891737495063948,0.44584979109389944,-0.9098211008083231,-0.1413473244607061,2.490765066104216,-0.45974649415900753,-1.1112917636796007,-2.1713681886236746,-0.26228616495138807
1.0712616236539674,-0.5888082643961322,0.81132908866032,1.1537434944550362,0.17721651921704745,-1.56858487661703,1.246282375745148,1.2410647179366237,0.25690742435771236,-0.2158167769441807,-0.854722568656716,-0.4014830678366994,2.1751117468100603,0.8859357335536329,2.0217868532785768,-0.26228616495138807
0.27316607535835424,-0.11665389457635561,1.082762590494959,0.7816802482948478,-0.7691883931941916,-0.8142455592471198,0.04546046730564674,0.2908346630912579,-0.2217465713739611,-0.2158167769441807,-0.1413473244607061,-0.4014830678366994,-0.45974649415900753,-0.1126780150629839,-0.07479066767254888,-0.26228616495138807
1.089400158842503,0.5303724640655603,0.7604353070663231,-1.1970197426479698,0.2403101800444634,1.5565351524868827,-0.9460438607636662,0.39790283828510137,-1.4561700340503827,-0.2158167769441807,0.5720279197353038,-0.4014830678366994,-0.45974649415900753,-1.1112917636796007,-0.07479066767254888,-0.26228616495138807
-0.10774316360091418,2.4189899433446618,2.015815253051533,1.0522717000477109,-1.9679679489150945,1.1716681538287657,-2.212966057741121,-1.9308299721810005,-0.7129967248880481,-0.2158167769441807,-0.854722568656716,-0.4014830678366994,2.1751117468100603,0.8859357335536329,2.0217868532785768,-0.26228616495138807
0.5089670328093326,0.6178084584766299,-1.614607833986775,0.9846238371094963,1.9438390223846935,-0.35240516085737905,1.609833962703896,-0.09728747198642514,1.9321964094185724,0.4781875469199617,-0.1413473244607061,-0.4014830678366994,-0.45974649415900753,0.8859357335536329,-0.07479066767254888,-0.26228616495138807
0.38199728648957565,-0.15162829234078395,0.35328505431436485,-0.3514214559202702,0.003708951941653619,0.18640863726398513,-0.1308069687955644,0.3979028382851033,-0.5240543581518611,-0.2158167769441807,-0.1413473244607061,-0.4014830678366994,-0.45974649415900753,-0.1126780150629839,-0.07479066767254888,-0.26228616495138807
0.18247339941567103,-0.4139362755739929,0.6925769316076646,0.8493281112330624,-0.4852669194708199,-1.1375338381199382,0.47511234280234904,0.4514369258820241,0.11834968875117415,-0.2158167769441807,-0.1413473244607061,-0.4014830678366994,-0.45974649415900753,-0.1126780150629839,-0.07479066767254888,-0.26228616495138807
1.2345084403507982,-0.3439874800451362,0.896152057983645,-0.23303769577839176,0.2403101800444634,-0.09069560176985932,0.2327446181631837,1.174147108440471,-0.8389583027121728,-0.2158167769441807,-0.1413473244607061,-0.4014830678366994,-0.45974649415900753,-0.1126780150629839,-0.07479066767254888,-0.26228616495138807
1.796803031195433,1.579604396998396,1.2354439352769446,1.4750708434115607,0.4138177473198572,0.04785651774706291,0.25477804767583506,0.1168488784012619,0.1813304776632365,-0.2158167769441807,-0.1413473244607061,-0.4014830678366994,-0.45974649415900753,-0.1126780150629839,-0.07479066767254888,-0.26228616495138807
2.667452720245194,1.3872452092940413,0.14970992793838453,0.3927050364001065,2.1804402504875036,0.8637745549022717,0.9047642182990513,0.9064766704558633,0.1813304776632383,0.4781875469199617,-0.1413473244607061,-0.4014830678366994,-0.45974649415900753,0.8859357335536329,-0.07479066767254888,-0.26228616495138807
0.7629065254488441,1.7020147891738915,-1.3262097382874698,0.798592214029401,1.8965187767641316,0.7714064752243235,0.7725636412231429,-0.7396965231494882,1.5795039915110218,-0.2158167769441807,-0.1413473244607061,-0.4014830678366994,-0.45974649415900753,-0.1126780150629839,-0.07479066767254888,-0.26228616495138807
-1.0872240637818937,-1.900348180562177,-0.9529886732648396,1.0184477685786024,-0.05938470888576232,-2.600028433020784,1.8191515430740848,0.6521897543704813,1.466138571469309,-0.2158167769441807,0.5720279197353038,-0.4014830678366994,-0.45974649415900753,-1.1112917636796007,-0.07479066767254888,-0.26228616495138807
1.343339651482017,0.6352956573588429,0.9131166518483089,2.8280281021758826,0.3191772560787333,-2.015030595060446,1.6649175364855247,0.5049710134789468,1.4283500981220736,-0.9098211008083231,-0.1413473244607061,2.490765066104216,-0.45974649415900753,-1.1112917636796007,-2.1713681886236746,-0.26228616495138807
-0.18029730435506178,-0.9560394409226237,0.828293682524984,0.358881104930998,-0.9269225452627314,-1.1683231980125877,0.18867775913788085,0.5986556667735586,-0.3477081491980858,-0.2158167769441807,-0.1413473244607061,-0.4014830678366994,-0.45974649415900753,-0.1126780150629839,-0.07479066767254888,-0.26228616495138807
-0.9058387118965274,1.9293483746426745,0.9470458395776394,0.1390255503817966,-1.6682730599848687,1.5719298324332074,-2.2900830610354013,-2.1449663225686915,-0.5996313048463352,-0.2158167769441807,-0.1413473244607061,-0.4014830678366994,-0.45974649415900753,-0.1126780150629839,-0.07479066767254888,-0.26228616495138807
0.7084909198832346,-0.2915258833984949,-0.7663781407535257,0.443440933603768,1.3286758293173881,-0.6602987597838729,1.400516382333708,0.7458744076650952,0.8993114712607495,-0.9098211008083231,-0.1413473244607061,2.490765066104216,-0.45974649415900753,-1.1112917636796007,-2.1713681886236746,-0.26228616495138807
1.0712616236539674,0.4429364696544906,0.5229309929610148,0.443440933603768,0.44536457773356514,-0.013722202038235855,0.32087833621378925,0.4514369258820241,-0.05799652020259936,-0.2158167769441807,-0.1413473244607061,-0.4014830678366994,-0.45974649415900753,-0.1126780150629839,-0.07479066767254888,-0.26228616495138807
0.9080148069571367,0.4604236685367035,0.20060370953237902,1.9655178497136274,0.603098729802105,-1.3838487172611336,1.4115330970900335,0.3176017068897192,1.3149846780803607,-0.2158167769441807,-0.1413473244607061,-0.4014830678366994,-0.45974649415900753,-0.1126780150629839,-0.07479066767254888,-0.26228616495138807
0.7991835958259179,2.0517587668181703,0.7943644947956535,1.1706554601895893,-0.04361129367890833,0.7406171153316741,-0.5604588442922667,-0.9805999173356367,0.2820997399225377,-0.9098211008083231,-0.1413473244607061,2.490765066104216,-0.45974649415900753,-1.1112917636796007,-2.1713681886236746,-0.26228616495138807
2.5404829739254344,2.4889387388735185,1.0488334027656283,-0.08083000416740725,1.2340353380762643,2.2646904300178186,-0.7587597099061293,-0.030369862490272702,-0.8389583027121728,-0.9098211008083231,-0.854722568656716,2.490765066104216,2.1751117468100603,-0.1126780150629839,-0.07479066767254888,-0.26228616495138807
-0.3254055858633544,0.7227316517699125,1.8122401266755528,0.10520161891268812,-1.9679679489150945,0.5404862760294531,-1.761280752731768,-0.793230610746411,-1.2672276673141958,-0.9098211008083231,-0.854722568656716,2.490765066104216,2.1751117468100603,-0.1126780150629839,-0.07479066767254888,-0.26228616495138807
-0.07146609322384039,1.2648348171185433,-1.003882454858834,0.4096170021346595,0.8712467883186227,0.7406171153316741,0.07851061157462391,-1.0207504830333278,1.0504653646496978,-0.9098211008083231,-0.854722568656716,2.490765066104216,2.1751117468100603,-0.1126780150629839,-0.07479066767254888,-0.26228616495138807
0.7629065254488441,0.9325780383564801,-0.6985197652948648,2.6419964790957846,1.3129024141105343,-1.5839795565633545,2.050502552956924,-0.15082155958334786,2.4864273518447177,-0.2158167769441807,-0.1413473244607061,-0.4014830678366994,-0.45974649415900753,-0.1126780150629839,-0.07479066767254888,-0.26228616495138807
1.143815764408115,0.8976036405920518,0.726506119336995,0.6125605909493079,0.3191772560787333,0.23259267710295922,0.05647718206197248,0.1569994440989549,-0.08318883576742465,-0.2158167769441807,-0.1413473244607061,-0.4014830678366994,-0.45974649415900753,-0.1126780150629839,-0.07479066767254888,-0.26228616495138807
0.8173221310144535,-0.4314234744562058,0.23453289726170948,-0.46980521606214865,0.4926848233541271,0.04785651774706291,0.30986162145746354,0.9332437142543208,-0.5240543581518611,-0.2158167769441807,-0.1413473244607061,-0.4014830678366994,-0.45974649415900753,-0.1126780150629839,-0.07479066767254888,-0.26228616495138807
0.21875046979274484,-0.4314234744562058,-0.3592278880015651,0.3081452077273365,0.5242316537678351,-0.6602987597838729,0.838663929761097,0.4915874915797152,0.49623442222355,-0.2158167769441807,-0.1413473244607061,-0.4014830678366994,-0.45974649415900753,-0.1126780150629839,-0.07479066767254888,-0.26228616495138807
1.0349845532768938,-0.2915258833984949,-0.2404757309489097,2.185373404262829,1.1236214316282864,-2.2459507942553163,2.392020710403021,0.9867778018512435,1.8062348315944459,-0.2158167769441807,0.5720279197353038,-0.4014830678366994,-0.45974649415900753,-1.1112917636796007,-0.07479066767254888,-0.26228616495138807
-0.6156221488799396,-0.7112186565716302,0.7773999009309895,0.9846238371094963,-1.258164264606665,-1.5224008367780557,0.21071118865053223,0.09008183460280245,0.156138162098413,-0.2158167769441807,-0.1413473244607061,-0.4014830678366994,-0.45974649415900753,-0.1126780150629839,-0.07479066767254888,-0.26228616495138807
0.20061193460420923,1.4222196070584696,0.5398955868256787,2.2530212672010457,-0.32753276740228005,-0.7988508793007952,0.34291176572644066,-0.9404493516379455,1.2771962047331236,-0.2158167769441807,-0.1413473244607061,-0.4014830678366994,-0.45974649415900753,-0.1126780150629839,-0.07479066767254888,-0.26228616495138807
1.252646975539334,0.39047487300784683,0.9640104334423034,-1.2477556398516314,0.19298993442390142,1.4795617527552594,-0.9240104312510148,0.6254227105720219,-1.6451124007865698,-0.2158167769441807,-0.1413473244607061,-0.4014830678366994,-0.45974649415900753,-0.1126780150629839,-0.07479066767254888,-0.26228616495138807
-0.216574374732133,1.5271428003517522,0.7943644947956535,0.49417683080742947,-0.9269225452627314,0.894563914794921,-1.2875620182097627,-1.3285714867156286,-0.2217465713739611,-0.2158167769441807,-0.1413473244607061,-0.4014830678366994,-0.45974649415900753,-0.1126780150629839,-0.07479066767254888,-0.26228616495138807
-2.2118132454711636,-1.3057834185669022,0.8791874641189785,-1.3999633314626183,-2.7408652940509395,0.12482991747868638,-2.003648477370933,-0.6326283479556447,-1.6954970319162204,0.4781875469199617,0.5720279197353038,-0.4014830678366994,-0.45974649415900753,-0.1126780150629839,-0.07479066767254888,-0.26228616495138807
2.0688810590234827,2.558887534402375,0.4890018052316843,-0.01318214122919032,1.3444492445242422,2.2646904300178186,-0.6816427066118493,-0.43187551946718733,-0.3729004647629111,-0.2158167769441807,-0.1413473244607061,-0.4014830678366994,-0.45974649415900753,-0.1126780150629839,-0.07479066767254888,-0.26228616495138807
-0.4523753321831114,0.40796207189006223,-0.545838420512879,0.3419691391964426,0.11412285838963149,0.04785651774706291,0.04546046730564678,-0.6460118698548764,0.6599844733949101,0.4781875469199617,-0.1413473244607061,-0.4014830678366994,-0.45974649415900753,0.8859357335536329,-0.07479066767254888,-0.26228616495138807
-0.3798211914289638,1.8768867779960308,1.9649214714575387,0.2574093105236726,-2.157248931397342,1.4179830329699605,-2.521434070918241,-1.7166936217933135,-1.2672276673141976,-0.2158167769441807,0.5720279197353038,-0.4014830678366994,-0.45974649415900753,-1.1112917636796007,-0.07479066767254888,-0.26228616495138807
1.8149415663839688,1.1773988227074736,1.0488334027656283,0.42652896786921257,0.603098729802105,0.6482490356537259,-0.04267325074495882,0.43805340398279435,-0.46107356923979875,-0.2158167769441807,-0.1413473244607061,-0.4014830678366994,-0.45974649415900753,-0.1126780150629839,-0.07479066767254888,-0.26228616495138807
0.8898762717686011,0.21560288418570756,0.21756830339704544,-0.13156590137106874,0.571551899388397,0.3095660768345827,0.17766104438155522,0.4915874915797171,-0.2595350447212,-0.9098211008083231,-0.854722568656716,2.490765066104216,2.1751117468100603,-0.1126780150629839,-0.07479066767254888,-0.26228616495138807
1.016846018088358,0.40796207189006223,2.3890363180741607,1.0015358028440493,-1.337031340640935,-0.5525360001596,-0.5384254147796153,0.43805340398279435,-1.0279006694483581,-0.2158167769441807,-0.1413473244607061,-0.4014830678366994,-0.45974649415900753,-0.1126780150629839,-0.07479066767254888,-0.26228616495138807
0.40013582167811124,-0.5013722699850626,0.45507261750235384,-0.3514214559202702,-0.0751581240926163,-0.12148496166250872,0.03444375254932109,0.6789567981689427,-0.5996313048463352,-0.2158167769441807,-0.1413473244607061,-0.4014830678366994,-0.45974649415900753,-0.1126780150629839,-0.07479066767254888,-0.26228616495138807
0.9261533421456749,-0.36147467892735163,0.030957770885729135,1.1368315287204809,0.7766062970774988,-1.3530593573684842,1.5106835298969647,0.9600107580527841,0.8237345245662736,0.4781875469199617,-0.1413473244607061,-0.4014830678366994,-0.45974649415900753,0.8859357335536329,-0.07479066767254888,-0.26228616495138807
-0.27098998029774496,1.2298604193541174,0.6077539622843396,0.9338879399058324,-0.8007352236078995,0.23259267710295922,-0.7257095656371522,-1.1412021801264047,0.24431126657529886,-0.2158167769441807,-0.1413473244607061,-0.4014830678366994,-0.45974649415900753,-0.1126780150629839,-0.07479066767254888,-0.26228616495138807
0.8898762717686011,-0.32650028116292323,0.030957770885729135,0.3419691391964426,0.7450594666637909,-0.5987200399985741,0.9488310773243541,0.9064766704558614,0.23171510879288712,-0.2158167769441807,-0.1413473244607061,-0.4014830678366994,-0.45974649415900753,-0.1126780150629839,-0.07479066767254888,-0.26228616495138807
1.8693571719495807,-0.46639787222063417,0.7943644947956535,1.847134089571749,0.8870202035254766,-2.0920039947920697,2.116602841494878,1.7362550282081521,0.7859460512190365,-0.2158167769441807,-0.1413473244607061,-0.4014830678366994,-0.45974649415900753,-0.1126780150629839,-0.07479066767254888,-0.26228616495138807
1.3614781866705528,-0.5713210655139193,2.083673628510194,-0.3514214559202702,-0.7534149779873376,-0.18306368144780746,-0.39520812294738117,1.4418175464250809,-1.8088624519579333,0.4781875469199617,1.2854031639313137,-0.4014830678366994,-0.45974649415900753,-1.1112917636796007,-0.07479066767254888,-0.26228616495138807
2.7944224665649484,-0.5013722699850626,-0.002971416843601321,-0.9433402566296599,2.432814893797167,0.41732883645885555,1.400516382333708,2.4455816888673674,-0.7004005671056346,-0.2158167769441807,-0.854722568656716,-0.4014830678366994,2.1751117468100603,0.8859357335536329,2.0217868532785768,-0.26228616495138807
-1.1053625989704294,0.16314128753906626,-1.2753159566934753,0.10520161891268812,0.2245367648376094,0.04785651774706291,0.12257747059992669,-0.9404493516379455,1.0252730490848743,-0.2158167769441807,-0.1413473244607061,-0.4014830678366994,-0.45974649415900753,-0.1126780150629839,-0.07479066767254888,-0.26228616495138807
-0.4160982618060376,2.2266307556403095,-0.5967322021068758,0.7816802482948478,0.19298993442390142,1.248641553560389,-0.7587597099061293,-2.0111311035763846,1.0252730490848743,-0.2158167769441807,-0.1413473244607061,-0.4014830678366994,-0.45974649415900753,-0.1126780150629839,-0.07479066767254888,-0.26228616495138807
-1.6676571898150643,0.6178084584766299,0.6077539622843396,0.42652896786921257,-2.0152881945356564,0.15561927737133577,-1.5189130280926024,-1.7033100998940838,-0.13357346689707522,-0.2158167769441807,-0.854722568656716,-0.4014830678366994,2.1751117468100603,0.8859357335536329,2.0217868532785768,-0.26228616495138807
1.143815764408115,0.16314128753906626,1.0488334027656283,-1.4168752971971714,0.019482367148507602,1.433377712916285,-1.0121441493016203,0.7191073638666358,-1.8340547675227568,0.4781875469199617,0.5720279197353038,-0.4014830678366994,-0.45974649415900753,-0.1126780150629839,-0.07479066767254888,-0.26228616495138807
0.7629065254488441,-0.20408988898742525,2.40600091193883,1.694926397960762,-1.573632568743745,-1.722531676080277,0.13359418535625242,0.7191073638666338,-0.5240543581518629,-0.9098211008083231,0.5720279197353038,2.490765066104216,-0.45974649415900753,-2.1099055122962174,-2.1713681886236746,-0.26228616495138807
0.6540753143176252,1.7020147891738915,-0.0538651984375958,1.2552152888623591,0.6188721450089589,0.3557501166735568,0.17766104438155514,-0.8199976545448704,0.9748884179552235,-0.2158167769441807,-0.854722568656716,-0.4014830678366994,2.1751117468100603,0.8859357335536329,2.0217868532785768,-0.26228616495138807
1.5610020737444572,0.7052444528876995,0.28542667885570394,-0.5205411132658101,1.0920746012145786,1.0946947540971421,-0.020639821232307405,0.6120391886727903,-0.5996313048463352,-0.2158167769441807,0.5720279197353038,-0.4014830678366994,-0.45974649415900753,-1.1112917636796007,-0.07479066767254888,-0.26228616495138807
2.250266410908849,-0.7986546509826998,0.8622228702543144,1.2721272545969122,1.1551682620419945,-1.8610837955971993,2.1386362710075297,2.2715959041773717,0.30729205548736116,-0.9098211008083231,-0.1413473244607061,2.490765066104216,-0.45974649415900753,-1.1112917636796007,-2.1713681886236746,-0.26228616495138807
1.5247250033673836,2.3490411478158073,1.2693731230062728,0.02064179023991815,0.14566968880333947,2.0491649107692727,-1.3646790215040425,-0.6727789136533358,-0.9271314071890586,0.4781875469199617,-0.854722568656716,-0.4014830678366994,2.1751117468100603,1.8845494821702495,2.0217868532785768,-0.26228616495138807
0.8535992013915272,-0.20408988898742525,-0.3083341064075706,1.0015358028440493,1.0289809403871626,-1.0913497982809643,1.4996668151406392,0.7860249733627862,0.9748884179552235,1.1721918707841041,1.2854031639313137,-0.4014830678366994,-0.45974649415900753,-0.1126780150629839,-0.07479066767254888,-0.26228616495138807
1.016846018088358,0.6877572540054842,-0.002971416843601321,-0.26686162724750023,0.8870202035254766,0.8483798749559469,0.012410323036669682,0.22391705359510733,-0.1965542558091358,-0.2158167769441807,-0.1413473244607061,-0.4014830678366994,-0.45974649415900753,-0.1126780150629839,-0.07479066767254888,-0.26228616495138807
0.16433486422713542,0.33801327636120554,0.726506119336995,0.358881104930998,-0.5325871650913818,-0.02911688198456055,-0.3511412639220784,-0.13743803768411622,-0.2721312025036117,-0.2158167769441807,0.5720279197353038,-0.4014830678366994,-0.45974649415900753,-1.1112917636796007,-0.07479066767254888,-0.26228616495138807
-0.216574374732133,0.6877572540054842,0.33632046044969843,0.10520161891268812,-0.5010403346776738,0.5096969161368037,-0.7146928508808266,-0.6861624355525655,-0.1713619402443105,0.4781875469199617,-0.1413473244607061,-0.4014830678366994,-0.45974649415900753,0.8859357335536329,-0.07479066767254888,-0.26228616495138807
0.7447679902603085,0.6527828562410558,-0.1895819493549152,-1.5859949545427112,0.8239265426980608,2.0183755508766237,-0.8689268574693861,0.04993126890511137,-1.0404968272307715,-0.2158167769441807,-0.1413473244607061,-0.4014830678366994,-0.45974649415900753,-0.1126780150629839,-0.07479066767254888,-0.26228616495138807
-0.4342367969945732,-1.498142606271257,-0.6815551714302008,1.6272785350225476,0.2560835952513174,-2.800159272323005,2.1827031300328326,0.8261755390604792,1.71806172711756,-0.2158167769441807,-0.854722568656716,-0.4014830678366994,2.1751117468100603,0.8859357335536329,2.0217868532785768,-0.26228616495138807
-0.03518902284676659,0.6702700551232712,0.16667452180304856,0.3081452077273365,-0.18557203054059418,0.3095660768345827,-0.3511412639220784,-0.538943694661031,0.10575353096876418,-0.2158167769441807,-0.1413473244607061,-0.4014830678366994,-0.45974649415900753,-0.1126780150629839,-0.07479066767254888,-0.26228616495138807
-1.1053625989704294,0.5828340607122016,-1.088705424182159,1.3059511860660207,0.05102919756221557,-0.6756934397301976,0.5191792018276519,-1.261653877219478,1.7810425160296206,-0.2158167769441807,-0.1413473244607061,-0.4014830678366994,-0.45974649415900753,-0.1126780150629839,-0.07479066767254888,-0.26228616495138807
0.7084909198832346,0.11067969089242496,2.5926114444501436,0.5787366594801995,-1.7944603816397007,-0.42937856058900253,-0.9460438607636662,0.43805340398279435,-1.4939585073976216,-0.2158167769441807,-0.1413473244607061,-0.4014830678366994,-0.45974649415900753,-0.1126780150629839,-0.07479066767254888,-0.26228616495138807
0.03736511790737843,-1.6730145950933963,1.2863377168709391,0.7647682825602924,-1.1635237733655412,-2.168977394523693,0.7395134969541659,1.307982327432776,-0.3854966225453247,-0.2158167769441807,-0.1413473244607061,-0.4014830678366994,-0.45974649415900753,-0.1126780150629839,-0.07479066767254888,-0.26228616495138807
1.5247250033673836,1.911861175760459,2.2193903794275136,0.5956486252147525,-0.7376415627804837,1.1408787939361162,-1.3316288772350655,-0.33819086617257355,-1.2042468784021352,-0.2158167769441807,-0.1413473244607061,-0.4014830678366994,-0.45974649415900753,-0.1126780150629839,-0.07479066767254888,-0.26228616495138807
1.6516947496871406,1.8593995791138178,0.28542667885570394,1.3397751175351291,1.1709416772488486,0.41732883645885555,0.5191792018276519,-0.20435564718026866,0.7859460512190365,-0.2158167769441807,-0.1413473244607061,-0.4014830678366994,-0.45974649415900753,-0.1126780150629839,-0.07479066767254888,-0.26228616495138807
-0.1984358395435974,-0.046705099047501385,-0.3252987002722346,0.37579307066555107,0.12989627359648548,-0.38319452075002847,0.364945195239092,-0.11067099388565486,0.5214267377883736,-0.2158167769441807,0.5720279197353038,-0.4014830678366994,-0.45974649415900753,-1.1112917636796007,-0.07479066767254888,-0.26228616495138807
0.7266294550717702,0.4779108674189165,0.08185155247972362,-1.2308436741170783,0.5557784841815431,1.5411404725405582,-0.7146928508808266,0.17038296599818462,-0.9775160383187093,-0.2158167769441807,-0.854722568656716,-0.4014830678366994,2.1751117468100603,0.8859357335536329,2.0217868532785768,-0.26228616495138807
-0.3254055858633544,0.9150908394742647,0.4890018052316843,-0.3006855587166087,-0.7376415627804837,1.0793000741508174,-1.2875620182097627,-0.9404493516379455,-0.5870351470639235,-0.9098211008083231,-0.1413473244607061,2.490765066104216,-0.45974649415900753,-1.1112917636796007,-2.1713681886236746,-0.26228616495138807
2.5948985794910464,-0.4139362755739929,-0.019936010708265343,0.1897614475854581,2.2750807417286274,-0.5371413202132754,1.9733855496626445,2.2314453384796806,0.156138162098413,-0.2158167769441807,-0.854722568656716,-0.4014830678366994,2.1751117468100603,0.8859357335536329,2.0217868532785768,-0.26228616495138807
1.996326918269335,0.0757052931279966,0.18363911566771499,0.8831520427021708,1.565277057420198,-0.7372721595154964,1.6208506774602218,1.4150505026266196,0.5214267377883736,-0.9098211008083231,-0.1413473244607061,2.490765066104216,-0.45974649415900753,-1.1112917636796007,-2.1713681886236746,-0.26228616495138807
1.833080101572507,0.7751932484165538,1.0657979966302948,1.5258067406152223,0.603098729802105,-0.706482799622847,0.9267976478117027,0.7592579295643268,0.3450805288345982,-0.2158167769441807,-0.854722568656716,-0.4014830678366994,2.1751117468100603,0.8859357335536329,2.0217868532785768,-0.26228616495138807
1.70611035525275,0.21560288418570756,0.47203721136702026,0.6802084538875225,1.0447543555940164,-0.42937856058900253,1.0369647953749597,1.093845977045089,0.15613816209841122,-0.2158167769441807,-0.854722568656716,-0.4014830678366994,2.1751117468100603,0.8859357335536329,2.0217868532785768,-0.26228616495138807
1.053123088465432,-0.7112186565716302,2.202425785562847,1.762574260898979,-1.1319769429518332,-2.2305561143089916,0.8056137854921199,1.3213658493320077,-0.32251583363326053,-0.9098211008083231,0.5720279197353038,2.490765066104216,-0.45974649415900753,-2.1099055122962174,-2.1713681886236746,-0.26228616495138807
0.7629065254488441,-0.8161418498649128,1.0318688089009644,-0.31759752445116174,-0.29598593698857206,-0.42937856058900253,0.10054404108727528,1.1875306303397009,-1.0027083538835346,-0.9098211008083231,-0.854722568656716,2.490765066104216,2.1751117468100603,-0.1126780150629839,-0.07479066767254888,-0.26228616495138807
-1.740211330569212,0.7227316517699125,1.4559836555175891,0.17284948185090265,-2.8670526157057714,0.4789075562441543,-2.34516663481703,-1.8371453188863887,-0.9523237227538858,-0.2158167769441807,0.5720279197353038,-0.4014830678366994,-0.45974649415900753,-1.1112917636796007,-0.07479066767254888,-0.26228616495138807
-0.3254055858633544,0.9150908394742647,-0.7663781407535257,-0.14847786710562177,0.4295911625267112,0.9407479546338952,-0.3731746934347298,-0.9404493516379455,0.45844594887631296,-0.2158167769441807,-0.1413473244607061,-0.4014830678366994,-0.45974649415900753,-0.1126780150629839,-0.07479066767254888,-0.26228616495138807
0.7991835958259179,2.1916563578758836,-0.25744032481357615,0.443440933603768,0.9343404491460388,1.5257457925942333,-0.43927498197268383,-1.0876680925294822,0.5214267377883753,-0.2158167769441807,-0.1413473244607061,-0.4014830678366994,-0.45974649415900753,-0.1126780150629839,-0.07479066767254888,-0.26228616495138807
-0.4886524025601826,-1.9178353794443899,-0.4949446389188845,0.6125605909493079,0.03525578235536159,-2.2459507942553163,1.6318673922165474,1.1072294989443188,0.8237345245662736,-0.2158167769441807,-0.1413473244607061,-0.4014830678366994,-0.45974649415900753,-0.1126780150629839,-0.07479066767254888,-0.26228616495138807
1.8149415663839688,0.5828340607122016,1.1845501536829477,0.3419691391964426,0.4769114081472731,0.20180331721030983,0.18867775913788085,0.8930931485566298,-0.6248236204111605,-0.9098211008083231,-0.1413473244607061,2.490765066104216,-0.45974649415900753,-1.1112917636796007,-2.1713681886236746,-0.26228616495138807
-0.5249294729372564,0.5478596629477732,1.2524085291416087,2.354493061608369,-1.6209528143643068,-1.660952956294978,0.0564771820619724,-0.8066141326456406,0.8237345245662736,-0.2158167769441807,0.5720279197353038,-0.4014830678366994,-0.45974649415900753,-1.1112917636796007,-0.07479066767254888,-0.26228616495138807
-0.4342367969945732,-0.8336290487471282,0.81132908866032,-0.9264282908951069,-1.1319769429518332,0.10943523753236167,-0.8689268574693861,0.3176017068897211,-1.2924199828790228,1.1721918707841041,-0.854722568656716,-0.4014830678366994,2.1751117468100603,2.883163230786866,2.0217868532785768,-0.26228616495138807
0.41827435686664943,-0.3439874800451362,-0.7833427346181898,-0.19921376430928328,1.0920746012145786,-0.12148496166250872,0.8496806445174229,0.5718886229750992,0.4332536333114877,1.1721918707841041,-0.1413473244607061,-0.4014830678366994,-0.45974649415900753,1.8845494821702495,-0.07479066767254888,-0.26228616495138807
0.7991835958259179,0.6352956573588429,2.287248754886172,0.6632964881529695,-1.431671831882059,-0.04451156193088524,-0.9680772902763175,0.10346535650203217,-1.2042468784021334,-0.2158167769441807,-0.1413473244607061,-0.4014830678366994,-0.45974649415900753,-0.1126780150629839,-0.07479066767254888,-0.26228616495138807
-0.3072670506748162,0.1456540886568533,-0.1726173554902512,1.0522717000477109,-0.10670495450632426,-0.8296402391934445,0.5191792018276519,-0.33819086617257355,0.9119076290431612,0.4781875469199617,-0.1413473244607061,-0.4014830678366994,-0.45974649415900753,0.8859357335536329,-0.07479066767254888,-0.26228616495138807
-0.724453360011161,0.6352956573588429,0.33632046044969843,1.9147819525099659,-0.9426959604695854,-1.1837178779589126,0.1886777591378809,-1.0207504830333296,1.176426942473824,-0.2158167769441807,-0.1413473244607061,-0.4014830678366994,-0.45974649415900753,-0.1126780150629839,-0.07479066767254888,-0.26228616495138807
1.8693571719495807,1.9293483746426745,1.6595587818935693,0.443440933603768,0.08257602797592353,1.2948255933993629,-0.8689268574693861,-0.09728747198642514,-0.9019390916242351,0.4781875469199617,-0.1413473244607061,-0.4014830678366994,-0.45974649415900753,0.8859357335536329,-0.07479066767254888,-0.26228616495138807
0.5815211735634777,-0.8860906453937695,-0.7833427346181898,0.07137768744357965,1.2340353380762643,-0.8450349191397692,1.466616670871662,1.1072294989443188,0.6347921578300866,-0.2158167769441807,-0.1413473244607061,-0.4014830678366994,-0.45974649415900753,-0.1126780150629839,-0.07479066767254888,-0.26228616495138807
0.055503653095916615,2.156681960111455,1.082762590494959,-0.11465393563651333,-0.9584693756764393,2.002980870930299,-2.102798910177864,-1.60962544659947,-0.8893429338418216,-0.2158167769441807,-0.1413473244607061,-0.4014830678366994,-0.45974649415900753,-0.1126780150629839,-0.07479066767254888,-0.26228616495138807
0.36385875130103745,0.7227316517699125,0.14970992793838453,-1.1970197426479698,0.17721651921704745,1.7258766318964542,-1.1112945821085516,-0.28465677857565275,-1.0027083538835346,-0.2158167769441807,-0.1413473244607061,-0.4014830678366994,-0.45974649415900753,-0.1126780150629839,-0.07479066767254888,-0.26228616495138807
2.032603988646409,1.9468355735248875,0.30239127272037036,0.443440933603768,1.486409981385928,1.3102202733456878,0.10054404108727524,0.009780703207418383,0.10575353096876239,-0.2158167769441807,-0.854722568656716,-0.4014830678366994,2.1751117468100603,0.8859357335536329,2.0217868532785768,-0.26228616495138807
-0.2528514451092068,0.9850396350031214,-0.10475898003159027,-0.01318214122919032,-0.12247836971317826,0.8791692348485963,-0.7146928508808265,-0.9404493516379455,0.06796505762152534,-0.9098211008083231,-0.1413473244607061,2.490765066104216,-0.45974649415900753,-1.1112917636796007,-2.1713681886236746,-0.26228616495138807
1.0349845532768938,1.089962828296404,-0.03690060457292937,0.5618246937456465,0.9343404491460388,0.44811819635150496,0.33189505097011496,-0.07052042818796378,0.44584979109389944,-0.2158167769441807,-0.1413473244607061,-0.4014830678366994,-0.45974649415900753,-0.1126780150629839,-0.07479066767254888,-0.26228616495138807
0.9442918773342105,1.7369891869383198,-0.7663781407535257,-0.2499496615129472,1.5337302270064899,1.7566659917891037,-0.1858905425771929,-0.6326283479556447,0.38286900218183706,-0.2158167769441807,-0.854722568656716,-0.4014830678366994,2.1751117468100603,0.8859357335536329,2.0217868532785768,-0.26228616495138807
0.001088047530304632,0.5653468618299862,0.726506119336995,0.27432127625822805,-0.6745479019530677,0.2479873570492839,-0.6485925623428722,-0.43187551946718733,-0.33511199141567405,-0.2158167769441807,-0.1413473244607061,-0.4014830678366994,-0.45974649415900753,-0.1126780150629839,-0.07479066767254888,-0.26228616495138807
-1.994150823208726,-1.0085010375692676,1.6934879696228975,0.49417683080742947,-3.308708241497683,-1.3376646774221597,-1.353662306747717,-0.6995459574517972,-0.8893429338418216,0.4781875469199617,-0.1413473244607061,-0.4014830678366994,-0.45974649415900753,0.8859357335536329,-0.07479066767254888,-0.26228616495138807
0.6177982439405515,-0.7811674521004844,1.8461693144048832,-0.23303769577839176,-1.179297188572395,-0.4755626004279766,-0.48334184099798677,1.053695411347396,-1.5443431385272703,-0.2158167769441807,-0.1413473244607061,-0.4014830678366994,-0.45974649415900753,-0.1126780150629839,-0.07479066767254888,-0.26228616495138807
0.9261533421456749,-0.30901308228071034,2.3381425364801687,-1.1631958111788614,-1.368578171054643,0.7868011551706482,-1.5189130280926024,0.9198601923550931,-2.6024203922499187,-0.2158167769441807,0.5720279197353038,-0.4014830678366994,-0.45974649415900753,-1.1112917636796007,-0.07479066767254888,-0.26228616495138807
0.10991925866152602,0.18062848642128168,-1.3092451444228035,0.9677118713749409,1.3129024141105343,-0.7218774795691717,1.4335665266026847,-0.05713690628873406,1.692869411552733,-0.2158167769441807,-0.1413473244607061,-0.4014830678366994,-0.45974649415900753,-0.1126780150629839,-0.07479066767254888,-0.26228616495138807
0.8898762717686011,-2.0577329705021032,-1.0547762364528286,0.6463845224184164,1.7545580399024456,-2.3998975937185634,2.9428564482193056,2.2314453384796806,1.26460004695071,-0.2158167769441807,0.5720279197353038,-0.4014830678366994,-0.45974649415900753,-1.1112917636796007,-0.07479066767254888,-0.26228616495138807
0.14619632903859983,2.0692459657003854,-1.2074575812348145,1.407422980473346,1.2498087532831184,0.5404862760294531,0.4861290575586748,-1.475790227607165,1.944792567200984,-0.2158167769441807,0.5720279197353038,-0.4014830678366994,-0.45974649415900753,-1.1112917636796007,-0.07479066767254888,-0.26228616495138807
1.6335562144986022,0.3030388785967772,-0.002971416843601321,0.3081452077273365,1.423316320558512,-0.013722202038235855,1.0039146511059827,0.9733942799520139,0.2317151087928889,-0.2158167769441807,-0.1413473244607061,-0.4014830678366994,-0.45974649415900753,-0.1126780150629839,-0.07479066767254888,-0.26228616495138807
1.21636990516226,-1.2358346230380481,1.7104525634875638,-1.2308436741170783,-0.5325871650913818,0.03246183780073822,-0.39520812294738117,1.8433232034019955,-2.1867471854303075,-0.2158167769441807,-0.1413473244607061,-0.4014830678366994,-0.45974649415900753,-0.1126780150629839,-0.07479066767254888,-0.26228616495138807
1.1800928347851862,1.6845275902916785,0.7095415254723286,0.9169759741712793,0.36649750169929524,0.6482490356537259,-0.2079239720898443,-0.41849199756795763,0.156138162098413,-0.2158167769441807,0.5720279197353038,-0.4014830678366994,-0.45974649415900753,-1.1112917636796007,-0.07479066767254888,-0.26228616495138807
-0.16215876916652358,-0.5538338666317039,-1.0547762364528286,-0.2499496615129472,0.8396999579049147,-0.2600370811794309,0.7725636412231428,0.3042181849904895,0.5970036844828477,-0.9098211008083231,0.5720279197353038,2.490765066104216,-0.45974649415900753,-2.1099055122962174,-2.1713681886236746,-0.26228616495138807
0.12805779385006164,-0.5888082643961322,-1.6994308033101,1.2890392203314678,1.6914643790750297,-1.6917423161876273,2.392020710403021,0.5451215791766378,2.2219080384140586,-0.9098211008083231,0.5720279197353038,2.490765066104216,-0.45974649415900753,-2.1099055122962174,-2.1713681886236746,-0.26228616495138807
1.2707855107278696,-0.8161418498649128,1.3202669046002695,-0.26686162724750023,-0.12247836971317826,-0.4755626004279766,0.25477804767583506,1.5622692435181542,-1.17905456283731,-0.9098211008083231,0.5720279197353038,2.490765066104216,-0.45974649415900753,-2.1099055122962174,-2.1713681886236746,-0.26228616495138807
2.5223444387368987,1.7020147891738915,0.18363911566771499,0.3419691391964426,2.0227060984189635,1.1870628337750901,0.5632460608529547,0.5585051010758695,0.11834968875117415,0.4781875469199617,-0.1413473244607061,-0.4014830678366994,-0.45974649415900753,0.8859357335536329,-0.07479066767254888,-0.26228616495138807
-1.939735217643114,-0.046705099047501385,0.9640104334423034,0.5110887965419826,-2.5831311419823995,-0.506351960320626,-1.4417960247983226,-1.395489096211781,-0.33511199141567405,-0.2158167769441807,-0.1413473244607061,-0.4014830678366994,-0.45974649415900753,-0.1126780150629839,-0.07479066767254888,-0.26228616495138807
-1.994150823208726,1.4397068059406826,1.4390190616529226,0.8324161454985094,-3.072107013394873,0.5096969161368037,-2.5104173561619154,-2.5732390233440654,-0.44847741145738523,-0.2158167769441807,-0.854722568656716,-0.4014830678366994,2.1751117468100603,0.8859357335536329,2.0217868532785768,-0.26228616495138807
-1.54068744349531,0.4254492707722752,-0.9190594855355092,1.610366569287992,-0.4852669194708199,-1.0913497982809643,0.442062198533372,-1.4624067057079353,1.8818117782889199,-0.2158167769441807,-0.1413473244607061,-0.4014830678366994,-0.45974649415900753,-0.1126780150629839,-0.07479066767254888,-0.26228616495138807
1.579140608932993,1.0025268338853344,-0.34226329413690104,0.1897614475854581,1.6914643790750297,0.7098277554390248,0.6734132084162116,0.3979028382851033,0.39546515996425063,-0.2158167769441807,0.5720279197353038,-0.4014830678366994,-0.45974649415900753,-1.1112917636796007,-0.07479066767254888,-0.26228616495138807
-0.9965313878392106,-0.06419229792971431,-0.27440491867824013,-0.06391803843285182,-0.6114542411256517,0.0016724779080888352,-0.4282582672163583,-0.6861624355525674,0.156138162098413,-0.2158167769441807,0.5720279197353038,-0.4014830678366994,-0.45974649415900753,-1.1112917636796007,-0.07479066767254888,-0.26228616495138807
-0.10774316360091418,-1.2708090208024765,0.6925769316076646,0.37579307066555107,-0.7376415627804837,-1.4608221169927569,0.5301959165839775,0.8930931485566317,-0.23434272915637464,-0.2158167769441807,-0.1413473244607061,-0.4014830678366994,-0.45974649415900753,-0.1126780150629839,-0.07479066767254888,-0.26228616495138807
1.252646975539334,0.7751932484165538,-0.9360240794001756,0.037553755974471185,1.9596124375915476,0.6482490356537259,0.9047642182990513,0.33098522878895087,0.7229652623069742,-0.2158167769441807,0.5720279197353038,-0.4014830678366994,-0.45974649415900753,-1.1112917636796007,-0.07479066767254888,-0.26228616495138807
-0.36168265624042817,2.593861932166801,0.5907893684196732,0.6125605909493079,-0.8638288844353155,1.7258766318964542,-1.8383977560260476,-2.252034497762533,0.01758042649187654,0.4781875469199617,-0.1413473244607061,-0.4014830678366994,-0.45974649415900753,0.8859357335536329,-0.07479066767254888,-0.26228616495138807
-0.4342367969945732,-0.18660269010521233,0.9640104334423034,0.3419691391964426,-1.2739376798135191,-0.4755626004279766,-0.549442129535941,-0.17758860338180732,-0.46107356923979875,-0.2158167769441807,-0.854722568656716,-0.4014830678366994,2.1751117468100603,0.8859357335536329,2.0217868532785768,-0.26228616495138807
-0.5793450785028659,-0.6062954632783452,-0.44405085732489,-0.23303769577839176,-0.09093153929947029,-0.32161580096472975,0.1666443296252295,0.03654774700587974,0.156138162098413,-0.2158167769441807,-0.1413473244607061,-0.4014830678366994,-0.45974649415900753,-0.1126780150629839,-0.07479066767254888,-0.26228616495138807
0.01922658271884282,1.8768867779960308,-1.1056700180468255,0.6971204196220779,1.0447543555940164,1.0177213543655186,0.0013936082803439151,-1.4222561400102425,1.340176993645186,-0.2158167769441807,-0.1413473244607061,-0.4014830678366994,-0.45974649415900753,-0.1126780150629839,-0.07479066767254888,-0.26228616495138807
-0.10774316360091418,0.8801164417098388,-2.225333213114714,1.1030075972513722,1.9753858527984014,-0.22924772128678156,1.5437336741659418,-0.7530800450487198,2.4738311940623063,-0.2158167769441807,-0.1413473244607061,-0.4014830678366994,-0.45974649415900753,-0.1126780150629839,-0.07479066767254888,-0.26228616495138807
0.47268996243225886,0.6352956573588429,1.4559836555175891,-1.6705547832154812,-0.9426959604695854,2.0799542706619225,-2.146865769203167,-0.13743803768411622,-2.325304921036844,-0.9098211008083231,0.5720279197353038,2.490765066104216,-0.45974649415900753,-2.1099055122962174,-2.1713681886236746,-0.26228616495138807
0.8354606662029916,1.212373220471902,2.270284161021508,1.6272785350225476,-1.3843515862614972,-0.4139838806426778,-0.6706259918555237,-0.3114238223741122,-0.4736697270222105,0.4781875469199617,0.5720279197353038,-0.4014830678366994,-0.45974649415900753,-0.1126780150629839,-0.07479066767254888,-0.26228616495138807
-1.7220727953806763,0.1456540886568533,0.7434707132016591,0.22358537905456655,-2.1887957618110505,-0.07530092182353462,-1.4748461690672996,-1.3821055743125532,-0.38549662254532285,-0.9098211008083231,-0.854722568656716,2.490765066104216,2.1751117468100603,-0.1126780150629839,-0.07479066767254888,-0.26228616495138807
0.001088047530304632,-2.2500921582064555,1.0657979966302948,1.2213913573932507,-0.9900162060901473,-3.0926581913031743,1.5217002446532903,1.7228715063089204,0.11834968875117415,-0.2158167769441807,-0.1413473244607061,-0.4014830678366994,-0.45974649415900753,-0.1126780150629839,-0.07479066767254888,-0.26228616495138807
-0.9602543174621369,-1.5506042029178984,-0.07082979230225982,-1.044812051036983,-0.7691883931941916,-0.4139838806426778,-0.24097411635882143,0.47820396968048545,-0.7255928826704598,-0.2158167769441807,-0.1413473244607061,-0.4014830678366994,-0.45974649415900753,-0.1126780150629839,-0.07479066767254888,-0.26228616495138807
0.6722138495061609,1.317296413765187,-0.13868816776092074,0.9169759741712793,0.7135126362500829,0.3249607567809074,0.26579476243216077,-0.5121766508625714,0.7859460512190365,-0.2158167769441807,-0.1413473244607061,-0.4014830678366994,-0.45974649415900753,-0.1126780150629839,-0.07479066767254888,-0.26228616495138807
-0.1258816987894498,0.3030388785967772,1.4220544677882585,0.10520161891268812,-1.431671831882059,0.17101395731766045,-1.1223112968648774,-0.3248073442733419,-0.9775160383187093,-0.9098211008083231,-0.1413473244607061,2.490765066104216,-0.45974649415900753,-1.1112917636796007,-2.1713681886236746,-0.26228616495138807
-0.5249294729372564,0.8801164417098388,0.81132908866032,-0.31759752445116174,-1.2108440189861032,1.0639053942044927,-1.607046746143208,-1.0609010487310206,-0.8389583027121728,-0.9098211008083231,-0.1413473244607061,2.490765066104216,-0.45974649415900753,-1.1112917636796007,-2.1713681886236746,-0.26228616495138807
1.21636990516226,-1.1309114297447629,-0.545838420512879,-0.16538983284017722,1.565277057420198,-0.8450349191397692,1.6979676807545017,1.7630220720066114,0.2820997399225359,1.8661961946482464,-0.1413473244607061,-0.4014830678366994,-0.45974649415900753,2.883163230786866,-0.07479066767254888,-0.26228616495138807
0.5271055679978682,-0.5363466677494909,1.1845501536829477,-0.19921376430928328,-0.6430010715393596,-0.29082644107208033,-0.24097411635882138,0.7994084952620178,-1.0279006694483581,-0.2158167769441807,-0.1413473244607061,-0.4014830678366994,-0.45974649415900753,-0.1126780150629839,-0.07479066767254888,-0.26228616495138807
-0.4160982618060376,0.33801327636120554,-0.427086263460226,0.22358537905456655,0.03525578235536159,0.09404055758603701,-0.0426732507449588,-0.5657107384594923,0.4836382644411383,-0.2158167769441807,-0.1413473244607061,-0.4014830678366994,-0.45974649415900753,-0.1126780150629839,-0.07479066767254888,-0.26228616495138807
0.6359367791290871,0.7577060495343408,0.4211434297730234,-0.6558368391422416,0.16144310401019346,1.2640362335067135,-0.7918098541751063,-0.11067099388565677,-0.801169829364934,1.8661961946482464,-0.854722568656716,-0.4014830678366994,2.1751117468100603,3.881776979403483,2.0217868532785768,-0.26228616495138807
-1.1416396693475033,0.7577060495343408,-0.6476259837008703,-1.6705547832154812,-0.39062642822969595,2.187717030286195,-1.8383977560260476,-1.4222561400102443,-0.7633813560176969,-0.9098211008083231,-0.1413473244607061,2.490765066104216,-0.45974649415900753,-1.1112917636796007,-2.1713681886236746,-0.26228616495138807
0.7629065254488441,-0.25655148563406655,-0.08779438616692625,-0.36833342165482325,0.7450594666637909,0.10943523753236167,0.442062198533372,0.7592579295643249,-0.20915041359154754,-0.9098211008083231,-0.1413473244607061,2.490765066104216,-0.45974649415900753,-1.1112917636796007,-2.1713681886236746,-0.26228616495138807
1.143815764408115,-0.20408988898742525,1.2863377168709391,1.2890392203314678,-0.20134544574744817,-1.3530593573684842,0.8276472150047715,1.0001613237504752,0.004984268709462996,1.1721918707841041,-0.1413473244607061,-0.4014830678366994,-0.45974649415900753,1.8845494821702495,-0.07479066767254888,-0.26228616495138807
0.9442918773342105,1.597091595880609,2.507788475126819,2.033165712651842,-1.510538907916329,-0.44477324053532724,-0.7367262803934779,-0.5255601727618011,-0.3477081491980876,-0.2158167769441807,-0.1413473244607061,-0.4014830678366994,-0.45974649415900753,-0.1126780150629839,-0.07479066767254888,-0.26228616495138807
-0.144020233977988,-2.2326049593242425,-1.2753159566934753,0.1390255503817966,1.0605277708008705,-2.0920039947920697,2.237786703814461,1.6024198092158473,1.0504653646496995,-0.2158167769441807,-0.1413473244607061,-0.4014830678366994,-0.45974649415900753,-0.1126780150629839,-0.07479066767254888,-0.26228616495138807
-0.9421157822735986,0.09319249201021203,0.08185155247972362,-2.3132094811285326,-0.8953757148490235,2.187717030286195,-2.19093262822847,-0.7664635669479496,-1.7836701363931062,-0.2158167769441807,0.5720279197353038,-0.4014830678366994,-0.45974649415900753,-1.1112917636796007,-0.07479066767254888,-0.26228616495138807
0.8354606662029916,0.6527828562410558,0.6925769316076646,-0.14847786710562177,0.08257602797592353,0.7098277554390248,-0.4502916967290097,0.1168488784012638,-0.6248236204111605,-0.2158167769441807,-0.1413473244607061,-0.4014830678366994,-0.45974649415900753,-0.1126780150629839,-0.07479066767254888,-0.26228616495138807
1.542863538555919,-1.8653737827977486,0.2514974911263735,1.6441905007571005,1.1078480164214324,-3.1388422311421484,3.019973451513586,2.566033385960441,1.037869206867286,0.4781875469199617,-0.1413473244607061,-0.4014830678366994,-0.45974649415900753,0.8859357335536329,-0.07479066767254888,-0.26228616495138807
0.8898762717686011,2.576374733284588,-0.6985197652948648,1.2383033231278062,1.423316320558512,1.1408787939361162,0.17766104438155514,-1.3151879648163989,1.4409462559044852,1.1721918707841041,0.5720279197353038,-0.4014830678366994,-0.45974649415900753,0.8859357335536329,-0.07479066767254888,-0.26228616495138807
1.3614781866705528,0.39047487300784683,-0.41012166959555957,0.7478563168257394,1.565277057420198,-0.33701048091105434,1.3344160937957537,0.7057238419674041,0.8615229979135106,-0.2158167769441807,-0.1413473244607061,-0.4014830678366994,-0.45974649415900753,-0.1126780150629839,-0.07479066767254888,-0.26228616495138807
0.23688900498128304,0.7926804472987692,0.3702496481790289,0.3419691391964426,-0.13825178492003223,0.38653947656620613,-0.3731746934347298,-0.43187551946718733,-0.020208046855362302,-0.2158167769441807,-0.1413473244607061,-0.4014830678366994,-0.45974649415900753,-0.1126780150629839,-0.07479066767254888,-0.26228616495138807
0.5815211735634777,-0.7986546509826998,1.8461693144048832,1.0184477685786024,-1.2108440189861032,-1.6301635964023289,0.3208783362137893,1.0403118894481662,-0.6122274626287487,4.642213490104816,-0.1413473244607061,-0.4014830678366994,-0.45974649415900753,6.877618225253333,-0.07479066767254888,-0.26228616495138807
-1.867181076888969,-0.5013722699850626,-1.3262097382874698,-0.16538983284017722,-0.39062642822969595,-0.29082644107208033,-0.0647066802576102,-0.9939834392348683,0.8615229979135106,0.4781875469199617,-0.1413473244607061,-0.4014830678366994,-0.45974649415900753,0.8859357335536329,-0.07479066767254888,-0.26228616495138807
1.8693571719495807,0.9850396350031214,1.8800985021342138,-1.8565864062955766,-0.12247836971317826,2.5571893489979876,-1.9155147593203274,0.6254227105720219,-2.778766601203694,-0.2158167769441807,-0.1413473244607061,-0.4014830678366994,-0.45974649415900753,-0.1126780150629839,-0.07479066767254888,-0.26228616495138807
0.8535992013915272,0.9675524361209085,0.6756123377429982,-0.28377359298205324,0.11412285838963149,1.1100894340434668,-0.7146928508808265,-0.11067099388565677,-0.7129967248880463,-0.2158167769441807,-0.854722568656716,-0.4014830678366994,2.1751117468100603,0.8859357335536329,2.0217868532785768,-0.26228616495138807
0.9442918773342105,-1.620552998446755,2.270284161021508,0.37579307066555107,-1.289711095020373,-1.7687157159192508,0.364945195239092,1.9370078566966094,-1.405785402920734,-0.2158167769441807,-0.1413473244607061,-0.4014830678366994,-0.45974649415900753,-0.1126780150629839,-0.07479066767254888,-0.26228616495138807
-0.5249294729372564,0.1456540886568533,1.1336563720889532,-1.0786359825060914,-1.510538907916329,1.1100894340434668,-1.8494144707823734,-0.49879312896333977,-1.6451124007865698,0.4781875469199617,-0.1413473244607061,-0.4014830678366994,-0.45974649415900753,0.8859357335536329,-0.07479066767254888,-0.26228616495138807
-0.6156221488799396,-1.655527396211181,1.0657979966302948,1.3905110147387907,-1.5263123231231828,-2.7231858725913813,0.8827307887863998,0.8127920171612476,0.24431126657529886,0.4781875469199617,-0.854722568656716,-0.4014830678366994,2.1751117468100603,1.8845494821702495,2.0217868532785768,-0.26228616495138807
0.001088047530304632,0.7052444528876995,-2.276226994708708,0.12211358464724115,2.1173465896600874,0.5096969161368037,1.1140817986692397,-0.5389436946610329,1.7810425160296206,-0.2158167769441807,-0.1413473244607061,-0.4014830678366994,-0.45974649415900753,-0.1126780150629839,-0.07479066767254888,-0.26228616495138807
-0.4160982618060376,2.0517587668181703,0.7604353070663231,1.3228631518005762,-1.0688832821244172,0.6020649958147519,-1.1773948706465058,-1.8772958845840797,0.4206574755290759,-0.9098211008083231,-0.1413473244607061,2.490765066104216,-0.45974649415900753,-1.1112917636796007,-2.1713681886236746,-0.26228616495138807
0.09178072347298784,0.2680644808323513,0.6586477438783341,-0.11465393563651333,-0.5325871650913818,0.3403554367272321,-0.6155424180738952,-0.13743803768411814,-0.5744389892815098,-0.2158167769441807,0.5720279197353038,-0.4014830678366994,-0.45974649415900753,-1.1112917636796007,-0.07479066767254888,-0.26228616495138807
-2.1211205695284803,0.6352956573588429,-1.173528393505484,-0.43598128459304014,-0.7534149779873376,0.9561426345802198,-1.210445014915483,-2.0512816692740756,0.5466190533531989,-0.9098211008083231,0.5720279197353038,2.490765066104216,-0.45974649415900753,-2.1099055122962174,-2.1713681886236746,-0.26228616495138807
0.8173221310144535,0.02324369648135532,1.0318688089009644,-0.28377359298205324,-0.24866569136801012,0.2787767169419333,-0.3731746934347298,0.5852721448743289,-0.9775160383187093,-0.2158167769441807,0.5720279197353038,-0.4014830678366994,-0.45974649415900753,-1.1112917636796007,-0.07479066767254888,-0.26228616495138807
1.1619542995966508,1.3697580104118283,1.8122401266755528,1.2213913573932507,-0.6745479019530677,0.09404055758603701,-0.5384254147796153,-0.19097212528103893,-0.4358812536749735,-0.9098211008083231,0.5720279197353038,2.490765066104216,-0.45974649415900753,-2.1099055122962174,-2.1713681886236746,-0.26228616495138807
-1.0328084582162818,0.0757052931279966,-0.1895819493549152,-0.875692393691443,-0.7218681475736296,0.8637745549022717,-1.1223112968648774,-0.8199976545448704,-0.5114582003694476,-0.2158167769441807,-0.854722568656716,-0.4014830678366994,2.1751117468100603,0.8859357335536329,2.0217868532785768,-0.26228616495138807
0.23688900498128304,1.3697580104118283,1.1336563720889532,-0.19921376430928328,-0.8480554692284615,1.3871936730773111,-1.5850133166305567,-0.8735317421417931,-0.990112196101121,1.1721918707841041,0.5720279197353038,-0.4014830678366994,-0.45974649415900753,0.8859357335536329,-0.07479066767254888,-0.26228616495138807
-1.7220727953806763,-0.011730701283073033,0.5229309929610148,1.3228631518005762,-1.9837413641219483,-1.2145072378515618,-0.5163919852669638,-1.261653877219478,0.5970036844828495,-0.2158167769441807,-0.1413473244607061,-0.4014830678366994,-0.45974649415900753,-0.1126780150629839,-0.07479066767254888,-0.26228616495138807
-0.5793450785028659,-1.777937788386679,-0.5119092327835509,-0.841868462222337,-0.02783787847205435,-0.7988508793007952,0.552229346096629,0.9332437142543227,-0.24693888693878638,-0.2158167769441807,1.2854031639313137,-0.4014830678366994,-0.45974649415900753,-2.1099055122962174,-0.07479066767254888,-0.26228616495138807
0.7266294550717702,-1.0609626342159089,0.930081245712973,1.2552152888623591,-0.23289227616115613,-2.0766093148457445,1.3233993790394278,1.348132893130467,0.24431126657530064,-0.2158167769441807,-0.1413473244607061,-0.4014830678366994,-0.45974649415900753,-0.1126780150629839,-0.07479066767254888,-0.26228616495138807
1.796803031195433,1.072475629414191,1.4390190616529226,-1.7382026461536981,0.2245367648376094,2.5263999891053386,-1.651113605168511,0.5049710134789468,-2.363093394384081,-0.2158167769441807,-0.1413473244607061,-0.4014830678366994,-0.45974649415900753,-0.1126780150629839,-0.07479066767254888,-0.26228616495138807
0.6903523846946991,0.9675524361209085,0.726506119336995,-0.03009410696374335,-0.0751581240926163,0.8791692348485963,-0.6816427066118493,-0.23112269097873003,-0.5618428314990981,-0.9098211008083231,-0.1413473244607061,2.490765066104216,-0.45974649415900753,-1.1112917636796007,-2.1713681886236746,-0.26228616495138807
1.6335562144986022,1.4047324081762567,-0.03690060457292937,-0.4528932503275932,1.4548631509722199,1.648903232164831,-0.16385711306454157,0.13023240030049163,-0.3099196758508488,0.4781875469199617,-0.1413473244607061,-0.4014830678366994,-0.45974649415900753,0.8859357335536329,-0.07479066767254888,-0.26228616495138807
-0.8514231063309154,0.5128852651833449,0.7434707132016591,0.460352899338321,-1.431671831882059,0.03246183780073822,-1.023160864057946,-1.0207504830333278,-0.20915041359154934,-0.2158167769441807,-0.1413473244607061,-0.4014830678366994,-0.45974649415900753,-0.1126780150629839,-0.07479066767254888,-0.26228616495138807
1.3614781866705528,1.2298604193541174,1.8461693144048832,1.1199195629859278,-0.5325871650913818,0.0632511976933876,-0.4172415524600325,0.06331479080433919,-0.5366505159342728,-0.2158167769441807,-0.1413473244607061,-0.4014830678366994,-0.45974649415900753,-0.1126780150629839,-0.07479066767254888,-0.26228616495138807
0.9805689477112843,1.2998092148829716,1.2354439352769446,1.1875674259241422,-0.29598593698857206,0.0632511976933876,-0.2519908311151471,-0.2712732566764211,-0.03280420463777585,-0.9098211008083231,-0.1413473244607061,2.490765066104216,-0.45974649415900753,-1.1112917636796007,-2.1713681886236746,-0.26228616495138807
-0.8695616415194536,0.4429364696544906,-0.46101545118955406,1.2552152888623591,-0.32753276740228005,-0.752666839461821,0.30986162145746354,-0.9805999173356386,1.2771962047331218,-0.2158167769441807,-0.854722568656716,-0.4014830678366994,2.1751117468100603,0.8859357335536329,2.0217868532785768,-0.26228616495138807
-1.486271837929698,2.5064259377557314,1.0997271843596228,1.0184477685786024,-2.314983083465882,1.2794309134530382,-2.5324507856745666,-3.0148952460186695,-0.05799652020259936,-0.9098211008083231,-0.1413473244607061,2.490765066104216,-0.45974649415900753,-1.1112917636796007,-2.1713681886236746,-0.26228616495138807
1.1619542995966508,1.2998092148829716,-0.29136951254290416,-0.4528932503275932,1.281355583696826,1.5565351524868827,-0.21894068684617007,-0.13743803768411622,-0.1209773091146617,-0.2158167769441807,-0.854722568656716,-0.4014830678366994,2.1751117468100603,0.8859357335536329,2.0217868532785768,-0.26228616495138807
0.7447679902603085,-0.13414109345857103,0.6416831500136702,-1.2308436741170783,0.05102919756221557,1.0023266744191939,-0.6816427066118493,0.6521897543704833,-1.393189245138322,-0.9098211008083231,-0.1413473244607061,2.490765066104216,-0.45974649415900753,-1.1112917636796007,-2.1713681886236746,-0.26228616495138807
0.309443145735428,-0.13414109345857103,1.4559836555175891,0.9169759741712793,-1.0846566973312712,-0.9527976787640421,-0.0757233950139359,0.33098522878895087,-0.39809278032773643,0.4781875469199617,-0.1413473244607061,-0.4014830678366994,-0.45974649415900753,0.8859357335536329,-0.07479066767254888,-0.26228616495138807
-0.10774316360091418,-1.8653737827977486,-2.4119437456260275,-0.6558368391422416,2.148893420073795,-1.0451657584419902,2.248803418570787,1.348132893130467,1.302388520297947,-0.2158167769441807,-0.1413473244607061,-0.4014830678366994,-0.45974649415900753,-0.1126780150629839,-0.07479066767254888,-0.26228616495138807
1.343339651482017,0.9325780383564801,1.2863377168709391,-0.01318214122919032,-0.02783787847205435,0.8329851950096223,-0.6155424180738952,0.27745114119202813,-0.9649198805362975,-0.9098211008083231,-0.854722568656716,2.490765066104216,2.1751117468100603,-0.1126780150629839,-0.07479066767254888,-0.26228616495138807
-0.05332755803530478,0.4779108674189165,0.030957770885729135,0.5110887965419826,-0.0751581240926163,-0.04451156193088524,-0.020639821232307405,-0.405108475668726,0.3576766866170118,-0.2158167769441807,-0.1413473244607061,-0.4014830678366994,-0.45974649415900753,-0.1126780150629839,-0.07479066767254888,-0.26228616495138807
0.21875046979274484,0.8976036405920518,1.540806624840914,-1.213931708382523,-1.242390849399811,1.8952181113060258,-2.223982772497447,-0.5255601727618011,-2.0481894498237696,-0.9098211008083231,-0.1413473244607061,2.490765066104216,-0.45974649415900753,-1.1112917636796007,-2.1713681886236746,-0.26228616495138807
-1.6676571898150643,0.5828340607122016,1.0657979966302948,0.1390255503817966,-2.441170405120714,0.38653947656620613,-1.9816150478582817,-1.6765430560956225,-0.6878044093232228,-0.2158167769441807,0.5720279197353038,-0.4014830678366994,-0.45974649415900753,-1.1112917636796007,-0.07479066767254888,-0.26228616495138807
-2.084843499151409,1.2823220160007587,-1.0717408303174951,0.5787366594801995,-0.8165086388147536,0.6020649958147519,-1.0011274345452947,-2.5197049357471446,1.226811573603473,-0.2158167769441807,-0.1413473244607061,-0.4014830678366994,-0.45974649415900753,-0.1126780150629839,-0.07479066767254888,-0.26228616495138807
-0.2528514451092068,-0.22157708786964067,1.2693731230062728,1.0015358028440493,-1.400125001468351,-1.106744478227289,-0.1858905425771929,-0.016986340591041073,-0.1965542558091358,-0.2158167769441807,-0.1413473244607061,-0.4014830678366994,-0.45974649415900753,-0.1126780150629839,-0.07479066767254888,-0.26228616495138807
0.6903523846946991,-0.9560394409226237,0.726506119336995,-0.6220129076731331,-0.0751581240926163,-0.2754317611257556,0.14461090011257807,1.2410647179366237,-1.0027083538835346,-0.2158167769441807,-0.1413473244607061,-0.4014830678366994,-0.45974649415900753,-0.1126780150629839,-0.07479066767254888,-0.26228616495138807
-1.1416396693475033,1.0375012316497627,-0.6136967959715399,0.9338879399058324,-0.42217325864340394,0.0632511976933876,-0.34012454916575274,-1.6363924903979312,1.151234626908997,-0.9098211008083231,-0.1413473244607061,2.490765066104216,-0.45974649415900753,-1.1112917636796007,-2.1713681886236746,-0.26228616495138807
0.5452441031864038,-0.15162829234078395,-1.2244221750994784,-0.875692393691443,1.6125973030407597,0.6636437156000506,0.6513797789035601,0.5183545353781766,0.25690742435771236,-0.9098211008083231,-0.1413473244607061,2.490765066104216,-0.45974649415900753,-1.1112917636796007,-2.1713681886236746,-0.26228616495138807
-0.7788689655767704,2.7512467221067274,-0.5967322021068758,1.2383033231278062,-0.12247836971317826,1.2948255933993629,-1.0121441493016203,-2.680307198537909,1.3653693092100112,-0.2158167769441807,-0.1413473244607061,-0.4014830678366994,-0.45974649415900753,-0.1126780150629839,-0.07479066767254888,-0.26228616495138807
-2.084843499151409,0.9850396350031214,-0.46101545118955406,0.443440933603768,-1.3843515862614972,0.4635128762978296,-1.2985787329660885,-2.292185063460226,0.6725806311773236,-0.2158167769441807,-0.854722568656716,-0.4014830678366994,2.1751117468100603,0.8859357335536329,2.0217868532785768,-0.26228616495138807
-0.216574374732133,1.8244251813493895,-0.25744032481357615,1.3735990490042376,0.05102919756221557,0.3557501166735568,-0.21894068684617002,-1.5560913590025474,1.2142154158210612,-0.2158167769441807,-0.1413473244607061,-0.4014830678366994,-0.45974649415900753,-0.1126780150629839,-0.07479066767254888,-0.26228616495138807
0.5452441031864038,-2.1276817660309573,1.5238420309762475,-1.2646676055861867,-0.9426959604695854,-0.7218774795691717,-0.14182368355189007,2.0306925099912214,-2.0733817653885946,-0.2158167769441807,-0.854722568656716,-0.4014830678366994,2.1751117468100603,0.8859357335536329,2.0217868532785768,-0.26228616495138807
0.5271055679978682,1.317296413765187,-0.5967322021068758,0.49417683080742947,1.0132075251803085,0.7098277554390248,0.19969447389420658,-0.619244826056415,0.8111383667838619,-0.2158167769441807,-0.1413473244607061,-0.4014830678366994,-0.45974649415900753,-0.1126780150629839,-0.07479066767254888,-0.26228616495138807
-1.3048864860443314,-0.08167949681192725,1.3541960923295977,-2.330121446863088,-2.393850159500152,2.0491649107692727,-3.13837009727248,-0.9002987859402545,-2.7409781278564553,-0.2158167769441807,-0.1413473244607061,-0.4014830678366994,-0.45974649415900753,-0.1126780150629839,-0.07479066767254888,-0.26228616495138807
0.4364128920551851,0.09319249201021203,0.7095415254723286,0.6294725566838609,-0.28021252178171807,-0.4909572803743013,0.15562761486890378,0.2506840973935668,-0.05799652020259936,-0.2158167769441807,-0.1413473244607061,-0.4014830678366994,-0.45974649415900753,-0.1126780150629839,-0.07479066767254888,-0.26228616495138807
0.34572021611250187,1.911861175760459,1.014904215036298,1.8133101581026405,-0.6430010715393596,0.03246183780073822,-0.472325126241661,-1.2081197896225553,0.5970036844828495,-0.2158167769441807,-0.1413473244607061,-0.4014830678366994,-0.45974649415900753,-0.1126780150629839,-0.07479066767254888,-0.26228616495138807
0.9987074828998199,1.3697580104118283,-2.1574748376560526,-0.43598128459304014,2.8744705195890785,1.6027191923258566,0.8606973592737485,-0.3114238223741141,1.2771962047331218,0.4781875469199617,-0.1413473244607061,-0.4014830678366994,-0.45974649415900753,0.8859357335536329,-0.07479066767254888,-0.26228616495138807
-1.4499947675526266,0.7052444528876995,0.930081245712973,0.22358537905456655,-2.1257021009836343,0.41732883645885555,-1.783314182244419,-1.609625446599472,-0.5240543581518593,-0.9098211008083231,-0.1413473244607061,2.490765066104216,-0.45974649415900753,-1.1112917636796007,-2.1713681886236746,-0.26228616495138807
1.7786644960068976,0.6178084584766299,2.355107130344833,0.3927050364001065,-0.6430010715393596,0.18640863726398513,-0.582492273804918,0.839559060959709,-1.4561700340503827,0.4781875469199617,-0.854722568656716,-0.4014830678366994,2.1751117468100603,1.8845494821702495,2.0217868532785768,-0.26228616495138807
0.36385875130103745,0.6877572540054842,-0.7324489530241953,0.8324161454985094,0.9974341099734546,-0.1522743215551581,0.80561378549212,-0.2578897347771914,1.1638307846914107,-0.9098211008083231,-0.1413473244607061,2.490765066104216,-0.45974649415900753,-1.1112917636796007,-2.1713681886236746,-0.26228616495138807
-0.4886524025601826,1.6845275902916785,1.1506209659536197,1.8809580210408574,-1.494765492709475,-0.22924772128678156,-0.879943572225712,-1.649776012297161,0.5466190533531989,-0.2158167769441807,-0.854722568656716,-0.4014830678366994,2.1751117468100603,0.8859357335536329,2.0217868532785768,-0.26228616495138807
0.6540753143176252,-0.36147467892735163,0.21756830339704544,1.1368315287204809,0.36649750169929524,-1.3530593573684842,1.2242489462324966,0.7592579295643268,0.6851767889597353,-0.2158167769441807,-0.1413473244607061,-0.4014830678366994,-0.45974649415900753,-0.1126780150629839,-0.07479066767254888,-0.26228616495138807
-0.01705048765823098,2.4364771422268796,-2.2083686192500496,1.762574260898979,2.0384795136258176,0.5404862760294531,1.0369647953749597,-1.8772958845840817,2.9524851897939817,-0.9098211008083231,-0.854722568656716,2.490765066104216,2.1751117468100603,-0.1126780150629839,-0.07479066767254888,-0.26228616495138807
-0.03518902284676659,1.457194004822898,0.23453289726170948,-0.23303769577839176,-0.24866569136801012,1.4949564327015838,-1.2434951591844599,-1.141202180126403,-0.3477081491980858,-0.2158167769441807,-0.1413473244607061,-0.4014830678366994,-0.45974649415900753,-0.1126780150629839,-0.07479066767254888,-0.26228616495138807
0.5996597087520158,0.2680644808323513,-2.0387226806034,1.0860956315168193,2.417041478590313,-0.752666839461821,2.2267699890581354,0.23730057549433706,2.322677300673358,-0.2158167769441807,0.5720279197353038,-0.4014830678366994,-0.45974649415900753,-1.1112917636796007,-0.07479066767254888,-0.26228616495138807
0.6359367791290871,0.9500652372386931,0.930081245712973,0.798592214029401,-0.31175935219542605,0.10943523753236167,-0.29605769014044986,-0.2578897347771914,-0.09578499354983641,-0.2158167769441807,-0.1413473244607061,-0.4014830678366994,-0.45974649415900753,-0.1126780150629839,-0.07479066767254888,-0.26228616495138807
-0.34354412105189003,0.7577060495343408,-1.3262097382874698,1.8809580210408574,0.9343404491460388,-1.0451657584419902,1.400516382333708,-0.833381176444102,2.3856580895854202,-0.2158167769441807,-0.1413473244607061,-0.4014830678366994,-0.45974649415900753,-0.1126780150629839,-0.07479066767254888,-0.26228616495138807
-0.144020233977988,-0.5713210655139193,-0.7154843591595289,-0.36833342165482325,0.540005068974689,-0.16766900150148278,0.49714577231500046,0.33098522878895087,0.25690742435771236,-0.2158167769441807,-0.1413473244607061,-0.4014830678366994,-0.45974649415900753,-0.1126780150629839,-0.07479066767254888,-0.26228616495138807
-2.3569215269794586,1.089962828296404,-0.6306613898362039,0.27432127625822805,-1.463218662295767,0.7098277554390248,-1.529929742848928,-2.5732390233440654,0.6725806311773236,-0.2158167769441807,-0.1413473244607061,-0.4014830678366994,-0.45974649415900753,-0.1126780150629839,-0.07479066767254888,-0.26228616495138807
-0.4886524025601826,1.6670403914094656,0.33632046044969843,1.0522717000477109,-0.7376415627804837,0.5096969161368037,-0.879943572225712,-1.6363924903979312,0.5340228955707871,-0.2158167769441807,-0.1413473244607061,-0.4014830678366994,-0.45974649415900753,-0.1126780150629839,-0.07479066767254888,-0.26228616495138807
0.03736511790737843,-1.4806554073890414,1.0318688089009644,-0.960252222364213,-0.9269225452627314,-0.42937856058900253,-0.34012454916575274,1.1607635865412396,-1.481362349615208,-0.2158167769441807,-0.1413473244607061,-0.4014830678366994,-0.45974649415900753,-0.1126780150629839,-0.07479066767254888,-0.26228616495138807
-0.36168265624042817,1.1074500271786194,-0.6136967959715399,-0.11465393563651333,0.2560835952513174,1.0793000741508174,-0.5935089885612437,-1.1144351363279434,0.3702728443994253,-0.2158167769441807,-0.1413473244607061,-0.4014830678366994,-0.45974649415900753,-0.1126780150629839,-0.07479066767254888,-0.26228616495138807
-1.413717697175553,0.3729876741256339,1.1845501536829477,0.32505717346188956,-2.330756498672736,0.03246183780073822,-1.651113605168511,-1.3285714867156304,-0.6374197781935722,-0.2158167769441807,-0.854722568656716,-0.4014830678366994,2.1751117468100603,0.8859357335536329,2.0217868532785768,-0.26228616495138807
2.1958508053432397,0.18062848642128168,1.8800985021342138,0.05446572170902662,0.16144310401019346,0.10943523753236167,0.03444375254932109,1.481968112122772,-1.3554007717910834,-0.2158167769441807,-0.1413473244607061,-0.4014830678366994,-0.45974649415900753,-0.1126780150629839,-0.07479066767254888,-0.26228616495138807
0.8535992013915272,1.911861175760459,-0.9190594855355092,2.0669896441209503,1.5968238878339058,-0.19845836139413217,1.2572990905014736,-0.833381176444102,2.221908038414057,-0.2158167769441807,-0.1413473244607061,-0.4014830678366994,-0.45974649415900753,-0.1126780150629839,-0.07479066767254888,-0.26228616495138807
-0.1258816987894498,0.6527828562410558,-2.6324834658666743,1.1875674259241422,2.338174402556043,-0.506351960320626,1.9954189791752959,-0.5924777822579518,2.8391197697522683,-0.2158167769441807,-0.1413473244607061,-0.4014830678366994,-0.45974649415900753,-0.1126780150629839,-0.07479066767254888,-0.26228616495138807
-1.613241584249455,0.7751932484165538,-0.6136967959715399,-1.5014351258699412,-0.8322820540216075,2.0491649107692727,-2.0477153363962355,-1.7836112312894659,-0.6626120937583975,0.4781875469199617,-0.854722568656716,-0.4014830678366994,2.1751117468100603,1.8845494821702495,2.0217868532785768,-0.26228616495138807
-0.7425918951996966,-0.06419229792971431,-0.6985197652948648,0.3419691391964426,0.003708951941653619,-0.36779984080370376,0.26579476243216077,-0.49879312896333977,0.773349893436623,-0.2158167769441807,-0.1413473244607061,-0.4014830678366994,-0.45974649415900753,-0.1126780150629839,-0.07479066767254888,-0.26228616495138807
0.055503653095916615,-2.0402457716198876,0.45507261750235384,-0.4528932503275932,-0.37485301302284196,-1.3838487172611336,0.72849678219784,1.6024198092158473,-0.6752082515408092,-0.2158167769441807,-0.1413473244607061,-0.4014830678366994,-0.45974649415900753,-0.1126780150629839,-0.07479066767254888,-0.26228616495138807
-1.939735217643114,1.5271428003517522,-0.9529886732648396,1.9655178497136274,-0.8007352236078995,-0.44477324053532724,-0.24097411635882138,-2.600006067142525,2.171523407284408,-0.9098211008083231,0.5720279197353038,2.490765066104216,-0.45974649415900753,-2.1099055122962174,-2.1713681886236746,-0.26228616495138807
-0.2891285154862806,0.40796207189006223,0.7943644947956535,0.6971204196220779,-0.9900162060901473,-0.2754317611257556,-0.4943585557543124,-0.5255601727618011,-0.0705926779850111,-0.2158167769441807,-0.1413473244607061,-0.4014830678366994,-0.45974649415900753,-0.1126780150629839,-0.07479066767254888,-0.26228616495138807
0.40013582167811124,-0.5888082643961322,0.930081245712973,0.7140323853566309,-0.5168137498845278,-1.1683231980125877,0.47511234280234904,0.7458744076650952,-0.15876578246189874,-0.2158167769441807,0.5720279197353038,-0.4014830678366994,-0.45974649415900753,-1.1112917636796007,-0.07479066767254888,-0.26228616495138807
0.5271055679978682,1.2298604193541174,1.0318688089009644,-0.26686162724750023,-0.5010403346776738,1.3256149532920123,-1.2985787329660885,-0.5523272165602625,-0.9649198805362975,-0.2158167769441807,-0.1413473244607061,-0.4014830678366994,-0.45974649415900753,-0.1126780150629839,-0.07479066767254888,-0.26228616495138807
-0.27098998029774496,-1.2183474241558325,-0.7154843591595289,0.8831520427021708,0.4295911625267112,-1.8764784755435238,1.642884106972873,0.7324908857658635,1.1890231002562341,-0.2158167769441807,-0.1413473244607061,-0.4014830678366994,-0.45974649415900753,-0.1126780150629839,-0.07479066767254888,-0.26228616495138807
0.6540753143176252,0.6527828562410558,1.0488334027656283,0.358881104930998,-0.40639984343654995,0.2479873570492839,-0.46130841148533536,-0.016986340591041073,-0.5114582003694476,-0.9098211008083231,-0.1413473244607061,2.490765066104216,-0.45974649415900753,-1.1112917636796007,-2.1713681886236746,-0.26228616495138807
-0.2528514451092068,-1.2708090208024765,-1.4279973014754588,-0.9771641880987685,1.1078480164214324,-0.22924772128678156,0.9378143625680283,0.7860249733627882,0.3324843710521865,-0.2158167769441807,-0.1413473244607061,-0.4014830678366994,-0.45974649415900753,-0.1126780150629839,-0.07479066767254888,-0.26228616495138807
0.055503653095916615,1.2648348171185433,1.082762590494959,0.07137768744357965,-0.9584693756764393,1.048510714258168,-1.4197625952856712,-0.927065829738714,-0.7507851982352851,0.4781875469199617,-0.1413473244607061,-0.4014830678366994,-0.45974649415900753,0.8859357335536329,-0.07479066767254888,-0.26228616495138807
0.309443145735428,0.8276548450631951,0.16667452180304856,0.7647682825602924,0.11412285838963149,0.03246183780073822,0.05647718206197248,-0.405108475668726,0.44584979109389944,0.4781875469199617,-0.854722568656716,-0.4014830678366994,2.1751117468100603,1.8845494821702495,2.0217868532785768,-0.26228616495138807
0.5089670328093326,-0.5188594688672755,0.5738247745550092,-0.5712770104694717,-0.09093153929947029,0.0632511976933876,-0.10877353928291299,0.7726414514635566,-0.8515544604945846,-0.2158167769441807,0.5720279197353038,-0.4014830678366994,-0.45974649415900753,-1.1112917636796007,-0.07479066767254888,-0.26228616495138807
-0.03518902284676659,0.6178084584766299,0.8791874641189785,-1.7382026461536981,-0.8480554692284615,2.126138310500896,-2.11381562493419,-0.49879312896333977,-1.9474201875644699,-0.9098211008083231,-0.1413473244607061,2.490765066104216,-0.45974649415900753,-1.1112917636796007,-2.1713681886236746,-0.26228616495138807
0.5452441031864038,1.3347836126474,1.8970630959988777,1.3397751175351291,-1.289711095020373,-0.04451156193088524,-0.8689268574693861,-0.619244826056415,-0.41068893811014817,0.4781875469199617,0.5720279197353038,-0.4014830678366994,-0.45974649415900753,-0.1126780150629839,-0.07479066767254888,-0.26228616495138807
0.5996597087520158,1.6670403914094656,0.9640104334423034,1.830222123837196,-0.37485301302284196,-0.19845836139413217,-0.1197902540392387,-0.833381176444102,0.6473883156125001,-0.9098211008083231,-0.854722568656716,2.490765066104216,2.1751117468100603,-0.1126780150629839,-0.07479066767254888,-0.26228616495138807
-0.07146609322384039,1.7195019880561069,-2.445872933355358,1.610366569287992,2.211987080901211,0.04785651774706291,1.5106835298969647,-1.3687220524133217,3.015465978706042,-0.2158167769441807,-0.1413473244607061,-0.4014830678366994,-0.45974649415900753,-0.1126780150629839,-0.07479066767254888,-0.26228616495138807
0.12805779385006164,-1.7954249872688943,-0.9020948916708451,-0.6896607706113501,0.9501138643528927,-0.9527976787640421,1.3454328085520793,1.4685845902235424,0.156138162098413,0.4781875469199617,-0.1413473244607061,-0.4014830678366994,-0.45974649415900753,0.8859357335536329,-0.07479066767254888,-0.26228616495138807
-1.957873752831652,1.4047324081762567,-0.20654654321957924,-0.18230179857473025,-1.510538907916329,1.4025883530236358,-2.0587320511525613,-2.5197049357471446,0.01758042649187475,-0.2158167769441807,-0.1413473244607061,-0.4014830678366994,-0.45974649415900753,-0.1126780150629839,-0.07479066767254888,-0.26228616495138807
0.8354606662029916,-1.1309114297447629,1.1336563720889532,-1.0786359825060914,-0.32753276740228005,-0.013722202038235855,-0.21894068684617002,1.481968112122772,-1.6451124007865698,-0.2158167769441807,-0.1413473244607061,-0.4014830678366994,-0.45974649415900753,-0.1126780150629839,-0.07479066767254888,-0.26228616495138807
0.10991925866152602,-0.8336290487471282,-0.8172719223475202,0.8662400769676178,0.8554733731117689,-1.5224008367780557,1.6869509659981758,0.7191073638666358,1.2520038891682983,-0.2158167769441807,-0.1413473244607061,-0.4014830678366994,-0.45974649415900753,-0.1126780150629839,-0.07479066767254888,-0.26228616495138807
1.8149415663839688,1.3347836126474,2.117602816239522,1.3228631518005762,-0.39062642822969595,-0.02911688198456055,-0.2519908311151471,0.3176017068897192,-0.5870351470639216,0.4781875469199617,-0.854722568656716,-0.4014830678366994,2.1751117468100603,1.8845494821702495,2.0217868532785768,-0.26228616495138807
-0.8695616415194536,0.8801164417098388,1.2524085291416087,1.0691836657822662,-1.9206477032945324,-0.19845836139413217,-1.199428300159157,-1.3151879648164007,-0.13357346689707345,-0.2158167769441807,-0.1413473244607061,-0.4014830678366994,-0.45974649415900753,-0.1126780150629839,-0.07479066767254888,-0.26228616495138807
-0.3072670506748162,0.7227316517699125,-1.3771035198814643,0.27432127625822805,1.0132075251803085,0.38653947656620613,0.4310454837770463,-0.7798470888471793,1.226811573603473,-0.2158167769441807,-0.1413473244607061,-0.4014830678366994,-0.45974649415900753,-0.1126780150629839,-0.07479066767254888,-0.26228616495138807
-0.3979597266174994,1.1424244249430477,0.6416831500136702,0.2912332419927811,-0.9426959604695854,0.7406171153316741,-1.1884115854028314,-1.1679692239248642,-0.2595350447212,-0.2158167769441807,-0.1413473244607061,-0.4014830678366994,-0.45974649415900753,-0.1126780150629839,-0.07479066767254888,-0.26228616495138807
-0.8332845711423799,-0.20408988898742525,-0.7833427346181898,0.22358537905456655,0.003708951941653619,-0.38319452075002847,0.2768114771884865,-0.4586425632656487,0.7481575778717995,-0.2158167769441807,-0.1413473244607061,-0.4014830678366994,-0.45974649415900753,-0.1126780150629839,-0.07479066767254888,-0.26228616495138807
1.1800928347851862,0.9675524361209085,1.5577712187055779,-0.5881889762040271,-0.42217325864340394,1.3871936730773111,-1.2875620182097627,0.13023240030049163,-1.594727769656921,-0.2158167769441807,-0.854722568656716,-0.4014830678366994,2.1751117468100603,0.8859357335536329,2.0217868532785768,-0.26228616495138807
0.12805779385006164,1.9468355735248875,-0.41012166959555957,1.9655178497136274,0.4926848233541271,-0.07530092182353462,0.3979953395080692,-1.395489096211783,1.7684463582472087,-0.2158167769441807,-0.1413473244607061,-0.4014830678366994,-0.45974649415900753,-0.1126780150629839,-0.07479066767254888,-0.26228616495138807
-1.1053625989704294,1.7369891869383198,0.9640104334423034,1.610366569287992,-1.8575540424671166,0.0632511976933876,-1.3426455919913913,-2.1449663225686897,0.4836382644411365,-0.9098211008083231,-0.1413473244607061,2.490765066104216,-0.45974649415900753,-1.1112917636796007,-2.1713681886236746,-0.26228616495138807
0.7991835958259179,1.352270811529613,-1.7672891787687586,0.8155041797639564,2.338174402556043,0.44811819635150496,1.312382664283102,-0.4452590413664171,1.9196002516361588,-0.2158167769441807,-0.1413473244607061,-0.4014830678366994,-0.45974649415900753,-0.1126780150629839,-0.07479066767254888,-0.26228616495138807
0.49082849762079445,-0.5888082643961322,0.4890018052316843,0.6971204196220779,-0.02783787847205435,-1.1529285180662632,0.80561378549212,0.8127920171612476,0.156138162098413,0.4781875469199617,-0.854722568656716,-0.4014830678366994,2.1751117468100603,1.8845494821702495,2.0217868532785768,-0.26228616495138807
0.45455142724372066,0.28555167971456424,0.930081245712973,1.9824298154481805,-0.46949350426396586,-1.5531901966707053,0.7835803559794687,0.1168488784012619,0.7859460512190365,-0.2158167769441807,-0.1413473244607061,-0.4014830678366994,-0.45974649415900753,-0.1126780150629839,-0.07479066767254888,-0.26228616495138807
1.6154176793100667,0.7227316517699125,0.20060370953237902,1.0015358028440493,1.2182619228694105,-0.2754317611257556,1.0479815101312853,0.6388062324712517,0.5970036844828495,-0.2158167769441807,-0.1413473244607061,-0.4014830678366994,-0.45974649415900753,-0.1126780150629839,-0.07479066767254888,-0.26228616495138807
0.7629065254488441,0.28555167971456424,0.6925769316076646,0.05446572170902662,0.019482367148507602,0.20180331721030983,-0.1308069687955644,0.34436875068818057,-0.4736697270222105,-0.2158167769441807,-0.1413473244607061,-0.4014830678366994,-0.45974649415900753,-0.1126780150629839,-0.07479066767254888,-0.26228616495138807
0.12805779385006164,-2.2326049593242425,-2.191404025385383,-0.28377359298205324,2.148893420073795,-1.7071369961339522,2.7225221530927914,1.8031726377043045,1.41575394033966,0.4781875469199617,-0.1413473244607061,-0.4014830678366994,-0.45974649415900753,0.8859357335536329,-0.07479066767254888,-0.26228616495138807
0.18247339941567103,0.4604236685367035,-0.1895819493549152,1.7118383636953176,0.3349506712855873,-1.1529285180662632,1.058998224887611,-0.2177391690795003,1.41575394033966,-0.9098211008083231,-0.854722568656716,2.490765066104216,2.1751117468100603,-0.1126780150629839,-0.07479066767254888,-0.26228616495138807
0.01922658271884282,-0.5713210655139193,-0.12172357389625431,-1.8227624748264681,0.12989627359648548,1.1562734738824407,-0.7367262803934779,0.451436925882026,-1.2672276673141976,0.4781875469199617,-0.1413473244607061,-0.4014830678366994,-0.45974649415900753,0.8859357335536329,-0.07479066767254888,-0.26228616495138807
1.6516947496871406,0.3729876741256339,1.8292047205402193,-0.8249564964877816,-0.2644391065748641,1.0793000741508174,-0.9570605755199918,0.9332437142543227,-1.9726125031292951,-0.2158167769441807,-0.1413473244607061,-0.4014830678366994,-0.45974649415900753,-0.1126780150629839,-0.07479066767254888,-0.26228616495138807
-1.9760122880201878,-0.9035778442759824,-0.07082979230225982,-0.9940761538333215,-1.6524996447780147,0.10943523753236167,-1.2324784444281343,-0.7664635669479496,-0.6878044093232228,-0.2158167769441807,-0.1413473244607061,-0.4014830678366994,-0.45974649415900753,-0.1126780150629839,-0.07479066767254888,-0.26228616495138807
-1.54068744349531,-0.029217900165285967,-0.5119092327835509,0.8831520427021708,-0.8638288844353155,-0.8296402391934445,-0.009623106475981738,-1.1144351363279434,1.037869206867286,-0.9098211008083231,1.2854031639313137,2.490765066104216,-0.45974649415900753,-3.108519260912834,-2.1713681886236746,-0.26228616495138807
0.8717377365800655,0.5653468618299862,0.6925769316076646,1.1199195629859278,0.11412285838963149,-0.5217466402669507,0.4530789132896976,0.2105335316958776,0.31988821326977473,-0.2158167769441807,0.5720279197353038,-0.4014830678366994,-0.45974649415900753,-1.1112917636796007,-0.07479066767254888,-0.26228616495138807
-1.2141938101016483,-0.5188594688672755,1.0318688089009644,1.2552152888623591,-2.0152881945356564,-1.5993742365096792,-0.2630075458714729,-0.49879312896333977,0.16873431988082477,-0.2158167769441807,-0.1413473244607061,-0.4014830678366994,-0.45974649415900753,-0.1126780150629839,-0.07479066767254888,-0.26228616495138807
0.5996597087520158,1.7544763858205352,-0.9869178609941701,2.3206691301392603,1.439089735765366,-0.5679306801059247,1.4115330970900335,-0.9002987859402545,2.4612350362798945,0.4781875469199617,-0.1413473244607061,-0.4014830678366994,-0.45974649415900753,0.8859357335536329,-0.07479066767254888,-0.26228616495138807
1.8512186367610426,0.7751932484165538,-0.002971416843601321,0.358881104930998,1.6125973030407597,0.3557501166735568,0.8717140740300742,0.7726414514635566,0.26950358214012593,-0.2158167769441807,-0.1413473244607061,-0.4014830678366994,-0.45974649415900753,-0.1126780150629839,-0.07479066767254888,-0.26228616495138807
0.01922658271884282,2.0167843690537444,0.8791874641189785,1.2383033231278062,-0.8007352236078995,0.6482490356537259,-1.023160864057946,-1.5293243152040878,0.26950358214012593,-0.2158167769441807,-0.1413473244607061,-0.4014830678366994,-0.45974649415900753,-0.1126780150629839,-0.07479066767254888,-0.26228616495138807
-0.4886524025601826,1.194886021589689,0.828293682524984,-1.4337872629317268,-1.1950706037792491,2.357058509695767,-2.521434070918241,-1.2750373991187078,-1.6829008741338087,0.4781875469199617,-0.1413473244607061,-0.4014830678366994,-0.45974649415900753,0.8859357335536329,-0.07479066767254888,-0.26228616495138807
-1.0509469934048201,-0.30901308228071034,-0.7494135468888593,0.7478563168257394,-0.21711886095430213,-0.9527976787640421,0.5301959165839776,-0.538943694661031,1.1134461535617601,-0.2158167769441807,-0.854722568656716,-0.4014830678366994,2.1751117468100603,0.8859357335536329,2.0217868532785768,-0.26228616495138807
1.796803031195433,-0.9385522420404108,1.7443817512168942,-0.875692393691443,-0.05938470888576232,-0.02911688198456055,-0.020639821232307405,2.044076031890453,-1.9474201875644699,0.4781875469199617,1.2854031639313137,-0.4014830678366994,-0.45974649415900753,-1.1112917636796007,-0.07479066767254888,-0.26228616495138807
0.9987074828998199,-0.4838850711028496,0.6416831500136702,-1.3830513657280628,0.27185701045817134,0.8329851950096223,-0.4062248377037069,1.1072294989443188,-1.5065546651800334,-0.2158167769441807,-0.1413473244607061,-0.4014830678366994,-0.45974649415900753,-0.1126780150629839,-0.07479066767254888,-0.26228616495138807
0.38199728648957565,0.355500475243421,-1.86907674195675,1.491982809146116,2.0700263440395252,-1.0451657584419902,2.1937198447891584,0.009780703207418383,2.499023509627133,-0.2158167769441807,-0.1413473244607061,-0.4014830678366994,-0.45974649415900753,-0.1126780150629839,-0.07479066767254888,-0.26228616495138807
1.0712616236539674,1.7894507835849611,0.8791874641189785,0.7816802482948478,0.11412285838963149,0.8637745549022717,-0.5384254147796153,-0.579094260358722,-0.0705926779850111,-0.2158167769441807,-0.854722568656716,-0.4014830678366994,2.1751117468100603,0.8859357335536329,2.0217868532785768,-0.26228616495138807
1.452170862613236,1.4047324081762567,0.14970992793838453,2.033165712651842,1.1236214316282864,-0.6141147199448989,1.2242489462324966,-0.0036028186918132467,1.4031577825572465,-0.2158167769441807,-0.1413473244607061,-0.4014830678366994,-0.45974649415900753,-0.1126780150629839,-0.07479066767254888,-0.26228616495138807
-2.084843499151409,0.09319249201021203,-0.20654654321957924,0.003729824505362714,-1.6209528143643068,0.0786458776397123,-1.1884115854028314,-1.609625446599472,0.15613816209841122,-0.2158167769441807,-0.1413473244607061,-0.4014830678366994,-0.45974649415900753,-0.1126780150629839,-0.07479066767254888,-0.26228616495138807
-0.1984358395435974,0.6352956573588429,0.3702496481790289,1.1706554601895893,-0.5168137498845278,-0.506351960320626,0.001393608280344013,-0.6326283479556447,0.5970036844828495,1.1721918707841041,-0.854722568656716,-0.4014830678366994,2.1751117468100603,2.883163230786866,2.0217868532785768,-0.26228616495138807
0.25502754016981866,0.8276548450631951,0.04792236475039557,-1.2477556398516314,0.17721651921704745,1.8644287514133766,-1.210445014915483,-0.4452590413664171,-0.9649198805362975,-0.2158167769441807,-0.854722568656716,-0.4014830678366994,2.1751117468100603,0.8859357335536329,2.0217868532785768,-0.26228616495138807
1.6879718200642144,0.7227316517699125,1.472948249382253,0.037553755974471185,0.09834944318277751,0.6020649958147519,-0.3621579786784041,0.6923403200681744,-1.065689142795597,-0.9098211008083231,-0.1413473244607061,2.490765066104216,-0.45974649415900753,-1.1112917636796007,-2.1713681886236746,-0.26228616495138807
0.7447679902603085,-0.5713210655139193,-0.6645905775655344,0.8493281112330624,1.2655821684899722,-1.2760859576368608,1.7971181135614331,0.9867778018512455,1.1260423113441718,-0.2158167769441807,-0.1413473244607061,-0.4014830678366994,-0.45974649415900753,-0.1126780150629839,-0.07479066767254888,-0.26228616495138807
0.34572021611250187,-0.7287058554538431,0.5398955868256787,1.4750708434115607,-0.20134544574744817,-1.9842412351677965,1.2793325200141252,0.8127920171612476,0.6977729467421488,-0.9098211008083231,-0.1413473244607061,2.490765066104216,-0.45974649415900753,-1.1112917636796007,-2.1713681886236746,-0.26228616495138807
-0.34354412105189003,1.8943739768782462,1.1845501536829477,2.608172547626679,-1.400125001468351,-0.706482799622847,-0.4723251262416611,-1.7033100998940838,1.0630615224321112,-0.2158167769441807,-0.1413473244607061,-0.4014830678366994,-0.45974649415900753,-0.1126780150629839,-0.07479066767254888,-0.26228616495138807
0.9261533421456749,-1.0609626342159089,0.930081245712973,-1.213931708382523,-0.05938470888576232,0.17101395731766045,-0.16385711306454148,1.4953516340220037,-1.5947277696569193,-0.2158167769441807,-0.854722568656716,-0.4014830678366994,2.1751117468100603,0.8859357335536329,2.0217868532785768,-0.26228616495138807
-0.4523753321831114,0.8976036405920518,1.5917004064349085,0.443440933603768,-1.8733274576739707,0.38653947656620613,-1.5850133166305567,-1.0207504830333296,-0.8515544604945846,-0.2158167769441807,0.5720279197353038,-0.4014830678366994,-0.45974649415900753,-1.1112917636796007,-0.07479066767254888,-0.26228616495138807
2.5948985794910464,0.49539806630113187,2.6943990076381326,0.12211358464724115,-0.24866569136801012,0.3249607567809074,-0.4062248377037069,1.5355021997196947,-1.9096317142172328,-0.9098211008083231,-0.854722568656716,2.490765066104216,2.1751117468100603,-0.1126780150629839,-0.07479066767254888,-0.26228616495138807
0.29130461054689244,0.9675524361209085,-1.648537021716103,1.1199195629859278,1.7861048703161537,-0.16766900150148278,1.3674662380647307,-0.5255601727618011,2.058157987242695,-0.2158167769441807,-0.1413473244607061,-0.4014830678366994,-0.45974649415900753,-0.1126780150629839,-0.07479066767254888,-0.26228616495138807
-0.724453360011161,0.5653468618299862,-0.9699532671295037,0.02064179023991815,0.27185701045817134,0.4789075562441543,-0.1528403983082158,-0.9672163954364069,0.735561420089386,-0.2158167769441807,-0.1413473244607061,-0.4014830678366994,-0.45974649415900753,-0.1126780150629839,-0.07479066767254888,-0.26228616495138807
-1.504410373118236,-1.8129121861511073,1.388125280058928,-0.31759752445116174,-2.598904557189254,-1.30687531752951,-0.879943572225712,0.27745114119202813,-1.2672276673141958,-0.9098211008083231,-0.1413473244607061,2.490765066104216,-0.45974649415900753,-1.1112917636796007,-2.1713681886236746,-0.26228616495138807
1.452170862613236,0.8276548450631951,-0.002971416843601321,1.1368315287204809,1.2655821684899722,-0.30622112101840504,1.1030650839129137,0.43805340398279435,0.8489268401310989,0.4781875469199617,-0.1413473244607061,-0.4014830678366994,-0.45974649415900753,0.8859357335536329,-0.07479066767254888,-0.26228616495138807
-0.5067909377487207,0.040730895363568255,0.8791874641189785,1.830222123837196,-1.258164264606665,-1.6301635964023289,0.28782819194481224,-0.405108475668726,0.7103691045245624,-0.9098211008083231,-0.854722568656716,2.490765066104216,2.1751117468100603,-0.1126780150629839,-0.07479066767254888,-0.26228616495138807
-0.1258816987894498,0.5478596629477732,0.5907893684196732,0.49417683080742947,-0.6587744867462137,0.03246183780073822,-0.48334184099798677,-0.5121766508625695,-0.0705926779850111,-0.2158167769441807,-0.854722568656716,-0.4014830678366994,2.1751117468100603,0.8859357335536329,2.0217868532785768,-0.26228616495138807
0.6359367791290871,0.0757052931279966,1.1675855598182838,-0.9095163251605515,-0.5325871650913818,0.894563914794921,-1.0121441493016203,0.411286360184333,-1.5443431385272703,-0.2158167769441807,1.2854031639313137,-0.4014830678366994,-0.45974649415900753,-2.1099055122962174,-0.07479066767254888,-0.26228616495138807
2.1414351997776304,1.5621171981161805,0.4381080236376898,0.24049734478911958,1.4548631509722199,1.1562734738824407,0.18867775913788085,0.38451931638587356,-0.146169624679487,-0.2158167769441807,-0.1413473244607061,-0.4014830678366994,-0.45974649415900753,-0.1126780150629839,-0.07479066767254888,-0.26228616495138807
-0.5067909377487207,0.8626292428276234,1.388125280058928,-1.2477556398516314,-1.7313667208122847,1.8952181113060258,-2.5655009299435436,-1.0341340049325594,-1.9600163453468815,-0.9098211008083231,-0.1413473244607061,2.490765066104216,-0.45974649415900753,-1.1112917636796007,-2.1713681886236746,-0.26228616495138807
-0.3798211914289638,-0.6587570599249889,0.14970992793838453,0.7478563168257394,-0.46949350426396586,-1.2606912776905361,0.5742627756092804,0.22391705359510733,0.44584979109389944,-0.2158167769441807,-0.1413473244607061,-0.4014830678366994,-0.45974649415900753,-0.1126780150629839,-0.07479066767254888,-0.26228616495138807
-1.3955791619870146,1.2473476182363303,-0.5967322021068758,-0.19921376430928328,-0.6587744867462137,1.2794309134530382,-1.3756957362603686,-1.9843640597779233,0.2946958977049512,1.1721918707841041,-0.1413473244607061,-0.4014830678366994,-0.45974649415900753,1.8845494821702495,-0.07479066767254888,-0.26228616495138807
0.29130461054689244,1.089962828296404,-0.08779438616692625,0.5956486252147525,0.3349506712855873,0.41732883645885555,-0.0647066802576102,-0.6192448260564131,0.5088305800059618,-0.9098211008083231,-0.1413473244607061,2.490765066104216,-0.45974649415900753,-1.1112917636796007,-2.1713681886236746,-0.26228616495138807
1.2889240459164077,-0.37896187780956453,1.0318688089009644,0.9846238371094963,0.16144310401019346,-1.2299019177978865,0.9928979363496568,1.2410647179366237,-0.03280420463777406,-0.2158167769441807,-0.1413473244607061,-0.4014830678366994,-0.45974649415900753,-0.1126780150629839,-0.07479066767254888,-0.26228616495138807
-0.597483613691404,-1.0085010375692676,1.2693731230062728,0.5787366594801995,-1.6998198903985768,-1.414638077153783,-0.17487382782086724,0.33098522878895087,-0.5114582003694476,-0.2158167769441807,-0.1413473244607061,-0.4014830678366994,-0.45974649415900753,-0.1126780150629839,-0.07479066767254888,-0.26228616495138807
2.866976607319096,0.4254492707722752,2.5417176628561466,0.08828965317813268,0.12989627359648548,0.294171396888258,-0.1197902540392387,1.7897891158050747,-1.8214586097403451,-0.2158167769441807,-0.1413473244607061,-0.4014830678366994,-0.45974649415900753,-0.1126780150629839,-0.07479066767254888,-0.26228616495138807
1.21636990516226,0.0757052931279966,-0.13868816776092074,-1.3323154685244014,1.1867150924557024,1.2794309134530382,-0.08674010977026156,0.839559060959709,-0.8893429338418216,-0.2158167769441807,1.2854031639313137,-0.4014830678366994,-0.45974649415900753,-2.1099055122962174,-0.07479066767254888,-0.26228616495138807
0.8173221310144535,-0.20408988898742525,-1.3262097382874698,1.661102466491656,1.9438390223846935,-1.6917423161876273,2.568288146504232,0.7592579295643249,2.2219080384140586,-0.2158167769441807,-0.1413473244607061,-0.4014830678366994,-0.45974649415900753,-0.1126780150629839,-0.07479066767254888,-0.26228616495138807
0.6722138495061609,-0.029217900165285967,0.21756830339704544,-1.213931708382523,0.3822709169061492,1.0793000741508174,-0.5053752705106382,0.5183545353781766,-1.065689142795597,-0.2158167769441807,-0.1413473244607061,-0.4014830678366994,-0.45974649415900753,-0.1126780150629839,-0.07479066767254888,-0.26228616495138807
0.309443145735428,-0.9910138386870521,0.04792236475039557,-0.6220129076731331,0.2245367648376094,-0.30622112101840504,0.3759619099954178,0.9867778018512435,-0.4988620425870358,0.4781875469199617,0.5720279197353038,-0.4014830678366994,-0.45974649415900753,-0.1126780150629839,-0.07479066767254888,-0.26228616495138807
1.252646975539334,2.121707562347027,1.9479568775928722,0.37579307066555107,-0.7218681475736296,1.5257457925942333,-1.5960300313868825,-0.6995459574517972,-1.1664584050548963,1.1721918707841041,-0.1413473244607061,-0.4014830678366994,-0.45974649415900753,1.8845494821702495,-0.07479066767254888,-0.26228616495138807
-1.867181076888969,0.2680644808323513,-0.07082979230225982,-0.16538983284017722,-1.5578591535368909,0.38653947656620613,-1.3646790215040425,-1.5828584028010104,-0.0705926779850129,-0.2158167769441807,-0.1413473244607061,-0.4014830678366994,-0.45974649415900753,-0.1126780150629839,-0.07479066767254888,-0.26228616495138807
-1.3411635564214053,1.2473476182363303,1.2693731230062728,1.0691836657822662,-2.34652991387959,0.12482991747868638,-1.7282306084627908,-1.9442134940802323,-0.1461696246794852,-0.2158167769441807,-0.1413473244607061,-0.4014830678366994,-0.45974649415900753,-0.1126780150629839,-0.07479066767254888,-0.26228616495138807
1.6154176793100667,0.9325780383564801,0.23453289726170948,0.9338879399058324,1.1867150924557024,-0.02911688198456055,0.8496806445174229,0.47820396968048545,0.5214267377883736,0.4781875469199617,-0.1413473244607061,-0.4014830678366994,-0.45974649415900753,0.8859357335536329,-0.07479066767254888,-0.26228616495138807
0.055503653095916615,-1.0609626342159089,-0.3083341064075706,-0.5036291475312571,0.3349506712855873,-0.4755626004279766,0.5742627756092804,0.8529425828589406,-0.146169624679487,-0.9098211008083231,-0.1413473244607061,2.490765066104216,-0.45974649415900753,-1.1112917636796007,-2.1713681886236746,-0.26228616495138807
-0.216574374732133,1.1424244249430477,-0.22351113708424566,-0.21612573004383873,0.019482367148507602,1.2024575137214149,-0.8468934279567348,-1.0341340049325594,0.004984268709462996,0.4781875469199617,-0.1413473244607061,-0.4014830678366994,-0.45974649415900753,0.8859357335536329,-0.07479066767254888,-0.26228616495138807
-0.5612065433143302,0.5128852651833449,-0.6136967959715399,-0.01318214122919032,0.08257602797592353,0.4635128762978296,-0.27402426062779844,-0.8066141326456406,0.44584979109389944,0.4781875469199617,-0.1413473244607061,-0.4014830678366994,-0.45974649415900753,0.8859357335536329,-0.07479066767254888,-0.26228616495138807
-0.597483613691404,0.005756497599142387,-0.10475898003159027,-1.8058505090919128,-0.42217325864340394,1.648903232164831,-1.4748461690672996,-0.445259041366419,-1.2672276673141958,0.4781875469199617,-0.854722568656716,-0.4014830678366994,2.1751117468100603,1.8845494821702495,2.0217868532785768,-0.26228616495138807
1.7786644960068976,0.3205260774789926,1.6765233757582334,0.6463845224184164,-0.012064463265200366,-0.30622112101840504,0.2107111886505323,1.0670789332466277,-0.7633813560176969,1.1721918707841041,0.5720279197353038,-0.4014830678366994,-0.45974649415900753,0.8859357335536329,-0.07479066767254888,-0.26228616495138807
-0.6156221488799396,0.6877572540054842,1.5068774371115836,0.8831520427021708,-1.9364211185013867,-0.19845836139413217,-1.210445014915483,-0.9805999173356367,-0.46107356923979875,-0.2158167769441807,-0.1413473244607061,-0.4014830678366994,-0.45974649415900753,-0.1126780150629839,-0.07479066767254888,-0.26228616495138807
0.9080148069571367,0.6178084584766299,-1.3771035198814643,0.5956486252147525,2.0700263440395252,0.0016724779080888352,1.4445832413590107,0.19715000979664407,1.466138571469309,-0.2158167769441807,-0.1413473244607061,-0.4014830678366994,-0.45974649415900753,-0.1126780150629839,-0.07479066767254888,-0.26228616495138807
-1.3048864860443314,0.7751932484165538,-0.4949446389188845,0.8831520427021708,-0.6745479019530677,-0.12148496166250872,-0.38419140819105546,-1.5560913590025474,1.0252730490848723,-0.2158167769441807,-0.854722568656716,-0.4014830678366994,2.1751117468100603,0.8859357335536329,2.0217868532785768,-0.26228616495138807
2.159573734966166,0.6527828562410558,0.28542667885570394,-0.04700607269829879,1.6125973030407597,0.6174596757610765,0.6844299231725374,1.093845977045089,-0.24693888693878638,-0.2158167769441807,-0.1413473244607061,-0.4014830678366994,-0.45974649415900753,-0.1126780150629839,-0.07479066767254888,-0.26228616495138807
-0.3072670506748162,-0.11665389457635561,-0.5967322021068758,-1.180107776913417,0.28763042566502534,0.9715373145265445,-0.4943585557543124,-0.13743803768411622,-0.4358812536749735,-0.9098211008083231,-0.1413473244607061,2.490765066104216,-0.45974649415900753,-1.1112917636796007,-2.1713681886236746,-0.26228616495138807
1.21636990516226,-0.13414109345857103,-0.22351113708424566,-0.04700607269829879,1.2655821684899722,-0.07530092182353462,0.9378143625680283,1.0001613237504752,0.1309458465335877,-0.9098211008083231,-0.854722568656716,2.490765066104216,2.1751117468100603,-0.1126780150629839,-0.07479066767254888,-0.26228616495138807
-0.7063148248226229,-0.4314234744562058,-0.8003073284828538,0.8831520427021708,0.12989627359648548,-1.1837178779589126,0.9378143625680285,-0.19097212528103893,1.2520038891682965,-0.2158167769441807,-0.1413473244607061,-0.4014830678366994,-0.45974649415900753,-0.1126780150629839,-0.07479066767254888,-0.26228616495138807
-0.144020233977988,-0.5888082643961322,1.4390190616529226,-0.6389248734076886,-1.463218662295767,0.0632511976933876,-1.0672277230832488,0.34436875068818057,-1.5443431385272703,-0.2158167769441807,-0.854722568656716,-0.4014830678366994,2.1751117468100603,0.8859357335536329,2.0217868532785768,-0.26228616495138807
1.579140608932993,0.28555167971456424,0.5059663990963483,0.6971204196220779,0.9027936187323308,-0.38319452075002847,0.9047642182990513,0.9466272361535525,0.14354200431600125,-0.9098211008083231,-0.854722568656716,2.490765066104216,2.1751117468100603,-0.1126780150629839,-0.07479066767254888,-0.26228616495138807
0.9080148069571367,1.8244251813493895,1.9818860653222026,1.407422980473346,-1.0531098669175634,0.3249607567809074,-0.9680772902763175,-0.7263130012502585,-0.4232850958925599,-0.2158167769441807,-0.854722568656716,-0.4014830678366994,2.1751117468100603,0.8859357335536329,2.0217868532785768,-0.26228616495138807
-1.2141938101016483,2.9610931086932974,0.6586477438783341,2.5743486161575726,-1.6682730599848687,0.2633820369956086,-1.353662306747717,-3.1621139869102075,1.4283500981220736,-0.2158167769441807,-0.1413473244607061,-0.4014830678366994,-0.45974649415900753,-0.1126780150629839,-0.07479066767254888,-0.26228616495138807
1.343339651482017,-0.8686034465115541,0.5568601806903452,-0.11465393563651333,0.6504189754226669,-0.6602987597838729,0.9267976478117027,1.655953896812768,-0.4988620425870358,-0.2158167769441807,-0.1413473244607061,-0.4014830678366994,-0.45974649415900753,-0.1126780150629839,-0.07479066767254888,-0.26228616495138807
-2.193674710282628,0.1456540886568533,-0.07082979230225982,-0.3514214559202702,-1.8417806272602626,0.44811819635150496,-1.607046746143208,-1.730077143692545,-0.20915041359154934,-0.2158167769441807,-0.1413473244607061,-0.4014830678366994,-0.45974649415900753,-0.1126780150629839,-0.07479066767254888,-0.26228616495138807
-1.939735217643114,-0.046705099047501385,0.04792236475039557,-0.11465393563651333,-1.7313667208122847,0.0632511976933876,-1.2545118739407857,-1.395489096211781,-0.1209773091146617,-0.9098211008083231,-0.1413473244607061,2.490765066104216,-0.45974649415900753,-1.1112917636796007,-2.1713681886236746,-0.26228616495138807
-0.597483613691404,0.058218094245783676,0.0648869586150596,-1.7720265776228066,-0.5799074107119437,1.6642979121111554,-1.5960300313868825,-0.48540960706411007,-1.3679969295734968,-0.2158167769441807,-0.1413473244607061,-0.4014830678366994,-0.45974649415900753,-0.1126780150629839,-0.07479066767254888,-0.26228616495138807
0.8717377365800655,1.8943739768782462,1.727417157352228,0.22358537905456655,-0.8480554692284615,1.4641670728089347,-1.640096890412185,-0.8066141326456406,-1.1160737739252458,-0.9098211008083231,-0.854722568656716,2.490765066104216,2.1751117468100603,-0.1126780150629839,-0.07479066767254888,-0.26228616495138807
1.9419113127037257,1.7719635847027482,0.08185155247972362,1.2383033231278062,1.6125973030407597,0.43272351640518025,0.8166305002484456,0.07669831270357082,0.8615229979135124,3.2542048423765313,4.138904140715353,-0.4014830678366994,-0.45974649415900753,-1.1112917636796007,-0.07479066767254888,-0.26228616495138807
0.6540753143176252,0.058218094245783676,0.7773999009309895,0.8662400769676178,-0.15402520012688622,-0.7372721595154964,0.42002876902072056,0.43805340398279435,0.06796505762152534,3.9482091662406735,4.138904140715353,-0.4014830678366994,-0.45974649415900753,-0.1126780150629839,-0.07479066767254888,-0.26228616495138807
0.8354606662029916,-0.13414109345857103,-1.2922805505581394,-0.7065727363459031,1.9280656071778395,0.5250915960831284,0.9708645068370055,0.7191073638666358,0.4332536333114877,3.9482091662406735,4.138904140715353,-0.4014830678366994,-0.45974649415900753,-0.1126780150629839,-0.07479066767254888,-0.26228616495138807
0.20061193460420923,-0.2915258833984949,-0.4779800450542205,-0.06391803843285182,0.6188721450089589,-0.19845836139413217,0.5742627756092804,0.37113579448664197,0.307292055487363,3.9482091662406735,4.138904140715353,-0.4014830678366994,-0.45974649415900753,-0.1126780150629839,-0.07479066767254888,-0.26228616495138807
0.5452441031864038,1.0025268338853344,0.47203721136702026,-0.6220129076731331,0.03525578235536159,1.4487723928626097,-1.0121441493016203,-0.3649579099710349,-0.8137659871473475,3.9482091662406735,4.138904140715353,-0.4014830678366994,-0.45974649415900753,-0.1126780150629839,-0.07479066767254888,-0.26228616495138807
0.7629065254488441,1.212373220471902,-0.29136951254290416,-0.04700607269829879,0.9343404491460388,1.1100894340434668,-0.14182368355189007,-0.3649579099710349,0.1813304776632365,3.9482091662406735,4.138904140715353,-0.4014830678366994,-0.45974649415900753,-0.1126780150629839,-0.07479066767254888,-0.26228616495138807
-0.16215876916652358,-0.5013722699850626,1.4050898739235946,-0.6051009419385801,-1.447445247088913,0.10943523753236167,-1.0892611525959002,0.26406761929279843,-1.4939585073976216,3.9482091662406735,4.138904140715353,-0.4014830678366994,-0.45974649415900753,-0.1126780150629839,-0.07479066767254888,-0.26228616495138807
-0.2891285154862806,-0.27403868451628194,1.5068774371115836,0.6294725566838609,-1.6524996447780147,-0.8142455592471198,-0.5714755590485924,-0.0036028186918113446,-0.6500159359759857,3.9482091662406735,4.138904140715353,-0.4014830678366994,-0.45974649415900753,-0.1126780150629839,-0.07479066767254888,-0.26228616495138807
1.125677229219577,-1.2183474241558325,2.270284161021508,0.07137768744357965,-1.1319769429518332,-1.1375338381199382,0.023427037792995337,1.7630220720066114,-1.632516243004158,3.2542048423765313,4.138904140715353,-0.4014830678366994,-0.45974649415900753,-1.1112917636796007,-0.07479066767254888,-0.26228616495138807
-1.5951030490609193,-0.11665389457635561,-0.6136967959715399,1.0522717000477109,-0.8165086388147536,-1.060560438388315,0.18867775913788085,-1.0876680925294822,1.2394077313858847,3.9482091662406735,4.138904140715353,-0.4014830678366994,-0.45974649415900753,-0.1126780150629839,-0.07479066767254888,-0.26228616495138807
0.5271055679978682,-1.2708090208024765,0.5907893684196732,0.15593751611634962,-0.09093153929947029,-1.2606912776905361,0.8386639297610972,1.3615164150296988,-0.32251583363326053,3.9482091662406735,4.138904140715353,-0.4014830678366994,-0.45974649415900753,-0.1126780150629839,-0.07479066767254888,-0.26228616495138807
0.34572021611250187,0.7052444528876995,-0.03690060457292937,0.2574093105236726,0.3349506712855873,0.38653947656620613,-0.04267325074495877,-0.28465677857565275,0.21911895101047357,4.642213490104816,4.138904140715353,-0.4014830678366994,-0.45974649415900753,0.8859357335536329,-0.07479066767254888,-0.26228616495138807
2.3228205516629967,-0.39644907669178,2.1345674101041885,0.9507999056403879,0.03525578235536159,-1.2145072378515618,0.8937475035427257,2.0173089880919934,-0.8767467760594099,4.642213490104816,-0.854722568656716,-0.4014830678366994,2.1751117468100603,7.87623197386995,2.0217868532785768,-0.26228616495138807
-0.3072670506748162,0.6003212595944145,1.0657979966302948,-1.1462838454443083,-1.258164264606665,1.5719298324332074,-2.003648477370933,-0.6861624355525655,-1.6451124007865716,-0.9098211008083231,-0.854722568656716,2.490765066104216,2.1751117468100603,-0.1126780150629839,-0.07479066767254888,-0.26228616495138807
-1.4318562323640884,-0.7811674521004844,0.013993177021065112,-0.8080445307532285,-1.258164264606665,0.04785651774706291,-0.912993716494689,-0.4586425632656487,-0.6122274626287487,3.9482091662406735,-0.854722568656716,-0.4014830678366994,2.1751117468100603,6.877618225253333,2.0217868532785768,-0.26228616495138807
-1.8853196120775044,0.5653468618299862,-0.0538651984375958,0.8155041797639564,-1.5894059839505987,-0.24464240123310627,-0.9350271460073403,-1.8237617969871571,0.6473883156125001,3.9482091662406735,-0.854722568656716,-0.4014830678366994,2.1751117468100603,6.877618225253333,2.0217868532785768,-0.26228616495138807
0.7447679902603085,-0.25655148563406655,0.3702496481790289,1.491982809146116,0.3034038408718793,-1.5839795565633545,1.3454328085520793,0.7458744076650952,0.8363306823486871,-0.9098211008083231,-0.854722568656716,2.490765066104216,2.1751117468100603,-0.1126780150629839,-0.07479066767254888,-0.26228616495138807
2.1051581294005564,-0.8161418498649128,0.1327453340737205,-0.03009410696374335,1.707237794281884,-0.6910881196765223,1.6869509659981758,2.1779112508827576,-0.1209773091146617,-0.9098211008083231,-0.854722568656716,2.490765066104216,2.1751117468100603,-0.1126780150629839,-0.07479066767254888,-0.26228616495138807
1.252646975539334,-1.11342423086255,0.9640104334423034,0.4096170021346595,0.19298993442390142,-1.3530593573684842,1.1030650839129137,1.7764055939058432,-0.41068893811014817,-0.9098211008083231,-0.854722568656716,2.490765066104216,2.1751117468100603,-0.1126780150629839,-0.07479066767254888,-0.26228616495138807
0.6903523846946991,-0.5888082643961322,-1.8351475542274194,-0.18230179857473025,2.306627572142335,-0.35240516085737905,1.8632184020993874,0.9600107580527841,1.226811573603473,3.9482091662406735,4.138904140715353,-0.4014830678366994,-0.45974649415900753,-0.1126780150629839,-0.07479066767254888,-0.26228616495138807
-0.23471290992067118,1.474681203705111,0.28542667885570394,0.12211358464724115,-0.46949350426396586,1.1870628337750901,-1.1773948706465058,-1.3018044429171691,-0.1209773091146617,-0.9098211008083231,-0.854722568656716,2.490765066104216,2.1751117468100603,-0.1126780150629839,-0.07479066767254888,-0.26228616495138807
0.38199728648957565,-0.6062954632783452,-1.088705424182159,-1.298491537055293,1.3444492445242422,0.6482490356537259,0.47511234280234904,0.7458744076650952,-0.15876578246189874,-0.9098211008083231,4.852279384911363,2.490765066104216,-0.45974649415900753,-8.101588003995918,-2.1713681886236746,-0.26228616495138807
0.5996597087520158,-0.5013722699850626,-1.8521121480920835,0.9169759741712793,2.243533911314919,-1.2760859576368608,2.4801544284536265,0.8261755390604792,2.058157987242695,-0.9098211008083231,-0.1413473244607061,2.490765066104216,-0.45974649415900753,-1.1112917636796007,-2.1713681886236746,-0.26228616495138807
0.309443145735428,-0.08167949681192725,1.0488334027656283,-0.5205411132658101,-0.7060947323667757,0.40193415651253084,-0.7807931394187807,0.2908346630912579,-1.1664584050548963,-0.2158167769441807,-0.1413473244607061,-0.4014830678366994,-0.45974649415900753,-0.1126780150629839,-0.07479066767254888,-0.26228616495138807
-0.7425918951996966,1.579604396998396,-0.8342365162121842,-0.672748804876797,0.12989627359648548,2.002980870930299,-1.3426455919913913,-1.7568441874910066,0.11834968875117415,-0.2158167769441807,-0.1413473244607061,-0.4014830678366994,-0.45974649415900753,-0.1126780150629839,-0.07479066767254888,-0.26228616495138807
0.6359367791290871,-1.0259882364514803,2.1515320039688524,0.49417683080742947,-1.447445247088913,-1.3530593573684842,-0.04267325074495872,1.2544482398358534,-1.2294391939669587,0.4781875469199617,-0.1413473244607061,-0.4014830678366994,-0.45974649415900753,0.8859357335536329,-0.07479066767254888,-0.26228616495138807
0.07364218828445222,0.1281668897746379,-1.2922805505581394,0.27432127625822805,1.2655821684899722,-0.1368796416088334,0.9818812215933311,-0.04375338438950243,1.1638307846914107,-0.2158167769441807,0.5720279197353038,-0.4014830678366994,-0.45974649415900753,-1.1112917636796007,-0.07479066767254888,-0.26228616495138807
0.8898762717686011,0.8276548450631951,0.8622228702543144,-0.4021573531239317,-0.02783787847205435,1.0946947540971421,-0.802826568931432,0.023164225106650012,-0.9397275649714723,0.4781875469199617,0.5720279197353038,-0.4014830678366994,-0.45974649415900753,-0.1126780150629839,-0.07479066767254888,-0.26228616495138807
-1.2141938101016483,-1.2708090208024765,0.20060370953237902,-0.36833342165482325,-1.242390849399811,-0.7834561993544704,-0.3070744048967756,0.07669831270357272,-0.4232850958925599,-0.2158167769441807,-0.1413473244607061,-0.4014830678366994,-0.45974649415900753,-0.1126780150629839,-0.07479066767254888,-0.26228616495138807
-0.6156221488799396,1.4222196070584696,0.1327453340737205,0.1390255503817966,-0.6587744867462137,1.1254841139897913,-1.2655285886971115,-1.5427078371033176,0.004984268709462996,-0.2158167769441807,-0.1413473244607061,-0.4014830678366994,-0.45974649415900753,-0.1126780150629839,-0.07479066767254888,-0.26228616495138807
1.669833284875676,-0.5013722699850626,-0.15565276162558475,-0.6896607706113501,1.5968238878339058,0.18640863726398513,0.9818812215933311,1.6158033311150768,-0.39809278032773643,-0.2158167769441807,-0.1413473244607061,-0.4014830678366994,-0.45974649415900753,-0.1126780150629839,-0.07479066767254888,-0.26228616495138807
-0.36168265624042817,-0.5013722699850626,0.6925769316076646,-0.28377359298205324,-0.9584693756764393,-0.18306368144780746,-0.5384254147796151,0.1168488784012619,-0.7255928826704598,-0.2158167769441807,-0.1413473244607061,-0.4014830678366994,-0.45974649415900753,-0.1126780150629839,-0.07479066767254888,-0.26228616495138807
1.4340323274247002,1.2298604193541174,0.2684620849910399,0.6802084538875225,0.9974341099734546,0.4635128762978296,0.364945195239092,0.1168488784012619,0.30729205548736116,-0.2158167769441807,-0.1413473244607061,-0.4014830678366994,-0.45974649415900753,-0.1126780150629839,-0.07479066767254888,-0.26228616495138807
-0.4342367969945732,0.058218094245783676,2.0667090346455277,-1.4337872629317268,-2.299209668259028,1.3564043131846617,-2.5765176446998694,-0.3649579099710349,-2.6024203922499187,-0.2158167769441807,-0.1413473244607061,-0.4014830678366994,-0.45974649415900753,-0.1126780150629839,-0.07479066767254888,-0.26228616495138807
2.2321278757203133,-0.37896187780956453,2.100638222374858,-0.8926043594259985,-0.012064463265200366,0.4789075562441543,-0.3511412639220784,1.9370078566966094,-2.224535658777545,-0.2158167769441807,-0.854722568656716,-0.4014830678366994,2.1751117468100603,0.8859357335536329,2.0217868532785768,-0.26228616495138807
0.5089670328093326,0.8801164417098388,0.4211434297730234,1.0691836657822662,0.05102919756221557,-0.19845836139413217,0.17766104438155517,-0.29804030047488245,0.4836382644411383,-0.2158167769441807,0.5720279197353038,-0.4014830678366994,-0.45974649415900753,-1.1112917636796007,-0.07479066767254888,-0.26228616495138807
-0.9421157822735986,0.058218094245783676,-0.427086263460226,1.1875674259241422,-0.42217325864340394,-1.0297710784956655,0.442062198533372,-0.7396965231494882,1.2016192580386478,-0.2158167769441807,-0.1413473244607061,-0.4014830678366994,-0.45974649415900753,-0.1126780150629839,-0.07479066767254888,-0.26228616495138807
1.053123088465432,-0.30901308228071034,0.5568601806903452,1.1875674259241422,0.3980443321130032,-1.3530593573684842,1.246282375745148,1.013544845649707,0.4710421066587229,-0.9098211008083231,0.5720279197353038,2.490765066104216,-0.45974649415900753,-2.1099055122962174,-2.1713681886236746,-0.26228616495138807
-1.867181076888969,-1.568091401800111,-0.08779438616692625,0.6971204196220779,-1.542085738330037,-2.015030595060446,0.364945195239092,-0.1775886033818092,0.5844075267004377,0.4781875469199617,-0.1413473244607061,-0.4014830678366994,-0.45974649415900753,0.8859357335536329,-0.07479066767254888,-0.26228616495138807
1.2707855107278696,-0.6587570599249889,0.930081245712973,-1.8058505090919128,0.2403101800444634,1.0639053942044927,-0.5935089885612438,1.4418175464250809,-2.035593292041356,-0.9098211008083231,0.5720279197353038,2.490765066104216,-0.45974649415900753,-2.1099055122962174,-2.1713681886236746,-0.26228616495138807
0.36385875130103745,-0.11665389457635561,0.4381080236376898,0.9338879399058324,-0.09093153929947029,-0.9527976787640421,0.6183296346345832,0.3577522725874103,0.37027284439942354,-0.2158167769441807,-0.854722568656716,-0.4014830678366994,2.1751117468100603,0.8859357335536329,2.0217868532785768,-0.26228616495138807
1.70611035525275,0.8101676461809821,1.5917004064349085,1.5088947748806691,0.003708951941653619,-0.6602987597838729,0.47511234280234904,0.6388062324712517,-0.05799652020259936,-0.2158167769441807,-0.1413473244607061,-0.4014830678366994,-0.45974649415900753,-0.1126780150629839,-0.07479066767254888,-0.26228616495138807
0.49082849762079445,-0.8336290487471282,-2.1065810560620584,0.8324161454985094,2.385494648176605,-1.4916114768854065,2.7335388678491177,1.0001613237504752,2.18411956506682,0.4781875469199617,-0.1413473244607061,-0.4014830678366994,-0.45974649415900753,0.8859357335536329,-0.07479066767254888,-0.26228616495138807
-1.504410373118236,-0.37896187780956453,0.013993177021065112,-1.9411462349683466,-1.3212579254340813,1.433377712916285,-1.9485649035893045,-0.8199976545448723,-1.4561700340503845,-0.2158167769441807,-0.854722568656716,-0.4014830678366994,2.1751117468100603,0.8859357335536329,2.0217868532785768,-0.26228616495138807
1.6516947496871406,-0.9035778442759824,-0.8512011100768507,0.6125605909493079,2.2277604961080653,-1.3530593573684842,2.5242212874789294,1.910240812898148,1.0882538379969364,0.4781875469199617,-0.1413473244607061,-0.4014830678366994,-0.45974649415900753,0.8859357335536329,-0.07479066767254888,-0.26228616495138807
-0.5067909377487207,1.0200140327675498,1.8800985021342138,-0.5205411132658101,-2.1887957618110505,1.3717989931309862,-2.5104173561619154,-1.1545857020256345,-1.783670136393108,-0.2158167769441807,-0.1413473244607061,-0.4014830678366994,-0.45974649415900753,-0.1126780150629839,-0.07479066767254888,-0.26228616495138807
-0.4160982618060376,-1.498142606271257,-0.6476259837008703,-1.1462838454443083,0.2403101800444634,-0.2754317611257556,0.364945195239092,0.839559060959709,-0.3729004647629111,-0.2158167769441807,-0.1413473244607061,-0.4014830678366994,-0.45974649415900753,-0.1126780150629839,-0.07479066767254888,-0.26228616495138807
-1.0328084582162818,-0.046705099047501385,-0.29136951254290416,-1.02790008530243,-0.6272276563325058,0.894563914794921,-1.0782444378395746,-0.7263130012502567,-0.5492466737166863,-0.9098211008083231,-0.1413473244607061,2.490765066104216,-0.45974649415900753,-1.1112917636796007,-2.1713681886236746,-0.26228616495138807
-0.6337606840684779,-1.7254761917400376,-0.7154843591595289,-0.14847786710562177,0.11412285838963149,-1.3838487172611336,1.070014939643937,0.8529425828589386,0.4206574755290741,-0.2158167769441807,-0.854722568656716,-0.4014830678366994,2.1751117468100603,0.8859357335536329,2.0217868532785768,-0.26228616495138807
1.92377277751519,-0.4489106733384213,0.18363911566771499,0.358881104930998,1.502183396592782,-0.7218774795691717,1.5657671036785932,1.7630220720066134,0.1309458465335877,-0.2158167769441807,-0.1413473244607061,-0.4014830678366994,-0.45974649415900753,-0.1126780150629839,-0.07479066767254888,-0.26228616495138807
0.21875046979274484,0.4779108674189165,-1.3771035198814643,-0.3345094901857172,1.4706365661790741,0.7252224353853494,0.5081624870713262,-0.20435564718026866,0.773349893436623,-0.2158167769441807,-0.1413473244607061,-0.4014830678366994,-0.45974649415900753,-0.1126780150629839,-0.07479066767254888,-0.26228616495138807
0.14619632903859983,0.23309008306792298,0.21756830339704544,-1.0617240167715385,-0.0751581240926163,1.1716681538287657,-0.8909602869820377,-0.07052042818796378,-0.9523237227538858,-0.9098211008083231,-0.854722568656716,2.490765066104216,2.1751117468100603,-0.1126780150629839,-0.07479066767254888,-0.26228616495138807
-0.36168265624042817,0.7751932484165538,-0.7663781407535257,0.9169759741712793,0.3980443321130032,-0.1522743215551581,0.3869786247517435,-0.8601482202425634,1.2520038891682983,0.4781875469199617,-0.1413473244607061,-0.4014830678366994,-0.45974649415900753,0.8859357335536329,-0.07479066767254888,-0.26228616495138807
0.18247339941567103,1.072475629414191,0.6586477438783341,0.42652896786921257,-0.45372008905711186,0.5558809559757778,-0.7146928508808265,-0.6861624355525674,-0.17136194024431228,0.4781875469199617,0.5720279197353038,-0.4014830678366994,-0.45974649415900753,-0.1126780150629839,-0.07479066767254888,-0.26228616495138807
0.36385875130103745,-2.1101945671487443,-1.801218366498089,-0.03009410696374335,1.9911592680052554,-1.8302944357045496,2.7004887235801402,1.8834737690996866,1.3149846780803607,-0.9098211008083231,-0.1413473244607061,2.490765066104216,-0.45974649415900753,-1.1112917636796007,-2.1713681886236746,-0.26228616495138807
0.16433486422713542,1.0375012316497627,0.9640104334423034,-0.3345094901857172,-0.7534149779873376,1.2178521936677396,-1.3977291657730198,-0.6727789136533358,-0.9649198805362975,-0.2158167769441807,-0.854722568656716,-0.4014830678366994,2.1751117468100603,0.8859357335536329,2.0217868532785768,-0.26228616495138807
1.3614781866705528,-0.029217900165285967,0.9131166518483089,-1.3830513657280628,0.3349506712855873,1.2332468736140643,-0.6485925623428723,1.0269283675489347,-1.7080931896986322,-0.2158167769441807,-0.854722568656716,-0.4014830678366994,2.1751117468100603,0.8859357335536329,2.0217868532785768,-0.26228616495138807
1.1982313699737246,-1.1483986286269785,0.14970992793838453,0.460352899338321,0.9027936187323308,-1.4300327571001077,1.6539008217291988,1.7630220720066134,0.23171510879288712,1.1721918707841041,-0.1413473244607061,-0.4014830678366994,-0.45974649415900753,1.8845494821702495,-0.07479066767254888,-0.26228616495138807
1.1982313699737246,-0.36147467892735163,0.5398955868256787,2.1008135755900588,0.540005068974689,-2.2305561143089916,1.973385549662644,1.1607635865412413,1.1638307846914107,-0.9098211008083231,-0.1413473244607061,2.490765066104216,-0.45974649415900753,-1.1112917636796007,-2.1713681886236746,-0.26228616495138807
-1.3411635564214053,1.2648348171185433,-0.12172357389625431,-0.28377359298205324,-1.0531098669175634,1.3717989931309862,-1.7172138937064652,-1.957597015979462,-0.1209773091146617,-0.2158167769441807,-0.1413473244607061,-0.4014830678366994,-0.45974649415900753,-0.1126780150629839,-0.07479066767254888,-0.26228616495138807
-0.05332755803530478,-0.5363466677494909,-0.9190594855355092,-2.1102658923138864,0.8081531274912067,1.4487723928626097,-0.472325126241661,0.37113579448664197,-0.8893429338418234,-0.9098211008083231,-0.1413473244607061,2.490765066104216,-0.45974649415900753,-1.1112917636796007,-2.1713681886236746,-0.26228616495138807
-2.7378307659387273,1.5096556014695393,-0.3761924818662291,1.2044793916586978,-2.0310616097425105,0.23259267710295922,-1.5850133166305567,-3.1754975088094373,1.1764269424738223,-0.2158167769441807,-0.1413473244607061,-0.4014830678366994,-0.45974649415900753,-0.1126780150629839,-0.07479066767254888,-0.26228616495138807
-1.7583498657577474,-0.5538338666317039,-1.0208470487235006,-1.180107776913417,-0.5799074107119437,0.5866703158684271,-0.8248599984440834,-0.8735317421417931,-0.1209773091146617,-0.2158167769441807,-0.1413473244607061,-0.4014830678366994,-0.45974649415900753,-0.1126780150629839,-0.07479066767254888,-0.26228616495138807
-0.6337606840684779,0.7052444528876995,-1.1395992057761535,1.610366569287992,0.5084582385609812,-0.8450349191397692,0.9598477920806798,-1.0073669611340998,2.0455618294602815,-0.2158167769441807,-0.1413473244607061,-0.4014830678366994,-0.45974649415900753,-0.1126780150629839,-0.07479066767254888,-0.26228616495138807
-0.9602543174621369,1.9293483746426745,0.828293682524984,0.10520161891268812,-1.6051793991574528,1.6027191923258566,-2.2680496315227496,-2.1851168882663825,-0.5366505159342728,-0.2158167769441807,-0.1413473244607061,-0.4014830678366994,-0.45974649415900753,-0.1126780150629839,-0.07479066767254888,-0.26228616495138807
-2.1392591047170186,-2.092707368266529,-0.22351113708424566,0.05446572170902662,-1.6524996447780147,-1.8918731554898485,0.19969447389420658,0.02316422510664811,0.2065227932280636,-0.2158167769441807,0.5720279197353038,-0.4014830678366994,-0.45974649415900753,-1.1112917636796007,-0.07479066767254888,-0.26228616495138807
-0.4342367969945732,0.005756497599142387,0.23453289726170948,-0.6896607706113501,-0.5956808259187977,0.6328543557074013,-0.8689268574693861,-0.32480734427334385,-0.6878044093232228,0.4781875469199617,-0.1413473244607061,-0.4014830678366994,-0.45974649415900753,0.8859357335536329,-0.07479066767254888,-0.26228616495138807
1.4340323274247002,1.3697580104118283,-1.2753159566934753,-0.4021573531239317,2.432814893797167,1.5719298324332074,0.5742627756092804,0.009780703207418383,0.6473883156125001,0.4781875469199617,-0.1413473244607061,-0.4014830678366994,-0.45974649415900753,0.8859357335536329,-0.07479066767254888,-0.26228616495138807
0.12805779385006164,0.9675524361209085,0.9809750273069698,-0.36833342165482325,-0.8007352236078995,1.1870628337750901,-1.4087458805293454,-0.6460118698548764,-1.0027083538835346,-0.2158167769441807,-0.854722568656716,-0.4014830678366994,2.1751117468100603,0.8859357335536329,2.0217868532785768,-0.26228616495138807
-1.286747950855796,-2.075220169384316,0.28542667885570394,-1.2308436741170783,-1.3843515862614972,-0.706482799622847,-0.46130841148533547,0.6388062324712517,-1.1286699317076592,0.4781875469199617,-0.854722568656716,-0.4014830678366994,2.1751117468100603,1.8845494821702495,2.0217868532785768,-0.26228616495138807
-0.2528514451092068,-0.029217900165285967,0.5059663990963483,1.9993417811827359,-0.6903213171599217,-1.8456891156508743,0.8386639297610969,-0.1642050814825776,1.113446153561762,-0.2158167769441807,-0.854722568656716,-0.4014830678366994,2.1751117468100603,0.8859357335536329,2.0217868532785768,-0.26228616495138807
0.41827435686664943,-0.5013722699850626,0.4381080236376898,-1.5859949545427112,-0.04361129367890833,1.0023266744191939,-0.7477429951498035,0.6923403200681744,-1.5065546651800334,-0.2158167769441807,-0.854722568656716,-0.4014830678366994,2.1751117468100603,0.8859357335536329,2.0217868532785768,-0.26228616495138807
-0.4160982618060376,1.2823220160007587,-1.003882454858834,0.5956486252147525,0.571551899388397,0.5866703158684271,-0.02063982123230735,-1.2884209210179394,1.1890231002562341,-0.2158167769441807,-0.1413473244607061,-0.4014830678366994,-0.45974649415900753,-0.1126780150629839,-0.07479066767254888,-0.26228616495138807
0.4364128920551851,0.3030388785967772,-1.9199705235507445,0.9507999056403879,2.164666835280649,-0.5987200399985741,1.9403354053936672,0.09008183460280245,2.1337349339371707,-0.2158167769441807,-0.1413473244607061,-0.4014830678366994,-0.45974649415900753,-0.1126780150629839,-0.07479066767254888,-0.26228616495138807
1.016846018088358,-0.8860906453937695,-0.25744032481357615,0.443440933603768,1.1236214316282864,-1.1837178779589126,1.6318673922165474,1.428434024525851,0.5214267377883753,-0.2158167769441807,-0.1413473244607061,-0.4014830678366994,-0.45974649415900753,-0.1126780150629839,-0.07479066767254888,-0.26228616495138807
-2.2662288510367756,0.7402188506521254,-0.5797676082422094,1.0353597343131578,-1.431671831882059,-0.29082644107208033,-0.7918098541751063,-2.2386509758633033,1.2016192580386478,-0.2158167769441807,-0.1413473244607061,-0.4014830678366994,-0.45974649415900753,-0.1126780150629839,-0.07479066767254888,-0.26228616495138807
-2.1211205695284803,-2.0402457716198876,-0.3761924818662291,-0.3514214559202702,-1.494765492709475,-1.4762167969390818,0.01241032303666977,-0.0036028186918113446,0.01758042649187475,-0.9098211008083231,-0.854722568656716,2.490765066104216,2.1751117468100603,-0.1126780150629839,-0.07479066767254888,-0.26228616495138807
1.579140608932993,-0.39644907669178,0.9809750273069698,-1.095547948240647,0.46113799294041913,0.6482490356537259,-0.1418236835518901,1.4685845902235424,-1.5443431385272721,-0.2158167769441807,-0.1413473244607061,-0.4014830678366994,-0.45974649415900753,-0.1126780150629839,-0.07479066767254888,-0.26228616495138807
-0.7425918951996966,0.40796207189006223,-2.1065810560620584,1.407422980473346,1.3129024141105343,-0.9220083188713927,1.576783818434919,-0.8601482202425634,2.6123889296688443,-0.2158167769441807,-0.1413473244607061,-0.4014830678366994,-0.45974649415900753,-0.1126780150629839,-0.07479066767254888,-0.26228616495138807
-0.3979597266174994,1.054988430531978,0.845258276389648,1.1030075972513722,-1.1319769429518332,-0.07530092182353462,-0.7367262803934779,-1.101051614428712,0.19392663544565006,0.4781875469199617,-0.1413473244607061,-0.4014830678366994,-0.45974649415900753,0.8859357335536329,-0.07479066767254888,-0.26228616495138807
0.45455142724372066,1.7894507835849611,-0.15565276162558475,0.544912728011091,0.540005068974689,1.0793000741508174,-0.39520812294738117,-1.0341340049325594,0.5214267377883736,-0.9098211008083231,0.5720279197353038,2.490765066104216,-0.45974649415900753,-2.1099055122962174,-2.1713681886236746,-0.26228616495138807
-0.01705048765823098,-1.4456810096246158,-0.8003073284828538,-0.16538983284017722,0.7292860514569368,-1.1221391581736138,1.312382664283102,1.093845977045089,0.4710421066587229,-0.2158167769441807,0.5720279197353038,-0.4014830678366994,-0.45974649415900753,-1.1112917636796007,-0.07479066767254888,-0.26228616495138807
0.5996597087520158,0.355500475243421,-1.3431743321521339,0.8493281112330624,1.7703314551092995,-0.46016792048165195,1.5657671036785932,0.17038296599818462,1.6298886226406706,-0.2158167769441807,-0.1413473244607061,-0.4014830678366994,-0.45974649415900753,-0.1126780150629839,-0.07479066767254888,-0.26228616495138807
-0.5612065433143302,-0.4489106733384213,-1.003882454858834,0.22358537905456655,0.44536457773356514,-0.5987200399985741,0.7395134969541659,-0.07052042818796378,0.9119076290431612,0.4781875469199617,-0.1413473244607061,-0.4014830678366994,-0.45974649415900753,0.8859357335536329,-0.07479066767254888,-0.26228616495138807
0.21875046979274484,-2.1276817660309573,0.6756123377429982,-1.2646676055861867,-0.4379466738502579,-0.7218774795691717,0.2107111886505323,1.789789115805073,-1.443573876267971,-0.2158167769441807,-0.1413473244607061,-0.4014830678366994,-0.45974649415900753,-0.1126780150629839,-0.07479066767254888,-0.26228616495138807
1.3252011162934816,-0.9560394409226237,0.20060370953237902,0.22358537905456655,0.9658872795597466,-1.0451657584419902,1.422549811846359,1.7094879844096906,0.01758042649187654,-0.2158167769441807,-0.1413473244607061,-0.4014830678366994,-0.45974649415900753,-0.1126780150629839,-0.07479066767254888,-0.26228616495138807
2.032603988646409,0.7751932484165538,-1.3431743321521339,-0.43598128459304014,3.0164312564507645,1.0793000741508174,1.3344160937957537,0.9064766704558614,0.6725806311773236,-0.2158167769441807,-0.1413473244607061,-0.4014830678366994,-0.45974649415900753,-0.1126780150629839,-0.07479066767254888,-0.26228616495138807
0.6177982439405515,0.040730895363568255,0.6756123377429982,0.27432127625822805,-0.09093153929947029,-0.21385304134045688,0.0895273263309496,0.42466988208356465,-0.2973235180684352,0.4781875469199617,0.5720279197353038,-0.4014830678366994,-0.45974649415900753,-0.1126780150629839,-0.07479066767254888,-0.26228616495138807
0.41827435686664943,0.1281668897746379,1.7104525634875638,2.439052890281139,-1.226617434192957,-2.1073986747383944,0.6513797789035602,0.2105335316958776,0.5466190533531989,-0.2158167769441807,0.5720279197353038,-0.4014830678366994,-0.45974649415900753,-1.1112917636796007,-0.07479066767254888,-0.26228616495138807
1.3977552570476266,1.4921684025873263,1.082762590494959,0.2574093105236726,0.20876334963075543,1.0793000741508174,-0.6265591328302208,-0.11067099388565677,-0.6122274626287487,-0.2158167769441807,-0.854722568656716,-0.4014830678366994,2.1751117468100603,0.8859357335536329,2.0217868532785768,-0.26228616495138807
-0.34354412105189003,-0.6937314576894148,-1.8860413358214139,-0.09774196990196028,1.4548631509722199,-0.5217466402669507,1.389499667577382,0.27745114119202813,1.3275808358627723,0.4781875469199617,-0.854722568656716,-0.4014830678366994,2.1751117468100603,1.8845494821702495,2.0217868532785768,-0.26228616495138807
-0.03518902284676659,-2.0577329705021032,-2.0217580867387333,-0.6896607706113501,1.8491985311435695,-1.1837178779589126,2.1386362710075297,1.5488857216189265,0.9874845757376354,-0.9098211008083231,-0.1413473244607061,2.490765066104216,-0.45974649415900753,-1.1112917636796007,-2.1713681886236746,-0.26228616495138807
-2.1392591047170186,-2.320040953735312,-0.8681657039415147,-0.6389248734076886,-1.0531098669175634,-1.4608221169927569,0.30986162145746343,0.197150009796646,0.16873431988082477,-0.2158167769441807,-0.1413473244607061,-0.4014830678366994,-0.45974649415900753,-0.1126780150629839,-0.07479066767254888,-0.26228616495138807
-0.18029730435506178,-1.1833730263914068,-1.818182960362753,0.10520161891268812,1.5337302270064899,-1.1375338381199382,1.8852518316120384,0.7726414514635566,1.4283500981220718,0.4781875469199617,-0.1413473244607061,-0.4014830678366994,-0.45974649415900753,0.8859357335536329,-0.07479066767254888,-0.26228616495138807
0.001088047530304632,-0.23906428675185362,0.4890018052316843,-1.0617240167715385,-0.45372008905711186,0.7560117952779988,-0.8579101427130605,0.18376648789741434,-1.1538622472724847,-0.2158167769441807,1.2854031639313137,-0.4014830678366994,-0.45974649415900753,-2.1099055122962174,-0.07479066767254888,-0.26228616495138807
1.2707855107278696,0.5828340607122016,0.4211434297730234,0.9000640084367263,0.7135126362500829,-0.30622112101840504,0.7174800674415145,0.4915874915797152,0.3576766866170136,-0.2158167769441807,-0.1413473244607061,-0.4014830678366994,-0.45974649415900753,-0.1126780150629839,-0.07479066767254888,-0.26228616495138807
-1.740211330569212,0.005756497599142387,-0.427086263460226,0.443440933603768,-1.116203527744979,-0.3985892006963531,-0.4943585557543124,-1.2884209210179394,0.6473883156125001,-0.2158167769441807,0.5720279197353038,-0.4014830678366994,-0.45974649415900753,-1.1112917636796007,-0.07479066767254888,-0.26228616495138807
-1.7583498657577474,-0.27403868451628194,-1.4279973014754588,-1.5014351258699412,-0.20134544574744817,1.1254841139897913,-0.9460438607636662,-1.0876680925294802,-0.05799652020259936,-0.2158167769441807,-0.1413473244607061,-0.4014830678366994,-0.45974649415900753,-0.1126780150629839,-0.07479066767254888,-0.26228616495138807
-0.3798211914289638,2.0692459657003854,-0.5967322021068758,-1.3830513657280628,0.2245367648376094,3.0806084671730276,-2.0477153363962355,-1.86391236268485,-0.5870351470639216,-0.2158167769441807,-0.1413473244607061,-0.4014830678366994,-0.45974649415900753,-0.1126780150629839,-0.07479066767254888,-0.26228616495138807
-0.144020233977988,0.3205260774789926,-0.9190594855355092,0.05446572170902662,0.7292860514569368,0.23259267710295922,0.3429117657264406,-0.3515743880718052,0.7229652623069742,0.4781875469199617,-0.1413473244607061,-0.4014830678366994,-0.45974649415900753,0.8859357335536329,-0.07479066767254888,-0.26228616495138807
-1.0690855285933556,-0.20408988898742525,0.04792236475039557,0.6632964881529695,-0.9742427908832934,-0.7834561993544704,-0.11979025403923874,-0.6326283479556447,0.4584459488763112,0.4781875469199617,-0.1413473244607061,-0.4014830678366994,-0.45974649415900753,0.8859357335536329,-0.07479066767254888,-0.26228616495138807
-2.0122893583972616,-0.6762442588072018,-1.0717408303174951,0.037553755974471185,-0.7534149779873376,-0.6295093998912236,-0.0757233950139359,-0.9672163954364069,0.8237345245662736,-0.9098211008083231,-0.1413473244607061,2.490765066104216,-0.45974649415900753,-1.1112917636796007,-2.1713681886236746,-0.26228616495138807
0.03736511790737843,-0.6587570599249889,0.013993177021065112,-0.43598128459304014,0.019482367148507602,-0.18306368144780746,0.14461090011257807,0.5317380572774082,-0.33511199141567405,-0.9098211008083231,-0.854722568656716,2.490765066104216,2.1751117468100603,-0.1126780150629839,-0.07479066767254888,-0.26228616495138807
-0.9058387118965274,-2.389989749264166,-0.22351113708424566,-0.9095163251605515,-0.5799074107119437,-1.2760859576368608,0.5081624870713262,1.1607635865412396,-0.5114582003694476,-0.9098211008083231,-0.1413473244607061,2.490765066104216,-0.45974649415900753,-1.1112917636796007,-2.1713681886236746,-0.26228616495138807
-1.8853196120775044,1.2648348171185433,-0.5797676082422094,0.12211358464724115,-1.1004301125381253,1.0023266744191939,-1.4858628838236254,-2.3591026729563764,0.5214267377883736,-0.2158167769441807,-0.1413473244607061,-0.4014830678366994,-0.45974649415900753,-0.1126780150629839,-0.07479066767254888,-0.26228616495138807
0.47268996243225886,-0.23906428675185362,1.6765233757582334,0.037553755974471185,-1.1477503581586872,-0.24464240123310627,-0.6265591328302208,0.5317380572774082,-1.2168430361845468,-0.2158167769441807,-0.1413473244607061,-0.4014830678366994,-0.45974649415900753,-0.1126780150629839,-0.07479066767254888,-0.26228616495138807
-0.07146609322384039,-0.7287058554538431,2.3381425364801687,-1.8734983720301297,-2.236116007431612,1.0639053942044927,-2.3231332053043783,0.5049710134789468,-3.131459019111243,-0.2158167769441807,-0.854722568656716,-0.4014830678366994,2.1751117468100603,0.8859357335536329,2.0217868532785768,-0.26228616495138807
0.40013582167811124,-0.23906428675185362,0.030957770885729135,-2.262473583924871,0.3191772560787333,1.849034071467052,-1.100277867352226,0.47820396968048545,-1.7080931896986322,0.4781875469199617,-0.1413473244607061,-0.4014830678366994,-0.45974649415900753,0.8859357335536329,-0.07479066767254888,-0.26228616495138807
-0.8877001767079893,-0.6937314576894148,-0.0538651984375958,-0.16538983284017722,-0.7218681475736296,-0.46016792048165195,-0.17487382782086716,-0.1240545157848865,-0.08318883576742465,-0.9098211008083231,-0.1413473244607061,2.490765066104216,-0.45974649415900753,-1.1112917636796007,-2.1713681886236746,-0.26228616495138807
1.579140608932993,0.355500475243421,0.9131166518483089,0.3419691391964426,0.5242316537678351,0.0016724779080888352,0.364945195239092,0.8930931485566298,-0.4232850958925617,-0.2158167769441807,-0.1413473244607061,-0.4014830678366994,-0.45974649415900753,-0.1126780150629839,-0.07479066767254888,-0.26228616495138807
1.1619542995966508,-0.25655148563406655,0.7095415254723286,-1.8565864062955766,0.3507240864924413,1.4641670728089347,-0.802826568931432,1.053695411347396,-1.9096317142172328,-0.2158167769441807,0.5720279197353038,-0.4014830678366994,-0.45974649415900753,-1.1112917636796007,-0.07479066767254888,-0.26228616495138807
-0.27098998029774496,1.7020147891738915,-0.7324489530241953,-1.5859949545427112,0.44536457773356514,2.9420563476561052,-1.7943308970007446,-1.5025572714056263,-0.6374197781935722,-0.2158167769441807,-0.1413473244607061,-0.4014830678366994,-0.45974649415900753,-0.1126780150629839,-0.07479066767254888,-0.26228616495138807
0.3275816809239662,-0.22157708786964067,-0.25744032481357615,0.15593751611634962,0.5242316537678351,-0.33701048091105434,0.6073129198782573,0.41128636018433495,0.307292055487363,-0.9098211008083231,-0.854722568656716,2.490765066104216,2.1751117468100603,-0.1126780150629839,-0.07479066767254888,-0.26228616495138807
1.2345084403507982,-0.27403868451628194,0.9131166518483089,-1.5521710230736028,0.2245367648376094,1.1716681538287657,-0.6816427066118493,1.1206130208435503,-1.8340547675227568,-0.2158167769441807,-0.1413473244607061,-0.4014830678366994,-0.45974649415900753,-0.1126780150629839,-0.07479066767254888,-0.26228616495138807
-1.504410373118236,-2.180143362677599,0.030957770885729135,-0.9940761538333215,-1.337031340640935,-1.0143763985493408,-0.2079239720898443,0.5585051010758676,-0.7633813560176969,-0.2158167769441807,-0.1413473244607061,-0.4014830678366994,-0.45974649415900753,-0.1126780150629839,-0.07479066767254888,-0.26228616495138807
0.16433486422713542,-0.20408988898742525,-0.08779438616692625,1.0860956315168193,0.2245367648376094,-1.1683231980125877,0.9928979363496568,0.27745114119202813,0.8741191556959241,-0.2158167769441807,-0.1413473244607061,-0.4014830678366994,-0.45974649415900753,-0.1126780150629839,-0.07479066767254888,-0.26228616495138807
0.3275816809239662,-0.37896187780956453,0.5738247745550092,0.443440933603768,-0.24866569136801012,-0.7372721595154964,0.3539284804827663,0.5317380572774082,-0.09578499354983641,-0.9098211008083231,-0.1413473244607061,2.490765066104216,-0.45974649415900753,-1.1112917636796007,-2.1713681886236746,-0.26228616495138807
-0.9965313878392106,-0.39644907669178,-0.6306613898362039,-1.6705547832154812,-0.28021252178171807,1.1716681538287657,-1.0341775788142715,-0.43187551946718733,-0.7759775138001105,-0.2158167769441807,-0.854722568656716,-0.4014830678366994,2.1751117468100603,0.8859357335536329,2.0217868532785768,-0.26228616495138807
1.2345084403507982,-0.7636802532182715,1.0488334027656283,-1.5690829888081583,0.09834944318277751,0.7560117952779988,-0.4723251262416611,1.4953516340220037,-1.9474201875644699,-0.2158167769441807,-0.1413473244607061,-0.4014830678366994,-0.45974649415900753,-0.1126780150629839,-0.07479066767254888,-0.26228616495138807
1.669833284875676,-0.4139362755739929,-0.3252987002722346,-1.3830513657280628,1.7545580399024456,0.894563914794921,0.585279490365606,1.5488857216189245,-0.7885736715825222,-0.2158167769441807,-0.854722568656716,-0.4014830678366994,2.1751117468100603,0.8859357335536329,2.0217868532785768,-0.26228616495138807
-2.2662288510367756,-0.27403868451628194,-1.0208470487235006,-0.31759752445116174,-1.0215630365038553,0.04785651774706291,-0.7477429951498035,-1.4624067057079353,0.5214267377883753,-0.2158167769441807,-0.1413473244607061,-0.4014830678366994,-0.45974649415900753,-0.1126780150629839,-0.07479066767254888,-0.26228616495138807
-1.8853196120775044,-0.6412698610427735,-0.5288738266482149,-1.8565864062955766,-1.1477503581586872,1.1254841139897913,-1.607046746143208,-0.9002987859402545,-0.9901121961011228,0.4781875469199617,-0.1413473244607061,-0.4014830678366994,-0.45974649415900753,0.8859357335536329,-0.07479066767254888,-0.26228616495138807
-1.0872240637818937,0.058218094245783676,-0.1895819493549152,-1.7551146118882512,-0.7691883931941916,1.648903232164831,-1.7172138937064652,-0.8467646983433337,-1.1664584050548963,-0.2158167769441807,0.5720279197353038,-0.4014830678366994,-0.45974649415900753,-1.1112917636796007,-0.07479066767254888,-0.26228616495138807
-1.9215966824545783,-0.8511162476293411,-0.5797676082422094,-0.04700607269829879,-1.1319769429518332,-0.706482799622847,-0.2850409753841242,-0.7664635669479496,0.3954651599642488,-0.2158167769441807,-0.1413473244607061,-0.4014830678366994,-0.45974649415900753,-0.1126780150629839,-0.07479066767254888,-0.26228616495138807
-0.144020233977988,-2.197630561559814,2.3381425364801687,-1.5014351258699412,-2.299209668259028,-0.5679306801059247,-1.199428300159157,1.5756527654173857,-2.8543435478981682,-0.2158167769441807,0.5720279197353038,-0.4014830678366994,-0.45974649415900753,-1.1112917636796007,-0.07479066767254888,-0.26228616495138807
0.27316607535835424,0.0757052931279966,-0.34226329413690104,0.5787366594801995,0.5557784841815431,-0.46016792048165195,0.7174800674415145,0.14361592219972327,0.6851767889597371,-0.2158167769441807,-0.1413473244607061,-0.4014830678366994,-0.45974649415900753,-0.1126780150629839,-0.07479066767254888,-0.26228616495138807
-0.4886524025601826,0.0757052931279966,-0.002971416843601321,0.2912332419927811,-0.42217325864340394,-0.19845836139413217,-0.15284039830821583,-0.4184919975679557,0.21911895101047535,0.4781875469199617,-0.1413473244607061,-0.4014830678366994,-0.45974649415900753,0.8859357335536329,-0.07479066767254888,-0.26228616495138807
-0.10774316360091418,0.4429364696544906,-1.173528393505484,1.5088947748806691,0.9974341099734546,-0.9835870386566914,1.400516382333708,-0.41849199756795763,1.995177198330633,-0.2158167769441807,0.5720279197353038,-0.4014830678366994,-0.45974649415900753,-1.1112917636796007,-0.07479066767254888,-0.26228616495138807
-1.504410373118236,0.11067969089242496,-0.07082979230225982,1.1030075972513722,-1.242390849399811,-0.906613638925068,-0.21894068684617007,-1.1947362677233255,0.8741191556959224,-0.9098211008083231,-0.1413473244607061,2.490765066104216,-0.45974649415900753,-1.1112917636796007,-2.1713681886236746,-0.26228616495138807
-1.286747950855796,0.5828340607122016,0.030957770885729135,0.8662400769676178,-1.1477503581586872,-0.2754317611257556,-0.6045257033175694,-1.395489096211783,0.6221960000476747,-0.2158167769441807,-0.1413473244607061,-0.4014830678366994,-0.45974649415900753,-0.1126780150629839,-0.07479066767254888,-0.26228616495138807
-2.4294756677336036,-2.145168964913173,-1.3431743321521339,-0.9940761538333215,-0.8638288844353155,-0.9835870386566914,0.10054404108727524,-0.15082155958334595,0.25690742435771236,-0.9098211008083231,-0.1413473244607061,2.490765066104216,-0.45974649415900753,-1.1112917636796007,-2.1713681886236746,-0.26228616495138807
0.309443145735428,1.2823220160007587,-0.08779438616692625,-1.8227624748264681,0.3507240864924413,2.788109548192858,-1.7502640379754422,-0.7530800450487198,-1.292419982879021,-0.2158167769441807,-0.1413473244607061,-0.4014830678366994,-0.45974649415900753,-0.1126780150629839,-0.07479066767254888,-0.26228616495138807
-0.9058387118965274,-1.9178353794443899,-0.6476259837008703,-1.4337872629317268,-0.18557203054059418,-0.38319452075002847,0.1446109001125781,0.799408495262016,-0.5870351470639235,-0.2158167769441807,-0.854722568656716,-0.4014830678366994,2.1751117468100603,0.8859357335536329,2.0217868532785768,-0.26228616495138807
-0.27098998029774496,-0.5888082643961322,-0.3252987002722346,-1.095547948240647,0.06680261276906956,0.4789075562441543,-0.29605769014044986,0.2506840973935668,-0.5744389892815116,-0.9098211008083231,-0.1413473244607061,2.490765066104216,-0.45974649415900753,-1.1112917636796007,-2.1713681886236746,-0.26228616495138807
1.1982313699737246,-0.6937314576894148,1.2354439352769446,-1.6029069202772668,-0.10670495450632426,0.8483798749559469,-0.6816427066118493,1.4150505026266196,-2.1111702387358338,-0.2158167769441807,-0.1413473244607061,-0.4014830678366994,-0.45974649415900753,-0.1126780150629839,-0.07479066767254888,-0.26228616495138807
-0.4886524025601826,-0.046705099047501385,-1.4449618953401253,2.134637507059167,0.9185670339391847,-1.9842412351677965,2.06151926771325,-0.3248073442733419,2.662773560798495,-0.2158167769441807,-0.1413473244607061,-0.4014830678366994,-0.45974649415900753,-0.1126780150629839,-0.07479066767254888,-0.26228616495138807
-2.1211205695284803,-1.5855786006823267,-1.3940681137461284,-0.48671718179670165,-0.5483605802982358,-0.9527976787640421,0.2988449067011379,-0.3515743880718033,0.6725806311773236,-0.2158167769441807,-0.1413473244607061,-0.4014830678366994,-0.45974649415900753,-0.1126780150629839,-0.07479066767254888,-0.26228616495138807
1.3070625811049432,-2.145168964913173,-0.545838420512879,-0.960252222364213,1.6441441334544677,-1.0143763985493408,1.874235116855713,2.6061839516581338,-0.3099196758508488,-0.2158167769441807,-0.1413473244607061,-0.4014830678366994,-0.45974649415900753,-0.1126780150629839,-0.07479066767254888,-0.26228616495138807
-0.6518992192570134,0.23309008306792298,-0.6815551714302008,-1.5690829888081583,0.06680261276906956,1.6335085522185062,-1.1223112968648774,-0.6593953917541061,-0.6626120937583975,-0.2158167769441807,-0.1413473244607061,-0.4014830678366994,-0.45974649415900753,-0.1126780150629839,-0.07479066767254888,-0.26228616495138807
-1.3230250212328696,0.8276548450631951,-2.3610499640320333,0.7478563168257394,1.0447543555940164,0.04785651774706291,0.695446637928863,-1.60962544659947,2.3100811428909442,-0.2158167769441807,0.5720279197353038,-0.4014830678366994,-0.45974649415900753,-1.1112917636796007,-0.07479066767254888,-0.26228616495138807
0.6540753143176252,-0.5363466677494909,0.6077539622843396,0.02064179023991815,0.003708951941653619,-0.4909572803743013,0.3539284804827663,0.8930931485566317,-0.4358812536749735,0.4781875469199617,-0.1413473244607061,-0.4014830678366994,-0.45974649415900753,0.8859357335536329,-0.07479066767254888,-0.26228616495138807
0.20061193460420923,-0.25655148563406655,0.81132908866032,-0.5205411132658101,-0.5799074107119437,0.2479873570492839,-0.582492273804918,0.34436875068818057,-0.9901121961011228,-0.2158167769441807,-0.1413473244607061,-0.4014830678366994,-0.45974649415900753,-0.1126780150629839,-0.07479066767254888,-0.26228616495138807
-0.4886524025601826,1.1074500271786194,0.04792236475039557,1.2044793916586978,-0.46949350426396586,-0.12148496166250872,-0.24097411635882138,-1.2081197896225553,0.8615229979135106,-0.2158167769441807,-0.1413473244607061,-0.4014830678366994,-0.45974649415900753,-0.1126780150629839,-0.07479066767254888,-0.26228616495138807
-1.0509469934048201,-0.15162829234078395,-0.5797676082422094,-0.21612573004383873,-0.37485301302284196,0.0632511976933876,-0.30707440489677557,-0.6593953917541061,0.26950358214012415,-0.9098211008083231,-0.1413473244607061,2.490765066104216,-0.45974649415900753,-1.1112917636796007,-2.1713681886236746,-0.26228616495138807
-1.0509469934048201,-2.599836135850734,0.3193558665850344,-1.3323154685244014,-1.2108440189861032,-1.0759551183346396,-0.0757233950139359,1.2142976741381621,-1.2294391939669587,-0.2158167769441807,-0.1413473244607061,-0.4014830678366994,-0.45974649415900753,-0.1126780150629839,-0.07479066767254888,-0.26228616495138807
0.7447679902603085,0.4429364696544906,-1.0208470487235006,1.2044793916586978,1.5968238878339058,-0.706482799622847,1.6208506774602218,0.21053353169587571,1.6550809382054976,-0.2158167769441807,-0.1413473244607061,-0.4014830678366994,-0.45974649415900753,-0.1126780150629839,-0.07479066767254888,-0.26228616495138807
-1.1597782045360387,1.4047324081762567,-0.12172357389625431,-1.8058505090919128,-0.8953757148490235,2.8804776278708064,-2.6866847922631263,-1.9308299721810025,-1.254631509531784,-0.2158167769441807,-0.1413473244607061,-0.4014830678366994,-0.45974649415900753,-0.1126780150629839,-0.07479066767254888,-0.26228616495138807
-2.6834151603731176,-0.32650028116292323,-0.7833427346181898,1.7118383636953176,-1.6051793991574528,-1.8456891156508743,0.19969447389420658,-1.730077143692545,1.8566194627240964,-0.2158167769441807,-0.1413473244607061,-0.4014830678366994,-0.45974649415900753,-0.1126780150629839,-0.07479066767254888,-0.26228616495138807
-2.6652766251845796,-2.0227585727376747,-1.8351475542274194,-1.095547948240647,-0.6114542411256517,-0.7834561993544704,0.13359418535625237,-0.4184919975679557,0.5466190533531989,-0.2158167769441807,-0.1413473244607061,-0.4014830678366994,-0.45974649415900753,-0.1126780150629839,-0.07479066767254888,-0.26228616495138807
0.27316607535835424,-0.11665389457635561,0.30239127272037036,-1.1970197426479698,-0.04361129367890833,0.9869319944728692,-0.7367262803934779,0.2908346630912579,-1.1160737739252475,-0.2158167769441807,-0.1413473244607061,-0.4014830678366994,-0.45974649415900753,-0.1126780150629839,-0.07479066767254888,-0.26228616495138807
0.36385875130103745,-0.5538338666317039,0.7434707132016591,-0.26686162724750023,-0.37485301302284196,-0.24464240123310627,-0.08674010977026161,0.6923403200681725,-0.7507851982352851,-0.9098211008083231,-0.1413473244607061,2.490765066104216,-0.45974649415900753,-1.1112917636796007,-2.1713681886236746,-0.26228616495138807
1.252646975539334,0.9850396350031214,-0.8851302978061787,0.5110887965419826,1.9122921919709854,0.40193415651253084,1.0479815101312853,0.17038296599818462,1.0378692068672841,-0.2158167769441807,-0.1413473244607061,-0.4014830678366994,-0.45974649415900753,-0.1126780150629839,-0.07479066767254888,-0.26228616495138807
0.7629065254488441,1.457194004822898,1.727417157352228,-1.9918821321720082,-0.9426959604695854,3.096003147119352,-2.873968943120663,-0.5523272165602625,-2.7661704434212804,0.4781875469199617,-0.854722568656716,-0.4014830678366994,2.1751117468100603,1.8845494821702495,2.0217868532785768,-0.26228616495138807
-0.5067909377487207,-1.0259882364514803,-0.34226329413690104,-1.1124599139751998,-0.12247836971317826,0.10943523753236167,-0.1638571130645415,0.411286360184333,-0.5744389892815098,-0.2158167769441807,-0.1413473244607061,-0.4014830678366994,-0.45974649415900753,-0.1126780150629839,-0.07479066767254888,-0.26228616495138807
0.9624304125227486,-0.7461930543360585,0.2684620849910399,0.37579307066555107,0.5873253145952511,-0.9989817186030162,1.1250985134255653,1.2812152836343167,0.0805612154039371,-0.9098211008083231,-0.1413473244607061,2.490765066104216,-0.45974649415900753,-1.1112917636796007,-2.1713681886236746,-0.26228616495138807
-0.7607304303882322,1.1424244249430477,-1.2244221750994784,-0.7234847020804586,0.4769114081472731,1.6642979121111554,-0.8579101427130605,-1.435639661909474,0.37027284439942354,0.4781875469199617,-0.1413473244607061,-0.4014830678366994,-0.45974649415900753,0.8859357335536329,-0.07479066767254888,-0.26228616495138807
0.6540753143176252,-0.8161418498649128,-1.3092451444228035,-0.3514214559202702,1.7861048703161537,-0.3985892006963531,1.5327169594096162,1.1072294989443188,0.7103691045245606,0.4781875469199617,-0.1413473244607061,-0.4014830678366994,-0.45974649415900753,0.8859357335536329,-0.07479066767254888,-0.26228616495138807
-1.7039342601921381,-1.4456810096246158,-2.174439431520719,-1.7720265776228066,0.540005068974689,0.3403554367272321,0.13359418535625237,-0.15082155958334595,0.2946958977049494,0.4781875469199617,0.5720279197353038,-0.4014830678366994,-0.45974649415900753,-0.1126780150629839,-0.07479066767254888,-0.26228616495138807
0.7629065254488441,0.7926804472987692,0.23453289726170948,1.0184477685786024,0.44536457773356514,-0.22924772128678156,0.47511234280234904,-0.04375338438950433,0.5844075267004359,-0.9098211008083231,0.5720279197353038,2.490765066104216,-0.45974649415900753,-2.1099055122962174,-2.1713681886236746,-0.26228616495138807
-1.0146699230277463,-1.0784498330981216,-0.2404757309489097,-1.010988119567877,-0.6587744867462137,-0.02911688198456055,-0.43927498197268394,0.07669831270357082,-0.5744389892815116,-0.2158167769441807,0.5720279197353038,-0.4014830678366994,-0.45974649415900753,-1.1112917636796007,-0.07479066767254888,-0.26228616495138807
-0.797007500765306,0.33801327636120554,-0.002971416843601321,1.1706554601895893,-0.6903213171599217,-0.7680615194081458,0.06749389681829816,-0.8467646983433318,0.8741191556959241,-0.2158167769441807,-0.1413473244607061,-0.4014830678366994,-0.45974649415900753,-0.1126780150629839,-0.07479066767254888,-0.26228616495138807
-2.7559693011272626,-2.914605715730584,-1.003882454858834,-1.213931708382523,-1.463218662295767,-1.4608221169927569,0.023427037792995237,0.197150009796646,-0.15876578246189874,-0.9098211008083231,-0.1413473244607061,2.490765066104216,-0.45974649415900753,-1.1112917636796007,-2.1713681886236746,-0.26228616495138807
1.3977552570476266,-0.5363466677494909,1.1845501536829477,-0.6558368391422416,0.11412285838963149,0.12482991747868638,-0.009623106475981713,1.4418175464250809,-1.367996929573495,-0.2158167769441807,-0.1413473244607061,-0.4014830678366994,-0.45974649415900753,-0.1126780150629839,-0.07479066767254888,-0.26228616495138807
-1.1235011341589651,-2.5124001414396644,-0.6645905775655344,-2.4823291384740727,-0.35907959781598797,0.04785651774706291,-0.28504097538412415,1.093845977045089,-1.3554007717910834,-0.9098211008083231,-0.1413473244607061,2.490765066104216,-0.45974649415900753,-1.1112917636796007,-2.1713681886236746,-0.26228616495138807
-0.36168265624042817,-2.320040953735312,-0.9360240794001756,-1.1631958111788614,0.5557784841815431,-0.9835870386566914,1.092048369156588,1.5087351559212334,-0.1713619402443105,-0.2158167769441807,-0.1413473244607061,-0.4014830678366994,-0.45974649415900753,-0.1126780150629839,-0.07479066767254888,-0.26228616495138807
0.9261533421456749,1.054988430531978,-0.6476259837008703,0.9507999056403879,1.4075429053516582,0.0632511976933876,0.9378143625680285,-0.1240545157848865,1.189023100256236,-0.2158167769441807,-0.854722568656716,-0.4014830678366994,2.1751117468100603,0.8859357335536329,2.0217868532785768,-0.26228616495138807
-0.36168265624042817,-0.6587570599249889,0.3702496481790289,-0.5205411132658101,-0.6587744867462137,-0.10609028171618401,-0.38419140819105546,0.23730057549433706,-0.6626120937583975,-0.9098211008083231,-0.1413473244607061,2.490765066104216,-0.45974649415900753,-1.1112917636796007,-2.1713681886236746,-0.26228616495138807
1.3252011162934816,-0.13414109345857103,-1.648537021716103,-0.03009410696374335,2.685189537106831,-0.09069560176985932,1.9403354053936672,1.0804624551458593,1.2016192580386478,-0.2158167769441807,0.5720279197353038,-0.4014830678366994,-0.45974649415900753,-1.1112917636796007,-0.07479066767254888,-0.26228616495138807
-0.5612065433143302,-0.5538338666317039,-0.7154843591595289,1.3566870832696822,0.17721651921704745,-1.722531676080277,1.3564495233084048,0.009780703207418383,1.541715518163783,-0.2158167769441807,-0.1413473244607061,-0.4014830678366994,-0.45974649415900753,-0.1126780150629839,-0.07479066767254888,-0.26228616495138807
0.49082849762079445,-1.0259882364514803,1.472948249382253,-1.2815795713207399,-0.9426959604695854,0.2633820369956086,-0.8468934279567348,1.1473800646420098,-2.0481894498237696,0.4781875469199617,-0.1413473244607061,-0.4014830678366994,-0.45974649415900753,0.8859357335536329,-0.07479066767254888,-0.26228616495138807
-0.01705048765823098,0.6178084584766299,0.33632046044969843,-1.095547948240647,-0.32753276740228005,1.5411404725405582,-1.3316288772350655,-0.48540960706411007,-1.065689142795597,0.4781875469199617,-0.1413473244607061,-0.4014830678366994,-0.45974649415900753,0.8859357335536329,-0.07479066767254888,-0.26228616495138807
-0.03518902284676659,-0.22157708786964067,-1.4788910830694533,-0.2499496615129472,1.3444492445242422,0.03246183780073822,0.915780933055377,0.14361592219972516,0.9119076290431595,-0.2158167769441807,-0.854722568656716,-0.4014830678366994,2.1751117468100603,0.8859357335536329,2.0217868532785768,-0.26228616495138807
-0.8332845711423799,-1.1483986286269785,-0.427086263460226,-1.2815795713207399,-0.32753276740228005,0.15561927737133577,-0.34012454916575274,0.26406761929279843,-0.6374197781935722,-0.2158167769441807,-0.1413473244607061,-0.4014830678366994,-0.45974649415900753,-0.1126780150629839,-0.07479066767254888,-0.26228616495138807
0.09178072347298784,-1.7254761917400376,1.5068774371115836,-2.2117376867212095,-1.3212579254340813,0.494302236190479,-1.276545303453437,1.3882834588281583,-2.7661704434212804,-0.2158167769441807,-0.1413473244607061,-0.4014830678366994,-0.45974649415900753,-0.1126780150629839,-0.07479066767254888,-0.26228616495138807
-2.5020298084877513,-0.15162829234078395,-1.2074575812348145,0.037553755974471185,-1.0531098669175634,-0.16766900150148278,-0.6155424180738952,-1.730077143692545,0.924503786825573,-0.2158167769441807,-0.854722568656716,-0.4014830678366994,2.1751117468100603,0.8859357335536329,2.0217868532785768,-0.26228616495138807
0.6359367791290871,-2.599836135850734,-0.019936010708265343,-2.5330650356777364,0.571551899388397,0.017067157854413532,0.3869786247517435,2.458965210766597,-1.8718432408699957,0.4781875469199617,-0.1413473244607061,-0.4014830678366994,-0.45974649415900753,0.8859357335536329,-0.07479066767254888,-0.26228616495138807
-0.4160982618060376,-0.32650028116292323,0.7095415254723286,1.1537434944550362,-1.0215630365038553,-1.3376646774221597,0.2437613329195094,-0.05713690628873406,0.33248437105218825,-0.2158167769441807,-0.1413473244607061,-0.4014830678366994,-0.45974649415900753,-0.1126780150629839,-0.07479066767254888,-0.26228616495138807
0.25502754016981866,-0.8336290487471282,1.1675855598182838,-1.3154035027898483,-0.8638288844353155,0.4635128762978296,-0.9350271460073405,0.8261755390604792,-1.8466509253051704,-0.9098211008083231,1.2854031639313137,2.490765066104216,-0.45974649415900753,-3.108519260912834,-2.1713681886236746,-0.26228616495138807
-2.3387829917909206,-2.407476948146382,-0.8851302978061787,-0.7403966678150116,-1.2108440189861032,-1.4454274370464324,0.18867775913788085,0.1168488784012638,0.10575353096876239,-0.2158167769441807,-0.854722568656716,-0.4014830678366994,2.1751117468100603,0.8859357335536329,2.0217868532785768,-0.26228616495138807
-0.18029730435506178,-0.7811674521004844,-0.5628030143775454,-0.5205411132658101,0.36649750169929524,-0.21385304134045688,0.40901205426439485,0.4648204477812538,0.030176584274288293,-0.2158167769441807,0.5720279197353038,-0.4014830678366994,-0.45974649415900753,-1.1112917636796007,-0.07479066767254888,-0.26228616495138807
-0.3072670506748162,-0.9035778442759824,-1.4958556769341198,-0.4528932503275932,1.1236214316282864,-0.38319452075002847,1.058998224887611,0.46482044778125575,0.7733498934366247,-0.9098211008083231,-0.1413473244607061,2.490765066104216,-0.45974649415900753,-1.1112917636796007,-2.1713681886236746,-0.26228616495138807
-2.7015536955616533,0.4779108674189165,-0.8512011100768507,-0.41906931885848714,-1.5578591535368909,0.8021958351169729,-1.6621303199248365,-2.3591026729563764,0.31988821326977473,0.4781875469199617,-0.1413473244607061,-0.4014830678366994,-0.45974649415900753,0.8859357335536329,-0.07479066767254888,-0.26228616495138807
0.9624304125227486,-1.0959370319803372,0.5568601806903452,-1.5521710230736028,0.3191772560787333,0.44811819635150496,-0.09775682452658732,1.5488857216189265,-1.5695354540920956,0.4781875469199617,0.5720279197353038,-0.4014830678366994,-0.45974649415900753,-0.1126780150629839,-0.07479066767254888,-0.26228616495138807
0.8173221310144535,-0.5013722699850626,0.8791874641189785,-0.23303769577839176,-0.10670495450632426,-0.22924772128678156,0.08952732633094958,0.9867778018512435,-0.8263621449297592,0.4781875469199617,0.5720279197353038,-0.4014830678366994,-0.45974649415900753,-0.1126780150629839,-0.07479066767254888,-0.26228616495138807
1.2889240459164077,0.4429364696544906,0.828293682524984,-1.1970197426479698,0.3507240864924413,1.4795617527552594,-0.8138432836877577,0.6120391886727903,-1.5065546651800334,0.4781875469199617,-0.1413473244607061,-0.4014830678366994,-0.45974649415900753,0.8859357335536329,-0.07479066767254888,-0.26228616495138807
-0.23471290992067118,-1.2882962196846894,0.23453289726170948,-0.960252222364213,-0.42217325864340394,-0.2600370811794309,-0.10877353928291306,0.8127920171612476,-0.8893429338418216,-0.2158167769441807,-0.854722568656716,-0.4014830678366994,2.1751117468100603,0.8859357335536329,2.0217868532785768,-0.26228616495138807
-1.0872240637818937,-1.11342423086255,-0.4949446389188845,-1.2815795713207399,-0.4852669194708199,0.18640863726398513,-0.472325126241661,0.04993126890510947,-0.5870351470639235,-0.2158167769441807,-0.1413473244607061,-0.4014830678366994,-0.45974649415900753,-0.1126780150629839,-0.07479066767254888,-0.26228616495138807
-1.7220727953806763,-0.30901308228071034,-2.327120776302703,1.3735990490042376,0.666192390629521,-1.5224008367780557,1.5547503889222676,-1.0341340049325594,2.750946665275381,-0.2158167769441807,-0.1413473244607061,-0.4014830678366994,-0.45974649415900753,-0.1126780150629839,-0.07479066767254888,-0.26228616495138807
-0.3254055858633544,-0.20408988898742525,-0.9699532671295037,-0.26686162724750023,0.6188721450089589,0.0632511976933876,0.3869786247517435,-0.08390395008719541,0.5214267377883736,0.4781875469199617,-0.1413473244607061,-0.4014830678366994,-0.45974649415900753,0.8859357335536329,-0.07479066767254888,-0.26228616495138807
-0.23471290992067118,-1.0085010375692676,-0.44405085732489,-1.2646676055861867,0.20876334963075543,0.2633820369956086,-0.0426732507449588,0.5986556667735605,-0.6122274626287487,-0.2158167769441807,-0.1413473244607061,-0.4014830678366994,-0.45974649415900753,-0.1126780150629839,-0.07479066767254888,-0.26228616495138807
-0.4160982618060376,1.194886021589689,1.371160686194264,-1.6367308517463728,-1.6367262295711609,2.5417946690516633,-2.962102661171269,-1.221503311521787,-2.2371318165599563,-0.9098211008083231,0.5720279197353038,2.490765066104216,-0.45974649415900753,-2.1099055122962174,-2.1713681886236746,-0.26228616495138807
0.12805779385006164,-0.5188594688672755,1.2354439352769446,-1.0786359825060914,-1.0373364517107093,0.5250915960831284,-1.100277867352226,0.4915874915797152,-1.7206893474810456,-0.2158167769441807,-0.1413473244607061,-0.4014830678366994,-0.45974649415900753,-0.1126780150629839,-0.07479066767254888,-0.26228616495138807
0.055503653095916615,-2.197630561559814,-0.1726173554902512,-0.7234847020804586,0.20876334963075543,-1.2760859576368608,1.058998224887611,1.7228715063089224,-0.41068893811014817,-0.2158167769441807,-0.1413473244607061,-0.4014830678366994,-0.45974649415900753,-0.1126780150629839,-0.07479066767254888,-0.26228616495138807
-2.1392591047170186,-1.4107066118601874,-1.241386768964145,-1.4337872629317268,-0.7060947323667757,0.0632511976933876,-0.5384254147796153,-0.49879312896333977,-0.146169624679487,-0.2158167769441807,-0.854722568656716,-0.4014830678366994,2.1751117468100603,0.8859357335536329,2.0217868532785768,-0.26228616495138807
0.7447679902603085,-1.0959370319803372,0.3702496481790289,-0.5543650447349187,0.3034038408718793,-0.46016792048165195,0.5412126313403032,1.38828345882816,-0.6878044093232228,-0.2158167769441807,-0.1413473244607061,-0.4014830678366994,-0.45974649415900753,-0.1126780150629839,-0.07479066767254888,-0.26228616495138807
-0.01705048765823098,-2.6697849313795907,-0.20654654321957924,-2.955864179041586,0.17721651921704745,0.3403554367272321,-0.1197902540392387,2.030692509991223,-2.0481894498237714,-0.2158167769441807,-0.1413473244607061,-0.4014830678366994,-0.45974649415900753,-0.1126780150629839,-0.07479066767254888,-0.26228616495138807
0.16433486422713542,-0.7112186565716302,0.5907893684196732,-0.11465393563651333,-0.40639984343654995,-0.5217466402669507,0.08952732633094958,0.665573276269713,-0.5240543581518593,-0.2158167769441807,-0.1413473244607061,-0.4014830678366994,-0.45974649415900753,-0.1126780150629839,-0.07479066767254888,-0.26228616495138807
1.542863538555919,-1.2708090208024765,-1.614607833986775,-0.6389248734076886,2.8429236891753704,-0.5371413202132754,2.3699872808903693,2.1109936413866053,0.7229652623069742,-0.9098211008083231,-0.854722568656716,2.490765066104216,2.1751117468100603,-0.1126780150629839,-0.07479066767254888,-0.26228616495138807
0.7810450606373822,-0.9910138386870521,1.0488334027656283,-1.2477556398516314,-0.29598593698857206,0.2633820369956086,-0.39520812294738117,1.3347493712312375,-1.7080931896986322,-0.2158167769441807,-0.854722568656716,-0.4014830678366994,2.1751117468100603,0.8859357335536329,2.0217868532785768,-0.26228616495138807
-0.670037754445549,0.1981156853034946,-0.7324489530241953,-1.4676111944008328,0.09834944318277751,1.5103511126479086,-1.0121441493016203,-0.6460118698548745,-0.5492466737166846,-0.2158167769441807,0.5720279197353038,-0.4014830678366994,-0.45974649415900753,-1.1112917636796007,-0.07479066767254888,-0.26228616495138807
-0.5612065433143302,-0.09916669569414267,1.4899128432469195,-0.8926043594259985,-1.8733274576739707,0.7252224353853494,-1.8273810412697218,-0.33819086617257355,-1.7710739786106964,-0.2158167769441807,0.5720279197353038,-0.4014830678366994,-0.45974649415900753,-1.1112917636796007,-0.07479066767254888,-0.26228616495138807
0.001088047530304632,0.9850396350031214,0.013993177021065112,0.5618246937456465,-0.012064463265200366,0.3557501166735568,-0.2630075458714728,-0.7530800450487198,0.4080613177466624,-0.2158167769441807,-0.1413473244607061,-0.4014830678366994,-0.45974649415900753,-0.1126780150629839,-0.07479066767254888,-0.26228616495138807
-0.4886524025601826,0.1981156853034946,-1.1056700180468255,-1.129371879709753,0.603098729802105,1.2024575137214149,-0.43927498197268394,-0.5121766508625695,-0.020208046855360512,-0.9098211008083231,-0.1413473244607061,2.490765066104216,-0.45974649415900753,-1.1112917636796007,-2.1713681886236746,-0.26228616495138807
-1.3774406267984791,-2.180143362677599,-2.5476604965433496,-0.9771641880987685,1.1709416772488486,-1.0297710784956655,1.5547503889222676,0.6521897543704813,1.1638307846914107,-0.2158167769441807,0.5720279197353038,-0.4014830678366994,-0.45974649415900753,-1.1112917636796007,-0.07479066767254888,-0.26228616495138807
-0.8877001767079893,0.1981156853034946,1.1845501536829477,-0.3345094901857172,-1.8733274576739707,0.4789075562441543,-1.651113605168511,-0.8066141326456406,-1.1286699317076592,0.4781875469199617,-0.1413473244607061,-0.4014830678366994,-0.45974649415900753,0.8859357335536329,-0.07479066767254888,-0.26228616495138807
-0.05332755803530478,-2.1276817660309573,0.18363911566771499,-1.6705547832154812,-0.21711886095430213,-0.35240516085737905,0.10054404108727528,1.5890362873166155,-1.3805930873559087,0.4781875469199617,-0.1413473244607061,-0.4014830678366994,-0.45974649415900753,0.8859357335536329,-0.07479066767254888,-0.26228616495138807
-0.216574374732133,-2.0227585727376747,-0.08779438616692625,-0.5374530790003632,-0.10670495450632426,-1.2914806375831853,0.8496806445174226,1.38828345882816,-0.3351119914156723,-0.2158167769441807,-0.1413473244607061,-0.4014830678366994,-0.45974649415900753,-0.1126780150629839,-0.07479066767254888,-0.26228616495138807
-1.3593020916099434,-1.6730145950933963,-1.0547762364528286,-1.3999633314626183,-0.20134544574744817,-0.19845836139413217,0.0013936082803439947,0.27745114119202813,-0.2595350447212,-0.2158167769441807,-0.1413473244607061,-0.4014830678366994,-0.45974649415900753,-0.1126780150629839,-0.07479066767254888,-0.26228616495138807
0.45455142724372066,-0.3439874800451362,-0.39315707573089553,1.3228631518005762,0.7608328818706448,-1.5070061568317312,1.609833962703896,0.5986556667735586,1.2771962047331236,1.1721918707841041,-0.1413473244607061,-0.4014830678366994,-0.45974649415900753,1.8845494821702495,-0.07479066767254888,-0.26228616495138807
-0.9602543174621369,-0.6062954632783452,0.18363911566771499,-0.5374530790003632,-1.0057896212970014,-0.04451156193088524,-0.6706259918555237,-0.24450621287796165,-0.5366505159342728,-0.2158167769441807,0.5720279197353038,-0.4014830678366994,-0.45974649415900753,-1.1112917636796007,-0.07479066767254888,-0.26228616495138807
1.579140608932993,0.005756497599142387,-1.6994308033101,-0.43598128459304014,2.9533375956233483,0.40193415651253084,1.7750846840487817,1.1607635865412396,0.9370999446079865,-0.2158167769441807,0.5720279197353038,-0.4014830678366994,-0.45974649415900753,-1.1112917636796007,-0.07479066767254888,-0.26228616495138807
-1.4681333027411623,0.33801327636120554,-0.2404757309489097,0.003729824505362714,-1.0531098669175634,0.294171396888258,-0.9460438607636662,-1.3419550086148602,0.1813304776632365,-0.2158167769441807,-0.1413473244607061,-0.4014830678366994,-0.45974649415900753,-0.1126780150629839,-0.07479066767254888,-0.26228616495138807
-0.8695616415194536,0.6702700551232712,1.540806624840914,-0.8080445307532285,-2.1887957618110505,1.3256149532920123,-2.477367211892938,-1.1545857020256345,-1.745881663045871,-0.2158167769441807,-0.854722568656716,-0.4014830678366994,2.1751117468100603,0.8859357335536329,2.0217868532785768,-0.26228616495138807
0.7084909198832346,-0.27403868451628194,-0.8681657039415147,0.32505717346188956,1.423316320558512,-0.5371413202132754,1.3784829528210563,0.7324908857658654,0.8867153134783359,-0.2158167769441807,0.5720279197353038,-0.4014830678366994,-0.45974649415900753,-1.1112917636796007,-0.07479066767254888,-0.26228616495138807
0.03736511790737843,-1.3232706174491178,0.1327453340737205,-0.5881889762040271,-0.09093153929947029,-0.6295093998912236,0.3869786247517435,1.0403118894481662,-0.5366505159342746,-0.9098211008083231,0.5720279197353038,2.490765066104216,-0.45974649415900753,-2.1099055122962174,-2.1713681886236746,-0.26228616495138807
0.6540753143176252,-0.1691154912229969,0.2514974911263735,1.2383033231278062,0.3349506712855873,-1.2760859576368608,1.1471319429382167,0.6120391886727903,0.7355614200893877,-0.2158167769441807,-0.854722568656716,-0.4014830678366994,2.1751117468100603,0.8859357335536329,2.0217868532785768,-0.26228616495138807
-0.01705048765823098,-1.2708090208024765,0.18363911566771499,-0.6051009419385801,-0.18557203054059418,-0.5679306801059247,0.2768114771884865,0.9600107580527841,-0.5870351470639235,-0.9098211008083231,-0.1413473244607061,2.490765066104216,-0.45974649415900753,-1.1112917636796007,-2.1713681886236746,-0.26228616495138807
-1.3048864860443314,0.16314128753906626,-2.3610499640320333,-1.8565864062955766,1.0605277708008705,1.833639391520727,-0.5714755590485923,-1.0876680925294802,0.37027284439942354,-0.2158167769441807,-0.1413473244607061,-0.4014830678366994,-0.45974649415900753,-0.1126780150629839,-0.07479066767254888,-0.26228616495138807
0.21875046979274484,-2.5648617380863055,-0.8681657039415147,-2.9389522133070307,0.9974341099734546,0.41732883645885555,0.39799533950806915,2.124377163285835,-1.5443431385272703,-0.2158167769441807,0.5720279197353038,-0.4014830678366994,-0.45974649415900753,-1.1112917636796007,-0.07479066767254888,-0.26228616495138807
-1.504410373118236,0.005756497599142387,-1.3940681137461284,-1.3661393999935099,-0.012064463265200366,1.248641553560389,-0.9019770017383634,-1.1144351363279434,0.01758042649187475,-0.2158167769441807,-0.854722568656716,-0.4014830678366994,2.1751117468100603,0.8859357335536329,2.0217868532785768,-0.26228616495138807
0.03736511790737843,-1.6030657995645397,-0.002971416843601321,-0.28377359298205324,0.03525578235536159,-1.1529285180662632,0.8496806445174229,1.2544482398358534,-0.20915041359154754,0.4781875469199617,-0.1413473244607061,-0.4014830678366994,-0.45974649415900753,0.8859357335536329,-0.07479066767254888,-0.26228616495138807
-1.0328084582162818,-1.0259882364514803,0.45507261750235384,-0.7403966678150116,-1.3212579254340813,-0.22924772128678156,-0.7587597099061293,0.023164225106650012,-0.8893429338418216,-0.2158167769441807,-0.1413473244607061,-0.4014830678366994,-0.45974649415900753,-0.1126780150629839,-0.07479066767254888,-0.26228616495138807
-0.4523753321831114,-1.4631682085068287,-0.8681657039415147,-0.9264282908951069,0.4138177473198572,-0.44477324053532724,0.6073129198782574,0.7860249733627862,-0.0454003624201876,0.4781875469199617,-0.1413473244607061,-0.4014830678366994,-0.45974649415900753,0.8859357335536329,-0.07479066767254888,-0.26228616495138807
0.27316607535835424,0.3205260774789926,0.20060370953237902,-0.18230179857473025,0.05102919756221557,0.44811819635150496,-0.2850409753841242,-0.04375338438950433,-0.28472736028602347,-0.2158167769441807,-0.1413473244607061,-0.4014830678366994,-0.45974649415900753,-0.1126780150629839,-0.07479066767254888,-0.26228616495138807
-1.413717697175553,1.194886021589689,-0.03690060457292937,-1.5352590573390497,-1.1950706037792491,2.4494265893737146,-2.5875343594561953,-1.9575970159794638,-1.1160737739252475,-0.2158167769441807,-0.1413473244607061,-0.4014830678366994,-0.45974649415900753,-0.1126780150629839,-0.07479066767254888,-0.26228616495138807
-1.54068744349531,0.5128852651833449,0.9640104334423034,-0.18230179857473025,-2.236116007431612,0.6174596757610765,-2.003648477370933,-1.5293243152040878,-0.8515544604945846,-0.2158167769441807,-0.1413473244607061,-0.4014830678366994,-0.45974649415900753,-0.1126780150629839,-0.07479066767254888,-0.26228616495138807
1.1982313699737246,-2.459938544793023,0.7434707132016591,-1.6536428174809281,0.3507240864924413,-0.6602987597838729,0.7174800674415145,2.7667862144489,-1.783670136393108,1.1721918707841041,-0.1413473244607061,-0.4014830678366994,-0.45974649415900753,1.8845494821702495,-0.07479066767254888,-0.26228616495138807
-0.9783928526506724,-1.568091401800111,0.896152057983645,1.0184477685786024,-1.6840464751917226,-2.307529514040615,0.47511234280234904,0.47820396968048545,0.09315737318634885,-0.2158167769441807,-0.854722568656716,-0.4014830678366994,2.1751117468100603,0.8859357335536329,2.0217868532785768,-0.26228616495138807
-0.9783928526506724,0.33801327636120554,0.5568601806903452,-0.8080445307532285,-1.368578171054643,1.0331160343118433,-1.6951804641938135,-0.9805999173356367,-1.015304511665948,-0.9098211008083231,-0.1413473244607061,2.490765066104216,-0.45974649415900753,-1.1112917636796007,-2.1713681886236746,-0.26228616495138807
1.1075386940310412,-0.3439874800451362,-0.7494135468888593,1.2044793916586978,1.6599175486613218,-1.3992433972074585,2.1606697005201814,1.0804624551458573,1.453542413686897,-0.2158167769441807,-0.1413473244607061,-0.4014830678366994,-0.45974649415900753,-0.1126780150629839,-0.07479066767254888,-0.26228616495138807
-2.4657527381106776,-1.375732214095759,-2.988739937024638,-0.38524538738937864,0.634645560215813,-0.8604295990860938,1.058998224887611,-0.7664635669479496,1.9321964094185706,-0.2158167769441807,-0.1413473244607061,-0.4014830678366994,-0.45974649415900753,-0.1126780150629839,-0.07479066767254888,-0.26228616495138807
-0.597483613691404,0.3205260774789926,-0.3252987002722346,0.08828965317813268,-0.21711886095430213,0.20180331721030983,-0.29605769014044986,-0.6861624355525674,0.30729205548736116,-0.9098211008083231,-0.1413473244607061,2.490765066104216,-0.45974649415900753,-1.1112917636796007,-2.1713681886236746,-0.26228616495138807
-1.1960552749131126,0.28555167971456424,-2.3780145578966994,-0.9940761538333215,1.1709416772488486,1.1562734738824407,-0.00962310647598164,-1.101051614428712,1.0252730490848743,-0.2158167769441807,-0.1413473244607061,-0.4014830678366994,-0.45974649415900753,-0.1126780150629839,-0.07479066767254888,-0.26228616495138807
0.12805779385006164,1.0025268338853344,0.5568601806903452,-1.298491537055293,-0.40639984343654995,2.0645595907155974,-1.761280752731768,-0.6727789136533358,-1.3805930873559087,-0.2158167769441807,-0.854722568656716,-0.4014830678366994,2.1751117468100603,0.8859357335536329,2.0217868532785768,-0.26228616495138807
-0.9965313878392106,-2.3025537548530965,-0.5288738266482149,-0.960252222364213,-0.37485301302284196,-1.1529285180662632,0.5632460608529547,1.0269283675489347,-0.32251583363326053,-0.2158167769441807,1.2854031639313137,-0.4014830678366994,-0.45974649415900753,-2.1099055122962174,-0.07479066767254888,-0.26228616495138807
0.9261533421456749,0.6877572540054842,0.4381080236376898,-0.48671718179670165,0.3980443321130032,1.048510714258168,-0.472325126241661,0.1569994440989549,-0.6878044093232228,-0.2158167769441807,-0.1413473244607061,-0.4014830678366994,-0.45974649415900753,-0.1126780150629839,-0.07479066767254888,-0.26228616495138807
-1.2141938101016483,-0.046705099047501385,0.23453289726170948,-1.9580582007028997,-1.2739376798135191,1.741271311842779,-2.135849054446841,-0.8601482202425615,-1.632516243004158,-0.2158167769441807,-0.1413473244607061,-0.4014830678366994,-0.45974649415900753,-0.1126780150629839,-0.07479066767254888,-0.26228616495138807
-2.193674710282628,-1.5855786006823267,-1.5467494585281143,-0.9771641880987685,-0.46949350426396586,-0.506351960320626,0.03444375254932109,-0.405108475668726,0.4206574755290741,-0.2158167769441807,-0.1413473244607061,-0.4014830678366994,-0.45974649415900753,-0.1126780150629839,-0.07479066767254888,-0.26228616495138807
0.055503653095916615,0.6003212595944145,0.33632046044969843,-0.672748804876797,-0.2644391065748641,1.1408787939361162,-1.0011274345452947,-0.4184919975679557,-0.7507851982352851,0.4781875469199617,-0.1413473244607061,-0.4014830678366994,-0.45974649415900753,0.8859357335536329,-0.07479066767254888,-0.26228616495138807
-0.36168265624042817,-2.914605715730584,-0.25744032481357615,-1.9073223034992381,-0.0751581240926163,-0.8296402391934445,0.5412126313403032,1.9637749004950689,-1.2294391939669587,-0.2158167769441807,-0.1413473244607061,-0.4014830678366994,-0.45974649415900753,-0.1126780150629839,-0.07479066767254888,-0.26228616495138807
-0.7425918951996966,0.058218094245783676,-1.4279973014754588,0.5110887965419826,0.6819658058363749,-0.4139838806426778,0.7725636412231428,-0.5924777822579537,1.4409462559044834,-0.2158167769441807,-0.1413473244607061,-0.4014830678366994,-0.45974649415900753,-0.1126780150629839,-0.07479066767254888,-0.26228616495138807
0.12805779385006164,-1.0434754353336932,0.81132908866032,0.5956486252147525,-0.6430010715393596,-1.4608221169927569,0.5962962051219317,0.8930931485566298,-0.15876578246190054,-0.2158167769441807,-0.1413473244607061,-0.4014830678366994,-0.45974649415900753,-0.1126780150629839,-0.07479066767254888,-0.26228616495138807
-0.797007500765306,0.6877572540054842,0.11578074020905407,-0.11465393563651333,-0.8007352236078995,0.7098277554390248,-1.0672277230832488,-1.1144351363279414,-0.1713619402443105,-0.2158167769441807,-0.1413473244607061,-0.4014830678366994,-0.45974649415900753,-0.1126780150629839,-0.07479066767254888,-0.26228616495138807
-2.3569215269794586,-1.375732214095759,-3.2771380327239434,0.17284948185090265,0.9974341099734546,-1.3684540373148089,1.6759342512418502,-0.6861624355525674,2.5620042985391938,-0.2158167769441807,-0.854722568656716,-0.4014830678366994,2.1751117468100603,0.8859357335536329,2.0217868532785768,-0.26228616495138807
1.6335562144986022,-1.1483986286269785,-0.5797676082422094,0.32505717346188956,1.9596124375915476,-1.30687531752951,2.3038869923524152,2.084226597588144,0.6725806311773236,-0.2158167769441807,-0.1413473244607061,-0.4014830678366994,-0.45974649415900753,-0.1126780150629839,-0.07479066767254888,-0.26228616495138807
0.21875046979274484,-1.620552998446755,-0.8681657039415147,-0.4528932503275932,0.9974341099734546,-1.0143763985493408,1.422549811846359,1.4016669807273898,0.307292055487363,-0.2158167769441807,0.5720279197353038,-0.4014830678366994,-0.45974649415900753,-1.1112917636796007,-0.07479066767254888,-0.26228616495138807
-1.9760122880201878,-2.7047593291440166,-0.6985197652948648,-0.77422059928412,-1.0688832821244172,-1.6763476362413028,0.4530789132896976,0.6120391886727903,-0.05799652020259936,-0.9098211008083231,-0.1413473244607061,2.490765066104216,-0.45974649415900753,-1.1112917636796007,-2.1713681886236746,-0.26228616495138807
-0.3254055858633544,0.6352956573588429,1.5577712187055779,-0.43598128459304014,-1.7313667208122847,0.9561426345802198,-1.893481329807676,-0.7263130012502585,-1.481362349615208,-0.2158167769441807,1.2854031639313137,-0.4014830678366994,-0.45974649415900753,-2.1099055122962174,-0.07479066767254888,-0.26228616495138807
-1.613241584249455,-1.5331170040356854,1.1166917782242893,-0.4021573531239317,-2.441170405120714,-0.9835870386566914,-1.0011274345452947,-0.016986340591041073,-1.1286699317076592,-0.2158167769441807,-0.1413473244607061,-0.4014830678366994,-0.45974649415900753,-0.1126780150629839,-0.07479066767254888,-0.26228616495138807
0.34572021611250187,-2.6697849313795907,-1.1056700180468255,-1.9918821321720082,1.3286758293173881,-0.5371413202132754,1.312382664283102,2.298362947975833,-0.6626120937583975,-0.2158167769441807,-0.854722568656716,-0.4014830678366994,2.1751117468100603,0.8859357335536329,2.0217868532785768,-0.26228616495138807
-0.4523753321831114,1.352270811529613,-0.9190594855355092,-1.1631958111788614,0.46113799294041913,2.249295750071494,-1.2875620182097627,-1.3687220524133217,-0.18395809802672405,-0.2158167769441807,-0.1413473244607061,-0.4014830678366994,-0.45974649415900753,-0.1126780150629839,-0.07479066767254888,-0.26228616495138807
-0.34354412105189003,1.3872452092940413,-0.12172357389625431,0.07137768744357965,-0.18557203054059418,1.1562734738824407,-0.9570605755199918,-1.3151879648163989,0.14354200431599945,-0.9098211008083231,-0.854722568656716,2.490765066104216,2.1751117468100603,-0.1126780150629839,-0.07479066767254888,-0.26228616495138807
-0.05332755803530478,0.6178084584766299,-1.5128202707987837,-0.6896607706113501,1.360222659731096,1.1716681538287657,0.1115607558436009,-0.5121766508625714,0.6095998422652612,-0.9098211008083231,-0.854722568656716,2.490765066104216,2.1751117468100603,-0.1126780150629839,-0.07479066767254888,-0.26228616495138807
0.14619632903859983,1.1249372260608324,0.2684620849910399,0.6802084538875225,-0.12247836971317826,0.37114479661988153,-0.3511412639220784,-0.753080045048718,0.30729205548736116,-0.2158167769441807,-0.1413473244607061,-0.4014830678366994,-0.45974649415900753,-0.1126780150629839,-0.07479066767254888,-0.26228616495138807
-2.1392591047170186,0.4429364696544906,-1.9878288990094028,0.07137768744357965,-0.012064463265200366,0.3249607567809074,-0.24097411635882138,-1.9174464502817727,1.529119360381371,-0.2158167769441807,-0.1413473244607061,-0.4014830678366994,-0.45974649415900753,-0.1126780150629839,-0.07479066767254888,-0.26228616495138807
-0.27098998029774496,0.16314128753906626,-1.9878288990094028,-0.5374530790003632,1.6125973030407597,0.6328543557074013,0.6734132084162116,-0.32480734427334385,1.075657680214523,-0.2158167769441807,-0.1413473244607061,-0.4014830678366994,-0.45974649415900753,-0.1126780150629839,-0.07479066767254888,-0.26228616495138807
-1.6857957250036024,1.3697580104118283,-0.019936010708265343,0.6802084538875225,-1.447445247088913,0.5866703158684271,-1.430779310041997,-2.292185063460226,0.5214267377883736,-0.2158167769441807,-0.854722568656716,-0.4014830678366994,2.1751117468100603,0.8859357335536329,2.0217868532785768,-0.26228616495138807
-1.0690855285933556,-1.8129121861511073,0.35328505431436485,-0.7234847020804586,-1.258164264606665,-0.9374029988177174,-0.2079239720898443,0.5986556667735605,-0.8011698293649357,-0.2158167769441807,-0.1413473244607061,-0.4014830678366994,-0.45974649415900753,-0.1126780150629839,-0.07479066767254888,-0.26228616495138807
0.5996597087520158,0.4254492707722752,-1.1056700180468255,-0.16538983284017722,1.549503642213344,0.5250915960831284,0.7064633526851888,0.1168488784012638,0.6977729467421488,-0.2158167769441807,-0.1413473244607061,-0.4014830678366994,-0.45974649415900753,-0.1126780150629839,-0.07479066767254888,-0.26228616495138807
-0.27098998029774496,-1.7079889928578247,-1.0717408303174951,0.37579307066555107,0.7608328818706448,-1.8456891156508743,1.8522016873430616,1.1072294989443188,1.075657680214523,0.4781875469199617,-0.1413473244607061,-0.4014830678366994,-0.45974649415900753,0.8859357335536329,-0.07479066767254888,-0.26228616495138807
-1.3048864860443314,0.23309008306792298,-2.072651868332728,0.10520161891268812,0.7923797122843528,0.10943523753236167,0.47511234280234904,-1.141202180126403,1.6172924648582587,1.1721918707841041,-0.854722568656716,-0.4014830678366994,2.1751117468100603,2.883163230786866,2.0217868532785768,-0.26228616495138807
-1.7946269361348213,-2.0227585727376747,0.3872142420436953,-3.2433675965290023,-1.9206477032945324,1.1716681538287657,-2.1799159134721444,0.22391705359510733,-2.703189654509218,-0.2158167769441807,-0.1413473244607061,-0.4014830678366994,-0.45974649415900753,-0.1126780150629839,-0.07479066767254888,-0.26228616495138807
0.49082849762079445,1.457194004822898,-0.6136967959715399,-0.7234847020804586,0.9974341099734546,1.9414021511450001,-0.6926594213681752,-0.7530800450487198,-0.08318883576742465,-0.9098211008083231,-0.1413473244607061,2.490765066104216,-0.45974649415900753,-1.1112917636796007,-2.1713681886236746,-0.26228616495138807
-3.0099087937667766,-1.7079889928578247,-0.7154843591595289,-1.02790008530243,-1.9521945337082405,-0.5679306801059247,-0.9570605755199918,-0.9136823078394842,-0.23434272915637464,-0.2158167769441807,-0.1413473244607061,-0.4014830678366994,-0.45974649415900753,-0.1126780150629839,-0.07479066767254888,-0.26228616495138807
-0.1258816987894498,1.317296413765187,0.6416831500136702,0.003729824505362714,-0.7060947323667757,1.1562734738824407,-1.32061216247874,-1.101051614428712,-0.47366972702221233,-0.2158167769441807,-0.1413473244607061,-0.4014830678366994,-0.45974649415900753,-0.1126780150629839,-0.07479066767254888,-0.26228616495138807
-2.9554931882011672,-0.4838850711028496,-2.123545649926725,0.17284948185090265,-0.5956808259187977,-0.5833253600522494,0.001393608280344013,-1.8103782750879274,1.7054655693351464,-0.2158167769441807,-0.1413473244607061,-0.4014830678366994,-0.45974649415900753,-0.1126780150629839,-0.07479066767254888,-0.26228616495138807
-0.724453360011161,-0.7636802532182715,1.5577712187055779,-0.08083000416740725,-2.078381855363072,-0.5987200399985741,-1.023160864057946,0.04993126890510947,-1.2168430361845468,-0.2158167769441807,-0.1413473244607061,-0.4014830678366994,-0.45974649415900753,-0.1126780150629839,-0.07479066767254888,-0.26228616495138807
-0.3798211914289638,-1.4107066118601874,-0.6136967959715399,0.10520161891268812,0.2403101800444634,-1.3376646774221597,1.1250985134255653,0.7994084952620178,0.5340228955707871,-0.2158167769441807,-0.1413473244607061,-0.4014830678366994,-0.45974649415900753,-0.1126780150629839,-0.07479066767254888,-0.26228616495138807
-0.7607304303882322,0.28555167971456424,-1.6315724278514392,0.6463845224184164,0.8554733731117689,-0.33701048091105434,0.8386639297610972,-0.7798470888471793,1.6928694115527347,-0.2158167769441807,-0.1413473244607061,-0.4014830678366994,-0.45974649415900753,-0.1126780150629839,-0.07479066767254888,-0.26228616495138807
-0.23471290992067118,1.5096556014695393,-0.5288738266482149,-1.0786359825060914,0.28763042566502534,2.3108744698567927,-1.4528127395546482,-1.3285714867156304,-0.41068893811014817,-0.9098211008083231,0.5720279197353038,2.490765066104216,-0.45974649415900753,-2.1099055122962174,-2.1713681886236746,-0.26228616495138807
-0.6881762896340872,0.8276548450631951,-1.4619264892047892,-1.3830513657280628,0.7608328818706448,1.987586190983974,-0.8909602869820374,-1.141202180126403,0.05536889983911359,0.4781875469199617,0.5720279197353038,-0.4014830678366994,-0.45974649415900753,-0.1126780150629839,-0.07479066767254888,-0.26228616495138807
1.1982313699737246,1.7195019880561069,0.20060370953237902,1.0184477685786024,0.8554733731117689,0.5866703158684271,0.17766104438155525,-0.43187551946718733,0.6095998422652612,-0.2158167769441807,-0.1413473244607061,-0.4014830678366994,-0.45974649415900753,-0.1126780150629839,-0.07479066767254888,-0.26228616495138807
-1.4499947675526266,-0.5538338666317039,-1.86907674195675,0.2574093105236726,0.4769114081472731,-0.7218774795691717,0.8496806445174229,-0.6460118698548764,1.5795039915110218,-0.2158167769441807,-0.1413473244607061,-0.4014830678366994,-0.45974649415900753,-0.1126780150629839,-0.07479066767254888,-0.26228616495138807
-1.6495186546265286,-0.1691154912229969,-0.7154843591595289,0.2574093105236726,-0.7691883931941916,-0.38319452075002847,-0.2630075458714728,-1.0876680925294822,0.7229652623069723,-0.2158167769441807,-0.1413473244607061,-0.4014830678366994,-0.45974649415900753,-0.1126780150629839,-0.07479066767254888,-0.26228616495138807
-0.9421157822735986,-1.2358346230380481,-0.427086263460226,-3.497047082547312,-0.42217325864340394,2.0953489506082468,-1.794330897000745,0.2506840973935687,-2.287516447689605,-0.2158167769441807,-0.1413473244607061,-0.4014830678366994,-0.45974649415900753,-0.1126780150629839,-0.07479066767254888,-0.26228616495138807
0.27316607535835424,-0.5363466677494909,-1.1904929873701504,-1.4506992286662799,1.3444492445242422,0.8483798749559469,0.33189505097011496,0.6120391886727903,-0.1965542558091358,-0.2158167769441807,-0.1413473244607061,-0.4014830678366994,-0.45974649415900753,-0.1126780150629839,-0.07479066767254888,-0.26228616495138807
-0.9421157822735986,-2.2850665559708836,0.726506119336995,-0.23303769577839176,-1.494765492709475,-1.7995050758119004,0.2437613329195094,1.053695411347398,-0.7129967248880481,-0.2158167769441807,-0.1413473244607061,-0.4014830678366994,-0.45974649415900753,-0.1126780150629839,-0.07479066767254888,-0.26228616495138807
0.45455142724372066,0.1456540886568533,-0.41012166959555957,-0.43598128459304014,0.7766062970774988,0.5250915960831284,0.1666443296252295,0.22391705359510544,-0.020208046855362302,-0.2158167769441807,-0.1413473244607061,-0.4014830678366994,-0.45974649415900753,-0.1126780150629839,-0.07479066767254888,-0.26228616495138807
-2.4294756677336036,-1.7954249872688943,-2.0047934928740694,0.1390255503817966,-0.24866569136801012,-1.7071369961339522,1.0479815101312853,-0.4184919975679557,1.5921001492934352,0.4781875469199617,-0.1413473244607061,-0.4014830678366994,-0.45974649415900753,0.8859357335536329,-0.07479066767254888,-0.26228616495138807
-1.7583498657577474,-2.6872721302618037,-0.8003073284828538,-2.0257060636411164,-0.7849618084010456,-0.5217466402669507,-0.1748738278208672,0.7592579295643268,-0.9145352494066487,-0.2158167769441807,-0.1413473244607061,-0.4014830678366994,-0.45974649415900753,-0.1126780150629839,-0.07479066767254888,-0.26228616495138807
-0.8332845711423799,1.7369891869383198,1.540806624840914,-0.6558368391422416,-2.157248931397342,2.126138310500896,-3.028202949709223,-1.9442134940802323,-1.632516243004158,-0.2158167769441807,-0.1413473244607061,-0.4014830678366994,-0.45974649415900753,-0.1126780150629839,-0.07479066767254888,-0.26228616495138807
-2.4838912732992133,-0.13414109345857103,-0.545838420512879,-0.43598128459304014,-1.6524996447780147,0.2787767169419333,-1.353662306747717,-1.7300771436925433,0.0805612154039371,-0.2158167769441807,-0.1413473244607061,-0.4014830678366994,-0.45974649415900753,-0.1126780150629839,-0.07479066767254888,-0.26228616495138807
-1.8490425417004306,-1.51562980515347,-2.0217580867387333,0.443440933603768,0.27185701045817134,-1.7379263560266016,1.4335665266026847,-0.20435564718026866,1.8314271471592711,-0.9098211008083231,0.5720279197353038,2.490765066104216,-0.45974649415900753,-2.1099055122962174,-2.1713681886236746,-0.26228616495138807
-0.6881762896340872,1.597091595880609,-1.5467494585281143,-0.8080445307532285,0.8396999579049147,2.141532990447221,-0.946043860763666,-1.730077143692545,0.5466190533531989,-0.2158167769441807,-0.1413473244607061,-0.4014830678366994,-0.45974649415900753,-0.1126780150629839,-0.07479066767254888,-0.26228616495138807
0.20061193460420923,0.4604236685367035,-0.019936010708265343,0.3419691391964426,0.19298993442390142,0.09404055758603701,0.06749389681829818,-0.20435564718026866,0.26950358214012415,-0.2158167769441807,-0.1413473244607061,-0.4014830678366994,-0.45974649415900753,-0.1126780150629839,-0.07479066767254888,-0.26228616495138807
-1.3593020916099434,-1.655527396211181,0.5229309929610148,-2.414681275535858,-1.6682730599848687,0.7406171153316741,-1.6951804641938135,0.26406761929279654,-2.1867471854303075,-0.2158167769441807,-0.1413473244607061,-0.4014830678366994,-0.45974649415900753,-0.1126780150629839,-0.07479066767254888,-0.26228616495138807
-0.8695616415194536,-0.09916669569414267,-0.20654654321957924,-0.9264282908951069,-0.5641339955050898,0.7560117952779988,-0.9350271460073405,-0.5657107384594923,-0.5366505159342746,-0.2158167769441807,-0.1413473244607061,-0.4014830678366994,-0.45974649415900753,-0.1126780150629839,-0.07479066767254888,-0.26228616495138807
-0.7063148248226229,-1.2183474241558325,-1.5467494585281143,0.8493281112330624,0.8239265426980608,-1.8456891156508743,1.8962685463683642,0.411286360184333,1.7810425160296206,-0.2158167769441807,-0.1413473244607061,-0.4014830678366994,-0.45974649415900753,-0.1126780150629839,-0.07479066767254888,-0.26228616495138807
-0.724453360011161,0.7577060495343408,-2.5646250904080135,-0.3514214559202702,1.7545580399024456,0.9869319944728692,0.5191792018276519,-1.1144351363279434,1.6424847804230842,-0.2158167769441807,-0.1413473244607061,-0.4014830678366994,-0.45974649415900753,-0.1126780150629839,-0.07479066767254888,-0.26228616495138807
-1.177916739724577,1.194886021589689,-0.7494135468888593,0.6632964881529695,-0.32753276740228005,0.44811819635150496,-0.5494421295359411,-1.7836112312894679,1.0504653646496978,-0.2158167769441807,-0.1413473244607061,-0.4014830678366994,-0.45974649415900753,-0.1126780150629839,-0.07479066767254888,-0.26228616495138807
-0.5249294729372564,-1.4631682085068287,-1.3601389260168002,-0.8926043594259985,0.8081531274912067,-0.4755626004279766,0.9047642182990512,0.7324908857658654,0.3450805288346,-0.2158167769441807,-0.1413473244607061,-0.4014830678366994,-0.45974649415900753,-0.1126780150629839,-0.07479066767254888,-0.26228616495138807
-2.5383068788648253,-0.8511162476293411,-0.4949446389188845,-0.19921376430928328,-1.7471401360191385,-0.5679306801059247,-0.8138432836877576,-1.221503311521787,0.21911895101047535,-0.2158167769441807,-0.1413473244607061,-0.4014830678366994,-0.45974649415900753,-0.1126780150629839,-0.07479066767254888,-0.26228616495138807
1.452170862613236,0.7052444528876995,-0.7833427346181898,-1.4676111944008328,1.9911592680052554,1.9567968310913246,-0.009623106475981738,0.5317380572774063,-0.5114582003694476,-0.2158167769441807,-0.1413473244607061,-0.4014830678366994,-0.45974649415900753,-0.1126780150629839,-0.07479066767254888,-0.26228616495138807
-2.0122893583972616,-2.075220169384316,0.81132908866032,-1.2815795713207399,-2.50426406594813,-0.6602987597838729,-1.276545303453437,0.10346535650203217,-1.556939296309684,1.1721918707841041,-0.1413473244607061,-0.4014830678366994,-0.45974649415900753,1.8845494821702495,-0.07479066767254888,-0.26228616495138807
-0.5430680081257946,-0.06419229792971431,-1.6824662094454337,0.47726486507287647,1.0920746012145786,-0.4909572803743013,1.1140817986692397,-0.3515743880718052,1.604696307075847,-0.2158167769441807,-0.1413473244607061,-0.4014830678366994,-0.45974649415900753,-0.1126780150629839,-0.07479066767254888,-0.26228616495138807
-1.0509469934048201,-2.092707368266529,-2.191404025385383,0.49417683080742947,1.1236214316282864,-2.2921348340942904,2.425070854671998,0.8261755390604774,1.995177198330633,-0.2158167769441807,0.5720279197353038,-0.4014830678366994,-0.45974649415900753,-1.1112917636796007,-0.07479066767254888,-0.26228616495138807
-2.39319859735653,1.2998092148829716,0.030957770885729135,-0.9264282908951069,-2.1099286857767803,1.987586190983974,-2.8960023726333146,-2.7606083299332913,-0.7129967248880481,-0.9098211008083231,-0.1413473244607061,2.490765066104216,-0.45974649415900753,-1.1112917636796007,-2.1713681886236746,-0.26228616495138807
-2.647138089996044,-1.5855786006823267,-0.41012166959555957,0.7647682825602924,-1.9206477032945324,-2.0920039947920697,0.15562761486890392,-0.7396965231494882,0.8741191556959224,0.4781875469199617,-0.1413473244607061,-0.4014830678366994,-0.45974649415900753,0.8859357335536329,-0.07479066767254888,-0.26228616495138807
1.1619542995966508,-1.4631682085068287,0.08185155247972362,-0.48671718179670165,0.9343404491460388,-0.8450349191397692,1.2572990905014736,1.9771584223943004,-0.4232850958925599,0.4781875469199617,-0.854722568656716,-0.4014830678366994,2.1751117468100603,1.8845494821702495,2.0217868532785768,-0.26228616495138807
0.29130461054689244,0.3205260774789926,0.030957770885729135,0.08828965317813268,0.2245367648376094,0.20180331721030983,0.012410323036669682,-0.030369862490272702,0.04277274205670004,-0.9098211008083231,-0.1413473244607061,2.490765066104216,-0.45974649415900753,-1.1112917636796007,-2.1713681886236746,-0.26228616495138807
-1.1235011341589651,0.0757052931279966,-1.5297848646634502,-0.2499496615129472,0.44536457773356514,0.294171396888258,0.10054404108727524,-0.8869152640410228,0.9496961023903983,-0.2158167769441807,0.5720279197353038,-0.4014830678366994,-0.45974649415900753,-1.1112917636796007,-0.07479066767254888,-0.26228616495138807
-0.597483613691404,1.2648348171185433,-1.7503245849040945,-0.41906931885848714,1.1078480164214324,1.4949564327015838,-0.29605769014044986,-1.4088726181110127,0.9874845757376354,-0.2158167769441807,-0.1413473244607061,-0.4014830678366994,-0.45974649415900753,-0.1126780150629839,-0.07479066767254888,-0.26228616495138807
-1.4681333027411623,-0.06419229792971431,-2.4798021210846883,-1.9749701664374526,1.0289809403871626,1.741271311842779,-0.5274087000232895,-1.0341340049325594,0.3702728443994253,-0.2158167769441807,-0.1413473244607061,-0.4014830678366994,-0.45974649415900753,-0.1126780150629839,-0.07479066767254888,-0.26228616495138807
-0.4342367969945732,-0.6937314576894148,-1.6655016155807696,-0.11465393563651333,1.1709416772488486,-0.506351960320626,1.1801820872071938,0.21053353169587571,1.1512346269089988,-0.2158167769441807,-0.1413473244607061,-0.4014830678366994,-0.45974649415900753,-0.1126780150629839,-0.07479066767254888,-0.26228616495138807
-1.2323323452901864,-1.638040197328968,0.9131166518483089,-0.672748804876797,-1.9206477032945324,-0.8296402391934445,-0.7477429951498035,0.34436875068818057,-1.17905456283731,-0.2158167769441807,-0.1413473244607061,-0.4014830678366994,-0.45974649415900753,-0.1126780150629839,-0.07479066767254888,-0.26228616495138807
-1.177916739724577,0.4604236685367035,0.6925769316076646,0.17284948185090265,-1.6682730599848687,0.2479873570492839,-1.3426455919913913,-1.221503311521787,-0.3854966225453247,-0.2158167769441807,0.5720279197353038,-0.4014830678366994,-0.45974649415900753,-1.1112917636796007,-0.07479066767254888,-0.26228616495138807
-0.7425918951996966,-0.32650028116292323,-1.3431743321521339,-0.19921376430928328,0.603098729802105,-0.10609028171618401,0.49714577231500046,-0.29804030047488245,0.8489268401310989,-0.2158167769441807,-0.1413473244607061,-0.4014830678366994,-0.45974649415900753,-0.1126780150629839,-0.07479066767254888,-0.26228616495138807
-1.0872240637818937,0.5653468618299862,-1.0547762364528286,-0.03009410696374335,0.03525578235536159,0.5250915960831284,-0.3511412639220784,-1.2348868334210168,0.7607537356542112,-0.2158167769441807,-0.1413473244607061,-0.4014830678366994,-0.45974649415900753,-0.1126780150629839,-0.07479066767254888,-0.26228616495138807
0.03736511790737843,0.40796207189006223,-0.7494135468888593,-1.7551146118882512,0.7292860514569368,1.9567968310913246,-0.8909602869820377,-0.28465677857565275,-0.7507851982352851,-0.2158167769441807,-0.1413473244607061,-0.4014830678366994,-0.45974649415900753,-0.1126780150629839,-0.07479066767254888,-0.26228616495138807
-1.9760122880201878,1.072475629414191,0.930081245712973,0.358881104930998,-2.5831311419823995,0.6174596757610765,-2.2460162020100984,-2.2788015415609943,-0.4232850958925599,-0.2158167769441807,-0.1413473244607061,-0.4014830678366994,-0.45974649415900753,-0.1126780150629839,-0.07479066767254888,-0.26228616495138807
-0.8332845711423799,-0.9385522420404108,-1.3940681137461284,-2.3132094811285326,0.571551899388397,1.2794309134530382,-0.5163919852669638,0.10346535650203217,-0.6878044093232228,-0.2158167769441807,-0.1413473244607061,-0.4014830678366994,-0.45974649415900753,-0.1126780150629839,-0.07479066767254888,-0.26228616495138807
1.3070625811049432,0.4604236685367035,-0.9869178609941701,-0.23303769577839176,2.054252928832671,0.6174596757610765,0.9928979363496568,0.6120391886727903,0.5592152111356125,-0.2158167769441807,-0.854722568656716,-0.4014830678366994,2.1751117468100603,0.8859357335536329,2.0217868532785768,-0.26228616495138807
-2.2662288510367756,-2.145168964913173,0.09881614634439005,0.5280007622765379,-2.062608440156218,-2.369108233825914,0.25477804767583506,-0.030369862490272702,0.31988821326977473,-0.2158167769441807,-0.1413473244607061,-0.4014830678366994,-0.45974649415900753,-0.1126780150629839,-0.07479066767254888,-0.26228616495138807
-1.2141938101016483,1.212373220471902,0.3193558665850344,0.3927050364001065,-1.3528047558477891,0.7098277554390248,-1.4528127395546482,-1.8237617969871571,0.05536889983911359,-0.9098211008083231,-0.854722568656716,2.490765066104216,2.1751117468100603,-0.1126780150629839,-0.07479066767254888,-0.26228616495138807
-0.5249294729372564,-2.092707368266529,-1.9878288990094028,0.9846238371094963,1.3917694901448041,-2.7385805525377065,2.93183973346298,1.2142976741381621,2.209311880631645,-0.9098211008083231,-0.854722568656716,2.490765066104216,2.1751117468100603,-0.1126780150629839,-0.07479066767254888,-0.26228616495138807
0.25502754016981866,-1.4107066118601874,-0.25744032481357615,-0.36833342165482325,0.46113799294041913,-0.906613638925068,0.9708645068370055,1.267831761735085,-0.08318883576742286,-0.2158167769441807,-0.854722568656716,-0.4014830678366994,2.1751117468100603,0.8859357335536329,2.0217868532785768,-0.26228616495138807
0.3275816809239662,-1.2882962196846894,0.16667452180304856,0.49417683080742947,0.12989627359648548,-1.5839795565633545,1.2242489462324966,1.227681196037394,0.24431126657530064,-0.9098211008083231,-0.1413473244607061,2.490765066104216,-0.45974649415900753,-1.1112917636796007,-2.1713681886236746,-0.26228616495138807
0.5815211735634777,-2.6872721302618037,-0.002971416843601321,-0.3006855587166087,0.5084582385609812,-2.0920039947920697,1.8522016873430616,2.4857322545650584,-0.2217465713739611,-0.2158167769441807,-0.1413473244607061,-0.4014830678366994,-0.45974649415900753,-0.1126780150629839,-0.07479066767254888,-0.26228616495138807
-1.3774406267984791,1.2823220160007587,-0.1726173554902512,0.08828965317813268,-1.0373364517107093,1.048510714258168,-1.4748461690672996,-1.9977475816771548,0.19392663544565006,-0.2158167769441807,-0.1413473244607061,-0.4014830678366994,-0.45974649415900753,-0.1126780150629839,-0.07479066767254888,-0.26228616495138807
-1.0872240637818937,-1.0259882364514803,-2.4967667149493527,-1.1970197426479698,1.37599607493795,0.18640863726398513,0.8276472150047713,-0.016986340591042974,0.96229226017281,-0.2158167769441807,-0.1413473244607061,-0.4014830678366994,-0.45974649415900753,-0.1126780150629839,-0.07479066767254888,-0.26228616495138807
-0.8514231063309154,-0.2915258833984949,-0.2404757309489097,-1.3661393999935099,-0.5168137498845278,0.9869319944728692,-1.0672277230832488,-0.405108475668726,-0.8389583027121728,-0.2158167769441807,-0.1413473244607061,-0.4014830678366994,-0.45974649415900753,-0.1126780150629839,-0.07479066767254888,-0.26228616495138807
1.4158937922361647,0.0757052931279966,-0.22351113708424566,-0.8926043594259985,1.439089735765366,0.8791692348485963,0.3759619099954178,0.9867778018512455,-0.4988620425870358,-0.2158167769441807,-0.1413473244607061,-0.4014830678366994,-0.45974649415900753,-0.1126780150629839,-0.07479066767254888,-0.26228616495138807
-0.01705048765823098,0.49539806630113187,-1.5637140523927782,-0.18230179857473025,1.439089735765366,0.6020649958147519,0.5742627756092804,-0.3917249537694963,1.0252730490848723,-0.2158167769441807,-0.854722568656716,-0.4014830678366994,2.1751117468100603,0.8859357335536329,2.0217868532785768,-0.26228616495138807
-0.144020233977988,-0.9560394409226237,-1.4788910830694533,-1.5352590573390497,1.2498087532831184,0.5558809559757778,0.47511234280234904,0.62542271057202,-0.0454003624201876,-0.2158167769441807,-0.1413473244607061,-0.4014830678366994,-0.45974649415900753,-0.1126780150629839,-0.07479066767254888,-0.26228616495138807
-1.2504708804787221,-2.3725025503819532,0.5568601806903452,-0.08083000416740725,-1.6051793991574528,-2.015030595060446,0.3208783362137894,0.8930931485566317,-0.47366972702221233,-0.2158167769441807,-0.1413473244607061,-0.4014830678366994,-0.45974649415900753,-0.1126780150629839,-0.07479066767254888,-0.26228616495138807
-0.01705048765823098,0.16314128753906626,-1.6315724278514392,-1.0786359825060914,1.502183396592782,1.1254841139897913,0.2437613329195094,-0.13743803768411622,0.4080613177466624,-0.9098211008083231,-0.854722568656716,2.490765066104216,2.1751117468100603,-0.1126780150629839,-0.07479066767254888,-0.26228616495138807
0.9624304125227486,-1.1483986286269785,0.013993177021065112,-2.245561618190318,0.8239265426980608,1.0331160343118433,-0.16385711306454148,1.5890362873166175,-1.6829008741338087,-0.9098211008083231,-0.854722568656716,2.490765066104216,2.1751117468100603,-0.1126780150629839,-0.07479066767254888,-0.26228616495138807
1.452170862613236,-0.6412698610427735,-1.1904929873701504,-1.1631958111788614,2.3697212329697512,0.494302236190479,1.3013659495267764,1.5622692435181542,0.01758042649187654,-0.2158167769441807,-0.854722568656716,-0.4014830678366994,2.1751117468100603,0.8859357335536329,2.0217868532785768,-0.26228616495138807
-2.7015536955616533,-0.8860906453937695,-0.0538651984375958,-2.2793855496594264,-2.299209668259028,1.2948255933993629,-2.5324507856745666,-1.3151879648163989,-1.6577085585689832,-0.2158167769441807,-0.1413473244607061,-0.4014830678366994,-0.45974649415900753,-0.1126780150629839,-0.07479066767254888,-0.26228616495138807
-0.8877001767079893,-1.4281938107424004,-0.44405085732489,1.0353597343131578,-0.35907959781598797,-2.199766754416342,1.3233993790394278,0.43805340398279435,1.1008499957793483,-0.9098211008083231,0.5720279197353038,2.490765066104216,-0.45974649415900753,-2.1099055122962174,-2.1713681886236746,-0.26228616495138807
-0.8151460359538442,-2.215117760442027,0.28542667885570394,0.20667341332001113,-0.9742427908832934,-2.1381880346310433,0.8496806445174226,1.093845977045087,-0.05799652020259936,-0.2158167769441807,-0.1413473244607061,-0.4014830678366994,-0.45974649415900753,-0.1126780150629839,-0.07479066767254888,-0.26228616495138807
-0.9058387118965274,-0.6237826621605606,-1.173528393505484,0.003729824505362714,0.3034038408718793,-0.5525360001596,0.6073129198782573,-0.19097212528103893,0.8741191556959224,-0.2158167769441807,0.5720279197353038,-0.4014830678366994,-0.45974649415900753,-1.1112917636796007,-0.07479066767254888,-0.26228616495138807
0.4364128920551851,-0.2915258833984949,-0.6985197652948648,-2.2286496524557626,1.0289809403871626,1.7720606717354286,-0.5494421295359411,0.5451215791766378,-1.141266089490071,-0.2158167769441807,-0.1413473244607061,-0.4014830678366994,-0.45974649415900753,-0.1126780150629839,-0.07479066767254888,-0.26228616495138807
1.053123088465432,0.005756497599142387,-0.20654654321957924,0.037553755974471185,1.1078480164214324,-0.02911688198456055,0.7945970707357943,0.7726414514635566,0.1813304776632365,-0.2158167769441807,-0.1413473244607061,-0.4014830678366994,-0.45974649415900753,-0.1126780150629839,-0.07479066767254888,-0.26228616495138807
0.45455142724372066,-2.4249641470285948,-0.13868816776092074,1.3228631518005762,0.5242316537678351,-3.338973070444369,2.755572297361769,2.1912947727819874,1.0882538379969364,-0.2158167769441807,-0.1413473244607061,-0.4014830678366994,-0.45974649415900753,-0.1126780150629839,-0.07479066767254888,-0.26228616495138807
-0.27098998029774496,0.0757052931279966,-0.2404757309489097,-1.1970197426479698,-0.012064463265200366,1.1562734738824407,-0.835876713200409,-0.2578897347771914,-0.7129967248880481,1.1721918707841041,-0.854722568656716,-0.4014830678366994,2.1751117468100603,2.883163230786866,2.0217868532785768,-0.26228616495138807
-1.0690855285933556,-1.0259882364514803,0.21756830339704544,-1.0786359825060914,-1.1319769429518332,0.0786458776397123,-0.8468934279567348,-0.0036028186918113446,-0.9649198805362975,-0.9098211008083231,-0.1413473244607061,2.490765066104216,-0.45974649415900753,-1.1112917636796007,-2.1713681886236746,-0.26228616495138807
-0.5612065433143302,0.23309008306792298,-1.4449618953401253,0.08828965317813268,0.8554733731117689,0.12482991747868638,0.5081624870713262,-0.5924777822579537,1.1386384691265854,-0.2158167769441807,-0.1413473244607061,-0.4014830678366994,-0.45974649415900753,-0.1126780150629839,-0.07479066767254888,-0.26228616495138807
1.6335562144986022,-1.4456810096246158,0.3872142420436953,-0.28377359298205324,1.0605277708008705,-1.0143763985493408,1.466616670871662,2.3117464698750627,-0.4988620425870358,0.4781875469199617,0.5720279197353038,-0.4014830678366994,-0.45974649415900753,-0.1126780150629839,-0.07479066767254888,-0.26228616495138807
-1.1053625989704294,-2.5648617380863055,-0.34226329413690104,-0.01318214122919032,-0.6430010715393596,-2.2459507942553163,1.1581486576945423,1.1473800646420098,0.24431126657530064,0.4781875469199617,-0.854722568656716,-0.4014830678366994,2.1751117468100603,1.8845494821702495,2.0217868532785768,-0.26228616495138807
-2.193674710282628,-0.09916669569414267,0.08185155247972362,0.27432127625822805,-1.9837413641219483,-0.33701048091105434,-1.1443447263775286,-1.5427078371033176,0.14354200431600125,-0.2158167769441807,-0.1413473244607061,-0.4014830678366994,-0.45974649415900753,-0.1126780150629839,-0.07479066767254888,-0.26228616495138807
-0.8332845711423799,-0.36147467892735163,-1.9369351174154084,-0.672748804876797,1.0763011860077245,0.294171396888258,0.5412126313403032,-0.33819086617257355,0.9370999446079847,-0.2158167769441807,-0.1413473244607061,-0.4014830678366994,-0.45974649415900753,-0.1126780150629839,-0.07479066767254888,-0.26228616495138807
0.9261533421456749,-2.197630561559814,-1.258351362828809,-0.19921376430928328,1.9753858527984014,-1.753321035972926,2.6343884350421862,2.3652805574719853,0.7859460512190365,-0.2158167769441807,-0.1413473244607061,-0.4014830678366994,-0.45974649415900753,-0.1126780150629839,-0.07479066767254888,-0.26228616495138807
-0.216574374732133,0.6527828562410558,-1.970864305144739,0.2912332419927811,1.6441441334544677,0.3095660768345827,0.9267976478117028,-0.6593953917541042,1.680273253770321,-0.2158167769441807,-0.1413473244607061,-0.4014830678366994,-0.45974649415900753,-0.1126780150629839,-0.07479066767254888,-0.26228616495138807
-0.1984358395435974,-1.638040197328968,-0.5797676082422094,-0.06391803843285182,0.36649750169929524,-1.3838487172611336,1.246282375745148,1.1072294989443188,0.38286900218183706,-0.2158167769441807,-0.854722568656716,-0.4014830678366994,2.1751117468100603,0.8859357335536329,2.0217868532785768,-0.26228616495138807
0.40013582167811124,0.11067969089242496,0.0648869586150596,-0.9095163251605515,0.28763042566502534,0.9253532746875704,-0.46130841148533536,0.21053353169587571,-0.7255928826704598,-0.2158167769441807,-0.1413473244607061,-0.4014830678366994,-0.45974649415900753,-0.1126780150629839,-0.07479066767254888,-0.26228616495138807
0.10991925866152602,-1.3932194129779718,-1.2753159566934753,1.2383033231278062,1.281355583696826,-2.3537135538795892,2.579304861260558,1.1473800646420098,1.86921562050651,-0.2158167769441807,-0.1413473244607061,-0.4014830678366994,-0.45974649415900753,-0.1126780150629839,-0.07479066767254888,-0.26228616495138807
0.25502754016981866,-1.2183474241558325,-0.8512011100768507,-1.095547948240647,1.0132075251803085,-0.07530092182353462,0.7615469264668173,1.1206130208435485,-0.18395809802672405,-0.2158167769441807,-0.1413473244607061,-0.4014830678366994,-0.45974649415900753,-0.1126780150629839,-0.07479066767254888,-0.26228616495138807
-2.2118132454711636,-0.8686034465115541,1.2863377168709391,-0.08083000416740725,-3.1194272590154353,-0.6910881196765223,-1.684163749437488,-0.9672163954364069,-1.015304511665948,-0.2158167769441807,-0.1413473244607061,-0.4014830678366994,-0.45974649415900753,-0.1126780150629839,-0.07479066767254888,-0.26228616495138807
1.542863538555919,-0.8511162476293411,-0.13868816776092074,-2.2793855496594264,1.4706365661790741,1.3256149532920123,0.07851061157462391,1.789789115805073,-1.594727769656921,-0.9098211008083231,-0.1413473244607061,2.490765066104216,-0.45974649415900753,-1.1112917636796007,-2.1713681886236746,-0.26228616495138807
1.143815764408115,-0.8860906453937695,-0.002971416843601321,-2.1948257209866564,0.9974341099734546,1.2178521936677396,-0.17487382782086716,1.522118677820465,-1.632516243004158,-0.2158167769441807,-0.1413473244607061,-0.4014830678366994,-0.45974649415900753,-0.1126780150629839,-0.07479066767254888,-0.26228616495138807
-0.5067909377487207,-0.7112186565716302,-0.13868816776092074,-0.9940761538333215,-0.31175935219542605,0.2787767169419333,-0.4172415524600325,0.17038296599818462,-0.6374197781935722,-0.2158167769441807,-0.854722568656716,-0.4014830678366994,2.1751117468100603,0.8859357335536329,2.0217868532785768,-0.26228616495138807
-1.1416396693475033,-1.0085010375692676,-0.6645905775655344,-1.3323154685244014,-0.37485301302284196,0.3249607567809074,-0.4943585557543124,-0.07052042818796378,-0.4988620425870358,-0.9098211008083231,-0.1413473244607061,2.490765066104216,-0.45974649415900753,-1.1112917636796007,-2.1713681886236746,-0.26228616495138807
-1.830904006511895,0.4429364696544906,0.28542667885570394,-1.4337872629317268,-1.8575540424671166,1.695087272003805,-2.5104173561619154,-1.689926577994854,-1.2798238250966092,-0.2158167769441807,-0.1413473244607061,-0.4014830678366994,-0.45974649415900753,-0.1126780150629839,-0.07479066767254888,-0.26228616495138807
1.1982313699737246,-0.27403868451628194,0.23453289726170948,-1.3661393999935099,0.8239265426980608,1.0023266744191939,-0.14182368355189007,1.093845977045089,-1.1916507206197215,-0.2158167769441807,-0.1413473244607061,-0.4014830678366994,-0.45974649415900753,-0.1126780150629839,-0.07479066767254888,-0.26228616495138807
-0.8514231063309154,0.16314128753906626,-0.427086263460226,-0.960252222364213,-0.34330618260913404,1.0177213543655186,-0.9680772902763175,-0.753080045048718,-0.3980927803277346,-0.2158167769441807,-0.1413473244607061,-0.4014830678366994,-0.45974649415900753,-0.1126780150629839,-0.07479066767254888,-0.26228616495138807
0.7084909198832346,-0.8161418498649128,0.845258276389648,-1.8904103377646826,-0.16979861533374022,1.0023266744191939,-0.8358767132004091,1.1473800646420098,-2.035593292041356,-0.2158167769441807,-0.1413473244607061,-0.4014830678366994,-0.45974649415900753,-0.1126780150629839,-0.07479066767254888,-0.26228616495138807
-0.1258816987894498,-2.407476948146382,-0.8172719223475202,-0.11465393563651333,0.6504189754226669,-2.015030595060446,1.8962685463683642,1.7496385501073837,0.5214267377883753,-0.2158167769441807,0.5720279197353038,-0.4014830678366994,-0.45974649415900753,-1.1112917636796007,-0.07479066767254888,-0.26228616495138807
-0.18029730435506178,-0.1691154912229969,-1.3092451444228035,-0.31759752445116174,1.0605277708008705,0.14022459742501106,0.6403630641472345,-0.0036028186918132467,0.735561420089386,-0.2158167769441807,-0.1413473244607061,-0.4014830678366994,-0.45974649415900753,-0.1126780150629839,-0.07479066767254888,-0.26228616495138807
0.38199728648957565,-0.46639787222063417,0.18363911566771499,-1.8734983720301297,0.16144310401019346,1.2948255933993629,-0.8138432836877576,0.6388062324712517,-1.5317469807448587,0.4781875469199617,-0.1413473244607061,-0.4014830678366994,-0.45974649415900753,0.8859357335536329,-0.07479066767254888,-0.26228616495138807
-1.286747950855796,0.058218094245783676,1.3033023107356032,-1.3830513657280628,-2.330756498672736,1.3102202733456878,-2.5655009299435436,-0.9939834392348683,-1.9978048186941186,-0.2158167769441807,0.5720279197353038,-0.4014830678366994,-0.45974649415900753,-1.1112917636796007,-0.07479066767254888,-0.26228616495138807
-2.2299517806597016,-1.0609626342159089,0.030957770885729135,-0.85878042795689,-1.9679679489150945,-0.1522743215551581,-1.2655285886971115,-0.833381176444102,-0.6626120937583975,-0.2158167769441807,-0.1413473244607061,-0.4014830678366994,-0.45974649415900753,-0.1126780150629839,-0.07479066767254888,-0.26228616495138807
-0.01705048765823098,-1.2882962196846894,0.45507261750235384,-1.5352590573390497,-0.4379466738502579,0.2633820369956086,-0.4943585557543124,0.9733942799520139,-1.481362349615208,-0.2158167769441807,-0.1413473244607061,-0.4014830678366994,-0.45974649415900753,-0.1126780150629839,-0.07479066767254888,-0.26228616495138807
-1.5951030490609193,1.2998092148829716,1.472948249382253,0.12211358464724115,-2.7566387092577935,1.0331160343118433,-2.664651362750475,-2.171733366367151,-1.0027083538835346,-0.2158167769441807,-0.1413473244607061,-0.4014830678366994,-0.45974649415900753,-0.1126780150629839,-0.07479066767254888,-0.26228616495138807
-1.3593020916099434,-0.46639787222063417,0.18363911566771499,0.17284948185090265,-1.3528047558477891,-0.5679306801059247,-0.5384254147796151,-0.6460118698548764,-0.007611889072950548,0.4781875469199617,-0.1413473244607061,-0.4014830678366994,-0.45974649415900753,0.8859357335536329,-0.07479066767254888,-0.26228616495138807
-0.597483613691404,-0.7287058554538431,-2.072651868332728,-0.19921376430928328,1.4075429053516582,-0.46016792048165195,1.312382664283102,0.1168488784012619,1.3905616247748347,-0.2158167769441807,-0.1413473244607061,-0.4014830678366994,-0.45974649415900753,-0.1126780150629839,-0.07479066767254888,-0.26228616495138807
-0.16215876916652358,0.9325780383564801,-0.0538651984375958,-1.02790008530243,-0.09093153929947029,1.7566659917891037,-1.32061216247874,-0.833381176444102,-0.7255928826704598,-0.2158167769441807,-0.1413473244607061,-0.4014830678366994,-0.45974649415900753,-0.1126780150629839,-0.07479066767254888,-0.26228616495138807
-1.3955791619870146,-1.777937788386679,0.14970992793838453,-0.13156590137106874,-1.3528047558477891,-1.4454274370464324,0.08952732633094958,0.33098522878895087,-0.20915041359154934,0.4781875469199617,-0.854722568656716,-0.4014830678366994,2.1751117468100603,1.8845494821702495,2.0217868532785768,-0.26228616495138807
0.03736511790737843,-0.30901308228071034,-1.6824662094454337,-1.9580582007028997,1.5968238878339058,1.5103511126479086,0.03444375254932109,0.26406761929279843,-0.20915041359154934,-0.9098211008083231,-0.854722568656716,2.490765066104216,2.1751117468100603,-0.1126780150629839,-0.07479066767254888,-0.26228616495138807
0.309443145735428,-1.6030657995645397,-0.002971416843601321,0.5956486252147525,0.27185701045817134,-1.9534518752751473,1.5878005331912446,1.4552010683243106,0.44584979109389944,-0.9098211008083231,-0.854722568656716,2.490765066104216,2.1751117468100603,-0.1126780150629839,-0.07479066767254888,-0.26228616495138807
-0.2528514451092068,0.7402188506521254,-1.7672891787687586,-1.4845231601353883,1.423316320558512,2.002980870930299,-0.43927498197268405,-0.753080045048718,0.2065227932280618,-0.9098211008083231,-0.854722568656716,2.490765066104216,2.1751117468100603,-0.1126780150629839,-0.07479066767254888,-0.26228616495138807
-0.4886524025601826,-0.6237826621605606,-0.7494135468888593,-1.2477556398516314,0.27185701045817134,0.5866703158684271,-0.22995740160249564,0.1168488784012638,-0.3729004647629111,-0.9098211008083231,-0.854722568656716,2.490765066104216,2.1751117468100603,-0.1126780150629839,-0.07479066767254888,-0.26228616495138807
-0.4342367969945732,-0.9210650431581978,-0.5797676082422094,-1.4506992286662799,0.16144310401019346,0.5096969161368037,-0.2519908311151471,0.38451931638587356,-0.6500159359759857,-0.9098211008083231,-0.854722568656716,2.490765066104216,2.1751117468100603,-0.1126780150629839,-0.07479066767254888,-0.26228616495138807
-0.216574374732133,-0.5538338666317039,0.4890018052316843,-0.26686162724750023,-0.6430010715393596,-0.24464240123310627,-0.27402426062779844,0.26406761929279843,-0.5618428314990981,-0.9098211008083231,-0.854722568656716,2.490765066104216,2.1751117468100603,-0.1126780150629839,-0.07479066767254888,-0.26228616495138807
-1.3955791619870146,-0.9910138386870521,-0.6136967959715399,1.762574260898979,-0.6430010715393596,-2.4768709934501865,1.3233993790394278,-0.2712732566764211,1.7684463582472087,0.4781875469199617,-0.854722568656716,-0.4014830678366994,2.1751117468100603,1.8845494821702495,2.0217868532785768,-0.26228616495138807
0.45455142724372066,0.6527828562410558,-1.2922805505581394,-0.8926043594259985,1.5968238878339058,1.3871936730773111,0.12257747059992656,-0.1642050814825776,0.2946958977049494,-0.2158167769441807,-0.1413473244607061,-0.4014830678366994,-0.45974649415900753,-0.1126780150629839,-0.07479066767254888,-0.26228616495138807
-1.2323323452901864,-0.9910138386870521,-1.4958556769341198,-1.213931708382523,0.3191772560787333,0.23259267710295922,0.05647718206197248,-0.15082155958334786,0.2065227932280636,-0.2158167769441807,-0.1413473244607061,-0.4014830678366994,-0.45974649415900753,-0.1126780150629839,-0.07479066767254888,-0.26228616495138807
-2.4657527381106776,-0.7461930543360585,-0.15565276162558475,-0.06391803843285182,-1.9995147793288024,-0.5987200399985741,-0.9680772902763175,-1.2482703553202463,0.06796505762152534,-0.2158167769441807,-0.1413473244607061,-0.4014830678366994,-0.45974649415900753,-0.1126780150629839,-0.07479066767254888,-0.26228616495138807
-2.2843673862253113,0.1281668897746379,-0.07082979230225982,-1.4168752971971714,-1.9206477032945324,1.4025883530236358,-2.34516663481703,-1.7836112312894659,-1.0027083538835346,-0.2158167769441807,-0.1413473244607061,-0.4014830678366994,-0.45974649415900753,-0.1126780150629839,-0.07479066767254888,-0.26228616495138807
-1.504410373118236,0.4779108674189165,1.1675855598182838,0.6632964881529695,-2.393850159500152,-0.18306368144780746,-1.5409464576052538,-1.475790227607165,-0.3729004647629111,-0.2158167769441807,-0.1413473244607061,-0.4014830678366994,-0.45974649415900753,-0.1126780150629839,-0.07479066767254888,-0.26228616495138807
-0.470513867371647,-1.0259882364514803,-0.6985197652948648,1.3059511860660207,0.2403101800444634,-2.0920039947920697,1.6649175364855247,0.43805340398279435,1.4913308870341342,-0.2158167769441807,-0.854722568656716,-0.4014830678366994,2.1751117468100603,0.8859357335536329,2.0217868532785768,-0.26228616495138807
-0.18029730435506178,-1.0085010375692676,-1.7672891787687586,1.4750708434115607,1.486409981385928,-2.2305561143089916,2.6343884350421862,0.6388062324712517,2.410850405150244,-0.2158167769441807,-0.1413473244607061,-0.4014830678366994,-0.45974649415900753,-0.1126780150629839,-0.07479066767254888,-0.26228616495138807
0.9624304125227486,-1.4281938107424004,-0.6306613898362039,-0.8249564964877816,1.423316320558512,-0.506351960320626,1.3564495233084048,1.8031726377043045,-0.146169624679487,-0.9098211008083231,-0.1413473244607061,2.490765066104216,-0.45974649415900753,-1.1112917636796007,-2.1713681886236746,-0.26228616495138807
-0.4886524025601826,-0.5713210655139193,0.2684620849910399,-0.43598128459304014,-0.6745479019530677,-0.10609028171618401,-0.39520812294738117,0.07669831270357272,-0.5240543581518611,0.4781875469199617,-0.854722568656716,-0.4014830678366994,2.1751117468100603,1.8845494821702495,2.0217868532785768,-0.26228616495138807
-2.7378307659387273,0.02324369648135532,-0.4949446389188845,0.7478563168257394,-1.9206477032945324,-0.6602987597838729,-0.8689268574693861,-2.037898147374846,0.924503786825573,-0.9098211008083231,-0.854722568656716,2.490765066104216,2.1751117468100603,-0.1126780150629839,-0.07479066767254888,-0.26228616495138807
-0.9783928526506724,-0.6937314576894148,-1.0208470487235006,-1.3661393999935099,0.09834944318277751,0.6328543557074013,-0.38419140819105546,-0.19097212528103893,-0.25953504472119815,-0.9098211008083231,-0.1413473244607061,2.490765066104216,-0.45974649415900753,-1.1112917636796007,-2.1713681886236746,-0.26228616495138807
-0.670037754445549,0.040730895363568255,0.20060370953237902,-1.5521710230736028,-0.7691883931941916,1.4487723928626097,-1.5739966018742308,-0.5255601727617992,-1.3050161406614327,-0.2158167769441807,-0.1413473244607061,-0.4014830678366994,-0.45974649415900753,-0.1126780150629839,-0.07479066767254888,-0.26228616495138807
0.09178072347298784,-1.1833730263914068,-1.0208470487235006,0.2912332419927811,1.0289809403871626,-1.30687531752951,1.6539008217291988,0.9733942799520139,0.9748884179552235,-0.9098211008083231,-0.1413473244607061,2.490765066104216,-0.45974649415900753,-1.1112917636796007,-2.1713681886236746,-0.26228616495138807
-2.1211205695284803,1.4397068059406826,-0.5967322021068758,0.9169759741712793,-1.289711095020373,0.43272351640518025,-1.210445014915483,-2.6669236766386772,1.1260423113441735,-0.2158167769441807,0.5720279197353038,-0.4014830678366994,-0.45974649415900753,-1.1112917636796007,-0.07479066767254888,-0.26228616495138807
0.40013582167811124,-0.4314234744562058,-0.002971416843601321,-0.7234847020804586,0.3507240864924413,0.2787767169419333,0.04546046730564679,0.62542271057202,-0.5366505159342728,-0.2158167769441807,-0.1413473244607061,-0.4014830678366994,-0.45974649415900753,-0.1126780150629839,-0.07479066767254888,-0.26228616495138807
0.7810450606373822,-2.3725025503819532,-1.5806786462574447,-0.18230179857473025,2.148893420073795,-1.9226625153824977,2.8767561596813516,2.3920476012704466,1.037869206867286,-0.2158167769441807,-0.854722568656716,-0.4014830678366994,2.1751117468100603,0.8859357335536329,2.0217868532785768,-0.26228616495138807
-1.0509469934048201,1.6145787947628218,0.04792236475039557,0.460352899338321,-0.9584693756764393,1.0023266744191939,-1.3867124510166942,-2.0111311035763846,0.30729205548736116,-0.2158167769441807,0.5720279197353038,-0.4014830678366994,-0.45974649415900753,-1.1112917636796007,-0.07479066767254888,-0.26228616495138807
-0.216574374732133,-0.06419229792971431,-1.5467494585281143,0.4096170021346595,1.2498087532831184,-0.42937856058900253,1.1801820872071938,-0.11067099388565486,1.453542413686897,-0.2158167769441807,-0.1413473244607061,-0.4014830678366994,-0.45974649415900753,-0.1126780150629839,-0.07479066767254888,-0.26228616495138807
0.001088047530304632,-0.5713210655139193,-1.801218366498089,-0.6220129076731331,1.6756909638681756,0.0632511976933876,1.1250985134255653,0.43805340398279435,0.8741191556959241,-0.9098211008083231,-0.854722568656716,2.490765066104216,2.1751117468100603,-0.1126780150629839,-0.07479066767254888,-0.26228616495138807
0.34572021611250187,-1.3057834185669022,-0.8003073284828538,-1.2646676055861867,1.0447543555940164,0.0016724779080888352,0.7284967821978401,1.2544482398358534,-0.3477081491980876,0.4781875469199617,-0.1413473244607061,-0.4014830678366994,-0.45974649415900753,0.8859357335536329,-0.07479066767254888,-0.26228616495138807
1.669833284875676,-0.30901308228071034,0.7604353070663231,0.2574093105236726,0.7450594666637909,-0.506351960320626,0.8827307887864,1.4685845902235424,-0.3729004647629111,-0.2158167769441807,-0.1413473244607061,-0.4014830678366994,-0.45974649415900753,-0.1126780150629839,-0.07479066767254888,-0.26228616495138807
-0.9965313878392106,-2.7572209257906604,-0.8172719223475202,-0.4528932503275932,-0.10670495450632426,-2.015030595060446,1.3674662380647307,1.3748999369289285,0.26950358214012593,-0.2158167769441807,-0.1413473244607061,-0.4014830678366994,-0.45974649415900753,-0.1126780150629839,-0.07479066767254888,-0.26228616495138807
-0.07146609322384039,-1.1833730263914068,-1.4279973014754588,0.6632964881529695,1.2655821684899722,-1.6455582763486534,2.06151926771325,0.8529425828589406,1.5543116759461966,-0.2158167769441807,-0.1413473244607061,-0.4014830678366994,-0.45974649415900753,-0.1126780150629839,-0.07479066767254888,-0.26228616495138807
-0.597483613691404,0.1281668897746379,-1.088705424182159,1.0015358028440493,0.4926848233541271,-0.7988508793007952,0.915780933055377,-0.538943694661031,1.5543116759461966,-0.2158167769441807,-0.1413473244607061,-0.4014830678366994,-0.45974649415900753,-0.1126780150629839,-0.07479066767254888,-0.26228616495138807
-0.10774316360091418,-1.11342423086255,-1.4449618953401253,1.694926397960762,1.2498087532831184,-2.523055033289161,2.678455294067489,0.7726414514635566,2.3352734584557697,-0.2158167769441807,-0.1413473244607061,-0.4014830678366994,-0.45974649415900753,-0.1126780150629839,-0.07479066767254888,-0.26228616495138807
-1.1960552749131126,-0.6237826621605606,-1.003882454858834,-0.18230179857473025,-0.10670495450632426,-0.38319452075002847,0.19969447389420658,-0.405108475668726,0.6095998422652612,-0.2158167769441807,-0.1413473244607061,-0.4014830678366994,-0.45974649415900753,-0.1126780150629839,-0.07479066767254888,-0.26228616495138807
0.41827435686664943,-1.1833730263914068,-0.6985197652948648,-0.7234847020804586,1.0132075251803085,-0.38319452075002847,0.9818812215933314,1.2142976741381641,-0.020208046855362302,-0.2158167769441807,-0.1413473244607061,-0.4014830678366994,-0.45974649415900753,-0.1126780150629839,-0.07479066767254888,-0.26228616495138807
-0.5430680081257946,0.9675524361209085,-0.4949446389188845,0.49417683080742947,-0.012064463265200366,0.40193415651253084,-0.29605769014044986,-1.1412021801264047,0.735561420089386,-0.2158167769441807,-0.1413473244607061,-0.4014830678366994,-0.45974649415900753,-0.1126780150629839,-0.07479066767254888,-0.26228616495138807
-0.3979597266174994,-2.2675793570886684,0.013993177021065112,-0.6051009419385801,-0.35907959781598797,-1.4454274370464324,0.7835803559794686,1.4418175464250809,-0.46107356923979875,-0.2158167769441807,-0.1413473244607061,-0.4014830678366994,-0.45974649415900753,-0.1126780150629839,-0.07479066767254888,-0.26228616495138807
0.21875046979274484,-0.25655148563406655,-1.2753159566934753,0.6125605909493079,1.37599607493795,-0.7834561993544704,1.5217002446532903,0.3577522725874103,1.4031577825572483,-0.2158167769441807,-0.1413473244607061,-0.4014830678366994,-0.45974649415900753,-0.1126780150629839,-0.07479066767254888,-0.26228616495138807
0.5089670328093326,0.2505772819501359,-0.08779438616692625,-1.5352590573390497,0.5242316537678351,1.6181138722721815,-0.7918098541751064,0.18376648789741626,-1.0782853005780086,-0.2158167769441807,-0.1413473244607061,-0.4014830678366994,-0.45974649415900753,-0.1126780150629839,-0.07479066767254888,-0.26228616495138807
0.7266294550717702,-0.2915258833984949,-0.4949446389188845,-0.38524538738937864,1.0920746012145786,0.09404055758603701,0.695446637928863,0.7592579295643249,0.0805612154039371,-0.2158167769441807,-0.1413473244607061,-0.4014830678366994,-0.45974649415900753,-0.1126780150629839,-0.07479066767254888,-0.26228616495138807
-1.740211330569212,0.1456540886568533,-0.15565276162558475,-1.3830513657280628,-1.368578171054643,1.3871936730773111,-1.9485649035893045,-1.395489096211783,-0.9145352494066469,-0.2158167769441807,-0.1413473244607061,-0.4014830678366994,-0.45974649415900753,-0.1126780150629839,-0.07479066767254888,-0.26228616495138807
-0.23471290992067118,-1.0784498330981216,0.030957770885729135,0.5618246937456465,-0.23289227616115613,-1.4608221169927569,0.8827307887863998,0.6521897543704813,0.39546515996425063,-0.2158167769441807,-0.1413473244607061,-0.4014830678366994,-0.45974649415900753,-0.1126780150629839,-0.07479066767254888,-0.26228616495138807
-0.3072670506748162,-1.0959370319803372,-1.614607833986775,-1.3492274342589567,1.2340353380762643,0.2633820369956086,0.6734132084162116,0.6120391886727922,0.19392663544565006,-0.2158167769441807,-0.1413473244607061,-0.4014830678366994,-0.45974649415900753,-0.1126780150629839,-0.07479066767254888,-0.26228616495138807
-0.3072670506748162,-0.6937314576894148,-1.0378116425881645,-1.3154035027898483,0.6977392210432289,0.5866703158684271,0.06749389681829826,0.3042181849904895,-0.20915041359154934,2.5602005185123886,2.7121536523233334,-0.4014830678366994,-0.45974649415900753,-0.1126780150629839,-0.07479066767254888,3.812629614624696
0.27316607535835424,0.5478596629477732,-0.1895819493549152,-1.0617240167715385,0.4138177473198572,1.4487723928626097,-0.7477429951498035,-0.2177391690795003,-0.6500159359759857,2.5602005185123886,2.7121536523233334,-0.4014830678366994,-0.45974649415900753,-0.1126780150629839,-0.07479066767254888,3.812629614624696
-0.3254055858633544,-0.8511162476293411,0.5059663990963483,-1.213931708382523,-0.7534149779873376,0.3557501166735568,-0.7807931394187807,0.411286360184333,-1.2798238250966074,2.5602005185123886,2.7121536523233334,-0.4014830678366994,-0.45974649415900753,-0.1126780150629839,-0.07479066767254888,3.812629614624696
0.16433486422713542,0.8976036405920518,-1.258351362828809,0.22358537905456655,1.3129024141105343,0.5866703158684271,0.49714577231500057,-0.5657107384594923,1.1008499957793483,2.5602005185123886,2.7121536523233334,-0.4014830678366994,-0.45974649415900753,-0.1126780150629839,-0.07479066767254888,3.812629614624696
-0.6518992192570134,-0.5538338666317039,-0.9360240794001756,-0.875692393691443,0.3034038408718793,0.3095660768345827,-0.009623106475981696,-0.05713690628873406,0.04277274205670183,3.2542048423765313,3.425528896519343,-0.4014830678366994,-0.45974649415900753,-0.1126780150629839,-0.07479066767254888,3.812629614624696
0.6722138495061609,-0.6412698610427735,-0.8681657039415147,-0.4021573531239317,1.3917694901448041,-0.19845836139413217,1.1140817986692397,0.9867778018512435,0.3450805288346,3.2542048423765313,3.425528896519343,-0.4014830678366994,-0.45974649415900753,-0.1126780150629839,-0.07479066767254888,3.812629614624696
0.47268996243225886,0.3030388785967772,-1.241386768964145,-1.6029069202772668,1.565277057420198,1.7258766318964542,-0.14182368355189007,0.1168488784012638,-0.2721312025036117,3.2542048423765313,3.425528896519343,-0.4014830678366994,-0.45974649415900753,-0.1126780150629839,-0.07479066767254888,3.812629614624696
-1.2504708804787221,1.7719635847027482,-0.44405085732489,0.17284948185090265,-0.6745479019530677,1.4025883530236358,-1.4748461690672996,-2.2788015415609943,0.4584459488763112,3.2542048423765313,3.425528896519343,-0.4014830678366994,-0.45974649415900753,-0.1126780150629839,-0.07479066767254888,3.812629614624696
-0.5793450785028659,-1.0959370319803372,-0.08779438616692625,-1.2646676055861867,-0.42217325864340394,0.18640863726398513,-0.4282582672163583,0.41128636018433495,-0.8767467760594099,-0.2158167769441807,-0.1413473244607061,-0.4014830678366994,-0.45974649415900753,-0.1126780150629839,-0.07479066767254888,3.812629614624696
0.001088047530304632,0.49539806630113187,-0.6306613898362039,-1.010988119567877,0.5873253145952511,1.3564043131846617,-0.5604588442922667,-0.37834143187026653,-0.28472736028602524,-0.2158167769441807,-0.1413473244607061,-0.4014830678366994,-0.45974649415900753,-0.1126780150629839,-0.07479066767254888,3.812629614624696
0.47268996243225886,0.3205260774789926,-1.2753159566934753,0.05446572170902662,1.5968238878339058,0.23259267710295922,0.948831077324354,0.10346535650203217,0.9874845757376371,-0.2158167769441807,-0.1413473244607061,-0.4014830678366994,-0.45974649415900753,-0.1126780150629839,-0.07479066767254888,3.812629614624696
-0.4886524025601826,-0.7287058554538431,-0.9360240794001756,-0.77422059928412,0.44536457773356514,0.0632511976933876,0.26579476243216077,0.197150009796646,0.11834968875117594,-0.2158167769441807,-0.1413473244607061,-0.4014830678366994,-0.45974649415900753,-0.1126780150629839,-0.07479066767254888,3.812629614624696
-1.0872240637818937,1.089962828296404,-0.6645905775655344,0.05446572170902662,-0.32753276740228005,0.9099585947412457,-0.879943572225712,-1.6363924903979312,0.5340228955707871,-0.2158167769441807,-0.1413473244607061,-0.4014830678366994,-0.45974649415900753,-0.1126780150629839,-0.07479066767254888,3.812629614624696
-0.144020233977988,-0.8511162476293411,-1.088705424182159,-0.9264282908951069,0.8870202035254766,0.09404055758603701,0.5522293460966289,0.5451215791766378,0.11834968875117415,0.4781875469199617,0.5720279197353038,-0.4014830678366994,-0.45974649415900753,-0.1126780150629839,-0.07479066767254888,3.812629614624696
0.055503653095916615,-0.9035778442759824,-1.0547762364528286,-0.5036291475312571,1.0289809403871626,-0.33701048091105434,0.9598477920806798,0.7324908857658654,0.4080613177466606,0.4781875469199617,0.5720279197353038,-0.4014830678366994,-0.45974649415900753,-0.1126780150629839,-0.07479066767254888,3.812629614624696
0.3275816809239662,-0.5363466677494909,-1.7333599910394282,-1.0617240167715385,1.8965187767641316,0.494302236190479,0.9708645068370055,0.6521897543704833,0.49623442222354824,0.4781875469199617,0.5720279197353038,-0.4014830678366994,-0.45974649415900753,-0.1126780150629839,-0.07479066767254888,3.812629614624696
-1.6676571898150643,-0.9735266398048391,-1.1395992057761535,-0.5543650447349187,-0.39062642822969595,-0.35240516085737905,-0.020639821232307405,-0.48540960706410813,0.43325363331148586,0.4781875469199617,0.5720279197353038,-0.4014830678366994,-0.45974649415900753,-0.1126780150629839,-0.07479066767254888,3.812629614624696
0.3275816809239662,-0.18660269010521233,-1.241386768964145,-0.8249564964877816,1.439089735765366,0.5866703158684271,0.585279490365606,0.38451931638587356,0.307292055487363,0.4781875469199617,0.5720279197353038,-0.4014830678366994,-0.45974649415900753,-0.1126780150629839,-0.07479066767254888,3.812629614624696
0.5452441031864038,0.4604236685367035,-0.08779438616692625,-1.4676111944008328,0.5557784841815431,1.741271311842779,-0.8579101427130605,0.04993126890510947,-1.0279006694483581,0.4781875469199617,0.5720279197353038,-0.4014830678366994,-0.45974649415900753,-0.1126780150629839,-0.07479066767254888,3.812629614624696
-1.0146699230277463,-0.11665389457635561,-1.3262097382874698,-1.3492274342589567,0.3507240864924413,1.1254841139897913,-0.5604588442922667,-0.6593953917541061,-0.020208046855362302,0.4781875469199617,0.5720279197353038,-0.4014830678366994,-0.45974649415900753,-0.1126780150629839,-0.07479066767254888,3.812629614624696
1.6516947496871406,-1.3407578163313305,-0.2404757309489097,-0.4528932503275932,1.6599175486613218,-0.7680615194081458,1.7089843955108273,2.2448288603789104,-0.15876578246189874,0.4781875469199617,0.5720279197353038,-0.4014830678366994,-0.45974649415900753,-0.1126780150629839,-0.07479066767254888,3.812629614624696
-1.2323323452901864,-1.1658858275091912,-1.0208470487235006,-1.298491537055293,-0.12247836971317826,0.15561927737133577,-0.1969072573335186,-0.016986340591042974,-0.20915041359154754,0.4781875469199617,0.5720279197353038,-0.4014830678366994,-0.45974649415900753,-0.1126780150629839,-0.07479066767254888,3.812629614624696
-1.3593020916099434,-1.2882962196846894,-1.4788910830694533,-0.7065727363459031,0.19298993442390142,-0.4909572803743013,0.4861290575586747,-0.016986340591042974,0.5718113689180242,-0.2158167769441807,-0.1413473244607061,-0.4014830678366994,-0.45974649415900753,-0.1126780150629839,-0.07479066767254888,3.812629614624696
-0.6518992192570134,0.21560288418570756,-1.173528393505484,-1.3999633314626183,0.5242316537678351,1.4641670728089347,-0.6816427066118494,-0.6460118698548745,-0.17136194024431228,0.4781875469199617,0.5720279197353038,-0.4014830678366994,-0.45974649415900753,-0.1126780150629839,-0.07479066767254888,3.812629614624696
-0.8877001767079893,0.1981156853034946,-0.1726173554902512,-1.3830513657280628,-0.6114542411256517,1.433377712916285,-1.4528127395546482,-0.8066141326456406,-0.9019390916242334,0.4781875469199617,0.5720279197353038,-0.4014830678366994,-0.45974649415900753,-0.1126780150629839,-0.07479066767254888,3.812629614624696
0.34572021611250187,0.1456540886568533,0.04792236475039557,-1.3999633314626183,0.2560835952513174,1.4025883530236358,-0.8248599984440835,0.14361592219972327,-1.0782853005780104,-0.2158167769441807,-0.1413473244607061,-0.4014830678366994,-0.45974649415900753,-0.1126780150629839,-0.07479066767254888,3.812629614624696
0.14619632903859983,0.0757052931279966,-1.3431743321521339,-0.5543650447349187,1.37599607493795,0.5712756359221025,0.5522293460966289,0.04993126890511137,0.5844075267004359,0.4781875469199617,0.5720279197353038,-0.4014830678366994,-0.45974649415900753,-0.1126780150629839,-0.07479066767254888,3.812629614624696
1.8693571719495807,-1.2533218219202609,0.23453289726170948,-0.38524538738937864,1.4075429053516582,-0.752666839461821,1.5217002446532903,2.338513513673524,-0.46107356923979875,-0.2158167769441807,-0.1413473244607061,-0.4014830678366994,-0.45974649415900753,-0.1126780150629839,-0.07479066767254888,3.812629614624696
-1.2141938101016483,-1.2533218219202609,-1.258351362828809,-1.4337872629317268,0.11412285838963149,0.20180331721030983,-0.06470668025761023,0.06331479080434109,-0.13357346689707522,-0.2158167769441807,-0.1413473244607061,-0.4014830678366994,-0.45974649415900753,-0.1126780150629839,-0.07479066767254888,3.812629614624696
-1.286747950855796,0.11067969089242496,-1.0717408303174951,-1.298491537055293,-0.12247836971317826,1.2794309134530382,-1.0011274345452947,-1.0341340049325594,-0.1713619402443105,-0.2158167769441807,-0.1413473244607061,-0.4014830678366994,-0.45974649415900753,-0.1126780150629839,-0.07479066767254888,3.812629614624696
-1.3593020916099434,0.21560288418570756,-0.4779800450542205,-1.7889385433573597,-0.7376415627804837,1.8182447115744025,-1.8163643265133962,-1.1679692239248642,-0.9775160383187093,-0.2158167769441807,-0.1413473244607061,-0.4014830678366994,-0.45974649415900753,-0.1126780150629839,-0.07479066767254888,3.812629614624696
0.16433486422713542,0.1281668897746379,-1.173528393505484,0.003729824505362714,1.2340353380762643,0.10943523753236167,0.7835803559794686,0.023164225106650012,0.8741191556959224,-0.2158167769441807,-0.1413473244607061,-0.4014830678366994,-0.45974649415900753,-0.1126780150629839,-0.07479066767254888,3.812629614624696
-1.1053625989704294,-0.029217900165285967,-1.088705424182159,-1.7382026461536981,0.05102919756221557,1.5565351524868827,-1.0782444378395746,-0.793230610746411,-0.48626588480462407,-0.2158167769441807,-0.1413473244607061,-0.4014830678366994,-0.45974649415900753,-0.1126780150629839,-0.07479066767254888,3.812629614624696
-1.0328084582162818,1.6320659936450372,-0.13868816776092074,0.27432127625822805,-0.7691883931941916,1.1870628337750901,-1.3867124510166942,-2.0111311035763846,0.307292055487363,-0.2158167769441807,-0.1413473244607061,-0.4014830678366994,-0.45974649415900753,-0.1126780150629839,-0.07479066767254888,3.812629614624696
-0.2891285154862806,-0.20408988898742525,-0.8512011100768507,-1.4676111944008328,0.540005068974689,1.1562734738824407,-0.4502916967290097,-0.05713690628873406,-0.461073569239797,-0.2158167769441807,-0.1413473244607061,-0.4014830678366994,-0.45974649415900753,-0.1126780150629839,-0.07479066767254888,3.812629614624696
-2.0122893583972616,-1.4456810096246158,-0.7324489530241953,-1.7889385433573597,-1.0688832821244172,0.3557501166735568,-1.0011274345452947,-0.37834143187026464,-0.7885736715825222,0.4781875469199617,0.5720279197353038,-0.4014830678366994,-0.45974649415900753,-0.1126780150629839,-0.07479066767254888,3.812629614624696
-0.9965313878392106,-1.1833730263914068,-1.258351362828809,-0.8926043594259985,0.3034038408718793,-0.22924772128678156,0.3759619099954178,0.17038296599818462,0.26950358214012415,0.4781875469199617,0.5720279197353038,-0.4014830678366994,-0.45974649415900753,-0.1126780150629839,-0.07479066767254888,3.812629614624696
-0.5793450785028659,-1.4107066118601874,-1.953899711280075,-1.1970197426479698,1.3129024141105343,-0.1522743215551581,1.025948080618634,0.6521897543704833,0.5592152111356125,-0.2158167769441807,-0.1413473244607061,-0.4014830678366994,-0.45974649415900753,-0.1126780150629839,-0.07479066767254888,3.812629614624696
1.3977552570476266,-0.9735266398048391,0.2684620849910399,-0.5543650447349187,0.9658872795597466,-0.35240516085737905,0.9267976478117027,1.7764055939058432,-0.6122274626287487,-0.2158167769441807,-0.1413473244607061,-0.4014830678366994,-0.45974649415900753,-0.1126780150629839,-0.07479066767254888,3.812629614624696
-0.10774316360091418,-0.22157708786964067,-1.4619264892047892,-0.77422059928412,1.2655821684899722,0.5096969161368037,0.5191792018276519,0.09008183460280245,0.5088305800059618,-0.2158167769441807,-0.1413473244607061,-0.4014830678366994,-0.45974649415900753,-0.1126780150629839,-0.07479066767254888,3.812629614624696
-1.6676571898150643,-1.9353225783266053,-2.1405102437913888,-1.044812051036983,0.540005068974689,-0.752666839461821,0.915780933055377,0.2506840973935687,0.8111383667838619,0.4781875469199617,0.5720279197353038,-0.4014830678366994,-0.45974649415900753,-0.1126780150629839,-0.07479066767254888,3.812629614624696
-0.9058387118965274,-1.6730145950933963,-1.1226346119114896,-0.8926043594259985,0.2560835952513174,-0.6602987597838729,0.6513797789035601,0.6120391886727903,0.16873431988082477,-0.2158167769441807,-0.1413473244607061,-0.4014830678366994,-0.45974649415900753,-0.1126780150629839,-0.07479066767254888,3.812629614624696
0.309443145735428,-0.08167949681192725,-1.1056700180468255,-0.77422059928412,1.29712899890368,0.6328543557074013,0.4530789132896975,0.2908346630912579,0.24431126657530064,1.8661961946482464,2.7121536523233334,-0.4014830678366994,-0.45974649415900753,-1.1112917636796007,-0.07479066767254888,3.812629614624696
-1.9760122880201878,-1.8303993850333202,-1.2753159566934753,-2.161001789517548,-0.5325871650913818,0.3557501166735568,-0.6265591328302208,-0.05713690628873406,-0.6626120937583975,-0.2158167769441807,-0.1413473244607061,-0.4014830678366994,-0.45974649415900753,-0.1126780150629839,-0.07479066767254888,3.812629614624696
-0.2528514451092068,1.194886021589689,-0.6815551714302008,0.037553755974471185,0.4138177473198572,1.0177213543655186,-0.43927498197268405,-1.101051614428712,0.5340228955707871,1.1721918707841041,1.2854031639313137,-0.4014830678366994,-0.45974649415900753,-0.1126780150629839,-0.07479066767254888,3.812629614624696
-0.470513867371647,0.2505772819501359,-1.173528393505484,-0.7403966678150116,0.6819658058363749,0.894563914794921,-0.16385711306454148,-0.538943694661031,0.31988821326977473,-0.2158167769441807,-0.1413473244607061,-0.4014830678366994,-0.45974649415900753,-0.1126780150629839,-0.07479066767254888,3.812629614624696
0.21875046979274484,-1.498142606271257,-2.5815896842726773,-1.7043787146845897,2.5905490458657066,0.23259267710295922,1.6428841069728728,1.307982327432776,0.6473883156124983,3.9482091662406735,1.2854031639313137,-0.4014830678366994,-0.45974649415900753,3.881776979403483,-0.07479066767254888,3.812629614624696
-0.27098998029774496,-2.162656163795386,-2.225333213114714,-1.7043787146845897,1.8334251159367156,-0.35240516085737905,1.5327169594096162,1.4552010683243106,0.38286900218183706,2.5602005185123886,-0.1413473244607061,-0.4014830678366994,-0.45974649415900753,3.881776979403483,-0.07479066767254888,3.812629614624696
-0.3798211914289638,1.194886021589689,-0.6815551714302008,0.1390255503817966,0.3034038408718793,0.9253532746875704,-0.4502916967290097,-1.1947362677233255,0.609599842265263,-0.2158167769441807,-0.1413473244607061,-0.4014830678366994,-0.45974649415900753,-0.1126780150629839,-0.07479066767254888,3.812629614624696
-0.34354412105189003,-2.4249641470285948,-2.428908339490694,-1.3323154685244014,1.9596124375915476,-0.9220083188713927,2.028469123444273,1.6024198092158473,0.8111383667838619,-0.2158167769441807,-0.1413473244607061,-0.4014830678366994,-0.45974649415900753,-0.1126780150629839,-0.07479066767254888,3.812629614624696
0.309443145735428,-2.1101945671487443,-3.1074920940772937,-1.4845231601353883,3.15839199331245,-0.506351960320626,2.568288146504232,1.8433232034019955,1.2016192580386478,-0.2158167769441807,-0.1413473244607061,-0.4014830678366994,-0.45974649415900753,-0.1126780150629839,-0.07479066767254888,3.812629614624696
0.9442918773342105,-0.20408988898742525,0.2514974911263735,-0.46980521606214865,0.5873253145952511,0.2479873570492839,0.23274461816318373,0.8529425828589386,-0.5366505159342728,-0.2158167769441807,-0.1413473244607061,-0.4014830678366994,-0.45974649415900753,-0.1126780150629839,-0.07479066767254888,3.812629614624696
-0.07146609322384039,-1.0434754353336932,-1.3771035198814643,-0.9771641880987685,1.2182619228694105,-0.02911688198456055,0.8717140740300742,0.7458744076650952,0.2946958977049494,1.1721918707841041,1.2854031639313137,-0.4014830678366994,-0.45974649415900753,-0.1126780150629839,-0.07479066767254888,3.812629614624696
-1.994150823208726,0.058218094245783676,-1.1904929873701504,-3.0742479391834623,-0.6272276563325058,2.8496882679781574,-2.477367211892938,-1.515940793304858,-1.4057854029207322,-0.2158167769441807,-0.1413473244607061,-0.4014830678366994,-0.45974649415900753,-0.1126780150629839,-0.07479066767254888,3.812629614624696
-2.6652766251845796,-0.32650028116292323,-1.7842537726334249,-2.177913755252101,-0.6587744867462137,1.695087272003805,-1.6731470346811623,-1.7166936217933135,-0.2973235180684352,-0.2158167769441807,-0.1413473244607061,-0.4014830678366994,-0.45974649415900753,-0.1126780150629839,-0.07479066767254888,3.812629614624696
-0.797007500765306,-1.0259882364514803,-1.4449618953401253,-1.2646676055861867,0.6504189754226669,0.2479873570492839,0.2768114771884865,0.197150009796646,0.1309458465335877,-0.2158167769441807,-0.1413473244607061,-0.4014830678366994,-0.45974649415900753,-0.1126780150629839,-0.07479066767254888,3.812629614624696
0.7810450606373822,-0.2915258833984949,-0.13868816776092074,-0.4021573531239317,0.8081531274912067,0.10943523753236167,0.4861290575586747,0.7994084952620178,-0.1965542558091358,-0.2158167769441807,-0.1413473244607061,-0.4014830678366994,-0.45974649415900753,-0.1126780150629839,-0.07479066767254888,3.812629614624696
-2.973631723389703,-0.37896187780956453,-2.0217580867387333,-2.6007128986159507,-0.7060947323667757,2.033770230822948,-1.9485649035893045,-1.904062928382541,-0.4358812536749735,-0.2158167769441807,-0.1413473244607061,-0.4014830678366994,-0.45974649415900753,-0.1126780150629839,-0.07479066767254888,3.812629614624696
-1.7039342601921381,-0.13414109345857103,-1.2922805505581394,-3.0742479391834623,-0.28021252178171807,2.680346788568585,-2.11381562493419,-1.1545857020256327,-1.3302084562262582,-0.2158167769441807,-0.1413473244607061,-0.4014830678366994,-0.45974649415900753,-0.1126780150629839,-0.07479066767254888,3.812629614624696
-1.1053625989704294,-0.8161418498649128,-1.5128202707987837,-1.4506992286662799,0.44536457773356514,0.6020649958147519,-0.11979025403923874,-0.19097212528103893,0.04277274205670004,-0.2158167769441807,-0.1413473244607061,-0.4014830678366994,-0.45974649415900753,-0.1126780150629839,-0.07479066767254888,3.812629614624696
-0.8151460359538442,0.0757052931279966,-0.3761924818662291,-0.5712770104694717,-0.35907959781598797,0.5866703158684271,-0.6706259918555237,-0.6593953917541061,-0.146169624679487,-0.2158167769441807,-0.1413473244607061,-0.4014830678366994,-0.45974649415900753,-0.1126780150629839,-0.07479066767254888,3.812629614624696
-0.7425918951996966,-2.8271697213195144,-2.5476604965433496,-1.5690829888081583,1.7230112094887378,-1.060560438388315,1.9623688349063186,1.6158033311150768,0.7229652623069742,-0.2158167769441807,-0.1413473244607061,-0.4014830678366994,-0.45974649415900753,-0.1126780150629839,-0.07479066767254888,3.812629614624696
-0.5793450785028659,-1.51562980515347,-2.9717753431599743,-1.8734983720301297,2.2593073265217734,0.37114479661988153,1.312382664283102,0.7324908857658654,0.8111383667838619,-0.2158167769441807,-0.1413473244607061,-0.4014830678366994,-0.45974649415900753,-0.1126780150629839,-0.07479066767254888,3.812629614624696
-1.0146699230277463,-1.3582450152135461,-1.3601389260168002,-1.7382026461536981,0.3822709169061492,0.38653947656620613,-0.009623106475981696,0.29083466309125977,-0.28472736028602347,-0.2158167769441807,-0.1413473244607061,-0.4014830678366994,-0.45974649415900753,-0.1126780150629839,-0.07479066767254888,3.812629614624696
0.07364218828445222,-0.6587570599249889,-0.3761924818662291,-0.5881889762040271,0.4138177473198572,-0.04451156193088524,0.32087833621378925,0.5585051010758695,-0.15876578246190054,0.4781875469199617,0.5720279197353038,-0.4014830678366994,-0.45974649415900753,-0.1126780150629839,-0.07479066767254888,3.812629614624696
-1.3955791619870146,-1.1833730263914068,-2.174439431520719,-3.0066000762452476,0.8081531274912067,1.695087272003805,-0.6485925623428723,-0.12405451578488459,-0.6248236204111605,0.4781875469199617,0.5720279197353038,-0.4014830678366994,-0.45974649415900753,-0.1126780150629839,-0.07479066767254888,3.812629614624696
-2.157397639905554,-0.8686034465115541,-1.5467494585281143,-2.2793855496594264,-0.4379466738502579,1.3102202733456878,-1.2434951591844599,-0.9270658297387159,-0.5492466737166863,0.4781875469199617,0.5720279197353038,-0.4014830678366994,-0.45974649415900753,-0.1126780150629839,-0.07479066767254888,3.812629614624696
-0.6518992192570134,-0.13414109345857103,-0.34226329413690104,-0.4528932503275932,-0.24866569136801012,0.294171396888258,-0.38419140819105546,-0.37834143187026464,-0.08318883576742286,-0.2158167769441807,-0.1413473244607061,-0.4014830678366994,-0.45974649415900753,-0.1126780150629839,-0.07479066767254888,3.812629614624696
-1.0872240637818937,0.02324369648135532,-2.9548107492953077,-0.6051009419385801,1.8018782855230078,0.5712756359221025,0.8496806445174229,-0.8199976545448723,1.7432540426823835,2.5602005185123886,-0.1413473244607061,-0.4014830678366994,-0.45974649415900753,3.881776979403483,-0.07479066767254888,3.812629614624696
-1.2504708804787221,-1.0259882364514803,-2.3780145578966994,-1.7720265776228066,1.1236214316282864,0.7098277554390248,0.2768114771884864,-0.13743803768411622,0.44584979109389944,0.4781875469199617,1.2854031639313137,-0.4014830678366994,-0.45974649415900753,-1.1112917636796007,-0.07479066767254888,3.812629614624696
-0.7425918951996966,0.058218094245783676,-2.3780145578966994,-0.26686162724750023,1.565277057420198,0.294171396888258,0.8827307887864,-0.5924777822579537,1.56690783372861,-0.2158167769441807,-0.1413473244607061,-0.4014830678366994,-0.45974649415900753,-0.1126780150629839,-0.07479066767254888,3.812629614624696
-1.2504708804787221,-0.9035778442759824,-2.123545649926725,-1.5183470916044968,0.8870202035254766,0.5866703158684271,0.19969447389420658,-0.23112269097873003,0.44584979109389944,-0.2158167769441807,-0.1413473244607061,-0.4014830678366994,-0.45974649415900753,-0.1126780150629839,-0.07479066767254888,3.812629614624696
0.4364128920551851,-0.32650028116292323,-0.08779438616692625,-2.3808573440667495,0.46113799294041913,1.8798234313597013,-1.023160864057946,0.5718886229750992,-1.7080931896986322,-0.2158167769441807,-0.1413473244607061,-0.4014830678366994,-0.45974649415900753,-0.1126780150629839,-0.07479066767254888,3.812629614624696
-0.923977247085063,-1.568091401800111,-1.6655016155807696,-2.1102658923138864,0.7450594666637909,0.5404862760294531,0.13359418535625242,0.5183545353781766,-0.33511199141567405,-0.2158167769441807,-0.1413473244607061,-0.4014830678366994,-0.45974649415900753,-0.1126780150629839,-0.07479066767254888,3.812629614624696
0.27316607535835424,-0.15162829234078395,0.18363911566771499,-1.924234269233791,0.06680261276906956,1.6181138722721815,-1.1112945821085516,0.3176017068897192,-1.5695354540920956,-0.2158167769441807,-0.1413473244607061,-0.4014830678366994,-0.45974649415900753,-0.1126780150629839,-0.07479066767254888,3.812629614624696
-1.0509469934048201,-1.8303993850333202,-1.4279973014754588,-2.1102658923138864,0.4138177473198572,0.3095660768345827,0.0674938968182982,0.62542271057202,-0.5114582003694493,-0.2158167769441807,-0.1413473244607061,-0.4014830678366994,-0.45974649415900753,-0.1126780150629839,-0.07479066767254888,3.812629614624696
-1.867181076888969,-1.3057834185669022,-2.1065810560620584,-1.3492274342589567,0.3349506712855873,0.0786458776397123,0.17766104438155517,-0.37834143187026653,0.5592152111356107,-0.2158167769441807,-0.1413473244607061,-0.4014830678366994,-0.45974649415900753,-0.1126780150629839,-0.07479066767254888,3.812629614624696
-0.05332755803530478,-0.7986546509826998,-1.6994308033101,-1.5859949545427112,1.5337302270064899,0.7406171153316741,0.5412126313403032,0.5718886229750992,0.08056121540393889,5.3362178139689584,3.425528896519343,-0.4014830678366994,-0.45974649415900753,2.883163230786866,-0.07479066767254888,3.812629614624696
-0.2528514451092068,-1.3232706174491178,-1.614607833986775,-1.6367308517463728,1.281355583696826,0.3249607567809074,0.6623964936598858,0.8261755390604792,-0.020208046855360512,0.4781875469199617,0.5720279197353038,-0.4014830678366994,-0.45974649415900753,-0.1126780150629839,-0.07479066767254888,3.812629614624696
-1.4499947675526266,-0.5538338666317039,-1.5806786462574447,-1.5521710230736028,0.20876334963075543,0.9253532746875704,-0.5163919852669638,-0.6460118698548764,0.01758042649187654,0.4781875469199617,0.5720279197353038,-0.4014830678366994,-0.45974649415900753,-0.1126780150629839,-0.07479066767254888,3.812629614624696
-1.3955791619870146,-0.3439874800451362,-1.4788910830694533,-1.8734983720301297,0.16144310401019346,1.4025883530236358,-0.8909602869820377,-0.7664635669479496,-0.297323518068437,-0.2158167769441807,-0.1413473244607061,-0.4014830678366994,-0.45974649415900753,-0.1126780150629839,-0.07479066767254888,3.812629614624696
-0.7063148248226229,-1.0784498330981216,-1.3940681137461284,-1.6029069202772668,0.6819658058363749,0.5096969161368037,0.11156075584360095,0.3042181849904895,-0.15876578246190054,0.4781875469199617,0.5720279197353038,-0.4014830678366994,-0.45974649415900753,-0.1126780150629839,-0.07479066767254888,3.812629614624696
